time,open,high,low,close,Volume
2020-09-25T17:00:00Z,12.7,12.75,12.67,12.68,1828300
2020-09-25T18:00:00Z,12.69,12.72,12.62,12.68,1354200
2020-09-25T19:00:00Z,12.69,12.91,12.68,12.89,6028200
2020-09-28T13:00:00Z,12.97,12.97,12.69,12.69,6374600
2020-09-28T14:00:00Z,12.7,12.73,12.6,12.6,5402600
2020-09-28T15:00:00Z,12.61,12.71,12.59,12.69,1598100
2020-09-28T16:00:00Z,12.69,12.72,12.58,12.6,4769100
2020-09-28T17:00:00Z,12.6,12.63,12.42,12.47,8562300
2020-09-28T18:00:00Z,12.47,12.58,12.46,12.54,3497500
2020-09-28T19:00:00Z,12.54,12.55,12.47,12.5,4410100
2020-09-29T13:00:00Z,12.46,12.61,12.4,12.58,5022900
2020-09-29T14:00:00Z,12.58,12.69,12.5,12.56,2510700
2020-09-29T15:00:00Z,12.56,12.58,12.36,12.39,3169000
2020-09-29T16:00:00Z,12.39,12.43,12.31,12.33,3143400
2020-09-29T17:00:00Z,12.34,12.39,12.28,12.3,2527500
2020-09-29T18:00:00Z,12.3,12.39,12.29,12.34,2812700
2020-09-29T19:00:00Z,12.34,12.39,12.32,12.32,1968400
2020-09-30T13:00:00Z,12.45,12.61,12.36,12.55,3040300
2020-09-30T14:00:00Z,12.55,12.66,12.47,12.5,4888100
2020-09-30T15:00:00Z,12.5,12.61,12.48,12.6,2703900
2020-09-30T16:00:00Z,12.6,12.66,12.59,12.63,1565100
2020-09-30T17:00:00Z,12.62,12.64,12.51,12.59,2036700
2020-09-30T18:00:00Z,12.59,12.68,12.51,12.56,3579800
2020-09-30T19:00:00Z,12.55,12.63,12.52,12.58,3361100
2020-10-01T13:00:00Z,12.55,12.67,12.48,12.56,3748100
2020-10-01T14:00:00Z,12.55,12.58,12.5,12.56,2133800
2020-10-01T15:00:00Z,12.57,12.59,12.5,12.52,3074400
2020-10-01T16:00:00Z,12.53,12.6,12.51,12.55,2202700
2020-10-01T17:00:00Z,12.54,12.75,12.54,12.69,1916800
2020-10-01T18:00:00Z,12.7,12.77,12.61,12.74,2405000
2020-10-01T19:00:00Z,12.74,12.78,12.7,12.72,3128000
2020-10-02T13:00:00Z,12.61,12.83,12.61,12.78,3187200
2020-10-02T14:00:00Z,12.78,12.8,12.68,12.74,1927200
2020-10-02T15:00:00Z,12.74,12.74,12.6,12.61,2276500
2020-10-02T16:00:00Z,12.6,12.66,12.57,12.62,2805300
2020-10-02T17:00:00Z,12.63,12.64,12.54,12.59,1768800
2020-10-02T18:00:00Z,12.59,12.64,12.58,12.58,1599900
2020-10-02T19:00:00Z,12.58,12.63,12.55,12.58,3608100
2020-10-05T13:00:00Z,12.56,12.69,12.54,12.62,2137100
2020-10-05T14:00:00Z,12.62,12.65,12.57,12.6,1167500
2020-10-05T15:00:00Z,12.6,12.68,12.55,12.63,1928800
2020-10-05T16:00:00Z,12.63,12.74,12.63,12.66,1687000
2020-10-05T17:00:00Z,12.66,12.84,12.65,12.79,2868400
2020-10-05T18:00:00Z,12.78,12.81,12.74,12.79,2568300
2020-10-05T19:00:00Z,12.79,12.84,12.78,12.78,3039300
2020-10-06T13:00:00Z,12.93,13.46,12.89,13.45,9612700
2020-10-06T14:00:00Z,13.45,13.7,13.43,13.68,12477500
2020-10-06T15:00:00Z,13.68,13.7,13.49,13.66,6121200
2020-10-06T16:00:00Z,13.66,13.67,13.54,13.55,4382100
2020-10-06T17:00:00Z,13.56,13.57,13.44,13.5,7228000
2020-10-06T18:00:00Z,13.49,13.56,13.37,13.43,7514300
2020-10-06T19:00:00Z,13.42,13.53,13.35,13.45,5107500
2020-10-07T13:00:00Z,13.43,13.86,13.4,13.71,12340700
2020-10-07T14:00:00Z,13.7,13.71,13.51,13.56,6034100
2020-10-07T15:00:00Z,13.56,13.61,13.5,13.56,1784300
2020-10-07T16:00:00Z,13.56,13.67,13.53,13.56,2201100
2020-10-07T17:00:00Z,13.55,13.8,13.5,13.65,5349700
2020-10-07T18:00:00Z,13.66,13.8,13.63,13.7,3492500
2020-10-07T19:00:00Z,13.7,13.72,13.57,13.6,2410400
2020-10-08T13:00:00Z,13.61,13.65,13.43,13.49,3465700
2020-10-08T14:00:00Z,13.49,13.65,13.43,13.57,15471400
2020-10-08T15:00:00Z,13.57,13.74,13.56,13.69,2538600
2020-10-08T16:00:00Z,13.69,13.76,13.65,13.7,2978000
2020-10-08T17:00:00Z,13.7,13.74,13.67,13.7,2675600
2020-10-08T18:00:00Z,13.7,13.78,13.63,13.66,5838300
2020-10-08T19:00:00Z,13.67,13.68,13.57,13.64,8321700
2020-10-09T13:00:00Z,13.64,13.75,13.54,13.55,3372100
2020-10-09T14:00:00Z,13.54,13.83,13.54,13.83,3896100
2020-10-09T15:00:00Z,13.83,13.92,13.81,13.92,3293500
2020-10-09T16:00:00Z,13.91,13.93,13.71,13.74,2742000
2020-10-09T17:00:00Z,13.75,13.75,13.59,13.61,4622700
2020-10-09T18:00:00Z,13.61,13.67,13.58,13.63,1715100
2020-10-09T19:00:00Z,13.63,13.64,13.54,13.55,2717600
2020-10-13T13:00:00Z,13.58,13.76,13.57,13.69,3527800
2020-10-13T14:00:00Z,13.7,13.74,13.6,13.64,2019800
2020-10-13T15:00:00Z,13.64,13.68,13.61,13.67,1282100
2020-10-13T16:00:00Z,13.67,13.82,13.64,13.79,2025800
2020-10-13T17:00:00Z,13.8,13.87,13.73,13.73,3325700
2020-10-13T18:00:00Z,13.73,13.76,13.68,13.73,2446100
2020-10-13T19:00:00Z,13.74,13.78,13.71,13.73,1955100
2020-10-14T13:00:00Z,13.77,13.9,13.76,13.85,1747000
2020-10-14T14:00:00Z,13.85,13.97,13.83,13.87,3354900
2020-10-14T15:00:00Z,13.88,13.92,13.84,13.89,1343700
2020-10-14T16:00:00Z,13.89,13.95,13.84,13.89,3339600
2020-10-14T17:00:00Z,13.9,13.94,13.83,13.86,2611200
2020-10-14T18:00:00Z,13.85,13.88,13.76,13.82,3525200
2020-10-14T19:00:00Z,13.81,13.88,13.79,13.87,3262300
2020-10-15T13:00:00Z,13.61,13.73,13.54,13.63,2568600
2020-10-15T14:00:00Z,13.63,13.68,13.54,13.57,2243400
2020-10-15T15:00:00Z,13.56,13.62,13.55,13.55,1489000
2020-10-15T16:00:00Z,13.56,13.57,13.46,13.51,1955200
2020-10-15T17:00:00Z,13.51,13.63,13.51,13.58,1311300
2020-10-15T18:00:00Z,13.58,13.63,13.53,13.56,1308400
2020-10-15T19:00:00Z,13.56,13.57,13.51,13.53,1913100
2020-10-16T13:00:00Z,13.47,13.47,13.33,13.4,2816000
2020-10-16T14:00:00Z,13.4,13.42,13.32,13.41,5511000
2020-10-16T15:00:00Z,13.41,13.42,13.3,13.3,3342300
2020-10-16T16:00:00Z,13.3,13.34,13.26,13.33,1965300
2020-10-16T17:00:00Z,13.33,13.34,13.23,13.24,3749700
2020-10-16T18:00:00Z,13.24,13.26,13.22,13.22,1886400
2020-10-16T19:00:00Z,13.23,13.28,13.18,13.23,16380300
2020-10-19T13:00:00Z,13.26,13.41,13.23,13.41,3528400
2020-10-19T14:00:00Z,13.4,13.52,13.35,13.47,3064700
2020-10-19T15:00:00Z,13.47,13.51,13.43,13.43,2756300
2020-10-19T16:00:00Z,13.44,13.45,13.36,13.37,1429100
2020-10-19T17:00:00Z,13.37,13.39,13.31,13.31,1748000
2020-10-19T18:00:00Z,13.31,13.32,13.14,13.16,2196800
2020-10-19T19:00:00Z,13.17,13.25,13.15,13.19,3510200
2020-10-20T13:00:00Z,13.36,13.44,13.32,13.36,2980700
2020-10-20T14:00:00Z,13.35,13.43,13.29,13.32,3420100
2020-10-20T15:00:00Z,13.31,13.32,13.21,13.28,2183900
2020-10-20T16:00:00Z,13.27,13.38,13.26,13.32,2460500
2020-10-20T17:00:00Z,13.31,13.36,13.29,13.33,2321600
2020-10-20T18:00:00Z,13.34,13.34,13.27,13.32,2149100
2020-10-20T19:00:00Z,13.33,13.41,13.29,13.4,2698500
2020-10-21T13:00:00Z,13.32,13.42,13.23,13.38,2971900
2020-10-21T14:00:00Z,13.38,13.48,13.36,13.41,3040400
2020-10-21T15:00:00Z,13.41,13.5,13.4,13.44,4322400
2020-10-21T16:00:00Z,13.44,13.55,13.42,13.48,2413600
2020-10-21T17:00:00Z,13.49,13.53,13.47,13.49,1585800
2020-10-21T18:00:00Z,13.48,13.51,13.43,13.44,2210200
2020-10-21T19:00:00Z,13.44,13.47,13.39,13.44,2113300
2020-10-22T13:00:00Z,13.41,13.5,13.31,13.37,2118800
2020-10-22T14:00:00Z,13.37,13.41,13.26,13.36,3280600
2020-10-22T15:00:00Z,13.36,13.45,13.3,13.35,3549600
2020-10-22T16:00:00Z,13.35,13.41,13.32,13.4,1943500
2020-10-22T17:00:00Z,13.39,13.48,13.39,13.46,2758900
2020-10-22T18:00:00Z,13.46,13.52,13.45,13.5,1654900
2020-10-22T19:00:00Z,13.5,13.55,13.48,13.53,1963000
2020-10-23T13:00:00Z,13.58,13.68,13.51,13.65,3694900
2020-10-23T14:00:00Z,13.65,13.76,13.6,13.75,3415600
2020-10-23T15:00:00Z,13.75,13.86,13.69,13.82,3590600
2020-10-23T16:00:00Z,13.82,13.88,13.79,13.87,3336000
2020-10-23T17:00:00Z,13.87,13.9,13.82,13.84,2771000
2020-10-23T18:00:00Z,13.84,13.88,13.79,13.84,2463700
2020-10-23T19:00:00Z,13.84,13.89,13.82,13.87,4070200
2020-10-26T13:00:00Z,13.86,14.27,13.86,14.19,6420500
2020-10-26T14:00:00Z,14.18,14.26,14.14,14.24,5727700
2020-10-26T15:00:00Z,14.24,14.36,14.21,14.34,5936500
2020-10-26T16:00:00Z,14.34,14.41,14.11,14.14,4885500
2020-10-26T17:00:00Z,14.14,14.2,14.05,14.19,3866400
2020-10-26T18:00:00Z,14.19,14.24,14.14,14.16,2870900
2020-10-26T19:00:00Z,14.17,14.2,14.14,14.16,3901900
2020-10-27T13:00:00Z,14.24,14.26,13.99,14.04,4322500
2020-10-27T14:00:00Z,14.06,14.08,13.93,13.96,3071600
2020-10-27T15:00:00Z,13.94,13.96,13.75,13.76,3523600
2020-10-27T16:00:00Z,13.76,13.79,13.7,13.73,2671600
2020-10-27T17:00:00Z,13.74,13.87,13.73,13.77,5034100
2020-10-27T18:00:00Z,13.77,13.79,13.63,13.65,3661100
2020-10-27T19:00:00Z,13.66,13.75,13.63,13.72,4227500
2020-10-28T13:00:00Z,13.45,13.56,13.3,13.41,5894800
2020-10-28T14:00:00Z,13.41,13.44,13.31,13.36,2812400
2020-10-28T15:00:00Z,13.36,13.37,13.26,13.3,3922900
2020-10-28T16:00:00Z,13.3,13.32,13.24,13.25,2833600
2020-10-28T17:00:00Z,13.25,13.32,13.18,13.3,2983500
2020-10-28T18:00:00Z,13.31,13.46,13.28,13.42,4142700
2020-10-28T19:00:00Z,13.42,13.43,13.33,13.39,5053900
2020-10-29T13:00:00Z,13.5,13.57,12.91,13.03,14376500
2020-10-29T14:00:00Z,13.03,13.13,12.82,12.84,13495700
2020-10-29T15:00:00Z,12.85,12.93,12.62,12.71,16765400
2020-10-29T16:00:00Z,12.71,12.87,12.68,12.78,13204300
2020-10-29T17:00:00Z,12.79,13.01,12.76,12.91,6476200
2020-10-29T18:00:00Z,12.92,13.06,12.9,13,5800100
2020-10-29T19:00:00Z,13.01,13.03,12.95,13,5003900
2020-10-30T13:00:00Z,12.69,12.85,12.54,12.56,7063300
2020-10-30T14:00:00Z,12.55,12.64,12.39,12.46,7401100
2020-10-30T15:00:00Z,12.45,12.5,12.35,12.4,5002400
2020-10-30T16:00:00Z,12.38,12.43,12.34,12.35,4048500
2020-10-30T17:00:00Z,12.36,12.36,12.22,12.25,6823500
2020-10-30T18:00:00Z,12.26,12.35,12.25,12.27,4857400
2020-10-30T19:00:00Z,12.27,12.29,12.18,12.22,7101600
2020-11-03T13:00:00Z,12.4,12.63,12.35,12.56,7179200
2020-11-03T14:00:00Z,12.56,12.71,12.41,12.69,5846600
2020-11-03T15:00:00Z,12.68,12.78,12.65,12.73,4252800
2020-11-03T16:00:00Z,12.73,12.85,12.66,12.78,6467900
2020-11-03T17:00:00Z,12.77,12.81,12.71,12.73,3277300
2020-11-03T18:00:00Z,12.72,12.81,12.67,12.71,3853400
2020-11-03T19:00:00Z,12.7,12.78,12.7,12.76,3168800
2020-11-03T20:00:00Z,12.76,12.86,12.74,12.85,4139700
2020-11-04T13:00:00Z,12.97,13.13,12.86,12.94,2613400
2020-11-04T14:00:00Z,12.93,13.02,12.82,12.9,2405500
2020-11-04T15:00:00Z,12.9,13.01,12.83,12.89,4515800
2020-11-04T16:00:00Z,12.9,12.92,12.83,12.88,2444100
2020-11-04T17:00:00Z,12.88,12.93,12.85,12.85,1413700
2020-11-04T18:00:00Z,12.86,12.97,12.83,12.91,3908900
2020-11-04T19:00:00Z,12.91,12.96,12.89,12.9,10137100
2020-11-04T20:00:00Z,12.91,12.92,12.77,12.79,3029300
2020-11-05T13:00:00Z,13.09,13.12,12.97,13.08,1483600
2020-11-05T14:00:00Z,13.08,13.15,13,13.11,2934400
2020-11-05T15:00:00Z,13.11,13.23,13.09,13.19,2636100
2020-11-05T16:00:00Z,13.18,13.21,13.08,13.1,1747400
2020-11-05T17:00:00Z,13.09,13.15,12.95,13.14,2972500
2020-11-05T18:00:00Z,13.15,13.36,13.12,13.32,3460100
2020-11-05T19:00:00Z,13.3,13.32,13.24,13.25,2913400
2020-11-05T20:00:00Z,13.26,13.33,13.24,13.29,2844800
2020-11-06T13:00:00Z,13.2,13.33,13.13,13.3,1366700
2020-11-06T14:00:00Z,13.3,13.39,13.25,13.33,1777800
2020-11-06T15:00:00Z,13.33,13.46,13.32,13.37,1849500
2020-11-06T16:00:00Z,13.37,13.49,13.37,13.38,2080000
2020-11-06T17:00:00Z,13.37,13.44,13.29,13.42,3154800
2020-11-06T18:00:00Z,13.43,13.45,13.31,13.33,4303900
2020-11-06T19:00:00Z,13.32,13.39,13.3,13.37,2104100
2020-11-06T20:00:00Z,13.38,13.38,13.26,13.29,2293400
2020-11-09T13:00:00Z,13.81,14.05,13.69,13.75,6459200
2020-11-09T14:00:00Z,13.73,13.84,13.62,13.67,5347300
2020-11-09T15:00:00Z,13.68,14,13.64,13.99,6383400
2020-11-09T16:00:00Z,13.98,14.04,13.95,13.99,5337600
2020-11-09T17:00:00Z,13.99,14.03,13.91,13.95,5436300
2020-11-09T18:00:00Z,13.95,14,13.88,13.93,6269700
2020-11-09T19:00:00Z,13.92,14.15,13.89,14.12,8030500
2020-11-09T20:00:00Z,14.12,14.25,14.11,14.16,8912700
2020-11-10T13:00:00Z,14.11,14.43,14.1,14.36,4035900
2020-11-10T14:00:00Z,14.35,14.46,14.3,14.37,14474700
2020-11-10T15:00:00Z,14.38,14.5,14.35,14.49,9032400
2020-11-10T16:00:00Z,14.49,14.76,14.47,14.7,6496700
2020-11-10T17:00:00Z,14.69,14.98,14.65,14.95,9934100
2020-11-10T18:00:00Z,14.94,15.08,14.91,15.04,13065800
2020-11-10T19:00:00Z,15.05,15.22,15,15.2,14346200
2020-11-10T20:00:00Z,15.21,15.25,15.13,15.16,13421800
2020-11-11T13:00:00Z,15.2,15.25,14.75,14.89,8110300
2020-11-11T14:00:00Z,14.88,15.11,14.84,14.99,8218600
2020-11-11T15:00:00Z,14.98,15.1,14.92,14.94,4987500
2020-11-11T16:00:00Z,14.94,14.98,14.85,14.93,5882800
2020-11-11T17:00:00Z,14.93,14.93,14.78,14.79,4371700
2020-11-11T18:00:00Z,14.79,14.88,14.76,14.85,2657200
2020-11-11T19:00:00Z,14.84,14.93,14.83,14.86,4576100
2020-11-11T20:00:00Z,14.85,14.93,14.85,14.93,3692000
2020-11-12T13:00:00Z,14.9,15.05,14.79,14.88,2389400
2020-11-12T14:00:00Z,14.87,14.87,14.71,14.73,2953200
2020-11-12T15:00:00Z,14.73,14.8,14.59,14.71,3352000
2020-11-12T16:00:00Z,14.72,14.82,14.69,14.72,2292800
2020-11-12T17:00:00Z,14.73,14.84,14.61,14.63,3178600
2020-11-12T18:00:00Z,14.63,14.7,14.58,14.58,3865200
2020-11-12T19:00:00Z,14.58,14.67,14.53,14.55,4029000
2020-11-12T20:00:00Z,14.56,14.63,14.51,14.55,3218800
2020-11-13T13:00:00Z,14.69,14.69,14.56,14.64,948500
2020-11-13T14:00:00Z,14.62,14.85,14.59,14.82,3389400
2020-11-13T15:00:00Z,14.81,14.84,14.68,14.72,2046700
2020-11-13T16:00:00Z,14.73,14.93,14.71,14.9,2543700
2020-11-13T17:00:00Z,14.9,15.15,14.89,15.12,10088100
2020-11-13T18:00:00Z,15.11,15.21,14.96,15,5662900
2020-11-13T19:00:00Z,15,15.07,15,15.03,1886800
2020-11-13T20:00:00Z,15.03,15.11,14.99,15.07,2938600
2020-11-16T13:00:00Z,15.27,15.4,15.13,15.17,3744200
2020-11-16T14:00:00Z,15.17,15.24,15.03,15.12,2620900
2020-11-16T15:00:00Z,15.13,15.2,15.06,15.1,3034000
2020-11-16T16:00:00Z,15.1,15.15,15.02,15.05,1718200
2020-11-16T17:00:00Z,15.06,15.17,15.03,15.12,1774400
2020-11-16T18:00:00Z,15.13,15.27,15.09,15.16,1924400
2020-11-16T19:00:00Z,15.17,15.35,15.13,15.33,4367700
2020-11-16T20:00:00Z,15.34,15.45,15.28,15.44,4119000
2020-11-17T13:00:00Z,15.28,15.31,15.12,15.16,1319500
2020-11-17T14:00:00Z,15.16,15.24,15.11,15.17,2686100
2020-11-17T15:00:00Z,15.18,15.5,15.17,15.49,3372200
2020-11-17T16:00:00Z,15.5,15.58,15.41,15.54,3207700
2020-11-17T17:00:00Z,15.55,15.69,15.52,15.65,6640900
2020-11-17T18:00:00Z,15.65,15.66,15.53,15.59,4962000
2020-11-17T19:00:00Z,15.59,15.66,15.57,15.61,3451300
2020-11-17T20:00:00Z,15.61,15.61,15.44,15.53,4164300
2020-11-18T13:00:00Z,15.48,15.54,15.2,15.24,2156900
2020-11-18T14:00:00Z,15.24,15.3,15.14,15.16,3778500
2020-11-18T15:00:00Z,15.15,15.17,14.92,14.95,5737500
2020-11-18T16:00:00Z,14.95,15.18,14.91,15.06,4955900
2020-11-18T17:00:00Z,15.06,15.09,14.94,14.99,2611800
2020-11-18T18:00:00Z,14.99,15.07,14.88,14.99,3702800
2020-11-18T19:00:00Z,14.99,14.99,14.85,14.93,2859800
2020-11-18T20:00:00Z,14.93,14.96,14.81,14.85,3482100
2020-11-19T13:00:00Z,14.9,15,14.84,14.96,2125300
2020-11-19T14:00:00Z,14.97,15.1,14.8,14.99,9105700
2020-11-19T15:00:00Z,14.99,15,14.69,14.71,4519300
2020-11-19T16:00:00Z,14.7,14.8,14.66,14.74,2102400
2020-11-19T17:00:00Z,14.74,14.8,14.67,14.7,2974300
2020-11-19T18:00:00Z,14.7,14.76,14.66,14.71,2113300
2020-11-19T19:00:00Z,14.71,14.82,14.7,14.76,2790600
2020-11-19T20:00:00Z,14.76,14.78,14.69,14.76,2619600
2020-11-20T13:00:00Z,14.66,14.72,14.53,14.61,1659400
2020-11-20T14:00:00Z,14.62,14.68,14.46,14.63,2486000
2020-11-20T15:00:00Z,14.64,14.65,14.54,14.59,1300500
2020-11-20T16:00:00Z,14.59,14.72,14.59,14.62,1450100
2020-11-20T17:00:00Z,14.61,14.64,14.44,14.48,5467100
2020-11-20T18:00:00Z,14.49,14.51,14.44,14.47,1480300
2020-11-20T19:00:00Z,14.47,14.53,14.44,14.44,1566600
2020-11-20T20:00:00Z,14.45,14.48,14.4,14.43,1805400
2020-11-23T13:00:00Z,14.56,14.62,14.29,14.36,2933500
2020-11-23T14:00:00Z,14.35,14.44,14.33,14.42,1965300
2020-11-23T15:00:00Z,14.42,14.46,14.35,14.44,3371100
2020-11-23T16:00:00Z,14.44,14.52,14.41,14.44,2160400
2020-11-23T17:00:00Z,14.44,14.54,14.43,14.52,2418700
2020-11-23T18:00:00Z,14.53,14.69,14.51,14.63,2418900
2020-11-23T19:00:00Z,14.64,14.64,14.5,14.55,4596300
2020-11-23T20:00:00Z,14.55,14.72,14.54,14.72,2028400
2020-11-24T13:00:00Z,14.72,14.82,14.61,14.71,2332000
2020-11-24T14:00:00Z,14.7,14.96,14.68,14.94,3119200
2020-11-24T15:00:00Z,14.95,15,14.89,14.94,3209700
2020-11-24T16:00:00Z,14.93,14.98,14.83,14.85,3818000
2020-11-24T17:00:00Z,14.84,15.03,14.83,14.95,5168700
2020-11-24T18:00:00Z,14.94,15.1,14.91,14.91,4631000
2020-11-24T19:00:00Z,14.91,14.98,14.85,14.88,1699500
2020-11-24T20:00:00Z,14.88,14.92,14.76,14.8,4320900
2020-11-25T13:00:00Z,14.75,14.75,14.52,14.53,1949500
2020-11-25T14:00:00Z,14.53,14.72,14.48,14.65,3205300
2020-11-25T15:00:00Z,14.64,14.66,14.51,14.56,1902200
2020-11-25T16:00:00Z,14.55,14.57,14.49,14.5,1920500
2020-11-25T17:00:00Z,14.51,14.61,14.49,14.59,2097600
2020-11-25T18:00:00Z,14.6,14.62,14.54,14.57,1998400
2020-11-25T19:00:00Z,14.58,14.6,14.52,14.56,2242500
2020-11-25T20:00:00Z,14.57,14.58,14.48,14.57,2495800
2020-11-26T13:00:00Z,14.39,14.48,14.35,14.39,1367800
2020-11-26T14:00:00Z,14.4,14.54,14.36,14.52,1133900
2020-11-26T15:00:00Z,14.52,14.59,14.49,14.51,642600
2020-11-26T16:00:00Z,14.5,14.52,14.43,14.46,536000
2020-11-26T17:00:00Z,14.46,14.55,14.44,14.48,1177100
2020-11-26T18:00:00Z,14.47,14.59,14.47,14.57,1003700
2020-11-26T19:00:00Z,14.57,14.58,14.46,14.48,1098800
2020-11-26T20:00:00Z,14.47,14.53,14.45,14.45,1712000
2020-11-27T13:00:00Z,14.48,14.53,14.34,14.47,2765900
2020-11-27T14:00:00Z,14.46,14.55,14.36,14.51,4199500
2020-11-27T15:00:00Z,14.5,14.58,14.46,14.56,1657300
2020-11-27T16:00:00Z,14.57,14.57,14.47,14.48,1548100
2020-11-27T17:00:00Z,14.48,14.6,14.41,14.54,1838800
2020-11-27T18:00:00Z,14.54,14.56,14.48,14.49,1842200
2020-11-27T19:00:00Z,14.49,14.5,14.4,14.43,1166400
2020-11-27T20:00:00Z,14.42,14.44,14.37,14.38,1551200
2020-11-30T13:00:00Z,14.42,14.5,14.32,14.36,1962700
2020-11-30T14:00:00Z,14.36,14.38,14.19,14.21,3187500
2020-11-30T15:00:00Z,14.21,14.24,14.1,14.15,3577000
2020-11-30T16:00:00Z,14.16,14.23,14.07,14.07,2286600
2020-11-30T17:00:00Z,14.07,14.23,14.04,14.19,2679600
2020-11-30T18:00:00Z,14.2,14.23,14.11,14.19,1993600
2020-11-30T19:00:00Z,14.19,14.19,14.08,14.17,2467500
2020-11-30T20:00:00Z,14.16,14.17,14.04,14.13,3288400
2020-12-01T13:00:00Z,14.09,14.36,14.09,14.33,3139900
2020-12-01T14:00:00Z,14.32,14.38,14.08,14.29,4475800
2020-12-01T15:00:00Z,14.29,14.36,14.24,14.36,2745100
2020-12-01T16:00:00Z,14.36,14.58,14.34,14.5,3133100
2020-12-01T17:00:00Z,14.51,14.57,14.5,14.54,2165400
2020-12-01T18:00:00Z,14.54,14.69,14.52,14.66,3025200
2020-12-01T19:00:00Z,14.65,14.74,14.61,14.68,3433400
2020-12-01T20:00:00Z,14.67,14.72,14.63,14.67,2773900
2020-12-02T13:00:00Z,14.61,14.8,14.6,14.75,1330900
2020-12-02T14:00:00Z,14.76,14.77,14.48,14.57,2540400
2020-12-02T15:00:00Z,14.57,14.77,14.56,14.68,2988700
2020-12-02T16:00:00Z,14.7,14.87,14.69,14.81,2387100
2020-12-02T17:00:00Z,14.81,14.83,14.71,14.76,1634100
2020-12-02T18:00:00Z,14.76,14.8,14.71,14.77,1416700
2020-12-02T19:00:00Z,14.77,14.85,14.72,14.84,1183500
2020-12-02T20:00:00Z,14.83,14.93,14.82,14.88,1912300
2020-12-03T13:00:00Z,14.74,14.77,14.4,14.4,4939000
2020-12-03T14:00:00Z,14.4,14.53,14.3,14.52,5183800
2020-12-03T15:00:00Z,14.53,14.67,14.53,14.64,3678200
2020-12-03T16:00:00Z,14.64,14.74,14.59,14.66,3917200
2020-12-03T17:00:00Z,14.64,14.75,14.62,14.65,3184300
2020-12-03T18:00:00Z,14.65,14.77,14.63,14.77,3067300
2020-12-03T19:00:00Z,14.76,14.86,14.76,14.83,3864800
2020-12-03T20:00:00Z,14.82,14.84,14.65,14.67,3406600
2020-12-04T13:00:00Z,14.74,14.75,14.56,14.66,1670700
2020-12-04T14:00:00Z,14.66,14.79,14.65,14.74,1248000
2020-12-04T15:00:00Z,14.73,14.78,14.63,14.63,1360100
2020-12-04T16:00:00Z,14.64,14.75,14.63,14.66,3313200
2020-12-04T17:00:00Z,14.67,14.74,14.63,14.66,3366500
2020-12-04T18:00:00Z,14.66,14.79,14.64,14.73,1555900
2020-12-04T19:00:00Z,14.73,14.81,14.7,14.81,1835200
2020-12-04T20:00:00Z,14.8,14.81,14.72,14.72,2479100
2020-12-07T13:00:00Z,14.92,15.18,14.92,15.01,2718400
2020-12-07T14:00:00Z,15.01,15.15,14.97,15.14,2635600
2020-12-07T15:00:00Z,15.14,15.22,15.06,15.18,2336900
2020-12-07T16:00:00Z,15.18,15.23,15.1,15.14,2964400
2020-12-07T17:00:00Z,15.13,15.16,15.03,15.05,2025600
2020-12-07T18:00:00Z,15.04,15.1,15.04,15.05,1995200
2020-12-07T19:00:00Z,15.06,15.08,15.01,15.05,3131100
2020-12-07T20:00:00Z,15.06,15.06,14.85,14.92,5728600
2020-12-08T13:00:00Z,14.91,14.96,14.76,14.88,1652800
2020-12-08T14:00:00Z,14.88,15.02,14.86,14.99,1485800
2020-12-08T15:00:00Z,14.99,15.07,14.93,15.05,3411200
2020-12-08T16:00:00Z,15.06,15.18,15.04,15.1,2476600
2020-12-08T17:00:00Z,15.11,15.13,14.91,14.93,2622500
2020-12-08T18:00:00Z,14.93,15.11,14.91,15.06,3521300
2020-12-08T19:00:00Z,15.07,15.12,15.06,15.1,3948300
2020-12-08T20:00:00Z,15.09,15.16,15.09,15.09,2717200
2020-12-09T13:00:00Z,15.02,15.19,14.97,15.17,2748600
2020-12-09T14:00:00Z,15.18,15.28,15.07,15.26,3525800
2020-12-09T15:00:00Z,15.25,15.26,15.14,15.19,2681100
2020-12-09T16:00:00Z,15.2,15.28,15.18,15.27,1720000
2020-12-09T17:00:00Z,15.27,15.28,15.15,15.18,2406800
2020-12-09T18:00:00Z,15.18,15.19,15.11,15.13,3242100
2020-12-09T19:00:00Z,15.12,15.21,15.08,15.21,2426900
2020-12-09T20:00:00Z,15.21,15.28,15.17,15.24,3063700
2020-12-10T13:00:00Z,15.37,15.76,15.36,15.55,3969900
2020-12-10T14:00:00Z,15.55,15.73,15.42,15.65,35041700
2020-12-10T15:00:00Z,15.65,15.78,15.61,15.65,8986900
2020-12-10T16:00:00Z,15.65,15.69,15.55,15.59,53162800
2020-12-10T17:00:00Z,15.58,15.75,15.58,15.73,17389600
2020-12-10T18:00:00Z,15.73,15.92,15.72,15.81,6674400
2020-12-10T19:00:00Z,15.8,15.82,15.74,15.81,6906300
2020-12-10T20:00:00Z,15.81,15.84,15.5,15.5,9236800
2020-12-11T13:00:00Z,15.66,15.8,15.55,15.66,2897000
2020-12-11T14:00:00Z,15.67,15.71,15.4,15.42,3727000
2020-12-11T15:00:00Z,15.42,15.55,15.4,15.47,2481700
2020-12-11T16:00:00Z,15.47,15.47,15.32,15.39,3443900
2020-12-11T17:00:00Z,15.39,15.49,15.32,15.47,3105600
2020-12-11T18:00:00Z,15.47,15.48,15.36,15.37,4969900
2020-12-11T19:00:00Z,15.37,15.52,15.37,15.49,5117900
2020-12-11T20:00:00Z,15.49,15.59,15.45,15.59,3686400
2020-12-14T13:00:00Z,15.58,15.66,15.44,15.55,2067500
2020-12-14T14:00:00Z,15.54,15.57,15.36,15.37,1580200
2020-12-14T15:00:00Z,15.37,15.49,15.33,15.38,1333000
2020-12-14T16:00:00Z,15.37,15.43,15.35,15.42,1583800
2020-12-14T17:00:00Z,15.41,15.43,15.33,15.35,1158000
2020-12-14T18:00:00Z,15.35,15.4,15.28,15.36,6539300
2020-12-14T19:00:00Z,15.36,15.4,15.31,15.37,2660500
2020-12-14T20:00:00Z,15.38,15.38,15.27,15.31,2225900
2020-12-15T13:00:00Z,15.38,15.49,15.32,15.4,1806600
2020-12-15T14:00:00Z,15.4,15.54,15.37,15.5,2377500
2020-12-15T15:00:00Z,15.51,15.68,15.49,15.67,2486800
2020-12-15T16:00:00Z,15.67,15.84,15.66,15.7,3543100
2020-12-15T17:00:00Z,15.69,15.71,15.59,15.64,1669200
2020-12-15T18:00:00Z,15.65,15.68,15.56,15.59,2129300
2020-12-15T19:00:00Z,15.59,15.65,15.57,15.62,1499600
2020-12-15T20:00:00Z,15.62,15.65,15.57,15.62,1362600
2020-12-16T13:00:00Z,15.6,15.69,15.46,15.54,2233900
2020-12-16T14:00:00Z,15.55,15.63,15.4,15.61,2493400
2020-12-16T15:00:00Z,15.61,15.8,15.57,15.71,1962600
2020-12-16T16:00:00Z,15.71,15.76,15.55,15.64,4015000
2020-12-16T17:00:00Z,15.64,15.7,15.5,15.65,3456100
2020-12-16T18:00:00Z,15.64,15.9,15.62,15.84,8496400
2020-12-16T19:00:00Z,15.82,15.98,15.8,15.9,6066000
2020-12-16T20:00:00Z,15.91,15.96,15.85,15.92,6047900
2020-12-17T13:00:00Z,15.82,15.93,15.7,15.91,2507400
2020-12-17T14:00:00Z,15.91,16,15.85,15.96,1943300
2020-12-17T15:00:00Z,15.96,16.05,15.9,16.05,2134800
2020-12-17T16:00:00Z,16.04,16.05,15.97,16.04,2012700
2020-12-17T17:00:00Z,16.04,16.06,15.94,16.01,4313200
2020-12-17T18:00:00Z,16,16.02,15.96,16.01,6770500
2020-12-17T19:00:00Z,16.01,16.08,15.98,16.03,22862400
2020-12-17T20:00:00Z,16.04,16.1,16.03,16.04,13499400
2020-12-18T13:00:00Z,15.74,15.84,15.64,15.83,3362600
2020-12-18T14:00:00Z,15.83,16.05,15.82,15.9,5919700
2020-12-18T15:00:00Z,15.92,16,15.88,15.92,2840800
2020-12-18T16:00:00Z,15.91,15.98,15.87,15.87,1731100
2020-12-18T17:00:00Z,15.87,15.95,15.86,15.93,1057100
2020-12-18T18:00:00Z,15.93,16,15.91,15.99,2195100
2020-12-18T19:00:00Z,15.99,16.02,15.9,15.91,3765300
2020-12-18T20:00:00Z,15.91,15.91,15.78,15.86,6295700
2020-12-21T13:00:00Z,15.65,15.77,15.43,15.75,4838200
2020-12-21T14:00:00Z,15.74,15.79,15.52,15.55,1997800
2020-12-21T15:00:00Z,15.54,15.56,15.31,15.47,3259500
2020-12-21T16:00:00Z,15.48,15.53,15.37,15.52,2112600
2020-12-21T17:00:00Z,15.52,15.56,15.37,15.47,1836500
2020-12-21T18:00:00Z,15.47,15.59,15.46,15.54,2413200
2020-12-21T19:00:00Z,15.53,15.63,15.48,15.63,2456300
2020-12-21T20:00:00Z,15.63,15.65,15.41,15.5,3077600
2020-12-22T13:00:00Z,15.5,15.68,15.49,15.66,1275500
2020-12-22T14:00:00Z,15.65,15.68,15.5,15.58,2444900
2020-12-22T15:00:00Z,15.58,15.67,15.54,15.6,1609300
2020-12-22T16:00:00Z,15.6,15.75,15.54,15.61,2758400
2020-12-22T17:00:00Z,15.61,15.63,15.58,15.61,1280200
2020-12-22T18:00:00Z,15.62,15.65,15.57,15.6,1334200
2020-12-22T19:00:00Z,15.6,15.63,15.54,15.55,1304700
2020-12-22T20:00:00Z,15.57,15.59,15.47,15.52,2237300
2020-12-23T13:00:00Z,15.58,15.72,15.54,15.67,990900
2020-12-23T14:00:00Z,15.68,15.73,15.61,15.62,1531000
2020-12-23T15:00:00Z,15.6,15.7,15.59,15.68,1121900
2020-12-23T16:00:00Z,15.68,15.7,15.62,15.67,1179600
2020-12-23T17:00:00Z,15.66,15.68,15.63,15.64,1068500
2020-12-23T18:00:00Z,15.64,15.66,15.57,15.6,980900
2020-12-23T19:00:00Z,15.6,15.63,15.56,15.58,1475400
2020-12-23T20:00:00Z,15.57,15.6,15.52,15.53,1918400
2020-12-28T13:00:00Z,15.57,15.65,15.5,15.6,1226500
2020-12-28T14:00:00Z,15.6,15.7,15.58,15.68,1416400
2020-12-28T15:00:00Z,15.67,15.85,15.66,15.8,1722900
2020-12-28T16:00:00Z,15.8,15.9,15.79,15.88,1121100
2020-12-28T17:00:00Z,15.88,15.94,15.83,15.84,1746700
2020-12-28T18:00:00Z,15.85,15.91,15.82,15.83,1697200
2020-12-28T19:00:00Z,15.83,15.85,15.76,15.78,1096100
2020-12-28T20:00:00Z,15.78,15.84,15.75,15.82,1095200
2020-12-29T13:00:00Z,15.9,15.95,15.78,15.89,1088700
2020-12-29T14:00:00Z,15.89,15.92,15.78,15.88,1979600
2020-12-29T15:00:00Z,15.89,15.95,15.84,15.92,1656300
2020-12-29T16:00:00Z,15.93,15.93,15.82,15.88,1281400
2020-12-29T17:00:00Z,15.89,15.89,15.82,15.86,1526400
2020-12-29T18:00:00Z,15.85,15.98,15.84,15.97,1531300
2020-12-29T19:00:00Z,15.97,15.99,15.89,15.95,1666200
2020-12-29T20:00:00Z,15.95,16.01,15.92,15.94,2124700
2020-12-30T13:00:00Z,16.05,16.1,15.95,16.04,1561700
2020-12-30T14:00:00Z,16.03,16.05,15.87,15.94,1369400
2020-12-30T15:00:00Z,15.94,15.96,15.85,15.88,1383200
2020-12-30T16:00:00Z,15.88,15.9,15.81,15.87,2116900
2020-12-30T17:00:00Z,15.85,15.91,15.85,15.86,1198600
2020-12-30T18:00:00Z,15.86,15.87,15.79,15.8,1699400
2020-12-30T19:00:00Z,15.8,15.81,15.68,15.72,2801000
2020-12-30T20:00:00Z,15.72,15.78,15.7,15.73,2402000
2021-01-04T13:00:00Z,15.79,15.85,15.53,15.71,2077500
2021-01-04T14:00:00Z,15.72,15.75,15.62,15.68,1474700
2021-01-04T15:00:00Z,15.67,15.71,15.58,15.61,1443200
2021-01-04T16:00:00Z,15.62,15.64,15.42,15.49,2874800
2021-01-04T17:00:00Z,15.49,15.51,15.38,15.41,2151700
2021-01-04T18:00:00Z,15.4,15.51,15.39,15.51,1735600
2021-01-04T19:00:00Z,15.51,15.54,15.42,15.48,1823300
2021-01-04T20:00:00Z,15.47,15.54,15.4,15.54,2796000
2021-01-05T13:00:00Z,15.37,15.45,15.23,15.33,1783000
2021-01-05T14:00:00Z,15.34,15.49,15.3,15.44,3025800
2021-01-05T15:00:00Z,15.45,15.59,15.4,15.41,4452200
2021-01-05T16:00:00Z,15.41,15.87,15.4,15.8,9162000
2021-01-05T17:00:00Z,15.8,16.02,15.79,15.91,5789700
2021-01-05T18:00:00Z,15.9,15.94,15.78,15.9,4885600
2021-01-05T19:00:00Z,15.89,15.98,15.83,15.86,2485000
2021-01-05T20:00:00Z,15.85,15.9,15.79,15.86,2455700
2021-01-06T13:00:00Z,15.66,15.92,15.63,15.81,3077800
2021-01-06T14:00:00Z,15.81,15.93,15.72,15.9,2860100
2021-01-06T15:00:00Z,15.9,16.08,15.86,15.9,3393500
2021-01-06T16:00:00Z,15.9,16.02,15.86,15.89,1864600
2021-01-06T17:00:00Z,15.88,15.94,15.84,15.87,1210600
2021-01-06T18:00:00Z,15.87,15.98,15.82,15.96,1671300
2021-01-06T19:00:00Z,15.96,16.07,15.92,16.04,4618600
2021-01-06T20:00:00Z,16.04,16.23,16.03,16.13,8029200
2021-01-07T13:00:00Z,16.03,16.16,15.91,15.93,3251300
2021-01-07T14:00:00Z,15.93,16.15,15.93,16.13,4134700
2021-01-07T15:00:00Z,16.14,16.24,16.07,16.14,3636000
2021-01-07T16:00:00Z,16.15,16.18,16.08,16.12,2225100
2021-01-07T17:00:00Z,16.13,16.15,16.02,16.03,3767800
2021-01-07T18:00:00Z,16.04,16.15,15.94,16.14,3547700
2021-01-07T19:00:00Z,16.13,16.17,16.03,16.04,3375000
2021-01-07T20:00:00Z,16.04,16.17,15.99,16.11,5695000
2021-01-08T13:00:00Z,16.1,16.52,16.03,16.42,3746200
2021-01-08T14:00:00Z,16.41,16.43,16.21,16.27,3219900
2021-01-08T15:00:00Z,16.25,16.47,16.25,16.43,1955100
2021-01-08T16:00:00Z,16.43,16.68,16.43,16.62,3632900
2021-01-08T17:00:00Z,16.64,16.64,16.53,16.61,3560800
2021-01-08T18:00:00Z,16.61,16.63,16.43,16.61,3020800
2021-01-08T19:00:00Z,16.6,16.69,16.6,16.69,2497500
2021-01-08T20:00:00Z,16.69,16.75,16.52,16.52,4858300
2021-01-11T13:00:00Z,16.41,16.59,16.31,16.34,1848900
2021-01-11T14:00:00Z,16.34,16.47,16.33,16.46,2401000
2021-01-11T15:00:00Z,16.46,16.46,16.36,16.4,2001100
2021-01-11T16:00:00Z,16.38,16.45,16.32,16.43,1627100
2021-01-11T17:00:00Z,16.42,16.51,16.4,16.44,1862900
2021-01-11T18:00:00Z,16.43,16.44,16.31,16.32,1867300
2021-01-11T19:00:00Z,16.31,16.33,16.1,16.19,5384100
2021-01-11T20:00:00Z,16.17,16.22,16.05,16.16,3721700
2021-01-12T13:00:00Z,16.17,16.45,16.17,16.32,1429600
2021-01-12T14:00:00Z,16.34,16.53,16.31,16.49,2833200
2021-01-12T15:00:00Z,16.49,16.76,16.42,16.75,6398000
2021-01-12T16:00:00Z,16.75,16.9,16.73,16.83,3596400
2021-01-12T17:00:00Z,16.84,16.84,16.68,16.74,3150900
2021-01-12T18:00:00Z,16.73,16.83,16.68,16.76,3468300
2021-01-12T19:00:00Z,16.76,16.81,16.71,16.8,2329100
2021-01-12T20:00:00Z,16.78,16.91,16.72,16.81,4312900
2021-01-13T13:00:00Z,16.5,16.62,16.1,16.26,7081200
2021-01-13T14:00:00Z,16.26,16.26,16.03,16.04,4565300
2021-01-13T15:00:00Z,16.03,16.16,15.98,16.03,3797000
2021-01-13T16:00:00Z,16.04,16.09,15.98,16.02,2434500
2021-01-13T17:00:00Z,16.03,16.15,15.98,16.14,2843700
2021-01-13T18:00:00Z,16.15,16.24,16.11,16.21,3014500
2021-01-13T19:00:00Z,16.2,16.26,16.14,16.21,3127600
2021-01-13T20:00:00Z,16.21,16.27,16.19,16.22,10883500
2021-01-14T13:00:00Z,16.12,16.25,16.05,16.19,2441500
2021-01-14T14:00:00Z,16.19,16.38,16.19,16.28,2854600
2021-01-14T15:00:00Z,16.29,16.41,16.26,16.31,1793800
2021-01-14T16:00:00Z,16.3,16.4,16.3,16.36,1423700
2021-01-14T17:00:00Z,16.36,16.43,16.34,16.35,1459900
2021-01-14T18:00:00Z,16.35,16.4,16.3,16.33,1448400
2021-01-14T19:00:00Z,16.32,16.36,16.29,16.31,1774600
2021-01-14T20:00:00Z,16.32,16.34,16.26,16.29,1891800
2021-01-15T13:00:00Z,16.02,16.22,16.02,16.16,2094100
2021-01-15T14:00:00Z,16.15,16.25,16.09,16.15,2699500
2021-01-15T15:00:00Z,16.15,16.27,16.05,16.11,5132400
2021-01-15T16:00:00Z,16.11,16.15,16.05,16.09,2365700
2021-01-15T17:00:00Z,16.1,16.11,16,16.07,2077000
2021-01-15T18:00:00Z,16.06,16.13,16.05,16.1,2135100
2021-01-15T19:00:00Z,16.09,16.1,16.04,16.08,1184200
2021-01-15T20:00:00Z,16.08,16.13,15.93,16,3754500
2021-01-18T13:00:00Z,16.16,16.22,16.02,16.09,1258900
2021-01-18T14:00:00Z,16.08,16.48,16.07,16.45,2559100
2021-01-18T15:00:00Z,16.45,16.48,16.26,16.38,1307400
2021-01-18T16:00:00Z,16.38,16.39,16.29,16.31,628000
2021-01-18T17:00:00Z,16.31,16.4,16.3,16.39,994200
2021-01-18T18:00:00Z,16.39,16.42,16.22,16.29,2102100
2021-01-18T19:00:00Z,16.3,16.44,16.29,16.36,1648400
2021-01-18T20:00:00Z,16.36,16.39,16.23,16.27,1888800
2021-01-19T13:00:00Z,16.29,16.33,16.13,16.17,1273700
2021-01-19T14:00:00Z,16.16,16.19,15.98,16.02,1987500
2021-01-19T15:00:00Z,16.02,16.2,15.98,16.14,2179000
2021-01-19T16:00:00Z,16.15,16.23,16.12,16.13,1350500
2021-01-19T17:00:00Z,16.13,16.16,15.98,16.14,2960600
2021-01-19T18:00:00Z,16.14,16.22,16.13,16.19,1983100
2021-01-19T19:00:00Z,16.2,16.3,16.13,16.27,1628200
2021-01-19T20:00:00Z,16.27,16.34,16.24,16.32,2083800
2021-01-20T13:00:00Z,16.32,16.39,16.2,16.21,920100
2021-01-20T14:00:00Z,16.21,16.28,16.15,16.22,1638900
2021-01-20T15:00:00Z,16.22,16.24,15.94,16,3354100
2021-01-20T16:00:00Z,15.99,16.1,15.9,15.97,4011800
2021-01-20T17:00:00Z,15.97,16.04,15.97,16.01,1190600
2021-01-20T18:00:00Z,16.01,16.02,15.93,15.98,1822900
2021-01-20T19:00:00Z,15.98,16.09,15.94,16.05,1418700
2021-01-20T20:00:00Z,16.04,16.07,16.02,16.04,1439200
2021-01-21T13:00:00Z,15.95,16.07,15.91,16.06,903100
2021-01-21T14:00:00Z,16.06,16.07,15.79,15.83,2730200
2021-01-21T15:00:00Z,15.83,15.85,15.56,15.6,4032400
2021-01-21T16:00:00Z,15.6,15.69,15.49,15.63,4980900
2021-01-21T17:00:00Z,15.62,15.72,15.56,15.71,2156100
2021-01-21T18:00:00Z,15.72,15.75,15.66,15.67,2455500
2021-01-21T19:00:00Z,15.67,15.72,15.61,15.65,1746300
2021-01-21T20:00:00Z,15.65,15.68,15.59,15.66,1917200
2021-01-22T13:00:00Z,15.42,15.55,15.27,15.44,3537300
2021-01-22T14:00:00Z,15.44,15.49,15.28,15.31,3721500
2021-01-22T15:00:00Z,15.3,15.33,15.2,15.28,3422300
2021-01-22T16:00:00Z,15.28,15.28,15.11,15.17,3827900
2021-01-22T17:00:00Z,15.17,15.19,15.01,15.07,3670600
2021-01-22T18:00:00Z,15.07,15.09,15.01,15.06,4654600
2021-01-22T19:00:00Z,15.07,15.08,14.95,14.95,4710000
2021-01-22T20:00:00Z,14.96,15.27,14.95,15.18,5852900
2021-01-26T13:00:00Z,15.21,15.65,15.19,15.6,5107900
2021-01-26T14:00:00Z,15.6,15.69,15.51,15.65,3875000
2021-01-26T15:00:00Z,15.65,15.65,15.38,15.42,2844100
2021-01-26T16:00:00Z,15.43,15.54,15.36,15.38,2660300
2021-01-26T17:00:00Z,15.38,15.49,15.38,15.48,3525500
2021-01-26T18:00:00Z,15.49,15.57,15.42,15.48,2809100
2021-01-26T19:00:00Z,15.48,15.59,15.36,15.43,2888300
2021-01-26T20:00:00Z,15.43,15.48,15.36,15.43,2769100
2021-01-27T13:00:00Z,15.4,15.4,15.21,15.38,1739800
2021-01-27T14:00:00Z,15.37,15.42,15.17,15.41,4163000
2021-01-27T15:00:00Z,15.4,15.5,15.36,15.39,2768600
2021-01-27T16:00:00Z,15.39,15.46,15.32,15.33,2361000
2021-01-27T17:00:00Z,15.34,15.57,15.32,15.49,2724000
2021-01-27T18:00:00Z,15.49,15.59,15.4,15.52,2222700
2021-01-27T19:00:00Z,15.51,15.59,15.41,15.45,3746600
2021-01-27T20:00:00Z,15.45,15.48,15.36,15.4,3431500
2021-01-28T13:00:00Z,15.39,15.51,15.26,15.49,1481100
2021-01-28T14:00:00Z,15.49,15.61,15.45,15.5,2390300
2021-01-28T15:00:00Z,15.51,15.61,15.51,15.59,2456400
2021-01-28T16:00:00Z,15.6,15.76,15.55,15.75,3032200
2021-01-28T17:00:00Z,15.76,15.76,15.58,15.62,1615900
2021-01-28T18:00:00Z,15.62,15.68,15.52,15.58,2102600
2021-01-28T19:00:00Z,15.59,15.63,15.53,15.58,1884300
2021-01-28T20:00:00Z,15.58,15.62,15.53,15.57,3372700
2021-01-29T13:00:00Z,15.4,15.67,15.37,15.54,1102500
2021-01-29T14:00:00Z,15.54,15.56,15.45,15.53,1769200
2021-01-29T15:00:00Z,15.53,15.61,15.47,15.51,1525700
2021-01-29T16:00:00Z,15.52,15.54,15.31,15.33,2313400
2021-01-29T17:00:00Z,15.33,15.36,15.19,15.22,2010700
2021-01-29T18:00:00Z,15.22,15.3,15.13,15.26,2651200
2021-01-29T19:00:00Z,15.26,15.34,15.14,15.25,1948100
2021-01-29T20:00:00Z,15.25,15.33,15.07,15.14,3687300
2021-02-01T13:00:00Z,15.36,15.54,15.26,15.39,1803700
2021-02-01T14:00:00Z,15.39,15.51,15.22,15.35,1833400
2021-02-01T15:00:00Z,15.35,15.43,15.29,15.3,1848300
2021-02-01T16:00:00Z,15.31,15.46,15.28,15.4,1935200
2021-02-01T17:00:00Z,15.4,15.45,15.36,15.43,1812100
2021-02-01T18:00:00Z,15.42,15.54,15.41,15.52,1741800
2021-02-01T19:00:00Z,15.52,15.7,15.51,15.67,2813000
2021-02-01T20:00:00Z,15.66,15.69,15.56,15.58,3505200
2021-02-02T13:00:00Z,15.87,16.3,15.8,16.06,5065900
2021-02-02T14:00:00Z,16.06,16.12,15.75,15.79,6016000
2021-02-02T15:00:00Z,15.8,15.84,15.52,15.55,5745100
2021-02-02T16:00:00Z,15.55,15.69,15.51,15.56,2619500
2021-02-02T17:00:00Z,15.55,15.58,15.43,15.53,3330100
2021-02-02T18:00:00Z,15.53,15.55,15.43,15.52,2667300
2021-02-02T19:00:00Z,15.51,15.66,15.49,15.65,3849800
2021-02-02T20:00:00Z,15.65,15.7,15.53,15.6,4056900
2021-02-03T13:00:00Z,15.7,15.88,15.63,15.82,1477100
2021-02-03T14:00:00Z,15.82,15.91,15.76,15.9,2401900
2021-02-03T15:00:00Z,15.9,15.92,15.65,15.76,2563200
2021-02-03T16:00:00Z,15.76,15.79,15.64,15.79,1908000
2021-02-03T17:00:00Z,15.79,15.8,15.69,15.71,907100
2021-02-03T18:00:00Z,15.71,15.72,15.63,15.64,1602700
2021-02-03T19:00:00Z,15.63,15.73,15.62,15.67,1902600
2021-02-03T20:00:00Z,15.67,15.73,15.65,15.67,1676800
2021-02-04T13:00:00Z,15.59,15.78,15.58,15.68,724600
2021-02-04T14:00:00Z,15.68,15.71,15.45,15.56,3214400
2021-02-04T15:00:00Z,15.55,15.62,15.47,15.56,1400800
2021-02-04T16:00:00Z,15.57,15.65,15.56,15.6,1209900
2021-02-04T17:00:00Z,15.6,15.64,15.55,15.57,854900
2021-02-04T18:00:00Z,15.56,15.64,15.53,15.55,1653600
2021-02-04T19:00:00Z,15.55,15.63,15.54,15.59,1387600
2021-02-04T20:00:00Z,15.61,15.64,15.53,15.64,1516800
2021-02-05T13:00:00Z,15.68,15.78,15.67,15.7,1194800
2021-02-05T14:00:00Z,15.71,15.82,15.68,15.71,1654600
2021-02-05T15:00:00Z,15.71,15.72,15.58,15.68,1342100
2021-02-05T16:00:00Z,15.68,15.77,15.6,15.61,1019500
2021-02-05T17:00:00Z,15.62,15.7,15.6,15.68,1100800
2021-02-05T18:00:00Z,15.68,15.7,15.6,15.67,1703000
2021-02-05T19:00:00Z,15.68,15.7,15.59,15.62,1064100
2021-02-05T20:00:00Z,15.62,15.65,15.51,15.55,1340300
2021-02-08T13:00:00Z,15.54,15.57,15.14,15.17,4115900
2021-02-08T14:00:00Z,15.17,15.18,14.98,15.02,6784900
2021-02-08T15:00:00Z,15.02,15.16,15.01,15.07,4619800
2021-02-08T16:00:00Z,15.07,15.11,15.04,15.07,2037600
2021-02-08T17:00:00Z,15.08,15.09,14.99,15.03,3488000
2021-02-08T18:00:00Z,15.04,15.05,14.91,14.92,4708500
2021-02-08T19:00:00Z,14.91,15,14.87,14.97,3591500
2021-02-08T20:00:00Z,14.96,15.02,14.87,15.01,3966300
2021-02-09T13:00:00Z,14.85,14.98,14.82,14.94,1739600
2021-02-09T14:00:00Z,14.94,14.96,14.82,14.91,3009000
2021-02-09T15:00:00Z,14.92,15.08,14.9,15,2466700
2021-02-09T16:00:00Z,15,15.12,14.96,15.1,1329700
2021-02-09T17:00:00Z,15.11,15.14,15.01,15.05,1563300
2021-02-09T18:00:00Z,15.06,15.06,14.96,15.04,944400
2021-02-09T19:00:00Z,15.05,15.06,14.98,15.06,1609600
2021-02-09T20:00:00Z,15.06,15.07,14.99,15.04,2117000
2021-02-10T13:00:00Z,15,15.1,14.88,14.94,2749900
2021-02-10T14:00:00Z,14.94,15.01,14.88,14.98,2386900
2021-02-10T15:00:00Z,14.99,15.08,14.93,14.95,2785300
2021-02-10T16:00:00Z,14.95,15.04,14.93,15.01,1557400
2021-02-10T17:00:00Z,14.99,15.05,14.95,15.01,2163200
2021-02-10T18:00:00Z,15.01,15.07,14.98,15.01,2261700
2021-02-10T19:00:00Z,15.01,15.12,14.96,15.09,2448200
2021-02-10T20:00:00Z,15.09,15.12,14.96,15.01,2790700
2021-02-11T13:00:00Z,15.12,15.13,14.98,15.07,803700
2021-02-11T14:00:00Z,15.07,15.22,15.06,15.1,2385000
2021-02-11T15:00:00Z,15.09,15.13,15.03,15.04,1327700
2021-02-11T16:00:00Z,15.04,15.07,14.97,15.01,1390400
2021-02-11T17:00:00Z,15.01,15.02,14.87,14.94,1951400
2021-02-11T18:00:00Z,14.94,14.97,14.85,14.86,1543700
2021-02-11T19:00:00Z,14.87,14.94,14.85,14.86,2392200
2021-02-11T20:00:00Z,14.86,14.92,14.83,14.89,3293100
2021-02-12T13:00:00Z,14.89,14.93,14.78,14.83,980600
2021-02-12T14:00:00Z,14.82,14.87,14.75,14.82,1633700
2021-02-12T15:00:00Z,14.83,14.97,14.79,14.94,2401200
2021-02-12T16:00:00Z,14.95,14.95,14.86,14.89,1812300
2021-02-12T17:00:00Z,14.88,14.95,14.85,14.9,1770500
2021-02-12T18:00:00Z,14.9,14.9,14.8,14.82,2232700
2021-02-12T19:00:00Z,14.83,14.87,14.81,14.82,2485000
2021-02-12T20:00:00Z,14.83,14.86,14.79,14.84,1793200
2021-02-17T16:00:00Z,15.18,15.19,15.01,15.13,8319700
2021-02-17T17:00:00Z,15.13,15.27,15.08,15.21,4540000
2021-02-17T18:00:00Z,15.23,15.33,15.21,15.28,4562500
2021-02-17T19:00:00Z,15.27,15.37,15.25,15.33,5924400
2021-02-17T20:00:00Z,15.33,15.4,15.31,15.35,5335500
2021-02-18T13:00:00Z,15.19,15.22,14.96,15.06,3624100
2021-02-18T14:00:00Z,15.06,15.09,14.94,15.06,3736400
2021-02-18T15:00:00Z,15.07,15.07,14.97,14.99,4193200
2021-02-18T16:00:00Z,14.98,15.01,14.83,14.85,4135400
2021-02-18T17:00:00Z,14.84,14.89,14.8,14.83,2279400
2021-02-18T18:00:00Z,14.82,14.93,14.8,14.86,3796000
2021-02-18T19:00:00Z,14.86,14.91,14.83,14.88,2664200
2021-02-18T20:00:00Z,14.88,14.92,14.84,14.85,3153500
2021-02-19T13:00:00Z,14.76,14.88,14.67,14.78,2137700
2021-02-19T14:00:00Z,14.78,14.84,14.66,14.8,3287400
2021-02-19T15:00:00Z,14.8,14.82,14.73,14.76,2396900
2021-02-19T16:00:00Z,14.77,15,14.75,14.9,4186400
2021-02-19T17:00:00Z,14.9,14.93,14.85,14.88,2116200
2021-02-19T18:00:00Z,14.88,15.01,14.86,15,3410700
2021-02-19T19:00:00Z,15,15.01,14.92,14.96,2812300
2021-02-19T20:00:00Z,14.96,15,14.92,14.94,2857300
2021-02-22T13:00:00Z,14.56,14.6,14.33,14.49,4450300
2021-02-22T14:00:00Z,14.5,14.89,14.42,14.73,8267400
2021-02-22T15:00:00Z,14.72,14.79,14.59,14.63,6166600
2021-02-22T16:00:00Z,14.62,14.7,14.6,14.66,6357100
2021-02-22T17:00:00Z,14.67,14.88,14.65,14.81,4190900
2021-02-22T18:00:00Z,14.81,14.82,14.59,14.6,2453200
2021-02-22T19:00:00Z,14.6,14.78,14.59,14.68,1877700
2021-02-22T20:00:00Z,14.68,14.71,14.57,14.59,2832600
2021-02-23T13:00:00Z,14.66,14.74,14.51,14.56,3248100
2021-02-23T14:00:00Z,14.57,14.6,14.42,14.58,2986800
2021-02-23T15:00:00Z,14.57,14.66,14.51,14.64,2189100
2021-02-23T16:00:00Z,14.63,14.75,14.59,14.68,1922700
2021-02-23T17:00:00Z,14.67,14.73,14.64,14.69,1565100
2021-02-23T18:00:00Z,14.68,14.84,14.68,14.77,1967500
2021-02-23T19:00:00Z,14.76,14.83,14.72,14.82,2867900
2021-02-23T20:00:00Z,14.82,14.84,14.67,14.67,3586800
2021-02-24T13:00:00Z,14.7,14.76,14.57,14.65,2364800
2021-02-24T14:00:00Z,14.66,14.74,14.53,14.57,1727400
2021-02-24T15:00:00Z,14.57,14.67,14.5,14.65,1809200
2021-02-24T16:00:00Z,14.65,14.7,14.62,14.67,1174900
2021-02-24T17:00:00Z,14.66,14.73,14.66,14.71,1379400
2021-02-24T18:00:00Z,14.72,14.76,14.69,14.74,1352000
2021-02-24T19:00:00Z,14.75,14.75,14.69,14.74,1198800
2021-02-24T20:00:00Z,14.73,14.79,14.71,14.72,1767300
2021-02-25T13:00:00Z,14.68,14.75,14.2,14.35,5785800
2021-02-25T14:00:00Z,14.35,14.58,14.3,14.56,4417700
2021-02-25T15:00:00Z,14.56,14.65,14.47,14.47,3333500
2021-02-25T16:00:00Z,14.47,14.58,14.39,14.4,2515300
2021-02-25T17:00:00Z,14.39,14.46,14.37,14.43,3858900
2021-02-25T18:00:00Z,14.43,14.44,14.3,14.32,3084200
2021-02-25T19:00:00Z,14.32,14.38,14.28,14.3,2605300
2021-02-25T20:00:00Z,14.29,14.31,14.18,14.2,3927800
2021-02-26T13:00:00Z,14.21,14.33,14.14,14.33,1884000
2021-02-26T14:00:00Z,14.32,14.37,14.18,14.2,2266800
2021-02-26T15:00:00Z,14.2,14.24,14.07,14.18,3452800
2021-02-26T16:00:00Z,14.18,14.23,14.09,14.17,2127600
2021-02-26T17:00:00Z,14.17,14.34,14.13,14.32,2562000
2021-02-26T18:00:00Z,14.32,14.38,14.26,14.27,2022400
2021-02-26T19:00:00Z,14.27,14.31,14.08,14.1,4608200
2021-02-26T20:00:00Z,14.11,14.15,14,14.05,5402000
2021-03-01T13:00:00Z,14.16,14.28,13.94,13.95,2337800
2021-03-01T14:00:00Z,13.94,14.03,13.89,14,2957300
2021-03-01T15:00:00Z,14,14.14,13.97,14.09,2040400
2021-03-01T16:00:00Z,14.09,14.19,14.08,14.13,2431900
2021-03-01T17:00:00Z,14.12,14.15,14.05,14.07,1531200
2021-03-01T18:00:00Z,14.07,14.11,13.99,14.07,1347400
2021-03-01T19:00:00Z,14.08,14.11,13.94,13.96,1723100
2021-03-01T20:00:00Z,13.96,14,13.82,13.85,3205700
2021-03-02T13:00:00Z,13.51,13.73,13.35,13.5,3860300
2021-03-02T14:00:00Z,13.5,13.6,13.39,13.57,6386100
2021-03-02T15:00:00Z,13.57,13.72,13.57,13.7,7108100
2021-03-02T16:00:00Z,13.7,13.73,13.6,13.68,5191600
2021-03-02T17:00:00Z,13.68,13.9,13.66,13.87,3996100
2021-03-02T18:00:00Z,13.87,14.07,13.84,14.02,4505300
2021-03-02T19:00:00Z,14.02,14.16,13.9,14.08,4425000
2021-03-02T20:00:00Z,14.07,14.17,14.05,14.1,4545300
2021-03-03T13:00:00Z,13.94,14.05,13.9,13.98,2185900
2021-03-03T14:00:00Z,13.98,14.01,13.83,13.84,4110000
2021-03-03T15:00:00Z,13.84,13.96,13.8,13.81,3687700
2021-03-03T16:00:00Z,13.81,13.9,13.7,13.82,2646400
2021-03-03T17:00:00Z,13.82,13.89,13.77,13.82,1828300
2021-03-03T18:00:00Z,13.82,13.88,13.72,13.75,6899100
2021-03-03T19:00:00Z,13.75,14.45,13.63,14.24,8583100
2021-03-03T20:00:00Z,14.24,14.3,14.07,14.12,6171000
2021-03-04T13:00:00Z,14.35,14.54,14.26,14.4,2402100
2021-03-04T14:00:00Z,14.41,14.65,14.4,14.55,3416800
2021-03-04T15:00:00Z,14.55,14.76,14.43,14.67,3176000
2021-03-04T16:00:00Z,14.65,14.73,14.56,14.66,2172300
2021-03-04T17:00:00Z,14.66,14.72,14.58,14.6,3140500
2021-03-04T18:00:00Z,14.6,14.68,14.53,14.6,3351900
2021-03-04T19:00:00Z,14.6,14.8,14.6,14.73,3486700
2021-03-04T20:00:00Z,14.74,14.83,14.68,14.73,4529100
2021-03-05T13:00:00Z,14.95,15.19,14.9,14.97,5289500
2021-03-05T14:00:00Z,14.97,15.28,14.96,15.18,5961500
2021-03-05T15:00:00Z,15.18,15.27,15.12,15.22,3572700
2021-03-05T16:00:00Z,15.23,15.29,15.15,15.27,3012900
2021-03-05T17:00:00Z,15.28,15.33,15.24,15.29,3515000
2021-03-05T18:00:00Z,15.29,15.35,15.14,15.19,3144200
2021-03-05T19:00:00Z,15.19,15.19,15.05,15.07,5649800
2021-03-05T20:00:00Z,15.08,15.16,14.98,15.13,5448700
2021-03-08T13:00:00Z,14.79,14.99,14.73,14.88,3822100
2021-03-08T14:00:00Z,14.88,15.23,14.85,15.08,7901100
2021-03-08T15:00:00Z,15.09,15.25,15.02,15.1,2815500
2021-03-08T16:00:00Z,15.1,15.16,15.04,15.07,2121200
2021-03-08T17:00:00Z,15.07,15.18,15.03,15.15,2110500
2021-03-08T18:00:00Z,15.14,15.24,14.85,14.86,5627900
2021-03-08T19:00:00Z,14.85,15.03,14.85,14.88,5491600
2021-03-08T20:00:00Z,14.88,14.9,14.63,14.68,8120900
2021-03-09T13:00:00Z,14.6,14.78,14.53,14.67,2413800
2021-03-09T14:00:00Z,14.66,14.99,14.65,14.91,4771300
2021-03-09T15:00:00Z,14.91,15.19,14.88,15.18,5605000
2021-03-09T16:00:00Z,15.17,15.19,15.07,15.14,2711200
2021-03-09T17:00:00Z,15.14,15.21,15.06,15.14,2889700
2021-03-09T18:00:00Z,15.13,15.19,15.07,15.14,3174500
2021-03-09T19:00:00Z,15.13,15.2,15.11,15.17,2669600
2021-03-09T20:00:00Z,15.18,15.27,15.1,15.15,4641900
2021-03-10T13:00:00Z,15.23,15.31,15.07,15.15,1818300
2021-03-10T14:00:00Z,15.15,15.23,15.08,15.16,2081400
2021-03-10T15:00:00Z,15.16,15.28,14.99,15.19,5100600
2021-03-10T16:00:00Z,15.21,15.24,15.02,15.08,3720100
2021-03-10T17:00:00Z,15.07,15.13,14.83,14.93,7033900
2021-03-10T18:00:00Z,14.93,15.2,14.86,15.12,6267600
2021-03-10T19:00:00Z,15.12,15.27,15.11,15.24,4228600
2021-03-10T20:00:00Z,15.24,15.27,15.17,15.21,4279900
2021-03-11T13:00:00Z,15.37,15.6,15.36,15.43,3086600
2021-03-11T14:00:00Z,15.43,15.49,15.23,15.25,2525100
2021-03-11T15:00:00Z,15.24,15.27,15.1,15.15,2091800
2021-03-11T16:00:00Z,15.14,15.18,15.1,15.1,1247400
2021-03-11T17:00:00Z,15.1,15.2,15.07,15.17,1812600
2021-03-11T18:00:00Z,15.18,15.2,15.13,15.16,1117500
2021-03-11T19:00:00Z,15.17,15.22,15.08,15.11,2907300
2021-03-11T20:00:00Z,15.1,15.16,15.03,15.08,2432100
2021-03-12T13:00:00Z,14.94,15.03,14.93,14.98,1324200
2021-03-12T14:00:00Z,14.97,15.11,14.95,15.1,1907300
2021-03-12T15:00:00Z,15.1,15.21,15.08,15.13,2409500
2021-03-12T16:00:00Z,15.13,15.18,15.08,15.15,1623000
2021-03-12T17:00:00Z,15.15,15.23,15.04,15.08,3559200
2021-03-12T18:00:00Z,15.08,15.16,15.07,15.1,1493200
2021-03-12T19:00:00Z,15.1,15.13,14.99,15.04,2044000
2021-03-12T20:00:00Z,15.03,15.11,14.99,15.08,1935200
2021-03-15T13:00:00Z,14.97,15.13,14.95,15.12,1442500
2021-03-15T14:00:00Z,15.12,15.2,15.08,15.17,1218500
2021-03-15T15:00:00Z,15.17,15.24,15.09,15.15,2103900
2021-03-15T16:00:00Z,15.15,15.21,15.14,15.17,1321300
2021-03-15T17:00:00Z,15.16,15.2,15.15,15.17,815700
2021-03-15T18:00:00Z,15.16,15.29,15.16,15.24,1237100
2021-03-15T19:00:00Z,15.23,15.27,15.19,15.25,1443000
2021-03-16T13:00:00Z,15.23,15.32,15.11,15.2,2139800
2021-03-16T14:00:00Z,15.2,15.21,15.07,15.09,2270500
2021-03-16T15:00:00Z,15.09,15.11,15.02,15.05,1685600
2021-03-16T16:00:00Z,15.05,15.08,15.01,15.01,841600
2021-03-16T17:00:00Z,15.01,15.06,14.99,15.03,1340300
2021-03-16T18:00:00Z,15.04,15.05,14.91,14.97,2790400
2021-03-16T19:00:00Z,14.98,15.02,14.94,15,4302000
2021-03-17T13:00:00Z,15.02,15.03,14.81,14.81,2430100
2021-03-17T14:00:00Z,14.81,14.95,14.81,14.93,3978600
2021-03-17T15:00:00Z,14.94,15.1,14.91,15.08,2738900
2021-03-17T16:00:00Z,15.08,15.3,15.06,15.27,3327700
2021-03-17T17:00:00Z,15.27,15.3,15.21,15.25,2006500
2021-03-17T18:00:00Z,15.25,15.39,15.22,15.36,3600900
2021-03-17T19:00:00Z,15.36,15.46,15.31,15.39,4021700
2021-03-18T13:00:00Z,15.25,15.34,15.16,15.27,2249400
2021-03-18T14:00:00Z,15.28,15.35,15.23,15.27,1949100
2021-03-18T15:00:00Z,15.28,15.39,15.26,15.38,1029600
2021-03-18T16:00:00Z,15.38,15.42,15.28,15.32,1364700
2021-03-18T17:00:00Z,15.31,15.44,15.31,15.36,6942200
2021-03-18T18:00:00Z,15.35,15.36,15.23,15.25,2847300
2021-03-18T19:00:00Z,15.24,15.31,15.18,15.22,2639500
2021-03-19T13:00:00Z,15.35,15.53,15.28,15.49,2884800
2021-03-19T14:00:00Z,15.49,15.62,15.43,15.59,6180400
2021-03-19T15:00:00Z,15.58,15.59,15.39,15.5,1796300
2021-03-19T16:00:00Z,15.5,15.6,15.4,15.59,1801500
2021-03-19T17:00:00Z,15.58,15.6,15.51,15.58,1785900
2021-03-19T18:00:00Z,15.58,15.6,15.54,15.6,1147000
2021-03-19T19:00:00Z,15.59,15.63,15.49,15.5,1948800
2021-03-22T13:00:00Z,15.29,15.61,15.28,15.55,2543300
2021-03-22T14:00:00Z,15.55,15.67,15.44,15.53,3476200
2021-03-22T15:00:00Z,15.53,15.59,15.5,15.51,2996800
2021-03-22T16:00:00Z,15.51,15.57,15.46,15.57,3401400
2021-03-22T17:00:00Z,15.57,15.6,15.53,15.6,1600800
2021-03-22T18:00:00Z,15.6,15.63,15.56,15.61,2314300
2021-03-22T19:00:00Z,15.61,15.68,15.56,15.61,3407200
2021-03-23T13:00:00Z,15.41,15.55,15.37,15.44,1581400
2021-03-23T14:00:00Z,15.44,15.45,15.26,15.37,2382800
2021-03-23T15:00:00Z,15.37,15.49,15.33,15.4,1778900
2021-03-23T16:00:00Z,15.4,15.43,15.31,15.33,1165400
2021-03-23T17:00:00Z,15.33,15.33,15.16,15.16,2224000
2021-03-23T18:00:00Z,15.16,15.29,15.12,15.12,2413700
2021-03-23T19:00:00Z,15.13,15.25,15.11,15.15,2771600
2021-03-24T13:00:00Z,15.01,15.14,14.96,15.11,2835300
2021-03-24T14:00:00Z,15.1,15.19,15,15.08,1648100
2021-03-24T15:00:00Z,15.08,15.24,15.04,15.23,2428300
2021-03-24T16:00:00Z,15.23,15.29,15.19,15.23,1315500
2021-03-24T17:00:00Z,15.23,15.26,15.14,15.22,1354200
2021-03-24T18:00:00Z,15.23,15.24,15.01,15.03,2744000
2021-03-24T19:00:00Z,15.03,15.05,14.76,14.8,7431900
2021-03-25T13:00:00Z,14.74,15.07,14.71,15.07,4295600
2021-03-25T14:00:00Z,15.07,15.12,14.85,14.92,2217300
2021-03-25T15:00:00Z,14.92,15,14.84,14.99,1933400
2021-03-25T16:00:00Z,14.99,15.02,14.92,14.93,1834000
2021-03-25T17:00:00Z,14.92,14.98,14.86,14.96,1874900
2021-03-25T18:00:00Z,14.96,15.1,14.94,15.07,1780200
2021-03-25T19:00:00Z,15.07,15.1,14.98,14.99,2007100
2021-03-26T13:00:00Z,15.01,15.28,14.99,15.17,2650600
2021-03-26T14:00:00Z,15.17,15.33,15.17,15.23,2091800
2021-03-26T15:00:00Z,15.23,15.32,15.21,15.25,967600
2021-03-26T16:00:00Z,15.24,15.26,15.18,15.21,708400
2021-03-26T17:00:00Z,15.2,15.24,15.07,15.11,1720700
2021-03-26T18:00:00Z,15.11,15.14,15.04,15.08,1463900
2021-03-26T19:00:00Z,15.08,15.24,15.08,15.21,1284600
2021-03-29T13:00:00Z,15.07,15.22,15.01,15.22,1709600
2021-03-29T14:00:00Z,15.21,15.26,15.09,15.1,1866600
2021-03-29T15:00:00Z,15.1,15.23,15.05,15.21,1112800
2021-03-29T16:00:00Z,15.21,15.29,15.16,15.27,1284300
2021-03-29T17:00:00Z,15.27,15.3,15.18,15.27,1467100
2021-03-29T18:00:00Z,15.27,15.29,15.16,15.21,2424900
2021-03-29T19:00:00Z,15.21,15.37,15.21,15.34,2047100
2021-03-30T13:00:00Z,15.13,15.56,15.08,15.51,2175900
2021-03-30T14:00:00Z,15.51,15.63,15.5,15.58,2081900
2021-03-30T15:00:00Z,15.58,15.73,15.55,15.59,3294500
2021-03-30T16:00:00Z,15.6,15.61,15.53,15.58,1481800
2021-03-30T17:00:00Z,15.58,15.64,15.54,15.63,1246200
2021-03-30T18:00:00Z,15.63,15.65,15.58,15.61,1800900
2021-03-30T19:00:00Z,15.6,15.63,15.55,15.56,1847300
2021-03-31T13:00:00Z,15.6,15.67,15.4,15.48,1744700
2021-03-31T14:00:00Z,15.48,15.53,15.42,15.5,1084900
2021-03-31T15:00:00Z,15.51,15.54,15.42,15.45,751900
2021-03-31T16:00:00Z,15.44,15.49,15.35,15.41,1063500
2021-03-31T17:00:00Z,15.41,15.41,15.35,15.38,794600
2021-03-31T18:00:00Z,15.38,15.41,15.36,15.37,1241100
2021-03-31T19:00:00Z,15.36,15.46,15.32,15.32,2391800
2021-04-01T13:00:00Z,15.39,15.4,15.16,15.18,2833800
2021-04-01T14:00:00Z,15.17,15.19,15.07,15.15,2580600
2021-04-01T15:00:00Z,15.15,15.15,15,15.09,1531700
2021-04-01T16:00:00Z,15.08,15.12,15.01,15.06,822400
2021-04-01T17:00:00Z,15.06,15.08,14.99,15.06,1318600
2021-04-01T18:00:00Z,15.05,15.09,15.03,15.04,1604000
2021-04-01T19:00:00Z,15.05,15.08,15,15.05,2819600
2021-04-05T13:00:00Z,15.13,15.27,15.1,15.24,2575400
2021-04-05T14:00:00Z,15.24,15.36,15.22,15.32,3465100
2021-04-05T15:00:00Z,15.32,15.34,15.25,15.32,1899600
2021-04-05T16:00:00Z,15.32,15.39,15.24,15.32,2637400
2021-04-05T17:00:00Z,15.33,15.39,15.27,15.34,2015800
2021-04-05T18:00:00Z,15.34,15.37,15.24,15.25,2465400
2021-04-05T19:00:00Z,15.26,15.3,15.18,15.22,4386200
2021-04-06T13:00:00Z,15.27,15.3,15.16,15.21,1085800
2021-04-06T14:00:00Z,15.21,15.29,15.19,15.27,2141600
2021-04-06T15:00:00Z,15.28,15.3,15.23,15.28,1060500
2021-04-06T16:00:00Z,15.27,15.38,15.26,15.35,1535100
2021-04-06T17:00:00Z,15.35,15.43,15.28,15.43,1852100
2021-04-06T18:00:00Z,15.43,15.48,15.41,15.45,1704400
2021-04-06T19:00:00Z,15.45,15.45,15.33,15.35,1932500
2021-04-07T13:00:00Z,15.23,15.43,15.19,15.39,1073000
2021-04-07T14:00:00Z,15.39,15.4,15.17,15.18,1259100
2021-04-07T15:00:00Z,15.18,15.22,15.09,15.13,1970200
2021-04-07T16:00:00Z,15.12,15.27,15.12,15.24,1305600
2021-04-07T17:00:00Z,15.24,15.32,15.23,15.29,1136800
2021-04-07T18:00:00Z,15.29,15.29,15.14,15.15,1722100
2021-04-07T19:00:00Z,15.16,15.24,15.11,15.2,1780500
2021-04-08T13:00:00Z,15.2,15.38,15.14,15.36,2118800
2021-04-08T14:00:00Z,15.36,15.53,15.33,15.5,3652600
2021-04-08T15:00:00Z,15.5,15.59,15.45,15.57,1774500
2021-04-08T16:00:00Z,15.55,15.67,15.54,15.57,2981800
2021-04-08T17:00:00Z,15.57,15.6,15.51,15.52,1513700
2021-04-08T18:00:00Z,15.51,15.56,15.46,15.48,1450400
2021-04-08T19:00:00Z,15.47,15.5,15.4,15.42,1567000
2021-04-09T13:00:00Z,15.22,15.6,15.21,15.59,2604100
2021-04-09T14:00:00Z,15.59,15.61,15.45,15.49,1866100
2021-04-09T15:00:00Z,15.5,15.62,15.44,15.61,1825900
2021-04-09T16:00:00Z,15.61,15.64,15.52,15.62,1545000
2021-04-09T17:00:00Z,15.62,15.63,15.41,15.44,1709800
2021-04-09T18:00:00Z,15.44,15.52,15.37,15.43,2462400
2021-04-09T19:00:00Z,15.44,15.52,15.42,15.42,2237900
2021-04-12T13:00:00Z,15.5,15.56,15.36,15.45,1157600
2021-04-12T14:00:00Z,15.46,15.51,15.41,15.48,1073300
2021-04-12T15:00:00Z,15.49,15.55,15.45,15.49,1062400
2021-04-12T16:00:00Z,15.49,15.56,15.48,15.51,1044700
2021-04-12T17:00:00Z,15.51,15.6,15.5,15.59,808600
2021-04-12T18:00:00Z,15.59,15.6,15.47,15.54,1742000
2021-04-12T19:00:00Z,15.54,15.59,15.5,15.5,3289800
2021-04-13T13:00:00Z,15.5,15.51,15.37,15.45,2033900
2021-04-13T14:00:00Z,15.45,15.63,15.43,15.55,7270500
2021-04-13T15:00:00Z,15.55,15.71,15.54,15.69,2904200
2021-04-13T16:00:00Z,15.69,15.74,15.66,15.73,1444500
2021-04-13T17:00:00Z,15.73,15.74,15.64,15.73,1113000
2021-04-13T18:00:00Z,15.73,15.74,15.64,15.65,1257100
2021-04-13T19:00:00Z,15.66,15.71,15.58,15.61,1840200
2021-04-14T13:00:00Z,15.64,15.81,15.62,15.73,4191400
2021-04-14T14:00:00Z,15.74,15.89,15.73,15.88,1863900
2021-04-14T15:00:00Z,15.88,15.88,15.8,15.85,2494300
2021-04-14T16:00:00Z,15.85,15.9,15.81,15.87,2190700
2021-04-14T17:00:00Z,15.87,15.9,15.83,15.85,2016600
2021-04-14T18:00:00Z,15.86,15.89,15.81,15.86,2384100
2021-04-14T19:00:00Z,15.85,15.88,15.82,15.88,3357700
2021-04-15T13:00:00Z,15.79,16.03,15.77,15.96,3037800
2021-04-15T14:00:00Z,15.95,15.96,15.76,15.83,2475400
2021-04-15T15:00:00Z,15.82,15.9,15.77,15.87,1797000
2021-04-15T16:00:00Z,15.87,15.91,15.79,15.8,1169200
2021-04-15T17:00:00Z,15.8,15.84,15.72,15.78,2220800
2021-04-15T18:00:00Z,15.77,15.86,15.73,15.83,1835500
2021-04-15T19:00:00Z,15.82,15.87,15.78,15.8,2745400
2021-04-16T13:00:00Z,15.79,15.86,15.73,15.73,1377700
2021-04-16T14:00:00Z,15.73,15.9,15.72,15.86,1328800
2021-04-16T15:00:00Z,15.86,15.92,15.82,15.88,1572900
2021-04-16T16:00:00Z,15.88,15.92,15.79,15.83,1195500
2021-04-16T17:00:00Z,15.83,15.88,15.8,15.88,1029000
2021-04-16T18:00:00Z,15.88,15.96,15.87,15.88,2342300
2021-04-16T19:00:00Z,15.87,15.89,15.75,15.8,2041200
2021-04-19T13:00:00Z,15.54,15.91,15.51,15.84,2744600
2021-04-19T14:00:00Z,15.84,15.96,15.79,15.91,2327800
2021-04-19T15:00:00Z,15.89,16.07,15.88,16.03,3753800
2021-04-19T16:00:00Z,16.02,16.05,15.86,15.87,1455600
2021-04-19T17:00:00Z,15.87,15.9,15.81,15.85,1800200
2021-04-19T18:00:00Z,15.85,15.91,15.77,15.8,2021000
2021-04-19T19:00:00Z,15.79,15.82,15.71,15.73,2582300
2021-04-20T13:00:00Z,15.67,15.8,15.67,15.74,1369900
2021-04-20T14:00:00Z,15.74,15.8,15.69,15.72,2615600
2021-04-20T15:00:00Z,15.73,15.8,15.68,15.75,1771700
2021-04-20T16:00:00Z,15.75,15.77,15.57,15.61,1436300
2021-04-20T17:00:00Z,15.61,15.64,15.53,15.62,1324900
2021-04-20T18:00:00Z,15.63,15.67,15.59,15.64,806000
2021-04-20T19:00:00Z,15.65,15.72,15.63,15.68,1268100
2021-04-22T13:00:00Z,15.89,16.11,15.77,15.79,5546100
2021-04-22T14:00:00Z,15.79,15.99,15.79,15.89,2617800
2021-04-22T15:00:00Z,15.9,15.91,15.82,15.84,1593600
2021-04-22T16:00:00Z,15.83,15.86,15.79,15.8,1393100
2021-04-22T17:00:00Z,15.8,15.85,15.66,15.85,3466000
2021-04-22T18:00:00Z,15.85,15.95,15.83,15.95,2326100
2021-04-22T19:00:00Z,15.95,15.97,15.87,15.88,3422100
2021-04-23T13:00:00Z,15.98,16.05,15.86,15.95,1824800
2021-04-23T14:00:00Z,15.95,15.98,15.86,15.88,2139300
2021-04-23T15:00:00Z,15.87,15.95,15.85,15.93,1611000
2021-04-23T16:00:00Z,15.92,15.94,15.86,15.9,1694700
2021-04-23T17:00:00Z,15.9,15.91,15.87,15.87,1600100
2021-04-23T18:00:00Z,15.87,15.89,15.82,15.84,3288700
2021-04-23T19:00:00Z,15.84,15.89,15.82,15.85,2926900
2021-04-26T13:00:00Z,15.6,15.85,15.6,15.69,3664500
2021-04-26T14:00:00Z,15.7,15.73,15.59,15.72,2098900
2021-04-26T15:00:00Z,15.72,15.74,15.6,15.64,3516000
2021-04-26T16:00:00Z,15.64,15.67,15.61,15.63,887200
2021-04-26T17:00:00Z,15.63,15.63,15.52,15.57,1841500
2021-04-26T18:00:00Z,15.57,15.6,15.55,15.57,1758400
2021-04-26T19:00:00Z,15.57,15.59,15.48,15.53,3182000
2021-04-27T13:00:00Z,15.51,15.6,15.23,15.38,4869900
2021-04-27T14:00:00Z,15.39,15.42,15.32,15.37,1923200
2021-04-27T15:00:00Z,15.38,15.4,15.35,15.36,1344300
2021-04-27T16:00:00Z,15.36,15.38,15.34,15.37,1683200
2021-04-27T17:00:00Z,15.36,15.39,15.31,15.32,2350500
2021-04-27T18:00:00Z,15.32,15.34,15.22,15.22,2156800
2021-04-27T19:00:00Z,15.22,15.29,15.21,15.25,2096900
2021-04-28T13:00:00Z,15.3,15.41,15.25,15.33,1371300
2021-04-28T14:00:00Z,15.33,15.34,15.2,15.23,1156700
2021-04-28T15:00:00Z,15.23,15.26,15.18,15.23,1557300
2021-04-28T16:00:00Z,15.24,15.31,15.22,15.31,970800
2021-04-28T17:00:00Z,15.31,15.34,15.27,15.3,1355400
2021-04-28T18:00:00Z,15.3,15.34,15.23,15.26,1492000
2021-04-28T19:00:00Z,15.26,15.28,15.21,15.25,1618100
2021-04-29T13:00:00Z,15.21,15.39,15.21,15.32,1522400
2021-04-29T14:00:00Z,15.32,15.46,15.31,15.38,1946100
2021-04-29T15:00:00Z,15.39,15.39,15.28,15.29,2119000
2021-04-29T16:00:00Z,15.28,15.39,15.28,15.34,1239300
2021-04-29T17:00:00Z,15.34,15.44,15.32,15.4,2126200
2021-04-29T18:00:00Z,15.41,15.41,15.3,15.3,1784000
2021-04-29T19:00:00Z,15.3,15.33,15.26,15.32,2345800
2021-04-30T13:00:00Z,15.2,15.3,15.13,15.14,2388600
2021-04-30T14:00:00Z,15.15,15.16,15,15.03,3107200
2021-04-30T15:00:00Z,15.03,15.09,14.95,15.05,3014600
2021-04-30T16:00:00Z,15.05,15.12,15.02,15.06,1793000
2021-04-30T17:00:00Z,15.06,15.07,14.91,14.92,3861900
2021-04-30T18:00:00Z,14.93,15.06,14.92,15.03,3760000
2021-04-30T19:00:00Z,15.03,15.05,14.97,14.98,4527500
2021-05-03T13:00:00Z,14.92,14.98,14.82,14.88,3384000
2021-05-03T14:00:00Z,14.89,14.99,14.85,14.87,3606600
2021-05-03T15:00:00Z,14.86,14.87,14.65,14.66,3447200
2021-05-03T16:00:00Z,14.66,14.71,14.63,14.68,2815200
2021-05-03T17:00:00Z,14.68,14.72,14.62,14.69,2949500
2021-05-03T18:00:00Z,14.69,14.74,14.61,14.73,3532300
2021-05-03T19:00:00Z,14.72,14.8,14.72,14.79,3839900
2021-05-04T13:00:00Z,14.74,14.8,14.65,14.72,1690200
2021-05-04T14:00:00Z,14.71,14.75,14.55,14.55,1829200
2021-05-04T15:00:00Z,14.55,14.65,14.54,14.63,1319800
2021-05-04T16:00:00Z,14.63,14.72,14.62,14.66,1419300
2021-05-04T17:00:00Z,14.66,14.68,14.62,14.63,1955700
2021-05-04T18:00:00Z,14.62,14.67,14.56,14.58,3089100
2021-05-04T19:00:00Z,14.59,14.63,14.54,14.61,3694600
2021-05-05T13:00:00Z,14.65,14.74,14.57,14.62,2635900
2021-05-05T14:00:00Z,14.63,14.83,14.62,14.8,3076500
2021-05-05T15:00:00Z,14.81,14.82,14.7,14.79,2037400
2021-05-05T16:00:00Z,14.79,14.8,14.74,14.76,1110700
2021-05-05T17:00:00Z,14.77,14.81,14.7,14.8,1986400
2021-05-05T18:00:00Z,14.8,14.88,14.8,14.88,1062200
2021-05-05T19:00:00Z,14.88,14.92,14.82,14.88,4685000
2021-05-06T13:00:00Z,15.84,16.29,15.72,15.82,27975500
2021-05-06T14:00:00Z,15.82,16.14,15.75,16.11,9587900
2021-05-06T15:00:00Z,16.12,16.17,16.02,16.13,6995300
2021-05-06T16:00:00Z,16.12,16.13,15.98,16.05,3726600
2021-05-06T17:00:00Z,16.04,16.16,16.02,16.14,3688300
2021-05-06T18:00:00Z,16.14,16.29,16.11,16.27,9046200
2021-05-06T19:00:00Z,16.26,16.28,16.1,16.13,7198000
2021-05-07T13:00:00Z,16.19,16.28,16.08,16.27,3660500
2021-05-07T14:00:00Z,16.28,16.33,16.19,16.27,2622800
2021-05-07T15:00:00Z,16.27,16.29,16.1,16.15,3853800
2021-05-07T16:00:00Z,16.14,16.15,16.08,16.1,1737300
2021-05-07T17:00:00Z,16.11,16.13,16.05,16.05,2019600
2021-05-07T18:00:00Z,16.06,16.08,16,16.06,2895900
2021-05-07T19:00:00Z,16.07,16.22,16.05,16.13,3670200
2021-05-10T13:00:00Z,16.15,16.26,16.09,16.15,2441200
2021-05-10T14:00:00Z,16.16,16.42,16.13,16.41,3378900
2021-05-10T15:00:00Z,16.41,16.58,16.41,16.49,2872900
2021-05-10T16:00:00Z,16.49,16.54,16.46,16.53,1907400
2021-05-10T17:00:00Z,16.53,16.56,16.48,16.53,2904500
2021-05-10T18:00:00Z,16.54,16.65,16.52,16.61,5802200
2021-05-10T19:00:00Z,16.61,16.64,16.55,16.59,5031600
2021-05-11T13:00:00Z,16.35,16.58,16.25,16.51,3831400
2021-05-11T14:00:00Z,16.5,16.61,16.44,16.58,2530600
2021-05-11T15:00:00Z,16.58,16.69,16.56,16.67,1736600
2021-05-11T16:00:00Z,16.67,16.72,16.63,16.66,1440200
2021-05-11T17:00:00Z,16.65,16.74,16.64,16.7,2055800
2021-05-11T18:00:00Z,16.7,16.85,16.67,16.84,5076800
2021-05-11T19:00:00Z,16.83,17,16.83,16.92,6823900
2021-05-12T13:00:00Z,16.65,17.03,16.65,16.94,5307400
2021-05-12T14:00:00Z,16.95,17.08,16.9,16.97,3657900
2021-05-12T15:00:00Z,16.97,17.04,16.95,16.99,2540500
2021-05-12T16:00:00Z,16.99,17.19,16.97,17.16,5606300
2021-05-12T17:00:00Z,17.16,17.23,17.09,17.14,5964600
2021-05-12T18:00:00Z,17.14,17.17,16.99,17.1,4270200
2021-05-12T19:00:00Z,17.1,17.1,16.86,16.9,6133900
2021-05-13T13:00:00Z,17,17.14,17,17.1,2670000
2021-05-13T14:00:00Z,17.1,17.13,16.85,16.86,2114900
2021-05-13T15:00:00Z,16.86,17.03,16.85,16.92,1721900
2021-05-13T16:00:00Z,16.92,17,16.89,16.9,1753900
2021-05-13T17:00:00Z,16.9,16.92,16.76,16.86,2288500
2021-05-13T18:00:00Z,16.87,17.04,16.86,17.01,3257400
2021-05-13T19:00:00Z,17,17.03,16.84,16.93,1884600
2021-05-14T13:00:00Z,17.1,17.33,17.06,17.26,5486600
2021-05-14T14:00:00Z,17.26,17.31,17.09,17.16,2461700
2021-05-14T15:00:00Z,17.16,17.25,17.13,17.21,1810000
2021-05-14T16:00:00Z,17.21,17.25,17.15,17.24,1648800
2021-05-14T17:00:00Z,17.24,17.25,17.15,17.16,1632300
2021-05-14T18:00:00Z,17.17,17.32,17.15,17.27,1922300
2021-05-14T19:00:00Z,17.26,17.28,17.18,17.23,3515200
2021-05-17T13:00:00Z,17.23,17.32,17.1,17.19,1761800
2021-05-17T14:00:00Z,17.18,17.2,17.1,17.14,1121700
2021-05-17T15:00:00Z,17.13,17.32,17.11,17.32,4009600
2021-05-17T16:00:00Z,17.32,17.48,17.3,17.46,2881800
2021-05-17T17:00:00Z,17.46,17.48,17.39,17.39,1499100
2021-05-17T18:00:00Z,17.39,17.51,17.39,17.5,1712200
2021-05-17T19:00:00Z,17.49,17.53,17.42,17.42,2052500
2021-05-18T13:00:00Z,17.35,17.53,17.26,17.39,2571000
2021-05-18T14:00:00Z,17.39,17.44,17.35,17.42,1397800
2021-05-18T15:00:00Z,17.42,17.44,17.37,17.38,1514600
2021-05-18T16:00:00Z,17.38,17.49,17.34,17.47,1495500
2021-05-18T17:00:00Z,17.46,17.53,17.46,17.52,1247700
2021-05-18T18:00:00Z,17.52,17.57,17.45,17.56,2547300
2021-05-18T19:00:00Z,17.56,17.59,17.41,17.42,2734700
2021-05-19T13:00:00Z,17.37,17.6,17.33,17.51,2374500
2021-05-19T14:00:00Z,17.5,17.54,17.4,17.47,1898500
2021-05-19T15:00:00Z,17.47,17.54,17.44,17.52,1536400
2021-05-19T16:00:00Z,17.51,17.54,17.44,17.5,737300
2021-05-19T17:00:00Z,17.49,17.55,17.48,17.51,2624400
2021-05-19T18:00:00Z,17.51,17.6,17.45,17.53,3170800
2021-05-19T19:00:00Z,17.52,17.6,17.49,17.53,3696600
2021-05-20T13:00:00Z,17.55,17.56,17.43,17.45,1545500
2021-05-20T14:00:00Z,17.44,17.59,17.37,17.57,2596800
2021-05-20T15:00:00Z,17.57,17.64,17.48,17.56,1573700
2021-05-20T16:00:00Z,17.56,17.59,17.51,17.57,4025700
2021-05-20T17:00:00Z,17.56,17.6,17.52,17.58,1464800
2021-05-20T18:00:00Z,17.57,17.59,17.52,17.55,3860400
2021-05-20T19:00:00Z,17.54,17.57,17.51,17.55,3478500
2021-05-21T13:00:00Z,17.55,17.58,17.23,17.27,2830300
2021-05-21T14:00:00Z,17.27,17.5,17.26,17.39,3052900
2021-05-21T15:00:00Z,17.38,17.4,17.31,17.34,869200
2021-05-21T16:00:00Z,17.33,17.36,17.3,17.33,758600
2021-05-21T17:00:00Z,17.33,17.38,17.31,17.35,916600
2021-05-21T18:00:00Z,17.35,17.38,17.3,17.35,1337700
2021-05-21T19:00:00Z,17.34,17.63,17.32,17.63,8135500
2021-05-24T13:00:00Z,17.61,17.71,17.44,17.7,2329800
2021-05-24T14:00:00Z,17.7,17.72,17.51,17.54,1204100
2021-05-24T15:00:00Z,17.54,17.63,17.53,17.56,1116000
2021-05-24T16:00:00Z,17.57,17.73,17.55,17.69,1956700
2021-05-24T17:00:00Z,17.7,17.74,17.66,17.69,1878500
2021-05-24T18:00:00Z,17.7,17.73,17.66,17.69,1641100
2021-05-24T19:00:00Z,17.68,17.74,17.63,17.65,2191600
2021-05-25T13:00:00Z,17.76,17.8,17.59,17.64,1584800
2021-05-25T14:00:00Z,17.63,17.79,17.6,17.73,2004600
2021-05-25T15:00:00Z,17.73,17.74,17.57,17.62,2392300
2021-05-25T16:00:00Z,17.61,17.7,17.55,17.65,1025900
2021-05-25T17:00:00Z,17.65,17.67,17.54,17.58,1126400
2021-05-25T18:00:00Z,17.57,17.65,17.53,17.62,1555500
2021-05-25T19:00:00Z,17.61,17.63,17.53,17.54,2626100
2021-05-26T13:00:00Z,17.75,17.8,17.59,17.66,2638300
2021-05-26T14:00:00Z,17.66,17.7,17.6,17.69,1691300
2021-05-26T15:00:00Z,17.69,17.7,17.48,17.6,2096300
2021-05-26T16:00:00Z,17.6,17.6,17.51,17.55,2098000
2021-05-26T17:00:00Z,17.55,17.55,17.39,17.4,1690400
2021-05-26T18:00:00Z,17.4,17.5,17.32,17.47,2438800
2021-05-26T19:00:00Z,17.48,17.5,17.39,17.45,1892700
2021-05-27T13:00:00Z,17.38,17.44,17.26,17.41,2205300
2021-05-27T14:00:00Z,17.4,17.4,17.24,17.27,2743400
2021-05-27T15:00:00Z,17.28,17.35,17.22,17.27,2863700
2021-05-27T16:00:00Z,17.27,17.35,17.2,17.33,4290700
2021-05-27T17:00:00Z,17.33,17.46,17.32,17.46,3095800
2021-05-27T18:00:00Z,17.46,17.55,17.45,17.55,4787300
2021-05-27T19:00:00Z,17.54,17.68,17.51,17.68,6433000
2021-05-28T13:00:00Z,17.59,17.67,17.5,17.6,1882000
2021-05-28T14:00:00Z,17.6,17.67,17.52,17.63,1167400
2021-05-28T15:00:00Z,17.63,17.7,17.6,17.67,1947800
2021-05-28T16:00:00Z,17.68,17.75,17.63,17.66,1174500
2021-05-28T17:00:00Z,17.66,17.74,17.6,17.74,2507000
2021-05-28T18:00:00Z,17.74,17.89,17.72,17.84,2471200
2021-05-28T19:00:00Z,17.84,17.94,17.78,17.91,3831500
2021-05-31T13:00:00Z,17.74,17.84,17.71,17.8,1151700
2021-05-31T14:00:00Z,17.79,17.89,17.75,17.82,1365600
2021-05-31T15:00:00Z,17.82,17.87,17.74,17.87,1152500
2021-05-31T16:00:00Z,17.86,17.93,17.79,17.81,909300
2021-05-31T17:00:00Z,17.81,17.9,17.8,17.88,790200
2021-05-31T18:00:00Z,17.88,17.95,17.88,17.92,1320100
2021-05-31T19:00:00Z,17.92,17.95,17.88,17.88,1622700
2021-06-01T13:00:00Z,17.99,18.14,17.92,18.1,4544300
2021-06-01T14:00:00Z,18.1,18.32,18.1,18.28,5659800
2021-06-01T15:00:00Z,18.27,18.47,18.19,18.44,7559000
2021-06-01T16:00:00Z,18.44,18.85,18.43,18.8,13334500
2021-06-01T17:00:00Z,18.82,18.94,18.64,18.91,10630700
2021-06-01T18:00:00Z,18.9,18.98,18.73,18.9,9262000
2021-06-01T19:00:00Z,18.89,18.92,18.69,18.78,7200600
2021-06-02T13:00:00Z,18.77,18.96,18.62,18.87,2787900
2021-06-02T14:00:00Z,18.87,19.09,18.75,18.99,6868600
2021-06-02T15:00:00Z,18.99,19,18.77,18.92,2790600
2021-06-02T16:00:00Z,18.92,19.45,18.88,19.32,24015900
2021-06-02T17:00:00Z,19.32,19.53,19.25,19.52,5869900
2021-06-02T18:00:00Z,19.52,19.66,19.47,19.61,9196000
2021-06-02T19:00:00Z,19.61,19.61,19.14,19.27,5540800
2021-06-04T13:00:00Z,19.3,19.4,19.08,19.37,4642700
2021-06-04T14:00:00Z,19.38,19.46,19.09,19.11,6833500
2021-06-04T15:00:00Z,19.11,19.23,19.07,19.12,3416800
2021-06-04T16:00:00Z,19.11,19.16,19.09,19.11,1577600
2021-06-04T17:00:00Z,19.11,19.13,19.07,19.08,2222500
2021-06-04T18:00:00Z,19.08,19.25,19.06,19.22,5724400
2021-06-04T19:00:00Z,19.23,19.4,19.21,19.38,6318800
2021-06-07T13:00:00Z,19.32,19.43,19.23,19.24,1875700
2021-06-07T14:00:00Z,19.24,19.33,19.19,19.31,2580200
2021-06-07T15:00:00Z,19.31,19.35,19.2,19.32,3593100
2021-06-07T16:00:00Z,19.3,19.44,19.29,19.39,1821900
2021-06-07T17:00:00Z,19.39,19.55,19.37,19.51,2070800
2021-06-07T18:00:00Z,19.51,19.78,19.48,19.73,6764300
2021-06-07T19:00:00Z,19.73,19.82,19.56,19.66,5576000
2021-06-08T13:00:00Z,19.47,19.86,19.37,19.69,3642400
2021-06-08T14:00:00Z,19.68,19.75,19.65,19.74,3468900
2021-06-08T15:00:00Z,19.73,19.79,19.7,19.7,3324200
2021-06-08T16:00:00Z,19.7,19.7,19.59,19.64,2079900
2021-06-08T17:00:00Z,19.64,19.69,19.61,19.62,2617100
2021-06-08T18:00:00Z,19.62,19.62,19.51,19.59,2366500
2021-06-08T19:00:00Z,19.59,19.63,19.49,19.57,2338400
2021-06-09T13:00:00Z,19.59,19.76,19.53,19.59,3587900
2021-06-09T14:00:00Z,19.59,19.63,19.49,19.58,3757900
2021-06-09T15:00:00Z,19.59,19.71,19.54,19.66,1933400
2021-06-09T16:00:00Z,19.66,19.69,19.53,19.64,3112300
2021-06-09T17:00:00Z,19.64,19.64,19.53,19.57,1681100
2021-06-09T18:00:00Z,19.57,19.59,19.41,19.42,3832500
2021-06-09T19:00:00Z,19.42,19.52,19.28,19.3,4602300
2021-06-10T13:00:00Z,19.43,19.45,19.09,19.24,4598000
2021-06-10T14:00:00Z,19.25,19.42,19.19,19.29,3155800
2021-06-10T15:00:00Z,19.29,19.47,19.27,19.44,2072700
2021-06-10T16:00:00Z,19.44,19.47,19.4,19.42,1020500
2021-06-10T17:00:00Z,19.42,19.47,19.37,19.41,1694100
2021-06-10T18:00:00Z,19.41,19.44,19.32,19.33,839400
2021-06-10T19:00:00Z,19.34,19.45,19.31,19.32,1378100
2021-06-11T13:00:00Z,19.24,19.39,19.12,19.12,1706300
2021-06-11T14:00:00Z,19.12,19.28,19.12,19.22,8732600
2021-06-11T15:00:00Z,19.21,19.23,19.01,19.02,2744300
2021-06-11T16:00:00Z,19.03,19.04,18.92,18.95,5066000
2021-06-11T17:00:00Z,18.94,18.98,18.84,18.94,3841700
2021-06-11T18:00:00Z,18.94,18.95,18.87,18.93,4514400
2021-06-11T19:00:00Z,18.93,19.05,18.93,18.96,2580400
2021-06-14T13:00:00Z,19.03,19.45,18.99,19.44,3710100
2021-06-14T14:00:00Z,19.44,19.45,19.36,19.45,1989700
2021-06-14T15:00:00Z,19.45,19.5,19.44,19.46,2086700
2021-06-14T16:00:00Z,19.45,19.46,19.28,19.33,1674300
2021-06-14T17:00:00Z,19.32,19.41,19.3,19.38,2130800
2021-06-14T18:00:00Z,19.38,19.45,19.31,19.44,1375300
2021-06-14T19:00:00Z,19.44,19.48,19.35,19.39,2124100
2021-06-15T13:00:00Z,19.45,19.45,19.33,19.4,987400
2021-06-15T14:00:00Z,19.4,19.42,19.28,19.33,1040300
2021-06-15T15:00:00Z,19.33,19.34,19.19,19.25,1476100
2021-06-15T16:00:00Z,19.25,19.27,19.22,19.25,1008200
2021-06-15T17:00:00Z,19.24,19.25,19.16,19.16,1479500
2021-06-15T18:00:00Z,19.16,19.2,19.13,19.18,1827100
2021-06-15T19:00:00Z,19.18,19.28,19.14,19.21,1982300
2021-06-16T13:00:00Z,19.14,19.35,19.1,19.25,1192400
2021-06-16T14:00:00Z,19.24,19.25,19.11,19.15,1727900
2021-06-16T15:00:00Z,19.14,19.26,19.08,19.18,3278300
2021-06-16T16:00:00Z,19.19,19.29,19.18,19.28,2365700
2021-06-16T17:00:00Z,19.28,19.35,19.1,19.31,7884200
2021-06-16T18:00:00Z,19.31,19.31,19,19.11,8980300
2021-06-16T19:00:00Z,19.11,19.22,19.08,19.13,7282100
2021-06-17T13:00:00Z,19.11,19.52,19.11,19.24,4735400
2021-06-17T14:00:00Z,19.24,19.33,19.11,19.2,2529100
2021-06-17T15:00:00Z,19.2,19.2,18.99,19.01,2804400
2021-06-17T16:00:00Z,19.01,19.01,18.91,18.98,2183100
2021-06-17T17:00:00Z,18.98,19.08,18.92,19.03,2936300
2021-06-17T18:00:00Z,19.03,19.05,18.84,18.84,2047900
2021-06-17T19:00:00Z,18.84,18.97,18.82,18.97,2793700
2021-06-18T13:00:00Z,18.92,19.09,18.71,18.75,7386000
2021-06-18T14:00:00Z,18.75,18.86,18.73,18.73,1412000
2021-06-18T15:00:00Z,18.73,18.79,18.68,18.76,779800
2021-06-18T16:00:00Z,18.77,18.78,18.71,18.72,648500
2021-06-18T17:00:00Z,18.72,18.78,18.64,18.78,1632700
2021-06-18T18:00:00Z,18.78,18.86,18.73,18.77,3688100
2021-06-18T19:00:00Z,18.77,18.86,18.69,18.8,3276500
2021-06-21T13:00:00Z,18.7,18.75,18.56,18.61,1918100
2021-06-21T14:00:00Z,18.61,18.84,18.57,18.82,2507800
2021-06-21T15:00:00Z,18.82,18.88,18.81,18.83,1041900
2021-06-21T16:00:00Z,18.82,18.86,18.7,18.78,1071800
2021-06-21T17:00:00Z,18.78,18.82,18.7,18.71,648500
2021-06-21T18:00:00Z,18.72,18.85,18.7,18.78,2462200
2021-06-21T19:00:00Z,18.78,18.79,18.7,18.74,1715900
2021-06-22T13:00:00Z,18.57,18.67,18.29,18.33,4961300
2021-06-22T14:00:00Z,18.34,18.37,18.17,18.21,4122100
2021-06-22T15:00:00Z,18.21,18.42,18.21,18.23,5108500
2021-06-22T16:00:00Z,18.23,18.25,18.12,18.15,3149400
2021-06-22T17:00:00Z,18.15,18.22,18.07,18.16,4664700
2021-06-22T18:00:00Z,18.16,18.19,18.07,18.11,2893600
2021-06-22T19:00:00Z,18.11,18.22,18.08,18.21,4080700
2021-06-23T13:00:00Z,18.13,18.34,18.04,18.34,5085100
2021-06-23T14:00:00Z,18.34,18.42,18.15,18.2,2600900
2021-06-23T15:00:00Z,18.21,18.21,18.1,18.13,2741400
2021-06-23T16:00:00Z,18.13,18.13,17.95,17.95,2290600
2021-06-23T17:00:00Z,17.95,18.02,17.93,18.01,1938100
2021-06-23T18:00:00Z,18.01,18.02,17.9,17.95,2045300
2021-06-23T19:00:00Z,17.95,17.99,17.9,17.96,2848800
2021-06-24T13:00:00Z,18.1,18.1,17.81,17.91,5529200
2021-06-24T14:00:00Z,17.91,17.95,17.72,17.79,4497500
2021-06-24T15:00:00Z,17.78,17.84,17.77,17.82,1905900
2021-06-24T16:00:00Z,17.81,17.88,17.78,17.82,1319000
2021-06-24T17:00:00Z,17.83,17.9,17.82,17.87,1672100
2021-06-24T18:00:00Z,17.87,17.9,17.81,17.84,1843900
2021-06-24T19:00:00Z,17.84,17.94,17.84,17.87,2048000
2021-06-25T13:00:00Z,17.83,18,17.77,17.79,1499200
2021-06-25T14:00:00Z,17.8,17.81,17.66,17.68,1910300
2021-06-25T15:00:00Z,17.67,17.71,17.5,17.62,4637900
2021-06-25T16:00:00Z,17.62,17.63,17.54,17.56,1971200
2021-06-25T17:00:00Z,17.56,17.57,17.39,17.52,5338200
2021-06-25T18:00:00Z,17.52,17.52,17.3,17.32,4361500
2021-06-25T19:00:00Z,17.32,17.33,17.07,17.09,20743700
2021-06-28T13:00:00Z,17.17,17.4,17,17.17,10489900
2021-06-28T14:00:00Z,17.17,17.31,17.1,17.19,4499900
2021-06-28T15:00:00Z,17.19,17.34,17.14,17.34,2380100
2021-06-28T16:00:00Z,17.33,17.54,17.28,17.53,3866900
2021-06-28T17:00:00Z,17.54,17.62,17.47,17.6,3567300
2021-06-28T18:00:00Z,17.6,17.65,17.54,17.62,5236300
2021-06-28T19:00:00Z,17.63,17.63,17.41,17.41,6986000
2021-06-29T13:00:00Z,17.35,17.5,17.13,17.14,3317600
2021-06-29T14:00:00Z,17.14,17.15,16.9,17.08,5133100
2021-06-29T15:00:00Z,17.09,17.16,16.95,17.09,6199100
2021-06-29T16:00:00Z,17.09,17.11,17.03,17.07,7080900
2021-06-29T17:00:00Z,17.07,17.21,17.07,17.14,3740700
2021-06-29T18:00:00Z,17.15,17.19,17.1,17.18,3117800
2021-06-29T19:00:00Z,17.19,17.38,17.15,17.34,16452800
2021-06-30T13:00:00Z,17.15,17.46,17.1,17.38,4849600
2021-06-30T14:00:00Z,17.38,17.43,17.2,17.22,3052700
2021-06-30T15:00:00Z,17.23,17.31,17.13,17.23,2422100
2021-06-30T16:00:00Z,17.22,17.26,17.11,17.14,2236600
2021-06-30T17:00:00Z,17.15,17.17,17.02,17.11,4837500
2021-06-30T18:00:00Z,17.11,17.12,17.03,17.08,2557900
2021-06-30T19:00:00Z,17.08,17.15,17.05,17.06,4019800
2021-07-01T13:00:00Z,16.86,17.17,16.82,17.08,4858000
2021-07-01T14:00:00Z,17.08,17.23,17.02,17.18,5269600
2021-07-01T15:00:00Z,17.18,17.3,17.14,17.24,6552200
2021-07-01T16:00:00Z,17.24,17.3,17.12,17.25,3192300
2021-07-01T17:00:00Z,17.24,17.32,17.18,17.25,3723600
2021-07-01T18:00:00Z,17.25,17.32,17.19,17.24,5623200
2021-07-01T19:00:00Z,17.24,17.32,17.2,17.23,6007100
2021-07-02T13:00:00Z,17.39,17.59,17.25,17.49,4187600
2021-07-02T14:00:00Z,17.5,17.55,17.3,17.33,2796300
2021-07-02T15:00:00Z,17.33,17.48,17.32,17.46,3585000
2021-07-02T16:00:00Z,17.46,17.52,17.43,17.5,2035200
2021-07-02T17:00:00Z,17.49,17.6,17.49,17.5,1862900
2021-07-02T18:00:00Z,17.49,17.63,17.49,17.54,3106400
2021-07-02T19:00:00Z,17.53,17.57,17.47,17.5,3015600
2021-07-05T13:00:00Z,17.42,17.52,17.36,17.4,1069400
2021-07-05T14:00:00Z,17.4,17.5,17.39,17.49,1418800
2021-07-05T15:00:00Z,17.5,17.67,17.49,17.57,2002300
2021-07-05T16:00:00Z,17.57,17.85,17.57,17.75,2939100
2021-07-05T17:00:00Z,17.76,17.93,17.75,17.92,2958900
2021-07-05T18:00:00Z,17.92,17.99,17.88,17.96,2884200
2021-07-05T19:00:00Z,17.95,18,17.9,17.99,3305900
2021-07-06T13:00:00Z,17.74,17.86,17.6,17.62,4895800
2021-07-06T14:00:00Z,17.61,17.66,17.46,17.5,9014800
2021-07-06T15:00:00Z,17.5,17.6,17.45,17.5,2364800
2021-07-06T16:00:00Z,17.51,17.53,17.43,17.45,1214500
2021-07-06T17:00:00Z,17.46,17.48,17.37,17.4,1723900
2021-07-06T18:00:00Z,17.4,17.46,17.32,17.4,5426400
2021-07-06T19:00:00Z,17.41,17.65,17.38,17.65,5070500
2021-07-07T13:00:00Z,17.69,17.87,17.61,17.7,4634200
2021-07-07T14:00:00Z,17.7,17.76,17.56,17.61,6208900
2021-07-07T15:00:00Z,17.61,17.73,17.59,17.66,983800
2021-07-07T16:00:00Z,17.66,17.72,17.6,17.7,2611500
2021-07-07T17:00:00Z,17.7,17.74,17.68,17.7,1538400
2021-07-07T18:00:00Z,17.7,17.79,17.67,17.73,4324900
2021-07-07T19:00:00Z,17.73,17.9,17.66,17.89,3259900
2021-07-08T13:00:00Z,17.47,17.63,17.41,17.46,2886600
2021-07-08T14:00:00Z,17.46,17.52,17.35,17.51,3283000
2021-07-08T15:00:00Z,17.51,17.57,17.44,17.5,1443300
2021-07-08T16:00:00Z,17.5,17.51,17.4,17.44,1243400
2021-07-08T17:00:00Z,17.44,17.5,17.34,17.35,1350300
2021-07-08T18:00:00Z,17.34,17.38,17.27,17.31,2473800
2021-07-08T19:00:00Z,17.31,17.42,17.28,17.41,2819300
2021-07-12T13:00:00Z,17.51,17.67,17.34,17.36,2454700
2021-07-12T14:00:00Z,17.36,17.52,17.29,17.5,1907100
2021-07-12T15:00:00Z,17.49,17.57,17.44,17.55,1710600
2021-07-12T16:00:00Z,17.54,17.7,17.54,17.7,1903700
2021-07-12T17:00:00Z,17.69,17.72,17.57,17.64,1428000
2021-07-12T18:00:00Z,17.64,17.68,17.62,17.67,1922300
2021-07-12T19:00:00Z,17.67,17.72,17.62,17.62,3003400
2021-07-13T13:00:00Z,17.49,17.69,17.42,17.62,2056200
2021-07-13T14:00:00Z,17.62,17.72,17.55,17.62,1508500
2021-07-13T15:00:00Z,17.61,17.79,17.51,17.79,7107400
2021-07-13T16:00:00Z,17.79,17.85,17.74,17.83,1636900
2021-07-13T17:00:00Z,17.83,17.87,17.78,17.86,1781600
2021-07-13T18:00:00Z,17.86,17.86,17.79,17.81,3599200
2021-07-13T19:00:00Z,17.8,17.9,17.8,17.86,3099200
2021-07-14T13:00:00Z,18.1,18.17,17.94,18.13,3164600
2021-07-14T14:00:00Z,18.12,18.17,17.99,17.99,3183000
2021-07-14T15:00:00Z,17.99,18.02,17.87,17.9,2662300
2021-07-14T16:00:00Z,17.91,18.09,17.9,17.97,1991600
2021-07-14T17:00:00Z,17.98,18,17.92,17.93,2582000
2021-07-14T18:00:00Z,17.94,17.96,17.76,17.92,8514300
2021-07-14T19:00:00Z,17.93,17.97,17.82,17.86,2603900
2021-07-15T13:00:00Z,17.95,17.95,17.66,17.68,1994100
2021-07-15T14:00:00Z,17.69,17.78,17.56,17.62,3195300
2021-07-15T15:00:00Z,17.61,17.63,17.51,17.52,2689800
2021-07-15T16:00:00Z,17.52,17.55,17.46,17.54,5545500
2021-07-15T17:00:00Z,17.54,17.6,17.52,17.52,2141500
2021-07-15T18:00:00Z,17.53,17.62,17.5,17.61,2262200
2021-07-15T19:00:00Z,17.61,17.63,17.56,17.63,2039900
2021-07-16T13:00:00Z,17.73,17.78,17.56,17.64,2244700
2021-07-16T14:00:00Z,17.65,17.65,17.47,17.53,5432200
2021-07-16T15:00:00Z,17.53,17.63,17.48,17.58,1864600
2021-07-16T16:00:00Z,17.57,17.58,17.47,17.49,2134500
2021-07-16T17:00:00Z,17.5,17.54,17.44,17.53,991800
2021-07-16T18:00:00Z,17.54,17.56,17.49,17.54,1343000
2021-07-16T19:00:00Z,17.54,17.55,17.43,17.43,1605200
2021-07-19T13:00:00Z,17.24,17.31,16.99,17.14,3105700
2021-07-19T14:00:00Z,17.13,17.23,17.08,17.09,2483600
2021-07-19T15:00:00Z,17.1,17.14,17.04,17.12,1857900
2021-07-19T16:00:00Z,17.12,17.12,16.96,16.96,2427700
2021-07-19T17:00:00Z,16.96,17.04,16.96,16.98,2250300
2021-07-19T18:00:00Z,16.99,17.03,16.93,17,3305700
2021-07-19T19:00:00Z,17,17.02,16.9,16.98,4362300
2021-07-20T13:00:00Z,17.03,17.16,16.87,17.14,3322200
2021-07-20T14:00:00Z,17.15,17.15,16.98,17,2488000
2021-07-20T15:00:00Z,17,17.08,16.96,16.96,2365500
2021-07-20T16:00:00Z,16.95,17.04,16.92,17,886100
2021-07-20T17:00:00Z,17,17.05,16.95,17.02,1256100
2021-07-20T18:00:00Z,17.01,17.14,17,17.11,1942400
2021-07-20T19:00:00Z,17.1,17.13,17.02,17.06,2208600
2021-07-21T13:00:00Z,17.07,17.22,17.05,17.16,1630800
2021-07-21T14:00:00Z,17.16,17.19,16.96,17.05,2382100
2021-07-21T15:00:00Z,17.04,17.08,16.97,17.03,844800
2021-07-21T16:00:00Z,17.04,17.13,17.03,17.1,1448700
2021-07-21T17:00:00Z,17.1,17.15,17.03,17.05,1250600
2021-07-21T18:00:00Z,17.04,17.1,17.01,17.1,1607600
2021-07-21T19:00:00Z,17.1,17.19,17.08,17.16,3455800
2021-07-22T13:00:00Z,17.14,17.2,17.03,17.08,2827500
2021-07-22T14:00:00Z,17.08,17.13,17.03,17.04,1789600
2021-07-22T15:00:00Z,17.04,17.07,16.94,16.97,1755000
2021-07-22T16:00:00Z,16.97,17.05,16.93,16.94,1762200
2021-07-22T17:00:00Z,16.94,17,16.89,16.99,1571200
2021-07-22T18:00:00Z,17,17.06,16.98,17.05,1899900
2021-07-22T19:00:00Z,17.04,17.07,16.98,17.03,3222200
2021-07-23T13:00:00Z,17.11,17.12,16.88,16.92,1444900
2021-07-23T14:00:00Z,16.93,16.95,16.89,16.93,938700
2021-07-23T15:00:00Z,16.93,16.94,16.81,16.88,1206700
2021-07-23T16:00:00Z,16.87,16.9,16.77,16.81,1650200
2021-07-23T17:00:00Z,16.81,16.84,16.75,16.79,1564000
2021-07-23T18:00:00Z,16.79,16.83,16.73,16.82,1631000
2021-07-23T19:00:00Z,16.82,16.83,16.74,16.79,1865300
2021-07-26T13:00:00Z,16.75,17.01,16.72,17,1662400
2021-07-26T14:00:00Z,17,17.09,16.93,17.03,2075800
2021-07-26T15:00:00Z,17.03,17.13,17.03,17.08,1065300
2021-07-26T16:00:00Z,17.08,17.09,17.04,17.06,838400
2021-07-26T17:00:00Z,17.07,17.07,16.98,17.03,1085700
2021-07-26T18:00:00Z,17.03,17.04,17,17.02,1090200
2021-07-26T19:00:00Z,17.01,17.04,16.97,17.04,1353100
2021-07-27T13:00:00Z,17,17.08,16.87,16.89,1199600
2021-07-27T14:00:00Z,16.9,16.91,16.83,16.9,1609900
2021-07-27T15:00:00Z,16.91,16.96,16.86,16.93,938300
2021-07-27T16:00:00Z,16.94,16.96,16.87,16.87,1104000
2021-07-27T17:00:00Z,16.88,16.88,16.8,16.84,1006800
2021-07-27T18:00:00Z,16.83,16.93,16.83,16.91,1652600
2021-07-27T19:00:00Z,16.91,16.92,16.86,16.92,1701100
2021-07-28T13:00:00Z,17.04,17.09,16.92,16.94,2147900
2021-07-28T14:00:00Z,16.93,17.02,16.91,16.95,2843100
2021-07-28T15:00:00Z,16.96,16.99,16.85,16.95,1845700
2021-07-28T16:00:00Z,16.95,17.12,16.95,17.1,3489500
2021-07-28T17:00:00Z,17.1,17.22,16.98,17.1,3886700
2021-07-28T18:00:00Z,17.09,17.22,17.03,17.16,3971600
2021-07-28T19:00:00Z,17.15,17.28,17.08,17.2,6380900
2021-07-29T13:00:00Z,17.22,17.23,16.53,16.67,15500800
2021-07-29T14:00:00Z,16.67,16.85,16.67,16.81,6061300
2021-07-29T15:00:00Z,16.8,17,16.79,16.97,5197400
2021-07-29T16:00:00Z,16.96,16.99,16.8,16.92,2992700
2021-07-29T17:00:00Z,16.92,17.23,16.9,17.2,5882800
2021-07-29T18:00:00Z,17.21,17.39,17.09,17.15,8917900
2021-07-29T19:00:00Z,17.14,17.29,17.09,17.2,5333400
2021-07-30T13:00:00Z,17,17.34,17,17.3,2623500
2021-07-30T14:00:00Z,17.28,17.31,17.07,17.09,2779400
2021-07-30T15:00:00Z,17.07,17.12,16.93,16.99,2171100
2021-07-30T16:00:00Z,16.98,17.05,16.85,16.92,1540900
2021-07-30T17:00:00Z,16.92,16.92,16.72,16.77,2058200
2021-07-30T18:00:00Z,16.78,16.8,16.67,16.75,3039200
2021-07-30T19:00:00Z,16.75,16.87,16.67,16.67,2921300
2021-08-02T13:00:00Z,16.9,17.04,16.86,17.04,2574100
2021-08-02T14:00:00Z,17.04,17.17,16.97,17.11,3026800
2021-08-02T15:00:00Z,17.11,17.16,17.03,17.04,2101800
2021-08-02T16:00:00Z,17.04,17.17,16.99,17.11,2288200
2021-08-02T17:00:00Z,17.11,17.16,17.04,17.11,1726700
2021-08-02T18:00:00Z,17.11,17.13,16.98,16.98,1992700
2021-08-02T19:00:00Z,16.99,17.01,16.89,16.97,2932400
2021-08-03T13:00:00Z,16.84,16.88,16.58,16.59,3343400
2021-08-03T14:00:00Z,16.6,16.8,16.58,16.76,4392100
2021-08-03T15:00:00Z,16.76,17.03,16.75,17,3170000
2021-08-03T16:00:00Z,17,17.15,16.99,17.14,2217500
2021-08-03T17:00:00Z,17.13,17.18,17.08,17.08,2220100
2021-08-03T18:00:00Z,17.09,17.24,17.08,17.16,2867100
2021-08-03T19:00:00Z,17.16,17.2,17.04,17.04,3939300
2021-08-04T13:00:00Z,16.91,17.06,16.82,16.86,2495000
2021-08-04T14:00:00Z,16.86,16.88,16.65,16.74,3585200
2021-08-04T15:00:00Z,16.73,16.75,16.59,16.63,2692500
2021-08-04T16:00:00Z,16.63,16.77,16.61,16.73,1480500
2021-08-04T17:00:00Z,16.73,16.8,16.67,16.78,1601100
2021-08-04T18:00:00Z,16.78,16.83,16.69,16.73,1606900
2021-08-04T19:00:00Z,16.72,16.76,16.65,16.75,2837600
2021-08-05T13:00:00Z,16.8,16.92,16.69,16.8,3313600
2021-08-05T14:00:00Z,16.8,16.85,16.74,16.76,2229500
2021-08-05T15:00:00Z,16.75,16.82,16.7,16.77,1289700
2021-08-05T16:00:00Z,16.76,16.79,16.67,16.68,1424800
2021-08-05T17:00:00Z,16.68,16.69,16.62,16.69,1635600
2021-08-05T18:00:00Z,16.69,16.72,16.59,16.68,2828100
2021-08-05T19:00:00Z,16.68,16.7,16.6,16.68,2814500
2021-08-06T13:00:00Z,16.7,16.84,16.66,16.84,1558900
2021-08-06T14:00:00Z,16.84,16.94,16.75,16.94,2285600
2021-08-06T15:00:00Z,16.94,17.05,16.87,16.97,2854900
2021-08-06T16:00:00Z,16.96,17.09,16.92,17.09,2425900
2021-08-06T17:00:00Z,17.08,17.17,17.07,17.09,2818700
2021-08-06T18:00:00Z,17.09,17.1,17.04,17.09,2026400
2021-08-06T19:00:00Z,17.09,17.1,17.02,17.09,3052000
2021-08-09T13:00:00Z,17.11,17.36,17,17.25,2066300
2021-08-09T14:00:00Z,17.25,17.33,17.18,17.22,2591400
2021-08-09T15:00:00Z,17.22,17.33,17.17,17.23,1906400
2021-08-09T16:00:00Z,17.22,17.24,17.13,17.19,1349000
2021-08-09T17:00:00Z,17.18,17.32,17.15,17.27,2115100
2021-08-09T18:00:00Z,17.26,17.34,17.26,17.27,1696800
2021-08-09T19:00:00Z,17.27,17.28,17.07,17.14,2446900
2021-08-10T13:00:00Z,17.15,17.15,16.85,16.89,2982200
2021-08-10T14:00:00Z,16.88,16.92,16.8,16.84,2535000
2021-08-10T15:00:00Z,16.85,16.94,16.83,16.88,2188200
2021-08-10T16:00:00Z,16.88,16.92,16.77,16.82,2552600
2021-08-10T17:00:00Z,16.83,16.83,16.72,16.77,1981500
2021-08-10T18:00:00Z,16.77,16.87,16.77,16.78,2439000
2021-08-10T19:00:00Z,16.78,16.85,16.72,16.73,3671100
2021-08-11T13:00:00Z,16.71,16.73,16.46,16.58,3474700
2021-08-11T14:00:00Z,16.58,16.63,16.49,16.59,2040000
2021-08-11T15:00:00Z,16.6,16.78,16.58,16.72,2410200
2021-08-11T16:00:00Z,16.72,16.81,16.72,16.78,1642700
2021-08-11T17:00:00Z,16.79,16.82,16.73,16.74,1136500
2021-08-11T18:00:00Z,16.73,16.74,16.67,16.69,1124500
2021-08-11T19:00:00Z,16.7,16.72,16.57,16.57,2519600
2021-08-12T13:00:00Z,16.57,16.73,16.52,16.68,2533300
2021-08-12T14:00:00Z,16.68,16.69,16.5,16.65,1662200
2021-08-12T15:00:00Z,16.64,16.69,16.62,16.64,2012100
2021-08-12T16:00:00Z,16.63,16.76,16.62,16.7,971700
2021-08-12T17:00:00Z,16.7,16.78,16.67,16.7,1887500
2021-08-12T18:00:00Z,16.7,16.75,16.66,16.72,1593900
2021-08-12T19:00:00Z,16.71,16.74,16.53,16.57,2121100
2021-08-13T13:00:00Z,16.59,16.59,16.38,16.43,2621500
2021-08-13T14:00:00Z,16.43,16.49,16.3,16.36,1923300
2021-08-13T15:00:00Z,16.36,16.47,16.35,16.46,1034700
2021-08-13T16:00:00Z,16.46,16.53,16.41,16.5,991500
2021-08-13T17:00:00Z,16.5,16.56,16.42,16.46,1143700
2021-08-13T18:00:00Z,16.46,16.59,16.4,16.59,2819700
2021-08-13T19:00:00Z,16.59,16.66,16.53,16.55,4090800
2021-08-16T13:00:00Z,16.53,16.7,16.44,16.51,1918800
2021-08-16T14:00:00Z,16.51,16.57,16.37,16.38,2412500
2021-08-16T15:00:00Z,16.38,16.46,16.35,16.44,2422400
2021-08-16T16:00:00Z,16.44,16.45,16.33,16.4,2456600
2021-08-16T17:00:00Z,16.4,16.43,16.36,16.37,1843600
2021-08-16T18:00:00Z,16.38,16.45,16.35,16.42,2088300
2021-08-16T19:00:00Z,16.41,16.44,16.35,16.4,2640500
2021-08-17T13:00:00Z,16.39,16.49,16.25,16.36,3587400
2021-08-17T14:00:00Z,16.37,16.4,16.28,16.33,3450000
2021-08-17T15:00:00Z,16.33,16.39,16.25,16.32,2891200
2021-08-17T16:00:00Z,16.32,16.35,16.19,16.24,3204300
2021-08-17T17:00:00Z,16.23,16.29,16.11,16.16,3477100
2021-08-17T18:00:00Z,16.17,16.26,16.16,16.25,2771800
2021-08-17T19:00:00Z,16.25,16.37,16.23,16.31,4260100
2021-08-18T13:00:00Z,16.3,16.39,16.22,16.36,2437000
2021-08-18T14:00:00Z,16.35,16.5,16.27,16.49,3972900
2021-08-18T15:00:00Z,16.48,16.51,16.37,16.46,2954100
2021-08-18T16:00:00Z,16.47,16.63,16.42,16.62,2527400
2021-08-18T17:00:00Z,16.63,16.82,16.62,16.72,3017500
2021-08-18T18:00:00Z,16.73,16.75,16.56,16.59,3101000
2021-08-18T19:00:00Z,16.6,16.65,16.37,16.48,2977400
2021-08-19T13:00:00Z,16.46,16.67,16.41,16.64,2766200
2021-08-19T14:00:00Z,16.64,16.66,16.48,16.57,3414700
2021-08-19T15:00:00Z,16.57,16.76,16.56,16.75,2619000
2021-08-19T16:00:00Z,16.76,16.91,16.7,16.86,2823000
2021-08-19T17:00:00Z,16.86,16.97,16.76,16.87,2375800
2021-08-19T18:00:00Z,16.87,17.14,16.86,17.11,14759800
2021-08-19T19:00:00Z,17.12,17.27,17.09,17.1,8618700
2021-08-20T13:00:00Z,16.91,17.13,16.91,17.04,3347400
2021-08-20T14:00:00Z,17.03,17.25,17,17.23,3156900
2021-08-20T15:00:00Z,17.23,17.32,17.2,17.31,2850900
2021-08-20T16:00:00Z,17.3,17.58,17.3,17.53,8963600
2021-08-20T17:00:00Z,17.53,17.6,17.43,17.55,4579300
2021-08-20T18:00:00Z,17.54,17.6,17.48,17.51,4114900
2021-08-20T19:00:00Z,17.51,17.56,17.46,17.54,4361800
2021-08-23T13:00:00Z,17.51,17.58,17.32,17.39,2936700
2021-08-23T14:00:00Z,17.4,17.41,17.24,17.37,2523700
2021-08-23T15:00:00Z,17.37,17.44,17.23,17.26,2490600
2021-08-23T16:00:00Z,17.27,17.33,17.22,17.29,1072900
2021-08-23T17:00:00Z,17.3,17.48,17.29,17.36,1579000
2021-08-23T18:00:00Z,17.36,17.4,17.33,17.34,1159600
2021-08-23T19:00:00Z,17.35,17.44,17.34,17.41,1503400
2021-08-24T13:00:00Z,17.48,17.53,17.35,17.47,1857300
2021-08-24T14:00:00Z,17.47,17.52,17.4,17.4,1631100
2021-08-24T15:00:00Z,17.41,17.55,17.4,17.43,1884900
2021-08-24T16:00:00Z,17.42,17.62,17.4,17.58,4389800
2021-08-24T17:00:00Z,17.58,17.63,17.51,17.6,1370300
2021-08-24T18:00:00Z,17.59,17.67,17.58,17.61,1410900
2021-08-24T19:00:00Z,17.6,17.64,17.55,17.56,2796800
2021-08-25T13:00:00Z,17.5,17.6,17.34,17.52,3730300
2021-08-25T14:00:00Z,17.54,17.62,17.48,17.5,2127200
2021-08-25T15:00:00Z,17.51,17.6,17.47,17.49,1687900
2021-08-25T16:00:00Z,17.5,17.54,17.44,17.45,1362200
2021-08-25T17:00:00Z,17.46,17.49,17.43,17.47,1083100
2021-08-25T18:00:00Z,17.47,17.54,17.44,17.5,1412100
2021-08-25T19:00:00Z,17.5,17.54,17.47,17.54,1065900
2021-08-26T13:00:00Z,17.4,17.46,17.3,17.35,2457500
2021-08-26T14:00:00Z,17.35,17.36,17.15,17.2,2773700
2021-08-26T15:00:00Z,17.21,17.28,17.15,17.27,1583500
2021-08-26T16:00:00Z,17.27,17.33,17.25,17.28,1862500
2021-08-26T17:00:00Z,17.28,17.33,17.23,17.3,1865900
2021-08-26T18:00:00Z,17.29,17.3,17.2,17.21,1641100
2021-08-26T19:00:00Z,17.21,17.25,17.06,17.1,4182200
2021-08-27T13:00:00Z,17.18,17.18,17.02,17.03,3628300
2021-08-27T14:00:00Z,17.03,17.1,16.97,17.01,4696100
2021-08-27T15:00:00Z,17.02,17.04,16.91,16.94,2179800
2021-08-27T16:00:00Z,16.94,17.09,16.92,17.08,1198200
2021-08-27T17:00:00Z,17.09,17.1,17.03,17.05,799000
2021-08-27T18:00:00Z,17.05,17.07,16.92,16.96,1397000
2021-08-27T19:00:00Z,16.96,17.02,16.95,16.99,1253900
2021-08-30T13:00:00Z,16.96,17.02,16.81,17,4054600
2021-08-30T14:00:00Z,17,17.15,16.98,17.14,2715800
2021-08-30T15:00:00Z,17.15,17.23,17.1,17.14,2426100
2021-08-30T16:00:00Z,17.15,17.19,17.12,17.18,679900
2021-08-30T17:00:00Z,17.18,17.19,17.05,17.07,1074500
2021-08-30T18:00:00Z,17.07,17.14,17.05,17.14,2281800
2021-08-30T19:00:00Z,17.15,17.2,17.09,17.13,1857100
2021-08-31T13:00:00Z,17.15,17.17,16.97,17.03,1259800
2021-08-31T14:00:00Z,17.03,17.07,16.96,17.02,1528000
2021-08-31T15:00:00Z,17,17.08,16.95,16.98,1257500
2021-08-31T16:00:00Z,16.98,17.01,16.84,16.87,1498500
2021-08-31T17:00:00Z,16.87,16.89,16.81,16.87,3059400
2021-08-31T18:00:00Z,16.88,16.92,16.84,16.88,2627300
2021-08-31T19:00:00Z,16.88,17.02,16.86,16.95,3155100
2021-09-01T13:00:00Z,17.16,17.32,17.04,17.24,1498400
2021-09-01T14:00:00Z,17.24,17.38,17.17,17.19,3025800
2021-09-01T15:00:00Z,17.19,17.21,17.07,17.15,3096400
2021-09-01T16:00:00Z,17.14,17.28,17.14,17.22,2409200
2021-09-01T17:00:00Z,17.21,17.36,17.19,17.27,1150700
2021-09-01T18:00:00Z,17.27,17.33,17.23,17.23,1787300
2021-09-01T19:00:00Z,17.23,17.27,17.18,17.2,2694000
2021-09-02T13:00:00Z,17.12,17.12,16.75,16.86,4693300
2021-09-02T14:00:00Z,16.86,16.87,16.65,16.66,4314800
2021-09-02T15:00:00Z,16.66,16.76,16.65,16.67,2736300
2021-09-02T16:00:00Z,16.66,16.68,16.58,16.6,2245300
2021-09-02T17:00:00Z,16.6,16.65,16.39,16.55,5280100
2021-09-02T18:00:00Z,16.54,16.66,16.47,16.66,6131800
2021-09-02T19:00:00Z,16.65,16.67,16.54,16.58,6155900
2021-09-03T13:00:00Z,16.64,16.68,16.48,16.58,2114100
2021-09-03T14:00:00Z,16.58,16.62,16.54,16.58,3894600
2021-09-03T15:00:00Z,16.57,16.62,16.44,16.5,4470000
2021-09-03T16:00:00Z,16.5,16.61,16.49,16.51,3157900
2021-09-03T17:00:00Z,16.5,16.57,16.45,16.54,2427200
2021-09-03T18:00:00Z,16.54,16.75,16.54,16.74,5088600
2021-09-03T19:00:00Z,16.74,16.76,16.5,16.53,2691000
2021-09-06T13:00:00Z,16.56,16.76,16.32,16.76,1547200
2021-09-06T14:00:00Z,16.75,16.85,16.67,16.73,1171600
2021-09-06T15:00:00Z,16.72,16.78,16.69,16.74,712800
2021-09-06T16:00:00Z,16.73,16.84,16.73,16.79,407100
2021-09-06T17:00:00Z,16.77,16.84,16.77,16.8,399400
2021-09-06T18:00:00Z,16.8,16.94,16.74,16.92,860800
2021-09-06T19:00:00Z,16.91,17.1,16.87,17.08,2103100
2021-09-08T13:00:00Z,16.99,17.01,16.76,16.84,4942800
2021-09-08T14:00:00Z,16.84,16.86,16.5,16.62,5213500
2021-09-08T15:00:00Z,16.63,16.68,16.44,16.46,3783200
2021-09-08T16:00:00Z,16.46,16.48,16.34,16.36,4747500
2021-09-08T17:00:00Z,16.36,16.41,16.31,16.36,5104800
2021-09-08T18:00:00Z,16.36,16.4,16.22,16.3,4939400
2021-09-08T19:00:00Z,16.3,16.36,16.22,16.31,5609000
2021-09-09T13:00:00Z,16.2,16.36,16.06,16.19,5270100
2021-09-09T14:00:00Z,16.19,16.32,16.11,16.19,2756500
2021-09-09T15:00:00Z,16.2,16.23,16.05,16.12,1479500
2021-09-09T16:00:00Z,16.12,16.26,16.12,16.19,1192300
2021-09-09T17:00:00Z,16.19,16.2,16.05,16.12,1935500
2021-09-09T18:00:00Z,16.12,16.17,16.06,16.12,1721300
2021-09-09T19:00:00Z,16.13,16.5,16.01,16.25,9135400
2021-09-10T13:00:00Z,16.43,16.63,16.43,16.49,6609300
2021-09-10T14:00:00Z,16.5,16.52,16.38,16.42,3789300
2021-09-10T15:00:00Z,16.42,16.53,16.37,16.38,2303800
2021-09-10T16:00:00Z,16.39,16.44,16.33,16.38,1919400
2021-09-10T17:00:00Z,16.37,16.39,16.16,16.26,2696400
2021-09-10T18:00:00Z,16.27,16.33,16.22,16.26,1578100
2021-09-10T19:00:00Z,16.26,16.5,16.11,16.11,2445700
2021-09-13T13:00:00Z,16.53,16.53,16.28,16.4,2932700
2021-09-13T14:00:00Z,16.4,16.54,16.32,16.48,2867700
2021-09-13T15:00:00Z,16.49,16.57,16.42,16.54,1635500
2021-09-13T16:00:00Z,16.53,16.6,16.48,16.52,1898300
2021-09-13T17:00:00Z,16.53,16.56,16.41,16.45,1678300
2021-09-13T18:00:00Z,16.45,16.47,16.33,16.41,1350400
2021-09-13T19:00:00Z,16.42,16.42,16.31,16.37,850400
2021-09-14T13:00:00Z,16.41,16.57,16.37,16.56,1572100
2021-09-14T14:00:00Z,16.56,16.56,16.39,16.43,1657100
2021-09-14T15:00:00Z,16.43,16.67,16.41,16.67,2113900
2021-09-14T16:00:00Z,16.67,16.67,16.56,16.57,1603000
2021-09-14T17:00:00Z,16.58,16.6,16.45,16.52,1420300
2021-09-14T18:00:00Z,16.51,16.55,16.45,16.49,1168800
2021-09-14T19:00:00Z,16.49,16.49,16.38,16.44,1457400
2021-09-15T13:00:00Z,16.46,16.49,16.27,16.39,2486800
2021-09-15T14:00:00Z,16.4,16.41,16.19,16.2,2439300
2021-09-15T15:00:00Z,16.2,16.21,16.1,16.11,2203800
2021-09-15T16:00:00Z,16.11,16.14,16.02,16.08,1964400
2021-09-15T17:00:00Z,16.09,16.09,16,16.07,1774500
2021-09-15T18:00:00Z,16.07,16.09,16.01,16.06,3100900
2021-09-15T19:00:00Z,16.07,16.09,16.01,16.09,2900900
2021-09-16T13:00:00Z,16,16.06,15.83,15.86,2322600
2021-09-16T14:00:00Z,15.86,16.03,15.78,16.02,4702900
2021-09-16T15:00:00Z,16.03,16.11,16,16.09,1548100
2021-09-16T16:00:00Z,16.09,16.23,16.02,16.18,2382500
2021-09-16T17:00:00Z,16.2,16.36,16.15,16.31,2432900
2021-09-16T18:00:00Z,16.31,16.45,16.17,16.21,5336200
2021-09-16T19:00:00Z,16.21,16.25,16.11,16.17,4082600
2021-09-17T13:00:00Z,16.18,16.18,15.72,15.75,3957000
2021-09-17T14:00:00Z,15.75,15.76,15.53,15.55,4792100
2021-09-17T15:00:00Z,15.54,15.56,15.35,15.44,5170500
2021-09-17T16:00:00Z,15.43,15.59,15.39,15.58,5649600
2021-09-17T17:00:00Z,15.58,15.71,15.57,15.69,6869900
2021-09-17T18:00:00Z,15.69,15.72,15.63,15.7,5321000
2021-09-17T19:00:00Z,15.71,15.85,15.68,15.74,4209800
2021-09-20T13:00:00Z,15.53,15.86,15.49,15.55,4985200
2021-09-20T14:00:00Z,15.55,15.67,15.5,15.61,2607400
2021-09-20T15:00:00Z,15.61,15.65,15.46,15.53,2765100
2021-09-20T16:00:00Z,15.53,15.6,15.46,15.53,2266400
2021-09-20T17:00:00Z,15.53,15.58,15.46,15.53,1804900
2021-09-20T18:00:00Z,15.53,15.65,15.51,15.58,2577500
2021-09-20T19:00:00Z,15.57,15.64,15.53,15.59,3753200
2021-09-21T13:00:00Z,15.68,15.82,15.58,15.81,1701300
2021-09-21T14:00:00Z,15.82,15.88,15.74,15.84,1134700
2021-09-21T15:00:00Z,15.83,15.95,15.81,15.91,2409000
2021-09-21T16:00:00Z,15.92,16,15.88,15.93,1973100
2021-09-21T17:00:00Z,15.94,15.95,15.78,15.78,1375300
2021-09-21T18:00:00Z,15.79,15.83,15.73,15.81,1277500
2021-09-21T19:00:00Z,15.8,15.82,15.68,15.68,1055300
2021-09-22T13:00:00Z,15.77,15.83,15.71,15.75,2433300
2021-09-22T14:00:00Z,15.76,15.81,15.64,15.67,1132100
2021-09-22T15:00:00Z,15.66,15.86,15.63,15.84,1740700
2021-09-22T16:00:00Z,15.83,15.9,15.8,15.84,946400
2021-09-22T17:00:00Z,15.85,15.89,15.8,15.83,1038200
2021-09-22T18:00:00Z,15.83,15.88,15.68,15.76,2096700
2021-09-22T19:00:00Z,15.75,15.85,15.72,15.76,1478600
2021-09-23T13:00:00Z,15.8,15.93,15.67,15.92,1474000
2021-09-23T14:00:00Z,15.92,15.98,15.86,15.87,1216000
2021-09-23T15:00:00Z,15.86,15.88,15.78,15.83,2203200
2021-09-23T16:00:00Z,15.83,15.88,15.73,15.77,3479600
2021-09-23T17:00:00Z,15.77,15.92,15.76,15.92,3949400
2021-09-23T18:00:00Z,15.91,15.94,15.76,15.81,3163400
2021-09-23T19:00:00Z,15.82,15.85,15.74,15.83,2731800
2021-09-24T13:00:00Z,15.62,15.91,15.61,15.75,3331400
2021-09-24T14:00:00Z,15.75,15.83,15.73,15.75,3995300
2021-09-24T15:00:00Z,15.75,15.79,15.71,15.73,1152400
2021-09-24T16:00:00Z,15.73,15.8,15.66,15.66,1359200
2021-09-24T17:00:00Z,15.67,15.75,15.66,15.74,676900
2021-09-24T18:00:00Z,15.73,15.8,15.72,15.8,856600
2021-09-24T19:00:00Z,15.8,15.85,15.74,15.81,2546100
2021-09-27T13:00:00Z,15.65,15.87,15.65,15.85,1439100
2021-09-27T14:00:00Z,15.85,15.87,15.76,15.81,1258800
2021-09-27T15:00:00Z,15.8,15.83,15.71,15.77,717900
2021-09-27T16:00:00Z,15.76,15.91,15.74,15.9,2547500
2021-09-27T17:00:00Z,15.91,15.92,15.74,15.77,1438500
2021-09-27T18:00:00Z,15.77,15.8,15.65,15.74,2310600
2021-09-27T19:00:00Z,15.74,16,15.73,15.82,2830100
2021-09-28T13:00:00Z,15.76,15.87,15.69,15.76,2301800
2021-09-28T14:00:00Z,15.77,15.78,15.49,15.53,3757500
2021-09-28T15:00:00Z,15.52,15.54,15.36,15.39,1899700
2021-09-28T16:00:00Z,15.39,15.49,15.37,15.42,1456200
2021-09-28T17:00:00Z,15.42,15.45,15.37,15.38,2780100
2021-09-28T18:00:00Z,15.37,15.45,15.36,15.44,1488500
2021-09-28T19:00:00Z,15.43,15.48,15.39,15.41,1919500
2021-09-29T13:00:00Z,15.54,15.78,15.48,15.68,14058400
2021-09-29T14:00:00Z,15.68,15.73,15.64,15.65,4985100
2021-09-29T15:00:00Z,15.65,15.69,15.45,15.54,1889400
2021-09-29T16:00:00Z,15.54,15.6,15.48,15.58,5225400
2021-09-29T17:00:00Z,15.59,15.6,15.44,15.5,2854100
2021-09-29T18:00:00Z,15.5,15.58,15.44,15.46,2011200
2021-09-29T19:00:00Z,15.46,15.53,15.42,15.46,2355700
2021-09-30T13:00:00Z,15.55,15.57,15.33,15.49,10334900
2021-09-30T14:00:00Z,15.5,15.52,15.35,15.39,7495300
2021-09-30T15:00:00Z,15.38,15.47,15.35,15.41,2045500
2021-09-30T16:00:00Z,15.4,15.48,15.32,15.43,5315800
2021-09-30T17:00:00Z,15.43,15.5,15.4,15.47,1060300
2021-09-30T18:00:00Z,15.47,15.56,15.45,15.46,2827500
2021-09-30T19:00:00Z,15.46,15.49,15.29,15.33,2645600
2021-10-01T13:00:00Z,15.41,15.46,15.15,15.2,3736400
2021-10-01T14:00:00Z,15.2,15.24,15.05,15.17,4509000
2021-10-01T15:00:00Z,15.17,15.23,15.06,15.17,2439500
2021-10-01T16:00:00Z,15.17,15.25,15.16,15.19,2159700
2021-10-01T17:00:00Z,15.19,15.25,15.15,15.24,2240600
2021-10-01T18:00:00Z,15.24,15.26,15.2,15.23,2061900
2021-10-01T19:00:00Z,15.22,15.28,15.18,15.23,3091800
2021-10-04T13:00:00Z,15.08,15.23,14.81,15.1,10503000
2021-10-04T14:00:00Z,15.09,15.2,15.03,15.06,2885900
2021-10-04T15:00:00Z,15.05,15.09,14.96,15.01,1991700
2021-10-04T16:00:00Z,15.01,15.04,14.97,14.99,1956400
2021-10-04T17:00:00Z,14.99,15.06,14.94,14.95,1614400
2021-10-04T18:00:00Z,14.95,15.02,14.94,14.97,1217900
2021-10-04T19:00:00Z,14.96,15.11,14.95,15.05,5760700
2021-10-05T13:00:00Z,15.07,15.07,14.88,14.97,2312300
2021-10-05T14:00:00Z,14.97,15.17,14.97,15.11,11387000
2021-10-05T15:00:00Z,15.1,15.25,15.08,15.21,2445300
2021-10-05T16:00:00Z,15.21,15.26,15.16,15.16,1102800
2021-10-05T17:00:00Z,15.16,15.18,15.09,15.15,3469600
2021-10-05T18:00:00Z,15.15,15.24,15.11,15.23,1379000
2021-10-05T19:00:00Z,15.24,15.33,15,15.2,5373700
2021-10-06T13:00:00Z,15.05,15.39,15.05,15.22,15395300
2021-10-06T14:00:00Z,15.21,15.22,15.02,15.16,3958400
2021-10-06T15:00:00Z,15.16,15.22,15.06,15.13,4449100
2021-10-06T16:00:00Z,15.12,15.15,15.02,15.11,2331700
2021-10-06T17:00:00Z,15.1,15.13,15.03,15.08,2054300
2021-10-06T18:00:00Z,15.08,15.12,15.05,15.07,1714100
2021-10-06T19:00:00Z,15.07,15.12,15.05,15.07,5066100
2021-10-07T13:00:00Z,15.13,15.2,15.01,15.13,3526900
2021-10-07T14:00:00Z,15.13,15.16,15.04,15.12,2391200
2021-10-07T15:00:00Z,15.12,15.17,15.03,15.15,2461800
2021-10-07T16:00:00Z,15.16,15.2,15.1,15.17,3078300
2021-10-07T17:00:00Z,15.16,15.17,15.1,15.1,1985200
2021-10-07T18:00:00Z,15.11,15.16,15.09,15.11,1358900
2021-10-07T19:00:00Z,15.11,15.16,15.09,15.13,2693700
2021-10-08T13:00:00Z,15.17,15.31,15.15,15.21,1627100
2021-10-08T14:00:00Z,15.21,15.37,15.16,15.36,4813300
2021-10-08T15:00:00Z,15.35,15.5,15.35,15.47,3630000
2021-10-08T16:00:00Z,15.47,15.5,15.42,15.46,1794200
2021-10-08T17:00:00Z,15.45,15.52,15.43,15.49,3004200
2021-10-08T18:00:00Z,15.49,15.58,15.45,15.46,2651000
2021-10-08T19:00:00Z,15.45,15.51,15.36,15.39,4223000
2021-10-11T13:00:00Z,15.31,15.57,15.15,15.39,7626800
2021-10-11T14:00:00Z,15.39,15.4,15.2,15.23,3448500
2021-10-11T15:00:00Z,15.22,15.39,15.21,15.37,1015200
2021-10-11T16:00:00Z,15.36,15.38,15.3,15.33,667600
2021-10-11T17:00:00Z,15.33,15.35,15.21,15.27,1208200
2021-10-11T18:00:00Z,15.27,15.32,15.24,15.29,1151200
2021-10-11T19:00:00Z,15.29,15.29,15.22,15.29,4065600
2021-10-13T13:00:00Z,15.2,15.48,15.2,15.42,1987400
2021-10-13T14:00:00Z,15.41,15.51,15.35,15.47,1856500
2021-10-13T15:00:00Z,15.46,15.62,15.46,15.61,2373900
2021-10-13T16:00:00Z,15.61,15.63,15.48,15.62,3549000
2021-10-13T17:00:00Z,15.62,15.68,15.57,15.67,2964700
2021-10-13T18:00:00Z,15.67,15.68,15.52,15.58,4255400
2021-10-13T19:00:00Z,15.58,15.6,15.51,15.58,3760700
2021-10-14T13:00:00Z,15.54,15.6,15.38,15.55,2424300
2021-10-14T14:00:00Z,15.55,15.6,15.51,15.57,1789200
2021-10-14T15:00:00Z,15.56,15.58,15.45,15.49,1070400
2021-10-14T16:00:00Z,15.48,15.49,15.41,15.46,799900
2021-10-14T17:00:00Z,15.45,15.5,15.45,15.49,1238000
2021-10-14T18:00:00Z,15.49,15.49,15.4,15.42,1178900
2021-10-14T19:00:00Z,15.41,15.52,15.38,15.51,1791300
2021-10-15T13:00:00Z,15.51,15.55,15.36,15.53,1034000
2021-10-15T14:00:00Z,15.55,15.63,15.46,15.54,2600700
2021-10-15T15:00:00Z,15.53,15.59,15.52,15.57,2517200
2021-10-15T16:00:00Z,15.58,15.58,15.54,15.57,1307200
2021-10-15T17:00:00Z,15.57,15.58,15.48,15.51,1854600
2021-10-15T18:00:00Z,15.51,15.57,15.48,15.57,3647500
2021-10-15T19:00:00Z,15.57,15.57,15.5,15.51,2494800
2021-10-18T13:00:00Z,15.4,15.45,15.3,15.41,3042400
2021-10-18T14:00:00Z,15.4,15.48,15.39,15.46,1725800
2021-10-18T15:00:00Z,15.47,15.6,15.45,15.6,1125200
2021-10-18T16:00:00Z,15.6,15.71,15.57,15.67,1144100
2021-10-18T17:00:00Z,15.66,15.72,15.64,15.69,2406700
2021-10-18T18:00:00Z,15.68,15.69,15.6,15.64,1346400
2021-10-18T19:00:00Z,15.65,15.7,15.58,15.65,3262800
2021-10-19T13:00:00Z,15.25,15.55,15.25,15.33,4387200
2021-10-19T14:00:00Z,15.34,15.34,15.22,15.3,2265300
2021-10-19T15:00:00Z,15.3,15.31,15.25,15.3,1644400
2021-10-19T16:00:00Z,15.29,15.29,15.17,15.19,1423000
2021-10-19T17:00:00Z,15.18,15.26,15.15,15.22,1256800
2021-10-19T18:00:00Z,15.22,15.24,15.1,15.16,3661300
2021-10-19T19:00:00Z,15.14,15.36,15.07,15.17,4038400
2021-10-20T13:00:00Z,15.3,15.33,15.21,15.28,1529500
2021-10-20T14:00:00Z,15.29,15.58,15.27,15.46,2498100
2021-10-20T15:00:00Z,15.47,15.54,15.41,15.42,1909900
2021-10-20T16:00:00Z,15.43,15.5,15.41,15.48,1816700
2021-10-20T17:00:00Z,15.48,15.5,15.35,15.47,3500800
2021-10-20T18:00:00Z,15.47,15.5,15.36,15.37,2253500
2021-10-20T19:00:00Z,15.37,15.43,15.34,15.41,2711400
2021-10-21T13:00:00Z,15,15.28,14.97,15.1,3173500
2021-10-21T14:00:00Z,15.1,15.25,15.09,15.15,2052900
2021-10-21T15:00:00Z,15.14,15.15,15.01,15.05,1700700
2021-10-21T16:00:00Z,15.05,15.16,15.03,15.12,1318700
2021-10-21T17:00:00Z,15.12,15.13,14.85,14.9,3558100
2021-10-21T18:00:00Z,14.89,15.15,14.85,15.08,4547300
2021-10-21T19:00:00Z,15.08,15.15,15,15.11,3574900
2021-10-22T13:00:00Z,14.83,14.93,14.76,14.86,2907200
2021-10-22T14:00:00Z,14.86,14.87,14.54,14.65,5530500
2021-10-22T15:00:00Z,14.63,14.8,14.57,14.74,5043900
2021-10-22T16:00:00Z,14.74,14.99,14.65,14.83,2993900
2021-10-22T17:00:00Z,14.83,15.07,14.8,15.03,2798300
2021-10-22T18:00:00Z,15.03,15.23,14.96,15.13,5455000
2021-10-22T19:00:00Z,15.13,15.22,14.89,14.92,3054900
2021-10-25T13:00:00Z,15.01,15.28,15,15.23,3411600
2021-10-25T14:00:00Z,15.23,15.35,15.22,15.32,1519200
2021-10-25T15:00:00Z,15.32,15.37,15.28,15.33,1874300
2021-10-25T16:00:00Z,15.32,15.44,15.3,15.35,3947600
2021-10-25T17:00:00Z,15.35,15.37,15.19,15.24,1211900
2021-10-25T18:00:00Z,15.24,15.39,15.21,15.3,3273600
2021-10-25T19:00:00Z,15.3,15.36,15.26,15.33,2519200
2021-10-26T13:00:00Z,15.15,15.23,15.05,15.13,3769500
2021-10-26T14:00:00Z,15.12,15.29,15.1,15.16,2549400
2021-10-26T15:00:00Z,15.18,15.29,15.13,15.14,1645000
2021-10-26T16:00:00Z,15.14,15.25,15.11,15.25,1798900
2021-10-26T17:00:00Z,15.25,15.31,15.22,15.24,1265700
2021-10-26T18:00:00Z,15.24,15.32,15.24,15.29,1473400
2021-10-26T19:00:00Z,15.3,15.32,15.11,15.15,5027000
2021-10-27T13:00:00Z,15.31,15.71,15.25,15.63,6842700
2021-10-27T14:00:00Z,15.63,15.69,15.44,15.45,3202100
2021-10-27T15:00:00Z,15.45,15.51,15.4,15.42,2402700
2021-10-27T16:00:00Z,15.42,15.42,15.33,15.39,2935400
2021-10-27T17:00:00Z,15.39,15.41,15.33,15.37,2330100
2021-10-27T18:00:00Z,15.37,15.39,15.31,15.35,1898400
2021-10-27T19:00:00Z,15.36,15.37,15.23,15.26,3347900
2021-10-28T13:00:00Z,16.41,16.87,16.27,16.42,30875000
2021-10-28T14:00:00Z,16.42,16.43,16.17,16.35,16163700
2021-10-28T15:00:00Z,16.35,16.47,16.24,16.31,7925800
2021-10-28T16:00:00Z,16.31,16.41,16.27,16.33,4127000
2021-10-28T17:00:00Z,16.32,16.79,16.29,16.65,9172100
2021-10-28T18:00:00Z,16.65,16.74,16.56,16.62,10097600
2021-10-28T19:00:00Z,16.63,16.8,16.56,16.7,8869600
2021-10-29T13:00:00Z,16.73,17,16.7,16.85,4289000
2021-10-29T14:00:00Z,16.83,17.22,16.83,17.21,8639800
2021-10-29T15:00:00Z,17.21,17.22,16.95,17.08,5560100
2021-10-29T16:00:00Z,17.08,17.12,16.99,17.1,4148500
2021-10-29T17:00:00Z,17.11,17.2,17.09,17.14,4916500
2021-10-29T18:00:00Z,17.13,17.16,16.89,17.08,7578400
2021-10-29T19:00:00Z,17.07,17.14,16.85,17.03,5963600
2021-11-01T13:00:00Z,17.13,17.19,16.97,17.1,7435100
2021-11-01T14:00:00Z,17.1,17.29,17.04,17.25,5027100
2021-11-01T15:00:00Z,17.24,17.46,17.23,17.45,7010900
2021-11-01T16:00:00Z,17.45,17.54,17.32,17.46,6334200
2021-11-01T17:00:00Z,17.46,17.5,17.39,17.49,2844200
2021-11-01T18:00:00Z,17.49,17.5,17.33,17.41,4202200
2021-11-01T19:00:00Z,17.42,17.47,17.36,17.42,3194900
2021-11-03T13:00:00Z,17.2,17.69,17.2,17.69,8606800
2021-11-03T14:00:00Z,17.69,17.87,17.68,17.79,5526700
2021-11-03T15:00:00Z,17.78,18.1,17.75,18.07,5147000
2021-11-03T16:00:00Z,18.08,18.08,17.77,17.8,5164600
2021-11-03T17:00:00Z,17.8,17.84,17.7,17.76,3520000
2021-11-03T18:00:00Z,17.76,18.04,17.73,17.93,4713400
2021-11-03T19:00:00Z,17.93,18,17.83,17.86,5254800
2021-11-04T13:00:00Z,17.82,17.98,17.73,17.79,3129800
2021-11-04T14:00:00Z,17.81,17.88,17.73,17.75,2893300
2021-11-04T15:00:00Z,17.75,17.86,17.7,17.84,2704700
2021-11-04T16:00:00Z,17.84,17.85,17.73,17.76,1649500
2021-11-04T17:00:00Z,17.75,17.82,17.67,17.73,1639200
2021-11-04T18:00:00Z,17.72,17.8,17.65,17.78,2614400
2021-11-04T19:00:00Z,17.78,17.89,17.75,17.84,2500500
2021-11-05T13:00:00Z,17.98,18.12,17.89,17.98,2888100
2021-11-05T14:00:00Z,17.99,18.02,17.83,17.91,2392500
2021-11-05T15:00:00Z,17.91,17.97,17.86,17.89,2029600
2021-11-05T16:00:00Z,17.88,17.98,17.86,17.95,2601100
2021-11-05T17:00:00Z,17.94,18,17.89,17.96,1912900
2021-11-05T18:00:00Z,17.97,18.02,17.84,17.85,2595100
2021-11-05T19:00:00Z,17.85,17.99,17.85,17.99,2958300
2021-11-08T13:00:00Z,17.82,17.98,17.72,17.95,1748700
2021-11-08T14:00:00Z,17.95,18.03,17.91,17.99,2026700
2021-11-08T15:00:00Z,17.99,18,17.82,17.85,1155200
2021-11-08T16:00:00Z,17.85,17.87,17.79,17.83,1205200
2021-11-08T17:00:00Z,17.83,17.9,17.8,17.86,2308400
2021-11-08T18:00:00Z,17.85,17.88,17.74,17.76,1680600
2021-11-08T19:00:00Z,17.77,17.8,17.7,17.73,1897200
2021-11-08T20:00:00Z,17.72,17.75,17.67,17.73,3134000
2021-11-09T13:00:00Z,17.7,17.96,17.7,17.88,1413800
2021-11-09T14:00:00Z,17.89,17.94,17.76,17.86,1386500
2021-11-09T15:00:00Z,17.84,17.89,17.77,17.87,2751000
2021-11-09T16:00:00Z,17.87,17.99,17.81,17.97,3062600
2021-11-09T17:00:00Z,17.97,18.09,17.89,17.99,4308900
2021-11-09T18:00:00Z,17.99,18.07,17.89,17.9,3894700
2021-11-09T19:00:00Z,17.9,17.93,17.77,17.9,2744800
2021-11-09T20:00:00Z,17.9,17.95,17.8,17.88,1860000
2021-11-10T13:00:00Z,17.83,17.92,17.76,17.77,1611900
2021-11-10T14:00:00Z,17.76,17.98,17.76,17.98,2837000
2021-11-10T15:00:00Z,17.97,18.02,17.88,17.99,2028900
2021-11-10T16:00:00Z,17.99,18.07,17.95,18.01,1660200
2021-11-10T17:00:00Z,18.01,18.02,17.9,17.92,1087900
2021-11-10T18:00:00Z,17.92,17.96,17.8,17.81,2892100
2021-11-10T19:00:00Z,17.82,17.86,17.69,17.71,4650600
2021-11-10T20:00:00Z,17.71,17.85,17.7,17.82,2309000
2021-11-11T14:00:00Z,17.89,17.92,17.71,17.73,2940000
2021-11-11T15:00:00Z,17.73,17.81,17.66,17.7,3151400
2021-11-11T16:00:00Z,17.71,17.89,17.7,17.86,4763200
2021-11-11T17:00:00Z,17.85,17.89,17.73,17.74,2007200
2021-11-11T18:00:00Z,17.74,17.77,17.66,17.72,1723900
2021-11-11T19:00:00Z,17.71,17.74,17.63,17.67,3796100
2021-11-11T20:00:00Z,17.66,17.69,17.6,17.6,1970400
2021-11-12T13:00:00Z,17.6,17.92,17.6,17.82,1533200
2021-11-12T14:00:00Z,17.82,17.85,17.63,17.66,3717300
2021-11-12T15:00:00Z,17.66,17.66,17.38,17.53,5411400
2021-11-12T16:00:00Z,17.53,17.62,17.47,17.55,6863600
2021-11-12T17:00:00Z,17.55,17.58,17.35,17.43,7787700
2021-11-12T18:00:00Z,17.43,17.55,17.36,17.55,4818600
2021-11-12T19:00:00Z,17.55,17.55,17.48,17.55,3600200
2021-11-12T20:00:00Z,17.55,17.6,17.41,17.49,3593600
2021-11-16T13:00:00Z,17.62,17.67,17.47,17.58,1796400
2021-11-16T14:00:00Z,17.58,17.59,17.44,17.49,1733000
2021-11-16T15:00:00Z,17.5,17.59,17.44,17.55,3386100
2021-11-16T16:00:00Z,17.55,17.63,17.52,17.57,2500500
2021-11-16T17:00:00Z,17.57,17.69,17.56,17.63,3725400
2021-11-16T18:00:00Z,17.62,17.65,17.55,17.57,2315400
2021-11-16T19:00:00Z,17.57,17.6,17.52,17.52,1580600
2021-11-16T20:00:00Z,17.52,17.57,17.44,17.46,2691700
2021-11-17T13:00:00Z,17.65,17.66,17.48,17.5,1465700
2021-11-17T14:00:00Z,17.5,17.52,17.36,17.36,2035300
2021-11-17T15:00:00Z,17.36,17.53,17.35,17.53,1638000
2021-11-17T16:00:00Z,17.53,17.55,17.41,17.52,2070200
2021-11-17T17:00:00Z,17.52,17.57,17.41,17.42,1689000
2021-11-17T18:00:00Z,17.43,17.46,17.33,17.44,2368800
2021-11-17T19:00:00Z,17.44,17.55,17.42,17.5,2339900
2021-11-17T20:00:00Z,17.5,17.54,17.43,17.53,2451800
2021-11-18T13:00:00Z,17.47,17.74,17.47,17.64,1465000
2021-11-18T14:00:00Z,17.64,17.68,17.52,17.57,3168200
2021-11-18T15:00:00Z,17.56,17.62,17.45,17.56,1981500
2021-11-18T16:00:00Z,17.56,17.61,17.51,17.58,1936800
2021-11-18T17:00:00Z,17.58,17.62,17.49,17.52,1333800
2021-11-18T18:00:00Z,17.51,17.55,17.43,17.47,2131300
2021-11-18T19:00:00Z,17.47,17.58,17.45,17.58,1467200
2021-11-18T20:00:00Z,17.58,17.58,17.52,17.56,1967700
2021-11-19T13:00:00Z,17.55,17.68,17.47,17.65,1457500
2021-11-19T14:00:00Z,17.65,17.72,17.55,17.57,2621600
2021-11-19T15:00:00Z,17.58,17.6,17.45,17.46,1793700
2021-11-19T16:00:00Z,17.46,17.57,17.45,17.52,1587200
2021-11-19T17:00:00Z,17.52,17.54,17.46,17.51,1882100
2021-11-19T18:00:00Z,17.52,17.52,17.36,17.42,1997800
2021-11-19T19:00:00Z,17.41,17.48,17.39,17.45,2273100
2021-11-19T20:00:00Z,17.46,17.52,17.42,17.44,1754900
2021-11-22T13:00:00Z,17.45,17.58,17.31,17.58,1090500
2021-11-22T14:00:00Z,17.58,17.6,17.35,17.42,3468300
2021-11-22T15:00:00Z,17.42,17.47,17.35,17.47,4667200
2021-11-22T16:00:00Z,17.47,17.5,17.31,17.32,2287600
2021-11-22T17:00:00Z,17.32,17.42,17.3,17.4,2189700
2021-11-22T18:00:00Z,17.4,17.42,17.26,17.31,3559900
2021-11-22T19:00:00Z,17.31,17.43,17.3,17.43,4699500
2021-11-22T20:00:00Z,17.43,17.46,17.3,17.3,3132900
2021-11-23T13:00:00Z,17.32,17.35,17.17,17.31,1381200
2021-11-23T14:00:00Z,17.31,17.45,17.26,17.36,1660800
2021-11-23T15:00:00Z,17.36,17.39,17.14,17.2,2785000
2021-11-23T16:00:00Z,17.18,17.32,17.18,17.28,3009600
2021-11-23T17:00:00Z,17.29,17.32,17.16,17.18,3024600
2021-11-23T18:00:00Z,17.18,17.27,17.09,17.23,7619600
2021-11-23T19:00:00Z,17.23,17.25,17.11,17.13,4302600
2021-11-23T20:00:00Z,17.14,17.26,17.09,17.18,3205300
2021-11-24T13:00:00Z,17.06,17.19,17,17.01,1340700
2021-11-24T14:00:00Z,17,17.09,16.98,17.05,3441500
2021-11-24T15:00:00Z,17.04,17.2,17.03,17.17,1434500
2021-11-24T16:00:00Z,17.18,17.29,17.16,17.25,2235500
2021-11-24T17:00:00Z,17.24,17.3,17.14,17.17,3423600
2021-11-24T18:00:00Z,17.17,17.17,17.05,17.06,2340400
2021-11-24T19:00:00Z,17.07,17.14,17.03,17.11,1663700
2021-11-24T20:00:00Z,17.11,17.15,17.08,17.08,1463800
2021-11-25T13:00:00Z,17.09,17.26,17,17.26,1542900
2021-11-25T14:00:00Z,17.25,17.25,17.1,17.19,977000
2021-11-25T15:00:00Z,17.18,17.32,17.14,17.24,2117200
2021-11-25T16:00:00Z,17.25,17.32,17.23,17.23,987600
2021-11-25T17:00:00Z,17.23,17.3,17.2,17.21,1086600
2021-11-25T18:00:00Z,17.22,17.32,17.2,17.24,1426600
2021-11-25T19:00:00Z,17.24,17.29,17.2,17.25,1501700
2021-11-25T20:00:00Z,17.25,17.29,17.21,17.27,1452600
2021-11-26T13:00:00Z,16.9,17.07,16.85,16.93,2542500
2021-11-26T14:00:00Z,16.92,16.94,16.74,16.75,2394000
2021-11-26T15:00:00Z,16.76,16.79,16.69,16.71,2336300
2021-11-26T16:00:00Z,16.71,16.78,16.62,16.63,2914800
2021-11-26T17:00:00Z,16.63,16.75,16.58,16.64,4862600
2021-11-26T18:00:00Z,16.65,16.7,16.59,16.66,1320100
2021-11-26T19:00:00Z,16.65,16.69,16.63,16.64,777700
2021-11-26T20:00:00Z,16.64,16.76,16.62,16.7,1943000
2021-11-29T13:00:00Z,16.77,16.88,16.67,16.74,1403200
2021-11-29T14:00:00Z,16.74,16.75,16.58,16.59,1450200
2021-11-29T15:00:00Z,16.59,16.62,16.51,16.53,1249600
2021-11-29T16:00:00Z,16.53,16.57,16.43,16.44,1407500
2021-11-29T17:00:00Z,16.44,16.55,16.41,16.48,1833300
2021-11-29T18:00:00Z,16.49,16.49,16.34,16.41,6148400
2021-11-29T19:00:00Z,16.42,16.42,16.34,16.36,5110800
2021-11-29T20:00:00Z,16.36,16.39,16.25,16.34,4677500
2021-11-30T13:00:00Z,16.34,16.35,16.16,16.32,1882700
2021-11-30T14:00:00Z,16.32,16.34,16.2,16.22,2944600
2021-11-30T15:00:00Z,16.22,16.3,16.06,16.07,4317500
2021-11-30T16:00:00Z,16.07,16.17,16,16.05,3546400
2021-11-30T17:00:00Z,16.05,16.15,15.97,16.12,5172100
2021-11-30T18:00:00Z,16.12,16.18,16.02,16.06,5254100
2021-11-30T19:00:00Z,16.07,16.14,16.01,16.1,4811100
2021-11-30T20:00:00Z,16.11,16.2,16.07,16.07,7650500
2021-12-01T13:00:00Z,16.09,16.2,15.92,15.95,2875800
2021-12-01T14:00:00Z,15.96,16.14,15.84,16.07,2176100
2021-12-01T15:00:00Z,16.08,16.11,15.95,15.95,2177000
2021-12-01T16:00:00Z,15.95,15.99,15.84,15.88,2435800
2021-12-01T17:00:00Z,15.88,15.93,15.75,15.76,6760500
2021-12-01T18:00:00Z,15.76,15.84,15.66,15.66,6324900
2021-12-01T19:00:00Z,15.67,15.91,15.64,15.88,5059400
2021-12-01T20:00:00Z,15.88,15.96,15.81,15.85,4351600
2021-12-02T13:00:00Z,15.99,16.18,15.9,15.94,3705400
2021-12-02T14:00:00Z,15.96,16.08,15.86,16.06,4189200
2021-12-02T15:00:00Z,16.06,16.13,15.96,16,5566900
2021-12-02T16:00:00Z,16,16.02,15.8,15.89,3519500
2021-12-02T17:00:00Z,15.88,15.92,15.82,15.86,3066700
2021-12-02T18:00:00Z,15.86,15.89,15.73,15.79,2227400
2021-12-02T19:00:00Z,15.8,15.89,15.78,15.83,2737000
2021-12-02T20:00:00Z,15.83,15.96,15.79,15.89,3118000
2021-12-03T13:00:00Z,16.01,16.15,15.83,15.94,2827500
2021-12-03T14:00:00Z,15.92,16.14,15.92,16.05,2985100
2021-12-03T15:00:00Z,16.05,16.12,15.99,16.06,2867100
2021-12-03T16:00:00Z,16.07,16.21,16.01,16.08,2490300
2021-12-03T17:00:00Z,16.09,16.18,16.05,16.12,1749600
2021-12-03T18:00:00Z,16.12,16.19,16.01,16.04,3049300
2021-12-03T19:00:00Z,16.03,16.06,15.94,15.95,4404000
2021-12-03T20:00:00Z,15.94,16,15.91,15.98,2241800
2021-12-06T13:00:00Z,16.04,16.14,15.98,16.1,850800
2021-12-06T14:00:00Z,16.1,16.23,15.95,16.21,2178600
2021-12-06T15:00:00Z,16.2,16.34,16.17,16.26,2894400
2021-12-06T16:00:00Z,16.25,16.26,16.13,16.17,2025700
2021-12-06T17:00:00Z,16.17,16.31,16.15,16.28,1741600
2021-12-06T18:00:00Z,16.27,16.33,16.16,16.18,1615300
2021-12-06T19:00:00Z,16.17,16.21,16.12,16.14,1700800
2021-12-06T20:00:00Z,16.15,16.19,16.12,16.14,1185900
2021-12-07T13:00:00Z,16.19,16.34,16.06,16.17,3073900
2021-12-07T14:00:00Z,16.17,16.21,16.1,16.13,1555800
2021-12-07T15:00:00Z,16.13,16.27,16.11,16.24,3416100
2021-12-07T16:00:00Z,16.24,16.25,16.16,16.18,1628700
2021-12-07T17:00:00Z,16.17,16.2,16.11,16.18,1833900
2021-12-07T18:00:00Z,16.17,16.18,16.09,16.12,3723300
2021-12-07T19:00:00Z,16.13,16.14,16.08,16.11,3104300
2021-12-07T20:00:00Z,16.12,16.15,16.05,16.15,4131600
2021-12-08T13:00:00Z,16.12,16.34,16.12,16.33,1420500
2021-12-08T14:00:00Z,16.33,16.33,16.15,16.25,2529700
2021-12-08T15:00:00Z,16.24,16.25,15.98,16,2002000
2021-12-08T16:00:00Z,16,16.11,15.98,16.04,3263300
2021-12-08T17:00:00Z,16.04,16.04,15.92,15.99,2529700
2021-12-08T18:00:00Z,15.99,16.04,15.94,16.02,2693000
2021-12-08T19:00:00Z,16.03,16.15,16.01,16.13,3683400
2021-12-08T20:00:00Z,16.12,16.18,16.06,16.08,2399000
2021-12-09T15:00:00Z,15.79,15.86,15.79,15.85,435000
2021-12-09T16:00:00Z,15.84,15.89,15.76,15.8,1380800
2021-12-09T17:00:00Z,15.78,15.81,15.73,15.79,1078900
2021-12-09T18:00:00Z,15.79,15.84,15.72,15.76,1684800
2021-12-09T19:00:00Z,15.76,15.8,15.73,15.75,1808700
2021-12-09T20:00:00Z,15.74,15.84,15.69,15.8,2349300
2021-12-10T13:00:00Z,16.25,16.28,15.97,16,2239900
2021-12-10T14:00:00Z,15.99,16.04,15.91,15.93,1653500
2021-12-10T15:00:00Z,15.91,15.99,15.88,15.89,1619500
2021-12-10T16:00:00Z,15.88,16.09,15.87,16.06,1343300
2021-12-10T17:00:00Z,16.06,16.09,15.99,16.07,2013900
2021-12-10T18:00:00Z,16.07,16.12,16.02,16.06,2016800
2021-12-10T19:00:00Z,16.05,16.06,15.97,15.98,1391200
2021-12-10T20:00:00Z,15.98,16.01,15.94,15.97,2021500
2021-12-13T13:00:00Z,16.05,16.14,15.93,16.13,896500
2021-12-13T14:00:00Z,16.13,16.13,15.99,16.03,2248300
2021-12-13T15:00:00Z,16.03,16.08,15.97,15.99,1474500
2021-12-13T16:00:00Z,15.99,16,15.91,15.92,1041400
2021-12-13T17:00:00Z,15.93,16,15.9,15.99,750800
2021-12-13T18:00:00Z,15.99,16.09,15.99,16.05,4520000
2021-12-13T19:00:00Z,16.05,16.06,16,16.05,3352900
2021-12-13T20:00:00Z,16.05,16.18,15.99,16.1,8758700
2021-12-14T13:00:00Z,16.02,16.34,16.02,16.3,4428800
2021-12-14T14:00:00Z,16.3,16.45,16.25,16.31,16310900
2021-12-14T15:00:00Z,16.31,16.35,16.2,16.28,3194900
2021-12-14T16:00:00Z,16.29,16.35,16.21,16.23,1594700
2021-12-14T17:00:00Z,16.22,16.31,16.17,16.21,1827800
2021-12-14T18:00:00Z,16.21,16.25,16.15,16.15,1279600
2021-12-14T19:00:00Z,16.16,16.22,16.13,16.21,1360000
2021-12-14T20:00:00Z,16.22,16.26,16.18,16.2,4285600
2021-12-15T13:00:00Z,16.26,16.26,16.02,16.11,1707700
2021-12-15T14:00:00Z,16.11,16.2,16.02,16.02,1138500
2021-12-15T15:00:00Z,16.02,16.11,16.01,16.06,2523400
2021-12-15T16:00:00Z,16.06,16.15,16.04,16.08,1900700
2021-12-15T17:00:00Z,16.08,16.14,16.03,16.11,2788200
2021-12-15T18:00:00Z,16.12,16.12,15.99,16.02,2734600
2021-12-15T19:00:00Z,16.03,16.11,15.94,15.96,3232500
2021-12-15T20:00:00Z,15.97,16.1,15.95,16.07,3461200
2021-12-16T13:00:00Z,16.19,16.19,16.02,16.05,1508600
2021-12-16T14:00:00Z,16.05,16.14,16.02,16.09,3174900
2021-12-16T15:00:00Z,16.1,16.27,16.09,16.22,2405000
2021-12-16T16:00:00Z,16.23,16.29,16.16,16.2,1761500
2021-12-16T17:00:00Z,16.2,16.25,16.13,16.15,4868100
2021-12-16T18:00:00Z,16.16,16.17,16.13,16.14,941900
2021-12-16T19:00:00Z,16.15,16.15,16.03,16.07,1605800
2021-12-16T20:00:00Z,16.07,16.11,16.04,16.1,1339800
2021-12-17T13:00:00Z,16.01,16.14,16.01,16.08,1460600
2021-12-17T14:00:00Z,16.08,16.19,16.05,16.08,4926300
2021-12-17T15:00:00Z,16.09,16.18,16.05,16.16,1641700
2021-12-17T16:00:00Z,16.16,16.22,16.13,16.18,1459300
2021-12-17T17:00:00Z,16.18,16.24,16.12,16.22,1929100
2021-12-17T18:00:00Z,16.21,16.24,16.18,16.23,1686100
2021-12-17T19:00:00Z,16.23,16.25,16.13,16.19,3048400
2021-12-17T20:00:00Z,16.19,16.21,16.15,16.17,2884300
2021-12-20T13:00:00Z,15.5,15.55,15.37,15.46,1843500
2021-12-20T14:00:00Z,15.45,15.5,15.34,15.39,3589700
2021-12-20T15:00:00Z,15.4,15.42,15.25,15.28,2195400
2021-12-20T16:00:00Z,15.28,15.35,15.24,15.3,1151100
2021-12-20T17:00:00Z,15.29,15.36,15.29,15.32,922700
2021-12-20T18:00:00Z,15.32,15.43,15.32,15.43,1608000
2021-12-20T19:00:00Z,15.42,15.49,15.4,15.4,2304400
2021-12-20T20:00:00Z,15.4,15.47,15.4,15.42,2347900
2021-12-21T13:00:00Z,15.45,15.47,15.32,15.43,1261500
2021-12-21T14:00:00Z,15.42,15.51,15.36,15.39,2295500
2021-12-21T15:00:00Z,15.39,15.53,15.39,15.5,1176900
2021-12-21T16:00:00Z,15.49,15.55,15.49,15.52,1342600
2021-12-21T17:00:00Z,15.52,15.53,15.43,15.45,1694700
2021-12-21T18:00:00Z,15.45,15.46,15.41,15.43,803400
2021-12-21T19:00:00Z,15.43,15.54,15.42,15.46,5453500
2021-12-21T20:00:00Z,15.47,15.48,15.44,15.46,2347800
2021-12-22T13:00:00Z,15.41,15.51,15.28,15.34,1514200
2021-12-22T14:00:00Z,15.34,15.37,15.28,15.33,858400
2021-12-22T15:00:00Z,15.34,15.37,15.25,15.28,1791900
2021-12-22T16:00:00Z,15.28,15.4,15.27,15.31,1341900
2021-12-22T17:00:00Z,15.31,15.35,15.26,15.34,801000
2021-12-22T18:00:00Z,15.34,15.44,15.32,15.43,1327000
2021-12-22T19:00:00Z,15.43,15.47,15.37,15.45,1112100
2021-12-22T20:00:00Z,15.45,15.51,15.41,15.5,1256900
2021-12-23T13:00:00Z,15.4,15.47,15.34,15.37,404900
2021-12-23T14:00:00Z,15.36,15.59,15.36,15.58,1690200
2021-12-23T15:00:00Z,15.58,15.64,15.55,15.64,1396500
2021-12-23T16:00:00Z,15.64,15.67,15.54,15.61,1500000
2021-12-23T17:00:00Z,15.6,15.62,15.55,15.58,838000
2021-12-23T18:00:00Z,15.58,15.61,15.55,15.59,1051700
2021-12-23T19:00:00Z,15.6,15.64,15.59,15.61,883600
2021-12-23T20:00:00Z,15.62,15.63,15.57,15.61,1208800
2021-12-27T13:00:00Z,15.55,15.65,15.48,15.59,713400
2021-12-27T14:00:00Z,15.6,15.62,15.52,15.57,776000
2021-12-27T15:00:00Z,15.57,15.64,15.52,15.62,1117200
2021-12-27T16:00:00Z,15.63,15.64,15.57,15.58,687100
2021-12-27T17:00:00Z,15.59,15.6,15.55,15.56,474900
2021-12-27T18:00:00Z,15.57,15.57,15.54,15.55,578300
2021-12-27T19:00:00Z,15.55,15.57,15.55,15.55,578200
2021-12-27T20:00:00Z,15.55,15.56,15.53,15.54,1231500
2021-12-28T13:00:00Z,15.54,15.55,15.4,15.46,856300
2021-12-28T14:00:00Z,15.45,15.52,15.4,15.47,898500
2021-12-28T15:00:00Z,15.48,15.49,15.43,15.48,818600
2021-12-28T16:00:00Z,15.48,15.56,15.45,15.52,791300
2021-12-28T17:00:00Z,15.52,15.54,15.49,15.53,435900
2021-12-28T18:00:00Z,15.53,15.57,15.49,15.5,610700
2021-12-28T19:00:00Z,15.5,15.54,15.48,15.5,1263800
2021-12-28T20:00:00Z,15.51,15.51,15.45,15.48,826000
2021-12-29T13:00:00Z,15.55,15.56,15.4,15.48,434500
2021-12-29T14:00:00Z,15.46,15.5,15.42,15.42,848000
2021-12-29T15:00:00Z,15.42,15.43,15.34,15.38,1363800
2021-12-29T16:00:00Z,15.39,15.42,15.37,15.39,834900
2021-12-29T17:00:00Z,15.39,15.44,15.35,15.43,955700
2021-12-29T18:00:00Z,15.42,15.46,15.42,15.43,687500
2021-12-29T19:00:00Z,15.43,15.45,15.39,15.43,1499800
2021-12-29T20:00:00Z,15.43,15.45,15.41,15.43,1156300
2021-12-30T13:00:00Z,15.58,15.59,15.42,15.53,1034400
2021-12-30T14:00:00Z,15.53,15.54,15.46,15.5,813900
2021-12-30T15:00:00Z,15.51,15.51,15.42,15.43,965300
2021-12-30T16:00:00Z,15.42,15.45,15.39,15.45,801800
2021-12-30T17:00:00Z,15.44,15.48,15.44,15.47,878600
2021-12-30T18:00:00Z,15.46,15.52,15.45,15.5,810200
2021-12-30T19:00:00Z,15.49,15.52,15.45,15.46,718200
2021-12-30T20:00:00Z,15.46,15.48,15.42,15.44,1180200
2022-01-03T13:00:00Z,15.42,15.54,15.36,15.43,1299800
2022-01-03T14:00:00Z,15.44,15.44,15.15,15.19,4253200
2022-01-03T15:00:00Z,15.19,15.32,15.18,15.31,2972900
2022-01-03T16:00:00Z,15.31,15.4,15.2,15.23,3236800
2022-01-03T17:00:00Z,15.23,15.25,15.21,15.24,1562000
2022-01-03T18:00:00Z,15.23,15.26,15.22,15.25,1343100
2022-01-03T19:00:00Z,15.26,15.35,15.25,15.34,2274600
2022-01-03T20:00:00Z,15.34,15.37,15.29,15.35,4887700
2022-01-04T13:00:00Z,15.32,15.38,15.08,15.15,2655900
2022-01-04T14:00:00Z,15.16,15.34,15.04,15.25,3514900
2022-01-04T15:00:00Z,15.24,15.37,15.23,15.34,1573700
2022-01-04T16:00:00Z,15.33,15.4,15.31,15.39,993900
2022-01-04T17:00:00Z,15.38,15.39,15.31,15.32,1241000
2022-01-04T18:00:00Z,15.31,15.38,15.3,15.35,1534000
2022-01-04T19:00:00Z,15.34,15.38,15.32,15.34,1124200
2022-01-04T20:00:00Z,15.34,15.39,15.31,15.35,2330400
2022-01-05T13:00:00Z,15.25,15.29,14.96,15.16,2898200
2022-01-05T14:00:00Z,15.16,15.19,15.01,15.15,2916200
2022-01-05T15:00:00Z,15.16,15.2,15.08,15.17,2422500
2022-01-05T16:00:00Z,15.16,15.2,15.04,15.06,1713600
2022-01-05T17:00:00Z,15.06,15.09,14.98,15,2047000
2022-01-05T18:00:00Z,15.01,15.06,14.99,15.04,2251800
2022-01-05T19:00:00Z,15.06,15.08,14.99,15.02,3630800
2022-01-05T20:00:00Z,15.03,15.05,14.97,14.97,3974400
2022-01-06T13:00:00Z,15.04,15.06,14.74,14.82,4572000
2022-01-06T14:00:00Z,14.82,15.02,14.77,14.94,2271700
2022-01-06T15:00:00Z,14.95,15.01,14.91,14.92,1643300
2022-01-06T16:00:00Z,14.92,14.94,14.83,14.84,1089700
2022-01-06T17:00:00Z,14.85,14.9,14.81,14.84,1177900
2022-01-06T18:00:00Z,14.85,14.85,14.78,14.81,1534800
2022-01-06T19:00:00Z,14.81,14.81,14.74,14.77,3302500
2022-01-06T20:00:00Z,14.76,14.78,14.66,14.71,3101700
2022-01-07T13:00:00Z,14.8,14.8,14.45,14.66,2120900
2022-01-07T14:00:00Z,14.64,14.78,14.64,14.75,1904400
2022-01-07T15:00:00Z,14.75,14.75,14.53,14.57,3009000
2022-01-07T16:00:00Z,14.57,14.62,14.54,14.61,1890500
2022-01-07T17:00:00Z,14.6,14.64,14.57,14.58,1265800
2022-01-07T18:00:00Z,14.58,14.6,14.56,14.58,1183700
2022-01-07T19:00:00Z,14.57,14.59,14.55,14.57,1984700
2022-01-07T20:00:00Z,14.56,14.59,14.55,14.55,3447000
2022-01-10T13:00:00Z,14.44,14.49,14.35,14.39,1471900
2022-01-10T14:00:00Z,14.4,14.45,14.35,14.38,2197100
2022-01-10T15:00:00Z,14.38,14.53,14.36,14.52,2222000
2022-01-10T16:00:00Z,14.52,14.65,14.52,14.61,2031200
2022-01-10T17:00:00Z,14.62,14.69,14.6,14.67,1138900
2022-01-10T18:00:00Z,14.69,14.69,14.65,14.69,2696700
2022-01-10T19:00:00Z,14.69,14.73,14.65,14.66,1365900
2022-01-10T20:00:00Z,14.67,14.7,14.64,14.68,1673000
2022-01-11T13:00:00Z,14.61,14.73,14.53,14.64,1341500
2022-01-11T14:00:00Z,14.64,14.68,14.57,14.59,1691900
2022-01-11T15:00:00Z,14.59,14.62,14.45,14.52,2416500
2022-01-11T16:00:00Z,14.52,14.63,14.52,14.6,1475000
2022-01-11T17:00:00Z,14.59,14.61,14.54,14.56,1716600
2022-01-11T18:00:00Z,14.56,14.68,14.54,14.65,3394700
2022-01-11T19:00:00Z,14.65,14.67,14.61,14.63,2302600
2022-01-11T20:00:00Z,14.63,14.69,14.59,14.68,3199500
2022-01-12T13:00:00Z,14.64,14.75,14.56,14.69,1374000
2022-01-12T14:00:00Z,14.69,15.01,14.62,14.97,6418900
2022-01-12T15:00:00Z,14.97,14.99,14.87,14.94,4901300
2022-01-12T16:00:00Z,14.94,14.95,14.82,14.86,2557800
2022-01-12T17:00:00Z,14.85,14.89,14.81,14.86,1597600
2022-01-12T18:00:00Z,14.87,14.93,14.83,14.92,3103500
2022-01-12T19:00:00Z,14.92,15.03,14.89,14.98,6643200
2022-01-12T20:00:00Z,14.97,14.98,14.9,14.92,3053900
2022-01-13T13:00:00Z,14.87,14.92,14.82,14.89,1013500
2022-01-13T14:00:00Z,14.91,14.95,14.86,14.93,1127000
2022-01-13T15:00:00Z,14.92,14.93,14.76,14.84,2982700
2022-01-13T16:00:00Z,14.84,14.9,14.8,14.83,1418900
2022-01-13T17:00:00Z,14.83,14.99,14.82,14.99,3012800
2022-01-13T18:00:00Z,14.99,15.01,14.95,14.97,1147300
2022-01-13T19:00:00Z,14.97,15.05,14.94,15.01,2929500
2022-01-13T20:00:00Z,15.01,15.03,14.95,15,2490800
2022-01-14T13:00:00Z,14.98,15.07,14.91,14.92,2135800
2022-01-14T14:00:00Z,14.92,15.1,14.9,15.09,2043400
2022-01-14T15:00:00Z,15.09,15.15,15.05,15.14,1436700
2022-01-14T16:00:00Z,15.13,15.21,15.12,15.14,1331900
2022-01-14T17:00:00Z,15.14,15.15,15.04,15.06,1871500
2022-01-14T18:00:00Z,15.05,15.09,15.01,15.08,998300
2022-01-14T19:00:00Z,15.07,15.11,15.05,15.11,1345500
2022-01-14T20:00:00Z,15.1,15.14,15.08,15.14,2006600
2022-01-17T13:00:00Z,15.04,15.17,15.03,15.08,1113500
2022-01-17T14:00:00Z,15.08,15.1,14.98,14.98,3720700
2022-01-17T15:00:00Z,14.98,15,14.93,14.94,1377800
2022-01-17T16:00:00Z,14.94,14.96,14.79,14.85,5922500
2022-01-17T17:00:00Z,14.86,14.95,14.85,14.92,2600400
2022-01-17T18:00:00Z,14.92,14.94,14.87,14.88,1582400
2022-01-17T19:00:00Z,14.88,14.88,14.8,14.8,1505900
2022-01-17T20:00:00Z,14.81,14.83,14.8,14.82,1567800
2022-01-18T13:00:00Z,14.74,14.74,14.43,14.48,2811400
2022-01-18T14:00:00Z,14.48,14.52,14.39,14.41,5236900
2022-01-18T15:00:00Z,14.41,14.54,14.41,14.5,3058700
2022-01-18T16:00:00Z,14.5,14.61,14.46,14.61,1315400
2022-01-18T17:00:00Z,14.61,14.61,14.52,14.54,1596400
2022-01-18T18:00:00Z,14.55,14.56,14.46,14.54,2361900
2022-01-18T19:00:00Z,14.55,14.58,14.53,14.56,1681600
2022-01-18T20:00:00Z,14.56,14.59,14.48,14.59,4468900
2022-01-19T13:00:00Z,14.65,14.68,14.46,14.6,2361400
2022-01-19T14:00:00Z,14.61,14.66,14.43,14.47,5885400
2022-01-19T15:00:00Z,14.46,14.54,14.43,14.52,5440400
2022-01-19T16:00:00Z,14.52,14.52,14.39,14.44,5481700
2022-01-19T17:00:00Z,14.43,14.51,14.43,14.49,2586000
2022-01-19T18:00:00Z,14.48,14.51,14.45,14.48,2529300
2022-01-19T19:00:00Z,14.49,14.56,14.47,14.53,3179300
2022-01-19T20:00:00Z,14.53,14.56,14.48,14.52,2303300
2022-01-20T13:00:00Z,14.62,14.63,14.46,14.51,2060300
2022-01-20T14:00:00Z,14.52,14.62,14.48,14.6,5340400
2022-01-20T15:00:00Z,14.6,14.62,14.51,14.54,5219700
2022-01-20T16:00:00Z,14.54,14.6,14.49,14.51,1777700
2022-01-20T17:00:00Z,14.51,14.54,14.47,14.51,1955500
2022-01-20T18:00:00Z,14.52,14.59,14.5,14.56,5865600
2022-01-20T19:00:00Z,14.57,14.57,14.47,14.47,2473500
2022-01-20T20:00:00Z,14.48,14.52,14.43,14.45,3248900
2022-01-21T13:00:00Z,14.45,14.5,14.42,14.44,1085000
2022-01-21T14:00:00Z,14.45,14.72,14.41,14.71,6671000
2022-01-21T15:00:00Z,14.7,14.92,14.69,14.88,7339500
2022-01-21T16:00:00Z,14.88,14.9,14.74,14.75,2578400
2022-01-21T17:00:00Z,14.75,14.79,14.7,14.74,1401300
2022-01-21T18:00:00Z,14.74,14.8,14.73,14.76,1817000
2022-01-21T19:00:00Z,14.75,14.79,14.73,14.73,1608600
2022-01-21T20:00:00Z,14.73,14.74,14.65,14.68,3120800
2022-01-24T13:00:00Z,14.79,15.05,14.72,14.74,3467400
2022-01-24T14:00:00Z,14.75,14.84,14.67,14.78,3162900
2022-01-24T15:00:00Z,14.78,14.8,14.69,14.74,5653500
2022-01-24T16:00:00Z,14.75,14.86,14.71,14.76,3806800
2022-01-24T17:00:00Z,14.76,14.78,14.66,14.72,2227900
2022-01-24T18:00:00Z,14.72,14.8,14.71,14.72,2123300
2022-01-24T19:00:00Z,14.72,14.74,14.61,14.7,2299300
2022-01-24T20:00:00Z,14.71,14.79,14.69,14.72,4620300
2022-01-25T13:00:00Z,14.64,14.79,14.61,14.76,1107800
2022-01-25T14:00:00Z,14.76,14.8,14.7,14.74,1358900
2022-01-25T15:00:00Z,14.74,14.93,14.7,14.86,2923100
2022-01-25T16:00:00Z,14.85,14.86,14.77,14.77,1964500
2022-01-25T17:00:00Z,14.77,14.85,14.76,14.82,1047600
2022-01-25T18:00:00Z,14.83,14.98,14.81,14.98,2558900
2022-01-25T19:00:00Z,14.98,15.04,14.92,14.96,3556700
2022-01-25T20:00:00Z,14.96,15.09,14.93,15.09,4496800
2022-01-26T13:00:00Z,15.19,15.3,15.12,15.17,3561100
2022-01-26T14:00:00Z,15.17,15.27,15.15,15.24,3105400
2022-01-26T15:00:00Z,15.24,15.26,15.15,15.17,1851200
2022-01-26T16:00:00Z,15.17,15.27,15.16,15.19,3027100
2022-01-26T17:00:00Z,15.19,15.21,15.04,15.06,2604000
2022-01-26T18:00:00Z,15.07,15.07,14.98,15.05,2631300
2022-01-26T19:00:00Z,15.05,15.13,14.98,15.03,3191600
2022-01-26T20:00:00Z,15.03,15.04,14.88,14.99,2569600
2022-01-27T13:00:00Z,15.06,15.11,14.97,15.03,934300
2022-01-27T14:00:00Z,15.05,15.13,14.93,15.12,3439200
2022-01-27T15:00:00Z,15.11,15.39,15.1,15.38,4979000
2022-01-27T16:00:00Z,15.38,15.49,15.36,15.46,2435300
2022-01-27T17:00:00Z,15.46,15.48,15.32,15.35,3794700
2022-01-27T18:00:00Z,15.36,15.4,15.29,15.38,2544400
2022-01-27T19:00:00Z,15.37,15.42,15.32,15.37,1588600
2022-01-27T20:00:00Z,15.37,15.41,15.32,15.37,2256200
2022-01-28T13:00:00Z,15.24,15.32,15.01,15.1,2687400
2022-01-28T14:00:00Z,15.1,15.17,14.95,14.95,2694300
2022-01-28T15:00:00Z,14.95,15.07,14.93,15.01,3347800
2022-01-28T16:00:00Z,15.01,15.03,14.92,14.93,2407400
2022-01-28T17:00:00Z,14.93,14.99,14.9,14.94,2399300
2022-01-28T18:00:00Z,14.94,14.99,14.91,14.98,1973300
2022-01-28T19:00:00Z,14.97,14.98,14.86,14.92,2354300
2022-01-28T20:00:00Z,14.92,14.96,14.89,14.9,3163700
2022-01-31T13:00:00Z,14.9,14.99,14.77,14.98,1142500
2022-01-31T14:00:00Z,14.98,15.01,14.89,14.94,984800
2022-01-31T15:00:00Z,14.95,15.01,14.88,14.93,1415200
2022-01-31T16:00:00Z,14.94,14.98,14.87,14.96,1112000
2022-01-31T17:00:00Z,14.96,15.02,14.93,14.99,901100
2022-01-31T18:00:00Z,15,15.05,14.95,15.05,1776500
2022-01-31T19:00:00Z,15.04,15.09,15.03,15.08,1339900
2022-01-31T20:00:00Z,15.08,15.12,15.04,15.05,3553000
2022-02-01T13:00:00Z,14.94,15.02,14.92,14.98,869000
2022-02-01T14:00:00Z,14.99,15.13,14.97,15.04,1581100
2022-02-01T15:00:00Z,15.04,15.04,14.87,14.87,1455000
2022-02-01T16:00:00Z,14.87,14.94,14.84,14.89,1394400
2022-02-01T17:00:00Z,14.89,14.95,14.88,14.92,967000
2022-02-01T18:00:00Z,14.92,14.93,14.87,14.87,1521100
2022-02-01T19:00:00Z,14.87,14.88,14.82,14.83,1729700
2022-02-01T20:00:00Z,14.83,14.88,14.79,14.86,2274300
2022-02-02T13:00:00Z,14.85,14.94,14.81,14.83,1826400
2022-02-02T14:00:00Z,14.84,14.87,14.75,14.76,1797200
2022-02-02T15:00:00Z,14.76,14.78,14.61,14.63,2280500
2022-02-02T16:00:00Z,14.64,14.64,14.45,14.55,2930200
2022-02-02T17:00:00Z,14.55,14.61,14.5,14.58,1092100
2022-02-02T18:00:00Z,14.57,14.58,14.49,14.51,1801400
2022-02-02T19:00:00Z,14.51,14.57,14.5,14.52,1744200
2022-02-02T20:00:00Z,14.51,14.53,14.47,14.52,2911700
2022-02-03T13:00:00Z,14.54,14.62,14.46,14.5,1239500
2022-02-03T14:00:00Z,14.49,14.59,14.43,14.47,2156300
2022-02-03T15:00:00Z,14.47,14.5,14.44,14.45,2055100
2022-02-03T16:00:00Z,14.45,14.52,14.44,14.5,931900
2022-02-03T17:00:00Z,14.49,14.52,14.46,14.49,947300
2022-02-03T18:00:00Z,14.48,14.52,14.46,14.48,912600
2022-02-03T19:00:00Z,14.47,14.51,14.45,14.47,1202700
2022-02-03T20:00:00Z,14.47,14.51,14.42,14.45,1510000
2022-02-04T13:00:00Z,14.42,14.46,14.19,14.2,2247900
2022-02-04T14:00:00Z,14.2,14.35,14.17,14.33,2306200
2022-02-04T15:00:00Z,14.33,14.43,14.3,14.42,1507900
2022-02-04T16:00:00Z,14.42,14.52,14.38,14.5,3259700
2022-02-04T17:00:00Z,14.5,14.52,14.45,14.51,2066800
2022-02-04T18:00:00Z,14.51,14.54,14.45,14.48,1482500
2022-02-04T19:00:00Z,14.48,14.5,14.45,14.47,1837900
2022-02-04T20:00:00Z,14.46,14.49,14.42,14.45,1315300
2022-02-07T13:00:00Z,14.43,14.51,14.32,14.37,1966000
2022-02-07T14:00:00Z,14.37,14.4,14.27,14.36,3481400
2022-02-07T15:00:00Z,14.37,14.42,14.35,14.39,2286100
2022-02-07T16:00:00Z,14.4,14.4,14.32,14.35,901300
2022-02-07T17:00:00Z,14.35,14.4,14.32,14.34,2737500
2022-02-07T18:00:00Z,14.33,14.36,14.32,14.33,2547700
2022-02-07T19:00:00Z,14.33,14.36,14.31,14.35,1449100
2022-02-07T20:00:00Z,14.34,14.35,14.28,14.29,2835100
2022-02-08T13:00:00Z,14.26,14.27,14.11,14.16,1671400
2022-02-08T14:00:00Z,14.16,14.22,14.11,14.2,2613900
2022-02-08T15:00:00Z,14.21,14.33,14.18,14.27,2009100
2022-02-08T16:00:00Z,14.28,14.3,14.24,14.24,2083900
2022-02-08T17:00:00Z,14.25,14.26,14.21,14.24,1257400
2022-02-08T18:00:00Z,14.25,14.25,14.18,14.18,3351200
2022-02-08T19:00:00Z,14.19,14.21,14.16,14.16,2119500
2022-02-08T20:00:00Z,14.17,14.19,14.14,14.15,3314800
2022-02-09T13:00:00Z,14.15,14.4,14.15,14.33,4332600
2022-02-09T14:00:00Z,14.34,14.42,14.31,14.32,6740300
2022-02-09T15:00:00Z,14.31,14.5,14.28,14.41,6886500
2022-02-09T16:00:00Z,14.4,14.48,14.4,14.43,4080100
2022-02-09T17:00:00Z,14.43,14.62,14.42,14.58,6728800
2022-02-09T18:00:00Z,14.58,14.58,14.42,14.42,4093000
2022-02-09T19:00:00Z,14.43,14.48,14.36,14.47,4495700
2022-02-09T20:00:00Z,14.46,14.58,14.44,14.53,5147700
2022-02-10T13:00:00Z,14.57,14.64,14.41,14.55,4735100
2022-02-10T14:00:00Z,14.55,14.66,14.5,14.65,3307700
2022-02-10T15:00:00Z,14.65,14.69,14.6,14.61,2785600
2022-02-10T16:00:00Z,14.61,14.65,14.53,14.64,3039800
2022-02-10T17:00:00Z,14.64,14.69,14.63,14.65,2712700
2022-02-10T18:00:00Z,14.65,14.67,14.61,14.64,1776200
2022-02-10T19:00:00Z,14.64,14.77,14.6,14.76,4421300
2022-02-10T20:00:00Z,14.77,14.82,14.73,14.73,5662400
2022-02-11T13:00:00Z,14.82,14.88,14.75,14.86,1872700
2022-02-11T14:00:00Z,14.86,15.05,14.85,15.04,3001100
2022-02-11T15:00:00Z,15.05,15.1,14.98,15.02,2691500
2022-02-11T16:00:00Z,15.01,15.05,14.95,14.96,2506300
2022-02-11T17:00:00Z,14.96,15.03,14.94,15.02,2332200
2022-02-11T18:00:00Z,15.01,15.08,14.95,15,4008200
2022-02-11T19:00:00Z,15,15.04,14.88,14.91,5407400
2022-02-11T20:00:00Z,14.92,14.99,14.79,14.91,4901000
2022-02-14T13:00:00Z,14.98,15.09,14.9,15.01,1250900
2022-02-14T14:00:00Z,15.01,15.05,14.94,15.02,1468300
2022-02-14T15:00:00Z,15.01,15.02,14.83,14.9,3872200
2022-02-14T16:00:00Z,14.91,14.98,14.9,14.97,1612000
2022-02-14T17:00:00Z,14.98,14.99,14.93,14.97,1508800
2022-02-14T18:00:00Z,14.97,15.04,14.94,15,7522500
2022-02-14T19:00:00Z,15,15.07,14.95,15.05,8408400
2022-02-14T20:00:00Z,15.04,15.07,15,15.04,3609400
2022-02-15T13:00:00Z,15.11,15.49,15.11,15.44,5548100
2022-02-15T14:00:00Z,15.43,15.66,15.4,15.6,5309400
2022-02-15T15:00:00Z,15.59,15.68,15.55,15.62,3744800
2022-02-15T16:00:00Z,15.61,15.67,15.53,15.65,6390800
2022-02-15T17:00:00Z,15.64,15.68,15.57,15.61,4019900
2022-02-15T18:00:00Z,15.61,15.7,15.58,15.61,6039500
2022-02-15T19:00:00Z,15.62,15.62,15.36,15.37,8874200
2022-02-15T20:00:00Z,15.37,15.37,15.22,15.37,6336400
2022-02-16T13:00:00Z,15.45,15.48,15.16,15.16,3512400
2022-02-16T14:00:00Z,15.16,15.2,15.09,15.12,3937100
2022-02-16T15:00:00Z,15.12,15.13,15.04,15.06,2333700
2022-02-16T16:00:00Z,15.06,15.06,14.96,14.98,2549000
2022-02-16T17:00:00Z,14.98,15.08,14.96,15.07,1399500
2022-02-16T18:00:00Z,15.07,15.1,15.02,15.04,1942000
2022-02-16T19:00:00Z,15.04,15.12,15.03,15.05,3065400
2022-02-16T20:00:00Z,15.05,15.07,15,15.04,3777100
2022-02-17T13:00:00Z,15.09,15.11,14.9,14.96,1710400
2022-02-17T14:00:00Z,14.96,14.98,14.73,14.73,5468800
2022-02-17T15:00:00Z,14.74,14.88,14.71,14.87,2769800
2022-02-17T16:00:00Z,14.87,14.88,14.79,14.81,1071400
2022-02-17T17:00:00Z,14.8,14.88,14.77,14.88,1730300
2022-02-17T18:00:00Z,14.88,14.93,14.87,14.9,1447700
2022-02-17T19:00:00Z,14.9,14.92,14.86,14.88,1251800
2022-02-17T20:00:00Z,14.88,14.9,14.82,14.88,2156700
2022-02-18T13:00:00Z,14.97,14.99,14.83,14.87,877500
2022-02-18T14:00:00Z,14.87,14.89,14.77,14.88,1685800
2022-02-18T15:00:00Z,14.88,14.89,14.78,14.8,1069200
2022-02-18T16:00:00Z,14.8,14.82,14.76,14.79,1136300
2022-02-18T17:00:00Z,14.79,14.83,14.77,14.81,968100
2022-02-18T18:00:00Z,14.82,14.85,14.81,14.81,620700
2022-02-18T19:00:00Z,14.81,14.89,14.8,14.87,1158000
2022-02-18T20:00:00Z,14.87,14.89,14.74,14.75,1654800
2022-02-21T13:00:00Z,14.83,14.85,14.58,14.65,1710500
2022-02-21T14:00:00Z,14.65,14.68,14.55,14.66,1567200
2022-02-21T15:00:00Z,14.66,14.74,14.59,14.73,888400
2022-02-21T16:00:00Z,14.72,14.76,14.71,14.72,534600
2022-02-21T17:00:00Z,14.72,14.73,14.6,14.67,1194900
2022-02-21T18:00:00Z,14.67,14.71,14.59,14.68,1413400
2022-02-21T19:00:00Z,14.68,14.76,14.66,14.71,1875100
2022-02-21T20:00:00Z,14.71,14.71,14.56,14.6,1802300
2022-02-22T13:00:00Z,14.44,14.78,14.44,14.73,1785600
2022-02-22T14:00:00Z,14.74,14.77,14.68,14.69,1893200
2022-02-22T15:00:00Z,14.7,14.82,14.68,14.76,1228100
2022-02-22T16:00:00Z,14.76,14.82,14.74,14.79,1028500
2022-02-22T17:00:00Z,14.78,14.79,14.72,14.72,1311000
2022-02-22T18:00:00Z,14.72,14.77,14.68,14.73,3034600
2022-02-22T19:00:00Z,14.74,14.79,14.69,14.7,3189100
2022-02-22T20:00:00Z,14.7,14.74,14.59,14.7,7756200
2022-02-23T13:00:00Z,14.62,15.17,14.59,15.04,5081000
2022-02-23T14:00:00Z,15.04,15.26,15.03,15.12,8735700
2022-02-23T15:00:00Z,15.11,15.13,14.98,15,2300700
2022-02-23T16:00:00Z,14.99,15,14.9,14.9,1246400
2022-02-23T17:00:00Z,14.9,14.96,14.83,14.9,2552800
2022-02-23T18:00:00Z,14.89,14.92,14.86,14.9,1351000
2022-02-23T19:00:00Z,14.89,14.91,14.82,14.85,1322400
2022-02-23T20:00:00Z,14.84,14.9,14.78,14.83,5429400
2022-02-24T13:00:00Z,14.24,14.74,13.8,14.43,22087100
2022-02-24T14:00:00Z,14.43,14.55,14.2,14.24,7541100
2022-02-24T15:00:00Z,14.24,14.5,14.17,14.5,6982700
2022-02-24T16:00:00Z,14.5,14.55,14.46,14.5,3748200
2022-02-24T17:00:00Z,14.5,14.56,14.46,14.54,1987600
2022-02-24T18:00:00Z,14.53,14.65,14.46,14.61,4686800
2022-02-24T19:00:00Z,14.6,14.8,14.52,14.71,5201100
2022-02-24T20:00:00Z,14.7,14.8,14.67,14.77,3075100
2022-02-25T13:00:00Z,14.68,14.99,14.68,14.94,1954900
2022-02-25T14:00:00Z,14.94,15.08,14.85,15.02,3977500
2022-02-25T15:00:00Z,15.03,15.33,14.98,15.27,4613300
2022-02-25T16:00:00Z,15.27,15.28,15.13,15.2,6516400
2022-02-25T17:00:00Z,15.2,15.22,15.09,15.1,2953700
2022-02-25T18:00:00Z,15.1,15.2,15.09,15.14,5373900
2022-02-25T19:00:00Z,15.14,15.17,15.03,15.08,3953900
2022-02-25T20:00:00Z,15.08,15.15,15.04,15.12,5612900
2022-03-02T16:00:00Z,14.69,14.98,14.69,14.92,7313300
2022-03-02T17:00:00Z,14.92,14.92,14.64,14.66,5575700
2022-03-02T18:00:00Z,14.66,14.74,14.6,14.61,5737100
2022-03-02T19:00:00Z,14.61,14.62,14.52,14.54,4407600
2022-03-02T20:00:00Z,14.53,14.55,14.42,14.55,7196900
2022-03-03T13:00:00Z,14.51,14.51,14.19,14.26,9543900
2022-03-03T14:00:00Z,14.27,14.28,14.1,14.17,6793400
2022-03-03T15:00:00Z,14.16,14.19,14.07,14.1,5547700
2022-03-03T16:00:00Z,14.1,14.31,14.05,14.25,5456000
2022-03-03T17:00:00Z,14.24,14.31,14.22,14.25,2119400
2022-03-03T18:00:00Z,14.24,14.3,14.23,14.27,1766200
2022-03-03T19:00:00Z,14.27,14.31,14.24,14.26,2863800
2022-03-03T20:00:00Z,14.26,14.27,14.14,14.19,4804700
2022-03-04T13:00:00Z,14.21,14.24,14.01,14.03,1647200
2022-03-04T14:00:00Z,14.02,14.04,13.92,13.97,5327300
2022-03-04T15:00:00Z,13.96,13.98,13.82,13.86,4608800
2022-03-04T16:00:00Z,13.87,14.01,13.86,13.95,2868500
2022-03-04T17:00:00Z,13.95,14.02,13.94,13.99,2771400
2022-03-04T18:00:00Z,13.99,14.05,13.94,13.94,1766700
2022-03-04T19:00:00Z,13.94,13.95,13.84,13.84,2029300
2022-03-04T20:00:00Z,13.84,13.92,13.84,13.89,2918100
2022-03-07T13:00:00Z,13.79,13.79,13.59,13.67,4026000
2022-03-07T14:00:00Z,13.67,13.7,13.55,13.58,5487000
2022-03-07T15:00:00Z,13.58,13.62,13.37,13.51,7195900
2022-03-07T16:00:00Z,13.51,13.62,13.5,13.6,4304200
2022-03-07T17:00:00Z,13.6,13.61,13.48,13.49,3666600
2022-03-07T18:00:00Z,13.49,13.5,13.39,13.47,8933300
2022-03-07T19:00:00Z,13.46,13.48,13.39,13.44,4110600
2022-03-07T20:00:00Z,13.44,13.53,13.22,13.4,6839800
2022-03-08T13:00:00Z,13.4,13.42,13.28,13.34,2323800
2022-03-08T14:00:00Z,13.34,13.53,13.34,13.53,5567500
2022-03-08T15:00:00Z,13.53,13.53,13.38,13.47,3368700
2022-03-08T16:00:00Z,13.46,13.49,13.38,13.45,2221900
2022-03-08T17:00:00Z,13.44,13.71,13.4,13.64,6145800
2022-03-08T18:00:00Z,13.64,13.73,13.47,13.49,4025700
2022-03-08T19:00:00Z,13.49,13.6,13.46,13.52,2282900
2022-03-08T20:00:00Z,13.52,13.54,13.36,13.38,5651800
2022-03-09T13:00:00Z,13.6,13.78,13.58,13.69,3373800
2022-03-09T14:00:00Z,13.7,13.79,13.66,13.69,2876900
2022-03-09T15:00:00Z,13.69,13.83,13.67,13.78,2095200
2022-03-09T16:00:00Z,13.78,13.87,13.75,13.82,1971600
2022-03-09T17:00:00Z,13.82,13.95,13.8,13.91,2961000
2022-03-09T18:00:00Z,13.91,14,13.87,13.97,3494800
2022-03-09T19:00:00Z,13.96,13.99,13.95,13.96,2577300
2022-03-09T20:00:00Z,13.96,14,13.91,13.92,3709900
2022-03-10T13:00:00Z,13.77,13.79,13.5,13.5,4447700
2022-03-10T14:00:00Z,13.5,13.58,13.34,13.5,7897900
2022-03-10T15:00:00Z,13.49,13.53,13.43,13.46,1765600
2022-03-10T16:00:00Z,13.46,13.49,13.42,13.42,2034800
2022-03-10T17:00:00Z,13.42,13.43,13.24,13.27,7490400
2022-03-10T18:00:00Z,13.26,13.34,13.24,13.31,4564600
2022-03-10T19:00:00Z,13.31,13.38,13.26,13.35,3101600
2022-03-10T20:00:00Z,13.35,13.44,13.33,13.38,2502000
2022-03-11T13:00:00Z,13.5,13.56,13.3,13.47,1828500
2022-03-11T14:00:00Z,13.46,13.5,13.37,13.38,1192100
2022-03-11T15:00:00Z,13.37,13.45,13.32,13.32,1510600
2022-03-11T16:00:00Z,13.32,13.35,13.23,13.25,851200
2022-03-11T17:00:00Z,13.25,13.31,13.23,13.3,839400
2022-03-11T18:00:00Z,13.3,13.39,13.29,13.33,4037600
2022-03-11T19:00:00Z,13.34,13.38,13.26,13.33,1990600
2022-03-11T20:00:00Z,13.32,13.33,13.06,13.06,8232200
2022-03-14T13:00:00Z,13.22,13.42,13.18,13.4,2562000
2022-03-14T14:00:00Z,13.4,13.41,13.16,13.22,8270100
2022-03-14T15:00:00Z,13.21,13.32,13.18,13.3,1902200
2022-03-14T16:00:00Z,13.29,13.33,13.21,13.21,1785800
2022-03-14T17:00:00Z,13.21,13.35,13.19,13.33,1630000
2022-03-14T18:00:00Z,13.34,13.41,13.33,13.38,2859200
2022-03-14T19:00:00Z,13.38,13.46,13.32,13.32,2860900
2022-03-15T13:00:00Z,13.35,13.54,13.35,13.51,4338900
2022-03-15T14:00:00Z,13.5,13.67,13.47,13.63,3609100
2022-03-15T15:00:00Z,13.61,13.67,13.54,13.55,3935300
2022-03-15T16:00:00Z,13.54,13.64,13.54,13.57,1939300
2022-03-15T17:00:00Z,13.57,13.58,13.49,13.53,2010600
2022-03-15T18:00:00Z,13.53,13.55,13.45,13.52,2903300
2022-03-15T19:00:00Z,13.51,13.52,13.43,13.5,4209700
2022-03-16T13:00:00Z,13.5,13.68,13.41,13.65,2788800
2022-03-16T14:00:00Z,13.66,13.85,13.63,13.78,4652400
2022-03-16T15:00:00Z,13.78,13.81,13.71,13.74,2258900
2022-03-16T16:00:00Z,13.75,13.75,13.65,13.68,1899700
2022-03-16T17:00:00Z,13.69,13.72,13.62,13.69,2700000
2022-03-16T18:00:00Z,13.69,13.74,13.55,13.71,3167100
2022-03-16T19:00:00Z,13.72,13.79,13.66,13.75,2848000
2022-03-17T13:00:00Z,13.81,13.96,13.69,13.78,5735500
2022-03-17T14:00:00Z,13.78,13.86,13.72,13.84,2143700
2022-03-17T15:00:00Z,13.83,13.86,13.78,13.78,1354800
2022-03-17T16:00:00Z,13.79,13.89,13.77,13.88,2057900
2022-03-17T17:00:00Z,13.87,14.01,13.87,14,3313500
2022-03-17T18:00:00Z,14,14.02,13.9,13.99,3576300
2022-03-17T19:00:00Z,13.98,14.02,13.94,13.97,3090700
2022-03-18T13:00:00Z,13.85,14.02,13.8,13.99,2596700
2022-03-18T14:00:00Z,13.98,14.11,13.98,14.04,3621900
2022-03-18T15:00:00Z,14.04,14.09,14.01,14.05,2394700
2022-03-18T16:00:00Z,14.05,14.08,14.01,14.08,1004900
2022-03-18T17:00:00Z,14.08,14.11,14.05,14.07,1412800
2022-03-18T18:00:00Z,14.07,14.14,14.05,14.13,1782600
2022-03-18T19:00:00Z,14.12,14.24,14.11,14.17,2262000
2022-03-21T13:00:00Z,14.06,14.36,14.06,14.26,3282700
2022-03-21T14:00:00Z,14.25,14.36,14.21,14.25,2231100
2022-03-21T15:00:00Z,14.25,14.28,14.19,14.23,1191700
2022-03-21T16:00:00Z,14.23,14.23,14.12,14.19,2102100
2022-03-21T17:00:00Z,14.18,14.26,14.15,14.22,1482000
2022-03-21T18:00:00Z,14.22,14.28,14.19,14.23,1962800
2022-03-21T19:00:00Z,14.23,14.24,14.18,14.2,1242600
2022-03-22T13:00:00Z,14.32,14.42,14.21,14.27,2776900
2022-03-22T14:00:00Z,14.27,14.48,14.24,14.4,5742500
2022-03-22T15:00:00Z,14.4,14.5,14.37,14.45,2032800
2022-03-22T16:00:00Z,14.44,14.5,14.4,14.43,1452400
2022-03-22T17:00:00Z,14.42,14.46,14.34,14.36,1478800
2022-03-22T18:00:00Z,14.36,14.37,14.29,14.34,1985400
2022-03-22T19:00:00Z,14.34,14.38,14.27,14.3,2057900
2022-03-23T13:00:00Z,14.31,14.38,14.07,14.1,2058900
2022-03-23T14:00:00Z,14.12,14.27,14.09,14.22,4391900
2022-03-23T15:00:00Z,14.22,14.29,14.17,14.17,2379800
2022-03-23T16:00:00Z,14.18,14.18,14.14,14.15,1377000
2022-03-23T17:00:00Z,14.16,14.25,14.14,14.25,2124400
2022-03-23T18:00:00Z,14.25,14.25,14.13,14.13,1817900
2022-03-23T19:00:00Z,14.13,14.17,14.11,14.15,2350800
2022-03-24T13:00:00Z,14.2,14.2,14.06,14.13,2198700
2022-03-24T14:00:00Z,14.14,14.2,14.09,14.2,3318000
2022-03-24T15:00:00Z,14.19,14.36,14.18,14.31,3662900
2022-03-24T16:00:00Z,14.3,14.31,14.17,14.19,3393500
2022-03-24T17:00:00Z,14.18,14.23,14.17,14.2,1249000
2022-03-24T18:00:00Z,14.19,14.2,14.1,14.11,6004000
2022-03-24T19:00:00Z,14.11,14.17,14.1,14.16,3833100
2022-03-25T13:00:00Z,14.28,14.29,14.06,14.06,5354400
2022-03-25T14:00:00Z,14.08,14.08,13.96,14.01,6659200
2022-03-25T15:00:00Z,14.01,14.18,13.95,14.17,10169800
2022-03-25T16:00:00Z,14.16,14.34,14.16,14.3,4997600
2022-03-25T17:00:00Z,14.3,14.35,14.26,14.32,1322500
2022-03-25T18:00:00Z,14.31,14.34,14.24,14.26,1178300
2022-03-25T19:00:00Z,14.26,14.3,14.23,14.28,1697300
2022-03-28T13:00:00Z,14.43,14.53,14.38,14.42,2027300
2022-03-28T14:00:00Z,14.42,14.49,14.39,14.48,2680400
2022-03-28T15:00:00Z,14.48,14.65,14.47,14.6,2345600
2022-03-28T16:00:00Z,14.59,14.63,14.57,14.62,1530000
2022-03-28T17:00:00Z,14.61,14.64,14.58,14.63,1283400
2022-03-28T18:00:00Z,14.62,14.75,14.57,14.74,4592700
2022-03-28T19:00:00Z,14.74,14.75,14.67,14.69,2691900
2022-03-29T13:00:00Z,14.95,15.4,14.87,15.1,11328600
2022-03-29T14:00:00Z,15.11,15.17,15.05,15.1,7963500
2022-03-29T15:00:00Z,15.1,15.27,15.09,15.21,3414800
2022-03-29T16:00:00Z,15.21,15.24,15.15,15.23,2083300
2022-03-29T17:00:00Z,15.22,15.28,15.17,15.18,2473900
2022-03-29T18:00:00Z,15.18,15.29,15.15,15.23,2323400
2022-03-29T19:00:00Z,15.23,15.28,15.22,15.22,6191100
2022-03-30T13:00:00Z,15.26,15.3,15.02,15.05,3273700
2022-03-30T14:00:00Z,15.05,15.15,15.05,15.05,1860300
2022-03-30T15:00:00Z,15.06,15.15,15.05,15.13,1356100
2022-03-30T16:00:00Z,15.14,15.15,15.05,15.09,1494300
2022-03-30T17:00:00Z,15.09,15.2,15.08,15.12,3435900
2022-03-30T18:00:00Z,15.12,15.21,15.11,15.15,2220700
2022-03-30T19:00:00Z,15.16,15.18,15.12,15.14,2287300
2022-03-31T13:00:00Z,15.23,15.25,15.14,15.22,1241600
2022-03-31T14:00:00Z,15.21,15.24,15.13,15.2,2353800
2022-03-31T15:00:00Z,15.19,15.36,15.18,15.33,1623900
2022-03-31T16:00:00Z,15.33,15.4,15.33,15.4,1396000
2022-03-31T17:00:00Z,15.4,15.48,15.39,15.48,3442100
2022-03-31T18:00:00Z,15.47,15.53,15.42,15.53,3173800
2022-03-31T19:00:00Z,15.53,15.58,15.45,15.52,3798200
2022-04-01T13:00:00Z,15.59,15.67,15.25,15.26,5532500
2022-04-01T14:00:00Z,15.27,15.44,15.25,15.37,4454500
2022-04-01T15:00:00Z,15.38,15.39,15.28,15.29,2958800
2022-04-01T16:00:00Z,15.28,15.32,15.19,15.2,2293900
2022-04-01T17:00:00Z,15.2,15.34,15.13,15.33,3668600
2022-04-01T18:00:00Z,15.32,15.4,15.3,15.37,4241900
2022-04-01T19:00:00Z,15.36,15.46,15.36,15.44,5233600
2022-04-04T13:00:00Z,15.39,15.45,15.2,15.31,2546300
2022-04-04T14:00:00Z,15.31,15.31,15.15,15.19,3838400
2022-04-04T15:00:00Z,15.2,15.21,15.13,15.17,1124700
2022-04-04T16:00:00Z,15.17,15.19,15.11,15.13,3824000
2022-04-04T17:00:00Z,15.13,15.23,15.08,15.23,3072500
2022-04-04T18:00:00Z,15.23,15.26,15.13,15.18,3734500
2022-04-04T19:00:00Z,15.19,15.21,15.15,15.17,1882400
2022-04-05T13:00:00Z,15.15,15.28,15.12,15.22,3137200
2022-04-05T14:00:00Z,15.2,15.24,15.1,15.17,1640700
2022-04-05T15:00:00Z,15.17,15.25,15.14,15.22,1633900
2022-04-05T16:00:00Z,15.23,15.24,15.14,15.19,741700
2022-04-05T17:00:00Z,15.19,15.21,15.1,15.11,659300
2022-04-05T18:00:00Z,15.1,15.18,15.08,15.16,1017600
2022-04-05T19:00:00Z,15.16,15.17,15.06,15.06,1163200
2022-04-06T13:00:00Z,15.03,15.09,14.87,14.91,2090100
2022-04-06T14:00:00Z,14.91,14.97,14.83,14.92,3780600
2022-04-06T15:00:00Z,14.91,15.03,14.88,14.96,2250100
2022-04-06T16:00:00Z,14.94,15,14.89,14.95,1198200
2022-04-06T17:00:00Z,14.94,15,14.93,14.94,591000
2022-04-06T18:00:00Z,14.95,15.05,14.81,15.03,2162500
2022-04-06T19:00:00Z,15.04,15.06,14.91,14.92,1626600
2022-04-07T13:00:00Z,14.93,15.01,14.82,14.94,1980800
2022-04-07T14:00:00Z,14.95,15.1,14.93,15.04,3430100
2022-04-07T15:00:00Z,15.06,15.14,15.04,15.08,1785800
2022-04-07T16:00:00Z,15.08,15.1,15.06,15.06,1917900
2022-04-07T17:00:00Z,15.05,15.09,15.02,15.03,1821200
2022-04-07T18:00:00Z,15.03,15.05,14.98,15.01,2804500
2022-04-07T19:00:00Z,15.01,15.13,14.96,15.13,4104200
2022-04-08T13:00:00Z,14.94,15.13,14.74,14.82,5788000
2022-04-08T14:00:00Z,14.82,15,14.82,15,4112600
2022-04-08T15:00:00Z,15,15.07,14.94,14.96,1487300
2022-04-08T16:00:00Z,14.96,15.02,14.91,15,825300
2022-04-08T17:00:00Z,14.99,15.02,14.87,14.91,1324400
2022-04-08T18:00:00Z,14.91,14.95,14.88,14.91,3655900
2022-04-08T19:00:00Z,14.91,14.93,14.85,14.92,2246600
2022-04-11T13:00:00Z,14.82,15.18,14.74,15.16,4056100
2022-04-11T14:00:00Z,15.16,15.39,15.15,15.35,12594400
2022-04-11T15:00:00Z,15.35,15.41,15.3,15.41,2861500
2022-04-11T16:00:00Z,15.41,15.44,15.36,15.4,1678600
2022-04-11T17:00:00Z,15.39,15.42,15.36,15.36,788100
2022-04-11T18:00:00Z,15.37,15.38,15.27,15.31,1056800
2022-04-11T19:00:00Z,15.31,15.34,15.23,15.32,1857400
2022-04-12T13:00:00Z,15.41,15.54,15.35,15.46,3604900
2022-04-12T14:00:00Z,15.46,15.46,15.18,15.24,4039300
2022-04-12T15:00:00Z,15.24,15.24,15.11,15.14,1585900
2022-04-12T16:00:00Z,15.15,15.16,15.05,15.11,3032100
2022-04-12T17:00:00Z,15.1,15.12,15.01,15.03,1243400
2022-04-12T18:00:00Z,15.03,15.18,14.98,15.14,3375200
2022-04-12T19:00:00Z,15.15,15.17,15.08,15.11,1611000
2022-04-13T13:00:00Z,15.01,15.12,14.64,14.67,5884700
2022-04-13T14:00:00Z,14.66,14.74,14.55,14.74,5892100
2022-04-13T15:00:00Z,14.74,14.84,14.62,14.65,3183900
2022-04-13T16:00:00Z,14.65,14.86,14.61,14.86,3302100
2022-04-13T17:00:00Z,14.85,14.92,14.76,14.77,5245300
2022-04-13T18:00:00Z,14.76,14.79,14.72,14.76,3323300
2022-04-13T19:00:00Z,14.75,14.88,14.74,14.84,4019800
2022-04-14T13:00:00Z,14.84,14.91,14.56,14.58,4401500
2022-04-14T14:00:00Z,14.58,14.66,14.53,14.54,2237000
2022-04-14T15:00:00Z,14.55,14.66,14.5,14.56,8013600
2022-04-14T16:00:00Z,14.55,14.58,14.46,14.48,1462100
2022-04-14T17:00:00Z,14.49,14.61,14.47,14.6,1976100
2022-04-14T18:00:00Z,14.6,14.62,14.55,14.61,2282000
2022-04-14T19:00:00Z,14.61,14.64,14.58,14.58,3800700
2022-04-18T13:00:00Z,14.62,14.8,14.6,14.72,2177500
2022-04-18T14:00:00Z,14.71,14.78,14.63,14.74,1776300
2022-04-18T15:00:00Z,14.74,14.77,14.67,14.67,1127200
2022-04-18T16:00:00Z,14.68,14.7,14.62,14.65,1055500
2022-04-18T17:00:00Z,14.67,14.73,14.65,14.69,1721900
2022-04-18T18:00:00Z,14.68,14.69,14.62,14.65,1973200
2022-04-18T19:00:00Z,14.65,14.71,14.64,14.67,2505400
2022-04-19T13:00:00Z,14.56,14.7,14.41,14.68,4372000
2022-04-19T14:00:00Z,14.67,14.76,14.54,14.64,3464700
2022-04-19T15:00:00Z,14.64,14.7,14.58,14.62,2921900
2022-04-19T16:00:00Z,14.62,14.63,14.52,14.58,2218500
2022-04-19T17:00:00Z,14.58,14.59,14.52,14.55,1577200
2022-04-19T18:00:00Z,14.55,14.7,14.52,14.69,3705000
2022-04-19T19:00:00Z,14.68,14.76,14.61,14.71,5317000
2022-04-20T13:00:00Z,14.7,14.84,14.56,14.8,2525500
2022-04-20T14:00:00Z,14.8,14.91,14.75,14.87,2322600
2022-04-20T15:00:00Z,14.87,14.91,14.8,14.88,1941700
2022-04-20T16:00:00Z,14.88,14.98,14.84,14.92,2327200
2022-04-20T17:00:00Z,14.93,15.02,14.9,14.91,1624400
2022-04-20T18:00:00Z,14.91,14.93,14.76,14.79,931000
2022-04-20T19:00:00Z,14.81,14.85,14.73,14.73,1498700
2022-04-22T13:00:00Z,14.55,14.74,14.55,14.67,3660400
2022-04-22T14:00:00Z,14.67,14.81,14.65,14.72,4106800
2022-04-22T15:00:00Z,14.72,14.91,14.72,14.89,5431200
2022-04-22T16:00:00Z,14.89,14.98,14.84,14.88,2848200
2022-04-22T17:00:00Z,14.88,14.98,14.73,14.76,3510600
2022-04-22T18:00:00Z,14.77,14.88,14.7,14.72,8028200
2022-04-22T19:00:00Z,14.72,14.75,14.65,14.69,3776000
2022-04-25T13:00:00Z,14.76,14.95,14.63,14.85,5301900
2022-04-25T14:00:00Z,14.84,15.13,14.84,15.07,6887500
2022-04-25T15:00:00Z,15.09,15.18,15,15.03,7296800
2022-04-25T16:00:00Z,15.03,15.14,15.02,15.11,2322300
2022-04-25T17:00:00Z,15.11,15.18,15.08,15.14,3433800
2022-04-25T18:00:00Z,15.14,15.19,15.09,15.14,2592000
2022-04-25T19:00:00Z,15.15,15.18,15.1,15.14,2924100
2022-04-26T13:00:00Z,15.04,15.15,14.95,15,4131300
2022-04-26T14:00:00Z,14.98,15.06,14.86,14.95,2824600
2022-04-26T15:00:00Z,14.96,15,14.83,14.85,3603300
2022-04-26T16:00:00Z,14.85,14.87,14.82,14.83,1559100
2022-04-26T17:00:00Z,14.83,14.9,14.78,14.86,2086600
2022-04-26T18:00:00Z,14.86,14.9,14.79,14.82,1952900
2022-04-26T19:00:00Z,14.82,14.85,14.74,14.79,3689000
2022-04-27T13:00:00Z,14.89,14.91,14.66,14.82,2371100
2022-04-27T14:00:00Z,14.83,14.91,14.73,14.75,6032000
2022-04-27T15:00:00Z,14.76,14.83,14.71,14.73,1109100
2022-04-27T16:00:00Z,14.73,14.8,14.71,14.71,1152900
2022-04-27T17:00:00Z,14.72,14.76,14.64,14.76,1952400
2022-04-27T18:00:00Z,14.76,14.78,14.7,14.71,1559100
2022-04-27T19:00:00Z,14.71,14.77,14.69,14.76,2647600
2022-04-28T13:00:00Z,14.71,14.82,14.62,14.81,1780300
2022-04-28T14:00:00Z,14.8,14.85,14.62,14.71,7961100
2022-04-28T15:00:00Z,14.7,14.73,14.66,14.7,2867500
2022-04-28T16:00:00Z,14.7,14.77,14.66,14.73,1480500
2022-04-28T17:00:00Z,14.73,14.79,14.7,14.74,4435600
2022-04-28T18:00:00Z,14.74,14.86,14.73,14.86,1486900
2022-04-28T19:00:00Z,14.85,14.87,14.73,14.75,2127700
2022-04-29T13:00:00Z,14.85,14.9,14.75,14.85,2826500
2022-04-29T14:00:00Z,14.85,15,14.82,14.88,2608000
2022-04-29T15:00:00Z,14.88,14.89,14.82,14.86,712900
2022-04-29T16:00:00Z,14.85,14.91,14.83,14.86,1621800
2022-04-29T17:00:00Z,14.86,14.9,14.83,14.86,1261600
2022-04-29T18:00:00Z,14.85,14.88,14.73,14.74,4368400
2022-04-29T19:00:00Z,14.74,14.76,14.55,14.61,6173400
2022-05-02T13:00:00Z,14.58,14.71,14.45,14.59,3143800
2022-05-02T14:00:00Z,14.6,14.63,14.45,14.48,3242900
2022-05-02T15:00:00Z,14.49,14.49,14.36,14.36,2407900
2022-05-02T16:00:00Z,14.36,14.45,14.32,14.37,2527700
2022-05-02T17:00:00Z,14.37,14.48,14.35,14.43,2990100
2022-05-02T18:00:00Z,14.43,14.45,14.34,14.37,3005500
2022-05-02T19:00:00Z,14.37,14.49,14.33,14.43,3631700
2022-05-03T13:00:00Z,14.45,14.7,14.37,14.39,3468500
2022-05-03T14:00:00Z,14.39,14.41,14.28,14.33,2246600
2022-05-03T15:00:00Z,14.32,14.4,14.25,14.26,2194000
2022-05-03T16:00:00Z,14.26,14.36,14.16,14.36,3299300
2022-05-03T17:00:00Z,14.36,14.41,14.34,14.38,2170800
2022-05-03T18:00:00Z,14.38,14.4,14.27,14.35,2360100
2022-05-03T19:00:00Z,14.34,14.36,14.22,14.25,3269700
2022-05-04T13:00:00Z,14.12,14.24,14.03,14.09,2795300
2022-05-04T14:00:00Z,14.1,14.19,14.01,14.15,2172300
2022-05-04T15:00:00Z,14.13,14.23,14.1,14.13,2080300
2022-05-04T16:00:00Z,14.14,14.16,14.1,14.14,1615600
2022-05-04T17:00:00Z,14.14,14.15,14.06,14.13,3285800
2022-05-04T18:00:00Z,14.12,14.32,14.09,14.27,4314500
2022-05-04T19:00:00Z,14.27,14.42,14.23,14.41,5330900
2022-05-05T13:00:00Z,14.33,14.33,13.88,13.88,14517800
2022-05-05T14:00:00Z,13.9,14.01,13.7,13.85,7130700
2022-05-05T15:00:00Z,13.86,13.88,13.68,13.74,2762500
2022-05-05T16:00:00Z,13.74,13.91,13.7,13.82,4974600
2022-05-05T17:00:00Z,13.83,13.89,13.75,13.82,4094700
2022-05-05T18:00:00Z,13.83,13.85,13.68,13.7,1954300
2022-05-05T19:00:00Z,13.7,13.77,13.62,13.77,3483600
2022-05-06T13:00:00Z,13.73,13.83,13.58,13.63,3439200
2022-05-06T14:00:00Z,13.63,13.8,13.62,13.79,1804600
2022-05-06T15:00:00Z,13.79,13.8,13.69,13.72,2136800
2022-05-06T16:00:00Z,13.72,13.73,13.62,13.67,2965700
2022-05-06T17:00:00Z,13.67,13.71,13.62,13.7,2416100
2022-05-06T18:00:00Z,13.7,13.72,13.57,13.58,2824100
2022-05-06T19:00:00Z,13.57,13.65,13.54,13.6,3371100
2022-05-09T13:00:00Z,13.4,13.66,13.37,13.58,1958100
2022-05-09T14:00:00Z,13.58,13.72,13.54,13.62,5682300
2022-05-09T15:00:00Z,13.63,13.79,13.58,13.79,5263300
2022-05-09T16:00:00Z,13.78,13.85,13.74,13.76,2520800
2022-05-09T17:00:00Z,13.76,13.78,13.7,13.76,2276300
2022-05-09T18:00:00Z,13.76,13.82,13.7,13.72,2607000
2022-05-09T19:00:00Z,13.72,13.79,13.7,13.72,2184200
2022-05-10T13:00:00Z,13.81,14.03,13.81,13.96,2533900
2022-05-10T14:00:00Z,13.96,13.98,13.79,13.83,1713000
2022-05-10T15:00:00Z,13.83,13.85,13.76,13.82,1425200
2022-05-10T16:00:00Z,13.82,13.83,13.72,13.74,1179600
2022-05-10T17:00:00Z,13.74,13.81,13.72,13.8,1278500
2022-05-10T18:00:00Z,13.8,13.84,13.77,13.79,3243200
2022-05-10T19:00:00Z,13.8,13.82,13.73,13.76,2301000
2022-05-11T13:00:00Z,13.72,13.96,13.64,13.96,3248400
2022-05-11T14:00:00Z,13.96,14.09,13.94,14,5051500
2022-05-11T15:00:00Z,14,14.16,13.96,14.12,4767400
2022-05-11T16:00:00Z,14.11,14.13,13.98,13.99,1496300
2022-05-11T17:00:00Z,13.98,14.03,13.88,13.9,2092600
2022-05-11T18:00:00Z,13.9,13.98,13.85,13.94,4987700
2022-05-11T19:00:00Z,13.94,13.95,13.79,13.9,5165400
2022-05-12T13:00:00Z,13.86,14.11,13.79,14.09,2872200
2022-05-12T14:00:00Z,14.08,14.25,14.06,14.2,2608400
2022-05-12T15:00:00Z,14.2,14.38,14.18,14.27,3731700
2022-05-12T16:00:00Z,14.27,14.34,14.27,14.29,1651700
2022-05-12T17:00:00Z,14.3,14.35,14.26,14.33,1894900
2022-05-12T18:00:00Z,14.34,14.43,14.31,14.37,3623100
2022-05-12T19:00:00Z,14.37,14.5,14.37,14.5,6199400
2022-05-13T13:00:00Z,14.55,14.59,14.45,14.54,1681900
2022-05-13T14:00:00Z,14.54,14.62,14.49,14.49,2548200
2022-05-13T15:00:00Z,14.48,14.54,14.47,14.52,1138000
2022-05-13T16:00:00Z,14.53,14.59,14.5,14.58,943500
2022-05-13T17:00:00Z,14.58,14.6,14.54,14.57,1182900
2022-05-13T18:00:00Z,14.58,14.62,14.52,14.6,1255300
2022-05-13T19:00:00Z,14.59,14.67,14.59,14.65,2124400
2022-05-16T13:00:00Z,14.53,14.7,14.41,14.65,2506800
2022-05-16T14:00:00Z,14.65,14.67,14.57,14.61,857400
2022-05-16T15:00:00Z,14.61,14.79,14.58,14.79,2013600
2022-05-16T16:00:00Z,14.78,14.83,14.72,14.76,2456700
2022-05-16T17:00:00Z,14.76,14.85,14.75,14.78,1798900
2022-05-16T18:00:00Z,14.78,14.84,14.74,14.75,2166200
2022-05-16T19:00:00Z,14.75,14.77,14.68,14.72,2286000
2022-05-17T13:00:00Z,14.84,14.89,14.67,14.74,1256300
2022-05-17T14:00:00Z,14.74,14.88,14.7,14.73,2660900
2022-05-17T15:00:00Z,14.73,14.82,14.71,14.81,1311800
2022-05-17T16:00:00Z,14.81,14.86,14.76,14.8,1321200
2022-05-17T17:00:00Z,14.81,14.87,14.77,14.79,1475000
2022-05-17T18:00:00Z,14.78,14.83,14.68,14.72,1822700
2022-05-17T19:00:00Z,14.72,14.75,14.69,14.7,1816900
2022-05-18T13:00:00Z,14.72,14.82,14.52,14.54,2273900
2022-05-18T14:00:00Z,14.54,14.71,14.54,14.61,4780000
2022-05-18T15:00:00Z,14.61,14.63,14.49,14.55,3165300
2022-05-18T16:00:00Z,14.55,14.55,14.42,14.46,3055200
2022-05-18T17:00:00Z,14.45,14.46,14.3,14.34,5044900
2022-05-18T18:00:00Z,14.33,14.39,14.25,14.26,3274500
2022-05-18T19:00:00Z,14.26,14.3,14.18,14.18,4387000
2022-05-19T13:00:00Z,14.25,14.31,14.11,14.13,2209400
2022-05-19T14:00:00Z,14.14,14.22,14.1,14.11,2085800
2022-05-19T15:00:00Z,14.11,14.15,14.01,14.07,2350500
2022-05-19T16:00:00Z,14.07,14.08,13.96,14.08,2628300
2022-05-19T17:00:00Z,14.07,14.17,14.04,14.17,2411200
2022-05-19T18:00:00Z,14.16,14.17,14.09,14.13,1956000
2022-05-19T19:00:00Z,14.12,14.17,14.05,14.09,2408300
2022-05-20T13:00:00Z,14.25,14.29,14.08,14.11,2292100
2022-05-20T14:00:00Z,14.11,14.13,14.01,14.01,2402100
2022-05-20T15:00:00Z,14.02,14.02,13.9,13.9,2397000
2022-05-20T16:00:00Z,13.9,13.92,13.83,13.89,2381500
2022-05-20T17:00:00Z,13.89,13.98,13.84,13.96,4151000
2022-05-20T18:00:00Z,13.97,13.98,13.87,13.95,4908500
2022-05-20T19:00:00Z,13.96,14.08,13.95,14.01,4157300
2022-05-23T13:00:00Z,14.14,14.14,13.9,13.95,2124000
2022-05-23T14:00:00Z,13.96,14.07,13.85,14.03,3725600
2022-05-23T15:00:00Z,14.03,14.06,13.97,13.99,2551000
2022-05-23T16:00:00Z,13.99,14.03,13.95,13.95,1874500
2022-05-23T17:00:00Z,13.95,14.05,13.93,14.01,2454300
2022-05-23T18:00:00Z,14.01,14.07,13.97,14.01,2996400
2022-05-23T19:00:00Z,14.01,14.12,14.01,14.11,3137600
2022-05-24T13:00:00Z,14,14.06,13.87,13.97,3220700
2022-05-24T14:00:00Z,13.97,13.98,13.85,13.92,2588500
2022-05-24T15:00:00Z,13.92,14.1,13.9,14.08,2724900
2022-05-24T16:00:00Z,14.08,14.11,13.98,14.04,1392700
2022-05-24T17:00:00Z,14.04,14.09,13.99,14.05,1889400
2022-05-24T18:00:00Z,14.05,14.1,13.95,13.99,2030200
2022-05-24T19:00:00Z,13.98,14.19,13.97,14.05,3605100
2022-05-25T13:00:00Z,14.12,14.13,13.92,14.02,4730900
2022-05-25T14:00:00Z,14.03,14.08,13.99,14.05,989800
2022-05-25T15:00:00Z,14.05,14.06,13.98,14.04,1034700
2022-05-25T16:00:00Z,14.05,14.06,13.93,13.96,925800
2022-05-25T17:00:00Z,13.96,14.01,13.93,14,1193200
2022-05-25T18:00:00Z,13.99,14.07,13.91,14.05,1808700
2022-05-25T19:00:00Z,14.04,14.11,14,14.01,3562800
2022-05-26T13:00:00Z,14.04,14.13,13.98,14.05,1970400
2022-05-26T14:00:00Z,14.06,14.15,14.03,14.12,2184400
2022-05-26T15:00:00Z,14.13,14.18,14.11,14.16,1601800
2022-05-26T16:00:00Z,14.14,14.18,14.13,14.15,779100
2022-05-26T17:00:00Z,14.15,14.18,14.07,14.09,1516200
2022-05-26T18:00:00Z,14.09,14.22,14.08,14.2,2134600
2022-05-26T19:00:00Z,14.21,14.28,14.14,14.21,2935000
2022-05-27T13:00:00Z,14.18,14.29,14.04,14.23,2051000
2022-05-27T14:00:00Z,14.24,14.35,14.12,14.29,2930400
2022-05-27T15:00:00Z,14.29,14.37,14.24,14.26,2016400
2022-05-27T16:00:00Z,14.26,14.3,14.23,14.27,1097200
2022-05-27T17:00:00Z,14.27,14.3,14.2,14.22,1136300
2022-05-27T18:00:00Z,14.21,14.25,14.19,14.23,749100
2022-05-27T19:00:00Z,14.22,14.26,14.16,14.2,1950300
2022-05-30T13:00:00Z,14.3,14.38,14.25,14.25,1255100
2022-05-30T14:00:00Z,14.26,14.28,14.13,14.18,1343200
2022-05-30T15:00:00Z,14.18,14.19,14.1,14.15,613700
2022-05-30T16:00:00Z,14.15,14.19,14.11,14.17,591200
2022-05-30T17:00:00Z,14.16,14.17,14.11,14.12,702500
2022-05-30T18:00:00Z,14.13,14.14,14.01,14.05,1184000
2022-05-30T19:00:00Z,14.06,14.1,14.01,14.08,1007200
2022-05-31T13:00:00Z,14.17,14.27,14.13,14.14,1702900
2022-05-31T14:00:00Z,14.13,14.2,14.08,14.13,3774300
2022-05-31T15:00:00Z,14.13,14.17,14.08,14.15,1146400
2022-05-31T16:00:00Z,14.15,14.24,14.15,14.19,1264500
2022-05-31T17:00:00Z,14.19,14.21,14.13,14.2,1407900
2022-05-31T18:00:00Z,14.2,14.22,14.09,14.1,1621300
2022-05-31T19:00:00Z,14.11,14.2,14.06,14.13,2011600
2022-06-01T13:00:00Z,14.14,14.17,14.08,14.12,1382600
2022-06-01T14:00:00Z,14.11,14.21,14.05,14.19,1615200
2022-06-01T15:00:00Z,14.19,14.2,14.12,14.12,2461000
2022-06-01T16:00:00Z,14.13,14.19,14.12,14.16,1657300
2022-06-01T17:00:00Z,14.16,14.2,14.14,14.16,1603600
2022-06-01T18:00:00Z,14.16,14.24,14.15,14.17,2212400
2022-06-01T19:00:00Z,14.17,14.22,14.16,14.18,2390400
2022-06-02T13:00:00Z,14.29,14.3,13.88,13.97,3666600
2022-06-02T14:00:00Z,13.97,14.06,13.95,13.99,2439000
2022-06-02T15:00:00Z,13.99,14.13,13.98,14.07,1349500
2022-06-02T16:00:00Z,14.07,14.18,14.06,14.13,1664400
2022-06-02T17:00:00Z,14.13,14.17,14.07,14.17,1742600
2022-06-02T18:00:00Z,14.17,14.18,14.1,14.12,1579300
2022-06-02T19:00:00Z,14.11,14.17,14.11,14.14,1095700
2022-06-03T13:00:00Z,14.1,14.27,14.07,14.22,5053300
2022-06-03T14:00:00Z,14.23,14.32,14.17,14.2,6651500
2022-06-03T15:00:00Z,14.21,14.22,14.14,14.16,1685200
2022-06-03T16:00:00Z,14.15,14.19,14.11,14.16,1147100
2022-06-03T17:00:00Z,14.16,14.17,14.09,14.15,1260500
2022-06-03T18:00:00Z,14.16,14.18,14.1,14.12,1267600
2022-06-03T19:00:00Z,14.11,14.13,14.04,14.07,1572900
2022-06-06T13:00:00Z,14.12,14.19,14.04,14.17,1025200
2022-06-06T14:00:00Z,14.18,14.2,14.04,14.05,986500
2022-06-06T15:00:00Z,14.06,14.07,14,14.05,577600
2022-06-06T16:00:00Z,14.06,14.06,13.98,14.01,1688500
2022-06-06T17:00:00Z,14.01,14.06,13.98,14.01,940800
2022-06-06T18:00:00Z,14.01,14.03,13.98,14.01,891100
2022-06-06T19:00:00Z,14,14.04,13.96,13.99,2484000
2022-06-07T13:00:00Z,13.92,13.97,13.85,13.86,2709100
2022-06-07T14:00:00Z,13.86,13.88,13.74,13.78,3926300
2022-06-07T15:00:00Z,13.79,13.79,13.65,13.69,3534300
2022-06-07T16:00:00Z,13.7,13.7,13.63,13.64,1933200
2022-06-07T17:00:00Z,13.64,13.7,13.61,13.69,2605000
2022-06-07T18:00:00Z,13.69,13.74,13.67,13.69,1371100
2022-06-07T19:00:00Z,13.69,13.79,13.69,13.76,2169700
2022-06-08T13:00:00Z,13.63,13.92,13.54,13.84,3728300
2022-06-08T14:00:00Z,13.84,13.88,13.72,13.83,1586100
2022-06-08T15:00:00Z,13.83,13.89,13.82,13.86,555400
2022-06-08T16:00:00Z,13.86,13.89,13.78,13.82,727600
2022-06-08T17:00:00Z,13.82,13.91,13.79,13.85,1382000
2022-06-08T18:00:00Z,13.86,13.93,13.77,13.79,2232800
2022-06-08T19:00:00Z,13.8,13.83,13.74,13.8,1139000
2022-06-09T13:00:00Z,13.73,13.79,13.65,13.78,1965000
2022-06-09T14:00:00Z,13.79,13.83,13.65,13.68,3214300
2022-06-09T15:00:00Z,13.67,13.72,13.62,13.65,1237300
2022-06-09T16:00:00Z,13.66,13.78,13.65,13.75,1360500
2022-06-09T17:00:00Z,13.76,13.78,13.72,13.73,973300
2022-06-09T18:00:00Z,13.73,13.74,13.67,13.7,2976200
2022-06-09T19:00:00Z,13.69,13.69,13.57,13.64,1474500
2022-06-10T13:00:00Z,13.55,13.56,13.27,13.46,8136300
2022-06-10T14:00:00Z,13.46,13.51,13.4,13.48,3083500
2022-06-10T15:00:00Z,13.48,13.55,13.45,13.5,2020600
2022-06-10T16:00:00Z,13.49,13.66,13.48,13.62,4187200
2022-06-10T17:00:00Z,13.62,13.65,13.57,13.58,2933900
2022-06-10T18:00:00Z,13.57,13.67,13.56,13.61,3655300
2022-06-10T19:00:00Z,13.62,13.65,13.55,13.56,3450300
2022-06-13T13:00:00Z,13.44,13.56,13.4,13.42,2167900
2022-06-13T14:00:00Z,13.42,13.45,13.29,13.35,3152400
2022-06-13T15:00:00Z,13.36,13.38,13.25,13.27,4925000
2022-06-13T16:00:00Z,13.28,13.33,13.26,13.28,1809400
2022-06-13T17:00:00Z,13.28,13.3,13.22,13.25,2858200
2022-06-13T18:00:00Z,13.25,13.35,13.22,13.35,1940800
2022-06-13T19:00:00Z,13.35,13.36,13.19,13.25,2494200
2022-06-14T13:00:00Z,13.33,13.37,13.19,13.26,1811700
2022-06-14T14:00:00Z,13.26,13.29,13.03,13.07,2435300
2022-06-14T15:00:00Z,13.07,13.11,12.99,13.05,2036500
2022-06-14T16:00:00Z,13.05,13.07,13,13.04,1959300
2022-06-14T17:00:00Z,13.04,13.12,13.03,13.04,1920300
2022-06-14T18:00:00Z,13.04,13.09,13.03,13.08,2023100
2022-06-14T19:00:00Z,13.07,13.15,13.03,13.13,3144100
2022-06-15T13:00:00Z,13.35,13.35,13.15,13.23,3944900
2022-06-15T14:00:00Z,13.22,13.24,13.1,13.11,2740900
2022-06-15T15:00:00Z,13.11,13.13,13.04,13.04,1594200
2022-06-15T16:00:00Z,13.05,13.09,13.01,13.02,1298200
2022-06-15T17:00:00Z,13.02,13.12,13.01,13.11,2290200
2022-06-15T18:00:00Z,13.11,13.23,13.02,13.16,5613200
2022-06-15T19:00:00Z,13.15,13.18,13.05,13.1,6067200
2022-06-17T13:00:00Z,12.88,13.1,12.82,12.92,3116400
2022-06-17T14:00:00Z,12.94,12.94,12.81,12.88,1904300
2022-06-17T15:00:00Z,12.89,12.94,12.85,12.91,1522300
2022-06-17T16:00:00Z,12.91,12.95,12.86,12.93,2253000
2022-06-17T17:00:00Z,12.94,13.03,12.92,12.97,5460700
2022-06-17T18:00:00Z,12.97,13.09,12.96,13.07,2789400
2022-06-17T19:00:00Z,13.07,13.13,13.01,13.04,1891600
2022-06-20T13:00:00Z,12.99,13.05,12.9,12.97,1170700
2022-06-20T14:00:00Z,12.96,13.05,12.88,13.05,1339800
2022-06-20T15:00:00Z,13.05,13.22,13.03,13.16,1907200
2022-06-20T16:00:00Z,13.16,13.18,13.09,13.13,1154700
2022-06-20T17:00:00Z,13.13,13.24,13.13,13.22,2123000
2022-06-20T18:00:00Z,13.23,13.25,13.17,13.2,2301400
2022-06-20T19:00:00Z,13.2,13.2,13.04,13.06,2112100
2022-06-21T13:00:00Z,13.08,13.21,12.96,12.97,1776600
2022-06-21T14:00:00Z,12.98,13.09,12.94,13.05,2343400
2022-06-21T15:00:00Z,13.05,13.11,12.98,13,1678400
2022-06-21T16:00:00Z,13.01,13.18,13,13.17,3168400
2022-06-21T17:00:00Z,13.17,13.19,13.07,13.1,2944300
2022-06-21T18:00:00Z,13.08,13.24,13.07,13.24,2784500
2022-06-21T19:00:00Z,13.24,13.31,13.15,13.15,3288400
2022-06-22T13:00:00Z,13.18,13.19,13.06,13.12,2820200
2022-06-22T14:00:00Z,13.12,13.3,13.09,13.29,1582100
2022-06-22T15:00:00Z,13.3,13.34,13.25,13.32,1427100
2022-06-22T16:00:00Z,13.33,13.38,13.29,13.29,1660000
2022-06-22T17:00:00Z,13.31,13.32,13.26,13.27,1963000
2022-06-22T18:00:00Z,13.28,13.39,13.27,13.33,2686700
2022-06-22T19:00:00Z,13.33,13.34,13.26,13.33,2759900
2022-06-23T13:00:00Z,13.35,13.36,13.26,13.33,1416000
2022-06-23T14:00:00Z,13.33,13.36,13.26,13.33,1539800
2022-06-23T15:00:00Z,13.34,13.38,13.26,13.31,1673000
2022-06-23T16:00:00Z,13.31,13.34,13.25,13.29,1155100
2022-06-23T17:00:00Z,13.29,13.34,13.25,13.32,1404400
2022-06-23T18:00:00Z,13.33,13.36,13.29,13.3,1980000
2022-06-23T19:00:00Z,13.29,13.37,13.27,13.3,5104800
2022-06-24T13:00:00Z,13.4,13.57,13.33,13.54,1739400
2022-06-24T14:00:00Z,13.55,13.66,13.54,13.59,2763400
2022-06-24T15:00:00Z,13.58,13.6,13.5,13.56,862800
2022-06-24T16:00:00Z,13.57,13.6,13.56,13.59,595300
2022-06-24T17:00:00Z,13.6,13.74,13.58,13.65,9983800
2022-06-24T18:00:00Z,13.66,13.77,13.64,13.7,3428400
2022-06-24T19:00:00Z,13.7,13.77,13.69,13.75,2823600
2022-06-27T13:00:00Z,13.73,13.85,13.69,13.74,2161900
2022-06-27T14:00:00Z,13.75,13.8,13.64,13.7,2287200
2022-06-27T15:00:00Z,13.7,13.8,13.67,13.76,1440700
2022-06-27T16:00:00Z,13.76,13.81,13.74,13.75,1408500
2022-06-27T17:00:00Z,13.75,13.76,13.68,13.7,1549600
2022-06-27T18:00:00Z,13.7,13.71,13.67,13.68,1075100
2022-06-27T19:00:00Z,13.67,13.79,13.66,13.76,3320800
2022-06-28T13:00:00Z,13.71,13.81,13.63,13.65,4273300
2022-06-28T14:00:00Z,13.65,13.72,13.6,13.62,2335200
2022-06-28T15:00:00Z,13.62,13.63,13.44,13.53,4580500
2022-06-28T16:00:00Z,13.53,13.59,13.52,13.53,1659400
2022-06-28T17:00:00Z,13.53,13.54,13.43,13.44,1293200
2022-06-28T18:00:00Z,13.43,13.47,13.38,13.45,2421600
2022-06-28T19:00:00Z,13.45,13.49,13.43,13.44,3403900
2022-06-29T13:00:00Z,13.5,13.66,13.41,13.62,2206400
2022-06-29T14:00:00Z,13.62,13.66,13.45,13.46,4912800
2022-06-29T15:00:00Z,13.45,13.53,13.39,13.47,5585800
2022-06-29T16:00:00Z,13.47,13.49,13.35,13.41,1821900
2022-06-29T17:00:00Z,13.4,13.52,13.39,13.52,1716800
2022-06-29T18:00:00Z,13.52,13.67,13.5,13.64,4250400
2022-06-29T19:00:00Z,13.65,13.7,13.57,13.61,5048100
2022-06-30T13:00:00Z,13.37,13.54,13.37,13.47,3694400
2022-06-30T14:00:00Z,13.47,13.47,13.35,13.41,2400400
2022-06-30T15:00:00Z,13.41,13.49,13.39,13.49,1669400
2022-06-30T16:00:00Z,13.49,13.51,13.39,13.45,1763100
2022-06-30T17:00:00Z,13.45,13.47,13.38,13.47,2233600
2022-06-30T18:00:00Z,13.47,13.48,13.35,13.4,2659500
2022-06-30T19:00:00Z,13.4,13.46,13.35,13.38,4096200
2022-07-01T13:00:00Z,13.35,13.58,13.3,13.57,2264900
2022-07-01T14:00:00Z,13.57,13.64,13.53,13.62,2394900
2022-07-01T15:00:00Z,13.61,13.7,13.58,13.64,2046300
2022-07-01T16:00:00Z,13.64,13.72,13.61,13.69,1534800
2022-07-01T17:00:00Z,13.69,13.78,13.67,13.74,1408100
2022-07-01T18:00:00Z,13.74,13.79,13.72,13.75,1825400
2022-07-01T19:00:00Z,13.75,13.8,13.74,13.8,3457400
2022-07-04T13:00:00Z,13.72,13.77,13.65,13.65,797800
2022-07-04T14:00:00Z,13.65,13.81,13.62,13.73,1287200
2022-07-04T15:00:00Z,13.74,13.78,13.65,13.67,471900
2022-07-04T16:00:00Z,13.66,13.73,13.65,13.69,584600
2022-07-04T17:00:00Z,13.7,13.71,13.65,13.67,416000
2022-07-04T18:00:00Z,13.66,13.78,13.66,13.74,916400
2022-07-04T19:00:00Z,13.74,13.77,13.61,13.64,1213000
2022-07-05T13:00:00Z,13.62,14.03,13.52,14.01,3269800
2022-07-05T14:00:00Z,14.02,14.08,13.84,13.87,3618100
2022-07-05T15:00:00Z,13.87,13.94,13.78,13.91,4936700
2022-07-05T16:00:00Z,13.92,13.98,13.91,13.94,2051400
2022-07-05T17:00:00Z,13.94,14.06,13.94,14.04,3139800
2022-07-05T18:00:00Z,14.04,14.09,14,14.05,2142600
2022-07-05T19:00:00Z,14.05,14.14,14.01,14.02,3894600
2022-07-06T13:00:00Z,14.06,14.28,14.02,14.25,3038300
2022-07-06T14:00:00Z,14.25,14.39,14.19,14.35,3101600
2022-07-06T15:00:00Z,14.36,14.37,14.15,14.29,2393300
2022-07-06T16:00:00Z,14.29,14.3,14.16,14.28,2841500
2022-07-06T17:00:00Z,14.28,14.32,14.24,14.31,1970400
2022-07-06T18:00:00Z,14.31,14.34,14.21,14.26,2639900
2022-07-06T19:00:00Z,14.26,14.31,14.24,14.26,3309300
2022-07-07T13:00:00Z,14.35,14.38,14,14.12,5963500
2022-07-07T14:00:00Z,14.1,14.24,14.05,14.17,3059700
2022-07-07T15:00:00Z,14.17,14.27,14.14,14.26,1290700
2022-07-07T16:00:00Z,14.27,14.28,14.2,14.21,953000
2022-07-07T17:00:00Z,14.22,14.24,14.19,14.23,1059000
2022-07-07T18:00:00Z,14.22,14.31,14.21,14.25,1692700
2022-07-07T19:00:00Z,14.24,14.31,14.23,14.29,1683200
2022-07-08T13:00:00Z,14.24,14.27,14.12,14.19,998300
2022-07-08T14:00:00Z,14.18,14.31,14.17,14.28,1209500
2022-07-08T15:00:00Z,14.29,14.35,14.27,14.31,905000
2022-07-08T16:00:00Z,14.3,14.33,14.25,14.29,2511100
2022-07-08T17:00:00Z,14.28,14.29,14.18,14.22,2190700
2022-07-08T18:00:00Z,14.22,14.31,14.22,14.25,1591400
2022-07-08T19:00:00Z,14.25,14.36,14.22,14.35,2626300
2022-07-11T13:00:00Z,14.21,14.34,14.19,14.23,1005700
2022-07-11T14:00:00Z,14.24,14.26,14.14,14.17,3127500
2022-07-11T15:00:00Z,14.16,14.19,14.06,14.06,1072600
2022-07-11T16:00:00Z,14.08,14.17,14.06,14.16,1172600
2022-07-11T17:00:00Z,14.16,14.16,14.1,14.11,866500
2022-07-11T18:00:00Z,14.1,14.11,14.03,14.05,1481200
2022-07-11T19:00:00Z,14.03,14.1,14.03,14.08,1254400
2022-07-12T13:00:00Z,14.11,14.11,13.58,13.61,23256900
2022-07-12T14:00:00Z,13.61,13.87,13.53,13.85,11005500
2022-07-12T15:00:00Z,13.85,13.98,13.82,13.87,2429500
2022-07-12T16:00:00Z,13.86,13.9,13.84,13.86,1991100
2022-07-12T17:00:00Z,13.85,13.87,13.79,13.84,2713700
2022-07-12T18:00:00Z,13.84,13.87,13.8,13.86,2157400
2022-07-12T19:00:00Z,13.86,13.87,13.74,13.8,4130900
2022-07-13T13:00:00Z,13.8,14.46,13.8,14.4,14633400
2022-07-13T14:00:00Z,14.41,14.67,14.36,14.59,13123700
2022-07-13T15:00:00Z,14.58,14.62,14.5,14.5,3285800
2022-07-13T16:00:00Z,14.52,14.62,14.5,14.59,2922800
2022-07-13T17:00:00Z,14.6,14.67,14.58,14.64,3796000
2022-07-13T18:00:00Z,14.64,14.65,14.52,14.56,6248200
2022-07-13T19:00:00Z,14.56,14.61,14.52,14.55,5773300
2022-07-14T13:00:00Z,14.38,14.73,14.37,14.65,8938500
2022-07-14T14:00:00Z,14.64,14.68,14.52,14.6,4961400
2022-07-14T15:00:00Z,14.59,14.72,14.51,14.7,8081100
2022-07-14T16:00:00Z,14.7,14.77,14.64,14.75,4105100
2022-07-14T17:00:00Z,14.76,14.91,14.74,14.89,4476900
2022-07-14T18:00:00Z,14.9,14.96,14.84,14.87,5731100
2022-07-14T19:00:00Z,14.87,14.91,14.79,14.85,3000400
2022-07-15T13:00:00Z,14.81,14.88,14.63,14.69,2795100
2022-07-15T14:00:00Z,14.69,14.79,14.61,14.67,3721300
2022-07-15T15:00:00Z,14.69,14.73,14.61,14.64,2677800
2022-07-15T16:00:00Z,14.64,14.68,14.62,14.65,2189800
2022-07-15T17:00:00Z,14.66,14.71,14.62,14.71,1244600
2022-07-15T18:00:00Z,14.71,14.71,14.64,14.66,2076700
2022-07-15T19:00:00Z,14.65,14.66,14.57,14.6,8180600
2022-07-18T13:00:00Z,14.6,14.72,14.48,14.55,1973000
2022-07-18T14:00:00Z,14.55,14.72,14.52,14.69,2093200
2022-07-18T15:00:00Z,14.67,14.7,14.6,14.63,1502100
2022-07-18T16:00:00Z,14.63,14.67,14.59,14.62,2164800
2022-07-18T17:00:00Z,14.61,14.63,14.48,14.49,2800400
2022-07-18T18:00:00Z,14.48,14.53,14.46,14.47,1709000
2022-07-18T19:00:00Z,14.47,14.51,14.41,14.49,2579700
2022-07-19T13:00:00Z,14.49,14.59,14.46,14.59,2499800
2022-07-19T14:00:00Z,14.59,14.76,14.56,14.76,3733200
2022-07-19T15:00:00Z,14.75,14.76,14.62,14.63,2180000
2022-07-19T16:00:00Z,14.63,14.65,14.58,14.62,1372300
2022-07-19T17:00:00Z,14.61,14.63,14.47,14.51,3372500
2022-07-19T18:00:00Z,14.51,14.56,14.47,14.5,2254300
2022-07-19T19:00:00Z,14.51,14.56,14.42,14.42,3570700
2022-07-20T13:00:00Z,14.41,14.56,14.28,14.32,8010000
2022-07-20T14:00:00Z,14.32,14.37,14.27,14.32,6947900
2022-07-20T15:00:00Z,14.31,14.33,14.21,14.28,4515900
2022-07-20T16:00:00Z,14.28,14.33,14.22,14.26,3576000
2022-07-20T17:00:00Z,14.25,14.27,14.11,14.14,7066100
2022-07-20T18:00:00Z,14.13,14.27,14.13,14.23,7964100
2022-07-20T19:00:00Z,14.23,14.35,14.21,14.28,7485900
2022-07-21T13:00:00Z,14.24,14.36,14.18,14.32,1894000
2022-07-21T14:00:00Z,14.33,14.35,14.2,14.34,2999300
2022-07-21T15:00:00Z,14.34,14.59,14.33,14.47,5143100
2022-07-21T16:00:00Z,14.46,14.53,14.45,14.49,1048000
2022-07-21T17:00:00Z,14.49,14.52,14.45,14.48,1288200
2022-07-21T18:00:00Z,14.48,14.57,14.48,14.53,3176500
2022-07-21T19:00:00Z,14.54,14.59,14.5,14.56,6289300
2022-07-22T13:00:00Z,14.54,14.54,14.4,14.44,2418100
2022-07-22T14:00:00Z,14.44,14.54,14.36,14.53,7134200
2022-07-22T15:00:00Z,14.54,14.61,14.48,14.59,3021800
2022-07-22T16:00:00Z,14.59,14.62,14.54,14.6,1154900
2022-07-22T17:00:00Z,14.6,14.61,14.47,14.5,1510600
2022-07-22T18:00:00Z,14.5,14.52,14.42,14.45,3107600
2022-07-22T19:00:00Z,14.46,14.51,14.45,14.49,1694300
2022-07-25T13:00:00Z,14.53,14.65,14.45,14.65,986400
2022-07-25T14:00:00Z,14.64,14.7,14.59,14.69,2819600
2022-07-25T15:00:00Z,14.69,14.75,14.67,14.73,1626500
2022-07-25T16:00:00Z,14.74,14.78,14.71,14.73,1535600
2022-07-25T17:00:00Z,14.73,14.75,14.67,14.68,759100
2022-07-25T18:00:00Z,14.68,14.73,14.64,14.7,2494300
2022-07-25T19:00:00Z,14.71,14.75,14.66,14.69,2336400
2022-07-26T13:00:00Z,14.69,14.75,14.55,14.75,4366400
2022-07-26T14:00:00Z,14.75,14.84,14.71,14.75,1754400
2022-07-26T15:00:00Z,14.75,14.83,14.72,14.78,7517200
2022-07-26T16:00:00Z,14.77,14.87,14.73,14.85,4259000
2022-07-26T17:00:00Z,14.85,14.88,14.73,14.74,2001700
2022-07-26T18:00:00Z,14.75,14.84,14.73,14.82,3568700
2022-07-26T19:00:00Z,14.83,14.85,14.76,14.8,2400500
2022-07-27T13:00:00Z,14.85,14.96,14.74,14.78,7491100
2022-07-27T14:00:00Z,14.79,14.83,14.65,14.75,8419900
2022-07-27T15:00:00Z,14.75,14.84,14.74,14.82,2279200
2022-07-27T16:00:00Z,14.83,14.88,14.8,14.82,2899400
2022-07-27T17:00:00Z,14.82,14.88,14.79,14.83,2787600
2022-07-27T18:00:00Z,14.84,15.1,14.81,15.04,6104000
2022-07-27T19:00:00Z,15.04,15.07,14.92,14.96,4171100
2022-07-28T13:00:00Z,15.44,15.8,14.8,14.89,15801500
2022-07-28T14:00:00Z,14.89,14.9,14.73,14.85,4471500
2022-07-28T15:00:00Z,14.85,14.87,14.73,14.82,11325600
2022-07-28T16:00:00Z,14.82,15.02,14.8,14.92,15625700
2022-07-28T17:00:00Z,14.91,15,14.9,14.95,3683800
2022-07-28T18:00:00Z,14.95,15,14.92,14.96,2413300
2022-07-28T19:00:00Z,14.96,15.14,14.96,15.1,13077800
2022-07-29T13:00:00Z,15.13,15.23,15.03,15.18,4687000
2022-07-29T14:00:00Z,15.18,15.23,15.12,15.12,13601100
2022-07-29T15:00:00Z,15.12,15.15,15.02,15.05,5393900
2022-07-29T16:00:00Z,15.05,15.07,14.92,14.92,1718200
2022-07-29T17:00:00Z,14.92,14.96,14.88,14.89,1946200
2022-07-29T18:00:00Z,14.89,15.06,14.86,15.01,3051500
2022-07-29T19:00:00Z,15,15.04,14.83,14.91,3747600
2022-08-01T13:00:00Z,14.86,14.89,14.57,14.65,4909200
2022-08-01T14:00:00Z,14.65,14.8,14.64,14.78,5201200
2022-08-01T15:00:00Z,14.78,14.81,14.63,14.67,3051000
2022-08-01T16:00:00Z,14.68,14.69,14.55,14.56,4697600
2022-08-01T17:00:00Z,14.55,14.6,14.43,14.59,7344000
2022-08-01T18:00:00Z,14.6,14.64,14.55,14.62,3725600
2022-08-01T19:00:00Z,14.62,14.63,14.55,14.57,2206200
2022-08-02T13:00:00Z,14.56,14.69,14.51,14.68,1378400
2022-08-02T14:00:00Z,14.69,14.77,14.58,14.76,1201700
2022-08-02T15:00:00Z,14.75,14.79,14.66,14.69,1229700
2022-08-02T16:00:00Z,14.7,14.73,14.63,14.64,993800
2022-08-02T17:00:00Z,14.64,14.67,14.55,14.62,1331900
2022-08-02T18:00:00Z,14.61,14.72,14.6,14.72,979500
2022-08-02T19:00:00Z,14.71,14.74,14.65,14.71,1918400
2022-08-03T13:00:00Z,14.73,14.82,14.43,14.48,3800000
2022-08-03T14:00:00Z,14.48,14.58,14.4,14.54,4044500
2022-08-03T15:00:00Z,14.53,14.66,14.48,14.54,3051200
2022-08-03T16:00:00Z,14.55,14.58,14.51,14.57,1410300
2022-08-03T17:00:00Z,14.55,14.58,14.51,14.52,1798700
2022-08-03T18:00:00Z,14.52,14.66,14.51,14.63,1611100
2022-08-03T19:00:00Z,14.63,14.63,14.54,14.59,1396400
2022-08-04T13:00:00Z,14.75,14.8,14.43,14.46,3446400
2022-08-04T14:00:00Z,14.46,14.58,14.4,14.53,5806800
2022-08-04T15:00:00Z,14.52,14.6,14.52,14.6,1854200
2022-08-04T16:00:00Z,14.59,14.6,14.51,14.54,1755000
2022-08-04T17:00:00Z,14.53,14.55,14.49,14.53,1815700
2022-08-04T18:00:00Z,14.53,14.63,14.52,14.63,2383400
2022-08-04T19:00:00Z,14.62,14.7,14.61,14.67,3686000
2022-08-05T13:00:00Z,14.73,14.94,14.68,14.81,3309400
2022-08-05T14:00:00Z,14.81,14.81,14.67,14.75,3466200
2022-08-05T15:00:00Z,14.75,14.76,14.6,14.64,3554400
2022-08-05T16:00:00Z,14.65,14.7,14.63,14.68,2366900
2022-08-05T17:00:00Z,14.69,14.72,14.68,14.72,2960700
2022-08-05T18:00:00Z,14.72,14.72,14.58,14.6,1711000
2022-08-05T19:00:00Z,14.58,14.63,14.57,14.6,1245800
2022-08-08T13:00:00Z,14.68,14.68,14.51,14.63,2463000
2022-08-08T14:00:00Z,14.63,14.66,14.55,14.58,1388500
2022-08-08T15:00:00Z,14.59,14.72,14.58,14.67,1805400
2022-08-08T16:00:00Z,14.67,14.74,14.66,14.72,1492900
2022-08-08T17:00:00Z,14.71,14.81,14.69,14.79,1500700
2022-08-08T18:00:00Z,14.78,14.82,14.74,14.8,1533400
2022-08-08T19:00:00Z,14.81,14.82,14.71,14.76,3741300
2022-08-09T13:00:00Z,14.84,14.87,14.72,14.74,1134200
2022-08-09T14:00:00Z,14.75,14.8,14.67,14.77,2548600
2022-08-09T15:00:00Z,14.76,14.77,14.62,14.67,1720500
2022-08-09T16:00:00Z,14.67,14.75,14.66,14.71,1175000
2022-08-09T17:00:00Z,14.71,14.73,14.66,14.7,1070500
2022-08-09T18:00:00Z,14.71,14.75,14.65,14.75,1586800
2022-08-09T19:00:00Z,14.75,14.77,14.67,14.71,2741000
2022-08-10T13:00:00Z,14.95,14.97,14.75,14.8,2234600
2022-08-10T14:00:00Z,14.8,15.01,14.8,14.95,2572100
2022-08-10T15:00:00Z,14.96,15.09,14.95,15.08,2782700
2022-08-10T16:00:00Z,15.08,15.11,15.04,15.07,1644000
2022-08-10T17:00:00Z,15.07,15.11,15.04,15.09,1976400
2022-08-10T18:00:00Z,15.08,15.13,15.04,15.08,2443300
2022-08-10T19:00:00Z,15.09,15.19,15.05,15.12,2954700
2022-08-11T13:00:00Z,15.31,15.31,15.11,15.15,1315300
2022-08-11T14:00:00Z,15.17,15.18,15.09,15.12,864300
2022-08-11T15:00:00Z,15.12,15.14,15.06,15.08,681400
2022-08-11T16:00:00Z,15.09,15.15,15.07,15.15,367300
2022-08-11T17:00:00Z,15.15,15.23,15.13,15.19,1190100
2022-08-11T18:00:00Z,15.19,15.19,15.06,15.14,1214100
2022-08-11T19:00:00Z,15.12,15.21,15.09,15.1,1808500
2022-08-12T13:00:00Z,15.26,15.36,15.12,15.15,1592200
2022-08-12T14:00:00Z,15.15,15.21,15.1,15.15,1106900
2022-08-12T15:00:00Z,15.15,15.22,15.13,15.18,909700
2022-08-12T16:00:00Z,15.18,15.2,15.14,15.15,921500
2022-08-12T17:00:00Z,15.14,15.14,15.08,15.08,970300
2022-08-12T18:00:00Z,15.08,15.16,15.08,15.13,1494700
2022-08-12T19:00:00Z,15.13,15.24,15.13,15.18,3046900
2022-08-15T13:00:00Z,15.13,15.29,15.06,15.21,2181300
2022-08-15T14:00:00Z,15.22,15.25,15.11,15.17,2316100
2022-08-15T15:00:00Z,15.16,15.29,15.12,15.25,1793400
2022-08-15T16:00:00Z,15.24,15.41,15.24,15.4,2028000
2022-08-15T17:00:00Z,15.4,15.42,15.35,15.37,4390100
2022-08-15T18:00:00Z,15.38,15.47,15.37,15.46,2869900
2022-08-15T19:00:00Z,15.45,15.5,15.37,15.45,3359400
2022-08-16T13:00:00Z,15.44,15.54,15.33,15.43,2117500
2022-08-16T14:00:00Z,15.42,15.47,15.37,15.43,2180100
2022-08-16T15:00:00Z,15.43,15.46,15.38,15.44,804500
2022-08-16T16:00:00Z,15.44,15.48,15.43,15.45,600600
2022-08-16T17:00:00Z,15.46,15.52,15.44,15.49,874100
2022-08-16T18:00:00Z,15.5,15.61,15.43,15.45,3306800
2022-08-16T19:00:00Z,15.46,15.54,15.43,15.49,3683700
2022-08-17T13:00:00Z,15.46,15.56,15.38,15.5,1385400
2022-08-17T14:00:00Z,15.5,15.51,15.35,15.46,4765200
2022-08-17T15:00:00Z,15.45,15.62,15.44,15.47,4642700
2022-08-17T16:00:00Z,15.47,15.54,15.41,15.51,2722200
2022-08-17T17:00:00Z,15.51,15.59,15.47,15.57,2828700
2022-08-17T18:00:00Z,15.57,15.63,15.51,15.6,5085100
2022-08-17T19:00:00Z,15.6,15.63,15.54,15.63,3845800
2022-08-18T13:00:00Z,15.66,15.98,15.59,15.89,8990300
2022-08-18T14:00:00Z,15.88,15.89,15.78,15.79,3568800
2022-08-18T15:00:00Z,15.8,15.84,15.69,15.77,3350500
2022-08-18T16:00:00Z,15.78,15.87,15.76,15.81,2326900
2022-08-18T17:00:00Z,15.82,15.89,15.79,15.85,3270800
2022-08-18T18:00:00Z,15.85,15.97,15.85,15.95,4803400
2022-08-18T19:00:00Z,15.95,16.02,15.95,16.01,5838800
2022-08-19T13:00:00Z,15.89,16.22,15.81,15.95,7183800
2022-08-19T14:00:00Z,15.95,15.97,15.77,15.86,7539700
2022-08-19T15:00:00Z,15.86,15.91,15.75,15.78,3963900
2022-08-19T16:00:00Z,15.78,15.81,15.73,15.79,2061400
2022-08-19T17:00:00Z,15.79,15.79,15.67,15.71,2584400
2022-08-19T18:00:00Z,15.7,15.72,15.6,15.63,3838200
2022-08-19T19:00:00Z,15.62,15.66,15.54,15.61,8646000
2022-08-22T13:00:00Z,15.71,15.77,15.52,15.58,1326900
2022-08-22T14:00:00Z,15.58,15.63,15.45,15.49,2666000
2022-08-22T15:00:00Z,15.48,15.5,15.39,15.43,1741700
2022-08-22T16:00:00Z,15.41,15.51,15.38,15.44,2964400
2022-08-22T17:00:00Z,15.43,15.44,15.34,15.38,2352500
2022-08-22T18:00:00Z,15.38,15.45,15.37,15.43,2805200
2022-08-22T19:00:00Z,15.43,15.48,15.41,15.47,1561800
2022-08-23T13:00:00Z,15.35,15.47,15.29,15.42,1791000
2022-08-23T14:00:00Z,15.43,15.48,15.39,15.43,1905800
2022-08-23T15:00:00Z,15.43,15.52,15.43,15.49,1369000
2022-08-23T16:00:00Z,15.5,15.5,15.43,15.44,801300
2022-08-23T17:00:00Z,15.43,15.48,15.43,15.44,1028100
2022-08-23T18:00:00Z,15.44,15.46,15.43,15.44,949700
2022-08-23T19:00:00Z,15.44,15.45,15.39,15.39,3974800
2022-08-24T13:00:00Z,15.44,15.73,15.43,15.73,2710300
2022-08-24T14:00:00Z,15.73,15.83,15.72,15.83,4848600
2022-08-24T15:00:00Z,15.83,15.89,15.8,15.81,2001800
2022-08-24T16:00:00Z,15.8,15.82,15.73,15.8,1789400
2022-08-24T17:00:00Z,15.81,15.81,15.73,15.8,1193200
2022-08-24T18:00:00Z,15.8,15.83,15.77,15.81,1140000
2022-08-24T19:00:00Z,15.81,15.85,15.75,15.79,2038600
2022-08-25T13:00:00Z,15.95,16.08,15.82,15.83,2391800
2022-08-25T14:00:00Z,15.84,15.91,15.81,15.84,1568700
2022-08-25T15:00:00Z,15.84,15.86,15.78,15.84,648500
2022-08-25T16:00:00Z,15.84,15.84,15.75,15.8,553100
2022-08-25T17:00:00Z,15.8,15.83,15.78,15.81,1082800
2022-08-25T18:00:00Z,15.81,15.84,15.78,15.81,616600
2022-08-25T19:00:00Z,15.81,15.85,15.79,15.82,2669000
2022-08-26T13:00:00Z,15.89,15.9,15.78,15.82,1813300
2022-08-26T14:00:00Z,15.82,15.85,15.68,15.73,1942200
2022-08-26T15:00:00Z,15.74,15.74,15.65,15.67,1599800
2022-08-26T16:00:00Z,15.68,15.69,15.63,15.69,1559700
2022-08-26T17:00:00Z,15.69,15.73,15.63,15.66,1274200
2022-08-26T18:00:00Z,15.66,15.7,15.61,15.65,1807800
2022-08-26T19:00:00Z,15.65,15.71,15.63,15.7,1517200
2022-08-29T13:00:00Z,15.65,15.66,15.51,15.53,1724700
2022-08-29T14:00:00Z,15.53,15.65,15.51,15.62,1539000
2022-08-29T15:00:00Z,15.61,15.69,15.6,15.62,659300
2022-08-29T16:00:00Z,15.62,15.67,15.6,15.66,730100
2022-08-29T17:00:00Z,15.66,15.69,15.63,15.67,766000
2022-08-29T18:00:00Z,15.66,15.68,15.57,15.6,1135000
2022-08-29T19:00:00Z,15.61,15.68,15.6,15.63,1385900
2022-08-30T13:00:00Z,15.7,15.73,15.57,15.58,837000
2022-08-30T14:00:00Z,15.58,15.64,15.46,15.5,3445900
2022-08-30T15:00:00Z,15.5,15.52,15.37,15.41,1196300
2022-08-30T16:00:00Z,15.41,15.43,15.35,15.39,1401500
2022-08-30T17:00:00Z,15.39,15.45,15.34,15.42,1243900
2022-08-30T18:00:00Z,15.42,15.43,15.37,15.4,1756500
2022-08-30T19:00:00Z,15.39,15.41,15.26,15.32,2397800
2022-08-31T13:00:00Z,15.42,15.59,15.33,15.5,1479600
2022-08-31T14:00:00Z,15.49,15.62,15.47,15.53,1587500
2022-08-31T15:00:00Z,15.53,15.55,15.46,15.48,1487000
2022-08-31T16:00:00Z,15.49,15.5,15.42,15.44,1407100
2022-08-31T17:00:00Z,15.45,15.49,15.42,15.48,532600
2022-08-31T18:00:00Z,15.48,15.5,15.33,15.39,1667300
2022-08-31T19:00:00Z,15.4,15.4,15.29,15.33,2138000
2022-09-01T13:00:00Z,15.36,15.7,15.09,15.19,6830300
2022-09-01T14:00:00Z,15.19,15.24,15.11,15.12,2803500
2022-09-01T15:00:00Z,15.12,15.34,15.1,15.29,5888400
2022-09-01T16:00:00Z,15.28,15.4,15.27,15.4,1953900
2022-09-01T17:00:00Z,15.39,15.44,15.38,15.43,2690300
2022-09-01T18:00:00Z,15.43,15.5,15.37,15.4,2071400
2022-09-01T19:00:00Z,15.4,15.47,15.34,15.35,7018600
2022-09-02T13:00:00Z,15.47,15.6,15.4,15.56,3068800
2022-09-02T14:00:00Z,15.57,15.74,15.52,15.68,3550400
2022-09-02T15:00:00Z,15.68,15.74,15.62,15.72,1298100
2022-09-02T16:00:00Z,15.72,15.72,15.57,15.59,1009500
2022-09-02T17:00:00Z,15.58,15.59,15.52,15.54,740700
2022-09-02T18:00:00Z,15.53,15.56,15.45,15.47,2317500
2022-09-02T19:00:00Z,15.47,15.52,15.35,15.45,3092200
2022-09-05T13:00:00Z,15.6,15.6,15.45,15.46,1186800
2022-09-05T14:00:00Z,15.46,15.61,15.44,15.55,1058400
2022-09-05T15:00:00Z,15.55,15.55,15.46,15.47,868700
2022-09-05T16:00:00Z,15.48,15.57,15.47,15.53,580800
2022-09-05T17:00:00Z,15.54,15.55,15.49,15.52,658200
2022-09-05T18:00:00Z,15.53,15.54,15.45,15.52,2905900
2022-09-05T19:00:00Z,15.52,15.6,15.5,15.56,1439900
2022-09-06T13:00:00Z,15.44,15.61,15.42,15.49,4206400
2022-09-06T14:00:00Z,15.47,15.66,15.39,15.65,4208000
2022-09-06T15:00:00Z,15.65,15.66,15.52,15.57,2331400
2022-09-06T16:00:00Z,15.58,15.59,15.47,15.54,1420000
2022-09-06T17:00:00Z,15.53,15.56,15.47,15.54,1800700
2022-09-06T18:00:00Z,15.52,15.57,15.47,15.48,1564600
2022-09-06T19:00:00Z,15.48,15.58,15.47,15.55,2031100
2022-09-08T13:00:00Z,15.6,15.74,15.48,15.58,3590200
2022-09-08T14:00:00Z,15.58,15.58,15.45,15.56,1596500
2022-09-08T15:00:00Z,15.55,15.56,15.46,15.47,1166500
2022-09-08T16:00:00Z,15.47,15.49,15.35,15.47,1963300
2022-09-08T17:00:00Z,15.47,15.59,15.45,15.54,1830000
2022-09-08T18:00:00Z,15.54,15.58,15.47,15.47,5662900
2022-09-08T19:00:00Z,15.47,15.49,15.4,15.4,2797500
2022-09-09T13:00:00Z,15.5,15.62,15.48,15.55,1403900
2022-09-09T14:00:00Z,15.55,15.68,15.54,15.68,1574000
2022-09-09T15:00:00Z,15.66,15.69,15.6,15.61,827900
2022-09-09T16:00:00Z,15.62,15.7,15.57,15.66,1300200
2022-09-09T17:00:00Z,15.67,15.7,15.65,15.7,1524500
2022-09-09T18:00:00Z,15.7,15.76,15.67,15.75,1511900
2022-09-09T19:00:00Z,15.75,15.76,15.67,15.7,1751400
2022-09-12T13:00:00Z,15.79,15.8,15.58,15.68,2875000
2022-09-12T14:00:00Z,15.68,15.77,15.61,15.71,3489000
2022-09-12T15:00:00Z,15.71,15.71,15.67,15.69,1385400
2022-09-12T16:00:00Z,15.7,15.71,15.64,15.66,1607200
2022-09-12T17:00:00Z,15.66,15.74,15.62,15.73,2135200
2022-09-12T18:00:00Z,15.73,15.74,15.68,15.74,2423900
2022-09-12T19:00:00Z,15.74,15.74,15.66,15.7,2401500
2022-09-13T13:00:00Z,15.6,15.87,15.58,15.8,4229100
2022-09-13T14:00:00Z,15.81,15.88,15.65,15.65,5485500
2022-09-13T15:00:00Z,15.65,15.74,15.57,15.64,2959100
2022-09-13T16:00:00Z,15.63,15.66,15.6,15.65,1727400
2022-09-13T17:00:00Z,15.64,15.72,15.6,15.7,4100600
2022-09-13T18:00:00Z,15.71,15.71,15.55,15.59,2810400
2022-09-13T19:00:00Z,15.59,15.59,15.49,15.58,3883800
2022-09-14T13:00:00Z,15.59,15.59,15.45,15.49,2203600
2022-09-14T14:00:00Z,15.49,15.52,15.39,15.4,3024700
2022-09-14T15:00:00Z,15.39,15.44,15.37,15.42,972700
2022-09-14T16:00:00Z,15.41,15.42,15.36,15.41,3583000
2022-09-14T17:00:00Z,15.4,15.44,15.3,15.35,2322200
2022-09-14T18:00:00Z,15.34,15.39,15.3,15.31,1462000
2022-09-14T19:00:00Z,15.3,15.38,15.27,15.35,2230800
2022-09-15T13:00:00Z,15.38,15.44,15.33,15.4,663900
2022-09-15T14:00:00Z,15.39,15.43,15.28,15.29,1714400
2022-09-15T15:00:00Z,15.29,15.38,15.26,15.31,1890400
2022-09-15T16:00:00Z,15.3,15.37,15.29,15.35,1407300
2022-09-15T17:00:00Z,15.34,15.39,15.29,15.33,1041200
2022-09-15T18:00:00Z,15.33,15.34,15.28,15.3,2020300
2022-09-15T19:00:00Z,15.31,15.34,15.24,15.28,2378400
2022-09-16T13:00:00Z,15.24,15.35,15.17,15.32,3079200
2022-09-16T14:00:00Z,15.32,15.36,15.23,15.3,4602300
2022-09-16T15:00:00Z,15.31,15.31,15.17,15.23,4142300
2022-09-16T16:00:00Z,15.23,15.23,15.16,15.17,1209400
2022-09-16T17:00:00Z,15.17,15.26,15.14,15.23,3447400
2022-09-16T18:00:00Z,15.23,15.31,15.19,15.31,4063000
2022-09-16T19:00:00Z,15.31,15.4,15.23,15.27,5827200
2022-09-19T13:00:00Z,15.3,15.31,15.18,15.25,822200
2022-09-19T14:00:00Z,15.24,15.41,15.22,15.38,2059800
2022-09-19T15:00:00Z,15.38,15.43,15.37,15.39,1258900
2022-09-19T16:00:00Z,15.39,15.46,15.36,15.42,1333500
2022-09-19T17:00:00Z,15.42,15.46,15.39,15.43,1019200
2022-09-19T18:00:00Z,15.42,15.46,15.39,15.45,1849900
2022-09-19T19:00:00Z,15.45,15.53,15.45,15.5,2739200
2022-09-20T13:00:00Z,15.48,15.63,15.45,15.47,2066300
2022-09-20T14:00:00Z,15.48,15.56,15.32,15.36,4790700
2022-09-20T15:00:00Z,15.36,15.59,15.35,15.54,5239200
2022-09-20T16:00:00Z,15.54,15.58,15.51,15.54,3362100
2022-09-20T17:00:00Z,15.53,15.59,15.51,15.52,3228800
2022-09-20T18:00:00Z,15.51,15.69,15.51,15.65,15587300
2022-09-20T19:00:00Z,15.65,15.75,15.62,15.69,5188700
2022-09-21T13:00:00Z,15.77,15.87,15.5,15.51,2164800
2022-09-21T14:00:00Z,15.51,15.63,15.47,15.58,3972000
2022-09-21T15:00:00Z,15.59,15.63,15.52,15.61,2043000
2022-09-21T16:00:00Z,15.61,15.67,15.56,15.65,1000500
2022-09-21T17:00:00Z,15.64,15.66,15.58,15.59,2240800
2022-09-21T18:00:00Z,15.6,15.73,15.47,15.68,6387900
2022-09-21T19:00:00Z,15.67,15.7,15.52,15.54,3069500
2022-09-22T13:00:00Z,15.71,15.72,15.44,15.51,3447000
2022-09-22T14:00:00Z,15.51,15.55,15.43,15.44,3350500
2022-09-22T15:00:00Z,15.43,15.54,15.41,15.42,3074500
2022-09-22T16:00:00Z,15.42,15.5,15.4,15.48,2128600
2022-09-22T17:00:00Z,15.48,15.59,15.46,15.56,5507700
2022-09-22T18:00:00Z,15.56,15.56,15.47,15.53,4772700
2022-09-22T19:00:00Z,15.53,15.69,15.53,15.6,6227600
2022-09-23T13:00:00Z,15.4,15.48,15.21,15.29,7002300
2022-09-23T14:00:00Z,15.29,15.32,15.17,15.22,3444800
2022-09-23T15:00:00Z,15.23,15.43,15.22,15.31,6019500
2022-09-23T16:00:00Z,15.3,15.47,15.29,15.45,11441200
2022-09-23T17:00:00Z,15.45,15.48,15.35,15.41,2045500
2022-09-23T18:00:00Z,15.41,15.42,15.25,15.25,2808900
2022-09-23T19:00:00Z,15.26,15.4,15.25,15.35,2998800
2022-09-26T13:00:00Z,15.36,15.49,15.19,15.38,6220400
2022-09-26T14:00:00Z,15.39,15.4,15.23,15.31,3111900
2022-09-26T15:00:00Z,15.31,15.32,15.17,15.23,3229100
2022-09-26T16:00:00Z,15.22,15.29,15.19,15.29,1526300
2022-09-26T17:00:00Z,15.29,15.3,15.2,15.23,1404700
2022-09-26T18:00:00Z,15.22,15.33,15.21,15.32,2120500
2022-09-26T19:00:00Z,15.32,15.33,15.23,15.25,5021900
2022-09-27T13:00:00Z,15.39,15.57,15.25,15.54,3977300
2022-09-27T14:00:00Z,15.53,15.6,15.41,15.45,9639700
2022-09-27T15:00:00Z,15.44,15.49,15.34,15.37,2501600
2022-09-27T16:00:00Z,15.37,15.44,15.32,15.43,3536600
2022-09-27T17:00:00Z,15.42,15.43,15.34,15.36,2088700
2022-09-27T18:00:00Z,15.36,15.48,15.31,15.45,3948700
2022-09-27T19:00:00Z,15.45,15.53,15.36,15.53,4185200
2022-09-28T13:00:00Z,15.42,15.6,15.38,15.43,2353000
2022-09-28T14:00:00Z,15.44,15.54,15.42,15.52,2370600
2022-09-28T15:00:00Z,15.52,15.6,15.5,15.56,3052600
2022-09-28T16:00:00Z,15.55,15.62,15.52,15.59,2587700
2022-09-28T17:00:00Z,15.59,15.69,15.57,15.65,4894600
2022-09-28T18:00:00Z,15.65,15.8,15.63,15.7,6006700
2022-09-28T19:00:00Z,15.71,15.78,15.7,15.71,6078900
2022-09-29T13:00:00Z,15.59,15.7,15.53,15.55,3657500
2022-09-29T14:00:00Z,15.55,15.63,15.47,15.63,7926000
2022-09-29T15:00:00Z,15.63,15.74,15.57,15.62,9363800
2022-09-29T16:00:00Z,15.62,15.76,15.61,15.63,6144100
2022-09-29T17:00:00Z,15.64,15.66,15.59,15.6,2711400
2022-09-29T18:00:00Z,15.61,15.67,15.53,15.62,5157000
2022-09-29T19:00:00Z,15.61,15.69,15.59,15.62,2635200
2022-09-30T13:00:00Z,15.6,15.69,15.54,15.67,2530700
2022-09-30T14:00:00Z,15.67,15.69,15.54,15.61,4389800
2022-09-30T15:00:00Z,15.62,15.64,15.48,15.49,4566400
2022-09-30T16:00:00Z,15.49,15.54,15.45,15.53,2157600
2022-09-30T17:00:00Z,15.52,15.57,15.46,15.48,3748000
2022-09-30T18:00:00Z,15.48,15.56,15.46,15.51,2874900
2022-09-30T19:00:00Z,15.52,15.62,15.5,15.55,3729200
2022-10-03T13:00:00Z,15.8,15.8,15.53,15.76,6512000
2022-10-03T14:00:00Z,15.77,16.1,15.77,16.05,5416000
2022-10-03T15:00:00Z,16.05,16.06,15.95,15.99,5369400
2022-10-03T16:00:00Z,15.99,16.03,15.95,16,1915800
2022-10-03T17:00:00Z,16.01,16.16,16,16.14,2631500
2022-10-03T18:00:00Z,16.14,16.3,16.08,16.28,5914100
2022-10-03T19:00:00Z,16.29,16.32,16.22,16.29,5422100
2022-10-04T13:00:00Z,16.5,16.5,16.36,16.4,2451600
2022-10-04T14:00:00Z,16.4,16.44,16.2,16.2,2784000
2022-10-04T15:00:00Z,16.21,16.25,16.12,16.19,2172300
2022-10-04T16:00:00Z,16.18,16.25,16.14,16.2,3565100
2022-10-04T17:00:00Z,16.19,16.27,16.17,16.22,2088300
2022-10-04T18:00:00Z,16.22,16.24,16.12,16.17,3960600
2022-10-04T19:00:00Z,16.15,16.26,16.09,16.18,3033600
2022-10-05T13:00:00Z,16.31,16.33,16.21,16.23,4617900
2022-10-05T14:00:00Z,16.22,16.22,15.95,15.97,6656800
2022-10-05T15:00:00Z,15.98,16.09,15.96,16.03,4774000
2022-10-05T16:00:00Z,16.03,16.09,15.97,16.06,4672100
2022-10-05T17:00:00Z,16.06,16.08,15.97,15.99,4699500
2022-10-05T18:00:00Z,16.01,16.12,15.99,16.06,4536100
2022-10-05T19:00:00Z,16.07,16.14,16.05,16.12,6009400
2022-10-06T13:00:00Z,16.25,16.26,16.12,16.18,2092700
2022-10-06T14:00:00Z,16.19,16.23,16.07,16.13,3157300
2022-10-06T15:00:00Z,16.14,16.25,16.09,16.12,2042800
2022-10-06T16:00:00Z,16.13,16.24,16.11,16.19,2056400
2022-10-06T17:00:00Z,16.21,16.22,16.14,16.16,1827400
2022-10-06T18:00:00Z,16.17,16.17,16.03,16.04,8660900
2022-10-06T19:00:00Z,16.05,16.1,15.98,16.07,3706900
2022-10-07T13:00:00Z,15.96,16.04,15.54,15.56,9916300
2022-10-07T14:00:00Z,15.57,15.59,15.41,15.46,8317000
2022-10-07T15:00:00Z,15.46,15.47,15.33,15.34,4182800
2022-10-07T16:00:00Z,15.34,15.37,15.3,15.36,3600400
2022-10-07T17:00:00Z,15.36,15.42,15.33,15.38,2937500
2022-10-07T18:00:00Z,15.38,15.42,15.34,15.42,3034600
2022-10-07T19:00:00Z,15.42,15.44,15.37,15.44,3580400
2022-10-10T13:00:00Z,15.46,15.47,15.26,15.35,2307300
2022-10-10T14:00:00Z,15.36,15.43,15.23,15.31,3852100
2022-10-10T15:00:00Z,15.3,15.31,15.18,15.27,4291900
2022-10-10T16:00:00Z,15.25,15.28,15.18,15.25,2159700
2022-10-10T17:00:00Z,15.25,15.29,15.21,15.26,2082500
2022-10-10T18:00:00Z,15.25,15.26,15.06,15.09,7092900
2022-10-10T19:00:00Z,15.1,15.21,15.09,15.21,5256100
2022-10-11T13:00:00Z,15.18,15.27,15.05,15.08,4207400
2022-10-11T14:00:00Z,15.08,15.21,15.04,15.17,2941300
2022-10-11T15:00:00Z,15.17,15.22,15.13,15.18,1721600
2022-10-11T16:00:00Z,15.18,15.21,15.12,15.15,1571800
2022-10-11T17:00:00Z,15.16,15.2,15.13,15.15,1380800
2022-10-11T18:00:00Z,15.15,15.16,14.99,15.01,9102400
2022-10-11T19:00:00Z,15.01,15.05,14.94,14.97,3625200
2022-10-13T13:00:00Z,14.82,15,14.7,14.87,5886800
2022-10-13T14:00:00Z,14.87,14.97,14.85,14.93,4351600
2022-10-13T15:00:00Z,14.94,15.14,14.9,15.14,3076800
2022-10-13T16:00:00Z,15.13,15.16,15.07,15.09,1839900
2022-10-13T17:00:00Z,15.08,15.11,15.03,15.07,1634200
2022-10-13T18:00:00Z,15.07,15.11,15.03,15.11,3164400
2022-10-13T19:00:00Z,15.11,15.14,15.04,15.09,3674600
2022-10-14T13:00:00Z,15.02,15.12,14.96,15.09,2710800
2022-10-14T14:00:00Z,15.07,15.08,14.9,14.95,1864800
2022-10-14T15:00:00Z,14.95,14.98,14.85,14.9,1405400
2022-10-14T16:00:00Z,14.89,15.02,14.87,15.01,1065400
2022-10-14T17:00:00Z,15.01,15.03,14.95,15.02,938400
2022-10-14T18:00:00Z,15.02,15.02,14.87,14.9,1959200
2022-10-14T19:00:00Z,14.9,14.96,14.79,14.87,4321100
2022-10-17T13:00:00Z,14.92,14.95,14.77,14.91,1831500
2022-10-17T14:00:00Z,14.92,14.99,14.85,14.94,1927400
2022-10-17T15:00:00Z,14.94,15.02,14.88,14.98,1864000
2022-10-17T16:00:00Z,14.98,15,14.93,14.98,570100
2022-10-17T17:00:00Z,14.99,15.01,14.94,14.99,878700
2022-10-17T18:00:00Z,15,15.02,14.97,15.01,675100
2022-10-17T19:00:00Z,15.01,15.06,14.94,14.95,1357500
2022-10-18T13:00:00Z,15.06,15.12,14.96,15.11,2240400
2022-10-18T14:00:00Z,15.1,15.13,15.01,15.12,2056400
2022-10-18T15:00:00Z,15.11,15.12,14.92,14.94,2121300
2022-10-18T16:00:00Z,14.93,14.96,14.89,14.93,1840900
2022-10-18T17:00:00Z,14.92,14.94,14.87,14.92,2623700
2022-10-18T18:00:00Z,14.92,14.95,14.82,14.87,3415400
2022-10-18T19:00:00Z,14.87,14.93,14.83,14.88,3099500
2022-10-19T13:00:00Z,14.93,15.03,14.9,14.98,2091400
2022-10-19T14:00:00Z,14.98,15.04,14.91,14.94,3024000
2022-10-19T15:00:00Z,14.94,14.98,14.89,14.93,1901400
2022-10-19T16:00:00Z,14.94,14.94,14.84,14.88,1331400
2022-10-19T17:00:00Z,14.89,14.92,14.82,14.86,2164600
2022-10-19T18:00:00Z,14.87,14.91,14.8,14.85,5940000
2022-10-19T19:00:00Z,14.85,14.87,14.78,14.84,9893500
2022-10-20T13:00:00Z,14.96,15.04,14.9,14.98,2741000
2022-10-20T14:00:00Z,14.97,15.06,14.91,14.95,2930900
2022-10-20T15:00:00Z,14.96,15.11,14.91,15.02,4216900
2022-10-20T16:00:00Z,15.02,15.03,14.96,15.01,1624800
2022-10-20T17:00:00Z,15,15.06,14.94,14.98,2021300
2022-10-20T18:00:00Z,14.97,15.07,14.94,15.02,2421700
2022-10-20T19:00:00Z,15.02,15.07,14.98,14.98,3059700
2022-10-21T13:00:00Z,14.99,15.08,14.95,15.04,2705100
2022-10-21T14:00:00Z,15.04,15.16,14.99,15.15,9650700
2022-10-21T15:00:00Z,15.13,15.16,15.1,15.13,2746100
2022-10-21T16:00:00Z,15.14,15.18,15.08,15.13,3721200
2022-10-21T17:00:00Z,15.13,15.26,15.12,15.23,4020000
2022-10-21T18:00:00Z,15.22,15.3,15.21,15.29,5102900
2022-10-21T19:00:00Z,15.29,15.35,15.27,15.33,6167000
2022-10-24T13:00:00Z,15.16,15.34,15.13,15.15,2969200
2022-10-24T14:00:00Z,15.16,15.16,15.05,15.09,4032200
2022-10-24T15:00:00Z,15.08,15.18,15.02,15.17,3189900
2022-10-24T16:00:00Z,15.17,15.2,15.15,15.16,1348300
2022-10-24T17:00:00Z,15.17,15.17,15.09,15.13,1381700
2022-10-24T18:00:00Z,15.13,15.18,15.1,15.15,2394300
2022-10-24T19:00:00Z,15.14,15.22,15.13,15.19,2074100
2022-10-25T13:00:00Z,15.18,15.2,14.91,14.96,2952700
2022-10-25T14:00:00Z,14.95,14.96,14.83,14.94,3804900
2022-10-25T15:00:00Z,14.93,15.04,14.92,14.98,3039000
2022-10-25T16:00:00Z,14.97,15.02,14.93,14.96,1993900
2022-10-25T17:00:00Z,14.96,15,14.96,14.96,1855600
2022-10-25T18:00:00Z,14.96,15,14.91,14.98,4719900
2022-10-25T19:00:00Z,14.98,15,14.95,14.95,3355300
2022-10-26T13:00:00Z,14.8,14.93,14.6,14.83,4594300
2022-10-26T14:00:00Z,14.85,15.01,14.85,14.94,4050500
2022-10-26T15:00:00Z,14.95,15.03,14.9,15.02,3015700
2022-10-26T16:00:00Z,15.02,15.05,14.92,14.92,1929400
2022-10-26T17:00:00Z,14.94,15.01,14.91,14.97,2149800
2022-10-26T18:00:00Z,14.97,14.97,14.93,14.95,3407400
2022-10-26T19:00:00Z,14.96,15.15,14.93,15.07,9945900
2022-10-27T13:00:00Z,15.25,15.76,15.21,15.4,12913500
2022-10-27T14:00:00Z,15.4,15.59,15.36,15.54,8665300
2022-10-27T15:00:00Z,15.54,15.6,15.42,15.44,5616000
2022-10-27T16:00:00Z,15.44,15.6,15.42,15.58,3826700
2022-10-27T17:00:00Z,15.59,15.63,15.53,15.55,3009800
2022-10-27T18:00:00Z,15.54,15.6,15.52,15.55,4647900
2022-10-27T19:00:00Z,15.54,15.69,15.54,15.58,8816800
2022-10-28T13:00:00Z,15.56,15.65,15.48,15.61,4061100
2022-10-28T14:00:00Z,15.61,15.69,15.56,15.66,4951300
2022-10-28T15:00:00Z,15.67,15.74,15.65,15.72,5767000
2022-10-28T16:00:00Z,15.72,15.73,15.68,15.7,2196100
2022-10-28T17:00:00Z,15.7,15.71,15.66,15.69,1624100
2022-10-28T18:00:00Z,15.69,15.72,15.66,15.69,2517400
2022-10-28T19:00:00Z,15.68,15.74,15.66,15.74,5066500
2022-10-31T13:00:00Z,15.77,16,15.7,15.93,4098600
2022-10-31T14:00:00Z,15.93,16.02,15.85,15.85,2804000
2022-10-31T15:00:00Z,15.85,15.9,15.79,15.82,1439000
2022-10-31T16:00:00Z,15.82,15.86,15.77,15.83,1431400
2022-10-31T17:00:00Z,15.82,15.93,15.81,15.87,4238500
2022-10-31T18:00:00Z,15.87,15.97,15.85,15.91,3801800
2022-10-31T19:00:00Z,15.91,16.02,15.87,16.01,4981200
2022-11-01T13:00:00Z,16.03,16.14,15.83,15.84,2563700
2022-11-01T14:00:00Z,15.85,15.91,15.8,15.84,2822700
2022-11-01T15:00:00Z,15.83,15.88,15.77,15.85,1529400
2022-11-01T16:00:00Z,15.85,15.92,15.81,15.85,1939400
2022-11-01T17:00:00Z,15.86,15.9,15.8,15.82,2551500
2022-11-01T18:00:00Z,15.82,15.95,15.78,15.82,5232400
2022-11-01T19:00:00Z,15.82,15.91,15.78,15.81,9369000
2022-11-03T13:00:00Z,15.51,15.74,15.46,15.71,7450600
2022-11-03T14:00:00Z,15.73,15.9,15.67,15.87,4500900
2022-11-03T15:00:00Z,15.88,15.92,15.84,15.87,2390000
2022-11-03T16:00:00Z,15.87,15.92,15.81,15.9,1324000
2022-11-03T17:00:00Z,15.91,15.96,15.89,15.93,2260100
2022-11-03T18:00:00Z,15.93,16.04,15.92,16.01,2227600
2022-11-03T19:00:00Z,16.02,16.04,15.98,16.01,2792200
2022-11-04T13:00:00Z,16.17,16.29,16.04,16.24,5148300
2022-11-04T14:00:00Z,16.24,16.42,16.16,16.29,7290500
2022-11-04T15:00:00Z,16.3,16.45,16.29,16.39,4725100
2022-11-04T16:00:00Z,16.39,16.43,16.34,16.42,2022300
2022-11-04T17:00:00Z,16.41,16.43,16.35,16.37,2038300
2022-11-04T18:00:00Z,16.38,16.44,16.35,16.42,1893200
2022-11-04T19:00:00Z,16.42,16.56,16.41,16.52,4065000
2022-11-07T13:00:00Z,16.33,16.45,16.32,16.39,1159400
2022-11-07T14:00:00Z,16.39,16.62,16.38,16.41,4907900
2022-11-07T15:00:00Z,16.4,16.47,16.31,16.34,7304000
2022-11-07T16:00:00Z,16.34,16.44,16.32,16.34,2195500
2022-11-07T17:00:00Z,16.34,16.41,16.31,16.38,1227800
2022-11-07T18:00:00Z,16.37,16.45,16.36,16.41,1450700
2022-11-07T19:00:00Z,16.41,16.44,16.39,16.4,2886700
2022-11-07T20:00:00Z,16.4,16.44,16.37,16.37,4163200
2022-11-08T13:00:00Z,16.26,16.35,16.19,16.33,1426500
2022-11-08T14:00:00Z,16.33,16.5,16.27,16.47,2011700
2022-11-08T15:00:00Z,16.47,16.61,16.46,16.57,4526800
2022-11-08T16:00:00Z,16.57,16.65,16.52,16.63,3885800
2022-11-08T17:00:00Z,16.63,16.69,16.57,16.67,2507200
2022-11-08T18:00:00Z,16.67,16.74,16.6,16.66,4517900
2022-11-08T19:00:00Z,16.65,16.68,16.57,16.68,3272600
2022-11-08T20:00:00Z,16.67,16.78,16.67,16.7,2719000
2022-11-09T13:00:00Z,16.61,16.74,16.59,16.73,3550700
2022-11-09T14:00:00Z,16.74,16.88,16.69,16.74,3520400
2022-11-09T15:00:00Z,16.74,16.75,16.55,16.56,2613000
2022-11-09T16:00:00Z,16.56,16.6,16.51,16.53,2030900
2022-11-09T17:00:00Z,16.54,16.56,16.45,16.51,2554400
2022-11-09T18:00:00Z,16.51,16.54,16.42,16.52,4704100
2022-11-09T19:00:00Z,16.52,16.58,16.45,16.46,3831300
2022-11-09T20:00:00Z,16.46,16.53,16.44,16.53,2248300
2022-11-10T13:00:00Z,16.16,16.48,16.01,16.32,6944300
2022-11-10T14:00:00Z,16.31,16.43,16.06,16.07,9841000
2022-11-10T15:00:00Z,16.08,16.11,15.93,16.09,6995400
2022-11-10T16:00:00Z,16.08,16.18,16.05,16.12,3350100
2022-11-10T17:00:00Z,16.12,16.12,15.96,16.04,6405500
2022-11-10T18:00:00Z,16.04,16.09,15.92,15.96,5840700
2022-11-10T19:00:00Z,15.96,16.01,15.9,15.94,4058600
2022-11-10T20:00:00Z,15.94,15.98,15.87,15.9,5621200
2022-11-11T13:00:00Z,15.76,16.03,15.66,15.96,3909200
2022-11-11T14:00:00Z,15.95,15.98,15.73,15.77,3199000
2022-11-11T15:00:00Z,15.77,15.92,15.74,15.86,4516100
2022-11-11T16:00:00Z,15.86,15.99,15.81,15.97,2954200
2022-11-11T17:00:00Z,15.96,16.03,15.94,15.95,1617100
2022-11-11T18:00:00Z,15.95,16.13,15.95,16.09,2705700
2022-11-11T19:00:00Z,16.09,16.2,16.04,16.14,4696400
2022-11-11T20:00:00Z,16.15,16.18,16.08,16.13,3855300
2022-11-14T13:00:00Z,16.33,16.38,15.78,15.82,3280400
2022-11-14T14:00:00Z,15.82,15.93,15.8,15.86,2130600
2022-11-14T15:00:00Z,15.86,16.01,15.82,15.99,1953600
2022-11-14T16:00:00Z,16,16.03,15.96,15.97,2848800
2022-11-14T17:00:00Z,15.98,16.09,15.97,16.06,938800
2022-11-14T18:00:00Z,16.06,16.08,16,16.03,1573600
2022-11-14T19:00:00Z,16.01,16.13,16.01,16.08,3338200
2022-11-14T20:00:00Z,16.08,16.12,15.97,16,2514700
2022-11-16T13:00:00Z,15.94,15.99,15.7,15.74,1764700
2022-11-16T14:00:00Z,15.74,15.78,15.61,15.72,7612400
2022-11-16T15:00:00Z,15.72,15.73,15.59,15.62,3380800
2022-11-16T16:00:00Z,15.62,15.66,15.57,15.64,3895400
2022-11-16T17:00:00Z,15.64,15.65,15.56,15.58,4761700
2022-11-16T18:00:00Z,15.59,15.6,15.43,15.45,7168600
2022-11-16T19:00:00Z,15.46,15.5,15.4,15.47,4124400
2022-11-16T20:00:00Z,15.48,15.51,15.37,15.45,5728600
2022-11-17T13:00:00Z,15.3,15.36,15,15.11,3599300
2022-11-17T14:00:00Z,15.09,15.51,15.03,15.5,5944900
2022-11-17T15:00:00Z,15.49,15.53,15.37,15.43,4476900
2022-11-17T16:00:00Z,15.42,15.44,15.28,15.34,5343900
2022-11-17T17:00:00Z,15.34,15.4,15.3,15.38,2880200
2022-11-17T18:00:00Z,15.39,15.43,15.33,15.36,2302100
2022-11-17T19:00:00Z,15.37,15.4,15.3,15.36,2965600
2022-11-17T20:00:00Z,15.36,15.43,15.33,15.4,5092900
2022-11-18T13:00:00Z,15.56,15.73,15.42,15.73,2836200
2022-11-18T14:00:00Z,15.73,15.84,15.68,15.71,3023800
2022-11-18T15:00:00Z,15.72,15.75,15.65,15.74,3073600
2022-11-18T16:00:00Z,15.75,15.82,15.73,15.75,2126200
2022-11-18T17:00:00Z,15.76,15.78,15.6,15.61,3518100
2022-11-18T18:00:00Z,15.61,15.63,15.55,15.59,4179800
2022-11-18T19:00:00Z,15.59,15.69,15.58,15.68,4710000
2022-11-18T20:00:00Z,15.69,15.72,15.61,15.61,3824000
2022-11-21T13:00:00Z,15.78,15.78,15.52,15.64,1396300
2022-11-21T14:00:00Z,15.65,15.67,15.55,15.57,2693300
2022-11-21T15:00:00Z,15.56,15.61,15.54,15.59,1328500
2022-11-21T16:00:00Z,15.59,15.68,15.56,15.68,1068800
2022-11-21T17:00:00Z,15.68,15.75,15.67,15.71,1550100
2022-11-21T18:00:00Z,15.72,15.8,15.7,15.73,1557400
2022-11-21T19:00:00Z,15.73,15.75,15.64,15.69,2203500
2022-11-21T20:00:00Z,15.7,15.73,15.66,15.69,2035100
2022-11-22T13:00:00Z,15.7,15.84,15.65,15.8,2060700
2022-11-22T14:00:00Z,15.8,15.88,15.7,15.72,1805400
2022-11-22T15:00:00Z,15.73,15.79,15.68,15.77,1321800
2022-11-22T16:00:00Z,15.77,15.79,15.65,15.66,2571500
2022-11-22T17:00:00Z,15.67,15.72,15.66,15.7,2094200
2022-11-22T18:00:00Z,15.7,15.76,15.68,15.7,1110300
2022-11-22T19:00:00Z,15.7,15.75,15.54,15.54,7469900
2022-11-22T20:00:00Z,15.54,15.63,15.5,15.63,6728500
2022-11-23T13:00:00Z,15.65,15.68,15.55,15.63,1056600
2022-11-23T14:00:00Z,15.62,15.7,15.58,15.66,1963200
2022-11-23T15:00:00Z,15.66,15.85,15.66,15.78,4057300
2022-11-23T16:00:00Z,15.77,15.81,15.66,15.67,1912600
2022-11-23T17:00:00Z,15.68,15.79,15.66,15.74,3206400
2022-11-23T18:00:00Z,15.74,15.76,15.63,15.67,3256600
2022-11-23T19:00:00Z,15.67,15.81,15.64,15.73,4031100
2022-11-23T20:00:00Z,15.74,15.81,15.71,15.76,4507200
2022-11-24T13:00:00Z,15.89,15.99,15.75,15.88,2148600
2022-11-24T14:00:00Z,15.88,16.21,15.88,16.13,2496900
2022-11-24T15:00:00Z,16.14,16.2,16.07,16.09,1846100
2022-11-24T16:00:00Z,16.09,16.09,15.99,16.02,1408700
2022-11-24T17:00:00Z,16.01,16.14,16.01,16.12,1165100
2022-11-24T18:00:00Z,16.12,16.15,16.08,16.13,1185700
2022-11-24T19:00:00Z,16.12,16.14,16.11,16.14,817100
2022-11-24T20:00:00Z,16.14,16.16,16.01,16.01,2071800
2022-11-25T13:00:00Z,16.03,16.07,15.92,15.99,1301600
2022-11-25T14:00:00Z,15.99,15.99,15.87,15.9,1931400
2022-11-25T15:00:00Z,15.9,15.99,15.87,15.96,1415100
2022-11-25T16:00:00Z,15.96,16,15.9,15.9,1351300
2022-11-25T17:00:00Z,15.9,15.92,15.84,15.88,1990600
2022-11-25T18:00:00Z,15.89,15.9,15.69,15.72,1947700
2022-11-25T19:00:00Z,15.72,15.79,15.72,15.74,1498600
2022-11-25T20:00:00Z,15.73,15.8,15.72,15.75,3221400
2022-11-28T13:00:00Z,15.8,15.95,15.72,15.9,961300
2022-11-28T14:00:00Z,15.9,16,15.89,15.95,1757900
2022-11-28T15:00:00Z,15.95,15.97,15.88,15.88,1140700
2022-11-28T16:00:00Z,15.88,15.94,15.87,15.93,1924600
2022-11-28T17:00:00Z,15.93,15.97,15.89,15.92,1250200
2022-11-28T18:00:00Z,15.92,15.96,15.89,15.91,1534500
2022-11-28T19:00:00Z,15.92,15.95,15.89,15.93,2498600
2022-11-28T20:00:00Z,15.93,15.97,15.89,15.94,2261300
2022-11-29T13:00:00Z,15.91,15.97,15.83,15.94,923900
2022-11-29T14:00:00Z,15.94,16.05,15.9,15.92,2444800
2022-11-29T15:00:00Z,15.92,15.98,15.91,15.92,4445700
2022-11-29T16:00:00Z,15.92,15.94,15.81,15.89,3290000
2022-11-29T17:00:00Z,15.89,15.97,15.87,15.96,2359900
2022-11-29T18:00:00Z,15.96,15.97,15.9,15.92,2070800
2022-11-29T19:00:00Z,15.92,15.93,15.77,15.79,1980200
2022-11-29T20:00:00Z,15.78,15.8,15.69,15.74,4659300
2022-11-30T13:00:00Z,15.76,15.89,15.66,15.81,2206800
2022-11-30T14:00:00Z,15.81,16,15.78,15.97,2571800
2022-11-30T15:00:00Z,15.98,15.99,15.83,15.86,2097500
2022-11-30T16:00:00Z,15.86,15.87,15.81,15.81,1288700
2022-11-30T17:00:00Z,15.81,15.83,15.68,15.74,2045600
2022-11-30T18:00:00Z,15.73,15.84,15.7,15.81,3506700
2022-11-30T19:00:00Z,15.8,15.87,15.8,15.84,3749400
2022-11-30T20:00:00Z,15.84,15.92,15.83,15.89,5811400
2022-12-01T13:00:00Z,15.92,16,15.88,15.93,865900
2022-12-01T14:00:00Z,15.93,16.11,15.89,16.07,5564900
2022-12-01T15:00:00Z,16.07,16.1,15.91,16.01,6585000
2022-12-01T16:00:00Z,16.02,16.12,15.99,16.05,2964000
2022-12-01T17:00:00Z,16.04,16.08,15.98,16.02,3255800
2022-12-01T18:00:00Z,16.02,16.08,16.01,16.05,2329600
2022-12-01T19:00:00Z,16.06,16.12,16.04,16.1,2512400
2022-12-01T20:00:00Z,16.1,16.16,16.08,16.12,2071800
2022-12-02T13:00:00Z,16.15,16.22,15.95,16.06,1811500
2022-12-02T14:00:00Z,16.05,16.34,16.05,16.31,5364300
2022-12-02T15:00:00Z,16.31,16.44,16.24,16.38,8568800
2022-12-02T16:00:00Z,16.38,16.53,16.31,16.46,5441700
2022-12-02T17:00:00Z,16.48,16.55,16.45,16.49,6791600
2022-12-02T18:00:00Z,16.48,16.51,16.37,16.38,4126200
2022-12-02T19:00:00Z,16.38,16.45,16.38,16.44,3274500
2022-12-02T20:00:00Z,16.45,16.45,16.33,16.39,3181500
2022-12-05T13:00:00Z,16.03,16.2,15.97,16.15,2620900
2022-12-05T14:00:00Z,16.15,16.17,16.02,16.07,3684500
2022-12-05T15:00:00Z,16.07,16.18,16.01,16.17,2605900
2022-12-05T16:00:00Z,16.16,16.19,16.08,16.09,2106000
2022-12-05T17:00:00Z,16.08,16.1,16.03,16.05,1027500
2022-12-05T18:00:00Z,16.04,16.08,16.01,16.06,2093100
2022-12-05T19:00:00Z,16.06,16.06,16,16.03,2213200
2022-12-05T20:00:00Z,16.02,16.07,15.98,16,2433400
2022-12-06T13:00:00Z,16.2,16.2,15.97,16.03,826700
2022-12-06T14:00:00Z,16.03,16.1,15.92,15.99,1750800
2022-12-06T15:00:00Z,15.99,16.06,15.98,16.04,607600
2022-12-06T16:00:00Z,16.04,16.09,16.01,16.06,994800
2022-12-06T17:00:00Z,16.06,16.16,16.04,16.13,6679300
2022-12-06T18:00:00Z,16.12,16.14,16,16.01,2855700
2022-12-06T19:00:00Z,16.01,16.02,15.93,15.96,1178700
2022-12-06T20:00:00Z,15.95,16.03,15.94,16.01,2908500
2022-12-07T13:00:00Z,16.13,16.14,15.87,16.04,3062800
2022-12-07T14:00:00Z,16.04,16.07,15.91,16.04,7268200
2022-12-07T15:00:00Z,16.04,16.1,15.99,16.03,1545200
2022-12-07T16:00:00Z,16.02,16.05,15.91,16,6389800
2022-12-07T17:00:00Z,16,16.02,15.95,16.01,1309600
2022-12-07T18:00:00Z,16,16.05,15.95,15.98,2375900
2022-12-07T19:00:00Z,15.98,16.04,15.97,16.01,1315700
2022-12-07T20:00:00Z,16.01,16.05,15.98,16,1458200
2022-12-08T13:00:00Z,15.95,15.96,15.76,15.86,2777400
2022-12-08T14:00:00Z,15.86,15.88,15.73,15.82,3490000
2022-12-08T15:00:00Z,15.83,15.84,15.7,15.72,3514100
2022-12-08T16:00:00Z,15.72,15.75,15.63,15.69,5137300
2022-12-08T17:00:00Z,15.69,15.74,15.66,15.72,2634900
2022-12-08T18:00:00Z,15.72,15.77,15.7,15.71,2088400
2022-12-08T19:00:00Z,15.7,15.72,15.63,15.63,7801900
2022-12-08T20:00:00Z,15.63,15.7,15.61,15.67,4046900
2022-12-09T13:00:00Z,15.78,15.8,15.61,15.62,6513900
2022-12-09T14:00:00Z,15.63,15.75,15.6,15.66,1323200
2022-12-09T15:00:00Z,15.67,15.68,15.62,15.66,764400
2022-12-09T16:00:00Z,15.66,15.69,15.64,15.68,538400
2022-12-09T17:00:00Z,15.68,15.72,15.56,15.57,4931800
2022-12-09T18:00:00Z,15.57,15.63,15.53,15.56,3393800
2022-12-09T19:00:00Z,15.56,15.61,15.51,15.6,3295500
2022-12-09T20:00:00Z,15.6,15.6,15.51,15.51,2571100
2022-12-12T13:00:00Z,15.48,15.48,15.16,15.17,4056900
2022-12-12T14:00:00Z,15.16,15.25,15.08,15.14,6835400
2022-12-12T15:00:00Z,15.14,15.23,15.11,15.18,3445500
2022-12-12T16:00:00Z,15.18,15.29,15.15,15.24,2226300
2022-12-12T17:00:00Z,15.25,15.27,15.22,15.22,1588600
2022-12-12T18:00:00Z,15.22,15.25,15.16,15.16,6073100
2022-12-12T19:00:00Z,15.16,15.24,15.14,15.23,1332500
2022-12-12T20:00:00Z,15.23,15.31,15.22,15.24,3569100
2022-12-13T13:00:00Z,15.29,15.43,15.14,15.24,2903800
2022-12-13T14:00:00Z,15.24,15.59,15.21,15.53,6713600
2022-12-13T15:00:00Z,15.53,15.57,15.44,15.49,7420500
2022-12-13T16:00:00Z,15.48,15.5,15.43,15.48,3566300
2022-12-13T17:00:00Z,15.48,15.51,15.36,15.43,7111800
2022-12-13T18:00:00Z,15.43,15.58,15.42,15.5,6620300
2022-12-13T19:00:00Z,15.5,15.55,15.25,15.31,14029100
2022-12-13T20:00:00Z,15.31,15.39,15.25,15.36,6598600
2022-12-14T13:00:00Z,15.19,15.21,14.72,15,9728200
2022-12-14T14:00:00Z,15.01,15.02,14.73,14.79,9983100
2022-12-14T15:00:00Z,14.79,14.87,14.76,14.81,6767200
2022-12-14T16:00:00Z,14.81,14.93,14.79,14.92,3734900
2022-12-14T17:00:00Z,14.91,15.02,14.9,15,6281900
2022-12-14T18:00:00Z,15.01,15.18,14.93,15.15,17714100
2022-12-14T19:00:00Z,15.15,15.16,15.05,15.13,9255100
2022-12-14T20:00:00Z,15.13,15.22,15.11,15.12,8261800
2022-12-15T13:00:00Z,15.01,15.21,14.9,15.15,2128100
2022-12-15T14:00:00Z,15.15,15.22,15.05,15.13,4638600
2022-12-15T15:00:00Z,15.13,15.14,14.94,15.07,7658900
2022-12-15T16:00:00Z,15.07,15.13,15.04,15.04,3534300
2022-12-15T17:00:00Z,15.04,15.22,15.04,15.16,3739200
2022-12-15T18:00:00Z,15.16,15.18,15.05,15.07,1503700
2022-12-15T19:00:00Z,15.07,15.14,15.07,15.08,2021400
2022-12-15T20:00:00Z,15.07,15.09,14.92,14.96,7088300
2022-12-16T13:00:00Z,14.99,15.14,14.99,15.04,2867100
2022-12-16T14:00:00Z,15.04,15.08,14.87,15.02,5145400
2022-12-16T15:00:00Z,15.02,15.03,14.85,14.88,3669000
2022-12-16T16:00:00Z,14.88,14.92,14.82,14.85,2335500
2022-12-16T17:00:00Z,14.85,14.87,14.8,14.84,2723600
2022-12-16T18:00:00Z,14.85,14.93,14.83,14.88,4459100
2022-12-16T19:00:00Z,14.88,14.91,14.84,14.85,2657500
2022-12-16T20:00:00Z,14.85,14.86,14.79,14.84,5036500
2022-12-19T13:00:00Z,14.98,15.1,14.92,14.96,1959100
2022-12-19T14:00:00Z,14.95,15.09,14.95,15.09,2528900
2022-12-19T15:00:00Z,15.09,15.37,15.07,15.33,7167000
2022-12-19T16:00:00Z,15.34,15.45,15.32,15.42,7873800
2022-12-19T17:00:00Z,15.44,15.47,15.26,15.31,5712000
2022-12-19T18:00:00Z,15.31,15.34,15.21,15.27,4315500
2022-12-19T19:00:00Z,15.26,15.33,15.21,15.24,8854800
2022-12-19T20:00:00Z,15.24,15.3,15.22,15.24,2611600
2022-12-20T13:00:00Z,14.41,14.63,14.25,14.51,3858600
2022-12-20T14:00:00Z,14.5,14.63,14.48,14.61,4479100
2022-12-20T15:00:00Z,14.61,14.68,14.54,14.63,2648100
2022-12-20T16:00:00Z,14.63,14.65,14.51,14.54,1901800
2022-12-20T17:00:00Z,14.53,14.62,14.53,14.58,1673500
2022-12-20T18:00:00Z,14.58,14.68,14.57,14.66,2631000
2022-12-20T19:00:00Z,14.66,14.67,14.54,14.56,2384200
2022-12-20T20:00:00Z,14.55,14.58,14.53,14.57,1763000
2022-12-21T13:00:00Z,14.57,14.71,14.39,14.4,4852300
2022-12-21T14:00:00Z,14.41,14.5,14.33,14.47,6355500
2022-12-21T15:00:00Z,14.46,14.51,14.4,14.43,8381200
2022-12-21T16:00:00Z,14.42,14.48,14.34,14.34,1979600
2022-12-21T17:00:00Z,14.34,14.4,14.33,14.38,1401900
2022-12-21T18:00:00Z,14.37,14.38,14.32,14.36,2334500
2022-12-21T19:00:00Z,14.36,14.4,14.32,14.34,8849900
2022-12-21T20:00:00Z,14.34,14.38,14.31,14.35,3793800
2022-12-22T13:00:00Z,14.39,14.54,14.34,14.35,2907800
2022-12-22T14:00:00Z,14.35,14.46,14.32,14.32,2248500
2022-12-22T15:00:00Z,14.32,14.34,14.29,14.31,1748700
2022-12-22T16:00:00Z,14.3,14.43,14.29,14.39,1810000
2022-12-22T17:00:00Z,14.38,14.4,14.36,14.37,1237400
2022-12-22T18:00:00Z,14.37,14.38,14.28,14.32,2078300
2022-12-22T19:00:00Z,14.31,14.44,14.31,14.43,7953300
2022-12-22T20:00:00Z,14.43,14.45,14.39,14.39,2549900
2022-12-23T13:00:00Z,14.5,14.65,14.46,14.59,952300
2022-12-23T14:00:00Z,14.58,14.74,14.55,14.7,17682300
2022-12-23T15:00:00Z,14.7,14.74,14.62,14.62,1157100
2022-12-23T16:00:00Z,14.63,14.64,14.57,14.63,2153000
2022-12-23T17:00:00Z,14.64,14.69,14.63,14.69,939100
2022-12-23T18:00:00Z,14.68,14.76,14.67,14.71,1978600
2022-12-23T19:00:00Z,14.71,14.72,14.62,14.66,1988300
2022-12-23T20:00:00Z,14.67,14.69,14.59,14.59,2399200
2022-12-26T13:00:00Z,14.57,14.64,14.45,14.48,810300
2022-12-26T14:00:00Z,14.47,14.53,14.45,14.52,330000
2022-12-26T15:00:00Z,14.53,14.59,14.51,14.53,475600
2022-12-26T16:00:00Z,14.53,14.55,14.49,14.53,190300
2022-12-26T17:00:00Z,14.53,14.58,14.5,14.58,298400
2022-12-26T18:00:00Z,14.58,14.58,14.52,14.53,200400
2022-12-26T19:00:00Z,14.54,14.57,14.51,14.54,247800
2022-12-26T20:00:00Z,14.54,14.59,14.52,14.59,565700
2022-12-27T13:00:00Z,14.6,14.62,14.43,14.43,968600
2022-12-27T14:00:00Z,14.44,14.56,14.42,14.55,1798900
2022-12-27T15:00:00Z,14.55,14.66,14.54,14.6,1050500
2022-12-27T16:00:00Z,14.61,14.61,14.53,14.56,432400
2022-12-27T17:00:00Z,14.57,14.57,14.48,14.49,2708700
2022-12-27T18:00:00Z,14.48,14.52,14.47,14.49,1155700
2022-12-27T19:00:00Z,14.48,14.56,14.48,14.56,1424300
2022-12-27T20:00:00Z,14.55,14.61,14.5,14.5,2597300
2022-12-28T13:00:00Z,14.6,14.71,14.55,14.71,1202900
2022-12-28T14:00:00Z,14.72,14.73,14.6,14.67,2812400
2022-12-28T15:00:00Z,14.66,14.67,14.53,14.54,1500600
2022-12-28T16:00:00Z,14.54,14.59,14.52,14.58,1215700
2022-12-28T17:00:00Z,14.58,14.6,14.54,14.58,983500
2022-12-28T18:00:00Z,14.59,14.63,14.57,14.59,2069500
2022-12-28T19:00:00Z,14.58,14.63,14.56,14.58,1696300
2022-12-28T20:00:00Z,14.58,14.59,14.53,14.53,1602900
2022-12-29T13:00:00Z,14.67,14.67,14.57,14.59,692200
2022-12-29T14:00:00Z,14.6,14.61,14.47,14.49,1295500
2022-12-29T15:00:00Z,14.5,14.52,14.45,14.46,1884900
2022-12-29T16:00:00Z,14.45,14.5,14.43,14.5,1833500
2022-12-29T17:00:00Z,14.49,14.51,14.45,14.5,1837000
2022-12-29T18:00:00Z,14.5,14.53,14.49,14.53,704700
2022-12-29T19:00:00Z,14.53,14.59,14.51,14.58,1306100
2022-12-29T20:00:00Z,14.58,14.63,14.53,14.56,2751600
2023-01-02T13:00:00Z,14.4,14.45,14.29,14.41,1753100
2023-01-02T14:00:00Z,14.4,14.43,14.15,14.22,2837100
2023-01-02T15:00:00Z,14.21,14.24,14.14,14.23,1388100
2023-01-02T16:00:00Z,14.22,14.26,14.1,14.12,1342600
2023-01-02T17:00:00Z,14.13,14.14,14.02,14.05,1439200
2023-01-02T18:00:00Z,14.05,14.13,14.02,14.12,1141200
2023-01-02T19:00:00Z,14.11,14.14,14.07,14.14,1291900
2023-01-02T20:00:00Z,14.14,14.19,14.07,14.19,2187600
2023-01-03T13:00:00Z,14.16,14.29,14.11,14.2,1787500
2023-01-03T14:00:00Z,14.2,14.37,14.18,14.34,4720200
2023-01-03T15:00:00Z,14.35,14.37,14.24,14.31,4805100
2023-01-03T16:00:00Z,14.32,14.32,14.21,14.23,3895500
2023-01-03T17:00:00Z,14.23,14.39,14.23,14.27,3122300
2023-01-03T18:00:00Z,14.27,14.38,14.25,14.33,3260700
2023-01-03T19:00:00Z,14.35,14.35,14.2,14.21,4431900
2023-01-03T20:00:00Z,14.21,14.25,14.13,14.17,8835900
2023-01-04T13:00:00Z,14.28,14.31,14.14,14.19,1180600
2023-01-04T14:00:00Z,14.18,14.32,14.08,14.28,4573900
2023-01-04T15:00:00Z,14.26,14.43,14.25,14.4,4442400
2023-01-04T16:00:00Z,14.39,14.47,14.26,14.37,3545800
2023-01-04T17:00:00Z,14.36,14.42,14.34,14.37,1759200
2023-01-04T18:00:00Z,14.37,14.38,14.29,14.33,1898000
2023-01-04T19:00:00Z,14.33,14.36,14.24,14.34,2536700
2023-01-04T20:00:00Z,14.34,14.34,14.2,14.24,2219200
2023-01-05T13:00:00Z,14.27,14.34,14.18,14.22,1500300
2023-01-05T14:00:00Z,14.22,14.33,14.14,14.32,3732500
2023-01-05T15:00:00Z,14.31,14.41,14.29,14.36,2878100
2023-01-05T16:00:00Z,14.36,14.39,14.27,14.29,2065300
2023-01-05T17:00:00Z,14.3,14.34,14.26,14.29,1858300
2023-01-05T18:00:00Z,14.29,14.29,14.18,14.21,5946700
2023-01-05T19:00:00Z,14.22,14.3,14.2,14.26,6143800
2023-01-05T20:00:00Z,14.26,14.3,14.21,14.29,4521900
2023-01-06T13:00:00Z,14.3,14.36,14.16,14.21,4155600
2023-01-06T14:00:00Z,14.2,14.27,14.18,14.23,3012100
2023-01-06T15:00:00Z,14.23,14.36,14.19,14.35,3322000
2023-01-06T16:00:00Z,14.35,14.35,14.29,14.33,1290900
2023-01-06T17:00:00Z,14.32,14.34,14.28,14.32,1658800
2023-01-06T18:00:00Z,14.32,14.34,14.3,14.31,1381600
2023-01-06T19:00:00Z,14.31,14.36,14.28,14.35,2219500
2023-01-06T20:00:00Z,14.35,14.36,14.29,14.33,1985400
2023-01-09T13:00:00Z,14.29,14.47,14.27,14.33,3926800
2023-01-09T14:00:00Z,14.34,14.42,14.3,14.34,3154700
2023-01-09T15:00:00Z,14.35,14.45,14.3,14.42,4950500
2023-01-09T16:00:00Z,14.42,14.45,14.37,14.39,1827000
2023-01-09T17:00:00Z,14.4,14.45,14.39,14.41,2308900
2023-01-09T18:00:00Z,14.42,14.44,14.39,14.39,1773100
2023-01-09T19:00:00Z,14.39,14.41,14.36,14.36,1211200
2023-01-09T20:00:00Z,14.37,14.39,14.33,14.39,2092900
2023-01-10T13:00:00Z,14.26,14.45,14.25,14.4,7593300
2023-01-10T14:00:00Z,14.4,14.46,14.38,14.42,1869000
2023-01-10T15:00:00Z,14.41,14.42,14.33,14.4,2972200
2023-01-10T16:00:00Z,14.39,14.43,14.37,14.41,4906900
2023-01-10T17:00:00Z,14.42,14.46,14.4,14.45,2129000
2023-01-10T18:00:00Z,14.44,14.5,14.42,14.48,6592000
2023-01-10T19:00:00Z,14.49,14.6,14.48,14.57,3174800
2023-01-10T20:00:00Z,14.58,14.58,14.52,14.52,3527600
2023-01-11T13:00:00Z,14.51,14.79,14.31,14.39,9691200
2023-01-11T14:00:00Z,14.38,14.42,13.95,14.04,19465900
2023-01-11T15:00:00Z,14.04,14.15,14.01,14.12,8051700
2023-01-11T16:00:00Z,14.11,14.16,14.06,14.13,3707900
2023-01-11T17:00:00Z,14.12,14.23,14.11,14.21,3347200
2023-01-11T18:00:00Z,14.2,14.25,14.18,14.19,3108200
2023-01-11T19:00:00Z,14.19,14.25,14.18,14.23,5030500
2023-01-11T20:00:00Z,14.23,14.25,14.1,14.24,18722300
2023-01-12T13:00:00Z,13.8,14.15,13.66,14.02,21548700
2023-01-12T14:00:00Z,14.02,14.03,13.9,13.93,7434200
2023-01-12T15:00:00Z,13.92,14.04,13.82,14,4738600
2023-01-12T16:00:00Z,14,14.15,13.99,14.06,6783100
2023-01-12T17:00:00Z,14.06,14.07,13.99,14.06,6025000
2023-01-12T18:00:00Z,14.05,14.16,14.03,14.16,2983900
2023-01-12T19:00:00Z,14.15,14.17,14.12,14.13,4443500
2023-01-12T20:00:00Z,14.14,14.14,14,14.12,12122200
2023-01-13T13:00:00Z,14,14.05,13.88,13.9,5885700
2023-01-13T14:00:00Z,13.9,14.05,13.81,14.04,5026800
2023-01-13T15:00:00Z,14.03,14.05,14,14.02,2451100
2023-01-13T16:00:00Z,14.01,14.03,13.92,13.98,3697700
2023-01-13T17:00:00Z,13.98,13.99,13.84,13.86,3401900
2023-01-13T18:00:00Z,13.86,13.94,13.86,13.89,3267200
2023-01-13T19:00:00Z,13.89,13.9,13.77,13.87,12069400
2023-01-13T20:00:00Z,13.87,13.94,13.81,13.92,6240900
2023-01-16T13:00:00Z,13.72,13.74,13.32,13.32,15599400
2023-01-16T14:00:00Z,13.34,13.56,13.23,13.44,11189300
2023-01-16T15:00:00Z,13.43,13.52,13.43,13.51,2646100
2023-01-16T16:00:00Z,13.5,13.51,13.4,13.44,2109700
2023-01-16T17:00:00Z,13.43,13.46,13.3,13.35,4805200
2023-01-16T18:00:00Z,13.34,13.36,13.18,13.3,10256200
2023-01-16T19:00:00Z,13.3,13.32,13.23,13.23,2829400
2023-01-16T20:00:00Z,13.23,13.26,13.18,13.18,5469000
2023-01-17T13:00:00Z,13.3,13.64,13.2,13.58,9367700
2023-01-17T14:00:00Z,13.58,13.83,13.54,13.8,9537500
2023-01-17T15:00:00Z,13.79,13.83,13.72,13.79,9947600
2023-01-17T16:00:00Z,13.79,13.85,13.76,13.77,5773500
2023-01-17T17:00:00Z,13.76,13.83,13.76,13.8,4993800
2023-01-17T18:00:00Z,13.8,13.89,13.8,13.85,5841200
2023-01-17T19:00:00Z,13.85,13.91,13.83,13.9,6854900
2023-01-17T20:00:00Z,13.9,13.95,13.86,13.86,9015200
2023-01-18T13:00:00Z,13.93,13.98,13.76,13.96,2430300
2023-01-18T14:00:00Z,13.95,14.06,13.95,14.04,5263100
2023-01-18T15:00:00Z,14.04,14.06,13.91,13.95,3933100
2023-01-18T16:00:00Z,13.94,13.97,13.84,13.88,3528800
2023-01-18T17:00:00Z,13.88,13.89,13.76,13.79,3861900
2023-01-18T18:00:00Z,13.78,13.87,13.77,13.85,2136200
2023-01-18T19:00:00Z,13.85,13.87,13.74,13.76,5688800
2023-01-18T20:00:00Z,13.76,13.82,13.73,13.82,2302900
2023-01-19T13:00:00Z,13.67,13.77,13.63,13.72,2888500
2023-01-19T14:00:00Z,13.73,13.77,13.67,13.7,2841800
2023-01-19T15:00:00Z,13.69,13.8,13.69,13.78,2338900
2023-01-19T16:00:00Z,13.78,13.79,13.72,13.79,1923800
2023-01-19T17:00:00Z,13.78,13.85,13.78,13.82,1092600
2023-01-19T18:00:00Z,13.83,13.85,13.65,13.68,9381700
2023-01-19T19:00:00Z,13.66,13.68,13.61,13.64,5809900
2023-01-19T20:00:00Z,13.63,13.65,13.55,13.61,10341800
2023-01-20T13:00:00Z,13.55,13.59,13.37,13.41,2972400
2023-01-20T14:00:00Z,13.41,13.62,13.38,13.61,4512100
2023-01-20T15:00:00Z,13.6,13.64,13.54,13.55,3273800
2023-01-20T16:00:00Z,13.54,13.56,13.42,13.48,5730000
2023-01-20T17:00:00Z,13.48,13.51,13.45,13.51,2695600
2023-01-20T18:00:00Z,13.5,13.55,13.49,13.54,2968400
2023-01-20T19:00:00Z,13.54,13.59,13.53,13.54,3007800
2023-01-20T20:00:00Z,13.54,13.59,13.53,13.53,3200700
2023-01-23T13:00:00Z,13.56,13.68,13.49,13.51,2908300
2023-01-23T14:00:00Z,13.5,13.51,13.39,13.49,2963200
2023-01-23T15:00:00Z,13.48,13.51,13.4,13.47,2190900
2023-01-23T16:00:00Z,13.46,13.53,13.44,13.46,3843500
2023-01-23T17:00:00Z,13.46,13.49,13.43,13.46,2881300
2023-01-23T18:00:00Z,13.46,13.49,13.45,13.48,2355600
2023-01-23T19:00:00Z,13.48,13.48,13.38,13.39,5724200
2023-01-23T20:00:00Z,13.4,13.42,13.36,13.41,4957900
2023-01-24T13:00:00Z,13.42,13.51,13.34,13.39,1687700
2023-01-24T14:00:00Z,13.4,13.48,13.37,13.41,1529700
2023-01-24T15:00:00Z,13.41,13.53,13.4,13.49,1630700
2023-01-24T16:00:00Z,13.49,13.49,13.45,13.48,1155500
2023-01-24T17:00:00Z,13.47,13.48,13.41,13.45,1688900
2023-01-24T18:00:00Z,13.45,13.5,13.43,13.48,1316500
2023-01-24T19:00:00Z,13.48,13.58,13.45,13.56,3112400
2023-01-24T20:00:00Z,13.56,13.59,13.51,13.57,3467000
2023-01-25T13:00:00Z,13.55,13.63,13.47,13.57,1485900
2023-01-25T14:00:00Z,13.57,13.58,13.5,13.53,1696600
2023-01-25T15:00:00Z,13.52,13.6,13.48,13.59,3492500
2023-01-25T16:00:00Z,13.58,13.71,13.58,13.68,4097400
2023-01-25T17:00:00Z,13.68,13.72,13.66,13.66,1638000
2023-01-25T18:00:00Z,13.67,13.73,13.63,13.64,2582500
2023-01-25T19:00:00Z,13.64,13.71,13.64,13.68,1775800
2023-01-25T20:00:00Z,13.69,13.74,13.67,13.74,3360800
2023-01-26T13:00:00Z,13.7,13.85,13.65,13.8,1583000
2023-01-26T14:00:00Z,13.8,13.83,13.68,13.69,1467900
2023-01-26T15:00:00Z,13.69,13.7,13.55,13.56,3233000
2023-01-26T16:00:00Z,13.56,13.59,13.53,13.55,934300
2023-01-26T17:00:00Z,13.55,13.63,13.54,13.6,1634600
2023-01-26T18:00:00Z,13.6,13.7,13.6,13.69,2394000
2023-01-26T19:00:00Z,13.69,13.74,13.66,13.72,3218100
2023-01-26T20:00:00Z,13.73,13.8,13.7,13.74,6054100
2023-01-27T13:00:00Z,13.75,13.75,13.65,13.72,1549300
2023-01-27T14:00:00Z,13.73,13.74,13.62,13.71,2921200
2023-01-27T15:00:00Z,13.71,13.75,13.62,13.64,2114100
2023-01-27T16:00:00Z,13.64,13.69,13.59,13.67,2397600
2023-01-27T17:00:00Z,13.67,13.68,13.64,13.66,757500
2023-01-27T18:00:00Z,13.65,13.67,13.59,13.62,4490400
2023-01-27T19:00:00Z,13.62,13.65,13.61,13.64,4177100
2023-01-27T20:00:00Z,13.63,13.68,13.61,13.67,3529900
2023-01-30T13:00:00Z,13.69,13.7,13.54,13.62,2023500
2023-01-30T14:00:00Z,13.62,13.68,13.56,13.63,3159200
2023-01-30T15:00:00Z,13.63,13.65,13.55,13.55,2681500
2023-01-30T16:00:00Z,13.56,13.58,13.47,13.52,4762700
2023-01-30T17:00:00Z,13.52,13.62,13.49,13.61,3165100
2023-01-30T18:00:00Z,13.62,13.62,13.57,13.59,1973300
2023-01-30T19:00:00Z,13.59,13.61,13.53,13.53,1341000
2023-01-30T20:00:00Z,13.53,13.57,13.44,13.49,9042000
2023-01-31T13:00:00Z,13.62,13.67,13.5,13.54,2699600
2023-01-31T14:00:00Z,13.55,13.64,13.54,13.61,2635000
2023-01-31T15:00:00Z,13.61,13.62,13.55,13.58,1778900
2023-01-31T16:00:00Z,13.59,13.6,13.55,13.59,1845900
2023-01-31T17:00:00Z,13.59,13.61,13.57,13.59,2229900
2023-01-31T18:00:00Z,13.58,13.61,13.55,13.56,5586000
2023-01-31T19:00:00Z,13.55,13.74,13.55,13.72,6565400
2023-01-31T20:00:00Z,13.72,13.73,13.65,13.68,5049100
2023-02-01T13:00:00Z,13.64,13.73,13.48,13.5,4694600
2023-02-01T14:00:00Z,13.5,13.5,13.06,13.08,29585500
2023-02-01T15:00:00Z,13.09,13.18,13,13.06,17873100
2023-02-01T16:00:00Z,13.06,13.09,12.88,13.02,18134300
2023-02-01T17:00:00Z,13.03,13.06,12.85,13.03,11285800
2023-02-01T18:00:00Z,13.02,13.18,13,13.17,18243200
2023-02-01T19:00:00Z,13.17,13.19,13,13.09,12662600
2023-02-01T20:00:00Z,13.09,13.33,13.08,13.17,20845700
2023-02-02T13:00:00Z,13.06,13.53,13,13.37,8597200
2023-02-02T14:00:00Z,13.38,13.38,13.16,13.21,4186400
2023-02-02T15:00:00Z,13.22,13.31,13.14,13.28,3761100
2023-02-02T16:00:00Z,13.28,13.3,13.22,13.26,3109500
2023-02-02T17:00:00Z,13.25,13.27,13.18,13.25,3611000
2023-02-02T18:00:00Z,13.24,13.27,13.13,13.17,11427900
2023-02-02T19:00:00Z,13.17,13.18,13.03,13.08,5598200
2023-02-02T20:00:00Z,13.08,13.15,13.05,13.14,6061700
2023-02-03T13:00:00Z,13.07,13.17,12.91,12.97,4014300
2023-02-03T14:00:00Z,12.97,13.16,12.95,13.12,5250900
2023-02-03T15:00:00Z,13.12,13.22,13.1,13.16,3061500
2023-02-03T16:00:00Z,13.16,13.21,13.11,13.12,3602000
2023-02-03T17:00:00Z,13.12,13.13,13.03,13.05,1885200
2023-02-03T18:00:00Z,13.05,13.06,12.92,13,10277000
2023-02-03T19:00:00Z,12.99,13.02,12.95,12.97,3343200
2023-02-03T20:00:00Z,12.97,13.02,12.94,13,5262100
2023-02-06T13:00:00Z,13.04,13.14,12.95,13.06,2282700
2023-02-06T14:00:00Z,13.06,13.2,13.04,13.15,2057700
2023-02-06T15:00:00Z,13.14,13.17,13.02,13.04,6192300
2023-02-06T16:00:00Z,13.05,13.09,13.03,13.07,1576200
2023-02-06T17:00:00Z,13.07,13.09,13.04,13.08,1139900
2023-02-06T18:00:00Z,13.07,13.08,12.99,12.99,3289900
2023-02-06T19:00:00Z,13,13.06,12.98,13.01,2123400
2023-02-06T20:00:00Z,13,13.04,12.96,13,5026800
2023-02-07T13:00:00Z,13.02,13.08,12.91,12.97,1607400
2023-02-07T14:00:00Z,12.98,13.05,12.89,13.04,4050900
2023-02-07T15:00:00Z,13.04,13.08,12.91,13.06,4012600
2023-02-07T16:00:00Z,13.06,13.06,12.98,13,1612200
2023-02-07T17:00:00Z,12.99,13.02,12.92,13,2242500
2023-02-07T18:00:00Z,13,13,12.89,12.96,2468000
2023-02-07T19:00:00Z,12.95,13.01,12.94,12.97,1583700
2023-02-07T20:00:00Z,12.98,13,12.95,12.99,1578600
2023-02-08T13:00:00Z,13.04,13.08,12.93,13.04,2153200
2023-02-08T14:00:00Z,13.05,13.2,13,13.12,4469900
2023-02-08T15:00:00Z,13.11,13.17,13.1,13.16,3065600
2023-02-08T16:00:00Z,13.17,13.18,13.1,13.13,2104300
2023-02-08T17:00:00Z,13.13,13.17,13.12,13.13,1417600
2023-02-08T18:00:00Z,13.14,13.16,13.12,13.16,2548400
2023-02-08T19:00:00Z,13.16,13.24,13.15,13.17,3720500
2023-02-08T20:00:00Z,13.18,13.19,13.15,13.15,2703000
2023-02-09T13:00:00Z,13.15,13.23,13.11,13.15,504700
2023-02-09T14:00:00Z,13.14,13.16,13.05,13.09,1782100
2023-02-09T15:00:00Z,13.08,13.11,12.99,13.03,1520500
2023-02-09T16:00:00Z,13.04,13.05,13,13.03,1045800
2023-02-09T17:00:00Z,13.04,13.06,12.99,13.01,1522600
2023-02-09T18:00:00Z,13.01,13.01,12.95,12.99,1669400
2023-02-09T19:00:00Z,12.99,13.03,12.96,12.99,1322600
2023-02-09T20:00:00Z,13,13.05,12.98,13.02,3005200
2023-02-10T13:00:00Z,12.98,12.99,12.6,12.87,12432700
2023-02-10T14:00:00Z,12.87,12.9,12.83,12.86,4758800
2023-02-10T15:00:00Z,12.87,12.89,12.75,12.8,8994600
2023-02-10T16:00:00Z,12.79,12.83,12.78,12.81,3974700
2023-02-10T17:00:00Z,12.8,12.82,12.77,12.78,3236700
2023-02-10T18:00:00Z,12.77,12.78,12.69,12.75,6908300
2023-02-10T19:00:00Z,12.75,12.8,12.74,12.79,3119200
2023-02-10T20:00:00Z,12.78,12.89,12.78,12.85,4077400
2023-02-13T13:00:00Z,12.86,12.99,12.85,12.99,1054200
2023-02-13T14:00:00Z,12.99,13.08,12.98,13.07,3155800
2023-02-13T15:00:00Z,13.06,13.07,12.99,13.07,1649400
2023-02-13T16:00:00Z,13.06,13.16,13.06,13.15,1933800
2023-02-13T17:00:00Z,13.15,13.17,13.12,13.13,1705300
2023-02-13T18:00:00Z,13.12,13.15,13.12,13.13,858600
2023-02-13T19:00:00Z,13.12,13.13,13.1,13.1,1252300
2023-02-13T20:00:00Z,13.1,13.13,13.08,13.13,2349800
2023-02-14T13:00:00Z,13.15,13.35,13.12,13.3,3716800
2023-02-14T14:00:00Z,13.3,13.36,13.23,13.29,4072200
2023-02-14T15:00:00Z,13.3,13.3,13.05,13.07,3184100
2023-02-14T16:00:00Z,13.06,13.15,13.06,13.12,2227900
2023-02-14T17:00:00Z,13.12,13.14,13.08,13.09,1895500
2023-02-14T18:00:00Z,13.09,13.11,13.01,13.02,3466800
2023-02-14T19:00:00Z,13.02,13.08,13.01,13.03,3613700
2023-02-14T20:00:00Z,13.02,13.04,12.99,13.02,3590500
2023-02-15T13:00:00Z,12.99,13.09,12.93,12.99,1276400
2023-02-15T14:00:00Z,12.99,13.15,12.98,13.13,1832000
2023-02-15T15:00:00Z,13.13,13.2,13.1,13.2,1880800
2023-02-15T16:00:00Z,13.2,13.22,13.17,13.18,10837100
2023-02-15T17:00:00Z,13.18,13.25,13.13,13.25,2561800
2023-02-15T18:00:00Z,13.24,13.37,13.23,13.32,5790100
2023-02-15T19:00:00Z,13.32,13.35,13.28,13.3,3400500
2023-02-15T20:00:00Z,13.3,13.3,13.23,13.24,4009100
2023-02-16T13:00:00Z,13.25,13.3,13.11,13.14,2118500
2023-02-16T14:00:00Z,13.14,13.15,12.99,13.06,5528800
2023-02-16T15:00:00Z,13.05,13.06,12.98,13.02,3146700
2023-02-16T16:00:00Z,13.03,13.05,12.97,12.99,2624500
2023-02-16T17:00:00Z,12.99,13.01,12.96,12.99,4778200
2023-02-16T18:00:00Z,12.99,13.08,12.96,13.02,4980500
2023-02-16T19:00:00Z,13.02,13.13,12.99,13.09,4313100
2023-02-16T20:00:00Z,13.09,13.13,13.07,13.1,4751200
2023-02-17T13:00:00Z,13.04,13.15,13.01,13.12,767100
2023-02-17T14:00:00Z,13.13,13.19,13.06,13.19,1505000
2023-02-17T15:00:00Z,13.2,13.25,13.19,13.21,1858500
2023-02-17T16:00:00Z,13.21,13.22,13.16,13.2,1324700
2023-02-17T17:00:00Z,13.19,13.24,13.18,13.22,1554900
2023-02-17T18:00:00Z,13.22,13.24,13.2,13.21,1314500
2023-02-17T19:00:00Z,13.22,13.24,13.2,13.22,1574800
2023-02-17T20:00:00Z,13.22,13.24,13.17,13.18,1785200
2023-02-22T16:00:00Z,13.05,13.31,13.05,13.2,8757700
2023-02-22T17:00:00Z,13.21,13.21,13.15,13.2,2880400
2023-02-22T18:00:00Z,13.2,13.21,13.14,13.16,2801400
2023-02-22T19:00:00Z,13.16,13.2,13.13,13.17,4216200
2023-02-22T20:00:00Z,13.17,13.26,13.16,13.2,8051500
2023-02-23T13:00:00Z,13.21,13.33,13.12,13.28,1566700
2023-02-23T14:00:00Z,13.28,13.35,13.28,13.3,2040800
2023-02-23T15:00:00Z,13.31,13.4,13.27,13.29,2622200
2023-02-23T16:00:00Z,13.28,13.32,13.16,13.16,1951200
2023-02-23T17:00:00Z,13.16,13.24,13.16,13.21,1707900
2023-02-23T18:00:00Z,13.21,13.25,13.17,13.24,3231600
2023-02-23T19:00:00Z,13.23,13.26,13.2,13.23,2499600
2023-02-23T20:00:00Z,13.23,13.3,13.23,13.29,2436400
2023-02-24T13:00:00Z,13.22,13.25,13.08,13.13,1992200
2023-02-24T14:00:00Z,13.13,13.26,13.1,13.22,2131600
2023-02-24T15:00:00Z,13.21,13.23,13.14,13.17,2194000
2023-02-24T16:00:00Z,13.17,13.22,13.14,13.19,3515700
2023-02-24T17:00:00Z,13.19,13.25,13.17,13.24,3341600
2023-02-24T18:00:00Z,13.23,13.26,13.17,13.25,3159500
2023-02-24T19:00:00Z,13.24,13.31,13.23,13.31,1849900
2023-02-24T20:00:00Z,13.3,13.4,13.28,13.33,6494100
2023-02-27T13:00:00Z,13.38,13.39,13.26,13.36,1395300
2023-02-27T14:00:00Z,13.38,13.42,13.29,13.37,1907400
2023-02-27T15:00:00Z,13.37,13.4,13.32,13.35,2579800
2023-02-27T16:00:00Z,13.35,13.46,13.35,13.44,1465900
2023-02-27T17:00:00Z,13.44,13.45,13.34,13.36,5091800
2023-02-27T18:00:00Z,13.36,13.39,13.34,13.38,2127000
2023-02-27T19:00:00Z,13.38,13.43,13.36,13.42,2668700
2023-02-27T20:00:00Z,13.41,13.44,13.39,13.43,2275700
2023-02-28T13:00:00Z,13.43,13.53,13.4,13.47,2171900
2023-02-28T14:00:00Z,13.48,13.49,13.39,13.39,2381900
2023-02-28T15:00:00Z,13.39,13.42,13.34,13.38,3792500
2023-02-28T16:00:00Z,13.39,13.52,13.35,13.51,3483800
2023-02-28T17:00:00Z,13.52,13.59,13.51,13.56,4752700
2023-02-28T18:00:00Z,13.55,13.57,13.53,13.55,1073900
2023-02-28T19:00:00Z,13.56,13.58,13.52,13.55,1520400
2023-02-28T20:00:00Z,13.54,13.55,13.43,13.43,8955300
2023-03-01T13:00:00Z,13.42,13.59,13.31,13.53,3610800
2023-03-01T14:00:00Z,13.53,13.63,13.48,13.49,2741500
2023-03-01T15:00:00Z,13.5,13.51,13.42,13.46,3203000
2023-03-01T16:00:00Z,13.45,13.46,13.36,13.4,3270200
2023-03-01T17:00:00Z,13.4,13.43,13.33,13.35,2018000
2023-03-01T18:00:00Z,13.35,13.37,13.28,13.28,2036800
2023-03-01T19:00:00Z,13.29,13.35,13.26,13.35,2395400
2023-03-01T20:00:00Z,13.35,13.46,13.3,13.46,6413300
2023-03-02T13:00:00Z,13.47,13.54,13.07,13.25,9285200
2023-03-02T14:00:00Z,13.24,13.29,13.1,13.12,10147300
2023-03-02T15:00:00Z,13.12,13.2,13.11,13.14,6830900
2023-03-02T16:00:00Z,13.14,13.17,13.09,13.15,3541300
2023-03-02T17:00:00Z,13.15,13.18,13.11,13.16,2359800
2023-03-02T18:00:00Z,13.16,13.26,13.16,13.18,2757700
2023-03-02T19:00:00Z,13.19,13.22,13.16,13.2,2699800
2023-03-02T20:00:00Z,13.2,13.22,13.17,13.2,7868700
2023-03-03T13:00:00Z,13.12,13.2,13.07,13.18,1838600
2023-03-03T14:00:00Z,13.18,13.22,13.09,13.11,4595000
2023-03-03T15:00:00Z,13.1,13.13,13.05,13.07,3284800
2023-03-03T16:00:00Z,13.07,13.1,13.05,13.07,1893200
2023-03-03T17:00:00Z,13.06,13.1,13.06,13.07,1958800
2023-03-03T18:00:00Z,13.08,13.08,13.01,13.03,2434300
2023-03-03T19:00:00Z,13.02,13.09,12.99,13.08,2351700
2023-03-03T20:00:00Z,13.08,13.11,13.07,13.11,2645200
2023-03-06T13:00:00Z,13.18,13.29,13.13,13.19,1189400
2023-03-06T14:00:00Z,13.18,13.31,13.17,13.29,1334900
2023-03-06T15:00:00Z,13.29,13.49,13.27,13.48,4918900
2023-03-06T16:00:00Z,13.48,13.53,13.42,13.53,5135300
2023-03-06T17:00:00Z,13.53,13.58,13.49,13.5,3201900
2023-03-06T18:00:00Z,13.5,13.53,13.45,13.49,1737800
2023-03-06T19:00:00Z,13.48,13.5,13.45,13.47,3899700
2023-03-06T20:00:00Z,13.47,13.57,13.46,13.54,2465300
2023-03-07T13:00:00Z,13.47,13.62,13.45,13.47,1277000
2023-03-07T14:00:00Z,13.47,13.55,13.43,13.45,3137700
2023-03-07T15:00:00Z,13.45,13.45,13.33,13.34,2766600
2023-03-07T16:00:00Z,13.34,13.39,13.3,13.3,2690800
2023-03-07T17:00:00Z,13.3,13.38,13.3,13.33,6196700
2023-03-07T18:00:00Z,13.33,13.37,13.31,13.33,1399000
2023-03-07T19:00:00Z,13.34,13.39,13.33,13.39,993800
2023-03-07T20:00:00Z,13.39,13.45,13.38,13.38,1611800
2023-03-08T13:00:00Z,13.4,13.51,13.37,13.37,1108300
2023-03-08T14:00:00Z,13.37,13.48,13.35,13.45,1913400
2023-03-08T15:00:00Z,13.45,13.52,13.42,13.52,3438600
2023-03-08T16:00:00Z,13.52,13.56,13.48,13.54,2476500
2023-03-08T17:00:00Z,13.53,13.61,13.53,13.59,1636200
2023-03-08T18:00:00Z,13.58,13.61,13.56,13.57,1205100
2023-03-08T19:00:00Z,13.58,13.64,13.57,13.57,2583900
2023-03-08T20:00:00Z,13.58,13.64,13.57,13.6,3353900
2023-03-09T13:00:00Z,13.56,13.73,13.56,13.67,1259200
2023-03-09T14:00:00Z,13.67,13.73,13.64,13.69,4724400
2023-03-09T15:00:00Z,13.69,13.7,13.6,13.69,1554100
2023-03-09T16:00:00Z,13.69,13.72,13.65,13.69,790300
2023-03-09T17:00:00Z,13.68,13.73,13.68,13.73,725700
2023-03-09T18:00:00Z,13.73,13.77,13.71,13.76,1849300
2023-03-09T19:00:00Z,13.76,13.78,13.72,13.73,1499600
2023-03-09T20:00:00Z,13.73,13.73,13.61,13.63,2528100
2023-03-10T13:00:00Z,13.52,13.64,13.46,13.53,1262500
2023-03-10T14:00:00Z,13.53,13.65,13.5,13.57,1672000
2023-03-10T15:00:00Z,13.57,13.65,13.54,13.65,3114100
2023-03-10T16:00:00Z,13.65,13.7,13.62,13.66,3648200
2023-03-10T17:00:00Z,13.66,13.67,13.56,13.57,3475400
2023-03-10T18:00:00Z,13.57,13.6,13.48,13.51,2419700
2023-03-10T19:00:00Z,13.5,13.55,13.49,13.5,2096300
2023-03-10T20:00:00Z,13.49,13.56,13.48,13.51,3050800
2023-03-13T13:00:00Z,13.5,13.65,13.47,13.6,1823800
2023-03-13T14:00:00Z,13.59,13.67,13.51,13.65,4559000
2023-03-13T15:00:00Z,13.65,13.67,13.6,13.63,994300
2023-03-13T16:00:00Z,13.64,13.67,13.6,13.64,1075700
2023-03-13T17:00:00Z,13.64,13.73,13.63,13.71,1623900
2023-03-13T18:00:00Z,13.7,13.72,13.67,13.69,712200
2023-03-13T19:00:00Z,13.7,13.71,13.58,13.6,1830000
2023-03-14T13:00:00Z,13.61,13.95,13.59,13.92,5952300
2023-03-14T14:00:00Z,13.92,14.07,13.91,13.93,7180900
2023-03-14T15:00:00Z,13.92,14.06,13.9,14.06,3445100
2023-03-14T16:00:00Z,14.06,14.08,14.02,14.07,2370400
2023-03-14T17:00:00Z,14.06,14.08,13.96,13.98,5438500
2023-03-14T18:00:00Z,13.97,14.07,13.95,14.05,8109500
2023-03-14T19:00:00Z,14.04,14.05,13.92,13.97,12117900
2023-03-15T13:00:00Z,13.8,14.08,13.75,14,6414500
2023-03-15T14:00:00Z,14,14.1,13.96,14.02,4869000
2023-03-15T15:00:00Z,14.02,14.03,13.97,14,3626400
2023-03-15T16:00:00Z,13.99,14.03,13.96,14.01,2242800
2023-03-15T17:00:00Z,14.02,14.07,13.99,14.04,4298500
2023-03-15T18:00:00Z,14.04,14.04,13.99,14.02,4542400
2023-03-15T19:00:00Z,14.01,14.07,13.99,14.04,5863300
2023-03-16T13:00:00Z,14,14.27,14,14.21,3396800
2023-03-16T14:00:00Z,14.19,14.29,14.14,14.25,5428800
2023-03-16T15:00:00Z,14.26,14.3,14.22,14.28,2807000
2023-03-16T16:00:00Z,14.28,14.34,14.24,14.29,3987600
2023-03-16T17:00:00Z,14.28,14.36,14.27,14.35,2514500
2023-03-16T18:00:00Z,14.35,14.41,14.29,14.34,3596900
2023-03-16T19:00:00Z,14.34,14.35,14.24,14.27,3023000
2023-03-17T13:00:00Z,14.2,14.25,14.09,14.24,5329000
2023-03-17T14:00:00Z,14.23,14.31,14.17,14.23,3977400
2023-03-17T15:00:00Z,14.22,14.34,14.2,14.29,2791700
2023-03-17T16:00:00Z,14.29,14.36,14.29,14.34,3497800
2023-03-17T17:00:00Z,14.33,14.38,14.28,14.28,2362400
2023-03-17T18:00:00Z,14.28,14.4,14.28,14.39,4988000
2023-03-17T19:00:00Z,14.39,14.4,14.29,14.3,4345400
2023-03-20T13:00:00Z,14.2,14.27,14.06,14.08,4202400
2023-03-20T14:00:00Z,14.09,14.24,14.05,14.21,6128500
2023-03-20T15:00:00Z,14.21,14.22,14.11,14.12,3103400
2023-03-20T16:00:00Z,14.12,14.16,14.07,14.14,3928700
2023-03-20T17:00:00Z,14.14,14.18,14.07,14.1,2989200
2023-03-20T18:00:00Z,14.1,14.16,14.08,14.14,4060900
2023-03-20T19:00:00Z,14.13,14.17,14.09,14.17,7523900
2023-03-21T13:00:00Z,14.14,14.18,14.04,14.06,2140600
2023-03-21T14:00:00Z,14.06,14.08,13.9,13.97,2863200
2023-03-21T15:00:00Z,13.96,14,13.95,13.98,1068200
2023-03-21T16:00:00Z,13.98,14.03,13.97,13.99,930700
2023-03-21T17:00:00Z,13.98,14.02,13.96,14,1204100
2023-03-21T18:00:00Z,14,14.01,13.96,13.99,1459100
2023-03-21T19:00:00Z,13.99,14.02,13.94,13.97,3278000
2023-03-22T13:00:00Z,13.91,14.03,13.89,13.97,2206800
2023-03-22T14:00:00Z,13.97,14.04,13.96,14,1534300
2023-03-22T15:00:00Z,14,14.04,13.98,14.01,1217800
2023-03-22T16:00:00Z,14,14.05,13.98,14.02,1388000
2023-03-22T17:00:00Z,14.01,14.03,14,14.03,1060300
2023-03-22T18:00:00Z,14.03,14.09,13.99,14.02,3198600
2023-03-22T19:00:00Z,14.02,14.04,13.92,13.95,2706900
2023-03-23T13:00:00Z,14.01,14.15,13.98,14.04,3249800
2023-03-23T14:00:00Z,14.04,14.05,13.84,13.87,2404600
2023-03-23T15:00:00Z,13.86,13.89,13.83,13.88,2219800
2023-03-23T16:00:00Z,13.88,13.95,13.85,13.9,3239900
2023-03-23T17:00:00Z,13.9,13.91,13.82,13.82,1472000
2023-03-23T18:00:00Z,13.84,13.84,13.67,13.72,4269300
2023-03-23T19:00:00Z,13.72,13.79,13.7,13.77,6036500
2023-03-24T13:00:00Z,13.84,13.98,13.78,13.98,2166800
2023-03-24T14:00:00Z,13.98,14,13.75,13.79,5152800
2023-03-24T15:00:00Z,13.78,13.96,13.78,13.94,3428100
2023-03-24T16:00:00Z,13.94,13.98,13.88,13.94,2004700
2023-03-24T17:00:00Z,13.94,14.01,13.93,13.99,1976100
2023-03-24T18:00:00Z,13.99,14.02,13.91,13.94,4223300
2023-03-24T19:00:00Z,13.94,13.97,13.87,13.87,3112200
2023-03-27T13:00:00Z,14,14.03,13.92,14,957000
2023-03-27T14:00:00Z,14.01,14.11,14,14.01,2218600
2023-03-27T15:00:00Z,14.01,14.05,13.98,13.99,2208500
2023-03-27T16:00:00Z,13.99,14.02,13.94,13.95,1096000
2023-03-27T17:00:00Z,13.96,13.97,13.94,13.94,438100
2023-03-27T18:00:00Z,13.94,13.99,13.93,13.99,2914700
2023-03-27T19:00:00Z,13.99,13.99,13.88,13.94,4586000
2023-03-28T13:00:00Z,13.95,14.2,13.9,14.14,14496400
2023-03-28T14:00:00Z,14.15,14.93,14.14,14.58,52611000
2023-03-28T15:00:00Z,14.59,14.96,14.59,14.89,10695800
2023-03-28T16:00:00Z,14.9,15.03,14.76,14.78,10110700
2023-03-28T17:00:00Z,14.78,14.92,14.75,14.87,5478400
2023-03-28T18:00:00Z,14.87,14.88,14.64,14.68,8781100
2023-03-28T19:00:00Z,14.68,14.68,14.49,14.56,14126000
2023-03-29T13:00:00Z,14.66,14.69,14.49,14.65,5316400
2023-03-29T14:00:00Z,14.65,14.81,14.65,14.8,7537300
2023-03-29T15:00:00Z,14.8,14.92,14.77,14.81,5641500
2023-03-29T16:00:00Z,14.8,14.86,14.79,14.8,6457500
2023-03-29T17:00:00Z,14.8,14.83,14.72,14.79,3546800
2023-03-29T18:00:00Z,14.8,14.8,14.68,14.76,4226900
2023-03-29T19:00:00Z,14.75,14.89,14.71,14.8,4835700
2023-03-30T13:00:00Z,15,15.05,14.84,14.84,4641000
2023-03-30T14:00:00Z,14.84,14.89,14.78,14.82,2813700
2023-03-30T15:00:00Z,14.82,14.95,14.77,14.84,2557300
2023-03-30T16:00:00Z,14.84,14.87,14.81,14.81,1875500
2023-03-30T17:00:00Z,14.82,14.84,14.75,14.84,2076000
2023-03-30T18:00:00Z,14.84,14.85,14.77,14.78,3509900
2023-03-30T19:00:00Z,14.78,14.83,14.77,14.82,4911700
2023-03-31T13:00:00Z,14.87,14.92,14.29,14.41,14071900
2023-03-31T14:00:00Z,14.41,14.49,14.28,14.38,16179900
2023-03-31T15:00:00Z,14.36,14.44,14.36,14.39,5022900
2023-03-31T16:00:00Z,14.4,14.41,14.28,14.32,4247700
2023-03-31T17:00:00Z,14.31,14.32,14.19,14.26,4512000
2023-03-31T18:00:00Z,14.26,14.37,14.25,14.35,5427500
2023-03-31T19:00:00Z,14.34,14.37,14.21,14.37,10832200
2023-04-03T13:00:00Z,14.23,14.33,14.04,14.19,4934500
2023-04-03T14:00:00Z,14.17,14.27,14.13,14.26,2489700
2023-04-03T15:00:00Z,14.25,14.33,14.22,14.28,5845800
2023-04-03T16:00:00Z,14.27,14.29,14.2,14.22,1591800
2023-04-03T17:00:00Z,14.22,14.27,14.2,14.21,1856300
2023-04-03T18:00:00Z,14.21,14.29,14.2,14.27,1870100
2023-04-03T19:00:00Z,14.26,14.35,14.25,14.35,3659700
2023-04-04T13:00:00Z,14.41,14.47,14.35,14.46,1836300
2023-04-04T14:00:00Z,14.46,14.62,14.44,14.53,3037000
2023-04-04T15:00:00Z,14.54,14.55,14.23,14.44,7887000
2023-04-04T16:00:00Z,14.46,14.56,14.44,14.45,2085200
2023-04-04T17:00:00Z,14.46,14.47,14.4,14.41,1020200
2023-04-04T18:00:00Z,14.42,14.44,14.39,14.43,1741500
2023-04-04T19:00:00Z,14.43,14.49,14.42,14.44,6394500
2023-04-05T13:00:00Z,14.51,14.63,14.47,14.48,2408000
2023-04-05T14:00:00Z,14.49,14.53,14.21,14.34,6218800
2023-04-05T15:00:00Z,14.33,14.4,14.32,14.39,2135300
2023-04-05T16:00:00Z,14.39,14.43,14.36,14.4,648100
2023-04-05T17:00:00Z,14.39,14.43,14.38,14.43,1217000
2023-04-05T18:00:00Z,14.42,14.46,14.34,14.37,3647500
2023-04-05T19:00:00Z,14.38,14.45,14.37,14.44,2145300
2023-04-06T13:00:00Z,14.24,14.61,14.24,14.54,4665600
2023-04-06T14:00:00Z,14.53,14.61,14.53,14.58,2975100
2023-04-06T15:00:00Z,14.59,14.59,14.3,14.41,15483000
2023-04-06T16:00:00Z,14.41,14.47,14.36,14.36,2204100
2023-04-06T17:00:00Z,14.36,14.38,14.28,14.33,3026100
2023-04-06T18:00:00Z,14.33,14.46,14.29,14.45,3453900
2023-04-06T19:00:00Z,14.44,14.51,14.41,14.51,4818600
2023-04-10T13:00:00Z,14.5,14.78,14.44,14.47,2102400
2023-04-10T14:00:00Z,14.47,14.53,14.34,14.34,2866100
2023-04-10T15:00:00Z,14.35,14.42,14.34,14.37,2761400
2023-04-10T16:00:00Z,14.37,14.46,14.36,14.44,1658200
2023-04-10T17:00:00Z,14.45,14.47,14.41,14.42,2615000
2023-04-10T18:00:00Z,14.42,14.49,14.42,14.49,5428200
2023-04-10T19:00:00Z,14.48,14.52,14.4,14.4,6168200
2023-04-11T13:00:00Z,14.49,14.82,14.39,14.61,11084100
2023-04-11T14:00:00Z,14.61,14.84,14.59,14.82,7417400
2023-04-11T15:00:00Z,14.82,14.87,14.76,14.8,4490600
2023-04-11T16:00:00Z,14.8,14.8,14.7,14.74,3692700
2023-04-11T17:00:00Z,14.74,14.85,14.73,14.79,3811000
2023-04-11T18:00:00Z,14.79,14.83,14.74,14.77,4881700
2023-04-11T19:00:00Z,14.77,14.83,14.73,14.76,5238700
2023-04-12T13:00:00Z,14.82,14.87,14.64,14.81,4593900
2023-04-12T14:00:00Z,14.81,14.85,14.76,14.83,6156300
2023-04-12T15:00:00Z,14.83,14.88,14.73,14.86,5635400
2023-04-12T16:00:00Z,14.86,14.91,14.78,14.84,3371600
2023-04-12T17:00:00Z,14.85,14.93,14.83,14.85,5301100
2023-04-12T18:00:00Z,14.84,14.86,14.8,14.85,4546500
2023-04-12T19:00:00Z,14.84,14.85,14.77,14.79,6152000
2023-04-13T13:00:00Z,14.73,14.84,14.51,14.62,4330600
2023-04-13T14:00:00Z,14.61,14.63,14.43,14.47,2941900
2023-04-13T15:00:00Z,14.47,14.51,14.45,14.49,2628400
2023-04-13T16:00:00Z,14.49,14.58,14.47,14.53,3673600
2023-04-13T17:00:00Z,14.53,14.65,14.52,14.63,3117800
2023-04-13T18:00:00Z,14.63,14.64,14.59,14.6,2070600
2023-04-13T19:00:00Z,14.6,14.66,14.59,14.61,4009900
2023-04-14T13:00:00Z,14.5,14.65,14.44,14.65,3342300
2023-04-14T14:00:00Z,14.63,14.68,14.59,14.62,2741100
2023-04-14T15:00:00Z,14.62,14.69,14.61,14.68,1116500
2023-04-14T16:00:00Z,14.69,14.73,14.65,14.67,1458900
2023-04-14T17:00:00Z,14.67,14.71,14.64,14.64,1121000
2023-04-14T18:00:00Z,14.64,14.67,14.62,14.63,736900
2023-04-14T19:00:00Z,14.63,14.65,14.58,14.61,1785800
2023-04-17T13:00:00Z,14.73,14.77,14.57,14.73,1411500
2023-04-17T14:00:00Z,14.73,14.74,14.63,14.68,1671100
2023-04-17T15:00:00Z,14.67,14.72,14.64,14.66,1646300
2023-04-17T16:00:00Z,14.64,14.68,14.64,14.66,716900
2023-04-17T17:00:00Z,14.65,14.73,14.64,14.71,1787900
2023-04-17T18:00:00Z,14.7,14.76,14.68,14.74,1665100
2023-04-17T19:00:00Z,14.74,14.76,14.69,14.75,1799200
2023-04-18T13:00:00Z,14.76,14.82,14.6,14.77,1831100
2023-04-18T14:00:00Z,14.77,14.8,14.74,14.78,1543000
2023-04-18T15:00:00Z,14.77,14.8,14.7,14.72,802600
2023-04-18T16:00:00Z,14.71,14.72,14.69,14.69,285000
2023-04-18T17:00:00Z,14.69,14.71,14.56,14.57,4274600
2023-04-18T18:00:00Z,14.58,14.6,14.54,14.57,1744500
2023-04-18T19:00:00Z,14.57,14.68,14.55,14.59,4685900
2023-04-19T13:00:00Z,14.53,14.68,14.43,14.62,5081600
2023-04-19T14:00:00Z,14.63,14.65,14.54,14.6,2997200
2023-04-19T15:00:00Z,14.6,14.65,14.56,14.62,2937500
2023-04-19T16:00:00Z,14.63,14.66,14.62,14.62,2397700
2023-04-19T17:00:00Z,14.63,14.65,14.61,14.65,1502400
2023-04-19T18:00:00Z,14.65,14.66,14.56,14.62,2890500
2023-04-19T19:00:00Z,14.62,14.65,14.54,14.6,3172500
2023-04-20T13:00:00Z,14.61,14.77,14.56,14.7,12149600
2023-04-20T14:00:00Z,14.69,14.8,14.62,14.63,3565800
2023-04-20T15:00:00Z,14.62,14.67,14.57,14.65,1701900
2023-04-20T16:00:00Z,14.64,14.68,14.63,14.64,1105000
2023-04-20T17:00:00Z,14.63,14.67,14.62,14.63,1865200
2023-04-20T18:00:00Z,14.64,14.67,14.6,14.67,988600
2023-04-20T19:00:00Z,14.66,14.67,14.56,14.6,1755500
2023-04-24T13:00:00Z,14.66,14.74,14.5,14.55,5132700
2023-04-24T14:00:00Z,14.55,14.58,14.39,14.43,9205100
2023-04-24T15:00:00Z,14.43,14.51,14.41,14.45,3455900
2023-04-24T16:00:00Z,14.46,14.46,14.39,14.44,1680200
2023-04-24T17:00:00Z,14.44,14.46,14.4,14.4,1753200
2023-04-24T18:00:00Z,14.41,14.42,14.35,14.37,2696800
2023-04-24T19:00:00Z,14.37,14.44,14.27,14.27,11248400
2023-04-25T13:00:00Z,14.28,14.28,14.06,14.2,5945700
2023-04-25T14:00:00Z,14.21,14.24,14.1,14.17,2777600
2023-04-25T15:00:00Z,14.17,14.38,14.16,14.3,3264100
2023-04-25T16:00:00Z,14.3,14.35,14.28,14.31,3482900
2023-04-25T17:00:00Z,14.3,14.32,14.26,14.29,1750500
2023-04-25T18:00:00Z,14.28,14.3,14.24,14.26,1661500
2023-04-25T19:00:00Z,14.27,14.31,14.24,14.29,7988300
2023-04-26T13:00:00Z,14.2,14.38,14.19,14.21,1480700
2023-04-26T14:00:00Z,14.21,14.32,14.18,14.3,2022000
2023-04-26T15:00:00Z,14.3,14.3,14.23,14.25,2380100
2023-04-26T16:00:00Z,14.25,14.3,14.2,14.29,4614300
2023-04-26T17:00:00Z,14.28,14.32,14.19,14.2,3218700
2023-04-26T18:00:00Z,14.19,14.24,14.15,14.22,1814100
2023-04-26T19:00:00Z,14.22,14.24,14.18,14.19,1997300
2023-04-27T13:00:00Z,14.18,14.25,14.08,14.13,2342500
2023-04-27T14:00:00Z,14.14,14.2,14.09,14.12,1439900
2023-04-27T15:00:00Z,14.12,14.18,14.1,14.11,1320400
2023-04-27T16:00:00Z,14.13,14.15,14.09,14.12,988300
2023-04-27T17:00:00Z,14.1,14.12,14.06,14.09,1219200
2023-04-27T18:00:00Z,14.1,14.11,14.01,14.05,2878300
2023-04-27T19:00:00Z,14.04,14.14,14.02,14.13,3831000
2023-04-28T13:00:00Z,14.1,14.15,13.98,14.05,1302900
2023-04-28T14:00:00Z,14.05,14.16,14.02,14.08,3302100
2023-04-28T15:00:00Z,14.08,14.21,14.04,14.17,3566800
2023-04-28T16:00:00Z,14.18,14.22,14.14,14.17,1589800
2023-04-28T17:00:00Z,14.17,14.18,14.12,14.14,1147700
2023-04-28T18:00:00Z,14.14,14.16,14.09,14.09,2010600
2023-04-28T19:00:00Z,14.1,14.12,14.07,14.1,1267800
2023-05-02T13:00:00Z,14.06,14.23,13.96,14.09,3251300
2023-05-02T14:00:00Z,14.08,14.24,14.04,14.24,4639600
2023-05-02T15:00:00Z,14.23,14.26,14.08,14.16,3395300
2023-05-02T16:00:00Z,14.15,14.19,14.14,14.17,805400
2023-05-02T17:00:00Z,14.17,14.28,14.16,14.25,5931900
2023-05-02T18:00:00Z,14.26,14.29,14.21,14.27,2509900
2023-05-02T19:00:00Z,14.26,14.32,14.24,14.27,3823400
2023-05-03T13:00:00Z,14.25,14.63,14.13,14.61,10950500
2023-05-03T14:00:00Z,14.63,14.66,14.48,14.51,4809500
2023-05-03T15:00:00Z,14.51,14.68,14.5,14.66,1884600
2023-05-03T16:00:00Z,14.67,14.68,14.58,14.6,1503900
2023-05-03T17:00:00Z,14.58,14.61,14.53,14.56,1248400
2023-05-03T18:00:00Z,14.56,14.66,14.54,14.63,4460100
2023-05-03T19:00:00Z,14.62,14.67,14.49,14.61,6302700
2023-05-04T13:00:00Z,15.2,15.31,14.8,14.87,19449200
2023-05-04T14:00:00Z,14.88,14.91,14.54,14.71,12943200
2023-05-04T15:00:00Z,14.71,14.77,14.47,14.6,6682800
2023-05-04T16:00:00Z,14.59,14.69,14.57,14.69,2231500
2023-05-04T17:00:00Z,14.68,14.89,14.62,14.71,3810000
2023-05-04T18:00:00Z,14.72,14.72,14.55,14.58,3129200
2023-05-04T19:00:00Z,14.58,14.72,14.56,14.62,3275000
2023-05-05T13:00:00Z,14.67,14.71,14.3,14.41,4894800
2023-05-05T14:00:00Z,14.4,14.43,14.34,14.37,2151100
2023-05-05T15:00:00Z,14.36,14.54,14.33,14.48,4595500
2023-05-05T16:00:00Z,14.48,14.59,14.46,14.5,1531600
2023-05-05T17:00:00Z,14.49,14.56,14.45,14.55,1527900
2023-05-05T18:00:00Z,14.55,14.59,14.44,14.46,4588300
2023-05-05T19:00:00Z,14.47,14.53,14.43,14.49,3826000
2023-05-08T13:00:00Z,14.57,14.64,14.46,14.51,1591700
2023-05-08T14:00:00Z,14.52,14.54,14.43,14.52,3019000
2023-05-08T15:00:00Z,14.52,14.57,14.48,14.55,2591500
2023-05-08T16:00:00Z,14.55,14.55,14.48,14.52,1835400
2023-05-08T17:00:00Z,14.53,14.54,14.47,14.48,1940900
2023-05-08T18:00:00Z,14.49,14.5,14.46,14.48,2284600
2023-05-08T19:00:00Z,14.48,14.56,14.48,14.54,3178200
2023-05-09T13:00:00Z,14.49,14.57,14.46,14.51,2658200
2023-05-09T14:00:00Z,14.51,14.56,14.44,14.45,2462200
2023-05-09T15:00:00Z,14.45,14.5,14.44,14.49,2092200
2023-05-09T16:00:00Z,14.49,14.5,14.47,14.48,1206100
2023-05-09T17:00:00Z,14.48,14.5,14.46,14.5,996500
2023-05-09T18:00:00Z,14.49,14.5,14.47,14.49,1332200
2023-05-09T19:00:00Z,14.49,14.5,14.45,14.47,1602600
2023-05-10T13:00:00Z,14.44,14.49,14.28,14.36,5450700
2023-05-10T14:00:00Z,14.37,14.41,14.34,14.36,1748800
2023-05-10T15:00:00Z,14.36,14.43,14.35,14.37,2172600
2023-05-10T16:00:00Z,14.36,14.37,14.29,14.35,1937100
2023-05-10T17:00:00Z,14.35,14.37,14.31,14.31,9602500
2023-05-10T18:00:00Z,14.32,14.43,14.31,14.38,4242400
2023-05-10T19:00:00Z,14.38,14.42,14.37,14.4,4537400
2023-05-11T13:00:00Z,14.41,14.66,14.41,14.6,6292600
2023-05-11T14:00:00Z,14.6,14.62,14.49,14.5,2521700
2023-05-11T15:00:00Z,14.5,14.6,14.48,14.52,2263200
2023-05-11T16:00:00Z,14.51,14.52,14.48,14.5,1711600
2023-05-11T17:00:00Z,14.5,14.55,14.49,14.5,2265100
2023-05-11T18:00:00Z,14.51,14.55,14.49,14.5,2523800
2023-05-11T19:00:00Z,14.51,14.52,14.45,14.45,2543500
2023-05-12T13:00:00Z,14.41,14.44,14.27,14.4,3330000
2023-05-12T14:00:00Z,14.4,14.5,14.35,14.42,4153200
2023-05-12T15:00:00Z,14.41,14.43,14.35,14.39,1673100
2023-05-12T16:00:00Z,14.38,14.42,14.33,14.35,2344000
2023-05-12T17:00:00Z,14.34,14.36,14.32,14.34,1484900
2023-05-12T18:00:00Z,14.33,14.44,14.33,14.42,1644600
2023-05-12T19:00:00Z,14.41,14.44,14.36,14.42,1628900
2023-05-15T13:00:00Z,14.48,14.62,14.47,14.57,1942600
2023-05-15T14:00:00Z,14.57,14.59,14.54,14.57,779700
2023-05-15T15:00:00Z,14.56,14.59,14.53,14.56,577600
2023-05-15T16:00:00Z,14.55,14.57,14.54,14.56,549600
2023-05-15T17:00:00Z,14.57,14.59,14.53,14.54,1066500
2023-05-15T18:00:00Z,14.53,14.65,14.52,14.64,1755600
2023-05-15T19:00:00Z,14.64,14.66,14.58,14.6,3174800
2023-05-16T13:00:00Z,14.67,14.84,14.65,14.71,2198300
2023-05-16T14:00:00Z,14.72,14.75,14.64,14.65,884100
2023-05-16T15:00:00Z,14.65,14.71,14.63,14.68,962600
2023-05-16T16:00:00Z,14.67,14.69,14.64,14.68,964200
2023-05-16T17:00:00Z,14.69,14.73,14.68,14.69,772000
2023-05-16T18:00:00Z,14.69,14.69,14.65,14.65,1413000
2023-05-16T19:00:00Z,14.65,14.69,14.6,14.63,3198800
2023-05-17T13:00:00Z,14.65,14.66,14.52,14.6,1258500
2023-05-17T14:00:00Z,14.61,14.61,14.52,14.55,3407500
2023-05-17T15:00:00Z,14.56,14.57,14.5,14.54,1660700
2023-05-17T16:00:00Z,14.54,14.54,14.49,14.51,1876000
2023-05-17T17:00:00Z,14.51,14.57,14.48,14.5,3686700
2023-05-17T18:00:00Z,14.49,14.55,14.47,14.51,3288800
2023-05-17T19:00:00Z,14.51,14.58,14.51,14.55,3602000
2023-05-18T13:00:00Z,14.54,14.59,14.48,14.5,1132100
2023-05-18T14:00:00Z,14.5,14.53,14.39,14.42,4121700
2023-05-18T15:00:00Z,14.43,14.5,14.37,14.49,4177000
2023-05-18T16:00:00Z,14.48,14.51,14.44,14.47,1818800
2023-05-18T17:00:00Z,14.48,14.49,14.42,14.46,1185800
2023-05-18T18:00:00Z,14.45,14.53,14.42,14.5,5068100
2023-05-18T19:00:00Z,14.51,14.58,14.47,14.56,8459100
2023-05-19T13:00:00Z,14.6,14.77,14.57,14.58,2066100
2023-05-19T14:00:00Z,14.57,14.6,14.52,14.53,2552800
2023-05-19T15:00:00Z,14.53,14.54,14.4,14.45,3095200
2023-05-19T16:00:00Z,14.45,14.61,14.44,14.57,3005100
2023-05-19T17:00:00Z,14.58,14.68,14.56,14.62,2011800
2023-05-19T18:00:00Z,14.62,14.64,14.56,14.57,1474000
2023-05-19T19:00:00Z,14.57,14.59,14.55,14.58,2136900
2023-05-22T13:00:00Z,14.75,14.84,14.58,14.6,2662600
2023-05-22T14:00:00Z,14.6,14.67,14.58,14.64,1639000
2023-05-22T15:00:00Z,14.63,14.68,14.61,14.63,986600
2023-05-22T16:00:00Z,14.62,14.65,14.58,14.61,1227100
2023-05-22T17:00:00Z,14.62,14.72,14.59,14.71,1808700
2023-05-22T18:00:00Z,14.7,14.73,14.66,14.66,1477400
2023-05-22T19:00:00Z,14.66,14.68,14.56,14.58,7808400
2023-05-23T13:00:00Z,14.58,14.62,14.46,14.51,1448400
2023-05-23T14:00:00Z,14.5,14.55,14.48,14.53,1163300
2023-05-23T15:00:00Z,14.53,14.67,14.51,14.65,3158600
2023-05-23T16:00:00Z,14.65,14.66,14.54,14.58,981600
2023-05-23T17:00:00Z,14.59,14.6,14.55,14.58,789300
2023-05-23T18:00:00Z,14.58,14.59,14.49,14.53,1291400
2023-05-23T19:00:00Z,14.52,14.59,14.51,14.58,1623300
2023-05-24T13:00:00Z,14.49,14.66,14.49,14.62,1821100
2023-05-24T14:00:00Z,14.62,14.8,14.61,14.73,3045700
2023-05-24T15:00:00Z,14.74,14.76,14.7,14.71,974500
2023-05-24T16:00:00Z,14.71,14.72,14.65,14.67,1632300
2023-05-24T17:00:00Z,14.67,14.7,14.66,14.68,872200
2023-05-24T18:00:00Z,14.68,14.72,14.66,14.68,1362200
2023-05-24T19:00:00Z,14.68,14.68,14.61,14.68,2580300
2023-05-25T13:00:00Z,14.85,14.93,14.65,14.74,2100900
2023-05-25T14:00:00Z,14.74,14.85,14.69,14.81,2545900
2023-05-25T15:00:00Z,14.81,14.82,14.74,14.76,4927300
2023-05-25T16:00:00Z,14.76,14.82,14.75,14.8,1227800
2023-05-25T17:00:00Z,14.8,14.84,14.77,14.8,1617300
2023-05-25T18:00:00Z,14.8,14.85,14.76,14.82,2237500
2023-05-25T19:00:00Z,14.82,14.85,14.76,14.76,1770500
2023-05-26T13:00:00Z,14.81,14.9,14.78,14.85,1221500
2023-05-26T14:00:00Z,14.85,14.9,14.77,14.78,1228400
2023-05-26T15:00:00Z,14.78,14.8,14.64,14.69,2109700
2023-05-26T16:00:00Z,14.69,14.77,14.68,14.75,1158200
2023-05-26T17:00:00Z,14.75,14.82,14.74,14.81,860500
2023-05-26T18:00:00Z,14.81,14.81,14.73,14.75,688000
2023-05-26T19:00:00Z,14.75,14.77,14.7,14.74,1343600
2023-05-29T13:00:00Z,14.67,14.74,14.6,14.72,765800
2023-05-29T14:00:00Z,14.7,14.78,14.67,14.77,540200
2023-05-29T15:00:00Z,14.76,14.8,14.76,14.77,476900
2023-05-29T16:00:00Z,14.77,14.81,14.73,14.8,316100
2023-05-29T17:00:00Z,14.8,14.81,14.75,14.76,428300
2023-05-29T18:00:00Z,14.76,14.85,14.75,14.8,600000
2023-05-29T19:00:00Z,14.8,14.83,14.75,14.78,1052800
2023-05-30T13:00:00Z,14.83,14.89,14.54,14.58,3528100
2023-05-30T14:00:00Z,14.59,14.6,14.42,14.44,6678600
2023-05-30T15:00:00Z,14.44,14.56,14.43,14.48,3786800
2023-05-30T16:00:00Z,14.48,14.51,14.42,14.5,1929400
2023-05-30T17:00:00Z,14.49,14.5,14.45,14.5,1132500
2023-05-30T18:00:00Z,14.5,14.52,14.49,14.49,1504300
2023-05-30T19:00:00Z,14.49,14.53,14.47,14.49,3725900
2023-05-31T13:00:00Z,14.44,14.45,14.32,14.38,2436100
2023-05-31T14:00:00Z,14.37,14.42,14.34,14.38,2152500
2023-05-31T15:00:00Z,14.38,14.4,14.3,14.32,3046900
2023-05-31T16:00:00Z,14.32,14.36,14.24,14.33,4538200
2023-05-31T17:00:00Z,14.33,14.43,14.32,14.37,3823800
2023-05-31T18:00:00Z,14.39,14.42,14.34,14.36,2162000
2023-05-31T19:00:00Z,14.35,14.38,14.28,14.38,4209300
2023-06-01T13:00:00Z,14.35,14.41,14.29,14.36,1931100
2023-06-01T14:00:00Z,14.35,14.39,14.21,14.32,3130000
2023-06-01T15:00:00Z,14.32,14.42,14.3,14.36,2726700
2023-06-01T16:00:00Z,14.36,14.38,14.28,14.3,1919400
2023-06-01T17:00:00Z,14.3,14.38,14.27,14.3,3324900
2023-06-01T18:00:00Z,14.29,14.3,14.25,14.27,2165100
2023-06-01T19:00:00Z,14.26,14.28,14.21,14.22,2731500
2023-06-02T13:00:00Z,14.4,14.4,14.25,14.28,2635000
2023-06-02T14:00:00Z,14.29,14.39,14.27,14.38,1821100
2023-06-02T15:00:00Z,14.37,14.59,14.37,14.59,5815600
2023-06-02T16:00:00Z,14.58,14.62,14.42,14.48,4046300
2023-06-02T17:00:00Z,14.49,14.51,14.42,14.44,1404800
2023-06-02T18:00:00Z,14.44,14.5,14.4,14.43,4078200
2023-06-02T19:00:00Z,14.43,14.53,14.38,14.49,4342400
2023-06-05T13:00:00Z,14.42,14.52,14.41,14.48,944500
2023-06-05T14:00:00Z,14.49,14.5,14.34,14.44,1831900
2023-06-05T15:00:00Z,14.45,14.47,14.4,14.44,974000
2023-06-05T16:00:00Z,14.44,14.45,14.36,14.39,1233200
2023-06-05T17:00:00Z,14.39,14.41,14.37,14.39,1358100
2023-06-05T18:00:00Z,14.39,14.41,14.36,14.4,2814800
2023-06-05T19:00:00Z,14.41,14.42,14.35,14.37,2631600
2023-06-06T13:00:00Z,14.46,14.61,14.41,14.58,4588800
2023-06-06T14:00:00Z,14.59,14.64,14.55,14.56,2260100
2023-06-06T15:00:00Z,14.55,14.63,14.5,14.62,2609300
2023-06-06T16:00:00Z,14.62,14.64,14.57,14.61,2256500
2023-06-06T17:00:00Z,14.62,14.7,14.58,14.67,3913500
2023-06-06T18:00:00Z,14.68,14.75,14.65,14.72,11577100
2023-06-06T19:00:00Z,14.72,14.85,14.7,14.8,9095600
2023-06-07T13:00:00Z,14.89,14.89,14.65,14.78,3910700
2023-06-07T14:00:00Z,14.79,14.89,14.74,14.78,6528600
2023-06-07T15:00:00Z,14.78,15.03,14.78,14.9,4649700
2023-06-07T16:00:00Z,14.9,14.94,14.78,14.82,2619300
2023-06-07T17:00:00Z,14.81,14.83,14.76,14.8,1748000
2023-06-07T18:00:00Z,14.8,14.9,14.8,14.84,4907300
2023-06-07T19:00:00Z,14.84,14.89,14.81,14.84,2413500
2023-06-09T13:00:00Z,14.92,14.98,14.89,14.95,1112500
2023-06-09T14:00:00Z,14.95,15.08,14.93,14.98,4848600
2023-06-09T15:00:00Z,14.98,15.02,14.91,14.99,6386400
2023-06-09T16:00:00Z,15.01,15.03,14.97,14.97,1110800
2023-06-09T17:00:00Z,14.98,15.07,14.97,15.07,1970500
2023-06-09T18:00:00Z,15.07,15.07,15.02,15.05,1959900
2023-06-09T19:00:00Z,15.03,15.17,15.03,15.08,7413100
2023-06-12T13:00:00Z,15.14,15.19,15,15.06,2969700
2023-06-12T14:00:00Z,15.06,15.14,14.93,15.12,3892400
2023-06-12T15:00:00Z,15.12,15.2,15.04,15.15,3292400
2023-06-12T16:00:00Z,15.15,15.2,15.14,15.17,1927700
2023-06-12T17:00:00Z,15.17,15.19,15.14,15.16,1280800
2023-06-12T18:00:00Z,15.16,15.19,15.14,15.17,4016500
2023-06-12T19:00:00Z,15.18,15.23,15.16,15.23,2667600
2023-06-13T13:00:00Z,15.21,15.21,15.05,15.13,1408300
2023-06-13T14:00:00Z,15.13,15.23,15.09,15.22,1739300
2023-06-13T15:00:00Z,15.22,15.26,15.19,15.23,1278900
2023-06-13T16:00:00Z,15.24,15.29,15.22,15.24,1722900
2023-06-13T17:00:00Z,15.24,15.29,15.22,15.26,2438200
2023-06-13T18:00:00Z,15.26,15.3,15.23,15.26,2304700
2023-06-13T19:00:00Z,15.26,15.3,15.23,15.26,2359500
2023-06-14T13:00:00Z,15.26,15.32,15.16,15.29,2427500
2023-06-14T14:00:00Z,15.3,15.33,15.25,15.27,2893700
2023-06-14T15:00:00Z,15.28,15.39,15.26,15.35,2986400
2023-06-14T16:00:00Z,15.36,15.43,15.33,15.34,3209800
2023-06-14T17:00:00Z,15.34,15.36,15.18,15.18,6549900
2023-06-14T18:00:00Z,15.2,15.21,15.08,15.17,6855200
2023-06-14T19:00:00Z,15.17,15.25,15.12,15.21,7961700
2023-06-15T13:00:00Z,15.23,15.35,15.14,15.17,1995100
2023-06-15T14:00:00Z,15.17,15.2,14.99,15.15,5763800
2023-06-15T15:00:00Z,15.13,15.21,15.12,15.15,1511700
2023-06-15T16:00:00Z,15.14,15.2,15.11,15.18,965900
2023-06-15T17:00:00Z,15.17,15.21,15.16,15.18,1368200
2023-06-15T18:00:00Z,15.18,15.26,15.17,15.2,2381700
2023-06-15T19:00:00Z,15.22,15.25,15.17,15.21,1971700
2023-06-16T13:00:00Z,15.14,15.27,15.09,15.23,3003600
2023-06-16T14:00:00Z,15.22,15.28,15.18,15.24,2165200
2023-06-16T15:00:00Z,15.23,15.26,15.2,15.21,1689700
2023-06-16T16:00:00Z,15.21,15.22,15.18,15.2,2165400
2023-06-16T17:00:00Z,15.21,15.21,15.15,15.17,1609800
2023-06-16T18:00:00Z,15.16,15.17,15.08,15.09,4284200
2023-06-16T19:00:00Z,15.09,15.13,15.05,15.08,4896900
2023-06-19T13:00:00Z,15.07,15.18,15.07,15.13,714100
2023-06-19T14:00:00Z,15.14,15.17,15.03,15.03,1002100
2023-06-19T15:00:00Z,15.03,15.12,15.03,15.1,864600
2023-06-19T16:00:00Z,15.1,15.12,15.07,15.1,665600
2023-06-19T17:00:00Z,15.1,15.18,15.08,15.09,1651500
2023-06-19T18:00:00Z,15.09,15.13,15.07,15.07,757600
2023-06-19T19:00:00Z,15.07,15.14,15.06,15.1,1618800
2023-06-20T13:00:00Z,15.06,15.14,15.01,15.12,1742700
2023-06-20T14:00:00Z,15.11,15.15,15.04,15.06,2544300
2023-06-20T15:00:00Z,15.06,15.12,15.03,15.05,1033200
2023-06-20T16:00:00Z,15.05,15.1,15.02,15.07,1667900
2023-06-20T17:00:00Z,15.06,15.11,15.06,15.07,1465300
2023-06-20T18:00:00Z,15.07,15.13,15.06,15.13,2858600
2023-06-20T19:00:00Z,15.13,15.14,15.08,15.11,3474700
2023-06-21T13:00:00Z,15.13,15.18,15.08,15.15,1917000
2023-06-21T14:00:00Z,15.15,15.25,15.1,15.25,1426400
2023-06-21T15:00:00Z,15.25,15.31,15.22,15.23,1588800
2023-06-21T16:00:00Z,15.24,15.26,15.18,15.24,2162200
2023-06-21T17:00:00Z,15.24,15.26,15.18,15.24,2438600
2023-06-21T18:00:00Z,15.25,15.29,15.22,15.27,1349000
2023-06-21T19:00:00Z,15.28,15.31,15.25,15.27,2379100
2023-06-22T13:00:00Z,15.19,15.34,15.19,15.28,1665600
2023-06-22T14:00:00Z,15.28,15.32,15.21,15.27,613600
2023-06-22T15:00:00Z,15.27,15.3,15.24,15.3,808200
2023-06-22T16:00:00Z,15.29,15.47,15.26,15.47,3898100
2023-06-22T17:00:00Z,15.47,15.52,15.35,15.44,5708500
2023-06-22T18:00:00Z,15.46,15.56,15.42,15.49,4119900
2023-06-22T19:00:00Z,15.5,15.6,15.45,15.55,5314600
2023-06-23T13:00:00Z,15.55,15.59,15.48,15.55,2512600
2023-06-23T14:00:00Z,15.55,15.58,15.47,15.53,1594800
2023-06-23T15:00:00Z,15.53,15.55,15.51,15.54,1704400
2023-06-23T16:00:00Z,15.53,15.54,15.5,15.51,918700
2023-06-23T17:00:00Z,15.51,15.54,15.48,15.49,2508600
2023-06-23T18:00:00Z,15.49,15.52,15.44,15.52,1792300
2023-06-23T19:00:00Z,15.52,15.53,15.45,15.46,2791200
2023-06-26T13:00:00Z,15.49,15.5,15.4,15.42,926100
2023-06-26T14:00:00Z,15.42,15.43,15.19,15.27,6960000
2023-06-26T15:00:00Z,15.27,15.29,15.19,15.26,1572800
2023-06-26T16:00:00Z,15.27,15.31,15.25,15.26,780500
2023-06-26T17:00:00Z,15.27,15.34,15.23,15.34,1909000
2023-06-26T18:00:00Z,15.33,15.38,15.28,15.38,1985600
2023-06-26T19:00:00Z,15.38,15.38,15.32,15.33,1772800
2023-06-27T13:00:00Z,15.39,15.46,15.29,15.33,1139100
2023-06-27T14:00:00Z,15.32,15.33,15.22,15.24,1724800
2023-06-27T15:00:00Z,15.23,15.32,15.19,15.31,2164200
2023-06-27T16:00:00Z,15.31,15.34,15.27,15.29,1347600
2023-06-27T17:00:00Z,15.28,15.36,15.28,15.34,1184500
2023-06-27T18:00:00Z,15.35,15.37,15.3,15.35,1432700
2023-06-27T19:00:00Z,15.36,15.41,15.34,15.36,2537800
2023-06-28T13:00:00Z,15.42,15.43,15.25,15.29,2245100
2023-06-28T14:00:00Z,15.29,15.3,15.16,15.19,3362900
2023-06-28T15:00:00Z,15.18,15.29,15.18,15.25,2781500
2023-06-28T16:00:00Z,15.26,15.3,15.24,15.26,1895300
2023-06-28T17:00:00Z,15.26,15.3,15.17,15.2,2800300
2023-06-28T18:00:00Z,15.21,15.27,15.18,15.25,2653700
2023-06-28T19:00:00Z,15.25,15.3,15.17,15.19,3925100
2023-06-29T13:00:00Z,15.27,15.28,15.19,15.23,1195400
2023-06-29T14:00:00Z,15.24,15.28,15.2,15.27,1055200
2023-06-29T15:00:00Z,15.28,15.33,15.24,15.32,1897700
2023-06-29T16:00:00Z,15.32,15.35,15.27,15.28,1051500
2023-06-29T17:00:00Z,15.28,15.29,15.22,15.27,1407600
2023-06-29T18:00:00Z,15.27,15.27,15.19,15.23,2546300
2023-06-29T19:00:00Z,15.24,15.28,15.23,15.24,2444800
2023-06-30T13:00:00Z,15.35,15.39,15.25,15.31,1154300
2023-06-30T14:00:00Z,15.31,15.39,15.27,15.39,2164200
2023-06-30T15:00:00Z,15.38,15.47,15.35,15.4,2604000
2023-06-30T16:00:00Z,15.4,15.45,15.37,15.44,1780900
2023-06-30T17:00:00Z,15.44,15.46,15.36,15.4,1252400
2023-06-30T18:00:00Z,15.4,15.46,15.36,15.45,2322400
2023-06-30T19:00:00Z,15.44,15.47,15.39,15.42,2701400
2023-07-03T13:00:00Z,15.5,15.5,15.35,15.38,596700
2023-07-03T14:00:00Z,15.38,15.43,15.35,15.39,1106800
2023-07-03T15:00:00Z,15.38,15.48,15.38,15.44,823800
2023-07-03T16:00:00Z,15.44,15.47,15.41,15.44,814900
2023-07-03T17:00:00Z,15.42,15.47,15.32,15.34,1344700
2023-07-03T18:00:00Z,15.33,15.4,15.32,15.38,1253900
2023-07-03T19:00:00Z,15.39,15.45,15.34,15.44,1752900
2023-07-04T13:00:00Z,15.4,15.4,15.27,15.33,990400
2023-07-04T14:00:00Z,15.33,15.35,15.24,15.25,827800
2023-07-04T15:00:00Z,15.25,15.27,15.21,15.23,1143100
2023-07-04T16:00:00Z,15.22,15.29,15.21,15.28,1362500
2023-07-04T17:00:00Z,15.28,15.29,15.18,15.19,1848400
2023-07-04T18:00:00Z,15.18,15.23,15.17,15.2,1985400
2023-07-04T19:00:00Z,15.2,15.23,15.1,15.14,2392400
2023-07-05T13:00:00Z,15.14,15.23,15.1,15.21,1332200
2023-07-05T14:00:00Z,15.21,15.28,15.2,15.21,1542300
2023-07-05T15:00:00Z,15.21,15.23,15.18,15.22,7025200
2023-07-05T16:00:00Z,15.22,15.25,15.2,15.24,738900
2023-07-05T17:00:00Z,15.24,15.31,15.23,15.26,1359200
2023-07-05T18:00:00Z,15.25,15.28,15.21,15.22,809500
2023-07-05T19:00:00Z,15.21,15.24,15.21,15.22,1854300
2023-07-06T13:00:00Z,15.15,15.26,15.07,15.11,2886300
2023-07-06T14:00:00Z,15.1,15.12,15,15,3710100
2023-07-06T15:00:00Z,15.01,15.05,14.86,14.89,4739700
2023-07-06T16:00:00Z,14.89,14.97,14.84,14.89,3783200
2023-07-06T17:00:00Z,14.9,14.95,14.87,14.88,2032700
2023-07-06T18:00:00Z,14.88,14.94,14.86,14.87,3488400
2023-07-06T19:00:00Z,14.87,14.89,14.8,14.85,4721600
2023-07-07T13:00:00Z,14.83,15.08,14.81,14.93,3679400
2023-07-07T14:00:00Z,14.92,14.99,14.84,14.89,2058200
2023-07-07T15:00:00Z,14.88,14.94,14.86,14.92,1238700
2023-07-07T16:00:00Z,14.92,14.93,14.89,14.89,1171200
2023-07-07T17:00:00Z,14.89,14.95,14.85,14.86,2263500
2023-07-07T18:00:00Z,14.86,14.91,14.84,14.86,1874800
2023-07-07T19:00:00Z,14.86,14.95,14.84,14.9,3442100
2023-07-10T13:00:00Z,15.45,15.78,15.22,15.26,15229000
2023-07-10T14:00:00Z,15.28,15.3,15.1,15.17,2426700
2023-07-10T15:00:00Z,15.15,15.22,15.1,15.17,1479900
2023-07-10T16:00:00Z,15.18,15.18,15.07,15.1,1334000
2023-07-10T17:00:00Z,15.09,15.1,15.04,15.05,2928700
2023-07-10T18:00:00Z,15.06,15.1,14.98,15.02,2138100
2023-07-10T19:00:00Z,15.01,15.02,14.93,14.99,2836300
2023-07-11T13:00:00Z,14.94,14.96,14.6,14.67,5266900
2023-07-11T14:00:00Z,14.67,14.74,14.63,14.73,5906400
2023-07-11T15:00:00Z,14.72,14.73,14.63,14.65,2540000
2023-07-11T16:00:00Z,14.64,14.7,14.62,14.65,1557900
2023-07-11T17:00:00Z,14.66,14.68,14.61,14.63,1485500
2023-07-11T18:00:00Z,14.62,14.65,14.58,14.6,2169700
2023-07-11T19:00:00Z,14.6,14.68,14.58,14.67,4422200
2023-07-12T13:00:00Z,14.61,14.75,14.58,14.73,2667400
2023-07-12T14:00:00Z,14.72,14.81,14.71,14.78,5014500
2023-07-12T15:00:00Z,14.78,14.79,14.68,14.74,1363400
2023-07-12T16:00:00Z,14.74,14.75,14.7,14.71,621600
2023-07-12T17:00:00Z,14.71,14.73,14.64,14.68,1575700
2023-07-12T18:00:00Z,14.67,14.73,14.66,14.71,2288800
2023-07-12T19:00:00Z,14.71,14.73,14.65,14.69,1804600
2023-07-13T13:00:00Z,14.66,14.85,14.63,14.84,1864300
2023-07-13T14:00:00Z,14.84,14.89,14.81,14.85,2039300
2023-07-13T15:00:00Z,14.84,14.87,14.8,14.85,1585000
2023-07-13T16:00:00Z,14.86,14.87,14.82,14.85,754100
2023-07-13T17:00:00Z,14.85,14.87,14.83,14.85,780700
2023-07-13T18:00:00Z,14.86,14.86,14.78,14.81,2098900
2023-07-13T19:00:00Z,14.82,14.84,14.74,14.75,2983900
2023-07-14T13:00:00Z,14.71,14.73,14.56,14.71,2379600
2023-07-14T14:00:00Z,14.71,14.76,14.67,14.71,1674100
2023-07-14T15:00:00Z,14.73,14.77,14.7,14.73,651000
2023-07-14T16:00:00Z,14.72,14.77,14.69,14.74,1761600
2023-07-14T17:00:00Z,14.75,14.8,14.72,14.76,1042600
2023-07-14T18:00:00Z,14.76,14.77,14.7,14.74,2245500
2023-07-14T19:00:00Z,14.74,14.78,14.72,14.72,1388800
2023-07-17T13:00:00Z,14.72,14.83,14.65,14.73,1725200
2023-07-17T14:00:00Z,14.72,14.75,14.63,14.66,2550000
2023-07-17T15:00:00Z,14.66,14.71,14.64,14.68,4268700
2023-07-17T16:00:00Z,14.68,14.7,14.66,14.68,1134500
2023-07-17T17:00:00Z,14.68,14.77,14.68,14.76,3322200
2023-07-17T18:00:00Z,14.75,14.77,14.73,14.76,817700
2023-07-17T19:00:00Z,14.75,14.81,14.75,14.8,5560000
2023-07-18T13:00:00Z,14.78,14.93,14.73,14.92,3214500
2023-07-18T14:00:00Z,14.91,14.93,14.83,14.86,5296200
2023-07-18T15:00:00Z,14.86,14.89,14.81,14.86,5084500
2023-07-18T16:00:00Z,14.86,14.92,14.79,14.82,5996100
2023-07-18T17:00:00Z,14.82,14.82,14.62,14.68,9139700
2023-07-18T18:00:00Z,14.68,14.75,14.65,14.72,4946600
2023-07-18T19:00:00Z,14.72,14.76,14.68,14.68,12503100
2023-07-19T13:00:00Z,14.71,14.75,14.58,14.66,6360000
2023-07-19T14:00:00Z,14.67,14.67,14.62,14.64,1324500
2023-07-19T15:00:00Z,14.64,14.66,14.47,14.48,7957200
2023-07-19T16:00:00Z,14.48,14.58,14.47,14.56,4679600
2023-07-19T17:00:00Z,14.55,14.58,14.54,14.58,1040000
2023-07-19T18:00:00Z,14.57,14.66,14.56,14.62,4211100
2023-07-19T19:00:00Z,14.63,14.65,14.57,14.59,7017900
2023-07-20T13:00:00Z,14.75,14.76,14.49,14.55,3637800
2023-07-20T14:00:00Z,14.56,14.75,14.54,14.72,7091900
2023-07-20T15:00:00Z,14.73,14.78,14.71,14.74,1615200
2023-07-20T16:00:00Z,14.74,14.81,14.72,14.77,4367400
2023-07-20T17:00:00Z,14.78,14.82,14.77,14.82,3584500
2023-07-20T18:00:00Z,14.82,14.96,14.8,14.92,9995200
2023-07-20T19:00:00Z,14.93,14.99,14.85,14.97,9211100
2023-07-21T13:00:00Z,14.88,15.27,14.88,15.25,5325400
2023-07-21T14:00:00Z,15.25,15.47,15.25,15.31,15321400
2023-07-21T15:00:00Z,15.31,15.35,15.19,15.29,6973500
2023-07-21T16:00:00Z,15.28,15.32,15.27,15.3,2119200
2023-07-21T17:00:00Z,15.3,15.37,15.25,15.26,2684100
2023-07-21T18:00:00Z,15.26,15.35,15.25,15.28,2282200
2023-07-21T19:00:00Z,15.29,15.34,15.27,15.31,5792000
2023-07-24T13:00:00Z,15.22,15.36,15.22,15.26,1913400
2023-07-24T14:00:00Z,15.27,15.36,15.22,15.33,1789000
2023-07-24T15:00:00Z,15.32,15.37,15.27,15.32,1342900
2023-07-24T16:00:00Z,15.33,15.33,15.26,15.26,1216400
2023-07-24T17:00:00Z,15.27,15.27,15.01,15.07,7785300
2023-07-24T18:00:00Z,15.07,15.18,15.05,15.09,5553200
2023-07-24T19:00:00Z,15.09,15.13,15.03,15.08,5974700
2023-07-25T13:00:00Z,15.24,15.27,14.96,15.01,3526700
2023-07-25T14:00:00Z,15.01,15.02,14.79,14.88,5983500
2023-07-25T15:00:00Z,14.87,14.91,14.85,14.89,2152400
2023-07-25T16:00:00Z,14.89,14.91,14.85,14.87,1580900
2023-07-25T17:00:00Z,14.85,14.91,14.84,14.9,1714200
2023-07-25T18:00:00Z,14.9,15.1,14.88,15.09,5270600
2023-07-25T19:00:00Z,15.09,15.1,14.98,15.01,2931200
2023-07-26T13:00:00Z,14.97,15.03,14.92,14.93,2895200
2023-07-26T14:00:00Z,14.93,14.96,14.87,14.95,2004400
2023-07-26T15:00:00Z,14.95,14.97,14.9,14.92,882000
2023-07-26T16:00:00Z,14.92,14.98,14.91,14.95,2280500
2023-07-26T17:00:00Z,14.94,15.02,14.9,14.99,3825400
2023-07-26T18:00:00Z,14.99,15.05,14.95,14.99,3250500
2023-07-26T19:00:00Z,14.99,15.02,14.95,14.95,4313600
2023-07-27T13:00:00Z,14.95,15.04,14.8,14.89,4659300
2023-07-27T14:00:00Z,14.88,14.89,14.75,14.79,7441900
2023-07-27T15:00:00Z,14.79,14.86,14.77,14.81,973400
2023-07-27T16:00:00Z,14.81,14.83,14.79,14.8,749600
2023-07-27T17:00:00Z,14.79,14.8,14.71,14.72,1620500
2023-07-27T18:00:00Z,14.71,14.75,14.68,14.72,2503700
2023-07-27T19:00:00Z,14.72,14.75,14.68,14.73,3509100
2023-07-28T13:00:00Z,14.75,14.87,14.66,14.84,1273500
2023-07-28T14:00:00Z,14.83,14.96,14.83,14.95,2625800
2023-07-28T15:00:00Z,14.94,15,14.94,14.98,1237000
2023-07-28T16:00:00Z,14.97,15,14.97,14.99,935500
2023-07-28T17:00:00Z,14.98,15,14.9,14.93,2086800
2023-07-28T18:00:00Z,14.93,14.95,14.9,14.94,2254000
2023-07-28T19:00:00Z,14.94,14.98,14.91,14.96,2278700
2023-07-31T13:00:00Z,14.97,15.1,14.93,14.98,2531300
2023-07-31T14:00:00Z,14.97,15.01,14.91,14.95,2034000
2023-07-31T15:00:00Z,14.96,14.98,14.9,14.93,1238800
2023-07-31T16:00:00Z,14.93,14.93,14.83,14.85,1224300
2023-07-31T17:00:00Z,14.85,14.87,14.81,14.82,1225600
2023-07-31T18:00:00Z,14.82,14.85,14.79,14.82,1694800
2023-07-31T19:00:00Z,14.82,14.84,14.77,14.81,1914500
2023-08-01T13:00:00Z,14.81,14.93,14.66,14.92,4122300
2023-08-01T14:00:00Z,14.92,14.98,14.87,14.88,1665900
2023-08-01T15:00:00Z,14.87,14.93,14.86,14.89,1042700
2023-08-01T16:00:00Z,14.88,14.9,14.86,14.88,823000
2023-08-01T17:00:00Z,14.89,15.01,14.88,14.98,2723400
2023-08-01T18:00:00Z,14.99,15.02,14.96,14.98,2423400
2023-08-01T19:00:00Z,14.99,15.03,14.95,14.98,4238700
2023-08-02T13:00:00Z,14.95,15.15,14.86,15.15,4548700
2023-08-02T14:00:00Z,15.13,15.19,15.05,15.09,3015500
2023-08-02T15:00:00Z,15.09,15.17,15.08,15.14,1662700
2023-08-02T16:00:00Z,15.15,15.17,15.09,15.11,1106500
2023-08-02T17:00:00Z,15.11,15.13,15.06,15.11,1802500
2023-08-02T18:00:00Z,15.11,15.12,15.01,15.02,2810600
2023-08-02T19:00:00Z,15.02,15.1,14.98,14.99,4387800
2023-08-03T13:00:00Z,15.08,15.45,14.96,14.98,15868700
2023-08-03T14:00:00Z,14.96,15.08,14.91,14.94,10629100
2023-08-03T15:00:00Z,14.94,14.95,14.67,14.78,13804900
2023-08-03T16:00:00Z,14.79,14.79,14.61,14.62,3764400
2023-08-03T17:00:00Z,14.62,14.74,14.61,14.7,4553000
2023-08-03T18:00:00Z,14.7,14.73,14.66,14.69,3301300
2023-08-03T19:00:00Z,14.69,14.73,14.55,14.63,7804100
2023-08-04T13:00:00Z,14.66,14.74,14.54,14.68,3298900
2023-08-04T14:00:00Z,14.68,14.86,14.65,14.82,4224000
2023-08-04T15:00:00Z,14.81,14.9,14.8,14.84,2073900
2023-08-04T16:00:00Z,14.84,14.89,14.82,14.88,1924600
2023-08-04T17:00:00Z,14.88,14.89,14.8,14.8,1639100
2023-08-04T18:00:00Z,14.8,14.82,14.69,14.72,2649000
2023-08-04T19:00:00Z,14.72,14.78,14.68,14.7,4328400
2023-08-07T13:00:00Z,14.75,14.75,14.6,14.67,1750100
2023-08-07T14:00:00Z,14.65,14.67,14.59,14.63,1001700
2023-08-07T15:00:00Z,14.63,14.68,14.58,14.59,1757700
2023-08-07T16:00:00Z,14.59,14.62,14.57,14.61,1042200
2023-08-07T17:00:00Z,14.61,14.65,14.54,14.64,3124900
2023-08-07T18:00:00Z,14.64,14.68,14.58,14.63,2425200
2023-08-07T19:00:00Z,14.62,14.67,14.6,14.64,2614800
2023-08-08T13:00:00Z,14.48,14.63,14.46,14.62,2185100
2023-08-08T14:00:00Z,14.6,14.67,14.56,14.57,1464400
2023-08-08T15:00:00Z,14.57,14.68,14.56,14.66,1148700
2023-08-08T16:00:00Z,14.67,14.68,14.54,14.56,1901100
2023-08-08T17:00:00Z,14.57,14.61,14.56,14.59,1045400
2023-08-08T18:00:00Z,14.59,14.6,14.53,14.54,1085900
2023-08-08T19:00:00Z,14.54,14.57,14.49,14.53,3691700
2023-08-09T13:00:00Z,14.46,14.5,14.34,14.45,5444000
2023-08-09T14:00:00Z,14.44,14.45,14.37,14.4,3042600
2023-08-09T15:00:00Z,14.4,14.45,14.3,14.31,2773900
2023-08-09T16:00:00Z,14.3,14.36,14.29,14.35,730900
2023-08-09T17:00:00Z,14.36,14.41,14.35,14.4,1402500
2023-08-09T18:00:00Z,14.4,14.43,14.34,14.35,2095600
2023-08-09T19:00:00Z,14.35,14.4,14.34,14.39,2150500
2023-08-10T13:00:00Z,14.48,14.62,14.35,14.6,1403000
2023-08-10T14:00:00Z,14.61,14.61,14.5,14.51,1084600
2023-08-10T15:00:00Z,14.51,14.52,14.45,14.5,749800
2023-08-10T16:00:00Z,14.5,14.51,14.46,14.47,466400
2023-08-10T17:00:00Z,14.48,14.49,14.41,14.42,1078600
2023-08-10T18:00:00Z,14.43,14.46,14.41,14.42,504200
2023-08-10T19:00:00Z,14.42,14.43,14.32,14.37,2099500
2023-08-11T13:00:00Z,14.44,14.47,14.34,14.41,1086900
2023-08-11T14:00:00Z,14.42,14.46,14.36,14.36,915000
2023-08-11T15:00:00Z,14.36,14.44,14.33,14.42,1049400
2023-08-11T16:00:00Z,14.43,14.44,14.37,14.37,1787300
2023-08-11T17:00:00Z,14.38,14.42,14.28,14.4,3414900
2023-08-11T18:00:00Z,14.4,14.43,14.37,14.41,2657100
2023-08-11T19:00:00Z,14.42,14.44,14.38,14.39,2478400
2023-08-14T13:00:00Z,14.36,14.43,14.31,14.36,1562000
2023-08-14T14:00:00Z,14.36,14.36,14.21,14.25,2979900
2023-08-14T15:00:00Z,14.25,14.33,14.22,14.32,1762100
2023-08-14T16:00:00Z,14.33,14.45,14.32,14.34,3500200
2023-08-14T17:00:00Z,14.35,14.43,14.34,14.42,1629900
2023-08-14T18:00:00Z,14.41,14.42,14.35,14.39,1060600
2023-08-14T19:00:00Z,14.38,14.39,14.32,14.35,1823400
2023-08-15T13:00:00Z,14.37,14.42,14.3,14.38,831200
2023-08-15T14:00:00Z,14.38,14.38,14.29,14.29,1340400
2023-08-15T15:00:00Z,14.31,14.39,14.3,14.33,1530900
2023-08-15T16:00:00Z,14.34,14.34,14.28,14.3,879900
2023-08-15T17:00:00Z,14.31,14.31,14.24,14.26,698800
2023-08-15T18:00:00Z,14.25,14.27,14.23,14.25,1235700
2023-08-15T19:00:00Z,14.26,14.27,14.18,14.24,4511600
2023-08-16T13:00:00Z,14.2,14.32,14.14,14.22,4071900
2023-08-16T14:00:00Z,14.22,14.33,14.21,14.29,3183300
2023-08-16T15:00:00Z,14.28,14.31,14.2,14.31,4508800
2023-08-16T16:00:00Z,14.3,14.35,14.25,14.33,3341200
2023-08-16T17:00:00Z,14.34,14.35,14.27,14.32,3716900
2023-08-16T18:00:00Z,14.33,14.35,14.27,14.29,7146500
2023-08-16T19:00:00Z,14.29,14.31,14.22,14.24,8510800
2023-08-17T13:00:00Z,14.23,14.36,14.17,14.29,3947900
2023-08-17T14:00:00Z,14.28,14.33,14.16,14.19,4655300
2023-08-17T15:00:00Z,14.17,14.21,14.08,14.14,5691100
2023-08-17T16:00:00Z,14.14,14.23,14.12,14.2,5391500
2023-08-17T17:00:00Z,14.21,14.24,14.15,14.22,4639400
2023-08-17T18:00:00Z,14.22,14.28,14.18,14.22,8219300
2023-08-17T19:00:00Z,14.23,14.26,14.17,14.23,4563800
2023-08-18T13:00:00Z,14.22,14.32,14.17,14.3,2844300
2023-08-18T14:00:00Z,14.3,14.34,14.29,14.3,1719500
2023-08-18T15:00:00Z,14.3,14.36,14.29,14.33,2284700
2023-08-18T16:00:00Z,14.33,14.34,14.32,14.32,970200
2023-08-18T17:00:00Z,14.32,14.37,14.32,14.36,3193000
2023-08-18T18:00:00Z,14.37,14.38,14.32,14.36,2445100
2023-08-18T19:00:00Z,14.36,14.37,14.33,14.34,4307000
2023-08-21T13:00:00Z,14.4,14.43,14.26,14.36,3512500
2023-08-21T14:00:00Z,14.36,14.38,14.31,14.37,4329000
2023-08-21T15:00:00Z,14.37,14.42,14.33,14.35,2985400
2023-08-21T16:00:00Z,14.35,14.39,14.34,14.37,820900
2023-08-21T17:00:00Z,14.37,14.38,14.31,14.32,1102900
2023-08-21T18:00:00Z,14.32,14.35,14.29,14.32,1319500
2023-08-21T19:00:00Z,14.33,14.35,14.27,14.3,2314600
2023-08-22T13:00:00Z,14.27,14.39,14.24,14.34,2610600
2023-08-22T14:00:00Z,14.35,14.46,14.34,14.43,4487500
2023-08-22T15:00:00Z,14.44,14.45,14.4,14.41,3374200
2023-08-22T16:00:00Z,14.41,14.45,14.4,14.43,1393200
2023-08-22T17:00:00Z,14.43,14.45,14.4,14.42,1047300
2023-08-22T18:00:00Z,14.41,14.47,14.4,14.45,2895800
2023-08-22T19:00:00Z,14.45,14.51,14.35,14.42,8633900
2023-08-23T13:00:00Z,14.34,14.59,14.34,14.41,8029700
2023-08-23T14:00:00Z,14.41,14.43,14.35,14.37,3522900
2023-08-23T15:00:00Z,14.37,14.46,14.37,14.42,1331500
2023-08-23T16:00:00Z,14.43,14.44,14.38,14.4,2483800
2023-08-23T17:00:00Z,14.4,14.44,14.4,14.43,1209200
2023-08-23T18:00:00Z,14.43,14.44,14.39,14.43,5169400
2023-08-23T19:00:00Z,14.43,14.46,14.4,14.43,2916200
2023-08-24T13:00:00Z,14.45,14.49,14.36,14.37,3206200
2023-08-24T14:00:00Z,14.38,14.45,14.35,14.42,3738900
2023-08-24T15:00:00Z,14.43,14.43,14.33,14.33,2593100
2023-08-24T16:00:00Z,14.34,14.35,14.25,14.26,3635200
2023-08-24T17:00:00Z,14.27,14.27,14.18,14.22,3907000
2023-08-24T18:00:00Z,14.22,14.24,14.16,14.2,2225700
2023-08-24T19:00:00Z,14.21,14.21,14.16,14.19,5132600
2023-08-25T13:00:00Z,14.25,14.25,13.78,13.8,8657300
2023-08-25T14:00:00Z,13.8,13.86,13.75,13.79,9159600
2023-08-25T15:00:00Z,13.78,13.8,13.67,13.71,4997300
2023-08-25T16:00:00Z,13.71,13.77,13.7,13.75,4459900
2023-08-25T17:00:00Z,13.75,13.91,13.74,13.89,3760500
2023-08-25T18:00:00Z,13.88,14.09,13.87,14.08,11858100
2023-08-25T19:00:00Z,14.07,14.13,14,14.01,10368500
2023-08-28T13:00:00Z,14.02,14.08,13.86,14.01,3777200
2023-08-28T14:00:00Z,14.01,14.11,13.98,14.09,6530500
2023-08-28T15:00:00Z,14.09,14.15,14.03,14.11,4142600
2023-08-28T16:00:00Z,14.1,14.18,14.09,14.15,3223500
2023-08-28T17:00:00Z,14.14,14.17,14.09,14.12,2757100
2023-08-28T18:00:00Z,14.11,14.2,14.09,14.2,3907500
2023-08-28T19:00:00Z,14.2,14.31,14.19,14.23,8736800
2023-08-29T13:00:00Z,14.27,14.31,14.22,14.29,1615300
2023-08-29T14:00:00Z,14.29,14.34,14.27,14.31,2630400
2023-08-29T15:00:00Z,14.31,14.31,14.23,14.25,1606800
2023-08-29T16:00:00Z,14.24,14.26,14.17,14.19,1632000
2023-08-29T17:00:00Z,14.19,14.26,14.18,14.23,1017000
2023-08-29T18:00:00Z,14.23,14.27,14.21,14.24,2164500
2023-08-29T19:00:00Z,14.24,14.25,14.2,14.25,2040500
2023-08-30T13:00:00Z,14.23,14.3,14.19,14.23,5029700
2023-08-30T14:00:00Z,14.22,14.34,14.22,14.29,4233700
2023-08-30T15:00:00Z,14.29,14.34,14.28,14.3,2034900
2023-08-30T16:00:00Z,14.3,14.33,14.26,14.32,2195200
2023-08-30T17:00:00Z,14.31,14.32,14.27,14.28,2091300
2023-08-30T18:00:00Z,14.27,14.28,14.18,14.22,2779100
2023-08-30T19:00:00Z,14.22,14.26,14.17,14.19,4516000
2023-08-31T13:00:00Z,14.14,14.16,14.02,14.06,2392100
2023-08-31T14:00:00Z,14.06,14.07,13.83,13.84,8204800
2023-08-31T15:00:00Z,13.85,14.04,13.82,14.01,7839100
2023-08-31T16:00:00Z,14.01,14.06,13.97,14.01,3128600
2023-08-31T17:00:00Z,14.01,14.01,13.89,13.9,3955800
2023-08-31T18:00:00Z,13.89,13.94,13.86,13.87,5249700
2023-08-31T19:00:00Z,13.87,13.89,13.71,13.82,4965200
2023-09-01T13:00:00Z,13.85,14,13.8,13.97,3152500
2023-09-01T14:00:00Z,13.95,14,13.88,13.9,1305000
2023-09-01T15:00:00Z,13.9,13.91,13.83,13.84,1590600
2023-09-01T16:00:00Z,13.85,13.86,13.69,13.73,2414200
2023-09-01T17:00:00Z,13.72,13.83,13.71,13.82,1387900
2023-09-01T18:00:00Z,13.82,13.84,13.79,13.81,713400
2023-09-01T19:00:00Z,13.81,13.92,13.81,13.86,7308000
2023-09-04T13:00:00Z,13.91,13.98,13.86,13.91,2587400
2023-09-04T14:00:00Z,13.91,13.92,13.82,13.83,664600
2023-09-04T15:00:00Z,13.83,13.89,13.81,13.83,747400
2023-09-04T16:00:00Z,13.84,13.95,13.83,13.91,1132400
2023-09-04T17:00:00Z,13.91,13.92,13.78,13.82,1820200
2023-09-04T18:00:00Z,13.82,13.89,13.81,13.85,660400
2023-09-04T19:00:00Z,13.86,13.87,13.76,13.86,2379300
2023-09-05T13:00:00Z,13.9,14.02,13.82,13.96,5390200
2023-09-05T14:00:00Z,13.96,14.07,13.94,14.03,3556500
2023-09-05T15:00:00Z,14.02,14.21,14.01,14.09,10365900
2023-09-05T16:00:00Z,14.09,14.13,14.08,14.11,2633500
2023-09-05T17:00:00Z,14.11,14.14,14.06,14.08,3026900
2023-09-05T18:00:00Z,14.08,14.09,14.04,14.06,1905100
2023-09-05T19:00:00Z,14.06,14.07,13.97,14.02,6393000
2023-09-06T13:00:00Z,13.99,14.16,13.99,14.05,5291800
2023-09-06T14:00:00Z,14.04,14.06,13.97,14,4761800
2023-09-06T15:00:00Z,14.01,14.03,13.96,14.03,2141900
2023-09-06T16:00:00Z,14.02,14.07,14,14.02,3739200
2023-09-06T17:00:00Z,14.02,14.02,13.97,14.01,844300
2023-09-06T18:00:00Z,14,14.06,13.97,14.02,3075200
2023-09-06T19:00:00Z,14.02,14.05,13.98,13.98,2917800
2023-09-08T13:00:00Z,13.95,13.96,13.79,13.87,3147300
2023-09-08T14:00:00Z,13.88,13.91,13.8,13.84,1910000
2023-09-08T15:00:00Z,13.84,13.88,13.76,13.79,2101800
2023-09-08T16:00:00Z,13.79,13.82,13.77,13.81,2335500
2023-09-08T17:00:00Z,13.81,13.84,13.78,13.79,1589000
2023-09-08T18:00:00Z,13.8,13.84,13.78,13.8,2543000
2023-09-08T19:00:00Z,13.8,13.8,13.7,13.71,4679300
2023-09-11T13:00:00Z,13.79,13.8,13.71,13.76,1308300
2023-09-11T14:00:00Z,13.77,13.82,13.76,13.78,1004400
2023-09-11T15:00:00Z,13.78,13.79,13.72,13.76,939500
2023-09-11T16:00:00Z,13.76,13.86,13.76,13.84,1792500
2023-09-11T17:00:00Z,13.84,13.87,13.83,13.84,2059900
2023-09-11T18:00:00Z,13.85,13.9,13.84,13.89,1842000
2023-09-11T19:00:00Z,13.89,13.92,13.84,13.84,3570100
2023-09-12T13:00:00Z,13.85,13.9,13.71,13.74,5153800
2023-09-12T14:00:00Z,13.74,13.76,13.67,13.71,3105000
2023-09-12T15:00:00Z,13.71,13.76,13.7,13.74,1142800
2023-09-12T16:00:00Z,13.74,13.74,13.7,13.71,747000
2023-09-12T17:00:00Z,13.71,13.75,13.7,13.73,1155100
2023-09-12T18:00:00Z,13.72,13.73,13.71,13.71,870400
2023-09-12T19:00:00Z,13.71,13.72,13.66,13.66,3070700
2023-09-13T13:00:00Z,13.71,13.76,13.65,13.74,2746500
2023-09-13T14:00:00Z,13.73,13.8,13.71,13.78,4541600
2023-09-13T15:00:00Z,13.78,13.82,13.7,13.7,2402200
2023-09-13T16:00:00Z,13.7,13.72,13.66,13.68,2841600
2023-09-13T17:00:00Z,13.68,13.77,13.67,13.73,6071400
2023-09-13T18:00:00Z,13.74,13.74,13.63,13.66,5518000
2023-09-13T19:00:00Z,13.66,13.69,13.64,13.66,4890000
2023-09-14T13:00:00Z,13.68,13.72,13.56,13.57,2785300
2023-09-14T14:00:00Z,13.57,13.61,13.56,13.59,1575000
2023-09-14T15:00:00Z,13.6,13.6,13.53,13.58,1917600
2023-09-14T16:00:00Z,13.57,13.6,13.54,13.57,2724000
2023-09-14T17:00:00Z,13.57,13.63,13.57,13.6,1283400
2023-09-14T18:00:00Z,13.6,13.62,13.54,13.54,2776500
2023-09-14T19:00:00Z,13.55,13.58,13.5,13.54,6289900
2023-09-15T13:00:00Z,13.55,13.58,13.46,13.47,2435300
2023-09-15T14:00:00Z,13.48,13.55,13.46,13.53,3625000
2023-09-15T15:00:00Z,13.54,13.61,13.51,13.59,5155600
2023-09-15T16:00:00Z,13.6,13.61,13.55,13.56,1949700
2023-09-15T17:00:00Z,13.57,13.58,13.51,13.52,2014500
2023-09-15T18:00:00Z,13.53,13.54,13.5,13.53,1941100
2023-09-15T19:00:00Z,13.52,13.54,13.4,13.4,4872000
2023-09-18T13:00:00Z,13.39,13.48,13.31,13.41,1943100
2023-09-18T14:00:00Z,13.42,13.46,13.39,13.4,2152300
2023-09-18T15:00:00Z,13.4,13.46,13.4,13.45,2254500
2023-09-18T16:00:00Z,13.46,13.46,13.39,13.44,1643100
2023-09-18T17:00:00Z,13.45,13.46,13.41,13.44,2630400
2023-09-18T18:00:00Z,13.44,13.44,13.4,13.4,4460900
2023-09-18T19:00:00Z,13.4,13.44,13.38,13.41,2557400
2023-09-19T13:00:00Z,13.31,13.53,13.3,13.5,4307600
2023-09-19T14:00:00Z,13.51,13.53,13.47,13.52,2039900
2023-09-19T15:00:00Z,13.52,13.52,13.49,13.51,2519400
2023-09-19T16:00:00Z,13.51,13.55,13.49,13.51,6906600
2023-09-19T17:00:00Z,13.5,13.54,13.46,13.51,2684100
2023-09-19T18:00:00Z,13.51,13.52,13.48,13.5,2254300
2023-09-19T19:00:00Z,13.5,13.5,13.44,13.44,2645200
2023-09-20T13:00:00Z,13.47,13.55,13.45,13.51,2144300
2023-09-20T14:00:00Z,13.5,13.52,13.45,13.49,1338800
2023-09-20T15:00:00Z,13.49,13.51,13.48,13.5,1144100
2023-09-20T16:00:00Z,13.5,13.54,13.45,13.52,3839600
2023-09-20T17:00:00Z,13.52,13.54,13.51,13.54,1320800
2023-09-20T18:00:00Z,13.53,13.56,13.5,13.53,1562600
2023-09-20T19:00:00Z,13.53,13.55,13.48,13.5,2787000
2023-09-21T13:00:00Z,13.32,13.4,13.2,13.22,7084100
2023-09-21T14:00:00Z,13.22,13.32,13.21,13.27,7531000
2023-09-21T15:00:00Z,13.26,13.33,13.26,13.27,2967000
2023-09-21T16:00:00Z,13.27,13.29,13.24,13.27,1173700
2023-09-21T17:00:00Z,13.27,13.29,13.24,13.26,2821600
2023-09-21T18:00:00Z,13.25,13.28,13.24,13.27,2211800
2023-09-21T19:00:00Z,13.26,13.27,13.2,13.21,4190600
2023-09-22T13:00:00Z,13.25,13.28,13.14,13.2,1940300
2023-09-22T14:00:00Z,13.2,13.26,13.19,13.21,3727000
2023-09-22T15:00:00Z,13.2,13.23,13.16,13.18,1470300
2023-09-22T16:00:00Z,13.18,13.18,13.14,13.15,498600
2023-09-22T17:00:00Z,13.15,13.16,13.11,13.15,1449700
2023-09-22T18:00:00Z,13.15,13.15,13.1,13.11,1238500
2023-09-22T19:00:00Z,13.1,13.18,13.1,13.12,2631200
2023-09-25T13:00:00Z,13.15,13.19,13.11,13.18,1534200
2023-09-25T14:00:00Z,13.18,13.27,13.12,13.26,4989100
2023-09-25T15:00:00Z,13.27,13.33,13.25,13.33,3733300
2023-09-25T16:00:00Z,13.33,13.33,13.26,13.27,1918600
2023-09-25T17:00:00Z,13.26,13.28,13.2,13.22,2575100
2023-09-25T18:00:00Z,13.23,13.23,13.18,13.21,1551200
2023-09-25T19:00:00Z,13.22,13.22,13.17,13.19,2458600
2023-09-26T13:00:00Z,13.19,13.23,13,13.14,3450100
2023-09-26T14:00:00Z,13.15,13.16,13.05,13.12,6160300
2023-09-26T15:00:00Z,13.11,13.14,13.06,13.12,3112800
2023-09-26T16:00:00Z,13.12,13.13,13.04,13.07,2918400
2023-09-26T17:00:00Z,13.08,13.1,13.03,13.1,3146500
2023-09-26T18:00:00Z,13.09,13.12,13.08,13.1,2831100
2023-09-26T19:00:00Z,13.1,13.11,13,13.04,4540900
2023-09-27T13:00:00Z,13.08,13.1,13.01,13.04,1756000
2023-09-27T14:00:00Z,13.04,13.06,12.97,13.03,2777700
2023-09-27T15:00:00Z,13.02,13.03,12.95,12.96,2256800
2023-09-27T16:00:00Z,12.96,13,12.95,12.97,2993400
2023-09-27T17:00:00Z,12.97,12.97,12.86,12.88,5031100
2023-09-27T18:00:00Z,12.88,13,12.87,12.97,8330400
2023-09-27T19:00:00Z,12.97,12.98,12.89,12.92,6902100
2023-09-28T13:00:00Z,13,13.04,12.93,13.04,4249300
2023-09-28T14:00:00Z,13.03,13.09,13,13.09,5215100
2023-09-28T15:00:00Z,13.08,13.13,13.06,13.09,2725400
2023-09-28T16:00:00Z,13.1,13.12,13.08,13.08,5659900
2023-09-28T17:00:00Z,13.09,13.11,13.03,13.1,9267700
2023-09-28T18:00:00Z,13.11,13.11,13.03,13.03,5102700
2023-09-28T19:00:00Z,13.03,13.05,12.98,13.02,7838400
2023-09-29T13:00:00Z,13.08,13.17,13.05,13.13,3376700
2023-09-29T14:00:00Z,13.12,13.15,13.09,13.13,2378200
2023-09-29T15:00:00Z,13.13,13.13,13.06,13.07,4324800
2023-09-29T16:00:00Z,13.08,13.11,13.07,13.09,1181400
2023-09-29T17:00:00Z,13.09,13.1,13.05,13.09,1637600
2023-09-29T18:00:00Z,13.08,13.14,13.08,13.13,2161300
2023-09-29T19:00:00Z,13.14,13.15,13.11,13.12,3492000
2023-10-02T13:00:00Z,13.11,13.15,13.07,13.09,977000
2023-10-02T14:00:00Z,13.09,13.1,12.98,13,1989100
2023-10-02T15:00:00Z,13.01,13.11,12.98,13.11,4415400
2023-10-02T16:00:00Z,13.11,13.11,13.05,13.08,3631000
2023-10-02T17:00:00Z,13.08,13.1,13.07,13.09,1222600
2023-10-02T18:00:00Z,13.08,13.1,13.06,13.09,1718400
2023-10-02T19:00:00Z,13.09,13.1,13.08,13.09,2674600
2023-10-03T13:00:00Z,13.06,13.29,12.94,13.2,11596800
2023-10-03T14:00:00Z,13.19,13.29,13.14,13.2,5424700
2023-10-03T15:00:00Z,13.19,13.21,13.12,13.12,1804900
2023-10-03T16:00:00Z,13.12,13.16,13.11,13.12,1392700
2023-10-03T17:00:00Z,13.13,13.13,13.03,13.04,2069300
2023-10-03T18:00:00Z,13.05,13.08,12.99,13.03,3382700
2023-10-03T19:00:00Z,13.04,13.06,12.99,13.04,3691200
2023-10-04T13:00:00Z,13.05,13.21,13.04,13.1,2124300
2023-10-04T14:00:00Z,13.09,13.18,13.08,13.17,2348000
2023-10-04T15:00:00Z,13.18,13.27,13.15,13.27,3320000
2023-10-04T16:00:00Z,13.26,13.26,13.16,13.2,1518600
2023-10-04T17:00:00Z,13.2,13.23,13.17,13.2,1430900
2023-10-04T18:00:00Z,13.2,13.22,13.18,13.21,1499400
2023-10-04T19:00:00Z,13.21,13.24,13.18,13.23,1992000
2023-10-05T13:00:00Z,13.18,13.23,13.1,13.16,3379500
2023-10-05T14:00:00Z,13.16,13.18,13.07,13.12,2622600
2023-10-05T15:00:00Z,13.11,13.15,13.09,13.15,1380200
2023-10-05T16:00:00Z,13.14,13.15,13.04,13.06,2943700
2023-10-05T17:00:00Z,13.06,13.07,13.03,13.03,1287300
2023-10-05T18:00:00Z,13.04,13.04,12.88,12.94,6248900
2023-10-05T19:00:00Z,12.93,12.94,12.86,12.91,10853100
2023-10-06T13:00:00Z,12.8,12.92,12.74,12.81,5663400
2023-10-06T14:00:00Z,12.8,13.04,12.76,12.94,7055300
2023-10-06T15:00:00Z,12.94,13.06,12.92,13.05,6132700
2023-10-06T16:00:00Z,13.05,13.2,13.04,13.15,5621900
2023-10-06T17:00:00Z,13.15,13.2,13.15,13.18,1977400
2023-10-06T18:00:00Z,13.18,13.23,13.15,13.19,4324400
2023-10-06T19:00:00Z,13.2,13.28,13.15,13.2,7301500
2023-10-09T13:00:00Z,13.15,13.17,13.08,13.11,1839300
2023-10-09T14:00:00Z,13.11,13.16,13.05,13.15,2386000
2023-10-09T15:00:00Z,13.15,13.16,13.09,13.12,1605600
2023-10-09T16:00:00Z,13.11,13.14,13.09,13.1,797100
2023-10-09T17:00:00Z,13.11,13.17,13.1,13.15,1467600
2023-10-09T18:00:00Z,13.16,13.19,13.14,13.15,2448100
2023-10-09T19:00:00Z,13.16,13.17,13.12,13.15,3116500
2023-10-10T13:00:00Z,13.17,13.28,13.12,13.28,2853800
2023-10-10T14:00:00Z,13.27,13.36,13.26,13.29,3060900
2023-10-10T15:00:00Z,13.28,13.29,13.26,13.26,1232800
2023-10-10T16:00:00Z,13.26,13.28,13.25,13.26,1196200
2023-10-10T17:00:00Z,13.25,13.26,13.21,13.24,1424500
2023-10-10T18:00:00Z,13.23,13.27,13.21,13.27,1829400
2023-10-10T19:00:00Z,13.26,13.3,13.24,13.25,3000700
2023-10-11T13:00:00Z,13.25,13.3,13.21,13.27,1482400
2023-10-11T14:00:00Z,13.27,13.33,13.24,13.3,1842100
2023-10-11T15:00:00Z,13.29,13.3,13.25,13.25,1245700
2023-10-11T16:00:00Z,13.25,13.26,13.19,13.21,2168800
2023-10-11T17:00:00Z,13.21,13.23,13.19,13.23,1510300
2023-10-11T18:00:00Z,13.23,13.28,13.22,13.25,1437000
2023-10-11T19:00:00Z,13.24,13.3,13.23,13.3,1795400
2023-10-13T13:00:00Z,13.28,13.28,13.02,13.11,3806300
2023-10-13T14:00:00Z,13.1,13.1,12.98,13.03,3015300
2023-10-13T15:00:00Z,13.04,13.05,12.97,12.97,1742600
2023-10-13T16:00:00Z,12.97,13.08,12.97,13.05,1461800
2023-10-13T17:00:00Z,13.05,13.06,12.95,12.99,2595600
2023-10-13T18:00:00Z,12.99,12.99,12.92,12.94,2254500
2023-10-13T19:00:00Z,12.94,13.07,12.93,13.03,6704700
2023-10-16T13:00:00Z,13.01,13.06,12.95,13.01,1796400
2023-10-16T14:00:00Z,13.01,13.08,12.98,13.02,1641900
2023-10-16T15:00:00Z,13.01,13.03,12.97,13.01,960100
2023-10-16T16:00:00Z,13.01,13.03,12.98,13.03,967900
2023-10-16T17:00:00Z,13.02,13.04,12.98,13.01,1509600
2023-10-16T18:00:00Z,13.02,13.03,12.99,13,1330400
2023-10-16T19:00:00Z,13,13.03,12.99,12.99,2306900
2023-10-17T13:00:00Z,12.9,12.95,12.84,12.87,3036200
2023-10-17T14:00:00Z,12.87,12.99,12.86,12.94,3189900
2023-10-17T15:00:00Z,12.94,12.94,12.9,12.93,1328200
2023-10-17T16:00:00Z,12.93,12.95,12.89,12.89,1451100
2023-10-17T17:00:00Z,12.89,12.9,12.85,12.87,2556900
2023-10-17T18:00:00Z,12.87,12.88,12.79,12.8,3922800
2023-10-17T19:00:00Z,12.8,12.83,12.78,12.81,3764500
2023-10-18T13:00:00Z,12.74,12.78,12.68,12.76,3709900
2023-10-18T14:00:00Z,12.75,12.76,12.6,12.62,3686100
2023-10-18T15:00:00Z,12.61,12.67,12.57,12.58,4780500
2023-10-18T16:00:00Z,12.58,12.61,12.56,12.56,2528500
2023-10-18T17:00:00Z,12.57,12.63,12.55,12.62,5064500
2023-10-18T18:00:00Z,12.62,12.62,12.56,12.59,4941900
2023-10-18T19:00:00Z,12.59,12.59,12.49,12.53,5979800
2023-10-19T13:00:00Z,12.56,12.65,12.54,12.61,2638000
2023-10-19T14:00:00Z,12.61,12.62,12.56,12.6,1571200
2023-10-19T15:00:00Z,12.6,12.67,12.59,12.64,1209100
2023-10-19T16:00:00Z,12.64,12.68,12.61,12.65,1653200
2023-10-19T17:00:00Z,12.66,12.69,12.61,12.62,1864200
2023-10-19T18:00:00Z,12.62,12.64,12.53,12.59,2385100
2023-10-19T19:00:00Z,12.59,12.6,12.51,12.55,1708400
2023-10-20T13:00:00Z,12.45,12.63,12.4,12.54,2817700
2023-10-20T14:00:00Z,12.54,12.58,12.48,12.54,2133200
2023-10-20T15:00:00Z,12.53,12.55,12.52,12.53,776100
2023-10-20T16:00:00Z,12.52,12.56,12.5,12.54,1117300
2023-10-20T17:00:00Z,12.54,12.58,12.49,12.51,1712800
2023-10-20T18:00:00Z,12.51,12.52,12.48,12.49,1050600
2023-10-20T19:00:00Z,12.49,12.53,12.47,12.52,2817200
2023-10-23T13:00:00Z,12.46,12.54,12.38,12.51,1144400
2023-10-23T14:00:00Z,12.51,12.57,12.49,12.56,1079700
2023-10-23T15:00:00Z,12.55,12.57,12.52,12.54,1006100
2023-10-23T16:00:00Z,12.55,12.56,12.51,12.56,692500
2023-10-23T17:00:00Z,12.56,12.57,12.5,12.5,1372400
2023-10-23T18:00:00Z,12.5,12.52,12.48,12.51,1836000
2023-10-23T19:00:00Z,12.5,12.51,12.44,12.44,2516600
2023-10-24T13:00:00Z,12.58,12.59,12.45,12.46,1951300
2023-10-24T14:00:00Z,12.47,12.53,12.45,12.48,3074300
2023-10-24T15:00:00Z,12.49,12.52,12.45,12.51,1878700
2023-10-24T16:00:00Z,12.52,12.52,12.39,12.42,5881900
2023-10-24T17:00:00Z,12.41,12.42,12.33,12.39,5806400
2023-10-24T18:00:00Z,12.39,12.47,12.39,12.45,7964000
2023-10-24T19:00:00Z,12.46,12.57,12.45,12.52,3286300
2023-10-25T13:00:00Z,12.51,12.52,12.4,12.45,2011800
2023-10-25T14:00:00Z,12.45,12.49,12.44,12.47,2242400
2023-10-25T15:00:00Z,12.47,12.54,12.47,12.5,1342500
2023-10-25T16:00:00Z,12.51,12.51,12.48,12.49,996200
2023-10-25T17:00:00Z,12.49,12.5,12.43,12.48,2119000
2023-10-25T18:00:00Z,12.48,12.49,12.45,12.47,959200
2023-10-25T19:00:00Z,12.48,12.49,12.42,12.44,2156400
2023-10-26T13:00:00Z,12.48,12.74,12.41,12.73,3691600
2023-10-26T14:00:00Z,12.73,12.78,12.7,12.73,4446900
2023-10-26T15:00:00Z,12.74,12.76,12.71,12.71,1570400
2023-10-26T16:00:00Z,12.72,12.73,12.68,12.72,1501600
2023-10-26T17:00:00Z,12.72,12.72,12.59,12.61,3442300
2023-10-26T18:00:00Z,12.62,12.66,12.61,12.65,2016600
2023-10-26T19:00:00Z,12.64,12.65,12.57,12.59,3104500
2023-10-27T13:00:00Z,12.58,12.63,12.48,12.5,1785900
2023-10-27T14:00:00Z,12.49,12.54,12.49,12.5,1603300
2023-10-27T15:00:00Z,12.5,12.52,12.47,12.48,1280100
2023-10-27T16:00:00Z,12.48,12.48,12.42,12.42,1631600
2023-10-27T17:00:00Z,12.42,12.43,12.32,12.33,3465400
2023-10-27T18:00:00Z,12.34,12.37,12.31,12.33,3826400
2023-10-27T19:00:00Z,12.33,12.35,12.28,12.34,7557400
2023-10-30T13:00:00Z,12.4,12.42,12.3,12.38,2390300
2023-10-30T14:00:00Z,12.38,12.47,12.37,12.45,10632200
2023-10-30T15:00:00Z,12.45,12.49,12.38,12.39,3782300
2023-10-30T16:00:00Z,12.39,12.4,12.33,12.36,1765200
2023-10-30T17:00:00Z,12.37,12.39,12.34,12.36,1307400
2023-10-30T18:00:00Z,12.36,12.4,12.35,12.4,1793700
2023-10-30T19:00:00Z,12.39,12.4,12.33,12.37,2623400
2023-10-31T13:00:00Z,12.95,12.95,12.61,12.71,20900500
2023-10-31T14:00:00Z,12.71,12.87,12.64,12.85,10117200
2023-10-31T15:00:00Z,12.85,12.86,12.82,12.85,4134400
2023-10-31T16:00:00Z,12.85,12.85,12.8,12.83,2529900
2023-10-31T17:00:00Z,12.83,12.85,12.77,12.82,7275200
2023-10-31T18:00:00Z,12.81,12.84,12.79,12.81,6236600
2023-10-31T19:00:00Z,12.81,12.84,12.78,12.84,6652600
2023-11-01T13:00:00Z,12.9,12.93,12.76,12.83,8365200
2023-11-01T14:00:00Z,12.83,12.91,12.82,12.89,4062900
2023-11-01T15:00:00Z,12.89,12.93,12.88,12.93,4750800
2023-11-01T16:00:00Z,12.93,12.93,12.88,12.91,1348700
2023-11-01T17:00:00Z,12.91,12.93,12.89,12.89,2076400
2023-11-01T18:00:00Z,12.89,12.95,12.87,12.95,4593000
2023-11-01T19:00:00Z,12.95,13,12.93,12.97,9580900
2023-11-03T13:00:00Z,13.1,13.22,13.05,13.2,3476900
2023-11-03T14:00:00Z,13.2,13.22,13.1,13.15,2438300
2023-11-03T15:00:00Z,13.15,13.23,13.13,13.19,2053300
2023-11-03T16:00:00Z,13.2,13.37,13.19,13.35,4784700
2023-11-03T17:00:00Z,13.36,13.37,13.28,13.35,3693200
2023-11-03T18:00:00Z,13.35,13.37,13.33,13.35,2951300
2023-11-03T19:00:00Z,13.35,13.36,13.29,13.32,4709900
2023-11-06T13:00:00Z,13.34,13.36,13.29,13.33,862400
2023-11-06T14:00:00Z,13.33,13.46,13.32,13.45,1927100
2023-11-06T15:00:00Z,13.45,13.48,13.4,13.43,2733700
2023-11-06T16:00:00Z,13.43,13.47,13.38,13.46,1520300
2023-11-06T17:00:00Z,13.46,13.47,13.4,13.43,1153800
2023-11-06T18:00:00Z,13.43,13.48,13.42,13.47,1515700
2023-11-06T19:00:00Z,13.46,13.54,13.45,13.54,5035800
2023-11-06T20:00:00Z,13.53,13.57,13.47,13.52,2700700
2023-11-07T13:00:00Z,13.5,13.55,13.46,13.5,1192100
2023-11-07T14:00:00Z,13.51,13.57,13.47,13.54,3280900
2023-11-07T15:00:00Z,13.55,13.58,13.52,13.56,1421100
2023-11-07T16:00:00Z,13.57,13.58,13.53,13.54,2076500
2023-11-07T17:00:00Z,13.54,13.56,13.5,13.52,2720300
2023-11-07T18:00:00Z,13.51,13.57,13.51,13.54,1723800
2023-11-07T19:00:00Z,13.54,13.56,13.52,13.55,2394400
2023-11-07T20:00:00Z,13.56,13.59,13.55,13.57,3018400
2023-11-08T13:00:00Z,13.59,13.67,13.59,13.64,1015500
2023-11-08T14:00:00Z,13.64,13.67,13.6,13.65,4582100
2023-11-08T15:00:00Z,13.65,13.68,13.56,13.57,3704400
2023-11-08T16:00:00Z,13.58,13.6,13.56,13.58,959700
2023-11-08T17:00:00Z,13.58,13.58,13.54,13.57,1106900
2023-11-08T18:00:00Z,13.58,13.62,13.52,13.53,6810400
2023-11-08T19:00:00Z,13.55,13.58,13.52,13.55,4024600
2023-11-08T20:00:00Z,13.55,13.59,13.53,13.53,4942300
2023-11-09T13:00:00Z,13.57,13.57,13.41,13.42,1613700
2023-11-09T14:00:00Z,13.41,13.53,13.41,13.53,2988700
2023-11-09T15:00:00Z,13.52,13.53,13.44,13.46,1177100
2023-11-09T16:00:00Z,13.46,13.49,13.45,13.48,1392300
2023-11-09T17:00:00Z,13.48,13.49,13.41,13.44,2859700
2023-11-09T18:00:00Z,13.44,13.46,13.39,13.42,1971600
2023-11-09T19:00:00Z,13.43,13.44,13.37,13.44,3439000
2023-11-09T20:00:00Z,13.44,13.48,13.41,13.43,1175800
2023-11-10T13:00:00Z,13.45,13.48,13.4,13.43,1292500
2023-11-10T14:00:00Z,13.42,13.49,13.36,13.4,2977200
2023-11-10T15:00:00Z,13.41,13.44,13.38,13.43,1494100
2023-11-10T16:00:00Z,13.44,13.46,13.38,13.39,2003100
2023-11-10T17:00:00Z,13.38,13.43,13.37,13.37,1795200
2023-11-10T18:00:00Z,13.38,13.4,13.35,13.39,1411600
2023-11-10T19:00:00Z,13.39,13.41,13.38,13.39,750600
2023-11-10T20:00:00Z,13.4,13.4,13.37,13.37,1212800
2023-11-13T13:00:00Z,13.37,13.37,13.29,13.34,2135200
2023-11-13T14:00:00Z,13.33,13.42,13.29,13.39,1227000
2023-11-13T15:00:00Z,13.39,13.53,13.38,13.52,2807800
2023-11-13T16:00:00Z,13.52,13.55,13.49,13.51,845800
2023-11-13T17:00:00Z,13.51,13.54,13.48,13.49,1243800
2023-11-13T18:00:00Z,13.5,13.54,13.49,13.5,716800
2023-11-13T19:00:00Z,13.51,13.51,13.47,13.48,1818600
2023-11-13T20:00:00Z,13.47,13.48,13.43,13.44,2341200
2023-11-14T13:00:00Z,13.5,13.73,13.45,13.67,3068800
2023-11-14T14:00:00Z,13.67,13.75,13.59,13.7,4987600
2023-11-14T15:00:00Z,13.69,13.71,13.62,13.65,2378300
2023-11-14T16:00:00Z,13.65,13.67,13.61,13.63,1651500
2023-11-14T17:00:00Z,13.63,13.66,13.61,13.65,2114600
2023-11-14T18:00:00Z,13.65,13.71,13.64,13.69,2645400
2023-11-14T19:00:00Z,13.68,13.7,13.65,13.68,2069900
2023-11-14T20:00:00Z,13.68,13.72,13.64,13.67,2908400
2023-11-16T13:00:00Z,13.7,13.8,13.55,13.59,3950100
2023-11-16T14:00:00Z,13.58,13.69,13.58,13.68,5507600
2023-11-16T15:00:00Z,13.67,13.71,13.62,13.69,5904100
2023-11-16T16:00:00Z,13.69,13.69,13.62,13.66,2675800
2023-11-16T17:00:00Z,13.66,13.72,13.65,13.69,4450700
2023-11-16T18:00:00Z,13.68,13.75,13.67,13.68,11227100
2023-11-16T19:00:00Z,13.67,13.7,13.66,13.68,4502800
2023-11-16T20:00:00Z,13.68,13.69,13.65,13.66,3839400
2023-11-17T13:00:00Z,13.71,13.74,13.61,13.64,1440900
2023-11-17T14:00:00Z,13.65,13.65,13.52,13.58,4541200
2023-11-17T15:00:00Z,13.58,13.61,13.53,13.54,2982400
2023-11-17T16:00:00Z,13.54,13.61,13.52,13.6,4530900
2023-11-17T17:00:00Z,13.6,13.61,13.57,13.6,2536700
2023-11-17T18:00:00Z,13.6,13.62,13.54,13.54,3113800
2023-11-17T19:00:00Z,13.54,13.56,13.52,13.54,5037700
2023-11-17T20:00:00Z,13.54,13.58,13.52,13.57,7976600
2023-11-20T13:00:00Z,13.61,13.71,13.55,13.58,2057100
2023-11-20T14:00:00Z,13.58,13.61,13.54,13.57,1397700
2023-11-20T15:00:00Z,13.58,13.6,13.56,13.57,723800
2023-11-20T16:00:00Z,13.57,13.58,13.47,13.52,1606000
2023-11-20T17:00:00Z,13.53,13.55,13.52,13.54,824200
2023-11-20T18:00:00Z,13.54,13.6,13.54,13.59,1831400
2023-11-20T19:00:00Z,13.6,13.6,13.54,13.58,2317800
2023-11-20T20:00:00Z,13.59,13.59,13.56,13.58,2394100
2023-11-21T13:00:00Z,13.6,13.62,13.54,13.6,1057800
2023-11-21T14:00:00Z,13.6,13.61,13.51,13.52,2840900
2023-11-21T15:00:00Z,13.51,13.55,13.45,13.46,1638000
2023-11-21T16:00:00Z,13.46,13.48,13.43,13.44,1294000
2023-11-21T17:00:00Z,13.44,13.5,13.44,13.45,1422200
2023-11-21T18:00:00Z,13.45,13.46,13.39,13.39,2016600
2023-11-21T19:00:00Z,13.39,13.41,13.36,13.39,2884700
2023-11-21T20:00:00Z,13.39,13.44,13.38,13.4,2476200
2023-11-22T13:00:00Z,13.49,13.6,13.43,13.56,3977800
2023-11-22T14:00:00Z,13.55,13.58,13.51,13.53,2990300
2023-11-22T15:00:00Z,13.52,13.56,13.51,13.53,2347000
2023-11-22T16:00:00Z,13.52,13.55,13.51,13.55,4043400
2023-11-22T17:00:00Z,13.55,13.55,13.47,13.5,1909000
2023-11-22T18:00:00Z,13.49,13.53,13.48,13.51,1635600
2023-11-22T19:00:00Z,13.51,13.55,13.5,13.53,2746300
2023-11-22T20:00:00Z,13.53,13.57,13.5,13.56,5347300
2023-11-23T13:00:00Z,13.61,13.62,13.41,13.41,7010800
2023-11-23T14:00:00Z,13.43,13.69,13.43,13.68,3278800
2023-11-23T15:00:00Z,13.68,13.76,13.67,13.76,6406400
2023-11-23T16:00:00Z,13.75,13.76,13.63,13.66,5923200
2023-11-23T17:00:00Z,13.65,13.66,13.63,13.65,315700
2023-11-23T18:00:00Z,13.65,13.65,13.56,13.58,917700
2023-11-23T19:00:00Z,13.57,13.59,13.5,13.51,1040900
2023-11-23T20:00:00Z,13.5,13.56,13.27,13.56,5675000
2023-11-24T13:00:00Z,13.5,13.54,13.28,13.4,4132100
2023-11-24T14:00:00Z,13.4,13.42,13.36,13.38,2822400
2023-11-24T15:00:00Z,13.38,13.46,13.38,13.45,2124900
2023-11-24T16:00:00Z,13.45,13.46,13.42,13.42,808400
2023-11-24T17:00:00Z,13.42,13.48,13.41,13.47,2362900
2023-11-24T18:00:00Z,13.47,13.47,13.41,13.44,1461100
2023-11-24T19:00:00Z,13.43,13.46,13.43,13.45,922700
2023-11-24T20:00:00Z,13.46,13.47,13.4,13.44,2006900
2023-11-27T13:00:00Z,13.44,13.49,13.4,13.43,889400
2023-11-27T14:00:00Z,13.42,13.44,13.37,13.42,1220500
2023-11-27T15:00:00Z,13.42,13.44,13.39,13.4,1836800
2023-11-27T16:00:00Z,13.4,13.42,13.39,13.4,1182700
2023-11-27T17:00:00Z,13.4,13.48,13.4,13.46,1594700
2023-11-27T18:00:00Z,13.47,13.63,13.46,13.61,5051500
2023-11-27T19:00:00Z,13.61,13.62,13.54,13.55,3078500
2023-11-27T20:00:00Z,13.56,13.61,13.53,13.6,2938800
2023-11-28T13:00:00Z,13.52,13.67,13.52,13.57,1390500
2023-11-28T14:00:00Z,13.59,13.7,13.56,13.67,1815600
2023-11-28T15:00:00Z,13.68,13.71,13.67,13.7,1431100
2023-11-28T16:00:00Z,13.7,13.7,13.65,13.65,1028400
2023-11-28T17:00:00Z,13.66,13.68,13.64,13.67,1593000
2023-11-28T18:00:00Z,13.67,13.7,13.64,13.65,1388800
2023-11-28T19:00:00Z,13.65,13.66,13.6,13.66,2160600
2023-11-28T20:00:00Z,13.66,13.67,13.63,13.65,1668600
2023-11-29T13:00:00Z,13.63,13.69,13.58,13.61,1304200
2023-11-29T14:00:00Z,13.61,13.61,13.48,13.51,2986000
2023-11-29T15:00:00Z,13.51,13.54,13.49,13.5,1984500
2023-11-29T16:00:00Z,13.51,13.52,13.46,13.49,1334000
2023-11-29T17:00:00Z,13.49,13.49,13.45,13.45,1072300
2023-11-29T18:00:00Z,13.46,13.47,13.42,13.42,2374900
2023-11-29T19:00:00Z,13.42,13.43,13.36,13.37,2404900
2023-11-29T20:00:00Z,13.36,13.37,13.33,13.33,3351300
2023-11-30T13:00:00Z,13.3,13.43,13.25,13.37,2406300
2023-11-30T14:00:00Z,13.36,13.51,13.33,13.44,2946000
2023-11-30T15:00:00Z,13.44,13.59,13.41,13.58,3167700
2023-11-30T16:00:00Z,13.58,13.64,13.57,13.61,2654600
2023-11-30T17:00:00Z,13.61,13.74,13.58,13.71,3933300
2023-11-30T18:00:00Z,13.72,13.74,13.66,13.69,3885300
2023-11-30T19:00:00Z,13.68,13.72,13.67,13.69,2548600
2023-11-30T20:00:00Z,13.7,13.71,13.57,13.61,3490300
2023-12-01T13:00:00Z,13.69,13.86,13.6,13.85,5608900
2023-12-01T14:00:00Z,13.85,13.99,13.84,13.92,4969700
2023-12-01T15:00:00Z,13.93,13.94,13.87,13.9,1689600
2023-12-01T16:00:00Z,13.91,13.99,13.88,13.98,3708400
2023-12-01T17:00:00Z,13.98,14.07,13.97,14.04,3957400
2023-12-01T18:00:00Z,14.04,14.05,13.97,13.99,1881000
2023-12-01T19:00:00Z,13.99,14.02,13.97,13.99,1603200
2023-12-01T20:00:00Z,13.98,14.04,13.97,14.03,3332000
2023-12-04T13:00:00Z,14.03,14.07,14,14.02,794800
2023-12-04T14:00:00Z,14.02,14.06,13.99,14.06,960300
2023-12-04T15:00:00Z,14.05,14.06,14,14.01,1334600
2023-12-04T16:00:00Z,14.01,14.06,14.01,14.05,549300
2023-12-04T17:00:00Z,14.05,14.07,14.03,14.06,1066100
2023-12-04T18:00:00Z,14.06,14.09,14.05,14.07,1103200
2023-12-04T19:00:00Z,14.07,14.08,14.05,14.07,1126700
2023-12-04T20:00:00Z,14.07,14.08,14.04,14.05,1887500
2023-12-05T13:00:00Z,14.08,14.27,14.07,14.25,1747400
2023-12-05T14:00:00Z,14.24,14.32,14.12,14.16,5759600
2023-12-05T15:00:00Z,14.17,14.27,14.16,14.26,2159600
2023-12-05T16:00:00Z,14.26,14.27,14.23,14.25,1941100
2023-12-05T17:00:00Z,14.25,14.32,14.25,14.3,1810400
2023-12-05T18:00:00Z,14.3,14.37,14.25,14.25,9393600
2023-12-05T19:00:00Z,14.26,14.32,14.23,14.27,5347900
2023-12-05T20:00:00Z,14.27,14.29,14.22,14.24,5573200
2023-12-06T13:00:00Z,14.27,14.32,13.91,13.97,5473000
2023-12-06T14:00:00Z,13.97,14.09,13.96,14,3275000
2023-12-06T15:00:00Z,14,14.01,13.95,13.96,1953000
2023-12-06T16:00:00Z,13.95,14,13.93,13.96,1127000
2023-12-06T17:00:00Z,13.96,14.01,13.94,13.98,1011800
2023-12-06T18:00:00Z,13.98,14.01,13.95,13.99,2152100
2023-12-06T19:00:00Z,14,14.03,13.98,14.01,1658400
2023-12-06T20:00:00Z,14.02,14.03,13.99,14,1839000
2023-12-07T13:00:00Z,14.02,14.25,14.02,14.21,1778900
2023-12-07T14:00:00Z,14.21,14.28,14.12,14.13,2658900
2023-12-07T15:00:00Z,14.13,14.15,14.11,14.13,688200
2023-12-07T16:00:00Z,14.12,14.13,14.09,14.1,581800
2023-12-07T17:00:00Z,14.11,14.11,14.07,14.09,800500
2023-12-07T18:00:00Z,14.08,14.09,14.04,14.09,919300
2023-12-07T19:00:00Z,14.09,14.12,14.08,14.08,993100
2023-12-07T20:00:00Z,14.09,14.11,14.04,14.04,1298200
2023-12-08T13:00:00Z,14.28,14.49,14.21,14.22,4405400
2023-12-08T14:00:00Z,14.21,14.32,14.17,14.28,1723000
2023-12-08T15:00:00Z,14.29,14.39,14.28,14.35,2081200
2023-12-08T16:00:00Z,14.34,14.36,14.27,14.28,1526100
2023-12-08T17:00:00Z,14.28,14.29,14.22,14.27,1317000
2023-12-08T18:00:00Z,14.28,14.33,14.25,14.3,916400
2023-12-08T19:00:00Z,14.3,14.36,14.26,14.35,1940700
2023-12-08T20:00:00Z,14.35,14.36,14.28,14.3,1198500
2023-12-11T13:00:00Z,14.24,14.32,14.22,14.29,777600
2023-12-11T14:00:00Z,14.29,14.39,14.22,14.3,2282400
2023-12-11T15:00:00Z,14.3,14.36,14.26,14.3,938500
2023-12-11T16:00:00Z,14.3,14.31,14.26,14.27,473200
2023-12-11T17:00:00Z,14.28,14.31,14.24,14.3,1066900
2023-12-11T18:00:00Z,14.31,14.32,14.27,14.29,934500
2023-12-11T19:00:00Z,14.28,14.34,14.27,14.34,1453100
2023-12-11T20:00:00Z,14.34,14.35,14.29,14.3,1810400
2023-12-12T13:00:00Z,14.28,14.34,14.25,14.28,721200
2023-12-12T14:00:00Z,14.27,14.33,14.26,14.27,1091700
2023-12-12T15:00:00Z,14.27,14.32,14.26,14.3,944100
2023-12-12T16:00:00Z,14.31,14.32,14.26,14.27,464100
2023-12-12T17:00:00Z,14.27,14.28,14.22,14.23,1057600
2023-12-12T18:00:00Z,14.22,14.26,14.18,14.22,1197500
2023-12-12T19:00:00Z,14.23,14.28,14.22,14.27,839700
2023-12-12T20:00:00Z,14.27,14.3,14.23,14.25,1293000
2023-12-13T13:00:00Z,14.27,14.38,14.14,14.28,7028000
2023-12-13T14:00:00Z,14.28,14.42,14.27,14.42,2159300
2023-12-13T15:00:00Z,14.42,14.44,14.33,14.43,1410100
2023-12-13T16:00:00Z,14.42,14.46,14.39,14.43,1965300
2023-12-13T17:00:00Z,14.44,14.48,14.42,14.48,1425000
2023-12-13T18:00:00Z,14.48,14.48,14.36,14.44,6604600
2023-12-13T19:00:00Z,14.45,14.66,14.44,14.64,8265500
2023-12-13T20:00:00Z,14.64,14.8,14.61,14.7,22388700
2023-12-14T13:00:00Z,14.85,14.87,14.47,14.49,15533800
2023-12-14T14:00:00Z,14.49,14.5,14.3,14.39,7947200
2023-12-14T15:00:00Z,14.39,14.5,14.37,14.43,9531600
2023-12-14T16:00:00Z,14.42,14.44,14.39,14.4,4819800
2023-12-14T17:00:00Z,14.4,14.46,14.4,14.43,1713000
2023-12-14T18:00:00Z,14.44,14.45,14.41,14.44,4754900
2023-12-14T19:00:00Z,14.44,14.53,14.43,14.49,2580800
2023-12-14T20:00:00Z,14.49,14.52,14.45,14.47,10779900
2023-12-15T13:00:00Z,14.5,14.57,14.39,14.46,3833500
2023-12-15T14:00:00Z,14.46,14.51,14.46,14.5,3232600
2023-12-15T15:00:00Z,14.49,14.51,14.43,14.5,4233200
2023-12-15T16:00:00Z,14.5,14.51,14.44,14.45,2195100
2023-12-15T17:00:00Z,14.46,14.46,14.41,14.45,4290500
2023-12-15T18:00:00Z,14.46,14.49,14.43,14.44,2768200
2023-12-15T19:00:00Z,14.44,14.45,14.39,14.42,2196600
2023-12-15T20:00:00Z,14.43,14.48,14.42,14.48,4048000
2023-12-18T13:00:00Z,14.5,14.63,14.47,14.51,2226500
2023-12-18T14:00:00Z,14.51,14.54,14.43,14.48,3306900
2023-12-18T15:00:00Z,14.49,14.56,14.48,14.53,1650700
2023-12-18T16:00:00Z,14.54,14.58,14.52,14.55,2098000
2023-12-18T17:00:00Z,14.55,14.64,14.55,14.61,2657000
2023-12-18T18:00:00Z,14.61,14.63,14.55,14.6,1567400
2023-12-18T19:00:00Z,14.59,14.64,14.58,14.61,4565700
2023-12-18T20:00:00Z,14.61,14.62,14.54,14.59,3901700
2023-12-19T13:00:00Z,14.59,14.78,14.55,14.73,4587900
2023-12-19T14:00:00Z,14.73,14.75,14.67,14.71,5074400
2023-12-19T15:00:00Z,14.71,14.75,14.69,14.72,3775700
2023-12-19T16:00:00Z,14.71,14.72,14.64,14.68,3851000
2023-12-19T17:00:00Z,14.67,14.7,14.65,14.7,1261800
2023-12-19T18:00:00Z,14.69,14.72,14.67,14.69,3397100
2023-12-19T19:00:00Z,14.69,14.76,14.69,14.72,3649700
2023-12-19T20:00:00Z,14.71,14.72,14.67,14.68,4278600
2023-12-20T13:00:00Z,13.94,13.95,13.68,13.9,4761100
2023-12-20T14:00:00Z,13.9,13.93,13.71,13.77,3894800
2023-12-20T15:00:00Z,13.76,13.87,13.76,13.77,2968600
2023-12-20T16:00:00Z,13.78,13.8,13.75,13.75,1378500
2023-12-20T17:00:00Z,13.75,13.79,13.75,13.79,972800
2023-12-20T18:00:00Z,13.79,13.8,13.75,13.75,1041700
2023-12-20T19:00:00Z,13.75,13.77,13.7,13.73,2440500
2023-12-20T20:00:00Z,13.72,13.76,13.67,13.75,2764000
2023-12-21T13:00:00Z,13.82,13.82,13.64,13.7,2250900
2023-12-21T14:00:00Z,13.69,13.72,13.64,13.68,3018800
2023-12-21T15:00:00Z,13.67,13.73,13.66,13.71,1987000
2023-12-21T16:00:00Z,13.72,13.72,13.65,13.67,11168500
2023-12-21T17:00:00Z,13.66,13.68,13.63,13.63,1701100
2023-12-21T18:00:00Z,13.64,13.67,13.63,13.64,1342900
2023-12-21T19:00:00Z,13.64,13.65,13.59,13.62,2132300
2023-12-21T20:00:00Z,13.62,13.68,13.61,13.66,2811400
2023-12-22T13:00:00Z,13.69,13.74,13.66,13.71,1322000
2023-12-22T14:00:00Z,13.71,13.79,13.68,13.72,1930800
2023-12-22T15:00:00Z,13.73,13.82,13.72,13.8,3208600
2023-12-22T16:00:00Z,13.8,13.83,13.78,13.8,2166300
2023-12-22T17:00:00Z,13.79,13.82,13.78,13.79,1563300
2023-12-22T18:00:00Z,13.79,13.8,13.73,13.73,2475800
2023-12-22T19:00:00Z,13.73,13.76,13.72,13.74,2616000
2023-12-22T20:00:00Z,13.75,13.75,13.71,13.72,2702400
2023-12-26T13:00:00Z,13.72,13.77,13.72,13.74,450300
2023-12-26T14:00:00Z,13.73,13.76,13.69,13.74,644900
2023-12-26T15:00:00Z,13.75,13.78,13.72,13.74,776100
2023-12-26T16:00:00Z,13.75,13.76,13.73,13.75,732800
2023-12-26T17:00:00Z,13.75,13.79,13.74,13.76,936600
2023-12-26T18:00:00Z,13.75,13.77,13.75,13.77,503200
2023-12-26T19:00:00Z,13.76,13.8,13.76,13.78,937800
2023-12-26T20:00:00Z,13.77,13.81,13.76,13.8,1030600
2023-12-27T13:00:00Z,13.78,13.8,13.74,13.76,489700
2023-12-27T14:00:00Z,13.75,13.77,13.72,13.74,890100
2023-12-27T15:00:00Z,13.74,13.82,13.74,13.8,2386400
2023-12-27T16:00:00Z,13.8,13.81,13.77,13.78,1228700
2023-12-27T17:00:00Z,13.78,13.79,13.76,13.78,670800
2023-12-27T18:00:00Z,13.77,13.81,13.76,13.79,1364400
2023-12-27T19:00:00Z,13.78,13.82,13.78,13.8,973800
2023-12-27T20:00:00Z,13.81,13.83,13.8,13.82,1210000
2023-12-28T13:00:00Z,13.8,13.85,13.77,13.77,679900
2023-12-28T14:00:00Z,13.77,13.82,13.76,13.78,1146300
2023-12-28T15:00:00Z,13.78,13.82,13.78,13.8,1409600
2023-12-28T16:00:00Z,13.8,13.83,13.77,13.77,1160700
2023-12-28T17:00:00Z,13.77,13.8,13.75,13.78,1004900
2023-12-28T18:00:00Z,13.79,13.81,13.76,13.78,2307300
2023-12-28T19:00:00Z,13.78,13.79,13.74,13.75,3045400
2023-12-28T20:00:00Z,13.74,13.77,13.73,13.77,1192300
2024-01-02T13:00:00Z,13.72,13.73,13.59,13.62,1426300
2024-01-02T14:00:00Z,13.61,13.71,13.61,13.71,964200
2024-01-02T15:00:00Z,13.71,13.73,13.64,13.65,1305200
2024-01-02T16:00:00Z,13.65,13.7,13.63,13.68,798700
2024-01-02T17:00:00Z,13.67,13.72,13.67,13.7,1090900
2024-01-02T18:00:00Z,13.69,13.71,13.63,13.64,1976200
2024-01-02T19:00:00Z,13.64,13.66,13.63,13.65,886600
2024-01-02T20:00:00Z,13.64,13.7,13.64,13.7,709700
2024-01-03T13:00:00Z,13.67,13.75,13.63,13.63,800200
2024-01-03T14:00:00Z,13.64,13.69,13.58,13.65,2813600
2024-01-03T15:00:00Z,13.65,13.69,13.61,13.64,2483900
2024-01-03T16:00:00Z,13.63,13.64,13.58,13.61,1678800
2024-01-03T17:00:00Z,13.61,13.65,13.6,13.63,1113800
2024-01-03T18:00:00Z,13.63,13.65,13.57,13.6,1864700
2024-01-03T19:00:00Z,13.59,13.64,13.58,13.61,1045300
2024-01-03T20:00:00Z,13.6,13.67,13.59,13.65,3668400
2024-01-04T13:00:00Z,13.6,13.63,13.57,13.59,700000
2024-01-04T14:00:00Z,13.58,13.59,13.52,13.58,1392900
2024-01-04T15:00:00Z,13.57,13.65,13.57,13.63,1075400
2024-01-04T16:00:00Z,13.63,13.68,13.63,13.63,1698300
2024-01-04T17:00:00Z,13.63,13.65,13.61,13.63,1570300
2024-01-04T18:00:00Z,13.64,13.67,13.62,13.64,1842900
2024-01-04T19:00:00Z,13.64,13.65,13.6,13.63,2273300
2024-01-04T20:00:00Z,13.64,13.68,13.6,13.68,7848800
2024-01-05T13:00:00Z,13.62,13.67,13.59,13.65,2076900
2024-01-05T14:00:00Z,13.66,13.67,13.58,13.61,2147400
2024-01-05T15:00:00Z,13.61,13.69,13.61,13.65,2039100
2024-01-05T16:00:00Z,13.66,13.66,13.61,13.61,1200400
2024-01-05T17:00:00Z,13.61,13.62,13.55,13.56,1860600
2024-01-05T18:00:00Z,13.57,13.62,13.53,13.61,2015200
2024-01-05T19:00:00Z,13.61,13.65,13.61,13.62,1095500
2024-01-05T20:00:00Z,13.63,13.64,13.56,13.63,4157500
2024-01-08T13:00:00Z,13.61,13.66,13.58,13.62,425600
2024-01-08T14:00:00Z,13.6,13.75,13.6,13.75,1771400
2024-01-08T15:00:00Z,13.75,13.75,13.68,13.74,1451400
2024-01-08T16:00:00Z,13.74,13.75,13.69,13.69,1469900
2024-01-08T17:00:00Z,13.69,13.73,13.69,13.71,730200
2024-01-08T18:00:00Z,13.71,13.72,13.69,13.7,1073200
2024-01-08T19:00:00Z,13.71,13.73,13.67,13.71,1291200
2024-01-08T20:00:00Z,13.7,13.72,13.67,13.69,1258700
2024-01-09T13:00:00Z,13.69,13.69,13.57,13.61,1676100
2024-01-09T14:00:00Z,13.6,13.62,13.55,13.58,2199900
2024-01-09T15:00:00Z,13.58,13.63,13.58,13.62,969900
2024-01-09T16:00:00Z,13.61,13.64,13.61,13.63,621500
2024-01-09T17:00:00Z,13.62,13.64,13.6,13.64,1161000
2024-01-09T18:00:00Z,13.63,13.64,13.6,13.62,1487700
2024-01-09T19:00:00Z,13.61,13.64,13.58,13.6,1499500
2024-01-09T20:00:00Z,13.59,13.61,13.56,13.61,1826900
2024-01-10T13:00:00Z,13.62,13.7,13.6,13.65,540900
2024-01-10T14:00:00Z,13.66,13.73,13.62,13.71,2052400
2024-01-10T15:00:00Z,13.71,13.82,13.65,13.81,3163200
2024-01-10T16:00:00Z,13.8,13.83,13.77,13.78,3550900
2024-01-10T17:00:00Z,13.77,13.78,13.74,13.76,1998400
2024-01-10T18:00:00Z,13.77,13.79,13.75,13.77,1185400
2024-01-10T19:00:00Z,13.78,13.82,13.77,13.82,1476800
2024-01-10T20:00:00Z,13.81,13.82,13.74,13.78,1986300
2024-01-11T13:00:00Z,13.71,13.77,13.62,13.64,1823700
2024-01-11T14:00:00Z,13.66,13.68,13.58,13.61,3290300
2024-01-11T15:00:00Z,13.62,13.62,13.51,13.55,4074600
2024-01-11T16:00:00Z,13.54,13.62,13.54,13.6,2460000
2024-01-11T17:00:00Z,13.6,13.62,13.57,13.6,1432800
2024-01-11T18:00:00Z,13.6,13.6,13.52,13.56,3126100
2024-01-11T19:00:00Z,13.58,13.58,13.54,13.55,1875500
2024-01-11T20:00:00Z,13.56,13.59,13.53,13.58,2331700
2024-01-12T13:00:00Z,13.52,13.69,13.52,13.66,1439000
2024-01-12T14:00:00Z,13.66,13.72,13.62,13.62,2230300
2024-01-12T15:00:00Z,13.62,13.64,13.48,13.49,3840700
2024-01-12T16:00:00Z,13.49,13.54,13.45,13.48,3760500
2024-01-12T17:00:00Z,13.48,13.52,13.44,13.51,2191700
2024-01-12T18:00:00Z,13.52,13.54,13.49,13.54,2238500
2024-01-12T19:00:00Z,13.54,13.58,13.53,13.57,1262000
2024-01-12T20:00:00Z,13.57,13.59,13.55,13.57,1619100
2024-01-15T13:00:00Z,13.48,13.55,13.46,13.52,456200
2024-01-15T14:00:00Z,13.52,13.56,13.51,13.55,340700
2024-01-15T15:00:00Z,13.55,13.56,13.52,13.55,322200
2024-01-15T16:00:00Z,13.55,13.57,13.53,13.56,993000
2024-01-15T17:00:00Z,13.55,13.59,13.53,13.58,493200
2024-01-15T18:00:00Z,13.57,13.59,13.55,13.56,237900
2024-01-15T19:00:00Z,13.57,13.59,13.55,13.56,459200
2024-01-15T20:00:00Z,13.55,13.6,13.54,13.58,882100
2024-01-16T13:00:00Z,13.44,13.49,13.41,13.44,3274100
2024-01-16T14:00:00Z,13.45,13.52,13.45,13.49,3471000
2024-01-16T15:00:00Z,13.49,13.52,13.44,13.5,2931000
2024-01-16T16:00:00Z,13.5,13.51,13.47,13.47,2942300
2024-01-16T17:00:00Z,13.47,13.48,13.35,13.38,1964300
2024-01-16T18:00:00Z,13.38,13.4,13.34,13.36,2074600
2024-01-16T19:00:00Z,13.36,13.4,13.34,13.4,1826500
2024-01-16T20:00:00Z,13.4,13.41,13.35,13.37,2709000
2024-01-17T13:00:00Z,13.33,13.45,13.33,13.44,851900
2024-01-17T14:00:00Z,13.44,13.48,13.41,13.42,1276800
2024-01-17T15:00:00Z,13.42,13.49,13.41,13.47,1413500
2024-01-17T16:00:00Z,13.47,13.5,13.43,13.46,1213300
2024-01-17T17:00:00Z,13.46,13.47,13.42,13.47,1003200
2024-01-17T18:00:00Z,13.47,13.5,13.46,13.5,1115700
2024-01-17T19:00:00Z,13.5,13.51,13.46,13.46,1506100
2024-01-17T20:00:00Z,13.47,13.47,13.43,13.45,1691700
2024-01-18T13:00:00Z,13.42,13.42,13.29,13.3,1251400
2024-01-18T14:00:00Z,13.3,13.33,13.25,13.29,1695000
2024-01-18T15:00:00Z,13.3,13.33,13.27,13.27,2203300
2024-01-18T16:00:00Z,13.29,13.33,13.25,13.28,1550800
2024-01-18T17:00:00Z,13.29,13.31,13.27,13.29,946600
2024-01-18T18:00:00Z,13.29,13.36,13.28,13.35,2370400
2024-01-18T19:00:00Z,13.36,13.4,13.34,13.39,2639100
2024-01-18T20:00:00Z,13.4,13.41,13.37,13.41,3007200
2024-01-19T13:00:00Z,13.41,13.42,13.36,13.37,655600
2024-01-19T14:00:00Z,13.37,13.4,13.3,13.32,3931000
2024-01-19T15:00:00Z,13.33,13.34,13.26,13.33,4017000
2024-01-19T16:00:00Z,13.33,13.38,13.32,13.37,6127000
2024-01-19T17:00:00Z,13.38,13.39,13.33,13.36,1389400
2024-01-19T18:00:00Z,13.35,13.38,13.33,13.34,2798400
2024-01-19T19:00:00Z,13.35,13.36,13.33,13.36,1246700
2024-01-19T20:00:00Z,13.36,13.36,13.33,13.35,2411600
2024-01-22T13:00:00Z,13.38,13.42,13.31,13.34,2083500
2024-01-22T14:00:00Z,13.34,13.41,13.33,13.41,1296800
2024-01-22T15:00:00Z,13.4,13.45,13.3,13.33,2390600
2024-01-22T16:00:00Z,13.32,13.33,13.26,13.28,1104000
2024-01-22T17:00:00Z,13.29,13.31,13.25,13.26,731200
2024-01-22T18:00:00Z,13.26,13.27,13.23,13.26,1852600
2024-01-22T19:00:00Z,13.27,13.28,13.24,13.27,983700
2024-01-22T20:00:00Z,13.27,13.36,13.27,13.35,3591900
2024-01-23T13:00:00Z,13.39,13.41,13.32,13.39,1038900
2024-01-23T14:00:00Z,13.38,13.4,13.23,13.27,3461000
2024-01-23T15:00:00Z,13.26,13.31,13.25,13.27,1408200
2024-01-23T16:00:00Z,13.28,13.33,13.27,13.32,1778400
2024-01-23T17:00:00Z,13.31,13.35,13.31,13.35,1136700
2024-01-23T18:00:00Z,13.34,13.35,13.33,13.34,1014600
2024-01-23T19:00:00Z,13.33,13.4,13.32,13.4,1633200
2024-01-23T20:00:00Z,13.39,13.43,13.34,13.34,2947600
2024-01-24T13:00:00Z,13.44,13.44,13.37,13.41,846500
2024-01-24T14:00:00Z,13.42,13.43,13.32,13.33,2399400
2024-01-24T15:00:00Z,13.33,13.36,13.26,13.27,1791100
2024-01-24T16:00:00Z,13.27,13.31,13.27,13.3,1305600
2024-01-24T17:00:00Z,13.29,13.34,13.28,13.32,1212300
2024-01-24T18:00:00Z,13.32,13.35,13.3,13.31,1029500
2024-01-24T19:00:00Z,13.31,13.33,13.27,13.27,1149600
2024-01-24T20:00:00Z,13.27,13.29,13.19,13.19,3118000
2024-01-25T13:00:00Z,13.22,13.26,13.18,13.19,1059500
2024-01-25T14:00:00Z,13.19,13.22,13.15,13.2,2651300
2024-01-25T15:00:00Z,13.2,13.22,13.14,13.19,1590100
2024-01-25T16:00:00Z,13.19,13.25,13.16,13.23,1289800
2024-01-25T17:00:00Z,13.23,13.27,13.2,13.25,846400
2024-01-25T18:00:00Z,13.25,13.28,13.2,13.22,883800
2024-01-25T19:00:00Z,13.22,13.25,13.2,13.21,935300
2024-01-25T20:00:00Z,13.22,13.23,13.16,13.2,1930900
2024-01-26T13:00:00Z,13.26,13.26,13.15,13.22,501700
2024-01-26T14:00:00Z,13.22,13.29,13.19,13.26,1001700
2024-01-26T15:00:00Z,13.25,13.27,13.21,13.26,638000
2024-01-26T16:00:00Z,13.26,13.28,13.24,13.27,325000
2024-01-26T17:00:00Z,13.27,13.28,13.25,13.25,572500
2024-01-26T18:00:00Z,13.26,13.27,13.24,13.25,432600
2024-01-26T19:00:00Z,13.25,13.25,13.23,13.23,622200
2024-01-26T20:00:00Z,13.23,13.26,13.21,13.22,922300
2024-01-29T13:00:00Z,13.16,13.24,13.12,13.2,851100
2024-01-29T14:00:00Z,13.2,13.25,13.2,13.21,782700
2024-01-29T15:00:00Z,13.21,13.24,13.19,13.2,912100
2024-01-29T16:00:00Z,13.19,13.21,13.18,13.21,794000
2024-01-29T17:00:00Z,13.2,13.23,13.19,13.23,646500
2024-01-29T18:00:00Z,13.22,13.23,13.18,13.22,776600
2024-01-29T19:00:00Z,13.21,13.25,13.21,13.24,829500
2024-01-29T20:00:00Z,13.23,13.29,13.23,13.28,2356200
2024-01-30T13:00:00Z,13.22,13.25,13.14,13.15,1252200
2024-01-30T14:00:00Z,13.15,13.17,13.09,13.13,2146400
2024-01-30T15:00:00Z,13.13,13.14,13.08,13.11,2337600
2024-01-30T16:00:00Z,13.11,13.15,13.08,13.12,1988900
2024-01-30T17:00:00Z,13.13,13.14,13.05,13.07,1915800
2024-01-30T18:00:00Z,13.07,13.1,13.05,13.06,1992000
2024-01-30T19:00:00Z,13.06,13.09,13.06,13.06,1461700
2024-01-30T20:00:00Z,13.06,13.11,13.03,13.07,4726000
2024-01-31T13:00:00Z,13.08,13.13,13.05,13.11,702700
2024-01-31T14:00:00Z,13.11,13.2,13.11,13.16,2604900
2024-01-31T15:00:00Z,13.15,13.2,13.15,13.17,1275300
2024-01-31T16:00:00Z,13.16,13.22,13.16,13.18,2037500
2024-01-31T17:00:00Z,13.18,13.22,13.15,13.15,2106800
2024-01-31T18:00:00Z,13.16,13.18,13.13,13.18,3680800
2024-01-31T19:00:00Z,13.18,13.2,13.12,13.18,2956300
2024-01-31T20:00:00Z,13.19,13.19,13.03,13.09,5628400
2024-02-01T13:00:00Z,13.07,13.11,12.91,12.94,3656800
2024-02-01T14:00:00Z,12.94,13,12.92,12.98,4184200
2024-02-01T15:00:00Z,12.98,13,12.93,12.94,4601500
2024-02-01T16:00:00Z,12.94,13.02,12.9,13.02,2871100
2024-02-01T17:00:00Z,13.02,13.05,12.99,13.03,2385800
2024-02-01T18:00:00Z,13.04,13.08,13.01,13.02,1511000
2024-02-01T19:00:00Z,13.02,13.04,13.01,13.02,1301500
2024-02-01T20:00:00Z,13.03,13.08,12.99,13.04,4639400
2024-02-02T13:00:00Z,13.08,13.2,13.01,13.01,2041100
2024-02-02T14:00:00Z,13.01,13.1,13,13.07,1950500
2024-02-02T15:00:00Z,13.07,13.09,12.98,13.04,1913500
2024-02-02T16:00:00Z,13.03,13.04,13,13.02,1087300
2024-02-02T17:00:00Z,13.01,13.03,12.96,13.01,1790000
2024-02-02T18:00:00Z,13.01,13.04,12.99,13.03,2393600
2024-02-02T19:00:00Z,13.04,13.11,13.02,13.11,1967400
2024-02-02T20:00:00Z,13.1,13.14,13.06,13.12,7910200
2024-02-05T13:00:00Z,13.08,13.17,13.04,13.1,859400
2024-02-05T14:00:00Z,13.1,13.19,13.09,13.15,2829200
2024-02-05T15:00:00Z,13.15,13.15,13.06,13.1,1506500
2024-02-05T16:00:00Z,13.1,13.11,13.04,13.09,2965400
2024-02-05T17:00:00Z,13.09,13.16,13.09,13.15,1653500
2024-02-05T18:00:00Z,13.15,13.16,13.13,13.15,1058600
2024-02-05T19:00:00Z,13.14,13.18,13.12,13.15,1812200
2024-02-05T20:00:00Z,13.15,13.15,13.1,13.12,1854500
2024-02-06T13:00:00Z,13.07,13.24,13.07,13.23,1512600
2024-02-06T14:00:00Z,13.23,13.23,13.16,13.22,1819900
2024-02-06T15:00:00Z,13.22,13.24,13.18,13.23,3063500
2024-02-06T16:00:00Z,13.24,13.27,13.23,13.27,2436500
2024-02-06T17:00:00Z,13.27,13.29,13.24,13.28,867100
2024-02-06T18:00:00Z,13.28,13.3,13.24,13.3,1989100
2024-02-06T19:00:00Z,13.3,13.3,13.18,13.26,2466900
2024-02-06T20:00:00Z,13.26,13.27,13.12,13.23,12883800
2024-02-07T13:00:00Z,13.25,13.31,13.07,13.08,3028200
2024-02-07T14:00:00Z,13.08,13.15,13.06,13.1,4000700
2024-02-07T15:00:00Z,13.1,13.17,13.07,13.11,3091500
2024-02-07T16:00:00Z,13.11,13.12,13.08,13.09,1928600
2024-02-07T17:00:00Z,13.1,13.12,13.03,13.05,3632100
2024-02-07T18:00:00Z,13.05,13.08,13,13.01,4457700
2024-02-07T19:00:00Z,13.02,13.05,12.93,13.03,10074700
2024-02-07T20:00:00Z,13.03,13.04,12.97,12.98,5176300
2024-02-08T13:00:00Z,12.96,12.98,12.9,12.96,1609900
2024-02-08T14:00:00Z,12.95,12.97,12.9,12.94,2587300
2024-02-08T15:00:00Z,12.94,13.04,12.93,13.02,3458600
2024-02-08T16:00:00Z,13.02,13.03,12.96,12.98,2127400
2024-02-08T17:00:00Z,12.98,13,12.95,12.97,4258000
2024-02-08T18:00:00Z,12.97,13.01,12.96,12.98,2562700
2024-02-08T19:00:00Z,12.99,13,12.92,12.94,2109500
2024-02-08T20:00:00Z,12.94,12.97,12.92,12.95,1844500
2024-02-09T13:00:00Z,12.92,12.93,12.87,12.9,783600
2024-02-09T14:00:00Z,12.9,12.94,12.81,12.92,3337800
2024-02-09T15:00:00Z,12.91,12.92,12.85,12.87,990300
2024-02-09T16:00:00Z,12.87,12.89,12.84,12.87,1943300
2024-02-09T17:00:00Z,12.87,12.93,12.86,12.92,2074600
2024-02-09T18:00:00Z,12.92,12.95,12.91,12.92,922900
2024-02-09T19:00:00Z,12.93,12.98,12.91,12.98,1752000
2024-02-09T20:00:00Z,12.97,12.98,12.93,12.95,1623400
2024-02-14T16:00:00Z,12.88,12.94,12.84,12.89,3512600
2024-02-14T17:00:00Z,12.89,12.91,12.82,12.85,2928000
2024-02-14T18:00:00Z,12.85,12.89,12.84,12.86,2415600
2024-02-14T19:00:00Z,12.86,12.9,12.86,12.86,1614200
2024-02-14T20:00:00Z,12.86,12.92,12.86,12.87,3344300
2024-02-15T13:00:00Z,12.93,13,12.89,12.96,4304500
2024-02-15T14:00:00Z,12.96,13.02,12.87,12.92,10570000
2024-02-15T15:00:00Z,12.92,12.94,12.89,12.91,1688500
2024-02-15T16:00:00Z,12.91,12.92,12.88,12.9,1741000
2024-02-15T17:00:00Z,12.9,12.94,12.9,12.92,1813000
2024-02-15T18:00:00Z,12.92,12.93,12.89,12.91,1176400
2024-02-15T19:00:00Z,12.9,12.91,12.88,12.89,1841300
2024-02-15T20:00:00Z,12.89,12.9,12.84,12.89,2234000
2024-02-16T13:00:00Z,12.9,12.9,12.75,12.83,2222700
2024-02-16T14:00:00Z,12.81,12.83,12.75,12.76,2127900
2024-02-16T15:00:00Z,12.76,12.86,12.76,12.81,2536200
2024-02-16T16:00:00Z,12.81,12.85,12.8,12.83,1875600
2024-02-16T17:00:00Z,12.82,12.84,12.8,12.83,1642800
2024-02-16T18:00:00Z,12.84,12.84,12.8,12.81,2163700
2024-02-16T19:00:00Z,12.8,12.84,12.8,12.8,1587000
2024-02-16T20:00:00Z,12.8,12.82,12.79,12.79,2117100
2024-02-19T13:00:00Z,12.77,12.77,12.68,12.71,810800
2024-02-19T14:00:00Z,12.7,12.71,12.67,12.67,883500
2024-02-19T15:00:00Z,12.68,12.7,12.65,12.69,944200
2024-02-19T16:00:00Z,12.69,12.72,12.69,12.72,358900
2024-02-19T17:00:00Z,12.71,12.73,12.7,12.72,1563100
2024-02-19T18:00:00Z,12.72,12.75,12.71,12.72,1485600
2024-02-19T19:00:00Z,12.72,12.77,12.72,12.75,1334300
2024-02-19T20:00:00Z,12.76,12.79,12.75,12.78,741200
2024-02-20T13:00:00Z,12.81,13.03,12.78,12.99,3525500
2024-02-20T14:00:00Z,13,13.08,12.96,12.97,2817100
2024-02-20T15:00:00Z,12.97,13.05,12.95,13.05,5542700
2024-02-20T16:00:00Z,13.05,13.09,13.02,13.02,2422700
2024-02-20T17:00:00Z,13.03,13.04,12.92,12.94,2458400
2024-02-20T18:00:00Z,12.94,12.94,12.88,12.91,1738700
2024-02-20T19:00:00Z,12.92,12.93,12.89,12.9,1561200
2024-02-20T20:00:00Z,12.89,12.9,12.82,12.86,2878300
2024-02-21T13:00:00Z,12.84,12.87,12.79,12.8,1420700
2024-02-21T14:00:00Z,12.82,12.91,12.8,12.88,1792300
2024-02-21T15:00:00Z,12.88,12.89,12.79,12.8,1556400
2024-02-21T16:00:00Z,12.8,12.82,12.75,12.79,1302900
2024-02-21T17:00:00Z,12.79,12.81,12.78,12.78,1370600
2024-02-21T18:00:00Z,12.78,12.86,12.78,12.85,1773300
2024-02-21T19:00:00Z,12.86,12.87,12.83,12.84,1327400
2024-02-21T20:00:00Z,12.84,12.92,12.84,12.9,1615900
2024-02-22T13:00:00Z,12.93,12.94,12.86,12.89,715400
2024-02-22T14:00:00Z,12.88,12.94,12.87,12.91,1738300
2024-02-22T15:00:00Z,12.92,12.95,12.89,12.94,3005100
2024-02-22T16:00:00Z,12.93,12.95,12.92,12.94,843300
2024-02-22T17:00:00Z,12.93,12.95,12.92,12.94,819200
2024-02-22T18:00:00Z,12.94,12.99,12.92,12.98,1776600
2024-02-22T19:00:00Z,12.97,13.01,12.97,13,1811200
2024-02-22T20:00:00Z,13,13.01,12.95,12.99,3303700
2024-02-23T13:00:00Z,13,13,12.93,12.95,522300
2024-02-23T14:00:00Z,12.93,13.01,12.91,12.97,2749400
2024-02-23T15:00:00Z,12.97,12.98,12.92,12.92,1418900
2024-02-23T16:00:00Z,12.92,12.96,12.89,12.95,1972300
2024-02-23T17:00:00Z,12.95,12.95,12.9,12.91,2870000
2024-02-23T18:00:00Z,12.91,12.92,12.85,12.86,1934000
2024-02-23T19:00:00Z,12.85,12.86,12.82,12.83,2359700
2024-02-23T20:00:00Z,12.83,12.94,12.83,12.9,3540600
2024-02-26T13:00:00Z,12.83,12.98,12.83,12.96,969100
2024-02-26T14:00:00Z,12.96,13.01,12.93,13,2681000
2024-02-26T15:00:00Z,13,13.03,12.99,13.01,1104800
2024-02-26T16:00:00Z,13,13.05,13,13.04,947000
2024-02-26T17:00:00Z,13.04,13.07,13.01,13.06,1145100
2024-02-26T18:00:00Z,13.05,13.1,13.04,13.07,1708900
2024-02-26T19:00:00Z,13.08,13.09,13.06,13.08,789000
2024-02-26T20:00:00Z,13.08,13.09,13.02,13.08,1985000
2024-02-27T13:00:00Z,13.11,13.27,13.07,13.23,3848200
2024-02-27T14:00:00Z,13.23,13.29,13.17,13.27,3708700
2024-02-27T15:00:00Z,13.28,13.29,13.22,13.23,1787400
2024-02-27T16:00:00Z,13.23,13.29,13.22,13.28,2191900
2024-02-27T17:00:00Z,13.28,13.3,13.25,13.3,3730300
2024-02-27T18:00:00Z,13.3,13.33,13.27,13.3,3087600
2024-02-27T19:00:00Z,13.29,13.31,13.23,13.26,2587800
2024-02-27T20:00:00Z,13.24,13.32,13.24,13.29,6240900
2024-02-28T13:00:00Z,13.27,13.55,13.26,13.51,4126400
2024-02-28T14:00:00Z,13.51,13.52,13.38,13.4,7731700
2024-02-28T15:00:00Z,13.4,13.53,13.4,13.5,4758400
2024-02-28T16:00:00Z,13.5,13.58,13.47,13.57,3900200
2024-02-28T17:00:00Z,13.57,13.57,13.49,13.57,2398800
2024-02-28T18:00:00Z,13.57,13.59,13.51,13.51,2142400
2024-02-28T19:00:00Z,13.52,13.56,13.48,13.53,2620100
2024-02-28T20:00:00Z,13.53,13.53,13.44,13.5,3524700
2024-02-29T13:00:00Z,12.92,12.99,12.46,12.56,36279000
2024-02-29T14:00:00Z,12.55,12.64,12.4,12.51,14469900
2024-02-29T15:00:00Z,12.51,12.55,12.43,12.52,6212200
2024-02-29T16:00:00Z,12.53,12.62,12.52,12.62,4779400
2024-02-29T17:00:00Z,12.61,12.63,12.57,12.59,3080300
2024-02-29T18:00:00Z,12.58,12.6,12.55,12.57,2208000
2024-02-29T19:00:00Z,12.58,12.61,12.57,12.6,2741800
2024-02-29T20:00:00Z,12.6,12.68,12.59,12.63,8390300
2024-03-01T13:00:00Z,12.46,12.67,12.44,12.65,6211300
2024-03-01T14:00:00Z,12.65,12.66,12.3,12.31,15796600
2024-03-01T15:00:00Z,12.33,12.44,12.3,12.42,9745100
2024-03-01T16:00:00Z,12.42,12.48,12.38,12.47,3312400
2024-03-01T17:00:00Z,12.48,12.5,12.43,12.49,2694300
2024-03-01T18:00:00Z,12.48,12.53,12.47,12.51,2551500
2024-03-01T19:00:00Z,12.52,12.55,12.5,12.51,2742700
2024-03-01T20:00:00Z,12.52,12.52,12.45,12.47,2932100
2024-03-04T13:00:00Z,12.45,12.57,12.42,12.52,1618500
2024-03-04T14:00:00Z,12.52,12.54,12.41,12.46,3034900
2024-03-04T15:00:00Z,12.45,12.48,12.41,12.43,2756500
2024-03-04T16:00:00Z,12.42,12.56,12.42,12.54,1850100
2024-03-04T17:00:00Z,12.54,12.57,12.52,12.56,1889300
2024-03-04T18:00:00Z,12.57,12.57,12.53,12.53,699100
2024-03-04T19:00:00Z,12.53,12.54,12.48,12.49,905100
2024-03-04T20:00:00Z,12.49,12.5,12.45,12.46,1373500
2024-03-05T13:00:00Z,12.53,12.74,12.45,12.73,4071800
2024-03-05T14:00:00Z,12.72,12.82,12.7,12.76,6366900
2024-03-05T15:00:00Z,12.76,12.82,12.74,12.78,5829200
2024-03-05T16:00:00Z,12.79,12.83,12.76,12.78,2223900
2024-03-05T17:00:00Z,12.78,12.79,12.72,12.73,2989200
2024-03-05T18:00:00Z,12.74,12.78,12.73,12.77,1363000
2024-03-05T19:00:00Z,12.78,12.78,12.71,12.72,2899100
2024-03-05T20:00:00Z,12.71,12.78,12.69,12.76,3926800
2024-03-06T13:00:00Z,12.8,12.98,12.77,12.87,3014600
2024-03-06T14:00:00Z,12.87,12.88,12.73,12.74,2465100
2024-03-06T15:00:00Z,12.74,12.76,12.63,12.67,3101800
2024-03-06T16:00:00Z,12.67,12.7,12.6,12.68,3289700
2024-03-06T17:00:00Z,12.69,12.69,12.64,12.68,8580300
2024-03-06T18:00:00Z,12.68,12.72,12.64,12.64,8374300
2024-03-06T19:00:00Z,12.64,12.65,12.57,12.62,10497500
2024-03-06T20:00:00Z,12.62,12.68,12.6,12.67,3267700
2024-03-07T13:00:00Z,12.63,12.73,12.63,12.69,893500
2024-03-07T14:00:00Z,12.68,12.69,12.59,12.61,1692900
2024-03-07T15:00:00Z,12.62,12.62,12.57,12.59,1497100
2024-03-07T16:00:00Z,12.6,12.63,12.58,12.6,1111600
2024-03-07T17:00:00Z,12.59,12.6,12.52,12.56,2344000
2024-03-07T18:00:00Z,12.56,12.65,12.55,12.65,1134000
2024-03-07T19:00:00Z,12.64,12.66,12.64,12.65,848900
2024-03-07T20:00:00Z,12.64,12.68,12.64,12.65,1896700
2024-03-08T13:00:00Z,12.55,12.79,12.55,12.63,3797100
2024-03-08T14:00:00Z,12.65,12.81,12.56,12.77,7031900
2024-03-08T15:00:00Z,12.77,12.92,12.75,12.81,14125900
2024-03-08T16:00:00Z,12.81,12.9,12.77,12.85,6982600
2024-03-08T17:00:00Z,12.85,12.86,12.75,12.77,4822500
2024-03-08T18:00:00Z,12.77,12.83,12.75,12.8,5629300
2024-03-08T19:00:00Z,12.8,12.86,12.78,12.85,5064700
2024-03-08T20:00:00Z,12.86,12.88,12.82,12.83,4471300
2024-03-11T13:00:00Z,12.77,12.9,12.76,12.8,1832000
2024-03-11T14:00:00Z,12.81,12.83,12.73,12.77,1854800
2024-03-11T15:00:00Z,12.78,12.79,12.71,12.73,1148500
2024-03-11T16:00:00Z,12.74,12.74,12.68,12.71,3233200
2024-03-11T17:00:00Z,12.71,12.77,12.68,12.75,1418700
2024-03-11T18:00:00Z,12.75,12.78,12.74,12.75,2704400
2024-03-11T19:00:00Z,12.76,12.82,12.74,12.8,5415600
2024-03-12T13:00:00Z,12.83,12.9,12.76,12.78,4817400
2024-03-12T14:00:00Z,12.79,12.86,12.76,12.78,2534500
2024-03-12T15:00:00Z,12.78,12.83,12.77,12.81,3059300
2024-03-12T16:00:00Z,12.81,12.84,12.8,12.82,1371200
2024-03-12T17:00:00Z,12.82,12.9,12.81,12.81,5000300
2024-03-12T18:00:00Z,12.81,12.89,12.8,12.86,3455600
2024-03-12T19:00:00Z,12.87,12.88,12.83,12.85,2525300
2024-03-13T13:00:00Z,12.82,12.91,12.81,12.9,2255200
2024-03-13T14:00:00Z,12.9,12.9,12.81,12.84,2020800
2024-03-13T15:00:00Z,12.83,12.87,12.79,12.82,3523700
2024-03-13T16:00:00Z,12.81,12.82,12.7,12.77,5696600
2024-03-13T17:00:00Z,12.76,12.8,12.75,12.8,4276200
2024-03-13T18:00:00Z,12.79,12.8,12.73,12.76,2417900
2024-03-13T19:00:00Z,12.74,12.78,12.72,12.78,2633000
2024-03-14T13:00:00Z,12.74,12.8,12.68,12.69,2510700
2024-03-14T14:00:00Z,12.69,12.75,12.67,12.71,4101800
2024-03-14T15:00:00Z,12.71,12.72,12.7,12.7,1935700
2024-03-14T16:00:00Z,12.7,12.72,12.69,12.7,2629700
2024-03-14T17:00:00Z,12.71,12.72,12.69,12.72,2479300
2024-03-14T18:00:00Z,12.71,12.8,12.69,12.78,8488200
2024-03-14T19:00:00Z,12.78,12.81,12.75,12.75,2914300
2024-03-15T13:00:00Z,12.86,12.86,12.67,12.67,2148800
2024-03-15T14:00:00Z,12.67,12.71,12.61,12.7,3832400
2024-03-15T15:00:00Z,12.71,12.72,12.69,12.7,3325100
2024-03-15T16:00:00Z,12.7,12.72,12.69,12.7,3714700
2024-03-15T17:00:00Z,12.69,12.71,12.69,12.7,1404100
2024-03-15T18:00:00Z,12.71,12.71,12.68,12.7,2769700
2024-03-15T19:00:00Z,12.7,12.7,12.64,12.65,4121900
2024-03-18T13:00:00Z,12.65,12.68,12.55,12.55,2209800
2024-03-18T14:00:00Z,12.56,12.62,12.54,12.55,4126000
2024-03-18T15:00:00Z,12.55,12.63,12.54,12.6,1915500
2024-03-18T16:00:00Z,12.6,12.62,12.58,12.6,1651300
2024-03-18T17:00:00Z,12.59,12.63,12.57,12.62,3503300
2024-03-18T18:00:00Z,12.62,12.62,12.57,12.6,3002200
2024-03-18T19:00:00Z,12.6,12.63,12.57,12.59,4714300
2024-03-19T13:00:00Z,12.63,12.69,12.5,12.5,4271900
2024-03-19T14:00:00Z,12.51,12.55,12.47,12.5,4344500
2024-03-19T15:00:00Z,12.51,12.54,12.49,12.54,2642600
2024-03-19T16:00:00Z,12.54,12.57,12.51,12.52,3556200
2024-03-19T17:00:00Z,12.52,12.57,12.52,12.53,2696400
2024-03-19T18:00:00Z,12.53,12.55,12.53,12.53,2206800
2024-03-19T19:00:00Z,12.53,12.6,12.52,12.59,3915600
2024-03-20T13:00:00Z,12.53,12.59,12.47,12.51,2739800
2024-03-20T14:00:00Z,12.52,12.52,12.44,12.47,3179900
2024-03-20T15:00:00Z,12.46,12.5,12.45,12.47,7215300
2024-03-20T16:00:00Z,12.47,12.57,12.47,12.48,9564400
2024-03-20T17:00:00Z,12.48,12.5,12.39,12.4,5406800
2024-03-20T18:00:00Z,12.41,12.48,12.37,12.47,10070800
2024-03-20T19:00:00Z,12.48,12.55,12.44,12.51,7972300
2024-03-21T13:00:00Z,12.52,12.56,12.48,12.5,2062900
2024-03-21T14:00:00Z,12.5,12.55,12.44,12.52,3890900
2024-03-21T15:00:00Z,12.53,12.56,12.5,12.51,2748100
2024-03-21T16:00:00Z,12.52,12.54,12.51,12.54,916400
2024-03-21T17:00:00Z,12.54,12.59,12.53,12.57,5180900
2024-03-21T18:00:00Z,12.57,12.57,12.5,12.54,3799200
2024-03-21T19:00:00Z,12.54,12.56,12.52,12.54,5751400
2024-03-22T13:00:00Z,12.56,12.57,12.47,12.49,1495200
2024-03-22T14:00:00Z,12.5,12.53,12.44,12.45,1965400
2024-03-22T15:00:00Z,12.45,12.49,12.45,12.46,1350400
2024-03-22T16:00:00Z,12.46,12.47,12.4,12.44,1910900
2024-03-22T17:00:00Z,12.43,12.44,12.39,12.41,1173800
2024-03-22T18:00:00Z,12.41,12.46,12.39,12.42,2607100
2024-03-22T19:00:00Z,12.42,12.43,12.37,12.39,3800400
2024-03-25T13:00:00Z,12.4,12.5,12.37,12.38,2250100
2024-03-25T14:00:00Z,12.38,12.4,12.36,12.38,2750500
2024-03-25T15:00:00Z,12.37,12.39,12.36,12.37,2944600
2024-03-25T16:00:00Z,12.37,12.38,12.3,12.34,1328300
2024-03-25T17:00:00Z,12.34,12.36,12.31,12.33,2274700
2024-03-25T18:00:00Z,12.32,12.34,12.32,12.33,1100500
2024-03-25T19:00:00Z,12.33,12.33,12.27,12.3,4746400
2024-03-26T13:00:00Z,12.2,12.49,12.17,12.42,4858900
2024-03-26T14:00:00Z,12.43,12.44,12.3,12.33,2978900
2024-03-26T15:00:00Z,12.33,12.37,12.32,12.33,1395800
2024-03-26T16:00:00Z,12.34,12.43,12.33,12.4,4589700
2024-03-26T17:00:00Z,12.4,12.43,12.35,12.41,3349900
2024-03-26T18:00:00Z,12.41,12.44,12.37,12.4,6235900
2024-03-26T19:00:00Z,12.39,12.41,12.38,12.39,5548600
2024-03-27T13:00:00Z,12.36,12.43,12.36,12.39,1758400
2024-03-27T14:00:00Z,12.39,12.41,12.35,12.38,2241100
2024-03-27T15:00:00Z,12.38,12.4,12.32,12.39,2985300
2024-03-27T16:00:00Z,12.39,12.4,12.35,12.39,2014100
2024-03-27T17:00:00Z,12.39,12.39,12.32,12.32,2798500
2024-03-27T18:00:00Z,12.32,12.36,12.3,12.34,7190100
2024-03-27T19:00:00Z,12.34,12.44,12.34,12.44,5849100
2024-03-28T13:00:00Z,12.38,12.48,12.36,12.46,1828100
2024-03-28T14:00:00Z,12.46,12.49,12.4,12.44,2553600
2024-03-28T15:00:00Z,12.44,12.47,12.42,12.45,10485200
2024-03-28T16:00:00Z,12.46,12.53,12.45,12.5,4020700
2024-03-28T17:00:00Z,12.5,12.55,12.49,12.51,10455800
2024-03-28T18:00:00Z,12.5,12.52,12.49,12.5,2004900
2024-03-28T19:00:00Z,12.49,12.54,12.49,12.52,8032600
2024-04-01T13:00:00Z,12.5,12.54,12.33,12.38,3009100
2024-04-01T14:00:00Z,12.38,12.39,12.31,12.36,3119000
2024-04-01T15:00:00Z,12.36,12.36,12.28,12.32,2127000
2024-04-01T16:00:00Z,12.32,12.34,12.3,12.34,2131400
2024-04-01T17:00:00Z,12.34,12.34,12.29,12.32,1999000
2024-04-01T18:00:00Z,12.32,12.35,12.3,12.31,2975500
2024-04-01T19:00:00Z,12.32,12.33,12.27,12.29,3299600
2024-04-02T13:00:00Z,12.34,12.42,12.3,12.37,2046100
2024-04-02T14:00:00Z,12.37,12.39,12.31,12.32,3588100
2024-04-02T15:00:00Z,12.32,12.34,12.31,12.32,1948100
2024-04-02T16:00:00Z,12.31,12.36,12.3,12.36,2157400
2024-04-02T17:00:00Z,12.35,12.37,12.31,12.34,2621100
2024-04-02T18:00:00Z,12.34,12.35,12.28,12.28,2864800
2024-04-02T19:00:00Z,12.28,12.31,12.28,12.3,2099900
2024-04-03T13:00:00Z,12.25,12.33,12.17,12.17,3305500
2024-04-03T14:00:00Z,12.19,12.21,12.13,12.19,3905400
2024-04-03T15:00:00Z,12.19,12.32,12.19,12.3,2628300
2024-04-03T16:00:00Z,12.3,12.31,12.25,12.29,5141900
2024-04-03T17:00:00Z,12.3,12.44,12.29,12.4,5935200
2024-04-03T18:00:00Z,12.4,12.43,12.36,12.41,2709200
2024-04-03T19:00:00Z,12.41,12.51,12.37,12.43,7698900
2024-04-04T13:00:00Z,12.47,12.7,12.46,12.6,6590300
2024-04-04T14:00:00Z,12.59,12.65,12.53,12.63,6123400
2024-04-04T15:00:00Z,12.63,12.67,12.59,12.63,5356100
2024-04-04T16:00:00Z,12.63,12.68,12.63,12.66,2824900
2024-04-04T17:00:00Z,12.66,12.69,12.61,12.63,3743500
2024-04-04T18:00:00Z,12.63,12.64,12.54,12.56,2609200
2024-04-04T19:00:00Z,12.56,12.56,12.47,12.53,2744000
2024-04-05T13:00:00Z,12.52,12.55,12.17,12.33,21792400
2024-04-05T14:00:00Z,12.33,12.34,12.04,12.09,16092300
2024-04-05T15:00:00Z,12.08,12.5,12.05,12.1,8253800
2024-04-05T16:00:00Z,12.09,12.16,12.09,12.16,4540800
2024-04-05T17:00:00Z,12.15,12.19,12.12,12.13,5595900
2024-04-05T18:00:00Z,12.14,12.2,12.13,12.2,3303500
2024-04-05T19:00:00Z,12.18,12.28,12.18,12.26,8754000
2024-04-08T13:00:00Z,12.22,12.27,12.18,12.22,2375900
2024-04-08T14:00:00Z,12.22,12.25,12.12,12.15,4388800
2024-04-08T15:00:00Z,12.15,12.19,12.13,12.17,3684600
2024-04-08T16:00:00Z,12.16,12.18,12.15,12.17,720700
2024-04-08T17:00:00Z,12.16,12.21,12.16,12.21,1997500
2024-04-08T18:00:00Z,12.2,12.21,12.18,12.19,1684600
2024-04-08T19:00:00Z,12.19,12.2,12.17,12.17,2733300
2024-04-09T13:00:00Z,12.21,12.4,12.18,12.32,4351000
2024-04-09T14:00:00Z,12.32,12.34,12.25,12.33,5599400
2024-04-09T15:00:00Z,12.33,12.39,12.31,12.37,2670300
2024-04-09T16:00:00Z,12.38,12.4,12.33,12.33,1625800
2024-04-09T17:00:00Z,12.33,12.39,12.3,12.37,3073600
2024-04-09T18:00:00Z,12.36,12.42,12.36,12.37,2742000
2024-04-09T19:00:00Z,12.37,12.38,12.33,12.38,2065700
2024-04-10T13:00:00Z,12.27,12.38,12.24,12.27,2780700
2024-04-10T14:00:00Z,12.27,12.3,12.2,12.21,2704300
2024-04-10T15:00:00Z,12.21,12.23,12.16,12.17,2497500
2024-04-10T16:00:00Z,12.18,12.21,12.16,12.19,2033400
2024-04-10T17:00:00Z,12.2,12.21,12.15,12.18,3859200
2024-04-10T18:00:00Z,12.18,12.19,12.13,12.13,2412300
2024-04-10T19:00:00Z,12.13,12.14,12.11,12.12,4005800
2024-04-11T13:00:00Z,12.1,12.3,12.07,12.28,4797400
2024-04-11T14:00:00Z,12.28,12.29,12.19,12.22,3566000
2024-04-11T15:00:00Z,12.22,12.24,12.18,12.19,1412200
2024-04-11T16:00:00Z,12.19,12.25,12.17,12.22,2082200
2024-04-11T17:00:00Z,12.22,12.28,12.21,12.27,1528700
2024-04-11T18:00:00Z,12.26,12.31,12.23,12.25,2413900
2024-04-11T19:00:00Z,12.26,12.27,12.22,12.24,2873700
2024-04-12T13:00:00Z,12.16,12.21,12.1,12.11,3004200
2024-04-12T14:00:00Z,12.11,12.15,12.06,12.07,2971600
2024-04-12T15:00:00Z,12.07,12.14,12.05,12.13,1875300
2024-04-12T16:00:00Z,12.12,12.16,12.1,12.14,1502500
2024-04-12T17:00:00Z,12.15,12.16,12.11,12.14,840300
2024-04-12T18:00:00Z,12.13,12.14,12.11,12.13,1466700
2024-04-12T19:00:00Z,12.11,12.15,12.1,12.13,3065600
2024-04-15T13:00:00Z,12.1,12.11,11.98,12.01,3526700
2024-04-15T14:00:00Z,12.02,12.08,12,12.07,4302400
2024-04-15T15:00:00Z,12.08,12.11,12.05,12.08,2636100
2024-04-15T16:00:00Z,12.09,12.09,12.05,12.08,1648100
2024-04-15T17:00:00Z,12.08,12.15,12.06,12.07,8161500
2024-04-15T18:00:00Z,12.08,12.15,12.04,12.12,3673200
2024-04-15T19:00:00Z,12.12,12.12,12.04,12.06,5214200
2024-04-16T13:00:00Z,12,12.11,11.94,12.06,3782300
2024-04-16T14:00:00Z,12.05,12.08,12.01,12.01,3309100
2024-04-16T15:00:00Z,12.02,12.1,12.01,12.09,2266400
2024-04-16T16:00:00Z,12.08,12.09,12.04,12.07,5021500
2024-04-16T17:00:00Z,12.07,12.08,11.99,12,4631700
2024-04-16T18:00:00Z,12,12.07,11.97,12.01,3367700
2024-04-16T19:00:00Z,12.01,12.03,11.95,11.95,5397800
2024-04-17T13:00:00Z,12,12.04,11.89,11.91,3257600
2024-04-17T14:00:00Z,11.9,11.93,11.86,11.92,3954600
2024-04-17T15:00:00Z,11.93,11.97,11.9,11.93,2753900
2024-04-17T16:00:00Z,11.93,11.94,11.89,11.92,3930800
2024-04-17T17:00:00Z,11.92,11.97,11.91,11.91,3148500
2024-04-17T18:00:00Z,11.91,11.93,11.85,11.87,2929600
2024-04-17T19:00:00Z,11.86,11.88,11.84,11.86,4324400
2024-04-18T13:00:00Z,11.92,11.99,11.84,11.97,3279300
2024-04-18T14:00:00Z,11.96,12,11.9,11.9,2780200
2024-04-18T15:00:00Z,11.9,11.93,11.88,11.92,2316600
2024-04-18T16:00:00Z,11.92,11.92,11.87,11.88,2743500
2024-04-18T17:00:00Z,11.89,11.97,11.86,11.96,4150900
2024-04-18T18:00:00Z,11.97,12.02,11.96,11.99,8366800
2024-04-18T19:00:00Z,11.99,12.01,11.96,12.01,1978600
2024-04-19T13:00:00Z,11.97,12.1,11.96,12.05,2403400
2024-04-19T14:00:00Z,12.06,12.08,12,12.01,3130600
2024-04-19T15:00:00Z,12.01,12.02,11.98,12,1766900
2024-04-19T16:00:00Z,12.01,12.05,11.99,12.04,1545500
2024-04-19T17:00:00Z,12.03,12.05,11.98,11.99,1996200
2024-04-19T18:00:00Z,11.99,12,11.95,11.97,2819500
2024-04-19T19:00:00Z,11.97,12.03,11.96,11.98,6752900
2024-04-22T13:00:00Z,11.99,12.07,11.96,11.97,2571300
2024-04-22T14:00:00Z,11.98,12.05,11.96,12.01,2521800
2024-04-22T15:00:00Z,12.01,12.05,12,12.04,2393500
2024-04-22T16:00:00Z,12.04,12.09,12.02,12.09,2982200
2024-04-22T17:00:00Z,12.08,12.1,12.02,12.02,3959900
2024-04-22T18:00:00Z,12.02,12.05,12,12,2602800
2024-04-22T19:00:00Z,12,12.03,11.97,11.99,2654300
2024-04-23T13:00:00Z,11.9,12,11.87,11.91,4351500
2024-04-23T14:00:00Z,11.9,11.91,11.83,11.84,3249300
2024-04-23T15:00:00Z,11.84,11.88,11.84,11.86,1975500
2024-04-23T16:00:00Z,11.86,11.94,11.85,11.94,1550400
2024-04-23T17:00:00Z,11.94,11.95,11.9,11.92,944600
2024-04-23T18:00:00Z,11.92,11.92,11.89,11.89,1083200
2024-04-23T19:00:00Z,11.9,11.9,11.85,11.87,2844600
2024-04-24T13:00:00Z,11.84,11.99,11.84,11.96,5201900
2024-04-24T14:00:00Z,11.96,12.01,11.94,11.98,5561900
2024-04-24T15:00:00Z,11.98,12.02,11.96,11.98,5245900
2024-04-24T16:00:00Z,11.98,12.01,11.97,12,2634300
2024-04-24T17:00:00Z,12,12.1,12,12.07,5671100
2024-04-24T18:00:00Z,12.08,12.09,12.07,12.07,1930500
2024-04-24T19:00:00Z,12.08,12.09,12.05,12.09,4315200
2024-04-25T13:00:00Z,12.06,12.1,11.98,12,3167900
2024-04-25T14:00:00Z,12,12.05,11.99,11.99,4145500
2024-04-25T15:00:00Z,12,12.02,11.96,12.01,2972700
2024-04-25T16:00:00Z,12.01,12.01,11.92,11.93,1978800
2024-04-25T17:00:00Z,11.92,11.94,11.9,11.92,547900
2024-04-25T18:00:00Z,11.91,11.92,11.88,11.91,1478400
2024-04-25T19:00:00Z,11.91,11.98,11.91,11.97,4373800
2024-04-26T13:00:00Z,12.03,12.08,11.98,12.06,3167100
2024-04-26T14:00:00Z,12.07,12.08,12.03,12.03,2140700
2024-04-26T15:00:00Z,12.04,12.04,12.01,12.02,1157700
2024-04-26T16:00:00Z,12.02,12.05,12.01,12.03,1129300
2024-04-26T17:00:00Z,12.04,12.05,12.03,12.04,1197500
2024-04-26T18:00:00Z,12.04,12.05,12.03,12.03,1384900
2024-04-26T19:00:00Z,12.03,12.05,12.02,12.02,2874200
2024-04-29T13:00:00Z,12,12.04,11.96,12.01,1582300
2024-04-29T14:00:00Z,12.01,12.05,11.98,12.04,2361700
2024-04-29T15:00:00Z,12.04,12.04,11.97,11.98,1826800
2024-04-29T16:00:00Z,11.98,12.04,11.98,12.03,3273400
2024-04-29T17:00:00Z,12.02,12.09,12.02,12.08,2992100
2024-04-29T18:00:00Z,12.08,12.1,12.06,12.08,4486600
2024-04-29T19:00:00Z,12.07,12.13,12.06,12.11,5486400
2024-04-30T13:00:00Z,12.08,12.37,12.08,12.23,6865300
2024-04-30T14:00:00Z,12.23,12.25,12.13,12.16,3158300
2024-04-30T15:00:00Z,12.16,12.16,12.11,12.13,1083600
2024-04-30T16:00:00Z,12.12,12.16,12.11,12.16,959000
2024-04-30T17:00:00Z,12.15,12.21,12.14,12.2,1341000
2024-04-30T18:00:00Z,12.2,12.24,12.15,12.19,3444100
2024-04-30T19:00:00Z,12.18,12.24,12.16,12.19,3722300
2024-05-02T13:00:00Z,12.25,12.43,12.25,12.33,4673200
2024-05-02T14:00:00Z,12.33,12.38,12.31,12.38,2801300
2024-05-02T15:00:00Z,12.38,12.51,12.36,12.47,5013500
2024-05-02T16:00:00Z,12.48,12.49,12.42,12.44,5520700
2024-05-02T17:00:00Z,12.44,12.5,12.42,12.44,1793500
2024-05-02T18:00:00Z,12.43,12.46,12.39,12.46,1680800
2024-05-02T19:00:00Z,12.46,12.47,12.36,12.38,3176300
2024-05-03T13:00:00Z,12.47,12.48,12.35,12.41,3896100
2024-05-03T14:00:00Z,12.43,12.45,12.36,12.38,4207700
2024-05-03T15:00:00Z,12.37,12.42,12.35,12.36,2173400
2024-05-03T16:00:00Z,12.36,12.41,12.35,12.37,2122700
2024-05-03T17:00:00Z,12.36,12.42,12.36,12.4,1593700
2024-05-03T18:00:00Z,12.4,12.45,12.4,12.44,1375200
2024-05-03T19:00:00Z,12.43,12.45,12.38,12.42,3995400
2024-05-06T13:00:00Z,12.39,12.44,12.29,12.44,3035900
2024-05-06T14:00:00Z,12.44,12.47,12.4,12.43,3439700
2024-05-06T15:00:00Z,12.43,12.46,12.41,12.44,1127300
2024-05-06T16:00:00Z,12.44,12.49,12.42,12.49,1659000
2024-05-06T17:00:00Z,12.48,12.49,12.44,12.46,1385100
2024-05-06T18:00:00Z,12.45,12.51,12.44,12.48,2857300
2024-05-06T19:00:00Z,12.49,12.49,12.44,12.44,2971200
2024-05-07T13:00:00Z,12.47,12.57,12.46,12.51,3297400
2024-05-07T14:00:00Z,12.51,12.58,12.5,12.56,3933400
2024-05-07T15:00:00Z,12.56,12.59,12.53,12.54,3176500
2024-05-07T16:00:00Z,12.55,12.56,12.5,12.53,1909100
2024-05-07T17:00:00Z,12.53,12.57,12.52,12.54,2859400
2024-05-07T18:00:00Z,12.55,12.55,12.51,12.53,2330400
2024-05-07T19:00:00Z,12.52,12.63,12.52,12.61,6859400
2024-05-08T13:00:00Z,12.39,12.44,12.02,12.09,14006000
2024-05-08T14:00:00Z,12.09,12.1,11.91,11.92,10733100
2024-05-08T15:00:00Z,11.92,12.11,11.91,12.02,6477400
2024-05-08T16:00:00Z,12.02,12.07,12,12.03,2237100
2024-05-08T17:00:00Z,12.04,12.18,12.02,12.13,4204700
2024-05-08T18:00:00Z,12.14,12.19,12.1,12.14,4161500
2024-05-08T19:00:00Z,12.16,12.19,12.12,12.17,4270400
2024-05-09T13:00:00Z,11.98,12.2,11.97,12.17,4836100
2024-05-09T14:00:00Z,12.17,12.19,12.11,12.14,4093700
2024-05-09T15:00:00Z,12.13,12.15,12.07,12.08,2437000
2024-05-09T16:00:00Z,12.07,12.09,12.04,12.06,2271700
2024-05-09T17:00:00Z,12.07,12.11,12.06,12.09,1928700
2024-05-09T18:00:00Z,12.09,12.12,12.07,12.12,2659000
2024-05-09T19:00:00Z,12.11,12.12,12.03,12.06,4374600
2024-05-10T13:00:00Z,12.05,12.09,11.98,11.98,2982900
2024-05-10T14:00:00Z,11.98,12.04,11.95,11.98,5399700
2024-05-10T15:00:00Z,12,12.03,11.98,12,3477000
2024-05-10T16:00:00Z,12.01,12.05,12,12.02,3229300
2024-05-10T17:00:00Z,12.02,12.09,12.01,12.09,3104700
2024-05-10T18:00:00Z,12.09,12.09,12.04,12.07,3454300
2024-05-10T19:00:00Z,12.07,12.08,12.03,12.04,3763800
2024-05-13T13:00:00Z,12.07,12.11,12.05,12.07,1773600
2024-05-13T14:00:00Z,12.08,12.08,12,12.01,3158000
2024-05-13T15:00:00Z,12.01,12.02,11.96,11.97,3201200
2024-05-13T16:00:00Z,11.97,12.04,11.97,11.99,3103100
2024-05-13T17:00:00Z,11.99,12.03,11.98,11.98,2911500
2024-05-13T18:00:00Z,11.99,12.01,11.97,11.99,1569200
2024-05-13T19:00:00Z,12,12.11,11.99,12.1,4841000
2024-05-14T13:00:00Z,12.08,12.24,12.08,12.23,3929000
2024-05-14T14:00:00Z,12.23,12.25,12.17,12.22,4972100
2024-05-14T15:00:00Z,12.22,12.24,12.16,12.16,1866100
2024-05-14T16:00:00Z,12.17,12.18,12.12,12.15,2781700
2024-05-14T17:00:00Z,12.15,12.17,12.12,12.13,2474200
2024-05-14T18:00:00Z,12.14,12.16,12.11,12.13,4961300
2024-05-14T19:00:00Z,12.13,12.21,12.12,12.2,6635700
2024-05-15T13:00:00Z,12.19,12.28,12.17,12.27,3710600
2024-05-15T14:00:00Z,12.27,12.28,12.21,12.26,1998800
2024-05-15T15:00:00Z,12.27,12.37,12.25,12.36,8369600
2024-05-15T16:00:00Z,12.35,12.42,12.34,12.42,3258400
2024-05-15T17:00:00Z,12.42,12.42,12.36,12.39,3310600
2024-05-15T18:00:00Z,12.38,12.41,12.35,12.41,4437600
2024-05-15T19:00:00Z,12.41,12.43,12.34,12.38,8285700
2024-05-16T13:00:00Z,12.45,12.51,12.39,12.41,3496000
2024-05-16T14:00:00Z,12.42,12.46,12.39,12.41,2248700
2024-05-16T15:00:00Z,12.41,12.41,12.36,12.38,1658400
2024-05-16T16:00:00Z,12.38,12.38,12.31,12.32,2359700
2024-05-16T17:00:00Z,12.33,12.4,12.3,12.4,2100300
2024-05-16T18:00:00Z,12.4,12.4,12.33,12.38,7708000
2024-05-16T19:00:00Z,12.38,12.38,12.24,12.33,9703700
2024-05-17T13:00:00Z,12.4,12.41,12.28,12.32,2009100
2024-05-17T14:00:00Z,12.33,12.38,12.32,12.36,4176500
2024-05-17T15:00:00Z,12.36,12.37,12.34,12.35,1077300
2024-05-17T16:00:00Z,12.36,12.37,12.33,12.35,1593000
2024-05-17T17:00:00Z,12.34,12.39,12.33,12.36,2574000
2024-05-17T18:00:00Z,12.36,12.38,12.36,12.37,2264200
2024-05-17T19:00:00Z,12.37,12.4,12.34,12.38,9556600
2024-05-20T13:00:00Z,12.33,12.39,12.19,12.19,5798000
2024-05-20T14:00:00Z,12.19,12.31,12.19,12.27,9309900
2024-05-20T15:00:00Z,12.27,12.28,12.16,12.19,2923700
2024-05-20T16:00:00Z,12.18,12.2,12.16,12.18,1855400
2024-05-20T17:00:00Z,12.17,12.2,12.11,12.12,5764200
2024-05-20T18:00:00Z,12.13,12.14,12.06,12.07,4545400
2024-05-20T19:00:00Z,12.07,12.09,12.05,12.09,4619600
2024-05-21T13:00:00Z,12.1,12.25,12.09,12.15,6580700
2024-05-21T14:00:00Z,12.16,12.18,12.13,12.15,8393300
2024-05-21T15:00:00Z,12.15,12.16,12.07,12.1,5431700
2024-05-21T16:00:00Z,12.1,12.1,12.03,12.05,2343900
2024-05-21T17:00:00Z,12.05,12.09,12.04,12.07,2928400
2024-05-21T18:00:00Z,12.07,12.1,12.04,12.05,3997000
2024-05-21T19:00:00Z,12.06,12.08,12.04,12.05,4044200
2024-05-22T13:00:00Z,11.98,12.11,11.95,12.04,5747800
2024-05-22T14:00:00Z,12.03,12.07,11.99,12.05,4576200
2024-05-22T15:00:00Z,12.06,12.08,12.04,12.07,10080500
2024-05-22T16:00:00Z,12.06,12.08,11.99,12.01,4719300
2024-05-22T17:00:00Z,12.01,12.03,11.99,12.02,1713900
2024-05-22T18:00:00Z,12.01,12.02,11.93,12,7488700
2024-05-22T19:00:00Z,12,12,11.95,11.97,10846600
2024-05-23T13:00:00Z,11.92,12.07,11.92,11.96,6959800
2024-05-23T14:00:00Z,11.96,12.01,11.95,12,6656500
2024-05-23T15:00:00Z,12,12.02,11.96,11.97,1545900
2024-05-23T16:00:00Z,11.98,12,11.96,11.98,2677900
2024-05-23T17:00:00Z,11.97,12,11.96,11.98,1966100
2024-05-23T18:00:00Z,11.97,11.99,11.92,11.94,4612600
2024-05-23T19:00:00Z,11.94,11.96,11.92,11.94,2186100
2024-05-24T13:00:00Z,11.96,11.99,11.95,11.98,1655800
2024-05-24T14:00:00Z,11.98,11.98,11.9,11.93,4551400
2024-05-24T15:00:00Z,11.93,11.98,11.92,11.95,2516500
2024-05-24T16:00:00Z,11.95,11.96,11.92,11.92,3528800
2024-05-24T17:00:00Z,11.92,11.95,11.91,11.93,1768800
2024-05-24T18:00:00Z,11.92,11.93,11.9,11.92,4093500
2024-05-24T19:00:00Z,11.92,11.93,11.89,11.91,3013800
2024-05-27T13:00:00Z,11.93,11.95,11.87,11.91,1073800
2024-05-27T14:00:00Z,11.91,11.93,11.84,11.87,1173900
2024-05-27T15:00:00Z,11.87,11.88,11.82,11.82,4451800
2024-05-27T16:00:00Z,11.82,11.83,11.79,11.81,1347400
2024-05-27T17:00:00Z,11.81,11.85,11.81,11.83,948500
2024-05-27T18:00:00Z,11.84,11.88,11.83,11.84,1507400
2024-05-27T19:00:00Z,11.83,11.84,11.79,11.8,4112400
2024-05-28T13:00:00Z,11.89,11.89,11.69,11.7,4957800
2024-05-28T14:00:00Z,11.72,11.73,11.62,11.62,7074900
2024-05-28T15:00:00Z,11.62,11.65,11.59,11.62,3770500
2024-05-28T16:00:00Z,11.62,11.65,11.57,11.57,3879500
2024-05-28T17:00:00Z,11.57,11.63,11.56,11.58,8169800
2024-05-28T18:00:00Z,11.58,11.65,11.57,11.62,5171200
2024-05-28T19:00:00Z,11.62,11.65,11.57,11.6,4209700
2024-05-29T13:00:00Z,11.53,11.58,11.34,11.43,10742300
2024-05-29T14:00:00Z,11.43,11.46,11.38,11.42,4963100
2024-05-29T15:00:00Z,11.42,11.53,11.41,11.52,4019700
2024-05-29T16:00:00Z,11.52,11.56,11.5,11.56,2665900
2024-05-29T17:00:00Z,11.56,11.58,11.53,11.57,2898500
2024-05-29T18:00:00Z,11.57,11.61,11.54,11.57,3061600
2024-05-29T19:00:00Z,11.57,11.57,11.52,11.53,3280500
2024-05-31T13:00:00Z,11.46,11.65,11.46,11.55,6747900
2024-05-31T14:00:00Z,11.55,11.57,11.47,11.55,3703400
2024-05-31T15:00:00Z,11.55,11.56,11.52,11.54,3257600
2024-05-31T16:00:00Z,11.54,11.58,11.52,11.55,3821100
2024-05-31T17:00:00Z,11.54,11.57,11.53,11.54,3668200
2024-05-31T18:00:00Z,11.53,11.62,11.53,11.61,7716700
2024-05-31T19:00:00Z,11.6,11.66,11.6,11.64,8871700
2024-06-03T13:00:00Z,11.57,11.7,11.53,11.59,4361400
2024-06-03T14:00:00Z,11.61,11.62,11.55,11.58,3995500
2024-06-03T15:00:00Z,11.59,11.59,11.49,11.5,3357300
2024-06-03T16:00:00Z,11.49,11.53,11.46,11.48,2810700
2024-06-03T17:00:00Z,11.48,11.51,11.47,11.48,2301600
2024-06-03T18:00:00Z,11.48,11.54,11.48,11.53,1517900
2024-06-03T19:00:00Z,11.54,11.56,11.51,11.51,2814800
2024-06-04T13:00:00Z,11.57,11.63,11.44,11.6,6226900
2024-06-04T14:00:00Z,11.61,11.65,11.58,11.6,4742900
2024-06-04T15:00:00Z,11.6,11.64,11.55,11.6,4956400
2024-06-04T16:00:00Z,11.61,11.64,11.59,11.64,2608100
2024-06-04T17:00:00Z,11.64,11.66,11.62,11.65,1897000
2024-06-04T18:00:00Z,11.65,11.72,11.65,11.71,4655200
2024-06-04T19:00:00Z,11.71,11.73,11.67,11.71,8245200
2024-06-05T13:00:00Z,11.69,11.8,11.66,11.67,6970800
2024-06-05T14:00:00Z,11.67,11.68,11.58,11.63,6263200
2024-06-05T15:00:00Z,11.63,11.65,11.61,11.63,1632200
2024-06-05T16:00:00Z,11.63,11.65,11.59,11.62,3155000
2024-06-05T17:00:00Z,11.62,11.64,11.55,11.58,5083900
2024-06-05T18:00:00Z,11.57,11.59,11.57,11.58,2120500
2024-06-05T19:00:00Z,11.57,11.6,11.52,11.6,7491400
2024-06-06T13:00:00Z,11.54,11.66,11.54,11.63,3935400
2024-06-06T14:00:00Z,11.63,11.74,11.59,11.72,8083000
2024-06-06T15:00:00Z,11.72,11.77,11.7,11.74,2613400
2024-06-06T16:00:00Z,11.74,11.75,11.68,11.69,3281400
2024-06-06T17:00:00Z,11.68,11.75,11.68,11.74,2479500
2024-06-06T18:00:00Z,11.75,11.81,11.71,11.79,5662800
2024-06-06T19:00:00Z,11.78,11.84,11.77,11.82,6228500
2024-06-07T13:00:00Z,11.71,11.76,11.62,11.63,4227200
2024-06-07T14:00:00Z,11.63,11.67,11.6,11.62,3727800
2024-06-07T15:00:00Z,11.61,11.66,11.6,11.65,2121300
2024-06-07T16:00:00Z,11.66,11.67,11.59,11.6,1642500
2024-06-07T17:00:00Z,11.6,11.61,11.56,11.57,2836000
2024-06-07T18:00:00Z,11.57,11.61,11.56,11.56,5608300
2024-06-07T19:00:00Z,11.57,11.59,11.53,11.56,9792000
2024-06-10T13:00:00Z,11.52,11.58,11.44,11.44,2310500
2024-06-10T14:00:00Z,11.44,11.51,11.43,11.49,3350700
2024-06-10T15:00:00Z,11.49,11.5,11.44,11.45,3809000
2024-06-10T16:00:00Z,11.45,11.5,11.44,11.48,1945900
2024-06-10T17:00:00Z,11.48,11.55,11.47,11.52,4169900
2024-06-10T18:00:00Z,11.54,11.55,11.5,11.55,2867700
2024-06-10T19:00:00Z,11.54,11.57,11.46,11.5,2884900
2024-06-11T13:00:00Z,11.57,11.57,11.45,11.47,1669400
2024-06-11T14:00:00Z,11.46,11.56,11.46,11.47,3433600
2024-06-11T15:00:00Z,11.47,11.5,11.45,11.48,1239700
2024-06-11T16:00:00Z,11.47,11.48,11.44,11.46,1382400
2024-06-11T17:00:00Z,11.45,11.49,11.43,11.45,1527500
2024-06-11T18:00:00Z,11.45,11.45,11.39,11.42,4471700
2024-06-11T19:00:00Z,11.42,11.45,11.41,11.43,2573700
2024-06-12T13:00:00Z,11.45,11.47,11.3,11.32,4756900
2024-06-12T14:00:00Z,11.32,11.36,11.24,11.35,5694900
2024-06-12T15:00:00Z,11.35,11.38,11.32,11.32,6136700
2024-06-12T16:00:00Z,11.33,11.35,11.3,11.31,1826800
2024-06-12T17:00:00Z,11.32,11.32,11.25,11.26,5136900
2024-06-12T18:00:00Z,11.27,11.29,11.19,11.27,6981000
2024-06-12T19:00:00Z,11.27,11.28,11.19,11.2,8129700
2024-06-13T13:00:00Z,11.17,11.21,11.1,11.12,7975000
2024-06-13T14:00:00Z,11.12,11.18,11.11,11.16,3964600
2024-06-13T15:00:00Z,11.16,11.18,11.1,11.14,8231600
2024-06-13T16:00:00Z,11.15,11.17,11.12,11.15,1829300
2024-06-13T17:00:00Z,11.15,11.15,11.11,11.14,2438600
2024-06-13T18:00:00Z,11.14,11.14,11.09,11.1,4580500
2024-06-13T19:00:00Z,11.09,11.12,11.07,11.09,5919300
2024-06-14T13:00:00Z,11.09,11.12,10.98,11.03,3043900
2024-06-14T14:00:00Z,11.02,11.17,11.01,11.17,4329600
2024-06-14T15:00:00Z,11.16,11.22,11.13,11.15,1922500
2024-06-14T16:00:00Z,11.15,11.18,11.14,11.17,630300
2024-06-14T17:00:00Z,11.16,11.25,11.15,11.2,2456400
2024-06-14T18:00:00Z,11.21,11.26,11.19,11.25,1818200
2024-06-14T19:00:00Z,11.24,11.28,11.22,11.27,4756900
2024-06-17T13:00:00Z,11.21,11.32,11.19,11.26,2073900
2024-06-17T14:00:00Z,11.26,11.3,11.24,11.25,3124400
2024-06-17T15:00:00Z,11.25,11.3,11.25,11.27,1197200
2024-06-17T16:00:00Z,11.27,11.3,11.25,11.28,688800
2024-06-17T17:00:00Z,11.27,11.29,11.24,11.25,3809100
2024-06-17T18:00:00Z,11.25,11.33,11.24,11.29,2983500
2024-06-17T19:00:00Z,11.29,11.31,11.25,11.25,3003700
2024-06-18T13:00:00Z,11.19,11.37,11.16,11.34,6353900
2024-06-18T14:00:00Z,11.36,11.36,11.3,11.32,2890600
2024-06-18T15:00:00Z,11.32,11.36,11.31,11.36,5454100
2024-06-18T16:00:00Z,11.34,11.36,11.3,11.32,1286700
2024-06-18T17:00:00Z,11.33,11.37,11.31,11.32,6687800
2024-06-18T18:00:00Z,11.31,11.33,11.26,11.26,7064900
2024-06-18T19:00:00Z,11.27,11.27,11.18,11.2,4307000
2024-06-19T13:00:00Z,11.18,11.21,11.04,11.07,3222500
2024-06-19T14:00:00Z,11.09,11.11,11.05,11.09,3837700
2024-06-19T15:00:00Z,11.08,11.17,11.07,11.15,2533900
2024-06-19T16:00:00Z,11.14,11.16,11.1,11.15,1285000
2024-06-19T17:00:00Z,11.15,11.17,11.09,11.09,990900
2024-06-19T18:00:00Z,11.09,11.17,11.09,11.14,1141300
2024-06-19T19:00:00Z,11.14,11.23,11.14,11.2,2836500
2024-06-20T13:00:00Z,11.25,11.36,11.25,11.32,3361600
2024-06-20T14:00:00Z,11.31,11.33,11.21,11.22,3190100
2024-06-20T15:00:00Z,11.22,11.26,11.2,11.23,1637100
2024-06-20T16:00:00Z,11.23,11.25,11.2,11.22,2401800
2024-06-20T17:00:00Z,11.23,11.3,11.22,11.28,2966400
2024-06-20T18:00:00Z,11.27,11.4,11.27,11.39,6773900
2024-06-20T19:00:00Z,11.39,11.4,11.28,11.33,5169100
2024-06-21T13:00:00Z,11.21,11.37,11.21,11.35,10159500
2024-06-21T14:00:00Z,11.35,11.38,11.29,11.3,5096800
2024-06-21T15:00:00Z,11.31,11.33,11.27,11.29,2886300
2024-06-21T16:00:00Z,11.28,11.32,11.23,11.31,4461500
2024-06-21T17:00:00Z,11.31,11.33,11.24,11.26,3008900
2024-06-21T18:00:00Z,11.26,11.28,11.22,11.22,4254300
2024-06-21T19:00:00Z,11.23,11.31,11.21,11.28,6305000
2024-06-24T13:00:00Z,11.26,11.37,11.22,11.34,5713000
2024-06-24T14:00:00Z,11.35,11.38,11.32,11.37,6926600
2024-06-24T15:00:00Z,11.37,11.4,11.35,11.35,2090700
2024-06-24T16:00:00Z,11.35,11.37,11.34,11.35,1466000
2024-06-24T17:00:00Z,11.35,11.37,11.34,11.34,3226000
2024-06-24T18:00:00Z,11.35,11.36,11.26,11.27,5436100
2024-06-24T19:00:00Z,11.28,11.3,11.23,11.29,4596200
2024-06-25T13:00:00Z,11.25,11.37,11.21,11.36,12069900
2024-06-25T14:00:00Z,11.36,11.39,11.32,11.33,4922500
2024-06-25T15:00:00Z,11.33,11.39,11.32,11.38,3308100
2024-06-25T16:00:00Z,11.38,11.41,11.38,11.39,4504200
2024-06-25T17:00:00Z,11.4,11.41,11.36,11.38,4430000
2024-06-25T18:00:00Z,11.38,11.38,11.35,11.38,4264900
2024-06-25T19:00:00Z,11.38,11.39,11.35,11.35,5022500
2024-06-26T13:00:00Z,11.3,11.38,11.27,11.31,3853900
2024-06-26T14:00:00Z,11.31,11.33,11.27,11.3,3334500
2024-06-26T15:00:00Z,11.3,11.37,11.28,11.35,2825800
2024-06-26T16:00:00Z,11.36,11.38,11.35,11.36,1864400
2024-06-26T17:00:00Z,11.36,11.43,11.35,11.41,3523900
2024-06-26T18:00:00Z,11.4,11.43,11.39,11.41,5573500
2024-06-26T19:00:00Z,11.41,11.52,11.41,11.52,2977500
2024-06-27T13:00:00Z,11.46,11.54,11.38,11.53,2455400
2024-06-27T14:00:00Z,11.53,11.54,11.39,11.39,3734000
2024-06-27T15:00:00Z,11.4,11.46,11.38,11.45,1983400
2024-06-27T16:00:00Z,11.45,11.45,11.4,11.43,2485300
2024-06-27T17:00:00Z,11.42,11.45,11.39,11.44,1041800
2024-06-27T18:00:00Z,11.44,11.45,11.41,11.43,3030100
2024-06-27T19:00:00Z,11.43,11.45,11.4,11.45,4330400
2024-06-28T13:00:00Z,11.43,11.48,11.25,11.25,8024800
2024-06-28T14:00:00Z,11.25,11.33,11.16,11.31,9630400
2024-06-28T15:00:00Z,11.31,11.36,11.3,11.3,5946900
2024-06-28T16:00:00Z,11.31,11.38,11.29,11.34,3636900
2024-06-28T17:00:00Z,11.35,11.42,11.33,11.37,4252700
2024-06-28T18:00:00Z,11.39,11.44,11.37,11.4,4769200
2024-06-28T19:00:00Z,11.4,11.44,11.33,11.42,7462300
2024-07-01T13:00:00Z,11.42,11.49,11.33,11.43,2143100
2024-07-01T14:00:00Z,11.44,11.45,11.34,11.43,2947200
2024-07-01T15:00:00Z,11.42,11.45,11.41,11.42,1533600
2024-07-01T16:00:00Z,11.43,11.5,11.41,11.43,3057400
2024-07-01T17:00:00Z,11.43,11.45,11.39,11.44,1481600
2024-07-01T18:00:00Z,11.42,11.44,11.37,11.38,2751900
2024-07-01T19:00:00Z,11.38,11.46,11.37,11.45,4130700
2024-07-02T13:00:00Z,11.45,11.52,11.39,11.49,1586000
2024-07-02T14:00:00Z,11.47,11.54,11.46,11.54,2962000
2024-07-02T15:00:00Z,11.54,11.58,11.5,11.52,1529100
2024-07-02T16:00:00Z,11.51,11.52,11.45,11.47,2425800
2024-07-02T17:00:00Z,11.46,11.52,11.45,11.46,2187400
2024-07-02T18:00:00Z,11.46,11.53,11.45,11.52,1709200
2024-07-02T19:00:00Z,11.52,11.52,11.47,11.52,1626900
2024-07-03T13:00:00Z,11.54,11.57,11.42,11.46,6867500
2024-07-03T14:00:00Z,11.48,11.53,11.44,11.45,5042100
2024-07-03T15:00:00Z,11.46,11.48,11.41,11.46,3348200
2024-07-03T16:00:00Z,11.46,11.48,11.44,11.46,2236800
2024-07-03T17:00:00Z,11.47,11.48,11.43,11.44,3061700
2024-07-03T18:00:00Z,11.45,11.46,11.43,11.44,2250500
2024-07-03T19:00:00Z,11.45,11.45,11.36,11.39,7204000
2024-07-04T13:00:00Z,11.45,11.46,11.38,11.42,790700
2024-07-04T14:00:00Z,11.43,11.43,11.37,11.38,1037100
2024-07-04T15:00:00Z,11.37,11.45,11.37,11.42,569300
2024-07-04T16:00:00Z,11.41,11.42,11.38,11.41,447100
2024-07-04T17:00:00Z,11.39,11.43,11.39,11.41,878800
2024-07-04T18:00:00Z,11.4,11.44,11.39,11.41,777100
2024-07-04T19:00:00Z,11.41,11.42,11.37,11.4,1360700
2024-07-05T13:00:00Z,11.45,11.48,11.29,11.29,7487600
2024-07-05T14:00:00Z,11.29,11.31,11.23,11.23,4962000
2024-07-05T15:00:00Z,11.24,11.29,11.23,11.27,3256700
2024-07-05T16:00:00Z,11.28,11.31,11.26,11.3,3910200
2024-07-05T17:00:00Z,11.29,11.31,11.23,11.27,6088700
2024-07-05T18:00:00Z,11.26,11.31,11.25,11.3,6443100
2024-07-05T19:00:00Z,11.3,11.35,11.27,11.34,4740900
2024-07-08T13:00:00Z,11.33,11.35,11.24,11.28,2917200
2024-07-08T14:00:00Z,11.27,11.3,11.24,11.25,8137500
2024-07-08T15:00:00Z,11.25,11.31,11.24,11.28,3942300
2024-07-08T16:00:00Z,11.28,11.34,11.28,11.3,3053600
2024-07-08T17:00:00Z,11.3,11.32,11.29,11.31,3032300
2024-07-08T18:00:00Z,11.31,11.32,11.25,11.25,3016400
2024-07-08T19:00:00Z,11.25,11.29,11.25,11.29,2763800
2024-07-09T13:00:00Z,11.25,11.29,11.18,11.26,2876800
2024-07-09T14:00:00Z,11.25,11.28,11.22,11.23,6700900
2024-07-09T15:00:00Z,11.24,11.28,11.23,11.28,2272000
2024-07-09T16:00:00Z,11.28,11.3,11.26,11.29,3437600
2024-07-09T17:00:00Z,11.28,11.29,11.26,11.27,3368500
2024-07-09T18:00:00Z,11.27,11.28,11.23,11.23,2510300
2024-07-09T19:00:00Z,11.25,11.28,11.23,11.25,2925400
2024-07-10T13:00:00Z,11.32,11.32,11.24,11.26,2879300
2024-07-10T14:00:00Z,11.26,11.29,11.24,11.25,2995000
2024-07-10T15:00:00Z,11.25,11.4,11.25,11.39,6334800
2024-07-10T16:00:00Z,11.38,11.41,11.35,11.39,3417900
2024-07-10T17:00:00Z,11.39,11.46,11.37,11.43,3012400
2024-07-10T18:00:00Z,11.44,11.45,11.41,11.43,3385100
2024-07-10T19:00:00Z,11.42,11.43,11.39,11.4,4859900
2024-07-11T13:00:00Z,11.45,11.6,11.4,11.58,4958100
2024-07-11T14:00:00Z,11.58,11.67,11.57,11.58,4527300
2024-07-11T15:00:00Z,11.57,11.63,11.57,11.61,1166900
2024-07-11T16:00:00Z,11.61,11.67,11.6,11.63,1823400
2024-07-11T17:00:00Z,11.64,11.66,11.57,11.59,1910100
2024-07-11T18:00:00Z,11.59,11.59,11.54,11.55,2302400
2024-07-11T19:00:00Z,11.55,11.57,11.51,11.51,3457700
2024-07-12T13:00:00Z,11.51,11.59,11.51,11.59,1872700
2024-07-12T14:00:00Z,11.58,11.59,11.52,11.55,2237700
2024-07-12T15:00:00Z,11.55,11.61,11.54,11.6,1951300
2024-07-12T16:00:00Z,11.6,11.64,11.59,11.63,1226100
2024-07-12T17:00:00Z,11.64,11.65,11.61,11.64,1417300
2024-07-12T18:00:00Z,11.64,11.66,11.6,11.62,2535300
2024-07-12T19:00:00Z,11.62,11.62,11.59,11.62,3131900
2024-07-15T13:00:00Z,11.66,11.66,11.58,11.6,951000
2024-07-15T14:00:00Z,11.6,11.62,11.56,11.6,1529600
2024-07-15T15:00:00Z,11.61,11.62,11.57,11.6,1552900
2024-07-15T16:00:00Z,11.61,11.62,11.59,11.61,1539700
2024-07-15T17:00:00Z,11.6,11.61,11.59,11.6,1214500
2024-07-15T18:00:00Z,11.61,11.62,11.59,11.62,1815600
2024-07-15T19:00:00Z,11.61,11.63,11.6,11.62,2217100
2024-07-16T13:00:00Z,11.63,11.68,11.58,11.62,2032800
2024-07-16T14:00:00Z,11.62,11.66,11.6,11.62,2403900
2024-07-16T15:00:00Z,11.62,11.65,11.61,11.65,1523600
2024-07-16T16:00:00Z,11.64,11.67,11.64,11.66,1519300
2024-07-16T17:00:00Z,11.65,11.68,11.63,11.67,3683800
2024-07-16T18:00:00Z,11.66,11.69,11.64,11.65,2313200
2024-07-16T19:00:00Z,11.66,11.68,11.64,11.65,2804200
2024-07-17T13:00:00Z,11.71,11.85,11.66,11.83,3237500
2024-07-17T14:00:00Z,11.84,11.88,11.81,11.87,2207800
2024-07-17T15:00:00Z,11.86,11.91,11.81,11.83,4534800
2024-07-17T16:00:00Z,11.83,11.88,11.78,11.87,3743900
2024-07-17T17:00:00Z,11.88,11.9,11.84,11.85,2705000
2024-07-17T18:00:00Z,11.86,11.9,11.84,11.89,3387700
2024-07-17T19:00:00Z,11.9,11.9,11.81,11.84,5408200
2024-07-18T13:00:00Z,11.76,11.86,11.76,11.83,2044300
2024-07-18T14:00:00Z,11.83,11.84,11.73,11.75,3765900
2024-07-18T15:00:00Z,11.76,11.79,11.72,11.76,4243800
2024-07-18T16:00:00Z,11.76,11.76,11.7,11.74,3181200
2024-07-18T17:00:00Z,11.74,11.77,11.68,11.75,2540200
2024-07-18T18:00:00Z,11.75,11.75,11.7,11.72,3015100
2024-07-18T19:00:00Z,11.71,11.72,11.64,11.69,8823100
2024-07-19T13:00:00Z,11.65,11.76,11.65,11.72,2852900
2024-07-19T14:00:00Z,11.72,11.72,11.65,11.68,1795800
2024-07-19T15:00:00Z,11.68,11.74,11.67,11.71,2242500
2024-07-19T16:00:00Z,11.71,11.76,11.68,11.74,2944400
2024-07-19T17:00:00Z,11.74,11.74,11.7,11.73,1542600
2024-07-19T18:00:00Z,11.73,11.77,11.72,11.72,3731800
2024-07-19T19:00:00Z,11.72,11.76,11.71,11.76,3086100
2024-07-22T13:00:00Z,11.67,11.77,11.65,11.75,2938500
2024-07-22T14:00:00Z,11.75,11.76,11.71,11.74,2454600
2024-07-22T15:00:00Z,11.75,11.75,11.68,11.73,2514700
2024-07-22T16:00:00Z,11.74,11.82,11.72,11.8,4076600
2024-07-22T17:00:00Z,11.8,11.84,11.79,11.82,1314800
2024-07-22T18:00:00Z,11.81,11.85,11.81,11.83,2163700
2024-07-22T19:00:00Z,11.83,11.86,11.81,11.82,2945000
2024-07-23T13:00:00Z,11.81,11.83,11.76,11.81,1486500
2024-07-23T14:00:00Z,11.8,11.83,11.78,11.78,2075500
2024-07-23T15:00:00Z,11.79,11.82,11.78,11.81,3327500
2024-07-23T16:00:00Z,11.81,11.81,11.75,11.76,1737000
2024-07-23T17:00:00Z,11.76,11.8,11.74,11.77,2122200
2024-07-23T18:00:00Z,11.78,11.78,11.75,11.76,2329300
2024-07-23T19:00:00Z,11.76,11.79,11.74,11.76,3819800
2024-07-24T13:00:00Z,11.75,11.86,11.73,11.83,2062600
2024-07-24T14:00:00Z,11.83,11.86,11.79,11.82,3307100
2024-07-24T15:00:00Z,11.82,11.84,11.8,11.82,2616700
2024-07-24T16:00:00Z,11.83,11.87,11.81,11.85,2568400
2024-07-24T17:00:00Z,11.85,11.86,11.8,11.81,2938600
2024-07-24T18:00:00Z,11.81,11.85,11.79,11.84,3607500
2024-07-24T19:00:00Z,11.84,11.85,11.81,11.82,3942300
2024-07-25T13:00:00Z,11.79,11.83,11.73,11.81,2930800
2024-07-25T14:00:00Z,11.81,11.92,11.79,11.87,3670500
2024-07-25T15:00:00Z,11.87,11.88,11.83,11.86,2032200
2024-07-25T16:00:00Z,11.87,11.89,11.83,11.87,1822800
2024-07-25T17:00:00Z,11.88,11.92,11.85,11.91,4024200
2024-07-25T18:00:00Z,11.92,11.92,11.84,11.86,2892400
2024-07-25T19:00:00Z,11.86,11.87,11.83,11.85,2431200
2024-07-26T13:00:00Z,11.82,11.86,11.78,11.85,2692800
2024-07-26T14:00:00Z,11.85,11.88,11.8,11.81,3075300
2024-07-26T15:00:00Z,11.81,11.86,11.81,11.84,1615300
2024-07-26T16:00:00Z,11.83,11.86,11.82,11.84,3934300
2024-07-26T17:00:00Z,11.84,11.88,11.75,11.85,3899300
2024-07-26T18:00:00Z,11.85,11.87,11.83,11.86,3314500
2024-07-26T19:00:00Z,11.86,11.88,11.85,11.86,1783500
2024-07-29T13:00:00Z,11.87,11.88,11.79,11.81,7458900
2024-07-29T14:00:00Z,11.81,11.82,11.76,11.78,6307300
2024-07-29T15:00:00Z,11.79,11.85,11.78,11.83,3445400
2024-07-29T16:00:00Z,11.83,11.86,11.82,11.85,2588000
2024-07-29T17:00:00Z,11.85,11.86,11.8,11.84,2988600
2024-07-29T18:00:00Z,11.84,11.86,11.82,11.83,5316500
2024-07-29T19:00:00Z,11.84,11.86,11.81,11.85,5197600
2024-07-30T13:00:00Z,11.79,11.81,11.69,11.73,4766700
2024-07-30T14:00:00Z,11.73,11.75,11.68,11.73,4867400
2024-07-30T15:00:00Z,11.74,11.76,11.69,11.73,3124100
2024-07-30T16:00:00Z,11.73,11.73,11.7,11.71,1598100
2024-07-30T17:00:00Z,11.71,11.71,11.66,11.69,2624500
2024-07-30T18:00:00Z,11.68,11.71,11.66,11.66,2462400
2024-07-30T19:00:00Z,11.67,11.69,11.65,11.67,6388900
2024-07-31T13:00:00Z,11.6,11.73,11.52,11.53,12678300
2024-07-31T14:00:00Z,11.54,11.56,11.51,11.55,3954100
2024-07-31T15:00:00Z,11.55,11.6,11.52,11.57,6665100
2024-07-31T16:00:00Z,11.58,11.64,11.55,11.63,12790800
2024-07-31T17:00:00Z,11.63,11.65,11.59,11.61,4354600
2024-07-31T18:00:00Z,11.62,11.63,11.57,11.6,6649800
2024-07-31T19:00:00Z,11.61,11.61,11.52,11.55,11576200
2024-08-01T13:00:00Z,11.75,11.99,11.63,11.76,10117400
2024-08-01T14:00:00Z,11.76,11.78,11.66,11.69,6181000
2024-08-01T15:00:00Z,11.69,11.72,11.64,11.67,3278200
2024-08-01T16:00:00Z,11.66,11.74,11.65,11.71,4022300
2024-08-01T17:00:00Z,11.71,11.73,11.68,11.7,2459400
2024-08-01T18:00:00Z,11.7,11.78,11.7,11.78,3527300
2024-08-01T19:00:00Z,11.78,11.79,11.69,11.7,5637600
2024-08-02T13:00:00Z,11.7,11.84,11.69,11.73,4008800
2024-08-02T14:00:00Z,11.73,11.79,11.72,11.75,2935500
2024-08-02T15:00:00Z,11.75,11.81,11.73,11.81,1513000
2024-08-02T16:00:00Z,11.81,11.84,11.77,11.82,2982500
2024-08-02T17:00:00Z,11.82,11.83,11.8,11.81,3203900
2024-08-02T18:00:00Z,11.82,11.84,11.8,11.81,3504100
2024-08-02T19:00:00Z,11.82,11.86,11.79,11.83,5092200
2024-08-05T13:00:00Z,11.83,11.84,11.58,11.81,6396700
2024-08-05T14:00:00Z,11.8,11.82,11.73,11.77,2864000
2024-08-05T15:00:00Z,11.77,11.83,11.74,11.81,2953700
2024-08-05T16:00:00Z,11.81,11.88,11.81,11.83,2526100
2024-08-05T17:00:00Z,11.84,11.9,11.83,11.87,1660800
2024-08-05T18:00:00Z,11.87,11.91,11.84,11.86,2273100
2024-08-05T19:00:00Z,11.87,11.91,11.85,11.89,4563100
2024-08-06T13:00:00Z,11.81,11.94,11.8,11.92,2725700
2024-08-06T14:00:00Z,11.92,12.01,11.89,11.99,5137600
2024-08-06T15:00:00Z,12,12.07,11.98,12.06,3609500
2024-08-06T16:00:00Z,12.06,12.11,12.05,12.06,2754600
2024-08-06T17:00:00Z,12.06,12.06,12.01,12.03,2973000
2024-08-06T18:00:00Z,12.04,12.08,12.02,12.06,2774700
2024-08-06T19:00:00Z,12.06,12.07,12.01,12.02,3566100
2024-08-07T13:00:00Z,12.07,12.15,12.04,12.14,3100200
2024-08-07T14:00:00Z,12.14,12.2,12.12,12.2,3006500
2024-08-07T15:00:00Z,12.19,12.33,12.18,12.31,5275800
2024-08-07T16:00:00Z,12.31,12.39,12.3,12.32,5766000
2024-08-07T17:00:00Z,12.32,12.43,12.28,12.4,9405500
2024-08-07T18:00:00Z,12.4,12.54,12.38,12.51,7352600
2024-08-07T19:00:00Z,12.51,12.56,12.49,12.53,10377100
2024-08-08T13:00:00Z,12.46,12.52,12.4,12.45,4389900
2024-08-08T14:00:00Z,12.45,12.46,12.34,12.41,5196400
2024-08-08T15:00:00Z,12.41,12.46,12.31,12.46,4123000
2024-08-08T16:00:00Z,12.45,12.55,12.45,12.53,2935400
2024-08-08T17:00:00Z,12.53,12.56,12.43,12.43,2026100
2024-08-08T18:00:00Z,12.43,12.45,12.35,12.35,2103700
2024-08-08T19:00:00Z,12.35,12.39,12.34,12.37,3604400
2024-08-09T13:00:00Z,12.44,12.44,12.34,12.41,2201400
2024-08-09T14:00:00Z,12.41,12.43,12.31,12.33,2635400
2024-08-09T15:00:00Z,12.32,12.35,12.31,12.34,1018700
2024-08-09T16:00:00Z,12.33,12.41,12.31,12.4,3063500
2024-08-09T17:00:00Z,12.4,12.46,12.39,12.43,3041800
2024-08-09T18:00:00Z,12.43,12.44,12.41,12.42,1929100
2024-08-09T19:00:00Z,12.42,12.48,12.41,12.42,3225500
2024-08-12T13:00:00Z,12.5,12.5,12.43,12.45,1121800
2024-08-12T14:00:00Z,12.45,12.51,12.43,12.5,2620300
2024-08-12T15:00:00Z,12.5,12.52,12.45,12.5,2639400
2024-08-12T16:00:00Z,12.51,12.55,12.49,12.5,1343700
2024-08-12T17:00:00Z,12.49,12.5,12.42,12.43,1485200
2024-08-12T18:00:00Z,12.44,12.44,12.4,12.42,1961500
2024-08-12T19:00:00Z,12.42,12.44,12.39,12.39,3100200
2024-08-13T13:00:00Z,12.47,12.53,12.41,12.49,2614100
2024-08-13T14:00:00Z,12.5,12.66,12.48,12.6,5821300
2024-08-13T15:00:00Z,12.6,12.62,12.58,12.59,2839500
2024-08-13T16:00:00Z,12.58,12.64,12.54,12.63,4857900
2024-08-13T17:00:00Z,12.62,12.65,12.6,12.6,2653600
2024-08-13T18:00:00Z,12.6,12.62,12.56,12.58,3342300
2024-08-13T19:00:00Z,12.59,12.62,12.56,12.6,3753400
2024-08-14T13:00:00Z,12.57,12.64,12.55,12.59,2849400
2024-08-14T14:00:00Z,12.59,12.67,12.57,12.58,3376500
2024-08-14T15:00:00Z,12.58,12.64,12.54,12.64,2525900
2024-08-14T16:00:00Z,12.64,12.65,12.61,12.62,1567100
2024-08-14T17:00:00Z,12.63,12.66,12.61,12.62,2660700
2024-08-14T18:00:00Z,12.63,12.69,12.61,12.67,3505600
2024-08-14T19:00:00Z,12.68,12.68,12.6,12.6,3210300
2024-08-15T13:00:00Z,12.65,12.98,12.58,12.96,9263400
2024-08-15T14:00:00Z,12.97,13.08,12.94,12.96,9272900
2024-08-15T15:00:00Z,12.95,13.06,12.95,13.04,5393300
2024-08-15T16:00:00Z,13.04,13.15,13.04,13.08,6065400
2024-08-15T17:00:00Z,13.09,13.09,13,13.05,3776300
2024-08-15T18:00:00Z,13.06,13.07,13.01,13.05,3902100
2024-08-15T19:00:00Z,13.06,13.14,13,13.03,9032800
2024-08-16T13:00:00Z,13.15,13.4,13.06,13.2,13733100
2024-08-16T14:00:00Z,13.2,13.21,13.06,13.14,5802600
2024-08-16T15:00:00Z,13.14,13.14,13.08,13.1,2374900
2024-08-16T16:00:00Z,13.1,13.2,13.09,13.18,3704000
2024-08-16T17:00:00Z,13.17,13.18,13.1,13.13,3074100
2024-08-16T18:00:00Z,13.13,13.13,13.06,13.11,3042500
2024-08-16T19:00:00Z,13.11,13.11,13.05,13.08,3522900
2024-08-19T13:00:00Z,13.04,13.07,12.97,13.02,2651300
2024-08-19T14:00:00Z,13.01,13.03,12.96,12.99,2114700
2024-08-19T15:00:00Z,13,13.04,12.96,13,2415100
2024-08-19T16:00:00Z,13,13.1,12.97,13.08,3281500
2024-08-19T17:00:00Z,13.08,13.1,13,13.02,5380900
2024-08-19T18:00:00Z,13.03,13.05,12.97,13.02,4338500
2024-08-19T19:00:00Z,13.02,13.04,12.98,13,6204100
2024-08-20T13:00:00Z,12.99,12.99,12.87,12.9,2969800
2024-08-20T14:00:00Z,12.91,12.98,12.89,12.97,1797200
2024-08-20T15:00:00Z,12.97,13.03,12.95,12.97,1400900
2024-08-20T16:00:00Z,12.97,13.04,12.97,13,1516300
2024-08-20T17:00:00Z,12.99,13,12.96,12.99,1081000
2024-08-20T18:00:00Z,12.99,13.01,12.95,12.96,1514800
2024-08-20T19:00:00Z,12.95,13,12.93,12.97,3759900
2024-08-21T13:00:00Z,12.92,13.04,12.9,13,2086300
2024-08-21T14:00:00Z,12.99,13.04,12.97,12.99,2512700
2024-08-21T15:00:00Z,12.99,13.02,12.89,12.91,3514300
2024-08-21T16:00:00Z,12.92,12.94,12.85,12.86,3302500
2024-08-21T17:00:00Z,12.87,12.91,12.84,12.9,3438100
2024-08-21T18:00:00Z,12.91,12.96,12.9,12.9,3198400
2024-08-21T19:00:00Z,12.91,12.94,12.89,12.91,3823100
2024-08-22T13:00:00Z,12.95,13.01,12.91,12.95,2405100
2024-08-22T14:00:00Z,12.95,13.01,12.95,13,1427800
2024-08-22T15:00:00Z,12.99,13.03,12.94,12.97,3753900
2024-08-22T16:00:00Z,12.98,13.01,12.97,13,2159200
2024-08-22T17:00:00Z,12.99,13,12.94,12.96,3541700
2024-08-22T18:00:00Z,12.95,13.03,12.94,12.99,3806100
2024-08-22T19:00:00Z,13,13.02,12.98,13.01,5838500
2024-08-23T13:00:00Z,13.06,13.17,13.05,13.13,2720300
2024-08-23T14:00:00Z,13.13,13.14,13.06,13.12,8750400
2024-08-23T15:00:00Z,13.13,13.16,13.1,13.11,3518400
2024-08-23T16:00:00Z,13.11,13.13,13.08,13.09,2304300
2024-08-23T17:00:00Z,13.09,13.11,13.06,13.07,1301200
2024-08-23T18:00:00Z,13.07,13.17,13.06,13.15,6240000
2024-08-23T19:00:00Z,13.15,13.21,13.12,13.12,4831100
2024-08-26T13:00:00Z,13.11,13.19,13.01,13.18,4178700
2024-08-26T14:00:00Z,13.18,13.22,13.09,13.1,2982600
2024-08-26T15:00:00Z,13.09,13.14,13.07,13.12,3015700
2024-08-26T16:00:00Z,13.12,13.18,13.12,13.14,1695300
2024-08-26T17:00:00Z,13.14,13.18,13.11,13.11,1885300
2024-08-26T18:00:00Z,13.12,13.13,13.1,13.1,1016300
2024-08-26T19:00:00Z,13.11,13.13,13.02,13.06,3690300
2024-08-27T13:00:00Z,13.02,13.12,13.02,13.08,1736000
2024-08-27T14:00:00Z,13.08,13.11,12.98,13.02,3987900
2024-08-27T15:00:00Z,13.02,13.03,12.95,12.98,2826500
2024-08-27T16:00:00Z,12.98,13.02,12.97,12.98,3126500
2024-08-27T17:00:00Z,12.98,13.06,12.97,13.05,3344300
2024-08-27T18:00:00Z,13.05,13.1,13.03,13.09,2218000
2024-08-27T19:00:00Z,13.09,13.11,13.07,13.09,2708900
2024-08-28T13:00:00Z,13.04,13.07,12.92,12.97,1911100
2024-08-28T14:00:00Z,12.97,12.98,12.85,12.87,2783800
2024-08-28T15:00:00Z,12.87,12.89,12.81,12.84,3377900
2024-08-28T16:00:00Z,12.84,12.91,12.81,12.9,2967900
2024-08-28T17:00:00Z,12.91,12.95,12.9,12.91,1820700
2024-08-28T18:00:00Z,12.9,12.92,12.86,12.92,3662400
2024-08-28T19:00:00Z,12.91,12.97,12.91,12.96,3157900
2024-08-29T13:00:00Z,12.93,12.98,12.79,12.9,3216800
2024-08-29T14:00:00Z,12.9,12.91,12.81,12.81,2128600
2024-08-29T15:00:00Z,12.82,12.88,12.79,12.85,2156500
2024-08-29T16:00:00Z,12.86,12.91,12.84,12.88,1925000
2024-08-29T17:00:00Z,12.88,12.93,12.86,12.91,2032400
2024-08-29T18:00:00Z,12.9,12.91,12.85,12.87,1949500
2024-08-29T19:00:00Z,12.87,12.91,12.82,12.82,2853700
2024-08-30T13:00:00Z,12.77,12.83,12.75,12.79,2082200
2024-08-30T14:00:00Z,12.79,12.87,12.76,12.8,5914300
2024-08-30T15:00:00Z,12.81,12.87,12.79,12.83,2625200
2024-08-30T16:00:00Z,12.82,12.85,12.77,12.78,1927900
2024-08-30T17:00:00Z,12.79,12.84,12.77,12.82,1902600
2024-08-30T18:00:00Z,12.82,12.85,12.8,12.84,2239300
2024-08-30T19:00:00Z,12.84,12.86,12.81,12.85,3166700
2024-09-02T13:00:00Z,12.81,12.85,12.77,12.8,1854900
2024-09-02T14:00:00Z,12.79,12.8,12.7,12.76,2458900
2024-09-02T15:00:00Z,12.76,12.85,12.73,12.85,1540700
2024-09-02T16:00:00Z,12.84,12.88,12.82,12.85,1457400
2024-09-02T17:00:00Z,12.85,12.88,12.84,12.88,1329000
2024-09-02T18:00:00Z,12.87,12.88,12.83,12.83,979400
2024-09-02T19:00:00Z,12.84,12.89,12.83,12.83,2073100
2024-09-03T13:00:00Z,12.91,12.95,12.79,12.82,2051500
2024-09-03T14:00:00Z,12.82,12.92,12.81,12.88,2814600
2024-09-03T15:00:00Z,12.88,12.89,12.86,12.87,1050800
2024-09-03T16:00:00Z,12.88,12.92,12.78,12.78,2948400
2024-09-03T17:00:00Z,12.78,12.88,12.78,12.86,2177900
2024-09-03T18:00:00Z,12.84,12.89,12.81,12.84,2376900
2024-09-03T19:00:00Z,12.84,12.85,12.8,12.82,3652800
2024-09-04T13:00:00Z,12.84,13.02,12.82,13,3778400
2024-09-04T14:00:00Z,13,13.04,12.97,13.04,4159800
2024-09-04T15:00:00Z,13.04,13.05,12.97,13.01,2583900
2024-09-04T16:00:00Z,13.01,13.05,12.99,13.01,1447100
2024-09-04T17:00:00Z,13.01,13.04,12.98,13.02,1601500
2024-09-04T18:00:00Z,13.01,13.04,12.99,13,2370500
2024-09-04T19:00:00Z,13,13.02,12.98,12.99,3828200
2024-09-05T13:00:00Z,12.94,13.02,12.94,12.99,2188100
2024-09-05T14:00:00Z,12.97,13.02,12.93,12.94,2021700
2024-09-05T15:00:00Z,12.94,12.96,12.92,12.94,1393500
2024-09-05T16:00:00Z,12.94,13.02,12.93,12.98,1979500
2024-09-05T17:00:00Z,12.99,13.01,12.94,12.95,1521800
2024-09-05T18:00:00Z,12.96,12.98,12.94,12.95,1353600
2024-09-05T19:00:00Z,12.96,12.99,12.95,12.98,2594000
2024-09-06T13:00:00Z,12.92,13.07,12.91,12.98,3339200
2024-09-06T14:00:00Z,12.98,13,12.91,12.93,2038100
2024-09-06T15:00:00Z,12.93,13,12.93,12.96,3052400
2024-09-06T16:00:00Z,12.96,13.01,12.95,12.97,2295500
2024-09-06T17:00:00Z,12.98,13.02,12.97,12.98,2245200
2024-09-06T18:00:00Z,12.98,13.02,12.98,13.01,1856800
2024-09-06T19:00:00Z,13,13.05,12.99,13.01,3993500
2024-09-09T13:00:00Z,12.99,13.05,12.97,13.04,3891500
2024-09-09T14:00:00Z,13.04,13.12,13.01,13.12,10019500
2024-09-09T15:00:00Z,13.11,13.21,13.1,13.12,7405100
2024-09-09T16:00:00Z,13.12,13.16,13.11,13.15,1781200
2024-09-09T17:00:00Z,13.14,13.18,13.1,13.11,4778200
2024-09-09T18:00:00Z,13.1,13.12,13.08,13.11,2104100
2024-09-09T19:00:00Z,13.11,13.15,13.1,13.12,3847300
2024-09-10T13:00:00Z,13.01,13.19,13.01,13.13,2868000
2024-09-10T14:00:00Z,13.13,13.27,13.12,13.25,4939700
2024-09-10T15:00:00Z,13.26,13.31,13.22,13.29,5230800
2024-09-10T16:00:00Z,13.29,13.32,13.26,13.26,2246800
2024-09-10T17:00:00Z,13.27,13.28,13.23,13.27,1756200
2024-09-10T18:00:00Z,13.27,13.28,13.22,13.22,1174500
2024-09-10T19:00:00Z,13.22,13.32,13.22,13.28,4933500
2024-09-11T13:00:00Z,13.3,13.3,13.11,13.16,2930200
2024-09-11T14:00:00Z,13.16,13.17,13.07,13.12,4846800
2024-09-11T15:00:00Z,13.12,13.17,13.1,13.17,1310500
2024-09-11T16:00:00Z,13.17,13.18,13.12,13.13,2174300
2024-09-11T17:00:00Z,13.14,13.15,13.06,13.07,1669700
2024-09-11T18:00:00Z,13.08,13.09,13.04,13.06,2045400
2024-09-11T19:00:00Z,13.06,13.07,13.02,13.04,2696300
2024-09-12T13:00:00Z,12.96,12.99,12.83,12.85,7765800
2024-09-12T14:00:00Z,12.85,12.86,12.78,12.79,3914800
2024-09-12T15:00:00Z,12.8,12.84,12.76,12.81,4201200
2024-09-12T16:00:00Z,12.81,12.87,12.79,12.85,4272000
2024-09-12T17:00:00Z,12.85,12.86,12.81,12.85,5062500
2024-09-12T18:00:00Z,12.85,12.88,12.83,12.87,3868700
2024-09-12T19:00:00Z,12.87,12.91,12.86,12.87,2426500
2024-09-13T13:00:00Z,12.95,13,12.85,12.85,4194200
2024-09-13T14:00:00Z,12.85,12.86,12.79,12.85,5247400
2024-09-13T15:00:00Z,12.84,12.85,12.78,12.79,1641700
2024-09-13T16:00:00Z,12.78,12.8,12.72,12.77,2649800
2024-09-13T17:00:00Z,12.77,12.79,12.74,12.78,990700
2024-09-13T18:00:00Z,12.77,12.79,12.76,12.78,1337300
2024-09-13T19:00:00Z,12.78,12.8,12.74,12.74,2257800
2024-09-16T13:00:00Z,12.76,12.87,12.75,12.84,3095400
2024-09-16T14:00:00Z,12.84,12.85,12.76,12.81,4009400
2024-09-16T15:00:00Z,12.81,12.82,12.76,12.79,3547500
2024-09-16T16:00:00Z,12.78,12.81,12.76,12.81,2450800
2024-09-16T17:00:00Z,12.81,12.84,12.78,12.84,2379400
2024-09-16T18:00:00Z,12.84,12.85,12.83,12.84,1657300
2024-09-16T19:00:00Z,12.84,12.86,12.82,12.83,2799600
2024-09-17T13:00:00Z,12.79,12.89,12.79,12.87,3188000
2024-09-17T14:00:00Z,12.87,12.94,12.86,12.92,5430300
2024-09-17T15:00:00Z,12.92,12.99,12.91,12.96,4561800
2024-09-17T16:00:00Z,12.97,12.99,12.95,12.96,2273200
2024-09-17T17:00:00Z,12.95,12.99,12.93,12.98,3731300
2024-09-17T18:00:00Z,12.97,12.99,12.94,12.95,2389600
2024-09-17T19:00:00Z,12.94,12.96,12.92,12.94,3007200
2024-09-18T13:00:00Z,12.86,13.04,12.85,13.01,3422600
2024-09-18T14:00:00Z,13,13.06,12.98,13.03,3215500
2024-09-18T15:00:00Z,13.03,13.04,12.98,13.03,3685900
2024-09-18T16:00:00Z,13.03,13.08,13.01,13.06,2208200
2024-09-18T17:00:00Z,13.07,13.11,13.05,13.07,2760400
2024-09-18T18:00:00Z,13.09,13.14,13.06,13.07,5442100
2024-09-18T19:00:00Z,13.08,13.13,13.03,13.06,4596400
2024-09-19T13:00:00Z,13,13.1,13,13.06,8462200
2024-09-19T14:00:00Z,13.05,13.07,12.97,13.06,6579300
2024-09-19T15:00:00Z,13.06,13.11,13.05,13.05,3743900
2024-09-19T16:00:00Z,13.05,13.07,13,13.03,7018600
2024-09-19T17:00:00Z,13.02,13.03,12.93,12.93,3553900
2024-09-19T18:00:00Z,12.94,12.99,12.92,12.97,3456100
2024-09-19T19:00:00Z,12.96,12.99,12.89,12.95,9640700
2024-09-20T13:00:00Z,12.96,13,12.85,12.92,5115400
2024-09-20T14:00:00Z,12.91,12.95,12.82,12.84,5459700
2024-09-20T15:00:00Z,12.85,12.87,12.8,12.82,4447300
2024-09-20T16:00:00Z,12.81,12.83,12.78,12.78,2918400
2024-09-20T17:00:00Z,12.78,12.8,12.77,12.77,2450000
2024-09-20T18:00:00Z,12.77,12.79,12.75,12.76,3326000
2024-09-20T19:00:00Z,12.76,12.8,12.73,12.77,4547600
2024-09-23T13:00:00Z,12.7,12.86,12.65,12.75,3802100
2024-09-23T14:00:00Z,12.75,12.8,12.66,12.78,1651500
2024-09-23T15:00:00Z,12.77,12.82,12.73,12.81,2274300
2024-09-23T16:00:00Z,12.8,12.81,12.76,12.78,4458900
2024-09-23T17:00:00Z,12.79,12.79,12.73,12.77,1667000
2024-09-23T18:00:00Z,12.77,12.78,12.74,12.74,2253700
2024-09-23T19:00:00Z,12.75,12.78,12.74,12.74,2689600
2024-09-24T13:00:00Z,12.79,12.9,12.77,12.84,2500500
2024-09-24T14:00:00Z,12.82,12.88,12.71,12.72,3737800
2024-09-24T15:00:00Z,12.72,12.77,12.69,12.75,2695500
2024-09-24T16:00:00Z,12.74,12.82,12.72,12.81,2628400
2024-09-24T17:00:00Z,12.8,12.81,12.78,12.8,1891000
2024-09-24T18:00:00Z,12.8,12.84,12.78,12.84,2740900
2024-09-24T19:00:00Z,12.84,12.84,12.77,12.78,3888200
2024-09-25T13:00:00Z,12.78,12.98,12.78,12.89,6761900
2024-09-25T14:00:00Z,12.89,12.91,12.83,12.86,3874300
2024-09-25T15:00:00Z,12.86,12.88,12.78,12.82,3187900
2024-09-25T16:00:00Z,12.82,12.83,12.74,12.74,2199100
2024-09-25T17:00:00Z,12.75,12.76,12.7,12.76,3455500
2024-09-25T18:00:00Z,12.75,12.77,12.71,12.76,4471300
2024-09-25T19:00:00Z,12.76,12.77,12.69,12.74,5821200
2024-09-26T13:00:00Z,12.76,12.87,12.72,12.84,2038800
2024-09-26T14:00:00Z,12.83,12.87,12.8,12.81,1778900
2024-09-26T15:00:00Z,12.81,12.85,12.8,12.81,1237300
2024-09-26T16:00:00Z,12.82,12.86,12.79,12.85,1352500
2024-09-26T17:00:00Z,12.85,12.85,12.81,12.84,1429300
2024-09-26T18:00:00Z,12.85,12.86,12.81,12.83,3015100
2024-09-26T19:00:00Z,12.83,12.85,12.81,12.83,3606800
2024-09-27T13:00:00Z,12.8,12.9,12.8,12.88,2096500
2024-09-27T14:00:00Z,12.87,12.9,12.85,12.87,1048700
2024-09-27T15:00:00Z,12.86,12.87,12.82,12.82,1565200
2024-09-27T16:00:00Z,12.83,12.85,12.81,12.81,1250200
2024-09-27T17:00:00Z,12.81,12.83,12.79,12.83,1315800
2024-09-27T18:00:00Z,12.83,12.94,12.82,12.92,4305500
2024-09-27T19:00:00Z,12.92,12.99,12.89,12.95,10650500
2024-09-30T13:00:00Z,12.94,13.05,12.9,13.01,2747200
2024-09-30T14:00:00Z,13.01,13.05,12.98,13.03,1525900
2024-09-30T15:00:00Z,13.03,13.04,12.99,13.02,1706000
2024-09-30T16:00:00Z,13.01,13.03,13,13.01,1119100
2024-09-30T17:00:00Z,13.01,13.07,12.99,13.06,2725000
2024-09-30T18:00:00Z,13.06,13.17,13.06,13.12,4871700
2024-09-30T19:00:00Z,13.11,13.17,13.1,13.13,8422300
2024-10-01T13:00:00Z,13.2,13.56,13.13,13.56,11126600
2024-10-01T14:00:00Z,13.56,13.57,13.45,13.54,10632200
2024-10-01T15:00:00Z,13.53,13.65,13.49,13.61,8444000
2024-10-01T16:00:00Z,13.61,13.72,13.57,13.6,10527500
2024-10-01T17:00:00Z,13.6,13.61,13.5,13.59,6924600
2024-10-01T18:00:00Z,13.57,13.6,13.56,13.6,6892300
2024-10-01T19:00:00Z,13.58,13.64,13.57,13.6,9000700
2024-10-02T13:00:00Z,13.7,13.77,13.61,13.7,5890400
2024-10-02T14:00:00Z,13.71,13.8,13.7,13.78,6527800
2024-10-02T15:00:00Z,13.78,13.85,13.76,13.82,5416500
2024-10-02T16:00:00Z,13.82,13.82,13.75,13.77,5558600
2024-10-02T17:00:00Z,13.78,13.82,13.76,13.8,5540900
2024-10-02T18:00:00Z,13.79,13.83,13.75,13.79,9702200
2024-10-02T19:00:00Z,13.8,13.81,13.75,13.75,10148200
2024-10-03T13:00:00Z,13.55,13.63,13.49,13.5,4496200
2024-10-03T14:00:00Z,13.5,13.51,13.41,13.43,4792600
2024-10-03T15:00:00Z,13.41,13.49,13.4,13.47,6376100
2024-10-03T16:00:00Z,13.47,13.54,13.46,13.52,6733500
2024-10-03T17:00:00Z,13.51,13.58,13.49,13.53,3550400
2024-10-03T18:00:00Z,13.53,13.54,13.47,13.51,3340300
2024-10-03T19:00:00Z,13.51,13.51,13.41,13.43,12656700
2024-10-04T13:00:00Z,13.26,13.4,13.17,13.38,5428700
2024-10-04T14:00:00Z,13.38,13.39,13.28,13.29,3723900
2024-10-04T15:00:00Z,13.3,13.37,13.27,13.36,2532000
2024-10-04T16:00:00Z,13.36,13.37,13.33,13.37,1797100
2024-10-04T17:00:00Z,13.36,13.41,13.33,13.34,2461300
2024-10-04T18:00:00Z,13.34,13.45,13.3,13.39,7270400
2024-10-04T19:00:00Z,13.39,13.4,13.29,13.32,9800000
2024-10-07T13:00:00Z,13.41,13.41,13.22,13.27,2328000
2024-10-07T14:00:00Z,13.26,13.32,13.21,13.22,3555000
2024-10-07T15:00:00Z,13.22,13.25,13.19,13.21,2414900
2024-10-07T16:00:00Z,13.21,13.22,13.16,13.17,1618800
2024-10-07T17:00:00Z,13.18,13.23,13.17,13.21,1136100
2024-10-07T18:00:00Z,13.21,13.27,13.15,13.15,4422200
2024-10-07T19:00:00Z,13.16,13.17,13.14,13.15,3900300
2024-10-08T13:00:00Z,13.15,13.17,13.01,13.05,8166200
2024-10-08T14:00:00Z,13.05,13.07,12.94,13.05,8520100
2024-10-08T15:00:00Z,13.05,13.07,13.01,13.04,5153600
2024-10-08T16:00:00Z,13.06,13.09,13.03,13.08,1843000
2024-10-08T17:00:00Z,13.08,13.11,13.04,13.11,2191200
2024-10-08T18:00:00Z,13.11,13.13,13.09,13.1,1972700
2024-10-08T19:00:00Z,13.11,13.12,13.07,13.11,4007700
2024-10-09T13:00:00Z,12.95,13.06,12.95,13.04,4276100
2024-10-09T14:00:00Z,13.05,13.1,12.97,13.09,6204900
2024-10-09T15:00:00Z,13.09,13.15,13.06,13.07,2808100
2024-10-09T16:00:00Z,13.07,13.1,12.99,13.03,3393600
2024-10-09T17:00:00Z,13.03,13.04,12.99,13.01,1996100
2024-10-09T18:00:00Z,13.02,13.06,12.98,13.04,2875500
2024-10-09T19:00:00Z,13.05,13.11,13.03,13.08,5020700
2024-10-10T13:00:00Z,13.05,13.18,13.05,13.14,2983500
2024-10-10T14:00:00Z,13.14,13.19,13.12,13.13,2369200
2024-10-10T15:00:00Z,13.12,13.16,13.1,13.11,2291900
2024-10-10T16:00:00Z,13.12,13.14,13.09,13.12,2008000
2024-10-10T17:00:00Z,13.13,13.14,13.09,13.14,1894500
2024-10-10T18:00:00Z,13.14,13.14,13.08,13.09,2546300
2024-10-10T19:00:00Z,13.09,13.11,13.07,13.07,3079800
2024-10-11T13:00:00Z,13.09,13.12,12.96,12.97,6208500
2024-10-11T14:00:00Z,12.97,13.04,12.96,13,2502500
2024-10-11T15:00:00Z,13.01,13.08,13,13.01,2806900
2024-10-11T16:00:00Z,13.01,13.02,12.97,13.01,1907900
2024-10-11T17:00:00Z,13,13.02,12.96,12.98,1960600
2024-10-11T18:00:00Z,12.98,12.98,12.84,12.89,8539200
2024-10-11T19:00:00Z,12.89,12.91,12.86,12.9,4760600
2024-10-14T13:00:00Z,12.86,12.97,12.84,12.88,2759100
2024-10-14T14:00:00Z,12.88,12.91,12.86,12.9,2995900
2024-10-14T15:00:00Z,12.91,12.96,12.86,12.94,2854000
2024-10-14T16:00:00Z,12.94,12.97,12.93,12.95,1754600
2024-10-14T17:00:00Z,12.96,12.97,12.91,12.95,2518900
2024-10-14T18:00:00Z,12.95,12.96,12.92,12.95,3223300
2024-10-14T19:00:00Z,12.94,12.95,12.91,12.91,3214900
2024-10-15T13:00:00Z,12.93,12.95,12.83,12.85,3707200
2024-10-15T14:00:00Z,12.85,12.95,12.84,12.9,3546300
2024-10-15T15:00:00Z,12.9,12.94,12.87,12.88,2498700
2024-10-15T16:00:00Z,12.88,12.89,12.81,12.83,2907900
2024-10-15T17:00:00Z,12.83,12.89,12.82,12.88,2358900
2024-10-15T18:00:00Z,12.88,12.9,12.85,12.88,4825700
2024-10-15T19:00:00Z,12.87,12.88,12.83,12.84,6677400
2024-10-16T13:00:00Z,12.89,12.92,12.85,12.88,1871200
2024-10-16T14:00:00Z,12.88,12.98,12.87,12.98,4176500
2024-10-16T15:00:00Z,12.98,13,12.91,12.92,3652000
2024-10-16T16:00:00Z,12.92,12.95,12.9,12.92,3461900
2024-10-16T17:00:00Z,12.93,12.98,12.92,12.95,4257000
2024-10-16T18:00:00Z,12.95,12.97,12.91,12.92,4781000
2024-10-16T19:00:00Z,12.92,12.95,12.88,12.95,6238300
2024-10-17T13:00:00Z,12.78,12.84,12.75,12.81,3605800
2024-10-17T14:00:00Z,12.8,12.84,12.79,12.82,2308500
2024-10-17T15:00:00Z,12.81,12.96,12.8,12.88,3994800
2024-10-17T16:00:00Z,12.88,12.89,12.85,12.87,1212900
2024-10-17T17:00:00Z,12.86,12.89,12.81,12.86,2015300
2024-10-17T18:00:00Z,12.85,12.89,12.85,12.88,1541500
2024-10-17T19:00:00Z,12.88,12.91,12.88,12.89,1975700
2024-10-18T13:00:00Z,12.96,12.96,12.84,12.84,2680800
2024-10-18T14:00:00Z,12.84,12.88,12.83,12.85,3729000
2024-10-18T15:00:00Z,12.86,12.87,12.8,12.83,2547200
2024-10-18T16:00:00Z,12.82,12.87,12.8,12.85,1732700
2024-10-18T17:00:00Z,12.85,12.87,12.82,12.82,1945800
2024-10-18T18:00:00Z,12.82,12.86,12.81,12.84,1327300
2024-10-18T19:00:00Z,12.84,12.9,12.83,12.89,3073900
2024-10-21T13:00:00Z,12.88,12.92,12.83,12.88,2301700
2024-10-21T14:00:00Z,12.88,12.94,12.84,12.89,4359100
2024-10-21T15:00:00Z,12.9,12.9,12.84,12.87,1833900
2024-10-21T16:00:00Z,12.87,12.89,12.84,12.87,9540400
2024-10-21T17:00:00Z,12.88,12.88,12.83,12.83,1359300
2024-10-21T18:00:00Z,12.84,12.85,12.81,12.83,2575800
2024-10-21T19:00:00Z,12.83,12.91,12.83,12.88,4895400
2024-10-22T13:00:00Z,12.77,12.9,12.73,12.76,5278400
2024-10-22T14:00:00Z,12.76,12.83,12.76,12.77,3908800
2024-10-22T15:00:00Z,12.78,12.85,12.75,12.85,3057600
2024-10-22T16:00:00Z,12.84,12.85,12.78,12.78,1683500
2024-10-22T17:00:00Z,12.78,12.82,12.77,12.8,2513800
2024-10-22T18:00:00Z,12.82,12.88,12.8,12.87,8061100
2024-10-22T19:00:00Z,12.86,12.89,12.82,12.86,7102000
2024-10-23T13:00:00Z,12.74,12.79,12.71,12.75,3147600
2024-10-23T14:00:00Z,12.73,12.75,12.7,12.72,2286000
2024-10-23T15:00:00Z,12.71,12.78,12.7,12.77,6658500
2024-10-23T16:00:00Z,12.76,12.8,12.76,12.79,2122200
2024-10-23T17:00:00Z,12.78,12.82,12.78,12.79,1878600
2024-10-23T18:00:00Z,12.79,12.8,12.76,12.79,1598400
2024-10-23T19:00:00Z,12.79,12.79,12.76,12.77,2240900
2024-10-24T13:00:00Z,12.72,12.8,12.68,12.78,3351400
2024-10-24T14:00:00Z,12.78,12.85,12.76,12.82,1424400
2024-10-24T15:00:00Z,12.82,12.83,12.79,12.79,998900
2024-10-24T16:00:00Z,12.81,12.86,12.78,12.84,3008200
2024-10-24T17:00:00Z,12.84,12.86,12.79,12.81,3708400
2024-10-24T18:00:00Z,12.81,12.86,12.8,12.85,1715100
2024-10-24T19:00:00Z,12.85,12.89,12.83,12.84,1925800
2024-10-25T13:00:00Z,12.82,12.84,12.77,12.78,1483400
2024-10-25T14:00:00Z,12.78,12.83,12.74,12.76,1583200
2024-10-25T15:00:00Z,12.76,12.8,12.75,12.77,2261000
2024-10-25T16:00:00Z,12.77,12.82,12.75,12.8,1648100
2024-10-25T17:00:00Z,12.8,12.81,12.74,12.75,1759400
2024-10-25T18:00:00Z,12.75,12.78,12.75,12.75,1351500
2024-10-25T19:00:00Z,12.75,12.76,12.73,12.73,2178700
2024-10-28T13:00:00Z,12.81,12.96,12.78,12.94,2107800
2024-10-28T14:00:00Z,12.94,12.96,12.89,12.96,2193900
2024-10-28T15:00:00Z,12.95,12.96,12.9,12.92,3454800
2024-10-28T16:00:00Z,12.92,12.94,12.89,12.91,2142800
2024-10-28T17:00:00Z,12.91,13,12.89,12.95,2978500
2024-10-28T18:00:00Z,12.95,12.96,12.89,12.9,1838600
2024-10-28T19:00:00Z,12.91,12.94,12.88,12.91,3372500
2024-10-29T13:00:00Z,12.9,13.03,12.9,13.01,3342000
2024-10-29T14:00:00Z,13.01,13.02,12.95,12.97,2731100
2024-10-29T15:00:00Z,12.97,13.01,12.92,12.93,1653600
2024-10-29T16:00:00Z,12.94,12.95,12.91,12.91,1254700
2024-10-29T17:00:00Z,12.92,12.92,12.87,12.9,1659300
2024-10-29T18:00:00Z,12.91,12.96,12.9,12.95,2579100
2024-10-29T19:00:00Z,12.95,13.03,12.95,13.03,6044400
2024-10-30T13:00:00Z,13.05,13.09,12.98,13,2954900
2024-10-30T14:00:00Z,13,13.02,12.95,12.97,1630500
2024-10-30T15:00:00Z,12.96,12.99,12.92,12.94,1580600
2024-10-30T16:00:00Z,12.93,12.95,12.9,12.93,1282400
2024-10-30T17:00:00Z,12.93,13.01,12.92,13.01,2847000
2024-10-30T18:00:00Z,13,13.04,12.93,12.97,3726600
2024-10-30T19:00:00Z,12.97,12.97,12.92,12.94,4723600
2024-10-31T13:00:00Z,12.6,12.8,12.48,12.75,15887700
2024-10-31T14:00:00Z,12.75,12.84,12.69,12.7,7560800
2024-10-31T15:00:00Z,12.7,12.72,12.62,12.65,6892500
2024-10-31T16:00:00Z,12.65,12.72,12.64,12.69,5285300
2024-10-31T17:00:00Z,12.69,12.69,12.6,12.6,3301400
2024-10-31T18:00:00Z,12.61,12.71,12.6,12.69,4510800
2024-10-31T19:00:00Z,12.69,12.71,12.57,12.6,7002400
2024-11-01T13:00:00Z,12.51,12.65,12.48,12.49,3460300
2024-11-01T14:00:00Z,12.49,12.65,12.48,12.57,6942900
2024-11-01T15:00:00Z,12.57,12.62,12.55,12.61,2852300
2024-11-01T16:00:00Z,12.61,12.63,12.57,12.58,1694600
2024-11-01T17:00:00Z,12.58,12.59,12.51,12.51,4847400
2024-11-01T18:00:00Z,12.52,12.58,12.5,12.57,2975600
2024-11-01T19:00:00Z,12.57,12.58,12.49,12.49,4337300
2024-11-04T13:00:00Z,12.59,12.63,12.52,12.52,1408000
2024-11-04T14:00:00Z,12.52,12.61,12.51,12.57,2165300
2024-11-04T15:00:00Z,12.56,12.62,12.56,12.58,2011300
2024-11-04T16:00:00Z,12.59,12.61,12.56,12.6,2385400
2024-11-04T17:00:00Z,12.6,12.65,12.59,12.62,2018300
2024-11-04T18:00:00Z,12.63,12.66,12.61,12.66,2617700
2024-11-04T19:00:00Z,12.66,12.67,12.63,12.65,1904300
2024-11-04T20:00:00Z,12.64,12.71,12.63,12.7,2935100
2024-11-05T13:00:00Z,12.6,12.71,12.6,12.69,860600
2024-11-05T14:00:00Z,12.7,12.74,12.63,12.66,1785100
2024-11-05T15:00:00Z,12.66,12.67,12.57,12.58,1822000
2024-11-05T16:00:00Z,12.57,12.62,12.57,12.61,1306600
2024-11-05T17:00:00Z,12.61,12.67,12.58,12.59,2601400
2024-11-05T18:00:00Z,12.58,12.66,12.58,12.63,2932300
2024-11-05T19:00:00Z,12.63,12.69,12.6,12.66,2696800
2024-11-05T20:00:00Z,12.67,12.67,12.63,12.64,1965100
2024-11-06T13:00:00Z,12.52,12.55,12.4,12.45,4057300
2024-11-06T14:00:00Z,12.45,12.5,12.34,12.37,5029000
2024-11-06T15:00:00Z,12.37,12.5,12.37,12.45,7935500
2024-11-06T16:00:00Z,12.46,12.46,12.34,12.37,3311000
2024-11-06T17:00:00Z,12.37,12.44,12.36,12.39,3562100
2024-11-06T18:00:00Z,12.39,12.49,12.39,12.47,5880300
2024-11-06T19:00:00Z,12.47,12.51,12.44,12.47,4075400
2024-11-06T20:00:00Z,12.47,12.55,12.47,12.52,3089300
2024-11-07T13:00:00Z,12.39,12.57,12.39,12.56,840400
2024-11-07T14:00:00Z,12.56,12.61,12.53,12.59,2385600
2024-11-07T15:00:00Z,12.58,12.65,12.57,12.64,2408400
2024-11-07T16:00:00Z,12.64,12.69,12.6,12.62,3227600
2024-11-07T17:00:00Z,12.63,12.65,12.53,12.57,5199100
2024-11-07T18:00:00Z,12.57,12.57,12.51,12.51,1782000
2024-11-07T19:00:00Z,12.51,12.57,12.5,12.54,2848900
2024-11-07T20:00:00Z,12.54,12.59,12.52,12.56,2351400
2024-11-08T13:00:00Z,12.4,12.5,12.34,12.39,4609700
2024-11-08T14:00:00Z,12.4,12.4,12.34,12.37,2980800
2024-11-08T15:00:00Z,12.37,12.55,12.36,12.49,6053900
2024-11-08T16:00:00Z,12.49,12.5,12.42,12.42,4338200
2024-11-08T17:00:00Z,12.42,12.46,12.35,12.43,4583000
2024-11-08T18:00:00Z,12.43,12.47,12.4,12.44,3852800
2024-11-08T19:00:00Z,12.44,12.44,12.36,12.38,2401900
2024-11-08T20:00:00Z,12.37,12.39,12.31,12.36,3643800
2024-11-11T13:00:00Z,12.31,12.39,12.26,12.28,1422000
2024-11-11T14:00:00Z,12.28,12.36,12.27,12.36,2144300
2024-11-11T15:00:00Z,12.36,12.51,12.36,12.5,4335600
2024-11-11T16:00:00Z,12.5,12.53,12.47,12.48,2331600
2024-11-11T17:00:00Z,12.48,12.49,12.45,12.47,1607800
2024-11-11T18:00:00Z,12.47,12.54,12.46,12.52,3146600
2024-11-11T19:00:00Z,12.52,12.55,12.51,12.52,1916900
2024-11-11T20:00:00Z,12.54,12.54,12.48,12.51,2054600
2024-11-12T13:00:00Z,12.43,12.48,12.3,12.32,2073100
2024-11-12T14:00:00Z,12.31,12.48,12.3,12.42,2903100
2024-11-12T15:00:00Z,12.41,12.52,12.41,12.51,2588000
2024-11-12T16:00:00Z,12.5,12.52,12.47,12.48,1484800
2024-11-12T17:00:00Z,12.48,12.52,12.47,12.49,4053700
2024-11-12T18:00:00Z,12.49,12.54,12.48,12.54,1901700
2024-11-12T19:00:00Z,12.53,12.57,12.52,12.54,3227500
2024-11-12T20:00:00Z,12.54,12.64,12.53,12.61,5057400
2024-11-13T13:00:00Z,12.52,12.63,12.46,12.51,2079800
2024-11-13T14:00:00Z,12.51,12.63,12.51,12.56,3997300
2024-11-13T15:00:00Z,12.57,12.65,12.56,12.64,2507200
2024-11-13T16:00:00Z,12.63,12.64,12.61,12.62,3057000
2024-11-13T17:00:00Z,12.62,12.64,12.61,12.63,2675500
2024-11-13T18:00:00Z,12.63,12.66,12.6,12.63,3614800
2024-11-13T19:00:00Z,12.64,12.76,12.63,12.76,5497900
2024-11-13T20:00:00Z,12.76,12.77,12.69,12.7,4364400
2024-11-14T13:00:00Z,12.69,12.9,12.65,12.88,2279700
2024-11-14T14:00:00Z,12.88,12.89,12.69,12.72,4773200
2024-11-14T15:00:00Z,12.71,12.72,12.61,12.67,5130200
2024-11-14T16:00:00Z,12.67,12.69,12.63,12.67,3183800
2024-11-14T17:00:00Z,12.66,12.7,12.64,12.65,4126600
2024-11-14T18:00:00Z,12.65,12.7,12.65,12.68,3020300
2024-11-14T19:00:00Z,12.67,12.75,12.67,12.74,3571600
2024-11-14T20:00:00Z,12.74,12.77,12.68,12.68,5271200
2024-11-18T13:00:00Z,12.48,12.62,12.48,12.56,2101900
2024-11-18T14:00:00Z,12.56,12.67,12.51,12.61,2847000
2024-11-18T15:00:00Z,12.6,12.61,12.54,12.59,2154100
2024-11-18T16:00:00Z,12.59,12.63,12.57,12.57,1908400
2024-11-18T17:00:00Z,12.58,12.63,12.51,12.51,5766800
2024-11-18T18:00:00Z,12.51,12.52,12.38,12.4,6355000
2024-11-18T19:00:00Z,12.39,12.45,12.38,12.4,8785900
2024-11-18T20:00:00Z,12.39,12.43,12.38,12.39,4179100
2024-11-19T13:00:00Z,12.45,12.54,12.42,12.52,1441400
2024-11-19T14:00:00Z,12.51,12.58,12.51,12.56,2328200
2024-11-19T15:00:00Z,12.56,12.58,12.52,12.56,1873900
2024-11-19T16:00:00Z,12.57,12.6,12.53,12.59,1920100
2024-11-19T17:00:00Z,12.59,12.59,12.51,12.51,2885900
2024-11-19T18:00:00Z,12.51,12.52,12.46,12.51,2478700
2024-11-19T19:00:00Z,12.5,12.54,12.47,12.48,3730600
2024-11-19T20:00:00Z,12.49,12.5,12.44,12.45,8725700
2024-11-21T13:00:00Z,12.31,12.46,12.3,12.4,2708600
2024-11-21T14:00:00Z,12.4,12.44,12.38,12.4,2465600
2024-11-21T15:00:00Z,12.41,12.47,12.39,12.41,2368700
2024-11-21T16:00:00Z,12.42,12.46,12.39,12.44,1802100
2024-11-21T17:00:00Z,12.44,12.48,12.43,12.44,1418100
2024-11-21T18:00:00Z,12.44,12.47,12.42,12.45,1206400
2024-11-21T19:00:00Z,12.45,12.46,12.41,12.44,2068000
2024-11-21T20:00:00Z,12.45,12.46,12.43,12.43,1785900
2024-11-22T13:00:00Z,12.49,12.67,12.47,12.54,3155200
2024-11-22T14:00:00Z,12.54,12.58,12.52,12.57,2683700
2024-11-22T15:00:00Z,12.58,12.59,12.53,12.54,3988400
2024-11-22T16:00:00Z,12.54,12.58,12.53,12.56,1945300
2024-11-22T17:00:00Z,12.57,12.61,12.54,12.6,1538400
2024-11-22T18:00:00Z,12.6,12.63,12.59,12.61,1572700
2024-11-22T19:00:00Z,12.61,12.67,12.6,12.65,2485100
2024-11-22T20:00:00Z,12.64,12.7,12.63,12.69,5054500
2024-11-25T13:00:00Z,12.59,12.69,12.59,12.66,1187700
2024-11-25T14:00:00Z,12.67,12.67,12.6,12.62,1664500
2024-11-25T15:00:00Z,12.63,12.67,12.59,12.61,2879200
2024-11-25T16:00:00Z,12.62,12.64,12.6,12.63,614300
2024-11-25T17:00:00Z,12.63,12.64,12.61,12.62,457300
2024-11-25T18:00:00Z,12.63,12.64,12.61,12.63,796400
2024-11-25T19:00:00Z,12.64,12.65,12.61,12.61,1622100
2024-11-25T20:00:00Z,12.62,12.63,12.58,12.61,1619900
2024-11-26T13:00:00Z,12.59,12.63,12.54,12.6,1064500
2024-11-26T14:00:00Z,12.6,12.61,12.54,12.57,2801000
2024-11-26T15:00:00Z,12.57,12.62,12.57,12.61,1854900
2024-11-26T16:00:00Z,12.61,12.67,12.6,12.66,1076900
2024-11-26T17:00:00Z,12.66,12.68,12.64,12.66,1502500
2024-11-26T18:00:00Z,12.66,12.68,12.63,12.66,1194000
2024-11-26T19:00:00Z,12.65,12.7,12.64,12.7,2908000
2024-11-26T20:00:00Z,12.69,12.71,12.66,12.68,2801000
2024-11-27T13:00:00Z,12.63,12.67,12.56,12.6,2399100
2024-11-27T14:00:00Z,12.62,12.68,12.59,12.65,1541800
2024-11-27T15:00:00Z,12.65,12.74,12.64,12.71,4692600
2024-11-27T16:00:00Z,12.71,12.73,12.6,12.63,4746400
2024-11-27T17:00:00Z,12.63,12.66,12.51,12.58,12551600
2024-11-27T18:00:00Z,12.59,12.63,12.54,12.62,4701900
2024-11-27T19:00:00Z,12.61,12.67,12.6,12.64,2756200
2024-11-27T20:00:00Z,12.65,12.66,12.57,12.58,7905600
2024-11-28T13:00:00Z,12.55,12.8,12.53,12.62,7186000
2024-11-28T14:00:00Z,12.64,12.68,12.55,12.64,9085500
2024-11-28T15:00:00Z,12.65,12.67,12.52,12.54,2651400
2024-11-28T16:00:00Z,12.54,12.56,12.48,12.5,5034400
2024-11-28T17:00:00Z,12.48,12.54,12.47,12.51,3325900
2024-11-28T18:00:00Z,12.52,12.52,12.5,12.51,1397400
2024-11-28T19:00:00Z,12.5,12.51,12.4,12.44,4122200
2024-11-28T20:00:00Z,12.44,12.46,12.32,12.33,5175600
2024-11-29T13:00:00Z,12.33,12.46,12.25,12.29,3888700
2024-11-29T14:00:00Z,12.29,12.56,12.28,12.5,13154900
2024-11-29T15:00:00Z,12.49,12.66,12.46,12.65,12739400
2024-11-29T16:00:00Z,12.64,12.69,12.6,12.66,3944100
2024-11-29T17:00:00Z,12.66,12.67,12.56,12.61,5730100
2024-11-29T18:00:00Z,12.6,12.61,12.51,12.57,9557000
2024-11-29T19:00:00Z,12.56,12.63,12.56,12.61,3414100
2024-11-29T20:00:00Z,12.61,12.72,12.6,12.67,3537000
2024-12-02T13:00:00Z,12.66,12.83,12.6,12.82,5836500
2024-12-02T14:00:00Z,12.82,13.03,12.76,12.98,17606200
2024-12-02T15:00:00Z,12.98,13.03,12.93,13,7190300
2024-12-02T16:00:00Z,13.01,13.09,12.97,13.08,7003900
2024-12-02T17:00:00Z,13.09,13.2,13.07,13.14,15185200
2024-12-02T18:00:00Z,13.15,13.21,13.12,13.14,9157400
2024-12-02T19:00:00Z,13.15,13.23,13.14,13.19,8433300
2024-12-02T20:00:00Z,13.18,13.27,13.18,13.25,12622100
2024-12-03T13:00:00Z,13.25,13.52,13.19,13.5,7760500
2024-12-03T14:00:00Z,13.5,13.62,13.45,13.62,9410900
2024-12-03T15:00:00Z,13.62,13.76,13.58,13.72,13751700
2024-12-03T16:00:00Z,13.72,13.77,13.66,13.76,4410900
2024-12-03T17:00:00Z,13.76,13.85,13.74,13.82,5296100
2024-12-03T18:00:00Z,13.82,13.86,13.78,13.83,9448400
2024-12-03T19:00:00Z,13.84,13.88,13.81,13.85,4685000
2024-12-03T20:00:00Z,13.84,13.86,13.81,13.83,14420000
2024-12-04T13:00:00Z,13.9,13.96,13.78,13.86,3556900
2024-12-04T14:00:00Z,13.86,13.96,13.83,13.95,2434800
2024-12-04T15:00:00Z,13.95,14.04,13.93,14.01,5885500
2024-12-04T16:00:00Z,14.01,14.06,14.01,14.04,3094300
2024-12-04T17:00:00Z,14.03,14.06,13.93,13.94,10381700
2024-12-04T18:00:00Z,13.94,14,13.88,13.88,8503200
2024-12-04T19:00:00Z,13.89,13.93,13.83,13.85,4160900
2024-12-04T20:00:00Z,13.86,14.02,13.84,13.97,5760900
2024-12-05T13:00:00Z,14.05,14.36,14,14.35,3940800
2024-12-05T14:00:00Z,14.35,14.46,14.2,14.45,7263800
2024-12-05T15:00:00Z,14.45,14.46,14.27,14.32,4865200
2024-12-05T16:00:00Z,14.32,14.38,14.28,14.37,3114600
2024-12-05T17:00:00Z,14.37,14.39,14.3,14.33,1721300
2024-12-05T18:00:00Z,14.34,14.39,14.32,14.36,3855500
2024-12-05T19:00:00Z,14.37,14.4,14.29,14.38,5501600
2024-12-05T20:00:00Z,14.39,14.43,14.33,14.34,5162800
2024-12-06T13:00:00Z,14.3,14.53,14.3,14.43,4913600
2024-12-06T14:00:00Z,14.43,14.5,14.29,14.33,6970200
2024-12-06T15:00:00Z,14.32,14.39,14.26,14.28,7417800
2024-12-06T16:00:00Z,14.28,14.38,14.28,14.33,3471400
2024-12-06T17:00:00Z,14.33,14.34,14.21,14.22,3478200
2024-12-06T18:00:00Z,14.21,14.27,14.15,14.15,6911900
2024-12-06T19:00:00Z,14.15,14.26,14.15,14.22,5152100
2024-12-06T20:00:00Z,14.23,14.26,14.19,14.2,3971300
2024-12-09T13:00:00Z,14.22,14.33,14.19,14.19,1882500
2024-12-09T14:00:00Z,14.2,14.22,14.14,14.2,1913000
2024-12-09T15:00:00Z,14.2,14.23,14.14,14.2,2856000
2024-12-09T16:00:00Z,14.2,14.26,14.18,14.24,1702800
2024-12-09T17:00:00Z,14.26,14.32,14.25,14.28,2618200
2024-12-09T18:00:00Z,14.28,14.29,14.21,14.25,2147100
2024-12-09T19:00:00Z,14.26,14.31,14.21,14.21,3859800
2024-12-09T20:00:00Z,14.21,14.31,14.21,14.31,5286400
2024-12-10T13:00:00Z,14.33,14.5,14.28,14.44,1677300
2024-12-10T14:00:00Z,14.44,14.46,14.27,14.33,2665200
2024-12-10T15:00:00Z,14.33,14.38,14.3,14.37,1676600
2024-12-10T16:00:00Z,14.36,14.42,14.34,14.41,1572300
2024-12-10T17:00:00Z,14.4,14.42,14.36,14.38,1655500
2024-12-10T18:00:00Z,14.37,14.43,14.36,14.41,2498600
2024-12-10T19:00:00Z,14.41,14.44,14.33,14.33,2756500
2024-12-10T20:00:00Z,14.34,14.41,14.3,14.34,4855100
2024-12-11T13:00:00Z,14.27,14.36,14.01,14.06,5015000
2024-12-11T14:00:00Z,14.05,14.12,13.8,13.83,6494400
2024-12-11T15:00:00Z,13.83,13.86,13.69,13.78,6999000
2024-12-11T16:00:00Z,13.79,13.8,13.72,13.77,1731300
2024-12-11T17:00:00Z,13.75,13.8,13.75,13.77,2405700
2024-12-11T18:00:00Z,13.77,13.78,13.67,13.69,3387900
2024-12-11T19:00:00Z,13.69,13.91,13.66,13.85,11973200
2024-12-11T20:00:00Z,13.84,14,13.77,14,7161900
2024-12-12T13:00:00Z,13.5,13.58,13.3,13.36,7834600
2024-12-12T14:00:00Z,13.36,13.41,13.25,13.34,4737900
2024-12-12T15:00:00Z,13.34,13.35,13.27,13.3,2675900
2024-12-12T16:00:00Z,13.31,13.31,13.23,13.29,4412000
2024-12-12T17:00:00Z,13.29,13.3,13.22,13.26,6867200
2024-12-12T18:00:00Z,13.25,13.27,13.2,13.22,3762500
2024-12-12T19:00:00Z,13.22,13.36,13.21,13.28,8667100
2024-12-12T20:00:00Z,13.28,13.3,13.18,13.2,4860500
2024-12-13T13:00:00Z,13.1,13.3,13.01,13.25,3271200
2024-12-13T14:00:00Z,13.26,13.26,13.14,13.16,3660100
2024-12-13T15:00:00Z,13.16,13.31,13.12,13.25,3848400
2024-12-13T16:00:00Z,13.25,13.36,13.22,13.32,2060900
2024-12-13T17:00:00Z,13.32,13.36,13.17,13.22,3594800
2024-12-13T18:00:00Z,13.21,13.25,13.16,13.23,2203900
2024-12-13T19:00:00Z,13.22,13.25,13.18,13.24,2015200
2024-12-13T20:00:00Z,13.23,13.24,13.08,13.11,7996100
2024-12-16T13:00:00Z,13.08,13.33,13.05,13.3,1766500
2024-12-16T14:00:00Z,13.3,13.42,13.07,13.09,7587400
2024-12-16T15:00:00Z,13.09,13.1,12.94,13.07,3556800
2024-12-16T16:00:00Z,13.08,13.09,13.02,13.04,1563100
2024-12-16T17:00:00Z,13.05,13.05,13,13.02,1293800
2024-12-16T18:00:00Z,13.01,13.03,12.99,13.02,1429600
2024-12-16T19:00:00Z,13.02,13.02,12.91,12.92,3846900
2024-12-16T20:00:00Z,12.91,12.94,12.84,12.88,5550900
2024-12-17T13:00:00Z,13,13.17,12.99,13.05,3464600
2024-12-17T14:00:00Z,13.05,13.13,13.02,13.06,2995700
2024-12-17T15:00:00Z,13.05,13.13,13.05,13.1,4811500
2024-12-17T16:00:00Z,13.09,13.14,13.04,13.1,7583400
2024-12-17T17:00:00Z,13.11,13.12,13.06,13.08,2993100
2024-12-17T18:00:00Z,13.08,13.11,13.03,13.08,4111100
2024-12-17T19:00:00Z,13.08,13.13,13.07,13.1,3970400
2024-12-17T20:00:00Z,13.1,13.19,13.09,13.15,5232100
2024-12-18T13:00:00Z,13.07,13.08,12.95,12.98,4598300
2024-12-18T14:00:00Z,12.99,13,12.87,12.89,3934800
2024-12-18T15:00:00Z,12.88,12.9,12.8,12.83,4406900
2024-12-18T16:00:00Z,12.85,12.86,12.75,12.8,6092400
2024-12-18T17:00:00Z,12.79,12.94,12.79,12.91,6218000
2024-12-18T18:00:00Z,12.92,12.92,12.85,12.85,3710500
2024-12-18T19:00:00Z,12.86,12.87,12.78,12.8,3918400
2024-12-18T20:00:00Z,12.78,12.87,12.76,12.8,5089100
2024-12-19T13:00:00Z,12.76,12.85,12.71,12.82,6021200
2024-12-19T14:00:00Z,12.82,12.91,12.75,12.81,4844300
2024-12-19T15:00:00Z,12.82,12.85,12.76,12.77,2977300
2024-12-19T16:00:00Z,12.78,12.83,12.64,12.8,6495300
2024-12-19T17:00:00Z,12.8,12.83,12.75,12.78,4565600
2024-12-19T18:00:00Z,12.79,12.86,12.78,12.81,4455400
2024-12-19T19:00:00Z,12.81,12.82,12.75,12.77,2016400
2024-12-19T20:00:00Z,12.76,12.8,12.74,12.79,4359300
2024-12-20T13:00:00Z,12.08,12.21,12.07,12.15,2452000
2024-12-20T14:00:00Z,12.15,12.2,12.05,12.07,5349000
2024-12-20T15:00:00Z,12.07,12.11,12.01,12.08,7423200
2024-12-20T16:00:00Z,12.07,12.1,12.04,12.06,4416800
2024-12-20T17:00:00Z,12.07,12.12,12.04,12.06,5666300
2024-12-20T18:00:00Z,12.06,12.12,12.03,12.1,9681200
2024-12-20T19:00:00Z,12.1,12.13,12.05,12.09,6401000
2024-12-20T20:00:00Z,12.09,12.3,12.08,12.3,11326500
2024-12-23T13:00:00Z,12.11,12.32,12.05,12.31,1915900
2024-12-23T14:00:00Z,12.32,12.34,12.03,12.08,6230500
2024-12-23T15:00:00Z,12.08,12.1,11.99,12.09,4152700
2024-12-23T16:00:00Z,12.09,12.1,11.99,12.09,5371200
2024-12-23T17:00:00Z,12.08,12.12,12.06,12.09,3952400
2024-12-23T18:00:00Z,12.1,12.18,12.08,12.18,2615200
2024-12-23T19:00:00Z,12.18,12.2,12.15,12.18,4802900
2024-12-23T20:00:00Z,12.18,12.22,12.13,12.22,7376500
2024-12-26T13:00:00Z,12.18,12.24,12.04,12.14,1949000
2024-12-26T14:00:00Z,12.13,12.19,12.11,12.13,2561200
2024-12-26T15:00:00Z,12.12,12.16,12.05,12.09,3649300
2024-12-26T16:00:00Z,12.09,12.13,12.05,12.06,1879900
2024-12-26T17:00:00Z,12.06,12.09,12,12.04,1427900
2024-12-26T18:00:00Z,12.04,12.04,11.99,12,951200
2024-12-26T19:00:00Z,11.99,12.1,11.99,12.09,2212600
2024-12-26T20:00:00Z,12.09,12.11,12.03,12.09,2581700
2024-12-27T13:00:00Z,12.16,12.19,12.05,12.07,1182800
2024-12-27T14:00:00Z,12.07,12.17,12.07,12.14,3792600
2024-12-27T15:00:00Z,12.13,12.17,12.1,12.14,5190900
2024-12-27T16:00:00Z,12.14,12.17,12.05,12.05,3827100
2024-12-27T17:00:00Z,12.06,12.09,12,12.03,6511900
2024-12-27T18:00:00Z,12.04,12.05,11.97,12,8128300
2024-12-27T19:00:00Z,12,12.06,11.98,12.03,3556800
2024-12-27T20:00:00Z,12.02,12.05,11.99,12.01,3538200
2024-12-30T13:00:00Z,12.06,12.13,12.03,12.13,913700
2024-12-30T14:00:00Z,12.13,12.16,11.99,12.01,5735300
2024-12-30T15:00:00Z,12.01,12.01,11.95,11.95,4495200
2024-12-30T16:00:00Z,11.96,11.98,11.84,11.85,3762700
2024-12-30T17:00:00Z,11.85,11.9,11.83,11.89,3188300
2024-12-30T18:00:00Z,11.89,11.9,11.85,11.86,2593700
2024-12-30T19:00:00Z,11.86,11.87,11.79,11.82,3722300
2024-12-30T20:00:00Z,11.81,11.87,11.79,11.82,5282900
2025-01-02T13:00:00Z,11.72,11.89,11.7,11.74,3029000
2025-01-02T14:00:00Z,11.75,11.76,11.63,11.65,3377100
2025-01-02T15:00:00Z,11.66,11.69,11.58,11.65,4469100
2025-01-02T16:00:00Z,11.65,11.68,11.6,11.68,3937100
2025-01-02T17:00:00Z,11.68,11.7,11.59,11.62,3442700
2025-01-02T18:00:00Z,11.63,11.63,11.57,11.6,2889400
2025-01-02T19:00:00Z,11.6,11.6,11.52,11.56,4197600
2025-01-02T20:00:00Z,11.56,11.65,11.49,11.57,6482600
2025-01-03T13:00:00Z,11.49,11.55,11.46,11.5,1707800
2025-01-03T14:00:00Z,11.5,11.5,11.35,11.38,10041900
2025-01-03T15:00:00Z,11.37,11.4,11.33,11.36,9427500
2025-01-03T16:00:00Z,11.36,11.36,11.33,11.35,2201400
2025-01-03T17:00:00Z,11.35,11.36,11.32,11.32,3848900
2025-01-03T18:00:00Z,11.33,11.36,11.3,11.31,3357600
2025-01-03T19:00:00Z,11.32,11.38,11.3,11.36,3812000
2025-01-03T20:00:00Z,11.36,11.37,11.27,11.27,3533300
2025-01-06T13:00:00Z,11.36,11.5,11.34,11.42,2709000
2025-01-06T14:00:00Z,11.42,11.5,11.3,11.34,6983100
2025-01-06T15:00:00Z,11.34,11.36,11.23,11.28,9226100
2025-01-06T16:00:00Z,11.27,11.31,11.23,11.29,9856000
2025-01-06T17:00:00Z,11.28,11.3,11.23,11.26,8108300
2025-01-06T18:00:00Z,11.26,11.28,11.21,11.24,3096500
2025-01-06T19:00:00Z,11.23,11.28,11.22,11.27,2172100
2025-01-06T20:00:00Z,11.27,11.31,11.21,11.27,5491800
2025-01-07T13:00:00Z,11.3,11.39,11.27,11.33,2713200
2025-01-07T14:00:00Z,11.33,11.43,11.32,11.38,4293400
2025-01-07T15:00:00Z,11.37,11.43,11.33,11.41,6843500
2025-01-07T16:00:00Z,11.41,11.53,11.41,11.49,6235800
2025-01-07T17:00:00Z,11.5,11.52,11.47,11.5,1922600
2025-01-07T18:00:00Z,11.5,11.51,11.45,11.48,3126200
2025-01-07T19:00:00Z,11.49,11.58,11.48,11.57,3372900
2025-01-07T20:00:00Z,11.57,11.57,11.5,11.54,4248600
2025-01-08T13:00:00Z,11.48,11.53,11.32,11.37,3266100
2025-01-08T14:00:00Z,11.38,11.43,11.28,11.28,3558900
2025-01-08T15:00:00Z,11.29,11.38,11.28,11.36,2968800
2025-01-08T16:00:00Z,11.36,11.41,11.33,11.41,3214000
2025-01-08T17:00:00Z,11.41,11.44,11.33,11.35,6228500
2025-01-08T18:00:00Z,11.35,11.42,11.33,11.42,4150700
2025-01-08T19:00:00Z,11.42,11.46,11.4,11.44,5994500
2025-01-08T20:00:00Z,11.44,11.48,11.42,11.44,6923100
2025-01-09T13:00:00Z,11.43,11.51,11.35,11.43,2791300
2025-01-09T14:00:00Z,11.43,11.48,11.3,11.31,6722100
2025-01-09T15:00:00Z,11.31,11.38,11.31,11.34,2324900
2025-01-09T16:00:00Z,11.34,11.4,11.32,11.38,1693700
2025-01-09T17:00:00Z,11.4,11.42,11.37,11.41,1880300
2025-01-09T18:00:00Z,11.42,11.43,11.39,11.42,1002500
2025-01-09T19:00:00Z,11.4,11.42,11.36,11.36,1682400
2025-01-09T20:00:00Z,11.36,11.38,11.33,11.36,1896300
2025-01-10T13:00:00Z,11.4,11.43,11.3,11.35,2483300
2025-01-10T14:00:00Z,11.35,11.35,11.23,11.25,3936600
2025-01-10T15:00:00Z,11.26,11.27,11.21,11.22,2616000
2025-01-10T16:00:00Z,11.21,11.24,11.18,11.2,2454100
2025-01-10T17:00:00Z,11.19,11.21,11.11,11.15,3421000
2025-01-10T18:00:00Z,11.14,11.16,11.08,11.12,2420200
2025-01-10T19:00:00Z,11.12,11.22,11.12,11.2,3306900
2025-01-10T20:00:00Z,11.19,11.24,11.17,11.24,5479600
2025-01-13T13:00:00Z,11.18,11.22,11.13,11.16,1200100
2025-01-13T14:00:00Z,11.16,11.31,11.14,11.2,4606700
2025-01-13T15:00:00Z,11.21,11.26,11.17,11.19,2457600
2025-01-13T16:00:00Z,11.19,11.21,11.16,11.16,1524700
2025-01-13T17:00:00Z,11.17,11.17,11.14,11.15,1634600
2025-01-13T18:00:00Z,11.15,11.17,11.13,11.13,2767400
2025-01-13T19:00:00Z,11.13,11.24,11.12,11.24,5399900
2025-01-13T20:00:00Z,11.24,11.26,11.2,11.22,4703600
2025-01-14T13:00:00Z,11.21,11.37,11.21,11.24,2512200
2025-01-14T14:00:00Z,11.23,11.28,11.16,11.17,2778300
2025-01-14T15:00:00Z,11.18,11.24,11.16,11.24,5794400
2025-01-14T16:00:00Z,11.23,11.28,11.22,11.23,5297800
2025-01-14T17:00:00Z,11.22,11.24,11.17,11.19,2985900
2025-01-14T18:00:00Z,11.18,11.21,11.17,11.19,1286300
2025-01-14T19:00:00Z,11.19,11.22,11.16,11.16,2883200
2025-01-14T20:00:00Z,11.16,11.21,11.15,11.19,6690300
2025-01-15T13:00:00Z,11.3,11.39,11.24,11.36,3508900
2025-01-15T14:00:00Z,11.36,11.38,11.23,11.23,1915200
2025-01-15T15:00:00Z,11.24,11.25,11.17,11.2,8310600
2025-01-15T16:00:00Z,11.19,11.21,11.16,11.2,4005500
2025-01-15T17:00:00Z,11.2,11.2,11.16,11.18,2066700
2025-01-15T18:00:00Z,11.18,11.3,11.16,11.27,6636800
2025-01-15T19:00:00Z,11.27,11.36,11.26,11.36,4553900
2025-01-15T20:00:00Z,11.36,11.43,11.32,11.37,10409200
2025-01-16T13:00:00Z,11.42,11.42,11.26,11.3,1684400
2025-01-16T14:00:00Z,11.3,11.33,11.16,11.18,5556200
2025-01-16T15:00:00Z,11.17,11.19,11.12,11.14,2485900
2025-01-16T16:00:00Z,11.14,11.16,11.11,11.13,1934100
2025-01-16T17:00:00Z,11.13,11.14,11.08,11.09,3607000
2025-01-16T18:00:00Z,11.08,11.13,11.05,11.06,3378700
2025-01-16T19:00:00Z,11.06,11.07,11.04,11.07,1447000
2025-01-16T20:00:00Z,11.06,11.1,11.04,11.08,5009200
2025-01-17T13:00:00Z,10.84,10.95,10.77,10.91,11752700
2025-01-17T14:00:00Z,10.93,11.07,10.91,10.97,5323200
2025-01-17T15:00:00Z,10.96,11.03,10.96,10.98,2729800
2025-01-17T16:00:00Z,10.98,11,10.96,10.96,2835300
2025-01-17T17:00:00Z,10.96,11.02,10.96,11.01,2579600
2025-01-17T18:00:00Z,11.01,11.04,10.98,10.99,4421800
2025-01-17T19:00:00Z,10.99,11,10.96,10.98,7098500
2025-01-17T20:00:00Z,10.99,11.08,10.97,11.08,7776000
2025-01-20T13:00:00Z,11.05,11.06,10.89,10.99,3809300
2025-01-20T14:00:00Z,10.99,11.06,10.98,11.04,2530800
2025-01-20T15:00:00Z,11.04,11.08,11.03,11.05,1456100
2025-01-20T16:00:00Z,11.06,11.1,11.05,11.09,1546400
2025-01-20T17:00:00Z,11.09,11.11,11.05,11.08,1833200
2025-01-20T18:00:00Z,11.08,11.1,11.03,11.04,1759400
2025-01-20T19:00:00Z,11.04,11.06,11.01,11.05,2729400
2025-01-20T20:00:00Z,11.04,11.1,10.79,10.79,4737400
2025-01-21T13:00:00Z,10.99,11.17,10.99,11.08,2956300
2025-01-21T14:00:00Z,11.08,11.18,11.06,11.11,3140700
2025-01-21T15:00:00Z,11.11,11.19,11.1,11.18,2543200
2025-01-21T16:00:00Z,11.18,11.22,11.17,11.2,2235100
2025-01-21T17:00:00Z,11.2,11.21,11.18,11.2,2278500
2025-01-21T18:00:00Z,11.2,11.23,11.17,11.21,2796900
2025-01-21T19:00:00Z,11.2,11.25,11.19,11.23,3108500
2025-01-21T20:00:00Z,11.23,11.26,11.21,11.25,5180900
2025-01-22T13:00:00Z,11.18,11.22,10.99,11.03,5610000
2025-01-22T14:00:00Z,11.02,11.09,10.97,10.98,6908900
2025-01-22T15:00:00Z,10.97,11,10.94,10.94,3841200
2025-01-22T16:00:00Z,10.94,11.03,10.94,10.98,3209800
2025-01-22T17:00:00Z,10.98,11.02,10.98,11.02,2520200
2025-01-22T18:00:00Z,11.01,11.05,11,11.02,4428100
2025-01-22T19:00:00Z,11.02,11.07,11.01,11.03,7762400
2025-01-22T20:00:00Z,11.04,11.07,11,11.06,6319600
2025-01-23T13:00:00Z,11.02,11.12,11.02,11.07,1163900
2025-01-23T14:00:00Z,11.08,11.16,11.07,11.07,1986500
2025-01-23T15:00:00Z,11.08,11.11,11.04,11.06,2697200
2025-01-23T16:00:00Z,11.07,11.07,11.04,11.05,1751000
2025-01-23T17:00:00Z,11.06,11.07,11.01,11.03,2069100
2025-01-23T18:00:00Z,11.03,11.03,10.98,11.01,7964400
2025-01-23T19:00:00Z,11.01,11.06,11,11.04,8555800
2025-01-23T20:00:00Z,11.04,11.11,11.04,11.09,5375600
2025-01-24T13:00:00Z,11.05,11.13,11.05,11.07,1867500
2025-01-24T14:00:00Z,11.08,11.09,11.01,11.03,5143900
2025-01-24T15:00:00Z,11.02,11.05,10.97,10.97,3561100
2025-01-24T16:00:00Z,10.97,10.98,10.92,10.94,4118300
2025-01-24T17:00:00Z,10.94,10.97,10.92,10.93,7928700
2025-01-24T18:00:00Z,10.93,10.93,10.88,10.9,5311600
2025-01-24T19:00:00Z,10.91,10.92,10.88,10.9,8401200
2025-01-24T20:00:00Z,10.89,10.91,10.87,10.88,6187500
2025-01-27T13:00:00Z,10.87,10.96,10.84,10.93,1558200
2025-01-27T14:00:00Z,10.93,11.04,10.93,11.02,4256000
2025-01-27T15:00:00Z,11.02,11.03,10.95,10.98,1993900
2025-01-27T16:00:00Z,10.98,11.05,10.97,11.03,2237300
2025-01-27T17:00:00Z,11.04,11.05,11,11.01,2955400
2025-01-27T18:00:00Z,11.01,11.05,10.96,11,5033400
2025-01-27T19:00:00Z,11,11.05,10.98,11.05,4602700
2025-01-27T20:00:00Z,11.05,11.1,11.03,11.06,8132800
2025-01-28T13:00:00Z,11.05,11.11,11.02,11.05,1054700
2025-01-28T14:00:00Z,11.06,11.09,11.04,11.07,1170000
2025-01-28T15:00:00Z,11.06,11.17,11.04,11.15,14495000
2025-01-28T16:00:00Z,11.14,11.21,11.14,11.15,5693000
2025-01-28T17:00:00Z,11.15,11.17,11.13,11.14,3295600
2025-01-28T18:00:00Z,11.14,11.17,11.09,11.1,3615800
2025-01-28T19:00:00Z,11.1,11.12,11.06,11.11,2832500
2025-01-28T20:00:00Z,11.11,11.12,11.08,11.09,5830000
2025-01-29T13:00:00Z,11.18,11.2,11.11,11.11,1050100
2025-01-29T14:00:00Z,11.12,11.12,11.01,11.04,2931500
2025-01-29T15:00:00Z,11.05,11.07,11.03,11.04,2094600
2025-01-29T16:00:00Z,11.04,11.07,10.99,10.99,3158000
2025-01-29T17:00:00Z,10.99,11.01,10.95,10.98,3084300
2025-01-29T18:00:00Z,10.97,11,10.97,10.99,2254500
2025-01-29T19:00:00Z,10.99,11,10.93,10.95,4025500
2025-01-29T20:00:00Z,10.94,10.95,10.91,10.94,5766900
2025-01-30T13:00:00Z,10.99,11.1,10.96,11.01,1289400
2025-01-30T14:00:00Z,11.02,11.09,10.97,11.06,2789600
2025-01-30T15:00:00Z,11.06,11.07,11,11.03,2206600
2025-01-30T16:00:00Z,11.03,11.04,10.99,11.03,1703600
2025-01-30T17:00:00Z,11.03,11.06,11.02,11.05,2703100
2025-01-30T18:00:00Z,11.04,11.13,11.03,11.09,3522100
2025-01-30T19:00:00Z,11.09,11.12,11.05,11.09,2582700
2025-01-30T20:00:00Z,11.1,11.14,11.07,11.14,4098500
2025-01-31T13:00:00Z,11.14,11.19,11.11,11.15,1204500
2025-01-31T14:00:00Z,11.15,11.24,11.15,11.22,2674800
2025-01-31T15:00:00Z,11.23,11.24,11.18,11.19,1548200
2025-01-31T16:00:00Z,11.18,11.23,11.18,11.2,1800100
2025-01-31T17:00:00Z,11.2,11.23,11.18,11.22,2223200
2025-01-31T18:00:00Z,11.22,11.23,11.12,11.12,2804000
2025-01-31T19:00:00Z,11.12,11.15,11.11,11.14,1594300
2025-01-31T20:00:00Z,11.15,11.18,11.12,11.14,6030600
2025-02-03T13:00:00Z,11.15,11.22,11.06,11.11,2371800
2025-02-03T14:00:00Z,11.11,11.17,10.98,11,4405800
2025-02-03T15:00:00Z,10.98,11.07,10.96,11.06,6709100
2025-02-03T16:00:00Z,11.05,11.1,11.03,11.05,2559400
2025-02-03T17:00:00Z,11.05,11.09,11.03,11.07,2416600
2025-02-03T18:00:00Z,11.05,11.07,11,11.02,2125200
2025-02-03T19:00:00Z,11.02,11.04,10.99,11.03,2131000
2025-02-03T20:00:00Z,11.03,11.04,10.98,11.02,3890200
2025-02-04T13:00:00Z,11,11,10.84,10.84,2688000
2025-02-04T14:00:00Z,10.86,10.92,10.84,10.91,1845700
2025-02-04T15:00:00Z,10.92,10.98,10.91,10.93,1600700
2025-02-04T16:00:00Z,10.93,10.94,10.88,10.89,1129700
2025-02-04T17:00:00Z,10.89,10.9,10.86,10.87,1889200
2025-02-04T18:00:00Z,10.87,10.92,10.85,10.91,2225100
2025-02-04T19:00:00Z,10.92,10.95,10.86,10.87,3994100
2025-02-04T20:00:00Z,10.87,10.88,10.82,10.87,5974800
2025-02-05T13:00:00Z,10.94,10.94,10.83,10.86,1648200
2025-02-05T14:00:00Z,10.87,10.88,10.74,10.78,5920300
2025-02-05T15:00:00Z,10.78,10.8,10.72,10.76,5773700
2025-02-05T16:00:00Z,10.75,10.78,10.72,10.76,2161800
2025-02-05T17:00:00Z,10.76,10.78,10.74,10.76,2880400
2025-02-05T18:00:00Z,10.76,10.8,10.76,10.8,2371100
2025-02-05T19:00:00Z,10.8,10.8,10.74,10.75,8730500
2025-02-05T20:00:00Z,10.75,10.81,10.73,10.8,10965700
2025-02-06T13:00:00Z,10.8,10.85,10.77,10.77,791200
2025-02-06T14:00:00Z,10.78,10.85,10.73,10.83,2282200
2025-02-06T15:00:00Z,10.82,10.85,10.81,10.83,1030700
2025-02-06T16:00:00Z,10.83,10.89,10.82,10.89,1125200
2025-02-06T17:00:00Z,10.88,10.9,10.86,10.87,1513100
2025-02-06T18:00:00Z,10.87,10.89,10.85,10.86,5451800
2025-02-06T19:00:00Z,10.87,10.89,10.85,10.87,5567400
2025-02-06T20:00:00Z,10.87,10.88,10.82,10.86,4299900
2025-02-07T13:00:00Z,10.86,10.92,10.85,10.92,1339600
2025-02-07T14:00:00Z,10.91,10.92,10.86,10.88,6010500
2025-02-07T15:00:00Z,10.89,10.9,10.83,10.85,3537800
2025-02-07T16:00:00Z,10.85,10.88,10.83,10.87,2803400
2025-02-07T17:00:00Z,10.88,10.89,10.84,10.88,3332400
2025-02-07T18:00:00Z,10.88,10.9,10.84,10.85,2329700
2025-02-07T19:00:00Z,10.85,10.87,10.82,10.84,3724500
2025-02-07T20:00:00Z,10.84,10.87,10.8,10.87,8861900
2025-02-10T13:00:00Z,10.94,11.18,10.9,11.16,7363700
2025-02-10T14:00:00Z,11.17,11.17,11.05,11.07,4567200
2025-02-10T15:00:00Z,11.07,11.17,11.04,11.16,7202100
2025-02-10T16:00:00Z,11.16,11.23,11.11,11.12,8852300
2025-02-10T17:00:00Z,11.12,11.13,11.05,11.1,6322900
2025-02-10T18:00:00Z,11.1,11.13,10.99,11.02,5564300
2025-02-10T19:00:00Z,11.02,11.05,10.97,10.99,3414000
2025-02-10T20:00:00Z,10.99,11,10.95,10.97,5256800
2025-02-11T13:00:00Z,11.03,11.03,10.78,10.96,4435700
2025-02-11T14:00:00Z,10.96,11.02,10.93,10.96,3001900
2025-02-11T15:00:00Z,10.96,10.97,10.89,10.91,2726400
2025-02-11T16:00:00Z,10.92,10.92,10.84,10.9,2363600
2025-02-11T17:00:00Z,10.9,10.92,10.88,10.92,1180200
2025-02-11T18:00:00Z,10.92,10.93,10.86,10.87,2269800
2025-02-11T19:00:00Z,10.88,10.98,10.85,10.96,9877100
2025-02-11T20:00:00Z,10.96,11,10.95,11,7462900
2025-02-12T13:00:00Z,10.83,11.01,10.8,10.93,5923800
2025-02-12T14:00:00Z,10.93,11.04,10.91,11,4603700
2025-02-12T15:00:00Z,11,11.02,10.9,10.94,5161100
2025-02-12T16:00:00Z,10.93,10.94,10.86,10.89,4142300
2025-02-12T17:00:00Z,10.89,10.95,10.86,10.93,4155000
2025-02-12T18:00:00Z,10.94,10.95,10.9,10.91,3543800
2025-02-12T19:00:00Z,10.92,10.92,10.89,10.9,3475800
2025-02-12T20:00:00Z,10.91,10.92,10.88,10.92,5545300
2025-02-13T13:00:00Z,10.87,10.95,10.84,10.92,2887700
2025-02-13T14:00:00Z,10.93,10.97,10.88,10.93,2121600
2025-02-13T15:00:00Z,10.95,10.95,10.87,10.93,1767800
2025-02-13T16:00:00Z,10.92,10.95,10.92,10.93,845400
2025-02-13T17:00:00Z,10.94,10.97,10.92,10.94,1670700
2025-02-13T18:00:00Z,10.95,10.97,10.94,10.95,1181600
2025-02-13T19:00:00Z,10.96,10.98,10.88,10.91,4018200
2025-02-13T20:00:00Z,10.92,10.99,10.91,10.99,2630000
2025-02-14T13:00:00Z,11.05,11.15,11,11.08,2083100
2025-02-14T14:00:00Z,11.07,11.1,11.05,11.08,2981600
2025-02-14T15:00:00Z,11.08,11.14,11.06,11.11,2860300
2025-02-14T16:00:00Z,11.11,11.15,11.11,11.15,2537600
2025-02-14T17:00:00Z,11.15,11.15,11.1,11.11,3643200
2025-02-14T18:00:00Z,11.11,11.12,11.06,11.08,3143100
2025-02-14T19:00:00Z,11.08,11.19,11.08,11.12,8898400
2025-02-14T20:00:00Z,11.12,11.16,11.08,11.11,6088800
2025-02-17T13:00:00Z,11.17,11.17,11.07,11.13,1588000
2025-02-17T14:00:00Z,11.13,11.18,11.1,11.18,1617400
2025-02-17T15:00:00Z,11.18,11.22,11.16,11.22,865500
2025-02-17T16:00:00Z,11.22,11.23,11.18,11.2,888800
2025-02-17T17:00:00Z,11.2,11.2,11.16,11.18,956500
2025-02-17T18:00:00Z,11.19,11.19,11.14,11.16,1128500
2025-02-17T19:00:00Z,11.16,11.2,11.15,11.19,780300
2025-02-17T20:00:00Z,11.19,11.19,11.12,11.12,948100
2025-02-18T13:00:00Z,11.14,11.16,11.04,11.07,2099200
2025-02-18T14:00:00Z,11.08,11.13,11.06,11.06,1543900
2025-02-18T15:00:00Z,11.08,11.13,11.06,11.12,1263400
2025-02-18T16:00:00Z,11.12,11.17,11.11,11.17,1452600
2025-02-18T17:00:00Z,11.16,11.17,11.08,11.1,2904200
2025-02-18T18:00:00Z,11.09,11.12,11.08,11.09,1726900
2025-02-18T19:00:00Z,11.1,11.11,11.04,11.04,2487800
2025-02-18T20:00:00Z,11.05,11.09,11.04,11.09,2712400
2025-02-19T13:00:00Z,11,11.04,10.96,10.97,1499700
2025-02-19T14:00:00Z,10.97,11.02,10.95,10.97,1282000
2025-02-19T15:00:00Z,10.95,10.98,10.93,10.97,2387800
2025-02-19T16:00:00Z,10.96,10.99,10.96,10.98,1786400
2025-02-19T17:00:00Z,10.97,10.98,10.95,10.97,1049000
2025-02-19T18:00:00Z,10.96,10.99,10.96,10.96,1463600
2025-02-19T19:00:00Z,10.97,10.99,10.95,10.96,2952800
2025-02-19T20:00:00Z,10.96,10.99,10.95,10.99,2872200
2025-02-20T13:00:00Z,10.93,10.97,10.9,10.94,2492900
2025-02-20T14:00:00Z,10.94,11.01,10.93,10.97,4060100
2025-02-20T15:00:00Z,10.97,11.02,10.97,11.02,3782800
2025-02-20T16:00:00Z,11.02,11.03,11,11.02,1519500
2025-02-20T17:00:00Z,11.02,11.04,11,11.01,1814800
2025-02-20T18:00:00Z,11.01,11.06,11.01,11.03,3468000
2025-02-20T19:00:00Z,11.04,11.07,11.03,11.05,2514200
2025-02-20T20:00:00Z,11.05,11.08,11.04,11.07,2912900
2025-02-21T13:00:00Z,11.02,11.07,11.01,11.04,1387100
2025-02-21T14:00:00Z,11.04,11.12,11.02,11.08,3187500
2025-02-21T15:00:00Z,11.08,11.1,11.03,11.07,2334100
2025-02-21T16:00:00Z,11.07,11.13,11.06,11.1,1879200
2025-02-21T17:00:00Z,11.1,11.13,11.09,11.1,2167600
2025-02-21T18:00:00Z,11.11,11.13,11.04,11.1,4555300
2025-02-21T19:00:00Z,11.11,11.16,11.09,11.13,4307400
2025-02-21T20:00:00Z,11.13,11.17,11.11,11.16,6474900
2025-02-24T13:00:00Z,11.17,11.17,11.07,11.08,1972400
2025-02-24T14:00:00Z,11.09,11.1,11.04,11.05,2536800
2025-02-24T15:00:00Z,11.06,11.09,11.03,11.07,1442200
2025-02-24T16:00:00Z,11.08,11.09,11.02,11.02,2490800
2025-02-24T17:00:00Z,11.02,11.05,11.01,11.05,2420500
2025-02-24T18:00:00Z,11.04,11.08,11.01,11.01,3852400
2025-02-24T19:00:00Z,11.01,11.03,11.01,11.02,2331200
2025-02-24T20:00:00Z,11.03,11.05,10.98,11.04,9710300
2025-02-25T13:00:00Z,11.03,11.1,11.02,11.05,973400
2025-02-25T14:00:00Z,11.05,11.11,11.05,11.09,1656900
2025-02-25T15:00:00Z,11.09,11.14,11.06,11.07,2517500
2025-02-25T16:00:00Z,11.08,11.11,11.04,11.07,2930000
2025-02-25T17:00:00Z,11.07,11.09,11.05,11.07,1488600
2025-02-25T18:00:00Z,11.06,11.1,11.04,11.09,5637200
2025-02-25T19:00:00Z,11.09,11.12,11.08,11.1,2450100
2025-02-25T20:00:00Z,11.1,11.13,11.05,11.08,4073000
2025-02-26T13:00:00Z,11.73,11.84,11.48,11.57,20785700
2025-02-26T14:00:00Z,11.57,11.7,11.45,11.69,14192800
2025-02-26T15:00:00Z,11.7,11.83,11.63,11.71,9437600
2025-02-26T16:00:00Z,11.72,11.76,11.63,11.76,7111000
2025-02-26T17:00:00Z,11.75,11.76,11.66,11.66,4711000
2025-02-26T18:00:00Z,11.66,11.73,11.66,11.71,3964800
2025-02-26T19:00:00Z,11.72,11.73,11.67,11.69,5983200
2025-02-26T20:00:00Z,11.69,11.73,11.68,11.72,10130900
2025-02-27T13:00:00Z,11.67,12.06,11.66,12.01,7525600
2025-02-27T14:00:00Z,12.01,12.15,12,12.12,7031100
2025-02-27T15:00:00Z,12.12,12.25,12.11,12.25,9549200
2025-02-27T16:00:00Z,12.23,12.32,12.22,12.28,5721600
2025-02-27T17:00:00Z,12.28,12.39,12.26,12.35,6048700
2025-02-27T18:00:00Z,12.36,12.49,12.34,12.45,10626800
2025-02-27T19:00:00Z,12.45,12.46,12.36,12.43,4445400
2025-02-27T20:00:00Z,12.43,12.46,12.35,12.43,10479500
2025-02-28T13:00:00Z,12.31,12.49,12.27,12.32,8718100
2025-02-28T14:00:00Z,12.32,12.33,12.25,12.3,8384500
2025-02-28T15:00:00Z,12.31,12.37,12.29,12.3,6198100
2025-02-28T16:00:00Z,12.29,12.31,12.16,12.17,6509900
2025-02-28T17:00:00Z,12.18,12.2,12.1,12.13,6556800
2025-02-28T18:00:00Z,12.12,12.18,12.12,12.15,6633800
2025-02-28T19:00:00Z,12.16,12.18,12.13,12.17,6489600
2025-02-28T20:00:00Z,12.18,12.3,12.17,12.22,9387000
2025-03-05T16:00:00Z,12.5,12.68,12.42,12.55,13041500
2025-03-05T17:00:00Z,12.55,12.64,12.55,12.6,6078400
2025-03-05T18:00:00Z,12.6,12.76,12.56,12.73,10320600
2025-03-05T19:00:00Z,12.73,12.8,12.69,12.78,7954800
2025-03-05T20:00:00Z,12.77,12.93,12.77,12.89,13475100
2025-03-06T13:00:00Z,12.77,13.04,12.7,12.87,11122200
2025-03-06T14:00:00Z,12.86,12.9,12.78,12.83,5669500
2025-03-06T15:00:00Z,12.83,12.93,12.79,12.8,4540100
2025-03-06T16:00:00Z,12.81,12.81,12.74,12.75,2814500
2025-03-06T17:00:00Z,12.75,12.81,12.74,12.77,3433000
2025-03-06T18:00:00Z,12.77,12.8,12.74,12.79,2470300
2025-03-06T19:00:00Z,12.79,12.8,12.75,12.78,3119000
2025-03-06T20:00:00Z,12.77,12.87,12.77,12.85,4259300
2025-03-07T13:00:00Z,12.78,12.87,12.72,12.76,2532100
2025-03-07T14:00:00Z,12.75,12.87,12.73,12.77,3105600
2025-03-07T15:00:00Z,12.76,12.92,12.76,12.89,2828800
2025-03-07T16:00:00Z,12.89,12.92,12.85,12.91,2311900
2025-03-07T17:00:00Z,12.91,13,12.91,12.97,2957100
2025-03-07T18:00:00Z,12.97,13.06,12.96,13.06,2516200
2025-03-07T19:00:00Z,13.06,13.1,13.04,13.07,3074300
2025-03-07T20:00:00Z,13.08,13.12,13.01,13.06,5780100
2025-03-10T13:00:00Z,13,13.1,12.98,13.05,2150700
2025-03-10T14:00:00Z,13.05,13.09,13.01,13.08,2331000
2025-03-10T15:00:00Z,13.08,13.22,13.08,13.18,2846600
2025-03-10T16:00:00Z,13.19,13.25,13.16,13.23,2731300
2025-03-10T17:00:00Z,13.23,13.26,13.18,13.18,4739000
2025-03-10T18:00:00Z,13.18,13.25,13.1,13.12,5258700
2025-03-10T19:00:00Z,13.13,13.19,13.1,13.18,4657000
2025-03-11T13:00:00Z,13.08,13.16,12.89,12.95,5402100
2025-03-11T14:00:00Z,12.94,12.95,12.84,12.89,4754300
2025-03-11T15:00:00Z,12.88,12.89,12.8,12.81,4896000
2025-03-11T16:00:00Z,12.82,12.82,12.74,12.8,3452900
2025-03-11T17:00:00Z,12.81,12.84,12.79,12.8,3168900
2025-03-11T18:00:00Z,12.8,12.89,12.79,12.88,4142600
2025-03-11T19:00:00Z,12.87,12.95,12.86,12.87,3928600
2025-03-12T13:00:00Z,12.9,12.99,12.87,12.93,3103400
2025-03-12T14:00:00Z,12.94,12.99,12.87,12.96,8374100
2025-03-12T15:00:00Z,12.97,13.04,12.96,13.02,3675400
2025-03-12T16:00:00Z,13.03,13.07,12.99,13.02,3390100
2025-03-12T17:00:00Z,13.01,13.07,13,13.01,3631300
2025-03-12T18:00:00Z,13.01,13.05,13,13.01,5340300
2025-03-12T19:00:00Z,13.01,13.11,13.01,13.09,7552900
2025-03-13T13:00:00Z,13.08,13.1,12.94,13.03,3756400
2025-03-13T14:00:00Z,13.04,13.17,13.03,13.14,3039100
2025-03-13T15:00:00Z,13.15,13.19,13.11,13.19,3221800
2025-03-13T16:00:00Z,13.19,13.21,13.14,13.2,2443800
2025-03-13T17:00:00Z,13.2,13.23,13.17,13.21,3339100
2025-03-13T18:00:00Z,13.22,13.27,13.19,13.26,6800000
2025-03-13T19:00:00Z,13.26,13.29,13.19,13.27,7600200
2025-03-14T13:00:00Z,13.38,13.6,13.38,13.58,4463200
2025-03-14T14:00:00Z,13.57,13.58,13.4,13.43,5940800
2025-03-14T15:00:00Z,13.44,13.48,13.43,13.47,3687300
2025-03-14T16:00:00Z,13.48,13.5,13.41,13.48,6300900
2025-03-14T17:00:00Z,13.48,13.5,13.45,13.45,4467200
2025-03-14T18:00:00Z,13.46,13.53,13.44,13.53,4400400
2025-03-14T19:00:00Z,13.53,13.6,13.51,13.55,7515200
2025-03-17T13:00:00Z,13.44,13.62,13.41,13.53,4210900
2025-03-17T14:00:00Z,13.53,13.67,13.51,13.65,15631900
2025-03-17T15:00:00Z,13.65,13.69,13.61,13.63,5966300
2025-03-17T16:00:00Z,13.63,13.65,13.53,13.56,4846000
2025-03-17T17:00:00Z,13.56,13.61,13.52,13.59,3114300
2025-03-17T18:00:00Z,13.61,13.62,13.5,13.5,5861000
2025-03-17T19:00:00Z,13.5,13.52,13.44,13.5,6628700
2025-03-18T13:00:00Z,13.5,13.54,13.28,13.28,3983200
2025-03-18T14:00:00Z,13.28,13.42,13.26,13.38,3121800
2025-03-18T15:00:00Z,13.38,13.47,13.38,13.43,2104400
2025-03-18T16:00:00Z,13.43,13.44,13.36,13.38,2585100
2025-03-18T17:00:00Z,13.38,13.62,13.38,13.6,6043200
2025-03-18T18:00:00Z,13.6,13.63,13.55,13.57,2342300
2025-03-18T19:00:00Z,13.57,13.59,13.51,13.57,3499500
2025-03-19T13:00:00Z,13.55,13.66,13.49,13.6,3172900
2025-03-19T14:00:00Z,13.59,13.7,13.59,13.69,3659500
2025-03-19T15:00:00Z,13.68,13.69,13.55,13.59,5757000
2025-03-19T16:00:00Z,13.59,13.76,13.59,13.76,6142000
2025-03-19T17:00:00Z,13.75,13.77,13.62,13.64,3823700
2025-03-19T18:00:00Z,13.64,13.69,13.61,13.65,5471600
2025-03-19T19:00:00Z,13.64,13.71,13.63,13.67,4754000
2025-03-20T13:00:00Z,13.68,13.69,13.51,13.52,2210000
2025-03-20T14:00:00Z,13.51,13.52,13.45,13.47,2433900
2025-03-20T15:00:00Z,13.48,13.54,13.47,13.54,2001900
2025-03-20T16:00:00Z,13.52,13.59,13.52,13.57,1870900
2025-03-20T17:00:00Z,13.56,13.59,13.52,13.57,2297900
2025-03-20T18:00:00Z,13.56,13.62,13.56,13.59,2999200
2025-03-20T19:00:00Z,13.59,13.64,13.59,13.63,2131400
2025-03-21T13:00:00Z,13.63,13.71,13.58,13.63,1357400
2025-03-21T14:00:00Z,13.63,13.67,13.6,13.65,1381200
2025-03-21T15:00:00Z,13.64,13.67,13.6,13.64,2078600
2025-03-21T16:00:00Z,13.64,13.7,13.61,13.69,1945600
2025-03-21T17:00:00Z,13.68,13.75,13.68,13.73,2957600
2025-03-21T18:00:00Z,13.73,13.74,13.66,13.66,2334500
2025-03-21T19:00:00Z,13.66,13.72,13.66,13.72,2541600
2025-03-24T13:00:00Z,13.76,13.79,13.6,13.67,1087900
2025-03-24T14:00:00Z,13.67,13.68,13.58,13.59,2346200
2025-03-24T15:00:00Z,13.59,13.66,13.57,13.64,1467500
2025-03-24T16:00:00Z,13.64,13.65,13.55,13.59,2339400
2025-03-24T17:00:00Z,13.58,13.59,13.51,13.53,3247800
2025-03-24T18:00:00Z,13.53,13.57,13.48,13.49,2658900
2025-03-24T19:00:00Z,13.49,13.57,13.48,13.53,5094300
2025-03-25T13:00:00Z,13.49,13.49,13.36,13.4,3696800
2025-03-25T14:00:00Z,13.39,13.55,13.39,13.52,2814400
2025-03-25T15:00:00Z,13.52,13.63,13.52,13.62,2899000
2025-03-25T16:00:00Z,13.61,13.66,13.57,13.61,2333100
2025-03-25T17:00:00Z,13.59,13.61,13.54,13.58,2231100
2025-03-25T18:00:00Z,13.57,13.61,13.48,13.52,2890300
2025-03-25T19:00:00Z,13.51,13.57,13.51,13.54,1677700
2025-03-26T13:00:00Z,13.53,13.53,13.22,13.3,6242100
2025-03-26T14:00:00Z,13.3,13.4,13.26,13.29,2993600
2025-03-26T15:00:00Z,13.29,13.34,13.27,13.3,2029400
2025-03-26T16:00:00Z,13.3,13.39,13.29,13.29,3458000
2025-03-26T17:00:00Z,13.29,13.36,13.28,13.35,2296500
2025-03-26T18:00:00Z,13.35,13.39,13.31,13.35,4822200
2025-03-26T19:00:00Z,13.34,13.41,13.31,13.38,4373900
2025-03-27T13:00:00Z,13.4,13.45,13.33,13.37,2392300
2025-03-27T14:00:00Z,13.37,13.41,13.32,13.33,2070900
2025-03-27T15:00:00Z,13.33,13.48,13.32,13.46,1884000
2025-03-27T16:00:00Z,13.47,13.48,13.37,13.37,2261300
2025-03-27T17:00:00Z,13.37,13.45,13.37,13.39,2532000
2025-03-27T18:00:00Z,13.39,13.41,13.36,13.38,2695200
2025-03-27T19:00:00Z,13.38,13.42,13.36,13.41,3254700
2025-03-28T13:00:00Z,13.36,13.38,13.25,13.3,4191500
2025-03-28T14:00:00Z,13.28,13.38,13.26,13.29,10050900
2025-03-28T15:00:00Z,13.29,13.39,13.29,13.39,3163100
2025-03-28T16:00:00Z,13.39,13.4,13.29,13.34,5231200
2025-03-28T17:00:00Z,13.33,13.36,13.31,13.35,2564400
2025-03-28T18:00:00Z,13.34,13.42,13.31,13.35,4711800
2025-03-28T19:00:00Z,13.36,13.42,13.35,13.41,4578100
2025-03-31T13:00:00Z,13.32,13.63,13.31,13.62,5474800
2025-03-31T14:00:00Z,13.6,13.72,13.51,13.56,6393500
2025-03-31T15:00:00Z,13.56,13.57,13.47,13.55,2690000
2025-03-31T16:00:00Z,13.55,13.61,13.53,13.57,4057700
2025-03-31T17:00:00Z,13.58,13.65,13.56,13.63,4162300
2025-03-31T18:00:00Z,13.62,13.65,13.58,13.62,4916500
2025-03-31T19:00:00Z,13.62,13.63,13.53,13.56,7387000
2025-04-01T13:00:00Z,13.4,13.52,13.33,13.5,3893400
2025-04-01T14:00:00Z,13.48,13.61,13.45,13.59,4470000
2025-04-01T15:00:00Z,13.58,13.64,13.56,13.63,4031800
2025-04-01T16:00:00Z,13.63,13.65,13.52,13.55,4964900
2025-04-01T17:00:00Z,13.55,13.58,13.53,13.56,3832600
2025-04-01T18:00:00Z,13.55,13.57,13.49,13.53,4360000
2025-04-01T19:00:00Z,13.53,13.56,13.51,13.55,3697100
2025-04-02T13:00:00Z,13.6,13.62,13.45,13.51,10017700
2025-04-02T14:00:00Z,13.53,13.68,13.51,13.64,3202600
2025-04-02T15:00:00Z,13.65,13.66,13.6,13.62,1614700
2025-04-02T16:00:00Z,13.63,13.66,13.58,13.63,8615200
2025-04-02T17:00:00Z,13.63,13.65,13.6,13.63,1958900
2025-04-02T18:00:00Z,13.64,13.67,13.61,13.65,2429800
2025-04-02T19:00:00Z,13.66,13.69,13.64,13.67,3747900
2025-04-03T13:00:00Z,13.64,14.14,13.61,14.01,9804700
2025-04-03T14:00:00Z,14.02,14.07,13.95,13.96,6155900
2025-04-03T15:00:00Z,13.96,13.99,13.85,13.88,6825800
2025-04-03T16:00:00Z,13.87,13.93,13.86,13.87,5114200
2025-04-03T17:00:00Z,13.88,13.9,13.82,13.85,3535300
2025-04-03T18:00:00Z,13.84,13.94,13.84,13.91,2949200
2025-04-03T19:00:00Z,13.92,13.92,13.85,13.91,6486100
2025-04-04T13:00:00Z,13.73,13.9,13.63,13.82,6464600
2025-04-04T14:00:00Z,13.82,13.84,13.74,13.78,8235100
2025-04-04T15:00:00Z,13.78,13.83,13.75,13.8,6176200
2025-04-04T16:00:00Z,13.81,13.88,13.8,13.84,6719100
2025-04-04T17:00:00Z,13.84,13.86,13.76,13.83,6928100
2025-04-04T18:00:00Z,13.84,13.89,13.79,13.84,8851500
2025-04-04T19:00:00Z,13.83,13.86,13.56,13.69,11881200
2025-04-07T13:00:00Z,13.29,13.29,12.99,13.14,10377800
2025-04-07T14:00:00Z,13.13,13.6,13.12,13.34,15655200
2025-04-07T15:00:00Z,13.32,13.38,13.12,13.21,5188100
2025-04-07T16:00:00Z,13.2,13.23,13.08,13.16,2378200
2025-04-07T17:00:00Z,13.17,13.25,13.13,13.16,2827300
2025-04-07T18:00:00Z,13.18,13.32,13.16,13.25,3978800
2025-04-07T19:00:00Z,13.25,13.27,13.13,13.18,6662000
2025-04-08T13:00:00Z,13.16,13.4,13.15,13.39,4196500
2025-04-08T14:00:00Z,13.39,13.48,13.32,13.34,4803400
2025-04-08T15:00:00Z,13.34,13.43,13.33,13.4,2585100
2025-04-08T16:00:00Z,13.4,13.41,13.28,13.3,2949700
2025-04-08T17:00:00Z,13.31,13.33,13.21,13.23,5165200
2025-04-08T18:00:00Z,13.23,13.31,13.19,13.21,8575600
2025-04-08T19:00:00Z,13.21,13.23,13.16,13.21,8846600
2025-04-09T13:00:00Z,13.19,13.47,13.15,13.41,5559000
2025-04-09T14:00:00Z,13.42,13.62,13.41,13.53,6678600
2025-04-09T15:00:00Z,13.54,13.59,13.49,13.51,4925300
2025-04-09T16:00:00Z,13.51,13.6,13.51,13.57,4050600
2025-04-09T17:00:00Z,13.57,13.88,13.46,13.78,11366900
2025-04-09T18:00:00Z,13.78,13.8,13.59,13.65,6982300
2025-04-09T19:00:00Z,13.66,13.73,13.63,13.69,8664800
2025-04-10T13:00:00Z,13.67,13.74,13.56,13.62,3046400
2025-04-10T14:00:00Z,13.63,13.68,13.56,13.59,1961400
2025-04-10T15:00:00Z,13.59,13.61,13.53,13.59,1927200
2025-04-10T16:00:00Z,13.59,13.62,13.52,13.6,1553100
2025-04-10T17:00:00Z,13.61,13.65,13.53,13.6,2389400
2025-04-10T18:00:00Z,13.6,13.66,13.57,13.6,3488700
2025-04-10T19:00:00Z,13.59,13.65,13.55,13.58,4815000
2025-04-11T13:00:00Z,13.73,13.73,13.51,13.57,4321200
2025-04-11T14:00:00Z,13.56,13.57,13.45,13.53,7429500
2025-04-11T15:00:00Z,13.54,13.56,13.45,13.47,5749100
2025-04-11T16:00:00Z,13.48,13.52,13.44,13.5,3337800
2025-04-11T17:00:00Z,13.51,13.54,13.44,13.48,4585700
2025-04-11T18:00:00Z,13.48,13.54,13.48,13.5,3444600
2025-04-11T19:00:00Z,13.51,13.54,13.49,13.49,3776000
2025-04-14T13:00:00Z,13.65,13.71,13.53,13.63,2208300
2025-04-14T14:00:00Z,13.62,13.68,13.57,13.58,2707000
2025-04-14T15:00:00Z,13.57,13.66,13.56,13.59,2052000
2025-04-14T16:00:00Z,13.59,13.64,13.58,13.61,1737100
2025-04-14T17:00:00Z,13.6,13.69,13.6,13.63,2032000
2025-04-14T18:00:00Z,13.65,13.73,13.63,13.72,4230900
2025-04-14T19:00:00Z,13.72,13.74,13.63,13.71,6324900
2025-04-15T13:00:00Z,13.68,13.77,13.62,13.73,1583400
2025-04-15T14:00:00Z,13.73,13.84,13.72,13.82,3086300
2025-04-15T15:00:00Z,13.81,13.86,13.81,13.83,1767700
2025-04-15T16:00:00Z,13.84,13.84,13.76,13.77,3917400
2025-04-15T17:00:00Z,13.77,13.78,13.66,13.67,3605500
2025-04-15T18:00:00Z,13.67,13.7,13.65,13.69,3563600
2025-04-15T19:00:00Z,13.69,13.76,13.68,13.72,3532300
2025-04-16T13:00:00Z,13.59,13.7,13.57,13.63,5505600
2025-04-16T14:00:00Z,13.62,13.8,13.62,13.79,7288600
2025-04-16T15:00:00Z,13.78,13.92,13.78,13.84,4419500
2025-04-16T16:00:00Z,13.84,13.95,13.82,13.94,5728600
2025-04-16T17:00:00Z,13.94,13.99,13.92,13.96,6104900
2025-04-16T18:00:00Z,13.97,14.08,13.95,14,9007700
2025-04-16T19:00:00Z,14.01,14.05,13.92,13.92,16641400
2025-04-17T13:00:00Z,13.9,13.96,13.79,13.91,6932000
2025-04-17T14:00:00Z,13.9,14.06,13.84,14.02,7860000
2025-04-17T15:00:00Z,14.02,14.06,13.97,13.99,2797400
2025-04-17T16:00:00Z,13.99,14.08,13.98,14.06,3409400
2025-04-17T17:00:00Z,14.06,14.08,13.97,13.98,6938100
2025-04-17T18:00:00Z,13.99,14.05,13.92,13.95,11651400
2025-04-17T19:00:00Z,13.95,14.1,13.94,14.09,10550300
2025-04-22T13:00:00Z,13.85,14.07,13.74,14.02,8227700
2025-04-22T14:00:00Z,14.02,14.14,14.01,14.13,3058700
2025-04-22T15:00:00Z,14.13,14.19,14.09,14.15,1650300
2025-04-22T16:00:00Z,14.16,14.2,14.07,14.13,2790300
2025-04-22T17:00:00Z,14.12,14.13,14.05,14.11,2946000
2025-04-22T18:00:00Z,14.1,14.17,14.1,14.13,2846700
2025-04-22T19:00:00Z,14.14,14.15,14.06,14.07,4587300
2025-04-23T13:00:00Z,14.16,14.22,14.1,14.17,4548900
2025-04-23T14:00:00Z,14.17,14.25,14.13,14.25,4875200
2025-04-23T15:00:00Z,14.25,14.3,14.18,14.19,5820700
2025-04-23T16:00:00Z,14.19,14.19,14.04,14.12,3497200
2025-04-23T17:00:00Z,14.13,14.17,14.08,14.14,4788200
2025-04-23T18:00:00Z,14.15,14.15,13.98,14.05,4579000
2025-04-23T19:00:00Z,14.06,14.13,14.03,14.09,4460200
2025-04-24T13:00:00Z,14.08,14.19,14.03,14.1,3944300
2025-04-24T14:00:00Z,14.11,14.14,13.98,14.05,9507200
2025-04-24T15:00:00Z,14.04,14.07,13.98,13.99,4769500
2025-04-24T16:00:00Z,14,14.1,13.98,14.06,3497800
2025-04-24T17:00:00Z,14.06,14.1,14.03,14.08,3121400
2025-04-24T18:00:00Z,14.09,14.16,14.08,14.13,4547900
2025-04-24T19:00:00Z,14.13,14.17,14.06,14.15,5467500
2025-04-25T13:00:00Z,14.07,14.23,14.07,14.09,4030900
2025-04-25T14:00:00Z,14.09,14.2,14.07,14.17,2544100
2025-04-25T15:00:00Z,14.16,14.17,14.09,14.09,2727700
2025-04-25T16:00:00Z,14.1,14.11,13.98,14,2803000
2025-04-25T17:00:00Z,14.01,14.04,13.95,14,2317900
2025-04-25T18:00:00Z,14,14.08,13.99,14.08,2617200
2025-04-25T19:00:00Z,14.06,14.09,14.02,14.06,3201800
2025-04-28T13:00:00Z,14.11,14.19,14.05,14.15,2742500
2025-04-28T14:00:00Z,14.15,14.23,14.12,14.2,3906700
2025-04-28T15:00:00Z,14.2,14.21,14.13,14.15,3807800
2025-04-28T16:00:00Z,14.15,14.17,14.12,14.15,1823600
2025-04-28T17:00:00Z,14.15,14.21,14.14,14.21,4349700
2025-04-28T18:00:00Z,14.2,14.24,14.19,14.24,2682700
2025-04-28T19:00:00Z,14.24,14.34,14.23,14.28,7001900
2025-04-29T13:00:00Z,14.22,14.43,14.18,14.36,8376200
2025-04-29T14:00:00Z,14.36,14.52,14.34,14.51,4066600
2025-04-29T15:00:00Z,14.51,14.51,14.39,14.42,7696500
2025-04-29T16:00:00Z,14.43,14.54,14.4,14.51,15518300
2025-04-29T17:00:00Z,14.52,14.6,14.51,14.57,8256000
2025-04-29T18:00:00Z,14.57,14.59,14.52,14.57,3771900
2025-04-29T19:00:00Z,14.57,14.58,14.5,14.53,6763200
2025-04-30T13:00:00Z,14.45,14.62,14.44,14.53,4130700
2025-04-30T14:00:00Z,14.53,14.57,14.45,14.52,5408100
2025-04-30T15:00:00Z,14.51,14.67,14.51,14.63,6309100
2025-04-30T16:00:00Z,14.63,14.72,14.63,14.69,4014100
2025-04-30T17:00:00Z,14.69,14.74,14.65,14.74,3194800
2025-04-30T18:00:00Z,14.74,14.76,14.61,14.64,6596100
2025-04-30T19:00:00Z,14.64,14.73,14.57,14.61,9684100
2025-05-02T13:00:00Z,14.41,14.51,14.37,14.44,3131100
2025-05-02T14:00:00Z,14.44,14.45,14.36,14.39,4469200
2025-05-02T15:00:00Z,14.39,14.4,14.29,14.31,4287500
2025-05-02T16:00:00Z,14.31,14.35,14.27,14.28,1918500
2025-05-02T17:00:00Z,14.29,14.34,14.18,14.18,8254800
2025-05-02T18:00:00Z,14.17,14.26,14.17,14.18,4123400
2025-05-02T19:00:00Z,14.18,14.25,14.13,14.16,6210200
2025-05-05T13:00:00Z,14.12,14.25,14.06,14.13,2258700
2025-05-05T14:00:00Z,14.14,14.14,14.03,14.09,2542900
2025-05-05T15:00:00Z,14.1,14.14,14.08,14.1,2018800
2025-05-05T16:00:00Z,14.1,14.14,14.08,14.09,3112500
2025-05-05T17:00:00Z,14.09,14.1,14.06,14.08,2145200
2025-05-05T18:00:00Z,14.08,14.1,14.04,14.06,7678100
2025-05-05T19:00:00Z,14.06,14.08,14.03,14.08,4856300
2025-05-06T13:00:00Z,14,14.17,14,14.13,3300100
2025-05-06T14:00:00Z,14.13,14.16,14.11,14.15,1744800
2025-05-06T15:00:00Z,14.14,14.25,14.13,14.21,1864500
2025-05-06T16:00:00Z,14.2,14.23,14.1,14.17,3351800
2025-05-06T17:00:00Z,14.17,14.2,14.15,14.16,1575300
2025-05-06T18:00:00Z,14.17,14.21,14.14,14.18,2662300
2025-05-06T19:00:00Z,14.17,14.22,14.17,14.21,3298600
2025-05-07T13:00:00Z,14.31,14.34,14.06,14.07,3195100
2025-05-07T14:00:00Z,14.08,14.19,14.07,14.15,2862300
2025-05-07T15:00:00Z,14.16,14.24,14.14,14.22,2207900
2025-05-07T16:00:00Z,14.22,14.29,14.21,14.29,1511600
2025-05-07T17:00:00Z,14.29,14.3,14.24,14.27,1584800
2025-05-07T18:00:00Z,14.28,14.33,14.23,14.31,3636300
2025-05-07T19:00:00Z,14.31,14.33,14.23,14.27,5848400
2025-05-08T13:00:00Z,14.77,15.03,14.61,14.88,13213800
2025-05-08T14:00:00Z,14.88,14.89,14.61,14.63,6304000
2025-05-08T15:00:00Z,14.65,14.72,14.56,14.65,3197800
2025-05-08T16:00:00Z,14.65,14.66,14.42,14.46,6255400
2025-05-08T17:00:00Z,14.46,14.49,14.35,14.4,4234700
2025-05-08T18:00:00Z,14.4,14.46,14.32,14.32,3774500
2025-05-08T19:00:00Z,14.33,14.46,14.29,14.39,4863000
2025-05-09T13:00:00Z,14.29,14.41,14.2,14.24,2538300
2025-05-09T14:00:00Z,14.25,14.41,14.24,14.26,6185200
2025-05-09T15:00:00Z,14.27,14.38,14.21,14.31,3224900
2025-05-09T16:00:00Z,14.32,14.4,14.28,14.36,2247400
2025-05-09T17:00:00Z,14.37,14.37,14.27,14.29,2144100
2025-05-09T18:00:00Z,14.27,14.3,14.25,14.26,1117600
2025-05-09T19:00:00Z,14.26,14.34,14.25,14.28,2950500
2025-05-12T13:00:00Z,14.26,14.33,14.08,14.14,3759200
2025-05-12T14:00:00Z,14.14,14.19,14.11,14.17,1961500
2025-05-12T15:00:00Z,14.17,14.2,14.1,14.17,2035600
2025-05-12T16:00:00Z,14.18,14.22,14.16,14.18,1459300
2025-05-12T17:00:00Z,14.19,14.29,14.16,14.22,2699500
2025-05-12T18:00:00Z,14.24,14.29,14.22,14.25,3490200
2025-05-12T19:00:00Z,14.26,14.29,14.22,14.26,2093200
2025-05-13T13:00:00Z,14.35,14.38,14.17,14.18,2582400
2025-05-13T14:00:00Z,14.18,14.27,14.13,14.23,3461200
2025-05-13T15:00:00Z,14.23,14.26,14.2,14.2,2298000
2025-05-13T16:00:00Z,14.2,14.22,14.17,14.22,1363900
2025-05-13T17:00:00Z,14.22,14.24,14.19,14.21,1390100
2025-05-13T18:00:00Z,14.21,14.23,14.18,14.21,2808100
2025-05-13T19:00:00Z,14.21,14.27,14.19,14.24,3858000
2025-05-14T13:00:00Z,14.19,14.43,14.19,14.26,6137100
2025-05-14T14:00:00Z,14.27,14.33,14.24,14.27,2442900
2025-05-14T15:00:00Z,14.28,14.3,14.25,14.25,5028000
2025-05-14T16:00:00Z,14.26,14.3,14.21,14.23,4542900
2025-05-14T17:00:00Z,14.23,14.25,14.21,14.23,2128200
2025-05-14T18:00:00Z,14.23,14.27,14.22,14.22,6438100
2025-05-14T19:00:00Z,14.22,14.25,14.19,14.19,7463800
2025-05-15T13:00:00Z,14.23,14.32,14.2,14.26,1594800
2025-05-15T14:00:00Z,14.27,14.3,14.22,14.27,3041200
2025-05-15T15:00:00Z,14.27,14.35,14.23,14.34,2001500
2025-05-15T16:00:00Z,14.34,14.4,14.33,14.37,2113900
2025-05-15T17:00:00Z,14.38,14.42,14.35,14.36,3209500
2025-05-15T18:00:00Z,14.37,14.42,14.36,14.4,1808900
2025-05-15T19:00:00Z,14.4,14.44,14.37,14.41,2979700
2025-05-16T13:00:00Z,14.27,14.35,14.2,14.35,4391100
2025-05-16T14:00:00Z,14.34,14.34,14.23,14.23,4542000
2025-05-16T15:00:00Z,14.23,14.28,14.23,14.26,2277400
2025-05-16T16:00:00Z,14.27,14.37,14.24,14.35,2242400
2025-05-16T17:00:00Z,14.35,14.4,14.29,14.32,2850800
2025-05-16T18:00:00Z,14.32,14.35,14.3,14.34,2004600
2025-05-16T19:00:00Z,14.34,14.35,14.31,14.33,3373700
2025-05-19T13:00:00Z,14.37,14.51,14.34,14.48,2761100
2025-05-19T14:00:00Z,14.5,14.53,14.36,14.42,2039600
2025-05-19T15:00:00Z,14.41,14.44,14.39,14.41,2006300
2025-05-19T16:00:00Z,14.42,14.47,14.41,14.45,1471200
2025-05-19T17:00:00Z,14.45,14.49,14.39,14.42,1421000
2025-05-19T18:00:00Z,14.42,14.43,14.38,14.4,1467200
2025-05-19T19:00:00Z,14.39,14.41,14.37,14.38,1306700
2025-05-20T13:00:00Z,14.32,14.34,14.23,14.3,2232500
2025-05-20T14:00:00Z,14.28,14.33,14.26,14.26,2563400
2025-05-20T15:00:00Z,14.26,14.31,14.25,14.25,1495100
2025-05-20T16:00:00Z,14.25,14.3,14.23,14.28,909600
2025-05-20T17:00:00Z,14.28,14.3,14.23,14.24,1403800
2025-05-20T18:00:00Z,14.24,14.3,14.22,14.29,2851000
2025-05-20T19:00:00Z,14.3,14.37,14.26,14.33,1738100
2025-05-21T13:00:00Z,14.17,14.33,14.03,14.3,1210100
2025-05-21T14:00:00Z,14.3,14.32,14.2,14.25,2985700
2025-05-21T15:00:00Z,14.25,14.26,14.18,14.2,1609800
2025-05-21T16:00:00Z,14.19,14.2,14.13,14.19,1471800
2025-05-21T17:00:00Z,14.18,14.19,14.12,14.13,2183600
2025-05-21T18:00:00Z,14.13,14.15,14.1,14.13,1934700
2025-05-21T19:00:00Z,14.13,14.2,14.12,14.16,2171100
2025-05-22T13:00:00Z,14.16,14.26,14.11,14.13,1192000
2025-05-22T14:00:00Z,14.14,14.19,14.11,14.14,1889400
2025-05-22T15:00:00Z,14.14,14.17,14.11,14.13,1556800
2025-05-22T16:00:00Z,14.14,14.16,14.12,14.13,1307600
2025-05-22T17:00:00Z,14.12,14.27,14.12,14.23,2802900
2025-05-22T18:00:00Z,14.24,14.24,14.13,14.16,2826000
2025-05-22T19:00:00Z,14.18,14.22,14.13,14.14,3355800
2025-05-23T13:00:00Z,14,14.15,13.97,14.09,2983300
2025-05-23T14:00:00Z,14.09,14.18,14.08,14.12,2325300
2025-05-23T15:00:00Z,14.13,14.19,14.1,14.16,1274300
2025-05-23T16:00:00Z,14.15,14.2,14.15,14.2,1409300
2025-05-23T17:00:00Z,14.19,14.26,14.13,14.23,1569300
2025-05-23T18:00:00Z,14.22,14.3,14.21,14.26,1727400
2025-05-23T19:00:00Z,14.27,14.3,14.2,14.24,2810400
2025-05-26T13:00:00Z,14.25,14.28,14.19,14.23,896000
2025-05-26T14:00:00Z,14.22,14.23,14.1,14.12,1593800
2025-05-26T15:00:00Z,14.12,14.15,14.11,14.15,332800
2025-05-26T16:00:00Z,14.14,14.19,14.14,14.14,358400
2025-05-26T17:00:00Z,14.14,14.22,14.14,14.2,671200
2025-05-26T18:00:00Z,14.21,14.22,14.18,14.18,524700
2025-05-26T19:00:00Z,14.18,14.22,14.18,14.19,994000
2025-05-27T13:00:00Z,14.46,14.46,14.22,14.25,2474500
2025-05-27T14:00:00Z,14.25,14.33,14.23,14.31,1834600
2025-05-27T15:00:00Z,14.31,14.32,14.23,14.23,1024400
2025-05-27T16:00:00Z,14.24,14.25,14.19,14.23,1682800
2025-05-27T17:00:00Z,14.24,14.29,14.23,14.28,1631200
2025-05-27T18:00:00Z,14.28,14.28,14.21,14.21,1355200
2025-05-27T19:00:00Z,14.22,14.24,14.17,14.19,2317000
2025-05-28T13:00:00Z,14.21,14.22,14.1,14.19,1678500
2025-05-28T14:00:00Z,14.18,14.22,14.16,14.2,1044900
2025-05-28T15:00:00Z,14.2,14.22,14.14,14.14,941100
2025-05-28T16:00:00Z,14.15,14.16,14.12,14.16,643400
2025-05-28T17:00:00Z,14.16,14.17,14.12,14.14,1204900
2025-05-28T18:00:00Z,14.13,14.15,14.11,14.13,2559300
2025-05-28T19:00:00Z,14.14,14.14,14.09,14.1,2648700
2025-05-29T13:00:00Z,14.04,14.17,14.02,14.07,949300
2025-05-29T14:00:00Z,14.06,14.14,14.05,14.09,1354200
2025-05-29T15:00:00Z,14.08,14.08,14.01,14.04,1166800
2025-05-29T16:00:00Z,14.04,14.05,14.01,14.04,864900
2025-05-29T17:00:00Z,14.04,14.13,14.02,14.12,1616900
2025-05-29T18:00:00Z,14.11,14.15,14.08,14.09,1994500
2025-05-29T19:00:00Z,14.08,14.13,14.08,14.11,2192100
2025-05-30T13:00:00Z,14.12,14.12,13.96,13.96,1883100
2025-05-30T14:00:00Z,13.96,13.99,13.9,13.97,3308800
2025-05-30T15:00:00Z,13.97,14,13.95,13.96,1609700
2025-05-30T16:00:00Z,13.95,13.98,13.94,13.97,1275800
2025-05-30T17:00:00Z,13.98,13.98,13.92,13.96,2021600
2025-05-30T18:00:00Z,13.95,13.97,13.9,13.96,3396300
2025-05-30T19:00:00Z,13.97,14.01,13.95,13.97,3560200
2025-06-02T13:00:00Z,14.04,14.09,13.94,13.97,2328300
2025-06-02T14:00:00Z,13.96,13.99,13.9,13.93,2371500
2025-06-02T15:00:00Z,13.93,13.99,13.92,13.98,1245800
2025-06-02T16:00:00Z,13.98,13.99,13.88,13.89,1153300
2025-06-02T17:00:00Z,13.89,13.91,13.85,13.86,940200
2025-06-02T18:00:00Z,13.87,13.91,13.83,13.88,2456700
2025-06-02T19:00:00Z,13.89,13.91,13.87,13.88,1852000
2025-06-03T13:00:00Z,13.91,14.04,13.83,14.04,2598500
2025-06-03T14:00:00Z,14.04,14.06,13.98,14.04,4128400
2025-06-03T15:00:00Z,14.04,14.08,14.01,14.07,1588300
2025-06-03T16:00:00Z,14.07,14.07,14,14.02,1164800
2025-06-03T17:00:00Z,14.01,14.03,13.98,14,2092200
2025-06-03T18:00:00Z,14,14.05,13.99,14.02,2578900
2025-06-03T19:00:00Z,14.02,14.06,14,14.01,2315900
2025-06-04T13:00:00Z,14.09,14.26,14.03,14.08,2924800
2025-06-04T14:00:00Z,14.1,14.12,14.03,14.05,3843300
2025-06-04T15:00:00Z,14.06,14.07,14.03,14.07,2271500
2025-06-04T16:00:00Z,14.06,14.08,14.04,14.06,719400
2025-06-04T17:00:00Z,14.05,14.07,14.04,14.06,1725000
2025-06-04T18:00:00Z,14.05,14.08,14.04,14.05,1479300
2025-06-04T19:00:00Z,14.05,14.08,14.01,14.06,3478400
2025-06-05T13:00:00Z,14.1,14.11,13.99,14.01,1867700
2025-06-05T14:00:00Z,14.01,14.02,13.86,13.9,2148600
2025-06-05T15:00:00Z,13.9,14,13.9,13.97,4619700
2025-06-05T16:00:00Z,13.98,13.98,13.92,13.94,1539600
2025-06-05T17:00:00Z,13.94,13.95,13.86,13.87,1875800
2025-06-05T18:00:00Z,13.87,13.9,13.83,13.9,2758500
2025-06-05T19:00:00Z,13.9,13.92,13.87,13.87,1697800
2025-06-06T13:00:00Z,13.97,13.99,13.82,13.95,2673600
2025-06-06T14:00:00Z,13.96,13.98,13.87,13.92,3252400
2025-06-06T15:00:00Z,13.92,14.05,13.91,14.05,2876900
2025-06-06T16:00:00Z,14.05,14.05,14.01,14.03,1794200
2025-06-06T17:00:00Z,14.03,14.07,14.01,14.04,2793000
2025-06-06T18:00:00Z,14.05,14.06,14.01,14.03,2796200
2025-06-06T19:00:00Z,14.03,14.1,13.99,14.06,6203500
2025-06-09T13:00:00Z,13.99,14.06,13.9,13.91,2757300
2025-06-09T14:00:00Z,13.9,13.92,13.81,13.87,1932900
2025-06-09T15:00:00Z,13.88,13.95,13.86,13.93,1647600
2025-06-09T16:00:00Z,13.93,13.97,13.9,13.92,1447500
2025-06-09T17:00:00Z,13.92,13.96,13.91,13.95,1943900
2025-06-09T18:00:00Z,13.96,13.99,13.93,13.96,2179400
2025-06-09T19:00:00Z,13.96,13.99,13.94,13.97,2593500
2025-06-10T13:00:00Z,14.07,14.1,13.95,14,4513800
2025-06-10T14:00:00Z,14,14.05,13.88,13.94,3289100
2025-06-10T15:00:00Z,13.95,13.95,13.85,13.89,1803500
2025-06-10T16:00:00Z,13.89,13.91,13.86,13.87,900400
2025-06-10T17:00:00Z,13.87,13.89,13.78,13.83,2477200
2025-06-10T18:00:00Z,13.83,13.86,13.81,13.86,2580500
2025-06-10T19:00:00Z,13.86,13.86,13.73,13.75,3401100
2025-06-11T13:00:00Z,13.73,13.79,13.63,13.79,4784800
2025-06-11T14:00:00Z,13.78,13.81,13.74,13.77,2355000
2025-06-11T15:00:00Z,13.76,13.8,13.7,13.78,2098000
2025-06-11T16:00:00Z,13.79,13.85,13.76,13.84,1818800
2025-06-11T17:00:00Z,13.84,13.91,13.82,13.89,2886500
2025-06-11T18:00:00Z,13.89,13.92,13.85,13.89,2824100
2025-06-11T19:00:00Z,13.89,13.92,13.83,13.9,3754700
2025-06-12T13:00:00Z,13.75,13.89,13.75,13.87,1998800
2025-06-12T14:00:00Z,13.87,13.88,13.79,13.81,1499000
2025-06-12T15:00:00Z,13.81,13.83,13.79,13.81,1091200
2025-06-12T16:00:00Z,13.82,13.83,13.76,13.8,1771700
2025-06-12T17:00:00Z,13.79,13.8,13.74,13.77,1334800
2025-06-12T18:00:00Z,13.77,13.8,13.75,13.78,1712700
2025-06-12T19:00:00Z,13.77,13.81,13.76,13.8,3250800
2025-06-13T13:00:00Z,13.68,13.79,13.65,13.67,3296700
2025-06-13T14:00:00Z,13.67,13.71,13.58,13.64,5546800
2025-06-13T15:00:00Z,13.65,13.67,13.61,13.65,3790200
2025-06-13T16:00:00Z,13.66,13.7,13.64,13.65,3339200
2025-06-13T17:00:00Z,13.65,13.71,13.64,13.69,3402300
2025-06-13T18:00:00Z,13.69,13.71,13.66,13.69,2721600
2025-06-13T19:00:00Z,13.69,13.7,13.63,13.63,2846800
2025-06-16T13:00:00Z,13.66,13.85,13.66,13.76,1970100
2025-06-16T14:00:00Z,13.76,13.78,13.65,13.7,3168800
2025-06-16T15:00:00Z,13.69,13.73,13.64,13.72,6413500
2025-06-16T16:00:00Z,13.72,13.72,13.63,13.64,2972300
2025-06-16T17:00:00Z,13.64,13.67,13.61,13.63,3026700
2025-06-16T18:00:00Z,13.63,13.64,13.6,13.62,2875300
2025-06-16T19:00:00Z,13.62,13.65,13.59,13.62,3828900
2025-06-17T13:00:00Z,13.73,13.75,13.56,13.57,2890300
2025-06-17T14:00:00Z,13.57,13.57,13.44,13.45,6511500
2025-06-17T15:00:00Z,13.45,13.53,13.44,13.5,5024200
2025-06-17T16:00:00Z,13.49,13.51,13.45,13.46,3079900
2025-06-17T17:00:00Z,13.45,13.46,13.4,13.41,2003800
2025-06-17T18:00:00Z,13.41,13.45,13.41,13.44,2847700
2025-06-17T19:00:00Z,13.43,13.5,13.41,13.45,4835200
2025-06-18T13:00:00Z,13.38,13.51,13.35,13.36,3458700
2025-06-18T14:00:00Z,13.36,13.5,13.36,13.49,7844400
2025-06-18T15:00:00Z,13.48,13.5,13.44,13.47,4904300
2025-06-18T16:00:00Z,13.46,13.5,13.41,13.48,5081800
2025-06-18T17:00:00Z,13.48,13.49,13.46,13.49,3894100
2025-06-18T18:00:00Z,13.49,13.55,13.48,13.5,7129800
2025-06-18T19:00:00Z,13.49,13.51,13.47,13.47,2870300
2025-06-20T13:00:00Z,13.41,13.55,13.38,13.43,4420000
2025-06-20T14:00:00Z,13.43,13.47,13.41,13.43,5426800
2025-06-20T15:00:00Z,13.42,13.44,13.37,13.42,6802500
2025-06-20T16:00:00Z,13.41,13.45,13.39,13.41,2030200
2025-06-20T17:00:00Z,13.4,13.42,13.37,13.4,2307700
2025-06-20T18:00:00Z,13.4,13.45,13.38,13.43,2786700
2025-06-20T19:00:00Z,13.43,13.53,13.42,13.53,5093400
2025-06-23T13:00:00Z,13.5,13.65,13.47,13.55,7851000
2025-06-23T14:00:00Z,13.56,13.57,13.51,13.54,2060200
2025-06-23T15:00:00Z,13.54,13.56,13.47,13.47,2065900
2025-06-23T16:00:00Z,13.47,13.56,13.47,13.53,3768900
2025-06-23T17:00:00Z,13.53,13.61,13.52,13.59,2477300
2025-06-23T18:00:00Z,13.6,13.61,13.55,13.56,2443300
2025-06-23T19:00:00Z,13.55,13.57,13.51,13.52,3605100
2025-06-24T13:00:00Z,13.58,13.65,13.5,13.59,2116000
2025-06-24T14:00:00Z,13.58,13.6,13.43,13.54,5578300
2025-06-24T15:00:00Z,13.54,13.62,13.52,13.61,3914300
2025-06-24T16:00:00Z,13.6,13.61,13.52,13.53,3281500
2025-06-24T17:00:00Z,13.52,13.56,13.51,13.55,1624500
2025-06-24T18:00:00Z,13.54,13.57,13.51,13.53,1870300
2025-06-24T19:00:00Z,13.52,13.56,13.5,13.53,5719400
2025-06-25T13:00:00Z,13.4,13.47,13.3,13.36,9846600
2025-06-25T14:00:00Z,13.36,13.37,13.22,13.24,7915300
2025-06-25T15:00:00Z,13.24,13.24,13.1,13.16,5104900
2025-06-25T16:00:00Z,13.16,13.18,13.13,13.13,4800800
2025-06-25T17:00:00Z,13.13,13.39,13.1,13.19,7933800
2025-06-25T18:00:00Z,13.18,13.19,13.16,13.17,4596000
2025-06-25T19:00:00Z,13.18,13.19,13.14,13.15,8354600
2025-06-26T13:00:00Z,13.2,13.33,13.12,13.31,7498100
2025-06-26T14:00:00Z,13.3,13.33,13.23,13.3,9519500
2025-06-26T15:00:00Z,13.31,13.33,13.27,13.3,3942800
2025-06-26T16:00:00Z,13.29,13.32,13.28,13.29,1895800
2025-06-26T17:00:00Z,13.29,13.31,13.26,13.27,2695800
2025-06-26T18:00:00Z,13.28,13.35,13.26,13.3,3872800
2025-06-26T19:00:00Z,13.3,13.37,13.3,13.35,4059700
2025-06-27T13:00:00Z,13.22,13.22,13.06,13.11,3112400
2025-06-27T14:00:00Z,13.11,13.15,13.01,13.1,5511300
2025-06-27T15:00:00Z,13.09,13.14,13.05,13.13,4112600
2025-06-27T16:00:00Z,13.14,13.2,13.12,13.18,2142100
2025-06-27T17:00:00Z,13.17,13.22,13.14,13.18,3618600
2025-06-27T18:00:00Z,13.18,13.18,13.13,13.15,1387400
2025-06-27T19:00:00Z,13.15,13.15,13.1,13.14,3170900
2025-06-30T13:00:00Z,13.09,13.2,13.04,13.18,1728500
2025-06-30T14:00:00Z,13.18,13.2,13.06,13.11,3482000
2025-06-30T15:00:00Z,13.11,13.22,13.1,13.15,6919500
2025-06-30T16:00:00Z,13.15,13.27,13.15,13.24,4624800
2025-06-30T17:00:00Z,13.24,13.3,13.23,13.27,4737200
2025-06-30T18:00:00Z,13.28,13.34,13.27,13.29,2431500
2025-06-30T19:00:00Z,13.3,13.33,13.27,13.29,5040200
2025-07-01T13:00:00Z,13.36,13.41,13.17,13.21,1799800
2025-07-01T14:00:00Z,13.2,13.35,13.2,13.35,4383200
2025-07-01T15:00:00Z,13.34,13.37,13.33,13.35,866000
2025-07-01T16:00:00Z,13.35,13.4,13.32,13.33,976600
2025-07-01T17:00:00Z,13.33,13.35,13.29,13.31,2137600
2025-07-01T18:00:00Z,13.32,13.38,13.3,13.37,6475400
2025-07-01T19:00:00Z,13.37,13.4,13.35,13.36,2378700
2025-07-02T13:00:00Z,13.49,13.51,13.36,13.45,9794600
2025-07-02T14:00:00Z,13.46,13.53,13.43,13.52,6786900
2025-07-02T15:00:00Z,13.51,13.62,13.5,13.6,8731500
2025-07-02T16:00:00Z,13.6,13.66,13.58,13.62,4665600
2025-07-02T17:00:00Z,13.62,13.78,13.61,13.71,5084000
2025-07-02T18:00:00Z,13.72,13.74,13.64,13.65,3368300
2025-07-02T19:00:00Z,13.66,13.73,13.65,13.71,4185100
2025-07-03T13:00:00Z,13.67,13.73,13.56,13.65,3629000
2025-07-03T14:00:00Z,13.65,13.68,13.52,13.52,2629200
2025-07-03T15:00:00Z,13.52,13.58,13.5,13.55,1942700
2025-07-03T16:00:00Z,13.55,13.58,13.54,13.56,1352700
2025-07-03T17:00:00Z,13.57,13.59,13.55,13.56,1163400
2025-07-03T18:00:00Z,13.56,13.56,13.48,13.5,1413100
2025-07-03T19:00:00Z,13.5,13.52,13.49,13.5,1856200
2025-07-04T13:00:00Z,13.41,13.54,13.4,13.53,994200
2025-07-04T14:00:00Z,13.53,13.55,13.52,13.53,443200
2025-07-04T15:00:00Z,13.54,13.59,13.51,13.58,896800
2025-07-04T16:00:00Z,13.58,13.61,13.57,13.57,667800
2025-07-04T17:00:00Z,13.58,13.6,13.56,13.59,384500
2025-07-04T18:00:00Z,13.59,13.63,13.59,13.62,1075000
2025-07-04T19:00:00Z,13.61,13.62,13.52,13.53,1113900
2025-07-07T13:00:00Z,13.51,13.54,13.32,13.34,5460500
2025-07-07T14:00:00Z,13.34,13.42,13.3,13.42,2527800
2025-07-07T15:00:00Z,13.41,13.45,13.39,13.4,2000500
2025-07-07T16:00:00Z,13.4,13.42,13.33,13.37,3551400
2025-07-07T17:00:00Z,13.37,13.42,13.36,13.42,2036400
2025-07-07T18:00:00Z,13.41,13.42,13.37,13.38,2014400
2025-07-07T19:00:00Z,13.38,13.41,13.36,13.4,2199100
2025-07-08T13:00:00Z,13.42,13.42,13.27,13.28,2241500
2025-07-08T14:00:00Z,13.27,13.42,13.27,13.4,6505200
2025-07-08T15:00:00Z,13.4,13.49,13.39,13.46,6580600
2025-07-08T16:00:00Z,13.45,13.46,13.41,13.43,4288200
2025-07-08T17:00:00Z,13.42,13.47,13.39,13.4,3025400
2025-07-08T18:00:00Z,13.4,13.41,13.35,13.37,3270700
2025-07-08T19:00:00Z,13.38,13.44,13.37,13.38,3802000
2025-07-09T13:00:00Z,13.45,13.45,13.35,13.41,1548700
2025-07-09T14:00:00Z,13.41,13.43,13.35,13.37,3165600
2025-07-09T15:00:00Z,13.37,13.37,13.29,13.34,4485600
2025-07-09T16:00:00Z,13.33,13.35,13.31,13.32,2274800
2025-07-09T17:00:00Z,13.33,13.35,13.24,13.29,4746100
2025-07-09T18:00:00Z,13.29,13.39,13.23,13.36,7840000
2025-07-09T19:00:00Z,13.36,13.42,13.35,13.37,4079700
2025-07-10T13:00:00Z,13.22,13.38,13.19,13.25,3671300
2025-07-10T14:00:00Z,13.26,13.34,13.19,13.22,4075200
2025-07-10T15:00:00Z,13.22,13.23,13.15,13.16,1969500
2025-07-10T16:00:00Z,13.16,13.23,13.16,13.22,3728900
2025-07-10T17:00:00Z,13.22,13.27,13.21,13.24,3940800
2025-07-10T18:00:00Z,13.24,13.29,13.2,13.27,2700100
2025-07-10T19:00:00Z,13.27,13.28,13.23,13.25,3855300
2025-07-11T13:00:00Z,13.19,13.35,13.08,13.33,9535400
2025-07-11T14:00:00Z,13.33,13.34,13.24,13.32,11314200
2025-07-11T15:00:00Z,13.31,13.33,13.3,13.32,1596700
2025-07-11T16:00:00Z,13.3,13.33,13.27,13.32,6431600
2025-07-11T17:00:00Z,13.3,13.37,13.3,13.36,1738800
2025-07-11T18:00:00Z,13.35,13.38,13.33,13.33,2264700
2025-07-11T19:00:00Z,13.33,13.37,13.31,13.32,4335500
2025-07-14T13:00:00Z,13.26,13.57,13.26,13.5,5750000
2025-07-14T14:00:00Z,13.49,13.53,13.35,13.39,5786100
2025-07-14T15:00:00Z,13.37,13.43,13.37,13.38,4477400
2025-07-14T16:00:00Z,13.39,13.41,13.34,13.4,3301900
2025-07-14T17:00:00Z,13.41,13.41,13.35,13.36,3724900
2025-07-14T18:00:00Z,13.35,13.38,13.34,13.35,3917800
2025-07-14T19:00:00Z,13.34,13.36,13.28,13.34,5466300
2025-07-15T13:00:00Z,13.37,13.52,13.25,13.3,6498300
2025-07-15T14:00:00Z,13.3,13.34,13.23,13.31,6057300
2025-07-15T15:00:00Z,13.32,13.32,13.25,13.27,2554900
2025-07-15T16:00:00Z,13.26,13.31,13.24,13.31,3298000
2025-07-15T17:00:00Z,13.31,13.35,13.3,13.33,878600
2025-07-15T18:00:00Z,13.32,13.34,13.3,13.31,1081000
2025-07-15T19:00:00Z,13.3,13.32,13.29,13.3,4153400
2025-07-16T13:00:00Z,13.38,13.64,13.31,13.61,8468200
2025-07-16T14:00:00Z,13.61,13.64,13.44,13.5,3578700
2025-07-16T15:00:00Z,13.5,13.54,13.45,13.53,1730400
2025-07-16T16:00:00Z,13.54,13.6,13.47,13.58,6077500
2025-07-16T17:00:00Z,13.58,13.68,13.57,13.67,14479400
2025-07-16T18:00:00Z,13.67,13.72,13.59,13.71,3590100
2025-07-16T19:00:00Z,13.71,13.73,13.65,13.73,5008700
2025-07-17T13:00:00Z,13.67,13.69,13.55,13.56,2638300
2025-07-17T14:00:00Z,13.55,13.59,13.5,13.57,3112200
2025-07-17T15:00:00Z,13.58,13.58,13.53,13.54,1658800
2025-07-17T16:00:00Z,13.54,13.54,13.45,13.45,1585100
2025-07-17T17:00:00Z,13.46,13.5,13.44,13.49,2205200
2025-07-17T18:00:00Z,13.5,13.53,13.46,13.49,2034600
2025-07-17T19:00:00Z,13.5,13.51,13.46,13.47,2645000
2025-07-18T13:00:00Z,13.33,13.49,13.33,13.46,1819000
2025-07-18T14:00:00Z,13.46,13.47,13.38,13.4,1319900
2025-07-18T15:00:00Z,13.4,13.42,13.35,13.37,1166900
2025-07-18T16:00:00Z,13.37,13.38,13.33,13.35,1343100
2025-07-18T17:00:00Z,13.35,13.38,13.34,13.34,1075800
2025-07-18T18:00:00Z,13.34,13.36,13.32,13.35,2176100
2025-07-18T19:00:00Z,13.36,13.37,13.29,13.34,3712600
2025-07-21T13:00:00Z,13.35,13.45,13.28,13.28,5360000
2025-07-21T14:00:00Z,13.3,13.33,13.26,13.32,1911900
2025-07-21T15:00:00Z,13.31,13.37,13.31,13.34,3612600
2025-07-21T16:00:00Z,13.35,13.38,13.34,13.37,1618900
2025-07-21T17:00:00Z,13.38,13.42,13.36,13.41,1349500
2025-07-21T18:00:00Z,13.4,13.45,13.4,13.44,1833200
2025-07-21T19:00:00Z,13.44,13.44,13.4,13.42,2112600
2025-07-22T13:00:00Z,13.43,13.48,13.41,13.46,1550700
2025-07-22T14:00:00Z,13.46,13.53,13.42,13.53,1479000
2025-07-22T15:00:00Z,13.53,13.53,13.46,13.48,2183100
2025-07-22T16:00:00Z,13.49,13.49,13.44,13.48,1837200
2025-07-22T17:00:00Z,13.48,13.52,13.46,13.48,3399000
2025-07-22T18:00:00Z,13.48,13.49,13.44,13.44,3216800
2025-07-22T19:00:00Z,13.44,13.46,13.4,13.44,3823600
2025-07-23T13:00:00Z,13.41,13.63,13.4,13.63,1959600
2025-07-23T14:00:00Z,13.62,13.66,13.6,13.62,2626000
2025-07-23T15:00:00Z,13.63,13.66,13.6,13.63,1261400
2025-07-23T16:00:00Z,13.62,13.66,13.62,13.64,1139200
2025-07-23T17:00:00Z,13.62,13.64,13.6,13.64,742000
2025-07-23T18:00:00Z,13.64,13.66,13.62,13.64,1607300
2025-07-23T19:00:00Z,13.64,13.65,13.59,13.61,2603400
2025-07-24T13:00:00Z,13.54,13.54,13.41,13.43,1367800
2025-07-24T14:00:00Z,13.44,13.52,13.42,13.5,1102500
2025-07-24T15:00:00Z,13.5,13.56,13.48,13.53,746600
2025-07-24T16:00:00Z,13.54,13.55,13.52,13.52,607900
2025-07-24T17:00:00Z,13.52,13.59,13.52,13.59,919200
2025-07-24T18:00:00Z,13.59,13.59,13.52,13.53,853400
2025-07-24T19:00:00Z,13.53,13.56,13.51,13.52,1223300
2025-07-25T13:00:00Z,13.58,13.6,13.54,13.58,1016100
2025-07-25T14:00:00Z,13.58,13.59,13.51,13.51,1624200
2025-07-25T15:00:00Z,13.51,13.56,13.51,13.53,2555500
2025-07-25T16:00:00Z,13.54,13.55,13.51,13.54,1093900
2025-07-25T17:00:00Z,13.54,13.54,13.49,13.5,2222300
2025-07-25T18:00:00Z,13.5,13.53,13.47,13.49,2548400
2025-07-25T19:00:00Z,13.48,13.49,13.45,13.47,2299800
2025-07-28T13:00:00Z,13.47,13.49,13.19,13.25,10516500
2025-07-28T14:00:00Z,13.24,13.25,13.12,13.14,11751400
2025-07-28T15:00:00Z,13.12,13.2,13.1,13.12,5969900
2025-07-28T16:00:00Z,13.11,13.16,13.1,13.14,3417400
2025-07-28T17:00:00Z,13.14,13.14,13.06,13.08,4982700
2025-07-28T18:00:00Z,13.08,13.15,13.03,13.15,9577900
2025-07-28T19:00:00Z,13.15,13.17,13.1,13.12,6655000
2025-07-29T13:00:00Z,13.15,13.17,13.02,13.14,3442800
2025-07-29T14:00:00Z,13.13,13.17,13.08,13.17,3898900
2025-07-29T15:00:00Z,13.17,13.18,13.12,13.14,2402000
2025-07-29T16:00:00Z,13.15,13.18,13.13,13.18,1606100
2025-07-29T17:00:00Z,13.18,13.18,13.15,13.16,1762700
2025-07-29T18:00:00Z,13.17,13.23,13.15,13.22,2942500
2025-07-29T19:00:00Z,13.23,13.23,13.19,13.2,2687400
2025-07-30T13:00:00Z,13.2,13.39,13.19,13.3,1966500
2025-07-30T14:00:00Z,13.29,13.33,13.17,13.17,2066300
2025-07-30T15:00:00Z,13.17,13.2,13.16,13.18,1623600
2025-07-30T16:00:00Z,13.17,13.19,13.12,13.16,2273500
2025-07-30T17:00:00Z,13.15,13.2,13.14,13.15,2773600
2025-07-30T18:00:00Z,13.16,13.25,13.09,13.17,5237400
2025-07-30T19:00:00Z,13.17,13.19,13.08,13.09,6855800
2025-07-31T13:00:00Z,12.33,12.6,12.2,12.56,35644000
2025-07-31T14:00:00Z,12.56,12.61,12.3,12.33,13946100
2025-07-31T15:00:00Z,12.32,12.47,12.32,12.42,7470300
2025-07-31T16:00:00Z,12.42,12.56,12.4,12.46,8263200
2025-07-31T17:00:00Z,12.47,12.47,12.35,12.42,6633700
2025-07-31T18:00:00Z,12.42,12.52,12.39,12.51,6934400
2025-07-31T19:00:00Z,12.52,12.54,12.43,12.54,12243500
2025-08-01T13:00:00Z,12.55,12.68,12.3,12.36,4029200
2025-08-01T14:00:00Z,12.37,12.42,12.29,12.3,5680700
2025-08-01T15:00:00Z,12.3,12.33,12.22,12.24,3365200
2025-08-01T16:00:00Z,12.24,12.4,12.24,12.31,7947600
2025-08-01T17:00:00Z,12.3,12.33,12.27,12.32,1747900
2025-08-01T18:00:00Z,12.31,12.36,12.3,12.31,2735700
2025-08-01T19:00:00Z,12.31,12.4,12.29,12.33,4562900
2025-08-04T13:00:00Z,12.39,12.57,12.34,12.45,2970400
2025-08-04T14:00:00Z,12.46,12.5,12.42,12.44,2000200
2025-08-04T15:00:00Z,12.45,12.46,12.4,12.42,1792800
2025-08-04T16:00:00Z,12.42,12.46,12.4,12.45,1629900
2025-08-04T17:00:00Z,12.45,12.46,12.42,12.45,1648100
2025-08-04T18:00:00Z,12.44,12.47,12.44,12.45,1718400
2025-08-04T19:00:00Z,12.44,12.45,12.38,12.41,2005100
2025-08-05T13:00:00Z,12.47,12.5,12.31,12.42,3259000
2025-08-05T14:00:00Z,12.42,12.46,12.35,12.4,3156200
2025-08-05T15:00:00Z,12.39,12.42,12.38,12.39,2119400
2025-08-05T16:00:00Z,12.39,12.4,12.36,12.39,1402100
2025-08-05T17:00:00Z,12.39,12.51,12.38,12.48,6317800
2025-08-05T18:00:00Z,12.48,12.49,12.43,12.44,5257900
2025-08-05T19:00:00Z,12.43,12.45,12.38,12.39,7260400
2025-08-06T13:00:00Z,12.5,12.51,12.41,12.41,1190300
2025-08-06T14:00:00Z,12.42,12.51,12.38,12.5,5141800
2025-08-06T15:00:00Z,12.5,12.57,12.49,12.5,13908200
2025-08-06T16:00:00Z,12.5,12.52,12.46,12.46,2225100
2025-08-06T17:00:00Z,12.46,12.52,12.45,12.51,7308600
2025-08-06T18:00:00Z,12.51,12.57,12.48,12.49,4281900
2025-08-06T19:00:00Z,12.5,12.54,12.48,12.52,6191200
2025-08-07T13:00:00Z,12.51,12.58,12.4,12.55,8906600
2025-08-07T14:00:00Z,12.55,12.57,12.5,12.52,2890700
2025-08-07T15:00:00Z,12.52,12.61,12.52,12.61,3763800
2025-08-07T16:00:00Z,12.6,12.64,12.59,12.62,2818300
2025-08-07T17:00:00Z,12.62,12.65,12.58,12.62,3907300
2025-08-07T18:00:00Z,12.61,12.63,12.57,12.62,4591200
2025-08-07T19:00:00Z,12.61,12.63,12.56,12.56,5429700
2025-08-08T13:00:00Z,12.55,12.57,12.36,12.37,1818500
2025-08-08T14:00:00Z,12.37,12.39,12.31,12.33,1515500
2025-08-08T15:00:00Z,12.33,12.41,12.33,12.34,7431800
2025-08-08T16:00:00Z,12.34,12.39,12.32,12.37,4004400
2025-08-08T17:00:00Z,12.37,12.41,12.36,12.39,1403700
2025-08-08T18:00:00Z,12.39,12.42,12.34,12.35,3542200
2025-08-08T19:00:00Z,12.35,12.39,12.35,12.36,2667900
2025-08-11T13:00:00Z,12.37,12.44,12.34,12.39,1940600
2025-08-11T14:00:00Z,12.38,12.4,12.25,12.31,30575600
2025-08-11T15:00:00Z,12.31,12.33,12.28,12.33,4593100
2025-08-11T16:00:00Z,12.32,12.36,12.29,12.3,2271400
2025-08-11T17:00:00Z,12.3,12.35,12.29,12.33,4648600
2025-08-11T18:00:00Z,12.33,12.35,12.33,12.34,962100
2025-08-11T19:00:00Z,12.34,12.36,12.32,12.34,3025800
2025-08-12T13:00:00Z,12.38,12.41,12.28,12.36,2333100
2025-08-12T14:00:00Z,12.36,12.43,12.36,12.4,3721000
2025-08-12T15:00:00Z,12.4,12.44,12.39,12.43,1728000
2025-08-12T16:00:00Z,12.42,12.43,12.38,12.38,2063800
2025-08-12T17:00:00Z,12.38,12.4,12.36,12.38,2145300
2025-08-12T18:00:00Z,12.38,12.39,12.35,12.36,1652200
2025-08-12T19:00:00Z,12.35,12.36,12.24,12.26,5498900
2025-08-13T13:00:00Z,12.23,12.23,11.95,11.98,4500500
2025-08-13T14:00:00Z,11.97,12.08,11.96,12.04,6289400
2025-08-13T15:00:00Z,12.03,12.14,12.03,12.11,6514300
2025-08-13T16:00:00Z,12.11,12.13,12.06,12.11,4045700
2025-08-13T17:00:00Z,12.12,12.16,12.11,12.16,4391500
2025-08-13T18:00:00Z,12.16,12.19,12.13,12.14,6418300
2025-08-13T19:00:00Z,12.13,12.14,12.1,12.12,5472900
2025-08-14T13:00:00Z,12,12.11,11.97,12.03,3616600
2025-08-14T14:00:00Z,12.03,12.12,12.02,12.06,2298700
2025-08-14T15:00:00Z,12.06,12.08,12.02,12.04,1161400
2025-08-14T16:00:00Z,12.04,12.08,12.04,12.07,3258400
2025-08-14T17:00:00Z,12.07,12.14,12.06,12.09,3476300
2025-08-14T18:00:00Z,12.08,12.09,12.05,12.07,1731100
2025-08-14T19:00:00Z,12.06,12.09,12.03,12.05,4203300
2025-08-15T13:00:00Z,12,12.11,11.97,12.11,3108000
2025-08-15T14:00:00Z,12.1,12.11,12.02,12.08,3150100
2025-08-15T15:00:00Z,12.08,12.11,12.06,12.1,1174400
2025-08-15T16:00:00Z,12.09,12.1,12.02,12.02,1458000
2025-08-15T17:00:00Z,12.03,12.05,12.01,12.03,3208000
2025-08-15T18:00:00Z,12.02,12.03,11.96,11.98,3455900
2025-08-15T19:00:00Z,11.99,12.08,11.96,12.08,5224100
2025-08-18T13:00:00Z,12.04,12.12,11.98,12.1,2121600
2025-08-18T14:00:00Z,12.09,12.17,12.09,12.16,3234800
2025-08-18T15:00:00Z,12.16,12.21,12.15,12.21,1859600
2025-08-18T16:00:00Z,12.2,12.21,12.11,12.12,2305400
2025-08-18T17:00:00Z,12.11,12.12,12.09,12.11,1766100
2025-08-18T18:00:00Z,12.11,12.12,12.1,12.11,2355900
2025-08-18T19:00:00Z,12.11,12.12,12.09,12.09,3116200
2025-08-19T13:00:00Z,12.04,12.07,11.95,12.06,4477700
2025-08-19T14:00:00Z,12.04,12.09,12.02,12.07,4695400
2025-08-19T15:00:00Z,12.06,12.08,12,12,3712100
2025-08-19T16:00:00Z,12.01,12.04,12,12.02,2999800
2025-08-19T17:00:00Z,12.02,12.04,12,12.01,2922300
2025-08-19T18:00:00Z,12.02,12.04,12,12.03,4634400
2025-08-19T19:00:00Z,12.04,12.06,12.03,12.03,2673300
2025-08-20T13:00:00Z,12.05,12.12,11.91,12.11,3796900
2025-08-20T14:00:00Z,12.1,12.12,12.08,12.11,2614500
2025-08-20T15:00:00Z,12.1,12.15,12.07,12.1,2883100
2025-08-20T16:00:00Z,12.09,12.14,12.08,12.14,2390400
2025-08-20T17:00:00Z,12.13,12.14,12.09,12.1,2508000
2025-08-20T18:00:00Z,12.1,12.12,12.1,12.11,1551500
2025-08-20T19:00:00Z,12.1,12.11,12.09,12.11,4083600
2025-08-21T13:00:00Z,12.04,12.11,12.02,12.07,1853900
2025-08-21T14:00:00Z,12.07,12.09,12.03,12.06,3359200
2025-08-21T15:00:00Z,12.06,12.08,12.02,12.03,904700
2025-08-21T16:00:00Z,12.02,12.11,12.02,12.06,2328800
2025-08-21T17:00:00Z,12.06,12.09,12.05,12.08,1154400
2025-08-21T18:00:00Z,12.08,12.11,12.07,12.11,1825700
2025-08-21T19:00:00Z,12.11,12.12,12.09,12.1,3288400
2025-08-22T13:00:00Z,12.13,12.17,12.09,12.16,1241400
2025-08-22T14:00:00Z,12.15,12.27,12.15,12.24,3060000
2025-08-22T15:00:00Z,12.24,12.26,12.22,12.24,933300
2025-08-22T16:00:00Z,12.23,12.25,12.22,12.23,1228600
2025-08-22T17:00:00Z,12.22,12.31,12.22,12.3,1512400
2025-08-22T18:00:00Z,12.3,12.3,12.25,12.27,2583900
2025-08-22T19:00:00Z,12.27,12.28,12.19,12.22,3635800
2025-08-25T13:00:00Z,12.25,12.26,12.2,12.2,821000
2025-08-25T14:00:00Z,12.2,12.21,12.17,12.2,848400
2025-08-25T15:00:00Z,12.2,12.22,12.14,12.15,992500
2025-08-25T16:00:00Z,12.15,12.16,12.12,12.12,697100
2025-08-25T17:00:00Z,12.12,12.17,12.12,12.14,2159500
2025-08-25T18:00:00Z,12.13,12.16,12.13,12.13,1568600
2025-08-25T19:00:00Z,12.13,12.16,12.13,12.16,1354400
2025-08-26T13:00:00Z,12.12,12.19,12.12,12.14,1282100
2025-08-26T14:00:00Z,12.14,12.18,12.14,12.17,2940400
2025-08-26T15:00:00Z,12.16,12.18,12.12,12.12,2533500
2025-08-26T16:00:00Z,12.12,12.14,12.1,12.1,2029600
2025-08-26T17:00:00Z,12.1,12.15,12.1,12.13,2459000
2025-08-26T18:00:00Z,12.13,12.17,12.13,12.14,2175400
2025-08-26T19:00:00Z,12.14,12.18,12.11,12.14,2330900
2025-08-27T13:00:00Z,12.15,12.22,12.13,12.17,2718000
2025-08-27T14:00:00Z,12.18,12.18,12.12,12.13,2187400
2025-08-27T15:00:00Z,12.12,12.17,12.12,12.14,1879600
2025-08-27T16:00:00Z,12.15,12.15,12.09,12.1,1170200
2025-08-27T17:00:00Z,12.11,12.12,12.1,12.12,2288400
2025-08-27T18:00:00Z,12.11,12.13,12.09,12.12,2287600
2025-08-27T19:00:00Z,12.13,12.21,12.11,12.15,7171700
2025-08-28T13:00:00Z,12.24,12.25,12.17,12.23,2226900
2025-08-28T14:00:00Z,12.22,12.33,12.22,12.3,4450000
2025-08-28T15:00:00Z,12.3,12.32,12.23,12.28,4875800
2025-08-28T16:00:00Z,12.28,12.29,12.26,12.26,1451100
2025-08-28T17:00:00Z,12.26,12.29,12.25,12.29,1922300
2025-08-28T18:00:00Z,12.29,12.32,12.27,12.3,3539000
2025-08-28T19:00:00Z,12.3,12.32,12.22,12.25,3503600
2025-08-29T13:00:00Z,12.26,12.43,12.26,12.38,1803000
2025-08-29T14:00:00Z,12.36,12.49,12.36,12.48,3076600
2025-08-29T15:00:00Z,12.47,12.51,12.4,12.41,2507200
2025-08-29T16:00:00Z,12.4,12.41,12.37,12.38,1634500
2025-08-29T17:00:00Z,12.38,12.39,12.35,12.37,2203700
2025-08-29T18:00:00Z,12.38,12.39,12.35,12.38,2326200
2025-08-29T19:00:00Z,12.39,12.39,12.33,12.35,3288500
2025-09-01T13:00:00Z,12.38,12.43,12.32,12.32,725500
2025-09-01T14:00:00Z,12.33,12.33,12.28,12.28,499200
2025-09-01T15:00:00Z,12.28,12.33,12.26,12.31,697700
2025-09-01T16:00:00Z,12.31,12.35,12.3,12.34,623100
2025-09-01T17:00:00Z,12.34,12.35,12.33,12.34,481300
2025-09-01T18:00:00Z,12.35,12.35,12.33,12.35,902700
2025-09-01T19:00:00Z,12.35,12.37,12.31,12.33,2636900
2025-09-02T13:00:00Z,12.23,12.33,12.19,12.29,1738000
2025-09-02T14:00:00Z,12.29,12.32,12.2,12.22,1363300
2025-09-02T15:00:00Z,12.22,12.24,12.16,12.17,2281800
2025-09-02T16:00:00Z,12.18,12.2,12.17,12.2,1189700
2025-09-02T17:00:00Z,12.19,12.21,12.17,12.17,1141600
2025-09-02T18:00:00Z,12.17,12.19,12.14,12.15,2667500
2025-09-02T19:00:00Z,12.14,12.21,12.14,12.18,4382800
2025-09-03T13:00:00Z,11.9,11.96,11.76,11.76,9814800
2025-09-03T14:00:00Z,11.76,11.96,11.76,11.92,4580400
2025-09-03T15:00:00Z,11.93,11.94,11.85,11.85,2337900
2025-09-03T16:00:00Z,11.85,11.87,11.79,11.81,2500800
2025-09-03T17:00:00Z,11.8,11.81,11.77,11.81,2125800
2025-09-03T18:00:00Z,11.8,11.82,11.75,11.77,5032500
2025-09-03T19:00:00Z,11.77,11.92,11.77,11.9,22769800
2025-09-04T13:00:00Z,11.91,12.11,11.91,12.09,3499900
2025-09-04T14:00:00Z,12.08,12.11,12.03,12.1,2716700
2025-09-04T15:00:00Z,12.1,12.12,12.07,12.09,1132600
2025-09-04T16:00:00Z,12.08,12.18,12.08,12.16,5027800
2025-09-04T17:00:00Z,12.16,12.18,12.15,12.16,2646400
2025-09-04T18:00:00Z,12.15,12.17,12.13,12.15,2230500
2025-09-04T19:00:00Z,12.15,12.18,12.12,12.14,5377600
2025-09-05T13:00:00Z,12.2,12.38,12.19,12.31,2477100
2025-09-05T14:00:00Z,12.32,12.33,12.18,12.25,3015000
2025-09-05T15:00:00Z,12.25,12.3,12.24,12.29,1472700
2025-09-05T16:00:00Z,12.3,12.31,12.26,12.28,1761300
2025-09-05T17:00:00Z,12.28,12.3,12.25,12.26,2340500
2025-09-05T18:00:00Z,12.26,12.28,12.26,12.27,873400
2025-09-05T19:00:00Z,12.27,12.29,12.26,12.29,2515900
2025-09-08T13:00:00Z,12.23,12.29,12.08,12.1,4959500
2025-09-08T14:00:00Z,12.09,12.13,12.07,12.07,5123600
2025-09-08T15:00:00Z,12.07,12.15,12.02,12.14,10766400
2025-09-08T16:00:00Z,12.14,12.15,12.1,12.1,2699100
2025-09-08T17:00:00Z,12.1,12.12,12.07,12.07,2641300
2025-09-08T18:00:00Z,12.07,12.17,12.07,12.16,5466300
2025-09-08T19:00:00Z,12.17,12.2,12.13,12.17,9672500
2025-09-09T13:00:00Z,12.11,12.28,12.11,12.26,6810000
2025-09-09T14:00:00Z,12.26,12.33,12.25,12.32,5241900
2025-09-09T15:00:00Z,12.32,12.36,12.3,12.33,7811000
2025-09-09T16:00:00Z,12.33,12.34,12.29,12.32,4215200
2025-09-09T17:00:00Z,12.31,12.37,12.31,12.34,2021000
2025-09-09T18:00:00Z,12.33,12.36,12.31,12.32,5355100
2025-09-09T19:00:00Z,12.32,12.35,12.28,12.33,10169000
2025-09-10T13:00:00Z,12.26,12.47,12.25,12.47,3436500
2025-09-10T14:00:00Z,12.47,12.5,12.44,12.46,4576300
2025-09-10T15:00:00Z,12.47,12.48,12.45,12.45,1761800
2025-09-10T16:00:00Z,12.46,12.47,12.44,12.45,1932200
2025-09-10T17:00:00Z,12.46,12.47,12.43,12.45,4971700
2025-09-10T18:00:00Z,12.46,12.47,12.45,12.47,3891000
2025-09-10T19:00:00Z,12.47,12.47,12.39,12.42,16476900
2025-09-11T13:00:00Z,12.48,12.48,12.41,12.45,2014100
2025-09-11T14:00:00Z,12.46,12.54,12.45,12.53,3603200
2025-09-11T15:00:00Z,12.52,12.56,12.47,12.56,4202000
2025-09-11T16:00:00Z,12.56,12.56,12.52,12.55,1819800
2025-09-11T17:00:00Z,12.55,12.57,12.54,12.57,2663000
2025-09-11T18:00:00Z,12.57,12.57,12.5,12.52,3509300
2025-09-11T19:00:00Z,12.53,12.57,12.52,12.56,6418300
2025-09-12T13:00:00Z,12.43,12.54,12.43,12.49,1416300
2025-09-12T14:00:00Z,12.49,12.54,12.47,12.5,1364900
2025-09-12T15:00:00Z,12.5,12.57,12.5,12.56,3888900
2025-09-12T16:00:00Z,12.56,12.57,12.53,12.56,1524700
2025-09-12T17:00:00Z,12.56,12.57,12.53,12.56,5156700
2025-09-12T18:00:00Z,12.57,12.6,12.55,12.57,2946400
2025-09-12T19:00:00Z,12.58,12.59,12.55,12.57,4564600
2025-09-15T13:00:00Z,12.58,12.64,12.55,12.63,2370000
2025-09-15T14:00:00Z,12.64,12.7,12.61,12.68,9382600
2025-09-15T15:00:00Z,12.68,12.7,12.65,12.67,2786000
2025-09-15T16:00:00Z,12.67,12.69,12.65,12.66,3037700
2025-09-15T17:00:00Z,12.66,12.68,12.65,12.66,1600100
2025-09-15T18:00:00Z,12.67,12.67,12.63,12.65,6104800
2025-09-15T19:00:00Z,12.65,12.66,12.6,12.63,8163500
2025-09-16T13:00:00Z,12.7,12.75,12.67,12.7,2714600
2025-09-16T14:00:00Z,12.7,12.75,12.66,12.75,6731400
2025-09-16T15:00:00Z,12.75,12.75,12.7,12.7,2595200
2025-09-16T16:00:00Z,12.71,12.72,12.7,12.71,1818200
2025-09-16T17:00:00Z,12.71,12.76,12.67,12.76,16223500
2025-09-16T18:00:00Z,12.76,12.77,12.74,12.77,1779100
2025-09-16T19:00:00Z,12.77,12.78,12.71,12.73,4863500
2025-09-17T13:00:00Z,12.69,12.81,12.65,12.81,1766200
2025-09-17T14:00:00Z,12.79,12.83,12.79,12.81,1698600
2025-09-17T15:00:00Z,12.81,12.86,12.79,12.86,1754800
2025-09-17T16:00:00Z,12.84,12.88,12.8,12.83,4901900
2025-09-17T17:00:00Z,12.83,12.85,12.79,12.81,1964000
2025-09-17T18:00:00Z,12.8,12.88,12.78,12.81,5439000
2025-09-17T19:00:00Z,12.8,12.83,12.79,12.79,5639500
2025-09-18T13:00:00Z,12.81,12.81,12.58,12.6,20495400
2025-09-18T14:00:00Z,12.6,12.69,12.6,12.64,4637600
2025-09-18T15:00:00Z,12.63,12.64,12.55,12.59,5623100
2025-09-18T16:00:00Z,12.59,12.61,12.55,12.55,2989200
2025-09-18T17:00:00Z,12.55,12.58,12.47,12.5,6852100
2025-09-18T18:00:00Z,12.49,12.53,12.47,12.51,4655100
2025-09-18T19:00:00Z,12.51,12.52,12.42,12.49,10577000
2025-09-19T13:00:00Z,12.55,12.61,12.46,12.51,2300400
2025-09-19T14:00:00Z,12.52,12.52,12.47,12.5,2334200
2025-09-19T15:00:00Z,12.5,12.51,12.39,12.39,4022800
2025-09-19T16:00:00Z,12.4,12.48,12.38,12.47,2049200
2025-09-19T17:00:00Z,12.48,12.53,12.45,12.53,9526500
2025-09-19T18:00:00Z,12.53,12.58,12.52,12.56,3218700
2025-09-19T19:00:00Z,12.56,12.58,12.51,12.52,3105800
2025-09-22T13:00:00Z,12.41,12.51,12.38,12.46,3070500
2025-09-22T14:00:00Z,12.45,12.46,12.4,12.4,870900
2025-09-22T15:00:00Z,12.4,12.45,12.4,12.42,1672600
2025-09-22T16:00:00Z,12.41,12.42,12.38,12.4,787200
2025-09-22T17:00:00Z,12.4,12.42,12.39,12.42,2460800
2025-09-22T18:00:00Z,12.41,12.42,12.37,12.38,1011100
2025-09-22T19:00:00Z,12.37,12.4,12.36,12.39,2238000
2025-09-23T13:00:00Z,12.36,12.45,12.34,12.43,1598500
2025-09-23T14:00:00Z,12.43,12.51,12.41,12.51,2026700
2025-09-23T15:00:00Z,12.51,12.53,12.48,12.5,1302100
2025-09-23T16:00:00Z,12.49,12.55,12.48,12.53,2087100
2025-09-23T17:00:00Z,12.53,12.56,12.5,12.54,2143500
2025-09-23T18:00:00Z,12.55,12.56,12.52,12.54,1211300
2025-09-23T19:00:00Z,12.53,12.54,12.5,12.52,1941300
2025-09-24T13:00:00Z,12.46,12.52,12.45,12.51,805200
2025-09-24T14:00:00Z,12.5,12.55,12.48,12.48,1248200
2025-09-24T15:00:00Z,12.48,12.49,12.45,12.46,1161200
2025-09-24T16:00:00Z,12.46,12.47,12.42,12.42,2736400
2025-09-24T17:00:00Z,12.43,12.43,12.36,12.39,3752300
2025-09-24T18:00:00Z,12.39,12.41,12.37,12.37,1879300
2025-09-24T19:00:00Z,12.37,12.39,12.35,12.36,3058900
2025-09-25T13:00:00Z,12.39,12.4,12.32,12.35,1250800
2025-09-25T14:00:00Z,12.35,12.53,12.34,12.5,4240300
2025-09-25T15:00:00Z,12.5,12.62,12.5,12.6,3288200
2025-09-25T16:00:00Z,12.6,12.62,12.57,12.58,2244200
2025-09-25T17:00:00Z,12.57,12.6,12.53,12.53,3002700
2025-09-25T18:00:00Z,12.53,12.54,12.5,12.53,4119800
2025-09-25T19:00:00Z,12.53,12.54,12.45,12.47,2931400
2025-09-26T13:00:00Z,12.53,12.54,12.41,12.43,1221800
2025-09-26T14:00:00Z,12.42,12.49,12.39,12.46,1788900
2025-09-26T15:00:00Z,12.46,12.47,12.45,12.47,544600
2025-09-26T16:00:00Z,12.46,12.52,12.46,12.52,804900
2025-09-26T17:00:00Z,12.52,12.55,12.48,12.48,1253000
2025-09-26T18:00:00Z,12.49,12.51,12.47,12.5,1641700
2025-09-26T19:00:00Z,12.5,12.51,12.44,12.47,3249400
2025-09-29T13:00:00Z,12.6,12.6,12.41,12.54,3041200
2025-09-29T14:00:00Z,12.54,12.55,12.44,12.44,4137800
2025-09-29T15:00:00Z,12.44,12.47,12.4,12.46,1984200
2025-09-29T16:00:00Z,12.45,12.47,12.41,12.47,1588700
2025-09-29T17:00:00Z,12.47,12.47,12.42,12.43,2367300
2025-09-29T18:00:00Z,12.44,12.46,12.41,12.42,1790100
2025-09-29T19:00:00Z,12.41,12.43,12.38,12.4,2931400
2025-09-30T13:00:00Z,12.23,12.42,12.16,12.26,12548800
2025-09-30T14:00:00Z,12.25,12.27,12.17,12.18,5745100
2025-09-30T15:00:00Z,12.19,12.2,12.05,12.1,6347900
2025-09-30T16:00:00Z,12.1,12.13,12.07,12.12,3101300
2025-09-30T17:00:00Z,12.12,12.14,12.07,12.09,2651800
2025-09-30T18:00:00Z,12.09,12.19,12.07,12.13,6139800
2025-09-30T19:00:00Z,12.14,12.14,12.04,12.07,5013600
2025-10-01T13:00:00Z,12.19,12.19,11.98,11.99,3741500
2025-10-01T14:00:00Z,12,12.02,11.95,12,5177700
2025-10-01T15:00:00Z,11.99,12.02,11.97,11.98,1930800
2025-10-01T16:00:00Z,11.98,12,11.88,11.89,3195000
2025-10-01T17:00:00Z,11.89,12.02,11.88,11.99,5166200
2025-10-01T18:00:00Z,11.98,12.06,11.98,12.04,3180800
2025-10-01T19:00:00Z,12.03,12.04,11.98,12.01,4234400
2025-10-02T13:00:00Z,12.03,12.15,11.96,12.05,6515000
2025-10-02T14:00:00Z,12.06,12.06,11.91,11.94,4308000
2025-10-02T15:00:00Z,11.94,11.94,11.87,11.88,1641400
2025-10-02T16:00:00Z,11.87,11.92,11.86,11.92,2069700
2025-10-02T17:00:00Z,11.92,11.95,11.9,11.92,1827600
2025-10-02T18:00:00Z,11.91,11.93,11.88,11.88,2407100
2025-10-02T19:00:00Z,11.88,11.93,11.87,11.92,4406600
2025-10-03T13:00:00Z,11.83,11.89,11.75,11.88,3646900
2025-10-03T14:00:00Z,11.88,11.93,11.85,11.93,2303700
2025-10-03T15:00:00Z,11.93,11.93,11.89,11.9,2205100
2025-10-03T16:00:00Z,11.91,11.94,11.89,11.9,1851500
2025-10-03T17:00:00Z,11.91,11.95,11.89,11.93,2141000
2025-10-03T18:00:00Z,11.93,11.93,11.9,11.92,1696400
2025-10-03T19:00:00Z,11.93,11.93,11.86,11.89,5922300
2025-10-06T13:00:00Z,11.88,12,11.85,11.89,2212500
2025-10-06T14:00:00Z,11.89,11.92,11.79,11.8,2606600
2025-10-06T15:00:00Z,11.8,11.84,11.79,11.81,1717500
2025-10-06T16:00:00Z,11.81,11.82,11.78,11.81,1098200
2025-10-06T17:00:00Z,11.81,11.85,11.79,11.84,1648500
2025-10-06T18:00:00Z,11.84,11.85,11.83,11.85,1885600
2025-10-06T19:00:00Z,11.85,11.85,11.82,11.85,1236100
2025-10-07T13:00:00Z,11.79,11.86,11.73,11.78,3064700
2025-10-07T14:00:00Z,11.77,11.81,11.75,11.76,4918800
2025-10-07T15:00:00Z,11.76,11.77,11.73,11.75,1633400
2025-10-07T16:00:00Z,11.74,11.75,11.71,11.75,1042700
2025-10-07T17:00:00Z,11.74,11.75,11.71,11.73,1722300
2025-10-07T18:00:00Z,11.73,11.79,11.73,11.75,1478700
2025-10-07T19:00:00Z,11.75,11.77,11.72,11.74,2374100
2025-10-08T13:00:00Z,11.76,11.82,11.71,11.76,2191200
2025-10-08T14:00:00Z,11.76,11.91,11.75,11.9,2415800
2025-10-08T15:00:00Z,11.9,11.9,11.85,11.86,1592600
2025-10-08T16:00:00Z,11.87,11.87,11.82,11.83,1689900
2025-10-08T17:00:00Z,11.85,11.86,11.82,11.82,1120500
2025-10-08T18:00:00Z,11.82,11.87,11.82,11.85,1435800
2025-10-08T19:00:00Z,11.85,11.89,11.82,11.83,1820800
2025-10-09T13:00:00Z,11.93,11.97,11.82,11.84,1563000
2025-10-09T14:00:00Z,11.83,11.84,11.76,11.77,3574300
2025-10-09T15:00:00Z,11.77,11.78,11.74,11.77,2958500
2025-10-09T16:00:00Z,11.76,11.8,11.74,11.75,1483400
2025-10-09T17:00:00Z,11.75,11.75,11.71,11.72,1596000
2025-10-09T18:00:00Z,11.72,11.73,11.68,11.72,7354800
2025-10-09T19:00:00Z,11.73,11.73,11.7,11.71,5406000
2025-10-10T13:00:00Z,11.78,11.85,11.74,11.82,3325100
2025-10-10T14:00:00Z,11.83,11.86,11.79,11.81,3712300
2025-10-10T15:00:00Z,11.81,11.87,11.78,11.81,2720900
2025-10-10T16:00:00Z,11.81,11.83,11.78,11.78,2781300
2025-10-10T17:00:00Z,11.78,11.83,11.77,11.81,1238600
2025-10-10T18:00:00Z,11.8,11.82,11.78,11.81,1386400
2025-10-10T19:00:00Z,11.79,11.87,11.79,11.86,2730700
2025-10-13T13:00:00Z,11.83,11.89,11.78,11.84,1233400
2025-10-13T14:00:00Z,11.84,11.88,11.84,11.87,697600
2025-10-13T15:00:00Z,11.86,11.91,11.84,11.89,806300
2025-10-13T16:00:00Z,11.91,11.93,11.88,11.92,941800
2025-10-13T17:00:00Z,11.91,11.92,11.85,11.86,1314100
2025-10-13T18:00:00Z,11.85,11.89,11.84,11.86,1348400
2025-10-13T19:00:00Z,11.85,11.86,11.8,11.81,3616800
2025-10-14T13:00:00Z,11.8,11.88,11.75,11.87,1448400
2025-10-14T14:00:00Z,11.87,11.93,11.87,11.93,1148700
2025-10-14T15:00:00Z,11.92,12.02,11.91,11.99,4046100
2025-10-14T16:00:00Z,11.99,12.06,11.95,12.06,3690900
2025-10-14T17:00:00Z,12.05,12.1,12.03,12.04,2876700
2025-10-14T18:00:00Z,12.03,12.09,12.02,12.06,3987500
2025-10-14T19:00:00Z,12.06,12.09,12.02,12.07,7121600
2025-10-15T13:00:00Z,11.99,12.08,11.91,12.06,5258100
2025-10-15T14:00:00Z,12.06,12.1,12.05,12.06,2411300
2025-10-15T15:00:00Z,12.06,12.07,11.94,11.95,1910100
2025-10-15T16:00:00Z,11.96,12.01,11.94,12.01,1311100
2025-10-15T17:00:00Z,12,12.02,11.95,12.01,2655200
2025-10-15T18:00:00Z,12,12.03,11.98,12,2469400
2025-10-15T19:00:00Z,11.99,12.03,11.98,11.99,3151400
2025-10-16T13:00:00Z,11.99,12.08,11.92,12.07,2190500
2025-10-16T14:00:00Z,12.07,12.11,12.04,12.11,1332900
2025-10-16T15:00:00Z,12.11,12.14,12.09,12.12,1457300
2025-10-16T16:00:00Z,12.13,12.17,12.1,12.16,2427800
2025-10-16T17:00:00Z,12.17,12.2,12.14,12.18,3350500
2025-10-16T18:00:00Z,12.19,12.21,12.16,12.18,2738300
2025-10-16T19:00:00Z,12.18,12.24,12.18,12.23,8753800
2025-10-17T13:00:00Z,12.13,12.35,12.1,12.32,2693000
2025-10-17T14:00:00Z,12.32,12.37,12.29,12.36,2828300
2025-10-17T15:00:00Z,12.35,12.4,12.28,12.39,3420200
2025-10-17T16:00:00Z,12.39,12.4,12.33,12.34,2284800
2025-10-17T17:00:00Z,12.34,12.37,12.32,12.33,2582200
2025-10-17T18:00:00Z,12.34,12.35,12.32,12.33,1047600
2025-10-17T19:00:00Z,12.33,12.36,12.3,12.35,4105700
2025-10-20T13:00:00Z,12.33,12.44,12.31,12.32,2181300
2025-10-20T14:00:00Z,12.31,12.4,12.31,12.39,3143400
2025-10-20T15:00:00Z,12.39,12.44,12.37,12.44,2254300
2025-10-20T16:00:00Z,12.44,12.45,12.39,12.42,2924400
2025-10-20T17:00:00Z,12.42,12.44,12.38,12.4,1262900
2025-10-20T18:00:00Z,12.4,12.4,12.34,12.36,2247300
2025-10-20T19:00:00Z,12.36,12.37,12.29,12.3,1980400
2025-10-21T13:00:00Z,12.32,12.35,12.26,12.29,1590100
2025-10-21T14:00:00Z,12.3,12.34,12.24,12.25,1413000
2025-10-21T15:00:00Z,12.26,12.3,12.23,12.28,2813500
2025-10-21T16:00:00Z,12.28,12.3,12.23,12.25,3686400
2025-10-21T17:00:00Z,12.24,12.28,12.2,12.26,3464100
2025-10-21T18:00:00Z,12.26,12.26,12.18,12.2,3450100
2025-10-21T19:00:00Z,12.21,12.21,12.15,12.16,6760600
2025-10-22T13:00:00Z,12.25,12.27,12.08,12.17,3877800
2025-10-22T14:00:00Z,12.17,12.24,12.15,12.17,6541400
2025-10-22T15:00:00Z,12.16,12.2,12.15,12.16,3549800
2025-10-22T16:00:00Z,12.16,12.16,12.09,12.1,3265500
2025-10-22T17:00:00Z,12.1,12.12,12.09,12.11,1900300
2025-10-22T18:00:00Z,12.12,12.12,12.06,12.1,5097300
2025-10-22T19:00:00Z,12.11,12.12,12.09,12.11,3451200
2025-10-23T13:00:00Z,12.1,12.18,12.03,12.04,1630700
2025-10-23T14:00:00Z,12.03,12.11,12.03,12.11,2159400
2025-10-23T15:00:00Z,12.11,12.12,12.03,12.08,3757800
2025-10-23T16:00:00Z,12.08,12.12,12.07,12.12,2047600
2025-10-23T17:00:00Z,12.11,12.14,12.09,12.11,4078700
2025-10-23T18:00:00Z,12.11,12.17,12.1,12.14,5674800
2025-10-23T19:00:00Z,12.14,12.14,12.1,12.12,2915700
2025-10-24T13:00:00Z,12.18,12.26,12.14,12.21,1570400
2025-10-24T14:00:00Z,12.2,12.22,12.17,12.17,2427800
2025-10-24T15:00:00Z,12.17,12.19,12.15,12.17,1007100
2025-10-24T16:00:00Z,12.17,12.17,12.11,12.13,1801800
2025-10-24T17:00:00Z,12.12,12.14,12.1,12.13,2021900
2025-10-24T18:00:00Z,12.13,12.13,12.07,12.08,4024800
2025-10-24T19:00:00Z,12.08,12.1,12.05,12.08,6398600
2025-10-27T13:00:00Z,12.22,12.39,12.17,12.21,9062100
2025-10-27T14:00:00Z,12.21,12.23,12.16,12.21,5309100
2025-10-27T15:00:00Z,12.22,12.22,12.15,12.17,4995200
2025-10-27T16:00:00Z,12.18,12.19,12.14,12.17,3710800
2025-10-27T17:00:00Z,12.15,12.17,12.14,12.17,3002200
2025-10-27T18:00:00Z,12.15,12.17,12.12,12.14,3565000
2025-10-27T19:00:00Z,12.15,12.15,12.1,12.13,8076600
2025-10-28T13:00:00Z,12.13,12.15,12.03,12.03,2064500
2025-10-28T14:00:00Z,12.03,12.1,12.03,12.08,2460900
2025-10-28T15:00:00Z,12.07,12.08,12,12.01,4875200
2025-10-28T16:00:00Z,12.02,12.09,12,12.08,4161000
2025-10-28T17:00:00Z,12.07,12.08,12.03,12.03,1535400
2025-10-28T18:00:00Z,12.03,12.05,12.02,12.02,5575500
2025-10-28T19:00:00Z,12.03,12.08,12.02,12.04,5926500
2025-10-29T13:00:00Z,12.06,12.11,11.98,12,4899600
2025-10-29T14:00:00Z,12,12.13,11.99,12.12,7239200
2025-10-29T15:00:00Z,12.12,12.14,12.04,12.04,5307100
2025-10-29T16:00:00Z,12.05,12.08,12.01,12.08,5076600
2025-10-29T17:00:00Z,12.07,12.1,12.06,12.09,2894200
2025-10-29T18:00:00Z,12.09,12.09,12,12.03,3634700
2025-10-29T19:00:00Z,12.03,12.05,11.99,11.99,7564300
2025-10-30T13:00:00Z,12.5,12.66,12.35,12.57,28018600
2025-10-30T14:00:00Z,12.58,12.65,12.36,12.46,13201400
2025-10-30T15:00:00Z,12.46,12.56,12.45,12.52,7540400
2025-10-30T16:00:00Z,12.52,12.52,12.36,12.41,8128300
2025-10-30T17:00:00Z,12.42,12.47,12.36,12.37,9542700
2025-10-30T18:00:00Z,12.37,12.5,12.35,12.46,8403600
2025-10-30T19:00:00Z,12.46,12.66,12.44,12.63,12698800
2025-10-31T13:00:00Z,12.51,12.82,12.51,12.8,3793200
2025-10-31T14:00:00Z,12.8,12.92,12.78,12.79,7177000
2025-10-31T15:00:00Z,12.8,12.8,12.68,12.74,1814000
2025-10-31T16:00:00Z,12.74,12.76,12.71,12.71,1876800
2025-10-31T17:00:00Z,12.72,12.84,12.66,12.83,3396300
2025-10-31T18:00:00Z,12.83,12.84,12.75,12.78,4414800
2025-10-31T19:00:00Z,12.78,12.8,12.72,12.75,3736000
2025-11-03T13:00:00Z,12.89,12.9,12.73,12.89,4387200
2025-11-03T14:00:00Z,12.89,12.93,12.76,12.83,6087300
2025-11-03T15:00:00Z,12.83,12.93,12.81,12.93,2993000
2025-11-03T16:00:00Z,12.93,12.94,12.89,12.92,2199900
2025-11-03T17:00:00Z,12.92,12.92,12.88,12.89,2866500
2025-11-03T18:00:00Z,12.89,12.89,12.87,12.89,2221300
2025-11-03T19:00:00Z,12.88,12.9,12.87,12.89,2907400
2025-11-03T20:00:00Z,12.89,12.92,12.86,12.91,3172300
2025-11-04T13:00:00Z,12.89,12.96,12.83,12.96,1808000
2025-11-04T14:00:00Z,12.96,13.08,12.94,13.07,4996100
2025-11-04T15:00:00Z,13.08,13.08,13,13.02,1942200
2025-11-04T16:00:00Z,13.02,13.11,13.01,13.06,2036700
2025-11-04T17:00:00Z,13.07,13.1,13.06,13.09,1482000
2025-11-04T18:00:00Z,13.09,13.14,13.06,13.12,2877800
2025-11-04T19:00:00Z,13.12,13.14,13.07,13.1,3184600
2025-11-04T20:00:00Z,13.1,13.16,13.08,13.1,4657000
2025-11-05T13:00:00Z,13.15,13.23,13.11,13.22,1918900
2025-11-05T14:00:00Z,13.22,13.27,13.16,13.25,3132200
2025-11-05T15:00:00Z,13.24,13.29,13.21,13.21,2727100
2025-11-05T16:00:00Z,13.21,13.23,13.18,13.19,2216900
2025-11-05T17:00:00Z,13.19,13.24,13.18,13.22,2774700
2025-11-05T18:00:00Z,13.22,13.24,13.17,13.17,1422900
2025-11-05T19:00:00Z,13.18,13.23,13.17,13.22,2251400
2025-11-05T20:00:00Z,13.21,13.25,13.2,13.22,2879900
2025-11-06T13:00:00Z,13.24,13.24,13.16,13.22,1060200
2025-11-06T14:00:00Z,13.22,13.23,13.15,13.16,1923100
2025-11-06T15:00:00Z,13.16,13.19,13.12,13.14,2820400
2025-11-06T16:00:00Z,13.14,13.18,13.12,13.17,1675200
2025-11-06T17:00:00Z,13.17,13.18,13.14,13.16,1050000
2025-11-06T18:00:00Z,13.17,13.17,13.12,13.17,1799500
2025-11-06T19:00:00Z,13.17,13.17,13.14,13.15,886500
2025-11-06T20:00:00Z,13.15,13.16,13.12,13.13,1680300
2025-11-07T13:00:00Z,13.08,13.21,13.05,13.2,1599200
2025-11-07T14:00:00Z,13.2,13.29,13.16,13.26,4600900
2025-11-07T15:00:00Z,13.26,13.26,13.13,13.13,3839600
2025-11-07T16:00:00Z,13.13,13.16,13.1,13.12,3216100
2025-11-07T17:00:00Z,13.12,13.13,13.09,13.12,2331100
2025-11-07T18:00:00Z,13.12,13.19,13.11,13.15,3547600
2025-11-07T19:00:00Z,13.16,13.16,13.12,13.13,4949800
2025-11-07T20:00:00Z,13.14,13.16,13.11,13.16,3509500
2025-11-10T13:00:00Z,13.25,13.26,13.19,13.2,1088200
2025-11-10T14:00:00Z,13.19,13.24,13.09,13.18,12309100
2025-11-10T15:00:00Z,13.19,13.21,13.16,13.18,1082000
2025-11-10T16:00:00Z,13.18,13.2,13.17,13.18,748900
2025-11-10T17:00:00Z,13.19,13.21,13.17,13.18,1093100
2025-11-10T18:00:00Z,13.18,13.19,13.13,13.14,1253500
2025-11-10T19:00:00Z,13.14,13.16,13.13,13.14,1364800
2025-11-10T20:00:00Z,13.15,13.15,13.11,13.15,2863200
2025-11-11T13:00:00Z,13.29,13.48,13.24,13.48,2411200
2025-11-11T14:00:00Z,13.48,13.56,13.43,13.53,6691200
2025-11-11T15:00:00Z,13.54,13.54,13.44,13.46,2154600
2025-11-11T16:00:00Z,13.46,13.51,13.44,13.46,5592200
2025-11-11T17:00:00Z,13.46,13.48,13.44,13.47,1372200
2025-11-11T18:00:00Z,13.48,13.51,13.47,13.5,2567700
2025-11-11T19:00:00Z,13.49,13.58,13.49,13.57,3046500
2025-11-11T20:00:00Z,13.57,13.65,13.56,13.64,6292300
2025-11-12T13:00:00Z,13.59,13.65,13.58,13.59,2220900
2025-11-12T14:00:00Z,13.59,13.64,13.56,13.62,3429200
2025-11-12T15:00:00Z,13.62,13.66,13.6,13.63,1857100
2025-11-12T16:00:00Z,13.64,13.65,13.59,13.59,2540000
2025-11-12T17:00:00Z,13.6,13.6,13.55,13.57,2665700
2025-11-12T18:00:00Z,13.58,13.65,13.57,13.64,2919700
2025-11-12T19:00:00Z,13.65,13.65,13.59,13.61,9081500
2025-11-12T20:00:00Z,13.62,13.63,13.59,13.6,5232400
2025-11-13T13:00:00Z,13.64,13.69,13.51,13.52,1015800
2025-11-13T14:00:00Z,13.52,13.72,13.51,13.72,1784000
2025-11-13T15:00:00Z,13.72,13.75,13.68,13.7,1092500
2025-11-13T16:00:00Z,13.7,13.73,13.66,13.68,2084000
2025-11-13T17:00:00Z,13.68,13.71,13.65,13.66,2242300
2025-11-13T18:00:00Z,13.67,13.7,13.63,13.67,6810100
2025-11-13T19:00:00Z,13.67,13.7,13.65,13.66,3717900
2025-11-13T20:00:00Z,13.67,13.7,13.63,13.66,2964500
2025-11-14T13:00:00Z,13.68,13.74,13.65,13.72,1406100
2025-11-14T14:00:00Z,13.72,13.83,13.69,13.82,2471700
2025-11-14T15:00:00Z,13.82,13.84,13.74,13.74,1197400
2025-11-14T16:00:00Z,13.75,13.76,13.71,13.73,1048900
2025-11-14T17:00:00Z,13.73,13.8,13.72,13.79,1979800
2025-11-14T18:00:00Z,13.79,13.8,13.75,13.76,1384700
2025-11-14T19:00:00Z,13.77,13.77,13.73,13.73,1656100
2025-11-14T20:00:00Z,13.74,13.77,13.71,13.73,1608100
2025-11-17T13:00:00Z,13.64,13.73,13.63,13.72,1743500
2025-11-17T14:00:00Z,13.72,13.78,13.65,13.78,4854700
2025-11-17T15:00:00Z,13.77,13.82,13.77,13.8,1344500
2025-11-17T16:00:00Z,13.79,13.82,13.78,13.82,619300
2025-11-17T17:00:00Z,13.81,13.82,13.74,13.77,2711400
2025-11-17T18:00:00Z,13.77,13.8,13.75,13.79,4611900
2025-11-17T19:00:00Z,13.77,13.79,13.72,13.76,7631700
2025-11-17T20:00:00Z,13.76,13.83,13.75,13.79,6646200
2025-11-18T13:00:00Z,13.69,13.9,13.67,13.83,4260300
2025-11-18T14:00:00Z,13.83,13.83,13.77,13.8,4785000
2025-11-18T15:00:00Z,13.79,13.81,13.76,13.76,11235800
2025-11-18T16:00:00Z,13.77,13.82,13.76,13.76,2272300
2025-11-18T17:00:00Z,13.77,13.79,13.74,13.76,3772500
2025-11-18T18:00:00Z,13.75,13.78,13.74,13.77,2673100
2025-11-18T19:00:00Z,13.76,13.79,13.76,13.79,1932700
2025-11-18T20:00:00Z,13.79,13.82,13.76,13.81,10707500
2025-11-19T13:00:00Z,13.74,13.83,13.68,13.78,1395000
2025-11-19T14:00:00Z,13.77,13.86,13.72,13.75,2806200
2025-11-19T15:00:00Z,13.74,13.75,13.65,13.71,17949900
2025-11-19T16:00:00Z,13.7,13.75,13.66,13.72,19130000
2025-11-19T17:00:00Z,13.71,13.72,13.62,13.68,20290700
2025-11-19T18:00:00Z,13.67,13.68,13.64,13.66,12807100
2025-11-19T19:00:00Z,13.65,13.67,13.55,13.56,10404100
2025-11-19T20:00:00Z,13.55,13.57,13.41,13.41,12682800
2025-11-21T13:00:00Z,13.54,13.58,13.42,13.49,4432600
2025-11-21T14:00:00Z,13.49,13.52,13.36,13.48,2809500
2025-11-21T15:00:00Z,13.49,13.58,13.48,13.55,4084900
2025-11-21T16:00:00Z,13.55,13.64,13.51,13.63,4065100
2025-11-21T17:00:00Z,13.62,13.67,13.57,13.63,5307200
2025-11-21T18:00:00Z,13.63,13.71,13.62,13.63,4117800
2025-11-21T19:00:00Z,13.64,13.66,13.62,13.64,2759100
2025-11-21T20:00:00Z,13.64,13.66,13.62,13.62,3498700
2025-11-24T13:00:00Z,13.58,13.79,13.56,13.7,1638300
2025-11-24T14:00:00Z,13.7,13.87,13.69,13.77,3611400
2025-11-24T15:00:00Z,13.77,13.81,13.71,13.75,2493700
2025-11-24T16:00:00Z,13.75,13.76,13.68,13.7,2875200
2025-11-24T17:00:00Z,13.7,13.74,13.68,13.73,2295400
2025-11-24T18:00:00Z,13.72,13.75,13.71,13.72,1489300
2025-11-24T19:00:00Z,13.72,13.8,13.72,13.76,6533500
2025-11-24T20:00:00Z,13.76,13.83,13.75,13.78,5161200
2025-11-25T13:00:00Z,13.8,13.92,13.78,13.81,1630800
2025-11-25T14:00:00Z,13.81,13.86,13.74,13.86,1976500
2025-11-25T15:00:00Z,13.85,13.87,13.74,13.76,1918000
2025-11-25T16:00:00Z,13.76,13.77,13.71,13.71,1317700
2025-11-25T17:00:00Z,13.71,13.73,13.68,13.7,1535400
2025-11-25T18:00:00Z,13.69,13.7,13.65,13.68,1072200
2025-11-25T19:00:00Z,13.68,13.68,13.63,13.64,2538800
2025-11-25T20:00:00Z,13.65,13.72,13.62,13.72,4644700
2025-11-26T13:00:00Z,13.8,13.81,13.67,13.68,1655900
2025-11-26T14:00:00Z,13.68,13.71,13.59,13.66,3358100
2025-11-26T15:00:00Z,13.65,13.66,13.59,13.63,3762800
2025-11-26T16:00:00Z,13.64,13.66,13.59,13.64,5639800
2025-11-26T17:00:00Z,13.65,13.68,13.64,13.67,3170500
2025-11-26T18:00:00Z,13.68,13.68,13.64,13.65,1751100
2025-11-26T19:00:00Z,13.66,13.68,13.63,13.64,3931500
2025-11-26T20:00:00Z,13.65,13.67,13.58,13.67,7072300
2025-11-27T13:00:00Z,13.7,13.74,13.65,13.71,831300
2025-11-27T14:00:00Z,13.73,13.75,13.71,13.73,858200
2025-11-27T15:00:00Z,13.73,13.74,13.7,13.71,714500
2025-11-27T16:00:00Z,13.71,13.77,13.71,13.74,1380000
2025-11-27T17:00:00Z,13.75,13.75,13.72,13.73,808800
2025-11-27T18:00:00Z,13.73,13.75,13.72,13.74,523000
2025-11-27T19:00:00Z,13.74,13.75,13.73,13.73,744500
2025-11-27T20:00:00Z,13.73,13.75,13.7,13.72,1391900
2025-11-28T13:00:00Z,13.7,13.77,13.66,13.74,851500
2025-11-28T14:00:00Z,13.74,13.78,13.72,13.78,2316200
2025-11-28T15:00:00Z,13.77,13.83,13.74,13.82,2272800
2025-11-28T16:00:00Z,13.81,13.84,13.77,13.84,2237600
2025-11-28T17:00:00Z,13.84,13.9,13.83,13.9,2485200
2025-11-28T18:00:00Z,13.88,13.96,13.88,13.96,2071600
2025-11-28T19:00:00Z,13.95,13.96,13.88,13.91,2319000
2025-11-28T20:00:00Z,13.9,13.92,13.89,13.9,2141200
2025-12-01T13:00:00Z,13.84,13.92,13.8,13.84,1277000
2025-12-01T14:00:00Z,13.85,13.97,13.81,13.95,2796300
2025-12-01T15:00:00Z,13.96,13.97,13.88,13.92,1622800
2025-12-01T16:00:00Z,13.93,13.96,13.91,13.95,1233600
2025-12-01T17:00:00Z,13.95,13.96,13.93,13.94,764900
2025-12-01T18:00:00Z,13.95,13.95,13.92,13.93,753500
2025-12-01T19:00:00Z,13.94,13.95,13.92,13.93,2368700
2025-12-01T20:00:00Z,13.94,14.02,13.93,14.01,3285700
2025-12-02T13:00:00Z,14.01,14.26,14.01,14.25,2341200
2025-12-02T14:00:00Z,14.25,14.35,14.04,14.1,6629400
2025-12-02T15:00:00Z,14.1,14.1,14.02,14.03,5508800
2025-12-02T16:00:00Z,14.03,14.05,13.96,13.98,3474100
2025-12-02T17:00:00Z,13.98,14,13.85,13.87,4086200
2025-12-02T18:00:00Z,13.87,13.96,13.87,13.94,4633200
2025-12-02T19:00:00Z,13.94,14,13.92,13.94,3174200
2025-12-02T20:00:00Z,13.94,14,13.93,13.95,3894600
2025-12-03T13:00:00Z,14.06,14.09,13.99,13.99,1211000
2025-12-03T14:00:00Z,14,14.04,13.97,14.02,2101900
2025-12-03T15:00:00Z,14.02,14.08,14.01,14.05,816700
2025-12-03T16:00:00Z,14.05,14.11,14.05,14.07,1270800
2025-12-03T17:00:00Z,14.07,14.09,14.05,14.09,1357000
2025-12-03T18:00:00Z,14.09,14.13,14.07,14.12,1772600
2025-12-03T19:00:00Z,14.13,14.13,14.1,14.12,1358100
2025-12-03T20:00:00Z,14.13,14.15,14.09,14.14,2004200
2025-12-04T13:00:00Z,14.18,14.21,13.94,14,5359500
2025-12-04T14:00:00Z,14.01,14.02,13.87,13.93,5213800
2025-12-04T15:00:00Z,13.93,14.01,13.93,13.97,2790200
2025-12-04T16:00:00Z,13.97,13.99,13.91,13.93,3088100
2025-12-04T17:00:00Z,13.93,13.96,13.92,13.95,1954600
2025-12-04T18:00:00Z,13.96,13.98,13.93,13.97,2672300
2025-12-04T19:00:00Z,13.97,13.97,13.85,13.91,9671500
2025-12-04T20:00:00Z,13.9,13.96,13.9,13.94,5127500
2025-12-05T13:00:00Z,13.97,13.98,13.87,13.96,1810200
2025-12-05T14:00:00Z,13.96,14.04,13.93,14.03,2180900
2025-12-05T15:00:00Z,14.03,14.11,13.96,13.97,6279200
2025-12-05T16:00:00Z,13.97,14.02,13.85,13.88,11858100
2025-12-05T17:00:00Z,13.87,13.95,13.78,13.8,6093100
2025-12-05T18:00:00Z,13.79,13.83,13.59,13.6,15873600
2025-12-05T19:00:00Z,13.6,13.74,13.6,13.71,5567100
2025-12-05T20:00:00Z,13.71,13.74,13.62,13.64,9450000
2025-12-08T13:00:00Z,13.69,13.76,13.59,13.66,2888400
2025-12-08T14:00:00Z,13.66,13.7,13.61,13.63,1780100
2025-12-08T15:00:00Z,13.61,13.69,13.61,13.66,1686100
2025-12-08T16:00:00Z,13.67,13.71,13.66,13.67,1352800
2025-12-08T17:00:00Z,13.66,13.71,13.64,13.68,1599800
2025-12-08T18:00:00Z,13.67,13.7,13.65,13.68,2294600
2025-12-08T19:00:00Z,13.68,13.69,13.62,13.69,2530600
2025-12-08T20:00:00Z,13.69,13.69,13.62,13.66,3455800
2025-12-09T13:00:00Z,13.51,13.59,13.46,13.51,6751800
2025-12-09T14:00:00Z,13.51,13.63,13.49,13.59,6322600
2025-12-09T15:00:00Z,13.6,13.71,13.58,13.6,3345600
2025-12-09T16:00:00Z,13.6,13.63,13.58,13.61,1411700
2025-12-09T17:00:00Z,13.61,13.65,13.6,13.64,2304900
2025-12-09T18:00:00Z,13.63,13.73,13.63,13.71,2669600
2025-12-09T19:00:00Z,13.7,13.73,13.66,13.72,2538300
2025-12-09T20:00:00Z,13.72,13.74,13.63,13.64,9595200
2025-12-10T13:00:00Z,13.26,13.38,13.14,13.32,36226200
2025-12-10T14:00:00Z,13.31,13.41,13.29,13.37,9769700
2025-12-10T15:00:00Z,13.37,13.51,13.37,13.49,5304100
2025-12-10T16:00:00Z,13.49,13.55,13.45,13.47,13294500
2025-12-10T17:00:00Z,13.47,13.51,13.46,13.49,12581400
2025-12-10T18:00:00Z,13.49,13.51,13.46,13.46,2134300
2025-12-10T19:00:00Z,13.46,13.56,13.45,13.52,4331200
2025-12-10T20:00:00Z,13.52,13.65,13.52,13.59,4752100
2025-12-11T13:00:00Z,13.53,13.61,13.42,13.44,2592900
2025-12-11T14:00:00Z,13.44,13.72,13.44,13.71,2692000
2025-12-11T15:00:00Z,13.7,13.8,13.67,13.74,3793000
2025-12-11T16:00:00Z,13.74,13.84,13.74,13.81,2078000
2025-12-11T17:00:00Z,13.82,13.83,13.77,13.78,2059300
2025-12-11T18:00:00Z,13.79,13.81,13.77,13.8,2134700
2025-12-11T19:00:00Z,13.8,13.84,13.77,13.8,2132400
2025-12-11T20:00:00Z,13.79,13.82,13.77,13.77,2945200
2025-12-12T13:00:00Z,13.84,13.88,13.8,13.87,527000
2025-12-12T14:00:00Z,13.87,13.98,13.86,13.95,3271700
2025-12-12T15:00:00Z,13.95,13.96,13.83,13.84,2306300
2025-12-12T16:00:00Z,13.85,13.92,13.82,13.91,2259600
2025-12-12T17:00:00Z,13.91,13.95,13.9,13.94,1229500
2025-12-12T18:00:00Z,13.94,14.04,13.92,14.02,6213500
2025-12-12T19:00:00Z,14.02,14.05,14,14.01,2362600
2025-12-12T20:00:00Z,14.01,14.05,14,14.04,7260800
2025-12-15T13:00:00Z,14.04,14.14,14.03,14.08,1302200
2025-12-15T14:00:00Z,14.07,14.18,14.06,14.17,4075100
2025-12-15T15:00:00Z,14.17,14.19,14.12,14.15,1590000
2025-12-15T16:00:00Z,14.16,14.26,14.15,14.25,2823300
2025-12-15T17:00:00Z,14.25,14.28,14.22,14.25,2137600
2025-12-15T18:00:00Z,14.25,14.27,14.21,14.26,1704100
2025-12-15T19:00:00Z,14.26,14.3,14.25,14.28,1538600
2025-12-15T20:00:00Z,14.27,14.35,14.25,14.3,4773300
2025-12-16T13:00:00Z,14.06,14.25,14.01,14.2,3713000
2025-12-16T14:00:00Z,14.21,14.26,14.19,14.25,1774800
2025-12-16T15:00:00Z,14.26,14.27,14.19,14.24,4812700
2025-12-16T16:00:00Z,14.24,14.25,14.2,14.22,1023000
2025-12-16T17:00:00Z,14.22,14.28,14.17,14.18,6303800
2025-12-16T18:00:00Z,14.19,14.19,14.14,14.18,2096600
2025-12-16T19:00:00Z,14.19,14.22,14.14,14.19,6758400
2025-12-16T20:00:00Z,14.19,14.24,14.15,14.2,11564100
2025-12-17T13:00:00Z,13.99,14.05,13.9,13.95,4566900
2025-12-17T14:00:00Z,13.95,14.13,13.95,14.11,2891900
2025-12-17T15:00:00Z,14.1,14.11,14.01,14.06,2027000
2025-12-17T16:00:00Z,14.05,14.07,13.99,14.05,2094300
2025-12-17T17:00:00Z,14.04,14.06,13.99,14,1995500
2025-12-17T18:00:00Z,14.01,14.01,13.97,13.97,2838900
2025-12-17T19:00:00Z,13.98,14.04,13.97,14.03,3750600
2025-12-17T20:00:00Z,14.03,14.11,14.02,14.09,4837100
2025-12-18T13:00:00Z,13.95,14.12,13.95,14.04,1808500
2025-12-18T14:00:00Z,14.04,14.14,14,14.1,5955400
2025-12-18T15:00:00Z,14.1,14.16,14.07,14.13,1603100
2025-12-18T16:00:00Z,14.12,14.13,14.08,14.1,1087900
2025-12-18T17:00:00Z,14.11,14.11,13.98,14.05,2770300
2025-12-18T18:00:00Z,14.03,14.05,14,14,1159100
2025-12-18T19:00:00Z,14,14.01,13.95,13.95,3812900
2025-12-18T20:00:00Z,13.95,14,13.95,13.96,3604200
2025-12-19T13:00:00Z,13.18,13.28,13.15,13.23,2714900
2025-12-19T14:00:00Z,13.22,13.25,13.14,13.25,3010900
2025-12-19T15:00:00Z,13.24,13.28,13.23,13.26,970900
2025-12-19T16:00:00Z,13.25,13.27,13.22,13.24,1269000
2025-12-19T17:00:00Z,13.24,13.24,13.18,13.23,3601000
2025-12-19T18:00:00Z,13.23,13.31,13.22,13.29,1753500
2025-12-19T19:00:00Z,13.28,13.32,13.26,13.31,1422000
2025-12-19T20:00:00Z,13.3,13.32,13.26,13.26,3786100
2025-12-22T13:00:00Z,13.28,13.3,13.05,13.08,4250400
2025-12-22T14:00:00Z,13.07,13.13,13.02,13.08,4380200
2025-12-22T15:00:00Z,13.08,13.13,13.07,13.11,3066900
2025-12-22T16:00:00Z,13.1,13.11,13.04,13.05,2010300
2025-12-22T17:00:00Z,13.04,13.08,13.03,13.03,2176700
2025-12-22T18:00:00Z,13.04,13.07,13,13.06,3061400
2025-12-22T19:00:00Z,13.06,13.07,13.03,13.07,2415100
2025-12-22T20:00:00Z,13.07,13.12,13.04,13.09,2830100
2025-12-23T13:00:00Z,13.17,13.47,13.14,13.4,5344000
2025-12-23T14:00:00Z,13.4,13.45,13.33,13.38,3914500
2025-12-23T15:00:00Z,13.37,13.43,13.35,13.41,3226800
2025-12-23T16:00:00Z,13.4,13.53,13.39,13.52,3771900
2025-12-23T17:00:00Z,13.51,13.57,13.5,13.56,3940700
2025-12-23T18:00:00Z,13.57,13.57,13.36,13.4,8183800
2025-12-23T19:00:00Z,13.4,13.45,13.38,13.45,7116100
2025-12-23T20:00:00Z,13.45,13.5,13.41,13.45,7371600
2025-12-26T13:00:00Z,13.4,13.61,13.4,13.61,1742200
2025-12-26T14:00:00Z,13.61,13.69,13.57,13.63,3001300
2025-12-26T15:00:00Z,13.63,13.71,13.6,13.66,2757900
2025-12-26T16:00:00Z,13.66,13.67,13.59,13.66,6053400
2025-12-26T17:00:00Z,13.66,13.68,13.62,13.66,3867900
2025-12-26T18:00:00Z,13.67,13.73,13.65,13.73,2928600
2025-12-26T19:00:00Z,13.72,13.76,13.69,13.74,2458500
2025-12-26T20:00:00Z,13.75,13.82,13.72,13.74,4648600
2025-12-29T13:00:00Z,13.68,13.77,13.61,13.62,1477500
2025-12-29T14:00:00Z,13.62,13.71,13.54,13.69,2206900
2025-12-29T15:00:00Z,13.68,13.78,13.66,13.77,4563100
2025-12-29T16:00:00Z,13.77,13.77,13.68,13.71,1745500
2025-12-29T17:00:00Z,13.7,13.72,13.67,13.71,663800
2025-12-29T18:00:00Z,13.7,13.8,13.69,13.79,1465600
2025-12-29T19:00:00Z,13.8,13.82,13.77,13.79,2243200
2025-12-29T20:00:00Z,13.79,13.81,13.74,13.81,1699900
2025-12-30T13:00:00Z,13.9,14.05,13.9,14.01,1682700
2025-12-30T14:00:00Z,14.01,14.09,13.93,13.93,2400900
2025-12-30T15:00:00Z,13.93,14.01,13.93,13.98,2293900
2025-12-30T16:00:00Z,13.99,14.01,13.94,13.94,2840300
2025-12-30T17:00:00Z,13.95,13.97,13.89,13.91,2677500
2025-12-30T18:00:00Z,13.91,13.98,13.91,13.94,4012900
2025-12-30T19:00:00Z,13.93,13.94,13.9,13.92,859000
2025-12-30T20:00:00Z,13.91,13.98,13.9,13.98,4476500
2026-01-02T13:00:00Z,13.88,14.02,13.77,13.8,1891200
2026-01-02T14:00:00Z,13.79,13.83,13.67,13.72,3361500
2026-01-02T15:00:00Z,13.73,13.73,13.57,13.62,4774400
2026-01-02T16:00:00Z,13.62,13.64,13.59,13.63,2388500
2026-01-02T17:00:00Z,13.64,13.64,13.57,13.59,2245500
2026-01-02T18:00:00Z,13.58,13.64,13.56,13.59,1787500
2026-01-02T19:00:00Z,13.59,13.65,13.58,13.64,2756800
2026-01-02T20:00:00Z,13.63,13.67,13.61,13.67,2448200
2026-01-05T13:00:00Z,13.63,13.74,13.62,13.72,585700
2026-01-05T14:00:00Z,13.72,13.74,13.58,13.6,2001900
2026-01-05T15:00:00Z,13.61,13.68,13.57,13.68,2802200
2026-01-05T16:00:00Z,13.67,13.72,13.66,13.68,857300
2026-01-05T17:00:00Z,13.69,13.73,13.66,13.72,1274000
2026-01-05T18:00:00Z,13.71,13.76,13.69,13.75,2558700
2026-01-05T19:00:00Z,13.76,13.76,13.72,13.75,2222400
2026-01-05T20:00:00Z,13.74,13.75,13.68,13.75,1656500
2026-01-06T13:00:00Z,13.8,13.85,13.63,13.65,4072800
2026-01-06T14:00:00Z,13.66,13.78,13.66,13.73,4910400
2026-01-06T15:00:00Z,13.73,13.77,13.7,13.72,2776700
2026-01-06T16:00:00Z,13.72,13.77,13.71,13.75,983800
2026-01-06T17:00:00Z,13.75,13.77,13.72,13.76,1870500
2026-01-06T18:00:00Z,13.75,13.77,13.73,13.75,1706800
2026-01-06T19:00:00Z,13.74,13.75,13.71,13.73,2182300
2026-01-06T20:00:00Z,13.74,13.74,13.67,13.67,6961000
2026-01-07T13:00:00Z,13.65,13.68,13.6,13.6,2790900
2026-01-07T14:00:00Z,13.6,13.67,13.6,13.66,3352200
2026-01-07T15:00:00Z,13.65,13.69,13.62,13.66,3253800
2026-01-07T16:00:00Z,13.68,13.69,13.65,13.69,2557000
2026-01-07T17:00:00Z,13.68,13.69,13.65,13.68,1592700
2026-01-07T18:00:00Z,13.68,13.72,13.67,13.7,2351900
2026-01-07T19:00:00Z,13.7,13.72,13.7,13.7,1271300
2026-01-07T20:00:00Z,13.7,13.72,13.67,13.68,5379600
2026-01-08T13:00:00Z,13.68,13.71,13.34,13.43,6400800
2026-01-08T14:00:00Z,13.42,13.58,13.36,13.56,6928000
2026-01-08T15:00:00Z,13.56,13.64,13.53,13.62,2744400
2026-01-08T16:00:00Z,13.62,13.66,13.6,13.65,1071100
2026-01-08T17:00:00Z,13.66,13.67,13.59,13.6,4807700
2026-01-08T18:00:00Z,13.6,13.65,13.6,13.62,2247900
2026-01-08T19:00:00Z,13.62,13.68,13.62,13.65,1374300
2026-01-08T20:00:00Z,13.65,13.8,13.61,13.65,4126200
2026-01-09T13:00:00Z,13.62,13.78,13.61,13.74,886500
2026-01-09T14:00:00Z,13.74,13.9,13.72,13.89,4193700
2026-01-09T15:00:00Z,13.89,13.91,13.78,13.81,1403000
2026-01-09T16:00:00Z,13.8,13.93,13.8,13.91,1886100
2026-01-09T17:00:00Z,13.91,13.96,13.91,13.93,1754900
2026-01-09T18:00:00Z,13.93,13.95,13.91,13.94,928700
2026-01-09T19:00:00Z,13.93,13.95,13.9,13.92,2264000
2026-01-09T20:00:00Z,13.92,13.95,13.9,13.94,1991600
2026-01-12T13:00:00Z,13.81,13.93,13.77,13.89,1281100
2026-01-12T14:00:00Z,13.89,14.01,13.85,13.95,2891100
2026-01-12T15:00:00Z,13.95,14.04,13.95,14.04,1267000
2026-01-12T16:00:00Z,14.03,14.04,13.92,13.93,1799700
2026-01-12T17:00:00Z,13.93,13.95,13.87,13.92,2611100
2026-01-12T18:00:00Z,13.92,13.94,13.91,13.92,833200
2026-01-12T19:00:00Z,13.92,13.93,13.9,13.91,1104800
2026-01-12T20:00:00Z,13.92,13.93,13.9,13.92,1784400
2026-01-13T13:00:00Z,13.86,13.86,13.77,13.84,5591900
2026-01-13T14:00:00Z,13.83,13.94,13.83,13.92,3306100
2026-01-13T15:00:00Z,13.9,13.92,13.84,13.89,3692100
2026-01-13T16:00:00Z,13.89,13.93,13.87,13.88,4051800
2026-01-13T17:00:00Z,13.88,13.92,13.86,13.92,1167900
2026-01-13T18:00:00Z,13.92,13.92,13.88,13.9,1982800
2026-01-13T19:00:00Z,13.89,13.97,13.87,13.96,6936900
2026-01-13T20:00:00Z,13.96,14.1,13.92,14.05,4591300
2026-01-14T13:00:00Z,13.93,14.18,13.93,14.1,2363200
2026-01-14T14:00:00Z,14.11,14.15,14.04,14.09,3885900
2026-01-14T15:00:00Z,14.09,14.17,14.07,14.08,2093500
2026-01-14T16:00:00Z,14.07,14.14,14.07,14.09,1998100
2026-01-14T17:00:00Z,14.1,14.15,14.09,14.15,1573900
2026-01-14T18:00:00Z,14.15,14.22,14.14,14.21,2581500
2026-01-14T19:00:00Z,14.21,14.22,14.18,14.22,2612100
2026-01-14T20:00:00Z,14.21,14.24,14.19,14.24,3325300
2026-01-15T13:00:00Z,14.28,14.28,14.14,14.19,1987500
2026-01-15T14:00:00Z,14.19,14.2,14.02,14.03,3373700
2026-01-15T15:00:00Z,14.04,14.08,14,14.01,2638300
2026-01-15T16:00:00Z,14.01,14.05,14,14,1551000
2026-01-15T17:00:00Z,14,14.08,14,14.07,2575700
2026-01-15T18:00:00Z,14.08,14.1,14.07,14.08,1340700
2026-01-15T19:00:00Z,14.08,14.14,14.05,14.12,2990500
2026-01-15T20:00:00Z,14.11,14.14,14.03,14.07,1989500
2026-01-16T13:00:00Z,14.1,14.1,14.02,14.03,649600
2026-01-16T14:00:00Z,14.03,14.09,14,14.09,5322300
2026-01-16T15:00:00Z,14.09,14.13,14.04,14.05,3264100
2026-01-16T16:00:00Z,14.05,14.1,14.02,14.06,3951600
2026-01-16T17:00:00Z,14.05,14.09,14.02,14.07,4310800
2026-01-16T18:00:00Z,14.06,14.08,14.04,14.06,1663700
2026-01-16T19:00:00Z,14.06,14.09,14.04,14.09,4759700
2026-01-16T20:00:00Z,14.09,14.14,14.06,14.11,3791200
2026-01-19T13:00:00Z,14.06,14.17,14,14.01,1045800
2026-01-19T14:00:00Z,14.01,14.07,13.98,14.05,1036500
2026-01-19T15:00:00Z,14.05,14.09,14.03,14.08,621500
2026-01-19T16:00:00Z,14.07,14.13,14.07,14.1,597500
2026-01-19T17:00:00Z,14.1,14.12,14.07,14.1,897300
2026-01-19T18:00:00Z,14.11,14.11,14.06,14.07,431500
2026-01-19T19:00:00Z,14.07,14.08,14.02,14.05,674800
2026-01-19T20:00:00Z,14.04,14.15,14.04,14.09,1982900
2026-01-20T13:00:00Z,14.08,14.13,14,14.08,1730600
2026-01-20T14:00:00Z,14.08,14.14,14.06,14.12,1785500
2026-01-20T15:00:00Z,14.13,14.13,14.01,14.07,2455700
2026-01-20T16:00:00Z,14.08,14.17,14.06,14.13,2375600
2026-01-20T17:00:00Z,14.13,14.21,14.13,14.19,1801100
2026-01-20T18:00:00Z,14.2,14.2,14.14,14.17,1623000
2026-01-20T19:00:00Z,14.16,14.17,14.13,14.15,2108100
2026-01-20T20:00:00Z,14.16,14.16,14.07,14.1,4643200
2026-01-21T13:00:00Z,14.25,14.27,14.15,14.19,896100
2026-01-21T14:00:00Z,14.19,14.25,14.1,14.15,3096000
2026-01-21T15:00:00Z,14.15,14.19,14.09,14.11,4272200
2026-01-21T16:00:00Z,14.11,14.17,14.09,14.15,2377000
2026-01-21T17:00:00Z,14.17,14.19,14.12,14.19,2857600
2026-01-21T18:00:00Z,14.18,14.2,14.1,14.13,5561600
2026-01-21T19:00:00Z,14.13,14.22,14.11,14.15,6594400
2026-01-21T20:00:00Z,14.16,14.34,14.13,14.34,6979900
2026-01-22T13:00:00Z,14.36,14.42,14.32,14.32,4269600
2026-01-22T14:00:00Z,14.33,14.5,14.33,14.44,10260200
2026-01-22T15:00:00Z,14.45,14.74,14.45,14.73,5988900
2026-01-22T16:00:00Z,14.73,14.79,14.69,14.79,4620300
2026-01-22T17:00:00Z,14.78,14.8,14.64,14.7,5014000
2026-01-22T18:00:00Z,14.7,14.74,14.64,14.66,2698500
2026-01-22T19:00:00Z,14.65,14.66,14.59,14.62,4234800
2026-01-22T20:00:00Z,14.62,14.64,14.59,14.61,5772600
2026-01-23T13:00:00Z,14.68,14.75,14.58,14.75,902000
2026-01-23T14:00:00Z,14.75,14.77,14.54,14.64,9048400
2026-01-23T15:00:00Z,14.65,14.71,14.62,14.69,7443300
2026-01-23T16:00:00Z,14.69,14.7,14.62,14.68,3666600
2026-01-23T17:00:00Z,14.67,14.69,14.62,14.65,5122700
2026-01-23T18:00:00Z,14.66,14.77,14.6,14.72,6721200
2026-01-23T19:00:00Z,14.72,14.82,14.7,14.8,4913200
2026-01-23T20:00:00Z,14.8,15.11,14.78,14.9,12081800
2026-01-26T13:00:00Z,14.97,14.97,14.83,14.87,838900
2026-01-26T14:00:00Z,14.89,14.94,14.73,14.81,2898400
2026-01-26T15:00:00Z,14.82,14.89,14.76,14.86,1661800
2026-01-26T16:00:00Z,14.86,14.94,14.83,14.93,1994800
2026-01-26T17:00:00Z,14.93,15.01,14.92,14.93,2498400
2026-01-26T18:00:00Z,14.94,14.98,14.9,14.95,1788300
2026-01-26T19:00:00Z,14.94,14.97,14.9,14.97,2691400
2026-01-26T20:00:00Z,14.97,15.14,14.96,15.08,4410000
2026-01-27T13:00:00Z,15.23,15.25,15.12,15.2,1293100
2026-01-27T14:00:00Z,15.2,15.22,15.07,15.07,3301900
2026-01-27T15:00:00Z,15.08,15.13,15.04,15.04,1624500
2026-01-27T16:00:00Z,15.04,15.08,15.01,15.03,1404300
2026-01-27T17:00:00Z,15.04,15.05,14.96,14.96,2223100
2026-01-27T18:00:00Z,14.96,14.99,14.88,14.89,2498700
2026-01-27T19:00:00Z,14.89,14.94,14.87,14.91,2847200
2026-01-27T20:00:00Z,14.91,14.98,14.9,14.96,5007800
2026-01-28T13:00:00Z,15,15.06,14.89,14.99,959800
2026-01-28T14:00:00Z,14.99,15.12,14.99,15.06,2002200
2026-01-28T15:00:00Z,15.06,15.08,14.94,14.99,1608800
2026-01-28T16:00:00Z,15,15.01,14.9,14.93,703500
2026-01-28T17:00:00Z,14.93,14.95,14.89,14.92,1281700
2026-01-28T18:00:00Z,14.92,14.93,14.84,14.87,1783400
2026-01-28T19:00:00Z,14.87,14.93,14.81,14.9,5500500
2026-01-28T20:00:00Z,14.9,15,14.9,14.99,7604100
2026-01-29T13:00:00Z,15.01,15.06,14.9,14.91,1213900
2026-01-29T14:00:00Z,14.92,14.93,14.75,14.78,3880500
2026-01-29T15:00:00Z,14.77,14.85,14.69,14.7,4008500
2026-01-29T16:00:00Z,14.69,14.76,14.6,14.65,5021000
2026-01-29T17:00:00Z,14.65,14.75,14.65,14.68,2363400
2026-01-29T18:00:00Z,14.69,14.73,14.67,14.72,1571400
2026-01-29T19:00:00Z,14.71,14.74,14.65,14.66,3766400
2026-01-29T20:00:00Z,14.66,14.82,14.65,14.76,9401100
2026-01-30T13:00:00Z,14.76,14.91,14.75,14.9,1738700
2026-01-30T14:00:00Z,14.9,14.93,14.82,14.87,3639200
2026-01-30T15:00:00Z,14.88,14.96,14.86,14.86,2814400
2026-01-30T16:00:00Z,14.86,14.95,14.85,14.93,4576800
2026-01-30T17:00:00Z,14.94,14.97,14.91,14.93,3211800
2026-01-30T18:00:00Z,14.93,14.93,14.85,14.91,3654400
2026-01-30T19:00:00Z,14.92,14.93,14.84,14.84,5297400
2026-01-30T20:00:00Z,14.85,14.87,14.8,14.84,4653200
2026-02-02T13:00:00Z,14.98,15.16,14.84,15.13,2166900
2026-02-02T14:00:00Z,15.13,15.18,15.02,15.03,3026900
2026-02-02T15:00:00Z,15.02,15.06,14.98,15.03,1310400
2026-02-02T16:00:00Z,15.03,15.04,14.98,15.02,2062000
2026-02-02T17:00:00Z,15.02,15.08,15,15.05,2844400
2026-02-02T18:00:00Z,15.06,15.06,15,15.02,1299900
2026-02-02T19:00:00Z,15.03,15.03,14.98,15.01,1057100
2026-02-02T20:00:00Z,15.01,15.15,14.99,15.1,3509700
2026-02-03T13:00:00Z,15.14,15.35,15.08,15.32,2787200
2026-02-03T14:00:00Z,15.34,15.39,15.25,15.36,4856700
2026-02-03T15:00:00Z,15.37,15.39,15.31,15.32,3394900
2026-02-03T16:00:00Z,15.33,15.37,15.28,15.36,2535500
2026-02-03T17:00:00Z,15.35,15.36,15.26,15.29,1576000
2026-02-03T18:00:00Z,15.3,15.3,15.21,15.23,2713500
2026-02-03T19:00:00Z,15.21,15.26,15.18,15.24,5408900
2026-02-03T20:00:00Z,15.24,15.38,15.22,15.36,3481000
2026-02-04T13:00:00Z,15.28,15.37,15.24,15.26,959900
2026-02-04T14:00:00Z,15.26,15.43,15.21,15.35,4827100
2026-02-04T15:00:00Z,15.35,15.42,15.3,15.32,2987500
2026-02-04T16:00:00Z,15.3,15.33,15.25,15.28,2109500
2026-02-04T17:00:00Z,15.28,15.31,15.25,15.28,3092000
2026-02-04T18:00:00Z,15.28,15.29,15.25,15.27,1596400
2026-02-04T19:00:00Z,15.26,15.33,15.26,15.29,3067700
2026-02-04T20:00:00Z,15.29,15.35,15.28,15.32,5534500
2026-02-05T13:00:00Z,15.4,15.4,15.18,15.21,2782400
2026-02-05T14:00:00Z,15.21,15.52,15.21,15.41,3373100
2026-02-05T15:00:00Z,15.41,15.49,15.39,15.48,2758600
2026-02-05T16:00:00Z,15.48,15.5,15.45,15.48,2422300
2026-02-05T17:00:00Z,15.48,15.51,15.43,15.5,2014900
2026-02-05T18:00:00Z,15.5,15.5,15.39,15.42,2323600
2026-02-05T19:00:00Z,15.43,15.5,15.39,15.45,3300200
2026-02-05T20:00:00Z,15.45,15.48,15.39,15.48,3542300
2026-02-06T13:00:00Z,15.52,15.52,15.42,15.51,1162500
2026-02-06T14:00:00Z,15.51,15.57,15.38,15.42,1966400
2026-02-06T15:00:00Z,15.41,15.42,15.34,15.39,2376700
2026-02-06T16:00:00Z,15.39,15.43,15.33,15.43,4717000
2026-02-06T17:00:00Z,15.43,15.45,15.37,15.39,2152500
2026-02-06T18:00:00Z,15.39,15.41,15.35,15.36,2777100
2026-02-06T19:00:00Z,15.36,15.42,15.35,15.38,2644000
2026-02-06T20:00:00Z,15.37,15.43,15.37,15.43,3998400
2026-02-09T13:00:00Z,15.46,15.5,15.33,15.38,814200
2026-02-09T14:00:00Z,15.38,15.39,15.15,15.32,3860500
2026-02-09T15:00:00Z,15.31,15.44,15.3,15.35,3299700
2026-02-09T16:00:00Z,15.35,15.4,15.32,15.36,3581700
2026-02-09T17:00:00Z,15.35,15.39,15.33,15.38,1499600
2026-02-09T18:00:00Z,15.38,15.41,15.35,15.39,1644100
2026-02-09T19:00:00Z,15.39,15.42,15.38,15.4,3014600
2026-02-09T20:00:00Z,15.4,15.44,15.38,15.43,3058300
2026-02-10T13:00:00Z,15.34,15.49,15.3,15.33,1378800
2026-02-10T14:00:00Z,15.34,15.56,15.33,15.54,1859700
2026-02-10T15:00:00Z,15.55,15.61,15.54,15.58,5581300
2026-02-10T16:00:00Z,15.56,15.69,15.55,15.68,1026600
2026-02-10T17:00:00Z,15.69,15.75,15.61,15.62,5258500
2026-02-10T18:00:00Z,15.61,15.63,15.59,15.6,1361600
2026-02-10T19:00:00Z,15.61,15.69,15.59,15.67,13050300
2026-02-10T20:00:00Z,15.67,15.79,15.63,15.68,3367300
2026-02-11T13:00:00Z,15.77,15.82,15.63,15.7,1692000
2026-02-11T14:00:00Z,15.7,15.87,15.69,15.81,4814000
2026-02-11T15:00:00Z,15.82,15.84,15.71,15.81,2794300
2026-02-11T16:00:00Z,15.81,15.95,15.77,15.88,6194000
2026-02-11T17:00:00Z,15.87,15.89,15.84,15.85,2115200
2026-02-11T18:00:00Z,15.86,15.86,15.76,15.78,1477600
2026-02-11T19:00:00Z,15.77,15.85,15.76,15.81,3057400
2026-02-11T20:00:00Z,15.82,15.86,15.79,15.85,2437000
2026-02-12T13:00:00Z,15.91,16.61,15.9,16.11,9485900
2026-02-12T14:00:00Z,16.09,16.63,16.03,16.33,8244300
2026-02-12T15:00:00Z,16.33,16.77,16.33,16.7,8239800
2026-02-12T16:00:00Z,16.71,16.71,16.5,16.54,4367100
2026-02-12T17:00:00Z,16.54,16.68,16.52,16.54,3178700
2026-02-12T18:00:00Z,16.53,16.57,16.4,16.53,6022400
2026-02-12T19:00:00Z,16.52,16.63,16.5,16.58,8104300
2026-02-12T20:00:00Z,16.58,16.73,16.58,16.66,4301200
2026-02-13T13:00:00Z,16.12,16.34,16.12,16.23,3032400
2026-02-13T14:00:00Z,16.23,16.41,16.1,16.13,5607700
2026-02-13T15:00:00Z,16.13,16.32,16.11,16.22,2483300
2026-02-13T16:00:00Z,16.21,16.28,16.17,16.26,1478500
2026-02-13T17:00:00Z,16.25,16.37,16.24,16.34,1089600
2026-02-13T18:00:00Z,16.35,16.38,16.29,16.3,2612900
2026-02-13T19:00:00Z,16.31,16.32,16.26,16.28,1781400
2026-02-13T20:00:00Z,16.28,16.38,16.25,16.34,2841200
2026-02-18T16:00:00Z,16.31,16.49,16.26,16.27,8093200
2026-02-18T17:00:00Z,16.26,16.28,16.15,16.2,3751400
2026-02-18T18:00:00Z,16.21,16.22,16.11,16.13,4493100
2026-02-18T19:00:00Z,16.14,16.15,16.05,16.07,4766300
2026-02-18T20:00:00Z,16.08,16.12,16.01,16.05,5661400
2026-02-19T13:00:00Z,16.19,16.22,16.05,16.08,1695000
2026-02-19T14:00:00Z,16.08,16.21,16.07,16.19,2474100
2026-02-19T15:00:00Z,16.18,16.28,16.16,16.2,3212100
2026-02-19T16:00:00Z,16.2,16.23,16.11,16.13,1837300
2026-02-19T17:00:00Z,16.14,16.15,16.05,16.11,2648800
2026-02-19T18:00:00Z,16.11,16.19,16.09,16.12,2695600
2026-02-19T19:00:00Z,16.13,16.16,16.11,16.12,2977700
2026-02-19T20:00:00Z,16.12,16.15,16.09,16.1,2412400
2026-02-20T13:00:00Z,16.06,16.1,15.77,15.82,4195300
2026-02-20T14:00:00Z,15.82,15.93,15.78,15.82,2869600
2026-02-20T15:00:00Z,15.83,15.92,15.82,15.87,2470600
2026-02-20T16:00:00Z,15.86,15.87,15.78,15.85,4126700
2026-02-20T17:00:00Z,15.84,15.86,15.71,15.81,4693500
2026-02-20T18:00:00Z,15.81,15.95,15.81,15.87,3631100
2026-02-20T19:00:00Z,15.87,15.97,15.87,15.96,3469500
2026-02-20T20:00:00Z,15.96,16.05,15.95,16,4338000
2026-02-23T13:00:00Z,15.93,15.99,15.82,15.91,4609600
2026-02-23T14:00:00Z,15.91,16.14,15.89,16.12,2229900
2026-02-23T15:00:00Z,16.12,16.16,16.07,16.09,1604500
2026-02-23T16:00:00Z,16.08,16.13,16.05,16.08,1324000
2026-02-23T17:00:00Z,16.08,16.19,16.06,16.18,2378700
2026-02-23T18:00:00Z,16.18,16.25,16.16,16.16,2952000
2026-02-23T19:00:00Z,16.17,16.24,16.16,16.23,5182900
2026-02-23T20:00:00Z,16.23,16.33,16.18,16.29,5581600
2026-02-24T13:00:00Z,16.23,16.36,16.23,16.32,2417800
2026-02-24T14:00:00Z,16.32,16.44,16.3,16.42,3688600
2026-02-24T15:00:00Z,16.42,16.54,16.41,16.5,3801100
2026-02-24T16:00:00Z,16.5,16.57,16.49,16.53,2493700
2026-02-24T17:00:00Z,16.53,16.57,16.49,16.52,3250500
2026-02-24T18:00:00Z,16.52,16.54,16.47,16.49,2679600
2026-02-24T19:00:00Z,16.5,16.57,16.46,16.56,3547100
2026-02-24T20:00:00Z,16.57,16.58,16.51,16.58,4888900
2026-02-25T13:00:00Z,16.61,16.64,16.4,16.45,2757600
2026-02-25T14:00:00Z,16.45,16.46,16.31,16.34,7534600
2026-02-25T15:00:00Z,16.33,16.4,16.31,16.36,3025200
2026-02-25T16:00:00Z,16.37,16.44,16.35,16.35,2027600
2026-02-25T17:00:00Z,16.35,16.45,16.35,16.45,2625900
2026-02-25T18:00:00Z,16.44,16.45,16.34,16.35,1875800
2026-02-25T19:00:00Z,16.35,16.35,16.26,16.33,3031500
2026-02-25T20:00:00Z,16.34,16.41,16.31,16.4,4477800
2026-02-26T13:00:00Z,16.42,16.59,16.42,16.57,3062300
2026-02-26T14:00:00Z,16.58,16.6,16.42,16.45,1371900
2026-02-26T15:00:00Z,16.45,16.46,16.36,16.4,1279500
2026-02-26T16:00:00Z,16.4,16.47,16.39,16.45,958400
2026-02-26T17:00:00Z,16.45,16.46,16.37,16.39,1291900
2026-02-26T18:00:00Z,16.38,16.43,16.38,16.41,1567000
2026-02-26T19:00:00Z,16.42,16.44,16.38,16.39,1381400
2026-02-26T20:00:00Z,16.39,16.45,16.37,16.45,4273000
2026-02-27T13:00:00Z,16.32,16.41,16.25,16.33,721600
2026-02-27T14:00:00Z,16.33,16.43,16.29,16.4,1761300
2026-02-27T15:00:00Z,16.4,16.49,16.39,16.46,2019600
2026-02-27T16:00:00Z,16.47,16.52,16.39,16.39,2758600
2026-02-27T17:00:00Z,16.4,16.41,16.27,16.31,2822900
2026-02-27T18:00:00Z,16.3,16.38,16.3,16.32,3210800
2026-02-27T19:00:00Z,16.32,16.33,16.27,16.29,2873700
2026-02-27T20:00:00Z,16.3,16.33,16.25,16.27,4062800