time,open,high,low,close,Volume
2020-09-23T16:00:00Z,46.05,46.78,46.03,46.78,555600
2020-09-23T17:00:00Z,46.77,47.05,46.61,46.9,445200
2020-09-23T18:00:00Z,46.89,46.92,46.53,46.66,572900
2020-09-23T19:00:00Z,46.68,47.38,46.53,46.82,731900
2020-09-24T13:00:00Z,46.53,46.86,45.38,45.98,861600
2020-09-24T14:00:00Z,46.01,46.78,45.96,46.42,553300
2020-09-24T15:00:00Z,46.43,46.65,46.22,46.62,372200
2020-09-24T16:00:00Z,46.63,46.84,46.45,46.72,302400
2020-09-24T17:00:00Z,46.7,47.07,46.61,46.85,407000
2020-09-24T18:00:00Z,46.83,46.89,45.83,45.91,754600
2020-09-24T19:00:00Z,45.93,46.16,45.8,45.98,546800
2020-09-25T13:00:00Z,46.91,47.11,46.08,46.8,1527100
2020-09-25T14:00:00Z,46.79,46.82,46.21,46.35,570200
2020-09-25T15:00:00Z,46.36,46.67,46.22,46.62,319200
2020-09-25T16:00:00Z,46.64,47.96,46.63,47.86,880300
2020-09-25T17:00:00Z,47.88,48.24,47.6,47.9,931000
2020-09-25T18:00:00Z,47.9,48.07,47.3,47.98,646200
2020-09-25T19:00:00Z,47.99,48.19,47.85,48.18,941800
2020-09-28T13:00:00Z,48.08,49.23,47.9,48.12,1095500
2020-09-28T14:00:00Z,48.11,48.59,47.55,47.67,805800
2020-09-28T15:00:00Z,47.67,48.03,47.44,47.54,780300
2020-09-28T16:00:00Z,47.54,47.67,46.85,47.18,1064300
2020-09-28T17:00:00Z,47.19,47.4,46.33,47.28,1356900
2020-09-28T18:00:00Z,47.28,48.04,47.22,47.45,1341800
2020-09-28T19:00:00Z,47.41,47.66,47.32,47.63,1190100
2020-09-29T13:00:00Z,47.1,48.92,47.02,48.55,1525600
2020-09-29T14:00:00Z,48.54,48.89,48.26,48.67,1076500
2020-09-29T15:00:00Z,48.64,48.72,47.74,47.77,834700
2020-09-29T16:00:00Z,47.77,47.99,47.29,47.9,810300
2020-09-29T17:00:00Z,47.9,47.9,47.06,47.26,766300
2020-09-29T18:00:00Z,47.26,47.45,47.06,47.23,654300
2020-09-29T19:00:00Z,47.23,47.4,47.1,47.11,621000
2020-09-30T13:00:00Z,47.03,47.7,46.73,47.3,578300
2020-09-30T14:00:00Z,47.34,47.43,46.46,46.46,576000
2020-09-30T15:00:00Z,46.47,46.77,45.64,45.77,960400
2020-09-30T16:00:00Z,45.77,45.99,45.51,45.64,1636300
2020-09-30T17:00:00Z,45.66,45.88,45.53,45.62,466300
2020-09-30T18:00:00Z,45.63,46.25,45.62,46.19,1127600
2020-09-30T19:00:00Z,46.18,46.22,45.37,45.37,1141500
2020-10-01T13:00:00Z,45.6,45.9,45.07,45.33,956000
2020-10-01T14:00:00Z,45.3,46.38,45.18,46.14,1679800
2020-10-01T15:00:00Z,46.15,46.35,46.01,46.29,647500
2020-10-01T16:00:00Z,46.3,46.61,46.19,46.24,682200
2020-10-01T17:00:00Z,46.25,46.35,46.02,46.04,941600
2020-10-01T18:00:00Z,46.05,46.88,45.88,46.79,1143200
2020-10-01T19:00:00Z,46.78,47,46.22,46.45,1500600
2020-10-02T13:00:00Z,46.79,47.45,46.11,46.64,6156100
2020-10-02T14:00:00Z,46.62,47.2,46.35,47.13,1968900
2020-10-02T15:00:00Z,47.13,48,47.04,47.27,1853700
2020-10-02T16:00:00Z,47.28,47.47,46.95,47.19,1089200
2020-10-02T17:00:00Z,47.19,47.26,46.6,46.93,1178900
2020-10-02T18:00:00Z,46.93,47.06,46.33,46.51,1154800
2020-10-02T19:00:00Z,46.53,46.6,46.23,46.39,2285800
2020-10-05T13:00:00Z,46.05,46.94,46.04,46.85,2756900
2020-10-05T14:00:00Z,46.86,47.48,46.8,46.94,1978200
2020-10-05T15:00:00Z,46.92,47.9,46.92,47.64,1569100
2020-10-05T16:00:00Z,47.64,47.79,47.13,47.15,1019400
2020-10-05T17:00:00Z,47.14,47.35,46.9,46.92,884600
2020-10-05T18:00:00Z,46.93,47.44,46.88,47.43,1259400
2020-10-05T19:00:00Z,47.43,47.65,47.34,47.5,1346000
2020-10-06T13:00:00Z,47.68,49.26,47.46,47.74,2510000
2020-10-06T14:00:00Z,47.77,48.32,47.63,48.01,1497700
2020-10-06T15:00:00Z,48,48.1,47.31,47.53,1140400
2020-10-06T16:00:00Z,47.51,47.83,47.22,47.42,859800
2020-10-06T17:00:00Z,47.43,47.97,47.24,47.84,1470000
2020-10-06T18:00:00Z,47.84,48.39,47.5,47.73,2364300
2020-10-06T19:00:00Z,47.73,47.94,47.28,47.78,1514600
2020-10-07T13:00:00Z,48.14,48.84,48.08,48.16,2200600
2020-10-07T14:00:00Z,48.18,48.51,47.74,48.45,1496400
2020-10-07T15:00:00Z,48.46,48.93,48.22,48.79,1279400
2020-10-07T16:00:00Z,48.8,49.43,48.01,48.06,1705200
2020-10-07T17:00:00Z,48.06,48.36,47.6,47.76,1656600
2020-10-07T18:00:00Z,47.75,48.22,47.66,48,1452300
2020-10-07T19:00:00Z,48,48.34,47.85,48.3,2043800
2020-10-08T13:00:00Z,48.25,48.64,47.94,48.14,991300
2020-10-08T14:00:00Z,48.12,48.77,47.61,48.46,1155600
2020-10-08T15:00:00Z,48.46,49.11,48.38,49.09,849400
2020-10-08T16:00:00Z,49.09,49.25,48.48,48.63,627100
2020-10-08T17:00:00Z,48.64,49.34,48.49,49.33,938900
2020-10-08T18:00:00Z,49.33,49.59,48.87,48.94,1208900
2020-10-08T19:00:00Z,48.93,49.47,48.76,49.17,1087700
2020-10-09T13:00:00Z,49.39,49.39,48.58,48.93,828600
2020-10-09T14:00:00Z,48.93,49.44,48.64,49.35,907900
2020-10-09T15:00:00Z,49.35,49.5,48.52,49,1715000
2020-10-09T16:00:00Z,49,49.06,48.7,48.74,734100
2020-10-09T17:00:00Z,48.73,48.77,48.3,48.55,791300
2020-10-09T18:00:00Z,48.56,48.61,48.35,48.53,590400
2020-10-09T19:00:00Z,48.53,48.86,48.5,48.69,790000
2020-10-13T13:00:00Z,49.37,49.5,48.45,48.6,833800
2020-10-13T14:00:00Z,48.6,48.84,47.95,48.67,1102300
2020-10-13T15:00:00Z,48.67,48.9,48.23,48.3,579000
2020-10-13T16:00:00Z,48.29,48.64,48.19,48.53,349800
2020-10-13T17:00:00Z,48.55,49.1,48.55,48.82,568600
2020-10-13T18:00:00Z,48.81,48.95,48.5,48.88,283200
2020-10-13T19:00:00Z,48.87,49.05,48.69,48.95,398300
2020-10-14T13:00:00Z,48.95,49.49,48.73,48.79,965900
2020-10-14T14:00:00Z,48.8,48.94,48.18,48.26,1048100
2020-10-14T15:00:00Z,48.27,48.54,47.96,48.03,1210600
2020-10-14T16:00:00Z,48.02,48.82,48.02,48.82,874700
2020-10-14T17:00:00Z,48.79,48.83,48.33,48.36,748700
2020-10-14T18:00:00Z,48.35,48.35,48,48.16,1247800
2020-10-14T19:00:00Z,48.16,48.26,48.04,48.15,909200
2020-10-15T13:00:00Z,48.05,48.33,47.47,47.74,893600
2020-10-15T14:00:00Z,47.74,47.77,47.15,47.56,975400
2020-10-15T15:00:00Z,47.55,48.42,47.42,48.4,789400
2020-10-15T16:00:00Z,48.39,48.39,47.88,48,471000
2020-10-15T17:00:00Z,48.02,48.35,47.94,48.31,491600
2020-10-15T18:00:00Z,48.31,48.49,48.12,48.49,718800
2020-10-15T19:00:00Z,48.49,48.54,48.11,48.16,853900
2020-10-16T13:00:00Z,49,51,48.8,50.76,3729600
2020-10-16T14:00:00Z,50.78,51.59,50.46,50.58,2915500
2020-10-16T15:00:00Z,50.59,50.64,50.02,50.34,1221900
2020-10-16T16:00:00Z,50.33,50.39,50,50.13,655100
2020-10-16T17:00:00Z,50.13,50.55,49.88,50,1292100
2020-10-16T18:00:00Z,50,50.57,49.95,50.39,1233100
2020-10-16T19:00:00Z,50.39,50.8,50.27,50.6,1198800
2020-10-19T13:00:00Z,51.69,52.22,51.42,52.02,1425700
2020-10-19T14:00:00Z,52.03,52.06,51.3,51.31,1173700
2020-10-19T15:00:00Z,51.31,51.38,50.55,50.58,1455900
2020-10-19T16:00:00Z,50.58,50.58,49.83,50.21,957700
2020-10-19T17:00:00Z,50.2,50.39,49.91,49.91,583000
2020-10-19T18:00:00Z,49.91,50.17,49.84,49.87,706100
2020-10-19T19:00:00Z,49.87,50.07,49.82,49.9,691300
2020-10-20T13:00:00Z,49.94,50.65,49.84,50.42,696600
2020-10-20T14:00:00Z,50.42,50.48,49.91,49.96,514800
2020-10-20T15:00:00Z,49.98,50.23,49.9,50.19,919000
2020-10-20T16:00:00Z,50.19,50.65,50.08,50.19,794600
2020-10-20T17:00:00Z,50.18,50.34,50.1,50.27,487000
2020-10-20T18:00:00Z,50.28,50.96,50.28,50.75,803100
2020-10-20T19:00:00Z,50.76,50.85,50.51,50.8,784600
2020-10-21T13:00:00Z,50.49,50.84,50.2,50.41,621300
2020-10-21T14:00:00Z,50.41,51.15,50.31,50.86,846900
2020-10-21T15:00:00Z,50.87,50.98,50.59,50.62,432000
2020-10-21T16:00:00Z,50.62,50.97,50.32,50.34,408100
2020-10-21T17:00:00Z,50.33,50.59,50.22,50.48,295300
2020-10-21T18:00:00Z,50.49,50.58,50.38,50.44,409700
2020-10-21T19:00:00Z,50.43,50.52,50.12,50.18,612200
2020-10-22T13:00:00Z,50.16,50.79,50.08,50.36,595000
2020-10-22T14:00:00Z,50.36,50.67,50.1,50.63,734500
2020-10-22T15:00:00Z,50.64,51.08,50.5,50.78,608000
2020-10-22T16:00:00Z,50.8,51.34,50.67,51.34,561900
2020-10-22T17:00:00Z,51.34,51.38,50.93,51.26,966100
2020-10-22T18:00:00Z,51.27,51.44,51.22,51.39,472900
2020-10-22T19:00:00Z,51.4,51.66,51.21,51.32,1462200
2020-10-23T13:00:00Z,51.25,51.51,50.62,50.86,985500
2020-10-23T14:00:00Z,50.84,51.15,50.72,50.73,434000
2020-10-23T15:00:00Z,50.74,51.08,50.7,50.87,413700
2020-10-23T16:00:00Z,50.86,51.15,50.79,50.99,461900
2020-10-23T17:00:00Z,50.99,51.12,50.91,51.06,246700
2020-10-23T18:00:00Z,51.06,51.19,50.96,51.06,483800
2020-10-23T19:00:00Z,51.06,51.13,51.05,51.09,625900
2020-10-26T13:00:00Z,51.26,51.65,50.8,51.56,813800
2020-10-26T14:00:00Z,51.55,51.55,51.11,51.31,387000
2020-10-26T15:00:00Z,51.3,51.68,51.18,51.48,698600
2020-10-26T16:00:00Z,51.47,51.47,50.42,50.65,767500
2020-10-26T17:00:00Z,50.66,50.85,50.26,50.82,685500
2020-10-26T18:00:00Z,50.81,51.06,50.73,50.83,673100
2020-10-26T19:00:00Z,50.83,50.97,50.68,50.77,525000
2020-10-27T13:00:00Z,50.81,51.25,50.52,50.61,391900
2020-10-27T14:00:00Z,50.61,50.73,50.14,50.51,603100
2020-10-27T15:00:00Z,50.5,50.64,50.06,50.3,404400
2020-10-27T16:00:00Z,50.28,50.44,50.17,50.37,235200
2020-10-27T17:00:00Z,50.36,50.56,50.13,50.26,446500
2020-10-27T18:00:00Z,50.25,50.31,49.72,49.76,835600
2020-10-27T19:00:00Z,49.76,49.97,49.65,49.92,706200
2020-10-28T13:00:00Z,49.62,50.09,48.9,49.17,1128500
2020-10-28T14:00:00Z,49.18,49.76,49.18,49.49,666400
2020-10-28T15:00:00Z,49.47,49.5,49.07,49.37,642900
2020-10-28T16:00:00Z,49.37,49.37,48.61,48.69,796000
2020-10-28T17:00:00Z,48.7,48.97,48.28,48.93,747900
2020-10-28T18:00:00Z,48.93,49.1,48.74,48.84,627900
2020-10-28T19:00:00Z,48.83,48.94,48.45,48.56,705300
2020-10-29T13:00:00Z,48.01,48.96,48,48.87,1033900
2020-10-29T14:00:00Z,48.88,50.38,48.51,49.85,2152800
2020-10-29T15:00:00Z,49.86,50.04,49.47,49.62,884500
2020-10-29T16:00:00Z,49.63,49.82,49.42,49.68,462600
2020-10-29T17:00:00Z,49.67,50.21,49.58,49.97,751400
2020-10-29T18:00:00Z,49.98,50.08,49.75,49.94,410200
2020-10-29T19:00:00Z,49.94,50.06,49.89,49.95,1029700
2020-10-30T13:00:00Z,50.44,52.97,50.21,52.2,4016600
2020-10-30T14:00:00Z,52.18,52.44,51.71,52.28,2192100
2020-10-30T15:00:00Z,52.32,52.46,51.96,52.15,1793100
2020-10-30T16:00:00Z,52.14,52.15,51.03,51.03,2111600
2020-10-30T17:00:00Z,51.03,51.21,50.55,50.8,1861500
2020-10-30T18:00:00Z,50.79,51.15,50.43,50.57,1398700
2020-10-30T19:00:00Z,50.54,50.55,49.49,49.49,1800400
2020-11-03T13:00:00Z,51,51.81,50.22,51.47,1562600
2020-11-03T14:00:00Z,51.5,51.76,51,51.2,1353200
2020-11-03T15:00:00Z,51.2,52.16,51.13,51.98,1295600
2020-11-03T16:00:00Z,51.98,52.44,51.72,52.44,1264200
2020-11-03T17:00:00Z,52.44,52.88,52.07,52.15,1495900
2020-11-03T18:00:00Z,52.16,52.51,52.07,52.16,1381500
2020-11-03T19:00:00Z,52.16,52.51,52.01,52.5,1122700
2020-11-03T20:00:00Z,52.5,52.79,52.42,52.7,799500
2020-11-04T13:00:00Z,52.62,52.77,51.9,51.91,743600
2020-11-04T14:00:00Z,51.91,52.5,50.86,51.3,1152900
2020-11-04T15:00:00Z,51.3,52.38,51.14,52.15,1214200
2020-11-04T16:00:00Z,52.17,52.37,51.87,51.95,694500
2020-11-04T17:00:00Z,51.93,52.17,51.76,51.83,463600
2020-11-04T18:00:00Z,51.81,51.99,51.7,51.86,605600
2020-11-04T19:00:00Z,51.84,51.97,51.71,51.78,377500
2020-11-04T20:00:00Z,51.78,51.83,51.53,51.6,415900
2020-11-05T13:00:00Z,51.7,51.91,50.2,50.84,1491500
2020-11-05T14:00:00Z,50.86,50.98,50.16,50.54,1407900
2020-11-05T15:00:00Z,50.52,51.34,50.3,51.33,945400
2020-11-05T16:00:00Z,51.33,51.52,50.83,50.92,577800
2020-11-05T17:00:00Z,50.92,50.99,50.65,50.75,513600
2020-11-05T18:00:00Z,50.76,51.48,50.75,51.39,504400
2020-11-05T19:00:00Z,51.35,51.87,51.25,51.48,821100
2020-11-05T20:00:00Z,51.46,51.5,51.07,51.2,778300
2020-11-06T13:00:00Z,51.2,51.99,50.73,50.82,592300
2020-11-06T14:00:00Z,50.83,51.58,50.4,51.52,1119500
2020-11-06T15:00:00Z,51.52,52.06,50.86,50.87,925300
2020-11-06T16:00:00Z,50.87,50.89,50.1,50.17,1164400
2020-11-06T17:00:00Z,50.16,50.25,49.82,49.86,1399900
2020-11-06T18:00:00Z,49.87,49.93,49.65,49.67,1093900
2020-11-06T19:00:00Z,49.65,49.79,49.42,49.63,944100
2020-11-06T20:00:00Z,49.63,50.22,49.6,49.91,1403800
2020-11-09T13:00:00Z,48.35,48.77,47.3,48.7,3161200
2020-11-09T14:00:00Z,48.68,48.88,48,48.31,2030700
2020-11-09T15:00:00Z,48.31,48.62,48.25,48.43,822800
2020-11-09T16:00:00Z,48.42,48.6,48.3,48.59,538800
2020-11-09T17:00:00Z,48.59,49.38,48.5,49.18,1095800
2020-11-09T18:00:00Z,49.15,49.58,48.96,49.55,980700
2020-11-09T19:00:00Z,49.55,49.59,49.26,49.42,1307600
2020-11-09T20:00:00Z,49.42,49.45,48.42,48.44,1272700
2020-11-10T13:00:00Z,48.72,48.9,48.05,48.52,490100
2020-11-10T14:00:00Z,48.5,48.52,47.94,47.94,957400
2020-11-10T15:00:00Z,47.94,48.27,47.72,48.06,1297600
2020-11-10T16:00:00Z,48.06,48.38,47.94,48.08,1122200
2020-11-10T17:00:00Z,48.08,48.28,47.94,48.06,1313600
2020-11-10T18:00:00Z,48.05,48.28,47.76,48.16,1810400
2020-11-10T19:00:00Z,48.17,48.34,47.87,47.96,1280700
2020-11-10T20:00:00Z,47.95,48.12,47.8,47.93,1411600
2020-11-11T13:00:00Z,48.2,49.14,48.01,48.99,1115600
2020-11-11T14:00:00Z,48.95,49.21,48.23,48.53,834900
2020-11-11T15:00:00Z,48.54,48.84,48.46,48.62,368100
2020-11-11T16:00:00Z,48.63,48.69,48.45,48.54,275500
2020-11-11T17:00:00Z,48.52,48.61,48.29,48.33,341400
2020-11-11T18:00:00Z,48.35,48.64,48.32,48.35,432300
2020-11-11T19:00:00Z,48.36,48.47,48.18,48.32,1096400
2020-11-11T20:00:00Z,48.32,48.47,48.2,48.38,925900
2020-11-12T13:00:00Z,48.5,48.89,48.23,48.38,540400
2020-11-12T14:00:00Z,48.39,48.75,48.26,48.3,634200
2020-11-12T15:00:00Z,48.28,48.73,48.2,48.63,493000
2020-11-12T16:00:00Z,48.63,48.7,48.41,48.5,396600
2020-11-12T17:00:00Z,48.49,48.64,48.2,48.33,292700
2020-11-12T18:00:00Z,48.31,48.57,48.25,48.39,464000
2020-11-12T19:00:00Z,48.38,48.59,48.31,48.55,408300
2020-11-12T20:00:00Z,48.54,48.86,48.4,48.62,885300
2020-11-13T13:00:00Z,49.2,52.14,49.1,51.86,5379000
2020-11-13T14:00:00Z,51.87,52.07,51.11,51.89,2204200
2020-11-13T15:00:00Z,51.87,52.07,51.14,51.22,1441300
2020-11-13T16:00:00Z,51.21,51.94,51.19,51.94,609600
2020-11-13T17:00:00Z,51.94,52,51.68,51.97,824400
2020-11-13T18:00:00Z,51.97,51.99,51.61,51.67,787900
2020-11-13T19:00:00Z,51.68,51.7,51.18,51.23,1101500
2020-11-13T20:00:00Z,51.19,51.75,51.04,51.65,1289200
2020-11-16T13:00:00Z,52.1,52.44,51.32,51.36,623100
2020-11-16T14:00:00Z,51.4,52.43,51.39,52.08,816800
2020-11-16T15:00:00Z,52.11,53.34,52.11,53.3,3629000
2020-11-16T16:00:00Z,53.27,53.34,52.7,52.79,2104300
2020-11-16T17:00:00Z,52.79,53.08,52.7,52.76,406600
2020-11-16T18:00:00Z,52.76,53.05,52.62,52.68,517300
2020-11-16T19:00:00Z,52.68,52.84,52.34,52.81,585100
2020-11-16T20:00:00Z,52.82,53,52.67,52.95,629300
2020-11-17T13:00:00Z,52.75,53.99,52.75,53.37,803000
2020-11-17T14:00:00Z,53.36,53.5,52.46,53.26,1078800
2020-11-17T15:00:00Z,53.25,53.5,53.04,53.25,1413900
2020-11-17T16:00:00Z,53.23,53.25,52.53,52.56,851500
2020-11-17T17:00:00Z,52.54,52.66,51.97,52.03,927600
2020-11-17T18:00:00Z,52.03,52.24,51.63,52.06,868700
2020-11-17T19:00:00Z,52.05,52.23,51.71,51.78,1013900
2020-11-17T20:00:00Z,51.8,51.8,51.26,51.3,1209100
2020-11-18T13:00:00Z,50.99,51.28,50.02,50.09,1226100
2020-11-18T14:00:00Z,50.09,50.67,49.82,50.63,1810000
2020-11-18T15:00:00Z,50.62,50.85,50.12,50.39,802000
2020-11-18T16:00:00Z,50.37,50.61,50.1,50.16,550700
2020-11-18T17:00:00Z,50.17,50.26,50,50.07,660000
2020-11-18T18:00:00Z,50.07,50.22,50,50.06,592700
2020-11-18T19:00:00Z,50.06,50.84,50.05,50.81,936800
2020-11-18T20:00:00Z,50.81,50.9,50.51,50.75,688800
2020-11-19T13:00:00Z,50.7,51.48,50.58,50.84,572500
2020-11-19T14:00:00Z,50.86,51.12,50.34,50.51,540900
2020-11-19T15:00:00Z,50.52,50.85,50.45,50.56,418400
2020-11-19T16:00:00Z,50.52,50.6,50.07,50.15,527700
2020-11-19T17:00:00Z,50.15,50.47,50.09,50.23,388600
2020-11-19T18:00:00Z,50.21,50.37,50.01,50.14,328900
2020-11-19T19:00:00Z,50.11,50.4,50.02,50.29,488500
2020-11-19T20:00:00Z,50.29,50.46,50.2,50.25,724800
2020-11-20T13:00:00Z,50.3,50.75,50.13,50.18,555800
2020-11-20T14:00:00Z,50.17,50.27,49.91,50.05,492700
2020-11-20T15:00:00Z,50.06,50.37,49.92,50.33,352600
2020-11-20T16:00:00Z,50.34,50.89,50.26,50.71,465100
2020-11-20T17:00:00Z,50.71,51.09,50.6,50.7,581600
2020-11-20T18:00:00Z,50.71,50.85,50.53,50.78,601500
2020-11-20T19:00:00Z,50.77,51.11,50.66,50.77,934000
2020-11-20T20:00:00Z,50.77,51.1,50.64,51.1,573400
2020-11-23T13:00:00Z,51.48,51.48,50.43,50.56,407100
2020-11-23T14:00:00Z,50.56,50.67,50.21,50.5,819500
2020-11-23T15:00:00Z,50.5,50.83,50.25,50.8,510700
2020-11-23T16:00:00Z,50.81,51.27,50.62,50.71,601800
2020-11-23T17:00:00Z,50.74,51.12,50.7,50.95,277100
2020-11-23T18:00:00Z,50.96,50.96,50.62,50.77,386700
2020-11-23T19:00:00Z,50.79,50.79,50.4,50.49,436600
2020-11-23T20:00:00Z,50.49,50.75,50.41,50.62,792000
2020-11-24T13:00:00Z,50.36,50.61,50.02,50.12,456300
2020-11-24T14:00:00Z,50.13,50.85,50.03,50.52,604200
2020-11-24T15:00:00Z,50.52,50.55,49.68,49.75,1159800
2020-11-24T16:00:00Z,49.74,50.04,49.6,50.01,557300
2020-11-24T17:00:00Z,50.02,50.1,49.79,49.86,630600
2020-11-24T18:00:00Z,49.86,50.05,49.8,50,703800
2020-11-24T19:00:00Z,49.99,50.2,49.9,50.17,925000
2020-11-24T20:00:00Z,50.18,50.28,49.68,50.03,1214000
2020-11-25T13:00:00Z,50.22,50.46,49.79,50.19,318400
2020-11-25T14:00:00Z,50.21,50.7,49.71,49.88,757400
2020-11-25T15:00:00Z,49.86,50.13,49.63,49.7,602100
2020-11-25T16:00:00Z,49.68,49.83,49.4,49.64,700700
2020-11-25T17:00:00Z,49.64,49.73,49.49,49.57,1229800
2020-11-25T18:00:00Z,49.57,50.23,49.57,50.1,2315700
2020-11-25T19:00:00Z,50.09,50.37,50.04,50.29,589500
2020-11-25T20:00:00Z,50.28,50.48,50.2,50.47,598300
2020-11-26T13:00:00Z,50.65,53.3,50.4,52.7,2440400
2020-11-26T14:00:00Z,52.69,53.37,52.43,53.27,1401500
2020-11-26T15:00:00Z,53.27,53.27,52.62,52.65,623400
2020-11-26T16:00:00Z,52.64,53.08,52.61,52.99,343300
2020-11-26T17:00:00Z,52.96,53.32,52.69,52.96,694300
2020-11-26T18:00:00Z,52.95,53.27,52.82,53.23,525600
2020-11-26T19:00:00Z,53.2,53.32,52.94,53.02,552900
2020-11-26T20:00:00Z,53.02,53.3,52.99,53.28,653300
2020-11-27T13:00:00Z,54.44,56.49,53.76,55.95,3175700
2020-11-27T14:00:00Z,55.91,56.35,55.52,55.65,2057200
2020-11-27T15:00:00Z,55.67,56.05,55.22,55.88,1233700
2020-11-27T16:00:00Z,55.89,55.9,55.27,55.27,692000
2020-11-27T17:00:00Z,55.28,55.69,55.1,55.48,686600
2020-11-27T18:00:00Z,55.5,55.55,55,55.13,656500
2020-11-27T19:00:00Z,55.12,55.74,55.09,55.6,646400
2020-11-27T20:00:00Z,55.6,55.93,55.53,55.57,814800
2020-11-30T13:00:00Z,56.1,56.32,55.29,55.72,1528200
2020-11-30T14:00:00Z,55.67,55.71,54.85,55.01,1157400
2020-11-30T15:00:00Z,55,55.4,54.71,55.34,764200
2020-11-30T16:00:00Z,55.34,56,55.28,55.85,958800
2020-11-30T17:00:00Z,55.88,56.4,55.6,56.28,1034000
2020-11-30T18:00:00Z,56.29,56.4,56.04,56.21,686900
2020-11-30T19:00:00Z,56.21,56.25,55.77,56.17,753000
2020-11-30T20:00:00Z,56.16,56.27,55.95,56.14,898500
2020-12-01T13:00:00Z,55.9,58.07,55.88,57.6,2530700
2020-12-01T14:00:00Z,57.59,57.7,56.56,57.39,2229700
2020-12-01T15:00:00Z,57.43,57.5,56.51,56.86,1903200
2020-12-01T16:00:00Z,56.84,57.4,56.36,57.3,1303700
2020-12-01T17:00:00Z,57.27,57.75,57.18,57.74,1675100
2020-12-01T18:00:00Z,57.75,57.99,57.66,57.85,1131600
2020-12-01T19:00:00Z,57.86,57.99,57.48,57.81,1437100
2020-12-01T20:00:00Z,57.8,57.82,57.4,57.56,1701500
2020-12-02T14:00:00Z,55.71,56.22,55.15,55.61,29233300
2020-12-02T15:00:00Z,55.62,55.8,55.5,55.66,864500
2020-12-02T16:00:00Z,55.65,55.72,55.5,55.58,780000
2020-12-02T17:00:00Z,55.58,55.88,55.32,55.72,1149800
2020-12-02T18:00:00Z,55.73,55.74,55.45,55.52,692900
2020-12-02T19:00:00Z,55.53,55.63,54.64,54.89,2066300
2020-12-02T20:00:00Z,54.91,55.12,54.35,54.56,2196100
2020-12-03T13:00:00Z,54.99,55.21,52.71,52.86,2777000
2020-12-03T14:00:00Z,52.85,53.29,52.42,52.94,3388900
2020-12-03T15:00:00Z,52.94,53.1,51.78,52,2514600
2020-12-03T16:00:00Z,52,52.03,51.53,51.55,1571200
2020-12-03T17:00:00Z,51.55,51.75,51.1,51.33,3441400
2020-12-03T18:00:00Z,51.33,51.95,51.22,51.88,1936500
2020-12-03T19:00:00Z,51.88,52,51.69,51.92,2139500
2020-12-03T20:00:00Z,51.93,52.38,51.86,52.01,3140800
2020-12-04T13:00:00Z,52.02,52.89,51.27,52.77,2725900
2020-12-04T14:00:00Z,52.75,53.51,52.6,53.28,1458400
2020-12-04T15:00:00Z,53.29,53.3,52.77,53.22,672700
2020-12-04T16:00:00Z,53.22,53.58,53,53.55,1603800
2020-12-04T17:00:00Z,53.54,53.82,53.16,53.2,596000
2020-12-04T18:00:00Z,53.2,53.22,52.63,52.67,468900
2020-12-04T19:00:00Z,52.67,52.84,52.54,52.67,602500
2020-12-04T20:00:00Z,52.71,52.95,52.51,52.6,473200
2020-12-07T13:00:00Z,52.68,52.89,52.07,52.47,439900
2020-12-07T14:00:00Z,52.47,52.96,52.37,52.87,364900
2020-12-07T15:00:00Z,52.87,53.18,52.7,52.73,276400
2020-12-07T16:00:00Z,52.72,52.8,52.57,52.61,187700
2020-12-07T17:00:00Z,52.61,52.62,52.21,52.39,328800
2020-12-07T18:00:00Z,52.4,52.58,52.3,52.52,205100
2020-12-07T19:00:00Z,52.52,52.58,52.25,52.29,300000
2020-12-07T20:00:00Z,52.29,53.08,52,52.97,1820600
2020-12-08T13:00:00Z,53.5,53.64,52.52,52.57,930500
2020-12-08T14:00:00Z,52.56,52.72,52.19,52.34,888200
2020-12-08T15:00:00Z,52.34,52.66,52.25,52.45,317300
2020-12-08T16:00:00Z,52.45,52.89,52.27,52.66,501300
2020-12-08T17:00:00Z,52.67,52.75,51.9,51.92,627800
2020-12-08T18:00:00Z,51.93,52.52,51.92,52.51,422700
2020-12-08T19:00:00Z,52.51,52.68,52.45,52.56,444100
2020-12-08T20:00:00Z,52.55,52.73,52.52,52.65,383800
2020-12-09T13:00:00Z,52.78,52.86,52.15,52.42,409900
2020-12-09T14:00:00Z,52.42,52.54,52.03,52.06,334400
2020-12-09T15:00:00Z,52.06,52.4,51.98,52.3,508200
2020-12-09T16:00:00Z,52.32,52.87,52.21,52.76,629600
2020-12-09T17:00:00Z,52.76,52.77,52.35,52.52,431200
2020-12-09T18:00:00Z,52.51,52.54,52.13,52.15,444100
2020-12-09T19:00:00Z,52.17,52.65,52.04,52.25,551700
2020-12-09T20:00:00Z,52.24,52.43,52.11,52.37,507900
2020-12-10T13:00:00Z,52.39,52.54,52.03,52.08,305300
2020-12-10T14:00:00Z,52.05,52.16,51.2,51.21,1251000
2020-12-10T15:00:00Z,51.21,51.7,51.21,51.41,2579100
2020-12-10T16:00:00Z,51.4,51.7,51.36,51.6,1095800
2020-12-10T17:00:00Z,51.6,51.69,51.16,51.2,1124400
2020-12-10T18:00:00Z,51.2,51.2,50.78,50.83,1327900
2020-12-10T19:00:00Z,50.82,50.85,50.42,50.72,1366000
2020-12-10T20:00:00Z,50.73,50.74,50.43,50.48,2015600
2020-12-11T13:00:00Z,50.8,51.17,50.13,50.21,836200
2020-12-11T14:00:00Z,50.2,50.67,49.52,50.29,1078100
2020-12-11T15:00:00Z,50.3,50.86,50.3,50.78,682700
2020-12-11T16:00:00Z,50.79,50.8,50.44,50.63,413700
2020-12-11T17:00:00Z,50.63,50.68,50.35,50.6,463900
2020-12-11T18:00:00Z,50.61,50.78,50.47,50.69,428000
2020-12-11T19:00:00Z,50.69,51.24,50.58,51.13,665700
2020-12-11T20:00:00Z,51.13,51.45,50.99,51.34,521900
2020-12-14T13:00:00Z,51.11,51.13,50.6,50.78,367800
2020-12-14T14:00:00Z,50.74,50.91,50.44,50.6,724800
2020-12-14T15:00:00Z,50.63,50.66,50.24,50.37,707200
2020-12-14T16:00:00Z,50.37,51.35,50.33,51.08,902900
2020-12-14T17:00:00Z,51.08,51.19,50.86,50.95,979900
2020-12-14T18:00:00Z,50.93,51.18,50.83,51.02,389400
2020-12-14T19:00:00Z,51.03,51.18,50.81,51.07,464600
2020-12-14T20:00:00Z,51.07,51.64,50.98,51.59,863000
2020-12-15T13:00:00Z,52,52.8,51.78,52.26,1155700
2020-12-15T14:00:00Z,52.26,52.93,51.7,52.39,1225000
2020-12-15T15:00:00Z,52.4,53.18,52.37,53.17,1123300
2020-12-15T16:00:00Z,53.17,53.55,52.93,53.48,1078500
2020-12-15T17:00:00Z,53.48,53.95,53.45,53.84,1228700
2020-12-15T18:00:00Z,53.83,54.09,53.32,53.37,1012900
2020-12-15T19:00:00Z,53.37,53.78,53.15,53.17,574200
2020-12-15T20:00:00Z,53.17,53.78,53.06,53.62,915800
2020-12-16T13:00:00Z,53.5,54.36,53.33,53.6,651200
2020-12-16T14:00:00Z,53.59,54.54,53.48,54.53,639400
2020-12-16T15:00:00Z,54.52,54.55,54.13,54.16,437500
2020-12-16T16:00:00Z,54.16,54.32,53.75,53.94,323000
2020-12-16T17:00:00Z,53.93,54.13,53.41,54.1,533200
2020-12-16T18:00:00Z,54.1,54.2,53.93,54.15,1375300
2020-12-16T19:00:00Z,54.11,54.45,54.07,54.23,1385100
2020-12-16T20:00:00Z,54.24,54.49,54.03,54.37,1265800
2020-12-17T13:00:00Z,54.17,54.69,54.05,54.33,787400
2020-12-17T14:00:00Z,54.34,54.74,54.15,54.62,766200
2020-12-17T15:00:00Z,54.63,55.33,54.62,55.32,1336900
2020-12-17T16:00:00Z,55.32,55.33,54.93,55.19,225000
2020-12-17T17:00:00Z,55.18,55.23,54.68,54.99,510600
2020-12-17T18:00:00Z,54.99,55.08,54.75,54.8,703500
2020-12-17T19:00:00Z,54.78,54.8,54.41,54.5,998700
2020-12-17T20:00:00Z,54.48,54.7,54.42,54.7,548100
2020-12-18T13:00:00Z,54.89,57.38,54.78,56.88,2183900
2020-12-18T14:00:00Z,56.85,57.59,56.49,56.66,1865100
2020-12-18T15:00:00Z,56.66,56.9,56.07,56.83,1099500
2020-12-18T16:00:00Z,56.84,57.2,56.73,57.04,1074100
2020-12-18T17:00:00Z,57.05,57.45,56.96,57.2,812100
2020-12-18T18:00:00Z,57.19,57.3,56.71,56.82,2064000
2020-12-18T19:00:00Z,56.79,57.06,56.56,56.71,911400
2020-12-18T20:00:00Z,56.7,56.81,56.01,56.59,1862700
2020-12-21T13:00:00Z,55.91,56.5,55.08,55.62,1326600
2020-12-21T14:00:00Z,55.68,56.26,55.3,55.9,646100
2020-12-21T15:00:00Z,55.92,56.13,55.53,55.6,2936000
2020-12-21T16:00:00Z,55.6,55.61,55.12,55.23,526300
2020-12-21T17:00:00Z,55.28,55.5,55.16,55.45,264600
2020-12-21T18:00:00Z,55.45,55.7,55.36,55.51,865700
2020-12-21T19:00:00Z,55.51,55.69,55.4,55.48,701800
2020-12-21T20:00:00Z,55.48,55.83,55.08,55.37,830800
2020-12-22T13:00:00Z,55.37,56.95,55.34,56.89,762800
2020-12-22T14:00:00Z,56.85,57.5,56.52,57.48,951800
2020-12-22T15:00:00Z,57.48,57.81,57.13,57.48,830900
2020-12-22T16:00:00Z,57.54,57.81,56.7,56.76,875900
2020-12-22T17:00:00Z,56.76,57.42,56.71,57.36,800300
2020-12-22T18:00:00Z,57.34,57.5,57.01,57.11,686700
2020-12-22T19:00:00Z,57.11,57.34,57,57.34,595500
2020-12-22T20:00:00Z,57.33,57.85,57.33,57.66,1336300
2020-12-23T13:00:00Z,57.98,58.16,57.2,57.43,548400
2020-12-23T14:00:00Z,57.43,57.8,56.96,57.19,639900
2020-12-23T15:00:00Z,57.19,57.5,57,57.5,413900
2020-12-23T16:00:00Z,57.5,57.5,56.98,56.98,257200
2020-12-23T17:00:00Z,56.98,57.11,56.83,56.97,263600
2020-12-23T18:00:00Z,56.95,57,56.52,56.58,345100
2020-12-23T19:00:00Z,56.57,56.65,56.29,56.39,409700
2020-12-23T20:00:00Z,56.39,56.49,56.21,56.38,567500
2020-12-28T13:00:00Z,56.49,56.94,56.3,56.46,210400
2020-12-28T14:00:00Z,56.45,57.31,56.42,57.27,416800
2020-12-28T15:00:00Z,57.27,57.27,56.9,57.2,483700
2020-12-28T16:00:00Z,57.21,57.24,57.14,57.2,294400
2020-12-28T17:00:00Z,57.2,57.2,56.8,57.08,324600
2020-12-28T18:00:00Z,57.07,57.15,56.84,57.14,302300
2020-12-28T19:00:00Z,57.14,57.15,57,57.13,216600
2020-12-28T20:00:00Z,57.13,57.2,56.95,57.16,267900
2020-12-29T13:00:00Z,57.73,57.9,56.9,57.1,428700
2020-12-29T14:00:00Z,57.08,57.25,56.92,57.09,273000
2020-12-29T15:00:00Z,57.06,57.62,56.9,57.49,437800
2020-12-29T16:00:00Z,57.49,57.5,57.03,57.04,236400
2020-12-29T17:00:00Z,57.01,57.15,56.91,56.96,227200
2020-12-29T18:00:00Z,56.95,57.4,56.8,57.37,396200
2020-12-29T19:00:00Z,57.35,57.39,56.92,57.2,334200
2020-12-29T20:00:00Z,57.21,57.37,57.14,57.21,273600
2020-12-30T13:00:00Z,57.8,58.05,57.43,58.03,349000
2020-12-30T14:00:00Z,58.04,58.34,57.83,58.13,450000
2020-12-30T15:00:00Z,58.13,58.69,58.04,58.41,431900
2020-12-30T16:00:00Z,58.4,58.46,58.25,58.35,200400
2020-12-30T17:00:00Z,58.34,58.53,58.11,58.4,249200
2020-12-30T18:00:00Z,58.39,58.94,58.39,58.89,426900
2020-12-30T19:00:00Z,58.89,59.1,58.5,58.69,821700
2020-12-30T20:00:00Z,58.69,58.8,58.52,58.71,671500
2021-01-04T13:00:00Z,59.74,59.97,58.02,58.22,395200
2021-01-04T14:00:00Z,58.23,58.89,57.85,58.75,891600
2021-01-04T15:00:00Z,58.7,59.15,58.28,58.41,481300
2021-01-04T16:00:00Z,58.45,58.71,57.98,58.28,746500
2021-01-04T17:00:00Z,58.28,58.7,58.22,58.53,418000
2021-01-04T18:00:00Z,58.54,59.37,58.54,59.23,519200
2021-01-04T19:00:00Z,59.23,59.41,58.77,58.91,398500
2021-01-04T20:00:00Z,58.92,59.09,58.35,58.72,481100
2021-01-05T13:00:00Z,58.72,59.49,58,58.07,578900
2021-01-05T14:00:00Z,58.1,58.1,57.34,57.85,947200
2021-01-05T15:00:00Z,57.86,58,57.57,57.7,395600
2021-01-05T16:00:00Z,57.71,58.15,57.7,57.88,469600
2021-01-05T17:00:00Z,57.89,58,57.6,57.63,471500
2021-01-05T18:00:00Z,57.63,58.18,57.51,58.07,671400
2021-01-05T19:00:00Z,58.07,58.84,57.93,58.75,839900
2021-01-05T20:00:00Z,58.75,58.9,58.25,58.4,385500
2021-01-06T13:00:00Z,59.6,59.79,57.76,58.61,1031700
2021-01-06T14:00:00Z,58.61,59.77,58.13,59.47,1505700
2021-01-06T15:00:00Z,59.48,59.85,58.93,59.12,1122900
2021-01-06T16:00:00Z,59.15,59.4,58.35,58.49,1083100
2021-01-06T17:00:00Z,58.5,58.85,58.37,58.56,653400
2021-01-06T18:00:00Z,58.58,58.82,58.11,58.37,781700
2021-01-06T19:00:00Z,58.41,58.83,58.01,58.05,738500
2021-01-06T20:00:00Z,58.07,58.23,57.41,57.57,1120400
2021-01-07T13:00:00Z,57.54,60.29,57.54,59.58,1813500
2021-01-07T14:00:00Z,59.52,61.21,59.43,60.54,1681900
2021-01-07T15:00:00Z,60.55,60.85,59.9,60.79,700300
2021-01-07T16:00:00Z,60.79,61.48,60.72,61.16,2980400
2021-01-07T17:00:00Z,61.14,61.26,60.9,61.15,966000
2021-01-07T18:00:00Z,61.15,61.71,61.06,61.5,1085200
2021-01-07T19:00:00Z,61.52,62.08,61.32,61.86,1224400
2021-01-07T20:00:00Z,61.85,62.79,61.75,62.5,1527900
2021-01-08T13:00:00Z,62.5,63.18,61.88,62.18,1323600
2021-01-08T14:00:00Z,62.17,62.92,61.61,61.88,1386900
2021-01-08T15:00:00Z,61.9,62.2,61.5,61.57,824200
2021-01-08T16:00:00Z,61.56,61.74,60.97,60.99,806200
2021-01-08T17:00:00Z,61,61.65,60.7,61.36,714000
2021-01-08T18:00:00Z,61.37,61.84,61.05,61.68,752700
2021-01-08T19:00:00Z,61.67,62.66,61.57,62.5,1170100
2021-01-08T20:00:00Z,62.5,62.59,62.02,62.32,1096400
2021-01-11T13:00:00Z,62.32,63.7,62.04,63.44,882000
2021-01-11T14:00:00Z,63.44,64.11,63.25,63.5,1904300
2021-01-11T15:00:00Z,63.51,63.55,62.8,62.95,825200
2021-01-11T16:00:00Z,62.96,62.96,61.74,61.79,954000
2021-01-11T17:00:00Z,61.82,61.95,61.32,61.35,675300
2021-01-11T18:00:00Z,61.36,61.5,60.82,61.45,814000
2021-01-11T19:00:00Z,61.45,61.65,61.09,61.3,570600
2021-01-11T20:00:00Z,61.3,61.4,60.96,61.05,762000
2021-01-12T13:00:00Z,61.09,61.4,60.36,60.73,1141300
2021-01-12T14:00:00Z,60.76,62.06,60.72,62.06,865200
2021-01-12T15:00:00Z,62.06,63.28,61.88,62.79,1411000
2021-01-12T16:00:00Z,62.79,63.12,62.21,62.37,719300
2021-01-12T17:00:00Z,62.36,62.75,62.06,62.24,693500
2021-01-12T18:00:00Z,62.24,62.24,61.34,61.83,978200
2021-01-12T19:00:00Z,61.83,62.13,61.32,61.35,599100
2021-01-12T20:00:00Z,61.32,61.65,61.07,61.46,862200
2021-01-13T13:00:00Z,61.13,61.44,60.58,61.18,596400
2021-01-13T14:00:00Z,61.14,61.14,59.53,59.63,1040200
2021-01-13T15:00:00Z,59.63,59.88,59.08,59.27,1059400
2021-01-13T16:00:00Z,59.26,59.48,58.91,59.13,496200
2021-01-13T17:00:00Z,59.13,59.85,58.99,59.83,560700
2021-01-13T18:00:00Z,59.83,60.29,59.7,60.2,619700
2021-01-13T19:00:00Z,60.2,60.29,59.82,60.25,511500
2021-01-13T20:00:00Z,60.27,60.5,60.02,60.4,466800
2021-01-14T13:00:00Z,60.06,60.88,59.52,60.08,366800
2021-01-14T14:00:00Z,60.1,60.75,59.89,59.94,449300
2021-01-14T15:00:00Z,59.96,60.3,59.54,59.99,565300
2021-01-14T16:00:00Z,59.99,60,59.7,59.9,359800
2021-01-14T17:00:00Z,59.87,60.06,59.62,59.64,471600
2021-01-14T18:00:00Z,59.63,59.85,59.17,59.3,588800
2021-01-14T19:00:00Z,59.29,59.36,59,59.2,579600
2021-01-14T20:00:00Z,59.21,59.45,59.12,59.3,474300
2021-01-15T13:00:00Z,60.75,61.8,60.01,61.29,2320300
2021-01-15T14:00:00Z,61.29,62.2,60.08,62.14,2132500
2021-01-15T15:00:00Z,62.16,62.59,61.33,61.39,1861800
2021-01-15T16:00:00Z,61.45,62.08,61.12,61.87,601300
2021-01-15T17:00:00Z,61.87,62.32,61.65,61.8,715600
2021-01-15T18:00:00Z,61.8,61.96,61.5,61.89,946800
2021-01-15T19:00:00Z,61.9,61.95,61.02,61.02,1006100
2021-01-15T20:00:00Z,61.02,61.4,60.85,61.25,994000
2021-01-18T13:00:00Z,61.15,62,61.15,61.86,878100
2021-01-18T14:00:00Z,61.87,63.07,61.81,62.98,1102000
2021-01-18T15:00:00Z,63,63.37,62.64,63.35,1011700
2021-01-18T16:00:00Z,63.35,63.83,63.27,63.79,647000
2021-01-18T17:00:00Z,63.79,64.29,63.68,63.68,997900
2021-01-18T18:00:00Z,63.68,63.98,63.13,63.23,747800
2021-01-18T19:00:00Z,63.24,63.52,63.1,63.41,422500
2021-01-18T20:00:00Z,63.37,63.48,62.94,63.12,385800
2021-01-19T13:00:00Z,63.88,63.98,62.87,63.16,890800
2021-01-19T14:00:00Z,63.13,63.65,62.71,62.87,1050000
2021-01-19T15:00:00Z,62.86,65.19,62.85,64.99,1779800
2021-01-19T16:00:00Z,64.94,65.87,64.91,65.64,1406300
2021-01-19T17:00:00Z,65.63,65.86,64.52,65.56,1616100
2021-01-19T18:00:00Z,65.55,65.8,65.17,65.18,1296700
2021-01-19T19:00:00Z,65.19,65.29,64.89,65.14,1533600
2021-01-19T20:00:00Z,65.15,65.62,65.09,65.45,1040000
2021-01-20T13:00:00Z,66.52,67.8,66.3,67.05,2626300
2021-01-20T14:00:00Z,67.04,67.41,66.59,67.07,1456700
2021-01-20T15:00:00Z,67.06,67.2,65.8,66.09,865300
2021-01-20T16:00:00Z,66.12,66.6,65.83,66.25,797600
2021-01-20T17:00:00Z,66.28,67.17,66.2,67.04,759800
2021-01-20T18:00:00Z,67.05,67.18,66.21,66.45,827400
2021-01-20T19:00:00Z,66.45,66.66,65.96,66.41,700700
2021-01-20T20:00:00Z,66.41,66.49,65.72,65.97,815800
2021-01-21T14:00:00Z,64.6,65.58,64.6,64.97,28453400
2021-01-21T15:00:00Z,64.97,65.86,64.87,65.34,935100
2021-01-21T16:00:00Z,65.34,65.53,65.04,65.2,876900
2021-01-21T17:00:00Z,65.21,65.44,64.78,65.28,712000
2021-01-21T18:00:00Z,65.3,66.29,65.29,65.92,2260800
2021-01-21T19:00:00Z,65.92,66.16,65.81,65.99,848200
2021-01-21T20:00:00Z,65.97,65.99,65.33,65.54,1031400
2021-01-22T13:00:00Z,64,65.5,63.98,64.37,503800
2021-01-22T14:00:00Z,64.38,65.21,64.29,64.86,385200
2021-01-22T15:00:00Z,64.83,65,64.28,64.41,455300
2021-01-22T16:00:00Z,64.41,65.02,64.39,64.81,518800
2021-01-22T17:00:00Z,64.82,65,64.25,64.26,859800
2021-01-22T18:00:00Z,64.26,64.83,64.1,64.77,711800
2021-01-22T19:00:00Z,64.77,64.79,64.1,64.52,1025200
2021-01-22T20:00:00Z,64.54,64.75,64.28,64.44,1440000
2021-01-26T13:00:00Z,64.4,65.47,64.4,64.84,723000
2021-01-26T14:00:00Z,64.84,66.1,64.63,66.06,939600
2021-01-26T15:00:00Z,66.06,66.6,65.24,65.25,1145100
2021-01-26T16:00:00Z,65.25,66.15,64.85,65.88,1457600
2021-01-26T17:00:00Z,65.89,66.12,65.54,65.9,848200
2021-01-26T18:00:00Z,65.92,66.35,65.89,66.24,1006200
2021-01-26T19:00:00Z,66.25,66.6,65.63,65.85,1545600
2021-01-26T20:00:00Z,65.87,66.3,65.73,66.01,935800
2021-01-27T13:00:00Z,66.22,66.45,64.61,64.76,1047800
2021-01-27T14:00:00Z,64.77,64.87,63.63,63.77,1367100
2021-01-27T15:00:00Z,63.8,64.33,63.73,64.19,718700
2021-01-27T16:00:00Z,64.14,64.2,63.11,63.46,1050000
2021-01-27T17:00:00Z,63.47,64,63.4,63.63,636700
2021-01-27T18:00:00Z,63.63,63.81,63.35,63.43,761800
2021-01-27T19:00:00Z,63.43,63.65,62.85,63,948900
2021-01-27T20:00:00Z,63.03,63.1,61.92,62.25,1385400
2021-01-28T13:00:00Z,62.66,63.39,62.32,62.44,445700
2021-01-28T14:00:00Z,62.44,63,62.25,62.3,856000
2021-01-28T15:00:00Z,62.29,63,62.29,62.95,473400
2021-01-28T16:00:00Z,62.96,63.23,62.66,62.87,411000
2021-01-28T17:00:00Z,62.87,62.99,62.5,62.63,337000
2021-01-28T18:00:00Z,62.63,62.84,62.39,62.76,583700
2021-01-28T19:00:00Z,62.78,62.86,62.6,62.71,577900
2021-01-28T20:00:00Z,62.71,63.02,62.68,62.93,591500
2021-01-29T13:00:00Z,63.6,64.5,63.2,63.76,1285600
2021-01-29T14:00:00Z,63.79,63.95,62.7,63.23,893500
2021-01-29T15:00:00Z,63.24,63.3,62.45,62.9,1198500
2021-01-29T16:00:00Z,62.9,63.18,62.3,62.3,1030000
2021-01-29T17:00:00Z,62.33,62.5,62.04,62.16,681400
2021-01-29T18:00:00Z,62.19,62.55,62.15,62.18,614800
2021-01-29T19:00:00Z,62.18,62.47,61.92,62.39,632700
2021-01-29T20:00:00Z,62.4,62.85,61.68,61.94,820700
2021-02-01T13:00:00Z,62.73,63.91,62.56,63.09,1299200
2021-02-01T14:00:00Z,63.09,63.7,62.82,63.21,640400
2021-02-01T15:00:00Z,63.21,63.47,62.72,62.72,565000
2021-02-01T16:00:00Z,62.72,63.31,62.5,62.94,622900
2021-02-01T17:00:00Z,62.96,63.08,62.42,62.51,556300
2021-02-01T18:00:00Z,62.49,63.42,62.47,63.39,647300
2021-02-01T19:00:00Z,63.39,64.2,63.3,64.12,851600
2021-02-01T20:00:00Z,64.11,64.29,63.94,64.23,554700
2021-02-02T13:00:00Z,65.34,65.5,62.8,63.19,1058200
2021-02-02T14:00:00Z,63.18,63.52,62.61,62.93,933100
2021-02-02T15:00:00Z,62.92,63,62.68,62.8,775100
2021-02-02T16:00:00Z,62.8,62.88,61.95,62.07,961900
2021-02-02T17:00:00Z,62.07,62.34,61.9,62.24,680700
2021-02-02T18:00:00Z,62.23,62.27,61.71,62.13,785900
2021-02-02T19:00:00Z,62.13,62.68,62.11,62.63,1141800
2021-02-02T20:00:00Z,62.63,63.47,62.58,63.2,1392600
2021-02-03T13:00:00Z,63.5,63.7,62.55,63.18,891600
2021-02-03T14:00:00Z,63.18,63.22,62.66,63.1,587200
2021-02-03T15:00:00Z,63.11,63.36,62.56,63.13,684000
2021-02-03T16:00:00Z,63.14,63.4,62.9,63.07,627800
2021-02-03T17:00:00Z,63.08,63.15,62.78,62.8,467600
2021-02-03T18:00:00Z,62.8,63.18,62.7,62.91,624900
2021-02-03T19:00:00Z,62.92,63.15,62.87,63.1,596600
2021-02-03T20:00:00Z,63.08,63.97,63.08,63.83,718500
2021-02-04T13:00:00Z,64.08,64.31,63.54,63.63,377900
2021-02-04T14:00:00Z,63.6,63.81,63.31,63.54,930900
2021-02-04T15:00:00Z,63.53,64.13,63.5,63.84,347900
2021-02-04T16:00:00Z,63.85,64.33,63.83,64.02,351600
2021-02-04T17:00:00Z,64.01,64.2,63.68,64.1,286100
2021-02-04T18:00:00Z,64.09,64.54,63.89,64.5,468800
2021-02-04T19:00:00Z,64.5,64.51,63.97,64.25,352400
2021-02-04T20:00:00Z,64.25,64.47,64.2,64.27,637000
2021-02-05T13:00:00Z,66.02,66.24,64.74,65.22,1579800
2021-02-05T14:00:00Z,65.24,65.79,65,65.6,1064300
2021-02-05T15:00:00Z,65.56,66.31,65.34,66.3,599800
2021-02-05T16:00:00Z,66.29,66.7,66.1,66.26,928600
2021-02-05T17:00:00Z,66.25,66.81,66.15,66.65,585800
2021-02-05T18:00:00Z,66.65,66.92,66.46,66.67,568200
2021-02-05T19:00:00Z,66.67,66.69,66.32,66.54,734300
2021-02-05T20:00:00Z,66.53,66.82,66.45,66.7,848800
2021-02-08T13:00:00Z,66.65,67.5,66.42,67.37,823600
2021-02-08T14:00:00Z,67.39,67.79,66.8,66.95,813400
2021-02-08T15:00:00Z,66.95,67.1,66.34,66.68,442700
2021-02-08T16:00:00Z,66.68,66.84,66.4,66.57,245600
2021-02-08T17:00:00Z,66.57,66.73,66.46,66.58,205700
2021-02-08T18:00:00Z,66.58,66.61,65.51,65.55,541300
2021-02-08T19:00:00Z,65.53,65.83,65.29,65.64,571600
2021-02-08T20:00:00Z,65.66,65.8,65.32,65.64,513500
2021-02-09T13:00:00Z,65.26,66.81,65.26,66.74,771100
2021-02-09T14:00:00Z,66.72,66.76,65.55,65.61,481800
2021-02-09T15:00:00Z,65.61,66.43,65.56,66.29,376300
2021-02-09T16:00:00Z,66.3,66.5,66.02,66.14,354400
2021-02-09T17:00:00Z,66.12,66.48,65.95,66.15,748900
2021-02-09T18:00:00Z,66.15,66.83,65.81,66.69,718200
2021-02-09T19:00:00Z,66.7,66.8,66.48,66.59,600000
2021-02-09T20:00:00Z,66.58,66.74,66.35,66.5,428000
2021-02-10T13:00:00Z,67,67.94,66.9,67.07,1133300
2021-02-10T14:00:00Z,67.08,67.8,66.73,67.61,855500
2021-02-10T15:00:00Z,67.62,67.9,67.35,67.41,928000
2021-02-10T16:00:00Z,67.38,67.82,67.38,67.67,477700
2021-02-10T17:00:00Z,67.7,68.47,67.5,68.4,848900
2021-02-10T18:00:00Z,68.38,68.4,67.7,67.7,708900
2021-02-10T19:00:00Z,67.7,68.5,67.63,68.21,890000
2021-02-10T20:00:00Z,68.24,68.35,67.66,68.09,885100
2021-02-11T13:00:00Z,70.94,71.4,69.06,69.35,3427200
2021-02-11T14:00:00Z,69.4,70.45,69.26,69.96,2745100
2021-02-11T15:00:00Z,69.96,70.12,69.45,69.75,742700
2021-02-11T16:00:00Z,69.73,70,69.56,69.78,605800
2021-02-11T17:00:00Z,69.79,69.81,69.17,69.44,789800
2021-02-11T18:00:00Z,69.45,70.44,69.41,70.44,1254900
2021-02-11T19:00:00Z,70.42,70.5,69.67,70.23,941900
2021-02-11T20:00:00Z,70.22,70.81,70.17,70.53,1222100
2021-02-12T13:00:00Z,70.01,71.5,70.01,70.53,1443600
2021-02-12T14:00:00Z,70.54,70.7,70.18,70.42,1133400
2021-02-12T15:00:00Z,70.41,70.83,70.41,70.69,700600
2021-02-12T16:00:00Z,70.68,70.76,70.25,70.34,398200
2021-02-12T17:00:00Z,70.33,70.65,70.27,70.45,313200
2021-02-12T18:00:00Z,70.45,70.5,70.2,70.49,512500
2021-02-12T19:00:00Z,70.5,70.62,70.38,70.44,777400
2021-02-12T20:00:00Z,70.42,70.8,70.33,70.69,690500
2021-02-17T16:00:00Z,72,72.48,71.74,71.92,1597400
2021-02-17T17:00:00Z,71.9,72.09,71.76,71.85,1318200
2021-02-17T18:00:00Z,71.87,72.24,71.81,72.05,1336000
2021-02-17T19:00:00Z,72.05,72.44,71.75,71.96,2044900
2021-02-17T20:00:00Z,71.96,72.49,71.88,72.23,2001600
2021-02-18T13:00:00Z,72.99,73.3,72.35,72.74,1104300
2021-02-18T14:00:00Z,72.69,73.79,72.49,73.22,2199400
2021-02-18T15:00:00Z,73.24,73.67,72.65,73.51,2009800
2021-02-18T16:00:00Z,73.48,74.19,73.31,73.9,2020600
2021-02-18T17:00:00Z,73.91,74.1,73.63,73.84,1391800
2021-02-18T18:00:00Z,73.81,74.15,73.7,73.95,2491600
2021-02-18T19:00:00Z,73.95,74.35,73.8,74.16,2066600
2021-02-18T20:00:00Z,74.16,74.61,73.92,74.17,1613400
2021-02-19T13:00:00Z,74.15,75.39,73.21,74.36,1965500
2021-02-19T14:00:00Z,74.36,75.16,74.3,75.01,1723600
2021-02-19T15:00:00Z,75.06,75.25,74.72,74.97,765200
2021-02-19T16:00:00Z,74.97,75.1,74.62,74.73,774300
2021-02-19T17:00:00Z,74.73,74.8,73.95,74.5,1412800
2021-02-19T18:00:00Z,74.5,74.98,74.41,74.73,842700
2021-02-19T19:00:00Z,74.73,75.23,74.48,75.2,1134900
2021-02-19T20:00:00Z,75.2,75.48,74.91,75.35,766900
2021-02-22T13:00:00Z,75.5,76.16,74.19,75.19,2338200
2021-02-22T14:00:00Z,75.19,75.8,74.68,75.56,2863600
2021-02-22T15:00:00Z,75.51,76.6,75.35,76.35,1690900
2021-02-22T16:00:00Z,76.34,78.85,76.2,78.62,2416900
2021-02-22T17:00:00Z,78.61,78.75,77.7,78.12,1760000
2021-02-22T18:00:00Z,78.12,78.2,77.28,77.35,1401900
2021-02-22T19:00:00Z,77.35,77.55,76.82,77.39,1499600
2021-02-22T20:00:00Z,77.4,77.9,76.9,77.15,1204200
2021-02-23T13:00:00Z,76.8,77.51,75.7,76.42,1088700
2021-02-23T14:00:00Z,76.45,77.45,76.11,76.31,1599900
2021-02-23T15:00:00Z,76.32,76.76,74.94,75.43,1727500
2021-02-23T16:00:00Z,75.42,76.3,75.33,75.86,1198300
2021-02-23T17:00:00Z,75.86,76.27,75.66,75.97,724200
2021-02-23T18:00:00Z,75.92,76.85,75.75,75.98,855900
2021-02-23T19:00:00Z,75.99,76.38,75.81,76.24,775500
2021-02-23T20:00:00Z,76.24,76.62,76.14,76.25,939900
2021-02-24T13:00:00Z,76.3,76.32,74.87,75.42,1066100
2021-02-24T14:00:00Z,75.46,77.7,75.1,76.77,1759000
2021-02-24T15:00:00Z,76.74,77.56,76.67,77.3,1592800
2021-02-24T16:00:00Z,77.29,77.43,76.78,76.82,889400
2021-02-24T17:00:00Z,76.83,76.95,75.37,75.37,1401000
2021-02-24T18:00:00Z,75.33,75.59,74.89,75.04,1955900
2021-02-24T19:00:00Z,75.04,75.53,74.9,75.42,857500
2021-02-24T20:00:00Z,75.38,75.94,75.37,75.69,607200
2021-02-25T13:00:00Z,76.39,76.64,75.81,76.42,559800
2021-02-25T14:00:00Z,76.48,77.1,76.24,76.46,896800
2021-02-25T15:00:00Z,76.48,76.49,75.17,75.47,803600
2021-02-25T16:00:00Z,75.48,76.48,75.35,75.49,592800
2021-02-25T17:00:00Z,75.48,75.88,75.2,75.5,427600
2021-02-25T18:00:00Z,75.5,75.79,74.72,74.86,1075200
2021-02-25T19:00:00Z,74.82,75.37,74.39,74.6,669000
2021-02-25T20:00:00Z,74.58,74.61,73.25,74.11,1336300
2021-02-26T13:00:00Z,75.41,76,74.22,75.9,716900
2021-02-26T14:00:00Z,75.87,76.36,75.08,75.36,733800
2021-02-26T15:00:00Z,75.36,75.4,74.25,74.89,815700
2021-02-26T16:00:00Z,74.9,75,73.79,74.4,1146400
2021-02-26T17:00:00Z,74.43,75.08,74.32,74.76,548700
2021-02-26T18:00:00Z,74.76,75.18,74.51,74.59,553400
2021-02-26T19:00:00Z,74.59,74.74,72.92,73.06,905500
2021-02-26T20:00:00Z,73.05,73.81,72.88,73.35,1236100
2021-03-01T13:00:00Z,74.17,75.87,73.76,75.34,914900
2021-03-01T14:00:00Z,75.38,76.25,75.12,75.4,999100
2021-03-01T15:00:00Z,75.44,75.6,73.98,74.09,1645500
2021-03-01T16:00:00Z,74.05,74.47,73.69,74.07,743800
2021-03-01T17:00:00Z,74.08,75,74.05,74.55,548700
2021-03-01T18:00:00Z,74.54,74.56,74.03,74.17,943900
2021-03-01T19:00:00Z,74.16,74.69,74.08,74.26,848100
2021-03-01T20:00:00Z,74.28,74.6,74,74.28,820900
2021-03-02T13:00:00Z,73.83,75.23,72.9,74.92,2163500
2021-03-02T14:00:00Z,74.93,74.95,72.5,74.36,1449700
2021-03-02T15:00:00Z,74.35,74.9,73.58,74.35,1252800
2021-03-02T16:00:00Z,74.32,74.35,73.05,74.01,923500
2021-03-02T17:00:00Z,74,74.8,73.97,74.17,838900
2021-03-02T18:00:00Z,74.15,74.44,73.5,73.98,844100
2021-03-02T19:00:00Z,74.02,74.17,73.4,73.81,939900
2021-03-02T20:00:00Z,73.81,73.96,73.05,73.3,749400
2021-03-03T13:00:00Z,73.53,74.38,73.05,73.15,815300
2021-03-03T14:00:00Z,73.18,73.71,72.55,72.68,787100
2021-03-03T15:00:00Z,72.64,73.03,71.75,72.15,1107500
2021-03-03T16:00:00Z,72.15,72.99,72,72.54,799000
2021-03-03T17:00:00Z,72.53,73,72.44,72.83,600900
2021-03-03T18:00:00Z,72.83,73.69,72.3,73.69,982700
2021-03-03T19:00:00Z,73.69,74.76,73,74.6,2190300
2021-03-03T20:00:00Z,74.65,74.9,73.06,73.32,1474800
2021-03-04T13:00:00Z,73.84,73.96,72.36,73.12,1096700
2021-03-04T14:00:00Z,73.11,74.98,72.88,74.22,986700
2021-03-04T15:00:00Z,74.23,75.43,73.86,75.18,1162600
2021-03-04T16:00:00Z,75.17,75.5,74.29,74.41,986100
2021-03-04T17:00:00Z,74.4,74.6,73.49,73.69,706100
2021-03-04T18:00:00Z,73.66,73.71,72.61,72.82,1026700
2021-03-04T19:00:00Z,72.82,73.7,72.57,73.53,804900
2021-03-04T20:00:00Z,73.53,73.68,72.83,73.3,798700
2021-03-05T13:00:00Z,74.37,76.59,74.05,76.03,1559500
2021-03-05T14:00:00Z,76.01,76.89,75.5,75.95,1583400
2021-03-05T15:00:00Z,75.88,76.48,75.7,76.4,522700
2021-03-05T16:00:00Z,76.4,76.4,75.07,75.4,549100
2021-03-05T17:00:00Z,75.35,76.84,75.35,76.7,593300
2021-03-05T18:00:00Z,76.7,77.18,76.51,76.64,1699900
2021-03-05T19:00:00Z,76.57,76.93,76.11,76.87,890100
2021-03-05T20:00:00Z,76.85,77.08,76.3,76.64,759700
2021-03-08T13:00:00Z,75.51,75.7,74.64,74.68,1144900
2021-03-08T14:00:00Z,74.7,75.63,74.56,74.73,808100
2021-03-08T15:00:00Z,74.7,74.99,74.17,74.94,954900
2021-03-08T16:00:00Z,74.94,75.36,74.37,74.5,691700
2021-03-08T17:00:00Z,74.46,75.51,74.38,75.37,935900
2021-03-08T18:00:00Z,75.33,75.59,74.25,74.37,829200
2021-03-08T19:00:00Z,74.36,75.09,74.27,74.96,1606100
2021-03-08T20:00:00Z,74.96,76.1,74.16,75.63,1875000
2021-03-09T13:00:00Z,76,76.33,73.65,76.26,1472000
2021-03-09T14:00:00Z,76.25,77.46,76.22,77.1,2663100
2021-03-09T15:00:00Z,77.11,77.76,76.93,77.21,1280500
2021-03-09T16:00:00Z,77.22,77.39,76.9,77.2,566700
2021-03-09T17:00:00Z,77.2,77.96,76.95,77.37,1101100
2021-03-09T18:00:00Z,77.39,77.78,76.91,77.68,1031500
2021-03-09T19:00:00Z,77.69,78.46,77.66,78.37,911200
2021-03-09T20:00:00Z,78.37,79.1,78.35,78.75,1632400
2021-03-10T13:00:00Z,79.02,79.81,78.06,78.6,873800
2021-03-10T14:00:00Z,78.59,78.66,77.47,77.86,1238100
2021-03-10T15:00:00Z,77.84,77.9,76.2,76.41,2140000
2021-03-10T16:00:00Z,76.41,76.84,75.43,75.45,1218100
2021-03-10T17:00:00Z,75.43,75.47,74.5,74.92,1561000
2021-03-10T18:00:00Z,74.92,75.87,74.75,75.12,977700
2021-03-10T19:00:00Z,75.11,75.72,74.34,74.34,1286500
2021-03-10T20:00:00Z,74.38,75.08,74.3,74.97,1012900
2021-03-11T13:00:00Z,75.01,75.19,71.52,73.72,4137500
2021-03-11T14:00:00Z,73.71,74.5,73.03,74.2,1584200
2021-03-11T15:00:00Z,74.23,74.4,72.31,72.4,1645800
2021-03-11T16:00:00Z,72.41,72.63,71.75,72.29,2172800
2021-03-11T17:00:00Z,72.28,73.1,72.23,72.64,1910500
2021-03-11T18:00:00Z,72.64,73.13,72.36,73.11,951100
2021-03-11T19:00:00Z,73.11,74.09,73.08,73.82,1283600
2021-03-11T20:00:00Z,73.81,74.47,73.6,73.89,1135300
2021-03-12T13:00:00Z,74,75.79,74,74.37,1150800
2021-03-12T14:00:00Z,74.35,74.35,73.29,74.03,657200
2021-03-12T15:00:00Z,74.01,74.21,73.03,73.12,1373100
2021-03-12T16:00:00Z,73.13,73.48,72.85,73.31,564600
2021-03-12T17:00:00Z,73.34,75.72,73.3,75.46,1770800
2021-03-12T18:00:00Z,75.47,75.6,74.51,74.64,999000
2021-03-12T19:00:00Z,74.64,75.02,74.5,74.51,930800
2021-03-12T20:00:00Z,74.51,74.69,73.9,74.25,855200
2021-03-15T13:00:00Z,74,74.9,73.41,73.85,705000
2021-03-15T14:00:00Z,73.88,74.48,73.52,73.54,513100
2021-03-15T15:00:00Z,73.54,73.58,72.27,72.3,1334400
2021-03-15T16:00:00Z,72.3,73.01,72.3,72.54,666500
2021-03-15T17:00:00Z,72.54,72.69,72.05,72.26,747700
2021-03-15T18:00:00Z,72.26,72.4,72.02,72.06,803300
2021-03-15T19:00:00Z,72.02,73,71.85,73,1385500
2021-03-16T13:00:00Z,72.4,74.5,72.4,74.24,1058900
2021-03-16T14:00:00Z,74.2,74.99,73.98,74.8,1211400
2021-03-16T15:00:00Z,74.83,75.3,74.39,74.71,1116700
2021-03-16T16:00:00Z,74.67,75.9,74.62,75.84,1259300
2021-03-16T17:00:00Z,75.84,75.92,75.35,75.46,975500
2021-03-16T18:00:00Z,75.42,75.48,74.57,75.42,1168400
2021-03-16T19:00:00Z,75.39,75.65,75.24,75.35,1025400
2021-03-17T13:00:00Z,75.25,76.7,75.1,76.2,1692200
2021-03-17T14:00:00Z,76.21,76.7,75.12,75.2,902100
2021-03-17T15:00:00Z,75.23,75.59,74.86,74.94,706500
2021-03-17T16:00:00Z,74.9,75.47,74.38,75.4,667400
2021-03-17T17:00:00Z,75.4,75.7,75.12,75.37,564000
2021-03-17T18:00:00Z,75.39,76.6,75.34,76.57,1301600
2021-03-17T19:00:00Z,76.57,76.59,75.9,76.35,1095400
2021-03-18T13:00:00Z,75,75.32,74.03,75.22,4051700
2021-03-18T14:00:00Z,75.19,76.3,75.07,76.24,1104900
2021-03-18T15:00:00Z,76.21,76.39,75.77,76.23,382500
2021-03-18T16:00:00Z,76.23,76.55,75.84,75.93,624400
2021-03-18T17:00:00Z,75.93,76.35,75.73,75.93,2007000
2021-03-18T18:00:00Z,75.93,75.93,74.8,75.15,682300
2021-03-18T19:00:00Z,75.13,75.2,74.7,74.78,459500
2021-03-19T13:00:00Z,74.78,76.01,74.6,76.01,683500
2021-03-19T14:00:00Z,76.01,76.16,74.9,75.36,657700
2021-03-19T15:00:00Z,75.36,75.38,74.18,74.25,731000
2021-03-19T16:00:00Z,74.25,74.77,73.74,74.14,887000
2021-03-19T17:00:00Z,74.1,74.65,73.37,73.68,896400
2021-03-19T18:00:00Z,73.68,73.96,73.21,73.87,715400
2021-03-19T19:00:00Z,73.87,74.2,73.71,73.75,643700
2021-03-22T13:00:00Z,73.2,74.2,72.61,72.7,1171600
2021-03-22T14:00:00Z,72.7,72.77,72.02,72.35,684400
2021-03-22T15:00:00Z,72.35,72.49,71.9,72.12,428700
2021-03-22T16:00:00Z,72.12,72.21,71.31,71.38,693800
2021-03-22T17:00:00Z,71.4,71.68,71.12,71.37,530000
2021-03-22T18:00:00Z,71.37,72.78,71.35,72.78,704300
2021-03-22T19:00:00Z,72.79,72.87,72.5,72.68,490600
2021-03-23T13:00:00Z,72.15,73.11,71.52,72.41,784400
2021-03-23T14:00:00Z,72.44,72.93,72.17,72.71,580300
2021-03-23T15:00:00Z,72.66,72.93,72.19,72.59,446900
2021-03-23T16:00:00Z,72.58,72.75,71.91,72.21,457800
2021-03-23T17:00:00Z,72.21,72.46,71.85,72,480200
2021-03-23T18:00:00Z,72,72.8,71.92,72,1035400
2021-03-23T19:00:00Z,71.98,72,71.4,71.49,883100
2021-03-24T13:00:00Z,73.25,75.77,72.53,75.01,2317600
2021-03-24T14:00:00Z,75.05,76.18,74.79,75.91,1807300
2021-03-24T15:00:00Z,75.91,76.15,75.42,75.43,802600
2021-03-24T16:00:00Z,75.42,75.56,75.16,75.28,469400
2021-03-24T17:00:00Z,75.27,75.29,74.33,74.5,849900
2021-03-24T18:00:00Z,74.49,74.54,73.55,73.58,736300
2021-03-24T19:00:00Z,73.62,74.4,73.27,73.7,1105300
2021-03-25T13:00:00Z,74.51,75,72.18,73.19,2007100
2021-03-25T14:00:00Z,73.14,74.06,72.75,73.33,1126800
2021-03-25T15:00:00Z,73.32,74.2,72.66,74.16,851000
2021-03-25T16:00:00Z,74.12,74.14,72.8,72.85,1592500
2021-03-25T17:00:00Z,72.86,73.52,72.72,72.96,615400
2021-03-25T18:00:00Z,72.95,73.42,72.85,73.34,472400
2021-03-25T19:00:00Z,73.33,73.7,73.25,73.5,607400
2021-03-26T13:00:00Z,73.26,73.48,72.4,72.71,1037100
2021-03-26T14:00:00Z,72.73,73.38,72.51,72.6,987500
2021-03-26T15:00:00Z,72.6,72.82,72.47,72.66,619100
2021-03-26T16:00:00Z,72.67,72.93,72.6,72.69,416100
2021-03-26T17:00:00Z,72.69,72.81,72.22,72.25,616900
2021-03-26T18:00:00Z,72.25,72.35,71.88,72.07,666400
2021-03-26T19:00:00Z,72.07,72.66,72.01,72.5,777000
2021-03-29T13:00:00Z,71.61,73.41,71.61,73.32,674100
2021-03-29T14:00:00Z,73.32,73.94,72.88,73.06,644000
2021-03-29T15:00:00Z,73.06,73.48,72.83,73.29,493800
2021-03-29T16:00:00Z,73.28,73.75,72.95,73.51,913700
2021-03-29T17:00:00Z,73.51,73.7,72.9,72.96,384900
2021-03-29T18:00:00Z,72.97,73.37,72.3,72.51,613000
2021-03-29T19:00:00Z,72.49,73.31,72.36,73.1,874700
2021-03-30T13:00:00Z,74.03,74.03,71.96,72.45,908500
2021-03-30T14:00:00Z,72.4,72.83,71.66,71.75,759800
2021-03-30T15:00:00Z,71.71,72.25,71.66,71.93,602400
2021-03-30T16:00:00Z,71.88,71.93,71.37,71.38,690600
2021-03-30T17:00:00Z,71.4,71.78,70.87,71.22,1212700
2021-03-30T18:00:00Z,71.22,71.36,70.84,70.89,851300
2021-03-30T19:00:00Z,70.9,71.06,70.52,70.74,1946300
2021-03-31T13:00:00Z,70.95,71.16,69.82,69.93,1066600
2021-03-31T14:00:00Z,69.93,69.93,68.91,69.2,1634100
2021-03-31T15:00:00Z,69.22,69.47,69.05,69.14,727200
2021-03-31T16:00:00Z,69.14,69.55,69.1,69.39,1241800
2021-03-31T17:00:00Z,69.37,69.63,69.26,69.39,864100
2021-03-31T18:00:00Z,69.4,69.45,68.64,68.89,5631900
2021-03-31T19:00:00Z,68.89,69.21,68.74,68.81,2465200
2021-04-01T13:00:00Z,68.79,69.1,68.02,68.76,1500400
2021-04-01T14:00:00Z,68.73,68.87,68.1,68.64,1379200
2021-04-01T15:00:00Z,68.65,69.02,68.4,68.94,791100
2021-04-01T16:00:00Z,68.94,69.75,68.8,69.35,1442700
2021-04-01T17:00:00Z,69.37,69.55,68.84,69.22,1131100
2021-04-01T18:00:00Z,69.23,69.89,69.2,69.56,714900
2021-04-01T19:00:00Z,69.57,69.68,68.73,69.15,874700
2021-04-05T13:00:00Z,69.46,69.46,67.63,68.38,1874900
2021-04-05T14:00:00Z,68.44,68.46,67.9,67.99,1400900
2021-04-05T15:00:00Z,67.98,68.6,67.74,68.55,784900
2021-04-05T16:00:00Z,68.54,68.96,68.2,68.8,940700
2021-04-05T17:00:00Z,68.79,69.06,68.46,68.58,811400
2021-04-05T18:00:00Z,68.6,68.99,68.54,68.76,587900
2021-04-05T19:00:00Z,68.76,69.25,68.42,69.17,923600
2021-04-06T13:00:00Z,69.01,69.7,68.83,69.39,612700
2021-04-06T14:00:00Z,69.4,70.64,69.4,70.38,1155500
2021-04-06T15:00:00Z,70.37,70.37,69.72,70.03,653800
2021-04-06T16:00:00Z,70.03,70.25,69.79,70.16,596400
2021-04-06T17:00:00Z,70.15,70.21,69.66,69.85,499400
2021-04-06T18:00:00Z,69.87,70.37,69.85,70.02,758400
2021-04-06T19:00:00Z,70.02,70.2,69.85,69.9,479000
2021-04-07T13:00:00Z,70.03,70.36,69.26,69.71,911500
2021-04-07T14:00:00Z,69.72,70.22,69.4,69.91,624800
2021-04-07T15:00:00Z,69.9,69.94,69.38,69.44,392100
2021-04-07T16:00:00Z,69.47,70,69.38,69.89,400100
2021-04-07T17:00:00Z,69.92,69.92,69.52,69.78,460400
2021-04-07T18:00:00Z,69.81,70.21,69.8,69.87,1284800
2021-04-07T19:00:00Z,69.86,69.95,69.65,69.71,587400
2021-04-08T13:00:00Z,70.05,70.75,70.02,70.32,553800
2021-04-08T14:00:00Z,70.34,70.44,69.66,69.77,547100
2021-04-08T15:00:00Z,69.77,70.35,69.44,70.23,545600
2021-04-08T16:00:00Z,70.22,70.63,70,70.31,441700
2021-04-08T17:00:00Z,70.31,70.31,69.85,69.99,244200
2021-04-08T18:00:00Z,69.99,70.52,69.9,70.35,367800
2021-04-08T19:00:00Z,70.35,70.49,69.98,70.2,468600
2021-04-09T13:00:00Z,71.71,72.36,71.16,71.38,1858100
2021-04-09T14:00:00Z,71.38,71.6,71.2,71.53,650400
2021-04-09T15:00:00Z,71.56,72.1,71.2,71.85,600500
2021-04-09T16:00:00Z,71.84,72.06,71.62,71.77,553000
2021-04-09T17:00:00Z,71.75,71.75,71.29,71.32,507600
2021-04-09T18:00:00Z,71.3,71.59,71.03,71.37,518200
2021-04-09T19:00:00Z,71.37,71.6,71.18,71.3,709400
2021-04-12T13:00:00Z,71.15,72.34,71.12,71.51,797700
2021-04-12T14:00:00Z,71.51,72.68,71.43,72.4,802900
2021-04-12T15:00:00Z,72.43,72.86,72.39,72.46,3531200
2021-04-12T16:00:00Z,72.43,72.6,72.03,72.26,380600
2021-04-12T17:00:00Z,72.27,72.41,71.96,72.14,367600
2021-04-12T18:00:00Z,72.14,72.2,71.89,72.06,832700
2021-04-12T19:00:00Z,72.05,72.09,71.47,71.64,1005700
2021-04-13T13:00:00Z,72.9,73.32,72.51,72.62,1518700
2021-04-13T14:00:00Z,72.62,72.62,71.91,72.29,1275400
2021-04-13T15:00:00Z,72.32,72.75,72.14,72.64,484000
2021-04-13T16:00:00Z,72.64,72.76,72.22,72.68,385300
2021-04-13T17:00:00Z,72.66,72.74,72.32,72.59,302100
2021-04-13T18:00:00Z,72.6,72.6,71.91,72.13,443300
2021-04-13T19:00:00Z,72.12,72.26,71.95,72.15,425000
2021-04-14T13:00:00Z,72.68,72.9,72.05,72.62,779000
2021-04-14T14:00:00Z,72.61,72.64,71.85,71.94,1207900
2021-04-14T15:00:00Z,71.94,71.94,71.25,71.25,852100
2021-04-14T16:00:00Z,71.25,71.63,71.01,71.46,621900
2021-04-14T17:00:00Z,71.46,71.75,71.1,71.17,730200
2021-04-14T18:00:00Z,71.17,71.54,71.05,71.19,935400
2021-04-14T19:00:00Z,71.2,71.62,71.1,71.57,969100
2021-04-15T13:00:00Z,71.45,72.4,71.1,72.3,1069300
2021-04-15T14:00:00Z,72.28,72.52,72,72.01,533000
2021-04-15T15:00:00Z,72.02,72.45,72.02,72.29,272500
2021-04-15T16:00:00Z,72.29,72.65,72.17,72.42,279300
2021-04-15T17:00:00Z,72.43,72.49,72.04,72.09,553500
2021-04-15T18:00:00Z,72.09,72.17,71.74,72.02,607900
2021-04-15T19:00:00Z,72.03,72.18,71.83,72.09,655400
2021-04-16T13:00:00Z,72.68,73.8,72.16,72.63,1411100
2021-04-16T14:00:00Z,72.63,73.26,72.41,72.6,658200
2021-04-16T15:00:00Z,72.6,72.8,71.9,72.49,451900
2021-04-16T16:00:00Z,72.5,72.55,71.8,71.96,560800
2021-04-16T17:00:00Z,71.96,72.02,71.3,71.39,704800
2021-04-16T18:00:00Z,71.39,71.67,70.9,71.14,866500
2021-04-16T19:00:00Z,71.14,71.43,70.75,71.3,1107100
2021-04-19T13:00:00Z,72,72.49,71.55,71.73,885300
2021-04-19T14:00:00Z,71.73,71.9,71.44,71.73,487100
2021-04-19T15:00:00Z,71.73,72.62,71.45,72.52,962300
2021-04-19T16:00:00Z,72.53,73.23,72.51,72.8,944600
2021-04-19T17:00:00Z,72.8,72.97,72.32,72.74,415200
2021-04-19T18:00:00Z,72.71,72.84,71.94,72.21,438300
2021-04-19T19:00:00Z,72.21,72.36,71.79,72.11,703400
2021-04-20T13:00:00Z,72.13,72.44,71.8,72.13,453400
2021-04-20T14:00:00Z,72.14,72.78,72.02,72.16,882500
2021-04-20T15:00:00Z,72.15,72.72,71.94,72.62,505200
2021-04-20T16:00:00Z,72.62,72.68,72.33,72.52,245300
2021-04-20T17:00:00Z,72.51,72.58,72.14,72.53,252200
2021-04-20T18:00:00Z,72.5,72.57,71.97,72.22,303100
2021-04-20T19:00:00Z,72.21,72.42,71.91,72.04,546300
2021-04-22T13:00:00Z,72.99,72.99,71.26,71.37,722800
2021-04-22T14:00:00Z,71.31,71.75,71.07,71.07,846700
2021-04-22T15:00:00Z,71.07,71.18,70.66,70.75,548000
2021-04-22T16:00:00Z,70.75,71.01,70.12,70.18,1121300
2021-04-22T17:00:00Z,70.18,70.33,69.63,69.91,1490500
2021-04-22T18:00:00Z,69.91,70.12,69.71,69.76,653000
2021-04-22T19:00:00Z,69.76,70.04,69.52,69.67,891200
2021-04-23T13:00:00Z,69.95,69.99,68.33,68.62,1579500
2021-04-23T14:00:00Z,68.66,69.06,68.44,68.76,1203800
2021-04-23T15:00:00Z,68.74,69.5,68.72,69.2,778400
2021-04-23T16:00:00Z,69.2,69.78,69.18,69.61,902400
2021-04-23T17:00:00Z,69.62,69.95,69.4,69.95,967500
2021-04-23T18:00:00Z,69.95,70.25,69.75,69.86,770900
2021-04-23T19:00:00Z,69.87,70.39,69.81,70.05,844700
2021-04-26T13:00:00Z,70,70.5,68.9,68.95,1026200
2021-04-26T14:00:00Z,68.94,69.13,68.71,68.87,557100
2021-04-26T15:00:00Z,68.88,69.53,68.76,69.51,611600
2021-04-26T16:00:00Z,69.51,69.75,69.29,69.43,581700
2021-04-26T17:00:00Z,69.41,69.44,68.92,69.11,537900
2021-04-26T18:00:00Z,69.1,69.24,68.93,69.14,453100
2021-04-26T19:00:00Z,69.14,69.27,68.81,69.12,706300
2021-04-27T13:00:00Z,69.74,69.99,69.17,69.83,947500
2021-04-27T14:00:00Z,69.83,69.88,69.27,69.51,573200
2021-04-27T15:00:00Z,69.52,70.49,69.34,70.25,990200
2021-04-27T16:00:00Z,70.25,70.46,69.94,70.42,477000
2021-04-27T17:00:00Z,70.41,70.79,70.17,70.27,670600
2021-04-27T18:00:00Z,70.27,70.64,70.02,70.62,658200
2021-04-27T19:00:00Z,70.63,70.75,70.3,70.43,673200
2021-04-28T13:00:00Z,70.83,70.83,69.12,69.15,609500
2021-04-28T14:00:00Z,69.18,69.4,68.65,68.76,1396300
2021-04-28T15:00:00Z,68.73,69.48,68.4,69.32,1388100
2021-04-28T16:00:00Z,69.29,69.32,68.82,68.83,681600
2021-04-28T17:00:00Z,68.83,69.09,68.66,68.72,4556300
2021-04-28T18:00:00Z,68.71,68.9,68.11,68.26,1310400
2021-04-28T19:00:00Z,68.26,68.27,67.26,67.4,1759200
2021-04-29T13:00:00Z,67.93,68.81,67.4,68.61,1635800
2021-04-29T14:00:00Z,68.6,68.73,68.1,68.61,934700
2021-04-29T15:00:00Z,68.6,69.08,68.51,68.68,2296400
2021-04-29T16:00:00Z,68.67,69.14,68.38,68.8,620700
2021-04-29T17:00:00Z,68.83,69.03,68.31,68.5,579500
2021-04-29T18:00:00Z,68.48,68.67,68.35,68.37,503400
2021-04-29T19:00:00Z,68.38,68.39,67.67,67.92,934500
2021-04-30T13:00:00Z,68.17,69.08,67.55,68.95,1242700
2021-04-30T14:00:00Z,68.96,69.88,68.74,69.71,1283700
2021-04-30T15:00:00Z,69.68,69.8,68.7,69,1198800
2021-04-30T16:00:00Z,68.99,69.38,68.87,69.04,573500
2021-04-30T17:00:00Z,69.04,69.24,68.85,69.13,647500
2021-04-30T18:00:00Z,69.14,69.6,68.89,69.24,1279700
2021-04-30T19:00:00Z,69.24,69.32,68.87,68.95,1443300
2021-05-03T13:00:00Z,68.28,68.65,67.4,67.75,900300
2021-05-03T14:00:00Z,67.72,68.1,67.6,67.76,669700
2021-05-03T15:00:00Z,67.75,67.98,67.55,67.88,450800
2021-05-03T16:00:00Z,67.88,67.89,67.11,67.39,484500
2021-05-03T17:00:00Z,67.4,67.43,66.85,66.87,614700
2021-05-03T18:00:00Z,66.87,67.79,66.8,67.79,1342700
2021-05-03T19:00:00Z,67.78,67.98,67.46,67.73,843700
2021-05-04T13:00:00Z,67.7,69.08,67.59,68.56,1169700
2021-05-04T14:00:00Z,68.55,68.67,68.15,68.45,572000
2021-05-04T15:00:00Z,68.44,69.12,68.24,68.26,810200
2021-05-04T16:00:00Z,68.28,68.31,67.75,67.76,373600
2021-05-04T17:00:00Z,67.75,67.99,67.43,67.63,323600
2021-05-04T18:00:00Z,67.63,67.77,67.26,67.35,511900
2021-05-04T19:00:00Z,67.34,67.77,67.26,67.63,526300
2021-05-05T13:00:00Z,67.8,68.03,67.15,68.01,655000
2021-05-05T14:00:00Z,68.01,68.7,67.88,68.39,768300
2021-05-05T15:00:00Z,68.39,68.55,67.6,67.88,666900
2021-05-05T16:00:00Z,67.87,67.88,67.53,67.71,559200
2021-05-05T17:00:00Z,67.7,67.84,67.6,67.71,337900
2021-05-05T18:00:00Z,67.71,67.88,67.61,67.66,385800
2021-05-05T19:00:00Z,67.68,67.94,67.61,67.8,654100
2021-05-06T13:00:00Z,67.34,67.67,66.18,67.17,1269400
2021-05-06T14:00:00Z,67.17,67.29,66.6,67.04,795900
2021-05-06T15:00:00Z,67.04,67.54,66.66,67.19,1350300
2021-05-06T16:00:00Z,67.18,67.59,66.97,67.29,1324500
2021-05-06T17:00:00Z,67.32,67.36,66.73,66.83,584200
2021-05-06T18:00:00Z,66.83,67.25,66.74,66.95,755800
2021-05-06T19:00:00Z,66.98,67.31,66.82,67.3,912300
2021-05-07T13:00:00Z,67.08,67.85,66,66.97,1469700
2021-05-07T14:00:00Z,67.01,67.66,66.81,67.31,807300
2021-05-07T15:00:00Z,67.34,67.42,66.5,66.53,850900
2021-05-07T16:00:00Z,66.53,66.57,66.2,66.52,645300
2021-05-07T17:00:00Z,66.52,66.87,66.4,66.66,549400
2021-05-07T18:00:00Z,66.67,67.19,66.63,67.08,702800
2021-05-07T19:00:00Z,67.09,67.47,66.93,67.17,875000
2021-05-10T13:00:00Z,67.33,69.36,67.02,69.08,1235900
2021-05-10T14:00:00Z,69.06,69.35,68.39,69.25,965700
2021-05-10T15:00:00Z,69.23,69.34,68.71,69.25,610100
2021-05-10T16:00:00Z,69.25,69.28,68.56,68.57,510800
2021-05-10T17:00:00Z,68.58,68.77,68.33,68.55,461500
2021-05-10T18:00:00Z,68.56,68.72,68.26,68.4,405100
2021-05-10T19:00:00Z,68.4,68.69,68.31,68.59,612600
2021-05-11T13:00:00Z,68.67,68.67,67.23,67.56,1010100
2021-05-11T14:00:00Z,67.56,68.04,67.43,67.73,504400
2021-05-11T15:00:00Z,67.73,67.85,67.4,67.65,544900
2021-05-11T16:00:00Z,67.66,67.71,67.35,67.48,387900
2021-05-11T17:00:00Z,67.48,67.8,67.45,67.6,469600
2021-05-11T18:00:00Z,67.58,67.84,67.5,67.7,532200
2021-05-11T19:00:00Z,67.7,68.31,67.65,68.3,798400
2021-05-12T13:00:00Z,67.7,68.23,67.26,67.7,892800
2021-05-12T14:00:00Z,67.71,68.87,67.54,68.6,1049300
2021-05-12T15:00:00Z,68.61,68.71,67.84,68.5,2615000
2021-05-12T16:00:00Z,68.52,69.35,68.4,69.27,746100
2021-05-12T17:00:00Z,69.25,69.35,68.82,69.25,641100
2021-05-12T18:00:00Z,69.26,69.34,68.77,68.94,611500
2021-05-12T19:00:00Z,68.93,68.95,68.25,68.25,930200
2021-05-13T13:00:00Z,68.47,70.75,67.86,69.41,2223500
2021-05-13T14:00:00Z,69.43,69.66,68.75,68.85,1099300
2021-05-13T15:00:00Z,68.79,69.14,68.55,68.59,724700
2021-05-13T16:00:00Z,68.59,69.11,67.46,67.64,3925800
2021-05-13T17:00:00Z,67.66,68.14,67.1,67.16,869700
2021-05-13T18:00:00Z,67.15,67.83,67.15,67.43,989600
2021-05-13T19:00:00Z,67.42,67.57,66.82,66.99,1194900
2021-05-14T13:00:00Z,67.41,67.43,65.66,65.82,1285900
2021-05-14T14:00:00Z,65.82,66.12,65.49,65.82,923300
2021-05-14T15:00:00Z,65.82,65.99,64.95,64.95,900300
2021-05-14T16:00:00Z,64.94,65.35,64.61,64.97,1461500
2021-05-14T17:00:00Z,64.98,65.04,64.68,64.81,957000
2021-05-14T18:00:00Z,64.82,65.44,64.8,65.27,708300
2021-05-14T19:00:00Z,65.28,65.51,65.17,65.2,988300
2021-05-17T13:00:00Z,65.71,66.04,65.05,65.93,795400
2021-05-17T14:00:00Z,65.93,66.15,65.62,65.63,553400
2021-05-17T15:00:00Z,65.62,65.97,65.6,65.77,348200
2021-05-17T16:00:00Z,65.78,65.96,65.5,65.81,483800
2021-05-17T17:00:00Z,65.84,65.92,65.63,65.71,404900
2021-05-17T18:00:00Z,65.71,66.4,65.53,66.16,944500
2021-05-17T19:00:00Z,66.17,66.98,66.06,66.6,1505400
2021-05-18T13:00:00Z,66.52,67.08,66.08,66.57,743900
2021-05-18T14:00:00Z,66.57,66.8,66.27,66.56,535900
2021-05-18T15:00:00Z,66.59,66.64,66.27,66.47,491100
2021-05-18T16:00:00Z,66.48,66.72,66.31,66.6,385400
2021-05-18T17:00:00Z,66.6,66.97,66.55,66.71,412600
2021-05-18T18:00:00Z,66.71,66.74,66.39,66.51,384400
2021-05-18T19:00:00Z,66.52,66.82,66.15,66.25,565500
2021-05-19T13:00:00Z,66,66.7,65.62,66.34,618800
2021-05-19T14:00:00Z,66.34,66.42,65.65,66.18,584800
2021-05-19T15:00:00Z,66.18,66.4,65.92,66.33,427900
2021-05-19T16:00:00Z,66.34,66.4,65.91,66.34,220000
2021-05-19T17:00:00Z,66.35,66.35,65.94,65.97,240200
2021-05-19T18:00:00Z,65.97,66.2,65.1,65.36,1058800
2021-05-19T19:00:00Z,65.34,66.25,65.2,65.91,618100
2021-05-20T13:00:00Z,66,66,65.22,65.47,506000
2021-05-20T14:00:00Z,65.47,65.5,64.81,64.81,718000
2021-05-20T15:00:00Z,64.81,64.82,63.85,63.96,1270700
2021-05-20T16:00:00Z,63.96,64.22,63.38,63.84,1219800
2021-05-20T17:00:00Z,63.82,63.97,63.46,63.46,684400
2021-05-20T18:00:00Z,63.48,63.68,63.41,63.58,774700
2021-05-20T19:00:00Z,63.59,63.64,63.33,63.49,1468600
2021-05-21T13:00:00Z,63.21,64.14,63,64.11,1860700
2021-05-21T14:00:00Z,64.13,64.44,63.43,63.44,1414000
2021-05-21T15:00:00Z,63.44,63.7,63.28,63.43,1462600
2021-05-21T16:00:00Z,63.44,64.29,63.4,64.2,962000
2021-05-21T17:00:00Z,64.2,65.02,64.07,64.89,1264900
2021-05-21T18:00:00Z,64.91,65.34,64.6,64.8,1034900
2021-05-21T19:00:00Z,64.81,65.26,64.41,65.01,1308200
2021-05-24T13:00:00Z,64.69,65.13,63.87,64.84,836000
2021-05-24T14:00:00Z,64.87,65.14,64.41,64.45,751400
2021-05-24T15:00:00Z,64.45,65.25,64.32,65.19,619000
2021-05-24T16:00:00Z,65.18,65.29,64.86,64.9,552200
2021-05-24T17:00:00Z,64.88,65.1,64.88,65.01,405800
2021-05-24T18:00:00Z,65.01,65.05,64.74,64.79,441500
2021-05-24T19:00:00Z,64.79,64.85,64.46,64.46,678700
2021-05-25T13:00:00Z,64.25,65.32,64.25,64.58,975800
2021-05-25T14:00:00Z,64.58,64.78,63.95,64.32,962600
2021-05-25T15:00:00Z,64.32,64.38,63.76,63.8,561200
2021-05-25T16:00:00Z,63.82,64.37,63.54,64.26,872300
2021-05-25T17:00:00Z,64.29,64.6,63.93,64.04,1004700
2021-05-25T18:00:00Z,64.06,64.4,63.85,64.08,460400
2021-05-25T19:00:00Z,64.06,64.78,63.97,64.7,911800
2021-05-26T13:00:00Z,64.7,65.08,64.24,64.26,1105200
2021-05-26T14:00:00Z,64.26,64.39,63.49,63.49,1099100
2021-05-26T15:00:00Z,63.51,63.7,63.01,63.2,1123300
2021-05-26T16:00:00Z,63.2,63.23,62.86,62.98,1234500
2021-05-26T17:00:00Z,62.95,63.24,62.59,62.65,1352300
2021-05-26T18:00:00Z,62.64,62.74,62.43,62.6,1162900
2021-05-26T19:00:00Z,62.6,62.61,62.28,62.42,1726500
2021-05-27T13:00:00Z,62.54,62.9,62,62.06,1176500
2021-05-27T14:00:00Z,62.05,62.15,61.58,61.73,999300
2021-05-27T15:00:00Z,61.72,62.44,61.64,62.41,876400
2021-05-27T16:00:00Z,62.4,62.9,62.15,62.59,1159000
2021-05-27T17:00:00Z,62.57,62.9,62.4,62.6,609200
2021-05-27T18:00:00Z,62.59,62.8,62.26,62.57,905200
2021-05-27T19:00:00Z,62.57,63.43,62.45,63.08,2470400
2021-05-28T13:00:00Z,62.64,62.9,61.82,62.14,851600
2021-05-28T14:00:00Z,62.14,62.31,61.54,61.69,667400
2021-05-28T15:00:00Z,61.7,61.85,61.58,61.77,227300
2021-05-28T16:00:00Z,61.79,61.99,61.51,61.62,339100
2021-05-28T17:00:00Z,61.63,61.82,61.44,61.74,549700
2021-05-28T18:00:00Z,61.74,62.15,61.52,61.8,471400
2021-05-28T19:00:00Z,61.8,61.98,61.4,61.6,1586300
2021-05-31T13:00:00Z,61.55,61.92,61.1,61.22,634100
2021-05-31T14:00:00Z,61.22,61.87,61.14,61.42,605600
2021-05-31T15:00:00Z,61.43,61.54,61.06,61.06,705100
2021-05-31T16:00:00Z,61.06,61.44,60.73,61.05,1303400
2021-05-31T17:00:00Z,61.08,61.14,60.81,60.91,733800
2021-05-31T18:00:00Z,60.9,60.94,60.48,60.52,1338700
2021-05-31T19:00:00Z,60.52,61,60.43,60.78,1364500
2021-06-01T13:00:00Z,60.61,61.39,59.89,61.18,2759300
2021-06-01T14:00:00Z,61.17,61.26,60.05,60.09,1709900
2021-06-01T15:00:00Z,60.09,60.14,59.35,59.7,3668300
2021-06-01T16:00:00Z,59.7,59.87,59.14,59.21,1669500
2021-06-01T17:00:00Z,59.2,59.39,59.01,59.33,2180900
2021-06-01T18:00:00Z,59.33,59.45,59.11,59.23,1465800
2021-06-01T19:00:00Z,59.22,59.6,59.14,59.46,1506300
2021-06-02T13:00:00Z,59.67,60.27,59.32,60,1138400
2021-06-02T14:00:00Z,60,60.18,59.2,59.41,1055500
2021-06-02T15:00:00Z,59.42,59.49,58.97,59.11,975400
2021-06-02T16:00:00Z,59.11,59.18,58.83,58.85,765100
2021-06-02T17:00:00Z,58.85,59.11,58.81,59.01,963900
2021-06-02T18:00:00Z,59.01,59.1,58.81,58.96,1018800
2021-06-02T19:00:00Z,58.96,59.39,58.85,59.2,1025100
2021-06-04T13:00:00Z,59.64,59.74,59.11,59.38,656500
2021-06-04T14:00:00Z,59.36,59.4,58.53,58.7,917200
2021-06-04T15:00:00Z,58.7,59.15,58.59,58.62,626500
2021-06-04T16:00:00Z,58.62,58.8,58.41,58.72,608900
2021-06-04T17:00:00Z,58.74,58.82,58.52,58.58,552700
2021-06-04T18:00:00Z,58.59,58.97,58.5,58.8,637400
2021-06-04T19:00:00Z,58.8,58.93,58.64,58.68,771600
2021-06-07T13:00:00Z,58.71,58.95,58.14,58.47,765200
2021-06-07T14:00:00Z,58.47,58.92,58.47,58.71,734800
2021-06-07T15:00:00Z,58.71,59.28,58.54,59.25,873400
2021-06-07T16:00:00Z,59.25,59.56,59.2,59.51,852200
2021-06-07T17:00:00Z,59.51,59.75,59.37,59.68,840700
2021-06-07T18:00:00Z,59.68,59.92,59.57,59.79,2226400
2021-06-07T19:00:00Z,59.8,60.19,59.55,59.55,1591000
2021-06-08T13:00:00Z,59.69,59.96,59.02,59.57,994800
2021-06-08T14:00:00Z,59.57,59.6,58.9,58.98,1111000
2021-06-08T15:00:00Z,58.97,59.02,58.81,59.01,610200
2021-06-08T16:00:00Z,59,59.04,58.2,58.23,989600
2021-06-08T17:00:00Z,58.23,58.25,57.84,58.06,1270000
2021-06-08T18:00:00Z,58.05,58.22,57.69,57.83,1099900
2021-06-08T19:00:00Z,57.83,58.26,57.83,58.06,1096400
2021-06-09T13:00:00Z,58.5,59.59,58.36,59.39,1233300
2021-06-09T14:00:00Z,59.39,59.96,59.12,59.88,1484000
2021-06-09T15:00:00Z,59.89,60.49,59.41,59.77,1681100
2021-06-09T16:00:00Z,59.79,60.78,59.75,60.63,1631000
2021-06-09T17:00:00Z,60.63,60.84,60.4,60.59,827600
2021-06-09T18:00:00Z,60.57,60.66,59.84,59.85,1249900
2021-06-09T19:00:00Z,59.87,60.12,59.6,59.7,989500
2021-06-10T13:00:00Z,60.08,60.08,58.46,59.09,2032600
2021-06-10T14:00:00Z,59.09,59.23,58.56,58.6,918400
2021-06-10T15:00:00Z,58.59,58.88,58.5,58.8,608600
2021-06-10T16:00:00Z,58.8,58.96,58.74,58.88,364600
2021-06-10T17:00:00Z,58.88,59.1,58.69,58.77,594700
2021-06-10T18:00:00Z,58.76,58.92,58.59,58.63,498600
2021-06-10T19:00:00Z,58.62,58.74,58.5,58.74,940100
2021-06-11T13:00:00Z,58.98,59.04,58.08,58.63,1338100
2021-06-11T14:00:00Z,58.63,59.34,58.59,58.76,986700
2021-06-11T15:00:00Z,58.76,59.17,58.55,59.12,732900
2021-06-11T16:00:00Z,59.11,59.15,58.65,58.97,616300
2021-06-11T17:00:00Z,58.98,59.13,58.78,58.87,645900
2021-06-11T18:00:00Z,58.87,58.92,58.72,58.78,648400
2021-06-11T19:00:00Z,58.78,58.85,58.65,58.76,586300
2021-06-14T13:00:00Z,58.9,59.36,58.67,58.92,698300
2021-06-14T14:00:00Z,58.92,59.22,58.92,59.11,549700
2021-06-14T15:00:00Z,59.12,59.27,59.03,59.2,390300
2021-06-14T16:00:00Z,59.2,59.2,58.45,58.6,640300
2021-06-14T17:00:00Z,58.58,58.64,58.21,58.21,581900
2021-06-14T18:00:00Z,58.21,58.32,58.12,58.26,535600
2021-06-14T19:00:00Z,58.26,58.38,58.14,58.24,578200
2021-06-15T13:00:00Z,58.68,58.82,58.32,58.55,485000
2021-06-15T14:00:00Z,58.55,58.78,58.35,58.52,312600
2021-06-15T15:00:00Z,58.52,58.9,58.52,58.86,498600
2021-06-15T16:00:00Z,58.85,59.05,58.51,58.87,570200
2021-06-15T17:00:00Z,58.86,58.93,58.58,58.59,355900
2021-06-15T18:00:00Z,58.61,58.61,58.25,58.25,416600
2021-06-15T19:00:00Z,58.26,58.3,58.1,58.12,495900
2021-06-16T13:00:00Z,58.4,58.46,57.7,57.82,664200
2021-06-16T14:00:00Z,57.81,57.86,57.34,57.5,695800
2021-06-16T15:00:00Z,57.49,57.62,57.31,57.31,442700
2021-06-16T16:00:00Z,57.32,57.41,56.94,57.16,661900
2021-06-16T17:00:00Z,57.16,57.5,57.04,57.32,1365700
2021-06-16T18:00:00Z,57.32,57.61,56.96,57.6,2129600
2021-06-16T19:00:00Z,57.6,58.1,57.5,57.85,2060200
2021-06-17T13:00:00Z,58.13,58.13,57.2,57.23,638400
2021-06-17T14:00:00Z,57.24,57.43,57.05,57.19,835800
2021-06-17T15:00:00Z,57.18,57.45,56.94,57,790200
2021-06-17T16:00:00Z,57,57.02,56.58,56.8,1463200
2021-06-17T17:00:00Z,56.79,56.95,56.63,56.66,1057400
2021-06-17T18:00:00Z,56.66,56.93,56.24,56.38,886300
2021-06-17T19:00:00Z,56.39,56.56,56.3,56.51,954200
2021-06-18T13:00:00Z,56.2,56.7,55.3,55.35,2816500
2021-06-18T14:00:00Z,55.36,56.23,55.25,55.82,2302200
2021-06-18T15:00:00Z,55.82,55.97,55.33,55.7,1213400
2021-06-18T16:00:00Z,55.69,56.16,55.58,55.97,917700
2021-06-18T17:00:00Z,55.98,56.75,55.78,56.75,1153500
2021-06-18T18:00:00Z,56.75,57.3,56.65,57.06,1450500
2021-06-18T19:00:00Z,57.05,57.37,56.97,57.33,898900
2021-06-21T13:00:00Z,56.7,57.44,56.4,57.26,1016400
2021-06-21T14:00:00Z,57.25,57.77,57.08,57.6,1297700
2021-06-21T15:00:00Z,57.58,58.48,57.58,58.43,1127700
2021-06-21T16:00:00Z,58.46,58.85,58.24,58.76,906600
2021-06-21T17:00:00Z,58.73,59.12,58.66,58.98,770000
2021-06-21T18:00:00Z,58.97,59.1,58.7,58.98,940700
2021-06-21T19:00:00Z,58.97,59,58.51,58.64,877200
2021-06-22T13:00:00Z,58.62,58.83,57.77,58.3,1133000
2021-06-22T14:00:00Z,58.3,59.08,57.88,58.2,1289300
2021-06-22T15:00:00Z,58.2,59.05,58.03,58.93,1111500
2021-06-22T16:00:00Z,58.93,59.05,58.8,59,867800
2021-06-22T17:00:00Z,59,59.45,58.9,59.2,1180500
2021-06-22T18:00:00Z,59.2,59.31,59,59.24,1226600
2021-06-22T19:00:00Z,59.24,59.44,58.87,58.91,1123300
2021-06-23T13:00:00Z,58.77,59.1,58.45,58.8,772700
2021-06-23T14:00:00Z,58.8,59.01,58.41,58.45,1539900
2021-06-23T15:00:00Z,58.46,58.89,58.14,58.79,497400
2021-06-23T16:00:00Z,58.79,58.79,58.14,58.15,517300
2021-06-23T17:00:00Z,58.14,58.67,58.05,58.6,483500
2021-06-23T18:00:00Z,58.6,58.68,58.27,58.62,547800
2021-06-23T19:00:00Z,58.62,58.68,57.84,58.07,761200
2021-06-24T13:00:00Z,58.35,59.1,58,59.02,921400
2021-06-24T14:00:00Z,59.02,59.57,58.62,59.45,1037000
2021-06-24T15:00:00Z,59.43,59.95,59.25,59.87,971500
2021-06-24T16:00:00Z,59.86,60.02,59.62,59.68,662900
2021-06-24T17:00:00Z,59.67,59.99,59.62,59.94,703700
2021-06-24T18:00:00Z,59.95,60.11,59.6,59.7,919000
2021-06-24T19:00:00Z,59.7,59.88,59.65,59.76,702200
2021-06-25T13:00:00Z,60.2,60.89,59.71,60.43,1470900
2021-06-25T14:00:00Z,60.42,60.42,59.25,59.36,952300
2021-06-25T15:00:00Z,59.36,59.54,59.01,59.09,604100
2021-06-25T16:00:00Z,59.12,59.29,58.75,59.21,812900
2021-06-25T17:00:00Z,59.21,59.22,58.79,59.01,577900
2021-06-25T18:00:00Z,59.05,59.09,58.13,58.15,756000
2021-06-25T19:00:00Z,58.18,58.59,57.86,58.36,904800
2021-06-28T13:00:00Z,58.88,59.4,58.52,59.32,561500
2021-06-28T14:00:00Z,59.32,59.6,58.94,59.18,547500
2021-06-28T15:00:00Z,59.18,59.3,59.04,59.24,264800
2021-06-28T16:00:00Z,59.26,59.78,59.22,59.73,323900
2021-06-28T17:00:00Z,59.73,59.89,59.54,59.88,469700
2021-06-28T18:00:00Z,59.88,59.96,59.72,59.85,554100
2021-06-28T19:00:00Z,59.86,59.94,59.71,59.83,1029200
2021-06-29T13:00:00Z,59.8,61.44,59.7,61.31,2111700
2021-06-29T14:00:00Z,61.29,61.31,60.15,60.2,1203300
2021-06-29T15:00:00Z,60.17,60.59,59.82,60.25,849900
2021-06-29T16:00:00Z,60.24,60.37,59.92,60.13,372900
2021-06-29T17:00:00Z,60.12,60.68,60.12,60.57,782900
2021-06-29T18:00:00Z,60.54,60.84,60.5,60.78,419900
2021-06-29T19:00:00Z,60.79,60.85,60.23,60.4,592200
2021-06-30T13:00:00Z,60.97,60.97,60.02,60.02,801600
2021-06-30T14:00:00Z,60.02,60.13,59.17,60.07,1082600
2021-06-30T15:00:00Z,60.06,60.09,59.4,59.76,728800
2021-06-30T16:00:00Z,59.77,60.28,59.76,60.22,615600
2021-06-30T17:00:00Z,60.23,60.33,59.86,60.18,665700
2021-06-30T18:00:00Z,60.18,60.42,59.99,60.22,798200
2021-06-30T19:00:00Z,60.22,60.25,59.8,59.9,952000
2021-07-01T13:00:00Z,59.81,60.17,59.34,60.06,632100
2021-07-01T14:00:00Z,60.07,60.56,59.9,60.18,783100
2021-07-01T15:00:00Z,60.18,60.6,59.99,60.31,783600
2021-07-01T16:00:00Z,60.31,60.46,60.16,60.32,348900
2021-07-01T17:00:00Z,60.32,60.52,60.23,60.32,464900
2021-07-01T18:00:00Z,60.33,60.81,60.1,60.13,1041900
2021-07-01T19:00:00Z,60.12,60.52,60.06,60.3,569000
2021-07-02T13:00:00Z,60.3,60.37,58.32,59.35,2381400
2021-07-02T14:00:00Z,59.35,59.65,58.75,59.62,1589000
2021-07-02T15:00:00Z,59.65,59.74,59.23,59.53,544900
2021-07-02T16:00:00Z,59.5,59.69,59.11,59.68,622600
2021-07-02T17:00:00Z,59.67,59.85,59.18,59.33,631100
2021-07-02T18:00:00Z,59.33,59.38,58.86,58.97,882000
2021-07-02T19:00:00Z,58.96,59.17,58.93,59.13,811400
2021-07-05T13:00:00Z,59.08,59.61,59,59.06,428900
2021-07-05T14:00:00Z,59.05,59.25,58.9,58.98,355600
2021-07-05T15:00:00Z,59,59.9,58.93,59.51,662200
2021-07-05T16:00:00Z,59.48,59.86,59.46,59.84,138000
2021-07-05T17:00:00Z,59.81,59.9,59.52,59.55,266400
2021-07-05T18:00:00Z,59.56,59.8,59.35,59.77,343100
2021-07-05T19:00:00Z,59.74,59.76,59.39,59.69,409500
2021-07-06T13:00:00Z,59.71,60.22,59.34,59.53,1002000
2021-07-06T14:00:00Z,59.5,59.78,59.2,59.3,1212600
2021-07-06T15:00:00Z,59.3,59.37,58.77,59.14,1216700
2021-07-06T16:00:00Z,59.15,59.28,58.91,59.01,514900
2021-07-06T17:00:00Z,59.04,59.19,58.98,59.07,469700
2021-07-06T18:00:00Z,59.08,59.19,58.96,59.1,967800
2021-07-06T19:00:00Z,59.11,59.48,59.04,59.4,1018100
2021-07-07T13:00:00Z,59.71,59.86,59.2,59.4,801300
2021-07-07T14:00:00Z,59.43,60.6,59.4,60.57,1307000
2021-07-07T15:00:00Z,60.57,61.08,60.4,60.96,966800
2021-07-07T16:00:00Z,60.96,61.3,60.84,61.24,495300
2021-07-07T17:00:00Z,61.27,61.34,60.93,61.17,662200
2021-07-07T18:00:00Z,61.16,61.25,60.94,61.25,960000
2021-07-07T19:00:00Z,61.25,61.37,60.92,61.05,1086900
2021-07-08T13:00:00Z,60.57,61.28,60.11,61.2,1191600
2021-07-08T14:00:00Z,61.13,61.28,60.57,61.14,1364300
2021-07-08T15:00:00Z,61.11,61.73,61.11,61.31,1027200
2021-07-08T16:00:00Z,61.31,61.36,60.94,61.19,591800
2021-07-08T17:00:00Z,61.2,61.27,60.95,61.08,506000
2021-07-08T18:00:00Z,61.1,61.14,60.86,61.01,794300
2021-07-08T19:00:00Z,61.01,61.08,60.55,60.92,1060900
2021-07-12T13:00:00Z,60.78,61.5,60.55,60.9,1206600
2021-07-12T14:00:00Z,60.89,61.09,60.56,60.83,1327600
2021-07-12T15:00:00Z,60.83,61.19,60.71,61.18,694200
2021-07-12T16:00:00Z,61.18,61.2,60.9,61.01,589200
2021-07-12T17:00:00Z,61.02,61.1,60.54,60.55,759000
2021-07-12T18:00:00Z,60.55,60.74,60.15,60.42,1348400
2021-07-12T19:00:00Z,60.42,60.7,60.32,60.46,1227500
2021-07-13T13:00:00Z,60.42,60.91,60.17,60.17,649200
2021-07-13T14:00:00Z,60.17,60.39,59.9,59.96,615400
2021-07-13T15:00:00Z,59.95,60.01,59.5,59.61,411800
2021-07-13T16:00:00Z,59.64,59.69,59.43,59.6,513800
2021-07-13T17:00:00Z,59.61,59.82,59.58,59.69,386700
2021-07-13T18:00:00Z,59.7,59.72,59.41,59.45,566100
2021-07-13T19:00:00Z,59.45,59.53,59.21,59.38,781000
2021-07-14T13:00:00Z,59.77,60.18,58.08,58.78,2257000
2021-07-14T14:00:00Z,58.77,59.22,58.65,58.81,758000
2021-07-14T15:00:00Z,58.83,59.18,58.78,59.12,422000
2021-07-14T16:00:00Z,59.12,59.52,58.94,59,635900
2021-07-14T17:00:00Z,58.99,59.04,58.61,58.66,543200
2021-07-14T18:00:00Z,58.67,58.98,58.64,58.91,596900
2021-07-14T19:00:00Z,58.93,59,58.65,58.84,767300
2021-07-15T13:00:00Z,58.88,59.04,58.37,58.45,716300
2021-07-15T14:00:00Z,58.45,58.54,57.8,57.94,1105600
2021-07-15T15:00:00Z,57.94,57.94,57.3,57.39,998700
2021-07-15T16:00:00Z,57.36,57.49,57.2,57.23,662100
2021-07-15T17:00:00Z,57.24,57.28,56.92,57.1,989200
2021-07-15T18:00:00Z,57.1,57.41,57.08,57.23,611300
2021-07-15T19:00:00Z,57.24,57.45,57.15,57.26,717700
2021-07-16T13:00:00Z,57.39,57.57,56.21,56.39,1257900
2021-07-16T14:00:00Z,56.41,58.28,56.06,57.77,2601800
2021-07-16T15:00:00Z,57.76,57.85,56.32,56.37,2044400
2021-07-16T16:00:00Z,56.38,56.56,56.3,56.5,523500
2021-07-16T17:00:00Z,56.5,56.5,56.11,56.18,606800
2021-07-16T18:00:00Z,56.17,56.77,56.14,56.7,897900
2021-07-16T19:00:00Z,56.7,56.74,56.1,56.28,1462400
2021-07-19T13:00:00Z,56.16,56.16,55.11,55.94,1414300
2021-07-19T14:00:00Z,55.95,56.19,55.56,55.91,1327300
2021-07-19T15:00:00Z,55.89,56,55.7,55.81,771300
2021-07-19T16:00:00Z,55.8,55.91,55.51,55.67,1732400
2021-07-19T17:00:00Z,55.66,55.97,55.43,55.57,797800
2021-07-19T18:00:00Z,55.55,55.82,55.41,55.7,1083000
2021-07-19T19:00:00Z,55.68,55.91,55.57,55.8,1019800
2021-07-20T13:00:00Z,56.27,56.45,55.67,56.18,782500
2021-07-20T14:00:00Z,56.18,56.6,56.16,56.55,819800
2021-07-20T15:00:00Z,56.53,56.87,56.34,56.59,480300
2021-07-20T16:00:00Z,56.59,56.98,56.58,56.96,361800
2021-07-20T17:00:00Z,56.98,57.1,56.73,56.98,413500
2021-07-20T18:00:00Z,56.98,57.25,56.87,56.99,667600
2021-07-20T19:00:00Z,56.96,56.99,56.56,56.68,629400
2021-07-21T13:00:00Z,57.12,57.22,56.7,57,655300
2021-07-21T14:00:00Z,57.01,57.08,56.6,56.72,531300
2021-07-21T15:00:00Z,56.75,57.01,56.57,56.75,359700
2021-07-21T16:00:00Z,56.74,56.96,56.63,56.93,250200
2021-07-21T17:00:00Z,56.93,56.94,56.54,56.69,264000
2021-07-21T18:00:00Z,56.69,56.88,56.42,56.75,541800
2021-07-21T19:00:00Z,56.76,56.95,56.6,56.9,746900
2021-07-22T13:00:00Z,56.67,57.37,56.67,56.93,578500
2021-07-22T14:00:00Z,56.93,57.45,56.92,57.23,403300
2021-07-22T15:00:00Z,57.21,57.3,56.94,56.96,268300
2021-07-22T16:00:00Z,56.96,57.2,56.72,56.83,415500
2021-07-22T17:00:00Z,56.83,56.98,56.71,56.92,244100
2021-07-22T18:00:00Z,56.93,57.16,56.85,57.03,497800
2021-07-22T19:00:00Z,57.03,57.13,56.91,56.93,644600
2021-07-23T13:00:00Z,56.55,56.89,56.26,56.45,540700
2021-07-23T14:00:00Z,56.44,56.76,56.34,56.6,831000
2021-07-23T15:00:00Z,56.6,56.8,56.35,56.43,593100
2021-07-23T16:00:00Z,56.43,56.54,56.14,56.23,440800
2021-07-23T17:00:00Z,56.21,56.29,55.83,56.18,581100
2021-07-23T18:00:00Z,56.17,56.32,56.02,56.17,722500
2021-07-23T19:00:00Z,56.18,56.4,56.09,56.22,498800
2021-07-26T13:00:00Z,56.44,56.72,56.06,56.22,526800
2021-07-26T14:00:00Z,56.2,56.4,56.07,56.37,539000
2021-07-26T15:00:00Z,56.4,56.4,56.2,56.33,209900
2021-07-26T16:00:00Z,56.32,56.49,56.23,56.39,156900
2021-07-26T17:00:00Z,56.4,56.6,56.28,56.53,234400
2021-07-26T18:00:00Z,56.53,56.82,56.49,56.75,242100
2021-07-26T19:00:00Z,56.76,57.08,56.5,56.7,582800
2021-07-27T13:00:00Z,56.3,56.55,55.9,55.91,370700
2021-07-27T14:00:00Z,55.91,56.22,55.86,56.01,632300
2021-07-27T15:00:00Z,56.03,56.19,55.7,55.91,951600
2021-07-27T16:00:00Z,55.91,55.91,55.26,55.27,908400
2021-07-27T17:00:00Z,55.27,55.43,55.11,55.33,456600
2021-07-27T18:00:00Z,55.34,55.65,55.3,55.42,671200
2021-07-27T19:00:00Z,55.44,55.97,55.3,55.86,883800
2021-07-28T13:00:00Z,56.33,56.58,56.1,56.55,369700
2021-07-28T14:00:00Z,56.56,56.58,55.76,55.78,456700
2021-07-28T15:00:00Z,55.81,55.99,55.75,55.94,427100
2021-07-28T16:00:00Z,55.94,56.04,55.74,55.81,346300
2021-07-28T17:00:00Z,55.8,56.06,55.41,55.89,1059000
2021-07-28T18:00:00Z,55.87,56,55.32,55.66,810200
2021-07-28T19:00:00Z,55.68,55.75,55.5,55.69,590500
2021-07-29T13:00:00Z,55.78,56.05,55.61,55.76,533100
2021-07-29T14:00:00Z,55.74,55.99,55.63,55.69,379400
2021-07-29T15:00:00Z,55.69,55.8,55.5,55.74,510900
2021-07-29T16:00:00Z,55.74,55.77,55.43,55.56,622200
2021-07-29T17:00:00Z,55.58,55.75,55.46,55.71,244700
2021-07-29T18:00:00Z,55.71,55.78,55.57,55.66,301400
2021-07-29T19:00:00Z,55.66,55.78,55.6,55.78,545300
2021-07-30T13:00:00Z,55.6,55.82,55.31,55.4,814900
2021-07-30T14:00:00Z,55.4,55.52,54.4,54.79,1653100
2021-07-30T15:00:00Z,54.78,55.02,54.75,54.89,384600
2021-07-30T16:00:00Z,54.89,54.93,54.22,54.66,863800
2021-07-30T17:00:00Z,54.64,54.68,54.21,54.49,842800
2021-07-30T18:00:00Z,54.48,54.49,54.11,54.27,819200
2021-07-30T19:00:00Z,54.27,54.6,54.02,54.35,1288300
2021-08-02T13:00:00Z,54.54,55,54.38,54.79,860500
2021-08-02T14:00:00Z,54.8,55,54.11,54.19,1398000
2021-08-02T15:00:00Z,54.2,55.31,54.2,55.28,927200
2021-08-02T16:00:00Z,55.26,55.59,54.97,55.14,1043400
2021-08-02T17:00:00Z,55.14,55.27,54.95,55.01,468000
2021-08-02T18:00:00Z,55,55.06,54.54,54.57,529900
2021-08-02T19:00:00Z,54.57,54.82,54.53,54.77,878700
2021-08-03T13:00:00Z,54.3,54.79,53.9,54.05,900400
2021-08-03T14:00:00Z,54.07,54.84,53.93,54.57,1107100
2021-08-03T15:00:00Z,54.57,55.01,54.25,54.78,739100
2021-08-03T16:00:00Z,54.78,54.9,54.53,54.78,504300
2021-08-03T17:00:00Z,54.79,54.91,54.56,54.71,627100
2021-08-03T18:00:00Z,54.71,55.13,54.67,54.84,1194100
2021-08-03T19:00:00Z,54.83,55.1,54.83,54.96,795400
2021-08-04T13:00:00Z,54.61,56.46,54.61,55.87,1587900
2021-08-04T14:00:00Z,55.85,55.85,55,55.34,1081700
2021-08-04T15:00:00Z,55.35,55.38,54.87,55.33,703000
2021-08-04T16:00:00Z,55.33,55.54,55.2,55.38,493900
2021-08-04T17:00:00Z,55.36,55.69,55.36,55.63,423200
2021-08-04T18:00:00Z,55.63,55.71,55.27,55.41,1063800
2021-08-04T19:00:00Z,55.42,55.5,54.82,55.13,650200
2021-08-05T13:00:00Z,55.25,55.25,54.4,54.79,926100
2021-08-05T14:00:00Z,54.76,54.89,54.12,54.27,735600
2021-08-05T15:00:00Z,54.26,54.43,54,54.26,615000
2021-08-05T16:00:00Z,54.25,54.3,53.83,54.03,872800
2021-08-05T17:00:00Z,54.03,54.3,53.85,54.27,770000
2021-08-05T18:00:00Z,54.28,54.51,54.11,54.49,821100
2021-08-05T19:00:00Z,54.49,54.68,54.3,54.45,900300
2021-08-06T13:00:00Z,54.35,55.25,54.27,54.79,631400
2021-08-06T14:00:00Z,54.81,54.97,54.28,54.33,346100
2021-08-06T15:00:00Z,54.32,54.49,54.07,54.46,520400
2021-08-06T16:00:00Z,54.47,54.49,54.15,54.31,345900
2021-08-06T17:00:00Z,54.32,54.52,54.13,54.13,289900
2021-08-06T18:00:00Z,54.13,54.31,54.11,54.18,317700
2021-08-06T19:00:00Z,54.18,54.35,54.14,54.25,446700
2021-08-09T13:00:00Z,54.86,55.18,54.5,55.14,732200
2021-08-09T14:00:00Z,55.12,55.37,54.9,55.15,860600
2021-08-09T15:00:00Z,55.16,55.93,55.15,55.91,830200
2021-08-09T16:00:00Z,55.91,56.6,55.87,56.51,1426400
2021-08-09T17:00:00Z,56.51,56.82,56.33,56.71,1276800
2021-08-09T18:00:00Z,56.7,56.74,56.35,56.51,1463400
2021-08-09T19:00:00Z,56.51,56.78,56.2,56.25,1071900
2021-08-10T13:00:00Z,56.14,56.95,56,56.91,545800
2021-08-10T14:00:00Z,56.92,57.56,56.8,57.41,2023900
2021-08-10T15:00:00Z,57.42,57.5,57.21,57.32,658000
2021-08-10T16:00:00Z,57.3,57.5,57.05,57.23,604800
2021-08-10T17:00:00Z,57.23,57.41,57.06,57.15,534900
2021-08-10T18:00:00Z,57.15,57.19,56.82,56.83,476600
2021-08-10T19:00:00Z,56.84,57.03,56.75,56.94,777800
2021-08-11T13:00:00Z,56.85,57.08,55.85,56.09,1097500
2021-08-11T14:00:00Z,56.07,56.39,55.85,56.39,1002900
2021-08-11T15:00:00Z,56.38,56.92,56.02,56.88,811900
2021-08-11T16:00:00Z,56.88,56.96,56.65,56.69,880100
2021-08-11T17:00:00Z,56.68,56.96,56.6,56.93,411000
2021-08-11T18:00:00Z,56.93,57,56.64,56.73,523100
2021-08-11T19:00:00Z,56.73,56.74,56.19,56.59,998200
2021-08-12T13:00:00Z,56.66,57.08,55.8,56.13,2895700
2021-08-12T14:00:00Z,56.14,56.46,55,55.22,1365700
2021-08-12T15:00:00Z,55.22,55.69,55.02,55.4,932300
2021-08-12T16:00:00Z,55.39,55.88,55.27,55.6,2108400
2021-08-12T17:00:00Z,55.57,55.7,55.26,55.45,608300
2021-08-12T18:00:00Z,55.44,55.76,55.35,55.62,799800
2021-08-12T19:00:00Z,55.63,55.71,55.45,55.64,684000
2021-08-13T13:00:00Z,55.5,56.09,55.22,56.04,759600
2021-08-13T14:00:00Z,56.07,56.54,55.74,56,920800
2021-08-13T15:00:00Z,56,56.47,55.99,56.44,439300
2021-08-13T16:00:00Z,56.43,56.82,56.4,56.68,963900
2021-08-13T17:00:00Z,56.7,56.88,56.6,56.62,574400
2021-08-13T18:00:00Z,56.64,56.98,56.5,56.96,898900
2021-08-13T19:00:00Z,56.93,57.78,56.82,56.85,1852500
2021-08-16T13:00:00Z,56.7,58.05,56.44,58,1325500
2021-08-16T14:00:00Z,57.98,58.03,57.22,57.66,1234200
2021-08-16T15:00:00Z,57.66,57.8,57.25,57.4,744100
2021-08-16T16:00:00Z,57.4,57.68,57.29,57.62,548500
2021-08-16T17:00:00Z,57.63,57.87,57.4,57.8,1418500
2021-08-16T18:00:00Z,57.8,57.94,57.47,57.64,941300
2021-08-16T19:00:00Z,57.65,57.8,57.29,57.37,1235700
2021-08-17T13:00:00Z,57.47,58.65,57.3,58.24,1045900
2021-08-17T14:00:00Z,58.25,58.29,56.97,57.26,995800
2021-08-17T15:00:00Z,57.29,57.42,56.91,57.01,647500
2021-08-17T16:00:00Z,57,57.29,56.84,57.15,1152400
2021-08-17T17:00:00Z,57.15,57.39,56.92,57.01,793100
2021-08-17T18:00:00Z,57.02,57.06,56.8,57.02,637600
2021-08-17T19:00:00Z,57.01,57.3,56.73,57.06,1118200
2021-08-18T13:00:00Z,57.29,57.56,56.65,57.02,564600
2021-08-18T14:00:00Z,57,57.7,56.66,57.34,1215300
2021-08-18T15:00:00Z,57.31,57.75,57.24,57.7,725100
2021-08-18T16:00:00Z,57.71,57.84,57.3,57.52,835700
2021-08-18T17:00:00Z,57.53,57.67,56.53,56.58,1132300
2021-08-18T18:00:00Z,56.6,56.64,56.1,56.27,1550200
2021-08-18T19:00:00Z,56.26,56.69,56.1,56.2,1008000
2021-08-19T13:00:00Z,56.5,56.55,55,55.37,1684800
2021-08-19T14:00:00Z,55.35,55.6,54.5,55.21,3067100
2021-08-19T15:00:00Z,55.21,55.35,54.94,55.18,623700
2021-08-19T16:00:00Z,55.19,55.35,54.96,55.15,548400
2021-08-19T17:00:00Z,55.15,55.49,55.07,55.07,903400
2021-08-19T18:00:00Z,55.07,55.63,55,55.62,798000
2021-08-19T19:00:00Z,55.62,56.11,55.5,55.76,1269200
2021-08-20T13:00:00Z,56.1,57,55.5,56.64,4149800
2021-08-20T14:00:00Z,56.62,56.71,56.26,56.5,1742400
2021-08-20T15:00:00Z,56.5,57,56.47,56.8,1439000
2021-08-20T16:00:00Z,56.8,57.22,56.76,56.86,968000
2021-08-20T17:00:00Z,56.86,57.1,56.8,56.94,1572400
2021-08-20T18:00:00Z,56.95,57.13,56.81,57.03,882900
2021-08-20T19:00:00Z,57.02,57.1,56.8,56.95,1504400
2021-08-23T13:00:00Z,56.04,57.79,56.04,57,1860600
2021-08-23T14:00:00Z,57.03,57.79,56.98,57.77,956400
2021-08-23T15:00:00Z,57.76,58,57.26,57.51,797800
2021-08-23T16:00:00Z,57.51,57.93,57.43,57.91,561000
2021-08-23T17:00:00Z,57.91,58.23,57.65,57.66,952500
2021-08-23T18:00:00Z,57.67,57.8,57.56,57.71,483000
2021-08-23T19:00:00Z,57.72,57.73,57.45,57.55,855600
2021-08-24T13:00:00Z,58,59.3,58,58.06,1831000
2021-08-24T14:00:00Z,58.03,59.4,57.9,59.35,1958100
2021-08-24T15:00:00Z,59.34,59.34,58.81,58.89,811400
2021-08-24T16:00:00Z,58.89,59.1,58.85,58.87,349000
2021-08-24T17:00:00Z,58.87,59.12,58.81,59,498000
2021-08-24T18:00:00Z,59,59.02,58.75,58.96,790600
2021-08-24T19:00:00Z,58.97,59.05,58.83,58.9,623300
2021-08-25T13:00:00Z,58.82,59.84,58.58,59.81,1400600
2021-08-25T14:00:00Z,59.8,60.6,59.64,60.37,1858900
2021-08-25T15:00:00Z,60.37,60.74,60.26,60.73,994300
2021-08-25T16:00:00Z,60.72,61.42,60.7,61.12,1631200
2021-08-25T17:00:00Z,61.11,61.5,60.93,61.45,879700
2021-08-25T18:00:00Z,61.45,61.64,61.39,61.53,1066200
2021-08-25T19:00:00Z,61.52,62.4,61.5,62.01,3161600
2021-08-26T13:00:00Z,62.07,62.91,61.41,62.23,2356500
2021-08-26T14:00:00Z,62.25,62.38,61.65,61.94,1073000
2021-08-26T15:00:00Z,61.96,62.29,61.75,62.17,1205300
2021-08-26T16:00:00Z,62.18,62.6,61.94,62.53,545900
2021-08-26T17:00:00Z,62.53,62.57,62.01,62.13,481100
2021-08-26T18:00:00Z,62.14,62.19,61.74,61.99,536100
2021-08-26T19:00:00Z,61.97,62.08,61.63,61.85,701000
2021-08-27T13:00:00Z,61.37,62.34,60.46,61.95,1558500
2021-08-27T14:00:00Z,61.97,62.21,61.33,61.57,627900
2021-08-27T15:00:00Z,61.56,62.07,61.5,61.66,548800
2021-08-27T16:00:00Z,61.66,61.83,61.44,61.62,560100
2021-08-27T17:00:00Z,61.63,62.18,61.55,61.92,897100
2021-08-27T18:00:00Z,61.92,62.15,61.8,62.09,680000
2021-08-27T19:00:00Z,62.1,62.25,61.75,61.97,797000
2021-08-30T13:00:00Z,61.6,61.63,61.15,61.39,714600
2021-08-30T14:00:00Z,61.36,61.69,61.19,61.48,431000
2021-08-30T15:00:00Z,61.47,61.95,61.4,61.69,828700
2021-08-30T16:00:00Z,61.7,61.8,61.49,61.74,283000
2021-08-30T17:00:00Z,61.72,61.79,61.52,61.65,275800
2021-08-30T18:00:00Z,61.65,61.96,61.6,61.85,558300
2021-08-30T19:00:00Z,61.85,61.91,61.43,61.5,553900
2021-08-31T13:00:00Z,61.37,61.67,61.08,61.3,523500
2021-08-31T14:00:00Z,61.29,61.38,60.69,60.74,1449300
2021-08-31T15:00:00Z,60.73,60.77,60.34,60.54,649000
2021-08-31T16:00:00Z,60.52,61.36,60.51,61.04,619800
2021-08-31T17:00:00Z,61.02,61.09,60.77,60.8,504500
2021-08-31T18:00:00Z,60.8,61.16,60.77,60.99,507300
2021-08-31T19:00:00Z,60.99,61.29,60.98,61.14,744700
2021-09-01T13:00:00Z,61.3,61.45,60.2,61.11,696800
2021-09-01T14:00:00Z,61.09,61.8,60.81,60.92,601400
2021-09-01T15:00:00Z,60.93,61.72,60.53,61.16,612100
2021-09-01T16:00:00Z,61.16,61.47,60.99,61.45,683600
2021-09-01T17:00:00Z,61.45,61.79,61.25,61.59,554400
2021-09-01T18:00:00Z,61.61,61.91,61.53,61.71,483600
2021-09-01T19:00:00Z,61.71,61.82,61.15,61.27,699500
2021-09-02T13:00:00Z,61.49,62.61,61.17,62.04,1987700
2021-09-02T14:00:00Z,62.05,62.15,61.5,61.5,1656600
2021-09-02T15:00:00Z,61.5,61.5,60.69,60.97,1028600
2021-09-02T16:00:00Z,60.97,61.16,60.6,60.84,511900
2021-09-02T17:00:00Z,60.83,61.02,60.69,60.79,458900
2021-09-02T18:00:00Z,60.81,61.25,60.75,61.25,444900
2021-09-02T19:00:00Z,61.25,61.49,60.34,60.54,969000
2021-09-03T13:00:00Z,60.9,61,60.42,60.9,412600
2021-09-03T14:00:00Z,60.89,61.66,60.55,61.32,726300
2021-09-03T15:00:00Z,61.3,61.51,60.45,61.01,1136600
2021-09-03T16:00:00Z,61,61.26,60.85,61.05,390200
2021-09-03T17:00:00Z,61.04,61.15,60.82,61.15,326800
2021-09-03T18:00:00Z,61.15,62.3,61.13,61.95,1316000
2021-09-03T19:00:00Z,61.95,62.19,61.48,61.64,988700
2021-09-06T13:00:00Z,62.27,62.27,61.08,61.57,571200
2021-09-06T14:00:00Z,61.6,62.07,61.47,61.76,308200
2021-09-06T15:00:00Z,61.72,61.84,61.02,61.26,231200
2021-09-06T16:00:00Z,61.26,61.53,61.1,61.3,139100
2021-09-06T17:00:00Z,61.32,61.61,61.18,61.36,186100
2021-09-06T18:00:00Z,61.35,61.43,60.8,60.91,301100
2021-09-06T19:00:00Z,60.93,61.49,60.92,61.37,294800
2021-09-08T13:00:00Z,61.55,62.61,61.03,62.3,1602600
2021-09-08T14:00:00Z,62.29,62.59,61.16,61.41,1323500
2021-09-08T15:00:00Z,61.42,61.96,61.14,61.69,984600
2021-09-08T16:00:00Z,61.67,62.41,61.66,62.35,1063000
2021-09-08T17:00:00Z,62.35,63,62.2,62.5,1671600
2021-09-08T18:00:00Z,62.53,63.2,62.46,62.91,2141600
2021-09-08T19:00:00Z,62.9,63,62.6,62.6,1800000
2021-09-09T13:00:00Z,62.76,63.93,62.62,63.12,1564900
2021-09-09T14:00:00Z,63.08,63.87,62.91,62.94,1408000
2021-09-09T15:00:00Z,62.93,63.14,62.28,63.12,1133500
2021-09-09T16:00:00Z,63.11,63.24,62.92,63.05,693300
2021-09-09T17:00:00Z,63.04,63.21,62.73,62.84,747300
2021-09-09T18:00:00Z,62.85,63.05,62.71,62.98,959700
2021-09-09T19:00:00Z,62.98,63.88,62.29,62.29,2476100
2021-09-10T13:00:00Z,62.87,62.87,60.27,61.69,3626600
2021-09-10T14:00:00Z,61.69,61.75,60.86,61.24,632300
2021-09-10T15:00:00Z,61.21,61.44,61.1,61.31,429100
2021-09-10T16:00:00Z,61.31,61.39,61.12,61.14,292300
2021-09-10T17:00:00Z,61.13,61.59,60.88,61.49,1011500
2021-09-10T18:00:00Z,61.48,61.66,61.01,61.06,755700
2021-09-10T19:00:00Z,61.06,61.13,60.52,60.83,1184500
2021-09-13T13:00:00Z,60.78,60.95,59.73,60.31,1473900
2021-09-13T14:00:00Z,60.3,60.34,59.52,59.87,779000
2021-09-13T15:00:00Z,59.89,59.91,59.21,59.85,1029000
2021-09-13T16:00:00Z,59.85,59.93,59.72,59.78,516900
2021-09-13T17:00:00Z,59.79,59.81,59.38,59.69,650500
2021-09-13T18:00:00Z,59.71,59.98,59.45,59.98,425300
2021-09-13T19:00:00Z,59.99,59.99,59.52,59.7,518400
2021-09-14T13:00:00Z,60.02,60.15,59.47,59.73,1752900
2021-09-14T14:00:00Z,59.75,60.62,59.57,60.5,916600
2021-09-14T15:00:00Z,60.49,60.78,60.37,60.69,427000
2021-09-14T16:00:00Z,60.68,61.06,60.46,60.49,463000
2021-09-14T17:00:00Z,60.49,60.59,60.15,60.31,447700
2021-09-14T18:00:00Z,60.3,60.33,60.15,60.24,382300
2021-09-14T19:00:00Z,60.25,60.26,59.8,60.09,463200
2021-09-15T13:00:00Z,59.54,59.79,58.06,58.54,2654700
2021-09-15T14:00:00Z,58.52,59.03,58.43,58.58,1158100
2021-09-15T15:00:00Z,58.59,58.71,57.99,58.01,1453700
2021-09-15T16:00:00Z,58.02,58.18,57.63,57.84,1607200
2021-09-15T17:00:00Z,57.85,58.57,57.84,58.03,1729800
2021-09-15T18:00:00Z,58.05,58.18,57.75,57.85,1056600
2021-09-15T19:00:00Z,57.86,58.24,57.79,58.14,1137800
2021-09-16T13:00:00Z,58.19,58.19,56.4,56.52,1804400
2021-09-16T14:00:00Z,56.5,56.6,56.08,56.18,1117800
2021-09-16T15:00:00Z,56.18,56.47,55.75,55.85,1118900
2021-09-16T16:00:00Z,55.82,55.92,55.56,55.67,1353900
2021-09-16T17:00:00Z,55.69,56.04,55.4,55.49,1674100
2021-09-16T18:00:00Z,55.48,55.73,54.83,54.96,1939600
2021-09-16T19:00:00Z,54.95,55.28,54.7,54.8,2895000
2021-09-17T13:00:00Z,54.99,55,52.84,53.39,4721300
2021-09-17T14:00:00Z,53.36,54.09,53.22,53.63,2395600
2021-09-17T15:00:00Z,53.63,53.7,52.64,52.82,2109000
2021-09-17T16:00:00Z,52.8,53.01,52.5,52.66,2088900
2021-09-17T17:00:00Z,52.66,52.92,52.5,52.81,1489800
2021-09-17T18:00:00Z,52.81,53.12,52.7,52.84,1090800
2021-09-17T19:00:00Z,52.84,53.01,52.72,52.89,1446700
2021-09-20T13:00:00Z,51,51.67,50.71,51.16,1704000
2021-09-20T14:00:00Z,51.16,51.88,51.12,51.34,1242200
2021-09-20T15:00:00Z,51.33,51.34,50.76,50.94,918500
2021-09-20T16:00:00Z,50.94,51.15,50.81,51.08,1190100
2021-09-20T17:00:00Z,51.09,51.1,50.5,50.73,1220000
2021-09-20T18:00:00Z,50.71,50.9,50.35,50.54,1390000
2021-09-20T19:00:00Z,50.53,51.3,50.31,51.15,1554000
2021-09-21T13:00:00Z,52.09,52.11,50.77,50.94,1372700
2021-09-21T14:00:00Z,50.93,51.09,50.53,50.8,750900
2021-09-21T15:00:00Z,50.81,51.16,50.77,51.03,802100
2021-09-21T16:00:00Z,51.04,51.48,51,51.14,555500
2021-09-21T17:00:00Z,51.15,51.75,51.06,51.49,826200
2021-09-21T18:00:00Z,51.49,51.6,50.89,51.23,622400
2021-09-21T19:00:00Z,51.24,52.42,51.23,52.15,2593200
2021-09-22T13:00:00Z,53.63,54.21,52.83,53.73,2091100
2021-09-22T14:00:00Z,53.76,54.03,53.51,53.64,1234700
2021-09-22T15:00:00Z,53.64,54.34,53.41,53.91,1674800
2021-09-22T16:00:00Z,53.92,54.38,53.83,54.19,735600
2021-09-22T17:00:00Z,54.2,54.54,54.05,54.5,889400
2021-09-22T18:00:00Z,54.51,54.7,54.07,54.13,1522900
2021-09-22T19:00:00Z,54.12,54.22,53.88,54,1098900
2021-09-23T13:00:00Z,54.01,54.95,53.47,54.82,1394100
2021-09-23T14:00:00Z,54.85,54.94,54.31,54.77,827600
2021-09-23T15:00:00Z,54.76,55.09,54.75,55,1048800
2021-09-23T16:00:00Z,55.01,55.17,54.59,54.98,759300
2021-09-23T17:00:00Z,54.98,55.72,54.95,55.69,680100
2021-09-23T18:00:00Z,55.69,56,55.46,55.93,1033200
2021-09-23T19:00:00Z,55.91,56.19,55.67,55.89,1662800
2021-09-24T13:00:00Z,54.96,56.33,54.96,55.46,1043500
2021-09-24T14:00:00Z,55.46,55.75,55.3,55.56,1253000
2021-09-24T15:00:00Z,55.55,55.96,55.32,55.78,749900
2021-09-24T16:00:00Z,55.78,55.8,55.32,55.39,404600
2021-09-24T17:00:00Z,55.38,55.5,55.24,55.42,397600
2021-09-24T18:00:00Z,55.41,55.44,55.08,55.34,552800
2021-09-24T19:00:00Z,55.33,55.74,55.2,55.67,512500
2021-09-27T13:00:00Z,55.37,55.38,54.42,54.8,812700
2021-09-27T14:00:00Z,54.83,55.2,54.72,54.95,359700
2021-09-27T15:00:00Z,54.95,55.15,54.47,54.6,319700
2021-09-27T16:00:00Z,54.6,54.92,54.55,54.82,195900
2021-09-27T17:00:00Z,54.83,55.01,54.75,54.93,293700
2021-09-27T18:00:00Z,54.93,55.04,54.5,54.83,458600
2021-09-27T19:00:00Z,54.82,55.6,54.8,54.9,587500
2021-09-28T13:00:00Z,55.17,55.17,53.62,53.92,1042700
2021-09-28T14:00:00Z,53.93,54.3,53.31,53.87,1584100
2021-09-28T15:00:00Z,53.87,53.97,53.6,53.63,506700
2021-09-28T16:00:00Z,53.63,53.7,53.3,53.36,317500
2021-09-28T17:00:00Z,53.36,53.57,53.21,53.24,574700
2021-09-28T18:00:00Z,53.24,53.69,53.19,53.62,896100
2021-09-28T19:00:00Z,53.62,53.91,53.38,53.45,1002000
2021-09-29T13:00:00Z,54.19,54.31,53.45,53.65,764000
2021-09-29T14:00:00Z,53.65,54.45,53.53,54.36,668600
2021-09-29T15:00:00Z,54.35,54.63,54.25,54.57,436400
2021-09-29T16:00:00Z,54.57,54.63,54.05,54.29,345300
2021-09-29T17:00:00Z,54.29,54.4,53.71,53.84,580400
2021-09-29T18:00:00Z,53.81,54.15,53.66,53.89,494900
2021-09-29T19:00:00Z,53.89,54.02,53.73,53.89,560900
2021-09-30T13:00:00Z,53.65,54.81,53.64,54.59,722600
2021-09-30T14:00:00Z,54.57,55.84,54.57,55.42,794900
2021-09-30T15:00:00Z,55.4,55.49,54.9,55.04,440500
2021-09-30T16:00:00Z,55.05,55.23,54.85,55.01,905100
2021-09-30T17:00:00Z,55.01,55.21,54.8,54.81,413100
2021-09-30T18:00:00Z,54.81,54.95,54.7,54.84,508500
2021-09-30T19:00:00Z,54.84,54.9,53.9,54,921500
2021-10-01T13:00:00Z,53.67,53.68,52.74,52.97,1544600
2021-10-01T14:00:00Z,52.91,53.07,52.23,52.36,1142400
2021-10-01T15:00:00Z,52.36,52.6,52.1,52.48,1476000
2021-10-01T16:00:00Z,52.48,52.65,52.36,52.43,899600
2021-10-01T17:00:00Z,52.43,52.53,52.3,52.45,680000
2021-10-01T18:00:00Z,52.46,52.72,52.21,52.62,1021500
2021-10-01T19:00:00Z,52.62,52.62,52.34,52.35,1063000
2021-10-04T13:00:00Z,52.33,52.35,51.55,51.81,993700
2021-10-04T14:00:00Z,51.81,51.87,51.2,51.6,1113800
2021-10-04T15:00:00Z,51.61,52.04,51.47,51.7,753700
2021-10-04T16:00:00Z,51.7,51.71,51.33,51.33,346300
2021-10-04T17:00:00Z,51.35,51.51,51.15,51.5,642800
2021-10-04T18:00:00Z,51.49,51.63,51.37,51.51,587600
2021-10-04T19:00:00Z,51.51,51.75,51.21,51.32,871300
2021-10-05T13:00:00Z,51.37,51.63,50.69,50.78,941900
2021-10-05T14:00:00Z,50.77,51.12,50.44,50.76,1707200
2021-10-05T15:00:00Z,50.75,50.85,50.6,50.67,1003200
2021-10-05T16:00:00Z,50.68,50.7,50.38,50.38,525500
2021-10-05T17:00:00Z,50.38,50.53,50.31,50.43,644800
2021-10-05T18:00:00Z,50.44,50.55,50.31,50.43,661800
2021-10-05T19:00:00Z,50.42,50.48,50.22,50.35,1272100
2021-10-06T13:00:00Z,50.05,50.64,49.6,50.47,1456400
2021-10-06T14:00:00Z,50.45,50.46,49.79,50.38,687800
2021-10-06T15:00:00Z,50.39,50.44,49.92,50.04,790400
2021-10-06T16:00:00Z,50.04,50.09,49.75,49.89,1213400
2021-10-06T17:00:00Z,49.89,49.99,49.65,49.99,747500
2021-10-06T18:00:00Z,49.99,50.06,49.71,49.75,2661000
2021-10-06T19:00:00Z,49.77,49.85,49.6,49.69,1055500
2021-10-07T13:00:00Z,49.76,50.2,49.53,49.61,1054700
2021-10-07T14:00:00Z,49.61,49.65,49.33,49.36,780300
2021-10-07T15:00:00Z,49.36,49.62,49.29,49.35,1016400
2021-10-07T16:00:00Z,49.35,49.38,49.03,49.11,674400
2021-10-07T17:00:00Z,49.1,49.28,48.98,49.18,999800
2021-10-07T18:00:00Z,49.19,49.58,48.69,49.53,7977500
2021-10-07T19:00:00Z,49.53,49.67,49.25,49.41,1038000
2021-10-08T13:00:00Z,49.8,50.12,49.42,49.48,1126900
2021-10-08T14:00:00Z,49.48,49.62,49.22,49.55,792900
2021-10-08T15:00:00Z,49.52,49.9,49.31,49.63,800100
2021-10-08T16:00:00Z,49.63,49.87,49.43,49.75,1015200
2021-10-08T17:00:00Z,49.74,49.96,49.74,49.76,1208700
2021-10-08T18:00:00Z,49.76,49.82,49.47,49.5,753300
2021-10-08T19:00:00Z,49.49,49.6,49.2,49.3,941200
2021-10-11T13:00:00Z,49.4,50.17,48.82,50.05,1528100
2021-10-11T14:00:00Z,50.07,50.39,49.77,50.17,953100
2021-10-11T15:00:00Z,50.16,50.88,50.16,50.57,735200
2021-10-11T16:00:00Z,50.57,51.08,50.47,50.87,992300
2021-10-11T17:00:00Z,50.88,50.92,50.51,50.53,453300
2021-10-11T18:00:00Z,50.53,50.7,50.44,50.56,430900
2021-10-11T19:00:00Z,50.58,50.66,50.13,50.15,960500
2021-10-13T13:00:00Z,50.99,51.01,50.2,50.82,1063200
2021-10-13T14:00:00Z,50.83,50.95,50.22,50.64,532700
2021-10-13T15:00:00Z,50.63,51.77,50.63,51.46,848900
2021-10-13T16:00:00Z,51.46,51.78,51.46,51.77,525000
2021-10-13T17:00:00Z,51.78,51.88,51.5,51.54,616100
2021-10-13T18:00:00Z,51.55,51.55,50.98,51.34,1144800
2021-10-13T19:00:00Z,51.33,51.42,50.81,51,1602600
2021-10-14T13:00:00Z,51.19,51.33,49.85,49.99,1426600
2021-10-14T14:00:00Z,49.99,50.12,49.43,49.55,1379500
2021-10-14T15:00:00Z,49.56,49.69,49.39,49.49,731100
2021-10-14T16:00:00Z,49.5,49.78,49.41,49.55,768100
2021-10-14T17:00:00Z,49.55,49.65,49.27,49.37,579200
2021-10-14T18:00:00Z,49.36,49.99,49.35,49.89,1291500
2021-10-14T19:00:00Z,49.9,49.9,49.58,49.66,804200
2021-10-15T13:00:00Z,50.46,52.49,50.04,52.18,2694300
2021-10-15T14:00:00Z,52.19,52.31,51.21,51.23,1224200
2021-10-15T15:00:00Z,51.22,51.68,51,51.13,1124000
2021-10-15T16:00:00Z,51.13,51.43,50.93,51.34,1687700
2021-10-15T17:00:00Z,51.34,51.43,50.62,50.65,1931400
2021-10-15T18:00:00Z,50.65,50.96,50.51,50.82,972900
2021-10-15T19:00:00Z,50.82,51.07,50.81,50.85,727200
2021-10-18T13:00:00Z,50.2,50.58,49.62,49.71,1680600
2021-10-18T14:00:00Z,49.71,49.95,49.45,49.72,938500
2021-10-18T15:00:00Z,49.71,49.95,49.55,49.84,587300
2021-10-18T16:00:00Z,49.85,49.95,49.8,49.87,442100
2021-10-18T17:00:00Z,49.87,49.95,49.78,49.79,474800
2021-10-18T18:00:00Z,49.8,49.95,49.8,49.93,436700
2021-10-18T19:00:00Z,49.92,49.95,49.78,49.78,588900
2021-10-19T13:00:00Z,49.11,50.33,48.96,49.53,1251800
2021-10-19T14:00:00Z,49.51,49.65,49.08,49.26,736500
2021-10-19T15:00:00Z,49.26,49.28,48.93,49.03,446700
2021-10-19T16:00:00Z,49.04,49.14,48.9,49.14,372100
2021-10-19T17:00:00Z,49.13,49.49,49.04,49.45,588800
2021-10-19T18:00:00Z,49.45,49.5,48.4,48.5,1436500
2021-10-19T19:00:00Z,48.47,48.8,48.14,48.8,2471600
2021-10-20T13:00:00Z,48.69,49.2,48,48.15,959300
2021-10-20T14:00:00Z,48.17,49,48.11,48.67,857800
2021-10-20T15:00:00Z,48.67,48.88,48.59,48.71,336800
2021-10-20T16:00:00Z,48.68,48.97,48.64,48.93,588900
2021-10-20T17:00:00Z,48.93,48.95,48.29,48.84,389300
2021-10-20T18:00:00Z,48.83,49.42,48.78,48.86,568700
2021-10-20T19:00:00Z,48.85,48.99,48.48,48.51,380000
2021-10-21T13:00:00Z,47.89,48.35,47.13,47.57,1302000
2021-10-21T14:00:00Z,47.57,48.5,47.4,48.45,1998300
2021-10-21T15:00:00Z,48.45,48.49,48.03,48.1,964500
2021-10-21T16:00:00Z,48.1,48.46,48.05,48.39,957100
2021-10-21T17:00:00Z,48.37,48.42,47.45,47.66,3650000
2021-10-21T18:00:00Z,47.69,48.67,47.39,48.39,3899600
2021-10-21T19:00:00Z,48.4,49.44,48.32,49.2,2876200
2021-10-22T13:00:00Z,49.8,52.56,49.72,52.45,5116400
2021-10-22T14:00:00Z,52.46,53.72,52,53.19,8149500
2021-10-22T15:00:00Z,53.21,54,52.61,53.35,4157500
2021-10-22T16:00:00Z,53.39,53.49,52.64,53.02,2130100
2021-10-22T17:00:00Z,53.02,53.29,52.44,52.82,1980900
2021-10-22T18:00:00Z,52.82,53.27,52.66,52.96,2293600
2021-10-22T19:00:00Z,52.96,53.19,52.29,52.39,3047600
2021-10-25T13:00:00Z,52.98,52.98,51.52,51.97,1568000
2021-10-25T14:00:00Z,51.99,52.45,51.98,52.14,725000
2021-10-25T15:00:00Z,52.14,52.33,51.4,51.44,731600
2021-10-25T16:00:00Z,51.4,51.72,51.25,51.46,653600
2021-10-25T17:00:00Z,51.45,51.46,50.82,51.27,1398200
2021-10-25T18:00:00Z,51.27,51.69,51.08,51.5,871400
2021-10-25T19:00:00Z,51.51,51.59,51.24,51.49,1079700
2021-10-26T13:00:00Z,51.17,52.05,50.63,51.03,2569700
2021-10-26T14:00:00Z,51.03,51.44,50.89,51.03,1710600
2021-10-26T15:00:00Z,51.05,51.76,50.7,51.31,1828200
2021-10-26T16:00:00Z,51.32,51.47,50.95,51.28,921200
2021-10-26T17:00:00Z,51.29,51.4,51.1,51.11,1204200
2021-10-26T18:00:00Z,51.1,51.15,50.65,50.78,851300
2021-10-26T19:00:00Z,50.77,50.84,50.31,50.39,1146100
2021-10-27T13:00:00Z,50.98,50.98,49.07,49.23,1789200
2021-10-27T14:00:00Z,49.23,49.7,49.08,49.16,1284400
2021-10-27T15:00:00Z,49.16,49.28,48.63,48.76,1831700
2021-10-27T16:00:00Z,48.76,48.99,48.35,48.48,1426800
2021-10-27T17:00:00Z,48.49,48.69,48.15,48.53,2468000
2021-10-27T18:00:00Z,48.53,48.9,48.35,48.37,1898700
2021-10-27T19:00:00Z,48.38,48.55,47.96,48.42,2545100
2021-10-28T13:00:00Z,49.1,49.23,48.4,48.77,922600
2021-10-28T14:00:00Z,48.77,49.11,48.6,49.11,610300
2021-10-28T15:00:00Z,49.11,49.16,48.67,49.13,350100
2021-10-28T16:00:00Z,49.13,49.35,48.98,49.11,512700
2021-10-28T17:00:00Z,49.1,49.45,48.92,49.15,442100
2021-10-28T18:00:00Z,49.15,49.33,48.66,48.78,526800
2021-10-28T19:00:00Z,48.78,49.29,48.61,49.13,839500
2021-10-29T13:00:00Z,48.82,50.67,48.82,49.7,3938000
2021-10-29T14:00:00Z,49.7,50.69,49.7,50.61,1077000
2021-10-29T15:00:00Z,50.62,50.9,50.3,50.57,1506800
2021-10-29T16:00:00Z,50.56,50.66,50.2,50.31,439100
2021-10-29T17:00:00Z,50.3,50.54,50.23,50.25,490200
2021-10-29T18:00:00Z,50.26,50.35,49.75,50,1219100
2021-10-29T19:00:00Z,49.99,50.05,49.1,49.13,8219900
2021-11-01T13:00:00Z,49.77,49.77,48.33,48.37,1221800
2021-11-01T14:00:00Z,48.36,48.61,47.9,48.08,1006500
2021-11-01T15:00:00Z,48.07,48.38,48.04,48.18,856600
2021-11-01T16:00:00Z,48.17,48.85,48.1,48.85,734500
2021-11-01T17:00:00Z,48.86,49.2,48.74,48.89,735300
2021-11-01T18:00:00Z,48.88,49.14,48.67,48.9,542800
2021-11-01T19:00:00Z,48.92,49.34,48.89,49.15,657100
2021-11-03T13:00:00Z,49.19,49.7,48.92,49.62,1098300
2021-11-03T14:00:00Z,49.61,49.77,49.07,49.12,865400
2021-11-03T15:00:00Z,49.13,49.68,48.92,49.64,1346200
2021-11-03T16:00:00Z,49.63,49.85,49.22,49.22,758400
2021-11-03T17:00:00Z,49.21,49.68,49.19,49.66,489600
2021-11-03T18:00:00Z,49.65,49.99,49.44,49.92,638200
2021-11-03T19:00:00Z,49.92,49.99,49.59,49.76,851100
2021-11-04T13:00:00Z,49.77,50.42,49.64,49.74,551300
2021-11-04T14:00:00Z,49.76,49.93,48.97,48.97,1039100
2021-11-04T15:00:00Z,49,49.06,48.71,48.8,524100
2021-11-04T16:00:00Z,48.79,48.96,48.65,48.73,538700
2021-11-04T17:00:00Z,48.72,49.44,48.67,49.34,665500
2021-11-04T18:00:00Z,49.34,49.4,49.08,49.25,728100
2021-11-04T19:00:00Z,49.25,49.33,49.08,49.09,611800
2021-11-05T13:00:00Z,48.8,48.93,48.33,48.77,761700
2021-11-05T14:00:00Z,48.77,49.58,48.68,49.58,819300
2021-11-05T15:00:00Z,49.59,50.08,49.57,49.71,645100
2021-11-05T16:00:00Z,49.71,50.06,49.66,50,418100
2021-11-05T17:00:00Z,50,50.13,49.63,49.78,558600
2021-11-05T18:00:00Z,49.77,49.99,49.66,49.91,435900
2021-11-05T19:00:00Z,49.91,49.92,49.2,49.3,929500
2021-11-08T13:00:00Z,49,49.53,48.86,49.33,250300
2021-11-08T14:00:00Z,49.31,50.55,49.31,50.34,680500
2021-11-08T15:00:00Z,50.35,50.61,50.25,50.35,859600
2021-11-08T16:00:00Z,50.35,50.44,49.93,50.15,470900
2021-11-08T17:00:00Z,50.14,50.32,49.76,49.82,657800
2021-11-08T18:00:00Z,49.82,49.91,49.54,49.56,380100
2021-11-08T19:00:00Z,49.56,49.9,49.55,49.81,806400
2021-11-08T20:00:00Z,49.81,49.89,49.63,49.7,664400
2021-11-09T13:00:00Z,49.64,50.1,48.99,49.27,1470300
2021-11-09T14:00:00Z,49.28,49.48,49.18,49.3,445900
2021-11-09T15:00:00Z,49.31,49.65,49.2,49.22,638000
2021-11-09T16:00:00Z,49.22,49.4,49.1,49.3,330900
2021-11-09T17:00:00Z,49.3,49.47,49.19,49.34,378400
2021-11-09T18:00:00Z,49.33,49.46,49.03,49.09,349400
2021-11-09T19:00:00Z,49.11,49.17,48.62,48.67,621200
2021-11-09T20:00:00Z,48.66,49.01,48.54,48.92,622400
2021-11-10T13:00:00Z,48.99,49.12,48.05,49.09,913100
2021-11-10T14:00:00Z,49.1,49.4,48.91,49.16,428200
2021-11-10T15:00:00Z,49.14,49.22,48.98,49,445500
2021-11-10T16:00:00Z,49,49.19,48.95,49.01,351500
2021-11-10T17:00:00Z,49.01,49.06,48.79,48.96,382200
2021-11-10T18:00:00Z,48.96,48.97,48.44,48.71,854700
2021-11-10T19:00:00Z,48.72,48.75,48.19,48.5,785500
2021-11-10T20:00:00Z,48.5,48.73,48.37,48.57,814400
2021-11-11T14:00:00Z,50.57,50.86,50.04,50.21,1205300
2021-11-11T15:00:00Z,50.21,50.74,49.99,50.64,862500
2021-11-11T16:00:00Z,50.64,51.1,50.4,51.1,621000
2021-11-11T17:00:00Z,51.08,51.46,50.98,51.03,1130400
2021-11-11T18:00:00Z,51.03,51.08,50.57,50.81,737100
2021-11-11T19:00:00Z,50.82,51.08,50.75,50.84,820200
2021-11-11T20:00:00Z,50.83,50.86,50.61,50.69,506300
2021-11-12T13:00:00Z,50.2,51.42,50.2,51.25,534700
2021-11-12T14:00:00Z,51.24,51.38,50.92,51.38,820900
2021-11-12T15:00:00Z,51.37,52.54,51.37,52.23,1283600
2021-11-12T16:00:00Z,52.23,52.33,51.69,51.9,964400
2021-11-12T17:00:00Z,51.89,52,51.48,51.63,453800
2021-11-12T18:00:00Z,51.64,51.8,51.59,51.75,289600
2021-11-12T19:00:00Z,51.74,51.79,51.46,51.52,610200
2021-11-12T20:00:00Z,51.52,51.58,51.22,51.47,556800
2021-11-16T13:00:00Z,51.84,52.45,51.53,52.19,783400
2021-11-16T14:00:00Z,52.15,52.98,52.11,52.52,1819300
2021-11-16T15:00:00Z,52.52,52.95,52.42,52.77,620500
2021-11-16T16:00:00Z,52.77,52.94,52.46,52.66,712700
2021-11-16T17:00:00Z,52.66,53.24,52.6,53.17,910000
2021-11-16T18:00:00Z,53.16,53.36,52.56,52.77,773200
2021-11-16T19:00:00Z,52.76,52.79,52.49,52.66,1060200
2021-11-16T20:00:00Z,52.66,53.32,52.55,53.1,1154800
2021-11-17T13:00:00Z,53.33,53.68,52.63,52.94,759200
2021-11-17T14:00:00Z,52.88,53.44,52.75,52.85,806900
2021-11-17T15:00:00Z,52.85,52.98,52.4,52.63,590800
2021-11-17T16:00:00Z,52.62,52.67,52.38,52.51,2430300
2021-11-17T17:00:00Z,52.51,52.65,52.12,52.19,372200
2021-11-17T18:00:00Z,52.21,52.31,52.03,52.29,561200
2021-11-17T19:00:00Z,52.29,52.57,52.25,52.29,457500
2021-11-17T20:00:00Z,52.29,52.5,52.1,52.5,572400
2021-11-18T13:00:00Z,52.89,52.95,52.26,52.42,685200
2021-11-18T14:00:00Z,52.37,52.57,52.19,52.36,540300
2021-11-18T15:00:00Z,52.36,52.36,51.95,51.97,459700
2021-11-18T16:00:00Z,51.95,52.29,51.9,52.07,314900
2021-11-18T17:00:00Z,52.05,52.24,51.93,52.04,286500
2021-11-18T18:00:00Z,52.04,52.22,51.95,52.21,2915300
2021-11-18T19:00:00Z,52.21,52.48,52.18,52.28,499800
2021-11-18T20:00:00Z,52.26,52.4,52.08,52.25,657300
2021-11-19T13:00:00Z,52.59,54.28,52.28,53.86,1773800
2021-11-19T14:00:00Z,53.89,54.24,53.27,54.18,1358800
2021-11-19T15:00:00Z,54.18,54.81,54.09,54.61,2374500
2021-11-19T16:00:00Z,54.6,55,54.22,54.22,883200
2021-11-19T17:00:00Z,54.24,54.34,53.94,54.02,560400
2021-11-19T18:00:00Z,54.05,54.08,53.36,53.37,414800
2021-11-19T19:00:00Z,53.39,53.87,53.35,53.62,409800
2021-11-19T20:00:00Z,53.62,53.92,53.6,53.66,436400
2021-11-22T13:00:00Z,53.58,53.7,52.63,52.9,528800
2021-11-22T14:00:00Z,52.92,53.05,52.37,52.82,511000
2021-11-22T15:00:00Z,52.84,52.85,52.42,52.65,363100
2021-11-22T16:00:00Z,52.65,52.7,52.21,52.23,207200
2021-11-22T17:00:00Z,52.21,52.77,52.18,52.6,314600
2021-11-22T18:00:00Z,52.59,52.67,52.15,52.15,357200
2021-11-22T19:00:00Z,52.15,52.43,52.08,52.33,319800
2021-11-22T20:00:00Z,52.33,52.7,52.3,52.6,479200
2021-11-23T13:00:00Z,52.64,53.28,52.18,52.82,942300
2021-11-23T14:00:00Z,52.82,53.69,52.81,53.35,728400
2021-11-23T15:00:00Z,53.3,53.35,52.62,52.8,853000
2021-11-23T16:00:00Z,52.76,53.46,52.74,53.2,754900
2021-11-23T17:00:00Z,53.19,53.25,52.85,53.03,489700
2021-11-23T18:00:00Z,53.01,53.3,52.93,53.28,1079200
2021-11-23T19:00:00Z,53.27,53.6,53.22,53.44,739200
2021-11-23T20:00:00Z,53.44,53.56,53.02,53.03,808900
2021-11-24T13:00:00Z,53.03,53.8,52.79,53.27,666900
2021-11-24T14:00:00Z,53.24,53.64,53.15,53.63,585200
2021-11-24T15:00:00Z,53.63,54.21,53.59,54.16,619600
2021-11-24T16:00:00Z,54.15,54.87,54.14,54.67,494600
2021-11-24T17:00:00Z,54.69,54.95,54.59,54.82,676100
2021-11-24T18:00:00Z,54.8,54.88,54.47,54.51,540300
2021-11-24T19:00:00Z,54.51,54.78,54.41,54.52,531700
2021-11-24T20:00:00Z,54.52,54.57,54.38,54.45,675300
2021-11-25T13:00:00Z,54.72,55.19,53.95,54.99,644400
2021-11-25T14:00:00Z,54.99,55.17,54.63,54.75,599200
2021-11-25T15:00:00Z,54.72,55.27,54.7,55,680300
2021-11-25T16:00:00Z,55,55.25,54.95,55.14,667200
2021-11-25T17:00:00Z,55.13,55.34,54.93,55.18,802400
2021-11-25T18:00:00Z,55.19,55.5,55.1,55.24,805400
2021-11-25T19:00:00Z,55.22,55.29,55.1,55.13,581600
2021-11-25T20:00:00Z,55.13,55.15,54.8,54.92,807700
2021-11-26T13:00:00Z,54.5,56.26,54.24,55.63,2327800
2021-11-26T14:00:00Z,55.64,56.19,55.5,55.62,1602700
2021-11-26T15:00:00Z,55.6,55.68,55.03,55.42,1014600
2021-11-26T16:00:00Z,55.42,55.55,54.7,54.88,578200
2021-11-26T17:00:00Z,54.87,55.26,54.87,54.93,711700
2021-11-26T18:00:00Z,54.93,55.09,54.7,54.82,615500
2021-11-26T19:00:00Z,54.84,54.84,54.46,54.63,466300
2021-11-26T20:00:00Z,54.63,54.73,54.51,54.68,461800
2021-11-29T13:00:00Z,55.4,55.75,54.68,55.75,832600
2021-11-29T14:00:00Z,55.75,57,55.71,55.89,2613900
2021-11-29T15:00:00Z,55.91,56.03,55.75,55.95,638100
2021-11-29T16:00:00Z,55.95,56,55.6,55.63,536000
2021-11-29T17:00:00Z,55.63,55.95,55.62,55.88,518800
2021-11-29T18:00:00Z,55.88,55.92,55.54,55.75,488200
2021-11-29T19:00:00Z,55.75,55.96,55.65,55.76,764500
2021-11-29T20:00:00Z,55.76,55.9,55.65,55.77,659200
2021-11-30T13:00:00Z,55.84,56.13,55.02,56.07,451700
2021-11-30T14:00:00Z,56.1,56.22,55.2,55.73,1252800
2021-11-30T15:00:00Z,55.74,56.14,55.05,55.05,814400
2021-11-30T16:00:00Z,55.05,55.09,54.51,54.74,741800
2021-11-30T17:00:00Z,54.74,55.26,54.5,54.98,987600
2021-11-30T18:00:00Z,54.99,55.09,54.66,54.99,676900
2021-11-30T19:00:00Z,54.99,56.2,54.73,56.1,1699100
2021-11-30T20:00:00Z,56.1,57.47,56.09,56.39,2945000
2021-12-01T13:00:00Z,56.89,59.21,56.3,58.55,2486300
2021-12-01T14:00:00Z,58.54,59.09,58.24,58.87,1676500
2021-12-01T15:00:00Z,58.88,59.49,58.87,59.29,1245700
2021-12-01T16:00:00Z,59.3,59.39,58.62,58.72,1116900
2021-12-01T17:00:00Z,58.71,58.8,58.5,58.51,782900
2021-12-01T18:00:00Z,58.52,58.57,57.63,57.82,1370700
2021-12-01T19:00:00Z,57.79,58.06,57.7,57.94,861900
2021-12-01T20:00:00Z,57.95,58.37,57.53,58,784300
2021-12-02T13:00:00Z,59.1,59.19,56.04,56.72,2043900
2021-12-02T14:00:00Z,56.72,57,55.56,56.32,2089300
2021-12-02T15:00:00Z,56.32,57,55.95,56.94,1258300
2021-12-02T16:00:00Z,56.94,57.53,56.83,57.53,658900
2021-12-02T17:00:00Z,57.53,57.85,57.02,57.25,1105400
2021-12-02T18:00:00Z,57.25,57.31,56.83,57.26,467200
2021-12-02T19:00:00Z,57.25,57.9,56.96,57.54,772400
2021-12-02T20:00:00Z,57.54,57.95,57.49,57.84,926100
2021-12-03T13:00:00Z,58,59.43,57.32,57.32,1585700
2021-12-03T14:00:00Z,57.37,57.59,56.2,56.59,2516200
2021-12-03T15:00:00Z,56.6,57.3,56.43,56.71,744500
2021-12-03T16:00:00Z,56.71,57.1,56.11,56.28,807400
2021-12-03T17:00:00Z,56.28,57,56.26,56.96,585100
2021-12-03T18:00:00Z,56.95,57.25,56.91,57.17,385700
2021-12-03T19:00:00Z,57.16,57.25,56.54,56.54,522500
2021-12-03T20:00:00Z,56.53,57.32,56.48,57.1,891700
2021-12-06T13:00:00Z,57.26,58.1,57.16,57.89,352500
2021-12-06T14:00:00Z,57.88,58.99,57.88,58.91,1505500
2021-12-06T15:00:00Z,58.91,59.18,58.42,58.45,799800
2021-12-06T16:00:00Z,58.44,58.6,58.16,58.17,453000
2021-12-06T17:00:00Z,58.17,58.49,57.79,57.98,345100
2021-12-06T18:00:00Z,57.97,58.06,57.56,58.06,814700
2021-12-06T19:00:00Z,58.06,58.24,57.64,58.24,546200
2021-12-06T20:00:00Z,58.23,58.5,57.75,58.1,946200
2021-12-07T13:00:00Z,58.59,58.68,57.57,57.68,606100
2021-12-07T14:00:00Z,57.69,58.34,57.6,57.76,468100
2021-12-07T15:00:00Z,57.77,58.1,57.6,58.08,346800
2021-12-07T16:00:00Z,58.1,58.21,57.67,58.05,593100
2021-12-07T17:00:00Z,58.06,58.13,57.95,58.07,398900
2021-12-07T18:00:00Z,58.09,58.25,57.92,58.11,519500
2021-12-07T19:00:00Z,58.11,58.4,58.01,58.33,752700
2021-12-07T20:00:00Z,58.32,58.55,58.23,58.5,904100
2021-12-08T13:00:00Z,58.73,59.15,58.36,58.54,639600
2021-12-08T14:00:00Z,58.58,58.74,58.02,58.38,829000
2021-12-08T15:00:00Z,58.38,58.61,58.2,58.45,557800
2021-12-08T16:00:00Z,58.45,59.05,58.45,58.96,407700
2021-12-08T17:00:00Z,58.96,58.96,58.7,58.71,211600
2021-12-08T18:00:00Z,58.71,58.81,58.58,58.71,265500
2021-12-08T19:00:00Z,58.71,58.75,58.41,58.67,537400
2021-12-08T20:00:00Z,58.67,58.81,58.34,58.71,433800
2021-12-09T15:00:00Z,58.21,58.28,58.14,58.22,29500
2021-12-09T16:00:00Z,58.2,58.2,57.84,57.92,160800
2021-12-09T17:00:00Z,57.94,58.28,57.8,58.2,1575900
2021-12-09T18:00:00Z,58.2,58.26,57.66,57.78,370500
2021-12-09T19:00:00Z,57.77,57.95,57.69,57.81,230800
2021-12-09T20:00:00Z,57.81,58.03,57.75,57.98,579200
2021-12-10T13:00:00Z,58.24,59.28,58,58.03,1066000
2021-12-10T14:00:00Z,58.07,58.3,57.8,58.11,553000
2021-12-10T15:00:00Z,58.11,58.45,58.01,58.41,346300
2021-12-10T16:00:00Z,58.41,58.77,58.28,58.65,460400
2021-12-10T17:00:00Z,58.66,58.67,58.11,58.33,418700
2021-12-10T18:00:00Z,58.33,58.58,58.25,58.52,299900
2021-12-10T19:00:00Z,58.52,58.71,58.32,58.66,391500
2021-12-10T20:00:00Z,58.66,58.71,58.37,58.45,469300
2021-12-13T13:00:00Z,58.62,59.1,58.37,58.77,426000
2021-12-13T14:00:00Z,58.76,58.77,58.23,58.49,558300
2021-12-13T15:00:00Z,58.49,58.55,58.14,58.19,445000
2021-12-13T16:00:00Z,58.2,58.2,57.69,57.98,396500
2021-12-13T17:00:00Z,57.98,58.07,57.8,57.97,284300
2021-12-13T18:00:00Z,57.97,58.07,57.8,57.93,166400
2021-12-13T19:00:00Z,57.94,58.2,57.76,58.15,456200
2021-12-13T20:00:00Z,58.16,58.2,57.97,58.09,432100
2021-12-14T13:00:00Z,58.31,59.06,57.83,58.94,738300
2021-12-14T14:00:00Z,58.94,59.46,58.76,58.85,1232400
2021-12-14T15:00:00Z,58.85,59.05,58.58,58.82,921900
2021-12-14T16:00:00Z,58.82,59.02,58.28,58.33,429500
2021-12-14T17:00:00Z,58.31,58.35,57.9,57.94,332100
2021-12-14T18:00:00Z,57.94,58.13,57.81,57.87,339700
2021-12-14T19:00:00Z,57.88,57.91,57.58,57.73,409800
2021-12-14T20:00:00Z,57.73,57.77,57.61,57.65,378000
2021-12-15T13:00:00Z,58.2,59.1,57.8,58.46,473300
2021-12-15T14:00:00Z,58.43,58.75,58.21,58.38,610900
2021-12-15T15:00:00Z,58.39,58.52,58.01,58.03,480700
2021-12-15T16:00:00Z,58.03,58.48,58.03,58.16,271000
2021-12-15T17:00:00Z,58.16,58.75,58.03,58.54,393100
2021-12-15T18:00:00Z,58.59,58.72,58.4,58.69,590800
2021-12-15T19:00:00Z,58.69,58.83,58.44,58.46,981500
2021-12-15T20:00:00Z,58.47,58.68,58.33,58.61,795700
2021-12-16T13:00:00Z,58.98,59.18,58.55,58.57,439600
2021-12-16T14:00:00Z,58.62,59.89,58.5,59.42,1027500
2021-12-16T15:00:00Z,59.42,59.51,58.96,59.38,793200
2021-12-16T16:00:00Z,59.39,59.65,59.15,59.61,520500
2021-12-16T17:00:00Z,59.62,59.85,59.53,59.82,643200
2021-12-16T18:00:00Z,59.82,60.15,59.73,60.07,947400
2021-12-16T19:00:00Z,60.06,60.15,59.7,59.75,573500
2021-12-16T20:00:00Z,59.75,60.43,59.72,60.07,860500
2021-12-17T13:00:00Z,60.86,61.5,60.45,60.96,1262400
2021-12-17T14:00:00Z,60.96,61.37,60.66,61.34,976200
2021-12-17T15:00:00Z,61.35,61.36,60.79,61.08,675400
2021-12-17T16:00:00Z,61.08,61.26,60.51,60.7,507900
2021-12-17T17:00:00Z,60.69,61.11,60.32,60.84,709900
2021-12-17T18:00:00Z,60.83,61.26,60.69,60.78,656800
2021-12-17T19:00:00Z,60.78,61.95,60.75,61.48,2281300
2021-12-17T20:00:00Z,61.48,61.48,61.08,61.18,929300
2021-12-20T13:00:00Z,60.92,61.35,60.3,60.67,498800
2021-12-20T14:00:00Z,60.67,60.67,59.72,59.97,825900
2021-12-20T15:00:00Z,59.99,60.22,59.52,59.55,927200
2021-12-20T16:00:00Z,59.55,60.18,59.55,60.1,1319400
2021-12-20T17:00:00Z,60.09,60.33,59.91,59.99,428400
2021-12-20T18:00:00Z,59.99,60.19,59.9,60.06,336400
2021-12-20T19:00:00Z,60.06,60.14,59.7,59.86,436700
2021-12-20T20:00:00Z,59.87,60.01,59.63,59.86,674300
2021-12-21T13:00:00Z,59.89,60.51,59.64,59.86,362500
2021-12-21T14:00:00Z,59.85,60.21,59.67,60.02,531300
2021-12-21T15:00:00Z,60,60.27,59.77,59.97,291700
2021-12-21T16:00:00Z,59.98,60,59.81,59.83,216800
2021-12-21T17:00:00Z,59.83,59.93,59.65,59.89,310300
2021-12-21T18:00:00Z,59.89,60.19,59.86,60.02,449700
2021-12-21T19:00:00Z,60.01,60.3,59.92,59.98,428000
2021-12-21T20:00:00Z,59.98,60.08,59.68,59.68,575500
2021-12-22T13:00:00Z,60.1,60.1,59,59.86,528200
2021-12-22T14:00:00Z,59.9,60,58.78,59,442100
2021-12-22T15:00:00Z,59,59.24,58.71,58.85,362100
2021-12-22T16:00:00Z,58.86,59.2,58.74,59.08,309500
2021-12-22T17:00:00Z,59.08,59.4,59.06,59.2,225800
2021-12-22T18:00:00Z,59.21,59.45,59.13,59.44,281700
2021-12-22T19:00:00Z,59.44,59.45,59.3,59.42,305300
2021-12-22T20:00:00Z,59.43,59.52,59.36,59.46,325100
2021-12-23T13:00:00Z,59.6,61.27,59.6,59.77,895300
2021-12-23T14:00:00Z,59.77,59.97,59.64,59.79,362000
2021-12-23T15:00:00Z,59.78,60.26,59.6,59.63,473000
2021-12-23T16:00:00Z,59.62,59.93,59.6,59.8,186100
2021-12-23T17:00:00Z,59.79,59.85,59.6,59.77,114500
2021-12-23T18:00:00Z,59.76,59.9,59.72,59.8,148400
2021-12-23T19:00:00Z,59.79,59.88,59.65,59.76,232300
2021-12-23T20:00:00Z,59.76,60.15,59.71,60.15,380400
2021-12-27T13:00:00Z,60.39,60.8,59.92,60.67,600100
2021-12-27T14:00:00Z,60.69,60.94,60.23,60.47,284800
2021-12-27T15:00:00Z,60.45,60.73,60.25,60.73,196100
2021-12-27T16:00:00Z,60.71,60.98,60.66,60.71,248200
2021-12-27T17:00:00Z,60.71,60.85,60.58,60.63,165500
2021-12-27T18:00:00Z,60.62,60.63,60.36,60.41,191100
2021-12-27T19:00:00Z,60.41,60.57,60.3,60.39,265000
2021-12-27T20:00:00Z,60.39,60.44,60.23,60.28,301800
2021-12-28T13:00:00Z,60.58,60.58,59.8,59.87,367400
2021-12-28T14:00:00Z,59.85,60.07,59.72,59.91,214100
2021-12-28T15:00:00Z,59.9,60.04,59.5,59.59,185600
2021-12-28T16:00:00Z,59.58,59.74,59.45,59.46,171200
2021-12-28T17:00:00Z,59.46,59.58,59.42,59.53,81800
2021-12-28T18:00:00Z,59.53,59.65,59.49,59.51,79000
2021-12-28T19:00:00Z,59.51,59.88,59.5,59.67,138700
2021-12-28T20:00:00Z,59.66,59.69,59.43,59.54,188900
2021-12-29T13:00:00Z,59.78,59.78,59.11,59.51,215200
2021-12-29T14:00:00Z,59.49,59.89,59.36,59.7,220400
2021-12-29T15:00:00Z,59.7,59.77,59.19,59.58,249000
2021-12-29T16:00:00Z,59.55,59.66,59.44,59.58,136500
2021-12-29T17:00:00Z,59.57,59.64,59.37,59.57,172600
2021-12-29T18:00:00Z,59.58,59.6,59.44,59.54,287800
2021-12-29T19:00:00Z,59.54,59.63,59.27,59.4,287700
2021-12-29T20:00:00Z,59.39,59.4,58.94,58.96,613100
2021-12-30T13:00:00Z,59.75,59.75,59.15,59.48,256100
2021-12-30T14:00:00Z,59.48,59.5,59.03,59.45,458900
2021-12-30T15:00:00Z,59.44,59.85,59.27,59.82,462200
2021-12-30T16:00:00Z,59.8,60,59.65,59.72,274700
2021-12-30T17:00:00Z,59.7,59.75,59.54,59.66,257800
2021-12-30T18:00:00Z,59.66,60,59.33,59.99,448800
2021-12-30T19:00:00Z,60,60.4,59.91,60.08,693200
2021-12-30T20:00:00Z,60.07,60.27,59.9,60.11,542600
2022-01-03T13:00:00Z,60.34,60.73,59.93,60.28,434300
2022-01-03T14:00:00Z,60.28,60.28,59.01,59.63,926700
2022-01-03T15:00:00Z,59.63,59.67,59.08,59.37,480300
2022-01-03T16:00:00Z,59.36,59.74,59.23,59.63,289900
2022-01-03T17:00:00Z,59.63,59.7,59.47,59.5,228000
2022-01-03T18:00:00Z,59.5,59.89,59.5,59.74,308400
2022-01-03T19:00:00Z,59.74,59.79,59.45,59.51,1448000
2022-01-03T20:00:00Z,59.5,59.78,59.42,59.45,744400
2022-01-04T13:00:00Z,60,60.83,59.34,60.69,686800
2022-01-04T14:00:00Z,60.69,60.9,59.86,60.11,757700
2022-01-04T15:00:00Z,60.09,60.65,59.91,60.61,759600
2022-01-04T16:00:00Z,60.61,60.95,60.48,60.84,608700
2022-01-04T17:00:00Z,60.85,61.14,60.72,60.81,570400
2022-01-04T18:00:00Z,60.81,60.86,60.46,60.56,414800
2022-01-04T19:00:00Z,60.57,60.91,60.46,60.76,496200
2022-01-04T20:00:00Z,60.76,60.91,60.59,60.65,504400
2022-01-05T13:00:00Z,61,61.37,60.32,60.88,823100
2022-01-05T14:00:00Z,60.87,61.28,60.36,60.55,784000
2022-01-05T15:00:00Z,60.52,61.06,60.17,60.85,708800
2022-01-05T16:00:00Z,60.84,61,60.2,60.29,478300
2022-01-05T17:00:00Z,60.26,60.85,60.17,60.61,510700
2022-01-05T18:00:00Z,60.57,60.65,60.35,60.56,483500
2022-01-05T19:00:00Z,60.56,60.72,59.95,60.15,645300
2022-01-05T20:00:00Z,60.17,60.24,59.85,60,843000
2022-01-06T13:00:00Z,60.32,60.75,59.55,60.08,806200
2022-01-06T14:00:00Z,60.07,60.54,59.72,60.14,1143300
2022-01-06T15:00:00Z,60.13,60.28,59.75,60.14,429800
2022-01-06T16:00:00Z,60.13,60.33,60.01,60.3,277000
2022-01-06T17:00:00Z,60.29,60.39,59.85,59.86,288700
2022-01-06T18:00:00Z,59.88,59.9,59.62,59.86,291800
2022-01-06T19:00:00Z,59.85,59.92,59.78,59.83,180400
2022-01-06T20:00:00Z,59.84,59.85,59.45,59.51,357200
2022-01-07T13:00:00Z,59.81,59.89,59.31,59.74,344800
2022-01-07T14:00:00Z,59.75,59.78,59.39,59.7,263700
2022-01-07T15:00:00Z,59.73,59.75,58.91,58.97,353000
2022-01-07T16:00:00Z,58.96,59.35,58.83,59.23,401000
2022-01-07T17:00:00Z,59.24,59.29,59.06,59.1,539600
2022-01-07T18:00:00Z,59.09,59.45,59.05,59.38,286800
2022-01-07T19:00:00Z,59.39,59.39,59.06,59.09,293100
2022-01-07T20:00:00Z,59.08,59.31,59.02,59.05,523000
2022-01-10T13:00:00Z,59.39,61.29,59.06,59.2,1539500
2022-01-10T14:00:00Z,59.21,60.16,59.06,59.06,802500
2022-01-10T15:00:00Z,59.07,59.31,58.33,58.67,850400
2022-01-10T16:00:00Z,58.68,58.99,58.5,58.6,485700
2022-01-10T17:00:00Z,58.61,58.64,58.3,58.38,302900
2022-01-10T18:00:00Z,58.38,58.7,58.36,58.64,485700
2022-01-10T19:00:00Z,58.65,58.72,58.3,58.33,239000
2022-01-10T20:00:00Z,58.33,59.08,58.2,58.99,615000
2022-01-11T13:00:00Z,59.18,59.25,57.9,59.2,1251400
2022-01-11T14:00:00Z,59.2,59.86,59.01,59.85,1064600
2022-01-11T15:00:00Z,59.86,60.36,59.76,60.2,834100
2022-01-11T16:00:00Z,60.19,60.44,59.95,60,1011700
2022-01-11T17:00:00Z,60,60.07,59.33,59.38,511500
2022-01-11T18:00:00Z,59.37,59.74,59.27,59.68,374500
2022-01-11T19:00:00Z,59.67,59.74,59.43,59.5,499400
2022-01-11T20:00:00Z,59.49,59.57,59.17,59.28,821000
2022-01-12T13:00:00Z,59.53,60.4,59.17,60.39,663800
2022-01-12T14:00:00Z,60.39,61.14,60.35,60.81,1277700
2022-01-12T15:00:00Z,60.82,61.88,60.79,61.64,2732800
2022-01-12T16:00:00Z,61.65,61.66,60.79,60.82,1100200
2022-01-12T17:00:00Z,60.84,61.18,60.81,60.86,794200
2022-01-12T18:00:00Z,60.86,61.79,60.82,61.72,1368400
2022-01-12T19:00:00Z,61.74,61.77,61.44,61.62,1215500
2022-01-12T20:00:00Z,61.63,61.85,61.35,61.7,1423400
2022-01-13T13:00:00Z,61.89,62.6,61.51,62.05,959600
2022-01-13T14:00:00Z,62.03,62.69,61.61,62.62,1044800
2022-01-13T15:00:00Z,62.64,62.64,61.78,61.93,1012900
2022-01-13T16:00:00Z,61.93,62.28,61.8,62.18,391800
2022-01-13T17:00:00Z,62.2,62.48,62.18,62.35,493000
2022-01-13T18:00:00Z,62.34,62.59,62.34,62.56,393400
2022-01-13T19:00:00Z,62.56,62.62,62.36,62.41,597300
2022-01-13T20:00:00Z,62.42,62.59,62.26,62.56,527800
2022-01-14T13:00:00Z,62.31,63.19,62.25,62.94,754300
2022-01-14T14:00:00Z,62.96,63.42,62.82,63.1,749700
2022-01-14T15:00:00Z,63.1,63.36,62.67,62.84,607100
2022-01-14T16:00:00Z,62.86,62.99,62.67,62.73,353800
2022-01-14T17:00:00Z,62.74,62.75,62.44,62.45,512500
2022-01-14T18:00:00Z,62.46,62.68,62.15,62.58,445700
2022-01-14T19:00:00Z,62.58,62.96,62.4,62.92,412700
2022-01-14T20:00:00Z,62.93,62.98,62.55,62.68,668900
2022-01-17T13:00:00Z,62.37,62.49,61.91,61.97,301800
2022-01-17T14:00:00Z,61.98,62.17,61.82,62.15,316900
2022-01-17T15:00:00Z,62.13,62.25,62.01,62.03,128700
2022-01-17T16:00:00Z,62.05,62.32,61.93,62.2,307700
2022-01-17T17:00:00Z,62.2,62.39,62.18,62.3,145400
2022-01-17T18:00:00Z,62.3,62.5,62.16,62.48,185400
2022-01-17T19:00:00Z,62.48,62.5,62.15,62.16,146800
2022-01-17T20:00:00Z,62.15,62.32,62.06,62.09,314600
2022-01-18T13:00:00Z,62.28,62.28,61.48,62.22,518100
2022-01-18T14:00:00Z,62.2,62.47,61.84,62.26,608100
2022-01-18T15:00:00Z,62.27,62.27,61.56,61.63,416500
2022-01-18T16:00:00Z,61.61,62.19,61.53,62.16,310100
2022-01-18T17:00:00Z,62.15,62.25,61.83,61.9,436800
2022-01-18T18:00:00Z,61.88,62.44,61.81,62.44,726400
2022-01-18T19:00:00Z,62.44,62.67,62.3,62.51,666300
2022-01-18T20:00:00Z,62.5,62.74,62.28,62.54,718400
2022-01-19T13:00:00Z,62.55,62.55,61.9,62.23,563600
2022-01-19T14:00:00Z,62.21,62.96,62.07,62.16,759300
2022-01-19T15:00:00Z,62.16,62.39,61.81,61.88,1807000
2022-01-19T16:00:00Z,61.89,62.08,61.64,61.9,615900
2022-01-19T17:00:00Z,61.9,62,61.54,61.68,1487500
2022-01-19T18:00:00Z,61.69,61.85,61.51,61.56,860100
2022-01-19T19:00:00Z,61.57,61.9,61.53,61.82,557500
2022-01-19T20:00:00Z,61.81,61.89,61.61,61.61,536900
2022-01-20T13:00:00Z,62.09,62.47,60.96,61.22,1495800
2022-01-20T14:00:00Z,61.22,61.93,60.3,60.44,1402700
2022-01-20T15:00:00Z,60.44,61.1,60.38,60.84,682000
2022-01-20T16:00:00Z,60.84,61.11,60.81,60.87,822300
2022-01-20T17:00:00Z,60.87,61.18,60.66,60.93,787400
2022-01-20T18:00:00Z,60.93,60.96,60.25,60.31,912800
2022-01-20T19:00:00Z,60.31,60.62,60.03,60.42,1029300
2022-01-20T20:00:00Z,60.42,60.56,60.01,60.25,1049700
2022-01-21T13:00:00Z,60.29,60.75,60.02,60.4,980100
2022-01-21T14:00:00Z,60.38,60.69,60.18,60.27,515900
2022-01-21T15:00:00Z,60.27,60.48,59.78,60.17,692900
2022-01-21T16:00:00Z,60.18,60.38,60.17,60.36,483800
2022-01-21T17:00:00Z,60.36,60.36,60.19,60.25,348600
2022-01-21T18:00:00Z,60.25,60.29,59.94,60.13,448900
2022-01-21T19:00:00Z,60.14,60.29,60.06,60.09,271900
2022-01-21T20:00:00Z,60.08,60.1,59.41,59.48,1090900
2022-01-24T13:00:00Z,59.45,59.6,58.21,58.49,671500
2022-01-24T14:00:00Z,58.51,58.98,58.21,58.31,675900
2022-01-24T15:00:00Z,58.3,58.44,58.11,58.17,591800
2022-01-24T16:00:00Z,58.17,58.42,58.06,58.37,454800
2022-01-24T17:00:00Z,58.38,58.39,58.01,58.24,414300
2022-01-24T18:00:00Z,58.24,58.49,58.03,58.16,450600
2022-01-24T19:00:00Z,58.16,58.22,57.65,57.97,632400
2022-01-24T20:00:00Z,57.97,58.28,57.96,58.11,528500
2022-01-25T13:00:00Z,57.85,58.08,56.2,56.4,1562900
2022-01-25T14:00:00Z,56.4,56.61,56.03,56.33,1434000
2022-01-25T15:00:00Z,56.33,56.7,55.85,56.44,1393300
2022-01-25T16:00:00Z,56.45,56.51,55.98,56.49,715100
2022-01-25T17:00:00Z,56.48,56.51,56.04,56.12,1011900
2022-01-25T18:00:00Z,56.12,56.59,55.95,56.54,1043700
2022-01-25T19:00:00Z,56.52,56.56,56.17,56.27,748100
2022-01-25T20:00:00Z,56.27,56.86,56.17,56.71,1305200
2022-01-26T13:00:00Z,56.72,57.24,56.31,56.32,742400
2022-01-26T14:00:00Z,56.32,56.53,56.2,56.33,517000
2022-01-26T15:00:00Z,56.34,56.34,55.81,55.88,858500
2022-01-26T16:00:00Z,55.88,56.48,55.84,56.46,703700
2022-01-26T17:00:00Z,56.45,56.46,56.07,56.18,582400
2022-01-26T18:00:00Z,56.19,56.26,56.05,56.15,485900
2022-01-26T19:00:00Z,56.15,56.31,55.55,55.6,1537300
2022-01-26T20:00:00Z,55.6,55.92,55.4,55.79,2596900
2022-01-27T13:00:00Z,55.75,57.45,55.68,56.98,2523400
2022-01-27T14:00:00Z,56.99,57.78,56.55,57.59,2247700
2022-01-27T15:00:00Z,57.58,57.79,57.25,57.43,1114100
2022-01-27T16:00:00Z,57.42,57.59,57.09,57.31,328000
2022-01-27T17:00:00Z,57.31,57.31,57.07,57.19,281500
2022-01-27T18:00:00Z,57.18,57.97,56.95,57.87,1188500
2022-01-27T19:00:00Z,57.87,58.37,57.82,58.15,1608500
2022-01-27T20:00:00Z,58.16,58.69,57.96,58.49,2423600
2022-01-28T13:00:00Z,57.86,58.81,57.52,57.62,769100
2022-01-28T14:00:00Z,57.62,57.65,57.04,57.04,649100
2022-01-28T15:00:00Z,57.05,58.2,57.02,58.18,1297100
2022-01-28T16:00:00Z,58.18,58.74,58.12,58.52,551600
2022-01-28T17:00:00Z,58.51,59.68,58.48,58.61,1139500
2022-01-28T18:00:00Z,58.61,58.84,58.45,58.76,570400
2022-01-28T19:00:00Z,58.77,59.35,58.58,59.27,642100
2022-01-28T20:00:00Z,59.27,59.47,58.94,59.28,881400
2022-01-31T13:00:00Z,59.54,60.06,59.18,59.87,639300
2022-01-31T14:00:00Z,59.91,60.46,59.72,59.94,659900
2022-01-31T15:00:00Z,59.94,60.27,59.57,59.65,652000
2022-01-31T16:00:00Z,59.66,59.69,59.03,59.32,834100
2022-01-31T17:00:00Z,59.33,59.65,59.1,59.2,337600
2022-01-31T18:00:00Z,59.22,59.23,58.53,58.98,823700
2022-01-31T19:00:00Z,58.98,59.1,58.87,59.05,365000
2022-01-31T20:00:00Z,59.04,59.38,58.93,59.33,652300
2022-02-01T13:00:00Z,58.76,59.39,58.75,59.17,787800
2022-02-01T14:00:00Z,59.18,60.09,58.75,60.05,777400
2022-02-01T15:00:00Z,60.04,60.47,59.73,60.29,453200
2022-02-01T16:00:00Z,60.28,60.5,59.85,59.93,718500
2022-02-01T17:00:00Z,59.92,60.3,59.88,60.28,354400
2022-02-01T18:00:00Z,60.29,60.35,60.13,60.33,404300
2022-02-01T19:00:00Z,60.34,60.35,60.11,60.21,380100
2022-02-01T20:00:00Z,60.2,60.24,59.28,59.35,791900
2022-02-02T13:00:00Z,59.64,60.19,59.4,60.09,543800
2022-02-02T14:00:00Z,60.15,60.32,59.88,60.16,335800
2022-02-02T15:00:00Z,60.18,60.27,59.88,60.08,327300
2022-02-02T16:00:00Z,60.09,60.12,59.42,59.49,400000
2022-02-02T17:00:00Z,59.5,59.69,59.33,59.57,289000
2022-02-02T18:00:00Z,59.54,59.71,59.49,59.59,304300
2022-02-02T19:00:00Z,59.57,59.8,59.55,59.76,270200
2022-02-02T20:00:00Z,59.76,59.83,59.45,59.51,316700
2022-02-03T13:00:00Z,59.51,60.05,59.07,59.99,459200
2022-02-03T14:00:00Z,59.99,60.02,59.4,59.45,323500
2022-02-03T15:00:00Z,59.44,59.61,59.23,59.49,261300
2022-02-03T16:00:00Z,59.47,59.54,59.2,59.21,112800
2022-02-03T17:00:00Z,59.22,59.3,58.82,58.95,317400
2022-02-03T18:00:00Z,58.95,59.18,58.87,58.97,158600
2022-02-03T19:00:00Z,59,59.16,58.97,59.08,139400
2022-02-03T20:00:00Z,59.08,59.24,58.98,59.03,478400
2022-02-04T13:00:00Z,59.05,59.34,58.25,58.32,432000
2022-02-04T14:00:00Z,58.3,58.87,58.13,58.66,394700
2022-02-04T15:00:00Z,58.65,59.98,58.64,59.98,678300
2022-02-04T16:00:00Z,59.94,60.45,59.88,60.34,701900
2022-02-04T17:00:00Z,60.34,60.88,60.32,60.73,999800
2022-02-04T18:00:00Z,60.73,60.74,60.45,60.7,496200
2022-02-04T19:00:00Z,60.69,60.72,60.34,60.42,471100
2022-02-04T20:00:00Z,60.44,60.55,60.4,60.44,440800
2022-02-07T13:00:00Z,60.41,61.14,60.19,60.5,414000
2022-02-07T14:00:00Z,60.49,60.99,60.38,60.66,269700
2022-02-07T15:00:00Z,60.63,60.65,60.24,60.26,190000
2022-02-07T16:00:00Z,60.25,60.76,60.25,60.62,254500
2022-02-07T17:00:00Z,60.62,60.62,60.27,60.34,143300
2022-02-07T18:00:00Z,60.33,60.49,60.2,60.49,268100
2022-02-07T19:00:00Z,60.5,60.74,60.47,60.67,202000
2022-02-07T20:00:00Z,60.66,60.72,60.42,60.43,294800
2022-02-08T13:00:00Z,59.97,60.3,59.39,60.15,415800
2022-02-08T14:00:00Z,60.16,60.67,59.99,60.31,301000
2022-02-08T15:00:00Z,60.29,60.41,60.08,60.35,255000
2022-02-08T16:00:00Z,60.34,61.12,60.34,60.46,525800
2022-02-08T17:00:00Z,60.45,60.54,60.31,60.42,299000
2022-02-08T18:00:00Z,60.42,60.45,60.27,60.31,277500
2022-02-08T19:00:00Z,60.32,60.33,60.16,60.29,364900
2022-02-08T20:00:00Z,60.28,60.35,60.16,60.35,554200
2022-02-09T13:00:00Z,61.09,61.49,60.66,61,672200
2022-02-09T14:00:00Z,61.01,61.69,60.47,61.58,610500
2022-02-09T15:00:00Z,61.56,61.81,61.35,61.54,529100
2022-02-09T16:00:00Z,61.53,61.61,61.18,61.2,308500
2022-02-09T17:00:00Z,61.2,61.27,60.99,61.13,572100
2022-02-09T18:00:00Z,61.13,61.15,60.57,60.6,377400
2022-02-09T19:00:00Z,60.61,60.8,60.31,60.42,521800
2022-02-09T20:00:00Z,60.42,60.65,60.2,60.28,1210300
2022-02-10T13:00:00Z,61,61,58.75,59.11,2803000
2022-02-10T14:00:00Z,59.1,59.36,58.51,58.81,1511200
2022-02-10T15:00:00Z,58.82,59.01,57.95,58.46,1492500
2022-02-10T16:00:00Z,58.45,58.58,58.28,58.46,992700
2022-02-10T17:00:00Z,58.45,58.53,57.88,58.1,2778800
2022-02-10T18:00:00Z,58.1,58.3,57.71,58.18,1879900
2022-02-10T19:00:00Z,58.18,58.85,58.13,58.56,1116200
2022-02-10T20:00:00Z,58.55,58.56,58.25,58.39,842500
2022-02-11T13:00:00Z,58.51,58.85,57.7,58.18,1019000
2022-02-11T14:00:00Z,58.17,58.17,57.76,57.94,515700
2022-02-11T15:00:00Z,57.95,58.06,57.75,57.91,757700
2022-02-11T16:00:00Z,57.9,57.96,57.57,57.78,659400
2022-02-11T17:00:00Z,57.78,57.92,57.66,57.72,590900
2022-02-11T18:00:00Z,57.72,57.81,57.4,57.6,911700
2022-02-11T19:00:00Z,57.6,57.8,57.42,57.53,665700
2022-02-11T20:00:00Z,57.54,57.69,57.3,57.53,982600
2022-02-14T13:00:00Z,57.4,57.83,57.27,57.68,412900
2022-02-14T14:00:00Z,57.68,58.49,57.63,58.48,744600
2022-02-14T15:00:00Z,58.49,58.61,58.04,58.2,389900
2022-02-14T16:00:00Z,58.21,58.63,58.16,58.18,363900
2022-02-14T17:00:00Z,58.19,58.69,58.06,58.68,355200
2022-02-14T18:00:00Z,58.69,58.73,58.44,58.51,492200
2022-02-14T19:00:00Z,58.49,58.68,58.46,58.51,383900
2022-02-14T20:00:00Z,58.51,58.55,58.19,58.32,526800
2022-02-15T13:00:00Z,58.57,58.99,58.06,58.47,680200
2022-02-15T14:00:00Z,58.47,58.62,57.62,57.92,742000
2022-02-15T15:00:00Z,57.94,58.08,57.36,57.49,727700
2022-02-15T16:00:00Z,57.47,57.63,57.24,57.48,760200
2022-02-15T17:00:00Z,57.49,57.75,57.35,57.7,407700
2022-02-15T18:00:00Z,57.69,57.82,57.56,57.59,225800
2022-02-15T19:00:00Z,57.58,57.6,57.37,57.48,307200
2022-02-15T20:00:00Z,57.48,57.49,57.24,57.34,760700
2022-02-16T13:00:00Z,57.28,58.04,57.28,57.45,754100
2022-02-16T14:00:00Z,57.46,57.89,57.32,57.84,542200
2022-02-16T15:00:00Z,57.81,58.09,57.72,57.79,431900
2022-02-16T16:00:00Z,57.8,57.92,57.74,57.77,353300
2022-02-16T17:00:00Z,57.78,57.95,57.53,57.68,339000
2022-02-16T18:00:00Z,57.68,57.69,57.2,57.24,1106300
2022-02-16T19:00:00Z,57.24,57.48,57.2,57.38,580500
2022-02-16T20:00:00Z,57.38,57.44,57.24,57.27,531600
2022-02-17T13:00:00Z,57.43,57.56,56.99,57.3,602900
2022-02-17T14:00:00Z,57.3,57.45,57.1,57.3,348000
2022-02-17T15:00:00Z,57.3,57.87,57.28,57.72,591600
2022-02-17T16:00:00Z,57.72,57.77,57.45,57.56,240500
2022-02-17T17:00:00Z,57.57,57.64,57.17,57.45,289200
2022-02-17T18:00:00Z,57.46,58.13,57.42,58.05,549100
2022-02-17T19:00:00Z,58.06,58.24,57.87,57.9,487300
2022-02-17T20:00:00Z,57.91,58.06,57.7,57.92,674200
2022-02-18T13:00:00Z,58.41,59.47,57.62,58.71,1916500
2022-02-18T14:00:00Z,58.7,58.86,58.11,58.11,547600
2022-02-18T15:00:00Z,58.12,58.34,57.78,57.84,323800
2022-02-18T16:00:00Z,57.85,57.97,57.67,57.67,282700
2022-02-18T17:00:00Z,57.68,57.68,57.17,57.24,428400
2022-02-18T18:00:00Z,57.24,57.4,57.21,57.38,275900
2022-02-18T19:00:00Z,57.39,57.44,57.17,57.2,595500
2022-02-18T20:00:00Z,57.19,57.22,56.82,57,785900
2022-02-21T13:00:00Z,56.89,57.26,56.58,57.19,571900
2022-02-21T14:00:00Z,57.16,57.48,57.12,57.4,238000
2022-02-21T15:00:00Z,57.41,57.93,57.41,57.71,473500
2022-02-21T16:00:00Z,57.69,58.08,57.66,57.71,351000
2022-02-21T17:00:00Z,57.69,57.79,57.29,57.6,312600
2022-02-21T18:00:00Z,57.62,57.75,57.42,57.55,326400
2022-02-21T19:00:00Z,57.54,57.57,57.28,57.51,352800
2022-02-21T20:00:00Z,57.52,57.54,56.7,56.85,753700
2022-02-22T13:00:00Z,57.25,57.92,56.67,57.77,488300
2022-02-22T14:00:00Z,57.78,57.83,57.19,57.57,435000
2022-02-22T15:00:00Z,57.56,57.64,56.92,57.02,970900
2022-02-22T16:00:00Z,56.99,57.03,56.83,56.95,177100
2022-02-22T17:00:00Z,56.93,57.11,56.92,57.05,234700
2022-02-22T18:00:00Z,57.03,57.05,56.74,56.98,193800
2022-02-22T19:00:00Z,56.96,57.13,56.91,57.06,246900
2022-02-22T20:00:00Z,57.04,57.09,56.83,56.93,447800
2022-02-23T13:00:00Z,57.03,57.05,55.31,55.46,1699200
2022-02-23T14:00:00Z,55.46,55.56,54.2,54.41,2813700
2022-02-23T15:00:00Z,54.42,54.45,53.72,53.72,1300900
2022-02-23T16:00:00Z,53.74,53.96,53.53,53.64,1496500
2022-02-23T17:00:00Z,53.64,53.82,52.99,53.76,5779700
2022-02-23T18:00:00Z,53.75,53.91,53.3,53.66,1395400
2022-02-23T19:00:00Z,53.65,53.86,53.22,53.47,1267000
2022-02-23T20:00:00Z,53.47,53.95,53.4,53.77,1933500
2022-02-24T13:00:00Z,52.1,54.13,52.1,53.78,1234600
2022-02-24T14:00:00Z,53.8,54.35,53.16,54.34,1668500
2022-02-24T15:00:00Z,54.34,54.34,53.72,53.72,717900
2022-02-24T16:00:00Z,53.75,53.79,53.22,53.5,659400
2022-02-24T17:00:00Z,53.46,53.93,53.46,53.87,615400
2022-02-24T18:00:00Z,53.87,53.9,53.52,53.64,410000
2022-02-24T19:00:00Z,53.63,54,53.52,53.69,424300
2022-02-24T20:00:00Z,53.68,54,53.65,53.78,455300
2022-02-25T13:00:00Z,54,54,53.38,53.5,343800
2022-02-25T14:00:00Z,53.52,53.81,53.19,53.48,490500
2022-02-25T15:00:00Z,53.45,53.6,53.22,53.32,474200
2022-02-25T16:00:00Z,53.33,53.82,53.26,53.76,598300
2022-02-25T17:00:00Z,53.77,54.07,53.7,53.89,518300
2022-02-25T18:00:00Z,53.88,54.18,53.81,54.12,411100
2022-02-25T19:00:00Z,54.13,54.34,53.96,54.02,1708600
2022-02-25T20:00:00Z,54.02,55.23,54,55.06,1059600
2022-03-02T16:00:00Z,55.14,55.78,54.67,55.01,1487200
2022-03-02T17:00:00Z,55,55.31,54.86,55.26,716100
2022-03-02T18:00:00Z,55.26,55.68,55.16,55.26,926700
2022-03-02T19:00:00Z,55.25,55.28,54.87,55.06,454600
2022-03-02T20:00:00Z,55.06,55.18,54.7,55.1,501700
2022-03-03T13:00:00Z,54.73,55.2,53.3,53.45,2110300
2022-03-03T14:00:00Z,53.5,53.9,53.34,53.78,951000
2022-03-03T15:00:00Z,53.75,53.82,53.22,53.3,770600
2022-03-03T16:00:00Z,53.29,53.42,52.83,52.97,897800
2022-03-03T17:00:00Z,52.97,53.75,52.71,53.68,1904300
2022-03-03T18:00:00Z,53.69,53.87,53.49,53.76,636600
2022-03-03T19:00:00Z,53.76,53.8,53.39,53.61,730600
2022-03-03T20:00:00Z,53.62,53.82,53.42,53.7,663400
2022-03-04T13:00:00Z,53.99,55.09,53.92,54.71,935900
2022-03-04T14:00:00Z,54.71,55.45,54.21,55.22,1281100
2022-03-04T15:00:00Z,55.24,55.49,54.81,55.4,1135500
2022-03-04T16:00:00Z,55.4,55.49,55.23,55.45,586200
2022-03-04T17:00:00Z,55.45,55.8,55.34,55.8,638000
2022-03-04T18:00:00Z,55.79,55.87,55.37,55.87,970800
2022-03-04T19:00:00Z,55.87,56.77,55.76,56.65,1597500
2022-03-04T20:00:00Z,56.65,57.32,56.33,57.17,2154400
2022-03-07T13:00:00Z,57.2,58.5,56.61,58.12,2139200
2022-03-07T14:00:00Z,58.12,58.88,57.97,58.46,1173000
2022-03-07T15:00:00Z,58.47,59.07,58.32,58.7,1216900
2022-03-07T16:00:00Z,58.71,58.71,58.43,58.54,496800
2022-03-07T17:00:00Z,58.54,58.65,58.27,58.48,798800
2022-03-07T18:00:00Z,58.47,58.84,57.97,58.03,719900
2022-03-07T19:00:00Z,58.03,58.12,57.9,57.9,638900
2022-03-07T20:00:00Z,57.9,58.09,57.77,57.85,863400
2022-03-08T13:00:00Z,57.89,58.67,57.28,58.51,682900
2022-03-08T14:00:00Z,58.56,59.3,58.35,58.57,1190300
2022-03-08T15:00:00Z,58.56,58.97,58.4,58.57,766300
2022-03-08T16:00:00Z,58.56,58.65,58.4,58.49,666500
2022-03-08T17:00:00Z,58.49,58.6,57.8,58.2,920100
2022-03-08T18:00:00Z,58.19,58.4,57.51,57.85,1095000
2022-03-08T19:00:00Z,57.81,58,57.5,58,1017900
2022-03-08T20:00:00Z,57.95,58.23,57.58,58.23,766300
2022-03-09T13:00:00Z,57.87,57.87,56.76,56.77,629500
2022-03-09T14:00:00Z,56.77,57.44,56.27,57.34,1306700
2022-03-09T15:00:00Z,57.35,57.84,57.28,57.71,664000
2022-03-09T16:00:00Z,57.71,58.38,57.62,57.94,512900
2022-03-09T17:00:00Z,57.95,58.3,57.92,58.14,837600
2022-03-09T18:00:00Z,58.16,58.48,57.92,58.46,638000
2022-03-09T19:00:00Z,58.46,59.4,58.34,59.39,715800
2022-03-09T20:00:00Z,59.38,59.83,59.11,59.2,1049900
2022-03-10T13:00:00Z,58,59.6,58,58.5,927200
2022-03-10T14:00:00Z,58.5,60.2,58.5,60.1,929400
2022-03-10T15:00:00Z,60.14,60.98,59.78,60.56,1007200
2022-03-10T16:00:00Z,60.56,60.75,60.21,60.35,495100
2022-03-10T17:00:00Z,60.34,60.6,60.18,60.28,614100
2022-03-10T18:00:00Z,60.27,60.76,60.02,60.64,661900
2022-03-10T19:00:00Z,60.64,60.8,60.55,60.65,423500
2022-03-10T20:00:00Z,60.65,60.99,60.6,60.95,1057300
2022-03-11T13:00:00Z,60.8,62.57,60.8,62.2,1672900
2022-03-11T14:00:00Z,62.18,62.2,61.29,61.43,675000
2022-03-11T15:00:00Z,61.41,62,61.32,61.61,897500
2022-03-11T16:00:00Z,61.61,61.83,61.48,61.54,268200
2022-03-11T17:00:00Z,61.54,61.64,61.39,61.5,486000
2022-03-11T18:00:00Z,61.5,61.53,60.53,60.58,495700
2022-03-11T19:00:00Z,60.63,61.1,60.3,60.68,657400
2022-03-11T20:00:00Z,60.71,61.71,60.36,61.5,1593600
2022-03-14T13:00:00Z,60.96,61.2,59.64,60.1,1273400
2022-03-14T14:00:00Z,60.11,61.08,59.94,60.39,915100
2022-03-14T15:00:00Z,60.41,61.19,60.22,60.44,1280800
2022-03-14T16:00:00Z,60.44,60.49,59.77,59.9,425300
2022-03-14T17:00:00Z,59.9,59.91,59.65,59.82,367300
2022-03-14T18:00:00Z,59.8,60.19,59.76,59.85,756500
2022-03-14T19:00:00Z,59.86,59.92,59.47,59.63,531700
2022-03-15T13:00:00Z,59.91,59.92,58.02,58.06,2102200
2022-03-15T14:00:00Z,58.05,58.32,57.36,58.17,789300
2022-03-15T15:00:00Z,58.17,58.83,58.13,58.61,348100
2022-03-15T16:00:00Z,58.61,58.68,58.13,58.3,485400
2022-03-15T17:00:00Z,58.3,58.49,58.08,58.39,413800
2022-03-15T18:00:00Z,58.39,58.72,58.02,58.72,622100
2022-03-15T19:00:00Z,58.72,58.97,58.35,58.6,1527800
2022-03-16T13:00:00Z,59,60.92,58.77,60.75,1476100
2022-03-16T14:00:00Z,60.75,61.28,60.14,60.34,1910400
2022-03-16T15:00:00Z,60.32,60.49,60.13,60.13,455200
2022-03-16T16:00:00Z,60.13,60.57,60.05,60.44,681100
2022-03-16T17:00:00Z,60.45,60.98,60.31,60.82,885000
2022-03-16T18:00:00Z,60.82,60.87,59.85,60.1,656700
2022-03-16T19:00:00Z,60.1,60.68,59.9,60.65,653100
2022-03-17T13:00:00Z,60.99,62.1,60.76,61.61,1089400
2022-03-17T14:00:00Z,61.61,61.67,61.1,61.16,1791700
2022-03-17T15:00:00Z,61.17,61.45,60.82,61.03,629800
2022-03-17T16:00:00Z,61.05,61.25,60.88,61.18,681300
2022-03-17T17:00:00Z,61.19,61.55,61.07,61.42,442500
2022-03-17T18:00:00Z,61.43,61.6,61.28,61.45,488100
2022-03-17T19:00:00Z,61.46,61.66,61.3,61.3,1174900
2022-03-18T13:00:00Z,61.89,62.68,61.56,62,1918100
2022-03-18T14:00:00Z,61.98,62.68,61.89,62.57,708400
2022-03-18T15:00:00Z,62.59,62.79,62.26,62.34,1057400
2022-03-18T16:00:00Z,62.32,62.51,62.07,62.42,532200
2022-03-18T17:00:00Z,62.42,62.8,62.42,62.52,621000
2022-03-18T18:00:00Z,62.53,63.3,62.51,63.1,1410600
2022-03-18T19:00:00Z,63.08,64.56,63.03,64.5,2242900
2022-03-21T13:00:00Z,64.17,64.17,62.41,62.43,1970800
2022-03-21T14:00:00Z,62.48,62.81,61.81,62.75,2125300
2022-03-21T15:00:00Z,62.75,62.89,61.96,62.21,1025700
2022-03-21T16:00:00Z,62.21,62.68,61.97,62.5,700200
2022-03-21T17:00:00Z,62.5,62.5,62.13,62.38,772100
2022-03-21T18:00:00Z,62.39,62.41,61.87,62.01,912200
2022-03-21T19:00:00Z,62.01,62.2,61.82,61.82,657400
2022-03-22T13:00:00Z,62.44,62.75,61.3,61.44,942000
2022-03-22T14:00:00Z,61.39,62.03,61,61.54,1794700
2022-03-22T15:00:00Z,61.54,62,61.32,61.96,811300
2022-03-22T16:00:00Z,61.96,62.1,61.76,61.8,444500
2022-03-22T17:00:00Z,61.81,61.94,61.67,61.74,344800
2022-03-22T18:00:00Z,61.74,61.77,61.13,61.23,518000
2022-03-22T19:00:00Z,61.23,61.23,60.64,61.03,958400
2022-03-23T13:00:00Z,61.34,61.47,60.34,60.8,802900
2022-03-23T14:00:00Z,60.81,61,60.51,60.78,753800
2022-03-23T15:00:00Z,60.76,60.88,60.43,60.51,1236300
2022-03-23T16:00:00Z,60.51,60.51,59.67,59.81,1154200
2022-03-23T17:00:00Z,59.84,59.95,59.61,59.83,871000
2022-03-23T18:00:00Z,59.83,60.08,59.59,59.99,835200
2022-03-23T19:00:00Z,59.99,60.07,59.68,59.87,1028500
2022-03-24T13:00:00Z,60.3,61.18,60,61.15,557600
2022-03-24T14:00:00Z,61.15,61.28,60.55,60.69,1078800
2022-03-24T15:00:00Z,60.7,61.05,60.37,60.51,1225500
2022-03-24T16:00:00Z,60.51,60.6,60.15,60.45,1113800
2022-03-24T17:00:00Z,60.45,60.73,60.3,60.31,1164000
2022-03-24T18:00:00Z,60.31,60.42,59.73,60.07,911100
2022-03-24T19:00:00Z,60.04,60.31,59.92,60.23,870000
2022-03-25T13:00:00Z,60.38,60.38,57.38,58.14,2435800
2022-03-25T14:00:00Z,58.13,58.49,57.26,57.36,2304100
2022-03-25T15:00:00Z,57.39,57.53,56.93,57.23,1926300
2022-03-25T16:00:00Z,57.23,57.44,56.84,56.93,1119100
2022-03-25T17:00:00Z,56.93,57.47,56.8,57.42,1178800
2022-03-25T18:00:00Z,57.43,57.47,57.12,57.12,1432700
2022-03-25T19:00:00Z,57.12,57.13,56.75,56.89,2056300
2022-03-28T13:00:00Z,57.28,57.65,56.8,57.49,1154100
2022-03-28T14:00:00Z,57.49,57.55,57.1,57.4,547300
2022-03-28T15:00:00Z,57.42,57.45,56.86,56.89,422400
2022-03-28T16:00:00Z,56.88,57.29,56.63,57.05,568300
2022-03-28T17:00:00Z,57.05,57.21,57,57.14,318400
2022-03-28T18:00:00Z,57.14,57.26,57.01,57.26,500600
2022-03-28T19:00:00Z,57.26,57.66,57.23,57.43,1149700
2022-03-29T13:00:00Z,57.57,57.57,56.51,57.15,1657000
2022-03-29T14:00:00Z,57.13,57.9,57.1,57.39,724200
2022-03-29T15:00:00Z,57.37,57.44,56.85,56.87,732200
2022-03-29T16:00:00Z,56.86,57.08,56.82,57.04,510300
2022-03-29T17:00:00Z,57.05,57.22,56.97,57.1,460300
2022-03-29T18:00:00Z,57.1,57.3,56.85,56.86,721000
2022-03-29T19:00:00Z,56.86,56.99,56.7,56.76,1349000
2022-03-30T13:00:00Z,56.89,57.57,56.51,56.78,874800
2022-03-30T14:00:00Z,56.78,57.09,56.17,56.2,835200
2022-03-30T15:00:00Z,56.2,56.65,56.11,56.27,491700
2022-03-30T16:00:00Z,56.27,56.51,56.22,56.29,344200
2022-03-30T17:00:00Z,56.29,56.85,56.28,56.81,453200
2022-03-30T18:00:00Z,56.8,57,56.76,56.88,689300
2022-03-30T19:00:00Z,56.88,57.29,56.67,57.25,968200
2022-03-31T13:00:00Z,57.55,57.55,56.37,56.45,620300
2022-03-31T14:00:00Z,56.43,56.65,55.84,55.9,1013200
2022-03-31T15:00:00Z,55.91,55.97,55.44,55.9,993500
2022-03-31T16:00:00Z,55.91,56.1,55.66,55.93,485800
2022-03-31T17:00:00Z,55.94,56.14,55.58,55.7,611800
2022-03-31T18:00:00Z,55.7,55.7,55.46,55.56,668900
2022-03-31T19:00:00Z,55.57,55.59,55.17,55.25,1917700
2022-04-01T13:00:00Z,55.49,55.63,54.69,55.02,1282900
2022-04-01T14:00:00Z,55,55.07,54.5,54.74,1509600
2022-04-01T15:00:00Z,54.74,54.77,54.34,54.51,1000500
2022-04-01T16:00:00Z,54.51,54.59,54.13,54.17,865900
2022-04-01T17:00:00Z,54.16,54.22,53.85,53.86,1312700
2022-04-01T18:00:00Z,53.86,54.42,53.86,54.38,1480500
2022-04-01T19:00:00Z,54.38,54.39,54.12,54.21,2297900
2022-04-04T13:00:00Z,54.39,54.79,54.12,54.25,1087200
2022-04-04T14:00:00Z,54.25,54.82,54.16,54.7,507100
2022-04-04T15:00:00Z,54.73,54.76,54.34,54.35,540400
2022-04-04T16:00:00Z,54.34,54.46,54.2,54.22,574300
2022-04-04T17:00:00Z,54.23,54.35,54.13,54.15,420900
2022-04-04T18:00:00Z,54.15,54.28,53.99,53.99,692400
2022-04-04T19:00:00Z,54.01,54.09,53.81,54.01,1072800
2022-04-05T13:00:00Z,54.79,55.04,54.1,54.92,1393100
2022-04-05T14:00:00Z,54.95,55.46,54.51,54.85,1715600
2022-04-05T15:00:00Z,54.86,55.05,54.62,54.84,751400
2022-04-05T16:00:00Z,54.88,54.9,54.6,54.78,384900
2022-04-05T17:00:00Z,54.78,54.85,54.38,54.39,436700
2022-04-05T18:00:00Z,54.4,54.67,54.25,54.46,556900
2022-04-05T19:00:00Z,54.47,54.48,53.92,53.99,940500
2022-04-06T13:00:00Z,54.19,55.63,54.19,55.53,2522200
2022-04-06T14:00:00Z,55.53,55.7,54.8,54.82,812600
2022-04-06T15:00:00Z,54.83,55.29,54.61,55.15,807200
2022-04-06T16:00:00Z,55.15,55.47,55.02,55.17,514300
2022-04-06T17:00:00Z,55.18,55.39,54.96,55.13,480700
2022-04-06T18:00:00Z,55.11,55.76,54.66,55.63,803600
2022-04-06T19:00:00Z,55.61,55.63,55.08,55.2,755000
2022-04-07T13:00:00Z,55.32,55.38,54.8,55.01,770000
2022-04-07T14:00:00Z,55.04,55.15,54.85,54.99,467900
2022-04-07T15:00:00Z,55,55.14,54.85,54.92,457600
2022-04-07T16:00:00Z,54.92,55,54.82,54.87,192100
2022-04-07T17:00:00Z,54.88,55,54.86,54.94,251600
2022-04-07T18:00:00Z,54.93,54.99,54.29,54.83,1228900
2022-04-07T19:00:00Z,54.83,55,54.44,54.71,1029100
2022-04-08T13:00:00Z,54.23,55.14,53.52,54.84,1023800
2022-04-08T14:00:00Z,54.8,55.45,54.36,55.22,734900
2022-04-08T15:00:00Z,55.22,55.24,54.99,55.09,347100
2022-04-08T16:00:00Z,55.09,55.15,55.04,55.08,156100
2022-04-08T17:00:00Z,55.08,55.11,54.89,54.94,332500
2022-04-08T18:00:00Z,54.95,55,54.81,54.95,277500
2022-04-08T19:00:00Z,54.94,54.95,54.39,54.56,721900
2022-04-11T13:00:00Z,54.52,54.86,54.3,54.69,385900
2022-04-11T14:00:00Z,54.69,54.83,54.22,54.39,527800
2022-04-11T15:00:00Z,54.39,54.47,54.15,54.4,312500
2022-04-11T16:00:00Z,54.4,54.87,54.39,54.55,408200
2022-04-11T17:00:00Z,54.55,54.99,54.47,54.96,396600
2022-04-11T18:00:00Z,54.96,54.96,54.2,54.26,515200
2022-04-11T19:00:00Z,54.26,54.43,54.15,54.34,536700
2022-04-12T13:00:00Z,54.18,54.48,53.82,54.18,572700
2022-04-12T14:00:00Z,54.18,54.2,53.86,53.93,275900
2022-04-12T15:00:00Z,53.94,54.36,53.82,54.12,408900
2022-04-12T16:00:00Z,54.13,54.24,53.75,53.92,554400
2022-04-12T17:00:00Z,53.92,54.18,53.76,53.82,256800
2022-04-12T18:00:00Z,53.82,53.85,53.38,53.48,626500
2022-04-12T19:00:00Z,53.47,53.77,53.42,53.72,394900
2022-04-13T13:00:00Z,53.83,53.97,53.26,53.61,779700
2022-04-13T14:00:00Z,53.62,53.69,53.42,53.58,424500
2022-04-13T15:00:00Z,53.59,53.8,53.52,53.66,334000
2022-04-13T16:00:00Z,53.67,53.87,53.53,53.78,415500
2022-04-13T17:00:00Z,53.79,54,53.62,53.69,658300
2022-04-13T18:00:00Z,53.68,53.82,53.52,53.67,581100
2022-04-13T19:00:00Z,53.66,53.93,53.65,53.84,550600
2022-04-14T13:00:00Z,53.89,54.19,53.53,53.78,591700
2022-04-14T14:00:00Z,53.77,53.94,53.43,53.46,258000
2022-04-14T15:00:00Z,53.47,53.62,53.39,53.52,278800
2022-04-14T16:00:00Z,53.52,53.52,53.32,53.36,304200
2022-04-14T17:00:00Z,53.36,53.54,53.27,53.49,272900
2022-04-14T18:00:00Z,53.49,53.54,53.08,53.08,579800
2022-04-14T19:00:00Z,53.08,53.47,53.08,53.43,1061800
2022-04-18T13:00:00Z,53.35,53.35,52.31,52.35,913100
2022-04-18T14:00:00Z,52.34,52.64,52.15,52.27,775800
2022-04-18T15:00:00Z,52.27,52.32,51.92,52.08,665500
2022-04-18T16:00:00Z,52.07,52.46,52.03,52.34,706600
2022-04-18T17:00:00Z,52.33,52.5,52.24,52.27,758500
2022-04-18T18:00:00Z,52.27,52.28,51.75,51.95,1123700
2022-04-18T19:00:00Z,51.95,52.09,51.8,52,1036800
2022-04-19T13:00:00Z,52.06,52.1,51.63,51.96,990100
2022-04-19T14:00:00Z,51.95,52.33,51.94,52.22,471800
2022-04-19T15:00:00Z,52.2,52.39,52.03,52.08,382000
2022-04-19T16:00:00Z,52.08,52.23,52,52.02,283300
2022-04-19T17:00:00Z,52.02,52.13,52,52.04,220400
2022-04-19T18:00:00Z,52.04,52.1,52,52.03,280500
2022-04-19T19:00:00Z,52.03,52.56,52,52.39,836800
2022-04-20T13:00:00Z,52.25,52.8,52.1,52.44,566600
2022-04-20T14:00:00Z,52.45,52.56,52.21,52.28,507800
2022-04-20T15:00:00Z,52.27,52.29,51.94,52.01,402000
2022-04-20T16:00:00Z,52.01,52.18,51.88,52.16,322400
2022-04-20T17:00:00Z,52.18,52.22,51.9,51.9,317500
2022-04-20T18:00:00Z,51.9,52.13,51.9,52.02,406100
2022-04-20T19:00:00Z,52.02,52.13,51.98,52.04,532700
2022-04-22T13:00:00Z,51.74,51.74,51.15,51.3,981300
2022-04-22T14:00:00Z,51.3,51.76,51.15,51.19,1125500
2022-04-22T15:00:00Z,51.19,51.46,51.08,51.45,896400
2022-04-22T16:00:00Z,51.45,51.68,51.37,51.56,486300
2022-04-22T17:00:00Z,51.55,51.85,51.45,51.62,634200
2022-04-22T18:00:00Z,51.61,52.06,51.48,51.71,900200
2022-04-22T19:00:00Z,51.7,51.74,51.39,51.49,911400
2022-04-25T13:00:00Z,51.72,51.72,50.45,50.52,1267900
2022-04-25T14:00:00Z,50.52,51.25,50.52,51.25,1031100
2022-04-25T15:00:00Z,51.25,51.4,50.81,51.06,424700
2022-04-25T16:00:00Z,51.08,51.6,50.97,51.26,312600
2022-04-25T17:00:00Z,51.27,51.66,51.21,51.5,417200
2022-04-25T18:00:00Z,51.48,52.15,51.48,51.96,511800
2022-04-25T19:00:00Z,51.97,52.12,51.79,51.85,669200
2022-04-26T13:00:00Z,51.75,52.95,51.75,52.43,1729700
2022-04-26T14:00:00Z,52.39,52.39,51.44,51.72,969500
2022-04-26T15:00:00Z,51.71,52.1,51.5,51.55,1110600
2022-04-26T16:00:00Z,51.55,51.61,51.04,51.19,914400
2022-04-26T17:00:00Z,51.19,51.23,50.84,51.02,677100
2022-04-26T18:00:00Z,51.01,51.19,50.92,51.14,1114300
2022-04-26T19:00:00Z,51.12,51.15,50.7,50.92,1596700
2022-04-27T13:00:00Z,51.46,51.79,50.9,51.53,1161600
2022-04-27T14:00:00Z,51.52,51.9,51.2,51.81,1516100
2022-04-27T15:00:00Z,51.82,51.96,51.47,51.54,1935700
2022-04-27T16:00:00Z,51.55,51.57,51.25,51.29,358000
2022-04-27T17:00:00Z,51.29,51.36,50.77,50.81,741900
2022-04-27T18:00:00Z,50.8,50.82,50.31,50.52,825000
2022-04-27T19:00:00Z,50.53,50.84,50.51,50.6,720300
2022-04-28T13:00:00Z,50.77,50.85,49.99,50.29,1548000
2022-04-28T14:00:00Z,50.3,50.3,49.8,49.92,810000
2022-04-28T15:00:00Z,49.9,50.1,49.82,49.97,353100
2022-04-28T16:00:00Z,49.98,50.15,49.8,50.11,252100
2022-04-28T17:00:00Z,50.11,50.29,49.99,50.27,258100
2022-04-28T18:00:00Z,50.26,51.12,50.18,51.03,662200
2022-04-28T19:00:00Z,51.02,51.23,51,51.22,748600
2022-04-29T13:00:00Z,51.81,52.08,50,50.33,2175900
2022-04-29T14:00:00Z,50.32,50.61,50.15,50.23,866700
2022-04-29T15:00:00Z,50.23,50.87,50.15,50.67,718000
2022-04-29T16:00:00Z,50.67,50.92,50.26,50.36,678600
2022-04-29T17:00:00Z,50.36,50.54,50.13,50.14,600900
2022-04-29T18:00:00Z,50.13,50.6,49.67,49.92,1096700
2022-04-29T19:00:00Z,49.9,50.24,49.62,50,1882400
2022-05-02T13:00:00Z,49.68,50.29,49.26,50.16,672600
2022-05-02T14:00:00Z,50.12,50.69,49.9,50.06,958800
2022-05-02T15:00:00Z,50.07,50.12,49.57,49.77,1105700
2022-05-02T16:00:00Z,49.78,50.14,49.58,49.92,495400
2022-05-02T17:00:00Z,49.92,50.27,49.9,50.13,471800
2022-05-02T18:00:00Z,50.13,50.77,50.12,50.58,1577800
2022-05-02T19:00:00Z,50.59,51.06,50.52,50.93,1808600
2022-05-03T13:00:00Z,51.07,52.4,50.86,51.53,1923700
2022-05-03T14:00:00Z,51.53,52.48,51.52,52.07,1389200
2022-05-03T15:00:00Z,52.05,52.25,51.5,51.63,860200
2022-05-03T16:00:00Z,51.63,51.65,51.27,51.59,493200
2022-05-03T17:00:00Z,51.6,51.64,51.16,51.41,652900
2022-05-03T18:00:00Z,51.42,51.44,50.92,51.25,546300
2022-05-03T19:00:00Z,51.26,51.41,50.98,51.2,677900
2022-05-04T13:00:00Z,51.3,51.83,51.03,51.69,790300
2022-05-04T14:00:00Z,51.68,52.16,51.36,51.77,1811800
2022-05-04T15:00:00Z,51.78,52.19,51.72,51.84,713500
2022-05-04T16:00:00Z,51.83,51.88,51.52,51.65,480500
2022-05-04T17:00:00Z,51.65,51.71,51.29,51.53,409800
2022-05-04T18:00:00Z,51.53,51.88,51.2,51.42,830900
2022-05-04T19:00:00Z,51.41,52.2,51.4,51.85,1446400
2022-05-05T13:00:00Z,51.49,52.64,51.28,52.51,1575800
2022-05-05T14:00:00Z,52.53,53.1,52.27,53.1,2241900
2022-05-05T15:00:00Z,53.07,53.15,51.89,52.03,1077200
2022-05-05T16:00:00Z,52.01,52.72,51.91,52.33,894500
2022-05-05T17:00:00Z,52.32,52.48,52.05,52.3,542600
2022-05-05T18:00:00Z,52.3,52.74,52.21,52.61,730400
2022-05-05T19:00:00Z,52.6,52.87,52.49,52.75,907600
2022-05-06T13:00:00Z,52.88,53.63,52.66,53.1,1456700
2022-05-06T14:00:00Z,53.12,53.29,52.82,53.2,836300
2022-05-06T15:00:00Z,53.2,53.6,53.19,53.24,646700
2022-05-06T16:00:00Z,53.22,53.47,53.14,53.27,484300
2022-05-06T17:00:00Z,53.25,53.31,52.41,52.43,499500
2022-05-06T18:00:00Z,52.43,52.52,51.83,51.86,936200
2022-05-06T19:00:00Z,51.84,52.09,51.49,51.99,1328700
2022-05-09T13:00:00Z,51.55,51.67,51.05,51.34,399100
2022-05-09T14:00:00Z,51.34,51.43,50.83,50.98,512400
2022-05-09T15:00:00Z,50.97,51.02,50.63,50.96,752200
2022-05-09T16:00:00Z,50.95,51.08,50.79,50.85,316600
2022-05-09T17:00:00Z,50.86,50.92,50.59,50.69,486700
2022-05-09T18:00:00Z,50.69,50.86,50.54,50.8,575100
2022-05-09T19:00:00Z,50.8,50.87,50.29,50.51,892700
2022-05-10T13:00:00Z,50.54,50.76,49.96,50.18,636800
2022-05-10T14:00:00Z,50.18,50.18,49.43,49.71,692900
2022-05-10T15:00:00Z,49.7,49.81,49.42,49.63,814900
2022-05-10T16:00:00Z,49.61,49.66,48.84,48.9,407400
2022-05-10T17:00:00Z,48.88,49.53,48.85,49.48,559100
2022-05-10T18:00:00Z,49.48,49.5,49.11,49.15,525500
2022-05-10T19:00:00Z,49.15,49.28,49.02,49.15,656200
2022-05-11T13:00:00Z,48.84,49.93,48.16,49.9,757800
2022-05-11T14:00:00Z,49.91,50.12,49.68,49.73,608300
2022-05-11T15:00:00Z,49.74,49.94,49.62,49.68,509000
2022-05-11T16:00:00Z,49.68,49.73,49.05,49.1,336700
2022-05-11T17:00:00Z,49.13,49.6,48.94,49.3,526400
2022-05-11T18:00:00Z,49.32,49.64,49.18,49.25,452500
2022-05-11T19:00:00Z,49.23,49.38,49.02,49.36,623900
2022-05-12T13:00:00Z,49.46,49.46,48.57,48.65,482500
2022-05-12T14:00:00Z,48.66,48.96,48.48,48.6,677300
2022-05-12T15:00:00Z,48.6,48.82,48.45,48.6,483700
2022-05-12T16:00:00Z,48.6,48.88,48.52,48.73,375500
2022-05-12T17:00:00Z,48.74,48.89,48.63,48.67,608000
2022-05-12T18:00:00Z,48.65,48.78,48.41,48.49,675400
2022-05-12T19:00:00Z,48.49,48.84,48.47,48.77,453200
2022-05-13T13:00:00Z,49.4,51.08,49.36,50.9,2026200
2022-05-13T14:00:00Z,50.87,51.84,50.84,51.82,2363100
2022-05-13T15:00:00Z,51.82,51.95,51.46,51.87,1111100
2022-05-13T16:00:00Z,51.84,51.95,51.47,51.68,717600
2022-05-13T17:00:00Z,51.68,51.84,51.59,51.63,645100
2022-05-13T18:00:00Z,51.62,51.63,51.27,51.55,3613100
2022-05-13T19:00:00Z,51.56,51.98,51.52,51.75,1111800
2022-05-16T13:00:00Z,51.9,52.46,50.91,51.42,1049600
2022-05-16T14:00:00Z,51.41,51.76,51.23,51.44,403800
2022-05-16T15:00:00Z,51.42,51.86,51.4,51.8,254200
2022-05-16T16:00:00Z,51.78,51.97,51.75,51.81,252100
2022-05-16T17:00:00Z,51.79,51.82,51.45,51.66,215200
2022-05-16T18:00:00Z,51.66,51.9,51.41,51.53,534700
2022-05-16T19:00:00Z,51.52,51.52,51.23,51.4,382700
2022-05-17T13:00:00Z,51.7,52.52,51.69,52.12,891400
2022-05-17T14:00:00Z,52.13,52.5,51.91,52.04,1017400
2022-05-17T15:00:00Z,52.04,52.41,51.97,52.33,466500
2022-05-17T16:00:00Z,52.33,52.65,52.23,52.65,512000
2022-05-17T17:00:00Z,52.66,52.73,52.22,52.38,611500
2022-05-17T18:00:00Z,52.38,52.66,52.23,52.59,553000
2022-05-17T19:00:00Z,52.59,52.72,52.47,52.61,721700
2022-05-18T13:00:00Z,52.8,52.95,51.76,52.4,804200
2022-05-18T14:00:00Z,52.38,52.44,51.92,52.08,409300
2022-05-18T15:00:00Z,52.08,52.09,51.84,51.86,202500
2022-05-18T16:00:00Z,51.87,51.97,51.56,51.59,361800
2022-05-18T17:00:00Z,51.58,51.66,50.81,50.93,819500
2022-05-18T18:00:00Z,50.97,51.3,50.76,50.76,679600
2022-05-18T19:00:00Z,50.77,51.19,50.75,50.9,687700
2022-05-19T13:00:00Z,50.89,51.16,50.56,50.98,321700
2022-05-19T14:00:00Z,50.98,51.16,50.43,50.68,478200
2022-05-19T15:00:00Z,50.66,50.91,50.65,50.66,216700
2022-05-19T16:00:00Z,50.67,50.8,50.62,50.8,181700
2022-05-19T17:00:00Z,50.8,51.03,50.8,51.01,554300
2022-05-19T18:00:00Z,51,51,50.5,50.73,348500
2022-05-19T19:00:00Z,50.73,51.01,50.63,50.77,544800
2022-05-20T13:00:00Z,51.8,52.9,51.42,52.02,2771500
2022-05-20T14:00:00Z,52.01,52.03,51.47,51.8,771500
2022-05-20T15:00:00Z,51.83,51.83,51.62,51.72,489200
2022-05-20T16:00:00Z,51.72,51.74,51.23,51.46,937700
2022-05-20T17:00:00Z,51.46,51.46,50.99,50.99,662700
2022-05-20T18:00:00Z,50.99,51.17,50.6,50.93,779500
2022-05-20T19:00:00Z,50.93,51.42,50.75,51.39,862400
2022-05-23T13:00:00Z,51.78,51.94,51.2,51.76,565600
2022-05-23T14:00:00Z,51.71,52.1,51.55,52.1,726700
2022-05-23T15:00:00Z,52.07,52.28,51.79,51.87,836800
2022-05-23T16:00:00Z,51.86,52.02,51.86,51.96,406700
2022-05-23T17:00:00Z,51.97,52.02,51.86,51.9,487800
2022-05-23T18:00:00Z,51.89,52.11,51.8,52.07,524400
2022-05-23T19:00:00Z,52.06,52.23,52.06,52.23,697700
2022-05-24T13:00:00Z,51.95,52.44,51.45,51.52,397300
2022-05-24T14:00:00Z,51.54,51.72,51.36,51.62,331900
2022-05-24T15:00:00Z,51.63,52.02,51.36,51.95,1179700
2022-05-24T16:00:00Z,51.94,52.03,51.53,51.6,291900
2022-05-24T17:00:00Z,51.62,51.9,51.54,51.82,290200
2022-05-24T18:00:00Z,51.81,51.97,51.42,51.46,380500
2022-05-24T19:00:00Z,51.47,52.07,51.46,52.06,645100
2022-05-25T13:00:00Z,51.81,52.37,51.74,52.18,294900
2022-05-25T14:00:00Z,52.18,52.29,52,52.21,204100
2022-05-25T15:00:00Z,52.21,52.22,51.8,51.86,319800
2022-05-25T16:00:00Z,51.86,51.93,51.72,51.86,175000
2022-05-25T17:00:00Z,51.86,51.86,51.53,51.61,348600
2022-05-25T18:00:00Z,51.6,51.72,51.23,51.46,693900
2022-05-25T19:00:00Z,51.47,51.67,51.19,51.25,1270900
2022-05-26T13:00:00Z,51.29,52.2,51.1,52.13,665900
2022-05-26T14:00:00Z,52.13,52.82,52.09,52.59,838300
2022-05-26T15:00:00Z,52.59,52.74,52.33,52.72,494800
2022-05-26T16:00:00Z,52.7,52.85,52.65,52.83,460700
2022-05-26T17:00:00Z,52.81,53.16,52.81,53.03,674300
2022-05-26T18:00:00Z,53.03,53.16,52.94,53.07,430500
2022-05-26T19:00:00Z,53.07,53.33,53.06,53.21,715700
2022-05-27T13:00:00Z,53.33,54.28,53.25,54.08,893000
2022-05-27T14:00:00Z,54.09,54.12,53.31,53.67,1126600
2022-05-27T15:00:00Z,53.67,53.86,53.51,53.66,210600
2022-05-27T16:00:00Z,53.66,53.71,53.4,53.53,209500
2022-05-27T17:00:00Z,53.53,53.67,53.47,53.61,188000
2022-05-27T18:00:00Z,53.61,53.82,53.58,53.61,294800
2022-05-27T19:00:00Z,53.6,53.67,53.36,53.54,375200
2022-05-30T13:00:00Z,54.5,54.71,53.6,53.64,584500
2022-05-30T14:00:00Z,53.63,53.87,53.37,53.77,369000
2022-05-30T15:00:00Z,53.74,53.84,53.45,53.45,169900
2022-05-30T16:00:00Z,53.47,53.7,53.4,53.67,117900
2022-05-30T17:00:00Z,53.68,53.8,53.64,53.65,208600
2022-05-30T18:00:00Z,53.65,53.69,53.41,53.52,341500
2022-05-30T19:00:00Z,53.54,53.65,53.48,53.52,232700
2022-05-31T13:00:00Z,54.28,54.29,53.09,53.74,617400
2022-05-31T14:00:00Z,53.75,54.2,53.41,53.49,1044900
2022-05-31T15:00:00Z,53.5,53.6,52.9,53.21,514100
2022-05-31T16:00:00Z,53.21,53.28,53.06,53.24,215000
2022-05-31T17:00:00Z,53.23,53.27,53,53.11,534900
2022-05-31T18:00:00Z,53.1,53.24,52.94,53.08,519200
2022-05-31T19:00:00Z,53.07,53.31,53.01,53.19,424300
2022-06-01T13:00:00Z,53.5,53.97,53.09,53.95,990500
2022-06-01T14:00:00Z,53.92,54.12,53.3,53.93,441600
2022-06-01T15:00:00Z,53.93,54.05,53.7,53.73,374900
2022-06-01T16:00:00Z,53.71,53.73,53.46,53.62,233900
2022-06-01T17:00:00Z,53.63,54.03,53.62,53.83,455500
2022-06-01T18:00:00Z,53.85,54.39,53.83,54.11,492500
2022-06-01T19:00:00Z,54.1,54.2,53.96,54.07,556700
2022-06-02T13:00:00Z,54.4,54.4,53.5,53.58,691900
2022-06-02T14:00:00Z,53.62,53.75,53.35,53.67,391400
2022-06-02T15:00:00Z,53.67,53.85,53.66,53.78,124500
2022-06-02T16:00:00Z,53.79,54.07,53.68,54.07,385200
2022-06-02T17:00:00Z,54.07,54.09,53.86,53.94,290200
2022-06-02T18:00:00Z,53.96,53.97,53.76,53.87,351800
2022-06-02T19:00:00Z,53.87,54.07,53.84,53.9,832900
2022-06-03T13:00:00Z,54.03,54.03,53.04,53.2,453800
2022-06-03T14:00:00Z,53.24,53.32,53.03,53.06,303100
2022-06-03T15:00:00Z,53.06,53.19,52.75,53.16,384300
2022-06-03T16:00:00Z,53.16,53.28,52.94,53.03,205700
2022-06-03T17:00:00Z,53.03,53.27,52.95,53.18,168400
2022-06-03T18:00:00Z,53.18,53.26,53.08,53.18,165800
2022-06-03T19:00:00Z,53.18,53.2,52.89,52.89,219900
2022-06-06T13:00:00Z,53.12,53.63,52.96,53.39,195300
2022-06-06T14:00:00Z,53.39,53.68,53.21,53.44,254400
2022-06-06T15:00:00Z,53.45,53.63,53.22,53.52,264100
2022-06-06T16:00:00Z,53.53,53.58,53.26,53.51,152100
2022-06-06T17:00:00Z,53.51,53.58,53.41,53.55,130600
2022-06-06T18:00:00Z,53.55,53.56,53.29,53.41,207800
2022-06-06T19:00:00Z,53.42,53.47,53.29,53.33,315200
2022-06-07T13:00:00Z,53.6,54.64,53.6,54.34,792600
2022-06-07T14:00:00Z,54.33,54.62,54.12,54.61,411700
2022-06-07T15:00:00Z,54.62,54.69,54.35,54.47,403300
2022-06-07T16:00:00Z,54.46,54.51,54.31,54.41,287300
2022-06-07T17:00:00Z,54.41,54.42,54.02,54.08,324900
2022-06-07T18:00:00Z,54.09,54.39,54.05,54.3,257000
2022-06-07T19:00:00Z,54.32,54.32,53.82,54.01,426800
2022-06-08T13:00:00Z,54.28,54.29,53.15,53.43,376100
2022-06-08T14:00:00Z,53.43,53.43,52.87,52.92,677300
2022-06-08T15:00:00Z,52.92,53,52.8,52.87,318200
2022-06-08T16:00:00Z,52.87,52.92,52.15,52.56,560700
2022-06-08T17:00:00Z,52.55,52.66,52.36,52.6,259300
2022-06-08T18:00:00Z,52.6,52.69,52.24,52.43,354100
2022-06-08T19:00:00Z,52.44,52.63,52.25,52.44,596800
2022-06-09T13:00:00Z,52.55,52.55,52,52.42,341800
2022-06-09T14:00:00Z,52.4,52.65,51.6,51.76,545600
2022-06-09T15:00:00Z,51.77,51.88,51.52,51.79,471400
2022-06-09T16:00:00Z,51.78,52.06,51.73,51.87,318400
2022-06-09T17:00:00Z,51.85,52.05,51.78,52.02,239400
2022-06-09T18:00:00Z,52.04,52.18,51.96,52.04,312600
2022-06-09T19:00:00Z,52.03,52.1,51.59,51.94,538400
2022-06-10T13:00:00Z,51.93,51.93,50.75,51.34,374200
2022-06-10T14:00:00Z,51.35,51.83,51.19,51.55,353700
2022-06-10T15:00:00Z,51.53,51.66,51.1,51.45,458800
2022-06-10T16:00:00Z,51.45,51.57,51.18,51.27,472200
2022-06-10T17:00:00Z,51.25,51.58,51.02,51.3,1110200
2022-06-10T18:00:00Z,51.31,51.68,51.19,51.63,517300
2022-06-10T19:00:00Z,51.62,51.79,51.53,51.55,580100
2022-06-13T13:00:00Z,51.35,51.9,51.16,51.47,715500
2022-06-13T14:00:00Z,51.49,51.76,50.72,51.14,715300
2022-06-13T15:00:00Z,51.13,51.44,50.86,51.24,714700
2022-06-13T16:00:00Z,51.22,51.33,50.97,51.09,388600
2022-06-13T17:00:00Z,51.09,51.8,51,51.69,814300
2022-06-13T18:00:00Z,51.69,51.9,51.51,51.85,734200
2022-06-13T19:00:00Z,51.85,52.28,51.64,51.84,1205400
2022-06-14T13:00:00Z,51.92,51.92,51.05,51.32,790500
2022-06-14T14:00:00Z,51.27,51.44,50.58,50.59,715100
2022-06-14T15:00:00Z,50.59,50.84,50.29,50.35,755600
2022-06-14T16:00:00Z,50.35,50.46,49.94,50.18,668200
2022-06-14T17:00:00Z,50.17,50.41,50.17,50.36,508900
2022-06-14T18:00:00Z,50.35,50.68,50.3,50.53,733300
2022-06-14T19:00:00Z,50.53,50.65,50.1,50.48,3098300
2022-06-15T13:00:00Z,51.15,51.39,50.5,51.24,859500
2022-06-15T14:00:00Z,51.23,51.46,50.73,50.94,665900
2022-06-15T15:00:00Z,50.95,50.95,50.51,50.51,388100
2022-06-15T16:00:00Z,50.51,50.75,50,50.03,848500
2022-06-15T17:00:00Z,50.03,50.59,50.01,50.52,2024000
2022-06-15T18:00:00Z,50.52,51,50.18,50.51,949900
2022-06-15T19:00:00Z,50.51,50.69,50.25,50.43,844700
2022-06-17T13:00:00Z,49.51,50.39,48.65,49.35,5011300
2022-06-17T14:00:00Z,49.36,49.51,48.27,48.5,1667100
2022-06-17T15:00:00Z,48.49,48.86,48.06,48.68,1109400
2022-06-17T16:00:00Z,48.68,49.12,48.57,49.02,607400
2022-06-17T17:00:00Z,49.02,49.49,49,49.08,912100
2022-06-17T18:00:00Z,49.07,50.5,49.06,49.39,6930500
2022-06-17T19:00:00Z,49.39,49.41,48.88,49,1416200
2022-06-20T13:00:00Z,49.19,49.29,48.51,49.19,476500
2022-06-20T14:00:00Z,49.19,49.71,49.02,49.64,525800
2022-06-20T15:00:00Z,49.6,49.65,49.23,49.33,248100
2022-06-20T16:00:00Z,49.33,49.35,48.9,49.01,262300
2022-06-20T17:00:00Z,48.99,49.16,48.92,49.04,121100
2022-06-20T18:00:00Z,49.04,49.15,48.96,49.01,189800
2022-06-20T19:00:00Z,49.01,49.13,48.81,49.11,260000
2022-06-21T13:00:00Z,48.98,49.75,48.68,49.52,598000
2022-06-21T14:00:00Z,49.53,49.61,49.11,49.12,487400
2022-06-21T15:00:00Z,49.11,49.22,48.88,48.88,322500
2022-06-21T16:00:00Z,48.86,49.06,48.85,49.04,249900
2022-06-21T17:00:00Z,49.06,49.22,48.94,48.94,326100
2022-06-21T18:00:00Z,48.94,48.98,48.62,48.8,424900
2022-06-21T19:00:00Z,48.82,48.89,48.66,48.76,1577100
2022-06-22T13:00:00Z,48.19,48.26,46.38,47,1841800
2022-06-22T14:00:00Z,46.99,47.28,46.77,46.86,1256000
2022-06-22T15:00:00Z,46.86,47.45,46.76,47.24,690900
2022-06-22T16:00:00Z,47.25,47.5,47.21,47.45,371500
2022-06-22T17:00:00Z,47.45,47.57,47.22,47.27,409200
2022-06-22T18:00:00Z,47.27,47.48,47.21,47.25,388200
2022-06-22T19:00:00Z,47.25,47.33,46.87,47.04,1011600
2022-06-23T13:00:00Z,47.11,47.6,46.33,46.38,967000
2022-06-23T14:00:00Z,46.35,46.6,46.09,46.22,1937100
2022-06-23T15:00:00Z,46.24,46.32,45.49,45.55,1398800
2022-06-23T16:00:00Z,45.53,45.68,45.17,45.21,872000
2022-06-23T17:00:00Z,45.21,45.29,44.91,45.08,1437000
2022-06-23T18:00:00Z,45.08,45.54,45.05,45.31,1559800
2022-06-23T19:00:00Z,45.3,45.94,45.24,45.65,1321100
2022-06-24T13:00:00Z,47.15,48.06,46.73,47.47,4026500
2022-06-24T14:00:00Z,47.48,47.95,47.34,47.43,2376000
2022-06-24T15:00:00Z,47.42,47.64,47,47.01,2551300
2022-06-24T16:00:00Z,47,47.64,46.84,47.59,938600
2022-06-24T17:00:00Z,47.59,47.7,47.52,47.66,618700
2022-06-24T18:00:00Z,47.66,48,47.65,47.92,931900
2022-06-24T19:00:00Z,47.92,48.15,47.87,47.93,686400
2022-06-27T13:00:00Z,48.16,49.99,48,49.47,1726100
2022-06-27T14:00:00Z,49.48,49.59,49.12,49.57,516500
2022-06-27T15:00:00Z,49.57,49.6,49.09,49.13,395200
2022-06-27T16:00:00Z,49.14,49.29,49.02,49.23,376500
2022-06-27T17:00:00Z,49.27,49.27,48.83,48.93,227800
2022-06-27T18:00:00Z,48.94,49.08,48.85,48.86,324700
2022-06-27T19:00:00Z,48.87,48.95,48.68,48.9,609700
2022-06-28T13:00:00Z,49.54,50.28,49.24,50.22,972000
2022-06-28T14:00:00Z,50.19,50.29,49.62,50.18,810100
2022-06-28T15:00:00Z,50.18,50.41,49.97,50.03,660600
2022-06-28T16:00:00Z,50.02,50.18,49.91,50.07,412100
2022-06-28T17:00:00Z,50.06,50.18,49.83,49.84,863400
2022-06-28T18:00:00Z,49.84,49.96,49.24,49.39,749500
2022-06-28T19:00:00Z,49.39,49.59,49.21,49.42,740300
2022-06-29T13:00:00Z,49.6,49.91,48.83,48.87,835900
2022-06-29T14:00:00Z,48.92,49.21,48.4,49.03,892800
2022-06-29T15:00:00Z,49.04,49.15,48.78,49.15,321900
2022-06-29T16:00:00Z,49.16,49.18,48.9,49.09,458500
2022-06-29T17:00:00Z,49.09,49.31,48.96,49.3,445900
2022-06-29T18:00:00Z,49.3,49.39,48.9,48.91,361600
2022-06-29T19:00:00Z,48.93,49.14,48.77,48.91,643200
2022-06-30T13:00:00Z,47.99,49.81,47.95,49.73,1145300
2022-06-30T14:00:00Z,49.68,49.98,49.44,49.67,1003800
2022-06-30T15:00:00Z,49.67,50.24,49.62,50.21,1071400
2022-06-30T16:00:00Z,50.2,50.62,49.98,50.55,819900
2022-06-30T17:00:00Z,50.54,50.77,49.99,50.25,984500
2022-06-30T18:00:00Z,50.24,50.25,49.38,49.73,1415900
2022-06-30T19:00:00Z,49.73,50.07,49.56,49.81,1364500
2022-07-01T13:00:00Z,49.71,50.69,49.33,50.1,1605300
2022-07-01T14:00:00Z,50.1,50.15,49.26,49.85,669200
2022-07-01T15:00:00Z,49.85,50.46,49.85,49.98,904100
2022-07-01T16:00:00Z,49.99,50.53,49.99,50.33,854800
2022-07-01T17:00:00Z,50.34,50.57,50.22,50.43,268100
2022-07-01T18:00:00Z,50.44,50.74,50.34,50.52,376800
2022-07-01T19:00:00Z,50.52,50.8,50.45,50.51,621000
2022-07-04T13:00:00Z,50.3,50.58,49.94,49.98,426300
2022-07-04T14:00:00Z,49.99,50.58,49.82,50.41,424100
2022-07-04T15:00:00Z,50.39,50.51,50.15,50.2,136700
2022-07-04T16:00:00Z,50.23,50.3,50.1,50.21,104500
2022-07-04T17:00:00Z,50.18,50.53,50.13,50.26,341600
2022-07-04T18:00:00Z,50.26,50.35,50.1,50.1,215000
2022-07-04T19:00:00Z,50.12,50.4,50.12,50.4,349100
2022-07-05T13:00:00Z,50.17,50.35,49.19,49.28,913000
2022-07-05T14:00:00Z,49.27,49.77,49.04,49.6,561800
2022-07-05T15:00:00Z,49.59,49.61,48.83,48.85,423000
2022-07-05T16:00:00Z,48.85,49.36,48.84,49.04,545900
2022-07-05T17:00:00Z,49.03,49.33,48.9,49.01,584900
2022-07-05T18:00:00Z,49.02,49.03,48.84,48.95,365400
2022-07-05T19:00:00Z,48.94,49.18,48.83,48.92,1293300
2022-07-06T13:00:00Z,48.54,49.16,48.24,48.88,520800
2022-07-06T14:00:00Z,48.88,49.11,48.56,48.69,411200
2022-07-06T15:00:00Z,48.68,49,48.52,48.93,354700
2022-07-06T16:00:00Z,48.94,49.28,48.78,49.28,331100
2022-07-06T17:00:00Z,49.29,49.58,49.2,49.36,796900
2022-07-06T18:00:00Z,49.38,49.74,49.14,49.29,861900
2022-07-06T19:00:00Z,49.28,49.6,49.22,49.4,833700
2022-07-07T13:00:00Z,49.83,50.45,49.55,50.24,622100
2022-07-07T14:00:00Z,50.23,50.25,49.37,49.38,566300
2022-07-07T15:00:00Z,49.39,49.49,49.3,49.35,300400
2022-07-07T16:00:00Z,49.34,49.44,49.24,49.36,260400
2022-07-07T17:00:00Z,49.36,49.39,49.08,49.23,429100
2022-07-07T18:00:00Z,49.23,49.36,49.01,49.08,535900
2022-07-07T19:00:00Z,49.09,49.17,48.94,49.05,656100
2022-07-08T13:00:00Z,48.86,49.45,48.73,48.88,316200
2022-07-08T14:00:00Z,48.86,48.93,48.23,48.24,387800
2022-07-08T15:00:00Z,48.24,48.57,47.83,47.97,404100
2022-07-08T16:00:00Z,47.98,48.08,47.76,47.86,645200
2022-07-08T17:00:00Z,47.88,47.89,47.61,47.7,419400
2022-07-08T18:00:00Z,47.7,47.83,47.61,47.67,353900
2022-07-08T19:00:00Z,47.68,47.71,47.55,47.65,864600
2022-07-11T13:00:00Z,47.03,47.88,46.8,47.65,864200
2022-07-11T14:00:00Z,47.64,47.96,47.49,47.57,507400
2022-07-11T15:00:00Z,47.56,48,47.54,47.89,318000
2022-07-11T16:00:00Z,47.89,47.97,47.76,47.96,237900
2022-07-11T17:00:00Z,47.97,48.11,47.79,47.87,311400
2022-07-11T18:00:00Z,47.87,47.87,47.43,47.67,610000
2022-07-11T19:00:00Z,47.68,47.85,47.47,47.57,919000
2022-07-12T13:00:00Z,47.57,48,47.05,47.22,516900
2022-07-12T14:00:00Z,47.2,47.77,47.15,47.76,367400
2022-07-12T15:00:00Z,47.78,48.05,47.72,47.83,450600
2022-07-12T16:00:00Z,47.84,47.85,47.52,47.52,189100
2022-07-12T17:00:00Z,47.51,47.67,47.42,47.48,342800
2022-07-12T18:00:00Z,47.48,47.88,47.41,47.6,976600
2022-07-12T19:00:00Z,47.58,47.69,47.46,47.65,1457500
2022-07-13T13:00:00Z,47.46,47.46,46.1,46.11,754000
2022-07-13T14:00:00Z,46.13,46.8,46.03,46.71,578500
2022-07-13T15:00:00Z,46.72,47.08,46.63,46.64,525200
2022-07-13T16:00:00Z,46.64,46.68,46.31,46.53,400500
2022-07-13T17:00:00Z,46.54,46.8,46.5,46.73,518300
2022-07-13T18:00:00Z,46.73,46.74,46.3,46.35,398800
2022-07-13T19:00:00Z,46.35,46.44,46.3,46.39,503200
2022-07-14T13:00:00Z,45.89,46.14,45.26,45.44,1131900
2022-07-14T14:00:00Z,45.43,45.43,44.7,44.78,801300
2022-07-14T15:00:00Z,44.78,44.98,44.72,44.83,414100
2022-07-14T16:00:00Z,44.83,45.33,44.83,45.04,1493100
2022-07-14T17:00:00Z,45.05,45.5,45.02,45.39,853900
2022-07-14T18:00:00Z,45.4,45.69,45.26,45.3,674500
2022-07-14T19:00:00Z,45.31,45.36,44.97,45.08,909800
2022-07-15T13:00:00Z,45.09,45.15,44.03,44.07,736900
2022-07-15T14:00:00Z,44.05,44.63,44.05,44.43,1216900
2022-07-15T15:00:00Z,44.43,44.58,44.21,44.3,791100
2022-07-15T16:00:00Z,44.3,44.4,44.23,44.29,403500
2022-07-15T17:00:00Z,44.3,44.4,44.17,44.34,1109800
2022-07-15T18:00:00Z,44.35,44.4,43.95,44.1,737800
2022-07-15T19:00:00Z,44.11,44.12,43.81,43.85,1459900
2022-07-18T13:00:00Z,44.1,44.79,44.07,44.56,1526400
2022-07-18T14:00:00Z,44.55,44.57,44.03,44.32,661300
2022-07-18T15:00:00Z,44.32,44.52,44.21,44.36,512600
2022-07-18T16:00:00Z,44.35,44.49,44.31,44.37,216200
2022-07-18T17:00:00Z,44.36,44.48,43.96,43.96,535400
2022-07-18T18:00:00Z,43.98,44.07,43.61,43.74,1118700
2022-07-18T19:00:00Z,43.74,43.85,43.6,43.63,1365500
2022-07-19T13:00:00Z,43.76,44.48,43.51,44.37,569200
2022-07-19T14:00:00Z,44.37,45.06,44.35,44.85,584100
2022-07-19T15:00:00Z,44.84,45.02,44.58,45.02,490300
2022-07-19T16:00:00Z,45.02,45.54,45.01,45.51,452200
2022-07-19T17:00:00Z,45.51,45.97,45.46,45.78,871200
2022-07-19T18:00:00Z,45.78,46.08,45.73,46.02,604500
2022-07-19T19:00:00Z,46.04,46.15,45.72,45.83,941100
2022-07-20T13:00:00Z,45.7,45.8,44.7,45.1,814000
2022-07-20T14:00:00Z,45.09,45.24,44.82,44.94,838600
2022-07-20T15:00:00Z,44.91,45.17,44.73,45.17,460200
2022-07-20T16:00:00Z,45.16,45.18,44.8,45.04,492800
2022-07-20T17:00:00Z,45.04,45.17,44.91,44.98,542900
2022-07-20T18:00:00Z,44.98,45.26,44.81,45.23,1040800
2022-07-20T19:00:00Z,45.23,45.25,44.9,44.92,1089800
2022-07-21T13:00:00Z,44.8,44.8,43.6,44.41,1432100
2022-07-21T14:00:00Z,44.4,45.07,44.34,45.01,904700
2022-07-21T15:00:00Z,45.02,45.48,44.93,45.33,851500
2022-07-21T16:00:00Z,45.34,45.69,45.32,45.64,614100
2022-07-21T17:00:00Z,45.65,45.78,45.39,45.57,405500
2022-07-21T18:00:00Z,45.58,45.73,45.32,45.32,576700
2022-07-21T19:00:00Z,45.33,45.5,45.24,45.45,666900
2022-07-22T13:00:00Z,45.4,47.05,45.4,46.21,1069400
2022-07-22T14:00:00Z,46.19,46.48,45.92,46.22,553600
2022-07-22T15:00:00Z,46.22,46.45,46.06,46.27,414600
2022-07-22T16:00:00Z,46.27,46.66,46.16,46.47,476500
2022-07-22T17:00:00Z,46.47,46.79,46.47,46.72,475400
2022-07-22T18:00:00Z,46.72,46.85,46.68,46.72,428100
2022-07-22T19:00:00Z,46.73,47.05,46.71,47,577100
2022-07-25T13:00:00Z,46.8,47.19,46.53,46.88,410500
2022-07-25T14:00:00Z,46.9,47.11,46.62,46.95,403100
2022-07-25T15:00:00Z,46.95,47.02,46.75,46.88,218700
2022-07-25T16:00:00Z,46.89,46.89,46.44,46.52,350600
2022-07-25T17:00:00Z,46.53,46.7,46.48,46.6,309200
2022-07-25T18:00:00Z,46.59,46.69,46.25,46.27,266000
2022-07-25T19:00:00Z,46.27,46.38,46.07,46.15,632600
2022-07-26T13:00:00Z,46.15,46.4,45.55,45.77,336800
2022-07-26T14:00:00Z,45.76,45.76,45.41,45.46,236700
2022-07-26T15:00:00Z,45.48,45.79,45.43,45.53,203400
2022-07-26T16:00:00Z,45.55,45.64,45.41,45.44,183900
2022-07-26T17:00:00Z,45.43,45.58,45.4,45.52,205500
2022-07-26T18:00:00Z,45.53,45.63,45.48,45.51,240500
2022-07-26T19:00:00Z,45.51,45.61,45.46,45.55,342500
2022-07-27T13:00:00Z,45.68,46.6,45.68,46.42,534700
2022-07-27T14:00:00Z,46.41,46.63,46.27,46.51,645200
2022-07-27T15:00:00Z,46.5,46.58,46.34,46.53,388100
2022-07-27T16:00:00Z,46.53,46.56,46.38,46.45,195700
2022-07-27T17:00:00Z,46.44,46.56,46.25,46.25,485200
2022-07-27T18:00:00Z,46.25,46.54,46.18,46.52,680900
2022-07-27T19:00:00Z,46.53,46.93,46.53,46.71,1643700
2022-07-28T13:00:00Z,47.31,47.62,46.42,46.45,1974300
2022-07-28T14:00:00Z,46.46,46.86,46.24,46.34,859700
2022-07-28T15:00:00Z,46.34,46.74,46.28,46.59,785500
2022-07-28T16:00:00Z,46.59,46.78,46.51,46.54,408500
2022-07-28T17:00:00Z,46.54,47.21,46.4,47.02,895300
2022-07-28T18:00:00Z,47.01,47.09,46.37,46.38,725200
2022-07-28T19:00:00Z,46.37,47,46.29,46.95,1522000
2022-07-29T13:00:00Z,46.86,47.85,46.45,47.66,960900
2022-07-29T14:00:00Z,47.67,48.87,47.62,48.78,1470200
2022-07-29T15:00:00Z,48.75,48.75,48.36,48.58,581500
2022-07-29T16:00:00Z,48.56,48.62,48.3,48.4,393300
2022-07-29T17:00:00Z,48.4,48.58,48.32,48.48,426300
2022-07-29T18:00:00Z,48.49,48.98,48.42,48.92,908400
2022-07-29T19:00:00Z,48.89,48.97,48.42,48.5,1071000
2022-08-01T13:00:00Z,48.36,48.36,47.53,47.9,766300
2022-08-01T14:00:00Z,47.86,48.09,47.31,47.58,747600
2022-08-01T15:00:00Z,47.58,47.65,47.32,47.36,494900
2022-08-01T16:00:00Z,47.36,47.78,47.3,47.58,1026300
2022-08-01T17:00:00Z,47.59,47.59,46.95,47.12,1123700
2022-08-01T18:00:00Z,47.12,47.45,47.04,47.42,931000
2022-08-01T19:00:00Z,47.42,47.67,47.38,47.55,1233500
2022-08-02T13:00:00Z,47.65,48.39,47.41,48.08,668700
2022-08-02T14:00:00Z,48.06,48.59,47.89,48.19,855100
2022-08-02T15:00:00Z,48.2,48.26,47.85,47.93,424900
2022-08-02T16:00:00Z,47.92,48.03,47.8,47.83,264200
2022-08-02T17:00:00Z,47.83,48,47.71,47.84,349500
2022-08-02T18:00:00Z,47.85,48.26,47.76,48.11,634200
2022-08-02T19:00:00Z,48.09,48.19,47.86,47.92,761600
2022-08-03T13:00:00Z,47.61,48.05,47.22,47.28,374800
2022-08-03T14:00:00Z,47.28,47.31,46.87,47.15,856300
2022-08-03T15:00:00Z,47.15,47.4,47.07,47.31,670200
2022-08-03T16:00:00Z,47.32,47.5,47.21,47.21,463600
2022-08-03T17:00:00Z,47.22,47.24,46.92,47.03,591700
2022-08-03T18:00:00Z,47.03,47.57,46.98,47.43,483900
2022-08-03T19:00:00Z,47.43,47.44,46.98,47.2,423500
2022-08-04T13:00:00Z,47.68,47.68,46.69,47.24,618500
2022-08-04T14:00:00Z,47.24,47.56,46.95,46.97,835900
2022-08-04T15:00:00Z,46.96,47.11,46.94,46.97,321400
2022-08-04T16:00:00Z,46.96,47.15,46.86,46.91,527100
2022-08-04T17:00:00Z,46.91,47.13,46.88,46.93,442100
2022-08-04T18:00:00Z,46.93,47.16,46.89,46.91,437200
2022-08-04T19:00:00Z,46.9,47.36,46.9,47.25,700600
2022-08-05T13:00:00Z,47.5,48.29,47.5,48.24,475000
2022-08-05T14:00:00Z,48.24,48.54,47.9,48.48,745000
2022-08-05T15:00:00Z,48.48,48.5,47.85,47.98,429100
2022-08-05T16:00:00Z,47.98,48.41,47.97,48.32,412900
2022-08-05T17:00:00Z,48.32,48.76,48.28,48.28,541900
2022-08-05T18:00:00Z,48.29,48.32,47.86,47.9,581500
2022-08-05T19:00:00Z,47.89,47.96,47.69,47.87,672800
2022-08-08T13:00:00Z,48.36,48.63,47.74,48.03,553600
2022-08-08T14:00:00Z,48.03,48.58,48.03,48.21,281800
2022-08-08T15:00:00Z,48.19,48.51,48.07,48.26,303400
2022-08-08T16:00:00Z,48.25,48.32,47.99,48.24,277900
2022-08-08T17:00:00Z,48.24,48.55,48.22,48.47,329500
2022-08-08T18:00:00Z,48.47,48.89,48.3,48.8,709200
2022-08-08T19:00:00Z,48.83,48.95,48.36,48.48,956200
2022-08-09T13:00:00Z,48.7,49.95,48.66,49.39,1348000
2022-08-09T14:00:00Z,49.37,49.74,49.25,49.43,703300
2022-08-09T15:00:00Z,49.41,49.43,49.05,49.14,258500
2022-08-09T16:00:00Z,49.14,49.15,48.9,49,208500
2022-08-09T17:00:00Z,48.99,49.33,48.99,49.29,270700
2022-08-09T18:00:00Z,49.29,49.37,48.98,49.07,354600
2022-08-09T19:00:00Z,49.05,49.27,48.93,49.07,573500
2022-08-10T13:00:00Z,49.36,49.88,48.36,48.52,1224200
2022-08-10T14:00:00Z,48.52,48.76,48.32,48.47,716700
2022-08-10T15:00:00Z,48.46,48.79,48.23,48.75,576800
2022-08-10T16:00:00Z,48.74,48.75,48.49,48.56,281200
2022-08-10T17:00:00Z,48.55,48.72,48.51,48.68,343800
2022-08-10T18:00:00Z,48.67,49,48.61,48.8,377900
2022-08-10T19:00:00Z,48.79,49.22,48.76,49.02,568100
2022-08-11T13:00:00Z,49.58,49.75,49.21,49.69,350100
2022-08-11T14:00:00Z,49.7,49.83,49.55,49.58,529600
2022-08-11T15:00:00Z,49.59,49.95,49.42,49.82,421700
2022-08-11T16:00:00Z,49.82,50.08,49.67,49.84,205700
2022-08-11T17:00:00Z,49.85,49.98,49.44,49.83,255000
2022-08-11T18:00:00Z,49.8,49.84,49.35,49.45,421800
2022-08-11T19:00:00Z,49.43,49.75,49.38,49.65,533000
2022-08-12T13:00:00Z,50.08,50.49,49.48,50.13,513000
2022-08-12T14:00:00Z,50.12,50.25,49.8,49.9,293700
2022-08-12T15:00:00Z,49.89,50.08,49.86,50.05,341900
2022-08-12T16:00:00Z,50.04,50.08,49.65,49.89,280000
2022-08-12T17:00:00Z,49.89,50.04,49.8,49.86,227800
2022-08-12T18:00:00Z,49.88,50.06,49.72,50.04,469000
2022-08-12T19:00:00Z,50.04,50.2,49.9,50,394300
2022-08-15T13:00:00Z,49.78,49.96,48.88,49.14,972400
2022-08-15T14:00:00Z,49.14,49.17,48.71,48.8,1067300
2022-08-15T15:00:00Z,48.8,48.81,48.45,48.72,998300
2022-08-15T16:00:00Z,48.72,49.36,48.67,49.3,626800
2022-08-15T17:00:00Z,49.3,49.5,48.99,49.11,748500
2022-08-15T18:00:00Z,49.12,49.21,48.93,48.99,525800
2022-08-15T19:00:00Z,48.99,49.03,48.82,48.92,688800
2022-08-16T13:00:00Z,48.9,50.04,48.84,49.71,745600
2022-08-16T14:00:00Z,49.69,49.9,49.36,49.45,403100
2022-08-16T15:00:00Z,49.47,49.58,49.24,49.29,296900
2022-08-16T16:00:00Z,49.29,49.35,49.15,49.19,215400
2022-08-16T17:00:00Z,49.2,49.43,49.19,49.3,258200
2022-08-16T18:00:00Z,49.31,49.86,49.29,49.52,399100
2022-08-16T19:00:00Z,49.52,50.16,49.5,49.96,916300
2022-08-17T13:00:00Z,49.79,50.39,49.55,50.35,443400
2022-08-17T14:00:00Z,50.34,50.45,50.16,50.32,585800
2022-08-17T15:00:00Z,50.32,51.29,50.32,50.76,1252600
2022-08-17T16:00:00Z,50.75,50.95,50.73,50.9,245100
2022-08-17T17:00:00Z,50.91,51.07,50.59,50.86,447100
2022-08-17T18:00:00Z,50.87,51.4,50.76,51.21,1599500
2022-08-17T19:00:00Z,51.22,51.22,50.76,50.98,1860900
2022-08-18T13:00:00Z,51.15,51.4,50.43,50.9,354800
2022-08-18T14:00:00Z,50.9,51.13,50.66,50.66,469400
2022-08-18T15:00:00Z,50.64,50.8,50.45,50.76,241700
2022-08-18T16:00:00Z,50.79,50.93,50.71,50.89,207600
2022-08-18T17:00:00Z,50.89,51.06,50.78,50.89,403300
2022-08-18T18:00:00Z,50.88,50.94,50.63,50.73,384800
2022-08-18T19:00:00Z,50.74,50.82,50.46,50.49,811300
2022-08-19T13:00:00Z,50.53,50.64,49.91,49.98,554900
2022-08-19T14:00:00Z,49.98,50.37,49.95,50.08,733800
2022-08-19T15:00:00Z,50.08,50.2,49.92,50.08,542800
2022-08-19T16:00:00Z,50.08,50.34,50.04,50.31,243700
2022-08-19T17:00:00Z,50.31,50.41,49.77,49.84,420900
2022-08-19T18:00:00Z,49.8,50.05,49.73,49.92,566100
2022-08-19T19:00:00Z,49.91,50.1,49.79,50,637500
2022-08-22T13:00:00Z,50.07,50.07,48.63,48.8,1431100
2022-08-22T14:00:00Z,48.79,49.27,48.66,49.17,650300
2022-08-22T15:00:00Z,49.18,49.3,48.99,49.08,315100
2022-08-22T16:00:00Z,49.09,49.38,49.08,49.22,372400
2022-08-22T17:00:00Z,49.19,49.22,48.96,49.1,658800
2022-08-22T18:00:00Z,49.09,49.15,48.78,48.9,636000
2022-08-22T19:00:00Z,48.9,49.02,48.66,48.85,917800
2022-08-23T13:00:00Z,48.71,49.13,48.15,49.1,625600
2022-08-23T14:00:00Z,49.1,50.11,49.09,49.97,883400
2022-08-23T15:00:00Z,49.97,50.28,49.81,49.86,653400
2022-08-23T16:00:00Z,49.83,49.91,49.36,49.43,597200
2022-08-23T17:00:00Z,49.41,49.52,49.29,49.3,321900
2022-08-23T18:00:00Z,49.3,49.59,49.2,49.58,405800
2022-08-23T19:00:00Z,49.59,49.87,49.46,49.67,674300
2022-08-24T13:00:00Z,48.45,48.88,47.49,47.7,5038100
2022-08-24T14:00:00Z,47.69,48.19,47.35,48.09,3620400
2022-08-24T15:00:00Z,48.09,48.44,47.99,48,1720700
2022-08-24T16:00:00Z,48,48.05,47.64,47.64,740000
2022-08-24T17:00:00Z,47.63,47.93,47.56,47.79,793900
2022-08-24T18:00:00Z,47.78,48.2,47.75,48.03,761400
2022-08-24T19:00:00Z,48.03,48.1,47.7,47.99,1017200
2022-08-25T13:00:00Z,48.33,48.6,47.61,47.77,1898500
2022-08-25T14:00:00Z,47.78,48.13,47.39,47.79,2154500
2022-08-25T15:00:00Z,47.78,47.84,47.51,47.58,657700
2022-08-25T16:00:00Z,47.57,47.6,47.45,47.57,295700
2022-08-25T17:00:00Z,47.58,47.6,47.36,47.42,460700
2022-08-25T18:00:00Z,47.41,47.46,46.99,47.16,1071600
2022-08-25T19:00:00Z,47.16,47.32,47.03,47.3,1242900
2022-08-26T13:00:00Z,47.37,47.69,46.53,46.56,1672700
2022-08-26T14:00:00Z,46.54,46.57,45.96,46.01,2960400
2022-08-26T15:00:00Z,46.01,46.15,45.82,45.85,980700
2022-08-26T16:00:00Z,45.86,45.91,45.58,45.85,1236500
2022-08-26T17:00:00Z,45.85,45.88,45.64,45.69,802700
2022-08-26T18:00:00Z,45.68,45.85,45.64,45.75,918300
2022-08-26T19:00:00Z,45.75,45.85,45.26,45.5,3145000
2022-08-29T13:00:00Z,45.6,46.2,45.55,45.62,722000
2022-08-29T14:00:00Z,45.64,45.88,45.51,45.65,700000
2022-08-29T15:00:00Z,45.65,45.81,45.41,45.55,467700
2022-08-29T16:00:00Z,45.54,45.54,45.2,45.35,642500
2022-08-29T17:00:00Z,45.34,45.35,45.13,45.16,928600
2022-08-29T18:00:00Z,45.16,45.51,45.12,45.48,706000
2022-08-29T19:00:00Z,45.47,45.64,45.35,45.38,940200
2022-08-30T13:00:00Z,45.67,46.15,45.37,45.4,925500
2022-08-30T14:00:00Z,45.4,45.7,45.16,45.7,1223900
2022-08-30T15:00:00Z,45.7,45.76,45.35,45.59,653900
2022-08-30T16:00:00Z,45.58,45.8,45.54,45.66,267100
2022-08-30T17:00:00Z,45.65,45.7,45.53,45.58,212100
2022-08-30T18:00:00Z,45.58,45.66,45.44,45.59,436600
2022-08-30T19:00:00Z,45.59,45.59,45.22,45.35,665600
2022-08-31T13:00:00Z,45.59,45.64,45.06,45.3,738100
2022-08-31T14:00:00Z,45.29,45.46,45.17,45.23,503900
2022-08-31T15:00:00Z,45.22,45.42,45.12,45.28,463700
2022-08-31T16:00:00Z,45.27,45.28,45.08,45.14,297200
2022-08-31T17:00:00Z,45.13,45.13,44.87,44.88,483800
2022-08-31T18:00:00Z,44.88,45.05,44.71,44.8,652100
2022-08-31T19:00:00Z,44.79,44.88,44.53,44.73,1037600
2022-09-01T13:00:00Z,44.48,44.6,43.58,44.06,1453700
2022-09-01T14:00:00Z,44.06,44.77,44,44.22,1284500
2022-09-01T15:00:00Z,44.21,44.37,43.93,43.95,1516200
2022-09-01T16:00:00Z,43.95,43.98,43.81,43.86,469900
2022-09-01T17:00:00Z,43.86,44.03,43.72,43.76,512800
2022-09-01T18:00:00Z,43.76,43.9,43.65,43.74,624700
2022-09-01T19:00:00Z,43.74,44.17,43.74,44.09,806600
2022-09-02T13:00:00Z,44.22,44.28,43.65,43.89,1060600
2022-09-02T14:00:00Z,43.9,44.45,43.8,44.41,704400
2022-09-02T15:00:00Z,44.41,44.6,44.05,44.09,1057200
2022-09-02T16:00:00Z,44.1,44.12,43.8,43.82,510900
2022-09-02T17:00:00Z,43.82,43.82,43.35,43.4,939700
2022-09-02T18:00:00Z,43.39,43.66,43.35,43.66,812600
2022-09-02T19:00:00Z,43.66,43.7,43.26,43.33,892200
2022-09-05T13:00:00Z,43.86,44.68,43.69,44.12,516800
2022-09-05T14:00:00Z,44.12,44.26,43.6,43.67,491300
2022-09-05T15:00:00Z,43.66,44.1,43.5,44.08,597500
2022-09-05T16:00:00Z,44.07,44.45,44.05,44.45,538400
2022-09-05T17:00:00Z,44.45,44.87,44.43,44.79,384500
2022-09-05T18:00:00Z,44.78,44.97,44.73,44.78,433300
2022-09-05T19:00:00Z,44.74,44.77,44.38,44.59,654800
2022-09-06T13:00:00Z,44.2,45.29,44.2,44.99,1228900
2022-09-06T14:00:00Z,44.98,45.21,44.7,45.11,893200
2022-09-06T15:00:00Z,45.1,45.25,44.87,45.17,435300
2022-09-06T16:00:00Z,45.16,45.28,45.1,45.26,468000
2022-09-06T17:00:00Z,45.27,45.49,45.1,45.19,743900
2022-09-06T18:00:00Z,45.18,45.24,44.75,44.94,745300
2022-09-06T19:00:00Z,44.94,45.05,44.86,44.91,1100100
2022-09-08T13:00:00Z,45.19,45.19,44.31,44.44,704600
2022-09-08T14:00:00Z,44.43,44.44,44,44.07,643900
2022-09-08T15:00:00Z,44.07,44.52,44.04,44.41,563000
2022-09-08T16:00:00Z,44.42,44.48,44.06,44.06,508000
2022-09-08T17:00:00Z,44.07,44.22,44,44.03,379900
2022-09-08T18:00:00Z,44.02,44.27,44.02,44.08,491200
2022-09-08T19:00:00Z,44.07,44.15,44,44.02,603700
2022-09-09T13:00:00Z,44.29,44.75,44.01,44.51,526400
2022-09-09T14:00:00Z,44.51,45.11,44.51,44.99,533500
2022-09-09T15:00:00Z,44.99,45.3,44.95,45.28,355700
2022-09-09T16:00:00Z,45.27,45.33,44.88,44.95,350900
2022-09-09T17:00:00Z,44.95,45.09,44.8,44.92,295400
2022-09-09T18:00:00Z,44.91,45.09,44.85,45.03,293200
2022-09-09T19:00:00Z,45.03,45.11,44.9,45.05,412000
2022-09-12T13:00:00Z,45.13,45.9,45.13,45.67,507700
2022-09-12T14:00:00Z,45.67,45.71,45.11,45.11,298400
2022-09-12T15:00:00Z,45.11,45.31,45.11,45.17,181200
2022-09-12T16:00:00Z,45.17,45.29,45.11,45.2,136400
2022-09-12T17:00:00Z,45.21,45.33,45.15,45.28,223400
2022-09-12T18:00:00Z,45.27,45.41,45.19,45.37,301000
2022-09-12T19:00:00Z,45.37,45.4,45.23,45.38,336100
2022-09-13T13:00:00Z,45.48,45.91,45.1,45.5,819100
2022-09-13T14:00:00Z,45.48,45.52,44.71,44.72,734800
2022-09-13T15:00:00Z,44.71,44.97,44.6,44.83,646000
2022-09-13T16:00:00Z,44.82,45,44.67,44.73,562200
2022-09-13T17:00:00Z,44.73,44.89,44.69,44.86,421700
2022-09-13T18:00:00Z,44.86,44.86,44.52,44.72,747200
2022-09-13T19:00:00Z,44.72,44.81,44.3,44.31,1018000
2022-09-14T13:00:00Z,44.56,45.09,44.13,44.8,649400
2022-09-14T14:00:00Z,44.81,45.07,44.51,45.04,446600
2022-09-14T15:00:00Z,45.04,45.05,44.39,44.58,429400
2022-09-14T16:00:00Z,44.57,44.76,44.35,44.41,445200
2022-09-14T17:00:00Z,44.4,44.45,44.16,44.21,275800
2022-09-14T18:00:00Z,44.2,44.42,44.14,44.3,307600
2022-09-14T19:00:00Z,44.3,44.61,44.25,44.53,569400
2022-09-15T13:00:00Z,44.6,44.71,44,44.43,366700
2022-09-15T14:00:00Z,44.42,44.48,44,44.05,803700
2022-09-15T15:00:00Z,44.04,44.14,43.98,44.11,261400
2022-09-15T16:00:00Z,44.12,44.25,43.94,44.13,215200
2022-09-15T17:00:00Z,44.15,44.24,44.1,44.12,245700
2022-09-15T18:00:00Z,44.12,44.13,43.83,43.86,382200
2022-09-15T19:00:00Z,43.87,44.06,43.85,43.92,505900
2022-09-16T13:00:00Z,43.98,44.61,43.51,43.74,953200
2022-09-16T14:00:00Z,43.75,44.28,43.68,43.74,879300
2022-09-16T15:00:00Z,43.74,43.8,43.5,43.59,568500
2022-09-16T16:00:00Z,43.59,43.81,43.53,43.78,453400
2022-09-16T17:00:00Z,43.79,43.84,43.66,43.75,433400
2022-09-16T18:00:00Z,43.75,43.84,43.64,43.73,701600
2022-09-16T19:00:00Z,43.73,43.86,43.36,43.5,1503800
2022-09-19T13:00:00Z,43.8,44.02,43.04,43.75,540900
2022-09-19T14:00:00Z,43.77,43.94,43.61,43.88,472200
2022-09-19T15:00:00Z,43.88,44.1,43.87,43.96,340800
2022-09-19T16:00:00Z,43.95,44.19,43.91,44.19,343800
2022-09-19T17:00:00Z,44.19,44.34,43.92,43.95,355100
2022-09-19T18:00:00Z,43.93,44.03,43.81,43.9,356200
2022-09-19T19:00:00Z,43.9,44.31,43.88,44.14,648300
2022-09-20T13:00:00Z,44.35,44.47,43.54,43.76,681200
2022-09-20T14:00:00Z,43.75,44.13,43.71,43.81,339900
2022-09-20T15:00:00Z,43.82,44.19,43.78,44.1,346900
2022-09-20T16:00:00Z,44.1,44.17,43.72,43.76,301600
2022-09-20T17:00:00Z,43.77,43.88,43.71,43.79,268500
2022-09-20T18:00:00Z,43.81,43.92,43.65,43.87,744500
2022-09-20T19:00:00Z,43.86,44.2,43.82,44.1,738000
2022-09-21T13:00:00Z,44.2,44.51,43.6,43.64,386000
2022-09-21T14:00:00Z,43.65,43.92,43.54,43.59,319700
2022-09-21T15:00:00Z,43.6,43.77,43.56,43.68,153000
2022-09-21T16:00:00Z,43.69,43.85,43.57,43.81,143600
2022-09-21T17:00:00Z,43.84,43.95,43.71,43.83,214500
2022-09-21T18:00:00Z,43.8,44.02,43.37,43.74,742300
2022-09-21T19:00:00Z,43.77,43.79,43.3,43.38,567100
2022-09-22T13:00:00Z,43.9,43.96,43.15,43.4,848700
2022-09-22T14:00:00Z,43.41,43.84,43.16,43.76,776500
2022-09-22T15:00:00Z,43.75,44.08,43.75,43.89,584100
2022-09-22T16:00:00Z,43.88,44.07,43.8,43.96,223400
2022-09-22T17:00:00Z,43.97,44.24,43.88,44.11,502700
2022-09-22T18:00:00Z,44.11,44.24,43.8,44.18,529000
2022-09-22T19:00:00Z,44.18,44.39,44.14,44.22,694100
2022-09-23T13:00:00Z,43.7,43.91,43,43.01,1047200
2022-09-23T14:00:00Z,43,43.01,42.15,42.44,977400
2022-09-23T15:00:00Z,42.43,42.84,42.4,42.73,610500
2022-09-23T16:00:00Z,42.71,42.81,42.46,42.74,520300
2022-09-23T17:00:00Z,42.74,42.74,42.33,42.52,543400
2022-09-23T18:00:00Z,42.53,42.54,42.3,42.3,564600
2022-09-23T19:00:00Z,42.32,42.75,42.3,42.64,648400
2022-09-26T13:00:00Z,42.44,42.86,41.92,42.31,760200
2022-09-26T14:00:00Z,42.3,42.54,42,42.07,616000
2022-09-26T15:00:00Z,42.04,42.15,41.9,41.95,487600
2022-09-26T16:00:00Z,41.95,42.15,41.93,42.01,470300
2022-09-26T17:00:00Z,42.01,42.43,41.97,42.32,879100
2022-09-26T18:00:00Z,42.31,42.6,42.31,42.5,608300
2022-09-26T19:00:00Z,42.49,42.59,42.26,42.48,964600
2022-09-27T13:00:00Z,43.21,43.6,42.78,43.48,1243300
2022-09-27T14:00:00Z,43.5,44.77,43.38,44.47,2297100
2022-09-27T15:00:00Z,44.48,44.5,43.2,43.22,770200
2022-09-27T16:00:00Z,43.22,43.37,43.02,43.26,421000
2022-09-27T17:00:00Z,43.26,43.45,43.09,43.38,510200
2022-09-27T18:00:00Z,43.37,43.69,43.25,43.62,472600
2022-09-27T19:00:00Z,43.61,43.65,43.23,43.53,1042100
2022-09-28T13:00:00Z,43.54,44.04,43.12,43.98,543100
2022-09-28T14:00:00Z,43.98,44.1,43.33,43.67,522700
2022-09-28T15:00:00Z,43.67,43.89,43.61,43.79,432100
2022-09-28T16:00:00Z,43.8,43.87,43.39,43.52,367000
2022-09-28T17:00:00Z,43.52,43.59,43.45,43.47,442600
2022-09-28T18:00:00Z,43.46,43.71,43.45,43.64,525300
2022-09-28T19:00:00Z,43.63,43.77,43.6,43.66,449300
2022-09-29T13:00:00Z,43.18,43.66,42.92,42.96,1301000
2022-09-29T14:00:00Z,42.96,43.56,42.91,43.56,771400
2022-09-29T15:00:00Z,43.56,43.62,43.1,43.28,386100
2022-09-29T16:00:00Z,43.3,43.5,43.16,43.39,276500
2022-09-29T17:00:00Z,43.4,43.44,43.14,43.15,376200
2022-09-29T18:00:00Z,43.14,43.23,42.98,43.12,445500
2022-09-29T19:00:00Z,43.11,43.4,43.05,43.32,707100
2022-09-30T13:00:00Z,43.33,44.01,42.96,43.87,694800
2022-09-30T14:00:00Z,43.88,44.28,43.81,44.22,600700
2022-09-30T15:00:00Z,44.22,44.34,43.88,44.02,1056500
2022-09-30T16:00:00Z,44.02,44.47,43.98,44.33,987000
2022-09-30T17:00:00Z,44.32,44.49,44.12,44.18,601100
2022-09-30T18:00:00Z,44.16,44.34,44,44.19,545000
2022-09-30T19:00:00Z,44.18,44.7,44.16,44.67,1095700
2022-10-03T13:00:00Z,44.68,45.25,44.22,45.08,727800
2022-10-03T14:00:00Z,45.09,45.74,44.97,45.57,733000
2022-10-03T15:00:00Z,45.53,45.62,45.21,45.36,458300
2022-10-03T16:00:00Z,45.34,45.4,44.73,44.78,415700
2022-10-03T17:00:00Z,44.79,45.13,44.71,45.03,349000
2022-10-03T18:00:00Z,45.02,45.46,45.02,45.38,477000
2022-10-03T19:00:00Z,45.38,45.59,45.28,45.35,577100
2022-10-04T13:00:00Z,46.2,46.74,45.72,46.22,1153400
2022-10-04T14:00:00Z,46.22,46.55,46.11,46.21,946000
2022-10-04T15:00:00Z,46.2,46.43,45.95,46.05,1020800
2022-10-04T16:00:00Z,46.06,46.07,45.75,45.86,428600
2022-10-04T17:00:00Z,45.87,45.95,45.72,45.76,470500
2022-10-04T18:00:00Z,45.77,45.85,45.55,45.64,1160600
2022-10-04T19:00:00Z,45.63,45.96,45.57,45.82,916700
2022-10-05T13:00:00Z,45.73,46.77,45.73,46.23,955400
2022-10-05T14:00:00Z,46.21,46.61,46.06,46.24,918300
2022-10-05T15:00:00Z,46.24,46.28,45.98,46.03,441800
2022-10-05T16:00:00Z,46.06,46.49,46.01,46.45,333300
2022-10-05T17:00:00Z,46.46,46.89,46.43,46.65,681100
2022-10-05T18:00:00Z,46.65,46.89,46.58,46.79,811700
2022-10-05T19:00:00Z,46.81,47.1,46.71,46.93,793600
2022-10-06T13:00:00Z,47.07,47.26,46.86,47.04,388800
2022-10-06T14:00:00Z,47.04,47.1,46.66,46.95,419900
2022-10-06T15:00:00Z,46.94,46.97,46.7,46.74,165000
2022-10-06T16:00:00Z,46.72,47.09,46.7,46.92,238800
2022-10-06T17:00:00Z,46.91,46.94,46.73,46.82,189400
2022-10-06T18:00:00Z,46.82,47,46.66,46.72,309900
2022-10-06T19:00:00Z,46.72,46.86,46.66,46.71,361600
2022-10-07T13:00:00Z,46.76,47.27,46.57,47.04,320100
2022-10-07T14:00:00Z,47.04,47.08,46.65,46.88,312200
2022-10-07T15:00:00Z,46.88,46.89,46.36,46.4,238000
2022-10-07T16:00:00Z,46.41,46.54,46.38,46.5,220400
2022-10-07T17:00:00Z,46.49,46.73,46.45,46.51,217400
2022-10-07T18:00:00Z,46.51,46.65,46.41,46.6,210300
2022-10-07T19:00:00Z,46.59,46.72,46.34,46.45,403000
2022-10-10T13:00:00Z,46.65,46.73,46.32,46.67,340000
2022-10-10T14:00:00Z,46.66,47.5,46.66,47.29,460500
2022-10-10T15:00:00Z,47.29,47.83,47.25,47.82,589800
2022-10-10T16:00:00Z,47.82,47.9,47.62,47.8,440700
2022-10-10T17:00:00Z,47.8,48,47.75,47.79,553400
2022-10-10T18:00:00Z,47.79,47.99,47.77,47.96,650000
2022-10-10T19:00:00Z,47.96,48.46,47.95,48.32,986800
2022-10-11T13:00:00Z,48.38,48.71,47.8,47.84,576600
2022-10-11T14:00:00Z,47.84,48.05,47.57,47.57,432700
2022-10-11T15:00:00Z,47.57,47.69,47.41,47.5,453500
2022-10-11T16:00:00Z,47.5,47.69,47.39,47.49,348800
2022-10-11T17:00:00Z,47.49,47.74,47.37,47.45,456800
2022-10-11T18:00:00Z,47.46,47.67,47.33,47.54,403300
2022-10-11T19:00:00Z,47.53,47.68,47.27,47.54,611900
2022-10-13T13:00:00Z,47.66,47.86,46.68,46.93,774600
2022-10-13T14:00:00Z,46.93,47.41,46.9,47.33,608100
2022-10-13T15:00:00Z,47.33,47.95,47.23,47.87,396600
2022-10-13T16:00:00Z,47.89,47.99,47.61,47.96,356400
2022-10-13T17:00:00Z,47.95,48.12,47.88,48.03,308300
2022-10-13T18:00:00Z,48.03,48.17,47.8,47.91,440900
2022-10-13T19:00:00Z,47.92,48.09,47.76,47.94,474000
2022-10-14T13:00:00Z,47.91,49.1,47.9,48.8,980300
2022-10-14T14:00:00Z,48.8,48.96,48.39,48.64,650600
2022-10-14T15:00:00Z,48.64,48.83,48.4,48.56,350000
2022-10-14T16:00:00Z,48.56,48.57,48.28,48.49,253100
2022-10-14T17:00:00Z,48.49,48.54,48.27,48.46,209800
2022-10-14T18:00:00Z,48.45,48.51,48.03,48.03,302600
2022-10-14T19:00:00Z,48.04,48.11,47.59,47.65,822100
2022-10-17T13:00:00Z,47.86,48.73,47.83,48.52,549200
2022-10-17T14:00:00Z,48.51,48.51,48.06,48.31,296600
2022-10-17T15:00:00Z,48.31,48.53,48.08,48.51,253200
2022-10-17T16:00:00Z,48.51,49,48.5,48.79,522300
2022-10-17T17:00:00Z,48.79,49.37,48.72,49.3,683800
2022-10-17T18:00:00Z,49.31,49.6,49.28,49.55,763300
2022-10-17T19:00:00Z,49.55,49.74,49.47,49.52,1045900
2022-10-18T13:00:00Z,49.78,50.48,49.73,49.98,747500
2022-10-18T14:00:00Z,49.98,50,49.14,49.21,577600
2022-10-18T15:00:00Z,49.21,49.54,49.08,49.5,319700
2022-10-18T16:00:00Z,49.51,49.87,49.49,49.72,272000
2022-10-18T17:00:00Z,49.73,49.85,49.58,49.79,237500
2022-10-18T18:00:00Z,49.79,49.96,49.49,49.66,475900
2022-10-18T19:00:00Z,49.66,50,49.62,49.67,786100
2022-10-19T13:00:00Z,49.91,50.07,49.21,49.39,368700
2022-10-19T14:00:00Z,49.39,49.42,49.02,49.11,334900
2022-10-19T15:00:00Z,49.11,49.3,49.11,49.19,193100
2022-10-19T16:00:00Z,49.2,49.2,49.08,49.15,198000
2022-10-19T17:00:00Z,49.14,49.2,49.04,49.16,206300
2022-10-19T18:00:00Z,49.16,49.2,48.96,49.01,321100
2022-10-19T19:00:00Z,49.01,49.2,48.97,49.1,953900
2022-10-20T13:00:00Z,49.5,49.75,48.94,49.24,1080300
2022-10-20T14:00:00Z,49.24,49.72,49.2,49.52,982400
2022-10-20T15:00:00Z,49.53,49.55,49.22,49.25,351600
2022-10-20T16:00:00Z,49.25,49.27,48.71,48.8,249600
2022-10-20T17:00:00Z,48.79,49.24,48.74,49.22,332900
2022-10-20T18:00:00Z,49.19,49.55,49.08,49.48,579700
2022-10-20T19:00:00Z,49.47,49.72,49.4,49.7,674200
2022-10-21T13:00:00Z,49.54,49.55,48.52,48.87,819800
2022-10-21T14:00:00Z,48.89,49.35,48.65,49.07,398100
2022-10-21T15:00:00Z,49.07,49.49,48.89,49.46,283200
2022-10-21T16:00:00Z,49.45,49.86,49.34,49.67,297200
2022-10-21T17:00:00Z,49.66,49.94,49.56,49.78,418200
2022-10-21T18:00:00Z,49.79,49.84,49.63,49.63,535600
2022-10-21T19:00:00Z,49.63,49.94,49.5,49.94,914100
2022-10-24T13:00:00Z,49.93,51.66,49.93,51.35,2097400
2022-10-24T14:00:00Z,51.35,52.08,51.01,51.36,1456500
2022-10-24T15:00:00Z,51.34,51.36,51.06,51.17,596300
2022-10-24T16:00:00Z,51.16,51.35,51,51.2,509700
2022-10-24T17:00:00Z,51.2,51.2,51.01,51.15,258400
2022-10-24T18:00:00Z,51.14,51.58,51.13,51.4,753300
2022-10-24T19:00:00Z,51.4,51.59,51.13,51.39,1207000
2022-10-25T13:00:00Z,51.99,52.48,51.73,51.87,728100
2022-10-25T14:00:00Z,51.87,52.02,51.67,51.87,475900
2022-10-25T15:00:00Z,51.87,52.2,51.83,51.99,706100
2022-10-25T16:00:00Z,51.99,52.04,51.66,51.67,1282100
2022-10-25T17:00:00Z,51.67,52.32,51.67,52,955200
2022-10-25T18:00:00Z,51.99,52.12,51.9,51.97,733600
2022-10-25T19:00:00Z,51.97,52.1,51.82,52.04,1050700
2022-10-26T13:00:00Z,51.6,52.7,51.55,52.46,1209900
2022-10-26T14:00:00Z,52.46,53.26,52.33,52.88,2461900
2022-10-26T15:00:00Z,52.88,53.1,52.81,53.05,601000
2022-10-26T16:00:00Z,53.04,53.1,52.62,52.63,6054700
2022-10-26T17:00:00Z,52.63,52.73,52.45,52.62,1212200
2022-10-26T18:00:00Z,52.62,52.85,52.58,52.74,804500
2022-10-26T19:00:00Z,52.73,52.99,52.55,52.97,1169600
2022-10-27T13:00:00Z,53.3,53.37,51.88,52.65,902400
2022-10-27T14:00:00Z,52.67,53,52.28,52.91,1084600
2022-10-27T15:00:00Z,52.91,53.45,52.64,53.24,1020800
2022-10-27T16:00:00Z,53.22,53.34,52.8,52.97,436800
2022-10-27T17:00:00Z,52.96,53.13,52.82,52.85,1285000
2022-10-27T18:00:00Z,52.84,53.15,52.84,52.89,732000
2022-10-27T19:00:00Z,52.9,53.48,52.84,53.26,1327100
2022-10-28T13:00:00Z,54.95,55.29,53.9,54.72,4871600
2022-10-28T14:00:00Z,54.71,54.88,53.49,53.55,1818000
2022-10-28T15:00:00Z,53.57,54.44,53.56,54.34,808700
2022-10-28T16:00:00Z,54.33,54.87,54.32,54.8,836400
2022-10-28T17:00:00Z,54.81,54.81,54.38,54.71,915400
2022-10-28T18:00:00Z,54.71,55,54.67,54.97,1275100
2022-10-28T19:00:00Z,54.96,55.2,54.8,55,2676000
2022-10-31T13:00:00Z,55.14,55.4,54.58,54.96,1830200
2022-10-31T14:00:00Z,54.98,55.13,53.5,53.6,1445100
2022-10-31T15:00:00Z,53.6,53.76,52.98,53.01,1268400
2022-10-31T16:00:00Z,53.01,53.47,52.82,53.31,597800
2022-10-31T17:00:00Z,53.3,53.91,53.13,53.86,673100
2022-10-31T18:00:00Z,53.86,53.94,53.5,53.64,1022500
2022-10-31T19:00:00Z,53.63,53.72,53.15,53.25,1107000
2022-11-01T13:00:00Z,52.86,53.7,52.83,52.99,780100
2022-11-01T14:00:00Z,52.98,53.36,52.87,53.32,608500
2022-11-01T15:00:00Z,53.31,53.59,53.26,53.33,1144900
2022-11-01T16:00:00Z,53.31,53.53,53.3,53.45,893400
2022-11-01T17:00:00Z,53.44,53.46,53.06,53.4,846200
2022-11-01T18:00:00Z,53.38,53.46,52.95,53,904800
2022-11-01T19:00:00Z,53,53.19,52.62,52.9,1141200
2022-11-03T13:00:00Z,53,53,51.72,52.62,823600
2022-11-03T14:00:00Z,52.63,53.34,52.49,53.25,590400
2022-11-03T15:00:00Z,53.25,53.59,53.15,53.35,593900
2022-11-03T16:00:00Z,53.36,53.66,53.13,53.61,207900
2022-11-03T17:00:00Z,53.61,53.79,53.46,53.65,325700
2022-11-03T18:00:00Z,53.65,53.95,53.45,53.95,381200
2022-11-03T19:00:00Z,53.95,54,53.85,53.97,740600
2022-11-04T13:00:00Z,55,55.57,54.14,54.34,888700
2022-11-04T14:00:00Z,54.36,55.03,54.21,54.97,431200
2022-11-04T15:00:00Z,54.94,55.04,54.62,54.8,332000
2022-11-04T16:00:00Z,54.8,54.85,54.48,54.56,326200
2022-11-04T17:00:00Z,54.58,54.62,53.9,54.29,503100
2022-11-04T18:00:00Z,54.29,54.77,54.29,54.74,521100
2022-11-04T19:00:00Z,54.74,54.8,54.6,54.77,705600
2022-11-07T13:00:00Z,54.49,54.9,53.62,54.69,490400
2022-11-07T14:00:00Z,54.66,54.82,53.81,53.93,443600
2022-11-07T15:00:00Z,53.92,54.27,53.8,53.94,451800
2022-11-07T16:00:00Z,53.95,54.29,53.87,54.24,711400
2022-11-07T17:00:00Z,54.25,55.2,53.97,55.12,1198300
2022-11-07T18:00:00Z,55.12,55.32,55.01,55.1,843400
2022-11-07T19:00:00Z,55.1,55.2,54.9,54.94,863400
2022-11-07T20:00:00Z,54.94,55.1,54.89,55.04,765800
2022-11-08T13:00:00Z,55.12,55.5,54.9,55.36,440200
2022-11-08T14:00:00Z,55.36,55.92,55.28,55.62,493900
2022-11-08T15:00:00Z,55.62,56.18,55.58,55.89,671200
2022-11-08T16:00:00Z,55.89,56.38,55.85,56.13,620900
2022-11-08T17:00:00Z,56.14,56.24,55.73,55.94,375800
2022-11-08T18:00:00Z,55.94,56.16,55.68,55.93,446300
2022-11-08T19:00:00Z,55.93,56.17,55.42,55.47,770700
2022-11-08T20:00:00Z,55.48,55.83,55.45,55.45,684600
2022-11-09T13:00:00Z,55.28,56.08,55.16,55.65,814700
2022-11-09T14:00:00Z,55.62,56.07,55.52,55.92,515000
2022-11-09T15:00:00Z,55.91,56.26,55.38,55.43,520600
2022-11-09T16:00:00Z,55.43,55.79,55.31,55.63,255000
2022-11-09T17:00:00Z,55.61,55.72,55.06,55.27,224500
2022-11-09T18:00:00Z,55.27,55.33,54.91,55.02,280800
2022-11-09T19:00:00Z,54.99,55.28,54.9,54.97,409100
2022-11-09T20:00:00Z,54.98,55.16,54.74,54.81,528000
2022-11-10T13:00:00Z,54.81,56.25,54.81,56.05,1434700
2022-11-10T14:00:00Z,56.01,56.15,55.57,55.98,1422800
2022-11-10T15:00:00Z,55.98,56.16,55.4,55.98,851300
2022-11-10T16:00:00Z,55.97,56.79,55.96,56.75,1474200
2022-11-10T17:00:00Z,56.75,56.76,55.95,56.18,1812200
2022-11-10T18:00:00Z,56.16,56.18,55.41,55.8,1007200
2022-11-10T19:00:00Z,55.76,56.09,55.69,56.05,1510800
2022-11-10T20:00:00Z,56.03,56.56,55.78,56.54,1387100
2022-11-11T13:00:00Z,56.5,58.44,56.26,57.43,1374200
2022-11-11T14:00:00Z,57.43,58.1,57.31,58.04,1328000
2022-11-11T15:00:00Z,58.01,58.67,57.95,58.35,1526200
2022-11-11T16:00:00Z,58.35,58.5,58.19,58.39,1079500
2022-11-11T17:00:00Z,58.38,58.83,58.01,58.8,953700
2022-11-11T18:00:00Z,58.8,59.21,58.56,59,1509900
2022-11-11T19:00:00Z,59.01,59.07,58.41,58.44,1085900
2022-11-11T20:00:00Z,58.43,58.5,58.06,58.3,1024600
2022-11-14T13:00:00Z,58.98,58.98,57.06,57.6,673300
2022-11-14T14:00:00Z,57.63,57.73,56.96,57.25,761400
2022-11-14T15:00:00Z,57.25,57.92,57.25,57.7,1138500
2022-11-14T16:00:00Z,57.71,57.78,57.41,57.57,292000
2022-11-14T17:00:00Z,57.59,58,57.53,57.98,271900
2022-11-14T18:00:00Z,57.98,58.15,57.85,58.1,471500
2022-11-14T19:00:00Z,58.1,58.44,57.87,57.94,885000
2022-11-14T20:00:00Z,57.96,58.01,57.43,57.71,667900
2022-11-16T13:00:00Z,57.73,58.77,57.51,58.51,1795300
2022-11-16T14:00:00Z,58.48,58.84,58.3,58.57,687700
2022-11-16T15:00:00Z,58.57,58.62,58.4,58.56,579600
2022-11-16T16:00:00Z,58.55,58.93,58.41,58.84,761300
2022-11-16T17:00:00Z,58.84,59.08,58.63,58.86,1024900
2022-11-16T18:00:00Z,58.87,59,58.61,58.95,1811500
2022-11-16T19:00:00Z,58.96,59.24,58.8,59.04,3359100
2022-11-16T20:00:00Z,59.04,59.19,58.55,58.56,2202500
2022-11-17T13:00:00Z,58.46,59.88,58.14,58.89,1398600
2022-11-17T14:00:00Z,58.89,58.98,58.4,58.82,649000
2022-11-17T15:00:00Z,58.84,59.04,58.45,58.46,673000
2022-11-17T16:00:00Z,58.46,58.57,58.09,58.45,822000
2022-11-17T17:00:00Z,58.49,58.62,58.2,58.44,1135200
2022-11-17T18:00:00Z,58.44,58.6,57.66,57.96,1034300
2022-11-17T19:00:00Z,57.97,58.09,57.63,58.01,691500
2022-11-17T20:00:00Z,58.02,58.04,57.53,57.65,1334300
2022-11-18T13:00:00Z,57.21,58.05,57.07,57.25,1182100
2022-11-18T14:00:00Z,57.24,57.65,56.91,57.53,1561600
2022-11-18T15:00:00Z,57.53,57.91,57.16,57.21,1519600
2022-11-18T16:00:00Z,57.22,57.22,56.58,56.66,482400
2022-11-18T17:00:00Z,56.67,57.25,56.23,57.13,974500
2022-11-18T18:00:00Z,57.11,57.53,56.83,57.08,1457200
2022-11-18T19:00:00Z,57.08,57.57,57,57.4,1350600
2022-11-18T20:00:00Z,57.44,57.74,57.23,57.55,1043700
2022-11-21T13:00:00Z,57.83,57.83,55.75,56.24,1351100
2022-11-21T14:00:00Z,56.25,57,56.2,56.86,1473700
2022-11-21T15:00:00Z,56.86,57.07,56.27,56.76,1138100
2022-11-21T16:00:00Z,56.76,56.83,56.21,56.52,759200
2022-11-21T17:00:00Z,56.52,56.66,56.36,56.45,308600
2022-11-21T18:00:00Z,56.44,56.6,56.19,56.33,858300
2022-11-21T19:00:00Z,56.34,56.38,55.54,55.57,1039200
2022-11-21T20:00:00Z,55.58,55.95,55.35,55.65,1092600
2022-11-22T13:00:00Z,55.96,56.83,55.59,56.59,1183800
2022-11-22T14:00:00Z,56.58,56.98,56.26,56.51,1067500
2022-11-22T15:00:00Z,56.51,56.71,56.28,56.5,527200
2022-11-22T16:00:00Z,56.5,56.5,55.81,55.86,473300
2022-11-22T17:00:00Z,55.85,55.99,55.7,55.96,488900
2022-11-22T18:00:00Z,55.94,56.58,55.93,56.17,830700
2022-11-22T19:00:00Z,56.16,56.35,55.87,55.97,552300
2022-11-22T20:00:00Z,55.97,56.2,55.86,56.06,547800
2022-11-23T13:00:00Z,56.32,56.72,55.86,56.23,933700
2022-11-23T14:00:00Z,56.25,56.33,55.78,55.91,470000
2022-11-23T15:00:00Z,55.95,56.06,55.51,55.51,493000
2022-11-23T16:00:00Z,55.52,56.02,55.46,55.73,809800
2022-11-23T17:00:00Z,55.74,55.82,55.46,55.55,548900
2022-11-23T18:00:00Z,55.55,55.72,55.21,55.68,629600
2022-11-23T19:00:00Z,55.68,55.87,55.4,55.49,572600
2022-11-23T20:00:00Z,55.5,55.7,55.35,55.69,755700
2022-11-24T13:00:00Z,55.82,56.06,54.99,55.07,443700
2022-11-24T14:00:00Z,55.09,55.6,55.04,55.6,368600
2022-11-24T15:00:00Z,55.6,56.31,55.27,55.38,494700
2022-11-24T16:00:00Z,55.37,55.89,55.3,55.6,155100
2022-11-24T17:00:00Z,55.59,55.9,55.39,55.8,184700
2022-11-24T18:00:00Z,55.81,56.25,55.79,56.09,157300
2022-11-24T19:00:00Z,56.12,56.2,55.98,56.06,139400
2022-11-24T20:00:00Z,56.07,56.3,55.94,56.3,190200
2022-11-25T13:00:00Z,55.9,56.65,55.53,55.81,791000
2022-11-25T14:00:00Z,55.8,55.96,55.35,55.46,558600
2022-11-25T15:00:00Z,55.46,55.96,55.46,55.88,467500
2022-11-25T16:00:00Z,55.88,55.92,55.53,55.82,466500
2022-11-25T17:00:00Z,55.79,55.92,55.55,55.59,1059800
2022-11-25T18:00:00Z,55.57,55.59,54.94,55.07,886200
2022-11-25T19:00:00Z,55.08,55.1,54.48,54.64,776900
2022-11-25T20:00:00Z,54.64,54.89,54.64,54.76,480600
2022-11-28T13:00:00Z,55.1,55.34,54.1,54.72,504900
2022-11-28T14:00:00Z,54.75,55.11,54.5,54.89,496000
2022-11-28T15:00:00Z,54.9,55.17,54.61,54.8,392500
2022-11-28T16:00:00Z,54.8,54.89,54.58,54.88,209700
2022-11-28T17:00:00Z,54.88,54.92,54.51,54.61,265100
2022-11-28T18:00:00Z,54.6,54.95,54.55,54.94,294800
2022-11-28T19:00:00Z,54.94,54.94,54.54,54.64,372200
2022-11-28T20:00:00Z,54.64,55.01,54.45,54.95,531100
2022-11-29T13:00:00Z,55.1,55.7,54.89,54.89,778500
2022-11-29T14:00:00Z,54.89,55.4,54.6,55,303300
2022-11-29T15:00:00Z,55.01,55.18,54.88,54.95,821500
2022-11-29T16:00:00Z,54.96,54.96,54.29,54.49,1169800
2022-11-29T17:00:00Z,54.48,54.66,53.64,53.7,1456900
2022-11-29T18:00:00Z,53.69,54,53.35,53.91,1923300
2022-11-29T19:00:00Z,53.91,53.93,53.32,53.44,821900
2022-11-29T20:00:00Z,53.42,53.63,53.09,53.16,1261600
2022-11-30T13:00:00Z,53.44,53.44,52.4,52.58,867600
2022-11-30T14:00:00Z,52.58,53.48,52.3,53.44,1357700
2022-11-30T15:00:00Z,53.45,53.85,53.23,53.28,1430000
2022-11-30T16:00:00Z,53.28,53.56,53.1,53.23,861600
2022-11-30T17:00:00Z,53.24,53.27,52.56,52.9,2047000
2022-11-30T18:00:00Z,52.92,52.94,52.45,52.82,1135800
2022-11-30T19:00:00Z,52.83,52.97,52.55,52.63,831100
2022-11-30T20:00:00Z,52.63,52.93,52.58,52.84,756000
2022-12-01T13:00:00Z,52.81,53.59,52.53,52.74,650700
2022-12-01T14:00:00Z,52.73,53.03,52.36,52.98,738500
2022-12-01T15:00:00Z,52.99,52.99,52.47,52.63,479100
2022-12-01T16:00:00Z,52.63,53.22,52.57,53.2,393600
2022-12-01T17:00:00Z,53.21,53.36,53.03,53.2,368900
2022-12-01T18:00:00Z,53.2,53.28,52.97,53.11,299100
2022-12-01T19:00:00Z,53.11,53.15,52.79,52.95,398300
2022-12-01T20:00:00Z,52.96,53.35,52.8,53.32,592900
2022-12-02T13:00:00Z,51.5,51.5,50.11,51.04,4759200
2022-12-02T14:00:00Z,51.01,51.89,50.87,51.84,2038400
2022-12-02T15:00:00Z,51.81,52.26,51.71,52.11,851500
2022-12-02T16:00:00Z,52.1,52.39,51.88,51.97,525300
2022-12-02T17:00:00Z,51.98,52.2,51.8,52.03,268300
2022-12-02T18:00:00Z,52.05,52.05,51.55,51.55,330000
2022-12-02T19:00:00Z,51.56,51.77,51.54,51.61,444800
2022-12-02T20:00:00Z,51.6,51.6,51.21,51.38,643500
2022-12-05T13:00:00Z,51.66,52.71,51.45,51.82,1698100
2022-12-05T14:00:00Z,51.82,51.95,51.31,51.64,857100
2022-12-05T15:00:00Z,51.64,51.97,51.48,51.9,591600
2022-12-05T16:00:00Z,51.91,52.08,51.51,51.54,726600
2022-12-05T17:00:00Z,51.54,52.1,51.4,51.9,540900
2022-12-05T18:00:00Z,51.9,52.23,51.79,52.16,519700
2022-12-05T19:00:00Z,52.16,52.37,52.1,52.29,581000
2022-12-05T20:00:00Z,52.3,52.5,52.19,52.4,607800
2022-12-06T13:00:00Z,52.69,52.99,52.14,52.84,472000
2022-12-06T14:00:00Z,52.86,53.95,52.8,53.9,835900
2022-12-06T15:00:00Z,53.9,53.95,53.14,53.3,1167600
2022-12-06T16:00:00Z,53.29,53.49,52.75,52.82,585400
2022-12-06T17:00:00Z,52.84,53.02,52.76,52.8,383400
2022-12-06T18:00:00Z,52.81,53.08,52.71,53.03,614300
2022-12-06T19:00:00Z,53.04,53.29,52.86,53.21,653200
2022-12-06T20:00:00Z,53.21,53.42,53.06,53.29,804100
2022-12-07T13:00:00Z,53.69,53.8,52.35,53.03,592500
2022-12-07T14:00:00Z,53.05,53.32,52.74,53.19,431500
2022-12-07T15:00:00Z,53.19,53.4,52.51,52.67,824700
2022-12-07T16:00:00Z,52.68,52.71,52.26,52.4,648000
2022-12-07T17:00:00Z,52.39,52.64,52.29,52.49,341300
2022-12-07T18:00:00Z,52.49,52.7,52.43,52.51,489600
2022-12-07T19:00:00Z,52.51,52.88,52.42,52.86,523900
2022-12-07T20:00:00Z,52.86,53.2,52.81,52.95,554400
2022-12-08T13:00:00Z,53.43,53.68,52.57,53.39,592300
2022-12-08T14:00:00Z,53.39,54.18,53.25,54.1,1428300
2022-12-08T15:00:00Z,54.08,54.31,53.48,53.53,534600
2022-12-08T16:00:00Z,53.54,53.69,53.33,53.68,295600
2022-12-08T17:00:00Z,53.67,53.73,53.43,53.57,420000
2022-12-08T18:00:00Z,53.57,53.57,53.08,53.15,606600
2022-12-08T19:00:00Z,53.13,54.05,52.77,52.77,764200
2022-12-08T20:00:00Z,52.8,53.25,52.77,53.03,994600
2022-12-09T13:00:00Z,53.54,54.33,52.78,54.24,711100
2022-12-09T14:00:00Z,54.24,54.25,53.55,53.6,395600
2022-12-09T15:00:00Z,53.6,53.87,53.53,53.84,132300
2022-12-09T16:00:00Z,53.84,54.3,53.57,54.25,262300
2022-12-09T17:00:00Z,54.26,54.4,54.16,54.26,193200
2022-12-09T18:00:00Z,54.26,54.54,54.2,54.52,324600
2022-12-09T19:00:00Z,54.51,54.94,54.48,54.79,597400
2022-12-09T20:00:00Z,54.79,55.1,54.7,54.99,1286500
2022-12-12T13:00:00Z,55.06,55.32,54.15,54.44,538600
2022-12-12T14:00:00Z,54.43,55.2,54.24,55.18,921000
2022-12-12T15:00:00Z,55.15,55.46,54.83,55.07,671900
2022-12-12T16:00:00Z,55.05,55.08,54.7,54.95,448800
2022-12-12T17:00:00Z,54.94,55.24,54.88,55.11,451300
2022-12-12T18:00:00Z,55.12,55.37,55.05,55.33,369300
2022-12-12T19:00:00Z,55.3,55.33,54.84,54.98,343400
2022-12-12T20:00:00Z,54.97,55,54.64,54.83,419800
2022-12-13T13:00:00Z,54.95,55.07,52.56,52.65,1772400
2022-12-13T14:00:00Z,52.65,52.9,52.1,52.32,1963800
2022-12-13T15:00:00Z,52.34,52.75,52.02,52.67,1832100
2022-12-13T16:00:00Z,52.66,52.71,52.17,52.38,918200
2022-12-13T17:00:00Z,52.39,52.6,52.29,52.47,704700
2022-12-13T18:00:00Z,52.49,52.55,51.75,51.89,732000
2022-12-13T19:00:00Z,51.89,52.04,51.12,51.69,1596700
2022-12-13T20:00:00Z,51.7,51.77,51.45,51.46,1233200
2022-12-14T13:00:00Z,51.57,52.9,51.5,52.81,1412900
2022-12-14T14:00:00Z,52.81,53.43,52.29,52.35,1864800
2022-12-14T15:00:00Z,52.35,52.84,52.14,52.49,1049100
2022-12-14T16:00:00Z,52.49,52.7,52.23,52.4,563700
2022-12-14T17:00:00Z,52.4,52.83,51.84,52.13,1206600
2022-12-14T18:00:00Z,52.14,52.48,51.97,52.21,842600
2022-12-14T19:00:00Z,52.22,52.44,51.91,52.25,958800
2022-12-14T20:00:00Z,52.26,52.62,52.02,52.47,1170500
2022-12-15T13:00:00Z,51.08,52.63,51,52.05,1078400
2022-12-15T14:00:00Z,52.07,52.43,51.9,51.95,511600
2022-12-15T15:00:00Z,51.98,52.02,51.75,51.82,321400
2022-12-15T16:00:00Z,51.82,51.91,51.27,51.31,451600
2022-12-15T17:00:00Z,51.32,51.77,51.29,51.44,477000
2022-12-15T18:00:00Z,51.43,51.75,51.41,51.62,345900
2022-12-15T19:00:00Z,51.63,51.73,51.56,51.69,533700
2022-12-15T20:00:00Z,51.68,51.93,51.56,51.65,843400
2022-12-16T13:00:00Z,51.9,52.22,51.16,51.62,411400
2022-12-16T14:00:00Z,51.62,52.03,51.55,51.83,343900
2022-12-16T15:00:00Z,51.83,51.88,51.45,51.65,251300
2022-12-16T16:00:00Z,51.67,51.7,51.41,51.53,232000
2022-12-16T17:00:00Z,51.56,51.65,51.26,51.29,448900
2022-12-16T18:00:00Z,51.29,51.46,51.17,51.33,499500
2022-12-16T19:00:00Z,51.33,51.42,51.28,51.38,466500
2022-12-16T20:00:00Z,51.39,51.54,51.3,51.33,395600
2022-12-19T13:00:00Z,49.9,50.16,49.29,49.82,573600
2022-12-19T14:00:00Z,49.82,50.34,49.75,49.92,597700
2022-12-19T15:00:00Z,49.94,50.17,49.87,50.06,441600
2022-12-19T16:00:00Z,50.06,50.29,50,50.03,331700
2022-12-19T17:00:00Z,50.03,50.05,49.52,49.68,399000
2022-12-19T18:00:00Z,49.69,49.73,49.03,49.14,454500
2022-12-19T19:00:00Z,49.15,49.26,48.33,48.43,766400
2022-12-19T20:00:00Z,48.43,48.8,48.42,48.65,1489700
2022-12-20T13:00:00Z,48.51,49.58,48.51,49.19,679200
2022-12-20T14:00:00Z,49.21,49.27,48.1,48.59,1280400
2022-12-20T15:00:00Z,48.56,48.86,48.2,48.26,874700
2022-12-20T16:00:00Z,48.26,48.45,47.91,47.95,1493000
2022-12-20T17:00:00Z,47.95,48.25,47.86,48.15,1309300
2022-12-20T18:00:00Z,48.16,48.28,47.92,47.99,2280300
2022-12-20T19:00:00Z,47.98,48.64,47.98,48.51,1179000
2022-12-20T20:00:00Z,48.51,48.74,48.32,48.66,1138200
2022-12-21T13:00:00Z,49.01,49.12,47.88,48.03,666400
2022-12-21T14:00:00Z,48.07,48.6,47.94,48.35,1262800
2022-12-21T15:00:00Z,48.37,48.63,48.2,48.52,2081200
2022-12-21T16:00:00Z,48.53,48.63,48.15,48.2,965700
2022-12-21T17:00:00Z,48.21,48.45,48.11,48.42,4877000
2022-12-21T18:00:00Z,48.42,48.58,48.21,48.54,990200
2022-12-21T19:00:00Z,48.53,48.73,48.44,48.52,1115000
2022-12-21T20:00:00Z,48.51,48.54,48.35,48.5,1300300
2022-12-22T13:00:00Z,48.5,48.58,48.06,48.23,286400
2022-12-22T14:00:00Z,48.23,48.56,48.05,48.23,549200
2022-12-22T15:00:00Z,48.22,48.3,48.04,48.08,847800
2022-12-22T16:00:00Z,48.09,48.37,48.05,48.37,349700
2022-12-22T17:00:00Z,48.36,48.5,48.27,48.41,353600
2022-12-22T18:00:00Z,48.41,48.51,47.95,48,421900
2022-12-22T19:00:00Z,47.99,48.1,47.84,48.07,904900
2022-12-22T20:00:00Z,48.07,48.18,48.02,48.05,614700
2022-12-23T13:00:00Z,47.72,47.93,46.56,46.71,931600
2022-12-23T14:00:00Z,46.72,47.17,46.65,46.85,803500
2022-12-23T15:00:00Z,46.86,46.96,46.63,46.72,1072400
2022-12-23T16:00:00Z,46.72,46.86,46.5,46.66,705000
2022-12-23T17:00:00Z,46.66,46.99,46.66,46.87,426700
2022-12-23T18:00:00Z,46.87,47.03,46.67,46.86,804600
2022-12-23T19:00:00Z,46.86,46.99,46.78,46.88,626300
2022-12-23T20:00:00Z,46.89,47.07,46.82,46.87,1289300
2022-12-26T13:00:00Z,46.82,46.86,46.27,46.38,236000
2022-12-26T14:00:00Z,46.35,46.57,46.13,46.29,210300
2022-12-26T15:00:00Z,46.32,46.74,46.27,46.56,267400
2022-12-26T16:00:00Z,46.56,46.72,46.46,46.56,159400
2022-12-26T17:00:00Z,46.56,46.67,46.37,46.48,225700
2022-12-26T18:00:00Z,46.46,46.49,46.2,46.25,287800
2022-12-26T19:00:00Z,46.24,46.38,46.05,46.07,435800
2022-12-26T20:00:00Z,46.07,46.23,46,46.14,612000
2022-12-27T13:00:00Z,46.41,47.2,46.3,46.74,777000
2022-12-27T14:00:00Z,46.77,47.21,46.67,46.9,753600
2022-12-27T15:00:00Z,46.9,47.66,46.88,47.3,519400
2022-12-27T16:00:00Z,47.3,47.43,46.95,47.27,516800
2022-12-27T17:00:00Z,47.27,47.41,47.16,47.36,379400
2022-12-27T18:00:00Z,47.36,47.39,47.06,47.13,363300
2022-12-27T19:00:00Z,47.14,47.31,47.06,47.29,414000
2022-12-27T20:00:00Z,47.29,47.47,47.2,47.35,638800
2022-12-28T13:00:00Z,47.9,48.45,47.84,48.41,487000
2022-12-28T14:00:00Z,48.42,48.8,48.25,48.46,594400
2022-12-28T15:00:00Z,48.45,48.49,48.1,48.23,543600
2022-12-28T16:00:00Z,48.23,48.44,48.2,48.37,290700
2022-12-28T17:00:00Z,48.36,48.5,48.19,48.33,366500
2022-12-28T18:00:00Z,48.33,48.45,48.06,48.18,525100
2022-12-28T19:00:00Z,48.18,48.29,48.17,48.21,354400
2022-12-28T20:00:00Z,48.21,48.25,48.1,48.13,388000
2022-12-29T13:00:00Z,48.37,48.37,47.63,48.07,286100
2022-12-29T14:00:00Z,48.07,48.47,47.81,48.35,347300
2022-12-29T15:00:00Z,48.34,48.43,48.2,48.35,264400
2022-12-29T16:00:00Z,48.34,48.4,48.22,48.36,217000
2022-12-29T17:00:00Z,48.36,48.55,48.19,48.45,344600
2022-12-29T18:00:00Z,48.45,48.57,48.13,48.42,448500
2022-12-29T19:00:00Z,48.41,48.48,48.29,48.39,368700
2022-12-29T20:00:00Z,48.39,48.53,48.36,48.42,383300
2023-01-02T13:00:00Z,48.24,48.59,47.61,48.3,374800
2023-01-02T14:00:00Z,48.3,49.04,48.2,48.61,452700
2023-01-02T15:00:00Z,48.6,48.83,48.33,48.7,247400
2023-01-02T16:00:00Z,48.69,48.8,48.33,48.37,177100
2023-01-02T17:00:00Z,48.36,48.48,48.2,48.21,197000
2023-01-02T18:00:00Z,48.23,49,48.21,48.69,425300
2023-01-02T19:00:00Z,48.7,49.16,48.67,49.12,410800
2023-01-02T20:00:00Z,49.11,49.13,48.82,48.91,368600
2023-01-03T13:00:00Z,48.6,49.41,48.42,49.24,390900
2023-01-03T14:00:00Z,49.24,49.45,48.87,48.88,626400
2023-01-03T15:00:00Z,48.88,49.1,48.65,48.85,467500
2023-01-03T16:00:00Z,48.85,48.89,48.56,48.64,415400
2023-01-03T17:00:00Z,48.65,48.92,48.55,48.9,372000
2023-01-03T18:00:00Z,48.89,49.15,48.86,49.05,461300
2023-01-03T19:00:00Z,49.05,49.57,48.94,49.49,917000
2023-01-03T20:00:00Z,49.49,49.85,49.47,49.67,1335300
2023-01-04T13:00:00Z,50,50.73,49.7,50.65,707100
2023-01-04T14:00:00Z,50.65,50.69,50.1,50.14,577900
2023-01-04T15:00:00Z,50.14,50.2,49.82,49.96,480800
2023-01-04T16:00:00Z,49.93,50.1,49.85,49.92,361100
2023-01-04T17:00:00Z,49.9,50.06,49.85,49.9,301400
2023-01-04T18:00:00Z,49.9,50.04,49.85,49.99,475500
2023-01-04T19:00:00Z,50.01,50.08,49.74,50.04,594200
2023-01-04T20:00:00Z,50.04,50.11,49.91,49.98,390600
2023-01-05T13:00:00Z,49.96,50.59,49.71,50.25,583400
2023-01-05T14:00:00Z,50.25,50.4,49.92,50.13,617300
2023-01-05T15:00:00Z,50.13,50.65,50.02,50.52,476500
2023-01-05T16:00:00Z,50.51,50.67,50.05,50.08,273800
2023-01-05T17:00:00Z,50.09,50.31,50.05,50.19,358600
2023-01-05T18:00:00Z,50.2,50.49,50.13,50.35,652300
2023-01-05T19:00:00Z,50.35,50.49,50.16,50.17,593800
2023-01-05T20:00:00Z,50.17,50.33,50.1,50.3,406300
2023-01-06T13:00:00Z,50.56,50.7,49.68,49.68,398700
2023-01-06T14:00:00Z,49.69,50.1,49.6,49.86,472300
2023-01-06T15:00:00Z,49.87,50.36,49.84,50.31,259100
2023-01-06T16:00:00Z,50.32,50.4,50.17,50.3,191200
2023-01-06T17:00:00Z,50.3,50.49,50.14,50.35,273800
2023-01-06T18:00:00Z,50.35,50.38,50.1,50.22,151100
2023-01-06T19:00:00Z,50.2,50.27,50.05,50.21,177200
2023-01-06T20:00:00Z,50.2,50.25,49.83,49.94,4387600
2023-01-09T13:00:00Z,49.75,50.9,49.71,50.69,525700
2023-01-09T14:00:00Z,50.68,50.99,50.6,50.82,305200
2023-01-09T15:00:00Z,50.79,50.93,50.57,50.77,214900
2023-01-09T16:00:00Z,50.76,50.95,50.54,50.9,245600
2023-01-09T17:00:00Z,50.88,50.96,50.59,50.78,231400
2023-01-09T18:00:00Z,50.77,50.98,50.73,50.75,269900
2023-01-09T19:00:00Z,50.75,50.84,50.65,50.76,274100
2023-01-09T20:00:00Z,50.75,50.79,50.58,50.69,370700
2023-01-10T13:00:00Z,50.51,50.69,49.92,50.19,386200
2023-01-10T14:00:00Z,50.19,50.36,50,50.21,230700
2023-01-10T15:00:00Z,50.21,50.26,50.03,50.12,207000
2023-01-10T16:00:00Z,50.12,50.26,49.94,50.06,346200
2023-01-10T17:00:00Z,50.05,50.3,49.99,50.25,153600
2023-01-10T18:00:00Z,50.25,50.33,50.04,50.08,289800
2023-01-10T19:00:00Z,50.08,50.18,49.78,49.94,510700
2023-01-10T20:00:00Z,49.97,50.14,49.88,50.06,408800
2023-01-11T13:00:00Z,50.05,50.05,48.48,48.76,1325600
2023-01-11T14:00:00Z,48.76,49.45,48.6,49.3,646500
2023-01-11T15:00:00Z,49.31,49.38,49.02,49.18,264900
2023-01-11T16:00:00Z,49.19,49.44,49.11,49.31,261600
2023-01-11T17:00:00Z,49.33,49.35,49.01,49.05,267300
2023-01-11T18:00:00Z,49.06,49.22,48.99,49.14,343800
2023-01-11T19:00:00Z,49.14,49.39,49.09,49.23,395100
2023-01-11T20:00:00Z,49.19,49.44,49.15,49.16,1609800
2023-01-12T13:00:00Z,49.25,49.68,49.06,49.4,601700
2023-01-12T14:00:00Z,49.41,49.6,49.18,49.52,326300
2023-01-12T15:00:00Z,49.48,49.84,49.3,49.6,520400
2023-01-12T16:00:00Z,49.61,49.98,49.6,49.93,530700
2023-01-12T17:00:00Z,49.93,50.32,49.92,50.18,653600
2023-01-12T18:00:00Z,50.19,50.6,50.16,50.54,822600
2023-01-12T19:00:00Z,50.51,50.57,50.18,50.3,995900
2023-01-12T20:00:00Z,50.29,50.49,50.19,50.46,1000300
2023-01-13T13:00:00Z,50.34,50.96,49.9,50.75,687500
2023-01-13T14:00:00Z,50.75,51.06,50.34,50.39,745000
2023-01-13T15:00:00Z,50.39,50.84,50.07,50.79,447200
2023-01-13T16:00:00Z,50.8,50.83,50.53,50.63,428500
2023-01-13T17:00:00Z,50.61,50.66,50.44,50.55,318500
2023-01-13T18:00:00Z,50.56,50.71,50.45,50.49,329800
2023-01-13T19:00:00Z,50.5,50.62,50.44,50.52,425000
2023-01-13T20:00:00Z,50.51,50.61,50.32,50.56,680000
2023-01-16T13:00:00Z,50.51,50.97,49.73,49.97,303600
2023-01-16T14:00:00Z,49.96,50.56,49.91,50.51,268400
2023-01-16T15:00:00Z,50.51,50.8,50.44,50.77,257300
2023-01-16T16:00:00Z,50.77,50.85,50.52,50.8,217700
2023-01-16T17:00:00Z,50.79,50.82,50.35,50.5,181600
2023-01-16T18:00:00Z,50.48,50.63,50.16,50.54,241100
2023-01-16T19:00:00Z,50.54,50.76,50.53,50.63,166500
2023-01-16T20:00:00Z,50.66,50.81,50.43,50.55,531100
2023-01-17T13:00:00Z,50.7,51.33,50.26,51.3,922200
2023-01-17T14:00:00Z,51.28,51.68,51,51.2,2014100
2023-01-17T15:00:00Z,51.21,51.35,50.88,50.99,1119100
2023-01-17T16:00:00Z,50.99,51.11,50.9,51.06,463600
2023-01-17T17:00:00Z,51.06,51.19,50.9,51.19,495200
2023-01-17T18:00:00Z,51.2,51.43,51.05,51.19,840600
2023-01-17T19:00:00Z,51.18,51.48,51.16,51.38,753500
2023-01-17T20:00:00Z,51.38,51.58,51.25,51.32,824200
2023-01-18T13:00:00Z,51.63,51.7,50.91,51.11,419400
2023-01-18T14:00:00Z,51.1,51.18,49.9,49.96,2045500
2023-01-18T15:00:00Z,49.96,50,49.38,49.57,1493200
2023-01-18T16:00:00Z,49.58,49.92,49.47,49.89,1009100
2023-01-18T17:00:00Z,49.92,50.25,49.81,50.16,622900
2023-01-18T18:00:00Z,50.17,50.42,50.15,50.26,583600
2023-01-18T19:00:00Z,50.26,50.35,50.17,50.18,325700
2023-01-18T20:00:00Z,50.19,50.19,49.81,49.93,775500
2023-01-19T13:00:00Z,49.86,50.64,49.86,50.14,957200
2023-01-19T14:00:00Z,50.08,50.44,50.05,50.15,366800
2023-01-19T15:00:00Z,50.12,50.27,49.65,49.72,220700
2023-01-19T16:00:00Z,49.71,49.82,49.48,49.66,673600
2023-01-19T17:00:00Z,49.68,49.74,49.48,49.57,190500
2023-01-19T18:00:00Z,49.58,49.94,49.55,49.85,449100
2023-01-19T19:00:00Z,49.85,49.86,49.48,49.51,484300
2023-01-19T20:00:00Z,49.51,49.51,49.13,49.25,1019000
2023-01-20T13:00:00Z,49.2,49.2,47.75,48.09,1881500
2023-01-20T14:00:00Z,48.09,48.73,47.97,48.57,939600
2023-01-20T15:00:00Z,48.57,48.86,48.48,48.68,896000
2023-01-20T16:00:00Z,48.68,48.71,48.01,48.08,625300
2023-01-20T17:00:00Z,48.08,48.11,47.66,47.68,2163600
2023-01-20T18:00:00Z,47.68,47.69,47.43,47.61,967100
2023-01-20T19:00:00Z,47.65,47.7,47.48,47.67,663500
2023-01-20T20:00:00Z,47.68,47.69,47.24,47.35,990500
2023-01-23T13:00:00Z,47.09,47.24,46.75,46.89,887500
2023-01-23T14:00:00Z,46.89,47,46.7,46.78,745300
2023-01-23T15:00:00Z,46.78,47.48,46.76,47.41,1283400
2023-01-23T16:00:00Z,47.41,47.83,47.32,47.72,1083800
2023-01-23T17:00:00Z,47.71,47.72,47.43,47.69,505200
2023-01-23T18:00:00Z,47.69,47.71,46.88,47.14,797400
2023-01-23T19:00:00Z,47.14,47.19,46.9,46.99,688100
2023-01-23T20:00:00Z,46.99,47.18,46.91,47.12,511000
2023-01-24T13:00:00Z,47.11,47.26,46.78,46.98,773900
2023-01-24T14:00:00Z,46.98,47.7,46.96,47.54,998900
2023-01-24T15:00:00Z,47.57,47.78,47.39,47.72,268800
2023-01-24T16:00:00Z,47.71,48.09,47.64,47.99,529700
2023-01-24T17:00:00Z,47.99,47.99,47.64,47.8,347800
2023-01-24T18:00:00Z,47.8,48.15,47.78,48,491300
2023-01-24T19:00:00Z,48,48,47.65,47.67,469700
2023-01-24T20:00:00Z,47.66,47.75,47.44,47.49,666300
2023-01-25T13:00:00Z,47.18,47.39,46.75,46.93,712100
2023-01-25T14:00:00Z,46.96,46.99,46.35,46.46,715000
2023-01-25T15:00:00Z,46.46,46.78,46.36,46.55,526500
2023-01-25T16:00:00Z,46.55,46.82,46.41,46.47,689700
2023-01-25T17:00:00Z,46.47,46.71,46.32,46.7,536700
2023-01-25T18:00:00Z,46.7,46.76,46.55,46.7,599300
2023-01-25T19:00:00Z,46.71,46.85,46.65,46.69,432000
2023-01-25T20:00:00Z,46.69,46.8,46.59,46.75,529700
2023-01-26T13:00:00Z,45.76,45.89,44.82,45.47,2648700
2023-01-26T14:00:00Z,45.5,45.7,45.31,45.63,1046600
2023-01-26T15:00:00Z,45.61,46.05,45.5,45.92,770700
2023-01-26T16:00:00Z,45.93,46.26,45.91,46.04,386200
2023-01-26T17:00:00Z,46.04,46.12,45.75,45.95,568200
2023-01-26T18:00:00Z,45.91,46.18,45.81,45.93,570000
2023-01-26T19:00:00Z,45.93,46.12,45.77,45.91,717300
2023-01-26T20:00:00Z,45.91,45.93,45.35,45.4,1108100
2023-01-27T13:00:00Z,45.2,45.4,44.15,44.7,2104200
2023-01-27T14:00:00Z,44.7,44.84,44.43,44.71,1236400
2023-01-27T15:00:00Z,44.71,45.05,44.61,44.99,1029500
2023-01-27T16:00:00Z,45,45.04,44.7,44.82,806600
2023-01-27T17:00:00Z,44.85,45.42,44.78,45.33,1452600
2023-01-27T18:00:00Z,45.31,45.56,45.25,45.4,1328300
2023-01-27T19:00:00Z,45.4,45.46,45.22,45.24,450300
2023-01-27T20:00:00Z,45.23,45.28,45.09,45.21,623900
2023-01-30T13:00:00Z,45.22,45.69,44.58,45.57,756900
2023-01-30T14:00:00Z,45.59,46.03,45.46,45.92,854900
2023-01-30T15:00:00Z,45.91,46.1,45.72,46,357800
2023-01-30T16:00:00Z,46,46.03,45.58,45.77,361200
2023-01-30T17:00:00Z,45.76,46.1,45.72,46.07,460100
2023-01-30T18:00:00Z,46.07,46.48,45.95,46.45,669700
2023-01-30T19:00:00Z,46.42,46.54,46.1,46.1,916200
2023-01-30T20:00:00Z,46.11,46.3,46.1,46.2,626800
2023-01-31T13:00:00Z,46.62,46.62,45.98,46.44,484200
2023-01-31T14:00:00Z,46.44,47.32,46.44,47.21,1032000
2023-01-31T15:00:00Z,47.21,47.33,46.91,46.99,731400
2023-01-31T16:00:00Z,46.99,47.13,46.57,46.8,594700
2023-01-31T17:00:00Z,46.81,46.82,46.5,46.54,465900
2023-01-31T18:00:00Z,46.55,46.6,46.15,46.23,648500
2023-01-31T19:00:00Z,46.23,46.43,46.16,46.25,617400
2023-01-31T20:00:00Z,46.25,46.55,46.2,46.45,710000
2023-02-01T13:00:00Z,46.2,47.12,46.12,47,564800
2023-02-01T14:00:00Z,47,47.14,46.5,46.51,424700
2023-02-01T15:00:00Z,46.51,46.54,46.16,46.4,482200
2023-02-01T16:00:00Z,46.41,46.41,46.02,46.07,449800
2023-02-01T17:00:00Z,46.07,46.36,46.07,46.24,241900
2023-02-01T18:00:00Z,46.26,46.58,46.15,46.43,480600
2023-02-01T19:00:00Z,46.43,46.85,46.33,46.81,530600
2023-02-01T20:00:00Z,46.83,47.05,46.67,46.75,460900
2023-02-02T13:00:00Z,46.35,46.75,45.63,46.13,844900
2023-02-02T14:00:00Z,46.13,46.16,45.45,45.45,887600
2023-02-02T15:00:00Z,45.45,45.48,44.93,45.21,834900
2023-02-02T16:00:00Z,45.21,45.35,45.09,45.31,837000
2023-02-02T17:00:00Z,45.31,45.49,45.2,45.24,723800
2023-02-02T18:00:00Z,45.24,45.43,45.17,45.34,595900
2023-02-02T19:00:00Z,45.35,45.36,44.93,44.95,1220000
2023-02-02T20:00:00Z,44.93,45.03,44.71,45,1788300
2023-02-03T13:00:00Z,44.71,47.22,44.4,47.22,1335300
2023-02-03T14:00:00Z,46.74,48.31,46.3,46.39,5810200
2023-02-03T15:00:00Z,46.35,46.66,45.92,46.34,1346700
2023-02-03T16:00:00Z,46.35,46.82,46.35,46.56,438900
2023-02-03T17:00:00Z,46.54,46.58,45.96,46.21,651300
2023-02-03T18:00:00Z,46.21,46.7,45.98,46.63,1357500
2023-02-03T19:00:00Z,46.63,46.7,45.87,46.28,1500600
2023-02-03T20:00:00Z,46.28,46.5,46.13,46.36,903400
2023-02-06T13:00:00Z,46.63,46.64,45.9,46.35,501600
2023-02-06T14:00:00Z,46.35,46.44,45.99,46.22,452200
2023-02-06T15:00:00Z,46.22,46.6,45.94,46.56,1270000
2023-02-06T16:00:00Z,46.57,46.6,46.23,46.27,316700
2023-02-06T17:00:00Z,46.27,46.38,46.12,46.32,694200
2023-02-06T18:00:00Z,46.31,46.4,46.06,46.14,461700
2023-02-06T19:00:00Z,46.14,46.4,46.12,46.13,387900
2023-02-06T20:00:00Z,46.12,46.13,45.8,46.01,605100
2023-02-07T13:00:00Z,46.1,46.62,45.52,46.48,403000
2023-02-07T14:00:00Z,46.45,46.73,46.35,46.43,480800
2023-02-07T15:00:00Z,46.43,46.51,46.09,46.16,340400
2023-02-07T16:00:00Z,46.16,46.27,45.84,45.95,711800
2023-02-07T17:00:00Z,45.96,46.36,45.9,46.05,513000
2023-02-07T18:00:00Z,46.05,46.18,45.76,45.92,271500
2023-02-07T19:00:00Z,45.91,46.19,45.86,45.92,365000
2023-02-07T20:00:00Z,45.92,46.17,45.82,46.15,547900
2023-02-08T13:00:00Z,46.14,46.2,45.72,46.03,324100
2023-02-08T14:00:00Z,46.02,46.22,45.9,46.15,176400
2023-02-08T15:00:00Z,46.16,46.19,45.9,46.07,121600
2023-02-08T16:00:00Z,46.04,46.04,45.72,45.87,698500
2023-02-08T17:00:00Z,45.86,45.98,45.75,45.79,102200
2023-02-08T18:00:00Z,45.78,45.85,45.75,45.8,434000
2023-02-08T19:00:00Z,45.79,46.12,45.76,46,605000
2023-02-08T20:00:00Z,46,46,45.75,45.89,767900
2023-02-09T13:00:00Z,45.95,46.63,45.92,46.38,377500
2023-02-09T14:00:00Z,46.38,47.02,46.24,46.86,552100
2023-02-09T15:00:00Z,46.85,47.09,46.76,46.77,435200
2023-02-09T16:00:00Z,46.76,46.85,46.45,46.52,275800
2023-02-09T17:00:00Z,46.53,46.82,46.47,46.67,209000
2023-02-09T18:00:00Z,46.67,46.67,46.44,46.56,256700
2023-02-09T19:00:00Z,46.56,46.79,46.51,46.73,426700
2023-02-09T20:00:00Z,46.73,46.74,45.9,46.17,1095600
2023-02-10T13:00:00Z,46.1,46.6,46.07,46.4,261700
2023-02-10T14:00:00Z,46.41,46.41,45.98,46.12,354700
2023-02-10T15:00:00Z,46.12,46.41,46.05,46.33,244200
2023-02-10T16:00:00Z,46.3,46.34,46.15,46.15,288200
2023-02-10T17:00:00Z,46.15,46.4,46.15,46.4,176500
2023-02-10T18:00:00Z,46.38,46.4,46.21,46.31,238800
2023-02-10T19:00:00Z,46.3,46.39,46.15,46.33,431100
2023-02-10T20:00:00Z,46.31,46.52,46.28,46.49,446600
2023-02-13T13:00:00Z,46.39,47.15,46.24,46.9,577000
2023-02-13T14:00:00Z,46.9,47.05,46.73,46.98,466600
2023-02-13T15:00:00Z,47,47.02,46.75,46.95,497500
2023-02-13T16:00:00Z,46.97,47,46.85,46.97,273500
2023-02-13T17:00:00Z,46.97,47.1,46.5,46.52,399800
2023-02-13T18:00:00Z,46.53,46.88,46.49,46.84,437400
2023-02-13T19:00:00Z,46.84,46.95,46.76,46.86,352800
2023-02-13T20:00:00Z,46.85,47,46.72,46.89,367100
2023-02-14T13:00:00Z,46.72,47.13,46.6,46.65,2205500
2023-02-14T14:00:00Z,46.66,46.89,46.55,46.66,377100
2023-02-14T15:00:00Z,46.65,46.75,46.5,46.57,280100
2023-02-14T16:00:00Z,46.56,46.72,46.4,46.53,354200
2023-02-14T17:00:00Z,46.51,47.45,46.45,47.36,712200
2023-02-14T18:00:00Z,47.36,47.52,46.98,47.37,1053000
2023-02-14T19:00:00Z,47.37,47.45,47.14,47.23,700500
2023-02-14T20:00:00Z,47.26,47.26,46.87,46.9,701300
2023-02-15T13:00:00Z,47.06,47.61,46.62,47.09,466400
2023-02-15T14:00:00Z,47.09,47.68,47.09,47.31,712600
2023-02-15T15:00:00Z,47.31,47.6,47.29,47.5,490400
2023-02-15T16:00:00Z,47.5,47.56,47.31,47.42,1295100
2023-02-15T17:00:00Z,47.41,47.5,47.33,47.45,215100
2023-02-15T18:00:00Z,47.45,47.85,47.43,47.82,968300
2023-02-15T19:00:00Z,47.83,48.03,47.68,47.77,636300
2023-02-15T20:00:00Z,47.77,48.13,47.69,48.01,863600
2023-02-16T13:00:00Z,48.18,48.65,47.83,48.36,585300
2023-02-16T14:00:00Z,48.33,48.84,47.91,47.98,763500
2023-02-16T15:00:00Z,47.98,48.26,47.71,47.71,522300
2023-02-16T16:00:00Z,47.71,48.08,47.49,47.81,578900
2023-02-16T17:00:00Z,47.81,47.82,47.51,47.61,198800
2023-02-16T18:00:00Z,47.58,48.02,47.4,47.45,483500
2023-02-16T19:00:00Z,47.45,47.92,47.4,47.64,309600
2023-02-16T20:00:00Z,47.64,47.82,47.56,47.75,1117100
2023-02-17T13:00:00Z,47.77,48.23,47.31,47.33,268000
2023-02-17T14:00:00Z,47.33,47.35,46.93,47.11,312700
2023-02-17T15:00:00Z,47.12,47.2,46.76,46.86,329000
2023-02-17T16:00:00Z,46.85,46.88,46.6,46.65,251000
2023-02-17T17:00:00Z,46.65,46.94,46.63,46.84,284100
2023-02-17T18:00:00Z,46.86,47.05,46.85,46.98,318700
2023-02-17T19:00:00Z,46.99,47.19,46.96,47.08,487000
2023-02-17T20:00:00Z,47.08,47.19,46.88,47,510600
2023-02-22T16:00:00Z,46.66,46.66,45.72,46.46,971700
2023-02-22T17:00:00Z,46.45,46.56,46.16,46.22,528300
2023-02-22T18:00:00Z,46.21,46.36,46.04,46.07,435000
2023-02-22T19:00:00Z,46.07,46.2,45.88,45.89,660700
2023-02-22T20:00:00Z,45.89,46.15,45.86,46.07,697600
2023-02-23T13:00:00Z,45.94,46.28,45.73,46.2,127100
2023-02-23T14:00:00Z,46.2,46.68,46.2,46.38,244000
2023-02-23T15:00:00Z,46.35,46.36,45.9,46.03,159700
2023-02-23T16:00:00Z,46.02,46.08,45.72,45.74,224300
2023-02-23T17:00:00Z,45.73,45.94,45.72,45.88,126400
2023-02-23T18:00:00Z,45.91,46,45.81,45.93,141500
2023-02-23T19:00:00Z,45.9,46.16,45.87,46.04,128000
2023-02-23T20:00:00Z,46.04,46.33,46.02,46.19,156700
2023-02-24T13:00:00Z,46.15,46.45,45.92,46.41,182800
2023-02-24T14:00:00Z,46.43,46.49,46.2,46.21,132800
2023-02-24T15:00:00Z,46.2,46.24,45.82,45.85,154100
2023-02-24T16:00:00Z,45.85,45.86,45.69,45.72,161600
2023-02-24T17:00:00Z,45.71,46.12,45.64,46.12,267300
2023-02-24T18:00:00Z,46.1,46.29,45.96,46.19,547000
2023-02-24T19:00:00Z,46.18,46.35,46.04,46.33,533200
2023-02-24T20:00:00Z,46.31,46.44,46.15,46.24,717600
2023-02-27T13:00:00Z,46.15,46.52,46.02,46.43,169500
2023-02-27T14:00:00Z,46.41,46.67,46.28,46.65,270000
2023-02-27T15:00:00Z,46.68,46.72,46.32,46.39,263200
2023-02-27T16:00:00Z,46.38,46.65,46.37,46.59,135800
2023-02-27T17:00:00Z,46.58,46.8,46.53,46.69,270500
2023-02-27T18:00:00Z,46.67,46.78,46.49,46.49,212400
2023-02-27T19:00:00Z,46.48,46.53,46.3,46.42,170200
2023-02-27T20:00:00Z,46.42,46.55,46.36,46.53,147200
2023-02-28T13:00:00Z,46.14,47.34,46.14,47.24,419100
2023-02-28T14:00:00Z,47.24,47.55,46.96,47.03,600800
2023-02-28T15:00:00Z,47.02,47.1,46.92,46.99,316300
2023-02-28T16:00:00Z,47.01,47.44,46.91,47.32,236200
2023-02-28T17:00:00Z,47.33,47.61,47.24,47.56,326400
2023-02-28T18:00:00Z,47.56,47.95,47.37,47.44,820100
2023-02-28T19:00:00Z,47.45,47.6,47.39,47.54,449300
2023-02-28T20:00:00Z,47.55,47.67,47.46,47.59,567700
2023-03-01T13:00:00Z,48.09,48.43,47.31,47.4,1013000
2023-03-01T14:00:00Z,47.38,47.51,45.76,46.1,1410500
2023-03-01T15:00:00Z,46.17,46.7,46.04,46.25,843500
2023-03-01T16:00:00Z,46.25,46.37,46.01,46.07,489000
2023-03-01T17:00:00Z,46.04,46.3,45.79,46.24,815800
2023-03-01T18:00:00Z,46.24,46.93,46.18,46.89,859700
2023-03-01T19:00:00Z,46.88,47.15,46.79,46.99,644600
2023-03-01T20:00:00Z,47.02,47.03,46.61,47,666100
2023-03-02T13:00:00Z,46.81,47.76,46.81,47.66,497200
2023-03-02T14:00:00Z,47.66,47.74,47.2,47.26,331900
2023-03-02T15:00:00Z,47.29,47.55,47.08,47.3,340600
2023-03-02T16:00:00Z,47.3,47.42,46.81,46.82,464700
2023-03-02T17:00:00Z,46.83,46.92,46.68,46.77,414100
2023-03-02T18:00:00Z,46.78,46.92,46.56,46.65,466200
2023-03-02T19:00:00Z,46.65,46.91,46.62,46.84,393000
2023-03-02T20:00:00Z,46.87,46.96,46.71,46.71,830900
2023-03-03T13:00:00Z,46.79,47.19,46.7,46.99,483700
2023-03-03T14:00:00Z,46.98,47.88,46.94,47.74,1005500
2023-03-03T15:00:00Z,47.74,48.18,47.65,48.15,919600
2023-03-03T16:00:00Z,48.16,48.23,48.05,48.13,1044200
2023-03-03T17:00:00Z,48.14,48.29,47.99,48.13,955100
2023-03-03T18:00:00Z,48.14,48.38,48.06,48.14,1670100
2023-03-03T19:00:00Z,48.15,48.26,48.01,48.06,1450000
2023-03-03T20:00:00Z,48.07,48.32,48.03,48.16,1867800
2023-03-06T13:00:00Z,48.38,48.68,47.88,48.34,600500
2023-03-06T14:00:00Z,48.33,48.5,47.83,48.01,604000
2023-03-06T15:00:00Z,48,48.13,47.76,47.83,395000
2023-03-06T16:00:00Z,47.83,47.88,47.56,47.63,244300
2023-03-06T17:00:00Z,47.62,47.89,47.51,47.81,345100
2023-03-06T18:00:00Z,47.77,47.82,47.42,47.49,478500
2023-03-06T19:00:00Z,47.47,47.91,47.44,47.65,408800
2023-03-06T20:00:00Z,47.65,48.15,47.62,47.88,1379500
2023-03-07T13:00:00Z,47.92,48.11,47.54,47.85,213300
2023-03-07T14:00:00Z,47.88,48.24,47.78,47.92,298000
2023-03-07T15:00:00Z,47.94,47.94,47.6,47.71,431500
2023-03-07T16:00:00Z,47.71,47.83,47.55,47.6,333200
2023-03-07T17:00:00Z,47.58,47.72,47.3,47.72,305800
2023-03-07T18:00:00Z,47.72,47.78,47.57,47.61,552200
2023-03-07T19:00:00Z,47.61,47.78,47.57,47.77,345100
2023-03-07T20:00:00Z,47.77,47.91,47.7,47.77,473300
2023-03-08T13:00:00Z,47.91,48.09,47.2,47.5,258600
2023-03-08T14:00:00Z,47.5,47.6,47.3,47.34,381300
2023-03-08T15:00:00Z,47.34,47.47,47.13,47.15,468900
2023-03-08T16:00:00Z,47.15,47.42,47.14,47.41,257300
2023-03-08T17:00:00Z,47.4,47.41,47.12,47.13,514700
2023-03-08T18:00:00Z,47.13,47.37,47,47.33,526200
2023-03-08T19:00:00Z,47.31,47.49,47.28,47.31,438900
2023-03-08T20:00:00Z,47.3,47.51,47.17,47.44,714600
2023-03-09T13:00:00Z,47.32,47.62,46.76,46.85,252700
2023-03-09T14:00:00Z,46.84,47.38,46.75,47.17,809400
2023-03-09T15:00:00Z,47.17,47.28,46.66,46.73,277400
2023-03-09T16:00:00Z,46.73,46.86,46.61,46.69,388800
2023-03-09T17:00:00Z,46.71,46.76,46.62,46.68,277700
2023-03-09T18:00:00Z,46.66,46.74,46.41,46.51,430000
2023-03-09T19:00:00Z,46.49,46.89,46.48,46.67,599500
2023-03-09T20:00:00Z,46.67,46.72,46.26,46.5,761800
2023-03-10T13:00:00Z,46.38,46.65,46,46.14,338100
2023-03-10T14:00:00Z,46.14,46.31,45.87,45.96,410500
2023-03-10T15:00:00Z,45.96,46.08,45.42,45.46,538900
2023-03-10T16:00:00Z,45.46,45.61,45.21,45.33,819400
2023-03-10T17:00:00Z,45.35,45.46,45.22,45.35,387200
2023-03-10T18:00:00Z,45.35,45.48,45.2,45.29,488100
2023-03-10T19:00:00Z,45.29,45.39,45.15,45.18,531400
2023-03-10T20:00:00Z,45.17,45.27,45.01,45.14,807000
2023-03-13T13:00:00Z,44.9,45.56,44.8,45.13,481700
2023-03-13T14:00:00Z,45.14,45.2,44.65,44.96,463300
2023-03-13T15:00:00Z,44.95,45.2,44.83,45.19,464200
2023-03-13T16:00:00Z,45.18,45.22,44.92,44.97,377800
2023-03-13T17:00:00Z,44.98,45.19,44.7,45.1,297800
2023-03-13T18:00:00Z,45.08,45.16,44.72,44.8,312600
2023-03-13T19:00:00Z,44.8,44.81,44.38,44.52,913300
2023-03-14T13:00:00Z,44.71,45.28,44.58,45.14,442700
2023-03-14T14:00:00Z,45.14,45.22,44.75,44.77,207500
2023-03-14T15:00:00Z,44.75,45.3,44.69,45.06,425900
2023-03-14T16:00:00Z,45.05,45.24,44.8,44.84,252700
2023-03-14T17:00:00Z,44.83,45.06,44.67,45.06,455900
2023-03-14T18:00:00Z,45.06,45.08,44.75,45,271400
2023-03-14T19:00:00Z,44.97,45.04,44.77,44.9,503100
2023-03-15T13:00:00Z,44.51,44.73,44.02,44.06,454300
2023-03-15T14:00:00Z,44.04,44.49,43.92,44.32,419000
2023-03-15T15:00:00Z,44.32,44.54,44.15,44.24,440300
2023-03-15T16:00:00Z,44.23,44.31,44.06,44.29,390900
2023-03-15T17:00:00Z,44.28,44.4,44.15,44.4,671700
2023-03-15T18:00:00Z,44.4,44.61,44.25,44.45,683500
2023-03-15T19:00:00Z,44.44,44.47,44.15,44.31,702700
2023-03-16T13:00:00Z,44.3,44.53,43.84,44.3,366500
2023-03-16T14:00:00Z,44.28,44.5,44.02,44.43,402500
2023-03-16T15:00:00Z,44.43,44.98,44.26,44.31,288600
2023-03-16T16:00:00Z,44.31,44.43,44.1,44.33,218700
2023-03-16T17:00:00Z,44.33,44.37,44.12,44.27,247000
2023-03-16T18:00:00Z,44.28,44.32,43.96,44.01,486200
2023-03-16T19:00:00Z,44.02,44.11,43.93,44.07,717200
2023-03-17T13:00:00Z,43.93,44.14,43.32,43.63,489400
2023-03-17T14:00:00Z,43.63,43.73,43.4,43.67,482600
2023-03-17T15:00:00Z,43.66,43.66,43.42,43.54,190300
2023-03-17T16:00:00Z,43.54,43.82,43.52,43.72,234300
2023-03-17T17:00:00Z,43.73,43.97,43.72,43.93,152000
2023-03-17T18:00:00Z,43.95,44,43.78,43.87,262100
2023-03-17T19:00:00Z,43.87,43.87,43.65,43.68,285300
2023-03-20T13:00:00Z,43.73,43.85,43.2,43.68,302800
2023-03-20T14:00:00Z,43.67,43.78,43.5,43.62,182900
2023-03-20T15:00:00Z,43.61,43.69,43.16,43.16,301900
2023-03-20T16:00:00Z,43.18,43.21,42.89,43.06,586800
2023-03-20T17:00:00Z,43.06,43.23,42.99,43.18,180300
2023-03-20T18:00:00Z,43.18,43.19,43,43.1,147400
2023-03-20T19:00:00Z,43.13,43.46,43.11,43.34,253900
2023-03-21T13:00:00Z,43.14,43.52,42.97,43.4,362800
2023-03-21T14:00:00Z,43.39,43.45,43.05,43.19,184200
2023-03-21T15:00:00Z,43.18,43.28,43.04,43.07,181300
2023-03-21T16:00:00Z,43.1,43.23,43.02,43.17,146900
2023-03-21T17:00:00Z,43.17,43.24,42.92,42.98,172700
2023-03-21T18:00:00Z,42.94,43.05,42.81,42.96,234900
2023-03-21T19:00:00Z,42.96,43.07,42.85,42.95,309200
2023-03-22T13:00:00Z,42.83,43.38,42.8,43.35,398400
2023-03-22T14:00:00Z,43.34,43.34,42.96,43.03,144300
2023-03-22T15:00:00Z,43.04,43.13,42.88,42.91,137000
2023-03-22T16:00:00Z,42.92,43.18,42.77,43.09,356200
2023-03-22T17:00:00Z,43.1,43.1,42.93,43.02,161000
2023-03-22T18:00:00Z,43.01,43.25,42.93,42.98,342400
2023-03-22T19:00:00Z,42.98,43.05,42.68,42.74,706100
2023-03-23T13:00:00Z,42.95,43.77,42.95,43.59,652100
2023-03-23T14:00:00Z,43.59,43.59,42.83,42.97,1069000
2023-03-23T15:00:00Z,42.97,43.11,42.6,43.02,401400
2023-03-23T16:00:00Z,43.03,43.22,42.94,42.96,355200
2023-03-23T17:00:00Z,42.98,43.74,42.52,42.59,410000
2023-03-23T18:00:00Z,42.6,42.7,41.92,42.08,536800
2023-03-23T19:00:00Z,42.09,42.45,42.04,42.3,1031500
2023-03-24T13:00:00Z,42.34,42.84,41.85,42.21,664400
2023-03-24T14:00:00Z,42.18,42.22,41.86,42.1,480900
2023-03-24T15:00:00Z,42.09,42.25,42,42.22,329900
2023-03-24T16:00:00Z,42.23,42.52,42.1,42.49,265100
2023-03-24T17:00:00Z,42.48,42.75,42.35,42.6,535900
2023-03-24T18:00:00Z,42.59,42.81,42.47,42.57,492300
2023-03-24T19:00:00Z,42.57,42.73,42.45,42.6,629000
2023-03-27T13:00:00Z,42.63,42.88,42.1,42.1,361500
2023-03-27T14:00:00Z,42.1,42.34,42.03,42.07,350400
2023-03-27T15:00:00Z,42.07,42.17,42.02,42.1,290100
2023-03-27T16:00:00Z,42.09,42.52,42.07,42.51,198300
2023-03-27T17:00:00Z,42.5,42.6,42.14,42.2,762500
2023-03-27T18:00:00Z,42.2,42.37,42,42.14,655000
2023-03-27T19:00:00Z,42.14,42.14,41.92,42.09,1184700
2023-03-28T13:00:00Z,42.1,42.35,41.94,42.16,206700
2023-03-28T14:00:00Z,42.18,42.69,42.17,42.65,329300
2023-03-28T15:00:00Z,42.65,42.8,42.26,42.28,545800
2023-03-28T16:00:00Z,42.29,42.38,42.06,42.33,375900
2023-03-28T17:00:00Z,42.34,42.36,42.13,42.27,249100
2023-03-28T18:00:00Z,42.26,42.5,42.25,42.27,450900
2023-03-28T19:00:00Z,42.26,42.33,42.15,42.32,316900
2023-03-29T13:00:00Z,42.5,43.39,42.5,43.06,543900
2023-03-29T14:00:00Z,43.06,43.17,42.9,42.95,217000
2023-03-29T15:00:00Z,42.94,43.28,42.91,43.15,306000
2023-03-29T16:00:00Z,43.16,43.23,42.85,43.02,389900
2023-03-29T17:00:00Z,43.01,43.14,42.95,43.08,252100
2023-03-29T18:00:00Z,43.08,43.23,42.73,42.8,757800
2023-03-29T19:00:00Z,42.8,43.23,42.68,43.18,820200
2023-03-30T13:00:00Z,43.7,44,42.85,43.21,768800
2023-03-30T14:00:00Z,43.23,43.58,42.99,43.47,1161400
2023-03-30T15:00:00Z,43.47,43.48,42.88,43.2,776900
2023-03-30T16:00:00Z,43.22,43.37,43.11,43.36,392700
2023-03-30T17:00:00Z,43.35,43.44,43.02,43.15,554000
2023-03-30T18:00:00Z,43.15,43.17,42.91,42.99,580200
2023-03-30T19:00:00Z,42.99,43.26,42.92,43.04,1124000
2023-03-31T13:00:00Z,43.27,43.61,42.03,42.21,2284200
2023-03-31T14:00:00Z,42.22,42.44,41.74,42.26,3274500
2023-03-31T15:00:00Z,42.26,42.52,42.12,42.47,1340500
2023-03-31T16:00:00Z,42.46,42.58,42.29,42.47,542300
2023-03-31T17:00:00Z,42.46,42.47,41.92,42,2677800
2023-03-31T18:00:00Z,41.99,42.02,41.63,41.73,1034100
2023-03-31T19:00:00Z,41.73,41.81,41.64,41.67,1287700
2023-04-03T13:00:00Z,41.8,42,41.41,41.75,632500
2023-04-03T14:00:00Z,41.73,42,41.68,41.8,1672400
2023-04-03T15:00:00Z,41.78,41.98,41.72,41.92,767000
2023-04-03T16:00:00Z,41.92,42.46,41.9,42.43,939000
2023-04-03T17:00:00Z,42.43,42.63,42.3,42.35,1250100
2023-04-03T18:00:00Z,42.33,42.57,42.2,42.55,510900
2023-04-03T19:00:00Z,42.53,42.86,42.52,42.75,709000
2023-04-04T13:00:00Z,42.9,43.33,42.87,43.1,1017900
2023-04-04T14:00:00Z,43.1,43.36,43.07,43.13,407700
2023-04-04T15:00:00Z,43.13,43.26,42.93,43.18,407600
2023-04-04T16:00:00Z,43.2,43.32,43.13,43.19,395800
2023-04-04T17:00:00Z,43.19,43.32,42.83,42.87,1076200
2023-04-04T18:00:00Z,42.88,42.9,42.59,42.63,375900
2023-04-04T19:00:00Z,42.63,42.72,42.35,42.35,686000
2023-04-05T13:00:00Z,42.43,42.62,40.88,40.92,2072800
2023-04-05T14:00:00Z,40.96,40.98,40.42,40.64,1825500
2023-04-05T15:00:00Z,40.64,40.8,40.45,40.53,1083400
2023-04-05T16:00:00Z,40.53,40.61,40.36,40.47,744800
2023-04-05T17:00:00Z,40.47,40.78,40.45,40.76,2004100
2023-04-05T18:00:00Z,40.74,41.12,40.65,40.72,1579300
2023-04-05T19:00:00Z,40.73,41.19,40.71,41.17,1212100
2023-04-06T13:00:00Z,40.99,41.41,40.74,40.85,583400
2023-04-06T14:00:00Z,40.85,41.06,40.8,40.95,296400
2023-04-06T15:00:00Z,40.95,41.07,40.75,40.92,1068100
2023-04-06T16:00:00Z,40.92,41.07,40.52,40.55,515300
2023-04-06T17:00:00Z,40.54,40.85,40.47,40.58,1212100
2023-04-06T18:00:00Z,40.56,40.63,40.47,40.52,954300
2023-04-06T19:00:00Z,40.53,40.54,40.26,40.54,1187400
2023-04-10T13:00:00Z,40.25,41.56,39.9,41.35,1149600
2023-04-10T14:00:00Z,41.34,41.38,41.02,41.2,871000
2023-04-10T15:00:00Z,41.22,41.34,40.98,41.05,478100
2023-04-10T16:00:00Z,41.05,41.06,40.85,40.9,286300
2023-04-10T17:00:00Z,40.89,41.03,40.83,40.98,266200
2023-04-10T18:00:00Z,40.98,41.11,40.94,41.07,359700
2023-04-10T19:00:00Z,41.07,41.32,41.05,41.24,556300
2023-04-11T13:00:00Z,41.27,42.34,41.27,42.2,1767200
2023-04-11T14:00:00Z,42.19,42.66,42.1,42.17,1195200
2023-04-11T15:00:00Z,42.17,42.4,42.1,42.26,873600
2023-04-11T16:00:00Z,42.26,42.34,42.14,42.17,302900
2023-04-11T17:00:00Z,42.16,42.51,42.16,42.4,517300
2023-04-11T18:00:00Z,42.4,42.47,42.11,42.4,712700
2023-04-11T19:00:00Z,42.4,42.62,42.34,42.45,1482400
2023-04-12T13:00:00Z,42.56,43,41.96,42.14,957200
2023-04-12T14:00:00Z,42.15,42.3,42.05,42.13,704500
2023-04-12T15:00:00Z,42.13,42.32,42.06,42.26,493300
2023-04-12T16:00:00Z,42.26,42.5,42.22,42.38,477900
2023-04-12T17:00:00Z,42.39,42.82,42.38,42.49,810700
2023-04-12T18:00:00Z,42.49,42.67,42.41,42.42,1001700
2023-04-12T19:00:00Z,42.42,42.5,42.22,42.35,1385500
2023-04-13T13:00:00Z,42.29,42.4,41.84,42.33,936400
2023-04-13T14:00:00Z,42.33,42.46,42.12,42.18,1178300
2023-04-13T15:00:00Z,42.17,42.22,41.76,41.85,837500
2023-04-13T16:00:00Z,41.86,42.04,41.61,41.65,778000
2023-04-13T17:00:00Z,41.64,41.79,41.5,41.55,455900
2023-04-13T18:00:00Z,41.54,41.62,41.3,41.5,1095800
2023-04-13T19:00:00Z,41.49,41.5,41.15,41.41,1108000
2023-04-14T13:00:00Z,41,41.22,40.44,40.81,1279900
2023-04-14T14:00:00Z,40.8,40.85,40.57,40.69,821900
2023-04-14T15:00:00Z,40.69,40.75,40.57,40.74,566400
2023-04-14T16:00:00Z,40.74,40.76,40.63,40.67,389400
2023-04-14T17:00:00Z,40.69,40.82,40.44,40.46,989800
2023-04-14T18:00:00Z,40.48,40.7,40.45,40.61,921300
2023-04-14T19:00:00Z,40.62,40.67,40.41,40.59,1016000
2023-04-17T13:00:00Z,40.51,40.72,40.06,40.26,1060000
2023-04-17T14:00:00Z,40.29,40.51,40.11,40.48,810500
2023-04-17T15:00:00Z,40.48,40.54,40.28,40.29,448400
2023-04-17T16:00:00Z,40.29,40.36,40.2,40.24,212100
2023-04-17T17:00:00Z,40.24,40.39,40.22,40.34,257300
2023-04-17T18:00:00Z,40.32,40.38,40.18,40.22,511600
2023-04-17T19:00:00Z,40.22,40.49,40.21,40.42,1371300
2023-04-18T13:00:00Z,40.6,41.08,40.46,40.68,889400
2023-04-18T14:00:00Z,40.67,40.76,40.54,40.62,392900
2023-04-18T15:00:00Z,40.63,40.89,40.55,40.81,259100
2023-04-18T16:00:00Z,40.81,40.97,40.79,40.85,266200
2023-04-18T17:00:00Z,40.85,41.08,40.77,40.77,465800
2023-04-18T18:00:00Z,40.77,41.01,40.75,40.99,508400
2023-04-18T19:00:00Z,41,41.42,40.93,41.25,1070700
2023-04-19T13:00:00Z,41.2,41.79,40.96,41.09,780900
2023-04-19T14:00:00Z,41.09,41.48,41.01,41.39,859100
2023-04-19T15:00:00Z,41.38,41.5,41.29,41.44,309200
2023-04-19T16:00:00Z,41.45,41.58,41.28,41.37,387400
2023-04-19T17:00:00Z,41.37,41.38,41.13,41.16,671000
2023-04-19T18:00:00Z,41.16,41.29,41.08,41.28,560900
2023-04-19T19:00:00Z,41.28,41.45,41.17,41.19,899300
2023-04-20T13:00:00Z,41,41.28,40.6,40.72,548700
2023-04-20T14:00:00Z,40.7,40.91,40.52,40.63,607700
2023-04-20T15:00:00Z,40.62,40.81,40.41,40.57,656300
2023-04-20T16:00:00Z,40.55,40.57,40.34,40.45,448100
2023-04-20T17:00:00Z,40.45,40.5,40.31,40.45,363100
2023-04-20T18:00:00Z,40.44,40.46,40.23,40.33,625400
2023-04-20T19:00:00Z,40.32,40.42,40.22,40.34,859000
2023-04-24T13:00:00Z,40,40.06,39.01,39.88,3247500
2023-04-24T14:00:00Z,39.87,40.21,39.83,40.02,1122300
2023-04-24T15:00:00Z,40.02,40.03,39.86,39.91,737300
2023-04-24T16:00:00Z,39.9,39.99,39.73,39.87,515700
2023-04-24T17:00:00Z,39.88,39.96,39.78,39.79,602900
2023-04-24T18:00:00Z,39.81,39.84,39.5,39.51,529300
2023-04-24T19:00:00Z,39.53,39.81,39.5,39.76,1544900
2023-04-25T13:00:00Z,39.75,39.8,39.12,39.19,2217400
2023-04-25T14:00:00Z,39.18,39.24,39,39.16,548400
2023-04-25T15:00:00Z,39.16,39.33,39.1,39.17,403000
2023-04-25T16:00:00Z,39.18,39.18,39,39.13,234900
2023-04-25T17:00:00Z,39.13,39.13,38.83,39.06,1029900
2023-04-25T18:00:00Z,39.07,39.09,38.89,38.95,418700
2023-04-25T19:00:00Z,38.95,39.03,38.64,38.72,1358500
2023-04-26T13:00:00Z,39.02,39.24,38.41,38.53,2626500
2023-04-26T14:00:00Z,38.53,38.72,38.43,38.63,1020600
2023-04-26T15:00:00Z,38.65,39,38.53,38.81,2929200
2023-04-26T16:00:00Z,38.81,38.82,38.61,38.67,1004500
2023-04-26T17:00:00Z,38.66,38.72,38.51,38.62,458700
2023-04-26T18:00:00Z,38.62,38.72,38.51,38.53,825300
2023-04-26T19:00:00Z,38.55,38.64,38.25,38.38,1114200
2023-04-27T13:00:00Z,38.36,38.76,38.08,38.2,885300
2023-04-27T14:00:00Z,38.2,38.47,38.08,38.29,1496300
2023-04-27T15:00:00Z,38.29,38.43,37.88,37.95,1312400
2023-04-27T16:00:00Z,37.96,38.19,37.81,38.05,789500
2023-04-27T17:00:00Z,38.05,38.17,37.93,38.14,595500
2023-04-27T18:00:00Z,38.14,38.27,38.02,38.04,673500
2023-04-27T19:00:00Z,38.05,38.14,37.98,38.09,684600
2023-04-28T13:00:00Z,37.55,38.4,37.15,38.39,4047400
2023-04-28T14:00:00Z,38.37,39.25,38.07,38.92,5030000
2023-04-28T15:00:00Z,38.93,39.39,38.59,39.31,3617900
2023-04-28T16:00:00Z,39.31,39.88,39.19,39.86,2022500
2023-04-28T17:00:00Z,39.85,39.88,39.25,39.34,2651300
2023-04-28T18:00:00Z,39.33,39.51,39.15,39.35,1978300
2023-04-28T19:00:00Z,39.35,39.87,39.19,39.65,1127700
2023-05-02T13:00:00Z,40.35,41.5,40.1,40.77,3016100
2023-05-02T14:00:00Z,40.77,40.96,40.5,40.81,1614600
2023-05-02T15:00:00Z,40.81,40.83,40.26,40.26,1336600
2023-05-02T16:00:00Z,40.26,40.57,40.13,40.55,1161700
2023-05-02T17:00:00Z,40.55,40.95,40.35,40.72,1637500
2023-05-02T18:00:00Z,40.73,40.75,40.38,40.46,3904600
2023-05-02T19:00:00Z,40.46,40.81,40.42,40.8,1313400
2023-05-03T13:00:00Z,40.97,41.63,40.8,40.93,2252700
2023-05-03T14:00:00Z,40.91,41.24,40.74,41.02,1166400
2023-05-03T15:00:00Z,41,41.06,40.56,40.83,866400
2023-05-03T16:00:00Z,40.83,41.12,40.72,40.81,1175200
2023-05-03T17:00:00Z,40.81,40.86,40.45,40.47,978500
2023-05-03T18:00:00Z,40.46,40.54,40.3,40.48,1212600
2023-05-03T19:00:00Z,40.48,40.51,40.05,40.17,1731800
2023-05-04T13:00:00Z,40.12,40.88,40.12,40.16,646000
2023-05-04T14:00:00Z,40.16,40.22,39.91,39.97,1579000
2023-05-04T15:00:00Z,39.96,39.96,39.63,39.83,1127600
2023-05-04T16:00:00Z,39.83,39.95,39.64,39.84,1232300
2023-05-04T17:00:00Z,39.84,40.28,39.78,40.03,1803000
2023-05-04T18:00:00Z,40.02,40.04,39.69,39.74,608000
2023-05-04T19:00:00Z,39.74,39.79,39.53,39.57,1028400
2023-05-05T13:00:00Z,40,40.5,39.76,40.2,1351900
2023-05-05T14:00:00Z,40.19,40.74,40.16,40.66,1161400
2023-05-05T15:00:00Z,40.67,41.27,40.6,41.19,1827900
2023-05-05T16:00:00Z,41.18,41.42,41.12,41.24,783600
2023-05-05T17:00:00Z,41.25,41.27,41.02,41.05,593800
2023-05-05T18:00:00Z,41.05,41.53,41.05,41.44,1783900
2023-05-05T19:00:00Z,41.44,41.98,41.38,41.87,2703600
2023-05-08T13:00:00Z,41.75,42.17,41.65,42.08,3407500
2023-05-08T14:00:00Z,42.08,42.24,41.81,42.07,924100
2023-05-08T15:00:00Z,42.06,42.38,41.95,42.34,709600
2023-05-08T16:00:00Z,42.35,42.45,42.21,42.23,992600
2023-05-08T17:00:00Z,42.22,42.38,42.1,42.14,785200
2023-05-08T18:00:00Z,42.14,42.15,41.91,41.93,474300
2023-05-08T19:00:00Z,41.93,42.16,41.86,42.06,993400
2023-05-09T13:00:00Z,41.56,41.97,41.35,41.51,501300
2023-05-09T14:00:00Z,41.52,41.82,41.49,41.69,771700
2023-05-09T15:00:00Z,41.68,41.85,41.54,41.63,842800
2023-05-09T16:00:00Z,41.61,41.71,41.46,41.63,406500
2023-05-09T17:00:00Z,41.64,41.8,41.61,41.78,309500
2023-05-09T18:00:00Z,41.79,41.84,41.61,41.66,368300
2023-05-09T19:00:00Z,41.65,41.7,41.5,41.5,811700
2023-05-10T13:00:00Z,41.7,41.9,41.21,41.59,643100
2023-05-10T14:00:00Z,41.61,41.88,41.57,41.86,1177400
2023-05-10T15:00:00Z,41.86,41.96,41.71,41.74,416000
2023-05-10T16:00:00Z,41.73,41.8,41.65,41.76,523000
2023-05-10T17:00:00Z,41.77,41.77,41.6,41.7,756900
2023-05-10T18:00:00Z,41.69,41.97,41.69,41.79,1537800
2023-05-10T19:00:00Z,41.78,41.93,41.67,41.84,622800
2023-05-11T13:00:00Z,41.76,41.81,40.86,41.11,3270800
2023-05-11T14:00:00Z,41.1,41.35,41,41.21,1001800
2023-05-11T15:00:00Z,41.21,41.74,41.2,41.62,2559000
2023-05-11T16:00:00Z,41.62,41.7,41.5,41.65,396300
2023-05-11T17:00:00Z,41.64,41.94,41.64,41.77,692400
2023-05-11T18:00:00Z,41.77,41.89,41.63,41.65,704500
2023-05-11T19:00:00Z,41.65,41.71,41.4,41.62,933100
2023-05-12T13:00:00Z,41.38,42.15,41.09,42.12,2115900
2023-05-12T14:00:00Z,42.12,42.45,41.97,42.25,896900
2023-05-12T15:00:00Z,42.27,42.28,41.96,42.05,1396600
2023-05-12T16:00:00Z,42.05,42.69,42,42.61,3097100
2023-05-12T17:00:00Z,42.62,42.81,42.44,42.51,671600
2023-05-12T18:00:00Z,42.51,42.6,42.28,42.59,638000
2023-05-12T19:00:00Z,42.59,42.7,42.36,42.37,797800
2023-05-15T13:00:00Z,42.77,43.82,42.6,43.26,880400
2023-05-15T14:00:00Z,43.26,43.3,42.8,42.81,398900
2023-05-15T15:00:00Z,42.81,43.03,42.8,42.99,381300
2023-05-15T16:00:00Z,42.99,43.19,42.98,43.15,327000
2023-05-15T17:00:00Z,43.15,43.19,43.01,43.05,330300
2023-05-15T18:00:00Z,43.05,43.12,42.9,42.92,622500
2023-05-15T19:00:00Z,42.93,43.05,42.91,42.98,583200
2023-05-16T13:00:00Z,42.92,43.85,42.82,43.77,1370800
2023-05-16T14:00:00Z,43.78,43.78,43.09,43.1,784300
2023-05-16T15:00:00Z,43.1,43.17,42.86,43.13,314300
2023-05-16T16:00:00Z,43.11,43.51,43.11,43.31,328700
2023-05-16T17:00:00Z,43.34,43.37,43.24,43.33,1371500
2023-05-16T18:00:00Z,43.34,43.81,43.29,43.71,705900
2023-05-16T19:00:00Z,43.7,43.72,43.43,43.72,1746300
2023-05-17T13:00:00Z,44.15,44.51,43.9,44.16,641200
2023-05-17T14:00:00Z,44.17,44.26,43.9,43.92,661200
2023-05-17T15:00:00Z,43.92,44.03,43.66,43.73,595900
2023-05-17T16:00:00Z,43.72,44.04,43.7,43.9,605100
2023-05-17T17:00:00Z,43.9,44.02,43.74,43.75,838600
2023-05-17T18:00:00Z,43.75,43.89,43.64,43.73,668200
2023-05-17T19:00:00Z,43.73,43.98,43.66,43.79,755300
2023-05-18T13:00:00Z,44.2,45.18,44.14,44.94,4277400
2023-05-18T14:00:00Z,44.92,45.08,44.8,44.92,1424100
2023-05-18T15:00:00Z,44.92,45.08,44.91,45.02,831400
2023-05-18T16:00:00Z,45.02,45.05,44.91,44.94,456600
2023-05-18T17:00:00Z,44.94,45.06,44.84,45,561900
2023-05-18T18:00:00Z,45.01,45.18,44.98,45.15,678200
2023-05-18T19:00:00Z,45.15,45.47,45.13,45.4,966800
2023-05-19T13:00:00Z,45.6,45.98,45.32,45.57,1345400
2023-05-19T14:00:00Z,45.56,45.75,45.47,45.6,947500
2023-05-19T15:00:00Z,45.6,45.6,45.12,45.19,1687300
2023-05-19T16:00:00Z,45.19,45.54,45.09,45.45,519400
2023-05-19T17:00:00Z,45.46,45.61,45.35,45.52,373700
2023-05-19T18:00:00Z,45.52,45.6,45.3,45.46,479100
2023-05-19T19:00:00Z,45.46,45.54,45.38,45.54,559500
2023-05-22T13:00:00Z,45.62,45.9,45.06,45.31,448600
2023-05-22T14:00:00Z,45.31,45.42,45.1,45.39,482900
2023-05-22T15:00:00Z,45.38,45.5,45.24,45.45,334300
2023-05-22T16:00:00Z,45.45,45.45,45.29,45.41,266100
2023-05-22T17:00:00Z,45.42,45.78,45.39,45.78,507100
2023-05-22T18:00:00Z,45.78,45.8,45.44,45.45,405100
2023-05-22T19:00:00Z,45.45,45.5,45.33,45.34,389700
2023-05-23T13:00:00Z,46.85,47.56,46.53,47.19,3866400
2023-05-23T14:00:00Z,47.18,47.18,46.7,46.95,991800
2023-05-23T15:00:00Z,46.94,46.95,46.6,46.67,1261200
2023-05-23T16:00:00Z,46.67,46.77,46.28,46.49,1544000
2023-05-23T17:00:00Z,46.49,46.71,46.49,46.62,1023100
2023-05-23T18:00:00Z,46.63,46.66,46.16,46.17,1065300
2023-05-23T19:00:00Z,46.17,46.18,45.88,45.96,1164300
2023-05-24T13:00:00Z,45.5,45.5,44.82,44.93,1181100
2023-05-24T14:00:00Z,44.93,45.05,44.73,44.91,482100
2023-05-24T15:00:00Z,44.91,45.18,44.74,44.78,488600
2023-05-24T16:00:00Z,44.78,44.82,44.63,44.69,389600
2023-05-24T17:00:00Z,44.69,44.8,44.61,44.68,514000
2023-05-24T18:00:00Z,44.68,44.86,44.66,44.77,665800
2023-05-24T19:00:00Z,44.77,44.79,44.46,44.59,962200
2023-05-25T13:00:00Z,44.83,45.1,44.59,44.94,509300
2023-05-25T14:00:00Z,44.94,45.09,44.86,45,1065900
2023-05-25T15:00:00Z,45,45.02,44.45,44.54,375400
2023-05-25T16:00:00Z,44.54,44.9,44.42,44.71,479100
2023-05-25T17:00:00Z,44.7,44.87,44.67,44.68,577600
2023-05-25T18:00:00Z,44.68,44.74,44.21,44.27,584500
2023-05-25T19:00:00Z,44.26,44.27,44.09,44.09,928600
2023-05-26T13:00:00Z,44.63,45.15,44.62,45.05,529700
2023-05-26T14:00:00Z,45.06,45.55,45.05,45.49,504700
2023-05-26T15:00:00Z,45.49,45.55,45,45.23,419700
2023-05-26T16:00:00Z,45.21,45.5,45.21,45.49,261900
2023-05-26T17:00:00Z,45.48,45.7,45.35,45.42,418600
2023-05-26T18:00:00Z,45.42,45.55,45.37,45.49,389300
2023-05-26T19:00:00Z,45.49,45.65,45.27,45.3,771100
2023-05-29T13:00:00Z,45.67,45.81,45.16,45.34,204800
2023-05-29T14:00:00Z,45.31,45.58,45.3,45.54,157200
2023-05-29T15:00:00Z,45.54,45.66,45.45,45.6,88800
2023-05-29T16:00:00Z,45.58,45.6,45.39,45.55,94800
2023-05-29T17:00:00Z,45.54,45.65,45.47,45.62,136900
2023-05-29T18:00:00Z,45.63,45.82,45.6,45.67,166800
2023-05-29T19:00:00Z,45.68,45.73,45.33,45.4,321500
2023-05-30T13:00:00Z,45.93,46.1,45.56,45.59,563100
2023-05-30T14:00:00Z,45.59,45.63,45.06,45.19,712700
2023-05-30T15:00:00Z,45.19,45.25,44.94,44.98,250700
2023-05-30T16:00:00Z,44.98,45.05,44.83,44.91,275400
2023-05-30T17:00:00Z,44.92,45.04,44.86,45,567100
2023-05-30T18:00:00Z,45,45.15,44.94,45.01,1277000
2023-05-30T19:00:00Z,45,45.28,45,45.07,497000
2023-05-31T13:00:00Z,45.39,45.74,44.94,45.11,546700
2023-05-31T14:00:00Z,45.11,45.26,44.97,45,270200
2023-05-31T15:00:00Z,45.02,45.17,45,45.04,347800
2023-05-31T16:00:00Z,45.04,45.16,45,45.1,253800
2023-05-31T17:00:00Z,45.1,45.43,45.09,45.29,352100
2023-05-31T18:00:00Z,45.29,45.5,45.26,45.36,431600
2023-05-31T19:00:00Z,45.37,45.37,45.01,45.01,539200
2023-06-01T13:00:00Z,45.02,45.09,44.8,44.84,2121900
2023-06-01T14:00:00Z,44.85,45.02,44.51,44.74,927000
2023-06-01T15:00:00Z,44.73,44.89,44.57,44.69,1418500
2023-06-01T16:00:00Z,44.68,44.71,44.52,44.63,977300
2023-06-01T17:00:00Z,44.61,44.73,44.59,44.66,931300
2023-06-01T18:00:00Z,44.65,44.96,44.65,44.91,648000
2023-06-01T19:00:00Z,44.89,45.18,44.85,45.06,3496000
2023-06-02T13:00:00Z,45.31,46.36,45.23,45.92,1639300
2023-06-02T14:00:00Z,45.94,46.55,45.9,46.32,610500
2023-06-02T15:00:00Z,46.32,46.53,46.07,46.52,949200
2023-06-02T16:00:00Z,46.51,46.65,46.36,46.47,801900
2023-06-02T17:00:00Z,46.47,46.6,46.4,46.56,863100
2023-06-02T18:00:00Z,46.55,46.9,46.5,46.8,1148200
2023-06-02T19:00:00Z,46.8,46.82,46.31,46.41,1702800
2023-06-05T13:00:00Z,47.05,47.43,46.67,46.72,628200
2023-06-05T14:00:00Z,46.74,46.75,46.27,46.51,459200
2023-06-05T15:00:00Z,46.51,46.95,46.43,46.82,637600
2023-06-05T16:00:00Z,46.82,46.82,46.58,46.77,260400
2023-06-05T17:00:00Z,46.77,46.85,46.69,46.7,434300
2023-06-05T18:00:00Z,46.71,46.85,46.54,46.81,484500
2023-06-05T19:00:00Z,46.81,46.9,46.73,46.78,932700
2023-06-06T13:00:00Z,46.75,47.13,46.51,46.67,487700
2023-06-06T14:00:00Z,46.67,46.87,46.43,46.56,653100
2023-06-06T15:00:00Z,46.57,47,46.44,46.85,438800
2023-06-06T16:00:00Z,46.85,46.95,46.76,46.9,459300
2023-06-06T17:00:00Z,46.87,47.11,46.8,46.89,970100
2023-06-06T18:00:00Z,46.88,47,46.75,46.97,1271600
2023-06-06T19:00:00Z,46.97,47.21,46.8,46.98,828900
2023-06-07T13:00:00Z,47.3,47.31,46.65,46.85,295700
2023-06-07T14:00:00Z,46.83,46.93,46.45,46.48,419500
2023-06-07T15:00:00Z,46.48,46.69,46.36,46.46,375900
2023-06-07T16:00:00Z,46.46,46.55,46.09,46.19,516700
2023-06-07T17:00:00Z,46.19,46.3,46,46.16,591000
2023-06-07T18:00:00Z,46.16,46.26,45.95,45.97,3661400
2023-06-07T19:00:00Z,45.97,46.2,45.78,45.82,1197500
2023-06-09T13:00:00Z,46.23,46.23,45.12,45.38,1426300
2023-06-09T14:00:00Z,45.37,45.87,45.36,45.45,757900
2023-06-09T15:00:00Z,45.44,45.94,45.4,45.88,1021400
2023-06-09T16:00:00Z,45.88,46.08,45.55,45.62,712400
2023-06-09T17:00:00Z,45.6,45.7,45.41,45.54,1624300
2023-06-09T18:00:00Z,45.54,45.58,45.13,45.38,1283400
2023-06-09T19:00:00Z,45.37,45.44,45.09,45.23,1194700
2023-06-12T13:00:00Z,45.53,45.53,45.23,45.49,320400
2023-06-12T14:00:00Z,45.5,45.85,45.37,45.84,580600
2023-06-12T15:00:00Z,45.84,46.11,45.73,46.07,481300
2023-06-12T16:00:00Z,46.06,46.29,46.05,46.24,436300
2023-06-12T17:00:00Z,46.24,46.4,46.2,46.32,355400
2023-06-12T18:00:00Z,46.31,46.76,46.28,46.68,1000400
2023-06-12T19:00:00Z,46.67,46.85,46.61,46.65,982300
2023-06-13T13:00:00Z,46.82,47.34,46.45,46.92,691100
2023-06-13T14:00:00Z,46.93,47.33,46.73,47.3,1060000
2023-06-13T15:00:00Z,47.28,47.41,47.13,47.14,455200
2023-06-13T16:00:00Z,47.15,47.15,46.94,47,196700
2023-06-13T17:00:00Z,47,47.12,46.9,47.07,308500
2023-06-13T18:00:00Z,47.08,47.09,46.81,46.86,564900
2023-06-13T19:00:00Z,46.87,47.03,46.75,46.94,937600
2023-06-14T13:00:00Z,47.5,48.24,47.36,47.77,1392200
2023-06-14T14:00:00Z,47.79,47.99,47.35,47.55,2238400
2023-06-14T15:00:00Z,47.54,47.64,47.08,47.19,698000
2023-06-14T16:00:00Z,47.2,47.52,47.06,47.46,603200
2023-06-14T17:00:00Z,47.46,47.57,46.89,46.95,1696900
2023-06-14T18:00:00Z,46.96,46.99,46.46,46.88,3688500
2023-06-14T19:00:00Z,46.87,46.96,46.38,46.41,1428200
2023-06-15T13:00:00Z,46.65,46.96,46,46.52,1193100
2023-06-15T14:00:00Z,46.51,48.8,46.45,48.49,4900600
2023-06-15T15:00:00Z,48.5,48.77,48,48.03,2991700
2023-06-15T16:00:00Z,48.03,48.21,47.95,48,754000
2023-06-15T17:00:00Z,47.99,48,47.69,47.7,864200
2023-06-15T18:00:00Z,47.7,47.95,47.7,47.93,1183400
2023-06-15T19:00:00Z,47.93,48.26,47.92,48.2,852200
2023-06-16T13:00:00Z,48.04,48.41,47.67,47.98,2080000
2023-06-16T14:00:00Z,47.98,48.18,47.76,48.09,468900
2023-06-16T15:00:00Z,48.09,48.37,48.07,48.32,432400
2023-06-16T16:00:00Z,48.31,48.42,48.23,48.28,460700
2023-06-16T17:00:00Z,48.31,48.52,48.04,48.43,627200
2023-06-16T18:00:00Z,48.43,48.44,48.09,48.28,797300
2023-06-16T19:00:00Z,48.28,48.29,48.1,48.15,588700
2023-06-19T13:00:00Z,48.15,48.43,48,48.13,225800
2023-06-19T14:00:00Z,48.12,48.21,48.07,48.1,188000
2023-06-19T15:00:00Z,48.1,48.1,47.87,47.97,286500
2023-06-19T16:00:00Z,47.97,47.97,47.72,47.85,290800
2023-06-19T17:00:00Z,47.86,48.01,47.85,47.87,467100
2023-06-19T18:00:00Z,47.88,47.98,47.37,47.6,1179200
2023-06-19T19:00:00Z,47.59,47.77,47.46,47.68,408700
2023-06-20T13:00:00Z,47.62,47.67,47.11,47.19,571600
2023-06-20T14:00:00Z,47.21,47.39,46.92,46.99,639900
2023-06-20T15:00:00Z,46.96,47.2,46.86,47.18,262700
2023-06-20T16:00:00Z,47.19,47.33,47.11,47.29,309400
2023-06-20T17:00:00Z,47.3,47.38,47.2,47.24,340700
2023-06-20T18:00:00Z,47.24,47.35,47.15,47.27,621000
2023-06-20T19:00:00Z,47.27,47.61,47.23,47.36,1160100
2023-06-21T13:00:00Z,47.45,47.51,46.33,46.45,1240800
2023-06-21T14:00:00Z,46.45,46.65,46.41,46.42,596000
2023-06-21T15:00:00Z,46.42,46.5,46.21,46.3,575000
2023-06-21T16:00:00Z,46.29,46.54,46.28,46.32,258400
2023-06-21T17:00:00Z,46.31,46.46,46.22,46.43,387100
2023-06-21T18:00:00Z,46.43,46.66,46.37,46.61,767700
2023-06-21T19:00:00Z,46.61,46.7,46.34,46.44,715600
2023-06-22T13:00:00Z,46.22,46.44,45.57,45.79,1246700
2023-06-22T14:00:00Z,45.75,45.75,45.52,45.64,429400
2023-06-22T15:00:00Z,45.64,45.7,45.51,45.56,365000
2023-06-22T16:00:00Z,45.55,45.7,45.51,45.67,317800
2023-06-22T17:00:00Z,45.66,46.08,45.56,45.96,666900
2023-06-22T18:00:00Z,45.95,45.99,45.81,45.96,417900
2023-06-22T19:00:00Z,45.94,45.97,45.8,45.81,450400
2023-06-23T13:00:00Z,45.95,45.96,45.33,45.64,762600
2023-06-23T14:00:00Z,45.64,45.69,45.12,45.48,915100
2023-06-23T15:00:00Z,45.47,46.09,45.46,45.93,558000
2023-06-23T16:00:00Z,45.92,46,45.65,45.67,649200
2023-06-23T17:00:00Z,45.68,45.84,45.48,45.72,790300
2023-06-23T18:00:00Z,45.71,45.86,45.5,45.77,475600
2023-06-23T19:00:00Z,45.77,45.97,45.72,45.81,578700
2023-06-26T13:00:00Z,46.02,46.35,45.76,46.12,1260200
2023-06-26T14:00:00Z,46.13,46.16,45.67,45.77,631400
2023-06-26T15:00:00Z,45.78,45.87,45.65,45.73,179400
2023-06-26T16:00:00Z,45.73,45.79,45.62,45.73,732600
2023-06-26T17:00:00Z,45.73,45.75,45.64,45.71,252700
2023-06-26T18:00:00Z,45.72,45.81,45.65,45.71,396500
2023-06-26T19:00:00Z,45.71,45.79,45.54,45.64,492900
2023-06-27T13:00:00Z,45.8,45.93,44.94,44.98,1017200
2023-06-27T14:00:00Z,44.97,45.04,44.81,45.02,708800
2023-06-27T15:00:00Z,45,45.02,44.83,44.83,347600
2023-06-27T16:00:00Z,44.83,44.93,44.8,44.86,265100
2023-06-27T17:00:00Z,44.86,44.94,44.82,44.87,265800
2023-06-27T18:00:00Z,44.87,44.92,44.59,44.67,530800
2023-06-27T19:00:00Z,44.67,44.99,44.63,44.78,1150000
2023-06-28T13:00:00Z,44.87,45.66,44.83,45.25,1203100
2023-06-28T14:00:00Z,45.24,45.39,44.65,44.68,874000
2023-06-28T15:00:00Z,44.67,45.03,44.64,44.65,418400
2023-06-28T16:00:00Z,44.66,44.8,44.55,44.58,725100
2023-06-28T17:00:00Z,44.59,44.66,44.42,44.52,581800
2023-06-28T18:00:00Z,44.52,44.53,44.31,44.33,437500
2023-06-28T19:00:00Z,44.33,44.4,44.16,44.18,801700
2023-06-29T13:00:00Z,44.19,44.43,43.92,43.98,357300
2023-06-29T14:00:00Z,43.98,43.98,43.56,43.79,569200
2023-06-29T15:00:00Z,43.79,44.17,43.75,44.14,528100
2023-06-29T16:00:00Z,44.14,44.28,43.9,44.24,580900
2023-06-29T17:00:00Z,44.24,44.24,44.12,44.15,265800
2023-06-29T18:00:00Z,44.15,44.17,43.92,43.99,374800
2023-06-29T19:00:00Z,43.99,44.24,43.95,44.15,1226700
2023-06-30T13:00:00Z,44.3,44.61,43.6,44.16,1228600
2023-06-30T14:00:00Z,44.19,44.23,43.8,43.95,780700
2023-06-30T15:00:00Z,43.93,44.35,43.93,44.33,695700
2023-06-30T16:00:00Z,44.32,44.59,44.22,44.55,389100
2023-06-30T17:00:00Z,44.55,44.55,44.32,44.43,797800
2023-06-30T18:00:00Z,44.44,44.56,44.35,44.46,472000
2023-06-30T19:00:00Z,44.46,44.6,44.25,44.27,586300
2023-07-03T13:00:00Z,44.31,45.49,44.31,45.14,5848100
2023-07-03T14:00:00Z,45.18,45.32,44.82,44.85,750100
2023-07-03T15:00:00Z,44.85,44.99,44.72,44.9,813100
2023-07-03T16:00:00Z,44.9,44.9,44.53,44.74,702900
2023-07-03T17:00:00Z,44.72,44.75,44.44,44.58,1920200
2023-07-03T18:00:00Z,44.6,44.6,44.32,44.38,393700
2023-07-03T19:00:00Z,44.39,44.41,44,44.25,707300
2023-07-04T13:00:00Z,44.2,44.87,43.98,44.26,945600
2023-07-04T14:00:00Z,44.27,44.56,44,44.34,668000
2023-07-04T15:00:00Z,44.35,44.79,44.34,44.55,249600
2023-07-04T16:00:00Z,44.53,44.6,44.22,44.24,368100
2023-07-04T17:00:00Z,44.26,44.55,44.21,44.4,388700
2023-07-04T18:00:00Z,44.38,44.68,44.28,44.41,233200
2023-07-04T19:00:00Z,44.43,44.82,44.4,44.7,303900
2023-07-05T13:00:00Z,44.6,45.16,44.21,44.63,900000
2023-07-05T14:00:00Z,44.6,44.82,44.36,44.39,887900
2023-07-05T15:00:00Z,44.4,44.48,44.24,44.29,373400
2023-07-05T16:00:00Z,44.3,44.46,44.15,44.35,374700
2023-07-05T17:00:00Z,44.37,44.55,44.34,44.5,386700
2023-07-05T18:00:00Z,44.5,44.55,44.25,44.36,467700
2023-07-05T19:00:00Z,44.36,44.66,44.3,44.52,512600
2023-07-06T13:00:00Z,44.19,44.65,44,44.1,527900
2023-07-06T14:00:00Z,44.1,44.4,44,44.19,496800
2023-07-06T15:00:00Z,44.19,44.4,44.12,44.31,306300
2023-07-06T16:00:00Z,44.31,44.39,44.22,44.28,248400
2023-07-06T17:00:00Z,44.27,44.29,44.02,44.03,355200
2023-07-06T18:00:00Z,44.03,44.29,43.84,44.2,616900
2023-07-06T19:00:00Z,44.19,44.32,44.06,44.06,491700
2023-07-07T13:00:00Z,44.1,44.85,44.08,44.78,691500
2023-07-07T14:00:00Z,44.78,45.13,44.69,44.96,892400
2023-07-07T15:00:00Z,44.96,44.99,44.68,44.8,288600
2023-07-07T16:00:00Z,44.8,44.95,44.68,44.79,331200
2023-07-07T17:00:00Z,44.79,44.88,44.65,44.69,284200
2023-07-07T18:00:00Z,44.69,44.7,44.44,44.48,329400
2023-07-07T19:00:00Z,44.48,44.75,44.44,44.69,524300
2023-07-10T13:00:00Z,44.37,44.48,43.92,44.17,401400
2023-07-10T14:00:00Z,44.2,44.34,44.02,44.02,253000
2023-07-10T15:00:00Z,44.02,44.3,44,44.29,250500
2023-07-10T16:00:00Z,44.29,44.35,44.2,44.28,128700
2023-07-10T17:00:00Z,44.28,44.45,44.26,44.36,197700
2023-07-10T18:00:00Z,44.36,44.39,44.19,44.24,317600
2023-07-10T19:00:00Z,44.24,44.28,44.02,44.14,367600
2023-07-11T13:00:00Z,44,44.07,43.68,43.99,480200
2023-07-11T14:00:00Z,43.99,44.26,43.91,43.95,385000
2023-07-11T15:00:00Z,43.95,44.04,43.81,43.93,186100
2023-07-11T16:00:00Z,43.95,44.1,43.91,44.07,135200
2023-07-11T17:00:00Z,44.07,44.14,43.95,44.14,189000
2023-07-11T18:00:00Z,44.15,44.15,43.85,44,618000
2023-07-11T19:00:00Z,44.02,44.11,43.96,44.03,4533400
2023-07-12T13:00:00Z,44.39,44.5,43.91,44.19,403900
2023-07-12T14:00:00Z,44.18,44.39,44.09,44.36,280400
2023-07-12T15:00:00Z,44.34,44.37,44,44.21,248400
2023-07-12T16:00:00Z,44.21,44.35,44.19,44.33,215700
2023-07-12T17:00:00Z,44.32,44.35,44.17,44.29,225800
2023-07-12T18:00:00Z,44.3,44.32,44.2,44.28,175900
2023-07-12T19:00:00Z,44.27,44.31,44.16,44.25,354300
2023-07-13T13:00:00Z,44.32,44.94,44.19,44.93,495400
2023-07-13T14:00:00Z,44.92,44.96,44.46,44.66,555000
2023-07-13T15:00:00Z,44.66,44.73,44.5,44.68,287600
2023-07-13T16:00:00Z,44.69,44.8,44.57,44.77,282600
2023-07-13T17:00:00Z,44.76,44.86,44.73,44.8,353900
2023-07-13T18:00:00Z,44.81,44.81,44.5,44.51,585700
2023-07-13T19:00:00Z,44.51,44.58,44.33,44.42,723800
2023-07-14T13:00:00Z,44.42,44.62,44.15,44.35,330800
2023-07-14T14:00:00Z,44.33,44.54,44.17,44.22,390100
2023-07-14T15:00:00Z,44.23,44.37,44.17,44.33,290600
2023-07-14T16:00:00Z,44.32,44.55,44.29,44.41,395500
2023-07-14T17:00:00Z,44.41,44.66,44.4,44.51,252600
2023-07-14T18:00:00Z,44.51,44.6,44.45,44.5,295200
2023-07-14T19:00:00Z,44.49,44.6,44.4,44.52,417500
2023-07-17T13:00:00Z,44.73,45.09,44.22,44.54,564700
2023-07-17T14:00:00Z,44.51,44.66,44.22,44.31,363700
2023-07-17T15:00:00Z,44.31,44.51,44.25,44.34,1254200
2023-07-17T16:00:00Z,44.35,44.54,44.29,44.46,120400
2023-07-17T17:00:00Z,44.45,44.58,44.36,44.43,178400
2023-07-17T18:00:00Z,44.43,44.44,44.35,44.42,217400
2023-07-17T19:00:00Z,44.41,44.51,44.37,44.37,526000
2023-07-18T13:00:00Z,44.5,44.8,44.3,44.73,278000
2023-07-18T14:00:00Z,44.71,44.75,44.45,44.5,244600
2023-07-18T15:00:00Z,44.5,44.54,44.36,44.48,121000
2023-07-18T16:00:00Z,44.49,44.49,44.34,44.37,173600
2023-07-18T17:00:00Z,44.37,44.39,44.16,44.25,367200
2023-07-18T18:00:00Z,44.26,44.31,44.18,44.21,344500
2023-07-18T19:00:00Z,44.22,44.64,44.2,44.6,746900
2023-07-19T13:00:00Z,44.67,44.67,44.07,44.15,374500
2023-07-19T14:00:00Z,44.14,44.16,43.74,43.85,669700
2023-07-19T15:00:00Z,43.86,43.86,43.35,43.36,518800
2023-07-19T16:00:00Z,43.36,43.61,43.36,43.5,656400
2023-07-19T17:00:00Z,43.5,43.5,43.28,43.31,414800
2023-07-19T18:00:00Z,43.31,43.5,43.28,43.47,418700
2023-07-19T19:00:00Z,43.49,43.71,43.49,43.5,435000
2023-07-20T13:00:00Z,43.55,43.84,43.5,43.78,325700
2023-07-20T14:00:00Z,43.78,43.87,43.58,43.78,335600
2023-07-20T15:00:00Z,43.78,43.97,43.78,43.89,217100
2023-07-20T16:00:00Z,43.9,43.92,43.63,43.7,210500
2023-07-20T17:00:00Z,43.71,43.74,43.56,43.59,203600
2023-07-20T18:00:00Z,43.59,43.67,43.5,43.58,233600
2023-07-20T19:00:00Z,43.59,43.84,43.56,43.65,334200
2023-07-21T13:00:00Z,43.6,43.84,43.29,43.68,591200
2023-07-21T14:00:00Z,43.69,44,43.66,43.93,380200
2023-07-21T15:00:00Z,43.94,44.11,43.94,44.04,269300
2023-07-21T16:00:00Z,44.03,44.09,44.01,44.03,219600
2023-07-21T17:00:00Z,44.04,44.07,43.87,44.01,305900
2023-07-21T18:00:00Z,44,44.07,43.96,43.97,264200
2023-07-21T19:00:00Z,43.99,44.1,43.96,44,305500
2023-07-24T13:00:00Z,43.92,44.14,43.6,43.96,2932100
2023-07-24T14:00:00Z,43.96,44.39,43.83,44.36,275900
2023-07-24T15:00:00Z,44.35,44.52,44.24,44.39,332100
2023-07-24T16:00:00Z,44.4,44.4,44.13,44.23,271400
2023-07-24T17:00:00Z,44.22,44.74,44.21,44.61,534800
2023-07-24T18:00:00Z,44.61,44.95,44.6,44.92,595600
2023-07-24T19:00:00Z,44.91,45.06,44.87,44.96,891200
2023-07-25T13:00:00Z,45.16,45.84,45.02,45.28,847400
2023-07-25T14:00:00Z,45.28,45.49,44.81,44.96,584300
2023-07-25T15:00:00Z,44.98,45.2,44.96,45.12,356900
2023-07-25T16:00:00Z,45.12,45.14,44.95,45,397400
2023-07-25T17:00:00Z,45,45.32,44.99,45.22,321000
2023-07-25T18:00:00Z,45.23,45.34,45.04,45.07,271100
2023-07-25T19:00:00Z,45.08,45.2,44.97,45.04,449100
2023-07-26T13:00:00Z,44.82,46.06,44.82,45.86,1996100
2023-07-26T14:00:00Z,45.86,46.05,45.61,45.75,433700
2023-07-26T15:00:00Z,45.74,45.96,45.65,45.94,400300
2023-07-26T16:00:00Z,45.92,46.24,45.91,46.15,434400
2023-07-26T17:00:00Z,46.15,46.18,45.9,46.03,644300
2023-07-26T18:00:00Z,46.02,46.65,46,46.56,818600
2023-07-26T19:00:00Z,46.55,46.64,46.41,46.52,853300
2023-07-27T13:00:00Z,46.53,46.64,46.3,46.61,330900
2023-07-27T14:00:00Z,46.6,46.88,46.47,46.67,393900
2023-07-27T15:00:00Z,46.66,46.85,46.63,46.76,241500
2023-07-27T16:00:00Z,46.75,46.87,46.66,46.85,218700
2023-07-27T17:00:00Z,46.84,47.03,46.83,46.99,374800
2023-07-27T18:00:00Z,46.99,47.28,46.89,47.22,581800
2023-07-27T19:00:00Z,47.22,47.41,46.99,47.22,880000
2023-07-28T13:00:00Z,47.26,47.28,46.75,46.8,488400
2023-07-28T14:00:00Z,46.79,46.84,46.42,46.62,243600
2023-07-28T15:00:00Z,46.61,46.8,46.61,46.77,236700
2023-07-28T16:00:00Z,46.77,47.2,46.7,47.2,350600
2023-07-28T17:00:00Z,47.2,47.24,46.95,47.15,271700
2023-07-28T18:00:00Z,47.15,47.31,47.06,47.29,352100
2023-07-28T19:00:00Z,47.28,47.3,47.09,47.16,736200
2023-07-31T13:00:00Z,47.39,48.61,47.34,48.39,799700
2023-07-31T14:00:00Z,48.39,48.53,48.15,48.22,481000
2023-07-31T15:00:00Z,48.22,48.4,48.17,48.17,273500
2023-07-31T16:00:00Z,48.17,48.21,47.98,48.13,207100
2023-07-31T17:00:00Z,48.13,48.5,48,48.43,422500
2023-07-31T18:00:00Z,48.43,48.45,48.17,48.17,656600
2023-07-31T19:00:00Z,48.18,48.22,47.99,48.08,868700
2023-08-01T13:00:00Z,48.11,48.7,47.93,48.59,521900
2023-08-01T14:00:00Z,48.59,48.65,48.26,48.42,355700
2023-08-01T15:00:00Z,48.41,48.88,48.41,48.7,461400
2023-08-01T16:00:00Z,48.69,48.74,48.47,48.7,284100
2023-08-01T17:00:00Z,48.69,48.75,48.47,48.63,197200
2023-08-01T18:00:00Z,48.62,48.72,48.43,48.47,281900
2023-08-01T19:00:00Z,48.47,48.54,48.3,48.38,667800
2023-08-02T13:00:00Z,48.37,48.37,47.72,47.93,308300
2023-08-02T14:00:00Z,47.93,48.02,47.76,47.85,330400
2023-08-02T15:00:00Z,47.87,48,47.78,47.78,872800
2023-08-02T16:00:00Z,47.77,47.83,47.67,47.69,179900
2023-08-02T17:00:00Z,47.7,47.86,47.67,47.82,185800
2023-08-02T18:00:00Z,47.82,47.99,47.8,47.9,435300
2023-08-02T19:00:00Z,47.89,48,47.68,47.68,676800
2023-08-03T13:00:00Z,48.4,49.47,48.07,48.83,1540400
2023-08-03T14:00:00Z,48.88,49.94,48.54,49.83,1604000
2023-08-03T15:00:00Z,49.81,50.47,49.81,50.23,814300
2023-08-03T16:00:00Z,50.23,50.29,49.99,50.03,768600
2023-08-03T17:00:00Z,50.04,50.38,49.93,50.13,873900
2023-08-03T18:00:00Z,50.12,50.13,49.83,49.93,991000
2023-08-03T19:00:00Z,49.93,49.97,49.44,49.49,1342600
2023-08-04T13:00:00Z,49.45,50.42,49.25,50.23,620500
2023-08-04T14:00:00Z,50.25,51.11,50.01,51.11,1476700
2023-08-04T15:00:00Z,51.11,51.5,51.05,51.3,900700
2023-08-04T16:00:00Z,51.27,51.36,50.62,50.66,1737200
2023-08-04T17:00:00Z,50.67,50.73,50.1,50.19,999700
2023-08-04T18:00:00Z,50.17,50.25,49.78,50.13,600300
2023-08-04T19:00:00Z,50.12,50.33,50.06,50.15,806600
2023-08-07T13:00:00Z,50.65,50.96,50.33,50.5,652100
2023-08-07T14:00:00Z,50.49,51,50.47,50.74,547900
2023-08-07T15:00:00Z,50.74,50.78,50.24,50.33,532400
2023-08-07T16:00:00Z,50.33,50.38,50.18,50.29,250200
2023-08-07T17:00:00Z,50.29,50.57,50.25,50.52,415700
2023-08-07T18:00:00Z,50.54,50.64,50.37,50.42,258100
2023-08-07T19:00:00Z,50.44,50.52,50.2,50.4,352500
2023-08-08T13:00:00Z,50.49,50.49,49.61,49.75,629200
2023-08-08T14:00:00Z,49.73,49.81,49.53,49.73,493300
2023-08-08T15:00:00Z,49.73,49.94,49.42,49.85,574800
2023-08-08T16:00:00Z,49.85,49.95,49.75,49.88,221800
2023-08-08T17:00:00Z,49.88,49.98,49.67,49.85,383500
2023-08-08T18:00:00Z,49.86,49.94,49.79,49.89,396400
2023-08-08T19:00:00Z,49.89,49.9,49.66,49.71,380100
2023-08-09T13:00:00Z,49.7,49.8,48.9,49.14,625300
2023-08-09T14:00:00Z,49.12,49.18,48.62,48.66,561600
2023-08-09T15:00:00Z,48.65,48.79,48.45,48.78,342300
2023-08-09T16:00:00Z,48.78,48.94,48.7,48.82,291300
2023-08-09T17:00:00Z,48.81,49.03,48.8,48.97,252600
2023-08-09T18:00:00Z,48.96,49.29,48.93,49.23,728300
2023-08-09T19:00:00Z,49.24,49.4,49.19,49.2,793500
2023-08-10T13:00:00Z,49.49,49.92,49.44,49.84,505200
2023-08-10T14:00:00Z,49.83,49.84,49.47,49.67,262500
2023-08-10T15:00:00Z,49.67,49.83,49.45,49.68,639000
2023-08-10T16:00:00Z,49.68,49.7,49.32,49.35,148300
2023-08-10T17:00:00Z,49.34,49.54,49.26,49.44,203900
2023-08-10T18:00:00Z,49.43,49.5,49.22,49.34,189200
2023-08-10T19:00:00Z,49.34,49.38,49.19,49.3,311500
2023-08-11T13:00:00Z,49.45,49.94,49.31,49.87,519900
2023-08-11T14:00:00Z,49.86,50.33,49.75,50.07,1182000
2023-08-11T15:00:00Z,50.09,50.33,49.97,50.07,1528500
2023-08-11T16:00:00Z,50.08,50.4,50.06,50.32,416300
2023-08-11T17:00:00Z,50.3,50.34,50.06,50.23,478900
2023-08-11T18:00:00Z,50.23,50.34,50.1,50.25,658000
2023-08-11T19:00:00Z,50.25,50.29,50.09,50.26,897900
2023-08-14T13:00:00Z,50.47,50.78,49.71,50.6,698400
2023-08-14T14:00:00Z,50.61,51.05,50.57,50.59,488400
2023-08-14T15:00:00Z,50.61,50.75,50.52,50.66,250400
2023-08-14T16:00:00Z,50.65,50.81,50.61,50.68,233700
2023-08-14T17:00:00Z,50.69,50.88,50.56,50.71,497900
2023-08-14T18:00:00Z,50.74,50.88,50.59,50.83,404800
2023-08-14T19:00:00Z,50.83,50.91,50.75,50.91,715500
2023-08-15T13:00:00Z,51.4,51.4,50.43,50.96,297600
2023-08-15T14:00:00Z,50.96,50.99,50.49,50.5,327100
2023-08-15T15:00:00Z,50.5,50.75,50.42,50.45,254900
2023-08-15T16:00:00Z,50.43,50.5,50.3,50.33,231300
2023-08-15T17:00:00Z,50.33,50.44,50.26,50.4,164400
2023-08-15T18:00:00Z,50.39,50.4,50.02,50.11,250300
2023-08-15T19:00:00Z,50.1,50.18,49.83,49.95,548100
2023-08-16T13:00:00Z,50,50.11,49.44,49.79,403500
2023-08-16T14:00:00Z,49.82,50.35,49.75,50.2,729900
2023-08-16T15:00:00Z,50.2,50.35,50.02,50.31,315400
2023-08-16T16:00:00Z,50.27,50.77,50.25,50.63,1454700
2023-08-16T17:00:00Z,50.64,50.74,50.35,50.45,550700
2023-08-16T18:00:00Z,50.45,50.65,50.25,50.4,913400
2023-08-16T19:00:00Z,50.42,50.85,49.93,50,1824300
2023-08-17T13:00:00Z,50.23,50.32,49.82,50.06,449300
2023-08-17T14:00:00Z,50.05,50.63,49.88,50.59,2845500
2023-08-17T15:00:00Z,50.61,50.85,50.43,50.49,790300
2023-08-17T16:00:00Z,50.49,50.65,50.33,50.42,471100
2023-08-17T17:00:00Z,50.42,50.82,50.39,50.75,531900
2023-08-17T18:00:00Z,50.77,50.83,50.46,50.56,713600
2023-08-17T19:00:00Z,50.56,50.66,50.47,50.5,648700
2023-08-18T13:00:00Z,50.6,50.9,50.18,50.35,1439300
2023-08-18T14:00:00Z,50.35,50.54,50.25,50.28,294100
2023-08-18T15:00:00Z,50.29,50.56,50.16,50.53,618300
2023-08-18T16:00:00Z,50.55,50.77,50.51,50.74,379400
2023-08-18T17:00:00Z,50.75,51.5,50.61,51.03,2025800
2023-08-18T18:00:00Z,51.07,51.08,50.62,50.8,456700
2023-08-18T19:00:00Z,50.79,50.91,50.58,50.68,485700
2023-08-21T13:00:00Z,50.61,50.84,50.05,50.66,391400
2023-08-21T14:00:00Z,50.66,50.7,50.36,50.38,359400
2023-08-21T15:00:00Z,50.38,50.44,50.21,50.42,190400
2023-08-21T16:00:00Z,50.41,50.44,50.09,50.14,253900
2023-08-21T17:00:00Z,50.14,50.15,49.94,50,186400
2023-08-21T18:00:00Z,50.01,50.04,49.83,49.91,234700
2023-08-21T19:00:00Z,49.94,50.16,49.89,49.99,449600
2023-08-22T13:00:00Z,50.29,50.38,49.81,49.93,303900
2023-08-22T14:00:00Z,49.93,49.99,49.5,49.86,490000
2023-08-22T15:00:00Z,49.88,50.05,49.73,49.92,220100
2023-08-22T16:00:00Z,49.94,50.02,49.85,49.89,195000
2023-08-22T17:00:00Z,49.91,50.03,49.76,49.81,241200
2023-08-22T18:00:00Z,49.81,49.93,49.7,49.88,239300
2023-08-22T19:00:00Z,49.9,50.03,49.83,49.88,430500
2023-08-23T13:00:00Z,49.83,49.92,49.25,49.69,499400
2023-08-23T14:00:00Z,49.67,49.74,49.5,49.71,342200
2023-08-23T15:00:00Z,49.71,49.84,49.61,49.75,311000
2023-08-23T16:00:00Z,49.76,49.77,49.51,49.53,371900
2023-08-23T17:00:00Z,49.54,49.57,49.23,49.24,476500
2023-08-23T18:00:00Z,49.24,49.33,49.14,49.16,578000
2023-08-23T19:00:00Z,49.15,49.43,49.15,49.36,548300
2023-08-24T13:00:00Z,49.64,49.64,48.96,49.23,442200
2023-08-24T14:00:00Z,49.26,49.26,49.06,49.14,179100
2023-08-24T15:00:00Z,49.15,49.15,48.93,48.96,316400
2023-08-24T16:00:00Z,48.96,49.1,48.93,49.07,211000
2023-08-24T17:00:00Z,49.06,49.09,48.81,48.91,368300
2023-08-24T18:00:00Z,48.91,49.35,48.91,49.32,306100
2023-08-24T19:00:00Z,49.31,49.35,49.2,49.2,437700
2023-08-25T13:00:00Z,49.12,49.75,49.12,49.71,338000
2023-08-25T14:00:00Z,49.67,49.99,49.3,49.33,403100
2023-08-25T15:00:00Z,49.33,49.56,49.27,49.4,268100
2023-08-25T16:00:00Z,49.36,49.53,49.28,49.48,161800
2023-08-25T17:00:00Z,49.46,49.52,49.32,49.43,146100
2023-08-25T18:00:00Z,49.43,49.8,49.37,49.79,332300
2023-08-25T19:00:00Z,49.78,50.13,49.78,49.8,572700
2023-08-28T13:00:00Z,49.86,50.29,49.86,49.95,298400
2023-08-28T14:00:00Z,49.95,50.13,49.62,49.73,414300
2023-08-28T15:00:00Z,49.73,49.81,49.56,49.66,227800
2023-08-28T16:00:00Z,49.68,50.01,49.63,49.94,297400
2023-08-28T17:00:00Z,49.94,50.15,49.91,50.03,360600
2023-08-28T18:00:00Z,50.03,50.27,49.99,50.23,403600
2023-08-28T19:00:00Z,50.23,50.37,50.16,50.2,724200
2023-08-29T13:00:00Z,50.3,50.7,50.3,50.46,202000
2023-08-29T14:00:00Z,50.44,50.82,50.38,50.77,204400
2023-08-29T15:00:00Z,50.75,50.89,50.67,50.86,139800
2023-08-29T16:00:00Z,50.84,50.91,50.75,50.82,132400
2023-08-29T17:00:00Z,50.82,50.99,50.8,50.95,130400
2023-08-29T18:00:00Z,50.96,51.18,50.9,51.1,338900
2023-08-29T19:00:00Z,51.1,51.19,50.99,51.1,441700
2023-08-30T13:00:00Z,51.15,51.65,51.15,51.44,328500
2023-08-30T14:00:00Z,51.42,51.88,51.18,51.26,305100
2023-08-30T15:00:00Z,51.26,51.34,51.07,51.13,242500
2023-08-30T16:00:00Z,51.12,51.17,51.02,51.02,248800
2023-08-30T17:00:00Z,51.01,51.03,50.86,50.91,230400
2023-08-30T18:00:00Z,50.91,50.93,50.73,50.78,272000
2023-08-30T19:00:00Z,50.79,50.84,50.68,50.76,1128800
2023-08-31T13:00:00Z,50.81,51.2,50.77,50.91,285500
2023-08-31T14:00:00Z,50.91,51.06,50.67,50.96,317200
2023-08-31T15:00:00Z,50.96,51.04,50.45,50.45,396300
2023-08-31T16:00:00Z,50.45,50.52,50.3,50.38,273900
2023-08-31T17:00:00Z,50.38,50.47,50.18,50.34,321100
2023-08-31T18:00:00Z,50.31,50.63,50.28,50.45,363300
2023-08-31T19:00:00Z,50.45,50.51,50.29,50.3,548600
2023-09-01T13:00:00Z,50.32,51.33,50.32,51.24,507100
2023-09-01T14:00:00Z,51.22,51.37,51.13,51.26,268900
2023-09-01T15:00:00Z,51.26,51.3,51.12,51.14,430400
2023-09-01T16:00:00Z,51.13,51.25,50.91,50.97,329700
2023-09-01T17:00:00Z,50.97,51.06,50.88,51.06,206200
2023-09-01T18:00:00Z,51.06,51.06,50.91,50.99,792300
2023-09-01T19:00:00Z,51,51.12,50.85,51,349900
2023-09-04T13:00:00Z,50.93,51.17,50.65,51.06,265900
2023-09-04T14:00:00Z,51.06,51.38,51.05,51.37,238300
2023-09-04T15:00:00Z,51.35,51.47,50.79,50.89,562300
2023-09-04T16:00:00Z,50.9,51.06,50.81,51.03,74500
2023-09-04T17:00:00Z,51.03,51.05,50.92,51,93800
2023-09-04T18:00:00Z,51,51.03,50.88,51,125600
2023-09-04T19:00:00Z,50.99,51.19,50.92,51.12,192100
2023-09-05T13:00:00Z,51.05,51.36,50.54,51.34,596000
2023-09-05T14:00:00Z,51.36,51.39,51,51.22,314900
2023-09-05T15:00:00Z,51.24,51.29,51.11,51.17,169100
2023-09-05T16:00:00Z,51.15,51.16,50.97,51.01,244100
2023-09-05T17:00:00Z,51.01,51.01,50.79,50.85,397600
2023-09-05T18:00:00Z,50.85,50.85,50.49,50.54,285100
2023-09-05T19:00:00Z,50.53,50.76,50.44,50.49,318200
2023-09-06T13:00:00Z,50.82,50.98,50.6,50.68,302700
2023-09-06T14:00:00Z,50.7,50.7,50.27,50.31,650900
2023-09-06T15:00:00Z,50.32,50.37,50.03,50.05,306200
2023-09-06T16:00:00Z,50.05,50.17,49.95,50.01,282300
2023-09-06T17:00:00Z,50,50.29,49.95,50.22,263500
2023-09-06T18:00:00Z,50.22,50.25,49.9,49.93,361100
2023-09-06T19:00:00Z,49.92,49.94,49.77,49.78,278400
2023-09-08T13:00:00Z,48.64,48.64,47.48,48.41,2458000
2023-09-08T14:00:00Z,48.41,48.6,48.17,48.43,715600
2023-09-08T15:00:00Z,48.43,48.83,48.36,48.71,857500
2023-09-08T16:00:00Z,48.72,48.97,48.7,48.91,501100
2023-09-08T17:00:00Z,48.91,49.06,48.85,49,337300
2023-09-08T18:00:00Z,49,49.01,48.71,48.75,625800
2023-09-08T19:00:00Z,48.76,48.85,48.63,48.77,538200
2023-09-11T13:00:00Z,48.88,49.36,48.46,49.2,1546100
2023-09-11T14:00:00Z,49.17,50.05,49.13,49.79,962100
2023-09-11T15:00:00Z,49.78,49.94,49.71,49.8,482400
2023-09-11T16:00:00Z,49.8,49.86,49.74,49.82,220900
2023-09-11T17:00:00Z,49.82,49.94,49.76,49.9,234200
2023-09-11T18:00:00Z,49.9,50.18,49.83,50.15,424800
2023-09-11T19:00:00Z,50.13,50.35,50,50.06,1121000
2023-09-12T13:00:00Z,49.96,50.5,49.8,50.46,271200
2023-09-12T14:00:00Z,50.48,50.5,50.29,50.37,259700
2023-09-12T15:00:00Z,50.39,50.44,50.17,50.22,174700
2023-09-12T16:00:00Z,50.25,50.48,50.2,50.4,139100
2023-09-12T17:00:00Z,50.41,50.49,50.33,50.37,197100
2023-09-12T18:00:00Z,50.37,50.45,50.12,50.16,568200
2023-09-12T19:00:00Z,50.16,50.22,50.05,50.22,283000
2023-09-13T13:00:00Z,50.05,50.28,49.84,50.22,297700
2023-09-13T14:00:00Z,50.25,50.33,50,50.16,422600
2023-09-13T15:00:00Z,50.16,50.28,49.67,49.91,866700
2023-09-13T16:00:00Z,49.91,50.15,49.85,50.14,250000
2023-09-13T17:00:00Z,50.15,50.21,49.97,50.15,251000
2023-09-13T18:00:00Z,50.15,50.24,49.97,50.1,278800
2023-09-13T19:00:00Z,50.11,50.58,49.86,50.3,1063500
2023-09-14T13:00:00Z,50.22,50.67,50.09,50.41,755000
2023-09-14T14:00:00Z,50.4,51.14,50.25,51.03,1066500
2023-09-14T15:00:00Z,51.03,51.11,50.77,50.82,561500
2023-09-14T16:00:00Z,50.81,51.06,50.55,50.64,458900
2023-09-14T17:00:00Z,50.65,50.89,50.62,50.8,867600
2023-09-14T18:00:00Z,50.8,51.46,50.74,51.29,981700
2023-09-14T19:00:00Z,51.28,51.45,51.16,51.45,1204300
2023-09-15T13:00:00Z,51.39,52.23,51.08,52.02,1366900
2023-09-15T14:00:00Z,52.02,52.52,51.91,52.06,1438700
2023-09-15T15:00:00Z,52.07,52.32,51.94,52.32,766100
2023-09-15T16:00:00Z,52.32,52.58,52.2,52.37,808200
2023-09-15T17:00:00Z,52.37,52.67,52.24,52.53,1289300
2023-09-15T18:00:00Z,52.53,52.59,52.36,52.56,1312500
2023-09-15T19:00:00Z,52.55,52.58,52.03,52.12,1210300
2023-09-18T13:00:00Z,52.49,52.8,52.11,52.2,651100
2023-09-18T14:00:00Z,52.22,52.26,51.95,52.25,509300
2023-09-18T15:00:00Z,52.25,52.43,52.1,52.32,314900
2023-09-18T16:00:00Z,52.33,52.36,52.02,52.13,319200
2023-09-18T17:00:00Z,52.14,52.14,51.92,52.05,355600
2023-09-18T18:00:00Z,52.04,52.18,51.99,52,218100
2023-09-18T19:00:00Z,52,52.02,51.8,52,486000
2023-09-19T13:00:00Z,52.05,52.25,51.59,52.01,404300
2023-09-19T14:00:00Z,52,52.22,51.85,52,399800
2023-09-19T15:00:00Z,52,52.12,51.94,52.09,360900
2023-09-19T16:00:00Z,52.09,52.13,51.95,52.04,275100
2023-09-19T17:00:00Z,52.03,52.44,52.03,52.41,503000
2023-09-19T18:00:00Z,52.4,52.65,52.35,52.62,405300
2023-09-19T19:00:00Z,52.62,52.79,52.49,52.76,1194700
2023-09-20T13:00:00Z,52.78,54.6,52.76,54.5,2940500
2023-09-20T14:00:00Z,54.53,54.73,54.32,54.46,1497100
2023-09-20T15:00:00Z,54.45,54.8,54.18,54.25,1770700
2023-09-20T16:00:00Z,54.27,54.54,54.07,54.53,1099500
2023-09-20T17:00:00Z,54.52,54.65,54.29,54.61,1288500
2023-09-20T18:00:00Z,54.59,54.67,54.45,54.59,1113700
2023-09-20T19:00:00Z,54.58,54.92,54.53,54.82,1670100
2023-09-21T13:00:00Z,54.6,55.85,54.4,55.28,5752800
2023-09-21T14:00:00Z,55.26,55.58,55.14,55.26,4325200
2023-09-21T15:00:00Z,55.27,55.72,55.22,55.65,1947300
2023-09-21T16:00:00Z,55.65,55.68,55.42,55.5,2065500
2023-09-21T17:00:00Z,55.51,56.35,55.45,56.34,1253800
2023-09-21T18:00:00Z,56.35,56.55,56.2,56.37,4939600
2023-09-21T19:00:00Z,56.36,56.38,55.94,56.01,2850200
2023-09-22T13:00:00Z,56.27,56.9,55.5,55.93,1199600
2023-09-22T14:00:00Z,55.95,56.1,55.57,55.66,703400
2023-09-22T15:00:00Z,55.66,56,55.58,55.82,327100
2023-09-22T16:00:00Z,55.82,56.16,55.76,55.88,426200
2023-09-22T17:00:00Z,55.89,56.05,55.64,55.7,385100
2023-09-22T18:00:00Z,55.69,55.69,55.27,55.33,565600
2023-09-22T19:00:00Z,55.28,55.63,55.22,55.35,868700
2023-09-25T13:00:00Z,55.55,56.04,55.11,55.34,2145200
2023-09-25T14:00:00Z,55.37,55.42,55,55.1,483900
2023-09-25T15:00:00Z,55.1,55.42,55.07,55.14,476200
2023-09-25T16:00:00Z,55.15,55.42,55.08,55.36,298200
2023-09-25T17:00:00Z,55.37,55.55,55.34,55.47,237800
2023-09-25T18:00:00Z,55.45,55.58,55.24,55.24,308600
2023-09-25T19:00:00Z,55.25,55.48,55.19,55.27,597700
2023-09-26T13:00:00Z,55.26,55.29,54.36,54.5,2156400
2023-09-26T14:00:00Z,54.51,54.63,54.16,54.44,581900
2023-09-26T15:00:00Z,54.45,54.57,54.03,54.4,681700
2023-09-26T16:00:00Z,54.4,54.5,54.32,54.34,664400
2023-09-26T17:00:00Z,54.34,54.34,54.05,54.14,642900
2023-09-26T18:00:00Z,54.14,54.27,54,54.26,504100
2023-09-26T19:00:00Z,54.25,54.54,54.04,54.47,1467400
2023-09-27T13:00:00Z,54.75,54.79,53.8,54.1,637800
2023-09-27T14:00:00Z,54.12,54.33,53.82,54.28,379600
2023-09-27T15:00:00Z,54.3,54.53,53.92,53.99,523500
2023-09-27T16:00:00Z,53.99,54.09,53.87,53.97,641400
2023-09-27T17:00:00Z,53.97,54.28,53.94,54.19,840400
2023-09-27T18:00:00Z,54.14,54.23,53.93,54.13,1090900
2023-09-27T19:00:00Z,54.14,54.23,53.72,53.75,1171800
2023-09-28T13:00:00Z,54.07,54.43,53.14,53.22,611200
2023-09-28T14:00:00Z,53.21,53.75,53.21,53.36,863100
2023-09-28T15:00:00Z,53.36,53.61,53.34,53.53,544300
2023-09-28T16:00:00Z,53.54,53.62,53.42,53.52,512000
2023-09-28T17:00:00Z,53.5,53.54,53.23,53.28,554500
2023-09-28T18:00:00Z,53.28,53.46,53.18,53.4,683900
2023-09-28T19:00:00Z,53.41,53.91,53.35,53.83,1276200
2023-09-29T13:00:00Z,55,55.1,54.17,54.28,2478600
2023-09-29T14:00:00Z,54.28,54.44,54.05,54.23,313700
2023-09-29T15:00:00Z,54.23,54.31,53.98,54.25,441100
2023-09-29T16:00:00Z,54.25,54.71,54.24,54.68,310500
2023-09-29T17:00:00Z,54.67,54.71,54.28,54.3,276500
2023-09-29T18:00:00Z,54.29,54.38,54.11,54.19,283000
2023-09-29T19:00:00Z,54.19,54.28,54.04,54.08,559700
2023-10-02T13:00:00Z,54.1,54.59,53.88,53.89,209500
2023-10-02T14:00:00Z,53.94,54.23,53.9,54.2,321400
2023-10-02T15:00:00Z,54.19,54.43,54.08,54.14,238600
2023-10-02T16:00:00Z,54.13,54.38,54.06,54.36,127200
2023-10-02T17:00:00Z,54.36,54.37,54.08,54.09,207000
2023-10-02T18:00:00Z,54.11,54.23,54.03,54.19,322100
2023-10-02T19:00:00Z,54.19,54.24,54.07,54.2,335600
2023-10-03T13:00:00Z,55.57,56.15,55.2,55.56,1549900
2023-10-03T14:00:00Z,55.57,55.61,54.94,55.08,956200
2023-10-03T15:00:00Z,55.09,55.55,55.01,55.24,397100
2023-10-03T16:00:00Z,55.24,55.42,55.01,55.04,430700
2023-10-03T17:00:00Z,55.04,55.45,55,55.29,819200
2023-10-03T18:00:00Z,55.29,55.38,54.94,54.99,888300
2023-10-03T19:00:00Z,54.99,55.17,54.96,55.04,1085900
2023-10-04T13:00:00Z,55.17,55.96,54.99,55.5,1372100
2023-10-04T14:00:00Z,55.5,55.68,55.38,55.47,484300
2023-10-04T15:00:00Z,55.46,55.56,55.18,55.5,572100
2023-10-04T16:00:00Z,55.49,55.52,55.18,55.22,693800
2023-10-04T17:00:00Z,55.22,55.23,54.75,54.91,412500
2023-10-04T18:00:00Z,54.91,54.93,54.65,54.9,585200
2023-10-04T19:00:00Z,54.89,55.16,54.76,55.07,636500
2023-10-05T13:00:00Z,55.04,55.15,54.57,55.11,660400
2023-10-05T14:00:00Z,55.09,55.2,54.7,54.7,465300
2023-10-05T15:00:00Z,54.7,54.84,54.54,54.79,248300
2023-10-05T16:00:00Z,54.75,54.9,54.67,54.87,296900
2023-10-05T17:00:00Z,54.87,55.04,54.84,54.94,176200
2023-10-05T18:00:00Z,54.95,55.44,54.95,55.43,408900
2023-10-05T19:00:00Z,55.43,55.47,55.11,55.26,681900
2023-10-06T13:00:00Z,55.01,55.91,54.9,54.94,728000
2023-10-06T14:00:00Z,54.92,55.68,54.9,55.6,1362100
2023-10-06T15:00:00Z,55.6,56.08,55.33,56.06,1136400
2023-10-06T16:00:00Z,56.06,56.28,55.95,56.22,551000
2023-10-06T17:00:00Z,56.23,56.27,56.05,56.15,347400
2023-10-06T18:00:00Z,56.16,56.37,56.05,56.29,814800
2023-10-06T19:00:00Z,56.29,56.37,56.15,56.35,927400
2023-10-09T13:00:00Z,56.03,56.23,55.7,55.85,811100
2023-10-09T14:00:00Z,55.84,56.17,55.74,56.04,683200
2023-10-09T15:00:00Z,56.03,56.23,55.94,56.09,912800
2023-10-09T16:00:00Z,56.09,56.28,56.09,56.25,370800
2023-10-09T17:00:00Z,56.25,56.44,56.1,56.35,443400
2023-10-09T18:00:00Z,56.34,56.55,56.3,56.48,931900
2023-10-09T19:00:00Z,56.48,56.76,56.42,56.7,744400
2023-10-10T13:00:00Z,56.46,56.69,56.33,56.57,783600
2023-10-10T14:00:00Z,56.57,56.66,56.3,56.5,1253400
2023-10-10T15:00:00Z,56.49,56.73,56.4,56.65,1391500
2023-10-10T16:00:00Z,56.65,56.85,56.46,56.83,185000
2023-10-10T17:00:00Z,56.83,56.83,56.62,56.66,196300
2023-10-10T18:00:00Z,56.65,56.89,56.59,56.84,245300
2023-10-10T19:00:00Z,56.84,56.84,56.53,56.62,810100
2023-10-11T13:00:00Z,56.47,56.7,56.34,56.44,654700
2023-10-11T14:00:00Z,56.43,56.5,56.22,56.42,511500
2023-10-11T15:00:00Z,56.42,56.46,56.27,56.34,394800
2023-10-11T16:00:00Z,56.33,56.45,56.2,56.27,375500
2023-10-11T17:00:00Z,56.28,56.45,56.13,56.32,444200
2023-10-11T18:00:00Z,56.32,56.55,56.28,56.4,311100
2023-10-11T19:00:00Z,56.39,56.74,56.35,56.65,395800
2023-10-13T13:00:00Z,57.35,59.05,57.35,58.29,3344100
2023-10-13T14:00:00Z,58.29,58.64,58.15,58.2,1832200
2023-10-13T15:00:00Z,58.2,58.3,57.86,58.1,2104300
2023-10-13T16:00:00Z,58.09,58.27,58.03,58.13,1850300
2023-10-13T17:00:00Z,58.12,58.19,57.84,58.02,1318200
2023-10-13T18:00:00Z,58.02,58.33,58,58.31,974000
2023-10-13T19:00:00Z,58.3,58.49,58.15,58.39,1630600
2023-10-16T13:00:00Z,58.56,58.61,57.52,57.75,988200
2023-10-16T14:00:00Z,57.76,57.79,57.44,57.57,623100
2023-10-16T15:00:00Z,57.57,57.62,57.28,57.41,437300
2023-10-16T16:00:00Z,57.4,57.68,57.4,57.64,2846300
2023-10-16T17:00:00Z,57.62,57.74,57.55,57.58,961000
2023-10-16T18:00:00Z,57.56,57.58,57.19,57.42,656300
2023-10-16T19:00:00Z,57.4,57.64,57.4,57.43,1076500
2023-10-17T13:00:00Z,57.3,57.32,56.27,56.72,1329900
2023-10-17T14:00:00Z,56.71,58.5,56.5,57.53,3136000
2023-10-17T15:00:00Z,57.53,57.62,57.28,57.47,1039500
2023-10-17T16:00:00Z,57.47,57.72,57.43,57.55,698200
2023-10-17T17:00:00Z,57.55,57.58,57.14,57.31,680000
2023-10-17T18:00:00Z,57.31,57.45,57.08,57.2,786300
2023-10-17T19:00:00Z,57.22,57.88,57.15,57.3,2905700
2023-10-18T13:00:00Z,57.18,57.4,56.33,56.9,1036400
2023-10-18T14:00:00Z,56.91,57.1,56.5,56.69,644100
2023-10-18T15:00:00Z,56.68,56.79,56.44,56.48,628400
2023-10-18T16:00:00Z,56.49,56.57,56.11,56.12,492600
2023-10-18T17:00:00Z,56.13,56.27,55.76,56.01,943000
2023-10-18T18:00:00Z,56.03,56.21,55.85,56,696700
2023-10-18T19:00:00Z,56.01,56.02,55.63,55.88,911300
2023-10-19T13:00:00Z,56.12,56.58,55.69,55.91,430400
2023-10-19T14:00:00Z,55.91,56.05,55.7,56.05,278400
2023-10-19T15:00:00Z,56.01,56.17,55.82,55.88,221800
2023-10-19T16:00:00Z,55.88,56.34,55.84,56.32,499000
2023-10-19T17:00:00Z,56.33,56.42,56.03,56.13,349500
2023-10-19T18:00:00Z,56.11,56.27,55.83,56.18,590900
2023-10-19T19:00:00Z,56.19,56.25,55.89,56.21,548800
2023-10-20T13:00:00Z,55.64,55.89,55.11,55.4,664100
2023-10-20T14:00:00Z,55.4,55.46,54.79,54.81,782700
2023-10-20T15:00:00Z,54.79,54.91,54.45,54.61,956200
2023-10-20T16:00:00Z,54.62,54.82,54.52,54.54,702900
2023-10-20T17:00:00Z,54.54,54.87,54.48,54.81,1200300
2023-10-20T18:00:00Z,54.81,55.05,54.75,54.99,1716400
2023-10-20T19:00:00Z,55,55.18,54.83,55.09,839600
2023-10-23T13:00:00Z,54.54,55.07,54.54,54.62,1027000
2023-10-23T14:00:00Z,54.63,54.7,54.34,54.37,633100
2023-10-23T15:00:00Z,54.37,54.49,54.21,54.29,293100
2023-10-23T16:00:00Z,54.28,54.47,54.13,54.4,317000
2023-10-23T17:00:00Z,54.39,54.56,54.3,54.37,350200
2023-10-23T18:00:00Z,54.34,54.45,53.97,54.2,417700
2023-10-23T19:00:00Z,54.19,54.38,54.15,54.21,1233800
2023-10-24T13:00:00Z,53.64,53.65,51.94,52.85,2797600
2023-10-24T14:00:00Z,52.85,52.98,52.52,52.85,2167300
2023-10-24T15:00:00Z,52.83,52.89,52.26,52.33,1045700
2023-10-24T16:00:00Z,52.31,52.34,51.91,52.02,821800
2023-10-24T17:00:00Z,52.02,52.25,51.88,52.17,1002800
2023-10-24T18:00:00Z,52.18,52.53,52.12,52.46,1085500
2023-10-24T19:00:00Z,52.45,52.71,52.4,52.67,2156300
2023-10-25T13:00:00Z,52.29,52.93,52.26,52.73,1009000
2023-10-25T14:00:00Z,52.72,53.28,52.66,53.23,867700
2023-10-25T15:00:00Z,53.22,53.23,52.8,52.88,485800
2023-10-25T16:00:00Z,52.89,53.09,52.65,52.98,539000
2023-10-25T17:00:00Z,52.97,53.04,52.7,52.76,467100
2023-10-25T18:00:00Z,52.77,52.86,52.56,52.62,373800
2023-10-25T19:00:00Z,52.63,52.7,52.47,52.68,654300
2023-10-26T13:00:00Z,53.16,53.27,51.99,52.03,872100
2023-10-26T14:00:00Z,52.03,52.31,51.8,52.24,699900
2023-10-26T15:00:00Z,52.25,52.65,52.2,52.26,630700
2023-10-26T16:00:00Z,52.27,52.3,52.17,52.26,345700
2023-10-26T17:00:00Z,52.27,52.51,52.24,52.44,485700
2023-10-26T18:00:00Z,52.45,52.86,52.45,52.73,693600
2023-10-26T19:00:00Z,52.73,52.84,52.43,52.71,780900
2023-10-27T13:00:00Z,52.9,53.54,51.93,52.16,3655700
2023-10-27T14:00:00Z,52.15,52.23,51.73,52.19,997200
2023-10-27T15:00:00Z,52.18,52.5,51.87,51.95,13597500
2023-10-27T16:00:00Z,51.95,51.99,51.25,51.49,1248800
2023-10-27T17:00:00Z,51.51,52.15,51.46,52,1273900
2023-10-27T18:00:00Z,52.01,52.01,51.82,51.93,699600
2023-10-27T19:00:00Z,51.93,52.24,51.92,52.09,1031100
2023-10-30T13:00:00Z,52.06,52.38,51.61,52.2,538500
2023-10-30T14:00:00Z,52.2,52.3,52.05,52.13,415500
2023-10-30T15:00:00Z,52.11,52.18,51.64,51.84,433800
2023-10-30T16:00:00Z,51.84,51.88,51.42,51.57,389200
2023-10-30T17:00:00Z,51.58,51.89,51.54,51.64,496400
2023-10-30T18:00:00Z,51.64,51.68,51.39,51.6,623000
2023-10-30T19:00:00Z,51.6,51.72,51.4,51.6,1444500
2023-10-31T13:00:00Z,51.7,52.31,51.7,52.15,881600
2023-10-31T14:00:00Z,52.16,52.56,52.07,52.53,754100
2023-10-31T15:00:00Z,52.53,52.7,52.4,52.64,535000
2023-10-31T16:00:00Z,52.63,52.74,52.4,52.5,1261600
2023-10-31T17:00:00Z,52.51,52.54,52.1,52.23,860600
2023-10-31T18:00:00Z,52.23,52.52,51.81,51.93,896500
2023-10-31T19:00:00Z,51.93,51.95,51.5,51.64,1228000
2023-11-01T13:00:00Z,51.43,51.84,51.3,51.75,475900
2023-11-01T14:00:00Z,51.74,51.89,51.48,51.74,582700
2023-11-01T15:00:00Z,51.73,51.83,51.46,51.59,480000
2023-11-01T16:00:00Z,51.59,51.75,51.43,51.67,219800
2023-11-01T17:00:00Z,51.68,51.8,51.6,51.72,286500
2023-11-01T18:00:00Z,51.72,51.76,51.44,51.57,329000
2023-11-01T19:00:00Z,51.57,51.81,51.51,51.63,932000
2023-11-03T13:00:00Z,51.3,51.64,50.41,50.89,1920700
2023-11-03T14:00:00Z,50.89,51.23,50.89,51.11,798800
2023-11-03T15:00:00Z,51.12,51.37,51,51.23,7218900
2023-11-03T16:00:00Z,51.23,51.26,51.14,51.2,696400
2023-11-03T17:00:00Z,51.2,51.48,51.16,51.45,633900
2023-11-03T18:00:00Z,51.44,51.54,51.35,51.48,631000
2023-11-03T19:00:00Z,51.47,51.48,51.18,51.32,1009400
2023-11-06T13:00:00Z,51.43,51.8,51.38,51.54,413400
2023-11-06T14:00:00Z,51.59,52.25,51.58,52.11,683600
2023-11-06T15:00:00Z,52.12,52.28,52.02,52.1,512200
2023-11-06T16:00:00Z,52.09,52.23,51.84,51.91,305400
2023-11-06T17:00:00Z,51.9,51.93,51.78,51.84,367400
2023-11-06T18:00:00Z,51.84,51.9,51.64,51.76,405400
2023-11-06T19:00:00Z,51.76,51.88,51.68,51.82,473200
2023-11-06T20:00:00Z,51.82,51.85,51.65,51.75,852800
2023-11-07T13:00:00Z,51.49,52.85,51.47,52.84,3415600
2023-11-07T14:00:00Z,52.84,52.86,52.37,52.44,759500
2023-11-07T15:00:00Z,52.45,52.46,51.99,52.24,743400
2023-11-07T16:00:00Z,52.24,52.24,51.85,52.01,331200
2023-11-07T17:00:00Z,52.03,52.16,51.9,52.04,358300
2023-11-07T18:00:00Z,52.04,52.23,51.99,52.21,465700
2023-11-07T19:00:00Z,52.22,52.31,52.11,52.16,412000
2023-11-07T20:00:00Z,52.18,52.19,52.04,52.05,500300
2023-11-08T13:00:00Z,52.18,52.66,52.09,52.62,362800
2023-11-08T14:00:00Z,52.61,52.88,52.38,52.63,695600
2023-11-08T15:00:00Z,52.64,52.79,52.39,52.49,387700
2023-11-08T16:00:00Z,52.49,52.69,52.45,52.54,271200
2023-11-08T17:00:00Z,52.54,53.14,52.46,53.07,939800
2023-11-08T18:00:00Z,53.06,53.69,53.03,53.58,1039700
2023-11-08T19:00:00Z,53.58,53.89,53.55,53.74,635200
2023-11-08T20:00:00Z,53.73,53.82,53.62,53.68,614600
2023-11-09T13:00:00Z,53.6,53.79,52.88,53.22,674600
2023-11-09T14:00:00Z,53.22,53.63,53.17,53.49,957900
2023-11-09T15:00:00Z,53.49,53.5,53.1,53.44,488800
2023-11-09T16:00:00Z,53.44,53.63,53.33,53.45,231300
2023-11-09T17:00:00Z,53.44,53.53,53.32,53.39,173700
2023-11-09T18:00:00Z,53.39,53.65,53.31,53.61,367600
2023-11-09T19:00:00Z,53.6,53.7,53.38,53.53,436800
2023-11-09T20:00:00Z,53.52,53.75,53.45,53.63,592200
2023-11-10T13:00:00Z,53.6,54.28,53.41,53.88,270600
2023-11-10T14:00:00Z,53.87,54.3,53.79,53.99,529100
2023-11-10T15:00:00Z,53.99,54.44,53.99,54.25,412100
2023-11-10T16:00:00Z,54.25,54.49,54.21,54.43,495500
2023-11-10T17:00:00Z,54.43,54.79,54.41,54.67,386200
2023-11-10T18:00:00Z,54.69,54.88,54.54,54.77,534600
2023-11-10T19:00:00Z,54.78,54.89,54.41,54.46,443900
2023-11-10T20:00:00Z,54.47,54.78,54.43,54.58,550200
2023-11-13T13:00:00Z,54.5,55.12,54.45,54.64,348500
2023-11-13T14:00:00Z,54.62,54.66,53.95,54.08,417100
2023-11-13T15:00:00Z,54.07,54.18,53.59,53.78,578100
2023-11-13T16:00:00Z,53.78,53.92,53.75,53.83,372300
2023-11-13T17:00:00Z,53.82,54.1,53.79,54.07,276400
2023-11-13T18:00:00Z,54.07,54.34,54.07,54.15,321300
2023-11-13T19:00:00Z,54.15,54.26,54.07,54.2,359400
2023-11-13T20:00:00Z,54.2,54.22,54.1,54.17,402100
2023-11-14T13:00:00Z,54.08,54.43,53.27,53.54,3653200
2023-11-14T14:00:00Z,53.54,53.64,53.24,53.38,1149400
2023-11-14T15:00:00Z,53.37,53.4,52.5,52.66,1214500
2023-11-14T16:00:00Z,52.66,52.97,52.56,52.74,612000
2023-11-14T17:00:00Z,52.74,52.99,52.61,52.82,745000
2023-11-14T18:00:00Z,52.82,52.93,52.65,52.65,720300
2023-11-14T19:00:00Z,52.65,52.81,52.6,52.75,707300
2023-11-14T20:00:00Z,52.76,52.99,52.75,52.88,910500
2023-11-16T13:00:00Z,52.83,52.99,52.53,52.92,3229300
2023-11-16T14:00:00Z,52.9,53.57,52.72,53.08,716200
2023-11-16T15:00:00Z,53.08,53.34,52.75,53.33,731700
2023-11-16T16:00:00Z,53.32,53.34,52.93,53.11,345500
2023-11-16T17:00:00Z,53.11,53.3,53.08,53.2,260600
2023-11-16T18:00:00Z,53.19,53.4,53.15,53.25,467900
2023-11-16T19:00:00Z,53.25,53.41,53.04,53.36,595500
2023-11-16T20:00:00Z,53.37,53.37,53.05,53.2,681900
2023-11-17T13:00:00Z,53.48,53.76,53.18,53.44,329500
2023-11-17T14:00:00Z,53.44,53.9,53.35,53.9,2317100
2023-11-17T15:00:00Z,53.91,54.22,53.62,53.87,975600
2023-11-17T16:00:00Z,53.9,53.98,53.59,53.64,421400
2023-11-17T17:00:00Z,53.64,53.69,53.37,53.37,434000
2023-11-17T18:00:00Z,53.37,53.6,53.3,53.37,1952500
2023-11-17T19:00:00Z,53.39,53.45,53.09,53.13,657900
2023-11-17T20:00:00Z,53.12,53.29,52.97,52.98,1232900
2023-11-20T13:00:00Z,53.59,53.71,52.68,53.36,900700
2023-11-20T14:00:00Z,53.43,53.48,52.88,52.89,511700
2023-11-20T15:00:00Z,52.94,53.05,52.77,52.86,416300
2023-11-20T16:00:00Z,52.87,52.88,52.6,52.65,395400
2023-11-20T17:00:00Z,52.68,52.76,52.52,52.59,343200
2023-11-20T18:00:00Z,52.62,52.69,52.52,52.58,461300
2023-11-20T19:00:00Z,52.58,52.81,52.46,52.7,525500
2023-11-20T20:00:00Z,52.71,52.91,52.68,52.9,520500
2023-11-21T13:00:00Z,52.65,53.48,52.57,52.93,607600
2023-11-21T14:00:00Z,52.93,53.13,52.66,52.8,319000
2023-11-21T15:00:00Z,52.8,52.95,52.69,52.91,248700
2023-11-21T16:00:00Z,52.9,52.93,52.75,52.8,168900
2023-11-21T17:00:00Z,52.8,53.08,52.72,52.81,350600
2023-11-21T18:00:00Z,52.81,53.06,52.8,52.91,447700
2023-11-21T19:00:00Z,52.91,53.13,52.83,52.88,386000
2023-11-21T20:00:00Z,52.89,52.99,52.8,52.99,406700
2023-11-22T13:00:00Z,53,53.33,52.75,53.15,502000
2023-11-22T14:00:00Z,53.16,53.26,53,53.08,317200
2023-11-22T15:00:00Z,53.08,53.17,52.95,53.13,245600
2023-11-22T16:00:00Z,53.14,53.33,53.12,53.28,216900
2023-11-22T17:00:00Z,53.29,53.32,53.11,53.22,148500
2023-11-22T18:00:00Z,53.23,53.3,53.17,53.29,236900
2023-11-22T19:00:00Z,53.29,53.39,53.17,53.26,248000
2023-11-22T20:00:00Z,53.28,53.38,53.16,53.38,225000
2023-11-23T13:00:00Z,53.28,53.8,53.21,53.8,127700
2023-11-23T14:00:00Z,53.78,54.12,53.64,53.93,227400
2023-11-23T15:00:00Z,53.93,53.99,53.58,53.58,153800
2023-11-23T16:00:00Z,53.57,53.68,53.5,53.58,69800
2023-11-23T17:00:00Z,53.55,53.65,53.5,53.64,61800
2023-11-23T18:00:00Z,53.63,53.76,53.58,53.74,81700
2023-11-23T19:00:00Z,53.72,54.03,53.7,53.78,199700
2023-11-23T20:00:00Z,53.77,53.92,53.72,53.87,142800
2023-11-24T13:00:00Z,53.76,54.12,53.6,53.71,302700
2023-11-24T14:00:00Z,53.7,53.73,53.03,53.06,440100
2023-11-24T15:00:00Z,53.06,53.27,53,53.22,233400
2023-11-24T16:00:00Z,53.24,53.27,53.1,53.23,230500
2023-11-24T17:00:00Z,53.22,53.45,53.21,53.37,224200
2023-11-24T18:00:00Z,53.36,53.38,53.23,53.28,205100
2023-11-24T19:00:00Z,53.31,53.36,53.28,53.35,126100
2023-11-24T20:00:00Z,53.35,53.57,53.28,53.43,294200
2023-11-27T13:00:00Z,53.67,53.83,53.4,53.55,171400
2023-11-27T14:00:00Z,53.58,54.1,53.55,53.82,473400
2023-11-27T15:00:00Z,53.82,53.83,53.59,53.65,254900
2023-11-27T16:00:00Z,53.64,53.79,53.51,53.76,225300
2023-11-27T17:00:00Z,53.76,53.8,53.5,53.7,238700
2023-11-27T18:00:00Z,53.69,53.83,53.64,53.81,309700
2023-11-27T19:00:00Z,53.81,53.87,53.59,53.65,341600
2023-11-27T20:00:00Z,53.65,53.79,53.54,53.79,477100
2023-11-28T13:00:00Z,53.73,54.05,53.32,53.65,204800
2023-11-28T14:00:00Z,53.66,53.76,52.93,53.06,620400
2023-11-28T15:00:00Z,53.07,53.38,53.06,53.28,222500
2023-11-28T16:00:00Z,53.27,53.49,53.15,53.42,249000
2023-11-28T17:00:00Z,53.43,53.45,53.14,53.16,200100
2023-11-28T18:00:00Z,53.15,53.2,53.06,53.1,265600
2023-11-28T19:00:00Z,53.1,53.11,52.89,53.07,301600
2023-11-28T20:00:00Z,53.07,53.28,53.03,53.2,378600
2023-11-29T13:00:00Z,53.6,53.6,52.84,53.01,407400
2023-11-29T14:00:00Z,53.01,53.32,52.9,53.29,684600
2023-11-29T15:00:00Z,53.3,53.66,53.09,53.61,731800
2023-11-29T16:00:00Z,53.62,53.76,53.53,53.74,329900
2023-11-29T17:00:00Z,53.74,53.9,53.74,53.87,507400
2023-11-29T18:00:00Z,53.86,53.97,53.84,53.95,408000
2023-11-29T19:00:00Z,53.94,54.09,53.86,53.89,332300
2023-11-29T20:00:00Z,53.92,54.25,53.89,54.04,528300
2023-11-30T13:00:00Z,54.26,54.54,52.63,52.99,1281500
2023-11-30T14:00:00Z,53,53.25,52.56,52.56,857200
2023-11-30T15:00:00Z,52.57,52.73,52.43,52.57,668600
2023-11-30T16:00:00Z,52.57,53.2,52.5,53.11,884500
2023-11-30T17:00:00Z,53.12,53.44,53.06,53.24,616800
2023-11-30T18:00:00Z,53.24,53.4,53.24,53.36,438900
2023-11-30T19:00:00Z,53.35,53.69,53.31,53.57,747500
2023-11-30T20:00:00Z,53.57,53.59,53.39,53.48,624800
2023-12-01T13:00:00Z,53.4,53.87,52.35,52.36,1780300
2023-12-01T14:00:00Z,52.36,52.52,52.01,52.18,1296000
2023-12-01T15:00:00Z,52.18,52.28,51.37,52.07,5886400
2023-12-01T16:00:00Z,52.07,52.36,51.86,52.22,795100
2023-12-01T17:00:00Z,52.22,52.32,51.83,52.14,3271100
2023-12-01T18:00:00Z,52.14,52.23,52.04,52.16,1647400
2023-12-01T19:00:00Z,52.16,52.43,52.11,52.27,633900
2023-12-01T20:00:00Z,52.26,52.38,51.83,51.85,2260300
2023-12-04T13:00:00Z,51.8,52.45,51.8,52.23,943900
2023-12-04T14:00:00Z,52.21,52.26,51.93,52,558100
2023-12-04T15:00:00Z,51.99,52.06,51.89,51.95,460600
2023-12-04T16:00:00Z,51.91,52,51.76,51.89,820700
2023-12-04T17:00:00Z,51.89,52.07,51.86,52,480000
2023-12-04T18:00:00Z,52,52.26,51.94,52.17,656100
2023-12-04T19:00:00Z,52.18,52.2,51.96,52.07,787500
2023-12-04T20:00:00Z,52.07,52.07,51.9,51.9,834100
2023-12-05T13:00:00Z,51.9,52.04,51.71,51.8,5291600
2023-12-05T14:00:00Z,51.8,51.89,51.68,51.81,7610800
2023-12-05T15:00:00Z,51.77,51.9,51.42,51.53,740400
2023-12-05T16:00:00Z,51.52,51.56,51.33,51.5,377500
2023-12-05T17:00:00Z,51.49,51.57,51.25,51.42,389600
2023-12-05T18:00:00Z,51.41,51.67,51.36,51.6,412500
2023-12-05T19:00:00Z,51.61,51.74,51.55,51.59,494600
2023-12-05T20:00:00Z,51.58,51.62,51.37,51.44,592100
2023-12-06T13:00:00Z,51.4,51.55,51.03,51.39,5173300
2023-12-06T14:00:00Z,51.37,51.65,51.11,51.11,2210700
2023-12-06T15:00:00Z,51.12,51.66,51.11,51.66,2179700
2023-12-06T16:00:00Z,51.66,51.84,51.45,51.48,1999400
2023-12-06T17:00:00Z,51.47,51.47,51.2,51.2,364500
2023-12-06T18:00:00Z,51.2,51.55,51.19,51.48,2487800
2023-12-06T19:00:00Z,51.48,51.51,51.3,51.34,297300
2023-12-06T20:00:00Z,51.33,51.36,51.02,51.13,985500
2023-12-07T13:00:00Z,51.01,51.59,50.91,51.03,5912600
2023-12-07T14:00:00Z,51.01,51.1,50.67,50.72,564700
2023-12-07T15:00:00Z,50.71,51.12,50.7,51.06,478300
2023-12-07T16:00:00Z,51.06,51.14,50.75,51.04,402400
2023-12-07T17:00:00Z,51.04,51.18,50.91,51.07,677100
2023-12-07T18:00:00Z,51.07,51.12,50.95,50.97,274300
2023-12-07T19:00:00Z,50.98,51.18,50.94,51.07,303500
2023-12-07T20:00:00Z,51.08,51.18,50.82,50.82,484600
2023-12-08T13:00:00Z,50.04,50.37,49.77,49.77,509000
2023-12-08T14:00:00Z,49.78,50.4,49.73,50.3,717400
2023-12-08T15:00:00Z,50.3,50.75,50.27,50.62,802900
2023-12-08T16:00:00Z,50.62,50.65,50.49,50.59,379200
2023-12-08T17:00:00Z,50.59,50.85,50.47,50.84,404000
2023-12-08T18:00:00Z,50.83,50.91,50.7,50.79,398300
2023-12-08T19:00:00Z,50.78,51,50.67,50.97,398800
2023-12-08T20:00:00Z,50.98,51.03,50.87,51,414700
2023-12-11T13:00:00Z,50.79,51.44,50.79,51.41,336300
2023-12-11T14:00:00Z,51.4,51.65,51.16,51.62,519400
2023-12-11T15:00:00Z,51.64,51.78,51.53,51.66,286300
2023-12-11T16:00:00Z,51.65,51.66,51.56,51.63,259400
2023-12-11T17:00:00Z,51.64,51.67,51.13,51.22,528100
2023-12-11T18:00:00Z,51.21,51.27,51.1,51.13,263400
2023-12-11T19:00:00Z,51.12,51.36,51.11,51.32,323400
2023-12-11T20:00:00Z,51.32,51.4,51.23,51.4,411300
2023-12-12T13:00:00Z,51.09,51.3,50.81,50.83,171400
2023-12-12T14:00:00Z,50.83,50.9,50.5,50.73,359400
2023-12-12T15:00:00Z,50.72,50.75,50.58,50.74,202900
2023-12-12T16:00:00Z,50.75,51.01,50.73,50.97,230900
2023-12-12T17:00:00Z,50.97,51.05,50.88,51.05,204400
2023-12-12T18:00:00Z,51.05,51.28,51.03,51.25,160000
2023-12-12T19:00:00Z,51.26,51.37,51.2,51.27,208000
2023-12-12T20:00:00Z,51.26,51.28,51.06,51.08,290300
2023-12-13T13:00:00Z,51.24,51.58,50.95,51.58,157800
2023-12-13T14:00:00Z,51.59,51.73,51.36,51.42,346100
2023-12-13T15:00:00Z,51.43,51.78,51.4,51.59,367900
2023-12-13T16:00:00Z,51.59,51.69,51.39,51.39,486500
2023-12-13T17:00:00Z,51.39,51.49,51.33,51.47,211600
2023-12-13T18:00:00Z,51.47,51.55,51.35,51.5,328900
2023-12-13T19:00:00Z,51.5,51.7,51.28,51.6,920300
2023-12-13T20:00:00Z,51.6,52.06,51.59,51.88,1074600
2023-12-14T13:00:00Z,52.15,52.44,51.98,52.32,274800
2023-12-14T14:00:00Z,52.32,52.6,52.15,52.5,569700
2023-12-14T15:00:00Z,52.51,52.59,51.82,51.87,944500
2023-12-14T16:00:00Z,51.86,51.93,51.66,51.73,406300
2023-12-14T17:00:00Z,51.74,52.17,51.73,52.15,442200
2023-12-14T18:00:00Z,52.14,52.36,52,52.32,533900
2023-12-14T19:00:00Z,52.33,52.5,52.26,52.5,484500
2023-12-14T20:00:00Z,52.5,52.6,52.47,52.51,437000
2023-12-15T13:00:00Z,52.41,53.25,52.31,53.19,308400
2023-12-15T14:00:00Z,53.2,53.36,53.1,53.3,544700
2023-12-15T15:00:00Z,53.28,53.46,53.2,53.39,556200
2023-12-15T16:00:00Z,53.39,53.44,53.24,53.24,325500
2023-12-15T17:00:00Z,53.25,53.3,53.14,53.26,278300
2023-12-15T18:00:00Z,53.27,53.28,52.94,53.02,341500
2023-12-15T19:00:00Z,53.03,53.11,52.72,52.75,327300
2023-12-15T20:00:00Z,52.74,53.28,52.67,52.84,407300
2023-12-18T13:00:00Z,52.66,52.8,52.19,52.19,660100
2023-12-18T14:00:00Z,52.17,52.74,52.06,52.62,408300
2023-12-18T15:00:00Z,52.66,52.85,52.57,52.72,458200
2023-12-18T16:00:00Z,52.7,52.75,52.44,52.53,493200
2023-12-18T17:00:00Z,52.53,52.7,52.48,52.63,307000
2023-12-18T18:00:00Z,52.64,52.68,52.5,52.58,325200
2023-12-18T19:00:00Z,52.59,52.73,52.51,52.58,386800
2023-12-18T20:00:00Z,52.58,52.67,52.42,52.51,519200
2023-12-19T13:00:00Z,52.61,53.43,52.56,52.99,546700
2023-12-19T14:00:00Z,52.98,53.36,52.97,53.24,303400
2023-12-19T15:00:00Z,53.24,53.38,52.92,52.95,331800
2023-12-19T16:00:00Z,52.93,53.03,52.88,52.92,201900
2023-12-19T17:00:00Z,52.93,52.98,52.78,52.85,436300
2023-12-19T18:00:00Z,52.88,53.18,52.81,53.1,359200
2023-12-19T19:00:00Z,53.1,53.22,52.93,52.96,484400
2023-12-19T20:00:00Z,52.96,53.04,52.85,52.87,538600
2023-12-20T13:00:00Z,52.7,53.56,52.7,53.48,415700
2023-12-20T14:00:00Z,53.47,53.58,53.29,53.36,302300
2023-12-20T15:00:00Z,53.34,53.4,53.11,53.37,237500
2023-12-20T16:00:00Z,53.37,53.6,53.29,53.48,286600
2023-12-20T17:00:00Z,53.47,53.68,53.39,53.6,273800
2023-12-20T18:00:00Z,53.6,54.59,53.58,54.25,1237700
2023-12-20T19:00:00Z,54.25,54.44,53.88,54,535000
2023-12-20T20:00:00Z,54,54.17,53.84,53.99,631500
2023-12-21T13:00:00Z,54.11,54.78,53.9,54.17,291300
2023-12-21T14:00:00Z,54.17,54.22,54,54.15,232100
2023-12-21T15:00:00Z,54.14,54.32,54.08,54.21,201100
2023-12-21T16:00:00Z,54.21,54.39,53.99,54.06,314300
2023-12-21T17:00:00Z,54.06,54.24,53.96,54.07,249200
2023-12-21T18:00:00Z,54.07,54.35,53.97,54.34,271900
2023-12-21T19:00:00Z,54.33,54.43,54.11,54.25,293700
2023-12-21T20:00:00Z,54.24,54.38,54.16,54.16,344200
2023-12-22T13:00:00Z,54.49,54.88,54.35,54.73,243000
2023-12-22T14:00:00Z,54.72,55.19,54.69,55.01,413600
2023-12-22T15:00:00Z,55.01,55.15,54.86,54.95,396900
2023-12-22T16:00:00Z,54.96,55.39,54.95,55.31,373200
2023-12-22T17:00:00Z,55.31,55.44,55.13,55.29,372200
2023-12-22T18:00:00Z,55.29,55.3,55,55.15,194500
2023-12-22T19:00:00Z,55.15,55.25,55.07,55.16,252500
2023-12-22T20:00:00Z,55.15,55.2,54.77,54.85,469800
2023-12-26T13:00:00Z,54.82,56.02,54.81,55.68,385400
2023-12-26T14:00:00Z,55.69,55.71,55.3,55.42,310500
2023-12-26T15:00:00Z,55.41,55.54,55.06,55.17,248800
2023-12-26T16:00:00Z,55.17,55.22,54.9,54.91,202100
2023-12-26T17:00:00Z,54.9,55.02,54.88,54.9,128200
2023-12-26T18:00:00Z,54.9,55.06,54.9,55.01,118400
2023-12-26T19:00:00Z,55.01,55.12,54.96,54.97,187700
2023-12-26T20:00:00Z,54.97,55.19,54.9,55.18,173000
2023-12-27T13:00:00Z,55.21,55.52,54.96,55.3,206800
2023-12-27T14:00:00Z,55.3,55.59,55.22,55.51,274000
2023-12-27T15:00:00Z,55.51,55.64,55.47,55.53,195700
2023-12-27T16:00:00Z,55.53,55.61,55.5,55.58,229000
2023-12-27T17:00:00Z,55.58,55.58,55.43,55.46,165600
2023-12-27T18:00:00Z,55.43,55.5,55.29,55.48,450700
2023-12-27T19:00:00Z,55.46,55.55,55.29,55.43,380200
2023-12-27T20:00:00Z,55.45,55.6,55.42,55.58,257800
2023-12-28T13:00:00Z,55.42,55.78,55.42,55.67,137100
2023-12-28T14:00:00Z,55.64,55.94,55.57,55.89,269800
2023-12-28T15:00:00Z,55.86,55.87,55.77,55.81,226700
2023-12-28T16:00:00Z,55.81,55.84,55.67,55.8,138200
2023-12-28T17:00:00Z,55.78,55.82,55.61,55.71,311500
2023-12-28T18:00:00Z,55.7,55.71,55.57,55.58,163700
2023-12-28T19:00:00Z,55.59,55.73,55.51,55.73,293300
2023-12-28T20:00:00Z,55.72,55.9,55.69,55.9,286600
2024-01-02T13:00:00Z,55.7,56.29,55.56,55.59,275800
2024-01-02T14:00:00Z,55.59,55.8,55.39,55.66,199100
2024-01-02T15:00:00Z,55.66,55.69,55.11,55.22,153800
2024-01-02T16:00:00Z,55.19,55.25,55.03,55.24,357900
2024-01-02T17:00:00Z,55.24,55.25,55.1,55.17,341900
2024-01-02T18:00:00Z,55.16,55.17,54.82,54.85,356600
2024-01-02T19:00:00Z,54.83,55.03,54.72,54.95,260100
2024-01-02T20:00:00Z,54.93,55.1,54.8,54.95,372200
2024-01-03T13:00:00Z,54.8,55.4,54.76,55.36,128000
2024-01-03T14:00:00Z,55.36,55.75,55.21,55.63,631200
2024-01-03T15:00:00Z,55.63,55.8,55.32,55.37,453200
2024-01-03T16:00:00Z,55.37,55.39,55.2,55.25,225200
2024-01-03T17:00:00Z,55.24,55.51,55.22,55.5,232200
2024-01-03T18:00:00Z,55.5,55.51,55.36,55.4,239400
2024-01-03T19:00:00Z,55.41,55.63,55.36,55.37,614200
2024-01-03T20:00:00Z,55.36,55.56,55.3,55.56,313500
2024-01-04T13:00:00Z,55.45,55.69,55.16,55.33,112200
2024-01-04T14:00:00Z,55.33,55.39,54.94,55.07,191300
2024-01-04T15:00:00Z,55.07,55.1,54.94,54.97,245200
2024-01-04T16:00:00Z,54.98,55,54.87,54.91,147600
2024-01-04T17:00:00Z,54.91,54.95,54.69,54.75,194200
2024-01-04T18:00:00Z,54.77,54.83,54.65,54.76,184200
2024-01-04T19:00:00Z,54.76,54.8,54.63,54.75,250400
2024-01-04T20:00:00Z,54.75,54.75,54.56,54.67,269000
2024-01-05T13:00:00Z,54.29,54.55,53.88,54.35,208100
2024-01-05T14:00:00Z,54.36,54.39,54.11,54.18,274100
2024-01-05T15:00:00Z,54.18,54.34,54.09,54.22,272700
2024-01-05T16:00:00Z,54.23,54.31,53.91,53.91,224200
2024-01-05T17:00:00Z,53.94,53.96,53.77,53.91,300700
2024-01-05T18:00:00Z,53.91,53.98,53.81,53.93,184400
2024-01-05T19:00:00Z,53.93,53.98,53.77,53.82,161900
2024-01-05T20:00:00Z,53.82,53.98,53.76,53.98,249800
2024-01-08T13:00:00Z,53.71,54.08,53.42,53.49,237900
2024-01-08T14:00:00Z,53.5,53.67,53.35,53.66,311200
2024-01-08T15:00:00Z,53.67,53.95,53.62,53.88,225300
2024-01-08T16:00:00Z,53.87,54.21,53.86,54.06,370300
2024-01-08T17:00:00Z,54.05,54.27,54.01,54.25,205900
2024-01-08T18:00:00Z,54.25,54.46,54.18,54.38,291800
2024-01-08T19:00:00Z,54.39,54.63,54.38,54.43,266800
2024-01-08T20:00:00Z,54.44,54.68,54.34,54.59,266000
2024-01-09T13:00:00Z,54.47,54.82,54.29,54.72,194100
2024-01-09T14:00:00Z,54.72,54.77,54.08,54.18,355500
2024-01-09T15:00:00Z,54.19,54.24,54.01,54.11,294800
2024-01-09T16:00:00Z,54.11,54.22,54.06,54.11,193100
2024-01-09T17:00:00Z,54.11,54.16,54.01,54.09,172300
2024-01-09T18:00:00Z,54.1,54.19,54.04,54.13,172100
2024-01-09T19:00:00Z,54.12,54.25,53.98,54.23,313900
2024-01-09T20:00:00Z,54.23,54.3,54.12,54.16,584100
2024-01-10T13:00:00Z,54.24,54.29,53.86,54.1,179500
2024-01-10T14:00:00Z,54.12,54.25,54.07,54.24,214900
2024-01-10T15:00:00Z,54.23,54.24,54.01,54.1,137000
2024-01-10T16:00:00Z,54.1,54.1,53.87,53.88,149500
2024-01-10T17:00:00Z,53.88,54.02,53.84,53.9,139400
2024-01-10T18:00:00Z,53.92,53.92,53.73,53.88,368400
2024-01-10T19:00:00Z,53.87,53.94,53.79,53.92,219500
2024-01-10T20:00:00Z,53.94,53.97,53.8,53.86,250400
2024-01-11T13:00:00Z,53.85,53.96,53.46,53.59,301000
2024-01-11T14:00:00Z,53.6,54.16,53.38,53.49,405900
2024-01-11T15:00:00Z,53.46,53.6,53.21,53.43,284900
2024-01-11T16:00:00Z,53.41,53.53,53.38,53.4,145600
2024-01-11T17:00:00Z,53.42,53.5,53.3,53.37,188000
2024-01-11T18:00:00Z,53.35,53.89,53.26,53.87,850100
2024-01-11T19:00:00Z,53.88,54.23,53.73,54.15,631600
2024-01-11T20:00:00Z,54.15,54.37,54.13,54.24,697100
2024-01-12T13:00:00Z,54.48,55.23,53.71,53.86,794300
2024-01-12T14:00:00Z,53.86,54.24,53.56,53.57,582400
2024-01-12T15:00:00Z,53.58,53.81,53.51,53.59,260900
2024-01-12T16:00:00Z,53.62,53.73,53.49,53.69,114100
2024-01-12T17:00:00Z,53.66,53.76,53.56,53.72,87200
2024-01-12T18:00:00Z,53.69,54,53.63,53.97,156300
2024-01-12T19:00:00Z,53.98,54.02,53.66,53.67,195600
2024-01-12T20:00:00Z,53.69,53.72,53.5,53.68,382200
2024-01-15T13:00:00Z,53.61,53.97,53.42,53.84,199100
2024-01-15T14:00:00Z,53.81,53.9,53.54,53.6,157900
2024-01-15T15:00:00Z,53.59,54.05,53.53,53.93,84400
2024-01-15T16:00:00Z,53.92,54.04,53.84,53.9,124900
2024-01-15T17:00:00Z,53.9,54.01,53.74,53.81,90600
2024-01-15T18:00:00Z,53.8,53.86,53.66,53.73,62700
2024-01-15T19:00:00Z,53.73,53.95,53.7,53.85,72000
2024-01-15T20:00:00Z,53.85,54.04,53.7,53.81,132600
2024-01-16T13:00:00Z,53.7,53.85,53.33,53.43,322000
2024-01-16T14:00:00Z,53.41,53.6,53.16,53.33,299100
2024-01-16T15:00:00Z,53.31,53.33,53.03,53.06,249300
2024-01-16T16:00:00Z,53.05,53.1,52.87,53.02,373000
2024-01-16T17:00:00Z,53,53.03,52.97,52.98,414300
2024-01-16T18:00:00Z,52.98,53.12,52.97,53,269400
2024-01-16T19:00:00Z,53.02,53.2,53,53.19,319300
2024-01-16T20:00:00Z,53.17,53.21,52.97,53.02,480000
2024-01-17T13:00:00Z,52.71,53.11,52.69,52.9,239000
2024-01-17T14:00:00Z,52.91,53.13,52.6,53.04,364700
2024-01-17T15:00:00Z,53.04,53.13,52.86,52.92,316300
2024-01-17T16:00:00Z,52.92,53.06,52.89,52.94,206300
2024-01-17T17:00:00Z,52.94,52.98,52.77,52.8,206400
2024-01-17T18:00:00Z,52.81,52.9,52.77,52.88,224400
2024-01-17T19:00:00Z,52.89,53,52.78,52.87,230600
2024-01-17T20:00:00Z,52.89,52.89,52.72,52.74,281300
2024-01-18T13:00:00Z,52.72,52.96,52.57,52.76,337300
2024-01-18T14:00:00Z,52.78,52.99,52.61,52.74,294400
2024-01-18T15:00:00Z,52.72,52.8,52.57,52.57,383400
2024-01-18T16:00:00Z,52.57,52.62,52.35,52.38,237000
2024-01-18T17:00:00Z,52.38,52.47,52.01,52.07,438700
2024-01-18T18:00:00Z,52.06,52.06,51.83,51.87,209400
2024-01-18T19:00:00Z,51.88,52.02,51.85,51.85,347300
2024-01-18T20:00:00Z,51.86,51.9,51.55,51.58,477100
2024-01-19T13:00:00Z,51.55,51.74,51.03,51.23,303300
2024-01-19T14:00:00Z,51.21,51.37,50.98,51.14,513300
2024-01-19T15:00:00Z,51.17,51.36,51.01,51.13,268200
2024-01-19T16:00:00Z,51.13,51.4,51.1,51.38,3396500
2024-01-19T17:00:00Z,51.38,51.49,51.3,51.47,215700
2024-01-19T18:00:00Z,51.47,51.58,51.26,51.5,406100
2024-01-19T19:00:00Z,51.51,51.71,51.46,51.66,312300
2024-01-19T20:00:00Z,51.68,51.92,51.62,51.89,607800
2024-01-22T13:00:00Z,51.92,52.07,51.42,51.69,235300
2024-01-22T14:00:00Z,51.7,51.82,51.42,51.65,151400
2024-01-22T15:00:00Z,51.64,51.87,51.64,51.79,139000
2024-01-22T16:00:00Z,51.79,51.87,51.43,51.64,258900
2024-01-22T17:00:00Z,51.63,51.93,51.56,51.85,263300
2024-01-22T18:00:00Z,51.85,51.87,51.75,51.83,122200
2024-01-22T19:00:00Z,51.81,51.83,51.61,51.64,222000
2024-01-22T20:00:00Z,51.64,51.68,51.55,51.66,257600
2024-01-23T13:00:00Z,51.97,51.98,51.53,51.83,140400
2024-01-23T14:00:00Z,51.83,51.86,51.47,51.58,329400
2024-01-23T15:00:00Z,51.57,52.14,51.56,51.79,201200
2024-01-23T16:00:00Z,51.78,52.03,51.75,52.03,207800
2024-01-23T17:00:00Z,52.03,52.04,51.74,51.8,322600
2024-01-23T18:00:00Z,51.81,51.87,51.73,51.77,133000
2024-01-23T19:00:00Z,51.78,52.24,51.54,51.87,762900
2024-01-23T20:00:00Z,51.86,52.11,51.8,52,319700
2024-01-24T13:00:00Z,52.51,52.79,52.31,52.43,184700
2024-01-24T14:00:00Z,52.43,52.74,52.26,52.32,170900
2024-01-24T15:00:00Z,52.31,52.4,52.01,52.1,189500
2024-01-24T16:00:00Z,52.12,52.18,51.95,52.17,177700
2024-01-24T17:00:00Z,52.17,52.25,51.99,52.19,151400
2024-01-24T18:00:00Z,52.19,52.19,52.02,52.1,270300
2024-01-24T19:00:00Z,52.09,52.16,51.99,52.05,284700
2024-01-24T20:00:00Z,52.05,52.09,51.71,51.81,354000
2024-01-25T13:00:00Z,51.85,52.34,51.83,51.98,180200
2024-01-25T14:00:00Z,51.97,52.34,51.81,52.33,220100
2024-01-25T15:00:00Z,52.31,52.31,51.85,51.96,214000
2024-01-25T16:00:00Z,51.96,52.43,51.88,52.39,253300
2024-01-25T17:00:00Z,52.37,52.5,52.22,52.37,280500
2024-01-25T18:00:00Z,52.36,52.39,52.18,52.18,129700
2024-01-25T19:00:00Z,52.2,52.2,51.84,51.93,249100
2024-01-25T20:00:00Z,51.95,52,51.83,51.84,197600
2024-01-26T13:00:00Z,51.92,52.22,51.89,52.07,107700
2024-01-26T14:00:00Z,52.04,52.42,51.9,52.31,341000
2024-01-26T15:00:00Z,52.3,52.56,52.13,52.39,307400
2024-01-26T16:00:00Z,52.4,53.06,52.38,53.03,519000
2024-01-26T17:00:00Z,53.04,53.04,52.79,52.84,258500
2024-01-26T18:00:00Z,52.84,53.06,52.67,52.74,226300
2024-01-26T19:00:00Z,52.74,52.93,52.71,52.82,270700
2024-01-26T20:00:00Z,52.82,53.17,52.82,53.01,686300
2024-01-29T13:00:00Z,52.02,52.24,50.38,51.3,3839000
2024-01-29T14:00:00Z,51.31,51.32,50.75,50.91,1935300
2024-01-29T15:00:00Z,50.92,51.02,50.76,50.85,1088500
2024-01-29T16:00:00Z,50.85,51.12,50.77,50.78,911600
2024-01-29T17:00:00Z,50.78,50.84,50.31,50.77,1756100
2024-01-29T18:00:00Z,50.76,50.92,50.68,50.89,841100
2024-01-29T19:00:00Z,50.89,51.15,50.85,50.96,686100
2024-01-29T20:00:00Z,50.97,51.15,50.91,50.97,794500
2024-01-30T13:00:00Z,50.53,51.48,50.52,51.47,481500
2024-01-30T14:00:00Z,51.47,51.54,51.16,51.36,569400
2024-01-30T15:00:00Z,51.36,51.6,51.22,51.59,582400
2024-01-30T16:00:00Z,51.58,51.76,51.53,51.76,323200
2024-01-30T17:00:00Z,51.75,52.21,51.73,52.08,641900
2024-01-30T18:00:00Z,52.05,52.21,51.89,52.07,540200
2024-01-30T19:00:00Z,52.07,52.26,52.05,52.08,384500
2024-01-30T20:00:00Z,52.09,52.17,52,52.1,500300
2024-01-31T13:00:00Z,52.3,52.66,52.17,52.44,367100
2024-01-31T14:00:00Z,52.42,52.45,52,52.05,359400
2024-01-31T15:00:00Z,52.05,52.69,52.05,52.69,399200
2024-01-31T16:00:00Z,52.67,52.7,52.36,52.38,352500
2024-01-31T17:00:00Z,52.38,52.41,52.07,52.09,279200
2024-01-31T18:00:00Z,52.09,52.25,52.02,52.17,307700
2024-01-31T19:00:00Z,52.17,52.32,52,52.07,472600
2024-01-31T20:00:00Z,52.06,52.08,51.57,51.77,928100
2024-02-01T13:00:00Z,51.62,51.95,51.5,51.72,283000
2024-02-01T14:00:00Z,51.72,52.12,51.53,51.58,598400
2024-02-01T15:00:00Z,51.57,51.7,51.48,51.49,291200
2024-02-01T16:00:00Z,51.5,51.55,51.36,51.43,269500
2024-02-01T17:00:00Z,51.44,51.64,51.41,51.5,254800
2024-02-01T18:00:00Z,51.49,51.54,51.27,51.28,279600
2024-02-01T19:00:00Z,51.29,51.32,51.02,51.06,415400
2024-02-01T20:00:00Z,51.06,51.23,51.01,51.09,510900
2024-02-02T13:00:00Z,51.19,51.65,50.83,50.94,297400
2024-02-02T14:00:00Z,50.94,51.24,50.71,50.82,603200
2024-02-02T15:00:00Z,50.8,50.98,50.73,50.95,366200
2024-02-02T16:00:00Z,50.95,51.43,50.87,51.2,437500
2024-02-02T17:00:00Z,51.2,51.63,51.15,51.42,521100
2024-02-02T18:00:00Z,51.4,51.62,51.31,51.52,529000
2024-02-02T19:00:00Z,51.51,51.68,51.36,51.61,416000
2024-02-02T20:00:00Z,51.62,51.66,51.25,51.4,481800
2024-02-05T13:00:00Z,51,51.63,51,51.58,144800
2024-02-05T14:00:00Z,51.58,51.64,51.25,51.53,253300
2024-02-05T15:00:00Z,51.52,51.52,51.02,51.07,316700
2024-02-05T16:00:00Z,51.06,51.24,51.02,51.19,218600
2024-02-05T17:00:00Z,51.19,51.28,51.13,51.18,200700
2024-02-05T18:00:00Z,51.18,51.45,51.1,51.43,265800
2024-02-05T19:00:00Z,51.42,51.94,51.4,51.84,507400
2024-02-05T20:00:00Z,51.85,51.97,51.77,51.91,537500
2024-02-06T13:00:00Z,51.62,52.8,51.62,52.55,515700
2024-02-06T14:00:00Z,52.56,52.98,52.45,52.91,481200
2024-02-06T15:00:00Z,52.89,53.06,52.69,52.98,342400
2024-02-06T16:00:00Z,52.98,53.14,52.87,53.03,406100
2024-02-06T17:00:00Z,53.02,53.33,53.02,53.29,399200
2024-02-06T18:00:00Z,53.3,53.74,53.27,53.55,640400
2024-02-06T19:00:00Z,53.56,53.68,53.47,53.62,526900
2024-02-06T20:00:00Z,53.63,53.74,53.56,53.62,794300
2024-02-07T13:00:00Z,53.78,54.08,53.39,53.65,1841400
2024-02-07T14:00:00Z,53.62,53.98,53.59,53.79,588500
2024-02-07T15:00:00Z,53.79,54.08,53.66,53.85,609000
2024-02-07T16:00:00Z,53.86,53.91,53.5,53.52,453200
2024-02-07T17:00:00Z,53.52,53.55,53.35,53.39,352600
2024-02-07T18:00:00Z,53.38,53.49,53.23,53.47,476300
2024-02-07T19:00:00Z,53.49,53.71,53.42,53.66,575300
2024-02-07T20:00:00Z,53.66,53.79,53.59,53.61,816900
2024-02-08T13:00:00Z,53.8,54.18,53.49,53.86,1725800
2024-02-08T14:00:00Z,53.85,53.86,53.13,53.15,319700
2024-02-08T15:00:00Z,53.17,53.54,53.03,53.46,673400
2024-02-08T16:00:00Z,53.44,53.97,53.39,53.84,326500
2024-02-08T17:00:00Z,53.84,53.86,53.36,53.47,384100
2024-02-08T18:00:00Z,53.47,53.71,53.4,53.65,602800
2024-02-08T19:00:00Z,53.63,53.69,53.46,53.53,529000
2024-02-08T20:00:00Z,53.53,53.58,53.38,53.49,772300
2024-02-09T13:00:00Z,53.5,53.77,53.1,53.17,1662800
2024-02-09T14:00:00Z,53.15,53.52,52.95,53.4,307200
2024-02-09T15:00:00Z,53.38,53.4,52.56,52.6,258300
2024-02-09T16:00:00Z,52.59,52.82,52.42,52.71,326300
2024-02-09T17:00:00Z,52.69,52.91,52.68,52.8,214600
2024-02-09T18:00:00Z,52.81,52.93,52.73,52.76,250400
2024-02-09T19:00:00Z,52.77,52.82,52.59,52.62,258700
2024-02-09T20:00:00Z,52.61,52.89,52.56,52.89,423700
2024-02-14T16:00:00Z,52.78,52.94,52.33,52.36,268500
2024-02-14T17:00:00Z,52.34,52.55,52.17,52.42,320500
2024-02-14T18:00:00Z,52.42,52.48,52.17,52.21,222800
2024-02-14T19:00:00Z,52.21,52.27,52.12,52.19,216300
2024-02-14T20:00:00Z,52.18,52.3,52.08,52.22,422000
2024-02-15T13:00:00Z,52.25,52.36,52.08,52.17,151700
2024-02-15T14:00:00Z,52.16,52.29,51.77,52.17,291800
2024-02-15T15:00:00Z,52.21,52.34,52.04,52.15,207000
2024-02-15T16:00:00Z,52.15,52.15,51.83,52.05,250200
2024-02-15T17:00:00Z,52.04,52.06,51.9,51.91,129000
2024-02-15T18:00:00Z,51.9,52.13,51.88,52.12,153600
2024-02-15T19:00:00Z,52.13,52.16,51.99,52.03,183000
2024-02-15T20:00:00Z,52.01,52.44,51.99,52.4,450500
2024-02-16T13:00:00Z,52.43,53.02,52.11,52.24,263700
2024-02-16T14:00:00Z,52.24,53.22,52.24,52.91,588400
2024-02-16T15:00:00Z,52.93,53.1,52.8,53.04,243100
2024-02-16T16:00:00Z,53.04,53.35,53.01,53.32,270400
2024-02-16T17:00:00Z,53.31,53.34,53.02,53.19,280200
2024-02-16T18:00:00Z,53.19,53.29,53.07,53.27,323500
2024-02-16T19:00:00Z,53.28,53.48,53.23,53.38,346900
2024-02-16T20:00:00Z,53.37,53.38,53.09,53.22,399500
2024-02-19T13:00:00Z,52.9,53.02,52.23,52.32,171200
2024-02-19T14:00:00Z,52.31,52.83,52.24,52.82,193800
2024-02-19T15:00:00Z,52.81,53.16,52.79,53.06,197300
2024-02-19T16:00:00Z,53.06,53.29,53,53.13,124900
2024-02-19T17:00:00Z,53.12,53.28,53.08,53.2,148000
2024-02-19T18:00:00Z,53.2,53.25,52.97,53.09,175300
2024-02-19T19:00:00Z,53.09,53.09,52.78,52.8,194400
2024-02-19T20:00:00Z,52.81,53.15,52.79,53.13,272900
2024-02-20T13:00:00Z,52.8,52.93,52.52,52.75,96100
2024-02-20T14:00:00Z,52.81,53.55,52.74,53.42,331700
2024-02-20T15:00:00Z,53.42,54.11,53.35,54.03,298000
2024-02-20T16:00:00Z,54.05,54.14,53.94,54.01,134200
2024-02-20T17:00:00Z,54.01,54.08,53.71,54.07,188300
2024-02-20T18:00:00Z,54.06,54.13,53.75,53.76,250400
2024-02-20T19:00:00Z,53.76,53.96,53.63,53.93,264800
2024-02-20T20:00:00Z,53.92,54.01,53.81,53.89,352400
2024-02-21T13:00:00Z,53.56,53.92,53.02,53.81,425400
2024-02-21T14:00:00Z,53.83,54.85,53.81,54.64,623200
2024-02-21T15:00:00Z,54.64,54.77,54.58,54.7,337600
2024-02-21T16:00:00Z,54.69,54.74,54.49,54.66,399100
2024-02-21T17:00:00Z,54.67,55.36,54.65,54.95,751400
2024-02-21T18:00:00Z,54.95,54.99,54.63,54.92,593300
2024-02-21T19:00:00Z,54.89,55.08,54.77,55.01,424600
2024-02-21T20:00:00Z,55,55.32,54.97,55.2,566300
2024-02-22T13:00:00Z,55.32,55.92,55.12,55.55,412300
2024-02-22T14:00:00Z,55.52,56.11,55.14,56.11,459300
2024-02-22T15:00:00Z,56.11,56.48,56.07,56.18,886800
2024-02-22T16:00:00Z,56.18,56.23,55.72,55.72,411900
2024-02-22T17:00:00Z,55.74,56.09,55.61,55.61,640700
2024-02-22T18:00:00Z,55.61,55.69,55.46,55.68,472900
2024-02-22T19:00:00Z,55.67,55.97,55.61,55.89,510200
2024-02-22T20:00:00Z,55.89,55.89,55.53,55.7,644400
2024-02-23T13:00:00Z,56,56.33,55.85,55.97,253400
2024-02-23T14:00:00Z,55.95,55.99,55.38,55.4,326700
2024-02-23T15:00:00Z,55.42,55.63,55.31,55.53,325600
2024-02-23T16:00:00Z,55.52,55.54,54.84,54.86,357200
2024-02-23T17:00:00Z,54.85,55.16,54.85,55.16,272300
2024-02-23T18:00:00Z,55.16,55.47,54.99,55.31,312100
2024-02-23T19:00:00Z,55.31,55.39,55.16,55.35,257300
2024-02-23T20:00:00Z,55.35,55.55,55.31,55.55,382800
2024-02-26T13:00:00Z,55.41,55.66,54.93,55.55,195300
2024-02-26T14:00:00Z,55.56,55.6,54.96,55.46,352100
2024-02-26T15:00:00Z,55.46,55.59,55.11,55.12,204600
2024-02-26T16:00:00Z,55.14,55.15,54.94,54.97,128600
2024-02-26T17:00:00Z,54.96,55.33,54.94,55.32,126100
2024-02-26T18:00:00Z,55.31,55.45,55.21,55.28,259900
2024-02-26T19:00:00Z,55.29,55.33,55.12,55.17,178200
2024-02-26T20:00:00Z,55.18,56.15,55.15,56.07,916600
2024-02-27T13:00:00Z,56.4,57.65,55.86,57.63,853500
2024-02-27T14:00:00Z,57.63,57.66,57.17,57.29,868900
2024-02-27T15:00:00Z,57.29,57.6,57.12,57.22,761700
2024-02-27T16:00:00Z,57.21,57.27,56.75,56.91,438200
2024-02-27T17:00:00Z,56.92,57.27,56.77,57.24,553300
2024-02-27T18:00:00Z,57.24,57.46,56.93,57.03,646800
2024-02-27T19:00:00Z,57.03,57.12,56.57,56.6,593000
2024-02-27T20:00:00Z,56.58,57.07,56.52,57.04,458000
2024-02-28T13:00:00Z,56.76,57.84,56.55,57.7,387200
2024-02-28T14:00:00Z,57.65,57.65,56.96,57.18,385600
2024-02-28T15:00:00Z,57.2,57.69,57.16,57.51,785100
2024-02-28T16:00:00Z,57.51,58.04,57.45,57.74,661000
2024-02-28T17:00:00Z,57.75,57.76,57.51,57.57,625700
2024-02-28T18:00:00Z,57.57,57.57,57.11,57.15,544000
2024-02-28T19:00:00Z,57.14,57.54,56.91,57.12,945900
2024-02-28T20:00:00Z,57.13,57.41,57.12,57.38,675500
2024-02-29T13:00:00Z,57.38,57.8,56.4,56.87,1067400
2024-02-29T14:00:00Z,56.87,57.35,56.68,57.12,477400
2024-02-29T15:00:00Z,57.12,57.34,56.88,57.13,658500
2024-02-29T16:00:00Z,57.13,57.15,56.59,56.6,590900
2024-02-29T17:00:00Z,56.59,57.21,56.41,57.07,1091100
2024-02-29T18:00:00Z,57.07,57.07,56.53,56.6,677100
2024-02-29T19:00:00Z,56.59,56.8,56.4,56.53,936600
2024-02-29T20:00:00Z,56.53,56.61,56.24,56.52,1014000
2024-03-01T13:00:00Z,56.45,57.25,56.4,56.7,538100
2024-03-01T14:00:00Z,56.69,57.13,56.69,56.78,977100
2024-03-01T15:00:00Z,56.78,57.13,56.75,57.08,563800
2024-03-01T16:00:00Z,57.08,57.45,57.04,57.33,370100
2024-03-01T17:00:00Z,57.33,57.38,56.83,56.9,659700
2024-03-01T18:00:00Z,56.91,57.15,56.61,56.65,2401700
2024-03-01T19:00:00Z,56.65,57.33,56.5,57.32,607900
2024-03-01T20:00:00Z,57.32,57.63,57.26,57.38,730500
2024-03-04T13:00:00Z,57.39,58.08,57.39,58,215000
2024-03-04T14:00:00Z,58,58.03,57.78,57.8,299000
2024-03-04T15:00:00Z,57.81,57.91,57.72,57.85,484800
2024-03-04T16:00:00Z,57.85,57.94,57.8,57.92,392500
2024-03-04T17:00:00Z,57.92,58.17,57.84,58,911300
2024-03-04T18:00:00Z,57.99,58.08,57.98,58.03,442400
2024-03-04T19:00:00Z,58.02,58.27,57.97,58.21,1279400
2024-03-04T20:00:00Z,58.2,58.55,58.2,58.42,643300
2024-03-05T13:00:00Z,58.45,58.98,58.14,58.7,494900
2024-03-05T14:00:00Z,58.71,58.74,58.27,58.29,401900
2024-03-05T15:00:00Z,58.3,58.41,57.91,58.3,764400
2024-03-05T16:00:00Z,58.31,58.39,58.24,58.35,359300
2024-03-05T17:00:00Z,58.36,58.7,58.32,58.69,400600
2024-03-05T18:00:00Z,58.68,58.88,58.5,58.5,482200
2024-03-05T19:00:00Z,58.51,58.6,58.34,58.34,247200
2024-03-05T20:00:00Z,58.35,58.66,58.34,58.61,436400
2024-03-06T13:00:00Z,58.55,58.7,58.02,58.18,207500
2024-03-06T14:00:00Z,58.17,58.73,57.92,58.5,744500
2024-03-06T15:00:00Z,58.5,58.94,58.41,58.61,539300
2024-03-06T16:00:00Z,58.62,58.68,58.37,58.42,546400
2024-03-06T17:00:00Z,58.42,58.64,58.4,58.55,632200
2024-03-06T18:00:00Z,58.57,58.61,58.08,58.16,437700
2024-03-06T19:00:00Z,58.13,58.3,58.06,58.2,425200
2024-03-06T20:00:00Z,58.21,58.32,58.17,58.29,398800
2024-03-07T13:00:00Z,57.93,58.65,57.59,58.37,412500
2024-03-07T14:00:00Z,58.35,58.76,58.01,58.66,490500
2024-03-07T15:00:00Z,58.68,58.89,58.61,58.67,385900
2024-03-07T16:00:00Z,58.66,58.74,58.5,58.5,688200
2024-03-07T17:00:00Z,58.5,58.6,58.25,58.51,331400
2024-03-07T18:00:00Z,58.51,58.81,58.42,58.81,553600
2024-03-07T19:00:00Z,58.79,58.93,58.76,58.88,360900
2024-03-07T20:00:00Z,58.89,58.96,58.8,58.9,600400
2024-03-08T13:00:00Z,58.68,59.26,58.38,58.43,1139200
2024-03-08T14:00:00Z,58.44,58.69,58,58.19,1569100
2024-03-08T15:00:00Z,58.22,58.72,58.14,58.29,1638000
2024-03-08T16:00:00Z,58.3,58.5,57.96,58.32,1198400
2024-03-08T17:00:00Z,58.32,58.68,58.31,58.49,284200
2024-03-08T18:00:00Z,58.49,58.67,58.37,58.5,291100
2024-03-08T19:00:00Z,58.51,58.86,58.5,58.74,393500
2024-03-08T20:00:00Z,58.75,59.27,58.73,59.15,1346100
2024-03-11T13:00:00Z,58.72,59.54,58.65,59.35,437400
2024-03-11T14:00:00Z,59.35,59.5,59.02,59.05,922100
2024-03-11T15:00:00Z,59.05,59.11,58.55,58.67,368500
2024-03-11T16:00:00Z,58.66,58.75,58.39,58.42,1555500
2024-03-11T17:00:00Z,58.42,58.63,58.42,58.42,356400
2024-03-11T18:00:00Z,58.42,58.48,58.3,58.44,440900
2024-03-11T19:00:00Z,58.44,58.69,58.44,58.57,532700
2024-03-12T13:00:00Z,58.57,58.89,58.26,58.3,343000
2024-03-12T14:00:00Z,58.32,58.64,58.09,58.62,450200
2024-03-12T15:00:00Z,58.63,59.17,58.55,59.13,307500
2024-03-12T16:00:00Z,59.13,59.64,59.1,59.39,456200
2024-03-12T17:00:00Z,59.36,59.57,59.18,59.52,539200
2024-03-12T18:00:00Z,59.52,59.61,59.1,59.15,616100
2024-03-12T19:00:00Z,59.15,59.26,58.98,59.23,599900
2024-03-13T13:00:00Z,59.06,59.48,58.79,59.45,248900
2024-03-13T14:00:00Z,59.47,59.7,59.3,59.52,383500
2024-03-13T15:00:00Z,59.53,59.67,59.45,59.62,293400
2024-03-13T16:00:00Z,59.63,59.77,59.47,59.6,275600
2024-03-13T17:00:00Z,59.58,59.68,59.46,59.52,489300
2024-03-13T18:00:00Z,59.51,59.55,59.23,59.3,433000
2024-03-13T19:00:00Z,59.29,59.52,59.18,59.52,842700
2024-03-14T13:00:00Z,59.36,59.7,59.11,59.24,1010600
2024-03-14T14:00:00Z,59.26,59.47,59.12,59.41,1190000
2024-03-14T15:00:00Z,59.4,59.5,59.15,59.19,465500
2024-03-14T16:00:00Z,59.19,59.28,59.13,59.19,395900
2024-03-14T17:00:00Z,59.19,59.22,58.87,59.17,887600
2024-03-14T18:00:00Z,59.18,59.48,59.14,59.4,1053000
2024-03-14T19:00:00Z,59.41,59.5,59.32,59.32,583500
2024-03-15T13:00:00Z,59.48,60.36,59.37,60.28,1618400
2024-03-15T14:00:00Z,60.24,60.73,60.05,60.49,1148700
2024-03-15T15:00:00Z,60.5,60.77,60.47,60.75,769100
2024-03-15T16:00:00Z,60.73,60.77,60.55,60.6,511500
2024-03-15T17:00:00Z,60.6,60.8,60.58,60.76,529500
2024-03-15T18:00:00Z,60.77,61,60.7,60.92,758600
2024-03-15T19:00:00Z,60.91,60.95,60.62,60.62,1089200
2024-03-18T13:00:00Z,60.93,61.56,60.38,61.03,389900
2024-03-18T14:00:00Z,61.02,61.22,60.94,61.15,823600
2024-03-18T15:00:00Z,61.15,61.28,60.97,61.03,387100
2024-03-18T16:00:00Z,61.02,61.19,60.99,61.14,207900
2024-03-18T17:00:00Z,61.13,61.28,61.11,61.23,313000
2024-03-18T18:00:00Z,61.24,61.28,61.2,61.24,543400
2024-03-18T19:00:00Z,61.23,61.27,60.74,60.94,931200
2024-03-19T13:00:00Z,61.25,62.45,61.25,62.39,1638900
2024-03-19T14:00:00Z,62.37,63.3,62.02,63.06,1537700
2024-03-19T15:00:00Z,63.05,63.11,62.73,62.73,606300
2024-03-19T16:00:00Z,62.75,62.97,62.57,62.76,612500
2024-03-19T17:00:00Z,62.76,63.05,62.72,62.98,1022400
2024-03-19T18:00:00Z,62.98,62.98,62.52,62.54,639800
2024-03-19T19:00:00Z,62.54,62.97,62.24,62.87,1019200
2024-03-20T13:00:00Z,63,63,62.3,62.36,1171700
2024-03-20T14:00:00Z,62.36,62.37,61.81,62.03,832600
2024-03-20T15:00:00Z,62.03,62.24,61.81,61.98,815800
2024-03-20T16:00:00Z,61.99,62.45,61.99,62.3,686000
2024-03-20T17:00:00Z,62.31,62.6,62.09,62.24,685100
2024-03-20T18:00:00Z,62.24,62.45,61.93,62.18,889600
2024-03-20T19:00:00Z,62.2,62.26,61.95,62,1328800
2024-03-21T13:00:00Z,62.55,63,62.12,62.6,1138000
2024-03-21T14:00:00Z,62.59,62.87,62.11,62.27,741400
2024-03-21T15:00:00Z,62.28,62.43,61.9,61.94,452300
2024-03-21T16:00:00Z,61.94,62.21,61.7,61.83,403200
2024-03-21T17:00:00Z,61.83,62.14,61.57,61.87,812400
2024-03-21T18:00:00Z,61.87,61.96,61.68,61.89,696100
2024-03-21T19:00:00Z,61.89,62,61.72,61.92,1071100
2024-03-22T13:00:00Z,62.3,62.52,61.51,61.74,618700
2024-03-22T14:00:00Z,61.76,62.2,61.68,62.09,668000
2024-03-22T15:00:00Z,62.08,62.2,61.86,61.9,739100
2024-03-22T16:00:00Z,61.92,62.15,61.82,61.96,278700
2024-03-22T17:00:00Z,61.96,62.1,61.94,61.97,305300
2024-03-22T18:00:00Z,61.97,62.11,61.82,61.99,621900
2024-03-22T19:00:00Z,61.99,62.29,61.97,62.16,852100
2024-03-25T13:00:00Z,62.15,62.3,61.45,61.68,328300
2024-03-25T14:00:00Z,61.69,62,61.41,61.68,956600
2024-03-25T15:00:00Z,61.67,61.95,61.62,61.69,312500
2024-03-25T16:00:00Z,61.7,61.91,61.64,61.85,362000
2024-03-25T17:00:00Z,61.85,61.93,61.61,61.76,363000
2024-03-25T18:00:00Z,61.74,61.8,61.45,61.5,627800
2024-03-25T19:00:00Z,61.5,61.73,61.42,61.7,778200
2024-03-26T13:00:00Z,61.56,63.14,61.4,62.14,2475100
2024-03-26T14:00:00Z,62.16,62.57,62.16,62.49,1008400
2024-03-26T15:00:00Z,62.51,62.8,62.07,62.8,1006800
2024-03-26T16:00:00Z,62.8,62.83,62.48,62.7,633400
2024-03-26T17:00:00Z,62.73,62.91,62.67,62.74,694900
2024-03-26T18:00:00Z,62.74,63.13,62.55,63.08,1135200
2024-03-26T19:00:00Z,63.08,63.14,63.04,63.08,1067900
2024-03-27T13:00:00Z,63.05,63.85,62.93,63.45,1336400
2024-03-27T14:00:00Z,63.45,63.6,63.33,63.54,654900
2024-03-27T15:00:00Z,63.54,63.57,63.31,63.44,140500
2024-03-27T16:00:00Z,63.45,63.75,63.41,63.65,223200
2024-03-27T17:00:00Z,63.64,63.69,63.39,63.39,226700
2024-03-27T18:00:00Z,63.39,63.66,63.34,63.5,502000
2024-03-27T19:00:00Z,63.51,63.95,63.5,63.86,1892100
2024-03-28T13:00:00Z,63.79,63.9,63.28,63.88,877100
2024-03-28T14:00:00Z,63.89,63.98,63.5,63.9,491600
2024-03-28T15:00:00Z,63.91,64.08,63.83,63.96,366800
2024-03-28T16:00:00Z,63.96,64.07,63.76,63.84,310700
2024-03-28T17:00:00Z,63.84,63.96,63.7,63.93,408400
2024-03-28T18:00:00Z,63.92,63.93,63.56,63.9,704400
2024-03-28T19:00:00Z,63.9,64.01,63.84,63.98,610900
2024-04-01T13:00:00Z,64,65.3,64,64.81,1493700
2024-04-01T14:00:00Z,64.78,64.86,64.51,64.54,453000
2024-04-01T15:00:00Z,64.55,64.56,64.24,64.32,472500
2024-04-01T16:00:00Z,64.31,64.37,64.1,64.24,339400
2024-04-01T17:00:00Z,64.24,64.35,64.16,64.33,604500
2024-04-01T18:00:00Z,64.33,64.58,64.33,64.51,549300
2024-04-01T19:00:00Z,64.51,64.85,64.47,64.79,767800
2024-04-02T13:00:00Z,64.62,65.51,64.62,65.08,697900
2024-04-02T14:00:00Z,65.1,65.44,64.85,64.97,978500
2024-04-02T15:00:00Z,64.97,64.99,64.67,64.83,323400
2024-04-02T16:00:00Z,64.82,64.91,64.66,64.7,406000
2024-04-02T17:00:00Z,64.7,64.83,64.61,64.71,499500
2024-04-02T18:00:00Z,64.71,64.81,64.4,64.41,572900
2024-04-02T19:00:00Z,64.41,65.26,64.3,65.15,1803700
2024-04-03T13:00:00Z,64.84,65.48,64.6,64.71,524500
2024-04-03T14:00:00Z,64.71,64.8,64.33,64.58,723600
2024-04-03T15:00:00Z,64.58,64.94,64.47,64.66,589400
2024-04-03T16:00:00Z,64.64,64.7,64.42,64.69,657600
2024-04-03T17:00:00Z,64.7,64.82,64.55,64.59,420800
2024-04-03T18:00:00Z,64.57,64.57,64.09,64.14,628000
2024-04-03T19:00:00Z,64.15,64.45,64.1,64.37,619500
2024-04-04T13:00:00Z,64.55,64.93,63.55,63.9,675900
2024-04-04T14:00:00Z,63.89,64.43,63.68,64.41,1277600
2024-04-04T15:00:00Z,64.38,64.57,64.05,64.3,509700
2024-04-04T16:00:00Z,64.27,64.34,64.12,64.26,332800
2024-04-04T17:00:00Z,64.27,64.3,63.82,63.86,795700
2024-04-04T18:00:00Z,63.86,63.92,63.5,63.64,635800
2024-04-04T19:00:00Z,63.65,63.72,63.48,63.7,870300
2024-04-05T13:00:00Z,63.55,63.76,63.01,63.19,507700
2024-04-05T14:00:00Z,63.19,63.27,62.96,63.24,957400
2024-04-05T15:00:00Z,63.26,63.31,62.84,62.94,229000
2024-04-05T16:00:00Z,62.96,63.13,62.9,62.91,317200
2024-04-05T17:00:00Z,62.92,62.92,62.31,62.39,637200
2024-04-05T18:00:00Z,62.41,62.67,62.22,62.6,505800
2024-04-05T19:00:00Z,62.6,62.87,62.5,62.86,676000
2024-04-08T13:00:00Z,62.8,62.92,62.38,62.76,523200
2024-04-08T14:00:00Z,62.77,62.85,62.35,62.65,473100
2024-04-08T15:00:00Z,62.65,62.75,62.35,62.71,284500
2024-04-08T16:00:00Z,62.72,62.82,62.62,62.67,178900
2024-04-08T17:00:00Z,62.68,62.76,62.59,62.6,282200
2024-04-08T18:00:00Z,62.61,62.62,62.39,62.48,281500
2024-04-08T19:00:00Z,62.48,62.69,62.35,62.38,655200
2024-04-09T13:00:00Z,62.6,63.29,62.22,62.33,457800
2024-04-09T14:00:00Z,62.33,62.44,61.95,62.09,884600
2024-04-09T15:00:00Z,62.08,62.23,61.94,62.05,886700
2024-04-09T16:00:00Z,62.08,62.1,61.67,61.72,524600
2024-04-09T17:00:00Z,61.72,62.04,61.7,61.88,491300
2024-04-09T18:00:00Z,61.89,62,61.77,61.99,862700
2024-04-09T19:00:00Z,61.98,62.01,61.86,61.99,1355700
2024-04-10T13:00:00Z,62.29,62.78,61.34,61.5,980700
2024-04-10T14:00:00Z,61.5,62.11,61.35,61.9,1787000
2024-04-10T15:00:00Z,61.91,62,61.27,61.27,734700
2024-04-10T16:00:00Z,61.27,61.7,61.22,61.59,412300
2024-04-10T17:00:00Z,61.57,61.72,61.37,61.56,699400
2024-04-10T18:00:00Z,61.55,61.87,61.5,61.61,892500
2024-04-10T19:00:00Z,61.6,61.8,61.55,61.76,696100
2024-04-11T13:00:00Z,61.22,61.65,61.08,61.44,1236300
2024-04-11T14:00:00Z,61.45,61.53,61.05,61.39,1116500
2024-04-11T15:00:00Z,61.39,61.49,61.26,61.46,330900
2024-04-11T16:00:00Z,61.46,61.47,61.11,61.14,370600
2024-04-11T17:00:00Z,61.14,61.17,61.02,61.11,485900
2024-04-11T18:00:00Z,61.12,61.38,61.08,61.22,835900
2024-04-11T19:00:00Z,61.23,61.36,61.18,61.23,1256800
2024-04-12T13:00:00Z,61.21,61.21,60.73,61.17,1268100
2024-04-12T14:00:00Z,61.17,61.34,61.1,61.25,908100
2024-04-12T15:00:00Z,61.25,61.77,61.25,61.51,627500
2024-04-12T16:00:00Z,61.52,61.84,61.52,61.55,487900
2024-04-12T17:00:00Z,61.54,61.67,61.13,61.21,513200
2024-04-12T18:00:00Z,61.2,61.26,60.95,61.13,345100
2024-04-12T19:00:00Z,61.12,61.42,61.01,61.08,908800
2024-04-15T13:00:00Z,61.2,61.33,60.4,61.02,1241300
2024-04-15T14:00:00Z,61.02,61.45,61,61.27,1105100
2024-04-15T15:00:00Z,61.26,61.8,61.2,61.65,1892100
2024-04-15T16:00:00Z,61.65,61.65,61.1,61.14,494600
2024-04-15T17:00:00Z,61.14,61.21,60.76,61.1,749000
2024-04-15T18:00:00Z,61.09,61.18,60.9,60.98,1041800
2024-04-15T19:00:00Z,60.98,61.05,60.9,61.05,648800
2024-04-16T13:00:00Z,60.47,61.5,60.2,61.21,1539500
2024-04-16T14:00:00Z,61.23,61.57,61.08,61.4,1637200
2024-04-16T15:00:00Z,61.4,61.57,61.25,61.51,786200
2024-04-16T16:00:00Z,61.52,62.2,61.4,62,1136900
2024-04-16T17:00:00Z,62,62.05,61.22,61.46,1022400
2024-04-16T18:00:00Z,61.46,61.62,61.15,61.27,809700
2024-04-16T19:00:00Z,61.28,61.45,61.23,61.36,950400
2024-04-17T13:00:00Z,61.25,61.77,60.7,60.73,593500
2024-04-17T14:00:00Z,60.72,61.11,60.64,61.06,584700
2024-04-17T15:00:00Z,61.06,61.24,61,61.11,421200
2024-04-17T16:00:00Z,61.12,61.2,60.98,61.16,555900
2024-04-17T17:00:00Z,61.15,61.32,61.01,61.15,503200
2024-04-17T18:00:00Z,61.15,61.22,60.94,61.01,1007600
2024-04-17T19:00:00Z,61.01,61.08,60.81,61.08,691900
2024-04-18T13:00:00Z,60.81,61.03,60.28,60.91,455300
2024-04-18T14:00:00Z,60.92,60.99,60.74,60.79,321500
2024-04-18T15:00:00Z,60.79,60.92,60.6,60.69,421500
2024-04-18T16:00:00Z,60.69,60.76,60.52,60.64,353000
2024-04-18T17:00:00Z,60.62,60.62,60.38,60.44,383300
2024-04-18T18:00:00Z,60.44,60.48,60.23,60.24,437800
2024-04-18T19:00:00Z,60.24,60.81,60.23,60.67,900700
2024-04-19T13:00:00Z,60.75,61.06,60.41,61,392600
2024-04-19T14:00:00Z,61.01,61.19,60.93,61.08,571700
2024-04-19T15:00:00Z,61.06,61.15,60.97,61.08,499800
2024-04-19T16:00:00Z,61.08,61.1,60.81,60.82,467000
2024-04-19T17:00:00Z,60.83,60.96,60.7,60.92,607000
2024-04-19T18:00:00Z,60.92,61.6,60.87,61.18,1342300
2024-04-19T19:00:00Z,61.18,61.49,61.1,61.45,726700
2024-04-22T13:00:00Z,61.43,61.86,60.61,61.04,841000
2024-04-22T14:00:00Z,61.04,61.25,60.92,60.98,790200
2024-04-22T15:00:00Z,60.96,61.06,60.8,60.98,439800
2024-04-22T16:00:00Z,60.99,60.99,60.72,60.88,331500
2024-04-22T17:00:00Z,60.89,61,60.7,60.81,431800
2024-04-22T18:00:00Z,60.81,60.9,60.73,60.85,391700
2024-04-22T19:00:00Z,60.85,61,60.71,60.73,668600
2024-04-23T13:00:00Z,60.36,60.49,59.93,60.34,587700
2024-04-23T14:00:00Z,60.32,60.45,60.1,60.25,552500
2024-04-23T15:00:00Z,60.25,60.3,60.12,60.21,452400
2024-04-23T16:00:00Z,60.22,60.54,60.12,60.53,360500
2024-04-23T17:00:00Z,60.53,60.59,60.29,60.38,603200
2024-04-23T18:00:00Z,60.39,60.47,60.29,60.46,215500
2024-04-23T19:00:00Z,60.46,60.55,60.27,60.45,576200
2024-04-24T13:00:00Z,60.29,60.4,59.91,60.36,520800
2024-04-24T14:00:00Z,60.36,60.39,59.97,60.17,534100
2024-04-24T15:00:00Z,60.18,60.53,60.17,60.26,521000
2024-04-24T16:00:00Z,60.26,60.34,60.1,60.24,436600
2024-04-24T17:00:00Z,60.22,60.3,60.03,60.11,631000
2024-04-24T18:00:00Z,60.1,60.35,60.05,60.27,548600
2024-04-24T19:00:00Z,60.28,60.43,60.25,60.39,538000
2024-04-25T13:00:00Z,60.18,60.29,59.78,60.1,892500
2024-04-25T14:00:00Z,60.11,60.86,60.1,60.76,496000
2024-04-25T15:00:00Z,60.75,60.93,60.48,60.53,481900
2024-04-25T16:00:00Z,60.52,60.52,60.2,60.22,402200
2024-04-25T17:00:00Z,60.23,60.42,60.03,60.24,498600
2024-04-25T18:00:00Z,60.23,60.28,60.07,60.09,569000
2024-04-25T19:00:00Z,60.1,60.15,59.95,60.01,852500
2024-04-26T13:00:00Z,60.1,60.49,59.72,60.35,457200
2024-04-26T14:00:00Z,60.37,60.67,59.9,60.25,511000
2024-04-26T15:00:00Z,60.24,60.37,59.97,60.2,226900
2024-04-26T16:00:00Z,60.2,60.21,59.85,59.94,235000
2024-04-26T17:00:00Z,59.95,60.03,59.81,59.85,451000
2024-04-26T18:00:00Z,59.84,59.93,59.69,59.89,320700
2024-04-26T19:00:00Z,59.88,59.94,59.46,59.7,1043100
2024-04-29T13:00:00Z,59.58,59.66,59.05,59.5,883400
2024-04-29T14:00:00Z,59.52,59.55,59.21,59.24,554100
2024-04-29T15:00:00Z,59.24,59.47,59.21,59.37,333900
2024-04-29T16:00:00Z,59.38,59.4,58.86,58.92,735400
2024-04-29T17:00:00Z,58.92,58.98,58.68,58.8,493100
2024-04-29T18:00:00Z,58.81,58.87,58.64,58.72,871200
2024-04-29T19:00:00Z,58.72,58.97,58.55,58.71,1092500
2024-04-30T13:00:00Z,58.92,59.21,58.44,58.62,840200
2024-04-30T14:00:00Z,58.6,58.79,58.36,58.44,813100
2024-04-30T15:00:00Z,58.45,58.51,58.1,58.26,707100
2024-04-30T16:00:00Z,58.26,58.52,58.15,58.16,508400
2024-04-30T17:00:00Z,58.2,58.49,58.15,58.43,461700
2024-04-30T18:00:00Z,58.43,58.53,58.13,58.3,573800
2024-04-30T19:00:00Z,58.31,58.47,58.3,58.46,2088200
2024-05-02T13:00:00Z,59.04,59.4,58.64,58.78,861800
2024-05-02T14:00:00Z,58.82,58.91,58.5,58.84,489400
2024-05-02T15:00:00Z,58.84,58.92,58.72,58.86,363600
2024-05-02T16:00:00Z,58.85,58.92,58.57,58.72,358500
2024-05-02T17:00:00Z,58.75,58.92,58.73,58.89,261200
2024-05-02T18:00:00Z,58.9,59.22,58.85,59.11,933900
2024-05-02T19:00:00Z,59.1,59.25,58.9,59.08,352100
2024-05-03T13:00:00Z,59.21,59.22,58.61,58.64,514400
2024-05-03T14:00:00Z,58.65,59.1,58.63,59.09,518700
2024-05-03T15:00:00Z,59.08,59.15,58.88,58.95,212000
2024-05-03T16:00:00Z,58.95,59.09,58.9,58.96,139200
2024-05-03T17:00:00Z,58.96,59.09,58.93,58.98,208900
2024-05-03T18:00:00Z,58.98,59.1,58.84,58.87,272400
2024-05-03T19:00:00Z,58.87,59.13,58.78,59.13,768800
2024-05-06T13:00:00Z,59.25,59.41,58.88,59.18,294200
2024-05-06T14:00:00Z,59.18,59.65,59.03,59.51,312500
2024-05-06T15:00:00Z,59.5,59.69,59.38,59.49,407800
2024-05-06T16:00:00Z,59.48,59.49,59.32,59.38,199400
2024-05-06T17:00:00Z,59.37,59.65,59.36,59.6,289200
2024-05-06T18:00:00Z,59.6,59.77,59.54,59.62,383900
2024-05-06T19:00:00Z,59.62,59.81,59.44,59.67,564000
2024-05-07T13:00:00Z,59.43,59.95,54.11,54.95,9139500
2024-05-07T14:00:00Z,54.96,55.57,54.23,54.39,9809500
2024-05-07T15:00:00Z,54.4,54.59,53.22,53.74,8566600
2024-05-07T16:00:00Z,53.73,53.87,53.42,53.5,4532000
2024-05-07T17:00:00Z,53.5,53.78,52.4,52.62,5408900
2024-05-07T18:00:00Z,52.62,52.75,51.86,52.1,6848500
2024-05-07T19:00:00Z,52.1,52.12,51.56,52.01,7388600
2024-05-08T13:00:00Z,53.22,53.67,52.2,52.82,8866200
2024-05-08T14:00:00Z,52.84,53.92,52.69,53.9,4147000
2024-05-08T15:00:00Z,53.91,54.23,53.75,53.97,2515000
2024-05-08T16:00:00Z,53.95,54.05,53.4,53.47,3545600
2024-05-08T17:00:00Z,53.46,53.77,53.17,53.24,1643000
2024-05-08T18:00:00Z,53.24,53.3,52.76,52.77,3592700
2024-05-08T19:00:00Z,52.77,52.8,52.33,52.4,6387500
2024-05-09T13:00:00Z,52.47,52.55,51.7,52.33,2248400
2024-05-09T14:00:00Z,52.35,53,52.3,52.8,3304900
2024-05-09T15:00:00Z,52.8,52.85,52,52.02,1757500
2024-05-09T16:00:00Z,52.04,52.51,51.96,52.38,1080600
2024-05-09T17:00:00Z,52.37,52.58,52.14,52.52,3884300
2024-05-09T18:00:00Z,52.52,52.69,52.43,52.57,1300900
2024-05-09T19:00:00Z,52.57,53,52.48,52.75,4483400
2024-05-10T13:00:00Z,51.05,53.35,50.05,52.15,5805700
2024-05-10T14:00:00Z,52.15,52.33,51.69,51.98,2548900
2024-05-10T15:00:00Z,51.98,52.24,51.62,51.86,1757500
2024-05-10T16:00:00Z,51.86,52.3,51.82,52.19,2510600
2024-05-10T17:00:00Z,52.19,52.45,52.08,52.2,1976900
2024-05-10T18:00:00Z,52.2,52.25,51.97,51.99,970700
2024-05-10T19:00:00Z,51.98,52.01,51.52,51.76,1545000
2024-05-13T13:00:00Z,51.76,51.84,50.94,51.4,1873500
2024-05-13T14:00:00Z,51.4,51.42,50.7,50.72,1465300
2024-05-13T15:00:00Z,50.73,50.82,50.27,50.4,2848700
2024-05-13T16:00:00Z,50.4,50.66,50.25,50.33,892200
2024-05-13T17:00:00Z,50.33,50.38,50.21,50.27,1331200
2024-05-13T18:00:00Z,50.27,50.51,50.12,50.44,4305000
2024-05-13T19:00:00Z,50.43,50.76,50.36,50.7,3261700
2024-05-14T13:00:00Z,50.99,51.49,50.87,51.27,1146100
2024-05-14T14:00:00Z,51.26,51.45,50.92,50.94,947600
2024-05-14T15:00:00Z,50.96,50.99,50.07,50.13,1475000
2024-05-14T16:00:00Z,50.15,50.26,49.85,50.09,1431400
2024-05-14T17:00:00Z,50.09,50.43,50.02,50.02,2285400
2024-05-14T18:00:00Z,50.02,50.23,49.91,50.11,2556900
2024-05-14T19:00:00Z,50.11,50.18,49.8,49.86,2151100
2024-05-15T13:00:00Z,49.83,50.36,49.71,50.04,2246800
2024-05-15T14:00:00Z,50.05,50.5,49.85,50.25,6244300
2024-05-15T15:00:00Z,50.26,50.62,50.25,50.39,2225900
2024-05-15T16:00:00Z,50.4,51,50.33,50.95,1294900
2024-05-15T17:00:00Z,50.93,51.09,50.64,50.76,985900
2024-05-15T18:00:00Z,50.77,50.79,50.44,50.51,1191200
2024-05-15T19:00:00Z,50.5,50.71,50.43,50.52,1475400
2024-05-16T13:00:00Z,50.83,51.39,50.83,50.85,2078700
2024-05-16T14:00:00Z,50.87,51.2,50.76,51.17,1456200
2024-05-16T15:00:00Z,51.19,51.28,51.02,51.06,1600700
2024-05-16T16:00:00Z,51.06,51.16,50.54,50.74,843900
2024-05-16T17:00:00Z,50.75,51.28,50.74,51.2,1798600
2024-05-16T18:00:00Z,51.21,51.5,51.15,51.36,1585200
2024-05-16T19:00:00Z,51.36,51.78,51.36,51.5,3007200
2024-05-17T13:00:00Z,51.37,51.56,50.96,51.53,1098500
2024-05-17T14:00:00Z,51.56,51.59,51.34,51.53,1280900
2024-05-17T15:00:00Z,51.53,51.69,51.42,51.54,1909400
2024-05-17T16:00:00Z,51.53,51.61,51.36,51.47,1685600
2024-05-17T17:00:00Z,51.45,51.72,51.42,51.5,1496400
2024-05-17T18:00:00Z,51.47,51.62,51.41,51.61,1033600
2024-05-17T19:00:00Z,51.61,51.65,51.42,51.49,1105300
2024-05-20T13:00:00Z,51.78,52.59,51.62,52.24,1973300
2024-05-20T14:00:00Z,52.24,52.39,52.13,52.2,1410100
2024-05-20T15:00:00Z,52.19,52.34,52.11,52.2,819400
2024-05-20T16:00:00Z,52.19,52.38,52.03,52.14,814600
2024-05-20T17:00:00Z,52.13,52.25,52.06,52.1,556300
2024-05-20T18:00:00Z,52.1,52.2,52.03,52.13,812800
2024-05-20T19:00:00Z,52.13,52.18,52.04,52.14,1394400
2024-05-21T13:00:00Z,50.49,50.61,49.06,49.52,6652200
2024-05-21T14:00:00Z,49.51,49.7,49.07,49.22,2510700
2024-05-21T15:00:00Z,49.22,49.28,49.04,49.1,1386400
2024-05-21T16:00:00Z,49.11,49.17,48.9,49.12,1592000
2024-05-21T17:00:00Z,49.12,49.28,49.1,49.2,1421600
2024-05-21T18:00:00Z,49.2,49.23,49.04,49.21,1155500
2024-05-21T19:00:00Z,49.21,49.21,48.99,49.16,2031500
2024-05-22T13:00:00Z,49.02,49.22,48.42,48.99,1710100
2024-05-22T14:00:00Z,48.96,49,48.79,48.93,1547600
2024-05-22T15:00:00Z,48.94,48.99,48.91,48.97,1159400
2024-05-22T16:00:00Z,48.97,48.99,48.9,48.92,356000
2024-05-22T17:00:00Z,48.94,48.96,48.48,48.53,1468100
2024-05-22T18:00:00Z,48.54,48.66,48.28,48.45,1015800
2024-05-22T19:00:00Z,48.46,48.53,48.1,48.21,1968000
2024-05-23T13:00:00Z,48.59,48.59,47.74,47.85,1614400
2024-05-23T14:00:00Z,47.84,48.14,47.74,48.12,3976800
2024-05-23T15:00:00Z,48.11,48.44,48.04,48.32,874100
2024-05-23T16:00:00Z,48.33,48.42,48.21,48.33,1273100
2024-05-23T17:00:00Z,48.33,48.76,48.32,48.75,4019800
2024-05-23T18:00:00Z,48.74,50.45,48.73,49.98,5194400
2024-05-23T19:00:00Z,49.97,50.9,49.97,50.57,3328800
2024-05-24T13:00:00Z,49.59,50.24,49.55,49.92,1844900
2024-05-24T14:00:00Z,49.93,49.99,49.42,49.56,1082600
2024-05-24T15:00:00Z,49.56,49.72,49.33,49.37,1005300
2024-05-24T16:00:00Z,49.37,49.38,49.01,49.02,545100
2024-05-24T17:00:00Z,49.04,49.57,48.8,49.37,2368800
2024-05-24T18:00:00Z,49.36,49.55,48.91,48.94,1772700
2024-05-24T19:00:00Z,48.93,49.17,48.9,48.99,1389100
2024-05-27T13:00:00Z,49.48,49.48,48.65,48.95,529400
2024-05-27T14:00:00Z,48.97,49.02,48.8,48.95,327400
2024-05-27T15:00:00Z,48.94,49.17,48.8,48.84,339500
2024-05-27T16:00:00Z,48.84,48.96,48.76,48.9,181300
2024-05-27T17:00:00Z,48.89,49.1,48.87,49.03,192900
2024-05-27T18:00:00Z,49.01,49.14,48.89,49,431000
2024-05-27T19:00:00Z,49,49.01,48.74,48.8,472100
2024-05-28T13:00:00Z,49.5,49.5,48.91,49.04,610100
2024-05-28T14:00:00Z,49.04,49.16,48.97,49.12,271700
2024-05-28T15:00:00Z,49.12,49.67,49.11,49.37,657000
2024-05-28T16:00:00Z,49.36,49.44,49.06,49.11,837100
2024-05-28T17:00:00Z,49.11,49.45,49.02,49.17,920500
2024-05-28T18:00:00Z,49.17,49.27,49.03,49.15,720700
2024-05-28T19:00:00Z,49.15,49.24,49.01,49.11,711800
2024-05-29T13:00:00Z,48.93,48.97,48.51,48.89,477700
2024-05-29T14:00:00Z,48.89,48.99,48.71,48.79,314900
2024-05-29T15:00:00Z,48.78,48.93,48.68,48.86,245900
2024-05-29T16:00:00Z,48.86,49.1,48.81,49.08,474700
2024-05-29T17:00:00Z,49.09,49.31,49.08,49.23,837000
2024-05-29T18:00:00Z,49.23,49.55,49.15,49.34,766300
2024-05-29T19:00:00Z,49.35,49.7,49.22,49.28,1088900
2024-05-31T13:00:00Z,49.3,49.6,48.83,49.07,718600
2024-05-31T14:00:00Z,49.07,49.24,48.71,49.02,1645100
2024-05-31T15:00:00Z,49.02,49.05,48.79,48.86,453000
2024-05-31T16:00:00Z,48.86,48.99,48.78,48.87,622700
2024-05-31T17:00:00Z,48.88,49.1,48.63,48.84,1176400
2024-05-31T18:00:00Z,48.84,49,48.7,48.74,954800
2024-05-31T19:00:00Z,48.73,48.93,48.65,48.82,1256700
2024-06-03T13:00:00Z,48.7,48.8,47.86,47.9,858200
2024-06-03T14:00:00Z,47.91,48.21,47.84,47.92,991600
2024-06-03T15:00:00Z,47.94,47.99,47.75,47.75,737900
2024-06-03T16:00:00Z,47.76,47.84,47.39,47.45,1180000
2024-06-03T17:00:00Z,47.46,47.72,47.3,47.56,915000
2024-06-03T18:00:00Z,47.55,47.68,47.18,47.45,1804900
2024-06-03T19:00:00Z,47.45,47.46,46.87,47,3705600
2024-06-04T13:00:00Z,46.95,47.05,46.18,46.66,2126100
2024-06-04T14:00:00Z,46.66,47.1,46.56,46.82,2623400
2024-06-04T15:00:00Z,46.82,47.02,46.71,46.75,624300
2024-06-04T16:00:00Z,46.76,46.82,46.65,46.76,948600
2024-06-04T17:00:00Z,46.76,46.96,46.75,46.94,886400
2024-06-04T18:00:00Z,46.94,46.95,46.72,46.74,684900
2024-06-04T19:00:00Z,46.74,47,46.67,46.98,813700
2024-06-05T13:00:00Z,46.85,46.91,46.48,46.58,694400
2024-06-05T14:00:00Z,46.58,46.93,46.51,46.59,633800
2024-06-05T15:00:00Z,46.59,46.87,46.5,46.68,671100
2024-06-05T16:00:00Z,46.69,46.85,46.58,46.62,426500
2024-06-05T17:00:00Z,46.63,46.73,46.41,46.42,569500
2024-06-05T18:00:00Z,46.43,46.68,46.38,46.59,1327700
2024-06-05T19:00:00Z,46.59,46.67,46.44,46.5,1083300
2024-06-06T13:00:00Z,46.7,47.96,46.45,47.9,2224200
2024-06-06T14:00:00Z,47.9,48.17,47.76,48.02,1274000
2024-06-06T15:00:00Z,48.02,48.34,47.99,48.07,827000
2024-06-06T16:00:00Z,48.08,48.19,47.74,48.04,981000
2024-06-06T17:00:00Z,48.05,48.18,47.8,47.86,806300
2024-06-06T18:00:00Z,47.86,48.2,47.53,48.17,2286500
2024-06-06T19:00:00Z,48.17,48.55,48.15,48.38,1871800
2024-06-07T13:00:00Z,48.69,50.12,48.21,49.19,2855500
2024-06-07T14:00:00Z,49.19,49.25,48.82,49.07,1033100
2024-06-07T15:00:00Z,49.06,49.08,48.46,48.47,659100
2024-06-07T16:00:00Z,48.49,48.83,48.12,48.51,1842600
2024-06-07T17:00:00Z,48.51,48.66,48.41,48.6,914600
2024-06-07T18:00:00Z,48.61,48.77,48.5,48.56,766700
2024-06-07T19:00:00Z,48.57,48.94,48.49,48.6,1652400
2024-06-10T13:00:00Z,48.61,49.22,48.16,48.9,1044700
2024-06-10T14:00:00Z,48.9,49.76,48.89,49.43,1000200
2024-06-10T15:00:00Z,49.45,49.91,49.42,49.87,1242700
2024-06-10T16:00:00Z,49.87,49.93,49.67,49.68,487300
2024-06-10T17:00:00Z,49.67,49.81,49.55,49.71,555400
2024-06-10T18:00:00Z,49.71,49.84,49.69,49.73,968000
2024-06-10T19:00:00Z,49.73,49.94,49.71,49.82,863000
2024-06-11T13:00:00Z,49.8,49.8,49.08,49.17,824000
2024-06-11T14:00:00Z,49.17,49.23,48.91,49.02,816800
2024-06-11T15:00:00Z,49.03,49.1,48.93,49.03,624800
2024-06-11T16:00:00Z,49.01,49.2,49,49.13,267800
2024-06-11T17:00:00Z,49.16,49.24,49.08,49.16,738800
2024-06-11T18:00:00Z,49.16,49.27,49.12,49.16,584500
2024-06-11T19:00:00Z,49.16,49.22,48.87,48.93,689400
2024-06-12T13:00:00Z,49.22,49.64,48.5,48.5,1415800
2024-06-12T14:00:00Z,48.5,48.78,48.25,48.36,987200
2024-06-12T15:00:00Z,48.37,48.82,48.35,48.72,882600
2024-06-12T16:00:00Z,48.72,49.11,48.55,49.02,1047500
2024-06-12T17:00:00Z,49.05,49.35,49,49.2,1343200
2024-06-12T18:00:00Z,49.22,49.22,48.78,48.94,994800
2024-06-12T19:00:00Z,48.96,49.18,48.81,48.91,1718200
2024-06-13T13:00:00Z,49.1,49.24,48.75,49.02,422300
2024-06-13T14:00:00Z,48.97,49.18,48.81,49.13,790800
2024-06-13T15:00:00Z,49.13,49.39,49.03,49.07,652400
2024-06-13T16:00:00Z,49.09,49.25,48.96,49.14,354600
2024-06-13T17:00:00Z,49.1,49.16,48.9,49.11,465500
2024-06-13T18:00:00Z,49.09,49.14,48.91,48.96,644600
2024-06-13T19:00:00Z,48.96,49.04,48.75,48.87,566000
2024-06-14T13:00:00Z,48.7,48.74,48.08,48.44,835100
2024-06-14T14:00:00Z,48.41,48.77,48.41,48.59,443200
2024-06-14T15:00:00Z,48.59,49.08,48.58,48.72,445000
2024-06-14T16:00:00Z,48.72,48.81,48.62,48.76,210800
2024-06-14T17:00:00Z,48.76,48.95,48.67,48.93,607300
2024-06-14T18:00:00Z,48.92,49.18,48.8,49.02,679600
2024-06-14T19:00:00Z,49.02,49.14,48.82,49.02,1621600
2024-06-17T13:00:00Z,48.9,48.98,48.35,48.51,777600
2024-06-17T14:00:00Z,48.48,48.82,48.39,48.65,662500
2024-06-17T15:00:00Z,48.65,48.9,48.56,48.67,357300
2024-06-17T16:00:00Z,48.67,48.7,48.52,48.56,292700
2024-06-17T17:00:00Z,48.57,48.58,48.38,48.48,349200
2024-06-17T18:00:00Z,48.5,48.56,48.41,48.47,376600
2024-06-17T19:00:00Z,48.47,48.58,48.44,48.52,610900
2024-06-18T13:00:00Z,48.64,49.12,48.47,48.96,1703800
2024-06-18T14:00:00Z,48.93,48.96,48.43,48.47,809900
2024-06-18T15:00:00Z,48.47,48.63,48.41,48.43,400000
2024-06-18T16:00:00Z,48.42,48.66,48.4,48.56,299600
2024-06-18T17:00:00Z,48.55,48.72,48.45,48.48,570700
2024-06-18T18:00:00Z,48.49,48.63,48.34,48.37,531300
2024-06-18T19:00:00Z,48.37,48.42,48.16,48.26,905000
2024-06-19T13:00:00Z,48.21,48.37,47.85,48.22,421500
2024-06-19T14:00:00Z,48.22,48.47,48.16,48.33,651100
2024-06-19T15:00:00Z,48.33,48.69,48.21,48.58,575800
2024-06-19T16:00:00Z,48.56,48.58,48.36,48.44,420500
2024-06-19T17:00:00Z,48.46,48.6,48.4,48.5,259800
2024-06-19T18:00:00Z,48.5,48.59,48.4,48.45,461100
2024-06-19T19:00:00Z,48.45,48.73,48.33,48.73,770700
2024-06-20T13:00:00Z,48.98,49.24,48.69,49.09,592600
2024-06-20T14:00:00Z,49.1,49.22,48.54,48.68,615700
2024-06-20T15:00:00Z,48.66,48.76,48.52,48.53,457800
2024-06-20T16:00:00Z,48.53,48.58,48.42,48.5,391500
2024-06-20T17:00:00Z,48.5,48.54,48.25,48.28,658300
2024-06-20T18:00:00Z,48.28,48.48,48.17,48.38,466400
2024-06-20T19:00:00Z,48.38,48.42,48.04,48.13,1226800
2024-06-21T13:00:00Z,48.15,49.09,47.92,49.06,1129800
2024-06-21T14:00:00Z,49.06,49.13,48.44,48.62,1857400
2024-06-21T15:00:00Z,48.63,48.68,48.31,48.38,794100
2024-06-21T16:00:00Z,48.39,48.64,48.3,48.57,980800
2024-06-21T17:00:00Z,48.56,48.61,48.45,48.54,749000
2024-06-21T18:00:00Z,48.54,48.86,48.5,48.86,1335300
2024-06-21T19:00:00Z,48.86,49.04,48.75,48.75,1299300
2024-06-24T13:00:00Z,48.75,49.35,48.75,49.08,952000
2024-06-24T14:00:00Z,49.08,49.5,49.05,49.5,721400
2024-06-24T15:00:00Z,49.5,49.69,49.42,49.68,442100
2024-06-24T16:00:00Z,49.66,49.78,49.37,49.4,596900
2024-06-24T17:00:00Z,49.4,49.8,49.37,49.7,826100
2024-06-24T18:00:00Z,49.7,49.7,49.42,49.5,733900
2024-06-24T19:00:00Z,49.49,49.9,49.49,49.66,1039400
2024-06-25T13:00:00Z,49.75,50.26,49.5,49.84,861100
2024-06-25T14:00:00Z,49.83,50.06,49.79,49.99,461800
2024-06-25T15:00:00Z,49.99,50.09,49.79,49.9,822000
2024-06-25T16:00:00Z,49.89,49.89,49.64,49.83,299400
2024-06-25T17:00:00Z,49.83,49.85,49.72,49.76,409000
2024-06-25T18:00:00Z,49.74,49.9,49.74,49.85,388100
2024-06-25T19:00:00Z,49.84,49.88,49.6,49.7,658900
2024-06-26T13:00:00Z,49.59,51.44,49.53,51.1,3157100
2024-06-26T14:00:00Z,51.08,51.08,50.62,50.69,1323100
2024-06-26T15:00:00Z,50.71,50.87,50.55,50.83,819800
2024-06-26T16:00:00Z,50.82,50.95,50.81,50.84,662100
2024-06-26T17:00:00Z,50.84,50.85,50.6,50.82,832600
2024-06-26T18:00:00Z,50.81,50.95,50.79,50.81,713000
2024-06-26T19:00:00Z,50.82,50.97,50.73,50.88,1004300
2024-06-27T13:00:00Z,59.09,59.09,56.51,57.43,15206000
2024-06-27T14:00:00Z,57.41,58.15,57.34,57.82,5280000
2024-06-27T15:00:00Z,57.81,58.5,57.61,58.49,3737700
2024-06-27T16:00:00Z,58.49,58.5,57.31,57.4,2121500
2024-06-27T17:00:00Z,57.39,57.7,56.9,56.96,1680600
2024-06-27T18:00:00Z,56.95,57.58,56.6,57.36,2418100
2024-06-27T19:00:00Z,57.36,57.71,57.3,57.49,2108200
2024-06-28T13:00:00Z,57.5,57.56,56.23,56.52,3301600
2024-06-28T14:00:00Z,56.53,56.86,56.36,56.84,1654400
2024-06-28T15:00:00Z,56.85,57.11,56.74,56.92,2085600
2024-06-28T16:00:00Z,56.92,57.45,56.89,57.42,1965300
2024-06-28T17:00:00Z,57.42,57.53,57.02,57.11,1592000
2024-06-28T18:00:00Z,57.12,57.3,56.89,57.28,1241800
2024-06-28T19:00:00Z,57.29,57.29,57.06,57.06,1413100
2024-07-01T13:00:00Z,57.17,57.94,57.11,57.28,1375100
2024-07-01T14:00:00Z,57.29,57.77,57.12,57.71,1307900
2024-07-01T15:00:00Z,57.72,57.76,57.07,57.19,642700
2024-07-01T16:00:00Z,57.19,57.37,57.11,57.36,681400
2024-07-01T17:00:00Z,57.35,57.8,57.27,57.77,891900
2024-07-01T18:00:00Z,57.78,57.8,57.52,57.58,789800
2024-07-01T19:00:00Z,57.56,57.68,57.44,57.51,969500
2024-07-02T13:00:00Z,57.5,58.09,57.39,57.94,1166300
2024-07-02T14:00:00Z,57.94,58.02,57.72,57.78,753000
2024-07-02T15:00:00Z,57.76,57.79,57.06,57.36,1182600
2024-07-02T16:00:00Z,57.37,57.5,57.14,57.21,512500
2024-07-02T17:00:00Z,57.22,57.45,57.2,57.26,643100
2024-07-02T18:00:00Z,57.27,57.73,57.24,57.65,918700
2024-07-02T19:00:00Z,57.65,57.75,57.36,57.57,1138400
2024-07-03T13:00:00Z,57.62,58.12,57.13,57.21,1415000
2024-07-03T14:00:00Z,57.24,57.32,56.37,56.86,2421300
2024-07-03T15:00:00Z,56.85,56.9,56.56,56.73,911000
2024-07-03T16:00:00Z,56.73,57.38,56.65,57.36,1098500
2024-07-03T17:00:00Z,57.36,57.54,57.16,57.34,744700
2024-07-03T18:00:00Z,57.34,57.77,57.28,57.65,1100100
2024-07-03T19:00:00Z,57.64,57.77,57.16,57.26,1130700
2024-07-04T13:00:00Z,57.73,57.73,56.62,56.73,1134700
2024-07-04T14:00:00Z,56.72,56.93,56.53,56.56,870200
2024-07-04T15:00:00Z,56.56,56.63,56,56.47,2059600
2024-07-04T16:00:00Z,56.48,56.7,56.37,56.61,1268500
2024-07-04T17:00:00Z,56.61,56.71,56.41,56.47,823500
2024-07-04T18:00:00Z,56.47,56.75,56.43,56.54,1049400
2024-07-04T19:00:00Z,56.54,56.94,56.48,56.71,1610100
2024-07-05T13:00:00Z,56.89,56.89,55.86,56.51,3991800
2024-07-05T14:00:00Z,56.51,56.75,55.62,55.89,2951700
2024-07-05T15:00:00Z,55.89,55.94,55.36,55.47,2187300
2024-07-05T16:00:00Z,55.46,55.69,55.34,55.65,702600
2024-07-05T17:00:00Z,55.66,55.67,54.92,55.15,2627700
2024-07-05T18:00:00Z,55.15,55.17,54.63,54.67,1564700
2024-07-05T19:00:00Z,54.67,55.08,54.56,54.83,1984400
2024-07-08T13:00:00Z,54.62,54.69,54.14,54.26,1205500
2024-07-08T14:00:00Z,54.25,54.46,53.66,53.68,1798700
2024-07-08T15:00:00Z,53.67,53.72,53.14,53.45,2794800
2024-07-08T16:00:00Z,53.45,53.7,53.21,53.33,1815600
2024-07-08T17:00:00Z,53.34,53.5,53.26,53.39,990800
2024-07-08T18:00:00Z,53.41,53.6,53.3,53.6,1778300
2024-07-08T19:00:00Z,53.6,53.61,53.3,53.36,1924700
2024-07-09T13:00:00Z,53.23,53.6,52.94,53.09,928900
2024-07-09T14:00:00Z,53.07,53.14,52.88,53.05,805300
2024-07-09T15:00:00Z,53.05,53.11,52.84,53,651500
2024-07-09T16:00:00Z,53,53.21,52.6,53.19,1691000
2024-07-09T17:00:00Z,53.21,53.23,52.95,53.05,515000
2024-07-09T18:00:00Z,53.05,53.09,52.75,52.81,698400
2024-07-09T19:00:00Z,52.83,52.9,52.63,52.68,1417300
2024-07-10T13:00:00Z,52.95,53.08,52.32,52.34,1140100
2024-07-10T14:00:00Z,52.33,52.58,52.18,52.45,1303300
2024-07-10T15:00:00Z,52.44,52.47,52.28,52.39,958600
2024-07-10T16:00:00Z,52.39,52.45,52.14,52.14,753800
2024-07-10T17:00:00Z,52.16,52.46,52.05,52.3,1883700
2024-07-10T18:00:00Z,52.29,52.52,52.25,52.43,970700
2024-07-10T19:00:00Z,52.43,52.61,52.38,52.6,877800
2024-07-11T13:00:00Z,52.55,52.99,52.28,52.82,714200
2024-07-11T14:00:00Z,52.82,53.37,52.8,52.99,825200
2024-07-11T15:00:00Z,52.99,53.2,52.85,53.02,568200
2024-07-11T16:00:00Z,53.02,53.16,52.92,53.1,195300
2024-07-11T17:00:00Z,53.1,53.1,52.79,52.79,395600
2024-07-11T18:00:00Z,52.79,52.92,52.56,52.85,431500
2024-07-11T19:00:00Z,52.87,53.05,52.71,52.99,612300
2024-07-12T13:00:00Z,53.05,53.56,52.42,52.69,1298100
2024-07-12T14:00:00Z,52.7,52.79,52.5,52.65,780500
2024-07-12T15:00:00Z,52.65,52.66,52.3,52.48,795900
2024-07-12T16:00:00Z,52.48,52.55,52.41,52.51,459600
2024-07-12T17:00:00Z,52.52,52.53,52.24,52.38,466700
2024-07-12T18:00:00Z,52.38,52.48,52.3,52.4,507300
2024-07-12T19:00:00Z,52.39,52.5,52.04,52.4,1891600
2024-07-15T13:00:00Z,52.58,53.7,52.58,53.38,1675900
2024-07-15T14:00:00Z,53.36,54.03,53,54.01,4130900
2024-07-15T15:00:00Z,54.03,54.81,53.84,54.64,2983200
2024-07-15T16:00:00Z,54.65,54.67,53.85,54.19,1032100
2024-07-15T17:00:00Z,54.16,54.54,54.05,54.5,630800
2024-07-15T18:00:00Z,54.5,54.52,54.28,54.48,1323100
2024-07-15T19:00:00Z,54.46,54.61,53.92,54.03,1494800
2024-07-16T13:00:00Z,54.5,55.19,54.19,54.46,1509900
2024-07-16T14:00:00Z,54.46,54.59,54.28,54.38,689600
2024-07-16T15:00:00Z,54.38,54.5,54.29,54.41,533600
2024-07-16T16:00:00Z,54.41,54.53,54.31,54.34,386100
2024-07-16T17:00:00Z,54.34,54.45,54.27,54.31,452000
2024-07-16T18:00:00Z,54.3,54.34,54.09,54.15,632900
2024-07-16T19:00:00Z,54.14,54.35,54.05,54.31,690900
2024-07-17T13:00:00Z,53.91,54.87,53.86,54.7,648300
2024-07-17T14:00:00Z,54.71,54.92,54.12,54.15,1123600
2024-07-17T15:00:00Z,54.15,54.36,54.06,54.14,421200
2024-07-17T16:00:00Z,54.15,54.26,54.09,54.21,464900
2024-07-17T17:00:00Z,54.22,54.33,54.15,54.25,590500
2024-07-17T18:00:00Z,54.25,54.25,54.09,54.13,492900
2024-07-17T19:00:00Z,54.14,54.18,54.01,54.13,663100
2024-07-18T13:00:00Z,54.32,54.62,54.16,54.48,827400
2024-07-18T14:00:00Z,54.48,54.66,54.14,54.27,1051700
2024-07-18T15:00:00Z,54.27,54.33,53.96,54.17,472700
2024-07-18T16:00:00Z,54.17,54.35,53.95,54.24,517100
2024-07-18T17:00:00Z,54.24,54.25,54.04,54.06,274400
2024-07-18T18:00:00Z,54.07,54.07,53.69,53.83,703300
2024-07-18T19:00:00Z,53.82,53.9,53.68,53.88,1413100
2024-07-19T13:00:00Z,54.11,54.14,53.59,53.81,557600
2024-07-19T14:00:00Z,53.79,53.99,53.68,53.78,980800
2024-07-19T15:00:00Z,53.78,54.06,53.78,53.95,594400
2024-07-19T16:00:00Z,53.94,54.1,53.84,53.85,443000
2024-07-19T17:00:00Z,53.84,53.9,53.7,53.89,823900
2024-07-19T18:00:00Z,53.88,53.89,53.58,53.59,598700
2024-07-19T19:00:00Z,53.59,53.77,53.43,53.77,1327600
2024-07-22T13:00:00Z,53.65,53.94,53.22,53.38,1469600
2024-07-22T14:00:00Z,53.36,53.52,53.3,53.34,922900
2024-07-22T15:00:00Z,53.31,53.4,52.72,52.84,1332600
2024-07-22T16:00:00Z,52.83,53.15,52.83,53.12,651700
2024-07-22T17:00:00Z,53.1,53.24,53.04,53.17,436200
2024-07-22T18:00:00Z,53.15,53.2,52.9,53.18,533100
2024-07-22T19:00:00Z,53.17,53.43,53.11,53.4,835600
2024-07-23T13:00:00Z,53.14,53.89,53.14,53.35,820600
2024-07-23T14:00:00Z,53.35,53.5,53.17,53.44,537500
2024-07-23T15:00:00Z,53.42,53.43,53.18,53.27,272700
2024-07-23T16:00:00Z,53.26,53.29,52.91,52.98,621100
2024-07-23T17:00:00Z,52.97,53.31,52.95,53.08,699200
2024-07-23T18:00:00Z,53.08,53.28,53.05,53.18,897200
2024-07-23T19:00:00Z,53.17,53.21,53.01,53.1,923000
2024-07-24T13:00:00Z,53.22,53.47,53.04,53.36,543100
2024-07-24T14:00:00Z,53.36,53.37,53,53.19,443500
2024-07-24T15:00:00Z,53.17,53.32,53,53.03,888000
2024-07-24T16:00:00Z,53.03,53.19,52.95,53,398800
2024-07-24T17:00:00Z,53.02,53.03,52.73,52.75,605300
2024-07-24T18:00:00Z,52.74,53.02,52.74,52.93,1113700
2024-07-24T19:00:00Z,52.93,53.08,52.89,52.96,796800
2024-07-25T13:00:00Z,53.21,54.16,53.1,53.27,1613700
2024-07-25T14:00:00Z,53.27,53.37,52.83,52.98,700900
2024-07-25T15:00:00Z,52.97,52.99,52.5,52.6,719300
2024-07-25T16:00:00Z,52.6,52.89,52.46,52.78,423800
2024-07-25T17:00:00Z,52.78,52.97,52.63,52.85,448900
2024-07-25T18:00:00Z,52.84,52.85,52.4,52.53,1069500
2024-07-25T19:00:00Z,52.54,52.81,52.54,52.67,1085300
2024-07-26T13:00:00Z,52.5,52.59,51.82,52,1352000
2024-07-26T14:00:00Z,52,52.1,51.82,51.82,1311000
2024-07-26T15:00:00Z,51.82,52.11,51.81,51.93,1443400
2024-07-26T16:00:00Z,51.93,52.04,51.89,51.89,318600
2024-07-26T17:00:00Z,51.89,51.98,51.85,51.93,1031200
2024-07-26T18:00:00Z,51.93,52.04,51.85,51.9,736700
2024-07-26T19:00:00Z,51.89,51.9,51.67,51.79,960800
2024-07-29T13:00:00Z,51.72,51.92,51.45,51.91,517900
2024-07-29T14:00:00Z,51.92,52.2,51.63,52.11,674900
2024-07-29T15:00:00Z,52.11,52.93,52.1,52.62,796200
2024-07-29T16:00:00Z,52.64,52.66,52.56,52.6,214300
2024-07-29T17:00:00Z,52.61,53.26,52.56,52.89,792400
2024-07-29T18:00:00Z,52.91,53.18,52.88,53,537700
2024-07-29T19:00:00Z,53.01,53.06,52.77,52.8,756800
2024-07-30T13:00:00Z,52.8,52.8,52.18,52.4,927100
2024-07-30T14:00:00Z,52.4,52.65,52.3,52.6,506900
2024-07-30T15:00:00Z,52.61,52.86,52.51,52.83,470400
2024-07-30T16:00:00Z,52.82,53.03,52.74,52.93,1477300
2024-07-30T17:00:00Z,52.94,53.34,52.86,53.3,1371700
2024-07-30T18:00:00Z,53.3,53.73,53.19,53.66,758300
2024-07-30T19:00:00Z,53.65,53.68,53.31,53.44,935800
2024-07-31T13:00:00Z,53.43,53.93,53.15,53.24,669400
2024-07-31T14:00:00Z,53.22,53.34,52.99,53.01,431300
2024-07-31T15:00:00Z,52.98,53.1,52.71,52.77,390800
2024-07-31T16:00:00Z,52.77,53.22,52.76,53.17,366600
2024-07-31T17:00:00Z,53.17,53.5,53.15,53.44,421900
2024-07-31T18:00:00Z,53.43,54.04,53.39,53.75,853600
2024-07-31T19:00:00Z,53.74,53.82,53.5,53.55,765200
2024-08-01T13:00:00Z,53.74,54.64,53.34,54.5,1037900
2024-08-01T14:00:00Z,54.52,54.67,53.95,54.02,600500
2024-08-01T15:00:00Z,54.01,54.22,53.95,53.98,421300
2024-08-01T16:00:00Z,53.99,54.14,53.74,53.96,578200
2024-08-01T17:00:00Z,53.95,54.2,53.81,54.18,577500
2024-08-01T18:00:00Z,54.17,54.19,53.9,53.91,510500
2024-08-01T19:00:00Z,53.9,54.01,53.7,53.88,755700
2024-08-02T13:00:00Z,53,54.06,52.94,53.3,937000
2024-08-02T14:00:00Z,53.32,53.52,52.97,53.28,839100
2024-08-02T15:00:00Z,53.28,53.36,53.06,53.24,1288800
2024-08-02T16:00:00Z,53.25,53.41,53.08,53.18,439500
2024-08-02T17:00:00Z,53.18,53.32,52.89,53.08,1747100
2024-08-02T18:00:00Z,53.07,53.38,52.99,53.3,626400
2024-08-02T19:00:00Z,53.3,53.42,52.92,52.93,1093600
2024-08-05T13:00:00Z,52.14,52.51,51.71,52.32,1225100
2024-08-05T14:00:00Z,52.32,52.54,52.11,52.5,694400
2024-08-05T15:00:00Z,52.5,53,52.35,52.9,706900
2024-08-05T16:00:00Z,52.9,52.99,52.66,52.89,494200
2024-08-05T17:00:00Z,52.9,52.98,52.73,52.96,430000
2024-08-05T18:00:00Z,52.95,53.16,52.76,52.83,815700
2024-08-05T19:00:00Z,52.85,53.01,52.79,52.91,1056800
2024-08-06T13:00:00Z,52.86,52.94,51.68,52.06,2173800
2024-08-06T14:00:00Z,52.05,52.26,51.82,52.16,2973500
2024-08-06T15:00:00Z,52.15,52.47,52.11,52.43,728900
2024-08-06T16:00:00Z,52.43,52.49,52.15,52.47,828200
2024-08-06T17:00:00Z,52.48,52.55,52.23,52.26,739200
2024-08-06T18:00:00Z,52.27,52.36,52.11,52.11,770600
2024-08-06T19:00:00Z,52.13,52.27,51.87,51.99,1502600
2024-08-07T13:00:00Z,51.79,52.68,51.33,52.65,1562500
2024-08-07T14:00:00Z,52.66,52.77,52.36,52.54,1433800
2024-08-07T15:00:00Z,52.54,52.65,52.35,52.51,420400
2024-08-07T16:00:00Z,52.51,52.56,51.81,51.82,663100
2024-08-07T17:00:00Z,51.82,52.11,51.82,52.04,396200
2024-08-07T18:00:00Z,52.04,52.14,51.85,52.12,476200
2024-08-07T19:00:00Z,52.12,52.15,51.86,51.97,570100
2024-08-08T13:00:00Z,51.9,52.86,51.72,52.8,651700
2024-08-08T14:00:00Z,52.79,53.55,52.6,53.31,1323100
2024-08-08T15:00:00Z,53.32,53.78,53.26,53.66,1249500
2024-08-08T16:00:00Z,53.66,53.76,53.45,53.65,861300
2024-08-08T17:00:00Z,53.68,53.97,53.58,53.92,657600
2024-08-08T18:00:00Z,53.93,54.08,53.6,53.74,984500
2024-08-08T19:00:00Z,53.75,53.95,53.58,53.67,961600
2024-08-09T13:00:00Z,55.23,55.69,54.18,54.79,2763700
2024-08-09T14:00:00Z,54.79,54.91,54.31,54.75,2339400
2024-08-09T15:00:00Z,54.75,54.99,54.36,54.52,2189400
2024-08-09T16:00:00Z,54.5,54.85,54.35,54.58,3055900
2024-08-09T17:00:00Z,54.58,54.65,54.26,54.33,1589800
2024-08-09T18:00:00Z,54.34,54.42,54.01,54.24,1679100
2024-08-09T19:00:00Z,54.24,54.73,54.11,54.38,3019000
2024-08-12T13:00:00Z,54.5,54.93,53.81,54.09,1618900
2024-08-12T14:00:00Z,54.09,54.45,54.05,54.44,748200
2024-08-12T15:00:00Z,54.41,54.6,54.38,54.49,627100
2024-08-12T16:00:00Z,54.47,54.56,54.42,54.46,418400
2024-08-12T17:00:00Z,54.45,54.48,54.21,54.26,616400
2024-08-12T18:00:00Z,54.26,54.34,54.12,54.32,561800
2024-08-12T19:00:00Z,54.3,54.47,54.09,54.42,1265000
2024-08-13T13:00:00Z,54.58,55.27,54.35,54.71,1553800
2024-08-13T14:00:00Z,54.7,54.82,54.47,54.51,727800
2024-08-13T15:00:00Z,54.52,54.7,54.46,54.61,485900
2024-08-13T16:00:00Z,54.59,54.7,54.53,54.63,507300
2024-08-13T17:00:00Z,54.59,54.69,54.54,54.61,864300
2024-08-13T18:00:00Z,54.61,54.67,54.44,54.47,1228800
2024-08-13T19:00:00Z,54.47,54.49,54.27,54.4,1400500
2024-08-14T13:00:00Z,54.51,54.83,54.36,54.78,824800
2024-08-14T14:00:00Z,54.79,55,54.53,54.61,1222700
2024-08-14T15:00:00Z,54.61,54.8,54.45,54.72,446100
2024-08-14T16:00:00Z,54.72,54.76,54.56,54.59,554600
2024-08-14T17:00:00Z,54.6,54.79,54.58,54.72,943200
2024-08-14T18:00:00Z,54.73,54.75,54.65,54.72,540700
2024-08-14T19:00:00Z,54.73,54.75,54.56,54.65,1231800
2024-08-15T13:00:00Z,54.97,54.99,54.46,54.54,927800
2024-08-15T14:00:00Z,54.54,54.54,53.8,53.85,901400
2024-08-15T15:00:00Z,53.84,54,53.66,53.68,585900
2024-08-15T16:00:00Z,53.67,53.75,53.44,53.56,692500
2024-08-15T17:00:00Z,53.57,53.66,53.29,53.33,1045900
2024-08-15T18:00:00Z,53.33,53.45,53.28,53.44,815500
2024-08-15T19:00:00Z,53.44,54.01,53.42,53.74,1509800
2024-08-16T13:00:00Z,53.51,54.46,53.5,53.64,1157600
2024-08-16T14:00:00Z,53.64,54.04,53.57,54.02,909000
2024-08-16T15:00:00Z,54.03,54.43,54.01,54.16,1153000
2024-08-16T16:00:00Z,54.14,54.32,54.1,54.2,476300
2024-08-16T17:00:00Z,54.2,54.39,54.15,54.29,662000
2024-08-16T18:00:00Z,54.29,54.43,54.24,54.25,657300
2024-08-16T19:00:00Z,54.25,54.5,54.24,54.41,1247500
2024-08-19T13:00:00Z,54.48,55.29,54.41,55.02,860700
2024-08-19T14:00:00Z,55,55.29,54.92,55.24,734400
2024-08-19T15:00:00Z,55.23,55.27,54.91,55.19,540000
2024-08-19T16:00:00Z,55.2,55.21,54.94,55.04,201500
2024-08-19T17:00:00Z,55.04,55.3,54.81,54.86,789000
2024-08-19T18:00:00Z,54.86,54.99,54.85,54.97,329000
2024-08-19T19:00:00Z,54.96,55.16,54.9,55,615300
2024-08-20T13:00:00Z,55.1,55.45,54.88,55.32,538000
2024-08-20T14:00:00Z,55.32,55.48,55.15,55.33,532400
2024-08-20T15:00:00Z,55.33,55.67,55.28,55.67,845900
2024-08-20T16:00:00Z,55.67,55.89,55.63,55.79,470200
2024-08-20T17:00:00Z,55.77,56.03,55.76,56.01,407000
2024-08-20T18:00:00Z,55.99,56.13,55.93,55.98,773700
2024-08-20T19:00:00Z,55.99,56.01,55.73,55.85,772200
2024-08-21T13:00:00Z,56.07,56.49,56.02,56.37,616700
2024-08-21T14:00:00Z,56.35,56.5,56.17,56.42,571200
2024-08-21T15:00:00Z,56.43,56.77,56.42,56.69,619000
2024-08-21T16:00:00Z,56.69,56.81,56.62,56.71,386500
2024-08-21T17:00:00Z,56.71,56.78,56.56,56.65,333800
2024-08-21T18:00:00Z,56.65,56.92,56.62,56.66,609500
2024-08-21T19:00:00Z,56.66,56.67,56.41,56.54,1040500
2024-08-22T13:00:00Z,56.44,57.09,56.22,56.61,617200
2024-08-22T14:00:00Z,56.61,56.92,56.53,56.71,767700
2024-08-22T15:00:00Z,56.69,56.76,56.38,56.41,487800
2024-08-22T16:00:00Z,56.42,56.5,56.27,56.32,265600
2024-08-22T17:00:00Z,56.33,56.4,56.03,56.04,434500
2024-08-22T18:00:00Z,56.04,56.3,56.01,56.22,529400
2024-08-22T19:00:00Z,56.21,56.42,56.12,56.31,537500
2024-08-23T13:00:00Z,56.41,56.49,55.65,55.77,593500
2024-08-23T14:00:00Z,55.77,56.33,55.77,56.15,1325900
2024-08-23T15:00:00Z,56.17,56.53,56.14,56.41,422600
2024-08-23T16:00:00Z,56.42,56.42,56.22,56.27,310900
2024-08-23T17:00:00Z,56.25,56.3,56.15,56.2,537200
2024-08-23T18:00:00Z,56.21,56.44,56.15,56.18,377100
2024-08-23T19:00:00Z,56.18,56.27,55.99,56.05,789600
2024-08-26T13:00:00Z,56.2,56.38,55.63,56.09,878500
2024-08-26T14:00:00Z,56.1,56.15,55.28,55.31,941500
2024-08-26T15:00:00Z,55.31,55.64,55.25,55.46,594200
2024-08-26T16:00:00Z,55.44,55.52,55.27,55.36,1059100
2024-08-26T17:00:00Z,55.35,55.47,55.26,55.32,451000
2024-08-26T18:00:00Z,55.32,55.34,55.14,55.19,730500
2024-08-26T19:00:00Z,55.19,55.34,55.06,55.14,821200
2024-08-27T13:00:00Z,55.3,55.48,54.8,55.24,734700
2024-08-27T14:00:00Z,55.24,55.39,55.08,55.36,415400
2024-08-27T15:00:00Z,55.36,55.44,55.2,55.32,305500
2024-08-27T16:00:00Z,55.33,55.66,55.25,55.62,391300
2024-08-27T17:00:00Z,55.63,55.8,55.59,55.67,273600
2024-08-27T18:00:00Z,55.67,55.77,55.55,55.6,648100
2024-08-27T19:00:00Z,55.6,55.74,55.49,55.53,719200
2024-08-28T13:00:00Z,55.5,55.85,55.4,55.75,577000
2024-08-28T14:00:00Z,55.75,56.18,55.75,55.96,854900
2024-08-28T15:00:00Z,55.98,56.26,55.9,56.19,573000
2024-08-28T16:00:00Z,56.15,56.2,56,56.15,215300
2024-08-28T17:00:00Z,56.14,56.2,56,56.08,265200
2024-08-28T18:00:00Z,56.08,56.2,55.97,56.14,516800
2024-08-28T19:00:00Z,56.14,56.2,56.05,56.08,1220400
2024-08-29T13:00:00Z,56.08,56.4,55.85,56.05,581200
2024-08-29T14:00:00Z,56.04,56.25,55.95,56.09,586800
2024-08-29T15:00:00Z,56.07,56.24,55.42,55.42,577500
2024-08-29T16:00:00Z,55.42,55.48,55.26,55.42,531200
2024-08-29T17:00:00Z,55.43,55.5,55.35,55.37,434100
2024-08-29T18:00:00Z,55.37,55.61,55.2,55.55,594500
2024-08-29T19:00:00Z,55.54,55.7,55.35,55.46,744400
2024-08-30T13:00:00Z,55.34,55.91,54.77,54.77,830800
2024-08-30T14:00:00Z,54.8,55.35,54.73,55.26,1235900
2024-08-30T15:00:00Z,55.26,55.34,55.07,55.13,504200
2024-08-30T16:00:00Z,55.14,55.28,54.9,55,364200
2024-08-30T17:00:00Z,55.01,55.04,54.83,55,632700
2024-08-30T18:00:00Z,54.99,55.14,54.84,55.07,871600
2024-08-30T19:00:00Z,55.06,55.2,54.9,54.98,1246800
2024-09-02T13:00:00Z,54.73,55.44,54.73,55.26,422800
2024-09-02T14:00:00Z,55.26,55.55,55.19,55.47,481700
2024-09-02T15:00:00Z,55.47,55.98,55.44,55.56,472700
2024-09-02T16:00:00Z,55.56,55.64,55.39,55.56,286200
2024-09-02T17:00:00Z,55.56,55.85,55.47,55.76,360500
2024-09-02T18:00:00Z,55.76,55.76,55.41,55.41,360100
2024-09-02T19:00:00Z,55.42,55.49,54.98,54.98,828800
2024-09-03T13:00:00Z,54.86,55.11,54.69,54.78,818200
2024-09-03T14:00:00Z,54.8,54.95,54.11,54.32,1094700
2024-09-03T15:00:00Z,54.32,54.48,54.21,54.42,450600
2024-09-03T16:00:00Z,54.4,54.56,54.37,54.47,377900
2024-09-03T17:00:00Z,54.49,54.66,54.37,54.6,354900
2024-09-03T18:00:00Z,54.59,54.87,54.57,54.58,418300
2024-09-03T19:00:00Z,54.58,54.78,54.54,54.69,636700
2024-09-04T13:00:00Z,54.91,55.3,54.6,55.3,727900
2024-09-04T14:00:00Z,55.29,55.47,54.99,55.46,806300
2024-09-04T15:00:00Z,55.45,55.78,55.44,55.7,541500
2024-09-04T16:00:00Z,55.69,55.99,55.68,55.8,552000
2024-09-04T17:00:00Z,55.78,55.86,55.41,55.51,403700
2024-09-04T18:00:00Z,55.52,55.63,55.33,55.44,346000
2024-09-04T19:00:00Z,55.43,55.65,55.43,55.51,516400
2024-09-05T13:00:00Z,55.1,55.47,54.81,54.83,351800
2024-09-05T14:00:00Z,54.81,55.15,54.66,55.01,493000
2024-09-05T15:00:00Z,55,55.15,54.69,54.74,278000
2024-09-05T16:00:00Z,54.71,54.83,54.51,54.74,879700
2024-09-05T17:00:00Z,54.73,54.8,54.52,54.72,450900
2024-09-05T18:00:00Z,54.73,55.29,54.65,55.04,939400
2024-09-05T19:00:00Z,55.03,55.31,54.95,55.26,928000
2024-09-06T13:00:00Z,55.13,55.42,54.8,55.1,437400
2024-09-06T14:00:00Z,55.09,55.18,54.65,54.68,471200
2024-09-06T15:00:00Z,54.67,54.86,54.44,54.58,846600
2024-09-06T16:00:00Z,54.57,54.6,54.38,54.5,332500
2024-09-06T17:00:00Z,54.48,54.57,54.32,54.5,332800
2024-09-06T18:00:00Z,54.49,54.51,54.24,54.36,311500
2024-09-06T19:00:00Z,54.37,54.56,54.35,54.38,544800
2024-09-09T13:00:00Z,54.36,54.65,54.17,54.56,319300
2024-09-09T14:00:00Z,54.57,54.63,54.37,54.45,311300
2024-09-09T15:00:00Z,54.44,54.62,54.4,54.5,283400
2024-09-09T16:00:00Z,54.5,54.52,54.21,54.3,259300
2024-09-09T17:00:00Z,54.29,54.4,54.21,54.28,394400
2024-09-09T18:00:00Z,54.29,54.29,54.11,54.25,342400
2024-09-09T19:00:00Z,54.25,54.25,54.01,54.13,517300
2024-09-10T13:00:00Z,54.11,55.56,54.05,55.39,1654000
2024-09-10T14:00:00Z,55.37,55.47,54.76,55.15,927200
2024-09-10T15:00:00Z,55.13,55.33,55.05,55.1,217500
2024-09-10T16:00:00Z,55.08,55.24,55.02,55.16,217600
2024-09-10T17:00:00Z,55.14,55.24,54.86,55.14,675300
2024-09-10T18:00:00Z,55.13,55.19,55.04,55.1,421000
2024-09-10T19:00:00Z,55.1,55.37,55.01,55.01,715000
2024-09-11T13:00:00Z,55.17,55.45,54.6,54.84,1307500
2024-09-11T14:00:00Z,54.84,55,54.69,54.72,1685000
2024-09-11T15:00:00Z,54.74,54.9,54.61,54.67,1391400
2024-09-11T16:00:00Z,54.68,54.75,54.58,54.72,303100
2024-09-11T17:00:00Z,54.72,55.2,54.7,55.08,527800
2024-09-11T18:00:00Z,55.08,55.23,54.92,55.19,620300
2024-09-11T19:00:00Z,55.19,55.29,55.09,55.15,586600
2024-09-12T13:00:00Z,54.75,55.31,54.66,54.71,341500
2024-09-12T14:00:00Z,54.72,54.75,54.21,54.35,625400
2024-09-12T15:00:00Z,54.35,54.49,54.24,54.29,311000
2024-09-12T16:00:00Z,54.3,54.42,54.26,54.39,237300
2024-09-12T17:00:00Z,54.39,54.45,54.24,54.26,509000
2024-09-12T18:00:00Z,54.25,54.66,54.2,54.53,554900
2024-09-12T19:00:00Z,54.53,54.53,54.29,54.4,527700
2024-09-13T13:00:00Z,54.39,54.98,54.38,54.72,680200
2024-09-13T14:00:00Z,54.73,54.85,54.58,54.68,374100
2024-09-13T15:00:00Z,54.68,54.71,54.55,54.65,171200
2024-09-13T16:00:00Z,54.66,54.72,54.37,54.39,243200
2024-09-13T17:00:00Z,54.39,54.47,54.26,54.26,191700
2024-09-13T18:00:00Z,54.27,54.33,54.16,54.23,345100
2024-09-13T19:00:00Z,54.21,54.35,54.21,54.26,266000
2024-09-16T13:00:00Z,54.33,54.43,53.66,53.69,392100
2024-09-16T14:00:00Z,53.69,53.81,53.53,53.6,395200
2024-09-16T15:00:00Z,53.6,53.7,53.53,53.57,349000
2024-09-16T16:00:00Z,53.55,53.58,53.21,53.23,469300
2024-09-16T17:00:00Z,53.23,53.4,53.21,53.27,482700
2024-09-16T18:00:00Z,53.28,53.29,53.02,53.13,495300
2024-09-16T19:00:00Z,53.14,53.19,52.83,53,1282400
2024-09-17T13:00:00Z,52.83,53.2,52.53,53,771700
2024-09-17T14:00:00Z,53.01,53.54,52.97,53.27,1123200
2024-09-17T15:00:00Z,53.25,53.4,53.14,53.16,220200
2024-09-17T16:00:00Z,53.16,53.26,53.1,53.18,254700
2024-09-17T17:00:00Z,53.19,53.35,53.07,53.35,398900
2024-09-17T18:00:00Z,53.35,53.39,53.2,53.27,276400
2024-09-17T19:00:00Z,53.28,53.31,53.19,53.24,332400
2024-09-18T13:00:00Z,53.02,53.51,53,53.48,561100
2024-09-18T14:00:00Z,53.47,53.49,53.13,53.27,280700
2024-09-18T15:00:00Z,53.27,53.33,53.17,53.17,228300
2024-09-18T16:00:00Z,53.17,53.3,53.15,53.29,156500
2024-09-18T17:00:00Z,53.3,53.31,53.15,53.18,215700
2024-09-18T18:00:00Z,53.18,53.45,52.67,52.67,1310500
2024-09-18T19:00:00Z,52.68,52.76,52.43,52.49,801700
2024-09-19T13:00:00Z,52.51,52.9,52.44,52.56,672600
2024-09-19T14:00:00Z,52.56,52.75,52.39,52.56,1079500
2024-09-19T15:00:00Z,52.54,52.76,52.5,52.6,527000
2024-09-19T16:00:00Z,52.63,52.73,52.49,52.61,515500
2024-09-19T17:00:00Z,52.61,52.71,52.48,52.56,466600
2024-09-19T18:00:00Z,52.56,52.78,52.45,52.68,699800
2024-09-19T19:00:00Z,52.68,52.69,52.5,52.59,721000
2024-09-20T13:00:00Z,52.52,52.63,52.02,52.38,511400
2024-09-20T14:00:00Z,52.36,52.48,52.18,52.28,649700
2024-09-20T15:00:00Z,52.29,52.67,52.29,52.38,883900
2024-09-20T16:00:00Z,52.38,52.53,52.27,52.29,553500
2024-09-20T17:00:00Z,52.29,52.35,52.07,52.26,645300
2024-09-20T18:00:00Z,52.26,52.35,52.11,52.21,797300
2024-09-20T19:00:00Z,52.21,52.3,52.09,52.16,607000
2024-09-23T13:00:00Z,52.05,52.1,51.17,51.29,1425800
2024-09-23T14:00:00Z,51.3,51.64,51.26,51.52,2777200
2024-09-23T15:00:00Z,51.51,51.8,51.5,51.73,580500
2024-09-23T16:00:00Z,51.72,51.76,51.52,51.66,492100
2024-09-23T17:00:00Z,51.66,51.67,51.45,51.45,424200
2024-09-23T18:00:00Z,51.46,51.74,51.41,51.55,532700
2024-09-23T19:00:00Z,51.53,51.7,51.49,51.55,674500
2024-09-24T13:00:00Z,52.06,52.7,51.86,52.69,758500
2024-09-24T14:00:00Z,52.7,53.17,52.66,52.73,884700
2024-09-24T15:00:00Z,52.74,52.92,52.56,52.88,646700
2024-09-24T16:00:00Z,52.88,53.27,52.7,53.18,610200
2024-09-24T17:00:00Z,53.17,53.27,53.03,53.08,547100
2024-09-24T18:00:00Z,53.07,53.16,52.8,52.91,517700
2024-09-24T19:00:00Z,52.93,53.14,52.86,52.98,879500
2024-09-25T13:00:00Z,52.86,53.07,52.4,52.4,378100
2024-09-25T14:00:00Z,52.4,52.73,52.23,52.59,459900
2024-09-25T15:00:00Z,52.59,52.59,52.4,52.41,301200
2024-09-25T16:00:00Z,52.4,52.51,52.36,52.39,234600
2024-09-25T17:00:00Z,52.39,52.44,52.29,52.31,309100
2024-09-25T18:00:00Z,52.31,52.5,52.31,52.36,339700
2024-09-25T19:00:00Z,52.36,52.39,52.16,52.29,336500
2024-09-26T13:00:00Z,52.29,53.18,52.29,53,709300
2024-09-26T14:00:00Z,53,53.3,52.79,53.22,819400
2024-09-26T15:00:00Z,53.24,53.83,53.2,53.67,893600
2024-09-26T16:00:00Z,53.64,54.08,53.43,54.03,1052800
2024-09-26T17:00:00Z,54.02,54.06,53.76,54.04,527700
2024-09-26T18:00:00Z,54.04,54.29,54.04,54.15,625900
2024-09-26T19:00:00Z,54.17,54.34,54.04,54.12,1411700
2024-09-27T13:00:00Z,54.02,54.65,53.94,54.56,1394200
2024-09-27T14:00:00Z,54.55,54.93,54.45,54.87,496400
2024-09-27T15:00:00Z,54.87,54.93,54.4,54.48,511000
2024-09-27T16:00:00Z,54.48,54.58,54.33,54.41,384300
2024-09-27T17:00:00Z,54.41,54.6,54.36,54.48,501900
2024-09-27T18:00:00Z,54.5,54.53,54.37,54.45,482100
2024-09-27T19:00:00Z,54.44,54.59,54.36,54.5,488500
2024-09-30T13:00:00Z,54.06,54.84,54.03,54.51,290700
2024-09-30T14:00:00Z,54.51,54.93,54.51,54.9,498600
2024-09-30T15:00:00Z,54.88,54.98,54.55,54.57,350000
2024-09-30T16:00:00Z,54.55,54.6,54.3,54.36,523900
2024-09-30T17:00:00Z,54.35,54.5,54.33,54.45,373000
2024-09-30T18:00:00Z,54.43,54.5,54.32,54.42,446400
2024-09-30T19:00:00Z,54.42,54.44,54.27,54.38,603400
2024-10-01T13:00:00Z,54.51,54.89,54.51,54.68,439900
2024-10-01T14:00:00Z,54.68,54.91,54.63,54.71,542600
2024-10-01T15:00:00Z,54.71,54.83,54.6,54.67,551300
2024-10-01T16:00:00Z,54.67,54.76,54.61,54.63,427700
2024-10-01T17:00:00Z,54.64,54.72,54.46,54.66,680900
2024-10-01T18:00:00Z,54.66,55.11,54.66,55.08,887300
2024-10-01T19:00:00Z,55.07,55.19,54.82,54.88,909600
2024-10-02T13:00:00Z,55.25,55.77,55.15,55.24,525300
2024-10-02T14:00:00Z,55.25,55.52,55.16,55.36,848500
2024-10-02T15:00:00Z,55.37,55.45,55.14,55.14,1152700
2024-10-02T16:00:00Z,55.15,55.3,55.07,55.12,455000
2024-10-02T17:00:00Z,55.12,55.17,55.06,55.07,208600
2024-10-02T18:00:00Z,55.07,55.08,54.81,54.91,250900
2024-10-02T19:00:00Z,54.9,54.98,54.85,54.98,268700
2024-10-03T13:00:00Z,54.44,54.64,54.14,54.3,530900
2024-10-03T14:00:00Z,54.28,54.51,54.19,54.5,667300
2024-10-03T15:00:00Z,54.48,54.69,54.34,54.54,308600
2024-10-03T16:00:00Z,54.55,54.78,54.45,54.66,360300
2024-10-03T17:00:00Z,54.65,54.68,54.47,54.52,256000
2024-10-03T18:00:00Z,54.52,54.94,54.5,54.78,322100
2024-10-03T19:00:00Z,54.78,54.82,54.62,54.78,701600
2024-10-04T13:00:00Z,54.5,55.42,54.5,55.39,644100
2024-10-04T14:00:00Z,55.38,55.45,55.09,55.19,392800
2024-10-04T15:00:00Z,55.19,55.33,55.12,55.24,207700
2024-10-04T16:00:00Z,55.24,55.36,55.21,55.26,229400
2024-10-04T17:00:00Z,55.26,55.43,55.19,55.29,392100
2024-10-04T18:00:00Z,55.33,55.67,55.29,55.67,716900
2024-10-04T19:00:00Z,55.67,55.68,55.4,55.64,721900
2024-10-07T13:00:00Z,55.8,55.94,55.41,55.72,486600
2024-10-07T14:00:00Z,55.72,56.38,55.7,56.15,497600
2024-10-07T15:00:00Z,56.15,56.15,55.72,55.85,360000
2024-10-07T16:00:00Z,55.85,55.94,55.62,55.73,344400
2024-10-07T17:00:00Z,55.73,55.87,55.64,55.79,287100
2024-10-07T18:00:00Z,55.8,55.8,55.54,55.71,440800
2024-10-07T19:00:00Z,55.7,55.92,55.66,55.77,421400
2024-10-08T13:00:00Z,55.48,55.48,54.58,54.94,947700
2024-10-08T14:00:00Z,54.94,55.15,54.85,55.1,652200
2024-10-08T15:00:00Z,55.12,55.22,55.05,55.21,565900
2024-10-08T16:00:00Z,55.2,55.36,55.09,55.24,245600
2024-10-08T17:00:00Z,55.24,55.62,55.18,55.58,366600
2024-10-08T18:00:00Z,55.56,55.81,55.55,55.67,492400
2024-10-08T19:00:00Z,55.67,55.8,55.6,55.76,486000
2024-10-09T13:00:00Z,55.32,55.7,55.32,55.34,588900
2024-10-09T14:00:00Z,55.33,55.47,55.13,55.21,956600
2024-10-09T15:00:00Z,55.2,55.34,55.08,55.21,704100
2024-10-09T16:00:00Z,55.2,55.21,54.93,55,894700
2024-10-09T17:00:00Z,54.99,55.02,54.71,54.74,554400
2024-10-09T18:00:00Z,54.74,54.8,54.51,54.68,1036400
2024-10-09T19:00:00Z,54.67,54.69,54.33,54.4,892900
2024-10-10T13:00:00Z,54.38,54.44,53.82,54,625400
2024-10-10T14:00:00Z,54.02,54.26,53.97,53.99,414300
2024-10-10T15:00:00Z,53.97,54.11,53.71,53.82,950200
2024-10-10T16:00:00Z,53.82,54.02,53.8,53.86,216400
2024-10-10T17:00:00Z,53.86,54.09,53.8,54.02,489700
2024-10-10T18:00:00Z,54.02,54.05,53.94,54,242400
2024-10-10T19:00:00Z,53.99,54.17,53.97,54.13,430100
2024-10-11T13:00:00Z,54.13,54.39,53.86,54.34,520900
2024-10-11T14:00:00Z,54.33,55.22,54.32,55.21,1162000
2024-10-11T15:00:00Z,55.22,55.25,54.79,54.82,452200
2024-10-11T16:00:00Z,54.8,54.87,54.52,54.81,599200
2024-10-11T17:00:00Z,54.79,54.82,54.11,54.19,452300
2024-10-11T18:00:00Z,54.17,54.57,54.17,54.46,897500
2024-10-11T19:00:00Z,54.45,54.46,54.14,54.19,858700
2024-10-14T13:00:00Z,54.1,54.46,53.8,54.37,390300
2024-10-14T14:00:00Z,54.37,54.6,53.8,53.9,708900
2024-10-14T15:00:00Z,53.9,54.09,53.7,54.09,501200
2024-10-14T16:00:00Z,54.1,54.53,54.04,54.43,392200
2024-10-14T17:00:00Z,54.45,54.46,54.18,54.33,252700
2024-10-14T18:00:00Z,54.32,54.45,54.23,54.41,223800
2024-10-14T19:00:00Z,54.41,55.13,54.4,54.92,745000
2024-10-15T13:00:00Z,54.56,54.86,54.09,54.23,1573200
2024-10-15T14:00:00Z,54.21,54.48,54.2,54.21,419700
2024-10-15T15:00:00Z,54.21,54.56,54.18,54.35,274200
2024-10-15T16:00:00Z,54.35,54.71,54.23,54.36,394700
2024-10-15T17:00:00Z,54.37,54.57,54.32,54.42,191500
2024-10-15T18:00:00Z,54.43,54.61,54.37,54.5,288500
2024-10-15T19:00:00Z,54.49,54.67,54.42,54.54,343500
2024-10-16T13:00:00Z,54.78,54.87,54.2,54.22,749100
2024-10-16T14:00:00Z,54.2,54.51,54.16,54.48,570800
2024-10-16T15:00:00Z,54.5,54.5,54.21,54.29,258500
2024-10-16T16:00:00Z,54.3,54.68,54.26,54.58,313500
2024-10-16T17:00:00Z,54.6,54.6,54.45,54.5,373200
2024-10-16T18:00:00Z,54.5,54.57,54.43,54.51,433400
2024-10-16T19:00:00Z,54.51,54.54,54.26,54.42,641000
2024-10-17T13:00:00Z,54.2,54.75,53.8,54.6,1091600
2024-10-17T14:00:00Z,54.6,54.64,54.37,54.53,361800
2024-10-17T15:00:00Z,54.54,54.87,54.46,54.69,545100
2024-10-17T16:00:00Z,54.66,54.84,54.54,54.82,442700
2024-10-17T17:00:00Z,54.81,55.01,54.76,54.96,319700
2024-10-17T18:00:00Z,54.98,55.34,54.92,55.12,531100
2024-10-17T19:00:00Z,55.12,55.24,55.05,55.05,531600
2024-10-18T13:00:00Z,55.2,55.53,54.84,55.18,630700
2024-10-18T14:00:00Z,55.19,55.6,55.04,55.45,710200
2024-10-18T15:00:00Z,55.45,55.62,55.35,55.47,471500
2024-10-18T16:00:00Z,55.48,55.55,55.39,55.41,315500
2024-10-18T17:00:00Z,55.41,55.49,55.36,55.44,558700
2024-10-18T18:00:00Z,55.43,55.68,55.4,55.52,674400
2024-10-18T19:00:00Z,55.51,55.94,55.49,55.8,1000300
2024-10-21T13:00:00Z,55.58,56.78,55.55,56.61,947800
2024-10-21T14:00:00Z,56.6,56.95,56.43,56.79,1351800
2024-10-21T15:00:00Z,56.79,56.87,56.53,56.82,564800
2024-10-21T16:00:00Z,56.83,56.96,56.58,56.88,507600
2024-10-21T17:00:00Z,56.88,56.91,56.69,56.8,533200
2024-10-21T18:00:00Z,56.8,56.9,56.57,56.61,758300
2024-10-21T19:00:00Z,56.61,56.75,56.08,56.26,1366200
2024-10-22T13:00:00Z,56.03,56.59,55.86,56.55,2498600
2024-10-22T14:00:00Z,56.55,57.2,56.38,57.19,1223900
2024-10-22T15:00:00Z,57.19,57.99,57.17,57.88,1184000
2024-10-22T16:00:00Z,57.89,58.19,57.72,57.81,727600
2024-10-22T17:00:00Z,57.83,57.85,57.4,57.6,820700
2024-10-22T18:00:00Z,57.59,58.02,57.56,57.64,1229400
2024-10-22T19:00:00Z,57.64,57.77,57.59,57.69,1056600
2024-10-23T13:00:00Z,57.52,58.21,57.41,57.52,738000
2024-10-23T14:00:00Z,57.52,57.65,57.39,57.6,719200
2024-10-23T15:00:00Z,57.59,57.69,57.47,57.57,766500
2024-10-23T16:00:00Z,57.57,57.58,57.25,57.33,384700
2024-10-23T17:00:00Z,57.33,57.71,57.29,57.69,383400
2024-10-23T18:00:00Z,57.69,57.71,57.37,57.41,478800
2024-10-23T19:00:00Z,57.41,57.62,57.28,57.41,775100
2024-10-24T13:00:00Z,57.4,57.92,57.28,57.72,492400
2024-10-24T14:00:00Z,57.73,57.79,57.36,57.37,307800
2024-10-24T15:00:00Z,57.38,57.56,57.37,57.39,259600
2024-10-24T16:00:00Z,57.4,57.49,57.18,57.46,367100
2024-10-24T17:00:00Z,57.46,57.97,57.44,57.7,809700
2024-10-24T18:00:00Z,57.7,57.72,57.5,57.65,464300
2024-10-24T19:00:00Z,57.66,57.96,57.65,57.67,1384900
2024-10-25T13:00:00Z,58.3,59.92,58.18,59.51,4266400
2024-10-25T14:00:00Z,59.51,59.56,58.92,59.27,2087700
2024-10-25T15:00:00Z,59.28,59.43,58.97,59.05,594000
2024-10-25T16:00:00Z,59.05,59.2,58.94,58.96,592300
2024-10-25T17:00:00Z,58.97,59.69,58.95,59.37,1261900
2024-10-25T18:00:00Z,59.37,59.49,59.11,59.22,1075300
2024-10-25T19:00:00Z,59.22,59.25,58.9,59.19,1200100
2024-10-28T13:00:00Z,59.27,60.67,59.03,59.98,1747400
2024-10-28T14:00:00Z,59.97,60.16,59.7,59.77,1086400
2024-10-28T15:00:00Z,59.77,59.82,59.53,59.63,732600
2024-10-28T16:00:00Z,59.62,59.71,59.26,59.41,554800
2024-10-28T17:00:00Z,59.43,59.48,59.32,59.39,303400
2024-10-28T18:00:00Z,59.39,59.43,59.27,59.34,609500
2024-10-28T19:00:00Z,59.33,59.4,59.15,59.38,1910500
2024-10-29T13:00:00Z,59.49,59.89,59.29,59.6,455900
2024-10-29T14:00:00Z,59.61,59.7,59.31,59.32,468300
2024-10-29T15:00:00Z,59.31,59.46,59.07,59.3,755900
2024-10-29T16:00:00Z,59.29,59.44,59.17,59.32,438800
2024-10-29T17:00:00Z,59.32,59.75,59.32,59.65,637700
2024-10-29T18:00:00Z,59.65,59.8,59.52,59.63,1076900
2024-10-29T19:00:00Z,59.63,59.75,59.36,59.5,837000
2024-10-30T13:00:00Z,59.32,60.29,59.32,60.22,589400
2024-10-30T14:00:00Z,60.21,60.38,59.63,60.01,1369900
2024-10-30T15:00:00Z,60.01,60.28,59.99,60.08,610900
2024-10-30T16:00:00Z,60.08,60.25,59.95,60.13,493100
2024-10-30T17:00:00Z,60.11,60.14,59.94,59.96,505900
2024-10-30T18:00:00Z,59.97,60.2,59.96,60.07,437900
2024-10-30T19:00:00Z,60.07,60.3,60.04,60.28,900200
2024-10-31T13:00:00Z,60.21,60.88,60.14,60.65,1130400
2024-10-31T14:00:00Z,60.65,60.68,59.99,60.26,1410700
2024-10-31T15:00:00Z,60.24,60.3,60.05,60.11,416400
2024-10-31T16:00:00Z,60.11,60.17,59.58,59.88,616800
2024-10-31T17:00:00Z,59.88,59.97,59.66,59.81,441100
2024-10-31T18:00:00Z,59.8,59.94,59.68,59.85,775000
2024-10-31T19:00:00Z,59.85,59.94,59.59,59.71,1195100
2024-11-01T13:00:00Z,59.8,60.19,59.45,59.72,1381800
2024-11-01T14:00:00Z,59.7,60.15,59.53,59.96,862300
2024-11-01T15:00:00Z,59.97,60.11,59.8,59.98,409900
2024-11-01T16:00:00Z,59.97,60.14,59.88,59.97,697600
2024-11-01T17:00:00Z,59.96,60.01,59.71,59.81,519700
2024-11-01T18:00:00Z,59.83,59.96,59.7,59.91,628300
2024-11-01T19:00:00Z,59.91,60.04,59.8,60.03,946100
2024-11-04T13:00:00Z,60,60.15,59.67,59.78,626300
2024-11-04T14:00:00Z,59.78,60,59.69,59.76,543800
2024-11-04T15:00:00Z,59.75,59.86,59.51,59.76,625600
2024-11-04T16:00:00Z,59.76,59.87,59.58,59.85,579500
2024-11-04T17:00:00Z,59.84,59.97,59.65,59.85,470500
2024-11-04T18:00:00Z,59.83,59.89,59.72,59.75,427800
2024-11-04T19:00:00Z,59.74,59.95,59.65,59.85,383300
2024-11-04T20:00:00Z,59.85,60,59.84,59.96,408000
2024-11-05T13:00:00Z,60.17,60.63,59.94,60.21,566500
2024-11-05T14:00:00Z,60.21,60.5,60.17,60.25,255800
2024-11-05T15:00:00Z,60.25,60.33,60.14,60.16,185200
2024-11-05T16:00:00Z,60.15,60.2,60.06,60.15,177700
2024-11-05T17:00:00Z,60.15,60.19,59.9,60.04,970000
2024-11-05T18:00:00Z,60.03,60.12,59.94,59.97,377300
2024-11-05T19:00:00Z,59.97,60.19,59.9,60.09,278400
2024-11-05T20:00:00Z,60.08,60.39,60.05,60.3,563400
2024-11-06T13:00:00Z,60,61.41,59.8,60.43,1371200
2024-11-06T14:00:00Z,60.45,60.57,60.16,60.36,432600
2024-11-06T15:00:00Z,60.35,60.81,59.65,59.69,1094800
2024-11-06T16:00:00Z,59.68,59.74,59.43,59.65,999000
2024-11-06T17:00:00Z,59.65,60.13,59.59,60.11,513100
2024-11-06T18:00:00Z,60.11,60.15,59.63,59.74,732100
2024-11-06T19:00:00Z,59.74,59.83,59.49,59.61,816900
2024-11-06T20:00:00Z,59.62,59.62,59.2,59.26,994100
2024-11-07T13:00:00Z,59.11,59.47,58.69,58.8,730400
2024-11-07T14:00:00Z,58.8,59.15,58.61,58.63,1071200
2024-11-07T15:00:00Z,58.62,58.83,58.43,58.52,675200
2024-11-07T16:00:00Z,58.51,58.71,58.39,58.67,605500
2024-11-07T17:00:00Z,58.66,59.18,58.51,58.97,1203500
2024-11-07T18:00:00Z,58.98,59.3,58.81,59.14,1771800
2024-11-07T19:00:00Z,59.15,59.25,59,59.24,673000
2024-11-07T20:00:00Z,59.23,59.26,58.88,59,1350200
2024-11-08T13:00:00Z,59.03,59.03,57.96,58.12,708200
2024-11-08T14:00:00Z,58.14,58.95,58.13,58.24,708200
2024-11-08T15:00:00Z,58.22,58.98,57.8,58.04,689900
2024-11-08T16:00:00Z,58.04,58.15,57.81,57.84,486700
2024-11-08T17:00:00Z,57.84,58.1,57.65,58.09,498500
2024-11-08T18:00:00Z,58.07,58.43,58.06,58.25,798800
2024-11-08T19:00:00Z,58.26,58.61,58.21,58.53,572700
2024-11-08T20:00:00Z,58.52,58.57,58.25,58.44,500300
2024-11-11T13:00:00Z,58.95,59.05,58.18,58.33,425000
2024-11-11T14:00:00Z,58.31,58.44,58,58.1,219100
2024-11-11T15:00:00Z,58.12,58.33,58.08,58.2,155000
2024-11-11T16:00:00Z,58.22,58.37,58.08,58.33,99400
2024-11-11T17:00:00Z,58.31,58.35,58.08,58.08,175400
2024-11-11T18:00:00Z,58.08,58.15,57.86,58.08,365400
2024-11-11T19:00:00Z,58.08,58.1,57.9,57.92,359700
2024-11-11T20:00:00Z,57.92,58.43,57.9,58.17,1152900
2024-11-12T13:00:00Z,58.17,59.02,58.1,58.82,763000
2024-11-12T14:00:00Z,58.82,59,58.42,58.76,629500
2024-11-12T15:00:00Z,58.76,58.96,58.55,58.91,701700
2024-11-12T16:00:00Z,58.9,59.09,58.74,58.81,393500
2024-11-12T17:00:00Z,58.81,59.36,58.73,59.29,735900
2024-11-12T18:00:00Z,59.27,59.3,59.12,59.25,401500
2024-11-12T19:00:00Z,59.25,59.41,59.17,59.31,699800
2024-11-12T20:00:00Z,59.31,59.37,59.19,59.24,674200
2024-11-13T13:00:00Z,59.38,59.53,58.99,59.02,312000
2024-11-13T14:00:00Z,59.05,59.58,59,59.24,473800
2024-11-13T15:00:00Z,59.22,59.7,59.2,59.64,552300
2024-11-13T16:00:00Z,59.65,59.69,59.42,59.54,314400
2024-11-13T17:00:00Z,59.53,59.69,59.48,59.66,436700
2024-11-13T18:00:00Z,59.67,59.79,59.6,59.62,392300
2024-11-13T19:00:00Z,59.62,59.93,59.62,59.79,812800
2024-11-13T20:00:00Z,59.79,59.95,59.68,59.73,1140900
2024-11-14T13:00:00Z,60.88,60.88,59.47,59.91,422800
2024-11-14T14:00:00Z,59.9,60.12,59.56,60.08,695200
2024-11-14T15:00:00Z,60.06,60.42,60.03,60.15,944200
2024-11-14T16:00:00Z,60.15,60.89,60.13,60.75,848600
2024-11-14T17:00:00Z,60.75,60.87,60.49,60.78,911800
2024-11-14T18:00:00Z,60.8,60.81,60.48,60.51,561100
2024-11-14T19:00:00Z,60.5,60.65,60.48,60.59,552700
2024-11-14T20:00:00Z,60.58,60.67,60.39,60.62,1685000
2024-11-18T13:00:00Z,60.3,60.59,59.98,60.48,448200
2024-11-18T14:00:00Z,60.5,60.87,60.32,60.39,770200
2024-11-18T15:00:00Z,60.38,60.62,60.28,60.56,234900
2024-11-18T16:00:00Z,60.56,60.74,60.39,60.58,254400
2024-11-18T17:00:00Z,60.58,61.08,60.56,61.04,356100
2024-11-18T18:00:00Z,61.04,61.05,60.48,60.49,837000
2024-11-18T19:00:00Z,60.48,60.64,60.42,60.57,603400
2024-11-18T20:00:00Z,60.56,60.89,60.53,60.89,438700
2024-11-19T13:00:00Z,60.61,60.98,60.55,60.57,244800
2024-11-19T14:00:00Z,60.58,60.93,60.58,60.87,222000
2024-11-19T15:00:00Z,60.87,60.91,60.7,60.78,149700
2024-11-19T16:00:00Z,60.79,60.84,60.57,60.69,165400
2024-11-19T17:00:00Z,60.68,60.77,60.6,60.62,205800
2024-11-19T18:00:00Z,60.61,60.61,60.27,60.32,322700
2024-11-19T19:00:00Z,60.32,60.51,60.31,60.42,302300
2024-11-19T20:00:00Z,60.44,60.51,60.31,60.31,301400
2024-11-21T13:00:00Z,60.23,61.11,60.2,60.54,709400
2024-11-21T14:00:00Z,60.53,60.88,60.2,60.84,1079700
2024-11-21T15:00:00Z,60.82,61.19,60.73,61.01,706900
2024-11-21T16:00:00Z,61.03,61.05,60.75,60.8,410200
2024-11-21T17:00:00Z,60.79,60.9,60.73,60.79,459800
2024-11-21T18:00:00Z,60.78,60.81,60.57,60.73,488700
2024-11-21T19:00:00Z,60.73,60.8,60.68,60.77,484300
2024-11-21T20:00:00Z,60.76,61.08,60.76,60.93,757600
2024-11-22T13:00:00Z,60.79,61.34,60.34,60.69,740900
2024-11-22T14:00:00Z,60.67,60.83,60.31,60.39,742500
2024-11-22T15:00:00Z,60.38,60.75,60.37,60.58,252900
2024-11-22T16:00:00Z,60.58,60.82,60.54,60.79,226400
2024-11-22T17:00:00Z,60.81,60.95,60.75,60.78,305600
2024-11-22T18:00:00Z,60.79,60.93,60.75,60.86,374800
2024-11-22T19:00:00Z,60.86,60.98,60.68,60.69,288300
2024-11-22T20:00:00Z,60.7,60.96,60.62,60.7,404200
2024-11-25T13:00:00Z,60.38,60.85,60.17,60.51,443900
2024-11-25T14:00:00Z,60.51,60.75,60.27,60.74,1058500
2024-11-25T15:00:00Z,60.74,60.98,60.6,60.91,731900
2024-11-25T16:00:00Z,60.91,60.91,60.48,60.5,402400
2024-11-25T17:00:00Z,60.51,60.59,60.34,60.53,313700
2024-11-25T18:00:00Z,60.52,60.54,60.23,60.31,548200
2024-11-25T19:00:00Z,60.3,60.34,59.94,59.94,1462400
2024-11-25T20:00:00Z,59.95,60.25,59.87,60.12,1664900
2024-11-26T13:00:00Z,60.07,60.18,59.57,59.86,458600
2024-11-26T14:00:00Z,59.84,60.03,59.43,59.49,619400
2024-11-26T15:00:00Z,59.49,59.67,59.42,59.55,490600
2024-11-26T16:00:00Z,59.54,59.56,59.18,59.47,621600
2024-11-26T17:00:00Z,59.46,59.49,59.02,59.08,608500
2024-11-26T18:00:00Z,59.07,59.14,58.76,58.84,2079900
2024-11-26T19:00:00Z,58.83,59.04,58.72,58.97,887800
2024-11-26T20:00:00Z,58.96,59.32,58.96,59.02,1643800
2024-11-27T13:00:00Z,59.31,59.46,59.08,59.18,212000
2024-11-27T14:00:00Z,59.19,60.12,59.14,60.12,493700
2024-11-27T15:00:00Z,60.11,60.15,59.75,59.78,325500
2024-11-27T16:00:00Z,59.78,59.82,59.27,59.48,594800
2024-11-27T17:00:00Z,59.5,60.42,59.44,59.92,1993700
2024-11-27T18:00:00Z,59.93,60.2,59.76,59.89,1606800
2024-11-27T19:00:00Z,59.9,60.15,59.83,59.85,1476700
2024-11-27T20:00:00Z,59.85,59.87,59.56,59.62,1942700
2024-11-28T13:00:00Z,59.59,61.48,59.4,61.1,1677700
2024-11-28T14:00:00Z,61.08,61.98,60.96,61.67,1773000
2024-11-28T15:00:00Z,61.69,61.93,61.35,61.41,693900
2024-11-28T16:00:00Z,61.41,61.44,61.02,61.08,597500
2024-11-28T17:00:00Z,61.08,61.66,61.06,61.46,739000
2024-11-28T18:00:00Z,61.45,61.77,61.34,61.44,763500
2024-11-28T19:00:00Z,61.45,61.86,61.38,61.57,1035400
2024-11-28T20:00:00Z,61.59,61.7,61.11,61.4,1433300
2024-11-29T13:00:00Z,61.9,63.3,61.66,62.94,2601500
2024-11-29T14:00:00Z,62.96,63.14,62.04,62.08,2506000
2024-11-29T15:00:00Z,62.07,62.35,61.77,62.24,1853300
2024-11-29T16:00:00Z,62.24,62.55,61.92,62.02,1025300
2024-11-29T17:00:00Z,62.02,62.4,61.82,62.17,1026500
2024-11-29T18:00:00Z,62.17,62.4,62.03,62.12,756500
2024-11-29T19:00:00Z,62.13,62.33,61.99,62.08,1010200
2024-11-29T20:00:00Z,62.07,62.3,62,62.29,1215500
2024-12-02T13:00:00Z,62.06,62.85,61.85,62.82,667400
2024-12-02T14:00:00Z,62.81,62.93,62.3,62.41,1218900
2024-12-02T15:00:00Z,62.41,62.55,62.04,62.2,649500
2024-12-02T16:00:00Z,62.19,62.23,61.87,61.92,461600
2024-12-02T17:00:00Z,61.9,62,61.63,61.66,725200
2024-12-02T18:00:00Z,61.66,61.76,61.53,61.75,672900
2024-12-02T19:00:00Z,61.75,62,61.65,62,1401400
2024-12-02T20:00:00Z,62,62.2,61.95,62.1,903000
2024-12-03T13:00:00Z,62,62.39,61.8,62.18,697600
2024-12-03T14:00:00Z,62.16,62.49,62.01,62.46,538700
2024-12-03T15:00:00Z,62.44,63.3,62.38,62.82,1284100
2024-12-03T16:00:00Z,62.81,63.28,62.63,63.17,786100
2024-12-03T17:00:00Z,63.18,63.3,63.12,63.21,559100
2024-12-03T18:00:00Z,63.22,63.29,63.04,63.08,738700
2024-12-03T19:00:00Z,63.08,63.29,62.94,63.19,1088200
2024-12-03T20:00:00Z,63.17,63.38,63.09,63.38,918500
2024-12-04T13:00:00Z,64.2,65.06,64.13,64.78,1892500
2024-12-04T14:00:00Z,64.78,65.35,64.66,65.04,1221500
2024-12-04T15:00:00Z,65.04,65.28,64.49,64.62,1619300
2024-12-04T16:00:00Z,64.59,64.71,64.55,64.64,837800
2024-12-04T17:00:00Z,64.64,64.7,64.55,64.64,690100
2024-12-04T18:00:00Z,64.64,65.01,64.6,64.63,821400
2024-12-04T19:00:00Z,64.62,64.75,64.5,64.54,676900
2024-12-04T20:00:00Z,64.54,65.17,64.48,65.15,1264400
2024-12-05T13:00:00Z,65.02,65.3,64.2,64.45,1441000
2024-12-05T14:00:00Z,64.44,64.93,64.21,64.44,908700
2024-12-05T15:00:00Z,64.44,64.46,63.66,64.24,2532200
2024-12-05T16:00:00Z,64.23,64.37,64.01,64.2,538200
2024-12-05T17:00:00Z,64.19,64.58,64.16,64.58,496100
2024-12-05T18:00:00Z,64.58,64.71,64.5,64.64,6409500
2024-12-05T19:00:00Z,64.62,65.47,64.62,65.34,1703100
2024-12-05T20:00:00Z,65.34,65.34,64.96,65.1,1020200
2024-12-06T13:00:00Z,65.1,65.38,64.6,65.14,813500
2024-12-06T14:00:00Z,65.14,65.14,64.84,65.11,460700
2024-12-06T15:00:00Z,65.08,65.35,65.03,65.28,1423600
2024-12-06T16:00:00Z,65.29,65.62,65.21,65.49,404400
2024-12-06T17:00:00Z,65.48,65.52,65.22,65.46,410000
2024-12-06T18:00:00Z,65.45,65.66,65.26,65.54,770700
2024-12-06T19:00:00Z,65.54,65.64,65.38,65.39,768300
2024-12-06T20:00:00Z,65.38,65.45,65.19,65.26,1012100
2024-12-09T13:00:00Z,65.47,65.98,65.27,65.37,855600
2024-12-09T14:00:00Z,65.36,65.56,65.2,65.47,513500
2024-12-09T15:00:00Z,65.48,65.69,65.4,65.63,388800
2024-12-09T16:00:00Z,65.62,65.83,65.6,65.83,343500
2024-12-09T17:00:00Z,65.82,66.14,65.79,65.97,654500
2024-12-09T18:00:00Z,65.96,66.04,65.9,66.02,368300
2024-12-09T19:00:00Z,66.02,66.81,65.97,66.79,813300
2024-12-09T20:00:00Z,66.79,66.8,66.51,66.62,860300
2024-12-10T13:00:00Z,66.79,66.82,65.3,65.42,1362600
2024-12-10T14:00:00Z,65.45,65.6,65.32,65.37,853900
2024-12-10T15:00:00Z,65.38,65.55,64.9,64.97,978800
2024-12-10T16:00:00Z,64.97,65.15,64.57,65.12,845300
2024-12-10T17:00:00Z,65.12,65.24,64.85,65.14,701200
2024-12-10T18:00:00Z,65.14,65.18,64.61,64.61,500500
2024-12-10T19:00:00Z,64.61,64.91,64.51,64.83,677900
2024-12-10T20:00:00Z,64.83,64.89,64.52,64.62,874100
2024-12-11T13:00:00Z,64.34,64.91,63.82,64.77,730500
2024-12-11T14:00:00Z,64.77,64.81,63.63,64.39,1080600
2024-12-11T15:00:00Z,64.4,64.64,64.21,64.23,831900
2024-12-11T16:00:00Z,64.21,64.64,64.2,64.58,594700
2024-12-11T17:00:00Z,64.58,64.68,64.37,64.44,605100
2024-12-11T18:00:00Z,64.43,64.49,64.24,64.26,527500
2024-12-11T19:00:00Z,64.24,64.81,63.89,64.06,2705300
2024-12-11T20:00:00Z,64.06,64.41,63.4,64.11,2323500
2024-12-12T13:00:00Z,62.85,63.7,62.36,62.88,1543900
2024-12-12T14:00:00Z,62.89,62.9,62.54,62.69,1166500
2024-12-12T15:00:00Z,62.68,62.92,62.48,62.86,879200
2024-12-12T16:00:00Z,62.85,63.06,62.76,62.85,610300
2024-12-12T17:00:00Z,62.83,63.73,62.76,63.67,2048100
2024-12-12T18:00:00Z,63.69,63.79,63.5,63.59,650400
2024-12-12T19:00:00Z,63.59,63.59,63.12,63.2,830000
2024-12-12T20:00:00Z,63.22,63.3,62.96,63,1176700
2024-12-13T13:00:00Z,63.3,63.34,62.46,62.5,551400
2024-12-13T14:00:00Z,62.5,62.85,62.45,62.57,709300
2024-12-13T15:00:00Z,62.57,62.67,62.27,62.48,1008700
2024-12-13T16:00:00Z,62.48,62.79,62.45,62.7,491500
2024-12-13T17:00:00Z,62.71,62.86,62.47,62.52,631000
2024-12-13T18:00:00Z,62.52,62.84,62.43,62.54,1072800
2024-12-13T19:00:00Z,62.55,62.68,62.46,62.59,547000
2024-12-13T20:00:00Z,62.6,62.67,62.33,62.33,787700
2024-12-16T13:00:00Z,62.9,63,62.42,62.6,386200
2024-12-16T14:00:00Z,62.58,63.61,62.53,63.6,974800
2024-12-16T15:00:00Z,63.58,64.07,63.45,63.82,1246400
2024-12-16T16:00:00Z,63.82,63.84,63.35,63.38,557700
2024-12-16T17:00:00Z,63.38,64.05,63.3,64,866000
2024-12-16T18:00:00Z,64,64.21,63.7,63.95,1073500
2024-12-16T19:00:00Z,63.95,64.05,63.84,63.84,890100
2024-12-16T20:00:00Z,63.86,63.9,63.45,63.7,2138500
2024-12-17T13:00:00Z,62.54,63.19,62.11,63.04,1256400
2024-12-17T14:00:00Z,63.05,63.09,62.56,62.8,838600
2024-12-17T15:00:00Z,62.78,63,62.65,62.96,468200
2024-12-17T16:00:00Z,62.96,63.21,62.84,63.1,1049200
2024-12-17T17:00:00Z,63.11,63.3,62.98,63.11,537700
2024-12-17T18:00:00Z,63.13,63.22,62.29,62.38,862700
2024-12-17T19:00:00Z,62.38,62.64,62.15,62.25,679600
2024-12-17T20:00:00Z,62.24,62.3,62.05,62.21,4209800
2024-12-18T13:00:00Z,62.08,62.61,61.83,62.55,767500
2024-12-18T14:00:00Z,62.57,62.6,61.57,61.98,933600
2024-12-18T15:00:00Z,61.98,62.1,61.26,61.45,1166300
2024-12-18T16:00:00Z,61.46,61.62,61.22,61.36,1274100
2024-12-18T17:00:00Z,61.36,61.81,61.34,61.76,877600
2024-12-18T18:00:00Z,61.78,62.08,61.77,61.93,830800
2024-12-18T19:00:00Z,61.94,62.47,61.86,62.12,1197800
2024-12-18T20:00:00Z,62.1,62.12,61.66,61.95,1704100
2024-12-19T13:00:00Z,61.94,61.94,61.15,61.15,544900
2024-12-19T14:00:00Z,61.15,61.96,61.02,61.2,1831400
2024-12-19T15:00:00Z,61.21,61.34,60.96,61.09,566800
2024-12-19T16:00:00Z,61.09,61.12,60.75,60.75,625800
2024-12-19T17:00:00Z,60.76,60.94,60.53,60.6,884600
2024-12-19T18:00:00Z,60.58,60.69,60.41,60.68,655300
2024-12-19T19:00:00Z,60.68,61,60.55,60.61,695100
2024-12-19T20:00:00Z,60.61,60.7,60.32,60.54,1042200
2024-12-20T13:00:00Z,60,60.05,59.35,59.63,1072100
2024-12-20T14:00:00Z,59.62,60.03,59.53,59.62,808000
2024-12-20T15:00:00Z,59.62,59.99,59.45,59.51,703000
2024-12-20T16:00:00Z,59.51,59.52,59.17,59.34,558900
2024-12-20T17:00:00Z,59.32,59.67,59.25,59.61,564300
2024-12-20T18:00:00Z,59.61,59.83,59.5,59.54,873200
2024-12-20T19:00:00Z,59.55,59.79,59.42,59.71,1040200
2024-12-20T20:00:00Z,59.73,59.76,59.38,59.39,1513600
2024-12-23T13:00:00Z,59.68,60,59.13,59.23,1196300
2024-12-23T14:00:00Z,59.22,59.74,59.16,59.65,427500
2024-12-23T15:00:00Z,59.63,59.7,59.42,59.67,422200
2024-12-23T16:00:00Z,59.66,60.02,59.52,60.01,525000
2024-12-23T17:00:00Z,60,61.13,59.82,60.88,1852800
2024-12-23T18:00:00Z,60.88,61.22,60.71,61.05,739600
2024-12-23T19:00:00Z,61.06,61.35,61.03,61.27,585900
2024-12-23T20:00:00Z,61.27,61.4,61.08,61.39,877600
2024-12-26T13:00:00Z,61.5,61.82,61.16,61.72,440000
2024-12-26T14:00:00Z,61.72,61.85,61.32,61.64,538600
2024-12-26T15:00:00Z,61.63,61.89,61.63,61.73,363200
2024-12-26T16:00:00Z,61.73,61.92,61.64,61.72,280500
2024-12-26T17:00:00Z,61.71,62.09,61.67,61.89,473900
2024-12-26T18:00:00Z,61.88,62.15,61.84,62.05,307500
2024-12-26T19:00:00Z,62.05,62.14,61.86,62.05,695500
2024-12-26T20:00:00Z,62.04,62.17,61.94,62.08,517700
2024-12-27T13:00:00Z,62.1,62.32,61.38,61.47,354600
2024-12-27T14:00:00Z,61.45,61.9,61.05,61.57,570200
2024-12-27T15:00:00Z,61.57,61.59,61.38,61.55,362500
2024-12-27T16:00:00Z,61.55,62.11,61.46,61.94,440600
2024-12-27T17:00:00Z,61.94,61.94,61.61,61.68,319500
2024-12-27T18:00:00Z,61.68,61.87,61.64,61.68,435500
2024-12-27T19:00:00Z,61.67,61.69,61.53,61.67,434600
2024-12-27T20:00:00Z,61.66,61.81,61.58,61.69,821200
2024-12-30T13:00:00Z,61.9,62.13,61.74,62.05,160700
2024-12-30T14:00:00Z,62.08,62.13,61.88,61.97,251100
2024-12-30T15:00:00Z,61.98,62.15,61.75,61.96,440500
2024-12-30T16:00:00Z,61.96,62.13,61.82,61.82,334800
2024-12-30T17:00:00Z,61.82,61.95,61.73,61.84,328300
2024-12-30T18:00:00Z,61.86,61.9,61.77,61.86,243100
2024-12-30T19:00:00Z,61.84,61.99,61.7,61.82,457100
2024-12-30T20:00:00Z,61.82,62.25,61.8,62.08,905000
2025-01-02T13:00:00Z,61.36,62.48,61.35,62.48,596100
2025-01-02T14:00:00Z,62.5,63.02,62.44,62.72,1296300
2025-01-02T15:00:00Z,62.73,62.85,62.45,62.65,620800
2025-01-02T16:00:00Z,62.66,62.93,62.51,62.81,634400
2025-01-02T17:00:00Z,62.81,62.94,62.59,62.67,487900
2025-01-02T18:00:00Z,62.67,62.8,62.41,62.58,439700
2025-01-02T19:00:00Z,62.59,62.68,62.49,62.51,836800
2025-01-02T20:00:00Z,62.5,62.63,62.41,62.48,429500
2025-01-03T13:00:00Z,62.51,63.28,62.4,63.14,791000
2025-01-03T14:00:00Z,63.13,63.24,62.75,63.23,530000
2025-01-03T15:00:00Z,63.23,63.54,63.1,63.46,535700
2025-01-03T16:00:00Z,63.45,63.47,63.17,63.27,509500
2025-01-03T17:00:00Z,63.29,63.31,62.81,62.89,517600
2025-01-03T18:00:00Z,62.9,62.97,62.51,62.57,3496900
2025-01-03T19:00:00Z,62.59,62.79,62.44,62.65,540300
2025-01-03T20:00:00Z,62.63,62.85,62.58,62.59,472700
2025-01-06T13:00:00Z,62.31,62.68,62,62.23,489300
2025-01-06T14:00:00Z,62.24,62.68,61.86,62.47,624500
2025-01-06T15:00:00Z,62.47,62.54,62.22,62.44,359300
2025-01-06T16:00:00Z,62.45,62.48,62.21,62.31,272100
2025-01-06T17:00:00Z,62.3,62.32,62.07,62.23,313400
2025-01-06T18:00:00Z,62.23,62.25,62.03,62.23,320200
2025-01-06T19:00:00Z,62.24,62.35,62.17,62.34,304900
2025-01-06T20:00:00Z,62.34,62.45,62.21,62.22,367900
2025-01-07T13:00:00Z,62.44,62.5,61.56,61.85,1026200
2025-01-07T14:00:00Z,61.87,62,61.38,61.44,792700
2025-01-07T15:00:00Z,61.44,61.95,61.31,61.88,324400
2025-01-07T16:00:00Z,61.88,62.25,61.83,61.98,494700
2025-01-07T17:00:00Z,61.99,62.06,61.81,61.87,358400
2025-01-07T18:00:00Z,61.9,62,61.46,61.98,595800
2025-01-07T19:00:00Z,61.99,62.1,61.93,62.01,676300
2025-01-07T20:00:00Z,62.02,62.1,61.78,61.81,704700
2025-01-08T13:00:00Z,62.36,62.84,61.76,61.81,1080700
2025-01-08T14:00:00Z,61.81,61.86,61.04,61.37,565500
2025-01-08T15:00:00Z,61.35,61.89,61.28,61.85,2183600
2025-01-08T16:00:00Z,61.85,62.23,61.75,61.82,1410500
2025-01-08T17:00:00Z,61.84,61.94,61.73,61.81,481200
2025-01-08T18:00:00Z,61.82,61.87,61.73,61.8,435700
2025-01-08T19:00:00Z,61.81,61.97,61.58,61.69,472800
2025-01-08T20:00:00Z,61.68,61.86,61.62,61.85,690200
2025-01-09T13:00:00Z,61.46,62,61.2,61.4,222400
2025-01-09T14:00:00Z,61.42,61.95,61.32,61.68,411100
2025-01-09T15:00:00Z,61.66,62.29,61.63,62.2,351100
2025-01-09T16:00:00Z,62.2,62.23,61.6,61.65,353700
2025-01-09T17:00:00Z,61.64,61.69,61.39,61.57,242500
2025-01-09T18:00:00Z,61.56,61.74,61.45,61.72,252000
2025-01-09T19:00:00Z,61.7,61.74,61.52,61.58,346600
2025-01-09T20:00:00Z,61.56,61.59,61.4,61.46,476800
2025-01-10T13:00:00Z,61.57,61.89,61.47,61.58,575500
2025-01-10T14:00:00Z,61.58,61.65,61.09,61.12,624200
2025-01-10T15:00:00Z,61.11,61.15,60.64,60.71,502900
2025-01-10T16:00:00Z,60.71,61.16,60.54,61.05,1260900
2025-01-10T17:00:00Z,61.06,61.35,60.95,61.24,317500
2025-01-10T18:00:00Z,61.23,61.41,61.22,61.32,157300
2025-01-10T19:00:00Z,61.31,61.5,61.3,61.4,264300
2025-01-10T20:00:00Z,61.4,61.46,61.29,61.33,790100
2025-01-13T13:00:00Z,61.39,61.7,61.29,61.43,207200
2025-01-13T14:00:00Z,61.43,62.54,61.3,62.47,553900
2025-01-13T15:00:00Z,62.47,62.7,62.35,62.49,534100
2025-01-13T16:00:00Z,62.49,62.57,62.3,62.32,298100
2025-01-13T17:00:00Z,62.33,62.35,61.86,61.86,433100
2025-01-13T18:00:00Z,61.86,61.99,61.8,61.9,222200
2025-01-13T19:00:00Z,61.91,62.18,61.9,62.04,668900
2025-01-13T20:00:00Z,62.05,62.28,62.01,62.27,401900
2025-01-14T13:00:00Z,62.09,62.44,61.84,62.12,306600
2025-01-14T14:00:00Z,62.1,62.11,61.61,61.9,879400
2025-01-14T15:00:00Z,61.92,62.14,61.72,61.75,309900
2025-01-14T16:00:00Z,61.73,61.76,61.23,61.23,555500
2025-01-14T17:00:00Z,61.25,61.47,61.23,61.4,268600
2025-01-14T18:00:00Z,61.4,61.43,60.98,61,428600
2025-01-14T19:00:00Z,60.99,61.16,60.83,60.85,492200
2025-01-14T20:00:00Z,60.85,61.15,60.82,61.05,631500
2025-01-15T13:00:00Z,61.81,61.81,60.18,60.38,944300
2025-01-15T14:00:00Z,60.38,60.71,59.93,60.36,1169800
2025-01-15T15:00:00Z,60.36,60.67,60.34,60.56,339400
2025-01-15T16:00:00Z,60.57,60.82,60.49,60.78,279900
2025-01-15T17:00:00Z,60.78,60.82,60.52,60.67,227400
2025-01-15T18:00:00Z,60.68,60.85,60.6,60.63,309600
2025-01-15T19:00:00Z,60.63,60.92,60.53,60.88,462100
2025-01-15T20:00:00Z,60.88,61.33,60.84,61.12,1087200
2025-01-16T13:00:00Z,61.09,61.48,60.4,60.47,596100
2025-01-16T14:00:00Z,60.45,60.6,60.16,60.18,552200
2025-01-16T15:00:00Z,60.18,60.32,59.95,60.25,397600
2025-01-16T16:00:00Z,60.23,60.45,60.11,60.16,227400
2025-01-16T17:00:00Z,60.15,60.23,59.96,60.19,377600
2025-01-16T18:00:00Z,60.17,60.27,60.05,60.06,505600
2025-01-16T19:00:00Z,60.04,60.08,59.74,59.89,580300
2025-01-16T20:00:00Z,59.9,60.51,59.89,60.34,790600
2025-01-17T13:00:00Z,60.7,60.8,60.24,60.34,292300
2025-01-17T14:00:00Z,60.35,61.5,60.34,61.42,939400
2025-01-17T15:00:00Z,61.42,61.94,61.4,61.78,960400
2025-01-17T16:00:00Z,61.78,61.89,61.7,61.83,618100
2025-01-17T17:00:00Z,61.82,61.85,61.6,61.74,479600
2025-01-17T18:00:00Z,61.74,61.86,61.67,61.85,589500
2025-01-17T19:00:00Z,61.85,62.24,61.85,61.99,1178500
2025-01-17T20:00:00Z,61.99,62.4,61.95,62.4,1198700
2025-01-20T13:00:00Z,62,62.3,61.56,61.59,413100
2025-01-20T14:00:00Z,61.59,61.93,61.53,61.67,299700
2025-01-20T15:00:00Z,61.64,61.76,61.34,61.66,343400
2025-01-20T16:00:00Z,61.66,61.8,61.63,61.78,429700
2025-01-20T17:00:00Z,61.78,61.9,61.58,61.65,243500
2025-01-20T18:00:00Z,61.64,61.7,61.36,61.58,282600
2025-01-20T19:00:00Z,61.57,61.79,61.48,61.61,205300
2025-01-20T20:00:00Z,61.63,61.83,61.62,61.8,555300
2025-01-21T13:00:00Z,62.03,62.27,61.65,62.21,243700
2025-01-21T14:00:00Z,62.21,62.23,61.73,61.8,265600
2025-01-21T15:00:00Z,61.8,62.29,61.72,62.13,238600
2025-01-21T16:00:00Z,62.12,62.53,62.12,62.43,216900
2025-01-21T17:00:00Z,62.42,62.49,62.23,62.32,242200
2025-01-21T18:00:00Z,62.32,62.5,62.28,62.35,185900
2025-01-21T19:00:00Z,62.36,62.6,62.07,62.21,503900
2025-01-21T20:00:00Z,62.21,62.47,62.16,62.44,636300
2025-01-22T13:00:00Z,62.62,63.15,62.54,62.67,395300
2025-01-22T14:00:00Z,62.67,62.75,61.61,61.72,720900
2025-01-22T15:00:00Z,61.71,61.95,61.65,61.75,364800
2025-01-22T16:00:00Z,61.74,61.9,61.61,61.66,288700
2025-01-22T17:00:00Z,61.65,61.89,61.5,61.73,419100
2025-01-22T18:00:00Z,61.72,61.89,61.56,61.65,375500
2025-01-22T19:00:00Z,61.65,61.78,61.4,61.44,534400
2025-01-22T20:00:00Z,61.44,61.47,61.22,61.4,1193900
2025-01-23T13:00:00Z,61.29,62.62,61.29,62.37,637500
2025-01-23T14:00:00Z,62.4,62.43,61.88,61.96,396600
2025-01-23T15:00:00Z,61.96,62.45,61.93,62.37,287900
2025-01-23T16:00:00Z,62.36,62.56,62.2,62.29,526300
2025-01-23T17:00:00Z,62.27,63.06,62.08,62.22,1814900
2025-01-23T18:00:00Z,62.21,62.44,62.07,62.41,482800
2025-01-23T19:00:00Z,62.39,62.78,62.36,62.49,394900
2025-01-23T20:00:00Z,62.49,62.66,62.28,62.66,458000
2025-01-24T13:00:00Z,62.82,63.01,62.35,62.41,248100
2025-01-24T14:00:00Z,62.41,62.55,62.01,62.47,410700
2025-01-24T15:00:00Z,62.46,62.51,62.27,62.46,205000
2025-01-24T16:00:00Z,62.46,62.64,62.3,62.4,264800
2025-01-24T17:00:00Z,62.4,62.5,62.3,62.43,171700
2025-01-24T18:00:00Z,62.43,62.78,62.42,62.76,266300
2025-01-24T19:00:00Z,62.76,62.94,62.68,62.88,309300
2025-01-24T20:00:00Z,62.88,62.99,62.81,62.81,362100
2025-01-27T13:00:00Z,62.76,62.95,62.35,62.59,300500
2025-01-27T14:00:00Z,62.6,63,62.47,62.83,363400
2025-01-27T15:00:00Z,62.81,63.17,62.65,63.11,455300
2025-01-27T16:00:00Z,63.12,63.4,63.1,63.36,481400
2025-01-27T17:00:00Z,63.37,63.4,63.1,63.37,581300
2025-01-27T18:00:00Z,63.38,63.4,63,63.1,459200
2025-01-27T19:00:00Z,63.1,63.18,62.9,63.12,640300
2025-01-27T20:00:00Z,63.09,63.33,62.89,63,511600
2025-01-28T13:00:00Z,62.71,63.39,62.63,62.76,412800
2025-01-28T14:00:00Z,62.74,62.91,62.55,62.58,389800
2025-01-28T15:00:00Z,62.56,62.75,62.31,62.66,475800
2025-01-28T16:00:00Z,62.63,62.91,62.6,62.86,205300
2025-01-28T17:00:00Z,62.83,63.04,62.82,62.89,184400
2025-01-28T18:00:00Z,62.86,62.95,62.82,62.88,124500
2025-01-28T19:00:00Z,62.88,62.95,62.5,62.82,447800
2025-01-28T20:00:00Z,62.83,62.84,62.61,62.79,346300
2025-01-29T13:00:00Z,63.07,63.32,62.25,62.34,774100
2025-01-29T14:00:00Z,62.34,62.53,62.33,62.43,456300
2025-01-29T15:00:00Z,62.44,62.79,62.42,62.66,265800
2025-01-29T16:00:00Z,62.66,62.73,62.48,62.48,390600
2025-01-29T17:00:00Z,62.48,62.54,62.3,62.45,326000
2025-01-29T18:00:00Z,62.45,62.61,62.38,62.46,243700
2025-01-29T19:00:00Z,62.5,62.51,62.11,62.34,526200
2025-01-29T20:00:00Z,62.36,62.4,62.18,62.32,472900
2025-01-30T13:00:00Z,62.56,62.97,62.32,62.33,319400
2025-01-30T14:00:00Z,62.33,62.66,61.86,62.22,545300
2025-01-30T15:00:00Z,62.2,62.61,62.06,62.42,718700
2025-01-30T16:00:00Z,62.41,62.46,62.02,62.46,546000
2025-01-30T17:00:00Z,62.45,62.46,62.12,62.3,606100
2025-01-30T18:00:00Z,62.29,62.51,62.21,62.25,490000
2025-01-30T19:00:00Z,62.25,62.26,61.95,62.17,530400
2025-01-30T20:00:00Z,62.17,62.39,62.04,62.28,453700
2025-01-31T13:00:00Z,62.57,62.65,61.84,61.91,346200
2025-01-31T14:00:00Z,61.91,62.32,61.83,62.12,379800
2025-01-31T15:00:00Z,62.13,62.64,62.09,62.36,369600
2025-01-31T16:00:00Z,62.36,62.63,62.36,62.5,325000
2025-01-31T17:00:00Z,62.48,62.82,62.43,62.66,362200
2025-01-31T18:00:00Z,62.66,62.75,62.37,62.37,353900
2025-01-31T19:00:00Z,62.37,62.6,62.22,62.48,779800
2025-01-31T20:00:00Z,62.49,62.54,62.37,62.52,504800
2025-02-03T13:00:00Z,62.55,63.37,62.06,63.12,708700
2025-02-03T14:00:00Z,63.11,63.51,62.76,62.81,809700
2025-02-03T15:00:00Z,62.82,62.86,62.27,62.39,520800
2025-02-03T16:00:00Z,62.38,62.53,62.07,62.27,312600
2025-02-03T17:00:00Z,62.29,62.35,62.19,62.25,217000
2025-02-03T18:00:00Z,62.25,62.25,62.06,62.11,236200
2025-02-03T19:00:00Z,62.11,62.53,62.03,62.45,300400
2025-02-03T20:00:00Z,62.43,62.58,62.38,62.55,337800
2025-02-04T13:00:00Z,62.45,62.71,62.04,62.06,619500
2025-02-04T14:00:00Z,62.05,62.19,61.77,61.82,408300
2025-02-04T15:00:00Z,61.84,62.03,61.7,61.73,430100
2025-02-04T16:00:00Z,61.73,61.73,61.25,61.27,446800
2025-02-04T17:00:00Z,61.29,61.4,61.01,61.29,674600
2025-02-04T18:00:00Z,61.28,61.34,60.47,60.49,1374700
2025-02-04T19:00:00Z,60.49,60.6,59.98,60.13,850700
2025-02-04T20:00:00Z,60.11,60.44,59.89,59.92,1296500
2025-02-05T13:00:00Z,60.22,61.01,59.94,60.56,1469300
2025-02-05T14:00:00Z,60.59,60.59,60.01,60.04,682200
2025-02-05T15:00:00Z,60.06,60.11,59.91,60.04,309300
2025-02-05T16:00:00Z,60.04,60.1,59.9,60.05,393500
2025-02-05T17:00:00Z,60.07,60.1,59.68,59.73,265100
2025-02-05T18:00:00Z,59.72,59.78,59.59,59.69,411400
2025-02-05T19:00:00Z,59.7,59.89,59.64,59.76,511800
2025-02-05T20:00:00Z,59.77,59.79,59.5,59.69,728600
2025-02-06T13:00:00Z,59.7,60.16,59.6,59.93,330100
2025-02-06T14:00:00Z,59.93,60.11,59.71,59.83,355900
2025-02-06T15:00:00Z,59.82,59.97,59.65,59.67,185500
2025-02-06T16:00:00Z,59.66,59.95,59.61,59.93,183600
2025-02-06T17:00:00Z,59.93,60.05,59.79,59.99,112100
2025-02-06T18:00:00Z,59.98,60.1,59.9,60.04,227000
2025-02-06T19:00:00Z,60.04,60.16,59.91,59.97,261500
2025-02-06T20:00:00Z,59.97,60.22,59.95,60.15,534000
2025-02-07T13:00:00Z,60.02,60.1,59.62,59.81,410300
2025-02-07T14:00:00Z,59.8,59.83,59.4,59.47,546400
2025-02-07T15:00:00Z,59.45,59.5,59.21,59.28,447700
2025-02-07T16:00:00Z,59.28,59.57,59.2,59.35,713500
2025-02-07T17:00:00Z,59.35,59.43,59.22,59.37,269100
2025-02-07T18:00:00Z,59.37,59.44,59.21,59.27,352000
2025-02-07T19:00:00Z,59.28,59.37,59.15,59.25,509500
2025-02-07T20:00:00Z,59.24,59.4,59.23,59.4,638800
2025-02-10T13:00:00Z,60.01,60.1,59.6,59.77,260900
2025-02-10T14:00:00Z,59.77,59.77,58.83,58.99,696300
2025-02-10T15:00:00Z,59.01,59.37,58.96,59.37,318300
2025-02-10T16:00:00Z,59.37,59.47,59.22,59.35,165300
2025-02-10T17:00:00Z,59.35,59.45,59.28,59.33,241300
2025-02-10T18:00:00Z,59.34,59.56,59.33,59.4,233400
2025-02-10T19:00:00Z,59.4,59.45,59.23,59.27,222900
2025-02-10T20:00:00Z,59.27,59.38,59.19,59.25,495600
2025-02-11T13:00:00Z,59.69,59.69,59.12,59.27,381000
2025-02-11T14:00:00Z,59.29,59.49,59.02,59.19,1235300
2025-02-11T15:00:00Z,59.19,59.23,58.82,58.98,371000
2025-02-11T16:00:00Z,58.97,59.1,58.77,58.87,541800
2025-02-11T17:00:00Z,58.87,58.97,58.74,58.8,422700
2025-02-11T18:00:00Z,58.8,58.86,58.7,58.73,704500
2025-02-11T19:00:00Z,58.73,58.76,58.46,58.53,639800
2025-02-11T20:00:00Z,58.53,58.81,58.53,58.77,438500
2025-02-12T13:00:00Z,58.7,58.77,58.07,58.08,887000
2025-02-12T14:00:00Z,58.08,58.36,57.82,57.83,958500
2025-02-12T15:00:00Z,57.83,57.95,57.4,57.52,828000
2025-02-12T16:00:00Z,57.54,57.69,57.43,57.55,581000
2025-02-12T17:00:00Z,57.55,57.75,57.4,57.61,592800
2025-02-12T18:00:00Z,57.63,57.82,57.52,57.64,649400
2025-02-12T19:00:00Z,57.64,57.68,57.52,57.67,651200
2025-02-12T20:00:00Z,57.67,57.82,57.66,57.7,970600
2025-02-13T13:00:00Z,58.02,58.96,57.54,58.53,1913200
2025-02-13T14:00:00Z,58.54,58.96,58.39,58.78,1010400
2025-02-13T15:00:00Z,58.81,59.32,58.74,59.12,873700
2025-02-13T16:00:00Z,59.12,59.24,59.02,59.08,470000
2025-02-13T17:00:00Z,59.07,59.4,58.95,59.33,540200
2025-02-13T18:00:00Z,59.37,59.54,59.26,59.44,1543600
2025-02-13T19:00:00Z,59.44,59.53,59.37,59.41,806600
2025-02-13T20:00:00Z,59.42,59.52,59.08,59.21,1152000
2025-02-14T13:00:00Z,59.34,59.6,58.52,58.56,983500
2025-02-14T14:00:00Z,58.54,58.58,58.11,58.16,1260800
2025-02-14T15:00:00Z,58.15,58.34,57.66,57.66,977200
2025-02-14T16:00:00Z,57.65,58.43,57.65,58.4,617700
2025-02-14T17:00:00Z,58.43,58.68,58.31,58.47,1142300
2025-02-14T18:00:00Z,58.45,58.51,58.23,58.36,490400
2025-02-14T19:00:00Z,58.37,59,58.34,58.86,936400
2025-02-14T20:00:00Z,58.86,59.05,58.62,58.65,858300
2025-02-17T13:00:00Z,58.99,59.17,58.08,58.15,486800
2025-02-17T14:00:00Z,58.15,58.24,57.69,57.98,572700
2025-02-17T15:00:00Z,57.99,57.99,57.59,57.83,538500
2025-02-17T16:00:00Z,57.84,57.89,57.53,57.78,564800
2025-02-17T17:00:00Z,57.8,57.94,57.56,57.75,542700
2025-02-17T18:00:00Z,57.75,58,57.58,57.6,644100
2025-02-17T19:00:00Z,57.61,57.89,57.56,57.63,526300
2025-02-17T20:00:00Z,57.64,57.96,57.48,57.71,1432300
2025-02-18T13:00:00Z,58.02,58.13,57.59,57.97,1863000
2025-02-18T14:00:00Z,57.97,58.22,57.73,57.86,852000
2025-02-18T15:00:00Z,57.86,57.96,57.66,57.74,448000
2025-02-18T16:00:00Z,57.71,57.85,57.39,57.74,553500
2025-02-18T17:00:00Z,57.74,57.78,57.45,57.54,456500
2025-02-18T18:00:00Z,57.54,57.7,57.36,57.66,783600
2025-02-18T19:00:00Z,57.66,57.84,57.55,57.55,904000
2025-02-18T20:00:00Z,57.55,57.65,57.34,57.64,630800
2025-02-19T13:00:00Z,57.53,58.31,57.34,58.2,1139800
2025-02-19T14:00:00Z,58.21,58.51,58.04,58.18,703700
2025-02-19T15:00:00Z,58.2,58.31,58.01,58.18,297300
2025-02-19T16:00:00Z,58.18,58.28,58.01,58.19,534000
2025-02-19T17:00:00Z,58.18,58.54,58.08,58.54,552300
2025-02-19T18:00:00Z,58.52,58.57,58.35,58.43,578300
2025-02-19T19:00:00Z,58.43,58.47,58.09,58.15,626000
2025-02-19T20:00:00Z,58.15,58.21,58,58.06,786100
2025-02-20T13:00:00Z,58.07,58.13,57.63,58.01,508600
2025-02-20T14:00:00Z,58.01,58.13,57.76,58.07,511000
2025-02-20T15:00:00Z,58.07,58.11,57.81,57.94,755400
2025-02-20T16:00:00Z,57.96,57.98,57.47,57.49,562800
2025-02-20T17:00:00Z,57.49,57.71,57.47,57.69,336100
2025-02-20T18:00:00Z,57.68,57.81,57.47,57.78,463000
2025-02-20T19:00:00Z,57.78,57.78,57.64,57.66,463300
2025-02-20T20:00:00Z,57.67,57.8,57.52,57.76,747900
2025-02-21T13:00:00Z,57.92,58.27,57.66,57.82,1050000
2025-02-21T14:00:00Z,57.82,57.86,57.47,57.57,442600
2025-02-21T15:00:00Z,57.57,57.62,57.14,57.21,2842100
2025-02-21T16:00:00Z,57.19,57.47,57.08,57.33,1048500
2025-02-21T17:00:00Z,57.33,57.65,57.27,57.6,441400
2025-02-21T18:00:00Z,57.58,57.68,57.15,57.19,1465100
2025-02-21T19:00:00Z,57.19,57.5,57.1,57.42,1074700
2025-02-21T20:00:00Z,57.42,57.62,57.38,57.41,420200
2025-02-24T13:00:00Z,57.55,57.65,57.33,57.46,222000
2025-02-24T14:00:00Z,57.47,57.58,57.3,57.44,383700
2025-02-24T15:00:00Z,57.44,57.75,57.44,57.66,249500
2025-02-24T16:00:00Z,57.67,57.85,57.55,57.6,204300
2025-02-24T17:00:00Z,57.6,57.67,57.21,57.29,261200
2025-02-24T18:00:00Z,57.3,57.46,57.23,57.27,246900
2025-02-24T19:00:00Z,57.28,57.39,56.95,57.04,473300
2025-02-24T20:00:00Z,57.04,57.09,56.89,57,560600
2025-02-25T13:00:00Z,57.64,57.64,56.69,56.76,835200
2025-02-25T14:00:00Z,56.78,57.23,56.67,57,1248400
2025-02-25T15:00:00Z,57,57.53,56.98,57.47,780200
2025-02-25T16:00:00Z,57.47,57.65,57.2,57.28,490900
2025-02-25T17:00:00Z,57.29,57.36,57.04,57.14,333700
2025-02-25T18:00:00Z,57.14,57.21,57.03,57.08,325600
2025-02-25T19:00:00Z,57.07,57.15,57,57.09,406200
2025-02-25T20:00:00Z,57.11,57.13,56.81,56.97,516900
2025-02-26T13:00:00Z,57.2,57.27,56.91,57.01,408400
2025-02-26T14:00:00Z,57.01,57.08,56.74,56.88,424200
2025-02-26T15:00:00Z,56.89,57.2,56.8,57.12,679000
2025-02-26T16:00:00Z,57.12,57.17,56.94,57.04,571300
2025-02-26T17:00:00Z,57.05,57.07,56.83,56.89,347200
2025-02-26T18:00:00Z,56.89,57.15,56.85,57.05,605000
2025-02-26T19:00:00Z,57.05,57.19,57,57.14,479900
2025-02-26T20:00:00Z,57.14,57.35,57.13,57.26,673000
2025-02-27T13:00:00Z,57.06,57.44,56.84,56.96,714800
2025-02-27T14:00:00Z,56.94,57.55,56.92,57.45,818800
2025-02-27T15:00:00Z,57.45,57.6,57.21,57.56,427200
2025-02-27T16:00:00Z,57.57,57.84,57.5,57.65,444400
2025-02-27T17:00:00Z,57.64,57.67,57.22,57.37,276400
2025-02-27T18:00:00Z,57.37,57.69,57.36,57.56,395600
2025-02-27T19:00:00Z,57.57,57.66,57.32,57.41,883200
2025-02-27T20:00:00Z,57.42,57.49,57.15,57.39,643100
2025-02-28T13:00:00Z,56.96,57.28,56.54,56.69,327400
2025-02-28T14:00:00Z,56.69,56.69,56.2,56.31,795000
2025-02-28T15:00:00Z,56.33,56.58,56.15,56.51,1012600
2025-02-28T16:00:00Z,56.52,56.58,56.3,56.35,501900
2025-02-28T17:00:00Z,56.39,56.46,56.21,56.25,668500
2025-02-28T18:00:00Z,56.25,56.41,56.05,56.11,723400
2025-02-28T19:00:00Z,56.11,56.64,56.11,56.6,934400
2025-02-28T20:00:00Z,56.61,56.63,56.21,56.36,710600
2025-03-05T16:00:00Z,56.19,56.61,55.13,55.87,1418200
2025-03-05T17:00:00Z,55.87,56.04,55.4,55.57,830600
2025-03-05T18:00:00Z,55.57,55.58,55.13,55.54,566300
2025-03-05T19:00:00Z,55.54,55.74,55.4,55.54,422500
2025-03-05T20:00:00Z,55.53,55.57,55.32,55.35,963500
2025-03-06T13:00:00Z,55.64,55.85,54.72,54.85,583400
2025-03-06T14:00:00Z,54.86,55.45,54.73,55.14,636700
2025-03-06T15:00:00Z,55.14,55.32,55.09,55.16,484200
2025-03-06T16:00:00Z,55.16,55.45,55.13,55.22,486100
2025-03-06T17:00:00Z,55.22,55.3,55,55.18,792700
2025-03-06T18:00:00Z,55.21,55.24,55.05,55.08,379400
2025-03-06T19:00:00Z,55.08,55.12,54.69,54.85,556400
2025-03-06T20:00:00Z,54.85,55.2,54.81,55.15,888700
2025-03-07T13:00:00Z,54.82,55.47,54.45,54.64,1243200
2025-03-07T14:00:00Z,54.65,55.15,54.56,55.07,1059400
2025-03-07T15:00:00Z,55.09,55.53,55.08,55.39,591500
2025-03-07T16:00:00Z,55.39,55.46,55.09,55.11,445200
2025-03-07T17:00:00Z,55.09,55.21,54.99,55.02,533900
2025-03-07T18:00:00Z,55.02,55.3,55.01,55.29,481900
2025-03-07T19:00:00Z,55.3,55.55,55.17,55.53,568900
2025-03-07T20:00:00Z,55.54,55.65,55.35,55.36,530600
2025-03-10T13:00:00Z,55.01,55.51,54.68,55.19,427900
2025-03-10T14:00:00Z,55.18,55.38,54.9,55.21,788600
2025-03-10T15:00:00Z,55.22,55.67,55.19,55.35,723500
2025-03-10T16:00:00Z,55.35,55.68,55.3,55.48,723500
2025-03-10T17:00:00Z,55.5,55.59,55.29,55.38,437300
2025-03-10T18:00:00Z,55.38,55.51,55.3,55.33,352600
2025-03-10T19:00:00Z,55.33,55.69,55.26,55.68,642600
2025-03-11T13:00:00Z,55.68,56.1,55.3,55.54,1156500
2025-03-11T14:00:00Z,55.52,55.62,54.96,55.15,539500
2025-03-11T15:00:00Z,55.15,55.17,54.89,55.03,964700
2025-03-11T16:00:00Z,55.04,55.13,54.84,54.87,528700
2025-03-11T17:00:00Z,54.88,55.07,54.74,55.03,303600
2025-03-11T18:00:00Z,55.02,55.3,54.98,55.25,299000
2025-03-11T19:00:00Z,55.25,55.33,55.09,55.09,359100
2025-03-12T13:00:00Z,55.15,55.35,54.94,55.09,564000
2025-03-12T14:00:00Z,55.09,55.14,54.59,54.85,762900
2025-03-12T15:00:00Z,54.85,55.1,54.8,55.03,240300
2025-03-12T16:00:00Z,55.05,55.14,54.92,54.96,265000
2025-03-12T17:00:00Z,54.96,55.01,54.7,54.73,355400
2025-03-12T18:00:00Z,54.72,54.73,54.5,54.59,440600
2025-03-12T19:00:00Z,54.58,54.78,54.48,54.72,888300
2025-03-13T13:00:00Z,54.7,54.76,54.3,54.34,346700
2025-03-13T14:00:00Z,54.33,54.86,54.33,54.7,402300
2025-03-13T15:00:00Z,54.72,54.77,54.3,54.37,408100
2025-03-13T16:00:00Z,54.37,54.6,54.37,54.5,319800
2025-03-13T17:00:00Z,54.52,54.6,54.21,54.25,587000
2025-03-13T18:00:00Z,54.23,54.38,54.18,54.25,408800
2025-03-13T19:00:00Z,54.26,54.31,54.15,54.25,774900
2025-03-14T13:00:00Z,54.55,54.55,54.13,54.17,225200
2025-03-14T14:00:00Z,54.15,54.49,54.07,54.48,446600
2025-03-14T15:00:00Z,54.48,54.54,54.13,54.39,676200
2025-03-14T16:00:00Z,54.39,54.54,54.19,54.25,1121900
2025-03-14T17:00:00Z,54.26,54.32,53.97,54.1,969800
2025-03-14T18:00:00Z,54.09,54.29,54,54.14,752900
2025-03-14T19:00:00Z,54.14,54.68,53.99,54.45,1379700
2025-03-17T13:00:00Z,54.23,54.68,54.02,54.59,588300
2025-03-17T14:00:00Z,54.59,54.85,54.5,54.64,396700
2025-03-17T15:00:00Z,54.64,54.96,54.53,54.85,731900
2025-03-17T16:00:00Z,54.85,55.03,54.6,54.69,883300
2025-03-17T17:00:00Z,54.69,54.7,54.3,54.55,763400
2025-03-17T18:00:00Z,54.56,54.69,54.52,54.56,614900
2025-03-17T19:00:00Z,54.56,54.78,54.48,54.51,938200
2025-03-18T13:00:00Z,54.6,54.95,54.25,54.32,443500
2025-03-18T14:00:00Z,54.33,54.5,54.2,54.46,1371200
2025-03-18T15:00:00Z,54.46,54.64,54.4,54.51,837900
2025-03-18T16:00:00Z,54.51,54.57,54.27,54.5,399200
2025-03-18T17:00:00Z,54.48,54.58,54.37,54.48,467000
2025-03-18T18:00:00Z,54.48,54.79,54.37,54.69,771400
2025-03-18T19:00:00Z,54.69,54.87,54.67,54.87,885100
2025-03-19T13:00:00Z,55.2,56.17,55,55.66,1200800
2025-03-19T14:00:00Z,55.66,55.76,55.04,55.25,845500
2025-03-19T15:00:00Z,55.26,55.36,55.01,55.02,403100
2025-03-19T16:00:00Z,55.03,55.12,54.95,55.01,320000
2025-03-19T17:00:00Z,55,55.06,54.89,55.03,433900
2025-03-19T18:00:00Z,55.01,55.07,54.84,54.9,756600
2025-03-19T19:00:00Z,54.89,55,54.8,54.92,970200
2025-03-20T13:00:00Z,54.92,55.44,54.76,55.35,540800
2025-03-20T14:00:00Z,55.35,56.27,55.2,55.64,3492800
2025-03-20T15:00:00Z,55.65,55.83,55.46,55.56,729300
2025-03-20T16:00:00Z,55.56,55.8,55.54,55.68,447700
2025-03-20T17:00:00Z,55.69,56.09,55.69,55.91,781900
2025-03-20T18:00:00Z,55.9,56.02,55.65,55.68,812100
2025-03-20T19:00:00Z,55.68,55.87,55.62,55.77,1054100
2025-03-21T13:00:00Z,56.04,56.16,55.1,55.1,944200
2025-03-21T14:00:00Z,55.1,55.23,54.8,54.88,1061600
2025-03-21T15:00:00Z,54.88,54.9,54.67,54.69,769900
2025-03-21T16:00:00Z,54.69,54.98,54.66,54.78,796000
2025-03-21T17:00:00Z,54.79,54.83,54.55,54.76,596600
2025-03-21T18:00:00Z,54.76,54.76,54.44,54.52,629600
2025-03-21T19:00:00Z,54.52,54.55,54.26,54.3,1272400
2025-03-24T13:00:00Z,54.46,54.73,54.06,54.4,418700
2025-03-24T14:00:00Z,54.41,54.75,54.31,54.47,896300
2025-03-24T15:00:00Z,54.47,54.5,54.32,54.35,267100
2025-03-24T16:00:00Z,54.35,54.5,54.34,54.49,366100
2025-03-24T17:00:00Z,54.48,54.49,54.17,54.19,292000
2025-03-24T18:00:00Z,54.19,54.23,54.04,54.18,501700
2025-03-24T19:00:00Z,54.18,54.38,54.01,54.27,509500
2025-03-25T13:00:00Z,54.27,54.4,53.52,53.7,571600
2025-03-25T14:00:00Z,53.7,53.82,53.55,53.66,684300
2025-03-25T15:00:00Z,53.65,53.7,53.39,53.4,652400
2025-03-25T16:00:00Z,53.38,53.45,53.19,53.28,719600
2025-03-25T17:00:00Z,53.26,53.4,53.17,53.23,552800
2025-03-25T18:00:00Z,53.21,53.25,53.05,53.22,723600
2025-03-25T19:00:00Z,53.21,53.59,53.21,53.58,977600
2025-03-26T13:00:00Z,53.44,53.82,53.11,53.2,515900
2025-03-26T14:00:00Z,53.22,53.6,53.12,53.46,713200
2025-03-26T15:00:00Z,53.45,53.5,53.24,53.26,422800
2025-03-26T16:00:00Z,53.26,53.46,53.19,53.25,563200
2025-03-26T17:00:00Z,53.25,53.29,53.13,53.28,392600
2025-03-26T18:00:00Z,53.28,53.49,53.18,53.39,740300
2025-03-26T19:00:00Z,53.37,53.57,53.35,53.46,903600
2025-03-27T13:00:00Z,53.8,53.8,53.19,53.29,550100
2025-03-27T14:00:00Z,53.3,53.31,53.1,53.17,413900
2025-03-27T15:00:00Z,53.16,53.23,53.01,53.17,613200
2025-03-27T16:00:00Z,53.16,53.4,53.1,53.19,433000
2025-03-27T17:00:00Z,53.19,53.35,53.11,53.13,448300
2025-03-27T18:00:00Z,53.13,53.31,53.09,53.13,434800
2025-03-27T19:00:00Z,53.13,54.08,53.04,53.85,3036600
2025-03-28T13:00:00Z,54.25,54.69,53.5,53.75,1379900
2025-03-28T14:00:00Z,53.75,53.75,53.26,53.3,483000
2025-03-28T15:00:00Z,53.29,53.49,53.27,53.38,444600
2025-03-28T16:00:00Z,53.4,53.48,53.2,53.26,843000
2025-03-28T17:00:00Z,53.27,53.55,53.2,53.44,444200
2025-03-28T18:00:00Z,53.44,53.65,53.31,53.42,443700
2025-03-28T19:00:00Z,53.42,53.51,53.3,53.36,311200
2025-03-31T13:00:00Z,53.26,53.45,53,53.18,583600
2025-03-31T14:00:00Z,53.19,53.4,53.18,53.26,484900
2025-03-31T15:00:00Z,53.24,53.36,53.09,53.25,278900
2025-03-31T16:00:00Z,53.24,53.25,53.04,53.1,218500
2025-03-31T17:00:00Z,53.11,53.18,53.05,53.14,202400
2025-03-31T18:00:00Z,53.14,53.28,53.06,53.13,456200
2025-03-31T19:00:00Z,53.13,53.22,53.1,53.13,491700
2025-04-01T13:00:00Z,53.25,53.29,52.83,53.18,383900
2025-04-01T14:00:00Z,53.17,53.64,53.08,53.44,643500
2025-04-01T15:00:00Z,53.48,53.58,53.24,53.33,392500
2025-04-01T16:00:00Z,53.33,53.36,53.1,53.14,311900
2025-04-01T17:00:00Z,53.14,53.4,53.1,53.35,488200
2025-04-01T18:00:00Z,53.34,53.46,53.17,53.29,478600
2025-04-01T19:00:00Z,53.28,53.35,53.12,53.23,505200
2025-04-02T13:00:00Z,53.4,53.4,53.02,53.25,431800
2025-04-02T14:00:00Z,53.26,53.56,53.25,53.34,193500
2025-04-02T15:00:00Z,53.36,53.46,53.25,53.36,190800
2025-04-02T16:00:00Z,53.35,53.67,53.27,53.66,159500
2025-04-02T17:00:00Z,53.64,53.66,53.3,53.38,201100
2025-04-02T18:00:00Z,53.35,53.41,53.25,53.31,651600
2025-04-02T19:00:00Z,53.31,53.39,53.25,53.31,328500
2025-04-03T13:00:00Z,52.85,53,51.57,51.81,1639600
2025-04-03T14:00:00Z,51.81,52.07,51.16,51.28,1879800
2025-04-03T15:00:00Z,51.31,51.54,51.19,51.34,1377300
2025-04-03T16:00:00Z,51.33,51.49,51.3,51.39,670500
2025-04-03T17:00:00Z,51.38,51.4,51.15,51.3,701900
2025-04-03T18:00:00Z,51.3,51.35,50.98,51.25,1452800
2025-04-03T19:00:00Z,51.24,51.27,51.03,51.15,1314100
2025-04-04T13:00:00Z,50.5,51.31,50.38,50.92,1300100
2025-04-04T14:00:00Z,50.89,50.93,50.03,50.26,835100
2025-04-04T15:00:00Z,50.24,50.68,50.22,50.41,571000
2025-04-04T16:00:00Z,50.41,50.66,50.39,50.45,1485700
2025-04-04T17:00:00Z,50.45,50.97,50.3,50.82,765900
2025-04-04T18:00:00Z,50.82,50.88,50.66,50.78,647100
2025-04-04T19:00:00Z,50.79,51.09,50.71,50.9,1428900
2025-04-07T13:00:00Z,50.68,50.79,50.19,50.47,1034800
2025-04-07T14:00:00Z,50.47,51.42,50.26,50.8,1340500
2025-04-07T15:00:00Z,50.81,51.03,50.23,50.28,720600
2025-04-07T16:00:00Z,50.27,50.54,50.12,50.37,542500
2025-04-07T17:00:00Z,50.37,50.77,50.36,50.76,495900
2025-04-07T18:00:00Z,50.77,50.78,50.44,50.68,521500
2025-04-07T19:00:00Z,50.68,50.76,50.22,50.25,986200
2025-04-08T13:00:00Z,50.57,52.11,50.4,51.76,3246400
2025-04-08T14:00:00Z,51.74,51.85,50.9,50.93,925300
2025-04-08T15:00:00Z,50.95,51.06,50.64,50.98,542000
2025-04-08T16:00:00Z,51,51.21,50.65,50.86,1174200
2025-04-08T17:00:00Z,50.87,51,50.55,50.95,735000
2025-04-08T18:00:00Z,50.96,51.09,50.65,50.7,1100500
2025-04-08T19:00:00Z,50.7,50.74,50.42,50.58,2015300
2025-04-09T13:00:00Z,50.87,52.15,50.59,51.36,1563900
2025-04-09T14:00:00Z,51.4,51.83,51.21,51.58,2009200
2025-04-09T15:00:00Z,51.55,51.84,51.38,51.52,830200
2025-04-09T16:00:00Z,51.52,52.01,51.51,51.98,1398900
2025-04-09T17:00:00Z,52.01,53.1,51.75,52.78,3239600
2025-04-09T18:00:00Z,52.8,52.96,51.85,51.92,1995200
2025-04-09T19:00:00Z,51.91,52.4,51.69,52.2,1418200
2025-04-10T13:00:00Z,52.47,52.51,51.78,51.83,383200
2025-04-10T14:00:00Z,51.83,51.96,51.61,51.78,351900
2025-04-10T15:00:00Z,51.78,51.79,51.32,51.36,516400
2025-04-10T16:00:00Z,51.35,51.58,51.15,51.58,572600
2025-04-10T17:00:00Z,51.6,52.01,51.37,51.99,469500
2025-04-10T18:00:00Z,51.99,52.3,51.8,52.07,720300
2025-04-10T19:00:00Z,52.06,52.25,51.79,51.99,1060000
2025-04-11T13:00:00Z,52.29,52.35,51.41,51.82,862000
2025-04-11T14:00:00Z,51.81,51.9,51.41,51.46,731700
2025-04-11T15:00:00Z,51.46,51.74,51.02,51.2,532100
2025-04-11T16:00:00Z,51.2,51.46,51.11,51.4,534200
2025-04-11T17:00:00Z,51.4,51.78,51.32,51.55,587800
2025-04-11T18:00:00Z,51.56,51.75,51.47,51.52,701000
2025-04-11T19:00:00Z,51.52,51.69,51.49,51.65,980000
2025-04-14T13:00:00Z,51.95,52.28,51.6,51.79,507900
2025-04-14T14:00:00Z,51.8,52.24,51.73,52.16,597000
2025-04-14T15:00:00Z,52.16,52.49,52.13,52.17,396400
2025-04-14T16:00:00Z,52.16,52.4,52.12,52.31,378500
2025-04-14T17:00:00Z,52.3,52.61,52.24,52.56,330600
2025-04-14T18:00:00Z,52.55,52.7,52.43,52.59,608200
2025-04-14T19:00:00Z,52.59,52.74,52.45,52.62,970700
2025-04-15T13:00:00Z,52.4,52.4,51.81,51.91,471800
2025-04-15T14:00:00Z,51.9,51.97,51.6,51.67,430900
2025-04-15T15:00:00Z,51.67,51.83,51.61,51.78,349700
2025-04-15T16:00:00Z,51.78,52,51.7,51.87,502800
2025-04-15T17:00:00Z,51.9,52.01,51.81,51.89,283000
2025-04-15T18:00:00Z,51.89,52.1,51.85,52.03,366500
2025-04-15T19:00:00Z,52.03,52.05,51.82,51.91,652000
2025-04-16T13:00:00Z,51.91,52.48,51.77,51.98,644000
2025-04-16T14:00:00Z,51.97,52.17,51.8,51.81,441100
2025-04-16T15:00:00Z,51.81,52.24,51.76,52.23,340200
2025-04-16T16:00:00Z,52.24,52.32,52.08,52.25,390200
2025-04-16T17:00:00Z,52.25,52.44,52.01,52.04,388300
2025-04-16T18:00:00Z,52.04,52.16,51.93,52.02,441800
2025-04-16T19:00:00Z,52.04,52.05,51.73,51.88,458500
2025-04-17T13:00:00Z,51.97,52.18,51.83,52.02,478900
2025-04-17T14:00:00Z,52.02,52.1,51.67,51.82,559000
2025-04-17T15:00:00Z,51.82,52.07,51.82,51.87,432700
2025-04-17T16:00:00Z,51.9,52.03,51.79,51.94,356700
2025-04-17T17:00:00Z,51.94,52,51.82,51.97,217100
2025-04-17T18:00:00Z,51.94,52.14,51.94,52.1,295900
2025-04-17T19:00:00Z,52.1,52.24,51.76,51.87,619200
2025-04-22T13:00:00Z,51.79,52.09,51.75,51.8,589200
2025-04-22T14:00:00Z,51.8,52.22,51.77,52.09,450300
2025-04-22T15:00:00Z,52.09,52.11,51.85,52.02,207900
2025-04-22T16:00:00Z,52.04,52.15,51.83,51.9,237400
2025-04-22T17:00:00Z,51.9,51.97,51.75,51.81,312800
2025-04-22T18:00:00Z,51.82,52.15,51.81,52.04,1156700
2025-04-22T19:00:00Z,52.03,52.05,51.75,51.9,1043800
2025-04-23T13:00:00Z,52.13,52.79,52.02,52.52,546300
2025-04-23T14:00:00Z,52.52,52.79,52.44,52.6,451800
2025-04-23T15:00:00Z,52.6,52.66,52.3,52.47,452800
2025-04-23T16:00:00Z,52.48,52.57,52.23,52.37,292300
2025-04-23T17:00:00Z,52.39,52.52,52.26,52.5,318500
2025-04-23T18:00:00Z,52.5,52.74,51.5,52.26,2370500
2025-04-23T19:00:00Z,52.26,52.59,52.13,52.56,1011800
2025-04-24T13:00:00Z,52.46,52.69,51.92,51.95,366500
2025-04-24T14:00:00Z,51.95,52.18,51.49,51.83,934400
2025-04-24T15:00:00Z,51.82,52.08,51.75,52.03,375600
2025-04-24T16:00:00Z,52.05,52.11,51.68,51.88,518500
2025-04-24T17:00:00Z,51.86,52.05,51.75,51.85,632400
2025-04-24T18:00:00Z,51.85,52.33,51.8,52.29,748700
2025-04-24T19:00:00Z,52.28,52.29,51.99,52.06,536400
2025-04-25T13:00:00Z,51.44,51.49,50.61,50.95,2088100
2025-04-25T14:00:00Z,50.97,51.47,50.85,51.39,1812700
2025-04-25T15:00:00Z,51.4,51.46,51.11,51.21,660000
2025-04-25T16:00:00Z,51.21,51.27,51.1,51.15,768100
2025-04-25T17:00:00Z,51.15,51.26,51.07,51.16,983200
2025-04-25T18:00:00Z,51.15,51.32,51.13,51.25,3590200
2025-04-25T19:00:00Z,51.24,51.35,51.08,51.2,1114000
2025-04-28T13:00:00Z,51.47,51.47,50.26,50.41,1148700
2025-04-28T14:00:00Z,50.42,50.9,50.4,50.7,849700
2025-04-28T15:00:00Z,50.7,50.82,50.4,50.41,2588500
2025-04-28T16:00:00Z,50.41,50.75,50.4,50.73,814900
2025-04-28T17:00:00Z,50.73,50.81,50.55,50.56,534100
2025-04-28T18:00:00Z,50.56,50.65,50.47,50.54,713900
2025-04-28T19:00:00Z,50.54,50.69,50.51,50.6,696900
2025-04-29T13:00:00Z,51.04,51.04,50.41,50.5,513600
2025-04-29T14:00:00Z,50.5,50.57,50.29,50.44,1113200
2025-04-29T15:00:00Z,50.44,50.58,50.4,50.45,321900
2025-04-29T16:00:00Z,50.45,50.58,50.4,50.42,351700
2025-04-29T17:00:00Z,50.42,50.51,50.34,50.38,433800
2025-04-29T18:00:00Z,50.39,50.4,50.26,50.26,611100
2025-04-29T19:00:00Z,50.27,50.3,50.17,50.26,730700
2025-04-30T13:00:00Z,50.46,50.53,50.04,50.38,469900
2025-04-30T14:00:00Z,50.41,50.44,50.05,50.26,484300
2025-04-30T15:00:00Z,50.25,50.45,50.06,50.36,554200
2025-04-30T16:00:00Z,50.36,50.45,50.22,50.37,533400
2025-04-30T17:00:00Z,50.37,50.44,50.07,50.17,617600
2025-04-30T18:00:00Z,50.16,50.34,50.02,50.03,542300
2025-04-30T19:00:00Z,50.03,50.18,49.9,50.09,1754700
2025-05-02T13:00:00Z,50.04,50.23,49.31,50.2,1143300
2025-05-02T14:00:00Z,50.17,50.43,49.81,50.24,397200
2025-05-02T15:00:00Z,50.24,50.45,50.23,50.42,357500
2025-05-02T16:00:00Z,50.42,50.67,50.42,50.6,472300
2025-05-02T17:00:00Z,50.63,50.78,50.52,50.56,414300
2025-05-02T18:00:00Z,50.58,50.63,50.45,50.53,319900
2025-05-02T19:00:00Z,50.53,50.79,50.53,50.65,390700
2025-05-05T13:00:00Z,50.71,51.07,50.7,50.83,314900
2025-05-05T14:00:00Z,50.85,50.85,50.45,50.5,245700
2025-05-05T15:00:00Z,50.5,50.53,50.03,50.06,323600
2025-05-05T16:00:00Z,50.06,50.22,50.04,50.11,205100
2025-05-05T17:00:00Z,50.1,50.38,50.04,50.27,477000
2025-05-05T18:00:00Z,50.26,50.42,50.2,50.37,422200
2025-05-05T19:00:00Z,50.38,50.46,50.31,50.37,503400
2025-05-06T13:00:00Z,50.26,50.83,50.16,50.3,354500
2025-05-06T14:00:00Z,50.32,50.52,50.24,50.25,270500
2025-05-06T15:00:00Z,50.26,50.32,50.12,50.27,234000
2025-05-06T16:00:00Z,50.29,50.4,50.22,50.22,231300
2025-05-06T17:00:00Z,50.21,50.38,50.21,50.25,271000
2025-05-06T18:00:00Z,50.26,50.34,50.22,50.31,269300
2025-05-06T19:00:00Z,50.32,50.52,50.27,50.48,469100
2025-05-07T13:00:00Z,50.7,50.97,50.45,50.87,436100
2025-05-07T14:00:00Z,50.85,51.09,50.75,50.92,441700
2025-05-07T15:00:00Z,50.92,51.57,50.9,51.52,501700
2025-05-07T16:00:00Z,51.52,51.57,51.4,51.5,341800
2025-05-07T17:00:00Z,51.48,51.58,51.37,51.56,450000
2025-05-07T18:00:00Z,51.56,51.64,51.1,51.14,924300
2025-05-07T19:00:00Z,51.14,51.29,51.04,51.18,884000
2025-05-08T13:00:00Z,51.41,51.85,51.18,51.34,861200
2025-05-08T14:00:00Z,51.34,51.49,51.01,51.4,469500
2025-05-08T15:00:00Z,51.39,51.6,51.29,51.47,456700
2025-05-08T16:00:00Z,51.46,51.73,51.32,51.72,457400
2025-05-08T17:00:00Z,51.72,51.73,51.56,51.6,443900
2025-05-08T18:00:00Z,51.6,51.81,51.58,51.71,543100
2025-05-08T19:00:00Z,51.72,51.91,51.45,51.52,1010000
2025-05-09T13:00:00Z,49.26,50.98,49.26,50.53,4862500
2025-05-09T14:00:00Z,50.52,50.72,49.91,50.25,1458200
2025-05-09T15:00:00Z,50.23,50.6,50.14,50.45,556000
2025-05-09T16:00:00Z,50.45,50.5,50.2,50.28,491100
2025-05-09T17:00:00Z,50.25,50.77,50.24,50.7,725900
2025-05-09T18:00:00Z,50.67,50.74,50.06,50.07,668200
2025-05-09T19:00:00Z,50.07,50.36,50.05,50.22,1135700
2025-05-12T13:00:00Z,51.5,52.46,51.31,52.22,2187400
2025-05-12T14:00:00Z,52.19,52.71,52.18,52.68,1572800
2025-05-12T15:00:00Z,52.7,52.74,52.16,52.28,820500
2025-05-12T16:00:00Z,52.28,52.66,52.25,52.55,661500
2025-05-12T17:00:00Z,52.55,52.67,52.47,52.54,648000
2025-05-12T18:00:00Z,52.55,52.61,52.08,52.12,832000
2025-05-12T19:00:00Z,52.11,52.15,51.94,52.08,1121000
2025-05-13T13:00:00Z,52.06,52.6,51.52,52.48,900100
2025-05-13T14:00:00Z,52.49,53.32,52.36,53.32,1103500
2025-05-13T15:00:00Z,53.31,53.4,52.96,53.08,566500
2025-05-13T16:00:00Z,53.08,53.08,52.66,52.91,496900
2025-05-13T17:00:00Z,52.9,52.92,52.67,52.72,419700
2025-05-13T18:00:00Z,52.72,53,52.68,52.95,702900
2025-05-13T19:00:00Z,52.95,53.34,52.95,53.12,1591300
2025-05-14T13:00:00Z,53.25,54.15,53.11,54.03,862000
2025-05-14T14:00:00Z,54.04,54.11,53.6,53.72,754900
2025-05-14T15:00:00Z,53.71,53.79,53.32,53.78,395800
2025-05-14T16:00:00Z,53.79,53.86,53.46,53.55,476600
2025-05-14T17:00:00Z,53.55,53.57,52.74,52.86,1009600
2025-05-14T18:00:00Z,52.86,53.27,52.78,53.17,1098600
2025-05-14T19:00:00Z,53.16,53.37,53.14,53.2,750100
2025-05-15T13:00:00Z,53.2,53.43,52.94,53.26,327000
2025-05-15T14:00:00Z,53.27,53.46,53.03,53.4,333800
2025-05-15T15:00:00Z,53.4,53.4,53.07,53.17,391400
2025-05-15T16:00:00Z,53.15,53.36,53.13,53.29,316500
2025-05-15T17:00:00Z,53.3,53.52,53.27,53.49,398100
2025-05-15T18:00:00Z,53.49,53.89,53.42,53.88,800700
2025-05-15T19:00:00Z,53.88,54.09,53.74,53.74,954500
2025-05-16T13:00:00Z,53.89,54,53.02,53.76,947200
2025-05-16T14:00:00Z,53.75,53.85,53.37,53.58,560900
2025-05-16T15:00:00Z,53.59,53.73,53.43,53.64,807400
2025-05-16T16:00:00Z,53.65,53.83,53.64,53.7,267600
2025-05-16T17:00:00Z,53.71,53.79,53.45,53.59,565500
2025-05-16T18:00:00Z,53.6,53.71,53.52,53.65,329500
2025-05-16T19:00:00Z,53.65,53.69,53.34,53.39,614500
2025-05-19T13:00:00Z,53.53,53.59,52.9,53.03,496000
2025-05-19T14:00:00Z,53.03,53.41,53.01,53.3,358900
2025-05-19T15:00:00Z,53.29,53.44,53.07,53.2,347500
2025-05-19T16:00:00Z,53.2,53.35,53.15,53.29,208300
2025-05-19T17:00:00Z,53.29,53.45,53.28,53.33,219200
2025-05-19T18:00:00Z,53.34,53.38,53.22,53.22,227700
2025-05-19T19:00:00Z,53.23,53.45,53.21,53.27,632000
2025-05-20T13:00:00Z,53.19,53.22,52.88,53.09,399500
2025-05-20T14:00:00Z,53.07,53.11,52.72,52.86,338000
2025-05-20T15:00:00Z,52.83,52.97,52.75,52.96,272300
2025-05-20T16:00:00Z,52.97,52.99,52.8,52.86,145700
2025-05-20T17:00:00Z,52.86,53.01,52.83,52.98,203300
2025-05-20T18:00:00Z,52.99,52.99,52.84,52.96,199500
2025-05-20T19:00:00Z,52.96,53.07,52.83,53.05,411500
2025-05-21T13:00:00Z,52.74,53.21,52.61,53.13,579300
2025-05-21T14:00:00Z,53.12,53.22,52.9,53.01,277000
2025-05-21T15:00:00Z,52.99,53.02,52.78,52.96,302400
2025-05-21T16:00:00Z,52.95,53.02,52.82,52.98,140200
2025-05-21T17:00:00Z,52.97,53.03,52.77,52.9,249900
2025-05-21T18:00:00Z,52.9,53.31,52.78,53.27,5434800
2025-05-21T19:00:00Z,53.27,53.42,53.1,53.15,1577700
2025-05-22T13:00:00Z,53.13,53.85,52.86,53.64,577600
2025-05-22T14:00:00Z,53.64,53.82,52.92,53.19,835900
2025-05-22T15:00:00Z,53.17,53.47,53.13,53.4,491500
2025-05-22T16:00:00Z,53.4,53.45,53.29,53.35,312900
2025-05-22T17:00:00Z,53.35,53.57,53.19,53.28,724400
2025-05-22T18:00:00Z,53.27,53.28,52.77,52.86,813900
2025-05-22T19:00:00Z,52.83,53.17,52.75,53.08,1449200
2025-05-23T13:00:00Z,53.29,53.69,52.62,52.63,965500
2025-05-23T14:00:00Z,52.64,52.84,52.44,52.54,314900
2025-05-23T15:00:00Z,52.55,52.79,52.51,52.67,156300
2025-05-23T16:00:00Z,52.66,52.84,52.61,52.76,281900
2025-05-23T17:00:00Z,52.75,52.87,52.63,52.8,182600
2025-05-23T18:00:00Z,52.8,52.96,52.71,52.8,280100
2025-05-23T19:00:00Z,52.81,52.92,52.67,52.85,491700
2025-05-26T13:00:00Z,53.1,53.1,52.33,52.52,476200
2025-05-26T14:00:00Z,52.52,52.61,52.29,52.35,719000
2025-05-26T15:00:00Z,52.35,52.49,52.2,52.24,189700
2025-05-26T16:00:00Z,52.24,52.45,52.22,52.35,136700
2025-05-26T17:00:00Z,52.36,52.39,52.06,52.2,253100
2025-05-26T18:00:00Z,52.22,52.5,52.14,52.46,469400
2025-05-26T19:00:00Z,52.45,52.77,52.45,52.63,369100
2025-05-27T13:00:00Z,52.51,52.6,51.65,51.89,2116700
2025-05-27T14:00:00Z,51.9,52.08,51.7,51.87,1332300
2025-05-27T15:00:00Z,51.87,52.05,51.73,51.74,1103400
2025-05-27T16:00:00Z,51.74,51.96,51.71,51.83,2896900
2025-05-27T17:00:00Z,51.84,51.93,51.5,51.53,1489000
2025-05-27T18:00:00Z,51.51,51.6,50.9,50.91,2856500
2025-05-27T19:00:00Z,50.92,51.48,50.92,51.42,1836100
2025-05-28T13:00:00Z,51.2,51.89,51.2,51.79,768600
2025-05-28T14:00:00Z,51.79,52.04,51.13,51.31,1069800
2025-05-28T15:00:00Z,51.34,51.6,51.32,51.42,315000
2025-05-28T16:00:00Z,51.42,51.63,51.42,51.49,266500
2025-05-28T17:00:00Z,51.5,51.62,51.34,51.37,483200
2025-05-28T18:00:00Z,51.38,51.41,51.21,51.26,448200
2025-05-28T19:00:00Z,51.26,51.36,51.09,51.22,872500
2025-05-29T13:00:00Z,50.99,51.14,50.41,50.53,1327500
2025-05-29T14:00:00Z,50.53,51.1,50.53,51.03,664000
2025-05-29T15:00:00Z,51.06,51.09,50.87,50.94,324500
2025-05-29T16:00:00Z,50.94,51.07,50.93,50.98,203100
2025-05-29T17:00:00Z,50.99,51.42,50.95,51.35,904600
2025-05-29T18:00:00Z,51.36,51.38,50.88,50.89,1059100
2025-05-29T19:00:00Z,50.88,50.88,50.26,50.4,2886500
2025-05-30T13:00:00Z,50.61,50.68,49.84,50.11,1573800
2025-05-30T14:00:00Z,50.12,50.21,49.95,50.01,1001300
2025-05-30T15:00:00Z,50.04,50.11,49.95,49.97,482200
2025-05-30T16:00:00Z,49.96,49.97,49.47,49.51,857600
2025-05-30T17:00:00Z,49.52,49.68,49.5,49.51,1064600
2025-05-30T18:00:00Z,49.52,49.57,49.38,49.39,840300
2025-05-30T19:00:00Z,49.38,49.63,49.35,49.57,1242300
2025-06-02T13:00:00Z,49.95,50.26,49.69,49.83,940800
2025-06-02T14:00:00Z,49.82,49.98,49.65,49.81,1357900
2025-06-02T15:00:00Z,49.82,50.1,49.8,50.05,792700
2025-06-02T16:00:00Z,50.04,50.05,49.95,50.03,518800
2025-06-02T17:00:00Z,50.02,50.1,49.93,49.93,364600
2025-06-02T18:00:00Z,49.93,50.01,49.82,49.85,961500
2025-06-02T19:00:00Z,49.85,49.85,49.44,49.66,2297900
2025-06-03T13:00:00Z,49.51,50.48,49.5,50.44,1240900
2025-06-03T14:00:00Z,50.44,50.62,50.3,50.55,701600
2025-06-03T15:00:00Z,50.55,50.92,50.41,50.83,1523100
2025-06-03T16:00:00Z,50.83,50.97,50.71,50.93,762400
2025-06-03T17:00:00Z,50.95,51.04,50.7,50.89,714600
2025-06-03T18:00:00Z,50.89,50.95,50.5,50.6,753400
2025-06-03T19:00:00Z,50.62,50.69,50.42,50.52,1257000
2025-06-04T13:00:00Z,50.41,50.5,49.96,50.05,2666000
2025-06-04T14:00:00Z,50.04,50.18,49.84,49.91,649800
2025-06-04T15:00:00Z,49.91,50.06,49.88,49.94,449000
2025-06-04T16:00:00Z,49.95,50.05,49.86,49.87,458800
2025-06-04T17:00:00Z,49.87,50.02,49.86,49.93,598700
2025-06-04T18:00:00Z,49.93,50.06,49.89,49.92,700400
2025-06-04T19:00:00Z,49.93,49.93,49.65,49.74,895100
2025-06-05T13:00:00Z,52.72,52.72,50.71,51.27,5979100
2025-06-05T14:00:00Z,51.26,52.33,51.21,52.31,3227300
2025-06-05T15:00:00Z,52.33,52.89,52.3,52.73,2841300
2025-06-05T16:00:00Z,52.73,53.11,52.44,53.07,1869800
2025-06-05T17:00:00Z,53.08,53.11,52.72,52.92,2213500
2025-06-05T18:00:00Z,52.91,53.04,52.71,52.85,1751200
2025-06-05T19:00:00Z,52.85,53.15,52.78,52.98,2283600
2025-06-06T13:00:00Z,53.15,54.25,53,53.93,2196000
2025-06-06T14:00:00Z,53.94,54.44,53.71,53.75,2294500
2025-06-06T15:00:00Z,53.75,53.81,53.45,53.74,908700
2025-06-06T16:00:00Z,53.74,53.86,53.62,53.67,636100
2025-06-06T17:00:00Z,53.66,53.81,53.63,53.66,835900
2025-06-06T18:00:00Z,53.66,53.74,53.35,53.47,1351200
2025-06-06T19:00:00Z,53.45,53.52,53.17,53.3,1360900
2025-06-09T13:00:00Z,53.39,53.68,53.19,53.23,625800
2025-06-09T14:00:00Z,53.23,53.41,53.18,53.31,378500
2025-06-09T15:00:00Z,53.31,53.52,53.22,53.47,288600
2025-06-09T16:00:00Z,53.47,53.76,53.45,53.74,352000
2025-06-09T17:00:00Z,53.76,53.77,53.45,53.48,358600
2025-06-09T18:00:00Z,53.48,53.63,53.44,53.52,291900
2025-06-09T19:00:00Z,53.52,53.88,53.46,53.56,510400
2025-06-10T13:00:00Z,53.67,53.81,53.41,53.53,489500
2025-06-10T14:00:00Z,53.54,53.77,53.37,53.45,347700
2025-06-10T15:00:00Z,53.45,53.55,53.39,53.41,321400
2025-06-10T16:00:00Z,53.41,53.69,53.41,53.55,224600
2025-06-10T17:00:00Z,53.55,53.66,53.34,53.45,376400
2025-06-10T18:00:00Z,53.45,53.47,53.18,53.43,486700
2025-06-10T19:00:00Z,53.43,53.49,53.35,53.44,424100
2025-06-11T13:00:00Z,53.5,53.59,52.72,53.26,445500
2025-06-11T14:00:00Z,53.25,53.92,53.25,53.47,569300
2025-06-11T15:00:00Z,53.48,53.6,53.31,53.32,433300
2025-06-11T16:00:00Z,53.34,53.34,52.77,52.77,307700
2025-06-11T17:00:00Z,52.76,53.33,52.75,53.29,681100
2025-06-11T18:00:00Z,53.29,53.38,53.1,53.18,733100
2025-06-11T19:00:00Z,53.19,53.24,53,53.1,643100
2025-06-12T13:00:00Z,52.51,52.7,52.13,52.48,2119700
2025-06-12T14:00:00Z,52.48,52.72,52.48,52.67,507700
2025-06-12T15:00:00Z,52.66,52.94,52.64,52.91,215700
2025-06-12T16:00:00Z,52.89,52.97,52.78,52.81,237200
2025-06-12T17:00:00Z,52.81,52.94,52.66,52.78,221400
2025-06-12T18:00:00Z,52.79,53.03,52.76,52.95,314000
2025-06-12T19:00:00Z,52.96,53.2,52.96,53.11,767100
2025-06-13T13:00:00Z,54.44,55.42,53.97,54.53,2834700
2025-06-13T14:00:00Z,54.53,54.84,54.37,54.57,1845500
2025-06-13T15:00:00Z,54.55,54.93,54.5,54.62,839300
2025-06-13T16:00:00Z,54.62,54.96,54.5,54.8,1133800
2025-06-13T17:00:00Z,54.78,54.9,54.36,54.48,1697900
2025-06-13T18:00:00Z,54.46,54.55,54.17,54.21,733400
2025-06-13T19:00:00Z,54.21,54.26,54,54.12,738800
2025-06-16T13:00:00Z,54.34,54.61,53.99,54.32,812400
2025-06-16T14:00:00Z,54.32,54.36,53.81,54.27,729800
2025-06-16T15:00:00Z,54.25,54.28,54.1,54.2,2371800
2025-06-16T16:00:00Z,54.18,54.54,54.13,54.51,549100
2025-06-16T17:00:00Z,54.49,54.63,54.41,54.49,419600
2025-06-16T18:00:00Z,54.49,54.55,54.36,54.42,379900
2025-06-16T19:00:00Z,54.42,54.45,54.17,54.33,631800
2025-06-17T13:00:00Z,53.92,54.22,53.64,53.92,1070000
2025-06-17T14:00:00Z,53.91,53.91,53.37,53.58,598800
2025-06-17T15:00:00Z,53.57,53.64,53.11,53.19,524500
2025-06-17T16:00:00Z,53.19,53.27,53.05,53.14,496200
2025-06-17T17:00:00Z,53.14,53.16,52.65,52.72,773200
2025-06-17T18:00:00Z,52.73,52.97,52.5,52.87,747900
2025-06-17T19:00:00Z,52.86,52.88,52.65,52.71,827700
2025-06-18T13:00:00Z,52.7,52.94,52.5,52.59,384600
2025-06-18T14:00:00Z,52.59,52.8,52.59,52.71,205700
2025-06-18T15:00:00Z,52.71,52.92,52.7,52.87,380500
2025-06-18T16:00:00Z,52.86,52.91,52.8,52.85,220000
2025-06-18T17:00:00Z,52.85,53.05,52.77,53.01,583000
2025-06-18T18:00:00Z,52.99,53.2,52.85,52.95,664800
2025-06-18T19:00:00Z,52.94,52.96,52.8,52.81,657900
2025-06-20T13:00:00Z,52.51,52.9,52.18,52.67,594400
2025-06-20T14:00:00Z,52.7,52.97,52.4,52.42,483000
2025-06-20T15:00:00Z,52.41,52.42,52.06,52.33,253900
2025-06-20T16:00:00Z,52.32,52.6,52.31,52.49,405300
2025-06-20T17:00:00Z,52.48,52.53,52.21,52.3,198400
2025-06-20T18:00:00Z,52.29,52.32,52.15,52.15,443600
2025-06-20T19:00:00Z,52.15,52.17,51.9,52.04,633800
2025-06-23T13:00:00Z,51.7,51.81,51.49,51.68,322800
2025-06-23T14:00:00Z,51.69,52.03,51.68,51.93,248000
2025-06-23T15:00:00Z,51.92,52.08,51.77,51.81,312400
2025-06-23T16:00:00Z,51.81,51.85,51.67,51.69,234400
2025-06-23T17:00:00Z,51.68,51.85,51.4,51.77,820600
2025-06-23T18:00:00Z,51.77,51.79,51.5,51.54,580500
2025-06-23T19:00:00Z,51.53,51.66,51.4,51.51,1569300
2025-06-24T13:00:00Z,52.07,52.07,51.73,51.78,239300
2025-06-24T14:00:00Z,51.78,52.16,51.78,51.83,358200
2025-06-24T15:00:00Z,51.83,51.99,51.77,51.81,306200
2025-06-24T16:00:00Z,51.8,51.83,51.71,51.75,226500
2025-06-24T17:00:00Z,51.75,52.03,51.75,51.95,3256400
2025-06-24T18:00:00Z,51.95,51.98,51.82,51.85,310100
2025-06-24T19:00:00Z,51.86,52.05,51.85,51.99,459400
2025-06-25T13:00:00Z,51.63,51.96,51.41,51.88,569800
2025-06-25T14:00:00Z,51.88,52.15,51.71,51.71,437200
2025-06-25T15:00:00Z,51.71,51.8,51.43,51.77,621200
2025-06-25T16:00:00Z,51.79,51.83,51.6,51.65,249800
2025-06-25T17:00:00Z,51.65,51.69,51.54,51.64,287200
2025-06-25T18:00:00Z,51.64,51.71,51.49,51.65,392900
2025-06-25T19:00:00Z,51.64,51.72,51.48,51.63,716800
2025-06-26T13:00:00Z,51.47,52.12,51.44,51.91,615400
2025-06-26T14:00:00Z,51.91,52.07,51.78,51.82,2555000
2025-06-26T15:00:00Z,51.81,51.86,51.58,51.81,414400
2025-06-26T16:00:00Z,51.8,51.88,51.66,51.82,2345000
2025-06-26T17:00:00Z,51.82,51.98,51.79,51.83,414300
2025-06-26T18:00:00Z,51.83,51.9,51.79,51.8,383200
2025-06-26T19:00:00Z,51.8,51.81,51.53,51.66,480600
2025-06-27T13:00:00Z,51.37,51.52,51.03,51.09,461600
2025-06-27T14:00:00Z,51.07,51.33,50.98,51.24,643200
2025-06-27T15:00:00Z,51.24,51.4,51.16,51.24,270100
2025-06-27T16:00:00Z,51.24,51.26,50.94,50.95,306100
2025-06-27T17:00:00Z,50.94,51.08,50.88,51,507500
2025-06-27T18:00:00Z,51,51.04,50.82,50.91,413700
2025-06-27T19:00:00Z,50.91,51.07,50.86,51.07,655700
2025-06-30T13:00:00Z,51.04,51.21,50.73,51.18,438400
2025-06-30T14:00:00Z,51.18,51.39,51.13,51.28,273800
2025-06-30T15:00:00Z,51.28,51.38,51.18,51.19,313200
2025-06-30T16:00:00Z,51.2,51.28,51.07,51.16,316400
2025-06-30T17:00:00Z,51.16,51.22,51.02,51.1,859700
2025-06-30T18:00:00Z,51.11,51.26,51.04,51.19,942500
2025-06-30T19:00:00Z,51.19,51.33,51.1,51.26,1387200
2025-07-01T13:00:00Z,51.64,51.66,50.63,50.74,624300
2025-07-01T14:00:00Z,50.74,50.9,50.51,50.59,384400
2025-07-01T15:00:00Z,50.59,50.85,50.58,50.78,409200
2025-07-01T16:00:00Z,50.77,50.93,50.67,50.7,336800
2025-07-01T17:00:00Z,50.7,50.8,50.64,50.69,491800
2025-07-01T18:00:00Z,50.68,50.79,50.65,50.69,367000
2025-07-01T19:00:00Z,50.69,50.8,50.59,50.76,669900
2025-07-02T13:00:00Z,50.74,51.59,50.72,51.11,1047800
2025-07-02T14:00:00Z,51.11,51.56,51.1,51.42,637100
2025-07-02T15:00:00Z,51.4,51.74,51.4,51.61,491000
2025-07-02T16:00:00Z,51.61,51.64,51.19,51.22,625400
2025-07-02T17:00:00Z,51.21,51.39,51.17,51.25,454300
2025-07-02T18:00:00Z,51.25,51.4,51.23,51.38,343100
2025-07-02T19:00:00Z,51.38,51.66,51.37,51.5,2672800
2025-07-03T13:00:00Z,51.71,52.2,51.4,52.2,344700
2025-07-03T14:00:00Z,52.19,52.32,51.67,51.7,728200
2025-07-03T15:00:00Z,51.72,51.98,51.58,51.69,396700
2025-07-03T16:00:00Z,51.72,52.14,51.72,52.05,328800
2025-07-03T17:00:00Z,52.05,52.14,51.86,51.96,302500
2025-07-03T18:00:00Z,51.96,52.31,51.92,52.29,319200
2025-07-03T19:00:00Z,52.29,52.31,52.05,52.22,517900
2025-07-04T13:00:00Z,52.06,52.26,51.73,51.8,184800
2025-07-04T14:00:00Z,51.8,51.94,51.7,51.86,157100
2025-07-04T15:00:00Z,51.86,51.99,51.83,51.9,101200
2025-07-04T16:00:00Z,51.9,51.96,51.78,51.9,60700
2025-07-04T17:00:00Z,51.92,51.95,51.8,51.86,86800
2025-07-04T18:00:00Z,51.86,51.95,51.79,51.82,196000
2025-07-04T19:00:00Z,51.84,51.87,51.75,51.8,242300
2025-07-07T13:00:00Z,51.91,51.91,51.11,51.42,451100
2025-07-07T14:00:00Z,51.42,51.88,51.36,51.81,551000
2025-07-07T15:00:00Z,51.8,51.83,51.47,51.53,235200
2025-07-07T16:00:00Z,51.51,51.54,51.19,51.23,260400
2025-07-07T17:00:00Z,51.23,51.3,51.12,51.27,169900
2025-07-07T18:00:00Z,51.25,51.32,51.18,51.28,192100
2025-07-07T19:00:00Z,51.28,51.29,51.09,51.13,421300
2025-07-08T13:00:00Z,51.18,51.18,50.81,51.02,182200
2025-07-08T14:00:00Z,51.01,51.18,50.78,50.86,264100
2025-07-08T15:00:00Z,50.88,51.03,50.81,50.96,221700
2025-07-08T16:00:00Z,50.95,51,50.78,50.88,272900
2025-07-08T17:00:00Z,50.88,51.02,50.82,50.96,114400
2025-07-08T18:00:00Z,50.98,51.08,50.71,50.73,378200
2025-07-08T19:00:00Z,50.74,50.95,50.69,50.82,396800
2025-07-09T13:00:00Z,50.77,50.88,50.5,50.64,235400
2025-07-09T14:00:00Z,50.66,50.74,50.52,50.54,202000
2025-07-09T15:00:00Z,50.54,50.61,50.43,50.46,329400
2025-07-09T16:00:00Z,50.44,50.46,50.17,50.25,263600
2025-07-09T17:00:00Z,50.23,50.54,50.19,50.44,497800
2025-07-09T18:00:00Z,50.43,50.44,50,50.02,693200
2025-07-09T19:00:00Z,50.01,50.02,49.81,49.86,793200
2025-07-10T13:00:00Z,49.17,50.72,49.15,50.45,3867900
2025-07-10T14:00:00Z,50.44,50.47,49.96,50.13,666600
2025-07-10T15:00:00Z,50.13,50.61,49.95,50.02,389100
2025-07-10T16:00:00Z,50.02,50.19,49.94,49.98,890700
2025-07-10T17:00:00Z,49.96,50.13,49.92,49.94,402400
2025-07-10T18:00:00Z,49.94,49.94,49.43,49.68,661300
2025-07-10T19:00:00Z,49.67,50,49.63,49.9,1054600
2025-07-11T13:00:00Z,49.85,50.06,49.55,49.7,392100
2025-07-11T14:00:00Z,49.68,49.89,49.56,49.84,428700
2025-07-11T15:00:00Z,49.84,49.86,49.55,49.84,488700
2025-07-11T16:00:00Z,49.82,49.86,49.67,49.73,267200
2025-07-11T17:00:00Z,49.72,49.92,49.72,49.86,238000
2025-07-11T18:00:00Z,49.85,49.96,49.8,49.86,655500
2025-07-11T19:00:00Z,49.87,50.1,49.84,49.9,387200
2025-07-14T13:00:00Z,49.84,50.02,49.43,50,393300
2025-07-14T14:00:00Z,50,50.39,49.87,49.94,601200
2025-07-14T15:00:00Z,49.91,50.09,49.77,50.05,346700
2025-07-14T16:00:00Z,50.05,50.24,49.96,50.06,355300
2025-07-14T17:00:00Z,50.06,50.06,49.75,49.82,321800
2025-07-14T18:00:00Z,49.82,50.16,49.8,50.12,537200
2025-07-14T19:00:00Z,50.11,50.21,49.93,50.06,466000
2025-07-15T13:00:00Z,50.1,50.72,49.75,49.84,696200
2025-07-15T14:00:00Z,49.84,50.33,49.77,50.23,374500
2025-07-15T15:00:00Z,50.22,50.35,50.14,50.32,655100
2025-07-15T16:00:00Z,50.31,50.45,50.28,50.4,271500
2025-07-15T17:00:00Z,50.38,50.58,50.36,50.51,567800
2025-07-15T18:00:00Z,50.51,50.63,50.45,50.52,369100
2025-07-15T19:00:00Z,50.52,50.55,50.37,50.46,987100
2025-07-16T13:00:00Z,50.45,50.49,50.13,50.2,459800
2025-07-16T14:00:00Z,50.21,50.3,50.01,50.21,409100
2025-07-16T15:00:00Z,50.21,50.38,50.2,50.3,1374200
2025-07-16T16:00:00Z,50.3,50.45,50.27,50.42,834000
2025-07-16T17:00:00Z,50.43,50.65,50.41,50.61,324700
2025-07-16T18:00:00Z,50.63,50.65,50.42,50.61,610400
2025-07-16T19:00:00Z,50.62,50.65,50.45,50.59,463800
2025-07-17T13:00:00Z,50.6,50.65,50.14,50.59,506600
2025-07-17T14:00:00Z,50.59,50.97,50.54,50.9,637500
2025-07-17T15:00:00Z,50.9,50.92,50.64,50.67,288400
2025-07-17T16:00:00Z,50.67,50.75,50.54,50.67,200900
2025-07-17T17:00:00Z,50.66,50.78,50.55,50.55,243900
2025-07-17T18:00:00Z,50.55,50.57,50.43,50.51,387800
2025-07-17T19:00:00Z,50.51,50.57,50.41,50.56,461500
2025-07-18T13:00:00Z,50.24,50.53,50.17,50.48,415400
2025-07-18T14:00:00Z,50.49,50.74,50.45,50.56,720400
2025-07-18T15:00:00Z,50.57,50.65,50.41,50.43,654000
2025-07-18T16:00:00Z,50.43,50.5,50.34,50.41,1027800
2025-07-18T17:00:00Z,50.4,50.58,50.34,50.51,600500
2025-07-18T18:00:00Z,50.51,50.55,50.42,50.47,1100100
2025-07-18T19:00:00Z,50.47,50.75,50.42,50.7,963300
2025-07-21T13:00:00Z,50.73,51,50.56,50.92,425600
2025-07-21T14:00:00Z,50.94,51.38,50.78,51.33,891000
2025-07-21T15:00:00Z,51.3,51.45,51.19,51.27,414600
2025-07-21T16:00:00Z,51.25,51.32,51.21,51.3,154700
2025-07-21T17:00:00Z,51.28,51.35,50.98,51.27,511600
2025-07-21T18:00:00Z,51.26,51.29,51.04,51.12,333200
2025-07-21T19:00:00Z,51.11,51.23,51,51.06,627700
2025-07-22T13:00:00Z,51.35,51.35,51,51.14,597500
2025-07-22T14:00:00Z,51.14,51.39,51.14,51.37,371200
2025-07-22T15:00:00Z,51.34,51.52,51.3,51.44,355300
2025-07-22T16:00:00Z,51.44,51.52,51.26,51.37,499000
2025-07-22T17:00:00Z,51.36,51.45,51.26,51.34,469400
2025-07-22T18:00:00Z,51.34,51.38,51.25,51.3,453400
2025-07-22T19:00:00Z,51.3,51.38,51.25,51.26,697500
2025-07-23T13:00:00Z,50.98,51.93,50.98,51.73,414300
2025-07-23T14:00:00Z,51.73,52.1,51.73,51.82,311000
2025-07-23T15:00:00Z,51.82,51.91,51.72,51.85,225000
2025-07-23T16:00:00Z,51.86,51.9,51.75,51.81,169900
2025-07-23T17:00:00Z,51.8,51.98,51.79,51.88,258400
2025-07-23T18:00:00Z,51.88,51.93,51.77,51.81,235400
2025-07-23T19:00:00Z,51.8,51.84,51.68,51.72,554000
2025-07-24T13:00:00Z,51.66,51.88,51.55,51.61,385500
2025-07-24T14:00:00Z,51.6,51.77,51.56,51.64,199100
2025-07-24T15:00:00Z,51.65,51.67,51.42,51.5,311700
2025-07-24T16:00:00Z,51.53,51.63,51.41,51.44,189600
2025-07-24T17:00:00Z,51.44,51.51,51.39,51.46,244600
2025-07-24T18:00:00Z,51.46,51.6,51.46,51.56,212700
2025-07-24T19:00:00Z,51.56,51.6,51.43,51.43,323100
2025-07-25T13:00:00Z,51.37,52.63,51.37,51.91,962800
2025-07-25T14:00:00Z,51.91,52.34,51.91,52.06,427600
2025-07-25T15:00:00Z,52.06,52.43,52.06,52.3,333500
2025-07-25T16:00:00Z,52.3,52.61,52.25,52.56,399600
2025-07-25T17:00:00Z,52.55,52.71,52.53,52.57,331600
2025-07-25T18:00:00Z,52.56,52.76,52.48,52.49,492100
2025-07-25T19:00:00Z,52.47,52.69,52.44,52.62,726200
2025-07-28T13:00:00Z,52.59,52.73,52.02,52.36,408200
2025-07-28T14:00:00Z,52.36,52.43,52.21,52.27,294500
2025-07-28T15:00:00Z,52.26,52.51,52.18,52.35,358600
2025-07-28T16:00:00Z,52.35,52.38,52.18,52.2,167800
2025-07-28T17:00:00Z,52.19,52.36,52.05,52.06,731100
2025-07-28T18:00:00Z,52.05,52.17,51.97,52.14,408400
2025-07-28T19:00:00Z,52.14,52.28,52.09,52.22,448300
2025-07-29T13:00:00Z,52.16,52.23,51.7,51.95,457200
2025-07-29T14:00:00Z,51.95,52.03,51.76,51.94,520500
2025-07-29T15:00:00Z,51.94,52.1,51.91,51.98,177300
2025-07-29T16:00:00Z,52,52.16,52,52.11,99500
2025-07-29T17:00:00Z,52.11,52.14,51.97,52.05,122700
2025-07-29T18:00:00Z,52.05,52.11,51.98,52.05,181800
2025-07-29T19:00:00Z,52.06,52.07,51.86,51.99,360300
2025-07-30T13:00:00Z,51.95,51.96,51.22,51.52,612400
2025-07-30T14:00:00Z,51.52,51.57,51.2,51.31,407400
2025-07-30T15:00:00Z,51.3,51.51,51.24,51.37,1141400
2025-07-30T16:00:00Z,51.37,51.46,51.28,51.44,116400
2025-07-30T17:00:00Z,51.43,51.45,51.26,51.33,276800
2025-07-30T18:00:00Z,51.34,53.1,50.95,52.55,3860000
2025-07-30T19:00:00Z,52.56,52.82,52.21,52.31,1908100
2025-07-31T13:00:00Z,52.39,52.82,51.59,52.31,678500
2025-07-31T14:00:00Z,52.3,52.35,52,52.16,766600
2025-07-31T15:00:00Z,52.16,52.5,52.15,52.33,235700
2025-07-31T16:00:00Z,52.32,52.41,52.16,52.21,206900
2025-07-31T17:00:00Z,52.21,52.22,51.97,52.09,402100
2025-07-31T18:00:00Z,52.06,52.16,51.75,52.01,841400
2025-07-31T19:00:00Z,52.02,52.29,51.99,52.04,779200
2025-08-01T13:00:00Z,52.28,52.6,51.92,52.04,993100
2025-08-01T14:00:00Z,52.02,52.11,51.74,51.95,1728400
2025-08-01T15:00:00Z,51.92,52.01,51.68,51.78,1015200
2025-08-01T16:00:00Z,51.81,51.93,51.75,51.81,242300
2025-08-01T17:00:00Z,51.8,51.82,51.47,51.72,414600
2025-08-01T18:00:00Z,51.71,51.79,51.64,51.7,216200
2025-08-01T19:00:00Z,51.7,51.88,51.69,51.7,1030100
2025-08-04T13:00:00Z,52.18,52.18,50.98,51.05,356200
2025-08-04T14:00:00Z,51.05,51.14,50.85,50.9,726200
2025-08-04T15:00:00Z,50.9,50.9,50.5,50.6,550500
2025-08-04T16:00:00Z,50.6,50.72,50.45,50.55,470600
2025-08-04T17:00:00Z,50.55,50.58,50.28,50.4,383900
2025-08-04T18:00:00Z,50.4,50.57,50.37,50.54,1618600
2025-08-04T19:00:00Z,50.55,50.7,50.52,50.61,685300
2025-08-05T13:00:00Z,50.98,51.1,50.35,50.98,339100
2025-08-05T14:00:00Z,50.99,51.15,50.7,50.86,310500
2025-08-05T15:00:00Z,50.87,51.03,50.85,50.99,111500
2025-08-05T16:00:00Z,51.01,51.01,50.78,50.86,94400
2025-08-05T17:00:00Z,50.88,51.04,50.76,50.91,140200
2025-08-05T18:00:00Z,50.92,51.02,50.81,50.88,149000
2025-08-05T19:00:00Z,50.89,51.15,50.79,51,380200
2025-08-06T13:00:00Z,51.26,51.45,50.85,50.99,269500
2025-08-06T14:00:00Z,50.99,51.02,50.77,50.9,219900
2025-08-06T15:00:00Z,50.89,51.26,50.77,51.24,273200
2025-08-06T16:00:00Z,51.27,51.51,51.17,51.41,355600
2025-08-06T17:00:00Z,51.4,51.51,51.3,51.31,387500
2025-08-06T18:00:00Z,51.31,51.6,51.27,51.46,835700
2025-08-06T19:00:00Z,51.45,51.7,51.32,51.5,689100
2025-08-07T13:00:00Z,52.96,54.1,52.67,53.64,2733300
2025-08-07T14:00:00Z,53.62,54.15,53.61,53.99,1142300
2025-08-07T15:00:00Z,54,54.06,53.56,53.8,513500
2025-08-07T16:00:00Z,53.81,54.17,53.69,54.16,520300
2025-08-07T17:00:00Z,54.16,54.8,54.01,54.6,1394400
2025-08-07T18:00:00Z,54.6,54.6,54.16,54.39,965000
2025-08-07T19:00:00Z,54.39,54.43,54,54.11,2811900
2025-08-08T13:00:00Z,54.18,54.66,53.54,53.54,743200
2025-08-08T14:00:00Z,53.55,54.58,53.55,54.55,815400
2025-08-08T15:00:00Z,54.55,55.05,54.54,54.92,631100
2025-08-08T16:00:00Z,54.91,55.28,54.88,54.88,481300
2025-08-08T17:00:00Z,54.88,54.92,54.76,54.85,474700
2025-08-08T18:00:00Z,54.85,55.05,54.73,54.93,768500
2025-08-08T19:00:00Z,54.93,54.99,54.52,54.65,972100
2025-08-11T13:00:00Z,54.35,54.46,54.02,54.02,200800
2025-08-11T14:00:00Z,54.02,54.22,53.84,54.09,634400
2025-08-11T15:00:00Z,54.09,54.16,53.63,53.74,257000
2025-08-11T16:00:00Z,53.76,53.85,53.6,53.61,180800
2025-08-11T17:00:00Z,53.6,53.64,53.46,53.59,261100
2025-08-11T18:00:00Z,53.58,53.7,53.57,53.65,449000
2025-08-11T19:00:00Z,53.64,54.08,53.6,54.07,866300
2025-08-12T13:00:00Z,54.05,54.27,53.6,54.23,423400
2025-08-12T14:00:00Z,54.23,54.46,54.1,54.27,784800
2025-08-12T15:00:00Z,54.24,54.34,54.07,54.19,283000
2025-08-12T16:00:00Z,54.18,54.55,54.12,54.45,208300
2025-08-12T17:00:00Z,54.43,54.44,53.95,53.97,527600
2025-08-12T18:00:00Z,53.97,54.2,53.89,54.18,400800
2025-08-12T19:00:00Z,54.17,54.31,54,54.06,722700
2025-08-13T13:00:00Z,54.12,54.16,53.7,53.84,195900
2025-08-13T14:00:00Z,53.85,54.06,53.81,54.01,371100
2025-08-13T15:00:00Z,54.02,54.21,53.86,54.08,340200
2025-08-13T16:00:00Z,54.09,54.11,53.64,53.8,512400
2025-08-13T17:00:00Z,53.78,53.81,53.62,53.68,343900
2025-08-13T18:00:00Z,53.68,53.95,53.66,53.77,465000
2025-08-13T19:00:00Z,53.76,53.93,53.68,53.87,489400
2025-08-14T13:00:00Z,53.71,53.95,53.47,53.81,273500
2025-08-14T14:00:00Z,53.79,53.92,53.76,53.81,185600
2025-08-14T15:00:00Z,53.8,53.97,53.7,53.85,114400
2025-08-14T16:00:00Z,53.85,53.95,53.75,53.78,84000
2025-08-14T17:00:00Z,53.78,53.97,53.74,53.92,186400
2025-08-14T18:00:00Z,53.92,53.95,53.79,53.88,274000
2025-08-14T19:00:00Z,53.87,54.07,53.86,54.05,391200
2025-08-15T13:00:00Z,53.82,54.67,53.82,54.17,404200
2025-08-15T14:00:00Z,54.16,54.28,53.95,54.19,314300
2025-08-15T15:00:00Z,54.2,54.2,53.89,53.91,249600
2025-08-15T16:00:00Z,53.91,53.93,53.68,53.8,1318100
2025-08-15T17:00:00Z,53.8,53.83,53.68,53.7,1309100
2025-08-15T18:00:00Z,53.7,53.76,53.42,53.47,501900
2025-08-15T19:00:00Z,53.47,53.57,53.23,53.43,1268700
2025-08-18T13:00:00Z,53.07,53.47,52.53,52.73,596800
2025-08-18T14:00:00Z,52.74,53.1,52.65,53.04,680900
2025-08-18T15:00:00Z,53.06,53.2,53,53.15,516400
2025-08-18T16:00:00Z,53.15,53.28,52.98,52.99,2430200
2025-08-18T17:00:00Z,52.99,53.02,52.84,52.87,486200
2025-08-18T18:00:00Z,52.86,52.9,52.44,52.62,680900
2025-08-18T19:00:00Z,52.65,52.92,52.51,52.72,650600
2025-08-19T13:00:00Z,52.33,52.82,52.2,52.75,584500
2025-08-19T14:00:00Z,52.75,53.07,52.6,53.02,2579200
2025-08-19T15:00:00Z,53.02,53.02,52.68,52.8,430900
2025-08-19T16:00:00Z,52.82,52.82,52.52,52.67,278800
2025-08-19T17:00:00Z,52.67,52.82,52.62,52.73,289600
2025-08-19T18:00:00Z,52.74,52.85,52.65,52.72,340000
2025-08-19T19:00:00Z,52.73,52.84,52.65,52.75,412800
2025-08-20T13:00:00Z,52.91,53.22,52.77,53.01,319200
2025-08-20T14:00:00Z,53.03,53.08,52.75,52.78,201100
2025-08-20T15:00:00Z,52.79,52.91,52.65,52.68,246400
2025-08-20T16:00:00Z,52.69,52.85,52.66,52.72,154500
2025-08-20T17:00:00Z,52.74,52.78,52.43,52.51,365200
2025-08-20T18:00:00Z,52.51,52.63,52.39,52.52,390000
2025-08-20T19:00:00Z,52.52,52.62,52.4,52.49,459200
2025-08-21T13:00:00Z,52.49,52.49,52.01,52.13,358800
2025-08-21T14:00:00Z,52.11,52.27,52.08,52.23,146000
2025-08-21T15:00:00Z,52.25,52.4,52.24,52.28,157800
2025-08-21T16:00:00Z,52.27,52.31,52.09,52.31,173100
2025-08-21T17:00:00Z,52.33,52.53,52.2,52.28,116400
2025-08-21T18:00:00Z,52.29,52.44,52.26,52.42,158700
2025-08-21T19:00:00Z,52.42,52.52,52.35,52.47,295800
2025-08-22T13:00:00Z,53.49,53.71,53.02,53.49,688200
2025-08-22T14:00:00Z,53.51,53.89,53.51,53.73,833000
2025-08-22T15:00:00Z,53.74,53.82,53.42,53.53,595300
2025-08-22T16:00:00Z,53.52,53.88,53.46,53.88,1517700
2025-08-22T17:00:00Z,53.88,53.88,53.57,53.72,447400
2025-08-22T18:00:00Z,53.71,53.82,53.63,53.66,281600
2025-08-22T19:00:00Z,53.65,53.75,53.52,53.61,410000
2025-08-25T13:00:00Z,53.82,53.98,53.57,53.71,223400
2025-08-25T14:00:00Z,53.71,53.81,53.48,53.62,308900
2025-08-25T15:00:00Z,53.62,53.63,53.36,53.42,258700
2025-08-25T16:00:00Z,53.4,53.44,53.31,53.4,193900
2025-08-25T17:00:00Z,53.39,53.46,53.31,53.33,256000
2025-08-25T18:00:00Z,53.33,53.47,53.29,53.32,348700
2025-08-25T19:00:00Z,53.32,53.5,53.3,53.45,386500
2025-08-26T13:00:00Z,53.21,53.55,53.16,53.23,180700
2025-08-26T14:00:00Z,53.27,53.29,52.74,52.86,172700
2025-08-26T15:00:00Z,52.84,52.95,52.77,52.85,207800
2025-08-26T16:00:00Z,52.84,52.85,52.7,52.75,309800
2025-08-26T17:00:00Z,52.73,53.08,52.66,53.06,510800
2025-08-26T18:00:00Z,53.03,53.05,52.72,52.76,271400
2025-08-26T19:00:00Z,52.76,52.88,52.66,52.66,647700
2025-08-27T13:00:00Z,52.61,52.96,52.55,52.75,256800
2025-08-27T14:00:00Z,52.74,52.78,52.52,52.66,444900
2025-08-27T15:00:00Z,52.66,52.69,52.54,52.54,156300
2025-08-27T16:00:00Z,52.56,52.68,52.55,52.61,238100
2025-08-27T17:00:00Z,52.59,52.94,52.59,52.92,369800
2025-08-27T18:00:00Z,52.92,52.98,52.8,52.86,226500
2025-08-27T19:00:00Z,52.85,53.06,52.81,52.94,680200
2025-08-28T13:00:00Z,53.3,53.3,52.7,52.93,333600
2025-08-28T14:00:00Z,52.95,53.06,52.77,52.89,596800
2025-08-28T15:00:00Z,52.89,53.18,52.88,53.13,443200
2025-08-28T16:00:00Z,53.13,53.16,53.02,53.03,246800
2025-08-28T17:00:00Z,53.04,53.08,52.97,52.99,274800
2025-08-28T18:00:00Z,52.99,53.14,52.94,53.06,386500
2025-08-28T19:00:00Z,53.06,53.16,53.03,53.1,438600
2025-08-29T13:00:00Z,52.85,53.23,52.82,52.86,213400
2025-08-29T14:00:00Z,52.85,52.95,52.68,52.79,333300
2025-08-29T15:00:00Z,52.79,53.09,52.78,52.83,403800
2025-08-29T16:00:00Z,52.83,52.86,52.73,52.77,261700
2025-08-29T17:00:00Z,52.76,52.78,52.65,52.72,324700
2025-08-29T18:00:00Z,52.72,52.75,52.58,52.64,389400
2025-08-29T19:00:00Z,52.64,52.68,52.43,52.54,740200
2025-09-01T13:00:00Z,52.59,52.59,51.94,51.98,344800
2025-09-01T14:00:00Z,51.97,52.37,51.85,52.34,363200
2025-09-01T15:00:00Z,52.36,52.44,52.28,52.29,242900
2025-09-01T16:00:00Z,52.29,52.55,52.27,52.5,145500
2025-09-01T17:00:00Z,52.5,52.59,52.5,52.53,94400
2025-09-01T18:00:00Z,52.53,52.73,52.52,52.6,182600
2025-09-01T19:00:00Z,52.58,52.66,52.39,52.43,244500
2025-09-02T13:00:00Z,52.5,52.99,52.42,52.66,472100
2025-09-02T14:00:00Z,52.67,52.8,52.32,52.41,240300
2025-09-02T15:00:00Z,52.41,52.48,52.23,52.28,284600
2025-09-02T16:00:00Z,52.31,52.45,52.28,52.41,185400
2025-09-02T17:00:00Z,52.4,52.42,52.25,52.26,158500
2025-09-02T18:00:00Z,52.26,52.4,52.24,52.3,221100
2025-09-02T19:00:00Z,52.31,52.5,52.24,52.36,331200
2025-09-03T13:00:00Z,52.45,53.67,52.21,52.27,900400
2025-09-03T14:00:00Z,52.28,52.32,51.96,51.99,595300
2025-09-03T15:00:00Z,51.99,52.06,51.86,51.89,312300
2025-09-03T16:00:00Z,51.89,52.07,51.87,51.93,221900
2025-09-03T17:00:00Z,51.93,52.02,51.88,51.94,286800
2025-09-03T18:00:00Z,51.94,51.96,51.78,51.81,331000
2025-09-03T19:00:00Z,51.81,51.95,51.71,51.85,961600
2025-09-04T13:00:00Z,52.07,52.2,51.46,51.61,609600
2025-09-04T14:00:00Z,51.6,51.64,51.5,51.62,245500
2025-09-04T15:00:00Z,51.61,51.88,51.56,51.88,216300
2025-09-04T16:00:00Z,51.86,51.86,51.59,51.69,171400
2025-09-04T17:00:00Z,51.68,51.82,51.62,51.81,244800
2025-09-04T18:00:00Z,51.79,51.81,51.5,51.52,365600
2025-09-04T19:00:00Z,51.53,51.66,51.41,51.65,1476000
2025-09-05T13:00:00Z,51.94,51.94,50.87,51.55,1740600
2025-09-05T14:00:00Z,51.55,52.1,51.52,51.71,582900
2025-09-05T15:00:00Z,51.69,51.92,51.61,51.68,312300
2025-09-05T16:00:00Z,51.67,51.85,51.6,51.8,138000
2025-09-05T17:00:00Z,51.8,51.88,51.75,51.79,218700
2025-09-05T18:00:00Z,51.8,52.18,51.76,52.06,293400
2025-09-05T19:00:00Z,52.07,52.1,51.92,52.04,309300
2025-09-08T13:00:00Z,52.11,52.2,51.6,52.06,1036200
2025-09-08T14:00:00Z,52.03,52.1,51.61,51.71,651600
2025-09-08T15:00:00Z,51.69,51.84,51.62,51.67,295400
2025-09-08T16:00:00Z,51.66,51.8,51.47,51.48,737400
2025-09-08T17:00:00Z,51.49,51.57,51.41,51.42,313700
2025-09-08T18:00:00Z,51.42,51.51,51.32,51.39,1156700
2025-09-08T19:00:00Z,51.39,51.54,51.37,51.53,936800
2025-09-09T13:00:00Z,51.83,52.07,51.41,51.81,486800
2025-09-09T14:00:00Z,51.81,52,51.72,51.96,597800
2025-09-09T15:00:00Z,51.96,52.31,51.93,52.28,774800
2025-09-09T16:00:00Z,52.28,52.35,52.05,52.09,477500
2025-09-09T17:00:00Z,52.11,52.4,52.08,52.31,411400
2025-09-09T18:00:00Z,52.32,52.4,52.22,52.33,504600
2025-09-09T19:00:00Z,52.34,52.34,51.81,51.92,724900
2025-09-10T13:00:00Z,51.93,51.93,51.22,51.41,830800
2025-09-10T14:00:00Z,51.42,51.45,51.24,51.32,675300
2025-09-10T15:00:00Z,51.32,51.36,51.12,51.15,448600
2025-09-10T16:00:00Z,51.15,51.46,51.15,51.43,839200
2025-09-10T17:00:00Z,51.42,51.46,51.25,51.29,300100
2025-09-10T18:00:00Z,51.29,51.31,51.08,51.1,655600
2025-09-10T19:00:00Z,51.1,51.16,50.89,50.95,1060400
2025-09-11T13:00:00Z,51.12,51.21,50.84,50.99,386400
2025-09-11T14:00:00Z,50.97,51.33,50.96,51.3,621500
2025-09-11T15:00:00Z,51.3,51.36,51.15,51.24,199400
2025-09-11T16:00:00Z,51.22,51.29,51.2,51.28,117400
2025-09-11T17:00:00Z,51.26,51.45,51.26,51.44,374400
2025-09-11T18:00:00Z,51.45,51.48,51.24,51.34,469100
2025-09-11T19:00:00Z,51.33,51.47,51.3,51.44,1853700
2025-09-12T13:00:00Z,51.45,51.54,51.18,51.33,595300
2025-09-12T14:00:00Z,51.33,51.48,51.11,51.11,349400
2025-09-12T15:00:00Z,51.13,51.28,51.09,51.21,265300
2025-09-12T16:00:00Z,51.21,51.25,51.06,51.1,389300
2025-09-12T17:00:00Z,51.12,51.27,50.88,50.97,574600
2025-09-12T18:00:00Z,50.98,51,50.68,50.72,581700
2025-09-12T19:00:00Z,50.72,50.74,50.47,50.59,913800
2025-09-15T13:00:00Z,50.68,50.69,50.21,50.32,612600
2025-09-15T14:00:00Z,50.32,50.57,50.24,50.56,281500
2025-09-15T15:00:00Z,50.56,50.65,50.52,50.55,129900
2025-09-15T16:00:00Z,50.54,50.58,50.51,50.54,206300
2025-09-15T17:00:00Z,50.54,50.6,50.48,50.51,261400
2025-09-15T18:00:00Z,50.52,50.55,50.37,50.37,595800
2025-09-15T19:00:00Z,50.37,50.52,50.35,50.5,888200
2025-09-16T13:00:00Z,50.7,50.82,50.39,50.77,591700
2025-09-16T14:00:00Z,50.76,51.15,50.71,50.94,367500
2025-09-16T15:00:00Z,50.95,50.99,50.79,50.8,306100
2025-09-16T16:00:00Z,50.81,50.84,50.68,50.75,206800
2025-09-16T17:00:00Z,50.75,50.77,50.6,50.68,202200
2025-09-16T18:00:00Z,50.69,50.69,50.44,50.46,596100
2025-09-16T19:00:00Z,50.48,50.67,50.45,50.64,706600
2025-09-17T13:00:00Z,50.75,50.86,50.33,50.79,424300
2025-09-17T14:00:00Z,50.79,50.82,50.52,50.81,1857300
2025-09-17T15:00:00Z,50.81,50.9,50.78,50.89,145600
2025-09-17T16:00:00Z,50.87,50.94,50.81,50.9,139900
2025-09-17T17:00:00Z,50.91,51.03,50.87,50.95,277500
2025-09-17T18:00:00Z,50.96,51.22,50.82,50.95,785300
2025-09-17T19:00:00Z,50.94,50.98,50.72,50.83,584300
2025-09-18T13:00:00Z,51.02,51.03,50.22,50.32,528400
2025-09-18T14:00:00Z,50.33,50.41,50.17,50.24,545900
2025-09-18T15:00:00Z,50.24,50.48,50.18,50.35,230700
2025-09-18T16:00:00Z,50.34,50.68,50.32,50.64,305500
2025-09-18T17:00:00Z,50.65,50.73,50.59,50.66,488500
2025-09-18T18:00:00Z,50.66,50.71,50.55,50.61,577300
2025-09-18T19:00:00Z,50.61,50.72,50.61,50.67,707700
2025-09-19T13:00:00Z,50.91,51.16,50.6,50.67,501100
2025-09-19T14:00:00Z,50.67,50.85,50.65,50.76,146300
2025-09-19T15:00:00Z,50.75,51,50.58,50.76,589700
2025-09-19T16:00:00Z,50.76,50.76,50.48,50.58,705900
2025-09-19T17:00:00Z,50.58,51.08,50.55,50.94,492700
2025-09-19T18:00:00Z,50.94,50.95,50.51,50.56,1710800
2025-09-19T19:00:00Z,50.54,50.64,50.47,50.55,410400
2025-09-22T13:00:00Z,50.55,50.67,50.25,50.54,377900
2025-09-22T14:00:00Z,50.55,50.72,50.39,50.46,337500
2025-09-22T15:00:00Z,50.47,50.6,50.42,50.55,205800
2025-09-22T16:00:00Z,50.55,50.62,50.5,50.59,187400
2025-09-22T17:00:00Z,50.58,50.75,50.54,50.66,226100
2025-09-22T18:00:00Z,50.67,50.68,50.4,50.47,229900
2025-09-22T19:00:00Z,50.47,50.48,50.34,50.42,4926000
2025-09-23T13:00:00Z,50.56,50.85,50.42,50.84,315100
2025-09-23T14:00:00Z,50.82,50.9,50.69,50.75,216600
2025-09-23T15:00:00Z,50.76,50.97,50.72,50.96,233600
2025-09-23T16:00:00Z,50.95,51.07,50.82,50.94,442500
2025-09-23T17:00:00Z,50.94,50.96,50.17,50.65,1194200
2025-09-23T18:00:00Z,50.64,50.67,50.45,50.49,237300
2025-09-23T19:00:00Z,50.49,50.56,50.23,50.25,330900
2025-09-24T13:00:00Z,50.26,50.34,49.88,49.94,683700
2025-09-24T14:00:00Z,49.93,50.07,49.82,49.82,560600
2025-09-24T15:00:00Z,49.82,49.84,49.63,49.64,622900
2025-09-24T16:00:00Z,49.64,49.65,49.52,49.63,684800
2025-09-24T17:00:00Z,49.62,49.74,49.6,49.66,444100
2025-09-24T18:00:00Z,49.66,49.72,49.6,49.67,819300
2025-09-24T19:00:00Z,49.65,50.01,49.52,49.93,1469000
2025-09-25T13:00:00Z,50.02,50.18,49.69,49.88,1085700
2025-09-25T14:00:00Z,49.85,49.88,49.71,49.85,466600
2025-09-25T15:00:00Z,49.84,49.97,49.82,49.9,368100
2025-09-25T16:00:00Z,49.9,50.02,49.82,50,540400
2025-09-25T17:00:00Z,50.01,50.19,49.98,50.05,2521700
2025-09-25T18:00:00Z,50.06,50.68,49.95,50.53,1426800
2025-09-25T19:00:00Z,50.53,50.53,50.23,50.29,745500
2025-09-26T13:00:00Z,50.3,50.36,49.91,50.09,277600
2025-09-26T14:00:00Z,50.09,50.29,50.06,50.28,249200
2025-09-26T15:00:00Z,50.27,50.27,49.86,49.89,438600
2025-09-26T16:00:00Z,49.89,49.9,49.66,49.78,204300
2025-09-26T17:00:00Z,49.79,50,49.62,49.66,631100
2025-09-26T18:00:00Z,49.66,49.8,49.58,49.66,494400
2025-09-26T19:00:00Z,49.65,49.69,49.41,49.46,918100
2025-09-29T13:00:00Z,49.76,49.76,49.41,49.45,567800
2025-09-29T14:00:00Z,49.44,49.46,48.7,48.82,927900
2025-09-29T15:00:00Z,48.82,49.23,48.8,49.1,957300
2025-09-29T16:00:00Z,49.09,49.1,48.81,48.82,470700
2025-09-29T17:00:00Z,48.82,48.96,48.76,48.94,410200
2025-09-29T18:00:00Z,48.94,49.17,48.94,49.16,345800
2025-09-29T19:00:00Z,49.15,49.24,49.07,49.16,744700
2025-09-30T13:00:00Z,49.45,49.45,49.17,49.32,360100
2025-09-30T14:00:00Z,49.32,49.33,48.9,49.22,821300
2025-09-30T15:00:00Z,49.21,49.51,49.17,49.39,545900
2025-09-30T16:00:00Z,49.39,49.47,49.21,49.43,454800
2025-09-30T17:00:00Z,49.43,49.78,49.38,49.74,637400
2025-09-30T18:00:00Z,49.74,49.85,49.54,49.68,580600
2025-09-30T19:00:00Z,49.69,49.87,49.64,49.87,1018000
2025-10-01T13:00:00Z,49.75,50.4,49.67,50.24,532000
2025-10-01T14:00:00Z,50.25,50.35,49.96,50.03,269000
2025-10-01T15:00:00Z,50.03,50.12,49.97,50.09,311600
2025-10-01T16:00:00Z,50.08,50.09,49.72,49.75,385100
2025-10-01T17:00:00Z,49.75,50,49.73,50,169400
2025-10-01T18:00:00Z,49.99,50.17,49.93,50.12,319400
2025-10-01T19:00:00Z,50.11,50.18,49.8,49.9,474800
2025-10-02T13:00:00Z,49.87,50,49.52,49.9,326000
2025-10-02T14:00:00Z,49.89,50.09,49.84,49.88,599700
2025-10-02T15:00:00Z,49.91,49.96,49.66,49.83,458000
2025-10-02T16:00:00Z,49.83,49.98,49.75,49.82,659300
2025-10-02T17:00:00Z,49.83,49.86,49.62,49.86,652700
2025-10-02T18:00:00Z,49.87,50.09,49.85,50.08,603100
2025-10-02T19:00:00Z,50.09,50.26,49.94,50.08,1223100
2025-10-03T13:00:00Z,50.11,50.68,49.86,50.42,595100
2025-10-03T14:00:00Z,50.44,50.86,50.35,50.83,745700
2025-10-03T15:00:00Z,50.82,51.14,50.77,50.86,1074700
2025-10-03T16:00:00Z,50.88,50.97,50.76,50.83,502400
2025-10-03T17:00:00Z,50.82,50.9,50.75,50.8,586800
2025-10-03T18:00:00Z,50.81,50.83,50.64,50.71,654300
2025-10-03T19:00:00Z,50.72,50.77,50.64,50.66,774900
2025-10-06T13:00:00Z,50.64,50.79,50.26,50.32,376000
2025-10-06T14:00:00Z,50.32,50.37,50.04,50.11,634400
2025-10-06T15:00:00Z,50.11,50.15,49.41,49.57,1089500
2025-10-06T16:00:00Z,49.56,49.67,49.31,49.45,508600
2025-10-06T17:00:00Z,49.44,49.73,49.4,49.64,269900
2025-10-06T18:00:00Z,49.64,49.66,49.49,49.51,270600
2025-10-06T19:00:00Z,49.51,49.67,49.51,49.61,613000
2025-10-07T13:00:00Z,49.43,49.89,49.17,49.87,886100
2025-10-07T14:00:00Z,49.87,50,49.45,49.56,402600
2025-10-07T15:00:00Z,49.57,49.67,49.37,49.4,232700
2025-10-07T16:00:00Z,49.4,49.51,49.13,49.14,603900
2025-10-07T17:00:00Z,49.14,49.23,49,49.12,652100
2025-10-07T18:00:00Z,49.12,49.2,49.07,49.13,443800
2025-10-07T19:00:00Z,49.13,49.14,48.87,48.9,1240200
2025-10-08T13:00:00Z,48.89,49.03,48.61,48.8,2152700
2025-10-08T14:00:00Z,48.8,48.81,48.3,48.41,1284300
2025-10-08T15:00:00Z,48.42,48.44,48.21,48.24,1250000
2025-10-08T16:00:00Z,48.23,48.3,47.99,48.15,882300
2025-10-08T17:00:00Z,48.14,48.2,47.86,47.96,1070300
2025-10-08T18:00:00Z,47.96,48.1,47.81,47.93,1067700
2025-10-08T19:00:00Z,47.92,48.05,47.9,47.9,1137700
2025-10-09T13:00:00Z,47.98,48.2,47.78,47.89,415100
2025-10-09T14:00:00Z,47.89,48.2,47.88,48.08,312600
2025-10-09T15:00:00Z,48.08,48.31,48.07,48.23,219600
2025-10-09T16:00:00Z,48.21,48.25,47.96,47.97,247600
2025-10-09T17:00:00Z,47.96,48.08,47.62,47.64,424700
2025-10-09T18:00:00Z,47.62,47.69,47.52,47.67,387200
2025-10-09T19:00:00Z,47.65,47.99,47.61,47.87,581600
2025-10-10T13:00:00Z,47.8,48.34,47.8,48.31,480700
2025-10-10T14:00:00Z,48.34,48.59,48.12,48.43,1098000
2025-10-10T15:00:00Z,48.41,48.79,48.34,48.72,1028300
2025-10-10T16:00:00Z,48.71,48.72,48.37,48.45,685900
2025-10-10T17:00:00Z,48.45,48.47,48.3,48.43,454400
2025-10-10T18:00:00Z,48.42,48.42,48.25,48.27,261300
2025-10-10T19:00:00Z,48.27,48.35,48.24,48.28,337900
2025-10-13T13:00:00Z,48.34,48.54,48.15,48.52,245700
2025-10-13T14:00:00Z,48.54,48.55,48.25,48.38,520400
2025-10-13T15:00:00Z,48.4,48.44,48.28,48.28,317400
2025-10-13T16:00:00Z,48.29,48.37,48.13,48.34,387800
2025-10-13T17:00:00Z,48.33,48.43,48.07,48.22,741600
2025-10-13T18:00:00Z,48.23,48.27,48.15,48.17,336400
2025-10-13T19:00:00Z,48.17,48.34,48.15,48.24,663600
2025-10-14T13:00:00Z,48.1,48.42,48,48.21,343700
2025-10-14T14:00:00Z,48.21,48.37,47.96,48.02,600300
2025-10-14T15:00:00Z,48.02,48.19,48.01,48.16,220900
2025-10-14T16:00:00Z,48.17,48.2,48.02,48.2,363300
2025-10-14T17:00:00Z,48.2,48.21,48.09,48.14,433700
2025-10-14T18:00:00Z,48.13,48.26,48.09,48.1,432500
2025-10-14T19:00:00Z,48.1,48.16,47.95,48,604300
2025-10-15T13:00:00Z,47.99,48.16,47.58,47.75,845600
2025-10-15T14:00:00Z,47.76,48.07,47.67,48.01,950300
2025-10-15T15:00:00Z,48,48.02,47.44,47.48,781900
2025-10-15T16:00:00Z,47.48,47.51,47.23,47.47,728900
2025-10-15T17:00:00Z,47.44,47.63,47.36,47.51,1041300
2025-10-15T18:00:00Z,47.49,47.73,47.41,47.69,710100
2025-10-15T19:00:00Z,47.68,47.73,47.46,47.54,1386000
2025-10-16T13:00:00Z,47.41,47.58,47.25,47.52,603100
2025-10-16T14:00:00Z,47.53,47.88,47.42,47.84,303300
2025-10-16T15:00:00Z,47.85,47.93,47.71,47.74,252900
2025-10-16T16:00:00Z,47.71,47.84,47.61,47.84,344200
2025-10-16T17:00:00Z,47.86,47.86,47.52,47.53,351700
2025-10-16T18:00:00Z,47.53,47.64,47.4,47.58,497100
2025-10-16T19:00:00Z,47.58,47.71,47.56,47.69,313600
2025-10-17T13:00:00Z,48.05,48.05,47.68,47.96,408600
2025-10-17T14:00:00Z,47.96,47.99,47.72,47.9,235500
2025-10-17T15:00:00Z,47.9,48.06,47.82,47.91,391900
2025-10-17T16:00:00Z,47.91,47.91,47.61,47.68,432500
2025-10-17T17:00:00Z,47.68,47.79,47.53,47.56,264700
2025-10-17T18:00:00Z,47.56,47.69,47.5,47.64,380100
2025-10-17T19:00:00Z,47.63,47.7,47.57,47.68,464600
2025-10-20T13:00:00Z,47.6,47.78,47.46,47.76,312500
2025-10-20T14:00:00Z,47.75,47.85,47.7,47.82,222100
2025-10-20T15:00:00Z,47.84,47.93,47.76,47.93,2003100
2025-10-20T16:00:00Z,47.94,48,47.83,47.87,145900
2025-10-20T17:00:00Z,47.87,47.98,47.83,47.88,202300
2025-10-20T18:00:00Z,47.87,47.89,47.72,47.87,274900
2025-10-20T19:00:00Z,47.85,47.9,47.72,47.72,360900
2025-10-21T13:00:00Z,47.77,47.8,47.41,47.66,327600
2025-10-21T14:00:00Z,47.67,47.85,47.64,47.73,175900
2025-10-21T15:00:00Z,47.75,47.77,47.61,47.72,123200
2025-10-21T16:00:00Z,47.73,47.73,47.44,47.44,245700
2025-10-21T17:00:00Z,47.44,47.57,47.41,47.45,240700
2025-10-21T18:00:00Z,47.46,47.52,47.28,47.29,336100
2025-10-21T19:00:00Z,47.3,47.51,47.27,47.43,764000
2025-10-22T13:00:00Z,47.44,47.92,47.44,47.71,417300
2025-10-22T14:00:00Z,47.72,48.15,47.7,48.01,797800
2025-10-22T15:00:00Z,48.01,48.28,47.97,48.13,362300
2025-10-22T16:00:00Z,48.13,48.23,48.04,48.06,359300
2025-10-22T17:00:00Z,48.06,48.17,48.06,48.17,386100
2025-10-22T18:00:00Z,48.17,48.34,48.15,48.27,240000
2025-10-22T19:00:00Z,48.27,48.3,48.1,48.19,549900
2025-10-23T13:00:00Z,48.34,48.61,48.21,48.33,272400
2025-10-23T14:00:00Z,48.34,48.47,48.24,48.43,277300
2025-10-23T15:00:00Z,48.43,48.51,48.26,48.47,198400
2025-10-23T16:00:00Z,48.47,48.58,48.44,48.54,188600
2025-10-23T17:00:00Z,48.53,48.66,48.48,48.63,241400
2025-10-23T18:00:00Z,48.63,48.69,48.57,48.66,200900
2025-10-23T19:00:00Z,48.67,48.74,48.54,48.7,935100
2025-10-24T13:00:00Z,48.86,49.23,48.69,49.11,441300
2025-10-24T14:00:00Z,49.11,49.37,49.05,49.23,1464200
2025-10-24T15:00:00Z,49.21,49.42,49.19,49.37,336800
2025-10-24T16:00:00Z,49.38,49.45,49.21,49.26,209500
2025-10-24T17:00:00Z,49.24,49.32,49.18,49.25,296800
2025-10-24T18:00:00Z,49.24,49.25,49.03,49.11,453000
2025-10-24T19:00:00Z,49.09,49.23,48.98,49.01,473600
2025-10-27T13:00:00Z,49.2,49.43,49.12,49.31,228000
2025-10-27T14:00:00Z,49.31,49.37,49.11,49.35,444800
2025-10-27T15:00:00Z,49.36,49.37,49.2,49.22,190000
2025-10-27T16:00:00Z,49.22,49.24,48.99,48.99,412000
2025-10-27T17:00:00Z,49.01,49.01,48.79,48.82,274300
2025-10-27T18:00:00Z,48.84,48.91,48.76,48.8,529800
2025-10-27T19:00:00Z,48.79,49.07,48.68,49,592600
2025-10-28T13:00:00Z,49.22,49.27,48.87,48.99,226900
2025-10-28T14:00:00Z,49.01,49.43,48.97,49.37,580100
2025-10-28T15:00:00Z,49.37,49.66,49.32,49.52,380200
2025-10-28T16:00:00Z,49.52,49.72,49.51,49.56,515000
2025-10-28T17:00:00Z,49.54,49.57,49.39,49.41,309400
2025-10-28T18:00:00Z,49.41,49.49,49.32,49.48,279500
2025-10-28T19:00:00Z,49.47,49.63,49.45,49.45,500100
2025-10-29T13:00:00Z,49.53,49.53,49.19,49.27,476400
2025-10-29T14:00:00Z,49.27,49.31,48.98,49.06,378500
2025-10-29T15:00:00Z,49.07,49.34,49.06,49.16,419000
2025-10-29T16:00:00Z,49.14,49.19,48.96,49.05,255800
2025-10-29T17:00:00Z,49.05,49.16,48.98,49.01,709400
2025-10-29T18:00:00Z,49.01,49.02,48.81,48.95,472600
2025-10-29T19:00:00Z,48.94,49.06,48.86,49.05,1404800
2025-10-30T13:00:00Z,48.85,49.28,48.85,49.23,270400
2025-10-30T14:00:00Z,49.25,49.42,49.22,49.36,366400
2025-10-30T15:00:00Z,49.36,49.39,49.12,49.26,311400
2025-10-30T16:00:00Z,49.26,49.37,49.25,49.27,179900
2025-10-30T17:00:00Z,49.28,49.34,49.04,49.06,279200
2025-10-30T18:00:00Z,49.06,49.08,48.78,48.9,575500
2025-10-30T19:00:00Z,48.9,48.94,48.8,48.83,525900
2025-10-31T13:00:00Z,48.88,49.09,48.48,48.52,1736100
2025-10-31T14:00:00Z,48.52,48.53,48.21,48.44,343700
2025-10-31T15:00:00Z,48.44,48.6,48.38,48.43,628800
2025-10-31T16:00:00Z,48.42,48.57,48.33,48.57,181600
2025-10-31T17:00:00Z,48.57,48.8,48.56,48.77,379200
2025-10-31T18:00:00Z,48.77,48.88,48.72,48.8,378300
2025-10-31T19:00:00Z,48.81,48.84,48.66,48.79,414300
2025-11-03T13:00:00Z,48.99,48.99,48.63,48.68,211300
2025-11-03T14:00:00Z,48.68,48.83,48.56,48.61,475900
2025-11-03T15:00:00Z,48.62,48.64,48.37,48.54,566500
2025-11-03T16:00:00Z,48.54,48.75,48.48,48.69,255500
2025-11-03T17:00:00Z,48.68,48.77,48.66,48.72,211400
2025-11-03T18:00:00Z,48.73,48.73,48.52,48.56,343700
2025-11-03T19:00:00Z,48.56,48.63,48.5,48.5,370800
2025-11-03T20:00:00Z,48.5,48.56,48.41,48.55,825200
2025-11-04T13:00:00Z,48.55,49.23,48.47,49.09,418500
2025-11-04T14:00:00Z,49.07,49.65,48.99,49.57,589300
2025-11-04T15:00:00Z,49.57,49.68,49.42,49.46,569400
2025-11-04T16:00:00Z,49.45,49.58,49.37,49.38,380800
2025-11-04T17:00:00Z,49.37,49.39,49.14,49.15,365600
2025-11-04T18:00:00Z,49.15,49.26,49.12,49.26,363900
2025-11-04T19:00:00Z,49.26,49.34,49.1,49.16,477100
2025-11-04T20:00:00Z,49.16,49.31,49.14,49.3,455400
2025-11-05T13:00:00Z,49.54,49.76,49.36,49.67,359800
2025-11-05T14:00:00Z,49.65,49.7,49.36,49.44,335900
2025-11-05T15:00:00Z,49.42,49.47,49.17,49.22,513400
2025-11-05T16:00:00Z,49.22,49.37,49.09,49.22,506300
2025-11-05T17:00:00Z,49.22,49.36,49.05,49.2,333000
2025-11-05T18:00:00Z,49.2,49.3,48.83,48.91,599100
2025-11-05T19:00:00Z,48.89,49.11,48.82,49.06,560800
2025-11-05T20:00:00Z,49.05,49.07,48.94,48.99,551200
2025-11-06T13:00:00Z,48.92,49.2,48.71,48.82,517800
2025-11-06T14:00:00Z,48.82,48.9,48.6,48.65,606200
2025-11-06T15:00:00Z,48.66,48.77,48.57,48.68,483900
2025-11-06T16:00:00Z,48.67,48.74,48.5,48.55,722000
2025-11-06T17:00:00Z,48.55,48.66,48.33,48.36,477100
2025-11-06T18:00:00Z,48.36,48.5,48.28,48.4,498000
2025-11-06T19:00:00Z,48.4,48.61,48.24,48.57,744000
2025-11-06T20:00:00Z,48.56,48.64,48.47,48.52,700700
2025-11-07T13:00:00Z,48.01,48.48,47.45,48.29,1317400
2025-11-07T14:00:00Z,48.32,48.33,47.82,48.03,813100
2025-11-07T15:00:00Z,48.02,48.21,47.41,47.51,892100
2025-11-07T16:00:00Z,47.51,47.68,47.35,47.61,1223800
2025-11-07T17:00:00Z,47.61,47.81,47.57,47.63,473900
2025-11-07T18:00:00Z,47.63,47.82,47.47,47.49,863600
2025-11-07T19:00:00Z,47.49,47.81,47.45,47.69,803200
2025-11-07T20:00:00Z,47.69,47.77,47.59,47.71,854500
2025-11-10T13:00:00Z,47.91,47.91,47.14,47.77,852300
2025-11-10T14:00:00Z,47.77,47.95,46.89,46.97,1615100
2025-11-10T15:00:00Z,47,47.06,46.5,46.5,1998100
2025-11-10T16:00:00Z,46.51,46.78,46.5,46.71,982000
2025-11-10T17:00:00Z,46.71,46.87,46.53,46.54,1141500
2025-11-10T18:00:00Z,46.55,46.62,46.48,46.51,917800
2025-11-10T19:00:00Z,46.52,46.77,46.51,46.52,944900
2025-11-10T20:00:00Z,46.54,46.7,46.5,46.6,1379000
2025-11-11T13:00:00Z,46.7,46.8,46.49,46.75,671700
2025-11-11T14:00:00Z,46.75,46.99,46.63,46.76,1003300
2025-11-11T15:00:00Z,46.76,46.93,46.55,46.65,492600
2025-11-11T16:00:00Z,46.65,46.75,46.55,46.67,444300
2025-11-11T17:00:00Z,46.66,46.73,46.56,46.65,723900
2025-11-11T18:00:00Z,46.65,46.87,46.65,46.77,531200
2025-11-11T19:00:00Z,46.77,46.82,46.61,46.65,794600
2025-11-11T20:00:00Z,46.66,46.81,46.62,46.66,791000
2025-11-12T13:00:00Z,46.56,47.02,46.47,46.77,1167000
2025-11-12T14:00:00Z,46.8,47.11,46.74,46.95,1493300
2025-11-12T15:00:00Z,46.96,47.09,46.84,47.05,959600
2025-11-12T16:00:00Z,47.06,47.27,47.05,47.14,724400
2025-11-12T17:00:00Z,47.15,47.3,47.14,47.29,823800
2025-11-12T18:00:00Z,47.3,47.55,47.26,47.5,1139200
2025-11-12T19:00:00Z,47.51,47.79,47.44,47.77,1002600
2025-11-12T20:00:00Z,47.78,48.22,47.77,48.07,1822800
2025-11-13T13:00:00Z,48.15,48.37,47.92,48.08,345900
2025-11-13T14:00:00Z,48.1,48.28,47.83,47.88,550500
2025-11-13T15:00:00Z,47.89,48.04,47.67,47.67,722700
2025-11-13T16:00:00Z,47.67,47.83,47.6,47.63,635300
2025-11-13T17:00:00Z,47.62,47.87,47.48,47.56,774700
2025-11-13T18:00:00Z,47.58,47.6,47.36,47.5,810300
2025-11-13T19:00:00Z,47.5,47.58,47.33,47.44,801200
2025-11-13T20:00:00Z,47.44,47.57,47.3,47.5,997000
2025-11-14T13:00:00Z,47.69,47.91,47.45,47.49,722500
2025-11-14T14:00:00Z,47.48,47.93,47.48,47.59,826600
2025-11-14T15:00:00Z,47.58,47.61,47.3,47.45,609500
2025-11-14T16:00:00Z,47.46,47.57,47.4,47.5,648100
2025-11-14T17:00:00Z,47.5,47.59,47.45,47.54,570200
2025-11-14T18:00:00Z,47.54,47.57,47.39,47.44,591900
2025-11-14T19:00:00Z,47.44,47.49,47.3,47.36,511000
2025-11-14T20:00:00Z,47.35,47.39,47.15,47.19,482800
2025-11-17T13:00:00Z,47.36,47.38,47.14,47.28,1873300
2025-11-17T14:00:00Z,47.28,47.87,47.22,47.81,486600
2025-11-17T15:00:00Z,47.82,48.02,47.63,47.99,464700
2025-11-17T16:00:00Z,47.98,48.12,47.81,47.95,1632500
2025-11-17T17:00:00Z,47.96,48.2,47.9,48.09,789000
2025-11-17T18:00:00Z,48.09,48.18,48,48.15,683700
2025-11-17T19:00:00Z,48.16,48.28,48.05,48.22,1798100
2025-11-17T20:00:00Z,48.23,48.32,48.14,48.22,1619400
2025-11-18T13:00:00Z,48.37,48.57,48.14,48.46,298800
2025-11-18T14:00:00Z,48.45,48.48,48.1,48.19,392200
2025-11-18T15:00:00Z,48.19,48.32,48.11,48.19,311700
2025-11-18T16:00:00Z,48.2,48.33,48.17,48.19,321600
2025-11-18T17:00:00Z,48.19,48.32,48.16,48.3,283100
2025-11-18T18:00:00Z,48.3,48.31,48.18,48.23,278500
2025-11-18T19:00:00Z,48.23,48.26,48.15,48.26,478800
2025-11-18T20:00:00Z,48.26,48.57,48.22,48.57,712500
2025-11-19T13:00:00Z,48.35,48.92,48.35,48.87,463200
2025-11-19T14:00:00Z,48.9,49.01,48.4,48.49,641800
2025-11-19T15:00:00Z,48.48,48.78,48.44,48.72,461500
2025-11-19T16:00:00Z,48.71,48.96,48.67,48.73,678900
2025-11-19T17:00:00Z,48.73,48.84,48.5,48.64,743700
2025-11-19T18:00:00Z,48.64,48.78,48.54,48.7,432500
2025-11-19T19:00:00Z,48.7,48.77,48.35,48.36,721200
2025-11-19T20:00:00Z,48.37,48.56,48.3,48.55,692000
2025-11-21T13:00:00Z,48.33,48.65,48.14,48.44,508600
2025-11-21T14:00:00Z,48.44,48.5,48.15,48.2,691100
2025-11-21T15:00:00Z,48.22,48.42,48.1,48.26,636200
2025-11-21T16:00:00Z,48.27,48.35,48.14,48.35,582200
2025-11-21T17:00:00Z,48.35,48.47,48.24,48.27,748500
2025-11-21T18:00:00Z,48.26,48.48,48.24,48.44,808000
2025-11-21T19:00:00Z,48.44,48.7,48.4,48.54,627900
2025-11-21T20:00:00Z,48.55,48.57,48.38,48.39,1541900
2025-11-24T13:00:00Z,48.38,48.4,47.96,48.02,493900
2025-11-24T14:00:00Z,48.02,48.33,48,48.07,710900
2025-11-24T15:00:00Z,48.07,48.15,48,48.12,376500
2025-11-24T16:00:00Z,48.11,48.15,48.02,48.06,288000
2025-11-24T17:00:00Z,48.06,48.2,47.98,48.13,542400
2025-11-24T18:00:00Z,48.12,48.14,47.96,47.97,249600
2025-11-24T19:00:00Z,47.97,47.98,47.79,47.82,337100
2025-11-24T20:00:00Z,47.82,48,47.78,47.98,683900
2025-11-25T13:00:00Z,48.15,48.15,47.51,47.54,475700
2025-11-25T14:00:00Z,47.55,47.71,47.44,47.61,502100
2025-11-25T15:00:00Z,47.61,47.78,47.55,47.68,334600
2025-11-25T16:00:00Z,47.69,47.78,47.6,47.68,219100
2025-11-25T17:00:00Z,47.68,47.72,47.62,47.7,216900
2025-11-25T18:00:00Z,47.69,47.76,47.66,47.75,326400
2025-11-25T19:00:00Z,47.76,47.78,47.66,47.73,312700
2025-11-25T20:00:00Z,47.72,47.74,47.59,47.69,752300
2025-11-26T13:00:00Z,47.8,48.39,47.72,48.34,736900
2025-11-26T14:00:00Z,48.35,48.48,48.02,48.16,697800
2025-11-26T15:00:00Z,48.14,48.42,48.11,48.33,333700
2025-11-26T16:00:00Z,48.33,48.35,48.08,48.12,563600
2025-11-26T17:00:00Z,48.1,48.26,48.06,48.09,499500
2025-11-26T18:00:00Z,48.09,48.14,47.94,47.96,795400
2025-11-26T19:00:00Z,47.97,48,47.76,47.76,1435700
2025-11-26T20:00:00Z,47.77,47.9,47.7,47.82,690100
2025-11-27T13:00:00Z,47.77,48.1,47.77,48.02,228500
2025-11-27T14:00:00Z,48.03,48.18,48.02,48.12,262200
2025-11-27T15:00:00Z,48.13,48.16,48.03,48.05,74500
2025-11-27T16:00:00Z,48.06,48.08,47.86,47.9,142900
2025-11-27T17:00:00Z,47.91,48.08,47.86,48.08,179000
2025-11-27T18:00:00Z,48.06,48.14,48.02,48.02,655800
2025-11-27T19:00:00Z,48.04,48.04,47.94,47.97,153800
2025-11-27T20:00:00Z,47.97,48.13,47.97,48.1,225400
2025-11-28T13:00:00Z,48.19,48.19,47.61,47.72,390400
2025-11-28T14:00:00Z,47.72,47.83,47.54,47.71,606300
2025-11-28T15:00:00Z,47.7,47.83,47.68,47.81,289000
2025-11-28T16:00:00Z,47.81,47.98,47.79,47.88,510800
2025-11-28T17:00:00Z,47.88,48.01,47.73,47.75,696500
2025-11-28T18:00:00Z,47.76,47.82,47.63,47.66,372700
2025-11-28T19:00:00Z,47.67,47.74,47.55,47.57,423200
2025-11-28T20:00:00Z,47.57,47.82,47.55,47.68,533200
2025-12-01T13:00:00Z,47.59,47.69,47.44,47.54,351200
2025-12-01T14:00:00Z,47.54,47.62,47.32,47.6,352900
2025-12-01T15:00:00Z,47.62,47.71,47.57,47.61,278600
2025-12-01T16:00:00Z,47.61,47.61,47.47,47.54,182600
2025-12-01T17:00:00Z,47.54,47.64,47.45,47.49,193800
2025-12-01T18:00:00Z,47.49,47.52,47.39,47.47,357300
2025-12-01T19:00:00Z,47.44,47.59,47.42,47.52,538200
2025-12-01T20:00:00Z,47.51,47.58,47.43,47.48,726400
2025-12-02T13:00:00Z,47.57,48.18,47.54,48.1,785200
2025-12-02T14:00:00Z,48.13,48.34,47.88,48.04,601900
2025-12-02T15:00:00Z,48.05,48.18,47.98,48,467100
2025-12-02T16:00:00Z,47.98,48.13,47.98,48.1,194500
2025-12-02T17:00:00Z,48.1,48.35,48.09,48.16,426000
2025-12-02T18:00:00Z,48.17,48.39,48.11,48.35,457700
2025-12-02T19:00:00Z,48.34,48.4,47.99,48.07,981000
2025-12-02T20:00:00Z,48.07,48.25,48.06,48.16,401700
2025-12-03T13:00:00Z,48.39,48.55,48.27,48.37,449100
2025-12-03T14:00:00Z,48.38,48.61,48.28,48.54,550300
2025-12-03T15:00:00Z,48.54,48.73,48.41,48.44,411600
2025-12-03T16:00:00Z,48.45,48.73,48.43,48.71,595600
2025-12-03T17:00:00Z,48.7,48.8,48.64,48.71,389700
2025-12-03T18:00:00Z,48.72,48.85,48.64,48.75,756300
2025-12-03T19:00:00Z,48.76,48.94,48.72,48.8,762600
2025-12-03T20:00:00Z,48.81,49.04,48.77,48.95,725200
2025-12-04T13:00:00Z,49.1,49.29,48.92,49.19,1047100
2025-12-04T14:00:00Z,49.2,49.29,49,49.26,1159500
2025-12-04T15:00:00Z,49.28,49.5,49.13,49.48,787100
2025-12-04T16:00:00Z,49.48,49.54,49.35,49.48,330200
2025-12-04T17:00:00Z,49.49,49.53,49.34,49.5,506900
2025-12-04T18:00:00Z,49.49,49.54,49.36,49.5,524000
2025-12-04T19:00:00Z,49.49,49.58,49.34,49.49,701600
2025-12-04T20:00:00Z,49.48,49.59,49.35,49.47,1032100
2025-12-05T13:00:00Z,49.79,50.39,49.51,50.11,821500
2025-12-05T14:00:00Z,50.12,50.2,49.81,50.11,786300
2025-12-05T15:00:00Z,50.11,50.29,49.93,49.99,721500
2025-12-05T16:00:00Z,50,50.34,49.76,50.28,1718200
2025-12-05T17:00:00Z,50.28,50.36,49.93,50.16,784600
2025-12-05T18:00:00Z,50.16,51.14,50.04,50.95,3452600
2025-12-05T19:00:00Z,50.95,51.51,50.64,50.73,2290400
2025-12-05T20:00:00Z,50.74,50.88,50.35,50.48,1843300
2025-12-08T13:00:00Z,50.5,50.85,49.91,50.19,848400
2025-12-08T14:00:00Z,50.19,50.6,50,50.44,763600
2025-12-08T15:00:00Z,50.42,50.52,50.33,50.43,357700
2025-12-08T16:00:00Z,50.43,50.7,50.42,50.64,702500
2025-12-08T17:00:00Z,50.62,50.65,50.37,50.56,731300
2025-12-08T18:00:00Z,50.57,50.57,50.44,50.46,328300
2025-12-08T19:00:00Z,50.45,50.55,50.44,50.48,279900
2025-12-08T20:00:00Z,50.48,50.52,50.2,50.38,554500
2025-12-09T13:00:00Z,50.4,51.24,50.29,51.06,1470700
2025-12-09T14:00:00Z,51.06,51.44,51,51.21,1626300
2025-12-09T15:00:00Z,51.24,51.72,51.19,51.68,969100
2025-12-09T16:00:00Z,51.66,51.69,51.2,51.21,735200
2025-12-09T17:00:00Z,51.22,51.28,50.92,50.95,529900
2025-12-09T18:00:00Z,50.93,50.97,50.64,50.77,814300
2025-12-09T19:00:00Z,50.77,50.81,50.5,50.53,661100
2025-12-09T20:00:00Z,50.51,50.58,50.12,50.31,1225300
2025-12-10T13:00:00Z,50.55,50.59,50.06,50.14,386500
2025-12-10T14:00:00Z,50.13,51.07,50.02,51.02,723100
2025-12-10T15:00:00Z,51.02,51.21,50.86,51.13,1209900
2025-12-10T16:00:00Z,51.14,51.3,51,51.26,1235200
2025-12-10T17:00:00Z,51.27,51.39,51.19,51.36,353400
2025-12-10T18:00:00Z,51.36,51.42,51.2,51.32,348900
2025-12-10T19:00:00Z,51.32,51.44,51.27,51.33,601700
2025-12-10T20:00:00Z,51.34,51.54,51.32,51.54,938500
2025-12-11T13:00:00Z,51.28,51.7,50.49,50.62,1082400
2025-12-11T14:00:00Z,50.64,50.65,49.06,49.15,2895100
2025-12-11T15:00:00Z,49.15,49.47,48.91,49.27,2064200
2025-12-11T16:00:00Z,49.26,49.56,49.09,49.11,1600800
2025-12-11T17:00:00Z,49.12,49.42,49.1,49.21,8315800
2025-12-11T18:00:00Z,49.2,49.53,49.18,49.39,2064100
2025-12-11T19:00:00Z,49.38,49.5,49.23,49.44,962600
2025-12-11T20:00:00Z,49.44,49.69,49.41,49.54,1682900
2025-12-12T13:00:00Z,49.5,49.89,49.5,49.74,364600
2025-12-12T14:00:00Z,49.75,49.77,49.3,49.46,822200
2025-12-12T15:00:00Z,49.46,49.46,48.68,48.72,1136000
2025-12-12T16:00:00Z,48.72,48.9,48.68,48.78,622700
2025-12-12T17:00:00Z,48.8,49.06,48.8,49.03,575200
2025-12-12T18:00:00Z,49.04,49.06,48.81,48.92,413600
2025-12-12T19:00:00Z,48.92,48.99,48.85,48.91,462500
2025-12-12T20:00:00Z,48.91,49.04,48.86,48.97,692000
2025-12-15T13:00:00Z,49.24,49.24,48.2,48.51,764900
2025-12-15T14:00:00Z,48.5,48.54,48.19,48.25,918900
2025-12-15T15:00:00Z,48.24,48.36,48.1,48.15,433000
2025-12-15T16:00:00Z,48.16,48.78,48.16,48.5,640100
2025-12-15T17:00:00Z,48.51,48.65,48.47,48.62,492300
2025-12-15T18:00:00Z,48.63,48.77,48.55,48.72,439800
2025-12-15T19:00:00Z,48.75,48.91,48.6,48.89,433700
2025-12-15T20:00:00Z,48.9,48.99,48.8,48.93,842300
2025-12-16T13:00:00Z,48.71,49.18,48.5,48.93,710500
2025-12-16T14:00:00Z,48.93,49.01,48.69,48.89,377100
2025-12-16T15:00:00Z,48.89,49,48.69,48.98,421600
2025-12-16T16:00:00Z,48.98,49.29,48.95,49.26,699800
2025-12-16T17:00:00Z,49.27,49.35,49.08,49.12,556800
2025-12-16T18:00:00Z,49.13,49.37,49.11,49.33,467000
2025-12-16T19:00:00Z,49.35,49.36,49.12,49.21,791000
2025-12-16T20:00:00Z,49.21,49.31,49.03,49.11,951700
2025-12-17T13:00:00Z,48.84,49.65,48.84,49.5,1349800
2025-12-17T14:00:00Z,49.5,49.6,49.22,49.43,825100
2025-12-17T15:00:00Z,49.44,49.62,49.19,49.49,480600
2025-12-17T16:00:00Z,49.49,49.73,49.38,49.45,1435800
2025-12-17T17:00:00Z,49.45,49.82,49.37,49.69,898900
2025-12-17T18:00:00Z,49.7,49.84,49.59,49.65,1553600
2025-12-17T19:00:00Z,49.64,49.81,49.6,49.65,966700
2025-12-17T20:00:00Z,49.65,49.84,49.6,49.74,1141200
2025-12-18T13:00:00Z,50.14,51.2,49.87,50.97,1850300
2025-12-18T14:00:00Z,50.96,52.19,50.9,52.16,1797400
2025-12-18T15:00:00Z,52.14,52.77,51.98,52.56,2298100
2025-12-18T16:00:00Z,52.55,53.01,52.42,52.88,1765500
2025-12-18T17:00:00Z,52.88,52.96,52.5,52.65,2008300
2025-12-18T18:00:00Z,52.67,52.78,52.48,52.6,837800
2025-12-18T19:00:00Z,52.6,52.7,52.31,52.41,1351400
2025-12-18T20:00:00Z,52.4,52.65,52.32,52.6,2150900
2025-12-19T13:00:00Z,51.29,51.9,51.29,51.84,521700
2025-12-19T14:00:00Z,51.83,52.51,51.62,51.9,1519000
2025-12-19T15:00:00Z,51.92,52.04,51.62,51.9,1047300
2025-12-19T16:00:00Z,51.9,52.07,51.65,51.66,1476800
2025-12-19T17:00:00Z,51.65,51.74,51.33,51.45,960900
2025-12-19T18:00:00Z,51.45,51.53,51.29,51.38,1507000
2025-12-19T19:00:00Z,51.38,51.84,51.3,51.81,893100
2025-12-19T20:00:00Z,51.8,51.82,51.57,51.63,2260000
2025-12-22T13:00:00Z,51.2,51.53,50.99,51.41,497000
2025-12-22T14:00:00Z,51.4,51.93,51.39,51.78,592400
2025-12-22T15:00:00Z,51.75,52.06,51.57,51.86,408300
2025-12-22T16:00:00Z,51.84,51.94,51.63,51.93,370900
2025-12-22T17:00:00Z,51.92,52,51.56,51.63,431400
2025-12-22T18:00:00Z,51.64,51.64,51.16,51.3,5617900
2025-12-22T19:00:00Z,51.29,51.48,51.2,51.43,340600
2025-12-22T20:00:00Z,51.44,51.45,51.29,51.34,546900
2025-12-23T13:00:00Z,51,51.75,50.57,51.69,5634600
2025-12-23T14:00:00Z,51.7,51.71,50.91,50.93,1300500
2025-12-23T15:00:00Z,50.93,50.99,49.94,50.1,1591300
2025-12-23T16:00:00Z,50.12,50.2,49.94,50.15,403800
2025-12-23T17:00:00Z,50.15,50.17,49.97,50.14,651100
2025-12-23T18:00:00Z,50.13,50.94,50.04,50.83,713000
2025-12-23T19:00:00Z,50.83,51.54,50.76,51.38,1048800
2025-12-23T20:00:00Z,51.38,51.61,51.31,51.55,1106800
2025-12-26T13:00:00Z,51.53,51.7,51.24,51.63,212100
2025-12-26T14:00:00Z,51.63,51.85,51.46,51.55,277200
2025-12-26T15:00:00Z,51.55,51.73,51.5,51.61,266200
2025-12-26T16:00:00Z,51.59,51.8,51.53,51.55,250800
2025-12-26T17:00:00Z,51.56,51.68,51.54,51.56,126500
2025-12-26T18:00:00Z,51.58,51.69,51.51,51.59,168600
2025-12-26T19:00:00Z,51.59,51.64,51.53,51.55,270400
2025-12-26T20:00:00Z,51.54,51.58,51.46,51.52,781300
2025-12-29T13:00:00Z,51.61,51.85,51.36,51.52,450800
2025-12-29T14:00:00Z,51.52,51.64,51.44,51.48,332300
2025-12-29T15:00:00Z,51.5,51.68,51.49,51.66,262700
2025-12-29T16:00:00Z,51.66,51.7,51.5,51.55,198700
2025-12-29T17:00:00Z,51.52,51.61,51.5,51.56,146200
2025-12-29T18:00:00Z,51.57,51.74,51.53,51.57,455700
2025-12-29T19:00:00Z,51.56,51.59,51.47,51.5,198100
2025-12-29T20:00:00Z,51.51,51.6,51.47,51.55,614000
2025-12-30T13:00:00Z,51.44,51.66,51.4,51.46,377900
2025-12-30T14:00:00Z,51.46,51.67,51.42,51.53,291800
2025-12-30T15:00:00Z,51.53,51.57,51.45,51.49,219700
2025-12-30T16:00:00Z,51.5,51.6,51.46,51.53,204700
2025-12-30T17:00:00Z,51.53,51.62,51.49,51.5,223900
2025-12-30T18:00:00Z,51.53,51.58,51.24,51.28,469900
2025-12-30T19:00:00Z,51.27,51.5,51.25,51.41,468500
2025-12-30T20:00:00Z,51.4,51.57,51.31,51.45,692400
2026-01-02T13:00:00Z,51.41,51.8,51.29,51.75,673300
2026-01-02T14:00:00Z,51.75,51.85,51.36,51.48,529700
2026-01-02T15:00:00Z,51.47,51.57,51.4,51.47,389900
2026-01-02T16:00:00Z,51.45,51.68,51.43,51.65,241100
2026-01-02T17:00:00Z,51.65,51.8,51.54,51.76,755700
2026-01-02T18:00:00Z,51.78,52,51.76,51.95,592800
2026-01-02T19:00:00Z,51.95,52.08,51.94,52.07,530600
2026-01-02T20:00:00Z,52.05,52.11,51.7,51.8,604900
2026-01-05T13:00:00Z,51.94,52,51.39,51.81,415800
2026-01-05T14:00:00Z,51.81,52.24,51.77,52,490100
2026-01-05T15:00:00Z,52.01,52.06,51.72,51.78,368200
2026-01-05T16:00:00Z,51.8,51.83,51.44,51.44,409300
2026-01-05T17:00:00Z,51.45,51.8,51.4,51.48,430300
2026-01-05T18:00:00Z,51.48,51.48,50.66,50.87,633900
2026-01-05T19:00:00Z,50.85,51.04,50.67,50.74,658200
2026-01-05T20:00:00Z,50.74,50.74,50.51,50.68,821300
2026-01-06T13:00:00Z,50.56,51,50.34,50.61,418700
2026-01-06T14:00:00Z,50.58,50.87,50.55,50.83,310300
2026-01-06T15:00:00Z,50.81,50.95,50.58,50.6,367400
2026-01-06T16:00:00Z,50.61,50.61,50.44,50.51,317400
2026-01-06T17:00:00Z,50.5,50.73,50.46,50.53,269700
2026-01-06T18:00:00Z,50.54,50.6,50.25,50.26,428900
2026-01-06T19:00:00Z,50.26,50.3,49.96,50.01,689800
2026-01-06T20:00:00Z,50.01,50.16,49.94,50.14,926500
2026-01-07T13:00:00Z,50.16,50.35,49.94,50.19,434200
2026-01-07T14:00:00Z,50.19,50.2,49.91,50.05,410600
2026-01-07T15:00:00Z,50.05,50.3,50.05,50.22,307200
2026-01-07T16:00:00Z,50.22,50.33,50.17,50.3,178600
2026-01-07T17:00:00Z,50.28,50.63,50.25,50.6,328100
2026-01-07T18:00:00Z,50.6,50.6,50.21,50.25,304000
2026-01-07T19:00:00Z,50.25,50.25,49.95,49.95,5370900
2026-01-07T20:00:00Z,49.96,50.09,49.88,50.07,522400
2026-01-08T13:00:00Z,49.84,49.86,49.03,49.21,913900
2026-01-08T14:00:00Z,49.21,49.34,49.03,49.28,409000
2026-01-08T15:00:00Z,49.3,49.52,49.28,49.48,497800
2026-01-08T16:00:00Z,49.46,49.68,49.38,49.68,263800
2026-01-08T17:00:00Z,49.68,49.7,49.29,49.36,322900
2026-01-08T18:00:00Z,49.35,49.76,49.25,49.74,2382500
2026-01-08T19:00:00Z,49.75,49.88,49.64,49.71,262200
2026-01-08T20:00:00Z,49.73,49.77,49.63,49.76,243600
2026-01-09T13:00:00Z,49.82,50.39,49.55,50.09,433500
2026-01-09T14:00:00Z,50.13,50.58,50.05,50.5,417600
2026-01-09T15:00:00Z,50.52,50.64,50.48,50.56,150600
2026-01-09T16:00:00Z,50.56,50.8,50.55,50.65,123800
2026-01-09T17:00:00Z,50.67,50.81,50.67,50.72,162500
2026-01-09T18:00:00Z,50.72,51.19,50.65,51.13,2341200
2026-01-09T19:00:00Z,51.11,51.19,50.96,51.12,368100
2026-01-09T20:00:00Z,51.11,51.2,50.94,51.01,1045500
2026-01-12T13:00:00Z,50.95,51.57,50.81,51.41,329700
2026-01-12T14:00:00Z,51.39,51.88,51.31,51.83,409900
2026-01-12T15:00:00Z,51.85,51.85,51.54,51.6,215600
2026-01-12T16:00:00Z,51.6,51.74,51.58,51.66,164900
2026-01-12T17:00:00Z,51.66,51.78,51.57,51.77,262000
2026-01-12T18:00:00Z,51.77,52.06,51.75,52.03,360200
2026-01-12T19:00:00Z,52.02,52.22,52,52.04,462600
2026-01-12T20:00:00Z,52.03,52.03,51.75,51.9,599400
2026-01-13T13:00:00Z,51.67,52.13,51.33,51.45,341900
2026-01-13T14:00:00Z,51.46,51.55,51.13,51.27,275000
2026-01-13T15:00:00Z,51.26,51.45,51.17,51.34,291200
2026-01-13T16:00:00Z,51.33,51.53,51.26,51.41,352200
2026-01-13T17:00:00Z,51.39,51.66,51.37,51.59,293600
2026-01-13T18:00:00Z,51.59,51.6,51.29,51.33,248600
2026-01-13T19:00:00Z,51.33,51.51,51.22,51.47,293900
2026-01-13T20:00:00Z,51.47,51.66,51.37,51.66,495000
2026-01-14T13:00:00Z,51.58,51.83,51.44,51.59,137100
2026-01-14T14:00:00Z,51.58,52.07,51.46,52,318100
2026-01-14T15:00:00Z,52.01,52.18,51.82,52.06,252100
2026-01-14T16:00:00Z,52.06,52.17,52,52.14,157100
2026-01-14T17:00:00Z,52.12,52.15,51.75,51.85,421400
2026-01-14T18:00:00Z,51.85,51.85,51.56,51.73,312100
2026-01-14T19:00:00Z,51.72,51.98,51.62,51.9,364900
2026-01-14T20:00:00Z,51.89,52.07,51.68,52.03,561500
2026-01-15T13:00:00Z,52.18,52.44,51.8,51.9,171000
2026-01-15T14:00:00Z,51.91,52.15,51.74,51.85,216900
2026-01-15T15:00:00Z,51.86,52.3,51.76,52.29,274100
2026-01-15T16:00:00Z,52.29,52.29,51.95,52.1,180300
2026-01-15T17:00:00Z,52.1,52.19,52.06,52.13,177600
2026-01-15T18:00:00Z,52.12,52.65,52.12,52.45,486200
2026-01-15T19:00:00Z,52.46,52.52,52.36,52.39,473500
2026-01-15T20:00:00Z,52.38,52.56,52.28,52.29,573100
2026-01-16T13:00:00Z,52.31,52.44,51.95,52.04,156200
2026-01-16T14:00:00Z,52.04,52.22,51.39,51.39,5412700
2026-01-16T15:00:00Z,51.38,51.56,51.02,51.55,621200
2026-01-16T16:00:00Z,51.56,51.71,51.49,51.61,373400
2026-01-16T17:00:00Z,51.61,51.86,51.52,51.79,386900
2026-01-16T18:00:00Z,51.81,51.93,51.59,51.67,416000
2026-01-16T19:00:00Z,51.67,51.82,51.66,51.8,257800
2026-01-16T20:00:00Z,51.8,51.88,51.7,51.79,503800
2026-01-19T13:00:00Z,51.08,51.64,50.95,51.35,232900
2026-01-19T14:00:00Z,51.35,51.51,51.17,51.45,238900
2026-01-19T15:00:00Z,51.44,51.6,51.34,51.48,206800
2026-01-19T16:00:00Z,51.49,51.63,51.43,51.57,165400
2026-01-19T17:00:00Z,51.56,51.84,51.54,51.77,5230700
2026-01-19T18:00:00Z,51.76,51.87,51.72,51.8,239400
2026-01-19T19:00:00Z,51.77,51.93,51.74,51.79,239800
2026-01-19T20:00:00Z,51.79,51.84,51.59,51.59,163400
2026-01-20T13:00:00Z,52.26,52.26,50.75,51.09,562300
2026-01-20T14:00:00Z,51.09,51.56,51.01,51.47,281800
2026-01-20T15:00:00Z,51.46,51.48,51.21,51.4,193400
2026-01-20T16:00:00Z,51.42,51.62,51.4,51.6,166600
2026-01-20T17:00:00Z,51.58,51.69,51.46,51.56,201600
2026-01-20T18:00:00Z,51.56,51.62,51.49,51.52,164200
2026-01-20T19:00:00Z,51.52,51.52,51.36,51.38,184400
2026-01-20T20:00:00Z,51.36,51.4,51.29,51.39,212100
2026-01-21T13:00:00Z,51.54,51.93,51.28,51.49,554500
2026-01-21T14:00:00Z,51.49,52.3,51.43,52.21,528600
2026-01-21T15:00:00Z,52.21,52.26,51.59,51.61,437600
2026-01-21T16:00:00Z,51.59,51.82,51.58,51.67,300500
2026-01-21T17:00:00Z,51.68,51.75,51.39,51.42,406300
2026-01-21T18:00:00Z,51.41,51.62,51.34,51.55,461500
2026-01-21T19:00:00Z,51.56,52.02,51.53,52,551900
2026-01-21T20:00:00Z,51.99,52.2,51.84,52.04,1036000
2026-01-22T13:00:00Z,52.33,52.92,52.31,52.64,483200
2026-01-22T14:00:00Z,52.64,53.12,52.47,53.08,1028300
2026-01-22T15:00:00Z,53.05,53.54,52.81,53.35,1012600
2026-01-22T16:00:00Z,53.36,53.4,53.13,53.33,797200
2026-01-22T17:00:00Z,53.32,53.34,52.48,52.56,828000
2026-01-22T18:00:00Z,52.57,52.68,51.95,52.23,1152300
2026-01-22T19:00:00Z,52.22,52.4,52.11,52.37,606000
2026-01-22T20:00:00Z,52.37,52.47,52.22,52.24,689600
2026-01-23T13:00:00Z,52.2,52.2,51.22,51.36,1405800
2026-01-23T14:00:00Z,51.39,51.66,51.31,51.35,757000
2026-01-23T15:00:00Z,51.37,51.46,51.15,51.39,848900
2026-01-23T16:00:00Z,51.39,51.64,51.33,51.6,1274700
2026-01-23T17:00:00Z,51.59,51.95,51.5,51.84,560300
2026-01-23T18:00:00Z,51.87,52.05,51.74,51.97,1179300
2026-01-23T19:00:00Z,51.97,52.19,51.88,52.06,1018900
2026-01-23T20:00:00Z,52.06,52.7,52.03,52.15,1592100
2026-01-26T13:00:00Z,52.13,52.35,51.76,52.19,351400
2026-01-26T14:00:00Z,52.19,52.45,51.93,52.04,965200
2026-01-26T15:00:00Z,52.04,52.15,51.85,52.1,650200
2026-01-26T16:00:00Z,52.07,52.11,51.6,51.82,417900
2026-01-26T17:00:00Z,51.81,52.4,51.81,52.2,374400
2026-01-26T18:00:00Z,52.2,52.24,51.82,52.07,461500
2026-01-26T19:00:00Z,52.05,52.15,51.91,51.93,385600
2026-01-26T20:00:00Z,51.93,51.99,51.65,51.74,901900
2026-01-27T13:00:00Z,52.04,52.29,51.89,51.91,353300
2026-01-27T14:00:00Z,51.92,52.45,51.83,52.2,517000
2026-01-27T15:00:00Z,52.2,52.28,51.67,51.94,736300
2026-01-27T16:00:00Z,51.93,52.18,51.92,52.12,367200
2026-01-27T17:00:00Z,52.13,52.15,51.81,51.83,453000
2026-01-27T18:00:00Z,51.83,51.85,51.32,51.44,949200
2026-01-27T19:00:00Z,51.44,51.44,50.91,51.09,1120900
2026-01-27T20:00:00Z,51.09,51.3,51.03,51.28,1202600
2026-01-28T13:00:00Z,51.45,51.65,50.97,51.53,616400
2026-01-28T14:00:00Z,51.54,51.74,51.34,51.63,519700
2026-01-28T15:00:00Z,51.65,51.74,51.38,51.66,409900
2026-01-28T16:00:00Z,51.65,51.83,51.6,51.78,431500
2026-01-28T17:00:00Z,51.79,51.81,51.24,51.64,453000
2026-01-28T18:00:00Z,51.63,52.09,51.33,51.42,845000
2026-01-28T19:00:00Z,51.4,51.45,51.15,51.37,535500
2026-01-28T20:00:00Z,51.37,51.62,51.33,51.53,628300
2026-01-29T13:00:00Z,51.8,51.8,50.56,50.87,925300
2026-01-29T14:00:00Z,50.87,50.99,50.47,50.76,1061700
2026-01-29T15:00:00Z,50.74,50.8,50.24,50.38,1023400
2026-01-29T16:00:00Z,50.38,50.42,50.06,50.22,815100
2026-01-29T17:00:00Z,50.21,50.3,49.79,49.85,1044400
2026-01-29T18:00:00Z,49.85,49.92,49.72,49.81,897800
2026-01-29T19:00:00Z,49.81,49.84,49.34,49.38,1018000
2026-01-29T20:00:00Z,49.39,49.58,49.24,49.57,1593400
2026-01-30T13:00:00Z,49.39,49.92,49.31,49.41,874700
2026-01-30T14:00:00Z,49.42,49.57,49.16,49.4,1727900
2026-01-30T15:00:00Z,49.4,50.18,49.4,50.13,2807700
2026-01-30T16:00:00Z,50.15,50.73,50.14,50.35,798000
2026-01-30T17:00:00Z,50.35,50.35,49.61,49.73,1366100
2026-01-30T18:00:00Z,49.73,49.74,49.4,49.54,1037800
2026-01-30T19:00:00Z,49.56,49.63,49.19,49.32,960900
2026-01-30T20:00:00Z,49.32,49.41,48.92,49.29,1534600
2026-02-02T13:00:00Z,49.42,49.62,49,49.27,468100
2026-02-02T14:00:00Z,49.31,49.43,48.93,49.4,999500
2026-02-02T15:00:00Z,49.41,49.62,49.36,49.44,311100
2026-02-02T16:00:00Z,49.44,49.57,49.02,49.05,725700
2026-02-02T17:00:00Z,49.03,49.12,48.95,48.96,430800
2026-02-02T18:00:00Z,48.96,48.98,48.55,48.8,886600
2026-02-02T19:00:00Z,48.8,48.8,48.56,48.68,409800
2026-02-02T20:00:00Z,48.67,49,48.57,48.9,803400
2026-02-03T13:00:00Z,48.98,49.04,48.83,48.94,448500
2026-02-03T14:00:00Z,48.93,49.47,48.8,49.28,1838800
2026-02-03T15:00:00Z,49.31,49.61,49.08,49.31,1206200
2026-02-03T16:00:00Z,49.32,49.32,49.11,49.23,430300
2026-02-03T17:00:00Z,49.24,49.29,48.86,48.99,361600
2026-02-03T18:00:00Z,48.99,49.06,48.85,48.94,709400
2026-02-03T19:00:00Z,48.92,49.07,48.77,49.02,530100
2026-02-03T20:00:00Z,49.01,49.17,48.94,49.14,1176500
2026-02-04T13:00:00Z,49.07,49.07,48.35,48.59,488300
2026-02-04T14:00:00Z,48.62,49.23,48.55,49.1,613300
2026-02-04T15:00:00Z,49.1,49.59,49.06,49.26,1589100
2026-02-04T16:00:00Z,49.26,49.56,49.16,49.25,721400
2026-02-04T17:00:00Z,49.25,49.61,49.2,49.33,1087100
2026-02-04T18:00:00Z,49.35,49.54,49.15,49.53,758600
2026-02-04T19:00:00Z,49.5,49.73,49.38,49.61,763600
2026-02-04T20:00:00Z,49.61,49.65,49.28,49.45,1471300
2026-02-05T13:00:00Z,49.98,50.68,49.64,50.55,926100
2026-02-05T14:00:00Z,50.55,50.9,50.36,50.5,1458500
2026-02-05T15:00:00Z,50.5,50.64,50.4,50.52,593500
2026-02-05T16:00:00Z,50.52,50.69,50.38,50.48,287300
2026-02-05T17:00:00Z,50.47,50.79,50.43,50.68,649600
2026-02-05T18:00:00Z,50.67,50.84,50.45,50.66,1232900
2026-02-05T19:00:00Z,50.64,50.8,50.61,50.72,623500
2026-02-05T20:00:00Z,50.72,50.79,50.2,50.3,1825800
2026-02-06T13:00:00Z,50.52,51.02,50.03,50.59,1102900
2026-02-06T14:00:00Z,50.57,50.86,50.28,50.4,1108600
2026-02-06T15:00:00Z,50.4,50.42,50.15,50.26,652100
2026-02-06T16:00:00Z,50.27,50.45,50.21,50.45,275200
2026-02-06T17:00:00Z,50.44,50.5,50.31,50.41,217900
2026-02-06T18:00:00Z,50.42,50.43,50.15,50.18,387400
2026-02-06T19:00:00Z,50.17,50.21,50.01,50.11,987300
2026-02-06T20:00:00Z,50.1,50.31,50.09,50.22,629000
2026-02-09T13:00:00Z,50.15,51,50.14,50.96,896800
2026-02-09T14:00:00Z,50.97,51.17,50.64,50.67,913100
2026-02-09T15:00:00Z,50.67,50.93,50.63,50.85,460900
2026-02-09T16:00:00Z,50.86,50.98,50.76,50.97,312500
2026-02-09T17:00:00Z,50.97,51.12,50.9,50.98,575900
2026-02-09T18:00:00Z,50.97,51.01,50.89,50.93,331300
2026-02-09T19:00:00Z,50.93,51.16,50.92,51.03,461300
2026-02-09T20:00:00Z,51.03,51.27,50.96,51.27,1095600
2026-02-10T13:00:00Z,51.4,51.76,51.25,51.39,247500
2026-02-10T14:00:00Z,51.4,51.6,51.21,51.55,354700
2026-02-10T15:00:00Z,51.57,51.79,51.49,51.72,622300
2026-02-10T16:00:00Z,51.74,52.08,51.65,52,392300
2026-02-10T17:00:00Z,51.99,52.02,51.58,51.7,386300
2026-02-10T18:00:00Z,51.69,51.76,51.52,51.58,239400
2026-02-10T19:00:00Z,51.58,51.58,51.22,51.24,623100
2026-02-10T20:00:00Z,51.25,51.28,51.05,51.16,389500
2026-02-11T13:00:00Z,53,55,52.9,54.32,6749000
2026-02-11T14:00:00Z,54.3,55.88,54.17,55.61,5089400
2026-02-11T15:00:00Z,55.62,56.07,55.25,56.03,3191300
2026-02-11T16:00:00Z,56.03,57.19,55.92,56.78,3062600
2026-02-11T17:00:00Z,56.77,57.12,56.27,56.83,1865700
2026-02-11T18:00:00Z,56.82,56.9,56.57,56.85,1657800
2026-02-11T19:00:00Z,56.86,57,56.65,56.92,2444300
2026-02-11T20:00:00Z,56.92,57.94,56.9,57.93,2349100
2026-02-12T13:00:00Z,58.1,58.68,56.83,57.4,2464700
2026-02-12T14:00:00Z,57.36,57.45,56.88,57.16,982400
2026-02-12T15:00:00Z,57.18,57.55,56.9,57.29,971600
2026-02-12T16:00:00Z,57.29,57.78,57.09,57.67,1069900
2026-02-12T17:00:00Z,57.64,57.87,57.32,57.38,656500
2026-02-12T18:00:00Z,57.36,57.47,57.2,57.34,726400
2026-02-12T19:00:00Z,57.35,57.79,57.31,57.78,1463200
2026-02-12T20:00:00Z,57.79,58.53,57.68,58.21,2181000
2026-02-13T13:00:00Z,58.2,58.2,57.32,57.83,5101000
2026-02-13T14:00:00Z,57.82,58.6,57.74,58.22,1184900
2026-02-13T15:00:00Z,58.25,58.82,58.05,58.42,1055200
2026-02-13T16:00:00Z,58.4,58.57,58.24,58.29,1225000
2026-02-13T17:00:00Z,58.28,58.32,57.91,58.27,1113800
2026-02-13T18:00:00Z,58.27,58.5,58.07,58.18,991700
2026-02-13T19:00:00Z,58.19,58.24,57.79,57.88,739700
2026-02-13T20:00:00Z,57.9,58.4,57.87,58.28,891200
2026-02-18T16:00:00Z,58.44,58.44,57.48,57.57,1387600
2026-02-18T17:00:00Z,57.57,57.64,57.39,57.39,586200
2026-02-18T18:00:00Z,57.39,57.42,56.95,57.12,982700
2026-02-18T19:00:00Z,57.12,57.2,56.77,56.95,901000
2026-02-18T20:00:00Z,56.96,57.3,56.91,57.15,1237500
2026-02-19T13:00:00Z,57.14,57.83,56.89,57.3,453200
2026-02-19T14:00:00Z,57.25,57.54,57.15,57.31,436000
2026-02-19T15:00:00Z,57.33,57.43,57.06,57.36,549800
2026-02-19T16:00:00Z,57.38,57.44,57.2,57.28,427200
2026-02-19T17:00:00Z,57.27,57.56,57.25,57.31,372700
2026-02-19T18:00:00Z,57.31,57.33,57.13,57.22,346500
2026-02-19T19:00:00Z,57.21,57.3,57.03,57.03,357200
2026-02-19T20:00:00Z,57.03,57.18,56.96,57,564800
2026-02-20T13:00:00Z,57.13,57.13,56.26,56.4,341900
2026-02-20T14:00:00Z,56.4,56.65,56.06,56.46,517400
2026-02-20T15:00:00Z,56.45,56.95,56.45,56.6,339900
2026-02-20T16:00:00Z,56.6,56.67,56.17,56.19,251900
2026-02-20T17:00:00Z,56.2,56.5,56.04,56.46,1353300
2026-02-20T18:00:00Z,56.48,56.59,56.22,56.3,682100
2026-02-20T19:00:00Z,56.29,56.55,56.26,56.48,701200
2026-02-20T20:00:00Z,56.47,56.82,56.46,56.78,961800
2026-02-23T13:00:00Z,56.86,56.95,56.44,56.48,375400
2026-02-23T14:00:00Z,56.48,56.87,56.28,56.56,600000
2026-02-23T15:00:00Z,56.56,56.65,56.22,56.51,483900
2026-02-23T16:00:00Z,56.5,56.69,56.38,56.67,361400
2026-02-23T17:00:00Z,56.67,56.8,56.44,56.78,537700
2026-02-23T18:00:00Z,56.78,56.89,56.66,56.82,250000
2026-02-23T19:00:00Z,56.82,56.88,56.65,56.88,414100
2026-02-23T20:00:00Z,56.87,56.93,56.77,56.85,708400
2026-02-24T13:00:00Z,57.28,58.16,57,58.13,854200
2026-02-24T14:00:00Z,58.13,58.85,58.1,58.52,1514600
2026-02-24T15:00:00Z,58.55,58.75,58.52,58.7,671400
2026-02-24T16:00:00Z,58.7,58.7,58.4,58.58,939000
2026-02-24T17:00:00Z,58.61,58.8,58.4,58.46,546300
2026-02-24T18:00:00Z,58.45,58.72,58.45,58.64,420200
2026-02-24T19:00:00Z,58.62,58.65,58.39,58.59,1202800
2026-02-24T20:00:00Z,58.58,58.63,58.39,58.5,1650400
2026-02-25T13:00:00Z,58.72,59.31,58.07,58.8,1384200
2026-02-25T14:00:00Z,58.83,59.32,58.63,58.95,1175000
2026-02-25T15:00:00Z,58.93,58.97,58.7,58.92,1284000
2026-02-25T16:00:00Z,58.92,58.99,58.67,58.81,2065100
2026-02-25T17:00:00Z,58.81,58.84,58.25,58.39,876300
2026-02-25T18:00:00Z,58.38,58.76,58.33,58.75,1213000
2026-02-25T19:00:00Z,58.72,58.73,58.51,58.55,847600
2026-02-25T20:00:00Z,58.55,58.84,58.55,58.78,1623300
2026-02-26T13:00:00Z,58.91,59.65,58.65,59.42,2689100
2026-02-26T14:00:00Z,59.43,59.58,58.83,59.16,657800
2026-02-26T15:00:00Z,59.17,59.22,58.69,58.71,707700
2026-02-26T16:00:00Z,58.72,58.93,58.42,58.53,522100
2026-02-26T17:00:00Z,58.57,58.82,58.37,58.7,484500
2026-02-26T18:00:00Z,58.71,58.86,58.62,58.65,484900
2026-02-26T19:00:00Z,58.64,58.86,58.57,58.84,332400
2026-02-26T20:00:00Z,58.84,59.13,58.82,58.96,547600
2026-02-27T13:00:00Z,58.78,59.12,58.16,58.39,355600
2026-02-27T14:00:00Z,58.34,58.58,58.2,58.33,287300
2026-02-27T15:00:00Z,58.32,58.51,58.2,58.45,252100
2026-02-27T16:00:00Z,58.46,58.75,58.46,58.65,166600
2026-02-27T17:00:00Z,58.65,58.68,58.22,58.42,521000
2026-02-27T18:00:00Z,58.43,58.5,58.27,58.32,305700
2026-02-27T19:00:00Z,58.3,58.31,57.91,58.13,564600
2026-02-27T20:00:00Z,58.13,58.33,58.05,58.09,462800