time,open,high,low,close,Volume
2020-09-25T17:00:00Z,19.00999981,19.06333314,18.95666648,18.99666648,1291500.012915
2020-09-25T18:00:00Z,18.99666648,19.18999981,18.96999981,19.18333314,2517600.025176
2020-09-25T19:00:00Z,19.18999981,19.30999981,19.04999981,19.15999981,3897600.038976
2020-09-28T13:00:00Z,19.39333314,19.42333314,19.05999981,19.12666648,6525900.065259
2020-09-28T14:00:00Z,19.12999981,19.24999981,18.98999981,19.03666648,4103100.041031
2020-09-28T15:00:00Z,19.03999981,19.09666648,18.92333314,19.04666648,1682400.016824
2020-09-28T16:00:00Z,19.04666648,19.11666648,18.58999981,18.63333315,5043000.05043
2020-09-28T17:00:00Z,18.63333315,18.63999981,18.18666648,18.34333315,11582700.115827
2020-09-28T18:00:00Z,18.34333315,18.67999981,18.33333315,18.54333315,5012100.050121
2020-09-28T19:00:00Z,18.54333315,18.61333315,18.32333315,18.33333315,4550400.045504
2020-09-29T13:00:00Z,18.34333315,18.67666648,18.04999982,18.58999981,8376900.083769
2020-09-29T14:00:00Z,18.58999981,18.71999981,18.30666648,18.31999982,4528200.045282
2020-09-29T15:00:00Z,18.31666648,18.41333315,18.11666649,18.15333315,3504000.03504
2020-09-29T16:00:00Z,18.14999982,18.22999982,18.00999982,18.07666649,3507300.035073
2020-09-29T17:00:00Z,18.07666649,18.11999982,17.85333315,17.86333315,5793900.057939
2020-09-29T18:00:00Z,17.86666649,18.04333315,17.84333315,17.91999982,4384800.043848
2020-09-29T19:00:00Z,17.92333315,17.98333315,17.77666649,17.77666649,6263100.062631
2020-09-30T13:00:00Z,18.06666649,18.26333315,18.04333315,18.05666649,4378200.043782
2020-09-30T14:00:00Z,18.06666649,18.39999982,17.99666649,18.12666649,7176300.071763
2020-09-30T15:00:00Z,18.13333315,18.22333315,18.07333315,18.22333315,5506800.055068
2020-09-30T16:00:00Z,18.20666648,18.29999982,18.15999982,18.22666648,1322700.013227
2020-09-30T17:00:00Z,18.21999982,18.29666648,18.11666649,18.29666648,1506600.015066
2020-09-30T18:00:00Z,18.29666648,18.46333315,18.28333315,18.38999982,4281300.042813
2020-09-30T19:00:00Z,18.38999982,18.51999981,18.33666648,18.37333315,4009500.040095
2020-10-01T13:00:00Z,18.44333315,18.44333315,18.04666649,18.13333315,4503300.045033
2020-10-01T14:00:00Z,18.12999982,18.12999982,17.96999982,18.02999982,4119600.041196
2020-10-01T15:00:00Z,18.02999982,18.06666649,17.93999982,18.02999982,2344500.023445
2020-10-01T16:00:00Z,18.02999982,18.08999982,17.97999982,17.99999982,3488700.034887
2020-10-01T17:00:00Z,17.99999982,18.05999982,17.96666649,18.04666649,6020400.060204
2020-10-01T18:00:00Z,18.05333315,18.12333315,17.93333315,18.02999982,6191400.061914
2020-10-01T19:00:00Z,18.03333315,18.14999982,18.01999982,18.13333315,5243400.052434
2020-10-02T13:00:00Z,18.04999982,18.46999982,17.93333315,18.42333315,5442900.054429
2020-10-02T14:00:00Z,18.41999982,18.44333315,18.16666649,18.18666648,3715800.037158
2020-10-02T15:00:00Z,18.18333315,18.22666648,17.83999982,17.85666649,5836800.058368
2020-10-02T16:00:00Z,17.84999982,17.98666649,17.79999982,17.87999982,2832000.02832
2020-10-02T17:00:00Z,17.88333315,17.92999982,17.69999982,17.80333316,4122000.04122
2020-10-02T18:00:00Z,17.79999982,17.91333315,17.78333316,17.80999982,2921100.029211
2020-10-02T19:00:00Z,17.80666649,17.81666649,17.68666649,17.72666649,4472400.044724
2020-10-05T13:00:00Z,17.76333316,18.03999982,17.72999982,17.80333316,4180500.041805
2020-10-05T14:00:00Z,17.80666649,17.98999982,17.80666649,17.86333315,3277500.032775
2020-10-05T15:00:00Z,17.86333315,18.20666648,17.81333316,18.19666648,3625500.036255
2020-10-05T16:00:00Z,18.19333315,18.43333315,18.18333315,18.41333315,6595500.065955
2020-10-05T17:00:00Z,18.40999982,18.59666648,18.35666648,18.50333315,4535700.045357
2020-10-05T18:00:00Z,18.50333315,18.59333315,18.43999982,18.58666648,4062600.040626
2020-10-05T19:00:00Z,18.57999981,18.60666648,18.48999982,18.52666648,4610400.046104
2020-10-06T13:00:00Z,18.74999981,18.81999981,18.36666648,18.44666648,5370600.053706
2020-10-06T14:00:00Z,18.43999982,18.64666648,18.37999982,18.41333315,5187300.051873
2020-10-06T15:00:00Z,18.41333315,18.48333315,18.15333315,18.18666648,4075800.040758
2020-10-06T16:00:00Z,18.18666648,18.20999982,18.10999982,18.17666648,4695000.04695
2020-10-06T17:00:00Z,18.16999982,18.18333315,18.02333315,18.03666649,3734700.037347
2020-10-06T18:00:00Z,18.03666649,18.12999982,17.83999982,17.90333315,6175800.061758
2020-10-06T19:00:00Z,17.89333315,17.98666649,17.80333316,17.91999982,8130900.081309
2020-10-07T13:00:00Z,18.08333315,18.22999982,17.95333315,17.99666649,9083700.090837
2020-10-07T14:00:00Z,17.99666649,18.01666649,17.73666649,17.84666649,7686600.076866
2020-10-07T15:00:00Z,17.84333315,18.02666649,17.83999982,17.86666649,3014700.030147
2020-10-07T16:00:00Z,17.86999982,18.01333315,17.77999982,17.84333315,5622000.05622
2020-10-07T17:00:00Z,17.84333315,18.09333315,17.81333316,17.99666649,4134900.041349
2020-10-07T18:00:00Z,17.99999982,18.15333315,17.94333315,18.02333315,7463100.074631
2020-10-07T19:00:00Z,18.02333315,18.08999982,17.91333315,17.99666649,4343400.043434
2020-10-08T13:00:00Z,17.99666649,18.04999982,17.89666649,18.02333315,3227700.032277
2020-10-08T14:00:00Z,18.00999982,18.23666648,17.97333315,18.11666649,11114700.111147
2020-10-08T15:00:00Z,18.11333315,18.33333315,18.01333315,18.29666648,4484700.044847
2020-10-08T16:00:00Z,18.29666648,18.32999982,18.17999982,18.25666648,3031800.030318
2020-10-08T17:00:00Z,18.25666648,18.26666648,18.11666649,18.17333315,2419800.024198
2020-10-08T18:00:00Z,18.17333315,18.27666648,18.17333315,18.21666648,3167400.031674
2020-10-08T19:00:00Z,18.21666648,18.29333315,18.15666649,18.20666648,5086200.050862
2020-10-09T13:00:00Z,18.20999982,18.33333315,18.00999982,18.31999982,3522000.03522
2020-10-09T14:00:00Z,18.31999982,18.42666648,18.23666648,18.35999982,2927700.029277
2020-10-09T15:00:00Z,18.37333315,18.46999982,18.31666648,18.43999982,3241800.032418
2020-10-09T16:00:00Z,18.43999982,18.44333315,18.17999982,18.29999982,2628300.026283
2020-10-09T17:00:00Z,18.29333315,18.33333315,18.18333315,18.25333315,2103900.021039
2020-10-09T18:00:00Z,18.24999982,18.26666648,18.15333315,18.22999982,2615700.026157
2020-10-09T19:00:00Z,18.22999982,18.28999982,18.20666648,18.24666648,3272400.032724
2020-10-13T13:00:00Z,18.34999982,18.42666648,18.20666648,18.36333315,3249900.032499
2020-10-13T14:00:00Z,18.36333315,18.37999982,18.13666649,18.17333315,4764600.047646
2020-10-13T15:00:00Z,18.17666648,18.24999982,18.07333315,18.20333315,3348000.03348
2020-10-13T16:00:00Z,18.20333315,18.31333315,18.13666649,18.27666648,3249000.03249
2020-10-13T17:00:00Z,18.27666648,18.40999982,18.17666648,18.24333315,3596100.035961
2020-10-13T18:00:00Z,18.23999982,18.24999982,18.13999982,18.18333315,1828200.018282
2020-10-13T19:00:00Z,18.18333315,18.29333315,18.16999982,18.28666648,2284500.022845
2020-10-14T13:00:00Z,18.41666648,18.61333315,18.34333315,18.57999981,5656200.056562
2020-10-14T14:00:00Z,18.58333315,18.92999981,18.58333315,18.85666648,8109900.081099
2020-10-14T15:00:00Z,18.85999981,18.89666648,18.67999981,18.77333315,3546600.035466
2020-10-14T16:00:00Z,18.77666648,18.83999981,18.71666648,18.79999981,3699600.036996
2020-10-14T17:00:00Z,18.79999981,18.83333314,18.64666648,18.77333315,3420000.0342
2020-10-14T18:00:00Z,18.76999981,18.79999981,18.62333315,18.72999981,3150000.0315
2020-10-14T19:00:00Z,18.72999981,18.82999981,18.69666648,18.80333315,3982200.039822
2020-10-15T13:00:00Z,18.35333315,18.41666648,18.23666648,18.38666648,5517600.055176
2020-10-15T14:00:00Z,18.38333315,18.46666648,18.32999982,18.38999982,4571700.045717
2020-10-15T15:00:00Z,18.38666648,18.49999982,18.36666648,18.45999982,2498700.024987
2020-10-15T16:00:00Z,18.45333315,18.45999982,18.33333315,18.43333315,2977200.029772
2020-10-15T17:00:00Z,18.43333315,18.59666648,18.38999982,18.54333315,2638800.026388
2020-10-15T18:00:00Z,18.54666648,18.65666648,18.48666648,18.52333315,3488400.034884
2020-10-15T19:00:00Z,18.52333315,18.60666648,18.45333315,18.49666648,4770600.047706
2020-10-16T13:00:00Z,18.35666648,18.56666648,18.18999982,18.55999981,5782800.057828
2020-10-16T14:00:00Z,18.54999981,18.68666648,18.27333315,18.34666648,4117500.041175
2020-10-16T15:00:00Z,18.34666648,18.39999982,18.09999982,18.15666649,4720500.047205
2020-10-16T16:00:00Z,18.15999982,18.32666648,18.12333315,18.31333315,2871300.028713
2020-10-16T17:00:00Z,18.31333315,18.34333315,18.23999982,18.25333315,2142300.021423
2020-10-16T18:00:00Z,18.24999982,18.33999982,18.22333315,18.26999982,3227100.032271
2020-10-16T19:00:00Z,18.27333315,18.28333315,18.13333315,18.18666648,3270600.032706
2020-10-19T13:00:00Z,18.18333315,18.60333315,18.16666649,18.59333315,5900400.059004
2020-10-19T14:00:00Z,18.59333315,18.69666648,18.50333315,18.62999981,5537700.055377
2020-10-19T15:00:00Z,18.61999981,18.69333315,18.54666648,18.58333315,2347500.023475
2020-10-19T16:00:00Z,18.58333315,18.65999981,18.58333315,18.64333315,1324800.013248
2020-10-19T17:00:00Z,18.64666648,18.84333314,18.62999981,18.79333315,4782300.047823
2020-10-19T18:00:00Z,18.79333315,18.98666648,18.66666648,18.67333315,7592700.075927
2020-10-19T19:00:00Z,18.67333315,18.79999981,18.59999981,18.71333315,4014000.04014
2020-10-20T13:00:00Z,18.71999981,19.13666648,18.71333315,19.06666648,6834000.06834
2020-10-20T14:00:00Z,19.06666648,19.25666647,19.06333314,19.11666648,6339300.063393
2020-10-20T15:00:00Z,19.11333314,19.14666648,18.92666648,19.11333314,5452500.054525
2020-10-20T16:00:00Z,19.11333314,19.26333314,19.06666648,19.25666647,4468800.044688
2020-10-20T17:00:00Z,19.25666647,19.27999981,19.18333314,19.19333314,4713900.047139
2020-10-20T18:00:00Z,19.19333314,19.24999981,19.18333314,19.22333314,4225500.042255
2020-10-20T19:00:00Z,19.22333314,19.30333314,19.14999981,19.28333314,5317800.053178
2020-10-21T13:00:00Z,19.19333314,19.35999981,19.03999981,19.29999981,3976500.039765
2020-10-21T14:00:00Z,19.29666647,19.38333314,19.21999981,19.21999981,4084800.040848
2020-10-21T15:00:00Z,19.22333314,19.33333314,19.10333314,19.31333314,3321000.03321
2020-10-21T16:00:00Z,19.31666647,19.4999998,19.29333314,19.30333314,4301100.043011
2020-10-21T17:00:00Z,19.30666647,19.38999981,19.17999981,19.24666647,2329500.023295
2020-10-21T18:00:00Z,19.24999981,19.26666647,19.17333314,19.18999981,2315100.023151
2020-10-21T19:00:00Z,19.19333314,19.21666647,19.09999981,19.12999981,2080200.020802
2020-10-22T13:00:00Z,19.17333314,19.21999981,18.93666648,19.01333314,3075300.030753
2020-10-22T14:00:00Z,19.01333314,19.05333314,18.81999981,19.03666648,3593400.035934
2020-10-22T15:00:00Z,19.03666648,19.03999981,18.83999981,18.83999981,3641700.036417
2020-10-22T16:00:00Z,18.83999981,18.91999981,18.82666648,18.84333314,2780400.027804
2020-10-22T17:00:00Z,18.84333314,18.93333314,18.83333314,18.83333314,5104200.051042
2020-10-22T18:00:00Z,18.83333314,18.83999981,18.73999981,18.76666648,4540200.045402
2020-10-22T19:00:00Z,18.75999981,18.76999981,18.63999981,18.69666648,14466900.144669
2020-10-23T13:00:00Z,18.69999981,18.73333315,18.48333315,18.52666648,5155500.051555
2020-10-23T14:00:00Z,18.52666648,18.52666648,18.35333315,18.40666648,4461000.04461
2020-10-23T15:00:00Z,18.40666648,18.41333315,18.24999982,18.39333315,5352600.053526
2020-10-23T16:00:00Z,18.39333315,18.40333315,18.28333315,18.29666648,3160800.031608
2020-10-23T17:00:00Z,18.29333315,18.48999982,18.28999982,18.35999982,3803100.038031
2020-10-23T18:00:00Z,18.35999982,18.46666648,18.31999982,18.44333315,2303400.023034
2020-10-23T19:00:00Z,18.44333315,18.45666648,18.18666648,18.23333315,6219600.062196
2020-10-26T13:00:00Z,18.24666648,18.61666648,18.22333315,18.52333315,4566600.045666
2020-10-26T14:00:00Z,18.52666648,18.58333315,18.43666648,18.44999982,1765500.017655
2020-10-26T15:00:00Z,18.44999982,18.44999982,18.23999982,18.36666648,3934200.039342
2020-10-26T16:00:00Z,18.37333315,18.37666648,18.03666649,18.16999982,4639200.046392
2020-10-26T17:00:00Z,18.17333315,18.19999982,17.94999982,18.13333315,3895200.038952
2020-10-26T18:00:00Z,18.13333315,18.26666648,18.12333315,18.22666648,2277900.022779
2020-10-26T19:00:00Z,18.22666648,18.35333315,18.17333315,18.33333315,3918900.039189
2020-10-27T13:00:00Z,18.29999982,18.40999982,18.09999982,18.20333315,4806600.048066
2020-10-27T14:00:00Z,18.20666648,18.21333315,17.84666649,17.97333315,6597000.06597
2020-10-27T15:00:00Z,17.96999982,17.99999982,17.84999982,17.88666649,4576200.045762
2020-10-27T16:00:00Z,17.88999982,17.89666649,17.73666649,17.79666649,4578600.045786
2020-10-27T17:00:00Z,17.79999982,17.83333316,17.73333316,17.74666649,3080100.030801
2020-10-27T18:00:00Z,17.74333316,17.74999982,17.55999982,17.59333316,9392400.093924
2020-10-27T19:00:00Z,17.58999982,17.67999982,17.55999982,17.58333316,7511700.075117
2020-10-28T13:00:00Z,17.23333316,17.46666649,17.05333316,17.32999983,8874900.088749
2020-10-28T14:00:00Z,17.33666649,17.39666649,17.19333316,17.20666649,5407200.054072
2020-10-28T15:00:00Z,17.21666649,17.30999983,17.09999983,17.30333316,3919200.039192
2020-10-28T16:00:00Z,17.30333316,17.30999983,17.11999983,17.14333316,3479700.034797
2020-10-28T17:00:00Z,17.14333316,17.18666649,16.94333316,17.18666649,5983500.059835
2020-10-28T18:00:00Z,17.18666649,17.18666649,17.02999983,17.0466665,5014800.050148
2020-10-28T19:00:00Z,17.04999983,17.1566665,16.96999983,17.09999983,9148500.091485
2020-10-29T13:00:00Z,16.89999983,16.99333316,16.79333317,16.92999983,4931100.049311
2020-10-29T14:00:00Z,16.93333316,17.26666649,16.84999983,17.19999983,10835400.108354
2020-10-29T15:00:00Z,17.19999983,17.33666649,17.0666665,17.19999983,5999700.059997
2020-10-29T16:00:00Z,17.19333316,17.46333316,17.19333316,17.41333316,4245600.042456
2020-10-29T17:00:00Z,17.41666649,17.65999982,17.39333316,17.61333316,7283400.072834
2020-10-29T18:00:00Z,17.61333316,17.82999982,17.59999982,17.73999982,10220400.102204
2020-10-29T19:00:00Z,17.73999982,17.78999982,17.54999982,17.63333316,7364700.073647
2020-10-30T13:00:00Z,17.49999983,17.56666649,17.22333316,17.40666649,4637100.046371
2020-10-30T14:00:00Z,17.39999983,17.50999982,17.14999983,17.16333316,4158300.041583
2020-10-30T15:00:00Z,17.16333316,17.28333316,17.08333316,17.25666649,3557100.035571
2020-10-30T16:00:00Z,17.25999983,17.26666649,17.0866665,17.10999983,4105200.041052
2020-10-30T17:00:00Z,17.11333316,17.20333316,17.03999983,17.1366665,3828600.038286
2020-10-30T18:00:00Z,17.1366665,17.20333316,16.95999983,16.97333316,4606500.046065
2020-10-30T19:00:00Z,16.9766665,17.07999983,16.8966665,16.9366665,6434100.064341
2020-11-03T13:00:00Z,17.26666649,17.43333316,17.18333316,17.28999983,5693700.056937
2020-11-03T14:00:00Z,17.29333316,17.37999983,17.20666649,17.31666649,3034200.030342
2020-11-03T15:00:00Z,17.31666649,17.33333316,17.13999983,17.17999983,4407000.04407
2020-11-03T16:00:00Z,17.17666649,17.17999983,16.9666665,17.0466665,3289500.032895
2020-11-03T17:00:00Z,17.04333316,17.07333316,16.89999983,16.96333316,2572200.025722
2020-11-03T18:00:00Z,16.9566665,17.10999983,16.85333316,16.89333316,3615900.036159
2020-11-03T19:00:00Z,16.89333316,16.96999983,16.88333316,16.92999983,2813400.028134
2020-11-03T20:00:00Z,16.92999983,17.12999983,16.90333316,16.9566665,7119600.071196
2020-11-04T13:00:00Z,17.16999983,17.73333316,17.16333316,17.69333316,11893200.118932
2020-11-04T14:00:00Z,17.69666649,17.79333316,17.58999982,17.70999982,5888700.058887
2020-11-04T15:00:00Z,17.70999982,17.85333315,17.68666649,17.79666649,3705600.037056
2020-11-04T16:00:00Z,17.79666649,17.86666649,17.69666649,17.78666649,2680200.026802
2020-11-04T17:00:00Z,17.78666649,17.89333315,17.74333316,17.86999982,3745200.037452
2020-11-04T18:00:00Z,17.87333315,18.02999982,17.86333315,18.00666649,4996200.049962
2020-11-04T19:00:00Z,18.00999982,18.07999982,17.95666649,18.03333315,4245000.04245
2020-11-04T20:00:00Z,18.03333315,18.07333315,17.90666649,18.02666649,5282400.052824
2020-11-05T13:00:00Z,18.33333315,18.68333315,18.33333315,18.58333315,9096600.090966
2020-11-05T14:00:00Z,18.57333315,18.82333315,18.53999981,18.68333315,8004000.08004
2020-11-05T15:00:00Z,18.68333315,18.82333315,18.63999981,18.65999981,5357400.053574
2020-11-05T16:00:00Z,18.66333315,18.73666648,18.50666648,18.53999981,2994900.029949
2020-11-05T17:00:00Z,18.53999981,18.71333315,18.42999982,18.67666648,5655900.056559
2020-11-05T18:00:00Z,18.67666648,18.73333315,18.49999982,18.73333315,5221800.052218
2020-11-05T19:00:00Z,18.73333315,18.82666648,18.67999981,18.77333315,5157600.051576
2020-11-05T20:00:00Z,18.77333315,18.87999981,18.70999981,18.86666648,8649600.086496
2020-11-06T13:00:00Z,18.60999981,18.95999981,18.47333315,18.91666648,3407400.034074
2020-11-06T14:00:00Z,18.91333314,18.93333314,18.59999981,18.60999981,2935800.029358
2020-11-06T15:00:00Z,18.60999981,18.67666648,18.47666648,18.47666648,3108600.031086
2020-11-06T16:00:00Z,18.47666648,18.58999981,18.43999982,18.56333315,2518200.025182
2020-11-06T17:00:00Z,18.56333315,18.58333315,18.50333315,18.54333315,1822500.018225
2020-11-06T18:00:00Z,18.54666648,18.64999981,18.50999981,18.62666648,2494800.024948
2020-11-06T19:00:00Z,18.62666648,18.81666648,18.59333315,18.73999981,3052800.030528
2020-11-06T20:00:00Z,18.74333315,18.89333314,18.70333315,18.84666648,3613500.036135
2020-11-09T13:00:00Z,19.21666647,19.43333314,19.15333314,19.16333314,9772200.097722
2020-11-09T14:00:00Z,19.16999981,19.25333314,18.54999981,18.55666648,8966400.089664
2020-11-09T15:00:00Z,18.56333315,18.74999981,18.44666648,18.49999982,5247000.05247
2020-11-09T16:00:00Z,18.49666648,18.50333315,18.29999982,18.37666648,4494000.04494
2020-11-09T17:00:00Z,18.37666648,18.44333315,18.26333315,18.29666648,5754600.057546
2020-11-09T18:00:00Z,18.29333315,18.37333315,18.14999982,18.16666649,6675900.066759
2020-11-09T19:00:00Z,18.16999982,18.34666648,18.09999982,18.26333315,7719600.077196
2020-11-09T20:00:00Z,18.25999982,18.26333315,17.80999982,17.84999982,12631200.126312
2020-11-10T13:00:00Z,17.94999982,18.24999982,17.87333315,18.08333315,5676300.056763
2020-11-10T14:00:00Z,18.08333315,18.49999982,18.03666649,18.33999982,7670100.076701
2020-11-10T15:00:00Z,18.33666648,18.52999981,18.30999982,18.45333315,5167800.051678
2020-11-10T16:00:00Z,18.44999982,18.69999981,18.43333315,18.64333315,4684500.046845
2020-11-10T17:00:00Z,18.63999981,18.69999981,18.49999982,18.55333315,4530000.0453
2020-11-10T18:00:00Z,18.55333315,18.56666648,18.35333315,18.46666648,5772300.057723
2020-11-10T19:00:00Z,18.46666648,18.47666648,18.18666648,18.20666648,5448900.054489
2020-11-10T20:00:00Z,18.20999982,18.26666648,17.94333315,17.99666649,6681300.066813
2020-11-11T13:00:00Z,18.14999982,18.31999982,17.97333315,18.29999982,4738500.047385
2020-11-11T14:00:00Z,18.29999982,18.64666648,18.29999982,18.58999981,8256300.082563
2020-11-11T15:00:00Z,18.59999981,18.61333315,18.43666648,18.46999982,3703200.037032
2020-11-11T16:00:00Z,18.46666648,18.61666648,18.39333315,18.61333315,3402000.03402
2020-11-11T17:00:00Z,18.61333315,18.65666648,18.44333315,18.46333315,3024600.030246
2020-11-11T18:00:00Z,18.46666648,18.61999981,18.42333315,18.50999981,2434800.024348
2020-11-11T19:00:00Z,18.51333315,18.57999981,18.45666648,18.47333315,2637300.026373
2020-11-11T20:00:00Z,18.46999982,18.50666648,18.34999982,18.44999982,3396600.033966
2020-11-12T13:00:00Z,18.52333315,18.56999981,18.23333315,18.47666648,4888800.048888
2020-11-12T14:00:00Z,18.47666648,18.51666648,18.10666649,18.12666649,3380400.033804
2020-11-12T15:00:00Z,18.12666649,18.17666648,18.03666649,18.15333315,3533700.035337
2020-11-12T16:00:00Z,18.15333315,18.15333315,17.97999982,17.99999982,4302000.04302
2020-11-12T17:00:00Z,17.98999982,18.06666649,17.83666649,17.87666649,3289500.032895
2020-11-12T18:00:00Z,17.86999982,18.00999982,17.77666649,17.97666649,10592700.105927
2020-11-12T19:00:00Z,17.97999982,17.99999982,17.78666649,17.80666649,4119900.041199
2020-11-12T20:00:00Z,17.80333316,17.96666649,17.79333316,17.86666649,6432900.064329
2020-11-13T13:00:00Z,18.11333315,18.19999982,17.74666649,17.77666649,5190600.051906
2020-11-13T14:00:00Z,17.76333316,17.82666649,17.60666649,17.67666649,7594200.075942
2020-11-13T15:00:00Z,17.67666649,17.76333316,17.51999982,17.52666649,7048800.070488
2020-11-13T16:00:00Z,17.52666649,17.64666649,17.50999982,17.64666649,3632100.036321
2020-11-13T17:00:00Z,17.64666649,17.78999982,17.52999982,17.70999982,10587300.105873
2020-11-13T18:00:00Z,17.71666649,18.00666649,17.70333316,17.87999982,13052700.130527
2020-11-13T19:00:00Z,17.87999982,17.94333315,17.84333315,17.88333315,27756300.277563
2020-11-13T20:00:00Z,17.88333315,17.90666649,17.77666649,17.84999982,4063200.040632
2020-11-16T13:00:00Z,18.08333315,18.28999982,17.84333315,18.01666649,11786700.117867
2020-11-16T14:00:00Z,18.01333315,18.02333315,17.81666649,17.90999982,4671000.04671
2020-11-16T15:00:00Z,17.91333315,17.99333315,17.78999982,17.91333315,6155700.061557
2020-11-16T16:00:00Z,17.90999982,17.96999982,17.71666649,17.79666649,4935600.049356
2020-11-16T17:00:00Z,17.79333316,17.84333315,17.63999982,17.70999982,4377600.043776
2020-11-16T18:00:00Z,17.70999982,17.73333316,17.60666649,17.63666649,5664900.056649
2020-11-16T19:00:00Z,17.63999982,17.83999982,17.62333316,17.81999982,6306600.063066
2020-11-16T20:00:00Z,17.82333316,17.88666649,17.77999982,17.85333315,6723600.067236
2020-11-17T13:00:00Z,17.79999982,17.96666649,17.62333316,17.68333316,5428800.054288
2020-11-17T14:00:00Z,17.68333316,17.89666649,17.67333316,17.83999982,4733100.047331
2020-11-17T15:00:00Z,17.83999982,17.94333315,17.76666649,17.90333315,4482000.04482
2020-11-17T16:00:00Z,17.89999982,17.92666649,17.83333316,17.84999982,6235800.062358
2020-11-17T17:00:00Z,17.84999982,17.85333315,17.71333316,17.82333316,5495100.054951
2020-11-17T18:00:00Z,17.81999982,17.90999982,17.81999982,17.82333316,4227300.042273
2020-11-17T19:00:00Z,17.81999982,17.92333315,17.76666649,17.87999982,7161900.071619
2020-11-17T20:00:00Z,17.87999982,17.96333315,17.80999982,17.88333315,7780200.077802
2020-11-18T13:00:00Z,17.83333316,17.86333315,17.73666649,17.75666649,4503000.04503
2020-11-18T14:00:00Z,17.76333316,17.78666649,17.67666649,17.76666649,3567600.035676
2020-11-18T15:00:00Z,17.76666649,17.83999982,17.69333316,17.82666649,3558000.03558
2020-11-18T16:00:00Z,17.82333316,18.08999982,17.78999982,18.08999982,17834100.178341
2020-11-18T17:00:00Z,18.08666649,18.21666648,17.99666649,18.03999982,7139400.071394
2020-11-18T18:00:00Z,18.03666649,18.28999982,18.03333315,18.17666648,8628300.086283
2020-11-18T19:00:00Z,18.17666648,18.19666648,18.01999982,18.07999982,4197900.041979
2020-11-18T20:00:00Z,18.07999982,18.13666649,18.05333315,18.09999982,5199300.051993
2020-11-19T13:00:00Z,18.08333315,18.27666648,17.93999982,18.16333315,5551800.055518
2020-11-19T14:00:00Z,18.16999982,18.17666648,17.98666649,18.09333315,3861000.03861
2020-11-19T15:00:00Z,18.10666649,18.15666649,18.05666649,18.08999982,2529600.025296
2020-11-19T16:00:00Z,18.09333315,18.13333315,18.03666649,18.08666649,5251500.052515
2020-11-19T17:00:00Z,18.08333315,18.16666649,18.07999982,18.09999982,8487600.084876
2020-11-19T18:00:00Z,18.10333315,18.17666648,18.03666649,18.06999982,7070400.070704
2020-11-19T19:00:00Z,18.07333315,18.38999982,18.06333315,18.32333315,8274000.08274
2020-11-19T20:00:00Z,18.32666648,18.43333315,18.29666648,18.42666648,4594500.045945
2020-11-20T13:00:00Z,18.35999982,18.43333315,18.26666648,18.37999982,9759300.097593
2020-11-20T14:00:00Z,18.37999982,18.37999982,18.17666648,18.21999982,3625500.036255
2020-11-20T15:00:00Z,18.21666648,18.39999982,18.17666648,18.37999982,16233000.16233
2020-11-20T16:00:00Z,18.37999982,18.39999982,18.16999982,18.19333315,5801700.058017
2020-11-20T17:00:00Z,18.19333315,18.24999982,18.09999982,18.13333315,6814200.068142
2020-11-20T18:00:00Z,18.13333315,18.18999982,18.07666649,18.16999982,6533400.065334
2020-11-20T19:00:00Z,18.16666649,18.19333315,18.09999982,18.13333315,3204300.032043
2020-11-20T20:00:00Z,18.13333315,18.16666649,18.07666649,18.13333315,4360200.043602
2020-11-23T13:00:00Z,18.20666648,18.32999982,18.13333315,18.24333315,3026400.030264
2020-11-23T14:00:00Z,18.23333315,18.24333315,18.10333315,18.15999982,3009600.030096
2020-11-23T15:00:00Z,18.13666649,18.13666649,17.94666649,18.02999982,2241300.022413
2020-11-23T16:00:00Z,18.03666649,18.12999982,17.88999982,17.94333315,2686500.026865
2020-11-23T17:00:00Z,17.95333315,18.05999982,17.90333315,18.02666649,2245200.022452
2020-11-23T18:00:00Z,18.02666649,18.04333315,17.94666649,18.00333315,2060700.020607
2020-11-23T19:00:00Z,17.99999982,18.00333315,17.86666649,17.92999982,2984400.029844
2020-11-23T20:00:00Z,17.92666649,18.00999982,17.91333315,17.99666649,2958600.029586
2020-11-24T13:00:00Z,17.99999982,18.08999982,17.78666649,18.06666649,4479600.044796
2020-11-24T14:00:00Z,18.06666649,18.11666649,17.87999982,18.06999982,2496900.024969
2020-11-24T15:00:00Z,18.07333315,18.12999982,18.03666649,18.03999982,4363200.043632
2020-11-24T16:00:00Z,18.03999982,18.23333315,18.01666649,18.21666648,3151800.031518
2020-11-24T17:00:00Z,18.21999982,18.25666648,18.09333315,18.23333315,4305900.043059
2020-11-24T18:00:00Z,18.23666648,18.31999982,18.18999982,18.24333315,4509000.04509
2020-11-24T19:00:00Z,18.24333315,18.45999982,18.23999982,18.38999982,7268400.072684
2020-11-24T20:00:00Z,18.38666648,18.56999981,18.31999982,18.53666648,7721100.077211
2020-11-25T13:00:00Z,18.54666648,18.87333314,18.47333315,18.68333315,5275500.052755
2020-11-25T14:00:00Z,18.69333315,18.82333315,18.58666648,18.75666648,5161500.051615
2020-11-25T15:00:00Z,18.75333315,18.90999981,18.66999981,18.70333315,4175100.041751
2020-11-25T16:00:00Z,18.70333315,18.75666648,18.63666648,18.70999981,2135400.021354
2020-11-25T17:00:00Z,18.70666648,18.73999981,18.57999981,18.71333315,2913300.029133
2020-11-25T18:00:00Z,18.70999981,18.82999981,18.70999981,18.73999981,2928000.02928
2020-11-25T19:00:00Z,18.73666648,18.79333315,18.68999981,18.74333315,2699100.026991
2020-11-25T20:00:00Z,18.74333315,18.82999981,18.64666648,18.81666648,3941700.039417
2020-11-26T13:00:00Z,18.76333315,18.90666648,18.68333315,18.73999981,2258100.022581
2020-11-26T14:00:00Z,18.73666648,18.83333314,18.70333315,18.74333315,1461600.014616
2020-11-26T15:00:00Z,18.74333315,18.81666648,18.62333315,18.80333315,2675100.026751
2020-11-26T16:00:00Z,18.80666648,19.02333314,18.80333315,19.00666648,3413700.034137
2020-11-26T17:00:00Z,18.99999981,19.03333314,18.90999981,18.94333314,2185200.021852
2020-11-26T18:00:00Z,18.93999981,19.02999981,18.88999981,18.96333314,2497200.024972
2020-11-26T19:00:00Z,18.96666648,19.03333314,18.94333314,19.00666648,1877400.018774
2020-11-26T20:00:00Z,19.00666648,19.00999981,18.91999981,18.96666648,2044800.020448
2020-11-27T13:00:00Z,19.03333314,19.09666648,18.84333314,18.93666648,2612400.026124
2020-11-27T14:00:00Z,18.94999981,18.94999981,18.78333315,18.88666648,2997300.029973
2020-11-27T15:00:00Z,18.88666648,19.04666648,18.86666648,19.01333314,2856000.02856
2020-11-27T16:00:00Z,19.01666648,19.03666648,18.94666648,19.00666648,7486800.074868
2020-11-27T17:00:00Z,19.00666648,19.05999981,18.96333314,19.00333314,4327500.043275
2020-11-27T18:00:00Z,19.00666648,19.03333314,18.88333314,18.93333314,2661000.02661
2020-11-27T19:00:00Z,18.92999981,18.98666648,18.89999981,18.95333314,2513100.025131
2020-11-27T20:00:00Z,18.95333314,18.98333314,18.90999981,18.93999981,3445500.034455
2020-11-30T13:00:00Z,18.86666648,18.99999981,18.73666648,18.76999981,3411900.034119
2020-11-30T14:00:00Z,18.76333315,18.92999981,18.75666648,18.90333314,11651700.116517
2020-11-30T15:00:00Z,18.90333314,18.96666648,18.66666648,18.75999981,5105400.051054
2020-11-30T16:00:00Z,18.76333315,18.86666648,18.70999981,18.75333315,3532800.035328
2020-11-30T17:00:00Z,18.75999981,18.81333315,18.70999981,18.74999981,3274800.032748
2020-11-30T18:00:00Z,18.74999981,18.80666648,18.73666648,18.76999981,1946700.019467
2020-11-30T19:00:00Z,18.76999981,18.78333315,18.73333315,18.77333315,3198000.03198
2020-11-30T20:00:00Z,18.77333315,18.77333315,18.60999981,18.70999981,6855900.068559
2020-12-01T13:00:00Z,18.93333314,19.02333314,18.76666648,18.96333314,3657900.036579
2020-12-01T14:00:00Z,18.95666648,18.99666648,18.72666648,18.87333314,4062000.04062
2020-12-01T15:00:00Z,18.86666648,18.89333314,18.74999981,18.79666648,3514200.035142
2020-12-01T16:00:00Z,18.79333315,18.86999981,18.74999981,18.83666648,2622900.026229
2020-12-01T17:00:00Z,18.83666648,18.86666648,18.76666648,18.85333314,2150400.021504
2020-12-01T18:00:00Z,18.84999981,19.06333314,18.82333315,18.95666648,4426500.044265
2020-12-01T19:00:00Z,18.94999981,18.99666648,18.80333315,18.86333314,2696700.026967
2020-12-01T20:00:00Z,18.86333314,18.92999981,18.83666648,18.89333314,2836500.028365
2020-12-02T13:00:00Z,18.93333314,19.17666647,18.91666648,19.15333314,3789900.037899
2020-12-02T14:00:00Z,19.15666648,19.32666647,19.14999981,19.22666647,6445200.064452
2020-12-02T15:00:00Z,19.22666647,19.26666647,19.16999981,19.19999981,3810600.038106
2020-12-02T16:00:00Z,19.19999981,19.45999981,19.19666647,19.26999981,6201300.062013
2020-12-02T17:00:00Z,19.26666647,19.33333314,19.19666647,19.27666647,5135100.051351
2020-12-02T18:00:00Z,19.27666647,19.58333314,19.25333314,19.49333314,6736500.067365
2020-12-02T19:00:00Z,19.48999981,19.64666647,19.44333314,19.64333314,5905200.059052
2020-12-02T20:00:00Z,19.64666647,19.8799998,19.64666647,19.86666647,9563100.095631
2020-12-03T13:00:00Z,19.9599998,20.10666647,19.70666647,19.91333313,5726700.057267
2020-12-03T14:00:00Z,19.9099998,19.92333313,19.64666647,19.87666647,5130600.051306
2020-12-03T15:00:00Z,19.87333313,20.06666647,19.87333313,20.03666647,6294000.06294
2020-12-03T16:00:00Z,20.03666647,20.1399998,19.7699998,19.87666647,5794800.057948
2020-12-03T17:00:00Z,19.87666647,19.92333313,19.73333314,19.81666647,4387500.043875
2020-12-03T18:00:00Z,19.81666647,19.83333314,19.6499998,19.6699998,3251700.032517
2020-12-03T19:00:00Z,19.66666647,19.7299998,19.54666647,19.61333314,5487900.054879
2020-12-03T20:00:00Z,19.6099998,19.66666647,19.48666647,19.54333314,4776900.047769
2020-12-04T13:00:00Z,19.71666647,19.75666647,19.35999981,19.6199998,5328900.053289
2020-12-04T14:00:00Z,19.61666647,19.8199998,19.56666647,19.67333314,2961300.029613
2020-12-04T15:00:00Z,19.67333314,19.67333314,19.40333314,19.42333314,4698600.046986
2020-12-04T16:00:00Z,19.41999981,19.5199998,19.30999981,19.43333314,3751800.037518
2020-12-04T17:00:00Z,19.42999981,19.53333314,19.36666647,19.42333314,2951400.029514
2020-12-04T18:00:00Z,19.42666647,19.57333314,19.39333314,19.50333314,2366100.023661
2020-12-04T19:00:00Z,19.50666647,19.58666647,19.41333314,19.55666647,2529900.025299
2020-12-04T20:00:00Z,19.55666647,19.5999998,19.41666647,19.53333314,4623000.04623
2020-12-07T13:00:00Z,19.47666647,19.70333314,19.41999981,19.54666647,2248200.022482
2020-12-07T14:00:00Z,19.56333314,19.5799998,19.40666647,19.45666647,3740700.037407
2020-12-07T15:00:00Z,19.46333314,19.53333314,19.43666647,19.46666647,1727700.017277
2020-12-07T16:00:00Z,19.46666647,19.56666647,19.44999981,19.49333314,2724900.027249
2020-12-07T17:00:00Z,19.48999981,19.59666647,19.46666647,19.5099998,3753000.03753
2020-12-07T18:00:00Z,19.50666647,19.55666647,19.43333314,19.45666647,2717700.027177
2020-12-07T19:00:00Z,19.45999981,19.5799998,19.36999981,19.38333314,3470100.034701
2020-12-07T20:00:00Z,19.38333314,19.49666647,19.15333314,19.41999981,8191800.081918
2020-12-08T13:00:00Z,19.48666647,19.59333314,19.29999981,19.37666647,2181600.021816
2020-12-08T14:00:00Z,19.37333314,19.50333314,19.34999981,19.47333314,2281200.022812
2020-12-08T15:00:00Z,19.47666647,19.51666647,19.33333314,19.43999981,3878700.038787
2020-12-08T16:00:00Z,19.44333314,19.53333314,19.40999981,19.45666647,2783700.027837
2020-12-08T17:00:00Z,19.45666647,19.46333314,19.17333314,19.21999981,4797000.04797
2020-12-08T18:00:00Z,19.22333314,19.33666647,19.21666647,19.24333314,3172200.031722
2020-12-08T19:00:00Z,19.24333314,19.29999981,19.20333314,19.21999981,3132600.031326
2020-12-08T20:00:00Z,19.22333314,19.32333314,19.21999981,19.28999981,2092200.020922
2020-12-09T13:00:00Z,19.26666647,19.38666647,19.13333314,19.25333314,5379600.053796
2020-12-09T14:00:00Z,19.25333314,19.26333314,19.05666648,19.07666648,5586900.055869
2020-12-09T15:00:00Z,19.07333314,19.12999981,18.93666648,19.05333314,4203600.042036
2020-12-09T16:00:00Z,19.05333314,19.06666648,18.96666648,19.00666648,3880500.038805
2020-12-09T17:00:00Z,19.00666648,19.04999981,18.94999981,18.96666648,4638300.046383
2020-12-09T18:00:00Z,18.96666648,18.99333314,18.86666648,18.90999981,5592600.055926
2020-12-09T19:00:00Z,18.90999981,18.91333314,18.76666648,18.78999981,7579800.075798
2020-12-09T20:00:00Z,18.78666648,18.89999981,18.75999981,18.84666648,5795100.057951
2020-12-10T13:00:00Z,18.94666648,19.04666648,18.50333315,18.63333315,7185300.071853
2020-12-10T14:00:00Z,18.62666648,18.63333315,18.28666648,18.62333315,10020900.100209
2020-12-10T15:00:00Z,18.62333315,18.89999981,18.61999981,18.80666648,4779600.047796
2020-12-10T16:00:00Z,18.80333315,18.83333314,18.74666648,18.81999981,1989300.019893
2020-12-10T17:00:00Z,18.81999981,18.97333314,18.80666648,18.89999981,4859400.048594
2020-12-10T18:00:00Z,18.89999981,19.25999981,18.88999981,19.25999981,4550100.045501
2020-12-10T19:00:00Z,19.25666647,19.37333314,19.23666647,19.26333314,4356000.04356
2020-12-10T20:00:00Z,19.26666647,19.44999981,19.24666647,19.43333314,4421100.044211
2020-12-11T13:00:00Z,19.36666647,19.36666647,19.10333314,19.15333314,3699300.036993
2020-12-11T14:00:00Z,19.16333314,19.44333314,19.07999981,19.23333314,3666600.036666
2020-12-11T15:00:00Z,19.23333314,19.40999981,19.22666647,19.37333314,1595700.015957
2020-12-11T16:00:00Z,19.37333314,19.56666647,19.36999981,19.52666647,4979100.049791
2020-12-11T17:00:00Z,19.5299998,19.56666647,19.37999981,19.5099998,4390500.043905
2020-12-11T18:00:00Z,19.50666647,19.5399998,19.40666647,19.5399998,5148300.051483
2020-12-11T19:00:00Z,19.54333314,19.70333314,19.5299998,19.66666647,4266900.042669
2020-12-11T20:00:00Z,19.66666647,19.72333314,19.5499998,19.58333314,3202500.032025
2020-12-14T13:00:00Z,19.75333314,19.7999998,19.46333314,19.5399998,3702900.037029
2020-12-14T14:00:00Z,19.53333314,19.56666647,19.29999981,19.33333314,3175500.031755
2020-12-14T15:00:00Z,19.33666647,19.38333314,19.20666647,19.23999981,3086100.030861
2020-12-14T16:00:00Z,19.24333314,19.46666647,19.24333314,19.45999981,1799400.017994
2020-12-14T17:00:00Z,19.46333314,19.46333314,19.29999981,19.33999981,1608300.016083
2020-12-14T18:00:00Z,19.33999981,19.44666647,19.33999981,19.38999981,1382400.013824
2020-12-14T19:00:00Z,19.39333314,19.42999981,19.29666647,19.40999981,1857300.018573
2020-12-14T20:00:00Z,19.40666647,19.42999981,19.34666647,19.39666647,1943100.019431
2020-12-15T13:00:00Z,19.45333314,19.54666647,19.32333314,19.46666647,1612500.016125
2020-12-15T14:00:00Z,19.46666647,19.61666647,19.34666647,19.5799998,2550000.0255
2020-12-15T15:00:00Z,19.58333314,19.73333314,19.56333314,19.7199998,2776500.027765
2020-12-15T16:00:00Z,19.7199998,19.74333314,19.5999998,19.66666647,1851000.01851
2020-12-15T17:00:00Z,19.66333314,19.6999998,19.56666647,19.59333314,1672800.016728
2020-12-15T18:00:00Z,19.59333314,19.65333314,19.55333314,19.62666647,2643600.026436
2020-12-15T19:00:00Z,19.62666647,19.68333314,19.47999981,19.5499998,3257400.032574
2020-12-15T20:00:00Z,19.5399998,19.66666647,19.5399998,19.66333314,2625000.02625
2020-12-16T13:00:00Z,19.62333314,19.69333314,19.51333314,19.62666647,1918200.019182
2020-12-16T14:00:00Z,19.62666647,19.76333314,19.58333314,19.74333314,1617300.016173
2020-12-16T15:00:00Z,19.74333314,19.74666647,19.59666647,19.60666647,2304000.02304
2020-12-16T16:00:00Z,19.6099998,19.65333314,19.54333314,19.6399998,4528200.045282
2020-12-16T17:00:00Z,19.6399998,19.83333314,19.63666647,19.81333314,3463200.034632
2020-12-16T18:00:00Z,19.80333314,20.32333313,19.7999998,20.2499998,18677700.186777
2020-12-16T19:00:00Z,20.2499998,20.37666646,20.1799998,20.27666646,14314500.143145
2020-12-16T20:00:00Z,20.27666646,20.3199998,20.1499998,20.26333313,12441600.124416
2020-12-17T13:00:00Z,20.1999998,20.36333313,20.06666647,20.3199998,3019800.030198
2020-12-17T14:00:00Z,20.3199998,20.51333313,20.20666646,20.48333313,5413200.054132
2020-12-17T15:00:00Z,20.48666646,20.50666646,20.34666646,20.47666646,3681000.03681
2020-12-17T16:00:00Z,20.47666646,20.47666646,20.2499998,20.29666646,3018900.030189
2020-12-17T17:00:00Z,20.29666646,20.2999998,20.13333313,20.1399998,2919000.02919
2020-12-17T18:00:00Z,20.1399998,20.14333313,20.00333313,20.10666647,4001100.040011
2020-12-17T19:00:00Z,20.10666647,20.18333313,20.0199998,20.07666647,5805300.058053
2020-12-17T20:00:00Z,20.07666647,20.17333313,20.06333313,20.1499998,3435600.034356
2020-12-18T13:00:00Z,20.1599998,20.36666646,20.09333313,20.16666647,2501100.025011
2020-12-18T14:00:00Z,20.17666646,20.23333313,19.95333313,20.08333313,5738400.057384
2020-12-18T15:00:00Z,20.08333313,20.13666647,20.00333313,20.0699998,2189400.021894
2020-12-18T16:00:00Z,20.07666647,20.14666647,20.06666647,20.0899998,3801900.038019
2020-12-18T17:00:00Z,20.08666647,20.1099998,20.02333313,20.08666647,1401000.01401
2020-12-18T18:00:00Z,20.08333313,20.1399998,20.0499998,20.1199998,1924800.019248
2020-12-18T19:00:00Z,20.11666647,20.19666646,20.07333313,20.0999998,3418800.034188
2020-12-18T20:00:00Z,20.09666647,20.1299998,19.91333313,20.03333313,6790200.067902
2020-12-21T13:00:00Z,19.4999998,19.92333313,19.24999981,19.91666647,5365500.053655
2020-12-21T14:00:00Z,19.91666647,19.92666647,19.5499998,19.64333314,3281100.032811
2020-12-21T15:00:00Z,19.64333314,19.65666647,19.47333314,19.5599998,2181300.021813
2020-12-21T16:00:00Z,19.57666647,19.73333314,19.4999998,19.6799998,2446200.024462
2020-12-21T17:00:00Z,19.68333314,19.7599998,19.58333314,19.69666647,1499700.014997
2020-12-21T18:00:00Z,19.6899998,19.8299998,19.6499998,19.76666647,1981200.019812
2020-12-21T19:00:00Z,19.77333314,19.8799998,19.73666647,19.83333314,3072300.030723
2020-12-21T20:00:00Z,19.83333314,19.84333313,19.5299998,19.59666647,5721600.057216
2020-12-22T13:00:00Z,19.81666647,19.8699998,19.6999998,19.72666647,2081400.020814
2020-12-22T14:00:00Z,19.72666647,19.8999998,19.65666647,19.89333313,2952600.029526
2020-12-22T15:00:00Z,19.8899998,20.06333313,19.83333314,19.98666647,2257500.022575
2020-12-22T16:00:00Z,19.9899998,20.0499998,19.7999998,19.89333313,2475000.02475
2020-12-22T17:00:00Z,19.89333313,20.0299998,19.86666647,19.9699998,1856700.018567
2020-12-22T18:00:00Z,19.96666647,20.03333313,19.9099998,20.00333313,1745100.017451
2020-12-22T19:00:00Z,20.00333313,20.1299998,19.9999998,20.0499998,4488300.044883
2020-12-22T20:00:00Z,20.05666647,20.06333313,19.92333313,20.0299998,2670300.026703
2020-12-23T13:00:00Z,20.13333313,20.2799998,20.03666647,20.03666647,2560800.025608
2020-12-23T14:00:00Z,20.05666647,20.1499998,20.03666647,20.04666647,1670100.016701
2020-12-23T15:00:00Z,20.04666647,20.14666647,19.96666647,20.1199998,1613400.016134
2020-12-23T16:00:00Z,20.12666647,20.18333313,20.07666647,20.11666647,1194000.01194
2020-12-23T17:00:00Z,20.11666647,20.13333313,20.08333313,20.12666647,1071600.010716
2020-12-23T18:00:00Z,20.12333313,20.1499998,19.96666647,19.99666647,1820700.018207
2020-12-23T19:00:00Z,19.99666647,20.04666647,19.9799998,20.00666647,1696200.016962
2020-12-23T20:00:00Z,20.00666647,20.04666647,19.96666647,19.99666647,1918800.019188
2020-12-28T13:00:00Z,20.0499998,20.2599998,19.93333313,20.21333313,2193600.021936
2020-12-28T14:00:00Z,20.21333313,20.24666646,20.03333313,20.0699998,1795500.017955
2020-12-28T15:00:00Z,20.05666647,20.12333313,20.0199998,20.0799998,1118700.011187
2020-12-28T16:00:00Z,20.0799998,20.39333313,20.07666647,20.3299998,2490300.024903
2020-12-28T17:00:00Z,20.3299998,20.44666646,20.3199998,20.3799998,2255400.022554
2020-12-28T18:00:00Z,20.3799998,20.4599998,20.32666646,20.44333313,1791000.01791
2020-12-28T19:00:00Z,20.44666646,20.45666646,20.34666646,20.35333313,3342000.03342
2020-12-28T20:00:00Z,20.3499998,20.48333313,20.3299998,20.41333313,1880100.018801
2020-12-29T13:00:00Z,20.51666646,20.54999979,20.37333313,20.52999979,1227000.01227
2020-12-29T14:00:00Z,20.51666646,20.51666646,20.3399998,20.39666646,1638000.01638
2020-12-29T15:00:00Z,20.39666646,20.62333313,20.3599998,20.56666646,3092100.030921
2020-12-29T16:00:00Z,20.56666646,20.64999979,20.48666646,20.56666646,1386300.013863
2020-12-29T17:00:00Z,20.56333313,20.56666646,20.44666646,20.52666646,1604100.016041
2020-12-29T18:00:00Z,20.52999979,20.64999979,20.50999979,20.63333313,2300700.023007
2020-12-29T19:00:00Z,20.61999979,20.65666646,20.53333313,20.63333313,1839900.018399
2020-12-29T20:00:00Z,20.62999979,20.64666646,20.54333313,20.58333313,1863900.018639
2020-12-30T13:00:00Z,20.62999979,20.72666646,20.60333313,20.65999979,2348700.023487
2020-12-30T14:00:00Z,20.66666646,20.69666646,20.55666646,20.67666646,2213400.022134
2020-12-30T15:00:00Z,20.66333313,20.70666646,20.62999979,20.68666646,1380300.013803
2020-12-30T16:00:00Z,20.69333313,20.69333313,20.58666646,20.60333313,1467300.014673
2020-12-30T17:00:00Z,20.60666646,20.70333313,20.58333313,20.69333313,1495500.014955
2020-12-30T18:00:00Z,20.69333313,20.72666646,20.60999979,20.70999979,3432000.03432
2020-12-30T19:00:00Z,20.70999979,20.72333313,20.52999979,20.64333313,4920600.049206
2020-12-30T20:00:00Z,20.64333313,20.68666646,20.53333313,20.53666646,2684700.026847
2021-01-04T13:00:00Z,20.71333313,20.86333312,20.51333313,20.54999979,3134400.031344
2021-01-04T14:00:00Z,20.54999979,20.62999979,20.46666646,20.4899998,2306100.023061
2021-01-04T15:00:00Z,20.4899998,20.51666646,20.30666646,20.3499998,2203500.022035
2021-01-04T16:00:00Z,20.3399998,20.43333313,20.20666646,20.29666646,4173000.04173
2021-01-04T17:00:00Z,20.29666646,20.4899998,20.22333313,20.48333313,2577000.02577
2021-01-04T18:00:00Z,20.48333313,20.56666646,20.4499998,20.56666646,1932300.019323
2021-01-04T19:00:00Z,20.56666646,20.58333313,20.3299998,20.3899998,2399400.023994
2021-01-04T20:00:00Z,20.40666646,20.43333313,20.23333313,20.3299998,2820000.0282
2021-01-05T13:00:00Z,20.21666646,20.32666646,19.88666647,19.9999998,3006600.030066
2021-01-05T14:00:00Z,19.9999998,20.24666646,19.97666647,20.13333313,2541900.025419
2021-01-05T15:00:00Z,20.13333313,20.27333313,20.08333313,20.14333313,2403300.024033
2021-01-05T16:00:00Z,20.13333313,20.4499998,20.11666647,20.4199998,2865300.028653
2021-01-05T17:00:00Z,20.41333313,20.50999979,20.37333313,20.4799998,2963100.029631
2021-01-05T18:00:00Z,20.48333313,20.57999979,20.39333313,20.54999979,3366300.033663
2021-01-05T19:00:00Z,20.54999979,20.64666646,20.3399998,20.34333313,3822000.03822
2021-01-05T20:00:00Z,20.34666646,20.43666646,20.27333313,20.27333313,3154500.031545
2021-01-06T13:00:00Z,20.3699998,20.41666646,20.01666647,20.0399998,4608000.04608
2021-01-06T14:00:00Z,20.03333313,20.0699998,19.6999998,19.98333313,8209500.082095
2021-01-06T15:00:00Z,19.98333313,19.98333313,19.67666647,19.9099998,9483600.094836
2021-01-06T16:00:00Z,19.90666647,19.99333313,19.85666647,19.94666647,3586500.035865
2021-01-06T17:00:00Z,19.95333313,20.03333313,19.90666647,19.97666647,3585300.035853
2021-01-06T18:00:00Z,19.96666647,20.36666646,19.96666647,20.36333313,7644600.076446
2021-01-06T19:00:00Z,20.36333313,20.36333313,20.1099998,20.1399998,5104200.051042
2021-01-06T20:00:00Z,20.13666647,20.19666646,19.95333313,20.03333313,5602200.056022
2021-01-07T13:00:00Z,19.93333313,20.12666647,19.91333313,20.0299998,2355900.023559
2021-01-07T14:00:00Z,20.02666647,20.2299998,20.00666647,20.22666646,2447400.024474
2021-01-07T15:00:00Z,20.2299998,20.27333313,20.04666647,20.21333313,2091000.02091
2021-01-07T16:00:00Z,20.21333313,20.35666646,20.17666646,20.34666646,2235000.02235
2021-01-07T17:00:00Z,20.34333313,20.57666646,20.33333313,20.4299998,4972800.049728
2021-01-07T18:00:00Z,20.4299998,20.57333313,20.32666646,20.49333313,2943600.029436
2021-01-07T19:00:00Z,20.49333313,20.62999979,20.48333313,20.56333313,2572500.025725
2021-01-07T20:00:00Z,20.55999979,20.67999979,20.47333313,20.63333313,4601400.046014
2021-01-08T13:00:00Z,20.65666646,20.98333312,20.49666646,20.68999979,3200700.032007
2021-01-08T14:00:00Z,20.69333313,21.17999979,20.68666646,20.89333312,8145600.081456
2021-01-08T15:00:00Z,20.89333312,21.14333312,20.81666646,21.10999979,3726900.037269
2021-01-08T16:00:00Z,21.11333312,21.21999979,21.01999979,21.10333312,3336300.033363
2021-01-08T17:00:00Z,21.10333312,21.24666645,20.93666646,21.21666645,3577800.035778
2021-01-08T18:00:00Z,21.22333312,21.27999979,20.95999979,21.01999979,4676100.046761
2021-01-08T19:00:00Z,21.01999979,21.16999979,20.93333312,21.09999979,3889500.038895
2021-01-08T20:00:00Z,21.09666646,21.17666645,20.77666646,20.85666646,5582400.055824
2021-01-11T13:00:00Z,20.66666646,20.88999979,20.50333313,20.63333313,4778100.047781
2021-01-11T14:00:00Z,20.63333313,20.76333313,20.43666646,20.73333313,4546200.045462
2021-01-11T15:00:00Z,20.71999979,20.75666646,20.47333313,20.51999979,2772000.02772
2021-01-11T16:00:00Z,20.52333313,20.63333313,20.3499998,20.52999979,2474700.024747
2021-01-11T17:00:00Z,20.53333313,20.55666646,20.40333313,20.47333313,3252300.032523
2021-01-11T18:00:00Z,20.47666646,20.53666646,20.33333313,20.3999998,4022100.040221
2021-01-11T19:00:00Z,20.3999998,20.4799998,20.06666647,20.18666646,6552600.065526
2021-01-11T20:00:00Z,20.18333313,20.2299998,19.48333314,19.9999998,17518200.175182
2021-01-12T13:00:00Z,20.15666647,20.23333313,19.86333313,19.9799998,3778500.037785
2021-01-12T14:00:00Z,19.9699998,20.2299998,19.9499998,20.18333313,3117300.031173
2021-01-12T15:00:00Z,20.18666646,20.52333313,20.14333313,20.4699998,5266800.052668
2021-01-12T16:00:00Z,20.47333313,20.54333313,20.4099998,20.49999979,3933900.039339
2021-01-12T17:00:00Z,20.49666646,20.50333313,20.24333313,20.44333313,3158400.031584
2021-01-12T18:00:00Z,20.44333313,20.51666646,20.3799998,20.47666646,2946000.02946
2021-01-12T19:00:00Z,20.47333313,20.62666646,20.38666646,20.59999979,2962200.029622
2021-01-12T20:00:00Z,20.60333313,20.72333313,20.54666646,20.66666646,4378800.043788
2021-01-13T13:00:00Z,20.64999979,20.68666646,20.50666646,20.56666646,1314900.013149
2021-01-13T14:00:00Z,20.56666646,20.56666646,20.3799998,20.40666646,1822500.018225
2021-01-13T15:00:00Z,20.40333313,20.54999979,20.34666646,20.49666646,1436700.014367
2021-01-13T16:00:00Z,20.49666646,20.56666646,20.38666646,20.40333313,1700700.017007
2021-01-13T17:00:00Z,20.39666646,20.55666646,20.35333313,20.54999979,2978100.029781
2021-01-13T18:00:00Z,20.55333313,20.64999979,20.47333313,20.62333313,3111000.03111
2021-01-13T19:00:00Z,20.61666646,20.79666646,20.60999979,20.69666646,4458900.044589
2021-01-13T20:00:00Z,20.69999979,20.79999979,20.66666646,20.72666646,2541300.025413
2021-01-14T13:00:00Z,20.79666646,20.89333312,20.72333313,20.85333312,1578000.01578
2021-01-14T14:00:00Z,20.85999979,20.99999979,20.63999979,20.64999979,2234400.022344
2021-01-14T15:00:00Z,20.65999979,20.76999979,20.56666646,20.64333313,1407600.014076
2021-01-14T16:00:00Z,20.64333313,20.78333313,20.64333313,20.72666646,852000.00852
2021-01-14T17:00:00Z,20.72999979,20.76333313,20.59333313,20.70666646,5092500.050925
2021-01-14T18:00:00Z,20.70666646,20.77333313,20.66666646,20.67333313,2275500.022755
2021-01-14T19:00:00Z,20.67333313,20.70666646,20.53666646,20.61333313,3100800.031008
2021-01-14T20:00:00Z,20.61333313,20.66999979,20.43333313,20.50999979,4060200.040602
2021-01-15T13:00:00Z,20.20333313,20.4599998,20.06666647,20.0799998,4596900.045969
2021-01-15T14:00:00Z,20.0699998,20.13333313,20.0099998,20.04333313,3864600.038646
2021-01-15T15:00:00Z,20.0399998,20.29666646,19.96666647,20.20666646,11150100.111501
2021-01-15T16:00:00Z,20.20666646,20.33333313,20.09666647,20.17333313,2450700.024507
2021-01-15T17:00:00Z,20.17333313,20.17333313,19.97666647,20.06333313,4838400.048384
2021-01-15T18:00:00Z,20.0599998,20.10333313,19.87333313,19.94333313,6714000.06714
2021-01-15T19:00:00Z,19.94666647,20.03333313,19.86666647,19.88666647,4529400.045294
2021-01-15T20:00:00Z,19.8899998,19.96333313,19.7799998,19.90666647,5314200.053142
2021-01-18T13:00:00Z,20.02666647,20.1299998,19.97333313,20.0999998,2132100.021321
2021-01-18T14:00:00Z,20.0899998,20.36666646,20.06333313,20.31333313,2722500.027225
2021-01-18T15:00:00Z,20.31666646,20.31666646,20.13333313,20.21666646,3210300.032103
2021-01-18T16:00:00Z,20.21333313,20.3599998,20.16333313,20.3499998,3157500.031575
2021-01-18T17:00:00Z,20.34666646,20.41333313,20.2199998,20.41333313,2342100.023421
2021-01-18T18:00:00Z,20.41333313,20.48333313,20.2099998,20.2599998,2979300.029793
2021-01-18T19:00:00Z,20.27333313,20.3099998,20.23333313,20.24666646,2171400.021714
2021-01-18T20:00:00Z,20.24666646,20.32333313,20.1999998,20.2099998,3576900.035769
2021-01-19T13:00:00Z,20.33333313,20.53333313,20.18333313,20.23333313,2059800.020598
2021-01-19T14:00:00Z,20.23666646,20.25333313,19.98666647,19.9999998,3459300.034593
2021-01-19T15:00:00Z,20.00333313,20.19333313,19.98666647,20.0599998,2060700.020607
2021-01-19T16:00:00Z,20.06333313,20.16666647,20.06333313,20.13666647,1342500.013425
2021-01-19T17:00:00Z,20.13333313,20.16333313,20.02333313,20.10666647,4058700.040587
2021-01-19T18:00:00Z,20.0999998,20.1199998,20.01666647,20.08333313,1572300.015723
2021-01-19T19:00:00Z,20.08666647,20.1899998,20.07333313,20.17333313,1891500.018915
2021-01-19T20:00:00Z,20.1699998,20.22666646,20.13666647,20.19666646,1706700.017067
2021-01-20T13:00:00Z,20.27666646,20.39666646,20.20333313,20.3399998,1513800.015138
2021-01-20T14:00:00Z,20.3399998,20.45333313,20.16666647,20.24333313,2432400.024324
2021-01-20T15:00:00Z,20.25333313,20.26333313,19.84666647,19.88666647,4135500.041355
2021-01-20T16:00:00Z,19.8899998,20.06666647,19.83333314,20.0499998,4595400.045954
2021-01-20T17:00:00Z,20.05333313,20.11333313,19.9799998,20.00666647,2287800.022878
2021-01-20T18:00:00Z,20.00333313,20.08333313,19.96666647,19.98666647,1870800.018708
2021-01-20T19:00:00Z,19.98333313,20.06666647,19.96666647,20.0599998,2401800.024018
2021-01-20T20:00:00Z,20.06333313,20.0999998,20.0299998,20.04666647,2240700.022407
2021-01-21T13:00:00Z,19.9999998,20.2999998,19.93666647,20.0399998,2955600.029556
2021-01-21T14:00:00Z,20.0399998,20.0399998,19.63333314,19.6599998,4210800.042108
2021-01-21T15:00:00Z,19.65666647,19.74666647,19.5099998,19.5499998,3510600.035106
2021-01-21T16:00:00Z,19.55666647,19.5899998,19.40333314,19.5599998,4003800.040038
2021-01-21T17:00:00Z,19.56333314,19.58666647,19.39333314,19.54666647,4128600.041286
2021-01-21T18:00:00Z,19.54333314,19.64333314,19.4999998,19.5399998,4172100.041721
2021-01-21T19:00:00Z,19.5399998,19.55666647,19.35333314,19.38999981,2289000.02289
2021-01-21T20:00:00Z,19.38999981,19.42999981,19.35333314,19.39999981,3819300.038193
2021-01-22T13:00:00Z,19.16333314,19.30333314,18.93666648,19.20666647,5665200.056652
2021-01-22T14:00:00Z,19.20333314,19.5399998,19.20333314,19.40999981,5996400.059964
2021-01-22T15:00:00Z,19.40999981,19.4999998,19.36666647,19.45999981,6096600.060966
2021-01-22T16:00:00Z,19.45666647,19.48666647,19.29666647,19.44666647,2021400.020214
2021-01-22T17:00:00Z,19.44999981,19.46666647,19.24999981,19.33666647,3416400.034164
2021-01-22T18:00:00Z,19.32999981,19.5999998,19.29333314,19.4999998,3743700.037437
2021-01-22T19:00:00Z,19.5099998,19.55333314,19.41999981,19.50666647,3764100.037641
2021-01-22T20:00:00Z,19.50666647,19.69666647,19.47333314,19.57666647,4884600.048846
2021-01-26T13:00:00Z,19.45333314,19.76333314,19.26666647,19.74666647,5985600.059856
2021-01-26T14:00:00Z,19.74666647,19.8299998,19.64333314,19.7999998,6040200.060402
2021-01-26T15:00:00Z,19.7999998,19.86666647,19.6899998,19.78666647,4139100.041391
2021-01-26T16:00:00Z,19.7799998,19.78666647,19.53333314,19.5699998,2854500.028545
2021-01-26T17:00:00Z,19.56333314,19.65666647,19.50666647,19.63333314,3280800.032808
2021-01-26T18:00:00Z,19.6299998,19.8199998,19.5899998,19.77666647,2759400.027594
2021-01-26T19:00:00Z,19.77666647,19.81333314,19.5799998,19.7099998,4852200.048522
2021-01-26T20:00:00Z,19.7099998,19.7799998,19.6599998,19.66666647,4406100.044061
2021-01-27T13:00:00Z,19.65666647,19.96333313,19.62333314,19.8599998,2939100.029391
2021-01-27T14:00:00Z,19.8599998,19.8799998,19.59333314,19.76333314,3672900.036729
2021-01-27T15:00:00Z,19.7599998,19.8499998,19.70666647,19.77333314,1928700.019287
2021-01-27T16:00:00Z,19.77333314,19.7799998,19.59666647,19.61666647,2767500.027675
2021-01-27T17:00:00Z,19.61666647,19.8999998,19.61666647,19.85666647,2352300.023523
2021-01-27T18:00:00Z,19.8599998,19.89666647,19.7499998,19.7699998,2514600.025146
2021-01-27T19:00:00Z,19.7699998,19.8099998,19.66333314,19.67333314,2435100.024351
2021-01-27T20:00:00Z,19.67333314,19.71333314,19.56666647,19.6699998,4779000.04779
2021-01-28T13:00:00Z,19.66666647,19.94333313,19.63333314,19.8099998,1844400.018444
2021-01-28T14:00:00Z,19.7999998,19.9599998,19.73666647,19.8199998,1822500.018225
2021-01-28T15:00:00Z,19.8199998,20.18333313,19.81666647,20.11333313,3795900.037959
2021-01-28T16:00:00Z,20.11333313,20.30666646,20.11333313,20.26666646,3147600.031476
2021-01-28T17:00:00Z,20.2699998,20.3499998,20.20666646,20.24333313,1932600.019326
2021-01-28T18:00:00Z,20.24333313,20.37333313,20.1199998,20.21333313,2439600.024396
2021-01-28T19:00:00Z,20.22666646,20.36666646,20.1399998,20.3199998,2414700.024147
2021-01-28T20:00:00Z,20.32333313,20.46666646,20.2399998,20.4299998,6210000.0621
2021-01-29T13:00:00Z,20.16666647,20.31666646,20.00333313,20.19333313,2964000.02964
2021-01-29T14:00:00Z,20.19333313,20.2699998,20.05666647,20.22666646,3161700.031617
2021-01-29T15:00:00Z,20.23666646,20.2399998,19.91666647,20.01333313,6345900.063459
2021-01-29T16:00:00Z,20.01333313,20.05666647,19.78333314,19.81333314,4533600.045336
2021-01-29T17:00:00Z,19.8099998,19.88666647,19.68333314,19.83333314,4231200.042312
2021-01-29T18:00:00Z,19.8399998,19.92333313,19.74333314,19.88666647,3194400.031944
2021-01-29T19:00:00Z,19.88666647,20.05666647,19.86666647,20.04333313,5239500.052395
2021-01-29T20:00:00Z,20.04333313,20.3299998,19.94666647,19.9599998,8859900.088599
2021-02-01T13:00:00Z,20.13333313,20.3299998,19.9999998,20.1999998,3635400.036354
2021-02-01T14:00:00Z,20.1999998,20.41666646,20.1399998,20.28666646,3562800.035628
2021-02-01T15:00:00Z,20.2899998,20.54999979,20.25666646,20.3499998,5041200.050412
2021-02-01T16:00:00Z,20.3399998,20.67333313,20.32666646,20.52333313,4236600.042366
2021-02-01T17:00:00Z,20.51999979,20.61333313,20.44333313,20.50666646,2937900.029379
2021-02-01T18:00:00Z,20.50666646,20.61666646,20.4499998,20.54666646,3229800.032298
2021-02-01T19:00:00Z,20.54666646,20.62999979,20.40666646,20.49999979,3091500.030915
2021-02-01T20:00:00Z,20.49666646,20.52999979,20.3899998,20.46666646,2916300.029163
2021-02-02T13:00:00Z,20.66666646,21.22666645,20.62666646,20.96333312,6697200.066972
2021-02-02T14:00:00Z,20.96333312,21.19999979,20.92333312,21.07333312,5800200.058002
2021-02-02T15:00:00Z,21.07666646,21.09999979,20.89333312,20.96999979,3908400.039084
2021-02-02T16:00:00Z,20.96999979,21.01666646,20.77666646,20.79999979,5011500.050115
2021-02-02T17:00:00Z,20.80666646,20.94999979,20.76666646,20.89333312,5064600.050646
2021-02-02T18:00:00Z,20.89999979,21.04999979,20.79666646,20.83333313,4107900.041079
2021-02-02T19:00:00Z,20.83333313,20.97333312,20.77333313,20.95666646,4147800.041478
2021-02-02T20:00:00Z,20.95999979,21.02666646,20.82333313,20.93999979,3987600.039876
2021-02-03T13:00:00Z,21.01999979,21.36666645,20.76666646,21.23999979,5683800.056838
2021-02-03T14:00:00Z,21.23666645,21.25999979,20.94999979,21.17999979,4819500.048195
2021-02-03T15:00:00Z,21.18333312,21.22999979,20.87999979,21.15333312,4078800.040788
2021-02-03T16:00:00Z,21.15333312,21.34999979,21.11999979,21.29333312,4202100.042021
2021-02-03T17:00:00Z,21.29666645,21.29999979,21.03666646,21.04333312,3438900.034389
2021-02-03T18:00:00Z,21.04666646,21.04666646,20.84999979,20.91666646,3828900.038289
2021-02-03T19:00:00Z,20.91666646,21.03666646,20.77666646,20.99999979,4524900.045249
2021-02-03T20:00:00Z,20.99666646,21.05999979,20.94999979,20.97666646,3375900.033759
2021-02-04T13:00:00Z,20.96666646,20.97999979,20.56999979,20.94999979,5344800.053448
2021-02-04T14:00:00Z,20.94666646,20.97666646,20.71999979,20.87666646,2142900.021429
2021-02-04T15:00:00Z,20.87666646,20.96666646,20.71666646,20.80333313,1890000.0189
2021-02-04T16:00:00Z,20.79999979,20.93333312,20.78666646,20.83333313,2371500.023715
2021-02-04T17:00:00Z,20.83666646,20.91333312,20.80333313,20.87333312,954900.009549
2021-02-04T18:00:00Z,20.87333312,20.92333312,20.78666646,20.87999979,1688400.016884
2021-02-04T19:00:00Z,20.87666646,20.91333312,20.82333313,20.88666646,1476000.01476
2021-02-04T20:00:00Z,20.88666646,20.91999979,20.82333313,20.85666646,1836300.018363
2021-02-05T13:00:00Z,20.88333312,21.17333312,20.88333312,20.99999979,2369700.023697
2021-02-05T14:00:00Z,20.99999979,21.09666646,20.88666646,20.92333312,2605200.026052
2021-02-05T15:00:00Z,20.91999979,21.09999979,20.83333313,21.06666646,3924000.03924
2021-02-05T16:00:00Z,21.06999979,21.22333312,21.03999979,21.16666645,2357400.023574
2021-02-05T17:00:00Z,21.16333312,21.29999979,21.06666646,21.29666645,1830600.018306
2021-02-05T18:00:00Z,21.29333312,21.31666645,21.21333312,21.26666645,2068500.020685
2021-02-05T19:00:00Z,21.26666645,21.27666645,21.12666646,21.18333312,2169900.021699
2021-02-05T20:00:00Z,21.18333312,21.26666645,21.09666646,21.12666646,3505800.035058
2021-02-08T13:00:00Z,20.92999979,21.12999979,20.88333312,21.00999979,2892600.028926
2021-02-08T14:00:00Z,21.00666646,21.02999979,20.84333312,20.99999979,2709900.027099
2021-02-08T15:00:00Z,20.99999979,21.11666646,20.91666646,20.96666646,2057100.020571
2021-02-08T16:00:00Z,20.96666646,21.02999979,20.79999979,20.83333313,2981700.029817
2021-02-08T17:00:00Z,20.83333313,20.91666646,20.73333313,20.84999979,2385300.023853
2021-02-08T18:00:00Z,20.83666646,20.89666646,20.74999979,20.76666646,4704900.047049
2021-02-08T19:00:00Z,20.76999979,20.80999979,20.66999979,20.75333313,2484300.024843
2021-02-08T20:00:00Z,20.74333313,20.87666646,20.67333313,20.81666646,3004800.030048
2021-02-09T13:00:00Z,20.65666646,20.80666646,20.49999979,20.54999979,3782100.037821
2021-02-09T14:00:00Z,20.53999979,20.53999979,20.37333313,20.4699998,2678700.026787
2021-02-09T15:00:00Z,20.4699998,20.59333313,20.3599998,20.53999979,2615100.026151
2021-02-09T16:00:00Z,20.54666646,20.74999979,20.52999979,20.65999979,1911000.01911
2021-02-09T17:00:00Z,20.65666646,20.77666646,20.62999979,20.71999979,1661400.016614
2021-02-09T18:00:00Z,20.71666646,20.71999979,20.56333313,20.62999979,1723200.017232
2021-02-09T19:00:00Z,20.62999979,20.71666646,20.58666646,20.65999979,1553100.015531
2021-02-09T20:00:00Z,20.65666646,20.76333313,20.64666646,20.66333313,2312400.023124
2021-02-10T13:00:00Z,20.77666646,20.91666646,20.51999979,20.54666646,3401100.034011
2021-02-10T14:00:00Z,20.53999979,20.57333313,20.2699998,20.2999998,5993400.059934
2021-02-10T15:00:00Z,20.28666646,20.35333313,20.13333313,20.18666646,4669200.046692
2021-02-10T16:00:00Z,20.1899998,20.2799998,20.15666647,20.17666646,4922700.049227
2021-02-10T17:00:00Z,20.17333313,20.19333313,20.0699998,20.09666647,2791200.027912
2021-02-10T18:00:00Z,20.09666647,20.1399998,20.0199998,20.09333313,6369600.063696
2021-02-10T19:00:00Z,20.09333313,20.1099998,20.00666647,20.06666647,4903800.049038
2021-02-10T20:00:00Z,20.0699998,20.09666647,19.96666647,20.01333313,4800900.048009
2021-02-11T13:00:00Z,20.17666646,20.31666646,20.0899998,20.1399998,2018700.020187
2021-02-11T14:00:00Z,20.1399998,20.1999998,20.0299998,20.05666647,7106100.071061
2021-02-11T15:00:00Z,20.05666647,20.11666647,19.97666647,20.07666647,7272600.072726
2021-02-11T16:00:00Z,20.0699998,20.14666647,20.01333313,20.09333313,6946200.069462
2021-02-11T17:00:00Z,20.0899998,20.16333313,19.76333314,19.90333313,6735300.067353
2021-02-11T18:00:00Z,19.8999998,19.92333313,19.78666647,19.84333313,2358300.023583
2021-02-11T19:00:00Z,19.84666647,20.0999998,19.8399998,20.04333313,11910600.119106
2021-02-11T20:00:00Z,20.0399998,20.06333313,19.9699998,20.04333313,3612900.036129
2021-02-12T13:00:00Z,20.03333313,20.09333313,19.78333314,19.81333314,1652700.016527
2021-02-12T14:00:00Z,19.81666647,19.8699998,19.6999998,19.76666647,6115500.061155
2021-02-12T15:00:00Z,19.7699998,19.93333313,19.73666647,19.8999998,11780400.117804
2021-02-12T16:00:00Z,19.8999998,20.0299998,19.89333313,19.95666647,2194800.021948
2021-02-12T17:00:00Z,19.95666647,20.01333313,19.9099998,19.99666647,1903500.019035
2021-02-12T18:00:00Z,19.99333313,19.9999998,19.8899998,19.93333313,2481900.024819
2021-02-12T19:00:00Z,19.93666647,19.93666647,19.84666647,19.90333313,3886800.038868
2021-02-12T20:00:00Z,19.90333313,19.94666647,19.81666647,19.8999998,2536500.025365
2021-02-17T16:00:00Z,19.73333314,20.0099998,19.63666647,19.66666647,11070900.110709
2021-02-17T17:00:00Z,19.66333314,19.86333313,19.65333314,19.8399998,4449000.04449
2021-02-17T18:00:00Z,19.84333313,19.94333313,19.7399998,19.7899998,5625600.056256
2021-02-17T19:00:00Z,19.7899998,19.84333313,19.71666647,19.7399998,4462800.044628
2021-02-17T20:00:00Z,19.74333314,19.81666647,19.70333314,19.7999998,4530600.045306
2021-02-18T13:00:00Z,19.56666647,19.7099998,19.50333314,19.65666647,6218100.062181
2021-02-18T14:00:00Z,19.65666647,19.80666647,19.63333314,19.7099998,3733200.037332
2021-02-18T15:00:00Z,19.70333314,19.70666647,19.53333314,19.5999998,3876000.03876
2021-02-18T16:00:00Z,19.60333314,19.61333314,19.41999981,19.46666647,7137300.071373
2021-02-18T17:00:00Z,19.46999981,19.55666647,19.37666647,19.41666647,13335000.13335
2021-02-18T18:00:00Z,19.41666647,19.43999981,19.29999981,19.39999981,3313200.033132
2021-02-18T19:00:00Z,19.40333314,19.44999981,19.36666647,19.41666647,3792000.03792
2021-02-18T20:00:00Z,19.41666647,19.41999981,19.33333314,19.36666647,4261200.042612
2021-02-19T13:00:00Z,19.32999981,19.57666647,19.23666647,19.41999981,3293100.032931
2021-02-19T14:00:00Z,19.41999981,19.43333314,19.20666647,19.41666647,3176100.031761
2021-02-19T15:00:00Z,19.41999981,19.48999981,19.34333314,19.45999981,7188900.071889
2021-02-19T16:00:00Z,19.45999981,19.69666647,19.45333314,19.55666647,4859100.048591
2021-02-19T17:00:00Z,19.54666647,19.6099998,19.50333314,19.5399998,2563800.025638
2021-02-19T18:00:00Z,19.54333314,19.54333314,19.38666647,19.40999981,2361300.023613
2021-02-19T19:00:00Z,19.40999981,19.46999981,19.30666647,19.36999981,2757300.027573
2021-02-19T20:00:00Z,19.36999981,19.48333314,19.31666647,19.39333314,3044700.030447
2021-02-22T13:00:00Z,18.68333315,18.69999981,18.26999982,18.30999982,15930600.159306
2021-02-22T14:00:00Z,18.30666648,18.33333315,18.00666649,18.24333315,16892400.168924
2021-02-22T15:00:00Z,18.24666648,18.35333315,17.97666649,18.11333315,12117900.121179
2021-02-22T16:00:00Z,18.10999982,18.21999982,18.00333315,18.19999982,13915500.139155
2021-02-22T17:00:00Z,18.20999982,18.62999981,18.19999982,18.50666648,10734900.107349
2021-02-22T18:00:00Z,18.50666648,18.79999981,18.48333315,18.64666648,12658200.126582
2021-02-22T19:00:00Z,18.64666648,18.77666648,18.61333315,18.66666648,6442800.064428
2021-02-22T20:00:00Z,18.66333315,18.72333315,18.56333315,18.60333315,6525900.065259
2021-02-23T13:00:00Z,18.56999981,18.76666648,18.41333315,18.63333315,5732100.057321
2021-02-23T14:00:00Z,18.63333315,18.68333315,18.50666648,18.56999981,4792500.047925
2021-02-23T15:00:00Z,18.56666648,18.61333315,18.43999982,18.49999982,13047600.130476
2021-02-23T16:00:00Z,18.49666648,18.56333315,18.40333315,18.48666648,11371200.113712
2021-02-23T17:00:00Z,18.47999982,18.49999982,18.32333315,18.34666648,4254600.042546
2021-02-23T18:00:00Z,18.34666648,18.51333315,18.32666648,18.47999982,16062900.160629
2021-02-23T19:00:00Z,18.47666648,18.54666648,18.37333315,18.43999982,7672200.076722
2021-02-23T20:00:00Z,18.43999982,18.49333315,18.38666648,18.45333315,6066900.060669
2021-02-24T13:00:00Z,18.59999981,18.71999981,18.43333315,18.47666648,5383800.053838
2021-02-24T14:00:00Z,18.47333315,18.49999982,18.19999982,18.19999982,5011200.050112
2021-02-24T15:00:00Z,18.20333315,18.29999982,18.07666649,18.22333315,10761300.107613
2021-02-24T16:00:00Z,18.22333315,18.37666648,18.20333315,18.33999982,3644700.036447
2021-02-24T17:00:00Z,18.33999982,18.49333315,18.30999982,18.48666648,4131600.041316
2021-02-24T18:00:00Z,18.48666648,18.58666648,18.41999982,18.45333315,3169800.031698
2021-02-24T19:00:00Z,18.45666648,18.47333315,18.33999982,18.43999982,2953800.029538
2021-02-24T20:00:00Z,18.43999982,18.57666648,18.43666648,18.54999981,2884500.028845
2021-02-25T13:00:00Z,18.53999981,18.63999981,18.39999982,18.54999981,2325000.02325
2021-02-25T14:00:00Z,18.54999981,18.87999981,18.49666648,18.82333315,4225800.042258
2021-02-25T15:00:00Z,18.81999981,18.94333314,18.66999981,18.69333315,8795400.087954
2021-02-25T16:00:00Z,18.69333315,18.86666648,18.60666648,18.60999981,6922500.069225
2021-02-25T17:00:00Z,18.61666648,18.72999981,18.44999982,18.48666648,5849400.058494
2021-02-25T18:00:00Z,18.48666648,18.53333315,18.27999982,18.40333315,8520600.085206
2021-02-25T19:00:00Z,18.40333315,18.51666648,18.38333315,18.44999982,5434200.054342
2021-02-25T20:00:00Z,18.45333315,18.47666648,18.11333315,18.29666648,8822400.088224
2021-02-26T13:00:00Z,18.36999982,18.70333315,18.36666648,18.66666648,5733900.057339
2021-02-26T14:00:00Z,18.66666648,18.76666648,18.44666648,18.51333315,8251500.082515
2021-02-26T15:00:00Z,18.51333315,18.54999981,18.21999982,18.41333315,8402100.084021
2021-02-26T16:00:00Z,18.41666648,18.58666648,18.39333315,18.49999982,5933400.059334
2021-02-26T17:00:00Z,18.49999982,18.71333315,18.46333315,18.66666648,6971700.069717
2021-02-26T18:00:00Z,18.65999981,18.89333314,18.58999981,18.69999981,7338600.073386
2021-02-26T19:00:00Z,18.69999981,18.72999981,18.38999982,18.40999982,9195300.091953
2021-02-26T20:00:00Z,18.40666648,18.48333315,18.13666649,18.13666649,8737500.087375
2021-03-01T13:00:00Z,18.31999982,18.62333315,18.13333315,18.16999982,5374200.053742
2021-03-01T14:00:00Z,18.16666649,18.22666648,18.01999982,18.14666649,4749600.047496
2021-03-01T15:00:00Z,18.14666649,18.34999982,18.11666649,18.26666648,3714900.037149
2021-03-01T16:00:00Z,18.26666648,18.52333315,18.20999982,18.39666648,3986400.039864
2021-03-01T17:00:00Z,18.39999982,18.49999982,18.28333315,18.36333315,3420600.034206
2021-03-01T18:00:00Z,18.35999982,18.47666648,18.34666648,18.46666648,3342900.033429
2021-03-01T19:00:00Z,18.46666648,18.56666648,18.36333315,18.36999982,4998900.049989
2021-03-01T20:00:00Z,18.36999982,18.40333315,18.09999982,18.16999982,8989200.089892
2021-03-02T13:00:00Z,17.97666649,18.11666649,17.51333316,17.62666649,9741300.097413
2021-03-02T14:00:00Z,17.62666649,17.85333315,17.29999983,17.38999983,11290800.112908
2021-03-02T15:00:00Z,17.38666649,17.70666649,17.32333316,17.52333316,17128800.171288
2021-03-02T16:00:00Z,17.52333316,17.62999982,17.38999983,17.58333316,13577100.135771
2021-03-02T17:00:00Z,17.57999982,17.80333316,17.51666649,17.75666649,12304200.123042
2021-03-02T18:00:00Z,17.75999982,18.79333315,17.75999982,18.69666648,17017800.170178
2021-03-02T19:00:00Z,18.69666648,18.77333315,18.13333315,18.66999981,12495000.12495
2021-03-02T20:00:00Z,18.66666648,18.97333314,18.63333315,18.70666648,9507000.09507
2021-03-03T13:00:00Z,18.49666648,18.59999981,18.23333315,18.25666648,5874600.058746
2021-03-03T14:00:00Z,18.23999982,18.28999982,17.91666649,17.97666649,7750500.077505
2021-03-03T15:00:00Z,17.97666649,18.01333315,17.69666649,17.75999982,12517500.125175
2021-03-03T16:00:00Z,17.75333316,17.92333315,17.66999982,17.83999982,5835900.058359
2021-03-03T17:00:00Z,17.84666649,17.93333315,17.72333316,17.93333315,6786000.06786
2021-03-03T18:00:00Z,17.92666649,17.92999982,17.63666649,17.65666649,6685800.066858
2021-03-03T19:00:00Z,17.65666649,18.83999981,17.55999982,18.63999981,26301600.263016
2021-03-03T20:00:00Z,18.63999981,19.15333314,18.45333315,18.84333314,13629300.136293
2021-03-04T13:00:00Z,18.85999981,19.03666648,18.55999981,18.89333314,15761100.157611
2021-03-04T14:00:00Z,18.89666648,19.09999981,18.79666648,18.83999981,8904900.089049
2021-03-04T15:00:00Z,18.83999981,18.86666648,18.46666648,18.68666648,8928900.089289
2021-03-04T16:00:00Z,18.68999981,18.86666648,18.51999981,18.82999981,12056400.120564
2021-03-04T17:00:00Z,18.82999981,18.96333314,18.53333315,18.53999981,8334300.083343
2021-03-04T18:00:00Z,18.54333315,18.61666648,18.15999982,18.15999982,12060300.120603
2021-03-04T19:00:00Z,18.16666649,18.49666648,18.15999982,18.41666648,6849000.06849
2021-03-04T20:00:00Z,18.41666648,18.56999981,18.40333315,18.42999982,5433300.054333
2021-03-05T13:00:00Z,18.92333314,18.92333314,18.43666648,18.61333315,7461000.07461
2021-03-05T14:00:00Z,18.61666648,18.91999981,18.59999981,18.72333315,5772900.057729
2021-03-05T15:00:00Z,18.72333315,18.90333314,18.66666648,18.84999981,4921800.049218
2021-03-05T16:00:00Z,18.84999981,18.91999981,18.56666648,18.77333315,4501800.045018
2021-03-05T17:00:00Z,18.77666648,19.09333314,18.73333315,19.01666648,5492100.054921
2021-03-05T18:00:00Z,19.01333314,19.05999981,18.85999981,18.96999981,3875700.038757
2021-03-05T19:00:00Z,18.96999981,18.97999981,18.76999981,18.88999981,6212400.062124
2021-03-05T20:00:00Z,18.89333314,18.95999981,18.81333315,18.83333314,8587800.085878
2021-03-08T13:00:00Z,18.33333315,18.59333315,18.26666648,18.41999982,6381900.063819
2021-03-08T14:00:00Z,18.42333315,18.58999981,18.27666648,18.33333315,9808200.098082
2021-03-08T15:00:00Z,18.33333315,18.58333315,18.29666648,18.51333315,6105300.061053
2021-03-08T16:00:00Z,18.50999981,18.53333315,18.38666648,18.47999982,3784500.037845
2021-03-08T17:00:00Z,18.47666648,18.65333315,18.44999982,18.59666648,3751800.037518
2021-03-08T18:00:00Z,18.58999981,18.62999981,17.87333315,17.95999982,15409500.154095
2021-03-08T19:00:00Z,17.95666649,18.25999982,17.82999982,17.88999982,11725200.117252
2021-03-08T20:00:00Z,17.88999982,17.88999982,17.41333316,17.57999982,21308700.213087
2021-03-09T13:00:00Z,17.66666649,18.05999982,17.56999982,17.68333316,11679900.116799
2021-03-09T14:00:00Z,17.67333316,17.75999982,17.58666649,17.65666649,6557100.065571
2021-03-09T15:00:00Z,17.64999982,17.95333315,17.60333316,17.94666649,12092100.120921
2021-03-09T16:00:00Z,17.94666649,18.02333315,17.87999982,17.97666649,5445000.05445
2021-03-09T17:00:00Z,17.97666649,18.30999982,17.89999982,18.14666649,6670200.066702
2021-03-09T18:00:00Z,18.14333315,18.16666649,17.87333315,17.95999982,7633800.076338
2021-03-09T19:00:00Z,17.96333315,18.01666649,17.84333315,17.85666649,3096000.03096
2021-03-09T20:00:00Z,17.85666649,18.01666649,17.66333316,17.69333316,5468400.054684
2021-03-10T13:00:00Z,17.92333315,18.06999982,17.69333316,18.04333315,5334600.053346
2021-03-10T14:00:00Z,18.03999982,18.28666648,17.99999982,18.27666648,4611000.04611
2021-03-10T15:00:00Z,18.28333315,18.36333315,18.06666649,18.12999982,8324100.083241
2021-03-10T16:00:00Z,18.13666649,18.28666648,18.02666649,18.24999982,5081100.050811
2021-03-10T17:00:00Z,18.24666648,18.26999982,17.90333315,18.02333315,8256900.082569
2021-03-10T18:00:00Z,18.02333315,18.32333315,17.96999982,18.21999982,4979100.049791
2021-03-10T19:00:00Z,18.21333315,18.59999981,18.16666649,18.54666648,9124500.091245
2021-03-10T20:00:00Z,18.54333315,18.58333315,18.35333315,18.38666648,4992300.049923
2021-03-11T13:00:00Z,18.64333315,18.64999981,18.46666648,18.59333315,2738700.027387
2021-03-11T14:00:00Z,18.59333315,18.61333315,18.44666648,18.46666648,4003800.040038
2021-03-11T15:00:00Z,18.46666648,18.51999981,18.33333315,18.38333315,8001600.080016
2021-03-11T16:00:00Z,18.38333315,18.39999982,18.22666648,18.22666648,8748300.087483
2021-03-11T17:00:00Z,18.22666648,18.51666648,18.18333315,18.42999982,5134800.051348
2021-03-11T18:00:00Z,18.43666648,18.75666648,18.40999982,18.65666648,8076900.080769
2021-03-11T19:00:00Z,18.66666648,18.79999981,18.60999981,18.65666648,9190500.091905
2021-03-11T20:00:00Z,18.66666648,18.91999981,18.61333315,18.91666648,9959700.099597
2021-03-12T13:00:00Z,18.62333315,18.62333315,18.34999982,18.45333315,5899800.058998
2021-03-12T14:00:00Z,18.44999982,18.49999982,18.36999982,18.46333315,2644500.026445
2021-03-12T15:00:00Z,18.46666648,18.46999982,18.36666648,18.39666648,4030800.040308
2021-03-12T16:00:00Z,18.39666648,18.46999982,18.38999982,18.45999982,2485200.024852
2021-03-12T17:00:00Z,18.45999982,18.51666648,18.38666648,18.39999982,4135800.041358
2021-03-12T18:00:00Z,18.39999982,18.41666648,18.30333315,18.34333315,4101900.041019
2021-03-12T19:00:00Z,18.33999982,18.36666648,18.28666648,18.31666648,2670900.026709
2021-03-12T20:00:00Z,18.31666648,18.39999982,18.27333315,18.38666648,5337900.053379
2021-03-15T13:00:00Z,18.23333315,18.36666648,18.14999982,18.32666648,2552400.025524
2021-03-15T14:00:00Z,18.32666648,18.39999982,18.15666649,18.16666649,5784000.05784
2021-03-15T15:00:00Z,18.16666649,18.20666648,18.04333315,18.07333315,5025000.05025
2021-03-15T16:00:00Z,18.07333315,18.22999982,18.06666649,18.16333315,4595700.045957
2021-03-15T17:00:00Z,18.16333315,18.18999982,18.06333315,18.07666649,3813900.038139
2021-03-15T18:00:00Z,18.07666649,18.09999982,18.00666649,18.07999982,3193200.031932
2021-03-15T19:00:00Z,18.07666649,18.08333315,17.95666649,17.99999982,6168600.061686
2021-03-16T13:00:00Z,17.94999982,18.01999982,17.56333316,17.57999982,12489900.124899
2021-03-16T14:00:00Z,17.57999982,17.76999982,17.56666649,17.73333316,8070300.080703
2021-03-16T15:00:00Z,17.73333316,17.74666649,17.54999982,17.55666649,6288900.062889
2021-03-16T16:00:00Z,17.55333316,17.56333316,17.37999983,17.39666649,7006200.070062
2021-03-16T17:00:00Z,17.39666649,17.42999983,17.33333316,17.35666649,6094500.060945
2021-03-16T18:00:00Z,17.35666649,17.45333316,17.33333316,17.38666649,6020400.060204
2021-03-16T19:00:00Z,17.38666649,17.55333316,17.36999983,17.48333316,6818400.068184
2021-03-17T13:00:00Z,17.38999983,17.52999982,17.23333316,17.42333316,10292100.102921
2021-03-17T14:00:00Z,17.42999983,17.56666649,17.33333316,17.37999983,9475200.094752
2021-03-17T15:00:00Z,17.37999983,17.59999982,17.35999983,17.48999983,4869900.048699
2021-03-17T16:00:00Z,17.48666649,17.62333316,17.45666649,17.54999982,8834100.088341
2021-03-17T17:00:00Z,17.54999982,17.56999982,17.39333316,17.43666649,5784600.057846
2021-03-17T18:00:00Z,17.43999983,17.76999982,17.40666649,17.69333316,10409400.104094
2021-03-17T19:00:00Z,17.69666649,17.78333316,17.59333316,17.73333316,11353500.113535
2021-03-18T13:00:00Z,17.79999982,18.16999982,17.71333316,18.14999982,18914700.189147
2021-03-18T14:00:00Z,18.14999982,18.43333315,18.05666649,18.35999982,22058400.220584
2021-03-18T15:00:00Z,18.35999982,18.42999982,18.31666648,18.39999982,6201300.062013
2021-03-18T16:00:00Z,18.40666648,18.44999982,18.33333315,18.37666648,3652800.036528
2021-03-18T17:00:00Z,18.37666648,18.46666648,18.37666648,18.42666648,5395500.053955
2021-03-18T18:00:00Z,18.42666648,18.43333315,17.98333315,18.03333315,8447100.084471
2021-03-18T19:00:00Z,18.03999982,18.06999982,17.83333316,17.84999982,11990100.119901
2021-03-19T13:00:00Z,18.06666649,18.39999982,18.03666649,18.37999982,7055100.070551
2021-03-19T14:00:00Z,18.38333315,18.39999982,18.21666648,18.35333315,5784900.057849
2021-03-19T15:00:00Z,18.35666648,18.57666648,18.31333315,18.57666648,5982900.059829
2021-03-19T16:00:00Z,18.57666648,18.72666648,18.49666648,18.72333315,5528100.055281
2021-03-19T17:00:00Z,18.72333315,18.77666648,18.55333315,18.59333315,5574000.05574
2021-03-19T18:00:00Z,18.59333315,18.64666648,18.51666648,18.59999981,2902800.029028
2021-03-19T19:00:00Z,18.59999981,18.64333315,18.50666648,18.56666648,3006300.030063
2021-03-22T13:00:00Z,18.42999982,18.54666648,18.33999982,18.41333315,3017100.030171
2021-03-22T14:00:00Z,18.41333315,18.41666648,18.29999982,18.30666648,4251900.042519
2021-03-22T15:00:00Z,18.30999982,18.41999982,18.25333315,18.38333315,2004000.02004
2021-03-22T16:00:00Z,18.37999982,18.41666648,18.28333315,18.41666648,2229900.022299
2021-03-22T17:00:00Z,18.41666648,18.53999981,18.39666648,18.49666648,2779200.027792
2021-03-22T18:00:00Z,18.49666648,18.62333315,18.47666648,18.51666648,2427000.02427
2021-03-22T19:00:00Z,18.51666648,18.52666648,18.29999982,18.37666648,14517900.145179
2021-03-23T13:00:00Z,18.19999982,18.29666648,18.07999982,18.17333315,3325200.033252
2021-03-23T14:00:00Z,18.17333315,18.35999982,18.15333315,18.34333315,3041700.030417
2021-03-23T15:00:00Z,18.35333315,18.44333315,18.31999982,18.41666648,2547900.025479
2021-03-23T16:00:00Z,18.41666648,18.46666648,18.27999982,18.32666648,10395900.103959
2021-03-23T17:00:00Z,18.32666648,18.36999982,18.18666648,18.31999982,3166800.031668
2021-03-23T18:00:00Z,18.31666648,18.36666648,18.14333315,18.14666649,4950300.049503
2021-03-23T19:00:00Z,18.14999982,18.23666648,17.96666649,18.09333315,4483800.044838
2021-03-24T13:00:00Z,17.99999982,18.15666649,17.92666649,18.05666649,4351500.043515
2021-03-24T14:00:00Z,18.05333315,18.14666649,18.00999982,18.06666649,3006600.030066
2021-03-24T15:00:00Z,18.06999982,18.32666648,18.05999982,18.32666648,3544200.035442
2021-03-24T16:00:00Z,18.32666648,18.42333315,18.30666648,18.35333315,3232200.032322
2021-03-24T17:00:00Z,18.34999982,18.36666648,18.28333315,18.33666648,3501900.035019
2021-03-24T18:00:00Z,18.33666648,18.35333315,18.18999982,18.22666648,4430700.044307
2021-03-24T19:00:00Z,18.22999982,18.24999982,17.86999982,17.91666649,15413100.154131
2021-03-25T13:00:00Z,17.49999983,17.76666649,17.30999983,17.76666649,6781200.067812
2021-03-25T14:00:00Z,17.76666649,17.87999982,17.60666649,17.78666649,3623100.036231
2021-03-25T15:00:00Z,17.78333316,17.93666649,17.73333316,17.92333315,2938800.029388
2021-03-25T16:00:00Z,17.92666649,17.99666649,17.86333315,17.90333315,2548800.025488
2021-03-25T17:00:00Z,17.90333315,17.98666649,17.83666649,17.95999982,3015300.030153
2021-03-25T18:00:00Z,17.96333315,17.98666649,17.83666649,17.88999982,2711700.027117
2021-03-25T19:00:00Z,17.88999982,18.01333315,17.86999982,17.86999982,4424400.044244
2021-03-26T13:00:00Z,17.81666649,18.41333315,17.79333316,18.30333315,7321500.073215
2021-03-26T14:00:00Z,18.30333315,18.33333315,18.21333315,18.25999982,2461200.024612
2021-03-26T15:00:00Z,18.26333315,18.37666648,18.20333315,18.23333315,2460900.024609
2021-03-26T16:00:00Z,18.23333315,18.28999982,18.14333315,18.18333315,1781700.017817
2021-03-26T17:00:00Z,18.18333315,18.25333315,18.00999982,18.03999982,3259200.032592
2021-03-26T18:00:00Z,18.03999982,18.12999982,17.91666649,18.10999982,2699700.026997
2021-03-26T19:00:00Z,18.10999982,18.16333315,18.03666649,18.04999982,2719200.027192
2021-03-29T13:00:00Z,17.82999982,18.02999982,17.80666649,17.86333315,11847300.118473
2021-03-29T14:00:00Z,17.85666649,17.93999982,17.77999982,17.79333316,2002800.020028
2021-03-29T15:00:00Z,17.79666649,17.97333315,17.75666649,17.90999982,2587500.025875
2021-03-29T16:00:00Z,17.90999982,17.94666649,17.83333316,17.87999982,1897200.018972
2021-03-29T17:00:00Z,17.87666649,17.95999982,17.81999982,17.87666649,1434900.014349
2021-03-29T18:00:00Z,17.87999982,17.91666649,17.76666649,17.79333316,2651700.026517
2021-03-29T19:00:00Z,17.79333316,17.94999982,17.79333316,17.88333315,3333900.033339
2021-03-30T13:00:00Z,17.76333316,17.94999982,17.75999982,17.93333315,3274800.032748
2021-03-30T14:00:00Z,17.93333315,18.12999982,17.89333315,17.96333315,10593600.105936
2021-03-30T15:00:00Z,17.96666649,17.99333315,17.81666649,17.86666649,7611900.076119
2021-03-30T16:00:00Z,17.85666649,17.88999982,17.71999982,17.75333316,3807000.03807
2021-03-30T17:00:00Z,17.75333316,17.80666649,17.64999982,17.74333316,5317200.053172
2021-03-30T18:00:00Z,17.74666649,17.82333316,17.70333316,17.75999982,5872500.058725
2021-03-30T19:00:00Z,17.75999982,17.82999982,17.71666649,17.79999982,9382200.093822
2021-03-31T13:00:00Z,17.80666649,18.08333315,17.75666649,18.01999982,6156300.061563
2021-03-31T14:00:00Z,18.02666649,18.31666648,17.97999982,18.29999982,5639100.056391
2021-03-31T15:00:00Z,18.29999982,18.31999982,18.08999982,18.14333315,6228600.062286
2021-03-31T16:00:00Z,18.13999982,18.19999982,17.97999982,18.04333315,3898800.038988
2021-03-31T17:00:00Z,18.04666649,18.18666648,17.97666649,18.09999982,3582600.035826
2021-03-31T18:00:00Z,18.09999982,18.28333315,18.09666649,18.23333315,4330500.043305
2021-03-31T19:00:00Z,18.23333315,18.27333315,18.18333315,18.22333315,5613300.056133
2021-04-01T13:00:00Z,18.33333315,18.33999982,18.02333315,18.05999982,2414100.024141
2021-04-01T14:00:00Z,18.05999982,18.19333315,18.04999982,18.11666649,4572000.04572
2021-04-01T15:00:00Z,18.11666649,18.11999982,17.91333315,17.99333315,5601900.056019
2021-04-01T16:00:00Z,17.98666649,18.02333315,17.88333315,17.96999982,4254300.042543
2021-04-01T17:00:00Z,17.96999982,18.00333315,17.88999982,17.96666649,2314500.023145
2021-04-01T18:00:00Z,17.96666649,17.99999982,17.93333315,17.93333315,1947000.01947
2021-04-01T19:00:00Z,17.93333315,17.97333315,17.76999982,17.81999982,3113700.031137
2021-04-05T13:00:00Z,18.08666649,18.26999982,18.04333315,18.18999982,3419100.034191
2021-04-05T14:00:00Z,18.18999982,18.29333315,18.12333315,18.17999982,3312600.033126
2021-04-05T15:00:00Z,18.17666648,18.26333315,18.16333315,18.25666648,1868400.018684
2021-04-05T16:00:00Z,18.25999982,18.26666648,18.11333315,18.19666648,1846200.018462
2021-04-05T17:00:00Z,18.19999982,18.26333315,18.15333315,18.24999982,3157500.031575
2021-04-05T18:00:00Z,18.24999982,18.32999982,18.22333315,18.28666648,2544000.02544
2021-04-05T19:00:00Z,18.28666648,18.31333315,18.14999982,18.21666648,3369300.033693
2021-04-06T13:00:00Z,18.21333315,18.27333315,18.06999982,18.16333315,2987100.029871
2021-04-06T14:00:00Z,18.16999982,18.36333315,18.09666649,18.34666648,3010800.030108
2021-04-06T15:00:00Z,18.35333315,18.41666648,18.33666648,18.37999982,2284500.022845
2021-04-06T16:00:00Z,18.37999982,18.48666648,18.35333315,18.36999982,2825400.028254
2021-04-06T17:00:00Z,18.36999982,18.36999982,18.25666648,18.29999982,2385000.02385
2021-04-06T18:00:00Z,18.29333315,18.41666648,18.27999982,18.36333315,1879200.018792
2021-04-06T19:00:00Z,18.36666648,18.41666648,18.32666648,18.35333315,2402400.024024
2021-04-07T13:00:00Z,18.39999982,18.49666648,18.28333315,18.49333315,3292500.032925
2021-04-07T14:00:00Z,18.49666648,18.49666648,18.38999982,18.45666648,2414400.024144
2021-04-07T15:00:00Z,18.44999982,18.45333315,18.18666648,18.23333315,4945800.049458
2021-04-07T16:00:00Z,18.22666648,18.45999982,18.21999982,18.42333315,2201400.022014
2021-04-07T17:00:00Z,18.42666648,18.45333315,18.35333315,18.40666648,2875200.028752
2021-04-07T18:00:00Z,18.40666648,18.43999982,18.30333315,18.30999982,3563400.035634
2021-04-07T19:00:00Z,18.31333315,18.34666648,18.22999982,18.26999982,5199900.051999
2021-04-08T13:00:00Z,18.34999982,18.54666648,18.34999982,18.49333315,3740100.037401
2021-04-08T14:00:00Z,18.49333315,18.49999982,18.33333315,18.39333315,7751100.077511
2021-04-08T15:00:00Z,18.39999982,18.73333315,18.39666648,18.69333315,3591600.035916
2021-04-08T16:00:00Z,18.68999981,18.93333314,18.68666648,18.73333315,6375000.06375
2021-04-08T17:00:00Z,18.72999981,18.78333315,18.60333315,18.60333315,5049000.05049
2021-04-08T18:00:00Z,18.60333315,18.73333315,18.58999981,18.70333315,5583600.055836
2021-04-08T19:00:00Z,18.69999981,18.76333315,18.58333315,18.59999981,6503100.065031
2021-04-09T13:00:00Z,18.56666648,18.56666648,18.31333315,18.42666648,3218400.032184
2021-04-09T14:00:00Z,18.42666648,18.51666648,18.40999982,18.43999982,1766100.017661
2021-04-09T15:00:00Z,18.43666648,18.57333315,18.37666648,18.53999981,1639800.016398
2021-04-09T16:00:00Z,18.54333315,18.54333315,18.43333315,18.50333315,1693200.016932
2021-04-09T17:00:00Z,18.50333315,18.50333315,18.33999982,18.36666648,1741800.017418
2021-04-09T18:00:00Z,18.36333315,18.48666648,18.29666648,18.37333315,2783400.027834
2021-04-09T19:00:00Z,18.37333315,18.48666648,18.37333315,18.43333315,2576700.025767
2021-04-12T13:00:00Z,18.46999982,18.71333315,18.43999982,18.66666648,2695800.026958
2021-04-12T14:00:00Z,18.66333315,18.74999981,18.61333315,18.70666648,2008200.020082
2021-04-12T15:00:00Z,18.70666648,18.70999981,18.53999981,18.54666648,2166900.021669
2021-04-12T16:00:00Z,18.54666648,18.57333315,18.39666648,18.41999982,3555900.035559
2021-04-12T17:00:00Z,18.41999982,18.65333315,18.41666648,18.63333315,2448900.024489
2021-04-12T18:00:00Z,18.63333315,18.67999981,18.53333315,18.63333315,4883400.048834
2021-04-12T19:00:00Z,18.63333315,18.68333315,18.60666648,18.63666648,2406000.02406
2021-04-13T13:00:00Z,18.53999981,18.57999981,18.29999982,18.48333315,3835800.038358
2021-04-13T14:00:00Z,18.48333315,18.55333315,18.34999982,18.43999982,7327200.073272
2021-04-13T15:00:00Z,18.43999982,18.58999981,18.41999982,18.57666648,2493000.02493
2021-04-13T16:00:00Z,18.57666648,18.63333315,18.53999981,18.60999981,1204800.012048
2021-04-13T17:00:00Z,18.60999981,18.64333315,18.56666648,18.57333315,1113000.01113
2021-04-13T18:00:00Z,18.57333315,18.61333315,18.50333315,18.51666648,1256100.012561
2021-04-13T19:00:00Z,18.51333315,18.53333315,18.42333315,18.43333315,3141600.031416
2021-04-14T13:00:00Z,18.49333315,18.55999981,18.36666648,18.38333315,5222400.052224
2021-04-14T14:00:00Z,18.38333315,18.45999982,18.36999982,18.41999982,1853700.018537
2021-04-14T15:00:00Z,18.41999982,18.63999981,18.39999982,18.56999981,4090200.040902
2021-04-14T16:00:00Z,18.56999981,18.60333315,18.50333315,18.57333315,1868700.018687
2021-04-14T17:00:00Z,18.57999981,18.59999981,18.42999982,18.44999982,6009900.060099
2021-04-14T18:00:00Z,18.44999982,18.45333315,18.27666648,18.30333315,6785400.067854
2021-04-14T19:00:00Z,18.30999982,18.40999982,18.27333315,18.36333315,5584500.055845
2021-04-15T13:00:00Z,18.36666648,18.45333315,18.28333315,18.35666648,6030000.0603
2021-04-15T14:00:00Z,18.35666648,18.37333315,18.11999982,18.14999982,4736100.047361
2021-04-15T15:00:00Z,18.15666649,18.20333315,18.13333315,18.19333315,3050400.030504
2021-04-15T16:00:00Z,18.18666648,18.23666648,18.16999982,18.17666648,2088000.02088
2021-04-15T17:00:00Z,18.17666648,18.19999982,18.03999982,18.11999982,4842600.048426
2021-04-15T18:00:00Z,18.11666649,18.19333315,18.02666649,18.18333315,5291700.052917
2021-04-15T19:00:00Z,18.18333315,18.18333315,18.04999982,18.07333315,6904800.069048
2021-04-16T13:00:00Z,18.15999982,18.48333315,18.10999982,18.31999982,5452500.054525
2021-04-16T14:00:00Z,18.31333315,18.42666648,18.26333315,18.28666648,4235100.042351
2021-04-16T15:00:00Z,18.28666648,18.39999982,18.25333315,18.30333315,3220800.032208
2021-04-16T16:00:00Z,18.30333315,18.42333315,18.29666648,18.40666648,3278100.032781
2021-04-16T17:00:00Z,18.40999982,18.45999982,18.35666648,18.42999982,3845400.038454
2021-04-16T18:00:00Z,18.43333315,18.59666648,18.38333315,18.40666648,7618500.076185
2021-04-16T19:00:00Z,18.39999982,18.47333315,18.37333315,18.43333315,4105500.041055
2021-04-19T13:00:00Z,18.47333315,18.51999981,18.18333315,18.19333315,3077400.030774
2021-04-19T14:00:00Z,18.19333315,18.28999982,18.11999982,18.25999982,3293100.032931
2021-04-19T15:00:00Z,18.26333315,18.35999982,18.22333315,18.31999982,2278200.022782
2021-04-19T16:00:00Z,18.31999982,18.36666648,18.15333315,18.19333315,4869600.048696
2021-04-19T17:00:00Z,18.19333315,18.28333315,18.16666649,18.19333315,2991000.02991
2021-04-19T18:00:00Z,18.19333315,18.34666648,18.16999982,18.23666648,3663900.036639
2021-04-19T19:00:00Z,18.23333315,18.23666648,18.12333315,18.15333315,5088600.050886
2021-04-20T13:00:00Z,18.03333315,18.12333315,17.91666649,17.93999982,5194500.051945
2021-04-20T14:00:00Z,17.93999982,18.04333315,17.88333315,18.03999982,4744800.047448
2021-04-20T15:00:00Z,18.04333315,18.12666649,17.94666649,17.96666649,2890800.028908
2021-04-20T16:00:00Z,17.96333315,18.01999982,17.85999982,17.92999982,3803100.038031
2021-04-20T17:00:00Z,17.92666649,17.99999982,17.88999982,17.98666649,2167500.021675
2021-04-20T18:00:00Z,17.98666649,18.00999982,17.91333315,17.92666649,3123000.03123
2021-04-20T19:00:00Z,17.92666649,17.96333315,17.84333315,17.90666649,5171700.051717
2021-04-22T13:00:00Z,17.98333315,18.16666649,17.84999982,17.87666649,7344000.07344
2021-04-22T14:00:00Z,17.87666649,18.12666649,17.80999982,18.04333315,5303700.053037
2021-04-22T15:00:00Z,18.04333315,18.09999982,18.00333315,18.08333315,2047500.020475
2021-04-22T16:00:00Z,18.08333315,18.13999982,18.04666649,18.08666649,2192400.021924
2021-04-22T17:00:00Z,18.08333315,18.09666649,17.88999982,18.00999982,5090100.050901
2021-04-22T18:00:00Z,18.01333315,18.01333315,17.90333315,17.91666649,2991300.029913
2021-04-22T19:00:00Z,17.91333315,17.94999982,17.83333316,17.86666649,3151500.031515
2021-04-23T13:00:00Z,17.89999982,18.27999982,17.84333315,18.19999982,4611600.046116
2021-04-23T14:00:00Z,18.19999982,18.21999982,18.08666649,18.14333315,2941200.029412
2021-04-23T15:00:00Z,18.13999982,18.18666648,18.02999982,18.05666649,3670500.036705
2021-04-23T16:00:00Z,18.05999982,18.13666649,18.01666649,18.05333315,2221200.022212
2021-04-23T17:00:00Z,18.04999982,18.05333315,17.89999982,17.89999982,3052800.030528
2021-04-23T18:00:00Z,17.89999982,17.97333315,17.84333315,17.95999982,4135800.041358
2021-04-23T19:00:00Z,17.96666649,17.99999982,17.91999982,17.96666649,4709100.047091
2021-04-26T13:00:00Z,17.94333315,17.95999982,17.78333316,17.87999982,10083600.100836
2021-04-26T14:00:00Z,17.87999982,17.92666649,17.78999982,17.79999982,3217500.032175
2021-04-26T15:00:00Z,17.79999982,17.81333316,17.60666649,17.66999982,6805500.068055
2021-04-26T16:00:00Z,17.66666649,17.69333316,17.61999982,17.62999982,3065400.030654
2021-04-26T17:00:00Z,17.62666649,17.63333316,17.50333316,17.55999982,7549500.075495
2021-04-26T18:00:00Z,17.56999982,17.57999982,17.49333316,17.54333316,4539600.045396
2021-04-26T19:00:00Z,17.54333316,17.70333316,17.46666649,17.67999982,6221700.062217
2021-04-27T13:00:00Z,17.70333316,17.80999982,17.64333316,17.65666649,12483600.124836
2021-04-27T14:00:00Z,17.65999982,17.69666649,17.55666649,17.65666649,4279800.042798
2021-04-27T15:00:00Z,17.65666649,17.70666649,17.58333316,17.62666649,5092500.050925
2021-04-27T16:00:00Z,17.62333316,17.64333316,17.56999982,17.58999982,3258300.032583
2021-04-27T17:00:00Z,17.58999982,17.62666649,17.51333316,17.55333316,4765200.047652
2021-04-27T18:00:00Z,17.54999982,17.65999982,17.53999982,17.60333316,13672800.136728
2021-04-27T19:00:00Z,17.59999982,17.68333316,17.59333316,17.61999982,9416400.094164
2021-04-28T13:00:00Z,17.69333316,17.74333316,17.64999982,17.64999982,3124500.031245
2021-04-28T14:00:00Z,17.64999982,17.69666649,17.58999982,17.66666649,3218700.032187
2021-04-28T15:00:00Z,17.66666649,17.84333315,17.63333316,17.81333316,3848700.038487
2021-04-28T16:00:00Z,17.81333316,17.88999982,17.77333316,17.85333315,3033600.030336
2021-04-28T17:00:00Z,17.84999982,17.86333315,17.76999982,17.84999982,3128100.031281
2021-04-28T18:00:00Z,17.84999982,17.90999982,17.82666649,17.89333315,5326200.053262
2021-04-28T19:00:00Z,17.89333315,17.89333315,17.80666649,17.82999982,5631900.056319
2021-04-29T13:00:00Z,17.89999982,17.95999982,17.76666649,17.78999982,2809800.028098
2021-04-29T14:00:00Z,17.78666649,17.79333316,17.63333316,17.66666649,3133800.031338
2021-04-29T15:00:00Z,17.66666649,17.68999982,17.60666649,17.65666649,4161300.041613
2021-04-29T16:00:00Z,17.65666649,17.67999982,17.57666649,17.64666649,2765700.027657
2021-04-29T17:00:00Z,17.64666649,17.65999982,17.57333316,17.59333316,3473700.034737
2021-04-29T18:00:00Z,17.58999982,17.67333316,17.57999982,17.60999982,3164400.031644
2021-04-29T19:00:00Z,17.60666649,17.61666649,17.44999983,17.44999983,7957800.079578
2021-04-30T13:00:00Z,17.45333316,17.58999982,17.36666649,17.48333316,3290700.032907
2021-04-30T14:00:00Z,17.47999983,17.48333316,17.34333316,17.36999983,5515200.055152
2021-04-30T15:00:00Z,17.36666649,17.45666649,17.33666649,17.41333316,6159300.061593
2021-04-30T16:00:00Z,17.40999983,17.41666649,17.27999983,17.33666649,5457900.054579
2021-04-30T17:00:00Z,17.33666649,17.33666649,17.21666649,17.22999983,4602000.04602
2021-04-30T18:00:00Z,17.22666649,17.34333316,17.20333316,17.25999983,7394400.073944
2021-04-30T19:00:00Z,17.25999983,17.28999983,17.13333316,17.18333316,7959300.079593
2021-05-03T13:00:00Z,17.33666649,17.42999983,17.23999983,17.35666649,8525400.085254
2021-05-03T14:00:00Z,17.34666649,17.45999983,17.31999983,17.37666649,3725700.037257
2021-05-03T15:00:00Z,17.37666649,17.40333316,17.19999983,17.21333316,3964800.039648
2021-05-03T16:00:00Z,17.20999983,17.24333316,17.17999983,17.23333316,2882400.028824
2021-05-03T17:00:00Z,17.23333316,17.28333316,17.19333316,17.25666649,4077900.040779
2021-05-03T18:00:00Z,17.25333316,17.26333316,17.15333316,17.21999983,4942800.049428
2021-05-03T19:00:00Z,17.21999983,17.22666649,17.09999983,17.16999983,5727900.057279
2021-05-04T13:00:00Z,17.18333316,17.23666649,16.9066665,16.98333316,4228800.042288
2021-05-04T14:00:00Z,16.97999983,17.04333316,16.8766665,16.90999983,2931900.029319
2021-05-04T15:00:00Z,16.90999983,16.99999983,16.85333316,16.9366665,3331800.033318
2021-05-04T16:00:00Z,16.93999983,16.99999983,16.8866665,16.9166665,3046500.030465
2021-05-04T17:00:00Z,16.9166665,16.96333316,16.8566665,16.86999983,3449100.034491
2021-05-04T18:00:00Z,16.86999983,16.93999983,16.8366665,16.84999983,3810900.038109
2021-05-04T19:00:00Z,16.85333316,16.86999983,16.78333317,16.8166665,6081600.060816
2021-05-05T13:00:00Z,16.93333316,17.0466665,16.8766665,16.89999983,3319500.033195
2021-05-05T14:00:00Z,16.90333316,17.0666665,16.90333316,17.01333316,4575900.045759
2021-05-05T15:00:00Z,17.00999983,17.13333316,16.9866665,17.11333316,2600700.026007
2021-05-05T16:00:00Z,17.11333316,17.16333316,17.07999983,17.14333316,1739700.017397
2021-05-05T17:00:00Z,17.14333316,17.27333316,17.13333316,17.17333316,4025400.040254
2021-05-05T18:00:00Z,17.17666649,17.22333316,17.06999983,17.1166665,3213600.032136
2021-05-05T19:00:00Z,17.11999983,17.17999983,17.03333316,17.16999983,5424000.05424
2021-05-06T13:00:00Z,17.16666649,17.17999983,16.9466665,16.9766665,5823300.058233
2021-05-06T14:00:00Z,16.9766665,16.97999983,16.7366665,16.8066665,6599700.065997
2021-05-06T15:00:00Z,16.80999983,16.8566665,16.7866665,16.8566665,8433600.084336
2021-05-06T16:00:00Z,16.8566665,16.85999983,16.7066665,16.7866665,30718200.307182
2021-05-06T17:00:00Z,16.7866665,16.8666665,16.7766665,16.79999983,2559600.025596
2021-05-06T18:00:00Z,16.79999983,16.84333316,16.7566665,16.8266665,3180600.031806
2021-05-06T19:00:00Z,16.82333317,16.9466665,16.82333317,16.85999983,6798000.06798
2021-05-07T13:00:00Z,17.14999983,17.63333316,17.1366665,17.56666649,21095700.210957
2021-05-07T14:00:00Z,17.56333316,17.68333316,17.46333316,17.68333316,7731000.07731
2021-05-07T15:00:00Z,17.68333316,17.69666649,17.56666649,17.64666649,6381600.063816
2021-05-07T16:00:00Z,17.64333316,17.67999982,17.60999982,17.65333316,3879300.038793
2021-05-07T17:00:00Z,17.65666649,17.66666649,17.59666649,17.64333316,4030800.040308
2021-05-07T18:00:00Z,17.64666649,17.76999982,17.60999982,17.75666649,6776100.067761
2021-05-07T19:00:00Z,17.75666649,17.85333315,17.74666649,17.78999982,7499100.074991
2021-05-10T13:00:00Z,17.60666649,17.69666649,17.49333316,17.50333316,4350900.043509
2021-05-10T14:00:00Z,17.50999982,17.58333316,17.48333316,17.58333316,3807600.038076
2021-05-10T15:00:00Z,17.57999982,17.68999982,17.51999982,17.62999982,2602200.026022
2021-05-10T16:00:00Z,17.62666649,17.66666649,17.57333316,17.64333316,2246700.022467
2021-05-10T17:00:00Z,17.64333316,17.85999982,17.63333316,17.75333316,4963200.049632
2021-05-10T18:00:00Z,17.74999982,17.76666649,17.64999982,17.75666649,3452700.034527
2021-05-10T19:00:00Z,17.75666649,17.84999982,17.72999982,17.75333316,6066000.06066
2021-05-11T13:00:00Z,17.43666649,17.60999982,17.38666649,17.56999982,7292700.072927
2021-05-11T14:00:00Z,17.57999982,17.58999982,17.39666649,17.55333316,10411800.104118
2021-05-11T15:00:00Z,17.54999982,17.63999982,17.48999983,17.57999982,3423900.034239
2021-05-11T16:00:00Z,17.57666649,17.59333316,17.46666649,17.50999982,2671500.026715
2021-05-11T17:00:00Z,17.50999982,17.54999982,17.47333316,17.51666649,2938200.029382
2021-05-11T18:00:00Z,17.51333316,17.53666649,17.44999983,17.46666649,5716200.057162
2021-05-11T19:00:00Z,17.46666649,17.56999982,17.45333316,17.50999982,6775500.067755
2021-05-12T13:00:00Z,17.33666649,17.50666649,17.28666649,17.39999983,3863400.038634
2021-05-12T14:00:00Z,17.39999983,17.41333316,17.30999983,17.36666649,4318800.043188
2021-05-12T15:00:00Z,17.36666649,17.40999983,17.24999983,17.32333316,7474800.074748
2021-05-12T16:00:00Z,17.32333316,17.34999983,17.28999983,17.33333316,2702400.027024
2021-05-12T17:00:00Z,17.33333316,17.36333316,17.29999983,17.30666649,4511700.045117
2021-05-12T18:00:00Z,17.30666649,17.30999983,17.20666649,17.23333316,4177200.041772
2021-05-12T19:00:00Z,17.23333316,17.24666649,17.1066665,17.12999983,5038200.050382
2021-05-13T13:00:00Z,17.28666649,17.44666649,17.25666649,17.42333316,4845600.048456
2021-05-13T14:00:00Z,17.42333316,17.56666649,17.41999983,17.45999983,5243100.052431
2021-05-13T15:00:00Z,17.46333316,17.52666649,17.37333316,17.39999983,13523400.135234
2021-05-13T16:00:00Z,17.39999983,17.44999983,17.31333316,17.41666649,3729900.037299
2021-05-13T17:00:00Z,17.40999983,17.42999983,17.19999983,17.26666649,2759700.027597
2021-05-13T18:00:00Z,17.26666649,17.43999983,17.26333316,17.41666649,4567200.045672
2021-05-13T19:00:00Z,17.41666649,17.43666649,17.31333316,17.33333316,3006300.030063
2021-05-14T13:00:00Z,17.56333316,17.66333316,17.40333316,17.55999982,6371700.063717
2021-05-14T14:00:00Z,17.56666649,17.73999982,17.51666649,17.67999982,4822200.048222
2021-05-14T15:00:00Z,17.68333316,18.01999982,17.64666649,17.86333315,9232500.092325
2021-05-14T16:00:00Z,17.85999982,17.86666649,17.70333316,17.86333315,6317400.063174
2021-05-14T17:00:00Z,17.86666649,17.87999982,17.73333316,17.73333316,2767500.027675
2021-05-14T18:00:00Z,17.73666649,17.97666649,17.73333316,17.91999982,5214000.05214
2021-05-14T19:00:00Z,17.92333315,17.92333315,17.72999982,17.82999982,3627900.036279
2021-05-17T13:00:00Z,18,18,17.67,17.75,1777300
2021-05-17T14:00:00Z,17.75,17.77,17.56,17.58,6488600
2021-05-17T15:00:00Z,17.58,17.63,17.5,17.6,3514700
2021-05-17T16:00:00Z,17.6,17.6,17.47,17.55,1592300
2021-05-17T17:00:00Z,17.54,17.59,17.52,17.57,1286000
2021-05-17T18:00:00Z,17.57,17.65,17.53,17.63,2745900
2021-05-17T19:00:00Z,17.64,17.69,17.59,17.62,4244100
2021-05-18T13:00:00Z,17.57,17.7,17.37,17.39,4193800
2021-05-18T14:00:00Z,17.38,17.48,17.35,17.44,3351300
2021-05-18T15:00:00Z,17.44,17.45,17.35,17.39,2782300
2021-05-18T16:00:00Z,17.39,17.44,17.36,17.44,1494400
2021-05-18T17:00:00Z,17.43,17.52,17.42,17.5,1651300
2021-05-18T18:00:00Z,17.5,17.5,17.37,17.4,1611500
2021-05-18T19:00:00Z,17.41,17.45,17.36,17.38,2350200
2021-05-19T13:00:00Z,17.15,17.4,17.1,17.33,2879400
2021-05-19T14:00:00Z,17.33,17.33,17.15,17.24,3086500
2021-05-19T15:00:00Z,17.23,17.26,17.18,17.24,2190200
2021-05-19T16:00:00Z,17.24,17.32,17.21,17.27,2139500
2021-05-19T17:00:00Z,17.27,17.28,17.21,17.23,3305200
2021-05-19T18:00:00Z,17.24,17.31,17.1,17.13,4942500
2021-05-19T19:00:00Z,17.14,17.2,17.08,17.19,4094500
2021-05-20T13:00:00Z,17.29,17.36,17.23,17.29,1925000
2021-05-20T14:00:00Z,17.29,17.3,17.14,17.2,3341900
2021-05-20T15:00:00Z,17.2,17.32,17.18,17.28,4914100
2021-05-20T16:00:00Z,17.29,17.29,17.18,17.25,1414800
2021-05-20T17:00:00Z,17.24,17.29,17.21,17.22,1735900
2021-05-20T18:00:00Z,17.22,17.3,17.21,17.28,1904500
2021-05-20T19:00:00Z,17.28,17.29,17.2,17.28,3187100
2021-05-21T13:00:00Z,17.34,17.4,17.21,17.23,1777400
2021-05-21T14:00:00Z,17.24,17.24,17.07,17.2,2436200
2021-05-21T15:00:00Z,17.2,17.22,16.96,17.11,5165800
2021-05-21T16:00:00Z,17.1,17.19,17.07,17.16,2747700
2021-05-21T17:00:00Z,17.17,17.25,17.15,17.17,1964200
2021-05-21T18:00:00Z,17.18,17.2,17.15,17.15,1185900
2021-05-21T19:00:00Z,17.17,17.36,17.15,17.29,5113000
2021-05-24T13:00:00Z,17.35,17.53,17.22,17.45,2852900
2021-05-24T14:00:00Z,17.45,17.47,17.26,17.26,1720500
2021-05-24T15:00:00Z,17.26,17.29,17.23,17.26,2143300
2021-05-24T16:00:00Z,17.27,17.44,17.25,17.41,2521500
2021-05-24T17:00:00Z,17.4,17.52,17.39,17.46,2985100
2021-05-24T18:00:00Z,17.47,17.47,17.29,17.39,4515600
2021-05-24T19:00:00Z,17.39,17.52,17.34,17.4,8301200
2021-05-25T13:00:00Z,17.48,17.6,17.35,17.4,5293600
2021-05-25T14:00:00Z,17.38,17.4,17.09,17.14,6653900
2021-05-25T15:00:00Z,17.14,17.19,16.98,16.99,7943600
2021-05-25T16:00:00Z,17,17.13,16.96,17.12,9603300
2021-05-25T17:00:00Z,17.12,17.13,16.89,16.92,7673300
2021-05-25T18:00:00Z,16.92,16.94,16.82,16.86,10990900
2021-05-25T19:00:00Z,16.87,17.05,16.85,17.01,9857500
2021-05-26T13:00:00Z,17.18,17.2,16.98,17.16,4587800
2021-05-26T14:00:00Z,17.17,17.33,17.13,17.25,6689200
2021-05-26T15:00:00Z,17.25,17.3,17.19,17.29,2282700
2021-05-26T16:00:00Z,17.3,17.3,17.19,17.22,2289900
2021-05-26T17:00:00Z,17.21,17.25,17.16,17.24,1720300
2021-05-26T18:00:00Z,17.24,17.25,17.13,17.13,1652800
2021-05-26T19:00:00Z,17.13,17.17,17.05,17.1,2557500
2021-05-27T13:00:00Z,17.17,17.18,16.98,17.06,2333900
2021-05-27T14:00:00Z,17.07,17.09,16.94,16.95,3223300
2021-05-27T15:00:00Z,16.94,16.96,16.79,16.86,14817100
2021-05-27T16:00:00Z,16.85,16.87,16.79,16.85,3014400
2021-05-27T17:00:00Z,16.84,16.92,16.8,16.92,3823300
2021-05-27T18:00:00Z,16.91,16.92,16.83,16.91,4252900
2021-05-27T19:00:00Z,16.91,16.93,16.82,16.9,8320700
2021-05-28T13:00:00Z,16.96,17.08,16.92,17.06,3280100
2021-05-28T14:00:00Z,17.06,17.23,17.05,17.21,5438500
2021-05-28T15:00:00Z,17.21,17.23,17.08,17.14,3459400
2021-05-28T16:00:00Z,17.14,17.21,17.13,17.19,2059200
2021-05-28T17:00:00Z,17.19,17.29,17.18,17.26,2912600
2021-05-28T18:00:00Z,17.26,17.43,17.25,17.42,4274000
2021-05-28T19:00:00Z,17.41,17.45,17.36,17.41,5316400
2021-05-31T13:00:00Z,17.36,17.5,17.33,17.39,3143400
2021-05-31T14:00:00Z,17.4,17.47,17.3,17.37,3034700
2021-05-31T15:00:00Z,17.38,17.48,17.35,17.41,3258100
2021-05-31T16:00:00Z,17.4,17.6,17.38,17.55,2154500
2021-05-31T17:00:00Z,17.55,17.6,17.5,17.6,2513800
2021-05-31T18:00:00Z,17.59,17.63,17.5,17.56,2645300
2021-05-31T19:00:00Z,17.56,17.63,17.54,17.59,2856400
2021-06-01T13:00:00Z,17.7,17.78,17.6,17.61,5336400
2021-06-01T14:00:00Z,17.62,17.8,17.61,17.8,4728200
2021-06-01T15:00:00Z,17.8,17.96,17.79,17.92,9049400
2021-06-01T16:00:00Z,17.92,17.94,17.66,17.67,7043400
2021-06-01T17:00:00Z,17.69,17.8,17.58,17.66,10182600
2021-06-01T18:00:00Z,17.66,17.74,17.56,17.56,6764100
2021-06-01T19:00:00Z,17.57,17.68,17.55,17.6,7116100
2021-06-02T13:00:00Z,17.24,17.29,16.8,16.99,31130200
2021-06-02T14:00:00Z,16.99,17.02,16.77,16.8,17541700
2021-06-02T15:00:00Z,16.79,16.83,16.62,16.68,15042400
2021-06-02T16:00:00Z,16.67,16.8,16.66,16.74,19388900
2021-06-02T17:00:00Z,16.74,16.74,16.63,16.72,15117600
2021-06-02T18:00:00Z,16.72,16.82,16.68,16.8,12161400
2021-06-02T19:00:00Z,16.8,17,16.8,17,17532200
2021-06-04T13:00:00Z,17.01,17.39,17,17.17,12760400
2021-06-04T14:00:00Z,17.17,17.25,17.06,17.09,11090200
2021-06-04T15:00:00Z,17.08,17.24,17.06,17.2,5184100
2021-06-04T16:00:00Z,17.2,17.22,17.11,17.15,2760200
2021-06-04T17:00:00Z,17.15,17.2,17.12,17.18,2823900
2021-06-04T18:00:00Z,17.17,17.19,17.13,17.17,4229700
2021-06-04T19:00:00Z,17.17,17.22,17.11,17.18,5783000
2021-06-07T13:00:00Z,17.2,17.3,17.1,17.1,2706500
2021-06-07T14:00:00Z,17.1,17.14,17.03,17.08,3086000
2021-06-07T15:00:00Z,17.09,17.19,17.08,17.19,2120800
2021-06-07T16:00:00Z,17.18,17.22,17.13,17.15,3232100
2021-06-07T17:00:00Z,17.16,17.17,17.09,17.1,2649100
2021-06-07T18:00:00Z,17.11,17.16,17.09,17.13,3429800
2021-06-07T19:00:00Z,17.14,17.27,17.11,17.26,6568800
2021-06-08T13:00:00Z,17.17,17.23,17.01,17.03,7832300
2021-06-08T14:00:00Z,17.03,17.04,16.96,16.99,5416200
2021-06-08T15:00:00Z,17,17,16.87,16.89,7130400
2021-06-08T16:00:00Z,16.89,16.9,16.65,16.72,11416800
2021-06-08T17:00:00Z,16.72,16.74,16.46,16.5,14357900
2021-06-08T18:00:00Z,16.49,16.5,16.28,16.39,18799800
2021-06-08T19:00:00Z,16.38,16.41,16.32,16.35,17968400
2021-06-09T13:00:00Z,16.4,16.45,15.81,15.95,36354000
2021-06-09T14:00:00Z,15.95,16.17,15.94,16.09,13555300
2021-06-09T15:00:00Z,16.08,16.19,16.07,16.12,9829500
2021-06-09T16:00:00Z,16.13,16.23,16.11,16.19,10792100
2021-06-09T17:00:00Z,16.19,16.26,16.16,16.19,6988200
2021-06-09T18:00:00Z,16.19,16.3,16.11,16.12,12488900
2021-06-09T19:00:00Z,16.11,16.44,16.11,16.4,15902100
2021-06-10T13:00:00Z,16.45,16.53,16.17,16.22,4645400
2021-06-10T14:00:00Z,16.22,16.27,16.02,16.04,4437900
2021-06-10T15:00:00Z,16.05,16.06,15.77,15.8,30553700
2021-06-10T16:00:00Z,15.8,15.85,15.71,15.75,18848600
2021-06-10T17:00:00Z,15.75,15.96,15.73,15.92,11967100
2021-06-10T18:00:00Z,15.92,16.1,15.9,16,13615300
2021-06-10T19:00:00Z,16.01,16.11,15.98,16,14747200
2021-06-11T13:00:00Z,16.08,16.24,15.95,16.07,7193700
2021-06-11T14:00:00Z,16.07,16.08,15.9,15.98,7140500
2021-06-11T15:00:00Z,15.98,16.01,15.91,15.95,5255400
2021-06-11T16:00:00Z,15.95,15.98,15.82,15.9,7731300
2021-06-11T17:00:00Z,15.91,16.01,15.87,16,11997200
2021-06-11T18:00:00Z,16,16.05,15.95,15.99,5838600
2021-06-11T19:00:00Z,15.99,16.25,15.94,16.19,16649000
2021-06-14T13:00:00Z,16.24,16.37,16.17,16.3,4183600
2021-06-14T14:00:00Z,16.31,16.45,16.21,16.37,10057900
2021-06-14T15:00:00Z,16.36,16.45,16.32,16.44,5246100
2021-06-14T16:00:00Z,16.45,16.45,16.32,16.4,4466900
2021-06-14T17:00:00Z,16.4,16.44,16.35,16.37,2819600
2021-06-14T18:00:00Z,16.36,16.38,16.32,16.34,2705800
2021-06-14T19:00:00Z,16.33,16.39,16.27,16.34,3521600
2021-06-15T13:00:00Z,16.38,16.44,16.28,16.42,4355100
2021-06-15T14:00:00Z,16.42,16.74,16.4,16.7,14145000
2021-06-15T15:00:00Z,16.7,16.76,16.42,16.49,11952200
2021-06-15T16:00:00Z,16.5,16.56,16.47,16.52,5853400
2021-06-15T17:00:00Z,16.52,16.6,16.5,16.55,4783100
2021-06-15T18:00:00Z,16.55,16.63,16.55,16.6,7629200
2021-06-15T19:00:00Z,16.6,16.66,16.5,16.66,14898900
2021-06-16T13:00:00Z,16.67,17.06,16.65,17.03,21937100
2021-06-16T14:00:00Z,17.02,17.25,16.99,17.02,20709000
2021-06-16T15:00:00Z,17.01,17.04,16.91,16.96,8652000
2021-06-16T16:00:00Z,16.95,16.98,16.85,16.94,7482200
2021-06-16T17:00:00Z,16.94,16.98,16.85,16.91,11508900
2021-06-16T18:00:00Z,16.9,16.92,16.7,16.82,19476800
2021-06-16T19:00:00Z,16.82,16.98,16.75,16.9,12947100
2021-06-17T13:00:00Z,17.06,17.15,16.89,16.99,5907900
2021-06-17T14:00:00Z,16.99,17.12,16.98,17.06,10566200
2021-06-17T15:00:00Z,17.05,17.1,17.05,17.08,5197700
2021-06-17T16:00:00Z,17.07,17.13,17.02,17.11,6094100
2021-06-17T17:00:00Z,17.11,17.16,17.08,17.13,4796000
2021-06-17T18:00:00Z,17.14,17.17,17.1,17.16,6080200
2021-06-17T19:00:00Z,17.15,17.17,17.11,17.13,11842800
2021-06-18T13:00:00Z,17.12,17.28,17.07,17.12,7703900
2021-06-18T14:00:00Z,17.12,17.14,17.09,17.11,11064800
2021-06-18T15:00:00Z,17.1,17.12,17.08,17.11,8131500
2021-06-18T16:00:00Z,17.1,17.14,17.09,17.13,7112900
2021-06-18T17:00:00Z,17.14,17.33,17.11,17.32,3749000
2021-06-18T18:00:00Z,17.31,17.38,17.29,17.31,6362200
2021-06-18T19:00:00Z,17.3,17.4,17.27,17.3,6531500
2021-06-21T13:00:00Z,17.34,17.43,17.15,17.19,4511700
2021-06-21T14:00:00Z,17.19,17.32,17.13,17.24,5740100
2021-06-21T15:00:00Z,17.25,17.27,17.17,17.21,2641700
2021-06-21T16:00:00Z,17.2,17.22,17.09,17.11,6054100
2021-06-21T17:00:00Z,17.11,17.12,16.92,17.03,4089500
2021-06-21T18:00:00Z,17.03,17.11,17.01,17.04,4987300
2021-06-21T19:00:00Z,17.04,17.15,17.02,17.07,4613900
2021-06-22T13:00:00Z,17,17.1,16.89,16.9,6354500
2021-06-22T14:00:00Z,16.9,16.91,16.8,16.85,3681900
2021-06-22T15:00:00Z,16.85,16.97,16.85,16.94,5354200
2021-06-22T16:00:00Z,16.94,16.95,16.85,16.9,3836400
2021-06-22T17:00:00Z,16.9,16.92,16.85,16.89,4357300
2021-06-22T18:00:00Z,16.89,16.94,16.82,16.91,4948100
2021-06-22T19:00:00Z,16.91,17.04,16.9,17,7979600
2021-06-23T13:00:00Z,16.9,17.1,16.9,17.07,5512800
2021-06-23T14:00:00Z,17.08,17.22,17.08,17.13,4842700
2021-06-23T15:00:00Z,17.13,17.17,17.1,17.1,1434700
2021-06-23T16:00:00Z,17.1,17.12,17,17.02,3667300
2021-06-23T17:00:00Z,17.01,17.08,16.99,17.02,3745700
2021-06-23T18:00:00Z,17.02,17.04,16.97,17,3818400
2021-06-23T19:00:00Z,17.01,17.03,17,17,3571500
2021-06-24T13:00:00Z,17.1,17.2,16.97,16.99,4744300
2021-06-24T14:00:00Z,16.99,17.04,16.85,16.93,7198800
2021-06-24T15:00:00Z,16.94,16.98,16.86,16.94,1806400
2021-06-24T16:00:00Z,16.93,17,16.91,16.97,3955200
2021-06-24T17:00:00Z,16.96,16.99,16.9,16.96,1787800
2021-06-24T18:00:00Z,16.96,16.98,16.88,16.9,1792200
2021-06-24T19:00:00Z,16.9,16.98,16.89,16.95,2641300
2021-06-25T13:00:00Z,16.99,17.08,16.97,16.99,4192700
2021-06-25T14:00:00Z,16.99,17.03,16.91,16.93,3905900
2021-06-25T15:00:00Z,16.92,17,16.86,17,2539600
2021-06-25T16:00:00Z,17,17,16.85,16.87,2122100
2021-06-25T17:00:00Z,16.88,16.88,16.61,16.71,5567100
2021-06-25T18:00:00Z,16.72,16.75,16.48,16.54,5484900
2021-06-25T19:00:00Z,16.54,16.76,16.44,16.73,7940300
2021-06-28T13:00:00Z,16.79,16.89,16.6,16.85,5854500
2021-06-28T14:00:00Z,16.86,16.89,16.69,16.83,6333700
2021-06-28T15:00:00Z,16.82,16.87,16.82,16.84,5184700
2021-06-28T16:00:00Z,16.83,16.9,16.82,16.89,2832200
2021-06-28T17:00:00Z,16.88,16.93,16.83,16.85,2923900
2021-06-28T18:00:00Z,16.85,16.88,16.83,16.85,2469700
2021-06-28T19:00:00Z,16.86,16.95,16.83,16.92,5746200
2021-06-29T13:00:00Z,16.93,16.95,16.85,16.88,3207800
2021-06-29T14:00:00Z,16.87,16.97,16.86,16.92,3228100
2021-06-29T15:00:00Z,16.92,17.11,16.92,17.06,3863900
2021-06-29T16:00:00Z,17.07,17.08,16.96,17,5021800
2021-06-29T17:00:00Z,16.99,17.03,16.99,17,3080100
2021-06-29T18:00:00Z,17,17.06,16.97,17.05,2112500
2021-06-29T19:00:00Z,17.04,17.1,17,17.07,3768300
2021-06-30T13:00:00Z,16.81,16.89,16.7,16.72,3038600
2021-06-30T14:00:00Z,16.72,16.78,16.7,16.72,4628000
2021-06-30T15:00:00Z,16.72,16.77,16.7,16.75,2403200
2021-06-30T16:00:00Z,16.76,16.78,16.71,16.72,1459600
2021-06-30T17:00:00Z,16.73,16.77,16.72,16.75,2054900
2021-06-30T18:00:00Z,16.74,16.8,16.74,16.77,2341700
2021-06-30T19:00:00Z,16.77,16.78,16.74,16.75,3632300
2021-07-01T13:00:00Z,16.7,16.83,16.6,16.6,6443600
2021-07-01T14:00:00Z,16.6,16.61,16.3,16.45,6568200
2021-07-01T15:00:00Z,16.45,16.48,16.29,16.35,3945700
2021-07-01T16:00:00Z,16.34,16.39,16.31,16.33,2479300
2021-07-01T17:00:00Z,16.33,16.36,16.25,16.26,8150000
2021-07-01T18:00:00Z,16.27,16.32,16.25,16.25,6561300
2021-07-01T19:00:00Z,16.26,16.34,16.24,16.3,7631500
2021-07-02T13:00:00Z,16.5,16.5,16.3,16.43,30995500
2021-07-02T14:00:00Z,16.43,16.54,16.27,16.54,3427400
2021-07-02T15:00:00Z,16.54,16.56,16.45,16.48,2506900
2021-07-02T16:00:00Z,16.48,16.5,16.4,16.42,924800
2021-07-02T17:00:00Z,16.43,16.51,16.4,16.48,1248100
2021-07-02T18:00:00Z,16.49,16.54,16.46,16.51,2198400
2021-07-02T19:00:00Z,16.5,16.53,16.4,16.42,4581600
2021-07-05T13:00:00Z,16.32,16.4,16.26,16.32,1628900
2021-07-05T14:00:00Z,16.32,16.36,16.22,16.25,1694000
2021-07-05T15:00:00Z,16.26,16.32,16.24,16.27,1407700
2021-07-05T16:00:00Z,16.28,16.3,16.27,16.28,803400
2021-07-05T17:00:00Z,16.28,16.3,16.15,16.18,2257900
2021-07-05T18:00:00Z,16.18,16.26,16.13,16.19,2487900
2021-07-05T19:00:00Z,16.19,16.23,16.18,16.19,2375400
2021-07-06T13:00:00Z,16.08,16.18,15.95,16,8090900
2021-07-06T14:00:00Z,16,16,15.84,15.85,5124500
2021-07-06T15:00:00Z,15.85,15.98,15.85,15.89,10606500
2021-07-06T16:00:00Z,15.88,15.93,15.82,15.9,3529800
2021-07-06T17:00:00Z,15.9,15.98,15.89,15.92,3699200
2021-07-06T18:00:00Z,15.92,15.96,15.81,15.89,3809300
2021-07-06T19:00:00Z,15.89,15.94,15.86,15.93,3859200
2021-07-07T13:00:00Z,16.06,16.08,15.95,16.03,2645300
2021-07-07T14:00:00Z,16.03,16.05,15.93,15.95,2109300
2021-07-07T15:00:00Z,15.95,15.99,15.92,15.92,2693800
2021-07-07T16:00:00Z,15.92,16.04,15.92,16.01,1761100
2021-07-07T17:00:00Z,16.01,16.13,16,16.12,3756500
2021-07-07T18:00:00Z,16.12,16.29,16.1,16.18,3204700
2021-07-07T19:00:00Z,16.19,16.22,16.11,16.2,3356100
2021-07-08T13:00:00Z,16,16.28,15.9,16.06,3952400
2021-07-08T14:00:00Z,16.05,16.06,15.95,16.01,3382800
2021-07-08T15:00:00Z,16,16.15,15.99,16.13,1769700
2021-07-08T16:00:00Z,16.13,16.19,16.12,16.19,1687000
2021-07-08T17:00:00Z,16.18,16.19,16.1,16.15,2552600
2021-07-08T18:00:00Z,16.15,16.17,16.08,16.11,2658400
2021-07-08T19:00:00Z,16.11,16.17,16.03,16.11,3889800
2021-07-12T13:00:00Z,16.25,16.49,16.21,16.47,3965400
2021-07-12T14:00:00Z,16.46,16.72,16.45,16.62,5983100
2021-07-12T15:00:00Z,16.62,16.74,16.55,16.67,3695200
2021-07-12T16:00:00Z,16.67,16.72,16.65,16.71,2346800
2021-07-12T17:00:00Z,16.7,16.75,16.65,16.68,2920100
2021-07-12T18:00:00Z,16.68,16.72,16.6,16.7,2621800
2021-07-12T19:00:00Z,16.7,16.75,16.64,16.7,4702200
2021-07-13T13:00:00Z,16.62,16.67,16.54,16.63,1860300
2021-07-13T14:00:00Z,16.63,16.7,16.57,16.6,1610200
2021-07-13T15:00:00Z,16.59,16.7,16.58,16.69,1079000
2021-07-13T16:00:00Z,16.7,16.92,16.66,16.88,3259300
2021-07-13T17:00:00Z,16.89,17.11,16.88,17.07,5652900
2021-07-13T18:00:00Z,17.07,17.08,16.96,16.96,3190500
2021-07-13T19:00:00Z,16.97,17.04,16.91,16.98,3456500
2021-07-14T13:00:00Z,17.14,17.25,17.11,17.18,15692900
2021-07-14T14:00:00Z,17.18,17.22,17.09,17.17,10829400
2021-07-14T15:00:00Z,17.17,17.17,17.1,17.12,3661000
2021-07-14T16:00:00Z,17.12,17.18,17.12,17.14,2693200
2021-07-14T17:00:00Z,17.13,17.17,17.04,17.15,4854900
2021-07-14T18:00:00Z,17.15,17.2,17.12,17.15,5294400
2021-07-14T19:00:00Z,17.16,17.19,17.05,17.14,5360900
2021-07-15T13:00:00Z,17.05,17.12,16.96,17.05,1824500
2021-07-15T14:00:00Z,17.05,17.14,17.04,17.09,1773300
2021-07-15T15:00:00Z,17.1,17.1,16.95,16.96,2080600
2021-07-15T16:00:00Z,16.95,17.09,16.86,17.08,2241900
2021-07-15T17:00:00Z,17.08,17.09,16.96,16.97,2112900
2021-07-15T18:00:00Z,16.97,17.02,16.93,16.96,2234700
2021-07-15T19:00:00Z,16.96,17.05,16.95,17,3847100
2021-07-16T13:00:00Z,17.04,17.04,16.73,16.75,4217900
2021-07-16T14:00:00Z,16.76,16.95,16.71,16.92,2757000
2021-07-16T15:00:00Z,16.92,16.94,16.82,16.86,751200
2021-07-16T16:00:00Z,16.85,16.9,16.85,16.87,1131600
2021-07-16T17:00:00Z,16.87,16.91,16.83,16.89,1208700
2021-07-16T18:00:00Z,16.89,16.89,16.8,16.81,5856400
2021-07-16T19:00:00Z,16.8,16.86,16.54,16.61,7150700
2021-07-19T13:00:00Z,16.25,16.64,16.24,16.5,3177300
2021-07-19T14:00:00Z,16.48,16.52,16.29,16.36,3882500
2021-07-19T15:00:00Z,16.36,16.45,16.29,16.44,1820500
2021-07-19T16:00:00Z,16.43,16.45,16.31,16.34,1462900
2021-07-19T17:00:00Z,16.34,16.39,16.3,16.31,1305300
2021-07-19T18:00:00Z,16.31,16.4,16.3,16.34,2348200
2021-07-19T19:00:00Z,16.34,16.41,16.32,16.38,3385700
2021-07-20T13:00:00Z,16.26,16.36,16.01,16.36,7201900
2021-07-20T14:00:00Z,16.35,16.36,16.22,16.25,3006500
2021-07-20T15:00:00Z,16.25,16.26,16.13,16.22,3508200
2021-07-20T16:00:00Z,16.21,16.28,16.16,16.27,1570500
2021-07-20T17:00:00Z,16.26,16.28,16.17,16.28,1864100
2021-07-20T18:00:00Z,16.27,16.52,16.27,16.5,5315100
2021-07-20T19:00:00Z,16.5,16.56,16.37,16.39,5207800
2021-07-21T13:00:00Z,16.42,16.45,16.31,16.42,4224800
2021-07-21T14:00:00Z,16.41,16.44,16.17,16.19,6379500
2021-07-21T15:00:00Z,16.19,16.27,16.12,16.18,3786900
2021-07-21T16:00:00Z,16.18,16.23,16.14,16.22,3421600
2021-07-21T17:00:00Z,16.23,16.29,16.19,16.28,2211300
2021-07-21T18:00:00Z,16.28,16.36,16.24,16.35,3003000
2021-07-21T19:00:00Z,16.35,16.39,16.29,16.32,3598500
2021-07-22T13:00:00Z,16.3,16.49,16.28,16.32,10554500
2021-07-22T14:00:00Z,16.32,16.47,16.26,16.31,7677500
2021-07-22T15:00:00Z,16.32,16.52,16.26,16.45,5773500
2021-07-22T16:00:00Z,16.45,16.52,16.44,16.49,2519700
2021-07-22T17:00:00Z,16.49,16.55,16.45,16.51,3861700
2021-07-22T18:00:00Z,16.52,16.63,16.49,16.51,2634200
2021-07-22T19:00:00Z,16.52,16.6,16.41,16.43,2964500
2021-07-23T13:00:00Z,16.58,16.61,16.44,16.49,3578900
2021-07-23T14:00:00Z,16.5,16.55,16.48,16.52,1563500
2021-07-23T15:00:00Z,16.52,16.54,16.35,16.4,2051600
2021-07-23T16:00:00Z,16.4,16.44,16.37,16.38,1001900
2021-07-23T17:00:00Z,16.37,16.44,16.32,16.35,1465100
2021-07-23T18:00:00Z,16.36,16.37,16.21,16.26,2047100
2021-07-23T19:00:00Z,16.26,16.31,16.23,16.3,1535300
2021-07-26T13:00:00Z,16.28,16.34,16.22,16.27,1473500
2021-07-26T14:00:00Z,16.27,16.35,16.23,16.3,1715000
2021-07-26T15:00:00Z,16.3,16.43,16.26,16.4,1956900
2021-07-26T16:00:00Z,16.4,16.47,16.34,16.44,1422500
2021-07-26T17:00:00Z,16.43,16.48,16.4,16.42,1394900
2021-07-26T18:00:00Z,16.43,16.43,16.32,16.37,1746700
2021-07-26T19:00:00Z,16.36,16.42,16.33,16.37,2038700
2021-07-27T13:00:00Z,16.45,16.45,16.25,16.31,2968100
2021-07-27T14:00:00Z,16.32,16.35,16.05,16.09,3137300
2021-07-27T15:00:00Z,16.09,16.14,15.97,16.05,2369900
2021-07-27T16:00:00Z,16.06,16.09,16,16.04,1590400
2021-07-27T17:00:00Z,16.04,16.08,15.95,15.96,1640900
2021-07-27T18:00:00Z,15.96,16.04,15.94,16.03,1969900
2021-07-27T19:00:00Z,16.03,16.15,16,16.06,3782700
2021-07-28T13:00:00Z,16.21,16.29,16.08,16.26,1864900
2021-07-28T14:00:00Z,16.26,16.28,15.86,15.87,15710400
2021-07-28T15:00:00Z,15.87,15.87,15.73,15.81,14824400
2021-07-28T16:00:00Z,15.81,15.81,15.71,15.72,3438000
2021-07-28T17:00:00Z,15.73,15.77,15.59,15.66,5185100
2021-07-28T18:00:00Z,15.66,15.88,15.62,15.81,7203000
2021-07-28T19:00:00Z,15.8,15.87,15.78,15.82,7421600
2021-07-29T13:00:00Z,15.9,15.98,15.78,15.8,4967900
2021-07-29T14:00:00Z,15.8,15.85,15.68,15.83,3208200
2021-07-29T15:00:00Z,15.83,15.92,15.75,15.87,2617400
2021-07-29T16:00:00Z,15.86,15.94,15.74,15.77,8224600
2021-07-29T17:00:00Z,15.77,15.91,15.77,15.9,3015200
2021-07-29T18:00:00Z,15.89,15.94,15.8,15.84,3235800
2021-07-29T19:00:00Z,15.85,15.91,15.68,15.8,8029600
2021-07-30T13:00:00Z,15.67,16.05,15.65,15.85,5774900
2021-07-30T14:00:00Z,15.85,15.87,15.62,15.63,8190300
2021-07-30T15:00:00Z,15.63,15.68,15.58,15.62,3117000
2021-07-30T16:00:00Z,15.62,15.64,15.44,15.44,4551600
2021-07-30T17:00:00Z,15.44,15.53,15.42,15.49,3699200
2021-07-30T18:00:00Z,15.49,15.5,15.26,15.42,5157900
2021-07-30T19:00:00Z,15.42,15.45,15.26,15.32,7355300
2021-08-02T13:00:00Z,15.5,15.92,15.49,15.83,5421600
2021-08-02T14:00:00Z,15.84,15.93,15.8,15.85,5095200
2021-08-02T15:00:00Z,15.85,16,15.83,15.85,5221800
2021-08-02T16:00:00Z,15.85,15.96,15.82,15.85,3239800
2021-08-02T17:00:00Z,15.85,15.89,15.8,15.85,3003800
2021-08-02T18:00:00Z,15.86,15.87,15.74,15.74,2925400
2021-08-02T19:00:00Z,15.75,15.83,15.66,15.74,5319000
2021-08-03T13:00:00Z,15.64,15.9,15.47,15.82,14242700
2021-08-03T14:00:00Z,15.82,15.87,15.73,15.84,9010900
2021-08-03T15:00:00Z,15.85,15.98,15.8,15.84,3251800
2021-08-03T16:00:00Z,15.84,16,15.83,15.97,2663300
2021-08-03T17:00:00Z,15.98,16.01,15.92,15.96,2692300
2021-08-03T18:00:00Z,15.97,16.04,15.95,16,2545200
2021-08-03T19:00:00Z,16,16.08,15.97,16.02,3629800
2021-08-04T13:00:00Z,15.94,16.04,15.78,15.93,2527300
2021-08-04T14:00:00Z,15.92,15.95,15.71,15.8,7911600
2021-08-04T15:00:00Z,15.8,15.81,15.71,15.8,5426400
2021-08-04T16:00:00Z,15.8,15.82,15.75,15.75,3894000
2021-08-04T17:00:00Z,15.75,15.95,15.75,15.94,1865500
2021-08-04T18:00:00Z,15.94,16.03,15.88,15.9,3247400
2021-08-04T19:00:00Z,15.9,16.01,15.84,15.93,5781600
2021-08-05T13:00:00Z,16.06,16.28,16.02,16.17,3590600
2021-08-05T14:00:00Z,16.17,16.23,15.99,16.09,3390700
2021-08-05T15:00:00Z,16.08,16.11,15.92,15.95,1746400
2021-08-05T16:00:00Z,15.94,15.97,15.81,15.84,1894100
2021-08-05T17:00:00Z,15.83,15.92,15.8,15.89,5251100
2021-08-05T18:00:00Z,15.89,15.91,15.76,15.82,2759400
2021-08-05T19:00:00Z,15.82,15.86,15.71,15.73,3186500
2021-08-06T13:00:00Z,15.76,15.79,15.62,15.71,1772600
2021-08-06T14:00:00Z,15.72,15.76,15.59,15.74,1494300
2021-08-06T15:00:00Z,15.74,15.92,15.67,15.91,2672200
2021-08-06T16:00:00Z,15.9,15.99,15.88,15.96,3240400
2021-08-06T17:00:00Z,15.95,16.08,15.9,15.96,2524500
2021-08-06T18:00:00Z,15.96,16.02,15.93,15.94,2350400
2021-08-06T19:00:00Z,15.93,16,15.92,15.93,1715800
2021-08-09T13:00:00Z,15.87,16.06,15.78,15.99,1342200
2021-08-09T14:00:00Z,15.98,16.01,15.69,15.69,2196900
2021-08-09T15:00:00Z,15.69,15.88,15.68,15.81,1483000
2021-08-09T16:00:00Z,15.81,15.84,15.75,15.8,914400
2021-08-09T17:00:00Z,15.81,15.91,15.74,15.81,3848400
2021-08-09T18:00:00Z,15.81,15.84,15.75,15.76,2806200
2021-08-09T19:00:00Z,15.76,15.78,15.71,15.76,2945100
2021-08-10T13:00:00Z,15.85,15.85,15.66,15.73,3668300
2021-08-10T14:00:00Z,15.73,15.75,15.52,15.6,3563700
2021-08-10T15:00:00Z,15.59,15.67,15.55,15.59,1924700
2021-08-10T16:00:00Z,15.59,15.61,15.52,15.57,1756200
2021-08-10T17:00:00Z,15.57,15.61,15.46,15.51,2511000
2021-08-10T18:00:00Z,15.5,15.56,15.46,15.53,1973400
2021-08-10T19:00:00Z,15.53,15.53,15.43,15.49,3777300
2021-08-11T13:00:00Z,15.49,15.57,15.3,15.3,8422300
2021-08-11T14:00:00Z,15.3,15.35,15.11,15.19,7091100
2021-08-11T15:00:00Z,15.18,15.3,15.18,15.25,5770600
2021-08-11T16:00:00Z,15.26,15.28,15.19,15.24,3490200
2021-08-11T17:00:00Z,15.24,15.32,15.21,15.27,4030400
2021-08-11T18:00:00Z,15.28,15.31,15.21,15.25,6290900
2021-08-11T19:00:00Z,15.25,15.27,15.11,15.15,7962900
2021-08-12T13:00:00Z,14.49,14.68,14.21,14.32,15484200
2021-08-12T14:00:00Z,14.32,14.33,13.96,14.03,17954500
2021-08-12T15:00:00Z,14.03,14.48,14.03,14.29,10527300
2021-08-12T16:00:00Z,14.29,14.48,14.27,14.3,5442600
2021-08-12T17:00:00Z,14.3,14.33,14.05,14.09,6731300
2021-08-12T18:00:00Z,14.09,14.12,14.02,14.07,6651800
2021-08-12T19:00:00Z,14.06,14.08,13.85,13.89,13898100
2021-08-13T13:00:00Z,14.1,14.14,13.67,13.69,9151600
2021-08-13T14:00:00Z,13.7,13.85,13.68,13.79,8729900
2021-08-13T15:00:00Z,13.79,14.27,13.78,14.26,13063000
2021-08-13T16:00:00Z,14.26,14.48,14.21,14.43,8365500
2021-08-13T17:00:00Z,14.43,14.57,14.34,14.5,18573300
2021-08-13T18:00:00Z,14.5,14.55,14.41,14.44,9775900
2021-08-13T19:00:00Z,14.44,14.72,14.41,14.66,10281900
2021-08-16T13:00:00Z,14.5,14.61,14.29,14.31,4558000
2021-08-16T14:00:00Z,14.31,14.43,14.3,14.33,2536400
2021-08-16T15:00:00Z,14.34,14.35,14.01,14.07,6429100
2021-08-16T16:00:00Z,14.08,14.11,14.02,14.07,3552200
2021-08-16T17:00:00Z,14.06,14.11,13.97,14.09,4301300
2021-08-16T18:00:00Z,14.08,14.1,13.99,14.03,9402900
2021-08-16T19:00:00Z,14.03,14.08,13.98,14.02,8578200
2021-08-17T13:00:00Z,13.96,14.11,13.85,13.86,4607400
2021-08-17T14:00:00Z,13.86,13.97,13.74,13.86,4121100
2021-08-17T15:00:00Z,13.86,14.02,13.77,13.8,3268300
2021-08-17T16:00:00Z,13.79,13.82,13.61,13.63,4758600
2021-08-17T17:00:00Z,13.62,13.71,13.54,13.63,4272100
2021-08-17T18:00:00Z,13.62,13.76,13.57,13.74,5643700
2021-08-17T19:00:00Z,13.73,13.93,13.7,13.88,5355800
2021-08-18T13:00:00Z,13.94,14.16,13.78,14.13,4993400
2021-08-18T14:00:00Z,14.14,14.14,13.89,13.97,5322700
2021-08-18T15:00:00Z,13.97,14.05,13.88,13.9,4853000
2021-08-18T16:00:00Z,13.9,13.93,13.76,13.87,3089900
2021-08-18T17:00:00Z,13.88,13.99,13.87,13.9,5662600
2021-08-18T18:00:00Z,13.9,13.93,13.64,13.69,13269100
2021-08-18T19:00:00Z,13.7,13.72,13.45,13.5,7654800
2021-08-19T13:00:00Z,13.41,13.75,13.4,13.73,6075300
2021-08-19T14:00:00Z,13.73,13.85,13.63,13.8,4854700
2021-08-19T15:00:00Z,13.8,13.98,13.76,13.92,3963000
2021-08-19T16:00:00Z,13.92,14.09,13.91,14.07,3513100
2021-08-19T17:00:00Z,14.07,14.18,13.98,14.03,3571600
2021-08-19T18:00:00Z,14.03,14.14,14,14.13,3640900
2021-08-19T19:00:00Z,14.13,14.22,14.1,14.22,6334400
2021-08-20T13:00:00Z,13.9,14.07,13.85,14.05,3628800
2021-08-20T14:00:00Z,14.04,14.17,14.04,14.08,2673600
2021-08-20T15:00:00Z,14.08,14.22,14.08,14.12,4177700
2021-08-20T16:00:00Z,14.11,14.23,14.11,14.2,1507900
2021-08-20T17:00:00Z,14.2,14.21,14.1,14.2,1930500
2021-08-20T18:00:00Z,14.19,14.29,14.11,14.17,4283900
2021-08-20T19:00:00Z,14.17,14.28,14.07,14.14,4865300
2021-08-23T13:00:00Z,14.24,14.3,13.92,13.96,4801600
2021-08-23T14:00:00Z,13.96,13.96,13.78,13.84,4730700
2021-08-23T15:00:00Z,13.84,13.87,13.68,13.74,3539900
2021-08-23T16:00:00Z,13.74,13.81,13.66,13.78,1975000
2021-08-23T17:00:00Z,13.78,13.83,13.72,13.75,4689200
2021-08-23T18:00:00Z,13.76,13.76,13.62,13.63,3378200
2021-08-23T19:00:00Z,13.64,13.72,13.59,13.7,7393300
2021-08-24T13:00:00Z,13.85,13.89,13.7,13.83,4995900
2021-08-24T14:00:00Z,13.82,14.13,13.82,14.05,5160600
2021-08-24T15:00:00Z,14.05,14.15,13.98,14.14,2573200
2021-08-24T16:00:00Z,14.15,14.18,14.06,14.11,2748200
2021-08-24T17:00:00Z,14.11,14.2,13.95,14,4168800
2021-08-24T18:00:00Z,14,14.05,13.92,13.93,6857400
2021-08-24T19:00:00Z,13.93,13.94,13.87,13.91,3550300
2021-08-25T13:00:00Z,13.85,13.9,13.74,13.76,3181200
2021-08-25T14:00:00Z,13.76,13.8,13.74,13.77,2446000
2021-08-25T15:00:00Z,13.77,13.79,13.75,13.78,2024300
2021-08-25T16:00:00Z,13.78,13.78,13.7,13.74,1754200
2021-08-25T17:00:00Z,13.74,13.79,13.71,13.77,2403400
2021-08-25T18:00:00Z,13.78,13.98,13.77,13.91,3294300
2021-08-25T19:00:00Z,13.9,13.95,13.84,13.94,3344900
2021-08-26T13:00:00Z,13.95,13.95,13.77,13.85,2861000
2021-08-26T14:00:00Z,13.85,13.9,13.75,13.77,2303900
2021-08-26T15:00:00Z,13.77,13.81,13.64,13.74,4775100
2021-08-26T16:00:00Z,13.74,13.78,13.69,13.72,1481600
2021-08-26T17:00:00Z,13.71,13.76,13.7,13.71,1905300
2021-08-26T18:00:00Z,13.71,13.76,13.66,13.69,3199300
2021-08-26T19:00:00Z,13.69,13.72,13.62,13.66,5488200
2021-08-27T13:00:00Z,13.75,13.83,13.7,13.75,3226600
2021-08-27T14:00:00Z,13.75,13.85,13.74,13.76,2605400
2021-08-27T15:00:00Z,13.76,13.79,13.74,13.77,2454300
2021-08-27T16:00:00Z,13.77,13.79,13.73,13.79,1968400
2021-08-27T17:00:00Z,13.78,13.84,13.77,13.82,3517300
2021-08-27T18:00:00Z,13.82,13.89,13.8,13.81,2531800
2021-08-27T19:00:00Z,13.81,13.94,13.8,13.86,4791600
2021-08-30T13:00:00Z,13.8,13.81,13.6,13.62,4723500
2021-08-30T14:00:00Z,13.62,13.69,13.61,13.69,3800800
2021-08-30T15:00:00Z,13.69,13.74,13.65,13.72,2215400
2021-08-30T16:00:00Z,13.73,13.78,13.69,13.75,2011100
2021-08-30T17:00:00Z,13.76,13.77,13.6,13.64,2643800
2021-08-30T18:00:00Z,13.64,13.73,13.61,13.69,2165100
2021-08-30T19:00:00Z,13.7,13.71,13.64,13.7,2553100
2021-08-31T13:00:00Z,13.75,14.04,13.68,13.88,5270300
2021-08-31T14:00:00Z,13.87,13.95,13.85,13.9,2741100
2021-08-31T15:00:00Z,13.9,13.99,13.8,13.82,3716900
2021-08-31T16:00:00Z,13.81,13.92,13.8,13.87,3461700
2021-08-31T17:00:00Z,13.86,13.95,13.84,13.86,5129300
2021-08-31T18:00:00Z,13.86,14,13.83,13.97,5498700
2021-08-31T19:00:00Z,13.98,13.99,13.84,13.97,5600300
2021-09-01T13:00:00Z,14.2,14.48,14.17,14.44,6275800
2021-09-01T14:00:00Z,14.43,14.44,14.23,14.3,7387400
2021-09-01T15:00:00Z,14.29,14.38,14.24,14.32,5176600
2021-09-01T16:00:00Z,14.32,14.47,14.28,14.41,4323600
2021-09-01T17:00:00Z,14.41,14.55,14.38,14.48,6738300
2021-09-01T18:00:00Z,14.47,14.55,14.27,14.31,6453200
2021-09-01T19:00:00Z,14.31,14.51,14.28,14.43,10533000
2021-09-02T13:00:00Z,14.29,14.29,14.08,14.11,5398600
2021-09-02T14:00:00Z,14.12,14.31,14.1,14.22,13548200
2021-09-02T15:00:00Z,14.23,14.33,14.18,14.23,3828600
2021-09-02T16:00:00Z,14.24,14.26,14.12,14.12,3710300
2021-09-02T17:00:00Z,14.12,14.2,14.05,14.15,4514300
2021-09-02T18:00:00Z,14.15,14.17,13.96,14.08,5563700
2021-09-02T19:00:00Z,14.08,14.13,14.03,14.08,5481000
2021-09-03T13:00:00Z,14.2,14.2,13.88,14,3020000
2021-09-03T14:00:00Z,14,14.03,13.82,13.85,2919400
2021-09-03T15:00:00Z,13.85,13.9,13.76,13.77,2066600
2021-09-03T16:00:00Z,13.77,13.89,13.74,13.77,7745400
2021-09-03T17:00:00Z,13.77,13.84,13.76,13.79,2104800
2021-09-03T18:00:00Z,13.78,13.93,13.77,13.89,3873400
2021-09-03T19:00:00Z,13.89,14,13.82,13.96,4048500
2021-09-06T13:00:00Z,14.03,14.16,13.93,14.05,1719300
2021-09-06T14:00:00Z,14.05,14.18,14,14.12,2593900
2021-09-06T15:00:00Z,14.11,14.17,14.03,14.14,1601400
2021-09-06T16:00:00Z,14.14,14.28,14.13,14.25,1601100
2021-09-06T17:00:00Z,14.23,14.35,14.22,14.28,2045700
2021-09-06T18:00:00Z,14.28,14.32,14.18,14.23,1554900
2021-09-06T19:00:00Z,14.23,14.29,14.2,14.26,1757600
2021-09-08T13:00:00Z,14.13,14.18,13.65,13.69,11522900
2021-09-08T14:00:00Z,13.68,13.74,13.56,13.57,5686400
2021-09-08T15:00:00Z,13.58,13.59,13.45,13.5,7637200
2021-09-08T16:00:00Z,13.49,13.51,13.36,13.43,5636600
2021-09-08T17:00:00Z,13.42,13.49,13.32,13.44,5019300
2021-09-08T18:00:00Z,13.43,13.45,13.24,13.28,8798700
2021-09-08T19:00:00Z,13.28,13.28,13.07,13.19,10332100
2021-09-09T13:00:00Z,13.15,13.43,13.15,13.38,11782100
2021-09-09T14:00:00Z,13.38,13.42,13.3,13.36,5721200
2021-09-09T15:00:00Z,13.37,13.39,13.28,13.33,12337000
2021-09-09T16:00:00Z,13.32,13.44,13.31,13.37,3279300
2021-09-09T17:00:00Z,13.36,13.39,13.22,13.32,3642900
2021-09-09T18:00:00Z,13.31,13.35,13.25,13.31,3900700
2021-09-09T19:00:00Z,13.3,13.8,13.22,13.71,12683500
2021-09-10T13:00:00Z,13.81,14.22,13.8,14.03,9918000
2021-09-10T14:00:00Z,14.03,14.08,13.94,14.01,11626700
2021-09-10T15:00:00Z,14.02,14.2,14,14.18,8019600
2021-09-10T16:00:00Z,14.19,14.28,14.12,14.24,8527100
2021-09-10T17:00:00Z,14.24,14.25,13.71,13.91,12151200
2021-09-10T18:00:00Z,13.91,13.99,13.88,13.95,3920800
2021-09-10T19:00:00Z,13.95,13.98,13.76,13.95,4650900
2021-09-13T13:00:00Z,14.11,14.24,13.93,14.05,4617200
2021-09-13T14:00:00Z,14.04,14.22,14.03,14.21,4305300
2021-09-13T15:00:00Z,14.2,14.39,14.18,14.34,9821000
2021-09-13T16:00:00Z,14.35,14.38,14.3,14.32,2794900
2021-09-13T17:00:00Z,14.33,14.35,14.26,14.3,5108600
2021-09-13T18:00:00Z,14.3,14.33,14.16,14.25,3474900
2021-09-13T19:00:00Z,14.26,14.28,14.19,14.27,4034800
2021-09-14T13:00:00Z,14.24,14.4,14.24,14.25,5867200
2021-09-14T14:00:00Z,14.24,14.34,14.2,14.25,3536100
2021-09-14T15:00:00Z,14.24,14.36,14.23,14.33,2625900
2021-09-14T16:00:00Z,14.34,14.35,14.29,14.31,2764000
2021-09-14T17:00:00Z,14.31,14.37,14.31,14.35,4365500
2021-09-14T18:00:00Z,14.34,14.36,14.26,14.29,2654500
2021-09-14T19:00:00Z,14.29,14.29,14.1,14.17,4849900
2021-09-15T13:00:00Z,14.24,14.24,13.85,13.94,3549100
2021-09-15T14:00:00Z,13.94,13.94,13.79,13.9,2858200
2021-09-15T15:00:00Z,13.91,14,13.89,13.96,2113000
2021-09-15T16:00:00Z,13.95,14.01,13.91,14,2967900
2021-09-15T17:00:00Z,14,14.04,13.96,14.01,6317100
2021-09-15T18:00:00Z,14.01,14.04,13.95,13.99,2262300
2021-09-15T19:00:00Z,14,14.06,13.97,14.02,3291000
2021-09-16T13:00:00Z,13.91,13.98,13.84,13.9,5525700
2021-09-16T14:00:00Z,13.89,14,13.87,13.96,3073800
2021-09-16T15:00:00Z,13.95,13.98,13.9,13.97,2049500
2021-09-16T16:00:00Z,13.98,14,13.94,13.99,3470000
2021-09-16T17:00:00Z,13.99,14.01,13.93,13.98,3114500
2021-09-16T18:00:00Z,13.98,14.07,13.97,14.05,2915500
2021-09-16T19:00:00Z,14.04,14.16,14,14.12,4323500
2021-09-17T13:00:00Z,14.02,14.1,13.95,14.03,3235500
2021-09-17T14:00:00Z,14.02,14.11,13.97,13.99,14364000
2021-09-17T15:00:00Z,13.99,14.05,13.97,14,5440800
2021-09-17T16:00:00Z,14,14.06,13.97,13.99,4090900
2021-09-17T17:00:00Z,13.99,14.05,13.95,14,4766200
2021-09-17T18:00:00Z,14,14.06,13.98,13.99,3623200
2021-09-17T19:00:00Z,13.98,14.23,13.98,14.12,6975300
2021-09-20T13:00:00Z,13.94,13.98,13.66,13.73,8495700
2021-09-20T14:00:00Z,13.72,13.78,13.59,13.62,6921300
2021-09-20T15:00:00Z,13.61,13.7,13.6,13.67,3564900
2021-09-20T16:00:00Z,13.67,13.76,13.63,13.67,4929800
2021-09-20T17:00:00Z,13.68,13.83,13.64,13.8,5629100
2021-09-20T18:00:00Z,13.8,13.81,13.61,13.63,6362800
2021-09-20T19:00:00Z,13.63,13.69,13.55,13.67,6426600
2021-09-21T13:00:00Z,13.8,13.84,13.6,13.76,12765700
2021-09-21T14:00:00Z,13.75,13.79,13.59,13.66,4471300
2021-09-21T15:00:00Z,13.68,13.82,13.63,13.77,6516300
2021-09-21T16:00:00Z,13.77,13.84,13.63,13.63,6908600
2021-09-21T17:00:00Z,13.63,13.7,13.63,13.68,3669700
2021-09-21T18:00:00Z,13.68,13.71,13.58,13.62,22894500
2021-09-21T19:00:00Z,13.62,13.66,13.55,13.55,6195200
2021-09-22T13:00:00Z,13.75,13.78,13.55,13.65,5992000
2021-09-22T14:00:00Z,13.66,13.73,13.57,13.58,13886200
2021-09-22T15:00:00Z,13.58,13.88,13.54,13.88,25585700
2021-09-22T16:00:00Z,13.87,14.15,13.83,14.05,20642200
2021-09-22T17:00:00Z,14.05,14.21,14.05,14.21,9024700
2021-09-22T18:00:00Z,14.21,14.44,14.16,14.33,21190100
2021-09-22T19:00:00Z,14.33,14.34,14.18,14.21,6305900
2021-09-23T13:00:00Z,14.2,14.23,14.01,14.12,5100800
2021-09-23T14:00:00Z,14.12,14.13,13.97,13.98,5977700
2021-09-23T15:00:00Z,13.99,14.02,13.94,13.97,5915500
2021-09-23T16:00:00Z,13.97,13.98,13.87,13.88,3436900
2021-09-23T17:00:00Z,13.88,13.95,13.81,13.84,11749700
2021-09-23T18:00:00Z,13.85,13.85,13.74,13.78,6850600
2021-09-23T19:00:00Z,13.78,13.86,13.76,13.83,8518000
2021-09-24T13:00:00Z,13.75,13.82,13.66,13.7,6528300
2021-09-24T14:00:00Z,13.71,13.78,13.66,13.68,16442000
2021-09-24T15:00:00Z,13.68,13.75,13.64,13.73,3708900
2021-09-24T16:00:00Z,13.73,13.75,13.66,13.68,5619000
2021-09-24T17:00:00Z,13.68,13.85,13.68,13.81,2554900
2021-09-24T18:00:00Z,13.81,13.89,13.8,13.84,2572200
2021-09-24T19:00:00Z,13.84,13.88,13.78,13.86,3826000
2021-09-27T13:00:00Z,13.9,13.9,13.62,13.69,5595500
2021-09-27T14:00:00Z,13.68,13.72,13.66,13.68,3004500
2021-09-27T15:00:00Z,13.68,13.7,13.6,13.63,4805500
2021-09-27T16:00:00Z,13.63,13.67,13.58,13.63,3733100
2021-09-27T17:00:00Z,13.63,13.65,13.55,13.59,4912600
2021-09-27T18:00:00Z,13.59,13.6,13.47,13.54,7496000
2021-09-27T19:00:00Z,13.54,13.99,13.52,13.66,11189800
2021-09-28T13:00:00Z,13.65,13.65,13.34,13.35,8149800
2021-09-28T14:00:00Z,13.36,13.39,12.98,13.05,13438400
2021-09-28T15:00:00Z,13.05,13.15,13.01,13.07,5410500
2021-09-28T16:00:00Z,13.07,13.14,13.04,13.06,4508300
2021-09-28T17:00:00Z,13.05,13.07,12.96,12.98,7441200
2021-09-28T18:00:00Z,12.98,13.03,12.94,12.97,7362700
2021-09-28T19:00:00Z,12.96,13.02,12.89,13,9540500
2021-09-29T13:00:00Z,12.92,12.96,12.77,12.91,7623500
2021-09-29T14:00:00Z,12.91,12.95,12.83,12.89,6477300
2021-09-29T15:00:00Z,12.89,13.02,12.85,12.86,3564100
2021-09-29T16:00:00Z,12.86,12.88,12.78,12.84,5626000
2021-09-29T17:00:00Z,12.83,12.85,12.66,12.69,6605900
2021-09-29T18:00:00Z,12.69,12.78,12.68,12.74,3511200
2021-09-29T19:00:00Z,12.74,12.81,12.7,12.71,5864500
2021-09-30T13:00:00Z,12.67,13,12.56,12.95,5868200
2021-09-30T14:00:00Z,12.94,12.96,12.73,12.81,6128200
2021-09-30T15:00:00Z,12.8,12.88,12.76,12.83,2783600
2021-09-30T16:00:00Z,12.83,12.84,12.67,12.78,7385700
2021-09-30T17:00:00Z,12.77,12.81,12.73,12.77,3510800
2021-09-30T18:00:00Z,12.77,12.84,12.75,12.77,3353700
2021-09-30T19:00:00Z,12.78,12.88,12.74,12.78,5040600
2021-10-01T13:00:00Z,12.81,13.02,12.8,12.98,4369000
2021-10-01T14:00:00Z,12.98,13.13,12.93,12.97,10938400
2021-10-01T15:00:00Z,12.96,13.06,12.93,13.05,4507700
2021-10-01T16:00:00Z,13.04,13.2,13.03,13.14,6305900
2021-10-01T17:00:00Z,13.14,13.3,13.13,13.28,6849800
2021-10-01T18:00:00Z,13.28,13.39,13.22,13.25,7588300
2021-10-01T19:00:00Z,13.25,13.27,13.13,13.13,12912500
2021-10-04T13:00:00Z,13.11,13.12,12.75,12.81,7935000
2021-10-04T14:00:00Z,12.82,12.82,12.51,12.52,9459800
2021-10-04T15:00:00Z,12.52,12.58,12.43,12.52,14448700
2021-10-04T16:00:00Z,12.52,12.52,12.41,12.41,3537400
2021-10-04T17:00:00Z,12.41,12.51,12.38,12.46,4310000
2021-10-04T18:00:00Z,12.46,12.52,12.45,12.49,4191800
2021-10-04T19:00:00Z,12.49,12.54,12.33,12.37,8012200
2021-10-05T13:00:00Z,12.57,12.58,12.26,12.35,5765900
2021-10-05T14:00:00Z,12.36,12.42,12.25,12.29,4664100
2021-10-05T15:00:00Z,12.29,12.45,12.28,12.41,3361600
2021-10-05T16:00:00Z,12.4,12.5,12.38,12.42,2035700
2021-10-05T17:00:00Z,12.41,12.42,12.34,12.36,2948500
2021-10-05T18:00:00Z,12.35,12.38,12.3,12.33,2932500
2021-10-05T19:00:00Z,12.34,12.35,12.16,12.17,4895400
2021-10-06T13:00:00Z,11.9,12.2,11.72,11.85,13075400
2021-10-06T14:00:00Z,11.85,12.06,11.8,12.02,9153100
2021-10-06T15:00:00Z,12.01,12.02,11.87,11.93,6817000
2021-10-06T16:00:00Z,11.93,11.97,11.82,11.87,4482900
2021-10-06T17:00:00Z,11.86,12.15,11.83,12.15,7292100
2021-10-06T18:00:00Z,12.16,12.26,12.09,12.17,6734600
2021-10-06T19:00:00Z,12.17,12.25,12.07,12.22,10507700
2021-10-07T13:00:00Z,12.24,12.37,12.17,12.34,6945300
2021-10-07T14:00:00Z,12.34,12.47,12.32,12.45,7280200
2021-10-07T15:00:00Z,12.43,12.46,12.3,12.44,4735400
2021-10-07T16:00:00Z,12.44,12.54,12.43,12.46,3294200
2021-10-07T17:00:00Z,12.46,12.46,12.35,12.38,5382200
2021-10-07T18:00:00Z,12.37,12.43,12.31,12.31,2913400
2021-10-07T19:00:00Z,12.31,12.36,12.26,12.3,3956100
2021-10-08T13:00:00Z,12.25,12.53,12.25,12.43,12715100
2021-10-08T14:00:00Z,12.42,12.53,12.36,12.51,5306400
2021-10-08T15:00:00Z,12.51,12.85,12.51,12.77,6208600
2021-10-08T16:00:00Z,12.77,12.77,12.67,12.69,2946800
2021-10-08T17:00:00Z,12.69,12.74,12.66,12.7,4076100
2021-10-08T18:00:00Z,12.7,12.72,12.45,12.48,5415900
2021-10-08T19:00:00Z,12.48,12.51,12.44,12.48,5754300
2021-10-11T13:00:00Z,12.43,12.55,12.25,12.38,4777300
2021-10-11T14:00:00Z,12.38,12.38,12.27,12.27,3198700
2021-10-11T15:00:00Z,12.27,12.39,12.24,12.3,8816400
2021-10-11T16:00:00Z,12.3,12.3,12.07,12.13,8262300
2021-10-11T17:00:00Z,12.13,12.14,11.98,12,8673400
2021-10-11T18:00:00Z,12.01,12.03,11.95,12,5327000
2021-10-11T19:00:00Z,12,12.05,11.95,11.98,8892400
2021-10-13T13:00:00Z,12.2,12.57,12.1,12.5,26783400
2021-10-13T14:00:00Z,12.49,12.63,12.45,12.63,18377300
2021-10-13T15:00:00Z,12.63,12.84,12.61,12.74,11738500
2021-10-13T16:00:00Z,12.75,12.79,12.67,12.76,9481400
2021-10-13T17:00:00Z,12.76,12.81,12.73,12.78,19133500
2021-10-13T18:00:00Z,12.78,12.93,12.76,12.9,27741700
2021-10-13T19:00:00Z,12.9,12.97,12.85,12.92,9922400
2021-10-14T13:00:00Z,13.01,13.13,12.81,12.99,15285800
2021-10-14T14:00:00Z,13,13,12.81,12.86,7248900
2021-10-14T15:00:00Z,12.86,12.87,12.7,12.81,5835600
2021-10-14T16:00:00Z,12.81,12.81,12.7,12.74,3844000
2021-10-14T17:00:00Z,12.74,12.8,12.69,12.78,2167100
2021-10-14T18:00:00Z,12.77,12.78,12.71,12.73,3457400
2021-10-14T19:00:00Z,12.73,12.8,12.66,12.8,6286500
2021-10-15T13:00:00Z,12.75,13.09,12.73,13.06,16554100
2021-10-15T14:00:00Z,13.06,13.26,13.02,13.12,13762900
2021-10-15T15:00:00Z,13.12,13.25,13.08,13.16,5536700
2021-10-15T16:00:00Z,13.17,13.19,13.09,13.16,2560100
2021-10-15T17:00:00Z,13.16,13.17,13.1,13.1,4317600
2021-10-15T18:00:00Z,13.11,13.17,13.07,13.11,5065400
2021-10-15T19:00:00Z,13.11,13.19,13.07,13.15,8538400
2021-10-18T13:00:00Z,13.17,13.19,12.85,12.95,7613500
2021-10-18T14:00:00Z,12.95,13.02,12.92,12.96,14477100
2021-10-18T15:00:00Z,12.96,13.05,12.95,13.05,3518400
2021-10-18T16:00:00Z,13.05,13.12,12.99,13.02,2582100
2021-10-18T17:00:00Z,13.02,13.1,12.98,13.08,2696600
2021-10-18T18:00:00Z,13.09,13.09,13.04,13.05,2577500
2021-10-18T19:00:00Z,13.05,13.05,12.93,12.93,3143300
2021-10-19T13:00:00Z,12.83,12.83,12.54,12.58,14437300
2021-10-19T14:00:00Z,12.58,12.92,12.56,12.83,20912400
2021-10-19T15:00:00Z,12.84,12.85,12.71,12.79,8761900
2021-10-19T16:00:00Z,12.78,12.8,12.62,12.66,5837000
2021-10-19T17:00:00Z,12.66,12.77,12.65,12.67,4912000
2021-10-19T18:00:00Z,12.66,12.68,12.4,12.41,12927100
2021-10-19T19:00:00Z,12.41,12.7,12.36,12.52,11054600
2021-10-20T13:00:00Z,12.72,13,12.67,12.96,19488800
2021-10-20T14:00:00Z,12.97,13.15,12.94,13.04,18911800
2021-10-20T15:00:00Z,13.02,13.12,13,13.03,7522900
2021-10-20T16:00:00Z,13.04,13.14,13.03,13.11,7181100
2021-10-20T17:00:00Z,13.11,13.13,12.98,13.1,7666100
2021-10-20T18:00:00Z,13.11,13.27,13.05,13.15,5706800
2021-10-20T19:00:00Z,13.15,13.2,13.07,13.14,10013100
2021-10-21T13:00:00Z,12.85,13.11,12.83,13.07,14111500
2021-10-21T14:00:00Z,13.05,13.1,13.02,13.09,8668200
2021-10-21T15:00:00Z,13.09,13.19,13.02,13.09,15962100
2021-10-21T16:00:00Z,13.09,13.18,13.06,13.1,8698500
2021-10-21T17:00:00Z,13.09,13.11,12.64,12.73,11163900
2021-10-21T18:00:00Z,12.72,13.03,12.65,12.87,10760000
2021-10-21T19:00:00Z,12.87,13.05,12.87,12.97,13242000
2021-10-22T13:00:00Z,12.95,12.95,12.55,12.61,13309300
2021-10-22T14:00:00Z,12.6,12.66,12.25,12.26,13903100
2021-10-22T15:00:00Z,12.26,12.54,12.21,12.45,12458800
2021-10-22T16:00:00Z,12.45,12.64,12.27,12.39,7448400
2021-10-22T17:00:00Z,12.38,12.7,12.37,12.54,9317800
2021-10-22T18:00:00Z,12.53,12.79,12.48,12.6,10537600
2021-10-22T19:00:00Z,12.61,12.71,12.53,12.61,5886900
2021-10-25T13:00:00Z,12.65,12.91,12.6,12.78,6740300
2021-10-25T14:00:00Z,12.79,12.95,12.79,12.84,4178500
2021-10-25T15:00:00Z,12.84,12.9,12.76,12.83,2745400
2021-10-25T16:00:00Z,12.83,13.04,12.81,12.95,3268700
2021-10-25T17:00:00Z,12.95,13.04,12.88,12.91,2803500
2021-10-25T18:00:00Z,12.91,13.05,12.88,13,4018300
2021-10-25T19:00:00Z,13,13.01,12.85,12.92,7359100
2021-10-26T13:00:00Z,12.65,12.71,12.3,12.37,12247800
2021-10-26T14:00:00Z,12.36,12.42,12.2,12.24,12948800
2021-10-26T15:00:00Z,12.24,12.26,12.17,12.2,5203500
2021-10-26T16:00:00Z,12.19,12.23,12.14,12.19,4358000
2021-10-26T17:00:00Z,12.19,12.29,12.16,12.21,5240400
2021-10-26T18:00:00Z,12.21,12.29,12.19,12.22,3449700
2021-10-26T19:00:00Z,12.22,12.28,12.14,12.17,4395800
2021-10-27T13:00:00Z,12.15,12.41,12.08,12.34,5672400
2021-10-27T14:00:00Z,12.34,12.43,12.27,12.27,4634200
2021-10-27T15:00:00Z,12.27,12.36,12.16,12.18,3189400
2021-10-27T16:00:00Z,12.17,12.27,12.14,12.2,3386100
2021-10-27T17:00:00Z,12.2,12.26,12.17,12.21,3636400
2021-10-27T18:00:00Z,12.21,12.24,12.17,12.19,3402100
2021-10-27T19:00:00Z,12.19,12.21,12.05,12.15,6944300
2021-10-28T13:00:00Z,12,12.24,11.93,12.17,3891900
2021-10-28T14:00:00Z,12.16,12.17,11.94,11.96,3599500
2021-10-28T15:00:00Z,11.97,12,11.8,11.89,3855800
2021-10-28T16:00:00Z,11.89,12.09,11.87,12.01,4326800
2021-10-28T17:00:00Z,12.01,12.28,11.98,12.14,4361000
2021-10-28T18:00:00Z,12.14,12.22,12,12.03,3939100
2021-10-28T19:00:00Z,12.03,12.12,11.97,12.07,4952500
2021-10-29T13:00:00Z,12.2,12.31,11.91,11.97,5366900
2021-10-29T14:00:00Z,11.97,12.13,11.96,12.13,3195400
2021-10-29T15:00:00Z,12.12,12.13,11.94,11.97,2019100
2021-10-29T16:00:00Z,11.97,12.05,11.91,12.02,1559500
2021-10-29T17:00:00Z,12.02,12.07,11.97,12.01,2933400
2021-10-29T18:00:00Z,12.01,12.13,11.85,12.02,3003300
2021-10-29T19:00:00Z,12.02,12.08,11.88,11.94,2663100
2021-11-01T13:00:00Z,11.95,12.12,11.87,12.05,3626400
2021-11-01T14:00:00Z,12.06,12.13,12,12.03,3404600
2021-11-01T15:00:00Z,12.02,12.15,12,12.13,2739300
2021-11-01T16:00:00Z,12.14,12.15,12.03,12.14,1877400
2021-11-01T17:00:00Z,12.14,12.14,11.99,12,1862600
2021-11-01T18:00:00Z,12.01,12.03,11.95,12.03,3093600
2021-11-01T19:00:00Z,12.02,12.11,12,12.05,2931000
2021-11-03T13:00:00Z,11.96,12.01,11.63,11.68,11263000
2021-11-03T14:00:00Z,11.68,11.92,11.65,11.86,12359100
2021-11-03T15:00:00Z,11.86,12.09,11.78,12.07,6557500
2021-11-03T16:00:00Z,12.07,12.07,11.85,11.86,4364600
2021-11-03T17:00:00Z,11.86,11.88,11.72,11.83,5319900
2021-11-03T18:00:00Z,11.84,12.12,11.78,12.09,7277000
2021-11-03T19:00:00Z,12.09,12.15,11.93,11.98,7918000
2021-11-04T13:00:00Z,11.92,11.97,11.78,11.85,3090500
2021-11-04T14:00:00Z,11.84,11.95,11.77,11.93,3952700
2021-11-04T15:00:00Z,11.93,12.01,11.84,12,2715700
2021-11-04T16:00:00Z,12.01,12.02,11.87,11.91,3151000
2021-11-04T17:00:00Z,11.9,11.97,11.83,11.88,2646500
2021-11-04T18:00:00Z,11.88,11.94,11.8,11.89,3267700
2021-11-04T19:00:00Z,11.89,12,11.86,11.92,2970500
2021-11-05T13:00:00Z,12.08,12.48,12.02,12.42,6000000
2021-11-05T14:00:00Z,12.43,12.47,12.24,12.41,7094600
2021-11-05T15:00:00Z,12.41,12.45,12.34,12.38,2854500
2021-11-05T16:00:00Z,12.38,12.48,12.36,12.39,3260800
2021-11-05T17:00:00Z,12.4,12.4,12.19,12.31,5473000
2021-11-05T18:00:00Z,12.31,12.38,12.29,12.29,2675600
2021-11-05T19:00:00Z,12.29,12.4,12.23,12.4,4374300
2021-11-08T13:00:00Z,12.26,12.3,12.07,12.22,2706100
2021-11-08T14:00:00Z,12.22,12.25,12.12,12.22,2252200
2021-11-08T15:00:00Z,12.22,12.23,12.12,12.15,2323400
2021-11-08T16:00:00Z,12.16,12.24,12.12,12.2,1539300
2021-11-08T17:00:00Z,12.2,12.25,12.15,12.2,1739300
2021-11-08T18:00:00Z,12.19,12.21,12.11,12.15,2388100
2021-11-08T19:00:00Z,12.16,12.21,12.14,12.21,1601900
2021-11-08T20:00:00Z,12.2,12.24,12.17,12.19,2900200
2021-11-09T13:00:00Z,12.28,12.59,12.22,12.59,3042200
2021-11-09T14:00:00Z,12.6,12.68,12.47,12.49,2986000
2021-11-09T15:00:00Z,12.49,12.62,12.46,12.61,5249500
2021-11-09T16:00:00Z,12.62,12.72,12.5,12.69,3619600
2021-11-09T17:00:00Z,12.7,12.77,12.6,12.71,3552700
2021-11-09T18:00:00Z,12.72,12.8,12.61,12.66,3850400
2021-11-09T19:00:00Z,12.67,12.69,12.6,12.64,4023100
2021-11-09T20:00:00Z,12.63,12.78,12.59,12.71,3824000
2021-11-10T13:00:00Z,12.56,12.79,12.5,12.73,6588100
2021-11-10T14:00:00Z,12.73,12.88,12.69,12.85,5640200
2021-11-10T15:00:00Z,12.85,12.88,12.75,12.78,3078200
2021-11-10T16:00:00Z,12.78,12.85,12.75,12.79,3144600
2021-11-10T17:00:00Z,12.79,12.81,12.73,12.74,2890200
2021-11-10T18:00:00Z,12.75,12.77,12.6,12.63,6496800
2021-11-10T19:00:00Z,12.63,12.69,12.58,12.65,5213000
2021-11-10T20:00:00Z,12.64,12.68,12.63,12.65,4318600
2021-11-11T14:00:00Z,12.93,13.07,12.9,13.06,4190700
2021-11-11T15:00:00Z,13.06,13.19,13.05,13.13,9044200
2021-11-11T16:00:00Z,13.12,13.19,13.07,13.16,6844900
2021-11-11T17:00:00Z,13.16,13.2,13.12,13.14,3086500
2021-11-11T18:00:00Z,13.15,13.18,13.11,13.13,6694800
2021-11-11T19:00:00Z,13.13,13.14,13.08,13.12,5511400
2021-11-11T20:00:00Z,13.12,13.21,13.08,13.12,3959200
2021-11-12T13:00:00Z,13.19,13.29,13.02,13.08,2098200
2021-11-12T14:00:00Z,13.09,13.15,12.9,12.95,4950500
2021-11-12T15:00:00Z,12.94,13.03,12.89,13.01,3485600
2021-11-12T16:00:00Z,13,13.16,13,13.16,3244400
2021-11-12T17:00:00Z,13.16,13.21,13.05,13.09,3989500
2021-11-12T18:00:00Z,13.1,13.13,13.07,13.1,2318400
2021-11-12T19:00:00Z,13.09,13.12,13.05,13.07,2689100
2021-11-12T20:00:00Z,13.08,13.12,13.02,13.07,13479100
2021-11-16T13:00:00Z,12.96,13.39,12.92,13.19,4177100
2021-11-16T14:00:00Z,13.19,13.21,12.95,12.95,4868100
2021-11-16T15:00:00Z,12.96,12.99,12.87,12.91,5221700
2021-11-16T16:00:00Z,12.9,12.99,12.89,12.91,3633400
2021-11-16T17:00:00Z,12.91,12.95,12.88,12.93,2873900
2021-11-16T18:00:00Z,12.93,12.96,12.87,12.88,3117200
2021-11-16T19:00:00Z,12.88,12.91,12.79,12.83,5649500
2021-11-16T20:00:00Z,12.84,12.87,12.67,12.78,9316300
2021-11-17T13:00:00Z,12.87,13.02,12.75,12.84,3214800
2021-11-17T14:00:00Z,12.84,12.87,12.62,12.62,5696300
2021-11-17T15:00:00Z,12.63,12.77,12.62,12.77,8614000
2021-11-17T16:00:00Z,12.76,12.8,12.64,12.71,11364700
2021-11-17T17:00:00Z,12.71,12.75,12.6,12.6,5247800
2021-11-17T18:00:00Z,12.61,12.61,12.4,12.41,4891100
2021-11-17T19:00:00Z,12.42,12.58,12.41,12.56,5183800
2021-11-17T20:00:00Z,12.56,12.66,12.53,12.66,6136700
2021-11-18T13:00:00Z,12.76,12.86,12.67,12.7,2716600
2021-11-18T14:00:00Z,12.7,12.79,12.62,12.62,4004600
2021-11-18T15:00:00Z,12.62,12.63,12.49,12.55,6073300
2021-11-18T16:00:00Z,12.54,12.6,12.46,12.5,3269500
2021-11-18T17:00:00Z,12.49,12.53,12.33,12.33,3325800
2021-11-18T18:00:00Z,12.34,12.51,12.31,12.43,3691700
2021-11-18T19:00:00Z,12.44,12.48,12.38,12.47,6133200
2021-11-18T20:00:00Z,12.47,12.55,12.4,12.45,8763200
2021-11-19T13:00:00Z,12.56,12.65,12.36,12.55,2836600
2021-11-19T14:00:00Z,12.55,12.75,12.49,12.61,7790100
2021-11-19T15:00:00Z,12.61,12.65,12.54,12.54,4320600
2021-11-19T16:00:00Z,12.54,12.63,12.48,12.58,2408500
2021-11-19T17:00:00Z,12.58,12.62,12.45,12.5,3706000
2021-11-19T18:00:00Z,12.51,12.54,12.38,12.39,2736700
2021-11-19T19:00:00Z,12.38,12.48,12.38,12.45,3850700
2021-11-19T20:00:00Z,12.46,12.48,12.4,12.48,4380200
2021-11-22T13:00:00Z,12.53,12.64,12.27,12.62,2268100
2021-11-22T14:00:00Z,12.64,12.69,12.44,12.46,3151600
2021-11-22T15:00:00Z,12.46,12.57,12.4,12.54,2407500
2021-11-22T16:00:00Z,12.54,12.57,12.4,12.44,1885300
2021-11-22T17:00:00Z,12.44,12.48,12.3,12.3,2277000
2021-11-22T18:00:00Z,12.31,12.33,12.09,12.16,3005700
2021-11-22T19:00:00Z,12.15,12.23,12.12,12.13,1959900
2021-11-22T20:00:00Z,12.13,12.17,12.03,12.08,2579300
2021-11-23T13:00:00Z,12.15,12.19,11.95,12.11,3713000
2021-11-23T14:00:00Z,12.11,12.18,11.99,12.06,5795800
2021-11-23T15:00:00Z,12.05,12.07,11.73,11.73,4966000
2021-11-23T16:00:00Z,11.73,11.86,11.71,11.83,4226300
2021-11-23T17:00:00Z,11.83,11.93,11.75,11.77,4299200
2021-11-23T18:00:00Z,11.77,12.03,11.76,11.98,6717600
2021-11-23T19:00:00Z,11.97,11.99,11.84,11.94,3752500
2021-11-23T20:00:00Z,11.94,12,11.86,11.93,6249900
2021-11-24T13:00:00Z,11.82,11.9,11.68,11.74,3389600
2021-11-24T14:00:00Z,11.75,11.99,11.73,11.99,2253800
2021-11-24T15:00:00Z,11.98,12.12,11.97,12.11,3307400
2021-11-24T16:00:00Z,12.1,12.2,12.1,12.16,2824900
2021-11-24T17:00:00Z,12.17,12.21,12.12,12.19,2276100
2021-11-24T18:00:00Z,12.19,12.22,12.08,12.1,2167200
2021-11-24T19:00:00Z,12.09,12.2,12.07,12.17,2153900
2021-11-24T20:00:00Z,12.17,12.27,12.16,12.22,3727700
2021-11-25T13:00:00Z,12.19,12.37,12.17,12.24,1885900
2021-11-25T14:00:00Z,12.23,12.36,12.22,12.34,1607100
2021-11-25T15:00:00Z,12.34,12.44,12.34,12.39,1600100
2021-11-25T16:00:00Z,12.38,12.44,12.36,12.38,1241500
2021-11-25T17:00:00Z,12.38,12.47,12.34,12.46,1236400
2021-11-25T18:00:00Z,12.45,12.46,12.34,12.36,2078200
2021-11-25T19:00:00Z,12.36,12.43,12.3,12.33,1494400
2021-11-25T20:00:00Z,12.34,12.36,12.3,12.33,1152600
2021-11-26T13:00:00Z,12,12.06,11.85,11.91,2302400
2021-11-26T14:00:00Z,11.9,11.93,11.8,11.86,2496700
2021-11-26T15:00:00Z,11.85,11.86,11.7,11.77,2578200
2021-11-26T16:00:00Z,11.77,11.81,11.73,11.78,1480700
2021-11-26T17:00:00Z,11.78,11.85,11.76,11.8,2217100
2021-11-26T18:00:00Z,11.79,11.83,11.71,11.77,2438900
2021-11-26T19:00:00Z,11.77,11.81,11.75,11.77,2078500
2021-11-26T20:00:00Z,11.76,11.81,11.72,11.74,2252100
2021-11-29T13:00:00Z,11.85,11.88,11.53,11.65,6424600
2021-11-29T14:00:00Z,11.65,11.76,11.42,11.42,6981400
2021-11-29T15:00:00Z,11.43,11.45,11.35,11.41,3671700
2021-11-29T16:00:00Z,11.41,11.42,11.23,11.23,3655000
2021-11-29T17:00:00Z,11.24,11.41,11.21,11.39,7762100
2021-11-29T18:00:00Z,11.4,11.6,11.37,11.59,6417600
2021-11-29T19:00:00Z,11.58,11.6,11.48,11.54,4962900
2021-11-29T20:00:00Z,11.54,11.59,11.46,11.51,4599800
2021-11-30T13:00:00Z,11.43,11.49,11.29,11.33,3327000
2021-11-30T14:00:00Z,11.34,11.38,11.28,11.34,3118600
2021-11-30T15:00:00Z,11.33,11.42,11.04,11.04,4471900
2021-11-30T16:00:00Z,11.04,11.15,11,11.07,4398400
2021-11-30T17:00:00Z,11.07,11.09,10.97,11.05,4170800
2021-11-30T18:00:00Z,11.05,11.08,10.96,11.07,7306100
2021-11-30T19:00:00Z,11.06,11.13,11,11.13,7394200
2021-11-30T20:00:00Z,11.12,11.18,11.08,11.13,7825900
2021-12-01T13:00:00Z,11.29,11.41,11.23,11.35,4029700
2021-12-01T14:00:00Z,11.35,11.5,11.34,11.45,3332000
2021-12-01T15:00:00Z,11.46,11.51,11.4,11.47,2548000
2021-12-01T16:00:00Z,11.46,11.48,11.22,11.27,2736500
2021-12-01T17:00:00Z,11.28,11.34,11.21,11.21,2774800
2021-12-01T18:00:00Z,11.21,11.26,10.99,11.05,5035300
2021-12-01T19:00:00Z,11.06,11.16,11.03,11.07,4943000
2021-12-01T20:00:00Z,11.07,11.14,11,11.07,4401400
2021-12-02T13:00:00Z,11.28,11.4,11.17,11.35,4055100
2021-12-02T14:00:00Z,11.36,11.61,11.31,11.54,9030200
2021-12-02T15:00:00Z,11.55,11.55,11.44,11.49,3054700
2021-12-02T16:00:00Z,11.5,11.57,11.4,11.56,5468200
2021-12-02T17:00:00Z,11.56,11.57,11.43,11.45,2354600
2021-12-02T18:00:00Z,11.45,11.47,11.32,11.35,2145200
2021-12-02T19:00:00Z,11.35,11.37,11.27,11.28,1741300
2021-12-02T20:00:00Z,11.27,11.4,11.24,11.39,5045500
2021-12-03T13:00:00Z,11.45,11.8,11.42,11.76,7384500
2021-12-03T14:00:00Z,11.75,11.86,11.69,11.86,5616500
2021-12-03T15:00:00Z,11.86,11.88,11.65,11.69,3238300
2021-12-03T16:00:00Z,11.7,11.76,11.6,11.63,2162900
2021-12-03T17:00:00Z,11.63,11.72,11.57,11.66,1709700
2021-12-03T18:00:00Z,11.66,11.69,11.61,11.64,1057700
2021-12-03T19:00:00Z,11.64,11.66,11.51,11.52,2675700
2021-12-03T20:00:00Z,11.52,11.63,11.48,11.63,2696600
2021-12-06T13:00:00Z,11.75,11.8,11.64,11.79,4815500
2021-12-06T14:00:00Z,11.79,11.87,11.7,11.85,3684500
2021-12-06T15:00:00Z,11.85,12.02,11.85,11.93,7340100
2021-12-06T16:00:00Z,11.92,11.94,11.83,11.87,2751400
2021-12-06T17:00:00Z,11.86,11.91,11.77,11.86,2554200
2021-12-06T18:00:00Z,11.87,11.9,11.82,11.85,2326500
2021-12-06T19:00:00Z,11.86,11.87,11.8,11.83,3200800
2021-12-06T20:00:00Z,11.83,11.86,11.81,11.85,2689500
2021-12-07T13:00:00Z,12.01,12.11,11.91,12.03,8330700
2021-12-07T14:00:00Z,12.03,12.14,12.03,12.1,3410900
2021-12-07T15:00:00Z,12.1,12.32,12.09,12.3,4682800
2021-12-07T16:00:00Z,12.29,12.3,12.08,12.11,3240500
2021-12-07T17:00:00Z,12.11,12.16,12.1,12.12,1932000
2021-12-07T18:00:00Z,12.12,12.14,12.03,12.08,3028600
2021-12-07T19:00:00Z,12.08,12.14,12.05,12.09,2770900
2021-12-07T20:00:00Z,12.09,12.1,11.96,12.03,2715500
2021-12-08T13:00:00Z,12.07,12.27,12.02,12.08,7040900
2021-12-08T14:00:00Z,12.08,12.14,11.94,12.1,5351200
2021-12-08T15:00:00Z,12.09,12.13,11.99,12.05,3913800
2021-12-08T16:00:00Z,12.05,12.17,12.04,12.11,3212900
2021-12-08T17:00:00Z,12.11,12.25,12.1,12.15,2686200
2021-12-08T18:00:00Z,12.15,12.22,12.1,12.17,3944300
2021-12-08T19:00:00Z,12.18,12.21,12.13,12.2,3887500
2021-12-08T20:00:00Z,12.2,12.21,12.08,12.08,4503800
2021-12-09T15:00:00Z,11.78,11.78,11.74,11.77,147200
2021-12-09T16:00:00Z,11.69,11.75,11.67,11.68,1259900
2021-12-09T17:00:00Z,11.67,11.69,11.64,11.69,1682500
2021-12-09T18:00:00Z,11.68,11.75,11.66,11.67,4406800
2021-12-09T19:00:00Z,11.68,11.72,11.66,11.7,4102200
2021-12-09T20:00:00Z,11.7,11.7,11.62,11.69,4138300
2021-12-10T13:00:00Z,12,12.3,11.95,12.21,8101400
2021-12-10T14:00:00Z,12.19,12.53,12.16,12.51,9884600
2021-12-10T15:00:00Z,12.51,12.62,12.48,12.53,7361100
2021-12-10T16:00:00Z,12.53,12.57,12.38,12.4,3419400
2021-12-10T17:00:00Z,12.4,12.42,12.3,12.34,2917400
2021-12-10T18:00:00Z,12.34,12.37,12.28,12.32,2516700
2021-12-10T19:00:00Z,12.34,12.38,12.32,12.33,2935800
2021-12-10T20:00:00Z,12.33,12.41,12.33,12.36,3438800
2021-12-13T13:00:00Z,12.44,12.48,12.15,12.45,3228500
2021-12-13T14:00:00Z,12.45,12.45,12.28,12.34,2379600
2021-12-13T15:00:00Z,12.34,12.43,12.27,12.29,3026100
2021-12-13T16:00:00Z,12.29,12.4,12.26,12.29,4046400
2021-12-13T17:00:00Z,12.29,12.31,12.25,12.29,2683800
2021-12-13T18:00:00Z,12.29,12.32,12.26,12.27,2410700
2021-12-13T19:00:00Z,12.26,12.28,12.22,12.27,3138600
2021-12-13T20:00:00Z,12.27,12.28,12.21,12.24,3686800
2021-12-14T13:00:00Z,12.33,12.44,12.15,12.24,3439900
2021-12-14T14:00:00Z,12.25,12.29,12.1,12.23,3495900
2021-12-14T15:00:00Z,12.24,12.26,12.11,12.14,3353800
2021-12-14T16:00:00Z,12.13,12.2,12.06,12.08,2472600
2021-12-14T17:00:00Z,12.08,12.13,12.03,12.1,2751000
2021-12-14T18:00:00Z,12.1,12.17,12.08,12.13,2290700
2021-12-14T19:00:00Z,12.13,12.15,12.07,12.14,1620900
2021-12-14T20:00:00Z,12.14,12.22,12.13,12.13,2611500
2021-12-15T13:00:00Z,12.24,12.24,12.04,12.08,2690900
2021-12-15T14:00:00Z,12.07,12.15,11.89,11.92,5552900
2021-12-15T15:00:00Z,11.92,12.03,11.88,11.95,17235300
2021-12-15T16:00:00Z,11.95,12.07,11.94,11.97,5887300
2021-12-15T17:00:00Z,11.96,11.98,11.89,11.94,7194000
2021-12-15T18:00:00Z,11.94,12.01,11.92,11.98,7118900
2021-12-15T19:00:00Z,11.98,12.06,11.88,12,10328200
2021-12-15T20:00:00Z,12,12.13,11.98,12.12,7634300
2021-12-16T13:00:00Z,12.12,12.54,12.12,12.44,7353400
2021-12-16T14:00:00Z,12.44,12.48,12.3,12.3,4760300
2021-12-16T15:00:00Z,12.3,12.31,12.08,12.1,7067200
2021-12-16T16:00:00Z,12.1,12.23,12.08,12.15,4491500
2021-12-16T17:00:00Z,12.15,12.18,12.03,12.04,4133500
2021-12-16T18:00:00Z,12.05,12.19,11.99,12.18,4998600
2021-12-16T19:00:00Z,12.19,12.2,12.01,12.06,3569400
2021-12-16T20:00:00Z,12.06,12.12,12,12.1,2820600
2021-12-17T13:00:00Z,11.95,12.14,11.9,12.05,4040800
2021-12-17T14:00:00Z,12.06,12.15,11.94,12,5417100
2021-12-17T15:00:00Z,12,12.12,11.95,12.11,4655600
2021-12-17T16:00:00Z,12.11,12.24,12.09,12.24,3295100
2021-12-17T17:00:00Z,12.24,12.4,12.21,12.38,3692400
2021-12-17T18:00:00Z,12.38,12.39,12.32,12.37,3333800
2021-12-17T19:00:00Z,12.36,12.39,12.26,12.27,4022900
2021-12-17T20:00:00Z,12.27,12.29,12.2,12.26,3770700
2021-12-20T13:00:00Z,12.06,12.12,11.87,11.9,6296000
2021-12-20T14:00:00Z,11.9,11.95,11.8,11.87,2905400
2021-12-20T15:00:00Z,11.87,11.9,11.65,11.7,3838200
2021-12-20T16:00:00Z,11.7,11.83,11.69,11.82,2566300
2021-12-20T17:00:00Z,11.82,11.83,11.76,11.78,1908600
2021-12-20T18:00:00Z,11.79,11.84,11.76,11.8,1894500
2021-12-20T19:00:00Z,11.8,11.85,11.78,11.81,2251700
2021-12-20T20:00:00Z,11.82,11.86,11.78,11.84,3108900
2021-12-21T13:00:00Z,11.83,11.86,11.47,11.48,3602700
2021-12-21T14:00:00Z,11.49,11.5,11.35,11.38,3125800
2021-12-21T15:00:00Z,11.38,11.46,11.35,11.35,2869800
2021-12-21T16:00:00Z,11.36,11.45,11.33,11.43,1789500
2021-12-21T17:00:00Z,11.43,11.45,11.31,11.33,2826600
2021-12-21T18:00:00Z,11.33,11.37,11.28,11.32,3281600
2021-12-21T19:00:00Z,11.31,11.36,11.3,11.35,3596800
2021-12-21T20:00:00Z,11.34,11.38,11.31,11.33,3006100
2021-12-22T13:00:00Z,11.39,11.55,11.34,11.44,1748900
2021-12-22T14:00:00Z,11.43,11.44,11.33,11.41,1478400
2021-12-22T15:00:00Z,11.41,11.52,11.41,11.45,1860800
2021-12-22T16:00:00Z,11.44,11.67,11.44,11.61,4968700
2021-12-22T17:00:00Z,11.61,11.63,11.5,11.52,3037800
2021-12-22T18:00:00Z,11.51,11.53,11.47,11.49,1578400
2021-12-22T19:00:00Z,11.5,11.52,11.43,11.47,4319300
2021-12-22T20:00:00Z,11.46,11.48,11.41,11.46,3515500
2021-12-23T13:00:00Z,11.51,11.53,11.34,11.41,3637400
2021-12-23T14:00:00Z,11.4,11.43,11.3,11.31,6309100
2021-12-23T15:00:00Z,11.31,11.43,11.31,11.33,2983200
2021-12-23T16:00:00Z,11.33,11.41,11.31,11.39,2844500
2021-12-23T17:00:00Z,11.4,11.48,11.39,11.44,2158000
2021-12-23T18:00:00Z,11.43,11.44,11.38,11.4,2764500
2021-12-23T19:00:00Z,11.39,11.47,11.39,11.42,2575000
2021-12-23T20:00:00Z,11.42,11.44,11.34,11.35,13128000
2021-12-27T13:00:00Z,11.5,11.55,11.26,11.31,3371500
2021-12-27T14:00:00Z,11.31,11.38,11.19,11.32,6778900
2021-12-27T15:00:00Z,11.31,11.42,11.3,11.31,3903600
2021-12-27T16:00:00Z,11.3,11.32,11.22,11.23,1778600
2021-12-27T17:00:00Z,11.23,11.29,11.19,11.28,2050800
2021-12-27T18:00:00Z,11.28,11.33,11.28,11.3,1512800
2021-12-27T19:00:00Z,11.31,11.35,11.26,11.26,1577400
2021-12-27T20:00:00Z,11.26,11.31,11.25,11.26,2401300
2021-12-28T13:00:00Z,11.33,11.33,11.17,11.2,1645900
2021-12-28T14:00:00Z,11.19,11.21,11.1,11.21,3456000
2021-12-28T15:00:00Z,11.21,11.25,11.15,11.21,2515000
2021-12-28T16:00:00Z,11.21,11.25,11.18,11.21,931600
2021-12-28T17:00:00Z,11.2,11.23,11.18,11.2,823900
2021-12-28T18:00:00Z,11.19,11.21,11.12,11.14,1118400
2021-12-28T19:00:00Z,11.13,11.2,11.13,11.17,1294100
2021-12-28T20:00:00Z,11.17,11.2,11.12,11.14,1644100
2021-12-29T13:00:00Z,11.18,11.23,11.07,11.16,1332200
2021-12-29T14:00:00Z,11.15,11.24,11.11,11.12,1340000
2021-12-29T15:00:00Z,11.12,11.12,10.99,11.06,2201000
2021-12-29T16:00:00Z,11.05,11.1,11.04,11.04,1034900
2021-12-29T17:00:00Z,11.05,11.06,11,11.03,1800300
2021-12-29T18:00:00Z,11.03,11.06,11.02,11.06,885800
2021-12-29T19:00:00Z,11.06,11.09,11.04,11.07,1313100
2021-12-29T20:00:00Z,11.06,11.1,11.05,11.08,1902100
2021-12-30T13:00:00Z,11.15,11.19,11.05,11.15,3291100
2021-12-30T14:00:00Z,11.14,11.25,11.08,11.21,1778000
2021-12-30T15:00:00Z,11.2,11.29,11.19,11.21,1915700
2021-12-30T16:00:00Z,11.2,11.22,11.15,11.21,795800
2021-12-30T17:00:00Z,11.22,11.24,11.18,11.23,901800
2021-12-30T18:00:00Z,11.22,11.23,11.2,11.22,730200
2021-12-30T19:00:00Z,11.21,11.22,11.16,11.2,1127800
2021-12-30T20:00:00Z,11.19,11.2,11.1,11.13,1074500
2022-01-03T13:00:00Z,11.19,11.41,11.17,11.25,2867100
2022-01-03T14:00:00Z,11.25,11.25,10.84,10.87,5099100
2022-01-03T15:00:00Z,10.88,10.91,10.79,10.8,6908100
2022-01-03T16:00:00Z,10.79,10.83,10.75,10.77,3656600
2022-01-03T17:00:00Z,10.77,10.82,10.75,10.78,2824300
2022-01-03T18:00:00Z,10.78,10.8,10.75,10.76,2472800
2022-01-03T19:00:00Z,10.76,10.81,10.76,10.77,2270100
2022-01-03T20:00:00Z,10.77,10.78,10.71,10.74,3235800
2022-01-04T13:00:00Z,10.76,10.89,10.72,10.83,4169300
2022-01-04T14:00:00Z,10.83,10.84,10.62,10.71,3734800
2022-01-04T15:00:00Z,10.72,10.8,10.69,10.69,2195100
2022-01-04T16:00:00Z,10.69,10.72,10.67,10.69,1897600
2022-01-04T17:00:00Z,10.7,10.88,10.67,10.85,8273200
2022-01-04T18:00:00Z,10.84,10.89,10.78,10.88,5310200
2022-01-04T19:00:00Z,10.88,11.01,10.87,10.93,10342600
2022-01-04T20:00:00Z,10.93,11,10.92,10.99,3843500
2022-01-05T13:00:00Z,10.87,10.9,10.74,10.84,3089400
2022-01-05T14:00:00Z,10.84,10.91,10.7,10.89,3975600
2022-01-05T15:00:00Z,10.88,10.93,10.79,10.84,2942500
2022-01-05T16:00:00Z,10.84,10.86,10.74,10.77,2041000
2022-01-05T17:00:00Z,10.78,10.79,10.68,10.7,2719200
2022-01-05T18:00:00Z,10.69,10.72,10.65,10.66,2020900
2022-01-05T19:00:00Z,10.65,10.71,10.62,10.71,4494700
2022-01-05T20:00:00Z,10.7,10.73,10.67,10.7,5147700
2022-01-06T13:00:00Z,10.6,10.87,10.58,10.78,3942500
2022-01-06T14:00:00Z,10.78,10.81,10.7,10.72,3094900
2022-01-06T15:00:00Z,10.71,10.79,10.66,10.78,3076900
2022-01-06T16:00:00Z,10.77,10.82,10.7,10.73,3347200
2022-01-06T17:00:00Z,10.72,10.8,10.71,10.74,2569600
2022-01-06T18:00:00Z,10.73,10.75,10.71,10.72,7001900
2022-01-06T19:00:00Z,10.71,10.89,10.71,10.89,15774400
2022-01-06T20:00:00Z,10.89,10.96,10.84,10.9,12241700
2022-01-07T13:00:00Z,10.91,11.14,10.88,11.13,3361400
2022-01-07T14:00:00Z,11.14,11.14,11.03,11.07,3140000
2022-01-07T15:00:00Z,11.06,11.08,10.95,10.99,5448300
2022-01-07T16:00:00Z,10.99,11.03,10.97,11.01,3580000
2022-01-07T17:00:00Z,11,11.12,11,11.1,3025600
2022-01-07T18:00:00Z,11.09,11.26,11.08,11.2,6049100
2022-01-07T19:00:00Z,11.2,11.2,11.14,11.19,4632200
2022-01-07T20:00:00Z,11.18,11.23,11.17,11.19,5060800
2022-01-10T13:00:00Z,11.1,11.25,11,11.22,2759400
2022-01-10T14:00:00Z,11.22,11.23,11.02,11.02,4345100
2022-01-10T15:00:00Z,11.02,11.09,10.97,11.05,5199300
2022-01-10T16:00:00Z,11.05,11.13,11.03,11.05,1844400
2022-01-10T17:00:00Z,11.05,11.09,11.01,11.07,2019200
2022-01-10T18:00:00Z,11.06,11.1,11.05,11.1,1788600
2022-01-10T19:00:00Z,11.1,11.13,11.07,11.09,1690200
2022-01-10T20:00:00Z,11.09,11.12,11.03,11.11,2481900
2022-01-11T13:00:00Z,11.03,11.1,10.95,11.08,7993500
2022-01-11T14:00:00Z,11.07,11.14,11,11.02,4508900
2022-01-11T15:00:00Z,11.03,11.07,10.85,11.03,16333800
2022-01-11T16:00:00Z,11.03,11.07,10.96,11.05,4966000
2022-01-11T17:00:00Z,11.04,11.12,11.03,11.09,3055000
2022-01-11T18:00:00Z,11.1,11.17,11.09,11.14,2949800
2022-01-11T19:00:00Z,11.14,11.17,11.13,11.15,2670000
2022-01-11T20:00:00Z,11.15,11.16,11.1,11.16,3504800
2022-01-12T13:00:00Z,11.27,11.47,11.14,11.46,6822700
2022-01-12T14:00:00Z,11.46,11.46,11.32,11.36,5906900
2022-01-12T15:00:00Z,11.36,11.47,11.34,11.46,8932400
2022-01-12T16:00:00Z,11.46,11.6,11.44,11.55,6224000
2022-01-12T17:00:00Z,11.56,11.62,11.55,11.6,5408500
2022-01-12T18:00:00Z,11.61,11.61,11.43,11.48,5843500
2022-01-12T19:00:00Z,11.49,11.63,11.48,11.6,5038700
2022-01-12T20:00:00Z,11.6,11.64,11.57,11.62,4052500
2022-01-13T13:00:00Z,11.47,11.68,11.46,11.55,3135300
2022-01-13T14:00:00Z,11.56,11.73,11.53,11.61,3831900
2022-01-13T15:00:00Z,11.61,11.68,11.56,11.66,11510000
2022-01-13T16:00:00Z,11.66,11.72,11.62,11.62,7245500
2022-01-13T17:00:00Z,11.62,11.66,11.6,11.65,3009900
2022-01-13T18:00:00Z,11.66,11.7,11.61,11.64,2599900
2022-01-13T19:00:00Z,11.63,11.67,11.6,11.62,2433600
2022-01-13T20:00:00Z,11.63,11.66,11.58,11.62,4814400
2022-01-14T13:00:00Z,11.63,11.88,11.56,11.78,6830800
2022-01-14T14:00:00Z,11.78,11.81,11.67,11.8,11839100
2022-01-14T15:00:00Z,11.78,12.12,11.78,12.08,11812700
2022-01-14T16:00:00Z,12.08,12.09,11.98,12.02,4016600
2022-01-14T17:00:00Z,12.02,12.08,12,12.06,5043700
2022-01-14T18:00:00Z,12.05,12.2,12.05,12.12,6788100
2022-01-14T19:00:00Z,12.13,12.17,12.1,12.16,3381600
2022-01-14T20:00:00Z,12.15,12.29,12.15,12.26,6171100
2022-01-17T13:00:00Z,12.2,12.4,12.11,12.23,7910200
2022-01-17T14:00:00Z,12.23,12.35,12.16,12.32,2745800
2022-01-17T15:00:00Z,12.32,12.33,12.21,12.25,1706600
2022-01-17T16:00:00Z,12.25,12.48,12.25,12.41,9287100
2022-01-17T17:00:00Z,12.4,12.59,12.36,12.57,4530800
2022-01-17T18:00:00Z,12.57,12.57,12.4,12.45,2250500
2022-01-17T19:00:00Z,12.46,12.46,12.4,12.41,1656300
2022-01-17T20:00:00Z,12.41,12.51,12.4,12.42,2084800
2022-01-18T13:00:00Z,12.35,12.39,12.1,12.19,3087900
2022-01-18T14:00:00Z,12.19,12.21,12.04,12.14,5540100
2022-01-18T15:00:00Z,12.13,12.25,12.12,12.22,3220100
2022-01-18T16:00:00Z,12.22,12.34,12.19,12.33,2266600
2022-01-18T17:00:00Z,12.34,12.38,12.2,12.24,3035200
2022-01-18T18:00:00Z,12.25,12.29,12.2,12.26,2445500
2022-01-18T19:00:00Z,12.27,12.37,12.25,12.36,2079000
2022-01-18T20:00:00Z,12.37,12.4,12.29,12.31,2682500
2022-01-19T13:00:00Z,12.44,12.49,12.34,12.44,3839400
2022-01-19T14:00:00Z,12.44,12.45,12.31,12.36,3615100
2022-01-19T15:00:00Z,12.35,12.43,12.33,12.38,2433200
2022-01-19T16:00:00Z,12.38,12.43,12.35,12.39,2276100
2022-01-19T17:00:00Z,12.4,12.42,12.25,12.29,3556000
2022-01-19T18:00:00Z,12.3,12.34,12.28,12.33,3411500
2022-01-19T19:00:00Z,12.33,12.38,12.31,12.33,3714800
2022-01-19T20:00:00Z,12.33,12.35,12.25,12.26,2837100
2022-01-20T13:00:00Z,12.33,12.46,12.28,12.42,2901100
2022-01-20T14:00:00Z,12.41,13.05,12.37,12.65,14107500
2022-01-20T15:00:00Z,12.66,12.74,12.5,12.73,4611100
2022-01-20T16:00:00Z,12.73,12.84,12.7,12.76,4618600
2022-01-20T17:00:00Z,12.75,13.01,12.75,13,7382500
2022-01-20T18:00:00Z,13,13.09,12.98,13.06,10585700
2022-01-20T19:00:00Z,13.05,13.28,13.04,13.24,13122100
2022-01-20T20:00:00Z,13.23,13.32,13.18,13.25,24635700
2022-01-21T13:00:00Z,13.23,13.5,13.15,13.45,7806100
2022-01-21T14:00:00Z,13.45,13.82,13.45,13.61,9316800
2022-01-21T15:00:00Z,13.62,13.77,13.56,13.72,12553600
2022-01-21T16:00:00Z,13.72,13.86,13.7,13.78,7073700
2022-01-21T17:00:00Z,13.78,13.88,13.75,13.8,7646200
2022-01-21T18:00:00Z,13.8,13.82,13.69,13.73,7426500
2022-01-21T19:00:00Z,13.73,13.81,13.64,13.67,11264600
2022-01-21T20:00:00Z,13.67,13.72,13.56,13.68,10167100
2022-01-24T13:00:00Z,13.49,13.53,12.84,12.89,23605800
2022-01-24T14:00:00Z,12.9,13.22,12.89,13.02,22437900
2022-01-24T15:00:00Z,13.02,13.1,13,13,5246100
2022-01-24T16:00:00Z,13,13.06,12.98,13.03,6653300
2022-01-24T17:00:00Z,13.02,13.12,12.98,13.11,8340000
2022-01-24T18:00:00Z,13.1,13.16,13.01,13.02,4951800
2022-01-24T19:00:00Z,13.03,13.12,13,13.11,6834900
2022-01-24T20:00:00Z,13.11,13.12,13.04,13.1,5934100
2022-01-25T13:00:00Z,12.9,13.08,12.88,12.96,5025600
2022-01-25T14:00:00Z,12.96,13.56,12.9,13.15,16714900
2022-01-25T15:00:00Z,13.16,13.29,13.11,13.25,6055800
2022-01-25T16:00:00Z,13.26,13.38,13.22,13.33,9371700
2022-01-25T17:00:00Z,13.31,13.41,13.25,13.28,5363800
2022-01-25T18:00:00Z,13.29,13.4,13.27,13.39,2802800
2022-01-25T19:00:00Z,13.39,13.48,13.39,13.46,4811200
2022-01-25T20:00:00Z,13.47,13.49,13.24,13.33,13856200
2022-01-26T13:00:00Z,13.5,13.86,13.5,13.77,11496300
2022-01-26T14:00:00Z,13.78,13.92,13.7,13.87,8024000
2022-01-26T15:00:00Z,13.86,13.98,13.81,13.94,6184900
2022-01-26T16:00:00Z,13.93,14.02,13.79,13.87,6535600
2022-01-26T17:00:00Z,13.86,13.92,13.83,13.92,5523600
2022-01-26T18:00:00Z,13.91,13.95,13.82,13.91,7696100
2022-01-26T19:00:00Z,13.92,14.1,13.9,14.03,10199000
2022-01-26T20:00:00Z,14.03,14.04,13.8,13.84,10924500
2022-01-27T13:00:00Z,13.92,14.31,13.81,14.26,11964100
2022-01-27T14:00:00Z,14.26,14.35,14.18,14.27,8736800
2022-01-27T15:00:00Z,14.27,14.32,14.17,14.3,9097100
2022-01-27T16:00:00Z,14.31,14.38,14.27,14.35,6079900
2022-01-27T17:00:00Z,14.35,14.51,14.35,14.43,11422400
2022-01-27T18:00:00Z,14.43,14.49,14.23,14.36,17318100
2022-01-27T19:00:00Z,14.36,14.46,14.36,14.42,6555200
2022-01-27T20:00:00Z,14.42,14.52,14.41,14.46,7802200
2022-01-28T13:00:00Z,14.29,14.45,14.06,14.45,6122800
2022-01-28T14:00:00Z,14.44,14.45,14.15,14.26,8843700
2022-01-28T15:00:00Z,14.26,14.4,14.16,14.29,8970500
2022-01-28T16:00:00Z,14.28,14.33,14.19,14.26,3296100
2022-01-28T17:00:00Z,14.25,14.37,14.2,14.36,6724500
2022-01-28T18:00:00Z,14.37,14.73,14.36,14.72,22557600
2022-01-28T19:00:00Z,14.72,14.76,14.58,14.75,12018000
2022-01-28T20:00:00Z,14.75,14.77,14.68,14.74,7374500
2022-01-31T13:00:00Z,14.64,14.72,14.56,14.63,3929900
2022-01-31T14:00:00Z,14.64,14.7,14.48,14.69,5440800
2022-01-31T15:00:00Z,14.68,14.71,14.54,14.61,4522600
2022-01-31T16:00:00Z,14.6,14.65,14.48,14.49,4198300
2022-01-31T17:00:00Z,14.48,14.57,14.45,14.57,2977600
2022-01-31T18:00:00Z,14.57,14.68,14.47,14.68,5962500
2022-01-31T19:00:00Z,14.68,14.71,14.63,14.65,3689300
2022-01-31T20:00:00Z,14.64,14.81,14.55,14.68,8974600
2022-02-01T13:00:00Z,14.62,14.66,14.15,14.43,5737000
2022-02-01T14:00:00Z,14.44,14.52,14.31,14.33,2988100
2022-02-01T15:00:00Z,14.33,14.45,14.18,14.2,6517200
2022-02-01T16:00:00Z,14.22,14.27,14.17,14.27,3002300
2022-02-01T17:00:00Z,14.27,14.27,14.19,14.23,2369600
2022-02-01T18:00:00Z,14.23,14.34,14.21,14.27,3489400
2022-02-01T19:00:00Z,14.27,14.34,14.24,14.25,3858700
2022-02-01T20:00:00Z,14.25,14.28,14.21,14.26,3932400
2022-02-02T13:00:00Z,14.27,14.59,14.26,14.38,4292600
2022-02-02T14:00:00Z,14.38,14.43,14.22,14.24,4569300
2022-02-02T15:00:00Z,14.24,14.28,14.16,14.21,2357400
2022-02-02T16:00:00Z,14.2,14.21,14.01,14.02,4721400
2022-02-02T17:00:00Z,14.02,14.16,13.97,14.15,2531200
2022-02-02T18:00:00Z,14.14,14.18,14.07,14.15,1596100
2022-02-02T19:00:00Z,14.14,14.2,14.13,14.17,2001200
2022-02-02T20:00:00Z,14.17,14.2,14.09,14.15,2441600
2022-02-03T13:00:00Z,14.11,14.37,14.11,14.23,3129000
2022-02-03T14:00:00Z,14.23,14.27,14.12,14.15,4408500
2022-02-03T15:00:00Z,14.16,14.18,14.03,14.09,1851300
2022-02-03T16:00:00Z,14.09,14.14,14.04,14.05,1389200
2022-02-03T17:00:00Z,14.06,14.12,14.03,14.11,1897400
2022-02-03T18:00:00Z,14.1,14.2,14.08,14.15,3239000
2022-02-03T19:00:00Z,14.15,14.19,14.1,14.15,2545700
2022-02-03T20:00:00Z,14.15,14.24,14.13,14.21,3224900
2022-02-04T13:00:00Z,14.06,14.22,13.94,13.95,2698000
2022-02-04T14:00:00Z,13.94,14.09,13.88,14.06,2207100
2022-02-04T15:00:00Z,14.06,14.13,13.98,14.03,1851100
2022-02-04T16:00:00Z,14.03,14.13,14.01,14.12,2431000
2022-02-04T17:00:00Z,14.13,14.18,14.07,14.12,2223700
2022-02-04T18:00:00Z,14.12,14.15,14.08,14.1,1659800
2022-02-04T19:00:00Z,14.1,14.14,14.02,14.02,2232500
2022-02-04T20:00:00Z,14.03,14.13,14.02,14.11,3953200
2022-02-07T13:00:00Z,14.13,14.2,14,14.02,1256200
2022-02-07T14:00:00Z,14.03,14.03,13.91,13.98,1990800
2022-02-07T15:00:00Z,13.98,13.98,13.67,13.76,4199300
2022-02-07T16:00:00Z,13.77,13.77,13.63,13.66,4096100
2022-02-07T17:00:00Z,13.67,13.68,13.6,13.65,3924900
2022-02-07T18:00:00Z,13.66,13.75,13.61,13.74,4477000
2022-02-07T19:00:00Z,13.75,13.76,13.7,13.74,3962800
2022-02-07T20:00:00Z,13.73,13.77,13.66,13.69,4591100
2022-02-08T13:00:00Z,13.65,13.65,13.35,13.45,5233000
2022-02-08T14:00:00Z,13.46,13.71,13.43,13.6,12088100
2022-02-08T15:00:00Z,13.59,13.6,13.44,13.54,3803900
2022-02-08T16:00:00Z,13.53,13.64,13.5,13.62,3469200
2022-02-08T17:00:00Z,13.62,13.73,13.59,13.65,3423400
2022-02-08T18:00:00Z,13.66,13.68,13.58,13.65,2276200
2022-02-08T19:00:00Z,13.65,13.65,13.5,13.55,4269800
2022-02-08T20:00:00Z,13.55,13.63,13.5,13.51,5160200
2022-02-09T13:00:00Z,13.71,14.01,13.67,13.85,4807000
2022-02-09T14:00:00Z,13.86,14.11,13.86,13.92,5668500
2022-02-09T15:00:00Z,13.92,14.14,13.89,14.14,3083400
2022-02-09T16:00:00Z,14.13,14.17,14.05,14.09,6066700
2022-02-09T17:00:00Z,14.08,14.22,14.06,14.19,3964400
2022-02-09T18:00:00Z,14.19,14.25,14.17,14.17,4589200
2022-02-09T19:00:00Z,14.18,14.22,14.09,14.15,3520700
2022-02-09T20:00:00Z,14.14,14.21,14.12,14.16,3343000
2022-02-10T13:00:00Z,14.16,14.33,13.85,13.92,3543700
2022-02-10T14:00:00Z,13.92,14.04,13.82,14.01,3131400
2022-02-10T15:00:00Z,14.02,14.16,14.01,14.13,4904800
2022-02-10T16:00:00Z,14.13,14.22,14.1,14.12,3567500
2022-02-10T17:00:00Z,14.13,14.16,14.03,14.1,2420100
2022-02-10T18:00:00Z,14.11,14.16,14.05,14.11,3772200
2022-02-10T19:00:00Z,14.11,14.15,14.07,14.08,2365700
2022-02-10T20:00:00Z,14.08,14.09,14.02,14.09,2643600
2022-02-11T13:00:00Z,14.3,14.31,14.04,14.26,3401600
2022-02-11T14:00:00Z,14.26,14.28,14.11,14.17,3038600
2022-02-11T15:00:00Z,14.17,14.21,14.08,14.14,3071100
2022-02-11T16:00:00Z,14.15,14.22,14.12,14.15,2446300
2022-02-11T17:00:00Z,14.15,14.17,14.13,14.16,1994400
2022-02-11T18:00:00Z,14.17,14.17,14.07,14.07,5480900
2022-02-11T19:00:00Z,14.08,14.09,13.77,13.87,5990800
2022-02-11T20:00:00Z,13.87,13.96,13.74,13.84,5051600
2022-02-14T13:00:00Z,14.17,14.48,14.17,14.3,5341500
2022-02-14T14:00:00Z,14.28,14.29,14.05,14.06,4150900
2022-02-14T15:00:00Z,14.07,14.25,13.96,14.23,3325800
2022-02-14T16:00:00Z,14.23,14.3,14.19,14.27,9339600
2022-02-14T17:00:00Z,14.27,14.39,14.26,14.36,3648700
2022-02-14T18:00:00Z,14.36,14.38,14.11,14.13,4086600
2022-02-14T19:00:00Z,14.12,14.18,13.96,14.15,3993900
2022-02-14T20:00:00Z,14.16,14.2,14.1,14.12,3422800
2022-02-15T13:00:00Z,14.44,15.13,14.24,14.41,10068000
2022-02-15T14:00:00Z,14.41,14.65,14.32,14.61,4582600
2022-02-15T15:00:00Z,14.61,14.77,14.55,14.74,4283600
2022-02-15T16:00:00Z,14.73,14.77,14.67,14.76,2545400
2022-02-15T17:00:00Z,14.75,14.79,14.66,14.7,3359200
2022-02-15T18:00:00Z,14.71,14.79,14.7,14.76,3874000
2022-02-15T19:00:00Z,14.76,14.87,14.74,14.85,4524800
2022-02-15T20:00:00Z,14.84,14.88,14.53,14.53,6694100
2022-02-16T13:00:00Z,14.75,14.85,14.54,14.62,4344000
2022-02-16T14:00:00Z,14.62,14.65,14.44,14.49,4788800
2022-02-16T15:00:00Z,14.49,14.5,14.31,14.49,4183400
2022-02-16T16:00:00Z,14.5,14.53,14.42,14.46,3403500
2022-02-16T17:00:00Z,14.45,14.54,14.45,14.49,2088100
2022-02-16T18:00:00Z,14.48,14.57,14.47,14.56,3293100
2022-02-16T19:00:00Z,14.56,14.65,14.48,14.61,3330800
2022-02-16T20:00:00Z,14.62,14.75,14.57,14.66,3335900
2022-02-17T13:00:00Z,14.62,14.68,14.54,14.61,8091800
2022-02-17T14:00:00Z,14.61,14.73,14.43,14.48,5703300
2022-02-17T15:00:00Z,14.49,14.5,14.4,14.49,4190600
2022-02-17T16:00:00Z,14.5,14.54,14.48,14.51,2859100
2022-02-17T17:00:00Z,14.51,14.53,14.48,14.48,1993300
2022-02-17T18:00:00Z,14.48,14.49,14.41,14.48,1794700
2022-02-17T19:00:00Z,14.48,14.49,14.32,14.35,3676800
2022-02-17T20:00:00Z,14.34,14.35,14.14,14.25,6096100
2022-02-18T13:00:00Z,14.31,14.6,14.25,14.59,3016300
2022-02-18T14:00:00Z,14.58,14.69,14.55,14.69,5876700
2022-02-18T15:00:00Z,14.68,14.71,14.47,14.57,9010700
2022-02-18T16:00:00Z,14.56,14.58,14.49,14.5,2429800
2022-02-18T17:00:00Z,14.5,14.52,14.3,14.34,2837700
2022-02-18T18:00:00Z,14.34,14.46,14.31,14.44,2807300
2022-02-18T19:00:00Z,14.43,14.45,14.34,14.35,2353800
2022-02-18T20:00:00Z,14.34,14.37,14.25,14.3,4186400
2022-02-21T13:00:00Z,14.35,14.41,14.14,14.32,2891800
2022-02-21T14:00:00Z,14.32,14.57,14.27,14.46,3778500
2022-02-21T15:00:00Z,14.46,14.48,14.4,14.43,1822900
2022-02-21T16:00:00Z,14.41,14.45,14.36,14.37,1698500
2022-02-21T17:00:00Z,14.36,14.4,14.27,14.28,869200
2022-02-21T18:00:00Z,14.28,14.37,14.2,14.29,1976400
2022-02-21T19:00:00Z,14.28,14.33,14.19,14.22,1908200
2022-02-21T20:00:00Z,14.21,14.23,13.97,14.07,4428400
2022-02-22T13:00:00Z,14.25,14.74,14.23,14.53,5316600
2022-02-22T14:00:00Z,14.54,14.62,14.45,14.57,6588700
2022-02-22T15:00:00Z,14.56,14.6,14.5,14.5,2612100
2022-02-22T16:00:00Z,14.5,14.55,14.48,14.48,2979400
2022-02-22T17:00:00Z,14.49,14.56,14.47,14.52,4784000
2022-02-22T18:00:00Z,14.52,14.59,14.47,14.49,3200600
2022-02-22T19:00:00Z,14.48,14.52,14.35,14.48,5010200
2022-02-22T20:00:00Z,14.48,14.51,14.33,14.36,2708600
2022-02-23T13:00:00Z,14.39,14.94,14.39,14.78,11801900
2022-02-23T14:00:00Z,14.76,14.83,14.64,14.68,3833900
2022-02-23T15:00:00Z,14.68,14.68,14.55,14.65,3687700
2022-02-23T16:00:00Z,14.64,14.7,14.6,14.66,1924200
2022-02-23T17:00:00Z,14.66,14.73,14.65,14.69,4151700
2022-02-23T18:00:00Z,14.68,14.71,14.65,14.7,2277300
2022-02-23T19:00:00Z,14.69,14.7,14.54,14.57,9852700
2022-02-23T20:00:00Z,14.56,14.65,14.53,14.59,3285700
2022-02-24T13:00:00Z,13.99,14.26,13.86,14.23,5486700
2022-02-24T14:00:00Z,14.23,14.37,14.08,14.27,8183000
2022-02-24T15:00:00Z,14.28,14.58,14.23,14.55,3689400
2022-02-24T16:00:00Z,14.56,14.58,14.45,14.48,2699400
2022-02-24T17:00:00Z,14.48,14.49,14.32,14.43,2606900
2022-02-24T18:00:00Z,14.43,14.62,14.39,14.51,3081700
2022-02-24T19:00:00Z,14.51,14.83,14.5,14.78,6379600
2022-02-24T20:00:00Z,14.77,14.89,14.64,14.67,6351400
2022-02-25T13:00:00Z,14.55,14.89,14.55,14.72,3241900
2022-02-25T14:00:00Z,14.73,14.73,14.53,14.59,4543100
2022-02-25T15:00:00Z,14.59,14.82,14.47,14.67,6930100
2022-02-25T16:00:00Z,14.67,14.69,14.52,14.66,4994800
2022-02-25T17:00:00Z,14.67,14.67,14.5,14.54,3752000
2022-02-25T18:00:00Z,14.55,14.57,14.47,14.52,2646800
2022-02-25T19:00:00Z,14.53,14.61,14.51,14.54,3450800
2022-02-25T20:00:00Z,14.54,14.62,14.51,14.57,3935200
2022-03-02T16:00:00Z,14.5,14.83,14.36,14.4,14421800
2022-03-02T17:00:00Z,14.4,14.5,14.32,14.47,9081900
2022-03-02T18:00:00Z,14.48,14.53,14.39,14.46,6010700
2022-03-02T19:00:00Z,14.47,14.47,14.32,14.33,4632500
2022-03-02T20:00:00Z,14.34,14.39,14.28,14.34,6171500
2022-03-03T13:00:00Z,14.26,14.64,14.18,14.6,3712300
2022-03-03T14:00:00Z,14.59,14.7,14.55,14.61,3339300
2022-03-03T15:00:00Z,14.62,14.74,14.6,14.65,2358500
2022-03-03T16:00:00Z,14.65,14.78,14.65,14.74,2844400
2022-03-03T17:00:00Z,14.74,14.79,14.7,14.73,2303800
2022-03-03T18:00:00Z,14.74,14.78,14.72,14.75,1612200
2022-03-03T19:00:00Z,14.75,14.82,14.74,14.79,1665300
2022-03-03T20:00:00Z,14.79,14.82,14.71,14.76,2979300
2022-03-04T13:00:00Z,14.7,14.77,14.56,14.61,2160300
2022-03-04T14:00:00Z,14.62,14.62,14.35,14.39,3666800
2022-03-04T15:00:00Z,14.38,14.42,14.21,14.32,4314100
2022-03-04T16:00:00Z,14.32,14.35,14.25,14.32,4391400
2022-03-04T17:00:00Z,14.32,14.42,14.25,14.4,3046100
2022-03-04T18:00:00Z,14.4,14.46,14.29,14.37,2642100
2022-03-04T19:00:00Z,14.36,14.38,14.28,14.28,1835800
2022-03-04T20:00:00Z,14.28,14.38,14.27,14.37,3806200
2022-03-07T13:00:00Z,14.27,14.3,14.07,14.19,7563100
2022-03-07T14:00:00Z,14.19,14.29,14.1,14.18,2418100
2022-03-07T15:00:00Z,14.18,14.21,14.07,14.15,2813300
2022-03-07T16:00:00Z,14.15,14.31,14.09,14.1,3435600
2022-03-07T17:00:00Z,14.09,14.18,14.08,14.12,2381100
2022-03-07T18:00:00Z,14.13,14.13,14.02,14.08,2235300
2022-03-07T19:00:00Z,14.07,14.09,13.89,13.9,5480100
2022-03-07T20:00:00Z,13.89,13.91,13.77,13.79,6354000
2022-03-08T13:00:00Z,13.77,13.98,13.62,13.64,4644000
2022-03-08T14:00:00Z,13.64,13.85,13.62,13.75,11633800
2022-03-08T15:00:00Z,13.75,13.79,13.59,13.73,8200600
2022-03-08T16:00:00Z,13.73,13.77,13.66,13.71,4466100
2022-03-08T17:00:00Z,13.7,14.16,13.68,14.08,11319100
2022-03-08T18:00:00Z,14.08,14.13,13.77,13.77,4450900
2022-03-08T19:00:00Z,13.77,13.91,13.72,13.86,4384900
2022-03-08T20:00:00Z,13.86,13.88,13.37,13.61,19555400
2022-03-09T13:00:00Z,13.81,14,13.73,13.88,6545200
2022-03-09T14:00:00Z,13.88,14.07,13.84,13.88,14104900
2022-03-09T15:00:00Z,13.87,13.9,13.7,13.78,5055300
2022-03-09T16:00:00Z,13.79,13.8,13.72,13.74,6109700
2022-03-09T17:00:00Z,13.74,13.83,13.7,13.79,7404500
2022-03-09T18:00:00Z,13.8,13.89,13.76,13.86,8938700
2022-03-09T19:00:00Z,13.86,13.87,13.77,13.8,4713500
2022-03-09T20:00:00Z,13.8,13.83,13.77,13.78,4098500
2022-03-10T13:00:00Z,13.72,13.72,13.31,13.38,6187700
2022-03-10T14:00:00Z,13.38,13.47,13.14,13.41,7114400
2022-03-10T15:00:00Z,13.41,13.42,13.26,13.36,2559100
2022-03-10T16:00:00Z,13.36,13.39,13.28,13.38,1218100
2022-03-10T17:00:00Z,13.39,13.4,13.23,13.24,2050000
2022-03-10T18:00:00Z,13.25,13.37,13.24,13.34,2943100
2022-03-10T19:00:00Z,13.33,13.36,13.24,13.33,3293300
2022-03-10T20:00:00Z,13.33,13.35,13.26,13.34,5569300
2022-03-11T13:00:00Z,13.43,13.6,13.36,13.38,4026900
2022-03-11T14:00:00Z,13.38,13.52,13.38,13.41,2493600
2022-03-11T15:00:00Z,13.4,13.43,13.26,13.39,5129700
2022-03-11T16:00:00Z,13.39,13.46,13.36,13.36,4779400
2022-03-11T17:00:00Z,13.36,13.42,13.35,13.35,1278200
2022-03-11T18:00:00Z,13.35,13.43,13.32,13.36,3513900
2022-03-11T19:00:00Z,13.36,13.43,13.24,13.3,9871700
2022-03-11T20:00:00Z,13.3,13.31,13.14,13.24,6003100
2022-03-14T13:00:00Z,13.27,13.5,13.27,13.42,2240700
2022-03-14T14:00:00Z,13.42,13.52,13.38,13.5,3236100
2022-03-14T15:00:00Z,13.5,13.5,13.39,13.39,1508600
2022-03-14T16:00:00Z,13.39,13.43,13.3,13.37,1867300
2022-03-14T17:00:00Z,13.37,13.39,13.22,13.25,3119500
2022-03-14T18:00:00Z,13.24,13.26,13.12,13.2,3459900
2022-03-14T19:00:00Z,13.2,13.35,13.19,13.29,5808000
2022-03-15T13:00:00Z,13.21,13.51,13.17,13.27,6151900
2022-03-15T14:00:00Z,13.26,13.45,13.24,13.4,4450600
2022-03-15T15:00:00Z,13.41,13.5,13.37,13.41,4581600
2022-03-15T16:00:00Z,13.41,13.44,13.37,13.39,2157300
2022-03-15T17:00:00Z,13.39,13.43,13.29,13.3,2397300
2022-03-15T18:00:00Z,13.3,13.32,13.17,13.3,3314600
2022-03-15T19:00:00Z,13.3,13.36,13.27,13.35,5034800
2022-03-16T13:00:00Z,13.35,13.63,13.31,13.43,6632500
2022-03-16T14:00:00Z,13.43,13.79,13.4,13.48,5304600
2022-03-16T15:00:00Z,13.48,13.67,13.45,13.56,7126900
2022-03-16T16:00:00Z,13.56,13.63,13.47,13.49,2689400
2022-03-16T17:00:00Z,13.5,13.6,13.44,13.54,5721700
2022-03-16T18:00:00Z,13.54,13.61,13.37,13.59,5176400
2022-03-16T19:00:00Z,13.6,13.65,13.57,13.59,7528000
2022-03-17T13:00:00Z,13.72,13.8,13.45,13.56,4529900
2022-03-17T14:00:00Z,13.56,13.64,13.5,13.57,3665800
2022-03-17T15:00:00Z,13.57,13.67,13.49,13.65,4355500
2022-03-17T16:00:00Z,13.64,13.72,13.6,13.72,3190500
2022-03-17T17:00:00Z,13.72,13.86,13.7,13.8,3876800
2022-03-17T18:00:00Z,13.8,13.88,13.77,13.85,4424900
2022-03-17T19:00:00Z,13.85,13.93,13.81,13.86,5514300
2022-03-18T13:00:00Z,13.83,13.83,12.8,13.6,25958000
2022-03-18T14:00:00Z,13.6,13.62,13.35,13.6,8932000
2022-03-18T15:00:00Z,13.6,13.7,13.57,13.69,5044400
2022-03-18T16:00:00Z,13.69,13.74,13.65,13.71,4027300
2022-03-18T17:00:00Z,13.71,13.84,13.71,13.81,4596200
2022-03-18T18:00:00Z,13.81,13.97,13.79,13.93,5930200
2022-03-18T19:00:00Z,13.92,14.23,13.92,14.17,12024600
2022-03-21T13:00:00Z,14,14.27,13.82,14,8936700
2022-03-21T14:00:00Z,13.99,14.05,13.7,13.89,4109100
2022-03-21T15:00:00Z,13.89,13.9,13.76,13.88,3224100
2022-03-21T16:00:00Z,13.88,13.88,13.65,13.68,2151000
2022-03-21T17:00:00Z,13.68,13.82,13.67,13.82,1975300
2022-03-21T18:00:00Z,13.81,13.94,13.78,13.85,2284800
2022-03-21T19:00:00Z,13.85,13.96,13.81,13.95,3617500
2022-03-22T13:00:00Z,14.09,14.38,14.06,14.36,9894500
2022-03-22T14:00:00Z,14.36,14.56,14.29,14.5,8973500
2022-03-22T15:00:00Z,14.5,14.66,14.39,14.56,6300800
2022-03-22T16:00:00Z,14.55,14.67,14.52,14.61,3651900
2022-03-22T17:00:00Z,14.61,14.65,14.6,14.61,3285700
2022-03-22T18:00:00Z,14.62,14.65,14.54,14.56,4627200
2022-03-22T19:00:00Z,14.56,14.65,14.47,14.61,5811700
2022-03-23T13:00:00Z,14.63,14.65,14.42,14.49,2613900
2022-03-23T14:00:00Z,14.49,15.08,14.47,14.94,9267400
2022-03-23T15:00:00Z,14.95,14.98,14.72,14.85,5786700
2022-03-23T16:00:00Z,14.85,14.87,14.73,14.79,2751700
2022-03-23T17:00:00Z,14.79,14.87,14.73,14.82,3236200
2022-03-23T18:00:00Z,14.83,14.83,14.64,14.66,3436700
2022-03-23T19:00:00Z,14.66,14.78,14.64,14.71,3968000
2022-03-24T13:00:00Z,14.74,14.78,14.49,14.63,4605100
2022-03-24T14:00:00Z,14.62,14.67,14.57,14.62,2524200
2022-03-24T15:00:00Z,14.63,14.89,14.62,14.83,6113700
2022-03-24T16:00:00Z,14.83,14.9,14.81,14.86,2195300
2022-03-24T17:00:00Z,14.86,14.88,14.69,14.76,3054700
2022-03-24T18:00:00Z,14.76,14.78,14.71,14.74,2750800
2022-03-24T19:00:00Z,14.74,14.9,14.72,14.88,5874100
2022-03-25T13:00:00Z,14.75,14.95,14.75,14.88,2667300
2022-03-25T14:00:00Z,14.89,15.38,14.89,15.3,10377000
2022-03-25T15:00:00Z,15.29,15.37,15.16,15.31,7902200
2022-03-25T16:00:00Z,15.31,15.34,15.23,15.33,3724800
2022-03-25T17:00:00Z,15.33,15.36,15.23,15.25,5438700
2022-03-25T18:00:00Z,15.25,15.29,15.23,15.27,2822000
2022-03-25T19:00:00Z,15.26,15.27,15.14,15.18,5326800
2022-03-28T13:00:00Z,15.18,15.28,15.06,15.16,4567000
2022-03-28T14:00:00Z,15.15,15.27,15.12,15.26,5015700
2022-03-28T15:00:00Z,15.26,15.37,15.19,15.22,2084800
2022-03-28T16:00:00Z,15.21,15.26,15.21,15.22,1757300
2022-03-28T17:00:00Z,15.22,15.26,15.15,15.18,6649400
2022-03-28T18:00:00Z,15.18,15.25,15.14,15.25,4964100
2022-03-28T19:00:00Z,15.25,15.29,15.05,15.1,7304800
2022-03-29T13:00:00Z,15.51,15.82,15.25,15.47,11548300
2022-03-29T14:00:00Z,15.47,15.62,15.38,15.62,4275900
2022-03-29T15:00:00Z,15.61,15.7,15.61,15.67,6252300
2022-03-29T16:00:00Z,15.67,15.7,15.64,15.68,3791900
2022-03-29T17:00:00Z,15.67,15.7,15.6,15.68,3558800
2022-03-29T18:00:00Z,15.69,15.74,15.65,15.66,2973500
2022-03-29T19:00:00Z,15.67,15.71,15.57,15.59,4105400
2022-03-30T13:00:00Z,15.53,15.64,15.46,15.58,6435500
2022-03-30T14:00:00Z,15.59,15.68,15.57,15.61,9455400
2022-03-30T15:00:00Z,15.6,15.73,15.59,15.72,5337700
2022-03-30T16:00:00Z,15.73,15.76,15.66,15.73,4477500
2022-03-30T17:00:00Z,15.74,15.78,15.66,15.71,5973600
2022-03-30T18:00:00Z,15.71,15.8,15.68,15.7,3691000
2022-03-30T19:00:00Z,15.7,15.72,15.65,15.66,6349500
2022-03-31T13:00:00Z,15.77,15.81,15.58,15.63,3849200
2022-03-31T14:00:00Z,15.63,15.7,15.53,15.63,3774900
2022-03-31T15:00:00Z,15.64,15.67,15.62,15.66,3212000
2022-03-31T16:00:00Z,15.65,15.71,15.65,15.67,2047200
2022-03-31T17:00:00Z,15.68,15.75,15.67,15.71,1822700
2022-03-31T18:00:00Z,15.7,15.75,15.65,15.74,2596700
2022-03-31T19:00:00Z,15.74,15.75,15.69,15.69,2804900
2022-04-01T13:00:00Z,15.79,16.18,15.76,15.85,5800700
2022-04-01T14:00:00Z,15.86,15.99,15.79,15.98,3304600
2022-04-01T15:00:00Z,15.98,16.02,15.9,15.93,2660100
2022-04-01T16:00:00Z,15.93,15.95,15.85,15.86,2363300
2022-04-01T17:00:00Z,15.86,15.99,15.84,15.91,3923600
2022-04-01T18:00:00Z,15.92,16.01,15.89,15.96,4599800
2022-04-01T19:00:00Z,15.97,16.07,15.94,15.98,4904600
2022-04-04T13:00:00Z,16.01,16.03,15.84,15.99,6507000
2022-04-04T14:00:00Z,15.98,16,15.93,15.96,2135100
2022-04-04T15:00:00Z,15.95,15.99,15.93,15.95,2249700
2022-04-04T16:00:00Z,15.95,16.01,15.94,16.01,2252900
2022-04-04T17:00:00Z,16,16.05,15.99,16.04,2031700
2022-04-04T18:00:00Z,16.03,16.15,16,16.13,2576000
2022-04-04T19:00:00Z,16.12,16.19,16.07,16.17,4157500
2022-04-05T13:00:00Z,16.08,16.33,16.07,16.15,37320700
2022-04-05T14:00:00Z,16.15,16.2,16,16.06,4628800
2022-04-05T15:00:00Z,16.07,16.1,16.03,16.05,1813700
2022-04-05T16:00:00Z,16.21,16.25,16.05,16.14,61669300
2022-04-05T17:00:00Z,16.13,16.23,16.09,16.12,9301700
2022-04-05T18:00:00Z,16.11,16.12,16,16.02,5054400
2022-04-05T19:00:00Z,16.01,16.04,15.84,15.87,14334400
2022-04-06T13:00:00Z,15.7,15.78,15.48,15.56,6130400
2022-04-06T14:00:00Z,15.56,15.87,15.46,15.84,6378400
2022-04-06T15:00:00Z,15.83,16.04,15.83,15.99,3882600
2022-04-06T16:00:00Z,15.99,16.05,15.99,16.01,2356400
2022-04-06T17:00:00Z,16.01,16.1,15.92,15.95,7245300
2022-04-06T18:00:00Z,15.95,16.03,15.64,15.89,11431600
2022-04-06T19:00:00Z,15.89,15.95,15.77,15.83,5221900
2022-04-07T13:00:00Z,15.7,15.8,15.64,15.7,5646000
2022-04-07T14:00:00Z,15.7,15.89,15.6,15.73,7148100
2022-04-07T15:00:00Z,15.73,15.81,15.67,15.71,3961000
2022-04-07T16:00:00Z,15.7,15.79,15.69,15.73,2421000
2022-04-07T17:00:00Z,15.72,15.79,15.72,15.78,2746100
2022-04-07T18:00:00Z,15.78,15.8,15.66,15.7,2622400
2022-04-07T19:00:00Z,15.7,16.01,15.67,15.97,8521300
2022-04-08T13:00:00Z,15.65,15.76,15.5,15.6,5103300
2022-04-08T14:00:00Z,15.61,15.83,15.6,15.78,2775300
2022-04-08T15:00:00Z,15.79,15.83,15.71,15.72,1746600
2022-04-08T16:00:00Z,15.72,15.75,15.63,15.67,3961200
2022-04-08T17:00:00Z,15.67,15.7,15.56,15.58,1927100
2022-04-08T18:00:00Z,15.58,15.66,15.57,15.6,3792400
2022-04-08T19:00:00Z,15.6,15.66,15.55,15.59,3011800
2022-04-11T13:00:00Z,15.44,15.55,15.3,15.4,3223900
2022-04-11T14:00:00Z,15.4,15.41,15.15,15.2,9484700
2022-04-11T15:00:00Z,15.2,15.2,15.06,15.07,5077300
2022-04-11T16:00:00Z,15.07,15.15,14.98,15.07,6192600
2022-04-11T17:00:00Z,15.07,15.12,14.98,15.09,3971300
2022-04-11T18:00:00Z,15.1,15.11,14.95,14.97,4003900
2022-04-11T19:00:00Z,14.97,15.01,14.75,14.8,8505900
2022-04-12T13:00:00Z,15.13,15.23,14.51,14.55,18175800
2022-04-12T14:00:00Z,14.56,14.67,14.44,14.6,14316200
2022-04-12T15:00:00Z,14.6,14.64,14.45,14.47,6750900
2022-04-12T16:00:00Z,14.47,14.57,14.44,14.48,3855000
2022-04-12T17:00:00Z,14.48,14.5,14.37,14.43,3861400
2022-04-12T18:00:00Z,14.43,14.48,14.22,14.37,8786900
2022-04-12T19:00:00Z,14.38,14.42,14.31,14.36,11616600
2022-04-13T13:00:00Z,14.46,14.6,14.28,14.34,10488000
2022-04-13T14:00:00Z,14.34,14.41,14.22,14.33,8248000
2022-04-13T15:00:00Z,14.34,14.35,14.28,14.34,6173000
2022-04-13T16:00:00Z,14.34,14.35,14.27,14.34,3808800
2022-04-13T17:00:00Z,14.33,14.46,14.26,14.29,8095100
2022-04-13T18:00:00Z,14.29,14.46,14.27,14.44,5280100
2022-04-13T19:00:00Z,14.44,14.47,14.38,14.41,5093400
2022-04-14T13:00:00Z,14.43,14.48,14.18,14.35,6123400
2022-04-14T14:00:00Z,14.35,14.4,14.25,14.25,4422600
2022-04-14T15:00:00Z,14.25,14.38,14.24,14.28,2585500
2022-04-14T16:00:00Z,14.28,14.34,14.24,14.32,2193300
2022-04-14T17:00:00Z,14.33,14.38,14.28,14.36,4136200
2022-04-14T18:00:00Z,14.36,14.48,14.32,14.35,2783300
2022-04-14T19:00:00Z,14.36,14.44,14.35,14.35,2891300
2022-04-18T13:00:00Z,14.5,14.6,14.35,14.42,2522900
2022-04-18T14:00:00Z,14.42,14.57,14.35,14.55,2187900
2022-04-18T15:00:00Z,14.55,14.59,14.47,14.59,1233800
2022-04-18T16:00:00Z,14.59,14.65,14.54,14.64,1974300
2022-04-18T17:00:00Z,14.64,14.69,14.56,14.58,2394400
2022-04-18T18:00:00Z,14.58,14.58,14.51,14.52,3582300
2022-04-18T19:00:00Z,14.51,14.53,14.45,14.51,2439600
2022-04-19T13:00:00Z,14.37,14.52,14.34,14.44,4711600
2022-04-19T14:00:00Z,14.44,14.45,14.31,14.42,2567700
2022-04-19T15:00:00Z,14.42,14.42,14.22,14.27,6449800
2022-04-19T16:00:00Z,14.26,14.36,14.25,14.29,3148500
2022-04-19T17:00:00Z,14.29,14.38,14.29,14.38,2207500
2022-04-19T18:00:00Z,14.37,14.42,14.31,14.4,1972600
2022-04-19T19:00:00Z,14.39,14.59,14.38,14.5,3067900
2022-04-20T13:00:00Z,14.5,14.87,14.47,14.67,3669300
2022-04-20T14:00:00Z,14.67,14.88,14.6,14.88,3744000
2022-04-20T15:00:00Z,14.88,14.89,14.58,14.68,3450800
2022-04-20T16:00:00Z,14.68,14.68,14.56,14.64,2035100
2022-04-20T17:00:00Z,14.65,14.72,14.58,14.7,2317500
2022-04-20T18:00:00Z,14.7,14.71,14.58,14.61,2080900
2022-04-20T19:00:00Z,14.6,14.69,14.6,14.65,3055200
2022-04-22T13:00:00Z,14.54,14.89,14.42,14.48,5883400
2022-04-22T14:00:00Z,14.48,14.57,14.36,14.45,5976500
2022-04-22T15:00:00Z,14.45,14.57,14.44,14.56,2461700
2022-04-22T16:00:00Z,14.55,14.58,14.48,14.53,2627900
2022-04-22T17:00:00Z,14.53,14.53,14.42,14.44,2527600
2022-04-22T18:00:00Z,14.44,14.46,14.26,14.31,3287900
2022-04-22T19:00:00Z,14.3,14.41,14.26,14.33,5984900
2022-04-25T13:00:00Z,14.24,14.31,14.02,14.09,3409200
2022-04-25T14:00:00Z,14.08,14.39,14.06,14.16,2952400
2022-04-25T15:00:00Z,14.15,14.2,14.04,14.05,4288800
2022-04-25T16:00:00Z,14.04,14.14,14.03,14.09,3565000
2022-04-25T17:00:00Z,14.08,14.17,14.06,14.1,3117900
2022-04-25T18:00:00Z,14.09,14.34,14.07,14.25,5229000
2022-04-25T19:00:00Z,14.24,14.27,14.12,14.15,3347600
2022-04-26T13:00:00Z,14.02,14.13,13.91,14.02,4226300
2022-04-26T14:00:00Z,14.02,14.03,13.77,13.77,4595700
2022-04-26T15:00:00Z,13.78,13.79,13.65,13.75,5412500
2022-04-26T16:00:00Z,13.76,13.81,13.73,13.77,4787500
2022-04-26T17:00:00Z,13.78,13.82,13.74,13.75,4227500
2022-04-26T18:00:00Z,13.75,13.81,13.68,13.71,5911300
2022-04-26T19:00:00Z,13.72,13.75,13.59,13.65,10358800
2022-04-27T13:00:00Z,13.77,13.91,13.57,13.61,7128800
2022-04-27T14:00:00Z,13.62,13.67,13.52,13.66,8083800
2022-04-27T15:00:00Z,13.66,13.69,13.54,13.56,2773600
2022-04-27T16:00:00Z,13.56,13.69,13.54,13.58,2726700
2022-04-27T17:00:00Z,13.59,13.62,13.52,13.62,3040400
2022-04-27T18:00:00Z,13.62,13.69,13.55,13.56,6647300
2022-04-27T19:00:00Z,13.56,13.57,13.38,13.53,21484100
2022-04-28T13:00:00Z,13.52,13.82,13.45,13.64,5925400
2022-04-28T14:00:00Z,13.64,13.64,13.44,13.56,7936500
2022-04-28T15:00:00Z,13.57,13.6,13.5,13.51,2805200
2022-04-28T16:00:00Z,13.51,13.61,13.5,13.6,2855300
2022-04-28T17:00:00Z,13.6,13.64,13.55,13.58,1815800
2022-04-28T18:00:00Z,13.57,13.66,13.54,13.58,2404800
2022-04-28T19:00:00Z,13.58,13.64,13.53,13.55,3325100
2022-04-29T13:00:00Z,13.65,13.75,13.56,13.66,4198200
2022-04-29T14:00:00Z,13.66,13.7,13.56,13.64,1949900
2022-04-29T15:00:00Z,13.65,13.76,13.62,13.64,1440500
2022-04-29T16:00:00Z,13.65,13.66,13.59,13.61,1611500
2022-04-29T17:00:00Z,13.6,13.72,13.6,13.63,1604000
2022-04-29T18:00:00Z,13.64,13.72,13.51,13.53,3603900
2022-04-29T19:00:00Z,13.53,13.62,13.27,13.3,6641100
2022-05-02T13:00:00Z,13.24,13.53,13.09,13.1,4288800
2022-05-02T14:00:00Z,13.1,13.16,12.99,13.06,6092000
2022-05-02T15:00:00Z,13.07,13.08,12.84,12.85,14482200
2022-05-02T16:00:00Z,12.86,12.91,12.78,12.8,7960000
2022-05-02T17:00:00Z,12.8,12.84,12.65,12.69,9633100
2022-05-02T18:00:00Z,12.69,12.77,12.54,12.59,11861300
2022-05-02T19:00:00Z,12.59,12.84,12.56,12.76,9327800
2022-05-03T13:00:00Z,12.8,12.87,12.65,12.74,3164000
2022-05-03T14:00:00Z,12.75,12.78,12.63,12.64,3514200
2022-05-03T15:00:00Z,12.63,12.68,12.56,12.59,2885900
2022-05-03T16:00:00Z,12.6,12.61,12.52,12.58,1709900
2022-05-03T17:00:00Z,12.57,12.64,12.56,12.59,2121000
2022-05-03T18:00:00Z,12.59,12.63,12.54,12.57,5153100
2022-05-03T19:00:00Z,12.56,12.6,12.47,12.54,4610800
2022-05-04T13:00:00Z,12.43,12.56,12.18,12.22,4396300
2022-05-04T14:00:00Z,12.22,12.3,12.11,12.18,7162900
2022-05-04T15:00:00Z,12.18,12.2,12.12,12.16,3890300
2022-05-04T16:00:00Z,12.16,12.26,12.14,12.21,3244500
2022-05-04T17:00:00Z,12.2,12.38,12.18,12.38,5643400
2022-05-04T18:00:00Z,12.37,12.56,12.18,12.46,8015700
2022-05-04T19:00:00Z,12.45,12.72,12.4,12.63,8519400
2022-05-05T13:00:00Z,12.51,12.54,12.28,12.32,3691200
2022-05-05T14:00:00Z,12.32,12.33,12.08,12.29,4803900
2022-05-05T15:00:00Z,12.28,12.29,12.04,12.17,4697300
2022-05-05T16:00:00Z,12.17,12.19,11.99,12.12,5737500
2022-05-05T17:00:00Z,12.12,12.12,12,12.03,5334300
2022-05-05T18:00:00Z,12.03,12.06,11.96,11.98,4201300
2022-05-05T19:00:00Z,11.98,12.12,11.93,12.09,6776700
2022-05-06T13:00:00Z,11.97,12.1,11.75,11.85,6339300
2022-05-06T14:00:00Z,11.84,12.08,11.84,12.01,5196100
2022-05-06T15:00:00Z,12.01,12.07,11.82,11.85,3063200
2022-05-06T16:00:00Z,11.84,11.92,11.81,11.91,3705400
2022-05-06T17:00:00Z,11.9,11.93,11.76,11.78,3107200
2022-05-06T18:00:00Z,11.78,11.84,11.68,11.71,4312700
2022-05-06T19:00:00Z,11.71,11.81,11.7,11.78,6142600
2022-05-09T13:00:00Z,11.69,11.77,11.51,11.63,2966100
2022-05-09T14:00:00Z,11.63,11.72,11.57,11.64,3026300
2022-05-09T15:00:00Z,11.64,11.88,11.62,11.83,4529300
2022-05-09T16:00:00Z,11.83,11.97,11.8,11.86,3636400
2022-05-09T17:00:00Z,11.86,11.91,11.82,11.83,3504100
2022-05-09T18:00:00Z,11.83,11.86,11.75,11.76,2950200
2022-05-09T19:00:00Z,11.76,11.77,11.71,11.76,4733300
2022-05-10T13:00:00Z,11.82,11.85,11.47,11.55,6544000
2022-05-10T14:00:00Z,11.56,11.63,11.42,11.52,4835400
2022-05-10T15:00:00Z,11.52,11.53,11.41,11.49,3485000
2022-05-10T16:00:00Z,11.48,11.63,11.48,11.6,3223800
2022-05-10T17:00:00Z,11.59,11.79,11.59,11.69,3734000
2022-05-10T18:00:00Z,11.69,11.72,11.6,11.69,3159500
2022-05-10T19:00:00Z,11.69,11.72,11.55,11.58,3344700
2022-05-11T13:00:00Z,11.51,11.72,11.45,11.61,6828300
2022-05-11T14:00:00Z,11.6,11.62,11.52,11.54,3577000
2022-05-11T15:00:00Z,11.55,11.57,11.46,11.57,2683300
2022-05-11T16:00:00Z,11.57,11.57,11.43,11.45,2055700
2022-05-11T17:00:00Z,11.44,11.45,11.34,11.36,2610700
2022-05-11T18:00:00Z,11.36,11.4,11.29,11.32,2922600
2022-05-11T19:00:00Z,11.33,11.35,11.29,11.31,3547300
2022-05-12T13:00:00Z,11.18,11.39,11.18,11.34,6250800
2022-05-12T14:00:00Z,11.33,11.77,11.31,11.72,15812500
2022-05-12T15:00:00Z,11.71,11.8,11.62,11.67,6663600
2022-05-12T16:00:00Z,11.67,11.78,11.64,11.74,3907900
2022-05-12T17:00:00Z,11.74,11.8,11.67,11.79,5327800
2022-05-12T18:00:00Z,11.8,11.83,11.73,11.76,5836600
2022-05-12T19:00:00Z,11.76,12,11.74,11.95,9028100
2022-05-13T13:00:00Z,11.83,11.83,11.45,11.61,20913200
2022-05-13T14:00:00Z,11.61,11.82,11.54,11.62,11981300
2022-05-13T15:00:00Z,11.62,11.63,11.55,11.61,5161900
2022-05-13T16:00:00Z,11.62,11.68,11.58,11.62,8143800
2022-05-13T17:00:00Z,11.61,11.63,11.59,11.59,2685600
2022-05-13T18:00:00Z,11.6,11.6,11.52,11.56,4476100
2022-05-13T19:00:00Z,11.56,11.57,11.44,11.48,5619800
2022-05-16T13:00:00Z,11.46,11.47,11.29,11.35,4005600
2022-05-16T14:00:00Z,11.35,11.43,11.24,11.33,3962500
2022-05-16T15:00:00Z,11.33,11.48,11.3,11.45,3309600
2022-05-16T16:00:00Z,11.45,11.62,11.43,11.58,6172200
2022-05-16T17:00:00Z,11.57,11.67,11.52,11.62,3763100
2022-05-16T18:00:00Z,11.62,11.69,11.59,11.65,4422800
2022-05-16T19:00:00Z,11.64,11.7,11.63,11.68,4382000
2022-05-17T13:00:00Z,11.83,12.09,11.8,11.92,6030100
2022-05-17T14:00:00Z,11.92,11.94,11.74,11.78,4738600
2022-05-17T15:00:00Z,11.78,11.86,11.7,11.83,3730500
2022-05-17T16:00:00Z,11.83,11.92,11.78,11.89,4410600
2022-05-17T17:00:00Z,11.89,11.95,11.79,11.84,4856000
2022-05-17T18:00:00Z,11.84,11.92,11.78,11.87,5215400
2022-05-17T19:00:00Z,11.87,11.93,11.85,11.91,4137900
2022-05-18T13:00:00Z,11.72,11.79,11.58,11.77,7420100
2022-05-18T14:00:00Z,11.77,11.8,11.61,11.72,4517300
2022-05-18T15:00:00Z,11.73,11.82,11.69,11.71,3898100
2022-05-18T16:00:00Z,11.71,11.72,11.6,11.69,2677300
2022-05-18T17:00:00Z,11.69,11.7,11.49,11.53,6936800
2022-05-18T18:00:00Z,11.53,11.66,11.5,11.56,7202600
2022-05-18T19:00:00Z,11.56,11.6,11.47,11.5,8672900
2022-05-19T13:00:00Z,11.58,11.83,11.54,11.64,3803900
2022-05-19T14:00:00Z,11.64,11.71,11.59,11.65,3358000
2022-05-19T15:00:00Z,11.64,11.79,11.59,11.78,5334400
2022-05-19T16:00:00Z,11.78,11.79,11.69,11.78,3480700
2022-05-19T17:00:00Z,11.78,11.82,11.7,11.74,4229600
2022-05-19T18:00:00Z,11.73,11.75,11.67,11.68,2521200
2022-05-19T19:00:00Z,11.68,11.79,11.68,11.73,13102400
2022-05-20T13:00:00Z,11.93,12.23,11.84,12.19,10071400
2022-05-20T14:00:00Z,12.19,12.21,12.07,12.08,9325100
2022-05-20T15:00:00Z,12.09,12.1,11.98,12.02,12772300
2022-05-20T16:00:00Z,12.03,12.03,11.85,11.93,6523500
2022-05-20T17:00:00Z,11.92,11.99,11.9,11.92,8495900
2022-05-20T18:00:00Z,11.92,12.03,11.91,12.01,7334000
2022-05-20T19:00:00Z,12,12.14,11.97,12.08,9994900
2022-05-23T13:00:00Z,12.08,12.2,12.02,12.18,6844700
2022-05-23T14:00:00Z,12.18,12.18,12.04,12.13,4309100
2022-05-23T15:00:00Z,12.13,12.19,12.11,12.18,3135500
2022-05-23T16:00:00Z,12.18,12.2,12.14,12.14,3538400
2022-05-23T17:00:00Z,12.14,12.15,12.06,12.11,3669800
2022-05-23T18:00:00Z,12.11,12.17,12.07,12.15,6107100
2022-05-23T19:00:00Z,12.15,12.18,12.04,12.13,5680000
2022-05-24T13:00:00Z,12,12.05,11.86,11.97,4960900
2022-05-24T14:00:00Z,11.98,11.99,11.87,11.94,3164300
2022-05-24T15:00:00Z,11.93,12.03,11.89,11.98,3326600
2022-05-24T16:00:00Z,11.98,11.99,11.87,11.93,2262700
2022-05-24T17:00:00Z,11.93,11.97,11.92,11.95,2778700
2022-05-24T18:00:00Z,11.96,12,11.78,11.83,4027800
2022-05-24T19:00:00Z,11.83,11.99,11.81,11.96,7032800
2022-05-25T13:00:00Z,11.91,12.05,11.64,11.75,6501500
2022-05-25T14:00:00Z,11.75,11.8,11.67,11.76,4131300
2022-05-25T15:00:00Z,11.75,11.76,11.64,11.68,4488400
2022-05-25T16:00:00Z,11.68,11.69,11.61,11.64,4390600
2022-05-25T17:00:00Z,11.63,11.67,11.63,11.63,4375500
2022-05-25T18:00:00Z,11.64,11.92,11.63,11.91,7094800
2022-05-25T19:00:00Z,11.91,11.95,11.85,11.89,7871300
2022-05-26T13:00:00Z,11.9,12.14,11.9,12.13,7861000
2022-05-26T14:00:00Z,12.14,12.35,12.11,12.2,11086700
2022-05-26T15:00:00Z,12.2,12.24,12.13,12.14,6437400
2022-05-26T16:00:00Z,12.14,12.28,12.13,12.21,6291400
2022-05-26T17:00:00Z,12.2,12.29,12.19,12.28,6242800
2022-05-26T18:00:00Z,12.28,12.45,12.27,12.39,6973900
2022-05-26T19:00:00Z,12.39,12.43,12.3,12.38,7329700
2022-05-27T13:00:00Z,12.47,12.59,12.32,12.53,5951100
2022-05-27T14:00:00Z,12.53,12.8,12.49,12.73,8785200
2022-05-27T15:00:00Z,12.74,12.77,12.65,12.71,2850100
2022-05-27T16:00:00Z,12.71,12.76,12.7,12.71,3411500
2022-05-27T17:00:00Z,12.72,12.85,12.71,12.85,5422600
2022-05-27T18:00:00Z,12.85,12.88,12.78,12.84,5894400
2022-05-27T19:00:00Z,12.85,12.86,12.7,12.75,5902000
2022-05-30T13:00:00Z,12.82,13.12,12.7,12.94,8925900
2022-05-30T14:00:00Z,12.94,12.95,12.78,12.81,4185100
2022-05-30T15:00:00Z,12.8,12.83,12.75,12.77,3311800
2022-05-30T16:00:00Z,12.76,12.85,12.75,12.81,2343200
2022-05-30T17:00:00Z,12.81,12.82,12.75,12.75,2135100
2022-05-30T18:00:00Z,12.75,12.85,12.75,12.8,2239200
2022-05-30T19:00:00Z,12.79,12.83,12.75,12.76,2343200
2022-05-31T13:00:00Z,12.83,12.96,12.63,12.81,4618900
2022-05-31T14:00:00Z,12.82,12.87,12.75,12.8,3202600
2022-05-31T15:00:00Z,12.81,12.85,12.75,12.8,2228100
2022-05-31T16:00:00Z,12.8,12.88,12.79,12.85,1927600
2022-05-31T17:00:00Z,12.86,12.92,12.76,12.79,3808200
2022-05-31T18:00:00Z,12.79,12.83,12.68,12.71,3494700
2022-05-31T19:00:00Z,12.71,12.78,12.63,12.71,6447000
2022-06-01T13:00:00Z,12.77,12.83,12.66,12.67,3560800
2022-06-01T14:00:00Z,12.67,12.68,12.49,12.66,2918000
2022-06-01T15:00:00Z,12.66,12.69,12.58,12.59,2543900
2022-06-01T16:00:00Z,12.6,12.61,12.55,12.57,2197700
2022-06-01T17:00:00Z,12.58,12.6,12.53,12.57,2908000
2022-06-01T18:00:00Z,12.56,12.6,12.53,12.55,3467800
2022-06-01T19:00:00Z,12.56,12.57,12.51,12.54,2938400
2022-06-02T13:00:00Z,12.59,12.83,12.59,12.77,6498700
2022-06-02T14:00:00Z,12.77,12.82,12.66,12.68,4410000
2022-06-02T15:00:00Z,12.68,12.83,12.67,12.81,2278400
2022-06-02T16:00:00Z,12.81,12.95,12.8,12.95,3125900
2022-06-02T17:00:00Z,12.94,12.99,12.93,12.96,2575500
2022-06-02T18:00:00Z,12.97,12.98,12.9,12.9,1668200
2022-06-02T19:00:00Z,12.9,12.93,12.86,12.88,2307200
2022-06-03T13:00:00Z,12.85,12.88,12.62,12.77,3573700
2022-06-03T14:00:00Z,12.77,12.92,12.72,12.83,2823000
2022-06-03T15:00:00Z,12.83,12.84,12.73,12.8,1584400
2022-06-03T16:00:00Z,12.79,12.8,12.75,12.79,1083200
2022-06-03T17:00:00Z,12.79,12.8,12.67,12.68,1295900
2022-06-03T18:00:00Z,12.67,12.7,12.59,12.63,2099900
2022-06-03T19:00:00Z,12.63,12.7,12.62,12.69,1751100
2022-06-06T13:00:00Z,12.77,12.79,12.61,12.62,1665500
2022-06-06T14:00:00Z,12.63,12.65,12.45,12.46,2113800
2022-06-06T15:00:00Z,12.47,12.48,12.36,12.39,2886000
2022-06-06T16:00:00Z,12.39,12.41,12.24,12.24,2596300
2022-06-06T17:00:00Z,12.24,12.36,12.22,12.35,2073200
2022-06-06T18:00:00Z,12.35,12.37,12.32,12.35,2051800
2022-06-06T19:00:00Z,12.35,12.38,12.3,12.36,4103400
2022-06-07T13:00:00Z,12.17,12.25,11.92,12.01,6298800
2022-06-07T14:00:00Z,12,12.19,12,12.14,5089800
2022-06-07T15:00:00Z,12.14,12.18,12.07,12.14,2437400
2022-06-07T16:00:00Z,12.14,12.16,12.09,12.14,1104400
2022-06-07T17:00:00Z,12.14,12.16,11.96,11.97,3095100
2022-06-07T18:00:00Z,11.98,12.01,11.91,11.94,5064800
2022-06-07T19:00:00Z,11.93,11.95,11.81,11.88,8750100
2022-06-08T13:00:00Z,11.8,12.05,11.74,12.02,3348700
2022-06-08T14:00:00Z,12.01,12.04,11.92,12,5485000
2022-06-08T15:00:00Z,12,12.01,11.92,12,3109400
2022-06-08T16:00:00Z,11.99,12.01,11.87,11.9,2179400
2022-06-08T17:00:00Z,11.9,11.93,11.85,11.86,2133100
2022-06-08T18:00:00Z,11.85,11.9,11.77,11.79,2353100
2022-06-08T19:00:00Z,11.78,11.85,11.74,11.84,3504500
2022-06-09T13:00:00Z,11.78,12.01,11.76,11.98,2053400
2022-06-09T14:00:00Z,11.98,12.13,11.98,12.02,3272300
2022-06-09T15:00:00Z,12.02,12.09,11.97,12.05,2489100
2022-06-09T16:00:00Z,12.06,12.16,12.03,12.09,4253800
2022-06-09T17:00:00Z,12.09,12.11,12,12.05,3124400
2022-06-09T18:00:00Z,12.04,12.06,11.99,12.05,1695100
2022-06-09T19:00:00Z,12.04,12.05,11.92,12.02,2868500
2022-06-10T13:00:00Z,11.8,11.94,11.69,11.73,3687200
2022-06-10T14:00:00Z,11.74,11.76,11.65,11.73,3032300
2022-06-10T15:00:00Z,11.73,11.87,11.73,11.84,2718700
2022-06-10T16:00:00Z,11.83,11.9,11.77,11.79,2289900
2022-06-10T17:00:00Z,11.8,11.84,11.75,11.83,2989700
2022-06-10T18:00:00Z,11.83,11.89,11.78,11.8,2952600
2022-06-10T19:00:00Z,11.79,11.81,11.7,11.7,3988100
2022-06-13T13:00:00Z,11.49,11.6,11.31,11.35,5357200
2022-06-13T14:00:00Z,11.34,11.46,11.32,11.45,4594700
2022-06-13T15:00:00Z,11.44,11.68,11.39,11.53,6939600
2022-06-13T16:00:00Z,11.53,11.55,11.45,11.48,3423700
2022-06-13T17:00:00Z,11.49,11.54,11.45,11.54,3440600
2022-06-13T18:00:00Z,11.54,11.6,11.52,11.57,4156000
2022-06-13T19:00:00Z,11.57,11.62,11.43,11.52,6017300
2022-06-14T13:00:00Z,11.53,11.62,11.41,11.44,4198100
2022-06-14T14:00:00Z,11.44,11.52,11.38,11.46,4947300
2022-06-14T15:00:00Z,11.46,11.61,11.45,11.55,2374700
2022-06-14T16:00:00Z,11.55,11.6,11.49,11.51,2886000
2022-06-14T17:00:00Z,11.51,11.61,11.48,11.49,2339000
2022-06-14T18:00:00Z,11.48,11.52,11.46,11.48,4041400
2022-06-14T19:00:00Z,11.47,11.54,11.45,11.47,4020400
2022-06-15T13:00:00Z,11.71,11.8,11.57,11.74,5738900
2022-06-15T14:00:00Z,11.75,11.75,11.57,11.61,2763400
2022-06-15T15:00:00Z,11.61,11.63,11.54,11.54,1667000
2022-06-15T16:00:00Z,11.55,11.57,11.45,11.46,1650900
2022-06-15T17:00:00Z,11.46,11.55,11.45,11.53,2380300
2022-06-15T18:00:00Z,11.54,11.79,11.45,11.77,5666100
2022-06-15T19:00:00Z,11.77,11.8,11.61,11.68,5469800
2022-06-17T13:00:00Z,11.4,11.47,11.17,11.3,7663600
2022-06-17T14:00:00Z,11.29,11.42,11.21,11.41,5053900
2022-06-17T15:00:00Z,11.4,11.44,11.33,11.36,2474000
2022-06-17T16:00:00Z,11.35,11.36,11.29,11.33,1976600
2022-06-17T17:00:00Z,11.33,11.38,11.31,11.33,2680700
2022-06-17T18:00:00Z,11.33,11.43,11.33,11.4,1844400
2022-06-17T19:00:00Z,11.4,11.49,11.36,11.45,2722200
2022-06-20T13:00:00Z,11.46,11.62,11.29,11.36,2105800
2022-06-20T14:00:00Z,11.37,11.46,11.34,11.43,1534900
2022-06-20T15:00:00Z,11.43,11.61,11.43,11.56,1888800
2022-06-20T16:00:00Z,11.55,11.58,11.49,11.53,1447500
2022-06-20T17:00:00Z,11.54,11.58,11.52,11.57,1036300
2022-06-20T18:00:00Z,11.56,11.58,11.52,11.53,933400
2022-06-20T19:00:00Z,11.53,11.6,11.51,11.54,2348200
2022-06-21T13:00:00Z,11.6,11.77,11.52,11.59,2742000
2022-06-21T14:00:00Z,11.59,11.63,11.51,11.58,2009600
2022-06-21T15:00:00Z,11.59,11.62,11.54,11.57,1804600
2022-06-21T16:00:00Z,11.57,11.61,11.56,11.58,1030800
2022-06-21T17:00:00Z,11.58,11.66,11.45,11.45,4178400
2022-06-21T18:00:00Z,11.45,11.49,11.4,11.45,2508500
2022-06-21T19:00:00Z,11.47,11.52,11.45,11.52,5190300
2022-06-22T13:00:00Z,11.48,11.56,11.35,11.5,4525300
2022-06-22T14:00:00Z,11.49,11.57,11.48,11.5,5417300
2022-06-22T15:00:00Z,11.5,11.53,11.42,11.49,1814400
2022-06-22T16:00:00Z,11.49,11.6,11.47,11.57,2728500
2022-06-22T17:00:00Z,11.57,11.67,11.56,11.61,2024900
2022-06-22T18:00:00Z,11.6,11.67,11.59,11.64,1728100
2022-06-22T19:00:00Z,11.64,11.66,11.52,11.55,2966400
2022-06-23T13:00:00Z,11.63,11.84,11.6,11.8,2347800
2022-06-23T14:00:00Z,11.8,11.87,11.68,11.87,2973200
2022-06-23T15:00:00Z,11.87,11.87,11.71,11.79,2284300
2022-06-23T16:00:00Z,11.79,11.9,11.72,11.74,2628700
2022-06-23T17:00:00Z,11.75,11.75,11.61,11.64,1766400
2022-06-23T18:00:00Z,11.64,11.65,11.55,11.62,3503300
2022-06-23T19:00:00Z,11.62,11.66,11.55,11.6,6734400
2022-06-24T13:00:00Z,11.74,11.75,11.58,11.72,1624800
2022-06-24T14:00:00Z,11.72,11.82,11.65,11.67,3155700
2022-06-24T15:00:00Z,11.68,11.7,11.56,11.59,2135700
2022-06-24T16:00:00Z,11.59,11.62,11.57,11.6,1261600
2022-06-24T17:00:00Z,11.6,11.64,11.56,11.58,2953000
2022-06-24T18:00:00Z,11.57,11.62,11.54,11.6,3971400
2022-06-24T19:00:00Z,11.6,11.62,11.55,11.62,2026400
2022-06-27T13:00:00Z,11.68,11.76,11.62,11.74,1624500
2022-06-27T14:00:00Z,11.73,11.76,11.61,11.65,4316400
2022-06-27T15:00:00Z,11.64,11.65,11.57,11.58,1444800
2022-06-27T16:00:00Z,11.58,11.65,11.58,11.59,1272900
2022-06-27T17:00:00Z,11.6,11.61,11.55,11.58,1797000
2022-06-27T18:00:00Z,11.58,11.59,11.51,11.52,1941600
2022-06-27T19:00:00Z,11.52,11.63,11.51,11.6,2778100
2022-06-28T13:00:00Z,11.64,11.82,11.58,11.77,4051200
2022-06-28T14:00:00Z,11.77,11.82,11.52,11.55,5819900
2022-06-28T15:00:00Z,11.54,11.57,11.4,11.4,5154500
2022-06-28T16:00:00Z,11.41,11.41,11.3,11.32,1559700
2022-06-28T17:00:00Z,11.33,11.34,11.22,11.24,2475300
2022-06-28T18:00:00Z,11.25,11.28,11.18,11.28,2187700
2022-06-28T19:00:00Z,11.28,11.29,11.21,11.24,2397500
2022-06-29T13:00:00Z,11.28,11.29,11.14,11.27,5641400
2022-06-29T14:00:00Z,11.26,11.3,11.09,11.13,2696700
2022-06-29T15:00:00Z,11.12,11.14,10.98,11,2201500
2022-06-29T16:00:00Z,10.99,11.01,10.93,10.98,1248100
2022-06-29T17:00:00Z,10.98,11,10.89,10.96,1951000
2022-06-29T18:00:00Z,10.97,11,10.92,10.94,1976200
2022-06-29T19:00:00Z,10.95,10.99,10.9,10.9,4969100
2022-06-30T13:00:00Z,10.63,10.9,10.62,10.89,6177200
2022-06-30T14:00:00Z,10.9,10.98,10.79,10.96,8003400
2022-06-30T15:00:00Z,10.97,11.07,10.92,11.02,7034900
2022-06-30T16:00:00Z,11.01,11.08,10.98,11.03,4668200
2022-06-30T17:00:00Z,11.03,11.05,10.97,11.03,5325000
2022-06-30T18:00:00Z,11.02,11.03,10.95,11.01,5250400
2022-06-30T19:00:00Z,11,11.05,10.97,11.01,7238200
2022-07-01T13:00:00Z,10.75,10.95,10.73,10.91,3440200
2022-07-01T14:00:00Z,10.91,11.09,10.89,11,2683400
2022-07-01T15:00:00Z,11,11.08,10.97,11.02,2776800
2022-07-01T16:00:00Z,11.02,11.05,10.99,11.04,2656200
2022-07-01T17:00:00Z,11.03,11.13,11.03,11.09,2241500
2022-07-01T18:00:00Z,11.09,11.27,11.08,11.26,6202300
2022-07-01T19:00:00Z,11.26,11.31,11.22,11.22,3664500
2022-07-04T13:00:00Z,11.11,11.35,11.11,11.19,1746600
2022-07-04T14:00:00Z,11.2,11.23,11.1,11.19,2145000
2022-07-04T15:00:00Z,11.19,11.24,11.14,11.16,1227400
2022-07-04T16:00:00Z,11.16,11.17,11.1,11.12,1350700
2022-07-04T17:00:00Z,11.13,11.14,11.08,11.09,832000
2022-07-04T18:00:00Z,11.08,11.12,11.07,11.08,1031000
2022-07-04T19:00:00Z,11.08,11.08,11.02,11.07,1995800
2022-07-05T13:00:00Z,11,11.13,10.94,11,3500700
2022-07-05T14:00:00Z,10.98,11.2,10.96,11.15,2305400
2022-07-05T15:00:00Z,11.14,11.16,11.05,11.15,3195700
2022-07-05T16:00:00Z,11.15,11.16,11.03,11.09,2240400
2022-07-05T17:00:00Z,11.08,11.2,11.08,11.16,2973300
2022-07-05T18:00:00Z,11.16,11.27,11.14,11.24,3520600
2022-07-05T19:00:00Z,11.22,11.34,11.2,11.26,4306300
2022-07-06T13:00:00Z,11.23,11.43,11.19,11.25,8204900
2022-07-06T14:00:00Z,11.24,11.25,11.03,11.05,7541500
2022-07-06T15:00:00Z,11.04,11.05,10.93,10.97,5380400
2022-07-06T16:00:00Z,10.96,11.09,10.91,11.09,3740700
2022-07-06T17:00:00Z,11.08,11.17,11.07,11.13,5919100
2022-07-06T18:00:00Z,11.13,11.24,11.1,11.22,6157900
2022-07-06T19:00:00Z,11.23,11.23,11.06,11.1,7689200
2022-07-07T13:00:00Z,11.29,11.29,11.16,11.19,3633400
2022-07-07T14:00:00Z,11.19,11.42,11.18,11.29,5772900
2022-07-07T15:00:00Z,11.3,11.34,11.24,11.25,2765400
2022-07-07T16:00:00Z,11.25,11.36,11.24,11.35,1579400
2022-07-07T17:00:00Z,11.35,11.39,11.34,11.34,1472700
2022-07-07T18:00:00Z,11.34,11.42,11.29,11.37,2088400
2022-07-07T19:00:00Z,11.37,11.41,11.36,11.37,2042300
2022-07-08T13:00:00Z,11.39,11.53,11.35,11.41,2291900
2022-07-08T14:00:00Z,11.4,11.46,11.32,11.46,3367900
2022-07-08T15:00:00Z,11.46,11.48,11.39,11.42,1126800
2022-07-08T16:00:00Z,11.41,11.46,11.38,11.4,1932100
2022-07-08T17:00:00Z,11.4,11.41,11.35,11.38,2042200
2022-07-08T18:00:00Z,11.38,11.45,11.38,11.45,2811100
2022-07-08T19:00:00Z,11.45,11.47,11.37,11.42,3709800
2022-07-11T13:00:00Z,11.21,11.22,10.87,10.94,8380200
2022-07-11T14:00:00Z,10.93,10.99,10.86,10.88,3856000
2022-07-11T15:00:00Z,10.88,10.92,10.78,10.9,4710500
2022-07-11T16:00:00Z,10.89,10.9,10.81,10.88,4771600
2022-07-11T17:00:00Z,10.88,10.88,10.82,10.87,4812200
2022-07-11T18:00:00Z,10.87,10.87,10.69,10.7,8333500
2022-07-11T19:00:00Z,10.71,10.79,10.7,10.75,6384900
2022-07-12T13:00:00Z,10.82,10.82,10.48,10.53,6734800
2022-07-12T14:00:00Z,10.52,10.66,10.5,10.56,6053300
2022-07-12T15:00:00Z,10.56,10.61,10.46,10.6,4543600
2022-07-12T16:00:00Z,10.59,10.73,10.58,10.69,4063200
2022-07-12T17:00:00Z,10.68,10.72,10.63,10.67,2386800
2022-07-12T18:00:00Z,10.67,10.68,10.58,10.6,4197000
2022-07-12T19:00:00Z,10.6,10.61,10.42,10.5,5718700
2022-07-13T13:00:00Z,10.42,10.48,10.28,10.36,6588000
2022-07-13T14:00:00Z,10.35,10.49,10.27,10.45,9835100
2022-07-13T15:00:00Z,10.45,10.61,10.41,10.45,11373100
2022-07-13T16:00:00Z,10.45,10.54,10.45,10.47,8970600
2022-07-13T17:00:00Z,10.46,10.51,10.41,10.43,2344300
2022-07-13T18:00:00Z,10.43,10.45,10.35,10.37,10704700
2022-07-13T19:00:00Z,10.37,10.41,10.23,10.27,9579900
2022-07-14T13:00:00Z,10.07,10.14,9.76,9.78,12012800
2022-07-14T14:00:00Z,9.79,10.01,9.71,9.99,12301600
2022-07-14T15:00:00Z,9.99,10.18,9.93,10.16,9346500
2022-07-14T16:00:00Z,10.16,10.3,10.14,10.26,5163600
2022-07-14T17:00:00Z,10.25,10.28,10.13,10.14,4432100
2022-07-14T18:00:00Z,10.14,10.21,10.11,10.19,7814600
2022-07-14T19:00:00Z,10.2,10.36,10.18,10.28,15437800
2022-07-15T13:00:00Z,10.21,10.3,10.07,10.09,5330800
2022-07-15T14:00:00Z,10.1,10.21,9.98,10.19,22539100
2022-07-15T15:00:00Z,10.19,10.3,10.18,10.27,5924400
2022-07-15T16:00:00Z,10.28,10.33,10.25,10.29,8306100
2022-07-15T17:00:00Z,10.29,10.33,10.23,10.29,7510900
2022-07-15T18:00:00Z,10.29,10.29,10.13,10.19,3574300
2022-07-15T19:00:00Z,10.19,10.19,10.03,10.05,5937000
2022-07-18T13:00:00Z,10.09,10.2,10.02,10.18,4820400
2022-07-18T14:00:00Z,10.18,10.35,10.14,10.35,5210900
2022-07-18T15:00:00Z,10.34,10.39,10.33,10.36,4726800
2022-07-18T16:00:00Z,10.36,10.39,10.34,10.37,4770200
2022-07-18T17:00:00Z,10.36,10.44,10.19,10.23,7243400
2022-07-18T18:00:00Z,10.23,10.3,10.19,10.22,4006100
2022-07-18T19:00:00Z,10.23,10.29,10.18,10.29,4436300
2022-07-19T13:00:00Z,10.27,10.5,10.27,10.41,4227500
2022-07-19T14:00:00Z,10.41,10.49,10.21,10.22,6968100
2022-07-19T15:00:00Z,10.22,10.27,10.15,10.17,4166500
2022-07-19T16:00:00Z,10.16,10.22,10.16,10.2,2775400
2022-07-19T17:00:00Z,10.19,10.22,10.13,10.16,3041400
2022-07-19T18:00:00Z,10.17,10.28,10.16,10.2,8701700
2022-07-19T19:00:00Z,10.19,10.21,10.14,10.21,13157700
2022-07-20T13:00:00Z,10.19,10.44,10.19,10.22,8784000
2022-07-20T14:00:00Z,10.23,10.33,10.14,10.33,13111000
2022-07-20T15:00:00Z,10.32,10.37,10.28,10.32,3522700
2022-07-20T16:00:00Z,10.33,10.45,10.32,10.38,5213300
2022-07-20T17:00:00Z,10.38,10.39,10.3,10.34,2796700
2022-07-20T18:00:00Z,10.34,10.52,10.31,10.42,12437800
2022-07-20T19:00:00Z,10.42,10.59,10.42,10.54,10839200
2022-07-21T13:00:00Z,10.56,10.72,10.51,10.69,6221500
2022-07-21T14:00:00Z,10.7,10.72,10.58,10.69,7549900
2022-07-21T15:00:00Z,10.69,10.99,10.68,10.97,8428700
2022-07-21T16:00:00Z,10.98,10.98,10.87,10.9,4342000
2022-07-21T17:00:00Z,10.9,10.9,10.8,10.81,2488700
2022-07-21T18:00:00Z,10.81,10.97,10.8,10.96,8235100
2022-07-21T19:00:00Z,10.97,11.07,10.96,11.02,11779500
2022-07-22T13:00:00Z,11.08,11.18,10.99,11,10601700
2022-07-22T14:00:00Z,11.01,11.04,10.88,10.91,10377300
2022-07-22T15:00:00Z,10.91,10.94,10.84,10.9,6033400
2022-07-22T16:00:00Z,10.9,10.97,10.86,10.91,3450100
2022-07-22T17:00:00Z,10.91,10.92,10.67,10.74,4417500
2022-07-22T18:00:00Z,10.74,10.74,10.62,10.65,3364700
2022-07-22T19:00:00Z,10.65,10.76,10.63,10.7,8071900
2022-07-25T13:00:00Z,10.79,10.79,10.57,10.59,2388300
2022-07-25T14:00:00Z,10.59,10.62,10.49,10.54,4624000
2022-07-25T15:00:00Z,10.53,10.69,10.53,10.63,5489400
2022-07-25T16:00:00Z,10.63,10.63,10.54,10.57,2715100
2022-07-25T17:00:00Z,10.57,10.59,10.54,10.57,2102600
2022-07-25T18:00:00Z,10.56,10.76,10.55,10.75,3936800
2022-07-25T19:00:00Z,10.74,10.78,10.69,10.74,7150000
2022-07-26T13:00:00Z,10.72,10.79,10.7,10.71,2459800
2022-07-26T14:00:00Z,10.71,10.74,10.65,10.73,4158600
2022-07-26T15:00:00Z,10.72,10.83,10.68,10.74,4632400
2022-07-26T16:00:00Z,10.74,10.77,10.66,10.72,4166700
2022-07-26T17:00:00Z,10.71,10.82,10.71,10.8,4886300
2022-07-26T18:00:00Z,10.79,10.85,10.72,10.74,6070600
2022-07-26T19:00:00Z,10.73,10.76,10.69,10.73,5800800
2022-07-27T13:00:00Z,10.87,10.9,10.74,10.76,9716400
2022-07-27T14:00:00Z,10.76,10.82,10.7,10.74,2811300
2022-07-27T15:00:00Z,10.73,10.81,10.71,10.77,2026000
2022-07-27T16:00:00Z,10.76,10.8,10.73,10.73,3467300
2022-07-27T17:00:00Z,10.73,10.74,10.62,10.64,2212800
2022-07-27T18:00:00Z,10.64,10.86,10.64,10.84,4262100
2022-07-27T19:00:00Z,10.84,10.93,10.82,10.9,3285500
2022-07-28T13:00:00Z,10.75,10.92,10.74,10.87,3389600
2022-07-28T14:00:00Z,10.87,10.9,10.82,10.85,3003800
2022-07-28T15:00:00Z,10.84,10.9,10.84,10.89,3156300
2022-07-28T16:00:00Z,10.89,10.9,10.83,10.88,1998700
2022-07-28T17:00:00Z,10.88,11.15,10.86,11.14,3477600
2022-07-28T18:00:00Z,11.14,11.2,11.09,11.15,2834500
2022-07-28T19:00:00Z,11.15,11.37,11.14,11.32,5524500
2022-07-29T13:00:00Z,11.36,11.36,11.05,11.05,3612600
2022-07-29T14:00:00Z,11.05,11.14,11.05,11.12,1960200
2022-07-29T15:00:00Z,11.12,11.2,11.1,11.15,2159500
2022-07-29T16:00:00Z,11.15,11.25,11.15,11.23,2657300
2022-07-29T17:00:00Z,11.23,11.31,11.21,11.31,2018600
2022-07-29T18:00:00Z,11.32,11.35,11.26,11.28,3500400
2022-07-29T19:00:00Z,11.28,11.28,11.09,11.1,4525300
2022-08-01T13:00:00Z,11.02,11.08,10.92,10.97,2267300
2022-08-01T14:00:00Z,10.97,11.09,10.87,11.09,2981600
2022-08-01T15:00:00Z,11.09,11.12,10.95,10.96,2236900
2022-08-01T16:00:00Z,10.95,10.97,10.82,10.85,3099700
2022-08-01T17:00:00Z,10.85,10.88,10.72,10.74,4312800
2022-08-01T18:00:00Z,10.74,10.89,10.71,10.89,4195100
2022-08-01T19:00:00Z,10.89,10.9,10.84,10.88,4132700
2022-08-02T13:00:00Z,10.9,10.91,10.68,10.7,3040400
2022-08-02T14:00:00Z,10.7,10.84,10.67,10.83,2134200
2022-08-02T15:00:00Z,10.83,10.84,10.76,10.77,1428400
2022-08-02T16:00:00Z,10.77,10.94,10.77,10.89,3925500
2022-08-02T17:00:00Z,10.89,10.99,10.78,10.82,3833100
2022-08-02T18:00:00Z,10.83,10.9,10.81,10.84,1994300
2022-08-02T19:00:00Z,10.84,10.86,10.73,10.74,7791300
2022-08-03T13:00:00Z,10.79,10.94,10.77,10.8,3484200
2022-08-03T14:00:00Z,10.79,10.8,10.68,10.73,3133500
2022-08-03T15:00:00Z,10.73,10.95,10.73,10.93,4461700
2022-08-03T16:00:00Z,10.93,11.13,10.92,11.1,3672700
2022-08-03T17:00:00Z,11.11,11.11,10.99,10.99,2278000
2022-08-03T18:00:00Z,10.98,11.03,10.98,11.02,1199300
2022-08-03T19:00:00Z,11.01,11.2,11.01,11.17,7353000
2022-08-04T13:00:00Z,11.25,11.92,11.25,11.9,11055700
2022-08-04T14:00:00Z,11.91,11.91,11.68,11.79,10463700
2022-08-04T15:00:00Z,11.78,11.86,11.75,11.79,4302900
2022-08-04T16:00:00Z,11.79,11.86,11.77,11.8,11831900
2022-08-04T17:00:00Z,11.79,11.83,11.78,11.79,3241900
2022-08-04T18:00:00Z,11.79,11.84,11.77,11.82,6328200
2022-08-04T19:00:00Z,11.82,12,11.78,11.89,9646900
2022-08-05T13:00:00Z,11.94,11.98,11.62,11.83,4564000
2022-08-05T14:00:00Z,11.83,11.95,11.78,11.92,3863200
2022-08-05T15:00:00Z,11.92,11.97,11.82,11.94,2352700
2022-08-05T16:00:00Z,11.94,11.99,11.94,11.95,1265400
2022-08-05T17:00:00Z,11.95,12.13,11.94,12.09,4556700
2022-08-05T18:00:00Z,12.1,12.12,12.02,12.06,4386200
2022-08-05T19:00:00Z,12.06,12.19,12.04,12.13,7889000
2022-08-08T13:00:00Z,12.16,12.42,12.03,12.33,6925900
2022-08-08T14:00:00Z,12.34,12.58,12.31,12.42,6959800
2022-08-08T15:00:00Z,12.42,12.57,12.41,12.45,4374400
2022-08-08T16:00:00Z,12.45,12.52,12.4,12.45,2966900
2022-08-08T17:00:00Z,12.46,12.59,12.44,12.53,2652400
2022-08-08T18:00:00Z,12.53,12.6,12.41,12.51,8798500
2022-08-08T19:00:00Z,12.51,12.54,12.47,12.48,5688700
2022-08-09T13:00:00Z,12.52,12.68,12.47,12.55,5966400
2022-08-09T14:00:00Z,12.55,12.56,12.29,12.4,7011000
2022-08-09T15:00:00Z,12.4,12.54,12.29,12.39,3621800
2022-08-09T16:00:00Z,12.39,12.44,12.26,12.31,8717600
2022-08-09T17:00:00Z,12.31,12.37,12.29,12.33,4692500
2022-08-09T18:00:00Z,12.33,12.33,12.19,12.2,4247300
2022-08-09T19:00:00Z,12.2,12.29,12.17,12.25,5024900
2022-08-10T13:00:00Z,12.63,12.7,12.46,12.56,12319400
2022-08-10T14:00:00Z,12.55,12.59,12.39,12.49,8694000
2022-08-10T15:00:00Z,12.49,12.5,12.33,12.38,4694000
2022-08-10T16:00:00Z,12.37,12.42,12.33,12.41,2212000
2022-08-10T17:00:00Z,12.4,12.46,12.36,12.45,3979700
2022-08-10T18:00:00Z,12.44,12.46,12.35,12.37,3680400
2022-08-10T19:00:00Z,12.36,12.39,12.27,12.33,5110000
2022-08-11T13:00:00Z,12.44,12.53,12.28,12.28,3946100
2022-08-11T14:00:00Z,12.28,12.35,12.12,12.19,2923900
2022-08-11T15:00:00Z,12.19,12.2,12.11,12.13,2874200
2022-08-11T16:00:00Z,12.14,12.22,12.13,12.17,1843600
2022-08-11T17:00:00Z,12.17,12.25,12.12,12.21,3664400
2022-08-11T18:00:00Z,12.2,12.23,11.99,12.05,6286100
2022-08-11T19:00:00Z,12.05,12.28,11.99,12.16,6007400
2022-08-12T13:00:00Z,12.42,12.8,12.37,12.47,7556900
2022-08-12T14:00:00Z,12.47,12.54,12.39,12.4,5503500
2022-08-12T15:00:00Z,12.4,12.46,12.33,12.45,6654700
2022-08-12T16:00:00Z,12.45,12.63,12.44,12.59,4798200
2022-08-12T17:00:00Z,12.6,12.67,12.57,12.65,4482700
2022-08-12T18:00:00Z,12.66,12.83,12.63,12.81,7234300
2022-08-12T19:00:00Z,12.82,13.08,12.81,13.01,10102600
2022-08-15T13:00:00Z,13.1,13.19,12.83,13.04,4424300
2022-08-15T14:00:00Z,13.05,13.17,12.94,13.07,3230200
2022-08-15T15:00:00Z,13.07,13.28,13.06,13.19,2718600
2022-08-15T16:00:00Z,13.19,13.21,13.01,13.03,3617100
2022-08-15T17:00:00Z,13.03,13.19,13.01,13.16,1767500
2022-08-15T18:00:00Z,13.14,13.25,13.12,13.24,1852300
2022-08-15T19:00:00Z,13.24,13.27,13.11,13.18,2763600
2022-08-16T13:00:00Z,13.13,13.21,12.95,13.05,6063100
2022-08-16T14:00:00Z,13.05,13.11,12.99,13.02,2219600
2022-08-16T15:00:00Z,13.03,13.05,12.89,12.96,2750900
2022-08-16T16:00:00Z,12.95,13.04,12.92,13.02,1178800
2022-08-16T17:00:00Z,13.02,13.09,13,13.04,1618900
2022-08-16T18:00:00Z,13.03,13.1,13.03,13.08,3689800
2022-08-16T19:00:00Z,13.07,13.2,13.06,13.11,3957000
2022-08-17T13:00:00Z,13,13.16,12.92,13.01,6621500
2022-08-17T14:00:00Z,13.02,13.11,12.96,12.99,9068300
2022-08-17T15:00:00Z,13,13.1,12.94,12.96,10512100
2022-08-17T16:00:00Z,12.96,12.97,12.9,12.9,1337100
2022-08-17T17:00:00Z,12.9,12.99,12.84,12.98,5301000
2022-08-17T18:00:00Z,12.98,13.03,12.94,12.96,7806500
2022-08-17T19:00:00Z,12.97,12.99,12.81,12.83,5128000
2022-08-18T13:00:00Z,12.87,12.93,12.73,12.79,2999100
2022-08-18T14:00:00Z,12.78,12.88,12.73,12.85,1808900
2022-08-18T15:00:00Z,12.84,12.88,12.76,12.76,1002300
2022-08-18T16:00:00Z,12.76,12.81,12.66,12.71,1616100
2022-08-18T17:00:00Z,12.71,12.75,12.64,12.68,1643800
2022-08-18T18:00:00Z,12.68,12.71,12.63,12.66,2345100
2022-08-18T19:00:00Z,12.67,12.83,12.66,12.82,3025000
2022-08-19T13:00:00Z,12.7,12.84,12.53,12.53,4898300
2022-08-19T14:00:00Z,12.53,12.56,12.38,12.51,7286500
2022-08-19T15:00:00Z,12.52,12.53,12.34,12.39,4924000
2022-08-19T16:00:00Z,12.39,12.43,12.37,12.38,3526900
2022-08-19T17:00:00Z,12.39,12.41,12.27,12.4,4264700
2022-08-19T18:00:00Z,12.4,12.51,12.39,12.46,3987400
2022-08-19T19:00:00Z,12.47,12.58,12.45,12.55,5259800
2022-08-22T13:00:00Z,12.45,12.48,12.36,12.38,4404300
2022-08-22T14:00:00Z,12.38,12.52,12.31,12.36,4022200
2022-08-22T15:00:00Z,12.36,12.48,12.36,12.44,3602800
2022-08-22T16:00:00Z,12.44,12.44,12.36,12.4,1873300
2022-08-22T17:00:00Z,12.39,12.41,12.33,12.37,3776300
2022-08-22T18:00:00Z,12.37,12.4,12.35,12.39,2575300
2022-08-22T19:00:00Z,12.4,12.42,12.27,12.31,5156700
2022-08-23T13:00:00Z,12.3,12.32,12.08,12.24,6238500
2022-08-23T14:00:00Z,12.24,12.31,12.17,12.19,4148300
2022-08-23T15:00:00Z,12.19,12.28,12.15,12.16,3711800
2022-08-23T16:00:00Z,12.17,12.21,12.14,12.14,2007900
2022-08-23T17:00:00Z,12.14,12.24,12.13,12.21,3025400
2022-08-23T18:00:00Z,12.21,12.25,12.17,12.19,2046800
2022-08-23T19:00:00Z,12.19,12.48,12.19,12.47,6716100
2022-08-24T13:00:00Z,12.4,12.69,12.28,12.66,5544700
2022-08-24T14:00:00Z,12.66,12.69,12.5,12.5,2678900
2022-08-24T15:00:00Z,12.5,12.52,12.43,12.45,1965900
2022-08-24T16:00:00Z,12.44,12.47,12.31,12.33,4078200
2022-08-24T17:00:00Z,12.34,12.42,12.33,12.4,1374100
2022-08-24T18:00:00Z,12.4,12.43,12.36,12.41,2347000
2022-08-24T19:00:00Z,12.41,12.56,12.39,12.51,5467100
2022-08-25T13:00:00Z,12.57,12.69,12.51,12.59,2276900
2022-08-25T14:00:00Z,12.59,12.71,12.55,12.59,2526500
2022-08-25T15:00:00Z,12.58,12.66,12.48,12.64,1615100
2022-08-25T16:00:00Z,12.64,12.67,12.58,12.62,1102100
2022-08-25T17:00:00Z,12.62,12.82,12.61,12.76,2510800
2022-08-25T18:00:00Z,12.76,12.8,12.68,12.69,2318700
2022-08-25T19:00:00Z,12.68,12.72,12.62,12.72,1895500
2022-08-26T13:00:00Z,12.82,12.85,12.6,12.72,4175900
2022-08-26T14:00:00Z,12.71,12.72,12.5,12.58,2170100
2022-08-26T15:00:00Z,12.58,12.61,12.44,12.48,1418900
2022-08-26T16:00:00Z,12.49,12.49,12.41,12.46,4379700
2022-08-26T17:00:00Z,12.46,12.49,12.39,12.42,1569700
2022-08-26T18:00:00Z,12.4,12.47,12.39,12.47,2652100
2022-08-26T19:00:00Z,12.47,12.52,12.44,12.45,3540500
2022-08-29T13:00:00Z,12.46,12.46,12.28,12.36,2302400
2022-08-29T14:00:00Z,12.37,12.51,12.31,12.41,2792100
2022-08-29T15:00:00Z,12.41,12.51,12.4,12.5,1604200
2022-08-29T16:00:00Z,12.5,12.57,12.45,12.55,1882100
2022-08-29T17:00:00Z,12.56,12.59,12.47,12.49,1720700
2022-08-29T18:00:00Z,12.48,12.49,12.33,12.37,2765200
2022-08-29T19:00:00Z,12.37,12.45,12.33,12.38,3589700
2022-08-30T13:00:00Z,12.47,12.57,12.33,12.36,3365100
2022-08-30T14:00:00Z,12.37,12.4,12.16,12.29,3874900
2022-08-30T15:00:00Z,12.27,12.29,12.18,12.25,1726000
2022-08-30T16:00:00Z,12.25,12.26,12.05,12.09,3452400
2022-08-30T17:00:00Z,12.09,12.13,12.01,12.13,3303600
2022-08-30T18:00:00Z,12.13,12.19,12.12,12.19,1900100
2022-08-30T19:00:00Z,12.19,12.31,12.17,12.22,4807200
2022-08-31T13:00:00Z,12.17,12.32,11.97,12.18,4837400
2022-08-31T14:00:00Z,12.18,12.27,12.05,12.07,6498800
2022-08-31T15:00:00Z,12.06,12.19,12.05,12.13,1252500
2022-08-31T16:00:00Z,12.14,12.23,12.1,12.13,1849300
2022-08-31T17:00:00Z,12.13,12.14,11.93,12.05,3476500
2022-08-31T18:00:00Z,12.05,12.05,11.91,11.97,6003800
2022-08-31T19:00:00Z,11.97,12.04,11.87,11.95,6010700
2022-09-01T13:00:00Z,11.76,11.95,11.68,11.83,8422600
2022-09-01T14:00:00Z,11.81,11.84,11.66,11.69,3728600
2022-09-01T15:00:00Z,11.69,11.83,11.69,11.77,4230300
2022-09-01T16:00:00Z,11.78,11.89,11.76,11.87,4099200
2022-09-01T17:00:00Z,11.86,11.97,11.84,11.86,4266000
2022-09-01T18:00:00Z,11.87,12,11.86,11.93,6491100
2022-09-01T19:00:00Z,11.94,12.11,11.92,12.06,8966800
2022-09-02T13:00:00Z,12.12,12.62,12.08,12.45,16047400
2022-09-02T14:00:00Z,12.44,12.77,12.37,12.75,12056600
2022-09-02T15:00:00Z,12.74,12.97,12.73,12.92,10092700
2022-09-02T16:00:00Z,12.93,12.98,12.65,12.71,9297300
2022-09-02T17:00:00Z,12.72,12.75,12.62,12.69,5019400
2022-09-02T18:00:00Z,12.68,12.83,12.67,12.74,3896100
2022-09-02T19:00:00Z,12.73,12.76,12.5,12.57,3990500
2022-09-05T13:00:00Z,12.64,12.84,12.57,12.81,3390700
2022-09-05T14:00:00Z,12.81,12.96,12.76,12.94,6029300
2022-09-05T15:00:00Z,12.93,12.95,12.85,12.86,2366000
2022-09-05T16:00:00Z,12.87,12.92,12.83,12.89,4676300
2022-09-05T17:00:00Z,12.9,12.92,12.85,12.88,1656800
2022-09-05T18:00:00Z,12.87,12.92,12.83,12.86,3679600
2022-09-05T19:00:00Z,12.86,12.91,12.83,12.85,3379800
2022-09-06T13:00:00Z,12.6,12.62,12.24,12.28,6807800
2022-09-06T14:00:00Z,12.27,12.35,12.26,12.33,6396700
2022-09-06T15:00:00Z,12.33,12.36,12.24,12.3,3978400
2022-09-06T16:00:00Z,12.31,12.35,12.27,12.3,1407100
2022-09-06T17:00:00Z,12.3,12.4,12.26,12.36,8358000
2022-09-06T18:00:00Z,12.37,12.5,12.34,12.43,6296200
2022-09-06T19:00:00Z,12.43,12.47,12.35,12.36,7617900
2022-09-08T13:00:00Z,12.4,12.9,12.33,12.84,8242100
2022-09-08T14:00:00Z,12.85,12.86,12.73,12.81,4586000
2022-09-08T15:00:00Z,12.82,12.86,12.77,12.81,10411600
2022-09-08T16:00:00Z,12.8,12.83,12.67,12.79,3528600
2022-09-08T17:00:00Z,12.79,12.89,12.75,12.82,11035300
2022-09-08T18:00:00Z,12.82,13.02,12.82,12.97,5394900
2022-09-08T19:00:00Z,12.96,13.04,12.9,13.02,6726300
2022-09-09T13:00:00Z,13.05,13.22,12.98,13.07,4235500
2022-09-09T14:00:00Z,13.07,13.13,13,13.13,5552600
2022-09-09T15:00:00Z,13.12,13.14,13.07,13.08,1434000
2022-09-09T16:00:00Z,13.07,13.18,13.05,13.15,3014200
2022-09-09T17:00:00Z,13.14,13.17,13.05,13.06,2200500
2022-09-09T18:00:00Z,13.05,13.07,12.91,12.98,2153700
2022-09-09T19:00:00Z,12.98,12.99,12.88,12.96,4740000
2022-09-12T13:00:00Z,12.95,13.24,12.94,13.18,5512500
2022-09-12T14:00:00Z,13.19,13.31,13.13,13.2,6154000
2022-09-12T15:00:00Z,13.2,13.21,13.13,13.16,1611000
2022-09-12T16:00:00Z,13.15,13.2,13.12,13.17,1899500
2022-09-12T17:00:00Z,13.17,13.26,13.14,13.26,2470300
2022-09-12T18:00:00Z,13.26,13.31,13.18,13.31,4859300
2022-09-12T19:00:00Z,13.31,13.33,13.24,13.25,3728800
2022-09-13T13:00:00Z,13,13.11,12.88,12.98,3804000
2022-09-13T14:00:00Z,12.98,13.19,12.98,13.01,2428800
2022-09-13T15:00:00Z,13,13.07,12.92,13.01,2497500
2022-09-13T16:00:00Z,13.01,13.02,12.91,12.97,1428800
2022-09-13T17:00:00Z,12.97,13,12.91,12.92,1732700
2022-09-13T18:00:00Z,12.91,12.92,12.78,12.79,2747700
2022-09-13T19:00:00Z,12.78,12.85,12.78,12.85,3536100
2022-09-14T13:00:00Z,12.82,12.96,12.73,12.92,2549200
2022-09-14T14:00:00Z,12.93,13.02,12.84,12.97,2211700
2022-09-14T15:00:00Z,12.98,12.98,12.86,12.88,2961200
2022-09-14T16:00:00Z,12.87,12.91,12.78,12.79,2392000
2022-09-14T17:00:00Z,12.78,12.82,12.7,12.77,2611200
2022-09-14T18:00:00Z,12.77,12.82,12.73,12.78,3309200
2022-09-14T19:00:00Z,12.77,12.82,12.72,12.72,3093400
2022-09-15T13:00:00Z,12.75,12.86,12.61,12.86,4865000
2022-09-15T14:00:00Z,12.85,12.88,12.53,12.55,5993500
2022-09-15T15:00:00Z,12.55,12.62,12.52,12.58,2103200
2022-09-15T16:00:00Z,12.58,12.6,12.48,12.56,3077900
2022-09-15T17:00:00Z,12.55,12.62,12.54,12.57,1289100
2022-09-15T18:00:00Z,12.57,12.61,12.51,12.51,1330200
2022-09-15T19:00:00Z,12.51,12.55,12.45,12.5,2927400
2022-09-16T13:00:00Z,12.44,12.65,12.22,12.3,9086600
2022-09-16T14:00:00Z,12.29,12.47,12.29,12.32,5752700
2022-09-16T15:00:00Z,12.33,12.34,12.25,12.32,4269800
2022-09-16T16:00:00Z,12.32,12.36,12.22,12.24,6675100
2022-09-16T17:00:00Z,12.24,12.26,12.19,12.21,2353800
2022-09-16T18:00:00Z,12.21,12.26,12.19,12.26,4555700
2022-09-16T19:00:00Z,12.25,12.3,12.24,12.3,5081500
2022-09-19T13:00:00Z,12.2,12.32,12.04,12.27,8639900
2022-09-19T14:00:00Z,12.28,12.55,12.23,12.53,5177800
2022-09-19T15:00:00Z,12.54,12.98,12.51,12.96,10000400
2022-09-19T16:00:00Z,12.96,13.07,12.9,13.03,7115500
2022-09-19T17:00:00Z,13.03,13.22,13.02,13.18,5269100
2022-09-19T18:00:00Z,13.17,13.31,13.12,13.22,10759800
2022-09-19T19:00:00Z,13.22,13.35,13.22,13.26,5688600
2022-09-20T13:00:00Z,13.21,13.45,13.2,13.38,10380600
2022-09-20T14:00:00Z,13.37,13.5,13.24,13.44,8898400
2022-09-20T15:00:00Z,13.43,13.74,13.33,13.74,5117900
2022-09-20T16:00:00Z,13.73,13.82,13.67,13.68,8741300
2022-09-20T17:00:00Z,13.68,13.74,13.5,13.5,3294500
2022-09-20T18:00:00Z,13.51,13.55,13.43,13.5,6681600
2022-09-20T19:00:00Z,13.49,13.65,13.45,13.64,6992200
2022-09-21T13:00:00Z,13.7,13.73,13.35,13.4,4046700
2022-09-21T14:00:00Z,13.41,13.43,13.31,13.32,3925900
2022-09-21T15:00:00Z,13.32,13.47,13.28,13.41,2338700
2022-09-21T16:00:00Z,13.4,13.44,13.39,13.42,1560800
2022-09-21T17:00:00Z,13.41,13.45,13.4,13.4,2345200
2022-09-21T18:00:00Z,13.39,13.53,13.27,13.45,10088100
2022-09-21T19:00:00Z,13.45,13.46,13.28,13.33,6756500
2022-09-22T13:00:00Z,13.45,13.5,13.28,13.31,6807100
2022-09-22T14:00:00Z,13.31,13.35,13.12,13.29,9908100
2022-09-22T15:00:00Z,13.29,13.35,13.24,13.29,3889600
2022-09-22T16:00:00Z,13.28,13.36,13.28,13.36,6758800
2022-09-22T17:00:00Z,13.36,13.59,13.34,13.49,7291100
2022-09-22T18:00:00Z,13.49,13.49,13.37,13.44,6024400
2022-09-22T19:00:00Z,13.44,13.6,13.37,13.44,9684000
2022-09-23T13:00:00Z,13.03,13.28,13.01,13.15,8756900
2022-09-23T14:00:00Z,13.15,13.25,13.11,13.18,9166600
2022-09-23T15:00:00Z,13.18,13.23,13.16,13.23,2714900
2022-09-23T16:00:00Z,13.22,13.23,13.15,13.2,3132900
2022-09-23T17:00:00Z,13.2,13.37,13.17,13.36,8587500
2022-09-23T18:00:00Z,13.37,13.37,13.24,13.25,5823000
2022-09-23T19:00:00Z,13.26,13.39,13.24,13.35,6113800
2022-09-26T13:00:00Z,13.23,13.27,12.99,13.02,5274100
2022-09-26T14:00:00Z,13.03,13.04,12.84,12.91,10386300
2022-09-26T15:00:00Z,12.91,12.94,12.82,12.85,3603100
2022-09-26T16:00:00Z,12.84,12.94,12.82,12.89,2064200
2022-09-26T17:00:00Z,12.89,12.89,12.81,12.81,2775800
2022-09-26T18:00:00Z,12.81,12.85,12.74,12.8,4429100
2022-09-26T19:00:00Z,12.8,12.84,12.72,12.76,10367000
2022-09-27T13:00:00Z,12.9,13.05,12.78,12.92,11970700
2022-09-27T14:00:00Z,12.92,13.03,12.85,12.96,4180800
2022-09-27T15:00:00Z,12.97,13.02,12.69,12.71,15300800
2022-09-27T16:00:00Z,12.71,12.73,12.58,12.7,6701900
2022-09-27T17:00:00Z,12.7,12.7,12.57,12.63,3632300
2022-09-27T18:00:00Z,12.63,12.86,12.58,12.81,9310300
2022-09-27T19:00:00Z,12.82,12.83,12.66,12.77,5653100
2022-09-28T13:00:00Z,12.76,12.81,12.57,12.71,13575400
2022-09-28T14:00:00Z,12.71,12.76,12.63,12.65,8007400
2022-09-28T15:00:00Z,12.65,12.71,12.45,12.59,5720200
2022-09-28T16:00:00Z,12.58,12.82,12.58,12.77,6387100
2022-09-28T17:00:00Z,12.77,12.9,12.77,12.87,5807300
2022-09-28T18:00:00Z,12.87,12.88,12.72,12.77,3363800
2022-09-28T19:00:00Z,12.76,12.94,12.75,12.84,4985700
2022-09-29T13:00:00Z,12.55,12.63,12.34,12.35,5360900
2022-09-29T14:00:00Z,12.35,12.39,12.22,12.37,9009100
2022-09-29T15:00:00Z,12.37,12.67,12.36,12.63,7383300
2022-09-29T16:00:00Z,12.62,12.63,12.41,12.42,8084900
2022-09-29T17:00:00Z,12.42,12.53,12.41,12.48,2443100
2022-09-29T18:00:00Z,12.48,12.53,12.4,12.53,2931900
2022-09-29T19:00:00Z,12.53,12.69,12.5,12.67,4691900
2022-09-30T13:00:00Z,12.38,12.66,12.36,12.63,3501100
2022-09-30T14:00:00Z,12.64,12.66,12.57,12.62,3421500
2022-09-30T15:00:00Z,12.62,12.82,12.57,12.72,3721800
2022-09-30T16:00:00Z,12.72,12.75,12.63,12.7,1759300
2022-09-30T17:00:00Z,12.7,12.92,12.65,12.89,6563300
2022-09-30T18:00:00Z,12.9,13.07,12.88,12.92,7060700
2022-09-30T19:00:00Z,12.92,13.18,12.91,13.15,25422700
2022-10-03T13:00:00Z,14.09,14.28,13.73,13.88,24085300
2022-10-03T14:00:00Z,13.88,13.93,13.73,13.8,13395700
2022-10-03T15:00:00Z,13.8,13.88,13.63,13.77,14356800
2022-10-03T16:00:00Z,13.76,13.87,13.76,13.86,5116900
2022-10-03T17:00:00Z,13.86,13.92,13.81,13.85,6106700
2022-10-03T18:00:00Z,13.86,13.9,13.75,13.81,9444600
2022-10-03T19:00:00Z,13.82,13.88,13.78,13.84,7718500
2022-10-04T13:00:00Z,14.65,15.16,14.21,14.4,23112000
2022-10-04T14:00:00Z,14.4,14.44,14.26,14.36,7341500
2022-10-04T15:00:00Z,14.36,14.44,14.25,14.4,4332600
2022-10-04T16:00:00Z,14.41,14.42,14.27,14.32,5289800
2022-10-04T17:00:00Z,14.33,14.47,14.12,14.42,10656300
2022-10-04T18:00:00Z,14.43,14.53,14.37,14.51,10233500
2022-10-04T19:00:00Z,14.5,14.51,14.38,14.39,5650200
2022-10-05T13:00:00Z,14.3,14.33,14.01,14.27,8461200
2022-10-05T14:00:00Z,14.26,14.45,14.12,14.43,9760900
2022-10-05T15:00:00Z,14.43,14.78,14.33,14.77,10493800
2022-10-05T16:00:00Z,14.78,14.96,14.73,14.79,6157400
2022-10-05T17:00:00Z,14.79,14.85,14.75,14.79,3557400
2022-10-05T18:00:00Z,14.8,14.97,14.79,14.97,7916000
2022-10-05T19:00:00Z,14.97,14.97,14.63,14.69,15094400
2022-10-06T13:00:00Z,14.8,14.92,14.56,14.87,7240500
2022-10-06T14:00:00Z,14.87,14.89,14.6,14.88,5368900
2022-10-06T15:00:00Z,14.88,14.94,14.79,14.84,3225200
2022-10-06T16:00:00Z,14.84,14.99,14.81,14.93,3279900
2022-10-06T17:00:00Z,14.93,14.95,14.82,14.85,3773500
2022-10-06T18:00:00Z,14.86,14.89,14.78,14.85,5031600
2022-10-06T19:00:00Z,14.85,14.97,14.75,14.8,5814200
2022-10-07T13:00:00Z,14.82,14.95,14.78,14.83,2941000
2022-10-07T14:00:00Z,14.82,14.83,14.68,14.73,2717700
2022-10-07T15:00:00Z,14.73,14.81,14.72,14.78,1171500
2022-10-07T16:00:00Z,14.77,14.78,14.67,14.74,1113700
2022-10-07T17:00:00Z,14.74,14.75,14.64,14.67,1752900
2022-10-07T18:00:00Z,14.68,14.78,14.67,14.75,1712400
2022-10-07T19:00:00Z,14.75,14.8,14.65,14.69,2053300
2022-10-10T13:00:00Z,14.89,14.92,14.7,14.71,2525000
2022-10-10T14:00:00Z,14.71,14.78,14.62,14.76,2669500
2022-10-10T15:00:00Z,14.77,14.82,14.71,14.78,1379500
2022-10-10T16:00:00Z,14.78,14.85,14.69,14.75,4382900
2022-10-10T17:00:00Z,14.74,14.84,14.73,14.83,2615600
2022-10-10T18:00:00Z,14.84,14.84,14.68,14.75,2891600
2022-10-10T19:00:00Z,14.75,14.92,14.74,14.81,4299300
2022-10-11T13:00:00Z,14.8,14.81,14.61,14.69,3204100
2022-10-11T14:00:00Z,14.69,14.69,14.54,14.54,3646000
2022-10-11T15:00:00Z,14.54,14.67,14.54,14.63,3270200
2022-10-11T16:00:00Z,14.62,14.67,14.57,14.6,1582500
2022-10-11T17:00:00Z,14.59,14.65,14.51,14.64,5045000
2022-10-11T18:00:00Z,14.64,14.65,14.41,14.41,4443500
2022-10-11T19:00:00Z,14.41,14.47,14.21,14.26,8356300
2022-10-13T13:00:00Z,14,14.11,13.66,13.88,13453200
2022-10-13T14:00:00Z,13.88,13.89,13.74,13.84,6394800
2022-10-13T15:00:00Z,13.84,14.04,13.82,13.98,6118400
2022-10-13T16:00:00Z,13.98,14.09,13.94,14,8060300
2022-10-13T17:00:00Z,13.99,14.25,13.98,14.19,20195700
2022-10-13T18:00:00Z,14.19,14.26,14.1,14.13,5956700
2022-10-13T19:00:00Z,14.12,14.13,13.86,13.9,10178800
2022-10-14T13:00:00Z,14.02,14.22,13.93,14.12,15645100
2022-10-14T14:00:00Z,14.11,14.22,14.06,14.16,7953400
2022-10-14T15:00:00Z,14.17,14.18,14.02,14.06,2894900
2022-10-14T16:00:00Z,14.06,14.1,13.88,14.02,12050200
2022-10-14T17:00:00Z,14.01,14.11,13.98,14.1,3346100
2022-10-14T18:00:00Z,14.1,14.16,14,14,8698900
2022-10-14T19:00:00Z,14,14.02,13.66,13.86,5926400
2022-10-17T13:00:00Z,14,14.32,13.82,14.27,5930400
2022-10-17T14:00:00Z,14.27,14.38,14.2,14.29,4592900
2022-10-17T15:00:00Z,14.29,14.42,14.22,14.31,3503900
2022-10-17T16:00:00Z,14.31,14.31,14.18,14.24,2619700
2022-10-17T17:00:00Z,14.25,14.29,14.2,14.22,4347200
2022-10-17T18:00:00Z,14.22,14.24,14.17,14.22,3468700
2022-10-17T19:00:00Z,14.22,14.25,14.18,14.2,4684400
2022-10-18T13:00:00Z,14.39,14.41,14.2,14.3,3079600
2022-10-18T14:00:00Z,14.3,14.36,14.19,14.22,3455300
2022-10-18T15:00:00Z,14.22,14.22,14.01,14.02,3477900
2022-10-18T16:00:00Z,14.02,14.08,14,14.02,2512800
2022-10-18T17:00:00Z,14.02,14.07,13.97,13.99,4911600
2022-10-18T18:00:00Z,13.99,14.04,13.89,13.98,5515700
2022-10-18T19:00:00Z,13.98,14.03,13.84,13.98,14812500
2022-10-19T13:00:00Z,14.11,14.18,13.85,13.89,3790600
2022-10-19T14:00:00Z,13.9,14.16,13.87,14.07,2645600
2022-10-19T15:00:00Z,14.08,14.17,14.05,14.15,3161500
2022-10-19T16:00:00Z,14.16,14.23,14.15,14.18,3517700
2022-10-19T17:00:00Z,14.18,14.18,14.13,14.14,2463200
2022-10-19T18:00:00Z,14.15,14.27,14.13,14.24,4540600
2022-10-19T19:00:00Z,14.24,14.31,14.22,14.3,5156100
2022-10-20T13:00:00Z,14.34,14.43,13.99,14.09,8366600
2022-10-20T14:00:00Z,14.08,14.1,13.87,14.04,11833500
2022-10-20T15:00:00Z,14.05,14.12,14.02,14.03,14148800
2022-10-20T16:00:00Z,14.02,14.09,13.97,14.07,4279600
2022-10-20T17:00:00Z,14.07,14.07,14.01,14.04,4510100
2022-10-20T18:00:00Z,14.05,14.05,13.95,14.01,5287600
2022-10-20T19:00:00Z,14.01,14.03,13.92,14.02,6712900
2022-10-21T13:00:00Z,14,14.17,13.95,14.06,4423300
2022-10-21T14:00:00Z,14.06,14.18,14.04,14.18,8439700
2022-10-21T15:00:00Z,14.16,14.28,14.15,14.26,6019700
2022-10-21T16:00:00Z,14.26,14.41,14.25,14.34,6991400
2022-10-21T17:00:00Z,14.33,14.4,14.32,14.4,9055800
2022-10-21T18:00:00Z,14.4,14.55,14.38,14.51,12425500
2022-10-21T19:00:00Z,14.5,14.81,14.45,14.61,24352100
2022-10-24T13:00:00Z,14.4,14.52,14.02,14.1,15727200
2022-10-24T14:00:00Z,14.1,14.25,14.01,14.18,5324000
2022-10-24T15:00:00Z,14.16,14.24,14.11,14.17,1872300
2022-10-24T16:00:00Z,14.17,14.17,14,14.06,3221000
2022-10-24T17:00:00Z,14.06,14.09,13.94,14.08,3309200
2022-10-24T18:00:00Z,14.07,14.12,14,14.01,3484000
2022-10-24T19:00:00Z,14,14.1,13.99,14.04,3335400
2022-10-25T13:00:00Z,13.88,14.12,13.84,14.11,4733500
2022-10-25T14:00:00Z,14.12,14.24,14.05,14.14,6394600
2022-10-25T15:00:00Z,14.13,14.17,14.05,14.07,4841200
2022-10-25T16:00:00Z,14.06,14.09,13.99,14.06,2978500
2022-10-25T17:00:00Z,14.06,14.06,13.98,14,4820300
2022-10-25T18:00:00Z,14.01,14.03,13.83,13.85,5868500
2022-10-25T19:00:00Z,13.85,13.96,13.77,13.89,4150700
2022-10-26T13:00:00Z,13.66,13.81,13.5,13.54,8977900
2022-10-26T14:00:00Z,13.55,13.63,13.5,13.55,4927400
2022-10-26T15:00:00Z,13.55,13.6,13.51,13.54,3892000
2022-10-26T16:00:00Z,13.54,13.57,13.36,13.36,3374400
2022-10-26T17:00:00Z,13.36,13.49,13.33,13.46,5887700
2022-10-26T18:00:00Z,13.47,13.47,13.16,13.19,11886900
2022-10-26T19:00:00Z,13.2,13.21,13.11,13.14,15691600
2022-10-27T13:00:00Z,13.31,13.67,13.15,13.65,15549800
2022-10-27T14:00:00Z,13.65,13.75,13.48,13.52,5963600
2022-10-27T15:00:00Z,13.52,13.69,13.52,13.69,2489100
2022-10-27T16:00:00Z,13.68,13.69,13.62,13.62,2737600
2022-10-27T17:00:00Z,13.62,13.78,13.62,13.71,4338000
2022-10-27T18:00:00Z,13.71,13.86,13.7,13.76,3978600
2022-10-27T19:00:00Z,13.76,14.43,13.76,13.86,15197100
2022-10-28T13:00:00Z,13.78,14.13,13.61,13.91,6796300
2022-10-28T14:00:00Z,13.92,13.99,13.82,13.87,5371600
2022-10-28T15:00:00Z,13.88,14.03,13.85,13.96,5403300
2022-10-28T16:00:00Z,13.97,14.1,13.93,14.05,3555500
2022-10-28T17:00:00Z,14.05,14.08,13.98,14,2746600
2022-10-28T18:00:00Z,13.99,14,13.92,13.95,7829200
2022-10-28T19:00:00Z,13.95,14.25,13.93,14.15,15987600
2022-10-31T13:00:00Z,14.13,15.03,13.89,15.01,23601200
2022-10-31T14:00:00Z,15.01,15.13,14.62,14.84,15918600
2022-10-31T15:00:00Z,14.84,14.9,14.66,14.69,8357200
2022-10-31T16:00:00Z,14.69,14.69,14.47,14.52,6835400
2022-10-31T17:00:00Z,14.51,14.73,14.49,14.71,12456500
2022-10-31T18:00:00Z,14.7,14.89,14.69,14.83,6023600
2022-10-31T19:00:00Z,14.83,15,14.77,15,9841000
2022-11-01T13:00:00Z,15.02,15.25,14.86,14.89,5793200
2022-11-01T14:00:00Z,14.88,14.96,14.7,14.9,6557800
2022-11-01T15:00:00Z,14.89,15.12,14.82,15.02,4841100
2022-11-01T16:00:00Z,15.03,15.09,14.92,14.98,3995300
2022-11-01T17:00:00Z,14.99,15.19,14.98,15.15,4996800
2022-11-01T18:00:00Z,15.16,15.4,15.14,15.31,7567700
2022-11-01T19:00:00Z,15.31,15.44,15.06,15.15,6500300
2022-11-03T13:00:00Z,14.95,15.35,14.83,15.02,8353800
2022-11-03T14:00:00Z,15.05,15.35,14.97,15.34,8105800
2022-11-03T15:00:00Z,15.33,15.42,15.22,15.41,3099800
2022-11-03T16:00:00Z,15.42,15.5,15.36,15.46,4436500
2022-11-03T17:00:00Z,15.47,15.5,15.41,15.43,3070500
2022-11-03T18:00:00Z,15.43,15.48,15.37,15.4,3350400
2022-11-03T19:00:00Z,15.39,15.42,15.3,15.35,4566100
2022-11-04T13:00:00Z,15.5,15.8,15.43,15.54,3715100
2022-11-04T14:00:00Z,15.54,15.89,15.48,15.86,4213700
2022-11-04T15:00:00Z,15.86,15.98,15.64,15.64,12605100
2022-11-04T16:00:00Z,15.64,15.7,15.55,15.58,2847400
2022-11-04T17:00:00Z,15.57,15.8,15.56,15.72,2859400
2022-11-04T18:00:00Z,15.72,15.78,15.67,15.73,2761400
2022-11-04T19:00:00Z,15.73,15.73,15.61,15.68,3292700
2022-11-07T13:00:00Z,15.41,15.56,15.33,15.53,2274700
2022-11-07T14:00:00Z,15.53,15.6,15.3,15.35,4592600
2022-11-07T15:00:00Z,15.35,15.48,15.31,15.48,8408900
2022-11-07T16:00:00Z,15.48,15.5,15.25,15.29,8820600
2022-11-07T17:00:00Z,15.29,15.35,15.26,15.31,9683000
2022-11-07T18:00:00Z,15.31,15.4,15.28,15.34,6677700
2022-11-07T19:00:00Z,15.34,15.4,15.29,15.34,6761500
2022-11-07T20:00:00Z,15.34,15.42,15.2,15.22,6995000
2022-11-08T13:00:00Z,15.26,15.58,15.21,15.32,5139600
2022-11-08T14:00:00Z,15.33,15.5,15.29,15.43,5081400
2022-11-08T15:00:00Z,15.42,15.52,15.33,15.5,6169800
2022-11-08T16:00:00Z,15.49,15.66,15.46,15.65,6665600
2022-11-08T17:00:00Z,15.64,15.65,15.49,15.52,5989300
2022-11-08T18:00:00Z,15.51,15.53,15.37,15.39,6131500
2022-11-08T19:00:00Z,15.39,15.43,15.17,15.28,17734800
2022-11-08T20:00:00Z,15.27,15.42,15.25,15.35,2229300
2022-11-09T13:00:00Z,15.2,15.29,14.99,15.11,5713000
2022-11-09T14:00:00Z,15.1,15.24,15.09,15.14,5834600
2022-11-09T15:00:00Z,15.13,15.3,15.13,15.19,2813900
2022-11-09T16:00:00Z,15.19,15.46,15.16,15.44,5232700
2022-11-09T17:00:00Z,15.44,15.49,15.35,15.41,12377700
2022-11-09T18:00:00Z,15.41,15.46,15.05,15.08,18440700
2022-11-09T19:00:00Z,15.08,15.11,14.83,14.96,17035800
2022-11-09T20:00:00Z,14.96,15.32,14.96,15.29,23639100
2022-11-10T13:00:00Z,14.9,14.95,14.45,14.55,25042700
2022-11-10T14:00:00Z,14.55,14.59,13.91,14.05,20252400
2022-11-10T15:00:00Z,14.06,14.23,13.87,14.02,10922800
2022-11-10T16:00:00Z,14.02,14.03,13.72,13.84,10118000
2022-11-10T17:00:00Z,13.83,13.87,13.59,13.83,16818700
2022-11-10T18:00:00Z,13.83,13.83,13.45,13.51,7962800
2022-11-10T19:00:00Z,13.51,13.54,13.2,13.37,11533200
2022-11-10T20:00:00Z,13.37,13.51,13.1,13.24,20290600
2022-11-11T13:00:00Z,12.8,13.19,12.32,13.03,21887400
2022-11-11T14:00:00Z,13.02,13.13,12.84,12.99,4499600
2022-11-11T15:00:00Z,12.99,13.22,12.93,13.1,6557700
2022-11-11T16:00:00Z,13.1,13.13,12.93,13,6081900
2022-11-11T17:00:00Z,13,13.02,12.61,12.61,7297800
2022-11-11T18:00:00Z,12.62,12.88,12.53,12.78,9755700
2022-11-11T19:00:00Z,12.77,12.82,12.52,12.64,10215500
2022-11-11T20:00:00Z,12.64,12.66,12.49,12.63,9691100
2022-11-14T13:00:00Z,12.7,12.78,12.49,12.53,4256700
2022-11-14T14:00:00Z,12.53,12.6,12.35,12.44,4358800
2022-11-14T15:00:00Z,12.44,12.52,12.38,12.52,5010500
2022-11-14T16:00:00Z,12.52,12.61,12.39,12.46,5916500
2022-11-14T17:00:00Z,12.46,12.52,12.44,12.47,3031100
2022-11-14T18:00:00Z,12.47,12.52,12.44,12.45,3361600
2022-11-14T19:00:00Z,12.45,12.71,12.41,12.69,9177900
2022-11-14T20:00:00Z,12.69,12.81,12.43,12.45,8392000
2022-11-16T13:00:00Z,12.46,12.64,12.33,12.41,11645200
2022-11-16T14:00:00Z,12.39,12.59,12.37,12.52,8818700
2022-11-16T15:00:00Z,12.52,12.55,12.43,12.5,15713600
2022-11-16T16:00:00Z,12.5,12.54,12.39,12.51,8809300
2022-11-16T17:00:00Z,12.51,12.58,12.41,12.49,11174900
2022-11-16T18:00:00Z,12.5,12.51,12.23,12.26,9345000
2022-11-16T19:00:00Z,12.27,12.57,12.26,12.52,8741800
2022-11-16T20:00:00Z,12.51,12.53,12.29,12.37,17982000
2022-11-17T13:00:00Z,12.03,12.11,11.77,11.87,7393800
2022-11-17T14:00:00Z,11.88,11.9,11.5,11.56,35678000
2022-11-17T15:00:00Z,11.55,11.6,11.33,11.37,45231700
2022-11-17T16:00:00Z,11.36,11.4,11.28,11.36,10547800
2022-11-17T17:00:00Z,11.35,11.48,11.32,11.33,37437300
2022-11-17T18:00:00Z,11.32,11.46,11.32,11.33,31076300
2022-11-17T19:00:00Z,11.33,11.52,11.3,11.52,31052100
2022-11-17T20:00:00Z,11.51,11.73,11.42,11.63,56735300
2022-11-18T13:00:00Z,11.95,12.29,11.87,12.17,17928100
2022-11-18T14:00:00Z,12.19,12.2,11.7,11.79,22117200
2022-11-18T15:00:00Z,11.78,11.99,11.76,11.91,8125500
2022-11-18T16:00:00Z,11.92,11.93,11.8,11.87,5208700
2022-11-18T17:00:00Z,11.88,12.01,11.7,12,8251100
2022-11-18T18:00:00Z,12,12.05,11.79,11.88,10339700
2022-11-18T19:00:00Z,11.89,11.99,11.8,11.94,9082000
2022-11-18T20:00:00Z,11.94,11.98,11.85,11.85,8562500
2022-11-21T13:00:00Z,12.04,12.42,12.01,12.32,7237000
2022-11-21T14:00:00Z,12.32,12.32,11.87,11.89,13258400
2022-11-21T15:00:00Z,11.88,12,11.85,11.99,2869900
2022-11-21T16:00:00Z,11.99,12.19,11.97,12.17,5196300
2022-11-21T17:00:00Z,12.18,12.19,11.93,11.96,6424200
2022-11-21T18:00:00Z,11.97,12.09,11.96,12.02,5764600
2022-11-21T19:00:00Z,12.03,12.05,11.94,12.05,10549800
2022-11-21T20:00:00Z,12.05,12.15,12.02,12.05,15249100
2022-11-22T13:00:00Z,12.06,12.25,11.94,12.22,9211800
2022-11-22T14:00:00Z,12.21,12.33,11.94,12.03,16256700
2022-11-22T15:00:00Z,12.03,12.11,11.93,11.94,1862600
2022-11-22T16:00:00Z,11.94,11.96,11.75,11.78,5894200
2022-11-22T17:00:00Z,11.77,11.93,11.76,11.91,2809100
2022-11-22T18:00:00Z,11.92,11.98,11.89,11.94,6429500
2022-11-22T19:00:00Z,11.94,11.94,11.64,11.67,4701400
2022-11-22T20:00:00Z,11.66,12.02,11.66,11.94,5550600
2022-11-23T13:00:00Z,11.7,12.02,11.65,11.87,3183100
2022-11-23T14:00:00Z,11.87,12.02,11.82,12.02,2275000
2022-11-23T15:00:00Z,12.02,12.3,11.97,12.22,7056600
2022-11-23T16:00:00Z,12.23,12.23,11.97,12,2482100
2022-11-23T17:00:00Z,12.01,12.2,12.01,12.2,2404900
2022-11-23T18:00:00Z,12.2,12.22,11.96,12,5274000
2022-11-23T19:00:00Z,12,12.08,11.95,12.03,4580200
2022-11-23T20:00:00Z,12.02,12.06,11.95,12,3937000
2022-11-24T13:00:00Z,12.14,12.58,12.11,12.58,7422100
2022-11-24T14:00:00Z,12.58,12.82,12.55,12.7,11567700
2022-11-24T15:00:00Z,12.7,12.83,12.66,12.69,5396300
2022-11-24T16:00:00Z,12.68,12.81,12.57,12.65,6308700
2022-11-24T17:00:00Z,12.65,12.82,12.6,12.75,3951000
2022-11-24T18:00:00Z,12.75,12.75,12.64,12.73,2420500
2022-11-24T19:00:00Z,12.73,12.73,12.64,12.67,1589200
2022-11-24T20:00:00Z,12.67,12.7,12.55,12.64,2217200
2022-11-25T13:00:00Z,12.35,12.45,12.15,12.24,7489600
2022-11-25T14:00:00Z,12.23,12.34,12.21,12.22,2434300
2022-11-25T15:00:00Z,12.22,12.28,12.15,12.24,4418100
2022-11-25T16:00:00Z,12.23,12.41,12.1,12.1,4487600
2022-11-25T17:00:00Z,12.1,12.13,11.91,12.09,5747800
2022-11-25T18:00:00Z,12.09,12.11,11.94,11.95,3186800
2022-11-25T19:00:00Z,11.96,12.02,11.93,12,4704700
2022-11-25T20:00:00Z,12,12.16,11.97,12.1,3270800
2022-11-28T13:00:00Z,12.1,12.25,11.98,12.23,4264200
2022-11-28T14:00:00Z,12.23,12.29,12.11,12.13,4297900
2022-11-28T15:00:00Z,12.13,12.25,12.11,12.16,2055400
2022-11-28T16:00:00Z,12.16,12.21,12.13,12.16,988700
2022-11-28T17:00:00Z,12.15,12.2,12.11,12.15,1188400
2022-11-28T18:00:00Z,12.15,12.19,12.1,12.12,2964800
2022-11-28T19:00:00Z,12.11,12.16,12.06,12.07,3504600
2022-11-28T20:00:00Z,12.07,12.13,12.03,12.11,3811300
2022-11-29T13:00:00Z,12.37,12.63,12.15,12.25,10387000
2022-11-29T14:00:00Z,12.25,12.67,12.18,12.59,8851300
2022-11-29T15:00:00Z,12.59,12.71,12.51,12.7,3318500
2022-11-29T16:00:00Z,12.7,12.94,12.68,12.84,5347800
2022-11-29T17:00:00Z,12.84,12.89,12.8,12.87,3891800
2022-11-29T18:00:00Z,12.87,12.89,12.67,12.7,8473600
2022-11-29T19:00:00Z,12.7,12.71,12.53,12.55,4142500
2022-11-29T20:00:00Z,12.55,12.6,12.48,12.51,6165800
2022-11-30T13:00:00Z,12.49,12.76,12.42,12.59,5486300
2022-11-30T14:00:00Z,12.58,12.65,12.51,12.61,4625300
2022-11-30T15:00:00Z,12.61,12.62,12.5,12.54,3868600
2022-11-30T16:00:00Z,12.54,12.65,12.54,12.59,1675500
2022-11-30T17:00:00Z,12.58,12.6,12.3,12.35,7578500
2022-11-30T18:00:00Z,12.34,12.54,12.34,12.52,6207500
2022-11-30T19:00:00Z,12.51,12.58,12.47,12.54,5165800
2022-11-30T20:00:00Z,12.53,12.83,12.53,12.76,6264900
2022-12-01T13:00:00Z,12.53,12.66,12.35,12.42,6521300
2022-12-01T14:00:00Z,12.42,12.5,12.33,12.43,4762900
2022-12-01T15:00:00Z,12.43,12.47,12.19,12.24,7348200
2022-12-01T16:00:00Z,12.24,12.31,12.18,12.25,4611800
2022-12-01T17:00:00Z,12.26,12.4,12.21,12.27,7162400
2022-12-01T18:00:00Z,12.28,12.36,12.25,12.32,4609300
2022-12-01T19:00:00Z,12.32,12.4,12.31,12.38,3305900
2022-12-01T20:00:00Z,12.38,12.49,12.37,12.45,2991700
2022-12-02T13:00:00Z,12.48,12.78,12.44,12.76,5551500
2022-12-02T14:00:00Z,12.77,13.05,12.76,12.98,9595100
2022-12-02T15:00:00Z,12.98,12.98,12.65,12.67,7141000
2022-12-02T16:00:00Z,12.66,12.88,12.65,12.84,3027900
2022-12-02T17:00:00Z,12.84,12.89,12.73,12.81,4632800
2022-12-02T18:00:00Z,12.82,12.89,12.8,12.82,4085900
2022-12-02T19:00:00Z,12.8,12.83,12.73,12.81,4767200
2022-12-02T20:00:00Z,12.81,12.81,12.64,12.74,4355000
2022-12-05T13:00:00Z,12.46,12.67,12.35,12.37,3740600
2022-12-05T14:00:00Z,12.37,12.38,12.18,12.2,4428100
2022-12-05T15:00:00Z,12.19,12.29,12.1,12.27,4917900
2022-12-05T16:00:00Z,12.26,12.27,12.1,12.18,4312200
2022-12-05T17:00:00Z,12.17,12.24,12.15,12.18,2781500
2022-12-05T18:00:00Z,12.17,12.22,12.13,12.18,3015000
2022-12-05T19:00:00Z,12.18,12.2,12.09,12.14,2703800
2022-12-05T20:00:00Z,12.15,12.2,12.02,12.13,6145900
2022-12-06T13:00:00Z,12.25,12.31,11.98,12.14,5472100
2022-12-06T14:00:00Z,12.14,12.26,12.07,12.23,5929200
2022-12-06T15:00:00Z,12.23,12.25,12.12,12.25,4046200
2022-12-06T16:00:00Z,12.25,12.29,12.15,12.16,2738400
2022-12-06T17:00:00Z,12.16,12.19,12.06,12.14,3961900
2022-12-06T18:00:00Z,12.13,12.15,12.02,12.08,6006200
2022-12-06T19:00:00Z,12.09,12.11,12.02,12.04,2558900
2022-12-06T20:00:00Z,12.03,12.15,12,12.14,6639600
2022-12-07T13:00:00Z,12.1,12.36,12.06,12.31,6047600
2022-12-07T14:00:00Z,12.31,12.48,12.3,12.48,2262500
2022-12-07T15:00:00Z,12.48,12.48,12.34,12.39,3529800
2022-12-07T16:00:00Z,12.39,12.4,12.22,12.29,5315600
2022-12-07T17:00:00Z,12.29,12.37,12.27,12.33,2958200
2022-12-07T18:00:00Z,12.32,12.47,12.29,12.35,4561300
2022-12-07T19:00:00Z,12.35,12.37,12.25,12.3,4704600
2022-12-07T20:00:00Z,12.29,12.34,12.28,12.28,2540700
2022-12-08T13:00:00Z,12.12,12.3,12.05,12.19,11362300
2022-12-08T14:00:00Z,12.2,12.2,11.95,12,6206800
2022-12-08T15:00:00Z,12,12.02,11.69,11.73,5765500
2022-12-08T16:00:00Z,11.73,11.74,11.58,11.71,9275500
2022-12-08T17:00:00Z,11.71,11.76,11.68,11.7,21208800
2022-12-08T18:00:00Z,11.71,11.77,11.67,11.71,2737800
2022-12-08T19:00:00Z,11.72,11.74,11.65,11.69,5792800
2022-12-08T20:00:00Z,11.68,11.82,11.56,11.72,8936500
2022-12-09T13:00:00Z,11.84,11.85,11.61,11.73,6123700
2022-12-09T14:00:00Z,11.72,11.96,11.72,11.91,5399600
2022-12-09T15:00:00Z,11.91,12.02,11.89,11.97,2809800
2022-12-09T16:00:00Z,11.96,11.97,11.88,11.91,2063500
2022-12-09T17:00:00Z,11.91,11.97,11.8,11.83,2260500
2022-12-09T18:00:00Z,11.83,11.88,11.8,11.87,2054900
2022-12-09T19:00:00Z,11.87,11.88,11.78,11.81,2222000
2022-12-09T20:00:00Z,11.82,11.82,11.67,11.73,8733900
2022-12-12T13:00:00Z,11.71,11.89,11.36,11.38,5136100
2022-12-12T14:00:00Z,11.38,11.44,10.98,11.05,12490600
2022-12-12T15:00:00Z,11.05,11.23,11.03,11.09,4360100
2022-12-12T16:00:00Z,11.09,11.32,11.04,11.26,5789200
2022-12-12T17:00:00Z,11.26,11.37,11.26,11.35,3336300
2022-12-12T18:00:00Z,11.34,11.35,11.27,11.34,3564200
2022-12-12T19:00:00Z,11.32,11.42,11.32,11.41,6042600
2022-12-12T20:00:00Z,11.41,11.58,11.39,11.47,6491800
2022-12-13T13:00:00Z,11.59,11.84,11.48,11.73,7374700
2022-12-13T14:00:00Z,11.73,12.03,11.69,11.89,9791100
2022-12-13T15:00:00Z,11.9,11.92,11.78,11.86,5358000
2022-12-13T16:00:00Z,11.88,11.89,11.61,11.68,9296200
2022-12-13T17:00:00Z,11.68,11.69,11.45,11.62,12976400
2022-12-13T18:00:00Z,11.64,11.72,11.59,11.64,6702700
2022-12-13T19:00:00Z,11.65,11.73,11.28,11.48,9809300
2022-12-13T20:00:00Z,11.48,11.57,11.41,11.45,7373700
2022-12-14T13:00:00Z,11.34,11.34,11.07,11.17,7457000
2022-12-14T14:00:00Z,11.18,11.2,11.03,11.18,6498600
2022-12-14T15:00:00Z,11.19,11.24,11.14,11.18,6700500
2022-12-14T16:00:00Z,11.2,11.33,11.17,11.27,10549100
2022-12-14T17:00:00Z,11.27,11.63,11.27,11.62,7103100
2022-12-14T18:00:00Z,11.63,11.8,11.57,11.7,15003500
2022-12-14T19:00:00Z,11.71,11.91,11.61,11.86,13287700
2022-12-14T20:00:00Z,11.86,11.95,11.73,11.84,9246600
2022-12-15T13:00:00Z,11.49,11.94,11.4,11.8,6821800
2022-12-15T14:00:00Z,11.79,12.02,11.7,11.87,4538400
2022-12-15T15:00:00Z,11.88,11.88,11.57,11.63,4518800
2022-12-15T16:00:00Z,11.63,11.63,11.55,11.59,2625200
2022-12-15T17:00:00Z,11.58,11.82,11.58,11.65,4733400
2022-12-15T18:00:00Z,11.66,11.69,11.51,11.57,3866400
2022-12-15T19:00:00Z,11.57,11.61,11.52,11.54,3866600
2022-12-15T20:00:00Z,11.55,11.56,11.42,11.55,7987300
2022-12-16T13:00:00Z,11.5,11.64,11.33,11.34,2651700
2022-12-16T14:00:00Z,11.34,11.43,11.2,11.41,4450900
2022-12-16T15:00:00Z,11.4,11.41,11.23,11.33,3901600
2022-12-16T16:00:00Z,11.32,11.35,11.27,11.27,4422800
2022-12-16T17:00:00Z,11.27,11.35,11.25,11.35,3638700
2022-12-16T18:00:00Z,11.35,11.45,11.33,11.4,3629800
2022-12-16T19:00:00Z,11.4,11.44,11.37,11.4,4353700
2022-12-16T20:00:00Z,11.4,11.45,11.33,11.37,5479500
2022-12-19T13:00:00Z,11.41,11.7,11.39,11.64,2580000
2022-12-19T14:00:00Z,11.64,11.74,11.54,11.65,3044100
2022-12-19T15:00:00Z,11.64,12.04,11.63,11.94,8912500
2022-12-19T16:00:00Z,11.93,12.19,11.9,12.14,12789200
2022-12-19T17:00:00Z,12.14,12.21,12.04,12.07,7572900
2022-12-19T18:00:00Z,12.06,12.2,12.06,12.13,3042100
2022-12-19T19:00:00Z,12.12,12.13,11.99,12,4085200
2022-12-19T20:00:00Z,12,12.08,11.97,12.07,4051900
2022-12-20T13:00:00Z,11.96,12.41,11.91,12.33,7434000
2022-12-20T14:00:00Z,12.34,12.54,12.22,12.46,5743200
2022-12-20T15:00:00Z,12.47,12.62,12.33,12.54,5037400
2022-12-20T16:00:00Z,12.53,12.55,12.38,12.48,6119400
2022-12-20T17:00:00Z,12.48,12.54,12.37,12.45,3267300
2022-12-20T18:00:00Z,12.45,12.7,12.43,12.66,19467000
2022-12-20T19:00:00Z,12.67,12.72,12.64,12.71,16525700
2022-12-20T20:00:00Z,12.71,12.81,12.58,12.69,18442200
2022-12-21T13:00:00Z,12.7,12.98,12.48,12.49,4943000
2022-12-21T14:00:00Z,12.49,12.72,12.46,12.51,2984100
2022-12-21T15:00:00Z,12.51,12.64,12.47,12.56,6416400
2022-12-21T16:00:00Z,12.56,12.66,12.43,12.6,5775600
2022-12-21T17:00:00Z,12.61,12.69,12.56,12.57,2242400
2022-12-21T18:00:00Z,12.57,12.6,12.52,12.58,2423600
2022-12-21T19:00:00Z,12.58,12.62,12.56,12.6,2190600
2022-12-21T20:00:00Z,12.6,12.62,12.55,12.57,3031100
2022-12-22T13:00:00Z,12.54,12.68,12.48,12.52,2171500
2022-12-22T14:00:00Z,12.53,12.53,12.25,12.34,7676100
2022-12-22T15:00:00Z,12.34,12.48,12.31,12.36,2791000
2022-12-22T16:00:00Z,12.36,12.44,12.32,12.42,1654600
2022-12-22T17:00:00Z,12.43,12.44,12.28,12.3,1233900
2022-12-22T18:00:00Z,12.3,12.31,12.15,12.18,3502000
2022-12-22T19:00:00Z,12.18,12.37,12.18,12.24,4297400
2022-12-22T20:00:00Z,12.24,12.35,12.19,12.3,3283600
2022-12-23T13:00:00Z,12.34,12.79,12.32,12.72,4682900
2022-12-23T14:00:00Z,12.72,13.12,12.7,13.01,9526200
2022-12-23T15:00:00Z,13,13.16,12.95,13.01,4126000
2022-12-23T16:00:00Z,13,13.06,12.92,13.03,4947900
2022-12-23T17:00:00Z,13.02,13.17,12.93,13.14,10042400
2022-12-23T18:00:00Z,13.14,13.16,13.09,13.14,4431400
2022-12-23T19:00:00Z,13.14,13.19,13.09,13.17,4582600
2022-12-23T20:00:00Z,13.16,13.39,13.15,13.33,7161500
2022-12-26T13:00:00Z,13.36,13.45,13.13,13.24,5494300
2022-12-26T14:00:00Z,13.24,13.39,13.21,13.27,6399100
2022-12-26T15:00:00Z,13.28,13.3,13.18,13.25,1540800
2022-12-26T16:00:00Z,13.25,13.28,13.19,13.24,1018800
2022-12-26T17:00:00Z,13.24,13.29,13.21,13.27,2676900
2022-12-26T18:00:00Z,13.26,13.34,13.22,13.33,1328700
2022-12-26T19:00:00Z,13.32,13.42,13.3,13.41,3336500
2022-12-26T20:00:00Z,13.4,13.5,13.35,13.46,2950000
2022-12-27T13:00:00Z,13.46,13.48,12.95,13.04,7695800
2022-12-27T14:00:00Z,13.04,13.12,12.84,12.94,7798900
2022-12-27T15:00:00Z,12.94,13.04,12.92,13.01,2452800
2022-12-27T16:00:00Z,13.01,13.06,12.96,13.05,5495600
2022-12-27T17:00:00Z,13.05,13.07,12.85,12.93,14274900
2022-12-27T18:00:00Z,12.94,13.03,12.91,12.93,3851300
2022-12-27T19:00:00Z,12.93,12.99,12.89,12.89,3606700
2022-12-27T20:00:00Z,12.9,13.03,12.85,12.96,3791000
2022-12-28T13:00:00Z,13.03,13.15,12.78,13.04,5112700
2022-12-28T14:00:00Z,13.05,13.12,12.96,13.03,8912900
2022-12-28T15:00:00Z,13.03,13.17,13.02,13.05,2882600
2022-12-28T16:00:00Z,13.05,13.11,13.01,13.03,2560600
2022-12-28T17:00:00Z,13.03,13.23,13.02,13.21,5052900
2022-12-28T18:00:00Z,13.21,13.32,13.14,13.23,4118300
2022-12-28T19:00:00Z,13.23,13.44,13.21,13.38,4691800
2022-12-28T20:00:00Z,13.37,13.51,13.33,13.5,8016900
2022-12-29T13:00:00Z,13.47,13.52,13.28,13.34,3221900
2022-12-29T14:00:00Z,13.35,13.47,13.15,13.37,4057300
2022-12-29T15:00:00Z,13.38,13.44,13.33,13.4,2738800
2022-12-29T16:00:00Z,13.4,13.64,13.38,13.6,3449500
2022-12-29T17:00:00Z,13.6,13.65,13.26,13.31,6419300
2022-12-29T18:00:00Z,13.3,13.33,13.09,13.21,8823000
2022-12-29T19:00:00Z,13.2,13.4,13.2,13.39,5996400
2022-12-29T20:00:00Z,13.39,13.4,13.27,13.33,5815300
2023-01-02T13:00:00Z,12.79,13.04,12.31,12.35,6227700
2023-01-02T14:00:00Z,12.35,12.41,12.19,12.34,3996500
2023-01-02T15:00:00Z,12.33,12.39,12.28,12.37,2467200
2023-01-02T16:00:00Z,12.38,12.4,12.25,12.29,3098000
2023-01-02T17:00:00Z,12.29,12.32,12.22,12.24,3957000
2023-01-02T18:00:00Z,12.24,12.25,12.2,12.21,4363100
2023-01-02T19:00:00Z,12.2,12.23,12.16,12.17,3417700
2023-01-02T20:00:00Z,12.17,12.27,12.07,12.22,6518500
2023-01-03T13:00:00Z,12.19,12.33,12.07,12.14,3118000
2023-01-03T14:00:00Z,12.14,12.34,12.14,12.27,13037900
2023-01-03T15:00:00Z,12.28,12.44,12.22,12.41,6411200
2023-01-03T16:00:00Z,12.41,12.42,12.18,12.23,4353100
2023-01-03T17:00:00Z,12.23,12.31,12.12,12.15,4491900
2023-01-03T18:00:00Z,12.15,12.23,12.15,12.19,1561400
2023-01-03T19:00:00Z,12.19,12.19,11.78,11.78,9585600
2023-01-03T20:00:00Z,11.78,11.94,11.64,11.86,9044500
2023-01-04T13:00:00Z,12.1,12.27,11.96,12.04,8608300
2023-01-04T14:00:00Z,12.04,12.05,11.86,11.89,3299800
2023-01-04T15:00:00Z,11.88,12.03,11.77,12.03,6668400
2023-01-04T16:00:00Z,12.02,12.08,11.95,11.99,6337800
2023-01-04T17:00:00Z,12,12.07,11.85,12.02,4120000
2023-01-04T18:00:00Z,12.03,12.09,11.92,11.96,7249800
2023-01-04T19:00:00Z,11.95,11.99,11.82,11.92,3078000
2023-01-04T20:00:00Z,11.93,11.93,11.82,11.9,4869600
2023-01-05T13:00:00Z,12.03,12.34,11.92,11.97,10528300
2023-01-05T14:00:00Z,11.97,12.26,11.96,12.22,5532300
2023-01-05T15:00:00Z,12.22,12.37,12.08,12.33,4929300
2023-01-05T16:00:00Z,12.33,12.38,12.25,12.26,3339300
2023-01-05T17:00:00Z,12.26,12.28,12.17,12.25,1965600
2023-01-05T18:00:00Z,12.25,12.31,12.19,12.19,3799600
2023-01-05T19:00:00Z,12.19,12.3,12.17,12.27,4578200
2023-01-05T20:00:00Z,12.27,12.36,12.25,12.34,4583800
2023-01-06T13:00:00Z,12.25,12.7,12.24,12.7,4304000
2023-01-06T14:00:00Z,12.7,12.74,12.43,12.45,2571800
2023-01-06T15:00:00Z,12.45,12.62,12.39,12.61,2220600
2023-01-06T16:00:00Z,12.61,12.62,12.55,12.58,791900
2023-01-06T17:00:00Z,12.59,12.64,12.54,12.56,1238800
2023-01-06T18:00:00Z,12.56,12.57,12.5,12.55,1135200
2023-01-06T19:00:00Z,12.55,12.59,12.51,12.54,1842300
2023-01-06T20:00:00Z,12.53,12.67,12.53,12.63,2400300
2023-01-09T13:00:00Z,12.5,12.5,12.12,12.34,5894000
2023-01-09T14:00:00Z,12.33,12.38,12.25,12.31,3620000
2023-01-09T15:00:00Z,12.31,12.44,12.27,12.41,3546500
2023-01-09T16:00:00Z,12.41,12.61,12.35,12.54,4231700
2023-01-09T17:00:00Z,12.54,12.57,12.5,12.53,2471600
2023-01-09T18:00:00Z,12.53,12.6,12.49,12.51,2128100
2023-01-09T19:00:00Z,12.51,12.53,12.43,12.43,1559100
2023-01-09T20:00:00Z,12.43,12.49,12.35,12.38,2454500
2023-01-10T13:00:00Z,12.31,12.42,12.25,12.32,2537300
2023-01-10T14:00:00Z,12.33,12.73,12.31,12.58,8952900
2023-01-10T15:00:00Z,12.59,12.64,12.51,12.64,2204700
2023-01-10T16:00:00Z,12.63,12.72,12.61,12.67,3303700
2023-01-10T17:00:00Z,12.68,12.74,12.63,12.73,2553400
2023-01-10T18:00:00Z,12.72,12.93,12.72,12.87,4678800
2023-01-10T19:00:00Z,12.87,12.99,12.87,12.95,4784200
2023-01-10T20:00:00Z,12.95,12.99,12.85,12.86,4445300
2023-01-11T13:00:00Z,12.85,13.19,12.85,13.06,6744300
2023-01-11T14:00:00Z,13.05,13.35,13.02,13.14,6243200
2023-01-11T15:00:00Z,13.13,13.18,13.09,13.15,6712300
2023-01-11T16:00:00Z,13.15,13.21,13.13,13.18,1769700
2023-01-11T17:00:00Z,13.18,13.25,13.13,13.22,3641200
2023-01-11T18:00:00Z,13.23,13.26,13.12,13.2,4838000
2023-01-11T19:00:00Z,13.19,13.29,13.16,13.25,3751300
2023-01-11T20:00:00Z,13.24,13.56,13.24,13.46,7458200
2023-01-12T13:00:00Z,13.5,13.63,13.22,13.45,4507700
2023-01-12T14:00:00Z,13.45,13.5,13.24,13.3,7865900
2023-01-12T15:00:00Z,13.3,13.44,13.09,13.42,7611100
2023-01-12T16:00:00Z,13.43,13.57,13.4,13.51,3025800
2023-01-12T17:00:00Z,13.5,13.61,13.46,13.51,2069200
2023-01-12T18:00:00Z,13.5,13.57,13.47,13.57,3157400
2023-01-12T19:00:00Z,13.57,13.65,13.39,13.47,5033000
2023-01-12T20:00:00Z,13.47,13.47,13.32,13.42,5241400
2023-01-13T13:00:00Z,13.01,13.17,12.92,13.08,5332000
2023-01-13T14:00:00Z,13.08,13.17,12.98,13.12,5902100
2023-01-13T15:00:00Z,13.12,13.14,13.06,13.08,2453300
2023-01-13T16:00:00Z,13.08,13.17,13.02,13.17,3539100
2023-01-13T17:00:00Z,13.15,13.21,13.1,13.21,2429800
2023-01-13T18:00:00Z,13.2,13.28,13.13,13.14,4040000
2023-01-13T19:00:00Z,13.14,13.22,13.12,13.21,5916000
2023-01-13T20:00:00Z,13.21,13.25,13.12,13.19,2766500
2023-01-16T13:00:00Z,13.16,13.2,12.96,13.1,2127800
2023-01-16T14:00:00Z,13.11,13.11,12.82,12.92,2891400
2023-01-16T15:00:00Z,12.92,13.04,12.89,13.02,4460400
2023-01-16T16:00:00Z,13.02,13.05,12.96,13.04,1727400
2023-01-16T17:00:00Z,13.04,13.07,13.02,13.05,792800
2023-01-16T18:00:00Z,13.04,13.05,12.87,12.88,5788500
2023-01-16T19:00:00Z,12.88,12.95,12.86,12.91,760300
2023-01-16T20:00:00Z,12.91,12.95,12.9,12.95,2398300
2023-01-17T13:00:00Z,13,13.09,12.67,12.78,14219200
2023-01-17T14:00:00Z,12.79,12.87,12.71,12.78,4998800
2023-01-17T15:00:00Z,12.78,13,12.69,12.89,10145400
2023-01-17T16:00:00Z,12.89,13.14,12.86,13.1,5450000
2023-01-17T17:00:00Z,13.1,13.11,12.95,12.99,3019300
2023-01-17T18:00:00Z,12.99,13.02,12.85,12.87,3372700
2023-01-17T19:00:00Z,12.87,12.95,12.8,12.87,4130100
2023-01-17T20:00:00Z,12.87,13.06,12.87,13.05,5689800
2023-01-18T13:00:00Z,13.26,13.48,13.12,13.41,5360600
2023-01-18T14:00:00Z,13.4,13.53,13.3,13.53,9206700
2023-01-18T15:00:00Z,13.53,13.63,13.33,13.37,4836300
2023-01-18T16:00:00Z,13.36,13.38,13.14,13.21,5398500
2023-01-18T17:00:00Z,13.22,13.38,12.96,12.98,19159700
2023-01-18T18:00:00Z,12.99,13.14,12.93,13.1,4786300
2023-01-18T19:00:00Z,13.09,13.14,13.04,13.1,2499400
2023-01-18T20:00:00Z,13.1,13.18,13.08,13.12,4389900
2023-01-19T13:00:00Z,12.9,12.9,12.57,12.81,7388500
2023-01-19T14:00:00Z,12.81,12.94,12.77,12.8,4480800
2023-01-19T15:00:00Z,12.79,12.83,12.72,12.79,4016600
2023-01-19T16:00:00Z,12.78,12.8,12.71,12.76,1632800
2023-01-19T17:00:00Z,12.77,12.82,12.74,12.8,873600
2023-01-19T18:00:00Z,12.8,12.95,12.78,12.95,3605600
2023-01-19T19:00:00Z,12.95,13,12.91,12.99,4293100
2023-01-19T20:00:00Z,12.98,13.07,12.96,13.02,4164400
2023-01-20T13:00:00Z,12.9,12.95,12.7,12.87,5678200
2023-01-20T14:00:00Z,12.87,12.94,12.77,12.9,9803600
2023-01-20T15:00:00Z,12.9,12.97,12.85,12.9,3384100
2023-01-20T16:00:00Z,12.9,13,12.85,12.88,2040400
2023-01-20T17:00:00Z,12.88,12.93,12.86,12.92,1340600
2023-01-20T18:00:00Z,12.92,12.94,12.82,12.86,1545900
2023-01-20T19:00:00Z,12.86,12.88,12.75,12.78,2558900
2023-01-20T20:00:00Z,12.78,12.86,12.73,12.8,5122500
2023-01-23T13:00:00Z,12.8,12.88,12.75,12.82,4590300
2023-01-23T14:00:00Z,12.82,12.84,12.53,12.63,7553100
2023-01-23T15:00:00Z,12.62,12.66,12.57,12.63,1242800
2023-01-23T16:00:00Z,12.63,12.7,12.6,12.62,2698100
2023-01-23T17:00:00Z,12.63,12.64,12.6,12.63,2227000
2023-01-23T18:00:00Z,12.63,12.7,12.6,12.67,3324800
2023-01-23T19:00:00Z,12.68,12.68,12.61,12.64,2306900
2023-01-23T20:00:00Z,12.64,12.67,12.61,12.66,2418200
2023-01-24T13:00:00Z,12.74,12.84,12.64,12.7,1620500
2023-01-24T14:00:00Z,12.69,12.76,12.65,12.7,2318500
2023-01-24T15:00:00Z,12.7,12.88,12.66,12.8,2600100
2023-01-24T16:00:00Z,12.8,12.84,12.75,12.81,1568600
2023-01-24T17:00:00Z,12.81,12.82,12.73,12.78,1196100
2023-01-24T18:00:00Z,12.78,12.78,12.63,12.7,3529700
2023-01-24T19:00:00Z,12.69,12.85,12.68,12.84,2720700
2023-01-24T20:00:00Z,12.84,12.89,12.77,12.82,3586900
2023-01-25T13:00:00Z,12.84,12.84,12.72,12.8,856800
2023-01-25T14:00:00Z,12.79,12.93,12.74,12.89,2303300
2023-01-25T15:00:00Z,12.88,13.11,12.81,13.1,2366400
2023-01-25T16:00:00Z,13.1,13.18,12.96,13,3680700
2023-01-25T17:00:00Z,13,13.04,12.91,12.96,848700
2023-01-25T18:00:00Z,12.96,13.1,12.93,13.09,1847400
2023-01-25T19:00:00Z,13.09,13.25,13.07,13.23,3172400
2023-01-25T20:00:00Z,13.22,13.26,13.09,13.11,3465400
2023-01-26T13:00:00Z,13.16,13.38,13.04,13.06,4858700
2023-01-26T14:00:00Z,13.06,13.16,12.83,12.87,2718700
2023-01-26T15:00:00Z,12.86,13.16,12.83,13.16,3965600
2023-01-26T16:00:00Z,13.16,13.22,13.08,13.11,2195500
2023-01-26T17:00:00Z,13.11,13.23,13.1,13.21,1958000
2023-01-26T18:00:00Z,13.21,13.26,13.16,13.19,1097700
2023-01-26T19:00:00Z,13.19,13.2,13.11,13.14,1410800
2023-01-26T20:00:00Z,13.15,13.2,13.09,13.13,2308000
2023-01-27T13:00:00Z,13.11,13.21,13.01,13.01,2036300
2023-01-27T14:00:00Z,13.01,13.03,12.87,12.91,4140500
2023-01-27T15:00:00Z,12.9,12.93,12.79,12.87,3064600
2023-01-27T16:00:00Z,12.87,12.88,12.83,12.86,1341400
2023-01-27T17:00:00Z,12.86,12.87,12.77,12.81,2680800
2023-01-27T18:00:00Z,12.82,12.82,12.64,12.67,5352300
2023-01-27T19:00:00Z,12.68,12.77,12.65,12.73,3924700
2023-01-27T20:00:00Z,12.74,12.76,12.69,12.71,2860900
2023-01-30T13:00:00Z,12.79,12.83,12.66,12.71,5694100
2023-01-30T14:00:00Z,12.71,12.79,12.65,12.72,2900200
2023-01-30T15:00:00Z,12.72,12.86,12.71,12.78,3184500
2023-01-30T16:00:00Z,12.78,12.82,12.75,12.78,1440400
2023-01-30T17:00:00Z,12.79,12.81,12.73,12.74,2132100
2023-01-30T18:00:00Z,12.74,12.84,12.73,12.78,3763900
2023-01-30T19:00:00Z,12.78,12.9,12.78,12.81,3006400
2023-01-30T20:00:00Z,12.81,12.85,12.77,12.85,2229800
2023-01-31T13:00:00Z,12.94,12.96,12.8,12.89,2215400
2023-01-31T14:00:00Z,12.89,13.22,12.89,13.19,5263700
2023-01-31T15:00:00Z,13.19,13.2,13.05,13.14,2673300
2023-01-31T16:00:00Z,13.14,13.14,12.95,12.99,2591000
2023-01-31T17:00:00Z,12.99,13,12.89,12.97,4547100
2023-01-31T18:00:00Z,12.98,13.05,12.96,13.05,3492700
2023-01-31T19:00:00Z,13.04,13.09,13.01,13.03,3226200
2023-01-31T20:00:00Z,13.03,13.05,12.97,12.97,4307100
2023-02-01T13:00:00Z,12.99,13.06,12.68,12.72,8405200
2023-02-01T14:00:00Z,12.72,12.8,12.55,12.57,4311600
2023-02-01T15:00:00Z,12.57,12.77,12.51,12.77,6584100
2023-02-01T16:00:00Z,12.76,12.77,12.67,12.67,1010900
2023-02-01T17:00:00Z,12.68,12.7,12.54,12.61,5067700
2023-02-01T18:00:00Z,12.61,12.66,12.54,12.64,4509800
2023-02-01T19:00:00Z,12.64,12.82,12.61,12.78,2641500
2023-02-01T20:00:00Z,12.78,12.96,12.77,12.92,5732200
2023-02-02T13:00:00Z,12.74,13.29,12.74,13.22,6477800
2023-02-02T14:00:00Z,13.22,13.24,13.16,13.19,2761300
2023-02-02T15:00:00Z,13.19,13.22,13.06,13.14,8957400
2023-02-02T16:00:00Z,13.14,13.15,13.06,13.08,4397200
2023-02-02T17:00:00Z,13.09,13.14,13.06,13.11,2240800
2023-02-02T18:00:00Z,13.11,13.18,12.99,13,2487000
2023-02-02T19:00:00Z,12.99,13.05,12.88,12.92,4064800
2023-02-02T20:00:00Z,12.92,13.05,12.84,13.05,3072300
2023-02-03T13:00:00Z,12.95,13.03,12.7,12.78,2874600
2023-02-03T14:00:00Z,12.78,12.92,12.76,12.81,2231100
2023-02-03T15:00:00Z,12.81,12.86,12.73,12.74,1662900
2023-02-03T16:00:00Z,12.75,12.76,12.45,12.46,13896200
2023-02-03T17:00:00Z,12.47,12.53,12.36,12.38,9928200
2023-02-03T18:00:00Z,12.39,12.41,12.23,12.3,14385900
2023-02-03T19:00:00Z,12.3,12.33,12.13,12.15,8843000
2023-02-03T20:00:00Z,12.14,12.23,12.04,12.18,15321400
2023-02-06T13:00:00Z,11.99,12.05,11.84,11.87,4958600
2023-02-06T14:00:00Z,11.86,12.02,11.8,11.92,5072200
2023-02-06T15:00:00Z,11.92,11.97,11.83,11.88,2718800
2023-02-06T16:00:00Z,11.88,11.91,11.77,11.79,3002400
2023-02-06T17:00:00Z,11.79,11.88,11.73,11.85,2741000
2023-02-06T18:00:00Z,11.84,12.08,11.81,12.08,4918700
2023-02-06T19:00:00Z,12.08,12.13,12.02,12.1,2936500
2023-02-06T20:00:00Z,12.1,12.15,12.02,12.12,2844100
2023-02-07T13:00:00Z,12,12.08,11.68,11.82,9022900
2023-02-07T14:00:00Z,11.82,11.85,11.44,11.5,9729100
2023-02-07T15:00:00Z,11.5,11.64,11.49,11.63,5738200
2023-02-07T16:00:00Z,11.62,11.74,11.61,11.7,4600600
2023-02-07T17:00:00Z,11.69,11.87,11.66,11.87,4902300
2023-02-07T18:00:00Z,11.87,11.89,11.71,11.8,9304200
2023-02-07T19:00:00Z,11.79,11.9,11.78,11.88,3999100
2023-02-07T20:00:00Z,11.87,11.95,11.86,11.95,8188500
2023-02-08T13:00:00Z,11.89,12.15,11.89,12.03,2906800
2023-02-08T14:00:00Z,12.04,12.15,12,12.11,2361900
2023-02-08T15:00:00Z,12.13,12.16,12.07,12.13,2185500
2023-02-08T16:00:00Z,12.11,12.14,12,12.09,7069500
2023-02-08T17:00:00Z,12.09,12.17,12.09,12.13,1699900
2023-02-08T18:00:00Z,12.13,12.3,12.12,12.26,3676600
2023-02-08T19:00:00Z,12.25,12.36,12.21,12.24,4463000
2023-02-08T20:00:00Z,12.24,12.24,12.09,12.1,7964300
2023-02-09T13:00:00Z,12.15,12.31,12.12,12.21,1118300
2023-02-09T14:00:00Z,12.21,12.23,11.87,11.88,4116600
2023-02-09T15:00:00Z,11.88,11.93,11.81,11.88,4429400
2023-02-09T16:00:00Z,11.88,11.91,11.79,11.84,1221500
2023-02-09T17:00:00Z,11.83,11.85,11.76,11.8,2413500
2023-02-09T18:00:00Z,11.81,11.82,11.64,11.69,4034600
2023-02-09T19:00:00Z,11.68,11.7,11.6,11.63,6221800
2023-02-09T20:00:00Z,11.62,11.67,11.52,11.64,11489000
2023-02-10T13:00:00Z,11.52,11.81,11.52,11.77,11860300
2023-02-10T14:00:00Z,11.77,11.81,11.67,11.7,2985700
2023-02-10T15:00:00Z,11.7,11.82,11.67,11.78,2956200
2023-02-10T16:00:00Z,11.79,11.87,11.77,11.84,2768200
2023-02-10T17:00:00Z,11.84,11.87,11.78,11.83,1685400
2023-02-10T18:00:00Z,11.84,11.88,11.77,11.78,3441400
2023-02-10T19:00:00Z,11.78,11.87,11.74,11.81,3913900
2023-02-10T20:00:00Z,11.81,11.86,11.77,11.8,3176000
2023-02-13T13:00:00Z,11.82,11.82,11.63,11.66,2915700
2023-02-13T14:00:00Z,11.66,11.86,11.6,11.83,4273300
2023-02-13T15:00:00Z,11.83,11.93,11.78,11.8,4720100
2023-02-13T16:00:00Z,11.8,11.88,11.78,11.86,2191300
2023-02-13T17:00:00Z,11.87,11.95,11.83,11.85,2933300
2023-02-13T18:00:00Z,11.85,11.89,11.8,11.88,3184700
2023-02-13T19:00:00Z,11.89,11.96,11.87,11.9,6732500
2023-02-13T20:00:00Z,11.9,11.99,11.9,11.92,9473600
2023-02-14T13:00:00Z,11.93,11.97,11.58,11.68,14679500
2023-02-14T14:00:00Z,11.68,11.74,11.59,11.73,5382200
2023-02-14T15:00:00Z,11.74,11.76,11.6,11.64,3234600
2023-02-14T16:00:00Z,11.65,11.69,11.6,11.66,2330100
2023-02-14T17:00:00Z,11.65,11.67,11.48,11.49,3612600
2023-02-14T18:00:00Z,11.48,11.55,11.39,11.4,4311300
2023-02-14T19:00:00Z,11.41,11.45,11.37,11.38,5277400
2023-02-14T20:00:00Z,11.39,11.49,11.36,11.44,5511000
2023-02-15T13:00:00Z,11.44,11.55,11.14,11.45,6153100
2023-02-15T14:00:00Z,11.44,11.74,11.41,11.65,5681500
2023-02-15T15:00:00Z,11.64,11.72,11.58,11.64,5961100
2023-02-15T16:00:00Z,11.64,11.64,11.55,11.6,3765800
2023-02-15T17:00:00Z,11.6,11.65,11.53,11.62,12278600
2023-02-15T18:00:00Z,11.62,11.79,11.61,11.7,9935000
2023-02-15T19:00:00Z,11.7,11.71,11.58,11.61,8230400
2023-02-15T20:00:00Z,11.61,11.64,11.47,11.57,9529200
2023-02-16T13:00:00Z,11.3,11.39,11.11,11.18,13395600
2023-02-16T14:00:00Z,11.18,11.2,10.86,10.92,14267800
2023-02-16T15:00:00Z,10.91,11.04,10.89,10.9,8479000
2023-02-16T16:00:00Z,10.91,10.98,10.89,10.97,5353300
2023-02-16T17:00:00Z,10.97,11.14,10.97,11.13,6714300
2023-02-16T18:00:00Z,11.14,11.26,11.13,11.19,7944200
2023-02-16T19:00:00Z,11.2,11.36,11.12,11.33,8517000
2023-02-16T20:00:00Z,11.32,11.37,11.25,11.35,6810200
2023-02-17T13:00:00Z,11.21,11.3,11.17,11.25,3870500
2023-02-17T14:00:00Z,11.25,11.27,11.06,11.14,7826800
2023-02-17T15:00:00Z,11.14,11.29,11.14,11.19,2900300
2023-02-17T16:00:00Z,11.19,11.25,11.19,11.23,1057500
2023-02-17T17:00:00Z,11.22,11.3,11.18,11.2,1752000
2023-02-17T18:00:00Z,11.2,11.21,11.07,11.1,4660900
2023-02-17T19:00:00Z,11.1,11.15,11.09,11.1,3860100
2023-02-17T20:00:00Z,11.1,11.14,11.06,11.07,5093600
2023-02-22T16:00:00Z,10.8,10.84,10.55,10.83,11460900
2023-02-22T17:00:00Z,10.84,10.87,10.77,10.79,4942100
2023-02-22T18:00:00Z,10.8,10.86,10.76,10.82,4118800
2023-02-22T19:00:00Z,10.82,10.84,10.77,10.81,5783800
2023-02-22T20:00:00Z,10.81,10.86,10.79,10.81,5227000
2023-02-23T13:00:00Z,10.85,10.99,10.76,10.92,5497000
2023-02-23T14:00:00Z,10.93,10.96,10.82,10.92,5387800
2023-02-23T15:00:00Z,10.93,10.94,10.82,10.83,7080300
2023-02-23T16:00:00Z,10.83,10.85,10.64,10.65,17545400
2023-02-23T17:00:00Z,10.64,10.71,10.64,10.7,7823300
2023-02-23T18:00:00Z,10.7,10.73,10.66,10.7,3830600
2023-02-23T19:00:00Z,10.69,10.74,10.69,10.74,8245800
2023-02-23T20:00:00Z,10.74,10.79,10.73,10.76,4030200
2023-02-24T13:00:00Z,10.74,10.82,10.7,10.72,2906300
2023-02-24T14:00:00Z,10.73,10.74,10.55,10.59,7195500
2023-02-24T15:00:00Z,10.59,10.6,10.5,10.51,6205500
2023-02-24T16:00:00Z,10.51,10.62,10.51,10.57,3448600
2023-02-24T17:00:00Z,10.57,10.58,10.4,10.42,4702100
2023-02-24T18:00:00Z,10.43,10.46,10.41,10.41,3063400
2023-02-24T19:00:00Z,10.41,10.45,10.38,10.42,2565400
2023-02-24T20:00:00Z,10.42,10.44,10.37,10.42,3669700
2023-02-27T13:00:00Z,10.4,10.51,10.26,10.3,6988800
2023-02-27T14:00:00Z,10.31,10.47,10.3,10.45,5183700
2023-02-27T15:00:00Z,10.46,10.54,10.4,10.46,5907600
2023-02-27T16:00:00Z,10.46,10.5,10.42,10.47,4184200
2023-02-27T17:00:00Z,10.47,10.53,10.44,10.51,4141800
2023-02-27T18:00:00Z,10.51,10.63,10.51,10.63,5214500
2023-02-27T19:00:00Z,10.62,10.65,10.56,10.63,3282500
2023-02-27T20:00:00Z,10.64,10.67,10.52,10.55,4318100
2023-02-28T13:00:00Z,10.5,10.65,10.43,10.6,4596600
2023-02-28T14:00:00Z,10.61,10.69,10.53,10.68,7557400
2023-02-28T15:00:00Z,10.68,10.71,10.52,10.52,6517400
2023-02-28T16:00:00Z,10.52,10.69,10.5,10.69,4097900
2023-02-28T17:00:00Z,10.69,10.74,10.63,10.68,2857400
2023-02-28T18:00:00Z,10.68,10.71,10.65,10.67,2108700
2023-02-28T19:00:00Z,10.67,10.68,10.6,10.61,2653800
2023-02-28T20:00:00Z,10.6,10.68,10.57,10.59,3982800
2023-03-01T13:00:00Z,10.62,10.67,10.39,10.48,5958700
2023-03-01T14:00:00Z,10.49,10.57,10.35,10.43,2854000
2023-03-01T15:00:00Z,10.43,10.45,10.33,10.43,5213300
2023-03-01T16:00:00Z,10.43,10.47,10.36,10.38,3727600
2023-03-01T17:00:00Z,10.38,10.49,10.38,10.46,4358400
2023-03-01T18:00:00Z,10.45,10.52,10.42,10.43,4193300
2023-03-01T19:00:00Z,10.43,10.48,10.39,10.45,9177200
2023-03-01T20:00:00Z,10.44,10.56,10.41,10.53,6572200
2023-03-02T13:00:00Z,10.51,10.71,10.45,10.66,5173900
2023-03-02T14:00:00Z,10.64,10.68,10.52,10.66,8402700
2023-03-02T15:00:00Z,10.65,10.87,10.62,10.84,12589700
2023-03-02T16:00:00Z,10.83,10.87,10.78,10.85,7589200
2023-03-02T17:00:00Z,10.84,10.94,10.82,10.9,11601800
2023-03-02T18:00:00Z,10.9,10.94,10.78,10.81,6201900
2023-03-02T19:00:00Z,10.81,10.84,10.73,10.79,10541300
2023-03-02T20:00:00Z,10.79,10.8,10.65,10.69,7493100
2023-03-03T13:00:00Z,10.7,10.7,10.45,10.48,2407000
2023-03-03T14:00:00Z,10.48,10.71,10.48,10.69,6748500
2023-03-03T15:00:00Z,10.7,10.7,10.62,10.67,7425800
2023-03-03T16:00:00Z,10.67,10.77,10.66,10.71,6235700
2023-03-03T17:00:00Z,10.71,10.77,10.68,10.74,7450700
2023-03-03T18:00:00Z,10.75,10.75,10.62,10.63,5774300
2023-03-03T19:00:00Z,10.64,10.7,10.6,10.62,5371900
2023-03-03T20:00:00Z,10.61,10.62,10.5,10.52,4107700
2023-03-06T13:00:00Z,10.68,10.76,10.62,10.69,2614400
2023-03-06T14:00:00Z,10.69,10.9,10.66,10.9,5301100
2023-03-06T15:00:00Z,10.9,11.08,10.88,11.02,4686200
2023-03-06T16:00:00Z,11.02,11.05,10.98,11.02,2694200
2023-03-06T17:00:00Z,11.02,11.08,11.01,11.06,2510600
2023-03-06T18:00:00Z,11.06,11.08,11.01,11.05,4217500
2023-03-06T19:00:00Z,11.04,11.08,10.99,11,4598800
2023-03-06T20:00:00Z,11,11.03,10.96,11.02,5342800
2023-03-07T13:00:00Z,10.99,11.31,10.92,11.18,6071300
2023-03-07T14:00:00Z,11.19,11.23,11.07,11.17,6392100
2023-03-07T15:00:00Z,11.16,11.17,10.94,10.94,6257600
2023-03-07T16:00:00Z,10.94,11.03,10.93,10.99,2680300
2023-03-07T17:00:00Z,11,11.01,10.95,10.96,2209400
2023-03-07T18:00:00Z,10.96,11.05,10.95,11.02,3275200
2023-03-07T19:00:00Z,11.02,11.07,10.99,11,4059700
2023-03-07T20:00:00Z,10.99,11.13,10.99,11.04,3971700
2023-03-08T13:00:00Z,11.15,11.45,11.1,11.39,5480600
2023-03-08T14:00:00Z,11.39,11.46,11.28,11.42,5680200
2023-03-08T15:00:00Z,11.41,11.56,11.41,11.56,12022100
2023-03-08T16:00:00Z,11.56,11.63,11.55,11.6,6020800
2023-03-08T17:00:00Z,11.6,11.64,11.51,11.59,8896400
2023-03-08T18:00:00Z,11.59,11.63,11.57,11.61,11009900
2023-03-08T19:00:00Z,11.61,11.63,11.58,11.6,6238400
2023-03-08T20:00:00Z,11.61,11.71,11.6,11.69,5935400
2023-03-09T13:00:00Z,11.6,11.77,11.53,11.77,6013200
2023-03-09T14:00:00Z,11.75,11.77,11.58,11.64,7449200
2023-03-09T15:00:00Z,11.65,11.73,11.55,11.68,4565900
2023-03-09T16:00:00Z,11.69,11.72,11.66,11.67,2749500
2023-03-09T17:00:00Z,11.68,11.73,11.65,11.65,3232500
2023-03-09T18:00:00Z,11.66,11.72,11.62,11.71,9298200
2023-03-09T19:00:00Z,11.69,11.83,11.69,11.71,3675700
2023-03-09T20:00:00Z,11.71,11.72,11.59,11.67,6482300
2023-03-10T13:00:00Z,11.58,11.6,11.22,11.23,8474200
2023-03-10T14:00:00Z,11.23,11.45,11.2,11.43,7760400
2023-03-10T15:00:00Z,11.42,11.55,11.31,11.37,7307600
2023-03-10T16:00:00Z,11.37,11.5,11.3,11.3,5233900
2023-03-10T17:00:00Z,11.3,11.37,11.29,11.3,2986800
2023-03-10T18:00:00Z,11.29,11.33,11.18,11.22,5228400
2023-03-10T19:00:00Z,11.21,11.26,11.2,11.26,2587800
2023-03-10T20:00:00Z,11.25,11.28,11.23,11.24,3262000
2023-03-13T13:00:00Z,11.13,11.24,10.93,11.14,9553400
2023-03-13T14:00:00Z,11.14,11.3,11.14,11.26,10777400
2023-03-13T15:00:00Z,11.26,11.29,11.18,11.2,5069500
2023-03-13T16:00:00Z,11.21,11.28,11.18,11.26,4159600
2023-03-13T17:00:00Z,11.26,11.4,11.2,11.34,4497500
2023-03-13T18:00:00Z,11.34,11.46,11.31,11.42,5445100
2023-03-13T19:00:00Z,11.43,11.44,11.3,11.33,5875700
2023-03-14T13:00:00Z,11.38,11.74,11.37,11.71,13585000
2023-03-14T14:00:00Z,11.71,11.78,11.6,11.61,4041700
2023-03-14T15:00:00Z,11.61,11.69,11.49,11.51,3598900
2023-03-14T16:00:00Z,11.51,11.61,11.5,11.54,2887200
2023-03-14T17:00:00Z,11.55,11.56,11.48,11.52,7016600
2023-03-14T18:00:00Z,11.52,11.56,11.45,11.48,2956400
2023-03-14T19:00:00Z,11.48,11.49,11.33,11.4,11675000
2023-03-15T13:00:00Z,11.3,11.4,11.13,11.34,9901800
2023-03-15T14:00:00Z,11.33,11.44,11.25,11.29,11305800
2023-03-15T15:00:00Z,11.3,11.47,11.27,11.4,8304800
2023-03-15T16:00:00Z,11.4,11.48,11.4,11.44,3051700
2023-03-15T17:00:00Z,11.44,11.66,11.44,11.58,6348900
2023-03-15T18:00:00Z,11.59,11.7,11.48,11.63,4679300
2023-03-15T19:00:00Z,11.63,11.66,11.49,11.56,4537700
2023-03-16T13:00:00Z,11.5,11.86,11.47,11.8,5016700
2023-03-16T14:00:00Z,11.79,11.83,11.56,11.7,10399900
2023-03-16T15:00:00Z,11.71,11.87,11.63,11.87,9184400
2023-03-16T16:00:00Z,11.86,11.89,11.75,11.83,4599000
2023-03-16T17:00:00Z,11.82,11.9,11.78,11.89,7218200
2023-03-16T18:00:00Z,11.88,11.92,11.81,11.88,9615700
2023-03-16T19:00:00Z,11.88,11.96,11.83,11.92,12155300
2023-03-17T13:00:00Z,11.64,11.7,11.37,11.41,10564100
2023-03-17T14:00:00Z,11.4,11.54,11.39,11.43,5021900
2023-03-17T15:00:00Z,11.43,11.47,11.3,11.38,5916200
2023-03-17T16:00:00Z,11.38,11.43,11.29,11.42,8303700
2023-03-17T17:00:00Z,11.42,11.44,11.34,11.41,2867500
2023-03-17T18:00:00Z,11.42,11.51,11.4,11.48,4774900
2023-03-17T19:00:00Z,11.48,11.49,11.37,11.42,7579000
2023-03-20T13:00:00Z,11.32,11.5,11.17,11.2,5974100
2023-03-20T14:00:00Z,11.19,11.27,11.09,11.19,3576600
2023-03-20T15:00:00Z,11.2,11.23,11.03,11.09,4895400
2023-03-20T16:00:00Z,11.09,11.23,11.09,11.21,3217900
2023-03-20T17:00:00Z,11.21,11.23,11.12,11.19,3398300
2023-03-20T18:00:00Z,11.19,11.25,11.14,11.15,6465700
2023-03-20T19:00:00Z,11.15,11.24,11.14,11.16,4412300
2023-03-21T13:00:00Z,11.14,11.41,11.14,11.39,9390900
2023-03-21T14:00:00Z,11.4,11.44,11.32,11.4,4581600
2023-03-21T15:00:00Z,11.39,11.4,11.32,11.35,3135600
2023-03-21T16:00:00Z,11.35,11.41,11.34,11.37,2047100
2023-03-21T17:00:00Z,11.37,11.37,11.28,11.31,4657700
2023-03-21T18:00:00Z,11.31,11.33,11.25,11.31,3179500
2023-03-21T19:00:00Z,11.31,11.35,11.19,11.22,8968700
2023-03-22T13:00:00Z,11.25,11.36,11.04,11.13,11167400
2023-03-22T14:00:00Z,11.12,11.2,11.1,11.19,6768500
2023-03-22T15:00:00Z,11.2,11.24,11.17,11.21,2714700
2023-03-22T16:00:00Z,11.21,11.24,11.16,11.18,5802200
2023-03-22T17:00:00Z,11.17,11.2,11.1,11.2,3555600
2023-03-22T18:00:00Z,11.19,11.43,11.17,11.31,15853400
2023-03-22T19:00:00Z,11.31,11.31,11.08,11.12,9146300
2023-03-23T13:00:00Z,11.06,11.14,10.69,10.81,18716000
2023-03-23T14:00:00Z,10.81,10.85,10.68,10.76,8948400
2023-03-23T15:00:00Z,10.77,10.81,10.68,10.73,4432400
2023-03-23T16:00:00Z,10.73,10.74,10.66,10.68,5355100
2023-03-23T17:00:00Z,10.68,10.71,10.58,10.58,5785000
2023-03-23T18:00:00Z,10.58,10.61,10.28,10.32,18814500
2023-03-23T19:00:00Z,10.32,10.46,10.27,10.41,16924400
2023-03-24T13:00:00Z,10.54,10.63,10.34,10.54,7552500
2023-03-24T14:00:00Z,10.55,10.7,10.45,10.61,5503200
2023-03-24T15:00:00Z,10.61,10.75,10.56,10.71,5257800
2023-03-24T16:00:00Z,10.71,10.72,10.56,10.59,3828000
2023-03-24T17:00:00Z,10.59,10.69,10.58,10.59,3543000
2023-03-24T18:00:00Z,10.59,10.63,10.52,10.54,4124900
2023-03-24T19:00:00Z,10.54,10.61,10.51,10.55,7150700
2023-03-27T13:00:00Z,10.56,10.84,10.5,10.7,12476000
2023-03-27T14:00:00Z,10.7,10.75,10.65,10.71,7854900
2023-03-27T15:00:00Z,10.71,10.74,10.7,10.71,4206800
2023-03-27T16:00:00Z,10.7,10.77,10.58,10.62,10260900
2023-03-27T17:00:00Z,10.62,10.68,10.58,10.62,7992400
2023-03-27T18:00:00Z,10.61,10.71,10.59,10.61,6465600
2023-03-27T19:00:00Z,10.61,10.66,10.57,10.63,17057500
2023-03-28T13:00:00Z,10.62,10.73,10.38,10.59,16842100
2023-03-28T14:00:00Z,10.59,10.66,10.52,10.54,7231300
2023-03-28T15:00:00Z,10.54,10.63,10.53,10.61,16684900
2023-03-28T16:00:00Z,10.61,10.76,10.59,10.75,9694700
2023-03-28T17:00:00Z,10.75,10.75,10.64,10.68,17885400
2023-03-28T18:00:00Z,10.68,10.82,10.66,10.75,15138700
2023-03-28T19:00:00Z,10.75,10.75,10.61,10.63,8306800
2023-03-29T13:00:00Z,10.7,10.72,10.38,10.4,10862600
2023-03-29T14:00:00Z,10.4,10.44,10.35,10.37,8690300
2023-03-29T15:00:00Z,10.37,10.44,10.36,10.38,9144200
2023-03-29T16:00:00Z,10.39,10.4,10.32,10.33,4084200
2023-03-29T17:00:00Z,10.34,10.36,10.28,10.34,5043400
2023-03-29T18:00:00Z,10.34,10.4,10.22,10.39,6329300
2023-03-29T19:00:00Z,10.38,10.56,10.37,10.49,16695700
2023-03-30T13:00:00Z,10.75,11.07,10.74,10.87,13887600
2023-03-30T14:00:00Z,10.86,10.88,10.65,10.79,14103900
2023-03-30T15:00:00Z,10.79,10.95,10.77,10.83,7769000
2023-03-30T16:00:00Z,10.83,10.92,10.82,10.84,4186200
2023-03-30T17:00:00Z,10.83,10.86,10.81,10.82,7459500
2023-03-30T18:00:00Z,10.82,10.86,10.77,10.84,6967700
2023-03-30T19:00:00Z,10.83,10.88,10.77,10.77,13017900
2023-03-31T13:00:00Z,10.81,10.85,10.29,10.47,19998400
2023-03-31T14:00:00Z,10.47,10.55,10.39,10.4,16547400
2023-03-31T15:00:00Z,10.4,10.42,10.31,10.32,9186900
2023-03-31T16:00:00Z,10.32,10.38,10.23,10.28,7852600
2023-03-31T17:00:00Z,10.28,10.29,10.13,10.2,7792400
2023-03-31T18:00:00Z,10.21,10.29,10.18,10.26,11965700
2023-03-31T19:00:00Z,10.26,10.41,10.24,10.33,24777400
2023-04-03T13:00:00Z,10.35,10.41,10.19,10.32,6476300
2023-04-03T14:00:00Z,10.3,10.44,10.3,10.39,8510600
2023-04-03T15:00:00Z,10.39,10.56,10.36,10.52,6531300
2023-04-03T16:00:00Z,10.52,10.58,10.49,10.57,5466900
2023-04-03T17:00:00Z,10.58,10.62,10.54,10.58,7845000
2023-04-03T18:00:00Z,10.58,10.64,10.55,10.57,4785600
2023-04-03T19:00:00Z,10.57,10.68,10.54,10.63,6615000
2023-04-04T13:00:00Z,10.71,10.88,10.67,10.78,6229800
2023-04-04T14:00:00Z,10.79,10.93,10.72,10.77,5111600
2023-04-04T15:00:00Z,10.77,10.83,10.72,10.83,4533900
2023-04-04T16:00:00Z,10.83,10.92,10.82,10.92,4379000
2023-04-04T17:00:00Z,10.92,10.96,10.8,10.83,5115400
2023-04-04T18:00:00Z,10.83,10.84,10.75,10.78,4753500
2023-04-04T19:00:00Z,10.78,10.87,10.78,10.82,3987400
2023-04-05T13:00:00Z,10.86,10.91,10.74,10.78,4964300
2023-04-05T14:00:00Z,10.78,10.83,10.63,10.65,5268300
2023-04-05T15:00:00Z,10.65,10.82,10.62,10.81,2960600
2023-04-05T16:00:00Z,10.82,10.85,10.74,10.74,3894500
2023-04-05T17:00:00Z,10.74,10.78,10.7,10.7,5318700
2023-04-05T18:00:00Z,10.71,10.75,10.68,10.71,5885100
2023-04-05T19:00:00Z,10.72,10.88,10.69,10.88,6799700
2023-04-06T13:00:00Z,10.85,10.95,10.64,10.67,6604500
2023-04-06T14:00:00Z,10.66,10.71,10.65,10.66,3740900
2023-04-06T15:00:00Z,10.67,10.71,10.66,10.67,1981500
2023-04-06T16:00:00Z,10.68,10.71,10.64,10.69,1898200
2023-04-06T17:00:00Z,10.69,10.72,10.65,10.66,2629000
2023-04-06T18:00:00Z,10.67,10.72,10.63,10.7,4103400
2023-04-06T19:00:00Z,10.69,10.72,10.65,10.71,5325900
2023-04-10T13:00:00Z,10.8,10.93,10.76,10.85,9118900
2023-04-10T14:00:00Z,10.85,10.87,10.77,10.8,3519500
2023-04-10T15:00:00Z,10.81,10.87,10.78,10.86,5515100
2023-04-10T16:00:00Z,10.85,10.86,10.8,10.82,1460700
2023-04-10T17:00:00Z,10.82,10.85,10.79,10.81,4059500
2023-04-10T18:00:00Z,10.81,10.84,10.79,10.84,3234700
2023-04-10T19:00:00Z,10.84,10.9,10.81,10.87,3484100
2023-04-11T13:00:00Z,11.06,11.38,11.01,11.22,10239800
2023-04-11T14:00:00Z,11.22,11.42,11.21,11.3,14283000
2023-04-11T15:00:00Z,11.3,11.35,11.27,11.35,5590000
2023-04-11T16:00:00Z,11.35,11.52,11.34,11.48,10459100
2023-04-11T17:00:00Z,11.48,11.63,11.47,11.54,6673600
2023-04-11T18:00:00Z,11.54,11.63,11.48,11.57,6959000
2023-04-11T19:00:00Z,11.56,11.66,11.54,11.61,8977900
2023-04-12T13:00:00Z,11.74,12.3,11.72,12,18934700
2023-04-12T14:00:00Z,12,12.16,11.91,11.92,16886300
2023-04-12T15:00:00Z,11.91,12.03,11.84,12,13138000
2023-04-12T16:00:00Z,11.99,12.04,11.9,12,7540000
2023-04-12T17:00:00Z,12,12.18,11.98,12.03,8625000
2023-04-12T18:00:00Z,12.01,12.11,11.99,12.07,5846600
2023-04-12T19:00:00Z,12.06,12.1,11.79,11.89,16682500
2023-04-13T13:00:00Z,11.8,11.83,11.33,11.55,12980800
2023-04-13T14:00:00Z,11.56,11.6,11.49,11.55,6210900
2023-04-13T15:00:00Z,11.56,11.69,11.53,11.68,3600000
2023-04-13T16:00:00Z,11.69,11.69,11.5,11.62,3078200
2023-04-13T17:00:00Z,11.62,11.78,11.6,11.71,3378000
2023-04-13T18:00:00Z,11.72,11.81,11.69,11.71,3728400
2023-04-13T19:00:00Z,11.71,11.77,11.68,11.75,4462600
2023-04-14T13:00:00Z,11.56,11.85,11.5,11.81,4724200
2023-04-14T14:00:00Z,11.81,11.88,11.7,11.73,3319200
2023-04-14T15:00:00Z,11.72,11.81,11.7,11.8,1557600
2023-04-14T16:00:00Z,11.81,11.96,11.79,11.95,4486000
2023-04-14T17:00:00Z,11.95,12.01,11.87,11.95,2978400
2023-04-14T18:00:00Z,11.95,11.97,11.92,11.96,2328200
2023-04-14T19:00:00Z,11.95,11.97,11.89,11.96,3600300
2023-04-17T13:00:00Z,12,12.08,11.9,12.03,4401400
2023-04-17T14:00:00Z,12.04,12.05,11.99,12.03,3562500
2023-04-17T15:00:00Z,12.02,12.04,11.91,11.97,3847000
2023-04-17T16:00:00Z,11.98,11.98,11.88,11.93,3638700
2023-04-17T17:00:00Z,11.93,11.99,11.89,11.97,2603800
2023-04-17T18:00:00Z,11.96,12,11.92,11.96,2551700
2023-04-17T19:00:00Z,11.96,12.03,11.95,12.03,4177000
2023-04-18T13:00:00Z,12.08,12.1,11.74,11.93,6671800
2023-04-18T14:00:00Z,11.92,11.98,11.85,11.95,2460400
2023-04-18T15:00:00Z,11.94,11.98,11.9,11.94,2550800
2023-04-18T16:00:00Z,11.94,12.01,11.92,11.94,1986300
2023-04-18T17:00:00Z,11.92,12.01,11.92,11.94,1829800
2023-04-18T18:00:00Z,11.93,11.96,11.85,11.9,5640400
2023-04-18T19:00:00Z,11.89,11.96,11.88,11.9,3000300
2023-04-19T13:00:00Z,11.73,11.82,11.55,11.64,12076100
2023-04-19T14:00:00Z,11.64,11.82,11.64,11.81,3532900
2023-04-19T15:00:00Z,11.82,11.83,11.72,11.72,2635300
2023-04-19T16:00:00Z,11.72,11.77,11.69,11.75,3955500
2023-04-19T17:00:00Z,11.74,11.76,11.63,11.66,3640600
2023-04-19T18:00:00Z,11.65,11.67,11.52,11.59,6070700
2023-04-19T19:00:00Z,11.6,11.64,11.55,11.6,4397800
2023-04-20T13:00:00Z,11.65,11.74,11.46,11.54,14355200
2023-04-20T14:00:00Z,11.55,11.75,11.53,11.64,6889400
2023-04-20T15:00:00Z,11.65,11.7,11.62,11.66,2892000
2023-04-20T16:00:00Z,11.66,11.67,11.59,11.61,2503400
2023-04-20T17:00:00Z,11.61,11.69,11.61,11.64,3208000
2023-04-20T18:00:00Z,11.64,11.65,11.54,11.61,2938300
2023-04-20T19:00:00Z,11.6,11.65,11.58,11.64,4440700
2023-04-24T13:00:00Z,11.73,11.83,11.53,11.8,7821700
2023-04-24T14:00:00Z,11.8,11.98,11.73,11.75,7729200
2023-04-24T15:00:00Z,11.75,11.83,11.73,11.83,2138100
2023-04-24T16:00:00Z,11.83,11.84,11.74,11.77,2032700
2023-04-24T17:00:00Z,11.77,11.84,11.76,11.82,2064000
2023-04-24T18:00:00Z,11.82,11.85,11.8,11.82,2382600
2023-04-24T19:00:00Z,11.81,11.83,11.68,11.74,5899700
2023-04-25T13:00:00Z,11.6,11.72,11.5,11.63,3881800
2023-04-25T14:00:00Z,11.63,11.71,11.61,11.65,2257200
2023-04-25T15:00:00Z,11.66,11.82,11.64,11.76,2221000
2023-04-25T16:00:00Z,11.76,11.78,11.73,11.75,1038100
2023-04-25T17:00:00Z,11.74,11.79,11.63,11.69,4832000
2023-04-25T18:00:00Z,11.69,11.79,11.68,11.77,2321500
2023-04-25T19:00:00Z,11.78,11.88,11.77,11.8,4466900
2023-04-26T13:00:00Z,11.8,11.82,11.53,11.57,4962900
2023-04-26T14:00:00Z,11.56,11.57,11.43,11.46,5294400
2023-04-26T15:00:00Z,11.46,11.56,11.45,11.49,2898800
2023-04-26T16:00:00Z,11.5,11.56,11.45,11.52,2126100
2023-04-26T17:00:00Z,11.52,11.54,11.45,11.46,2571900
2023-04-26T18:00:00Z,11.46,11.46,11.38,11.43,4473000
2023-04-26T19:00:00Z,11.43,11.44,11.21,11.24,14525900
2023-04-27T13:00:00Z,11.27,11.5,11.15,11.48,13719500
2023-04-27T14:00:00Z,11.47,11.52,11.42,11.45,4817300
2023-04-27T15:00:00Z,11.46,11.47,11.37,11.39,2472900
2023-04-27T16:00:00Z,11.38,11.44,11.35,11.42,1651000
2023-04-27T17:00:00Z,11.41,11.5,11.39,11.47,1625500
2023-04-27T18:00:00Z,11.47,11.5,11.41,11.41,1214100
2023-04-27T19:00:00Z,11.41,11.49,11.39,11.46,3101200
2023-04-28T13:00:00Z,11.5,11.6,11.35,11.43,5892600
2023-04-28T14:00:00Z,11.42,11.66,11.41,11.53,2560800
2023-04-28T15:00:00Z,11.53,11.65,11.52,11.62,2759400
2023-04-28T16:00:00Z,11.61,11.77,11.61,11.74,2323900
2023-04-28T17:00:00Z,11.73,11.75,11.66,11.71,2379400
2023-04-28T18:00:00Z,11.71,11.71,11.61,11.65,1209800
2023-04-28T19:00:00Z,11.65,11.68,11.62,11.65,1729600
2023-05-02T13:00:00Z,11.64,11.64,11.36,11.4,7924600
2023-05-02T14:00:00Z,11.39,11.4,11.29,11.34,4861400
2023-05-02T15:00:00Z,11.36,11.38,11.25,11.3,2627300
2023-05-02T16:00:00Z,11.3,11.37,11.28,11.31,1410800
2023-05-02T17:00:00Z,11.31,11.39,11.31,11.35,3780400
2023-05-02T18:00:00Z,11.34,11.37,11.33,11.35,1404000
2023-05-02T19:00:00Z,11.36,11.37,11.29,11.36,3694400
2023-05-03T13:00:00Z,11.3,11.47,11.28,11.34,2442800
2023-05-03T14:00:00Z,11.35,11.52,11.32,11.42,2225700
2023-05-03T15:00:00Z,11.41,11.46,11.34,11.37,3310500
2023-05-03T16:00:00Z,11.38,11.45,11.33,11.44,2252900
2023-05-03T17:00:00Z,11.45,11.6,11.44,11.56,3794400
2023-05-03T18:00:00Z,11.56,11.64,11.51,11.6,3757200
2023-05-03T19:00:00Z,11.59,11.63,11.49,11.58,3761900
2023-05-04T13:00:00Z,11.61,11.8,11.5,11.62,4379700
2023-05-04T14:00:00Z,11.63,11.7,11.49,11.64,4472400
2023-05-04T15:00:00Z,11.65,11.65,11.55,11.56,3236100
2023-05-04T16:00:00Z,11.57,11.77,11.56,11.75,2168700
2023-05-04T17:00:00Z,11.75,12.04,11.7,11.92,8442000
2023-05-04T18:00:00Z,11.93,11.93,11.79,11.84,3924700
2023-05-04T19:00:00Z,11.83,11.96,11.82,11.82,6128500
2023-05-05T13:00:00Z,11.96,12.15,11.96,12.1,8420200
2023-05-05T14:00:00Z,12.08,12.14,12.07,12.11,6695400
2023-05-05T15:00:00Z,12.1,12.2,12.09,12.18,3367400
2023-05-05T16:00:00Z,12.17,12.27,12.17,12.25,2862500
2023-05-05T17:00:00Z,12.25,12.42,12.25,12.41,4550600
2023-05-05T18:00:00Z,12.4,12.61,12.37,12.58,11306900
2023-05-05T19:00:00Z,12.58,12.69,12.46,12.49,14519000
2023-05-08T13:00:00Z,12.61,12.78,12.5,12.6,14088300
2023-05-08T14:00:00Z,12.59,12.61,12.48,12.55,4801600
2023-05-08T15:00:00Z,12.56,12.56,12.41,12.5,3109600
2023-05-08T16:00:00Z,12.5,12.62,12.47,12.56,1915200
2023-05-08T17:00:00Z,12.55,12.56,12.41,12.47,3369500
2023-05-08T18:00:00Z,12.47,12.52,12.39,12.5,4382400
2023-05-08T19:00:00Z,12.51,12.51,12.35,12.41,4834700
2023-05-09T13:00:00Z,12.37,12.59,12.3,12.57,2889800
2023-05-09T14:00:00Z,12.58,12.62,12.48,12.55,3278000
2023-05-09T15:00:00Z,12.55,12.7,12.54,12.65,2560800
2023-05-09T16:00:00Z,12.64,12.72,12.61,12.66,2458700
2023-05-09T17:00:00Z,12.65,12.68,12.55,12.56,3228100
2023-05-09T18:00:00Z,12.56,12.6,12.49,12.51,4422800
2023-05-09T19:00:00Z,12.51,12.61,12.49,12.5,7619300
2023-05-10T13:00:00Z,12.49,12.67,12.48,12.6,4330300
2023-05-10T14:00:00Z,12.6,12.73,12.56,12.6,6542000
2023-05-10T15:00:00Z,12.6,12.67,12.48,12.63,4531100
2023-05-10T16:00:00Z,12.64,12.68,12.58,12.59,1430000
2023-05-10T17:00:00Z,12.59,12.61,12.5,12.52,2120200
2023-05-10T18:00:00Z,12.53,12.61,12.52,12.55,3371400
2023-05-10T19:00:00Z,12.56,12.62,12.51,12.52,5348800
2023-05-11T13:00:00Z,12.44,12.67,12.36,12.58,14804400
2023-05-11T14:00:00Z,12.58,12.73,12.5,12.66,7947500
2023-05-11T15:00:00Z,12.65,12.69,12.61,12.66,3645200
2023-05-11T16:00:00Z,12.65,12.67,12.59,12.64,2449800
2023-05-11T17:00:00Z,12.65,12.76,12.64,12.76,2702400
2023-05-11T18:00:00Z,12.76,12.84,12.71,12.74,3354700
2023-05-11T19:00:00Z,12.73,12.79,12.69,12.74,3170200
2023-05-12T13:00:00Z,13.1,13.32,12.9,13.13,11387800
2023-05-12T14:00:00Z,13.11,13.2,13.01,13.07,9133100
2023-05-12T15:00:00Z,13.07,13.09,12.93,13.01,5026100
2023-05-12T16:00:00Z,13.01,13.03,12.91,13,1834700
2023-05-12T17:00:00Z,13,13,12.92,12.96,3973700
2023-05-12T18:00:00Z,12.95,12.98,12.86,12.87,4076400
2023-05-12T19:00:00Z,12.88,12.92,12.75,12.83,6193100
2023-05-15T13:00:00Z,12.91,13,12.83,12.93,3706300
2023-05-15T14:00:00Z,12.93,13.02,12.77,13.02,3221200
2023-05-15T15:00:00Z,13.02,13.08,12.98,13.06,2506300
2023-05-15T16:00:00Z,13.06,13.06,12.99,13,1812900
2023-05-15T17:00:00Z,13.01,13.01,12.93,12.95,4218600
2023-05-15T18:00:00Z,12.95,13.04,12.93,13,2005500
2023-05-15T19:00:00Z,13,13.09,12.96,13.06,4389700
2023-05-16T13:00:00Z,13,13.26,12.99,13.16,6858900
2023-05-16T14:00:00Z,13.17,13.26,13.09,13.22,7642300
2023-05-16T15:00:00Z,13.23,13.24,13.14,13.17,10767200
2023-05-16T16:00:00Z,13.17,13.18,13.06,13.07,4533000
2023-05-16T17:00:00Z,13.07,13.07,12.93,12.96,6602200
2023-05-16T18:00:00Z,12.96,13,12.86,12.89,5846300
2023-05-16T19:00:00Z,12.9,12.94,12.75,12.78,7228600
2023-05-17T13:00:00Z,12.95,13.1,12.92,13.01,5007000
2023-05-17T14:00:00Z,13.01,13.12,12.95,13,7207100
2023-05-17T15:00:00Z,13,13.11,12.96,13.03,6892200
2023-05-17T16:00:00Z,13.02,13.12,12.97,13.05,5668500
2023-05-17T17:00:00Z,13.05,13.21,13.02,13.2,10336800
2023-05-17T18:00:00Z,13.21,13.28,13.17,13.27,6227000
2023-05-17T19:00:00Z,13.26,13.42,13.26,13.32,12935200
2023-05-18T13:00:00Z,13.27,13.37,13.2,13.27,5267700
2023-05-18T14:00:00Z,13.27,13.42,13.22,13.34,2822000
2023-05-18T15:00:00Z,13.34,13.46,13.34,13.44,8280400
2023-05-18T16:00:00Z,13.43,13.5,13.41,13.43,4134500
2023-05-18T17:00:00Z,13.42,13.49,13.41,13.48,1919600
2023-05-18T18:00:00Z,13.49,13.59,13.46,13.54,2943100
2023-05-18T19:00:00Z,13.54,13.56,13.47,13.53,3642800
2023-05-19T13:00:00Z,13.6,13.65,13.35,13.48,4253900
2023-05-19T14:00:00Z,13.49,13.58,13.44,13.48,7805200
2023-05-19T15:00:00Z,13.48,13.55,13.45,13.52,5782700
2023-05-19T16:00:00Z,13.51,13.57,13.48,13.52,2481300
2023-05-19T17:00:00Z,13.51,13.83,13.5,13.71,6021100
2023-05-19T18:00:00Z,13.71,13.73,13.52,13.56,9130600
2023-05-19T19:00:00Z,13.55,13.67,13.53,13.6,6219900
2023-05-22T13:00:00Z,13.52,13.83,13.49,13.55,3822200
2023-05-22T14:00:00Z,13.55,13.6,13.5,13.52,2186800
2023-05-22T15:00:00Z,13.52,13.59,13.46,13.51,2309400
2023-05-22T16:00:00Z,13.52,13.57,13.46,13.51,2366300
2023-05-22T17:00:00Z,13.52,13.55,13.41,13.48,2325500
2023-05-22T18:00:00Z,13.49,13.52,13.45,13.49,2016700
2023-05-22T19:00:00Z,13.49,13.49,13.31,13.38,6038800
2023-05-23T13:00:00Z,13.47,13.52,13.27,13.39,5496000
2023-05-23T14:00:00Z,13.39,13.43,13.3,13.38,7447400
2023-05-23T15:00:00Z,13.38,13.44,13.31,13.36,8241000
2023-05-23T16:00:00Z,13.35,13.36,13.24,13.3,5617000
2023-05-23T17:00:00Z,13.3,13.46,13.3,13.4,13936300
2023-05-23T18:00:00Z,13.4,13.41,13.08,13.16,6627800
2023-05-23T19:00:00Z,13.15,13.26,13.04,13.21,8003100
2023-05-24T13:00:00Z,13.04,13.09,12.85,12.89,12753700
2023-05-24T14:00:00Z,12.89,13.02,12.84,12.95,5169200
2023-05-24T15:00:00Z,12.95,12.99,12.88,12.89,2468500
2023-05-24T16:00:00Z,12.89,12.91,12.72,12.8,5737800
2023-05-24T17:00:00Z,12.8,12.92,12.73,12.89,3094300
2023-05-24T18:00:00Z,12.88,12.96,12.79,12.87,5270200
2023-05-24T19:00:00Z,12.87,12.91,12.83,12.89,3532200
2023-05-25T13:00:00Z,13.13,13.54,13.06,13.28,16444100
2023-05-25T14:00:00Z,13.28,13.3,12.97,13.24,6385100
2023-05-25T15:00:00Z,13.24,13.24,13.02,13.1,4648900
2023-05-25T16:00:00Z,13.1,13.24,13.08,13.2,2844000
2023-05-25T17:00:00Z,13.2,13.29,13.2,13.25,5267200
2023-05-25T18:00:00Z,13.25,13.32,13.22,13.29,7562200
2023-05-25T19:00:00Z,13.28,13.32,13.19,13.19,9605300
2023-05-26T13:00:00Z,13.5,13.62,13.35,13.56,7598000
2023-05-26T14:00:00Z,13.57,13.67,13.5,13.61,7062900
2023-05-26T15:00:00Z,13.61,13.69,13.48,13.6,5795200
2023-05-26T16:00:00Z,13.61,13.73,13.5,13.72,3594600
2023-05-26T17:00:00Z,13.73,13.78,13.63,13.68,3268400
2023-05-26T18:00:00Z,13.68,13.71,13.6,13.6,3469500
2023-05-26T19:00:00Z,13.61,13.7,13.59,13.62,4145900
2023-05-29T13:00:00Z,13.65,13.71,13.51,13.62,3009000
2023-05-29T14:00:00Z,13.61,13.65,13.53,13.6,2591700
2023-05-29T15:00:00Z,13.6,13.62,13.51,13.52,1229400
2023-05-29T16:00:00Z,13.53,13.55,13.47,13.54,895300
2023-05-29T17:00:00Z,13.54,13.54,13.45,13.52,1382300
2023-05-29T18:00:00Z,13.52,13.59,13.48,13.52,1176200
2023-05-29T19:00:00Z,13.53,13.58,13.52,13.53,1549200
2023-05-30T13:00:00Z,13.7,13.79,13.53,13.59,3684200
2023-05-30T14:00:00Z,13.59,13.64,13.49,13.5,6854600
2023-05-30T15:00:00Z,13.5,13.52,13.37,13.4,3861200
2023-05-30T16:00:00Z,13.41,13.48,13.34,13.38,4530100
2023-05-30T17:00:00Z,13.38,13.4,13.29,13.35,2391000
2023-05-30T18:00:00Z,13.35,13.45,13.35,13.36,3237500
2023-05-30T19:00:00Z,13.36,13.42,13.33,13.39,4058400
2023-05-31T13:00:00Z,13.37,13.38,13.13,13.27,2918500
2023-05-31T14:00:00Z,13.26,13.31,13.18,13.25,1898100
2023-05-31T15:00:00Z,13.26,13.37,13.24,13.31,1694000
2023-05-31T16:00:00Z,13.3,13.42,13.27,13.4,2832700
2023-05-31T17:00:00Z,13.4,13.58,13.38,13.53,4358200
2023-05-31T18:00:00Z,13.53,13.57,13.38,13.39,4016000
2023-05-31T19:00:00Z,13.38,13.39,13.3,13.36,3674400
2023-06-01T13:00:00Z,13.45,13.72,13.38,13.59,5790000
2023-06-01T14:00:00Z,13.59,13.66,13.54,13.64,3832200
2023-06-01T15:00:00Z,13.64,14,13.55,14,7692900
2023-06-01T16:00:00Z,13.99,14.02,13.88,14,5488200
2023-06-01T17:00:00Z,14.01,14.16,13.98,14.11,8858900
2023-06-01T18:00:00Z,14.11,14.29,14.08,14.26,8394500
2023-06-01T19:00:00Z,14.25,14.42,14.24,14.35,16657300
2023-06-02T13:00:00Z,14.5,14.69,14.43,14.54,8365000
2023-06-02T14:00:00Z,14.53,14.59,14.5,14.53,10343600
2023-06-02T15:00:00Z,14.52,14.55,14.34,14.45,4750600
2023-06-02T16:00:00Z,14.44,14.47,14.3,14.39,3943700
2023-06-02T17:00:00Z,14.39,14.39,14.26,14.31,3433200
2023-06-02T18:00:00Z,14.3,14.5,14.3,14.45,4358200
2023-06-02T19:00:00Z,14.45,14.52,14.4,14.42,5123700
2023-06-05T13:00:00Z,14.46,14.51,14.24,14.26,4282600
2023-06-05T14:00:00Z,14.28,14.34,14.16,14.3,3233900
2023-06-05T15:00:00Z,14.31,14.37,14.29,14.31,3703600
2023-06-05T16:00:00Z,14.32,14.38,14.31,14.35,2069400
2023-06-05T17:00:00Z,14.35,14.46,14.33,14.46,5996000
2023-06-05T18:00:00Z,14.46,14.49,14.36,14.4,6836300
2023-06-05T19:00:00Z,14.4,14.56,14.35,14.51,8958800
2023-06-06T13:00:00Z,14.51,14.7,14.49,14.64,4106200
2023-06-06T14:00:00Z,14.65,14.68,14.51,14.58,11600000
2023-06-06T15:00:00Z,14.57,14.6,14.47,14.55,4893500
2023-06-06T16:00:00Z,14.55,14.58,14.42,14.43,3733300
2023-06-06T17:00:00Z,14.43,14.46,14.31,14.36,6042700
2023-06-06T18:00:00Z,14.36,14.4,14.26,14.38,10719200
2023-06-06T19:00:00Z,14.37,14.48,14.32,14.43,11852900
2023-06-07T13:00:00Z,14.6,14.94,14.59,14.8,7435700
2023-06-07T14:00:00Z,14.79,14.8,14.52,14.55,7194100
2023-06-07T15:00:00Z,14.56,14.7,14.54,14.57,6781600
2023-06-07T16:00:00Z,14.57,14.62,14.51,14.57,3101500
2023-06-07T17:00:00Z,14.58,14.6,14.46,14.59,4684300
2023-06-07T18:00:00Z,14.6,14.72,14.58,14.7,12519000
2023-06-07T19:00:00Z,14.71,14.79,14.67,14.73,5618100
2023-06-09T13:00:00Z,14.95,15.23,14.88,14.91,6700800
2023-06-09T14:00:00Z,14.91,15.07,14.9,14.91,5200600
2023-06-09T15:00:00Z,14.91,14.94,14.85,14.86,6536000
2023-06-09T16:00:00Z,14.85,14.91,14.78,14.79,1985500
2023-06-09T17:00:00Z,14.8,14.8,14.71,14.76,2352100
2023-06-09T18:00:00Z,14.76,14.81,14.72,14.75,3545700
2023-06-09T19:00:00Z,14.75,14.79,14.69,14.7,4862700
2023-06-12T13:00:00Z,14.71,14.93,14.71,14.89,4146000
2023-06-12T14:00:00Z,14.89,15.03,14.87,14.96,3038700
2023-06-12T15:00:00Z,14.96,14.99,14.89,14.9,3687100
2023-06-12T16:00:00Z,14.9,14.93,14.88,14.91,991700
2023-06-12T17:00:00Z,14.92,14.96,14.9,14.94,1151600
2023-06-12T18:00:00Z,14.94,14.99,14.89,14.96,5329400
2023-06-12T19:00:00Z,14.96,14.99,14.91,14.92,2647400
2023-06-13T13:00:00Z,14.91,14.93,14.74,14.74,9058600
2023-06-13T14:00:00Z,14.75,14.81,14.63,14.78,3662800
2023-06-13T15:00:00Z,14.77,14.8,14.7,14.72,3573400
2023-06-13T16:00:00Z,14.72,14.74,14.63,14.68,2701100
2023-06-13T17:00:00Z,14.67,14.71,14.58,14.61,4575700
2023-06-13T18:00:00Z,14.61,14.69,14.48,14.54,5341400
2023-06-13T19:00:00Z,14.54,14.64,14.52,14.6,5190500
2023-06-14T13:00:00Z,14.7,14.9,14.61,14.79,5926800
2023-06-14T14:00:00Z,14.79,15.05,14.79,15.03,5955700
2023-06-14T15:00:00Z,15.04,15.08,14.94,14.96,4869800
2023-06-14T16:00:00Z,14.95,15.12,14.93,15.04,4449900
2023-06-14T17:00:00Z,15.04,15.23,15.04,15.11,10135900
2023-06-14T18:00:00Z,15.11,15.17,14.91,15.08,10319600
2023-06-14T19:00:00Z,15.09,15.26,15.06,15.18,14192100
2023-06-15T13:00:00Z,15.14,15.34,15,15.06,7248700
2023-06-15T14:00:00Z,15.06,15.11,14.97,15,6932200
2023-06-15T15:00:00Z,14.99,15.01,14.77,14.79,7546400
2023-06-15T16:00:00Z,14.78,14.88,14.73,14.86,4624700
2023-06-15T17:00:00Z,14.87,14.87,14.72,14.78,9175100
2023-06-15T18:00:00Z,14.79,14.94,14.76,14.76,6552300
2023-06-15T19:00:00Z,14.76,14.79,14.67,14.69,8061500
2023-06-16T13:00:00Z,14.61,14.85,14.52,14.81,3944500
2023-06-16T14:00:00Z,14.81,14.86,14.74,14.75,3647900
2023-06-16T15:00:00Z,14.75,14.81,14.7,14.72,4793400
2023-06-16T16:00:00Z,14.72,14.83,14.71,14.83,2599400
2023-06-16T17:00:00Z,14.83,14.83,14.76,14.77,3509500
2023-06-16T18:00:00Z,14.77,14.78,14.67,14.69,6684000
2023-06-16T19:00:00Z,14.7,14.7,14.6,14.61,6811400
2023-06-19T13:00:00Z,14.61,14.69,14.56,14.65,4952900
2023-06-19T14:00:00Z,14.66,14.7,14.6,14.65,5301400
2023-06-19T15:00:00Z,14.65,14.67,14.61,14.66,7268400
2023-06-19T16:00:00Z,14.66,14.67,14.62,14.67,3413700
2023-06-19T17:00:00Z,14.66,14.74,14.65,14.66,3394800
2023-06-19T18:00:00Z,14.66,14.82,14.66,14.78,11701100
2023-06-19T19:00:00Z,14.79,14.84,14.73,14.74,3430600
2023-06-20T13:00:00Z,14.81,14.93,14.62,14.84,4339700
2023-06-20T14:00:00Z,14.84,14.84,14.48,14.61,6724600
2023-06-20T15:00:00Z,14.61,14.84,14.61,14.76,11421000
2023-06-20T16:00:00Z,14.76,14.8,14.65,14.79,3489000
2023-06-20T17:00:00Z,14.8,14.81,14.73,14.77,7754400
2023-06-20T18:00:00Z,14.77,14.8,14.7,14.75,4132000
2023-06-20T19:00:00Z,14.75,14.77,14.66,14.66,6025700
2023-06-21T13:00:00Z,14.7,14.76,14.6,14.72,3880300
2023-06-21T14:00:00Z,14.71,14.75,14.66,14.73,2002900
2023-06-21T15:00:00Z,14.73,14.75,14.7,14.74,2951800
2023-06-21T16:00:00Z,14.74,14.76,14.72,14.73,2011800
2023-06-21T17:00:00Z,14.73,14.75,14.72,14.74,1978100
2023-06-21T18:00:00Z,14.73,14.81,14.61,14.67,5842900
2023-06-21T19:00:00Z,14.68,14.73,14.53,14.61,7542400
2023-06-22T13:00:00Z,14.59,14.6,14.22,14.3,8389100
2023-06-22T14:00:00Z,14.3,14.35,14.23,14.29,4968500
2023-06-22T15:00:00Z,14.29,14.3,14.2,14.26,5885300
2023-06-22T16:00:00Z,14.26,14.34,14.18,14.19,4716000
2023-06-22T17:00:00Z,14.2,14.23,14.14,14.14,5613600
2023-06-22T18:00:00Z,14.15,14.22,14.13,14.17,6760900
2023-06-22T19:00:00Z,14.17,14.28,14.11,14.25,8716100
2023-06-23T13:00:00Z,14.1,14.32,14.02,14.18,4901900
2023-06-23T14:00:00Z,14.17,14.23,14.14,14.23,3261200
2023-06-23T15:00:00Z,14.23,14.37,14.22,14.32,6505900
2023-06-23T16:00:00Z,14.32,14.44,14.28,14.38,5271100
2023-06-23T17:00:00Z,14.38,14.54,14.37,14.5,3097300
2023-06-23T18:00:00Z,14.49,14.5,14.42,14.44,2331700
2023-06-23T19:00:00Z,14.45,14.5,14.41,14.44,2993100
2023-06-26T13:00:00Z,14.29,14.44,14.25,14.25,2421800
2023-06-26T14:00:00Z,14.25,14.26,14.06,14.09,3943700
2023-06-26T15:00:00Z,14.09,14.09,13.94,14.03,4372800
2023-06-26T16:00:00Z,14.04,14.04,13.88,13.97,3286800
2023-06-26T17:00:00Z,13.97,14.05,13.95,13.97,2820700
2023-06-26T18:00:00Z,13.97,14.05,13.95,14.04,3619600
2023-06-26T19:00:00Z,14.04,14.09,13.97,13.99,5830500
2023-06-27T13:00:00Z,14.2,14.32,13.73,13.82,6303900
2023-06-27T14:00:00Z,13.83,14.01,13.76,13.84,4757100
2023-06-27T15:00:00Z,13.83,13.86,13.76,13.8,3209000
2023-06-27T16:00:00Z,13.8,14.05,13.79,13.92,3687300
2023-06-27T17:00:00Z,13.91,14.06,13.9,13.96,3484900
2023-06-27T18:00:00Z,13.95,14,13.93,13.99,2077100
2023-06-27T19:00:00Z,14,14.16,13.99,14.13,7902800
2023-06-28T13:00:00Z,13.95,14,13.82,13.98,1747100
2023-06-28T14:00:00Z,13.98,14.16,13.94,14.15,4748900
2023-06-28T15:00:00Z,14.16,14.16,14.06,14.15,2777300
2023-06-28T16:00:00Z,14.14,14.18,14.04,14.08,2920400
2023-06-28T17:00:00Z,14.08,14.12,13.97,14,2666400
2023-06-28T18:00:00Z,14,14.09,13.98,14.04,1828800
2023-06-28T19:00:00Z,14.04,14.07,13.87,13.93,3689000
2023-06-29T13:00:00Z,13.98,14.26,13.98,14.22,2045300
2023-06-29T14:00:00Z,14.23,14.42,14.22,14.41,6647400
2023-06-29T15:00:00Z,14.41,14.63,14.41,14.62,8335800
2023-06-29T16:00:00Z,14.63,14.64,14.54,14.61,6108900
2023-06-29T17:00:00Z,14.61,14.61,14.49,14.54,1955100
2023-06-29T18:00:00Z,14.54,14.71,14.53,14.67,6358700
2023-06-29T19:00:00Z,14.67,14.78,14.61,14.68,6849200
2023-06-30T13:00:00Z,14.81,14.96,14.7,14.74,9649600
2023-06-30T14:00:00Z,14.75,14.88,14.72,14.86,4669400
2023-06-30T15:00:00Z,14.86,14.94,14.8,14.89,2712200
2023-06-30T16:00:00Z,14.9,14.94,14.83,14.87,3395900
2023-06-30T17:00:00Z,14.88,14.89,14.67,14.7,4954800
2023-06-30T18:00:00Z,14.7,14.76,14.6,14.74,3578100
2023-06-30T19:00:00Z,14.74,14.79,14.54,14.61,3637500
2023-07-03T13:00:00Z,14.65,14.9,14.65,14.81,3119200
2023-07-03T14:00:00Z,14.82,14.87,14.77,14.81,3803600
2023-07-03T15:00:00Z,14.81,14.9,14.8,14.88,3040400
2023-07-03T16:00:00Z,14.88,14.94,14.86,14.91,3735600
2023-07-03T17:00:00Z,14.9,14.96,14.88,14.89,2782200
2023-07-03T18:00:00Z,14.88,14.95,14.88,14.93,1327600
2023-07-03T19:00:00Z,14.93,14.98,14.89,14.93,2346000
2023-07-04T13:00:00Z,14.99,14.99,14.69,14.8,2533100
2023-07-04T14:00:00Z,14.79,14.89,14.71,14.76,1472900
2023-07-04T15:00:00Z,14.74,14.88,14.74,14.83,672400
2023-07-04T16:00:00Z,14.84,14.87,14.79,14.83,483500
2023-07-04T17:00:00Z,14.84,14.88,14.75,14.77,1392200
2023-07-04T18:00:00Z,14.77,14.81,14.72,14.81,1273100
2023-07-04T19:00:00Z,14.81,14.82,14.76,14.77,775400
2023-07-05T13:00:00Z,14.73,14.8,14.61,14.72,2601600
2023-07-05T14:00:00Z,14.71,15,14.68,14.82,6113700
2023-07-05T15:00:00Z,14.83,14.83,14.66,14.68,3916200
2023-07-05T16:00:00Z,14.67,14.72,14.59,14.65,6107400
2023-07-05T17:00:00Z,14.64,14.76,14.6,14.75,9396300
2023-07-05T18:00:00Z,14.76,14.81,14.69,14.72,4047500
2023-07-05T19:00:00Z,14.72,14.77,14.67,14.74,4157600
2023-07-06T13:00:00Z,14.59,14.73,14.41,14.42,5641200
2023-07-06T14:00:00Z,14.41,14.43,14.26,14.29,8306400
2023-07-06T15:00:00Z,14.29,14.33,14.15,14.17,6108800
2023-07-06T16:00:00Z,14.15,14.25,14.12,14.21,4434700
2023-07-06T17:00:00Z,14.2,14.25,14.14,14.2,4446100
2023-07-06T18:00:00Z,14.19,14.26,14.12,14.2,5002800
2023-07-06T19:00:00Z,14.19,14.21,14.11,14.17,5152000
2023-07-07T13:00:00Z,14.2,14.58,14.06,14.38,8527600
2023-07-07T14:00:00Z,14.37,14.57,14.14,14.42,4491200
2023-07-07T15:00:00Z,14.42,14.5,14.3,14.4,3642400
2023-07-07T16:00:00Z,14.4,14.48,14.34,14.46,4475200
2023-07-07T17:00:00Z,14.47,14.47,14.34,14.44,4540100
2023-07-07T18:00:00Z,14.43,14.56,14.35,14.52,12049100
2023-07-07T19:00:00Z,14.53,14.55,14.33,14.35,5642700
2023-07-10T13:00:00Z,14.33,14.35,14.04,14.16,2699200
2023-07-10T14:00:00Z,14.15,14.24,14.07,14.1,2513100
2023-07-10T15:00:00Z,14.1,14.13,13.97,14.11,3933300
2023-07-10T16:00:00Z,14.11,14.12,13.93,13.98,2293300
2023-07-10T17:00:00Z,13.97,14.07,13.93,14.04,1962100
2023-07-10T18:00:00Z,14.05,14.12,14,14.09,2789600
2023-07-10T19:00:00Z,14.1,14.12,13.94,14.01,6409500
2023-07-11T13:00:00Z,13.99,14.08,13.54,13.64,5259100
2023-07-11T14:00:00Z,13.64,13.75,13.6,13.64,6332400
2023-07-11T15:00:00Z,13.64,13.81,13.6,13.76,4081400
2023-07-11T16:00:00Z,13.76,13.97,13.75,13.93,3674100
2023-07-11T17:00:00Z,13.93,13.98,13.87,13.97,3307100
2023-07-11T18:00:00Z,13.96,13.98,13.9,13.95,2589100
2023-07-11T19:00:00Z,13.95,14.02,13.91,13.97,2742900
2023-07-12T13:00:00Z,14.21,14.57,14.21,14.47,11520900
2023-07-12T14:00:00Z,14.48,14.56,14.42,14.48,3923800
2023-07-12T15:00:00Z,14.47,14.55,14.4,14.49,6091500
2023-07-12T16:00:00Z,14.49,14.51,14.33,14.34,4168000
2023-07-12T17:00:00Z,14.33,14.38,14.22,14.31,3161500
2023-07-12T18:00:00Z,14.3,14.39,14.27,14.34,1719300
2023-07-12T19:00:00Z,14.33,14.39,14.22,14.26,3442200
2023-07-13T13:00:00Z,14.25,14.67,14.25,14.62,5898400
2023-07-13T14:00:00Z,14.62,14.71,14.58,14.7,2413300
2023-07-13T15:00:00Z,14.7,14.73,14.53,14.59,4274200
2023-07-13T16:00:00Z,14.58,14.65,14.56,14.6,2218300
2023-07-13T17:00:00Z,14.6,14.62,14.55,14.6,1552600
2023-07-13T18:00:00Z,14.6,14.61,14.54,14.55,2906600
2023-07-13T19:00:00Z,14.55,14.6,14.51,14.59,3592300
2023-07-14T13:00:00Z,14.5,14.58,14.19,14.31,6404700
2023-07-14T14:00:00Z,14.29,14.48,14.27,14.48,3677900
2023-07-14T15:00:00Z,14.47,14.57,14.41,14.54,1604500
2023-07-14T16:00:00Z,14.55,14.57,14.32,14.39,3398700
2023-07-14T17:00:00Z,14.39,14.43,14.33,14.37,3044100
2023-07-14T18:00:00Z,14.38,14.44,14.35,14.42,1092200
2023-07-14T19:00:00Z,14.41,14.6,14.41,14.5,9149600
2023-07-17T13:00:00Z,14.26,14.54,14.14,14.45,4977900
2023-07-17T14:00:00Z,14.46,14.51,14.36,14.46,2391400
2023-07-17T15:00:00Z,14.46,14.5,14.42,14.44,695500
2023-07-17T16:00:00Z,14.44,14.46,14.42,14.45,829800
2023-07-17T17:00:00Z,14.44,14.65,14.41,14.62,2148200
2023-07-17T18:00:00Z,14.62,14.63,14.53,14.55,1628200
2023-07-17T19:00:00Z,14.55,14.61,14.52,14.59,2038300
2023-07-18T13:00:00Z,14.41,14.66,14.4,14.65,3243200
2023-07-18T14:00:00Z,14.65,14.69,14.58,14.65,1372800
2023-07-18T15:00:00Z,14.66,14.71,14.62,14.71,1649500
2023-07-18T16:00:00Z,14.7,14.74,14.54,14.54,3598600
2023-07-18T17:00:00Z,14.54,14.8,14.53,14.76,3303900
2023-07-18T18:00:00Z,14.76,14.79,14.71,14.75,2517400
2023-07-18T19:00:00Z,14.74,14.8,14.7,14.72,2748400
2023-07-19T13:00:00Z,14.75,14.76,14.49,14.67,5776700
2023-07-19T14:00:00Z,14.67,14.69,14.5,14.54,1911900
2023-07-19T15:00:00Z,14.55,14.56,14.46,14.46,3941200
2023-07-19T16:00:00Z,14.48,14.57,14.46,14.53,1467200
2023-07-19T17:00:00Z,14.53,14.6,14.51,14.58,1088500
2023-07-19T18:00:00Z,14.59,14.75,14.57,14.68,2674800
2023-07-19T19:00:00Z,14.68,14.71,14.59,14.63,2915400
2023-07-20T13:00:00Z,14.7,14.8,14.64,14.73,4115000
2023-07-20T14:00:00Z,14.74,14.76,14.56,14.61,3955700
2023-07-20T15:00:00Z,14.62,14.67,14.58,14.64,2418900
2023-07-20T16:00:00Z,14.64,14.65,14.58,14.63,3741000
2023-07-20T17:00:00Z,14.62,14.66,14.59,14.62,4217400
2023-07-20T18:00:00Z,14.62,14.63,14.55,14.58,2818000
2023-07-20T19:00:00Z,14.58,14.61,14.56,14.6,3113200
2023-07-21T13:00:00Z,14.71,15.07,14.64,15.07,6827300
2023-07-21T14:00:00Z,15.07,15.25,15.07,15.18,6985500
2023-07-21T15:00:00Z,15.18,15.33,15.14,15.31,5513000
2023-07-21T16:00:00Z,15.3,15.33,15.2,15.23,3232100
2023-07-21T17:00:00Z,15.24,15.25,15.1,15.16,2950900
2023-07-21T18:00:00Z,15.16,15.28,15.15,15.24,1916800
2023-07-21T19:00:00Z,15.24,15.26,15.17,15.17,4566900
2023-07-24T13:00:00Z,15.21,15.25,15.03,15.1,4463400
2023-07-24T14:00:00Z,15.1,15.3,15.05,15.21,4488900
2023-07-24T15:00:00Z,15.2,15.27,15.13,15.15,2360600
2023-07-24T16:00:00Z,15.14,15.17,15.12,15.13,1948300
2023-07-24T17:00:00Z,15.13,15.15,14.89,14.9,9373400
2023-07-24T18:00:00Z,14.91,15.06,14.9,15.02,4077400
2023-07-24T19:00:00Z,15.02,15.12,14.99,15.1,4902900
2023-07-25T13:00:00Z,15.43,15.52,15.17,15.32,7730700
2023-07-25T14:00:00Z,15.33,15.37,15.06,15.11,5115100
2023-07-25T15:00:00Z,15.11,15.18,15.1,15.16,2702700
2023-07-25T16:00:00Z,15.16,15.17,15.02,15.1,2565700
2023-07-25T17:00:00Z,15.1,15.15,15.08,15.13,1890000
2023-07-25T18:00:00Z,15.13,15.2,15.08,15.14,3931700
2023-07-25T19:00:00Z,15.14,15.15,14.88,14.9,6315100
2023-07-26T13:00:00Z,14.83,14.94,14.7,14.85,1632500
2023-07-26T14:00:00Z,14.86,14.88,14.77,14.86,1881400
2023-07-26T15:00:00Z,14.87,14.87,14.78,14.84,1466800
2023-07-26T16:00:00Z,14.85,14.93,14.82,14.9,1112500
2023-07-26T17:00:00Z,14.9,14.91,14.84,14.88,976000
2023-07-26T18:00:00Z,14.88,15.03,14.85,14.96,2477100
2023-07-26T19:00:00Z,14.96,15.03,14.91,14.94,3791800
2023-07-27T13:00:00Z,15,15.19,14.81,14.9,2273300
2023-07-27T14:00:00Z,14.89,14.9,14.75,14.79,2202400
2023-07-27T15:00:00Z,14.79,14.8,14.73,14.74,1241100
2023-07-27T16:00:00Z,14.74,14.79,14.74,14.76,2370800
2023-07-27T17:00:00Z,14.77,14.78,14.71,14.75,1034100
2023-07-27T18:00:00Z,14.75,14.75,14.61,14.62,2161700
2023-07-27T19:00:00Z,14.62,14.68,14.54,14.56,3192600
2023-07-28T13:00:00Z,14.85,14.92,14.6,14.7,3765800
2023-07-28T14:00:00Z,14.71,14.75,14.66,14.75,901100
2023-07-28T15:00:00Z,14.74,14.78,14.71,14.75,1790700
2023-07-28T16:00:00Z,14.75,14.75,14.59,14.64,1831400
2023-07-28T17:00:00Z,14.64,14.64,14.56,14.61,1480700
2023-07-28T18:00:00Z,14.61,14.68,14.6,14.63,1374800
2023-07-28T19:00:00Z,14.64,14.73,14.62,14.66,2976500
2023-07-31T13:00:00Z,14.82,15.15,14.81,15.04,5128400
2023-07-31T14:00:00Z,15.04,15.06,14.87,14.95,1765600
2023-07-31T15:00:00Z,14.95,15.03,14.92,14.99,1660500
2023-07-31T16:00:00Z,14.99,15.03,14.95,14.95,1860300
2023-07-31T17:00:00Z,14.95,15,14.86,14.99,1516300
2023-07-31T18:00:00Z,14.98,15.01,14.93,14.99,1255800
2023-07-31T19:00:00Z,14.99,14.99,14.85,14.92,2171100
2023-08-01T13:00:00Z,14.79,14.87,14.63,14.75,4821200
2023-08-01T14:00:00Z,14.77,14.79,14.61,14.62,4176900
2023-08-01T15:00:00Z,14.62,14.7,14.59,14.66,2036200
2023-08-01T16:00:00Z,14.67,14.68,14.58,14.65,1841000
2023-08-01T17:00:00Z,14.66,14.74,14.65,14.68,1853800
2023-08-01T18:00:00Z,14.69,14.75,14.65,14.74,3381900
2023-08-01T19:00:00Z,14.74,14.75,14.67,14.73,8300600
2023-08-02T13:00:00Z,14.74,14.79,14.48,14.71,2229100
2023-08-02T14:00:00Z,14.71,14.74,14.46,14.49,1495600
2023-08-02T15:00:00Z,14.49,14.68,14.48,14.59,1576700
2023-08-02T16:00:00Z,14.59,14.62,14.53,14.59,639400
2023-08-02T17:00:00Z,14.59,14.66,14.57,14.62,640200
2023-08-02T18:00:00Z,14.61,14.78,14.6,14.74,2330600
2023-08-02T19:00:00Z,14.74,14.87,14.73,14.76,2743200
2023-08-03T13:00:00Z,14.93,15.31,14.91,15.09,5995200
2023-08-03T14:00:00Z,15.11,15.32,15.06,15.23,3762200
2023-08-03T15:00:00Z,15.21,15.24,15.12,15.17,4124900
2023-08-03T16:00:00Z,15.18,15.18,15.04,15.06,4077400
2023-08-03T17:00:00Z,15.06,15.2,14.94,15.14,2780500
2023-08-03T18:00:00Z,15.14,15.15,14.9,14.94,4196000
2023-08-03T19:00:00Z,14.94,14.98,14.78,14.84,3752600
2023-08-04T13:00:00Z,14.7,14.89,14.66,14.68,3691100
2023-08-04T14:00:00Z,14.68,14.97,14.68,14.97,2968100
2023-08-04T15:00:00Z,14.97,15.07,14.92,15.02,2041800
2023-08-04T16:00:00Z,15.01,15.05,14.96,15,1096800
2023-08-04T17:00:00Z,15,15,14.87,14.89,1457000
2023-08-04T18:00:00Z,14.89,14.9,14.67,14.73,2244600
2023-08-04T19:00:00Z,14.73,14.74,14.61,14.65,2672400
2023-08-07T13:00:00Z,14.69,14.79,14.57,14.7,1445700
2023-08-07T14:00:00Z,14.69,14.69,14.55,14.59,2681700
2023-08-07T15:00:00Z,14.59,14.65,14.55,14.62,1251800
2023-08-07T16:00:00Z,14.61,14.65,14.6,14.63,1481800
2023-08-07T17:00:00Z,14.63,14.63,14.58,14.61,1218500
2023-08-07T18:00:00Z,14.6,14.7,14.6,14.65,1343500
2023-08-07T19:00:00Z,14.65,14.65,14.58,14.61,4994900
2023-08-08T13:00:00Z,14.45,14.45,14.24,14.42,5205300
2023-08-08T14:00:00Z,14.42,14.5,14.34,14.43,5481700
2023-08-08T15:00:00Z,14.42,14.6,14.42,14.55,2308600
2023-08-08T16:00:00Z,14.55,14.6,14.51,14.56,1281500
2023-08-08T17:00:00Z,14.56,14.65,14.54,14.62,1873500
2023-08-08T18:00:00Z,14.61,14.63,14.5,14.56,2308800
2023-08-08T19:00:00Z,14.56,14.59,14.52,14.53,2666300
2023-08-09T13:00:00Z,14.3,14.54,14.3,14.47,6181500
2023-08-09T14:00:00Z,14.48,14.63,14.43,14.57,5450300
2023-08-09T15:00:00Z,14.57,14.6,14.42,14.44,5755800
2023-08-09T16:00:00Z,14.43,14.48,14.43,14.45,2215900
2023-08-09T17:00:00Z,14.45,14.45,14.38,14.41,3847800
2023-08-09T18:00:00Z,14.41,14.45,14.34,14.36,3550500
2023-08-09T19:00:00Z,14.37,14.4,14.27,14.31,6092700
2023-08-10T13:00:00Z,14.33,14.42,14.26,14.39,4315900
2023-08-10T14:00:00Z,14.39,14.49,14.35,14.46,6244100
2023-08-10T15:00:00Z,14.46,14.46,14.33,14.4,2158100
2023-08-10T16:00:00Z,14.4,14.43,14.33,14.37,1926900
2023-08-10T17:00:00Z,14.36,14.4,14.3,14.31,2945200
2023-08-10T18:00:00Z,14.31,14.38,14.27,14.3,2657100
2023-08-10T19:00:00Z,14.3,14.31,14.16,14.23,5707900
2023-08-11T13:00:00Z,14.2,14.44,14.16,14.32,3408900
2023-08-11T14:00:00Z,14.32,14.38,14.26,14.29,1802100
2023-08-11T15:00:00Z,14.3,14.32,14.23,14.29,1307600
2023-08-11T16:00:00Z,14.3,14.33,14.16,14.17,1514700
2023-08-11T17:00:00Z,14.17,14.17,14.02,14.03,4445000
2023-08-11T18:00:00Z,14.04,14.05,13.96,14.03,8265000
2023-08-11T19:00:00Z,14.03,14.24,14.02,14.24,5995500
2023-08-14T13:00:00Z,14.12,14.13,13.92,14.09,14777600
2023-08-14T14:00:00Z,14.08,14.19,14.06,14.12,1992200
2023-08-14T15:00:00Z,14.12,14.14,14.07,14.13,1303100
2023-08-14T16:00:00Z,14.13,14.19,14.11,14.19,1372700
2023-08-14T17:00:00Z,14.19,14.23,14.13,14.14,1135800
2023-08-14T18:00:00Z,14.14,14.17,14.06,14.09,1812900
2023-08-14T19:00:00Z,14.09,14.12,14.05,14.09,2533000
2023-08-15T13:00:00Z,14.21,14.21,14.04,14.11,1362700
2023-08-15T14:00:00Z,14.11,14.13,13.92,13.94,3148800
2023-08-15T15:00:00Z,13.94,14.08,13.93,14.01,2073200
2023-08-15T16:00:00Z,14.01,14.06,13.95,13.99,3022100
2023-08-15T17:00:00Z,14,14.17,13.98,14.15,4274300
2023-08-15T18:00:00Z,14.15,14.15,14.03,14.08,5209900
2023-08-15T19:00:00Z,14.08,14.1,13.97,14.06,6053300
2023-08-16T13:00:00Z,14.05,14.11,13.98,14.03,3039200
2023-08-16T14:00:00Z,14.03,14.15,13.98,14.1,3079900
2023-08-16T15:00:00Z,14.1,14.1,14.02,14.06,1404400
2023-08-16T16:00:00Z,14.06,14.07,13.96,13.99,1844600
2023-08-16T17:00:00Z,14.01,14.02,13.94,13.97,1739500
2023-08-16T18:00:00Z,13.98,14,13.91,13.92,2490400
2023-08-16T19:00:00Z,13.92,13.93,13.76,13.83,5944400
2023-08-17T13:00:00Z,13.85,13.93,13.69,13.73,4377200
2023-08-17T14:00:00Z,13.72,13.79,13.55,13.55,4375700
2023-08-17T15:00:00Z,13.55,13.61,13.46,13.54,3649400
2023-08-17T16:00:00Z,13.55,13.63,13.53,13.59,1829300
2023-08-17T17:00:00Z,13.6,13.61,13.5,13.52,2472300
2023-08-17T18:00:00Z,13.52,13.54,13.46,13.5,5471900
2023-08-17T19:00:00Z,13.51,13.52,13.4,13.45,7231300
2023-08-18T13:00:00Z,13.39,13.68,13.29,13.65,5201600
2023-08-18T14:00:00Z,13.65,13.76,13.57,13.68,4330900
2023-08-18T15:00:00Z,13.69,13.8,13.68,13.77,3427600
2023-08-18T16:00:00Z,13.78,13.81,13.75,13.75,1957900
2023-08-18T17:00:00Z,13.76,13.77,13.63,13.67,1898900
2023-08-18T18:00:00Z,13.68,13.7,13.62,13.67,1583400
2023-08-18T19:00:00Z,13.68,13.72,13.63,13.71,3317700
2023-08-21T13:00:00Z,13.55,13.66,13.5,13.57,3010900
2023-08-21T14:00:00Z,13.58,13.6,13.45,13.5,1942600
2023-08-21T15:00:00Z,13.5,13.6,13.5,13.55,1653000
2023-08-21T16:00:00Z,13.55,13.58,13.51,13.58,845300
2023-08-21T17:00:00Z,13.57,13.59,13.52,13.56,1087700
2023-08-21T18:00:00Z,13.57,13.63,13.52,13.52,2633300
2023-08-21T19:00:00Z,13.53,13.55,13.46,13.49,2670200
2023-08-22T13:00:00Z,13.63,13.79,13.54,13.71,2293700
2023-08-22T14:00:00Z,13.7,13.75,13.65,13.71,1037700
2023-08-22T15:00:00Z,13.71,13.78,13.66,13.77,4768100
2023-08-22T16:00:00Z,13.77,13.81,13.73,13.79,1819200
2023-08-22T17:00:00Z,13.78,13.84,13.74,13.82,1587800
2023-08-22T18:00:00Z,13.83,13.84,13.78,13.8,2085400
2023-08-22T19:00:00Z,13.81,13.87,13.79,13.8,3037200
2023-08-23T13:00:00Z,13.86,14.15,13.82,14.13,5634500
2023-08-23T14:00:00Z,14.14,14.19,14.08,14.15,3577300
2023-08-23T15:00:00Z,14.16,14.2,14.15,14.16,1985800
2023-08-23T16:00:00Z,14.17,14.21,14.15,14.18,2638500
2023-08-23T17:00:00Z,14.18,14.21,14.15,14.17,1884400
2023-08-23T18:00:00Z,14.17,14.18,14.12,14.16,3059400
2023-08-23T19:00:00Z,14.16,14.18,14.1,14.16,7088400
2023-08-24T13:00:00Z,14.09,14.14,13.93,14.04,5620500
2023-08-24T14:00:00Z,14.06,14.06,13.81,13.84,4383600
2023-08-24T15:00:00Z,13.85,13.85,13.73,13.73,2969200
2023-08-24T16:00:00Z,13.74,13.78,13.7,13.75,4037700
2023-08-24T17:00:00Z,13.74,13.76,13.64,13.68,3601300
2023-08-24T18:00:00Z,13.68,13.71,13.62,13.69,3613800
2023-08-24T19:00:00Z,13.7,13.71,13.65,13.69,3546900
2023-08-25T13:00:00Z,13.65,13.77,13.44,13.49,4710900
2023-08-25T14:00:00Z,13.5,13.56,13.36,13.38,5213900
2023-08-25T15:00:00Z,13.39,13.54,13.36,13.45,4648600
2023-08-25T16:00:00Z,13.45,13.54,13.41,13.52,3026800
2023-08-25T17:00:00Z,13.52,13.54,13.43,13.44,2723900
2023-08-25T18:00:00Z,13.44,13.53,13.44,13.5,2808000
2023-08-25T19:00:00Z,13.49,13.52,13.44,13.52,3330400
2023-08-28T13:00:00Z,13.53,13.64,13.49,13.54,1860700
2023-08-28T14:00:00Z,13.53,13.58,13.38,13.4,2191500
2023-08-28T15:00:00Z,13.41,13.49,13.38,13.47,3019900
2023-08-28T16:00:00Z,13.47,13.49,13.44,13.44,1591900
2023-08-28T17:00:00Z,13.45,13.47,13.37,13.4,1482900
2023-08-28T18:00:00Z,13.41,13.55,13.39,13.52,2227600
2023-08-28T19:00:00Z,13.53,13.61,13.43,13.43,10319200
2023-08-29T13:00:00Z,13.64,13.71,13.39,13.4,6534200
2023-08-29T14:00:00Z,13.39,13.65,13.37,13.58,9108900
2023-08-29T15:00:00Z,13.58,13.62,13.54,13.56,3305300
2023-08-29T16:00:00Z,13.55,13.57,13.43,13.56,2555400
2023-08-29T17:00:00Z,13.55,13.61,13.55,13.59,1584900
2023-08-29T18:00:00Z,13.6,13.66,13.59,13.65,2012000
2023-08-29T19:00:00Z,13.64,13.65,13.39,13.52,11990000
2023-08-30T13:00:00Z,13.59,13.64,13.34,13.39,5824000
2023-08-30T14:00:00Z,13.39,13.46,13.37,13.4,2345400
2023-08-30T15:00:00Z,13.4,13.45,13.39,13.42,1854100
2023-08-30T16:00:00Z,13.41,13.42,13.33,13.37,3470900
2023-08-30T17:00:00Z,13.37,13.4,13.3,13.32,4972500
2023-08-30T18:00:00Z,13.31,13.32,13.2,13.25,4180100
2023-08-30T19:00:00Z,13.24,13.26,13.17,13.19,5337300
2023-08-31T13:00:00Z,13.15,13.15,12.97,13.02,4355000
2023-08-31T14:00:00Z,13.01,13.02,12.84,12.92,5308400
2023-08-31T15:00:00Z,12.93,13.04,12.88,13.02,3380200
2023-08-31T16:00:00Z,13.03,13.05,13.01,13.02,2005800
2023-08-31T17:00:00Z,13.02,13.04,12.98,13.01,2141800
2023-08-31T18:00:00Z,13.02,13.02,12.92,12.96,4113000
2023-08-31T19:00:00Z,12.96,13.02,12.93,12.95,6683200
2023-09-01T13:00:00Z,12.86,13.08,12.86,13.02,4025800
2023-09-01T14:00:00Z,13.01,13.1,12.96,13.02,3795600
2023-09-01T15:00:00Z,13.02,13.02,12.88,12.88,4752800
2023-09-01T16:00:00Z,12.89,12.89,12.64,12.71,13848700
2023-09-01T17:00:00Z,12.7,12.97,12.7,12.94,12463000
2023-09-01T18:00:00Z,12.93,12.99,12.91,12.96,3648400
2023-09-01T19:00:00Z,12.97,13.05,12.93,13.02,5411900
2023-09-04T13:00:00Z,13.01,13.2,12.96,13.18,3297800
2023-09-04T14:00:00Z,13.18,13.24,13.1,13.14,3263500
2023-09-04T15:00:00Z,13.14,13.17,13.12,13.14,1620300
2023-09-04T16:00:00Z,13.14,13.18,13.13,13.16,2394700
2023-09-04T17:00:00Z,13.15,13.19,13.08,13.08,2062400
2023-09-04T18:00:00Z,13.08,13.17,13,13.13,3381400
2023-09-04T19:00:00Z,13.12,13.16,13.07,13.1,1835200
2023-09-05T13:00:00Z,12.96,13,12.8,12.87,4330300
2023-09-05T14:00:00Z,12.86,12.98,12.85,12.93,5396300
2023-09-05T15:00:00Z,12.93,12.95,12.84,12.85,2755600
2023-09-05T16:00:00Z,12.86,12.91,12.84,12.85,2501000
2023-09-05T17:00:00Z,12.86,12.86,12.7,12.79,4626300
2023-09-05T18:00:00Z,12.79,12.84,12.77,12.78,6208200
2023-09-05T19:00:00Z,12.79,12.81,12.74,12.76,4068500
2023-09-06T13:00:00Z,12.76,12.85,12.71,12.8,3236400
2023-09-06T14:00:00Z,12.8,12.82,12.61,12.63,4471600
2023-09-06T15:00:00Z,12.63,12.69,12.61,12.68,1579100
2023-09-06T16:00:00Z,12.67,12.68,12.53,12.56,5548600
2023-09-06T17:00:00Z,12.57,12.6,12.54,12.58,2691500
2023-09-06T18:00:00Z,12.59,12.6,12.55,12.57,1941000
2023-09-06T19:00:00Z,12.57,12.61,12.54,12.55,2837100
2023-09-08T13:00:00Z,12.47,12.62,12.36,12.43,7741100
2023-09-08T14:00:00Z,12.43,12.53,12.42,12.45,3707200
2023-09-08T15:00:00Z,12.46,12.53,12.43,12.52,4606600
2023-09-08T16:00:00Z,12.53,12.58,12.5,12.5,2713900
2023-09-08T17:00:00Z,12.5,12.56,12.49,12.55,3085000
2023-09-08T18:00:00Z,12.55,12.56,12.49,12.51,2816500
2023-09-08T19:00:00Z,12.52,12.53,12.49,12.49,3935800
2023-09-11T13:00:00Z,12.64,12.79,12.63,12.64,5039100
2023-09-11T14:00:00Z,12.64,12.7,12.6,12.63,2189800
2023-09-11T15:00:00Z,12.64,12.71,12.58,12.69,2790200
2023-09-11T16:00:00Z,12.69,12.77,12.65,12.76,2981700
2023-09-11T17:00:00Z,12.76,12.81,12.75,12.79,3631700
2023-09-11T18:00:00Z,12.79,12.95,12.78,12.95,5534200
2023-09-11T19:00:00Z,12.95,12.97,12.88,12.91,6879000
2023-09-12T13:00:00Z,12.92,13.08,12.84,13.07,3627300
2023-09-12T14:00:00Z,13.07,13.15,13.05,13.12,3766900
2023-09-12T15:00:00Z,13.12,13.22,13.11,13.18,3464200
2023-09-12T16:00:00Z,13.18,13.19,13.12,13.17,2843100
2023-09-12T17:00:00Z,13.17,13.24,13.16,13.18,3727900
2023-09-12T18:00:00Z,13.19,13.22,13.15,13.16,3599300
2023-09-12T19:00:00Z,13.17,13.21,13.13,13.2,5363400
2023-09-13T13:00:00Z,13.23,13.27,13.05,13.2,4603500
2023-09-13T14:00:00Z,13.21,13.36,13.15,13.34,5493900
2023-09-13T15:00:00Z,13.34,13.43,13.32,13.34,3907700
2023-09-13T16:00:00Z,13.34,13.35,13.29,13.33,2340200
2023-09-13T17:00:00Z,13.34,13.39,13.33,13.35,2183700
2023-09-13T18:00:00Z,13.36,13.36,13.21,13.25,2671600
2023-09-13T19:00:00Z,13.25,13.26,13.18,13.21,4863500
2023-09-14T13:00:00Z,13.21,13.29,13.09,13.12,4168600
2023-09-14T14:00:00Z,13.12,13.2,13,13.18,3962900
2023-09-14T15:00:00Z,13.19,13.3,13.19,13.29,4492100
2023-09-14T16:00:00Z,13.3,13.33,13.24,13.27,2003300
2023-09-14T17:00:00Z,13.26,13.35,13.26,13.31,3172900
2023-09-14T18:00:00Z,13.31,13.35,13.29,13.33,2825200
2023-09-14T19:00:00Z,13.32,13.38,13.3,13.31,3735600
2023-09-15T13:00:00Z,13.32,13.39,13.22,13.27,4307200
2023-09-15T14:00:00Z,13.29,13.36,13.28,13.33,2100200
2023-09-15T15:00:00Z,13.33,13.35,13.27,13.3,1335900
2023-09-15T16:00:00Z,13.3,13.33,13.28,13.3,1387100
2023-09-15T17:00:00Z,13.3,13.32,13.21,13.31,2030800
2023-09-15T18:00:00Z,13.31,13.31,13.23,13.29,2709400
2023-09-15T19:00:00Z,13.28,13.34,13.19,13.26,2969400
2023-09-18T13:00:00Z,13.28,13.34,13.08,13.11,2846000
2023-09-18T14:00:00Z,13.11,13.21,13.06,13.16,1542000
2023-09-18T15:00:00Z,13.17,13.2,13.13,13.16,1072000
2023-09-18T16:00:00Z,13.18,13.19,13.11,13.16,1065400
2023-09-18T17:00:00Z,13.17,13.22,13.16,13.19,1067100
2023-09-18T18:00:00Z,13.19,13.2,13.15,13.17,1189000
2023-09-18T19:00:00Z,13.17,13.17,13.02,13.05,4599600
2023-09-19T13:00:00Z,13.08,13.15,12.89,12.91,4394300
2023-09-19T14:00:00Z,12.91,12.94,12.81,12.89,2829900
2023-09-19T15:00:00Z,12.89,12.9,12.82,12.84,1835600
2023-09-19T16:00:00Z,12.85,12.96,12.84,12.93,1852900
2023-09-19T17:00:00Z,12.93,12.99,12.87,12.99,2892900
2023-09-19T18:00:00Z,12.98,12.99,12.85,12.86,1763900
2023-09-19T19:00:00Z,12.87,12.93,12.82,12.93,3765000
2023-09-20T13:00:00Z,12.97,13.13,12.97,13.08,2390400
2023-09-20T14:00:00Z,13.08,13.23,13.08,13.21,3456900
2023-09-20T15:00:00Z,13.21,13.35,13.21,13.3,6505000
2023-09-20T16:00:00Z,13.29,13.32,13.25,13.3,2896100
2023-09-20T17:00:00Z,13.3,13.3,13.22,13.27,2293800
2023-09-20T18:00:00Z,13.27,13.34,13.18,13.24,4514700
2023-09-20T19:00:00Z,13.25,13.29,13.12,13.19,6365600
2023-09-21T13:00:00Z,12.84,12.99,12.59,12.61,8524800
2023-09-21T14:00:00Z,12.61,12.8,12.57,12.7,9423900
2023-09-21T15:00:00Z,12.69,12.87,12.69,12.78,5707600
2023-09-21T16:00:00Z,12.78,12.81,12.71,12.78,2186200
2023-09-21T17:00:00Z,12.78,12.83,12.75,12.76,2922700
2023-09-21T18:00:00Z,12.76,12.77,12.65,12.69,2849600
2023-09-21T19:00:00Z,12.69,12.71,12.59,12.63,5233400
2023-09-22T13:00:00Z,12.54,12.63,12.48,12.52,4516200
2023-09-22T14:00:00Z,12.51,12.56,12.42,12.48,2740900
2023-09-22T15:00:00Z,12.48,12.49,12.4,12.44,3636400
2023-09-22T16:00:00Z,12.44,12.52,12.43,12.49,3628200
2023-09-22T17:00:00Z,12.49,12.49,12.34,12.34,1905700
2023-09-22T18:00:00Z,12.34,12.38,12.32,12.36,2685300
2023-09-22T19:00:00Z,12.37,12.4,12.34,12.36,6372000
2023-09-25T13:00:00Z,12.44,12.46,12.36,12.4,8313200
2023-09-25T14:00:00Z,12.41,12.43,12.36,12.37,1624900
2023-09-25T15:00:00Z,12.38,12.48,12.37,12.44,3519000
2023-09-25T16:00:00Z,12.44,12.48,12.43,12.43,1740000
2023-09-25T17:00:00Z,12.44,12.47,12.41,12.42,1771600
2023-09-25T18:00:00Z,12.43,12.44,12.36,12.38,4123400
2023-09-25T19:00:00Z,12.37,12.38,12.31,12.35,5441200
2023-09-26T13:00:00Z,12.2,12.32,12.06,12.08,15774500
2023-09-26T14:00:00Z,12.09,12.21,12.06,12.18,10431500
2023-09-26T15:00:00Z,12.18,12.19,12.11,12.12,2815600
2023-09-26T16:00:00Z,12.13,12.25,12.13,12.2,5273600
2023-09-26T17:00:00Z,12.2,12.22,12.13,12.18,3559500
2023-09-26T18:00:00Z,12.18,12.19,12.1,12.11,2102300
2023-09-26T19:00:00Z,12.11,12.13,11.99,12.09,6296700
2023-09-27T13:00:00Z,12.11,12.29,12.09,12.17,5185100
2023-09-27T14:00:00Z,12.15,12.17,12,12.04,6078400
2023-09-27T15:00:00Z,12.04,12.11,12.01,12.03,3328000
2023-09-27T16:00:00Z,12.03,12.1,12.03,12.05,3191100
2023-09-27T17:00:00Z,12.05,12.06,11.88,11.96,6919200
2023-09-27T18:00:00Z,11.96,12,11.9,11.94,4291300
2023-09-27T19:00:00Z,11.94,12.03,11.94,12,12427800
2023-09-28T13:00:00Z,12.06,12.15,11.97,12.08,3180100
2023-09-28T14:00:00Z,12.07,12.15,12,12.12,5144800
2023-09-28T15:00:00Z,12.12,12.16,12.03,12.15,5899200
2023-09-28T16:00:00Z,12.14,12.24,12.11,12.15,3318300
2023-09-28T17:00:00Z,12.16,12.17,12.1,12.11,3213200
2023-09-28T18:00:00Z,12.12,12.19,12.09,12.1,3600700
2023-09-28T19:00:00Z,12.11,12.26,12.1,12.2,3646400
2023-09-29T13:00:00Z,12.42,12.49,12.33,12.46,3892800
2023-09-29T14:00:00Z,12.46,12.48,12.38,12.4,3121800
2023-09-29T15:00:00Z,12.4,12.42,12.22,12.23,2048400
2023-09-29T16:00:00Z,12.23,12.24,12.17,12.18,1828600
2023-09-29T17:00:00Z,12.19,12.21,12.13,12.15,2149100
2023-09-29T18:00:00Z,12.15,12.2,12.13,12.2,1496400
2023-09-29T19:00:00Z,12.21,12.28,12.17,12.27,1861500
2023-10-02T13:00:00Z,12.18,12.27,12.05,12.07,4114000
2023-10-02T14:00:00Z,12.07,12.15,12,12.02,3270300
2023-10-02T15:00:00Z,12.02,12.18,12.02,12.04,4370800
2023-10-02T16:00:00Z,12.05,12.05,11.95,11.97,2238800
2023-10-02T17:00:00Z,11.97,11.98,11.91,11.92,2547800
2023-10-02T18:00:00Z,11.92,11.94,11.85,11.87,3209200
2023-10-02T19:00:00Z,11.88,12.02,11.87,12.01,4969900
2023-10-03T13:00:00Z,11.88,11.96,11.83,11.86,4843800
2023-10-03T14:00:00Z,11.85,11.85,11.72,11.73,4487300
2023-10-03T15:00:00Z,11.73,11.78,11.65,11.66,4112600
2023-10-03T16:00:00Z,11.67,11.72,11.65,11.66,4145400
2023-10-03T17:00:00Z,11.65,11.68,11.48,11.51,8467600
2023-10-03T18:00:00Z,11.5,11.53,11.33,11.46,14414400
2023-10-03T19:00:00Z,11.46,11.52,11.44,11.49,7420400
2023-10-04T13:00:00Z,11.62,11.77,11.61,11.65,5057100
2023-10-04T14:00:00Z,11.64,11.66,11.51,11.65,6312000
2023-10-04T15:00:00Z,11.65,11.8,11.63,11.79,3286200
2023-10-04T16:00:00Z,11.79,11.85,11.76,11.8,2886800
2023-10-04T17:00:00Z,11.8,11.81,11.74,11.78,2881200
2023-10-04T18:00:00Z,11.79,11.87,11.77,11.86,3261000
2023-10-04T19:00:00Z,11.86,11.89,11.82,11.84,5408400
2023-10-05T13:00:00Z,11.85,12,11.79,11.82,2673900
2023-10-05T14:00:00Z,11.82,11.83,11.55,11.57,4168400
2023-10-05T15:00:00Z,11.56,11.69,11.54,11.66,3975900
2023-10-05T16:00:00Z,11.66,11.72,11.66,11.68,1357500
2023-10-05T17:00:00Z,11.69,11.7,11.63,11.67,1275900
2023-10-05T18:00:00Z,11.67,11.73,11.63,11.72,1833300
2023-10-05T19:00:00Z,11.72,11.75,11.65,11.73,7397400
2023-10-06T13:00:00Z,11.51,11.66,11.44,11.55,12670400
2023-10-06T14:00:00Z,11.55,11.56,11.4,11.54,8770400
2023-10-06T15:00:00Z,11.54,11.78,11.53,11.73,4066800
2023-10-06T16:00:00Z,11.72,11.76,11.62,11.74,3870100
2023-10-06T17:00:00Z,11.73,11.82,11.71,11.8,4420300
2023-10-06T18:00:00Z,11.79,11.81,11.74,11.8,5904000
2023-10-06T19:00:00Z,11.8,11.93,11.8,11.87,10218300
2023-10-09T13:00:00Z,11.75,11.87,11.61,11.64,7024100
2023-10-09T14:00:00Z,11.65,11.78,11.6,11.65,4888700
2023-10-09T15:00:00Z,11.65,11.69,11.56,11.59,3365200
2023-10-09T16:00:00Z,11.59,11.65,11.59,11.61,2202600
2023-10-09T17:00:00Z,11.61,11.84,11.6,11.83,5737900
2023-10-09T18:00:00Z,11.84,11.88,11.76,11.79,4732500
2023-10-09T19:00:00Z,11.79,11.8,11.74,11.75,4298900
2023-10-10T13:00:00Z,11.79,11.99,11.79,11.98,8861200
2023-10-10T14:00:00Z,11.99,12.11,11.98,12.09,6696100
2023-10-10T15:00:00Z,12.08,12.14,12.02,12.09,4573900
2023-10-10T16:00:00Z,12.09,12.12,12.04,12.1,2115100
2023-10-10T17:00:00Z,12.1,12.11,11.98,12.08,3875400
2023-10-10T18:00:00Z,12.07,12.12,12.04,12.05,4190100
2023-10-10T19:00:00Z,12.05,12.17,12.05,12.08,8390000
2023-10-11T13:00:00Z,12.12,12.12,11.99,11.99,3806100
2023-10-11T14:00:00Z,11.99,12.13,11.97,11.97,3501300
2023-10-11T15:00:00Z,11.96,11.99,11.91,11.96,3293000
2023-10-11T16:00:00Z,11.96,12.03,11.94,12.01,2654000
2023-10-11T17:00:00Z,12,12.05,11.98,12.04,2460500
2023-10-11T18:00:00Z,12.05,12.09,12.02,12.04,3285500
2023-10-11T19:00:00Z,12.04,12.06,12,12.04,3433700
2023-10-13T13:00:00Z,11.94,11.94,11.74,11.82,7836200
2023-10-13T14:00:00Z,11.82,11.85,11.72,11.8,2596500
2023-10-13T15:00:00Z,11.8,11.81,11.71,11.76,2190300
2023-10-13T16:00:00Z,11.77,11.84,11.74,11.76,2884000
2023-10-13T17:00:00Z,11.76,11.78,11.6,11.66,3020900
2023-10-13T18:00:00Z,11.65,11.66,11.55,11.59,3063400
2023-10-13T19:00:00Z,11.59,11.7,11.59,11.69,5480300
2023-10-16T13:00:00Z,11.67,11.82,11.65,11.77,3464500
2023-10-16T14:00:00Z,11.77,11.88,11.74,11.82,2697200
2023-10-16T15:00:00Z,11.81,11.84,11.73,11.75,2735300
2023-10-16T16:00:00Z,11.74,11.79,11.72,11.78,1319800
2023-10-16T17:00:00Z,11.79,11.8,11.7,11.75,1734800
2023-10-16T18:00:00Z,11.76,11.78,11.73,11.78,1918000
2023-10-16T19:00:00Z,11.78,11.8,11.73,11.76,3446600
2023-10-17T13:00:00Z,11.56,11.61,11.39,11.44,21636600
2023-10-17T14:00:00Z,11.45,11.57,11.41,11.48,18608000
2023-10-17T15:00:00Z,11.49,11.49,11.45,11.47,10118500
2023-10-17T16:00:00Z,11.47,11.47,11.39,11.39,3753600
2023-10-17T17:00:00Z,11.4,11.43,11.33,11.34,4658900
2023-10-17T18:00:00Z,11.34,11.37,11.2,11.26,8358000
2023-10-17T19:00:00Z,11.27,11.32,11.26,11.29,7220300
2023-10-18T13:00:00Z,11.15,11.34,11.14,11.3,24365300
2023-10-18T14:00:00Z,11.3,11.32,11.17,11.19,11604500
2023-10-18T15:00:00Z,11.19,11.25,11.16,11.21,3327600
2023-10-18T16:00:00Z,11.21,11.27,11.15,11.22,3428900
2023-10-18T17:00:00Z,11.23,11.29,11.16,11.18,8257500
2023-10-18T18:00:00Z,11.19,11.19,11.04,11.09,7362300
2023-10-18T19:00:00Z,11.09,11.12,11.03,11.06,9008000
2023-10-19T13:00:00Z,11.2,11.26,11.1,11.2,7307700
2023-10-19T14:00:00Z,11.2,11.23,11.11,11.2,9549400
2023-10-19T15:00:00Z,11.21,11.29,11.19,11.2,3661500
2023-10-19T16:00:00Z,11.2,11.22,11.12,11.19,6199000
2023-10-19T17:00:00Z,11.19,11.2,11.13,11.16,5106100
2023-10-19T18:00:00Z,11.16,11.18,11.04,11.1,4167300
2023-10-19T19:00:00Z,11.1,11.16,10.99,11,5300300
2023-10-20T13:00:00Z,10.98,11.17,10.97,11.09,4962900
2023-10-20T14:00:00Z,11.09,11.12,10.95,11.01,4198000
2023-10-20T15:00:00Z,11,11.05,10.98,11.03,3650100
2023-10-20T16:00:00Z,11.02,11.11,10.99,11.11,5351300
2023-10-20T17:00:00Z,11.1,11.21,11.08,11.15,5120600
2023-10-20T18:00:00Z,11.15,11.18,11.12,11.15,6935000
2023-10-20T19:00:00Z,11.15,11.19,11.09,11.14,7075400
2023-10-23T13:00:00Z,11.06,11.16,11.01,11.13,2871700
2023-10-23T14:00:00Z,11.14,11.25,11.12,11.25,2127100
2023-10-23T15:00:00Z,11.24,11.33,11.24,11.32,3700300
2023-10-23T16:00:00Z,11.32,11.4,11.29,11.39,4408900
2023-10-23T17:00:00Z,11.39,11.42,11.32,11.33,3443900
2023-10-23T18:00:00Z,11.34,11.37,11.31,11.35,3852000
2023-10-23T19:00:00Z,11.34,11.35,11.26,11.28,5140600
2023-10-24T13:00:00Z,11.4,11.59,11.31,11.55,13039100
2023-10-24T14:00:00Z,11.55,11.72,11.51,11.67,13994800
2023-10-24T15:00:00Z,11.67,11.68,11.55,11.56,4738800
2023-10-24T16:00:00Z,11.56,11.58,11.53,11.56,5034500
2023-10-24T17:00:00Z,11.56,11.6,11.53,11.57,3528600
2023-10-24T18:00:00Z,11.57,11.58,11.54,11.56,3189100
2023-10-24T19:00:00Z,11.57,11.68,11.55,11.59,6655300
2023-10-25T13:00:00Z,11.54,11.73,11.49,11.61,15479300
2023-10-25T14:00:00Z,11.62,11.82,11.61,11.73,11376300
2023-10-25T15:00:00Z,11.75,11.83,11.73,11.76,9044500
2023-10-25T16:00:00Z,11.77,11.78,11.68,11.68,5310000
2023-10-25T17:00:00Z,11.68,11.7,11.62,11.66,5093000
2023-10-25T18:00:00Z,11.66,11.7,11.6,11.69,7156300
2023-10-25T19:00:00Z,11.69,11.7,11.56,11.6,13530500
2023-10-26T13:00:00Z,11.66,11.76,11.53,11.56,10774300
2023-10-26T14:00:00Z,11.55,11.71,11.52,11.67,11051300
2023-10-26T15:00:00Z,11.68,11.68,11.55,11.58,1710400
2023-10-26T16:00:00Z,11.57,11.64,11.56,11.64,2862500
2023-10-26T17:00:00Z,11.63,11.68,11.57,11.6,4042700
2023-10-26T18:00:00Z,11.6,11.76,11.6,11.74,3982700
2023-10-26T19:00:00Z,11.74,11.79,11.7,11.72,5973200
2023-10-27T13:00:00Z,11.7,11.75,11.57,11.59,3511900
2023-10-27T14:00:00Z,11.59,11.61,11.46,11.46,4294000
2023-10-27T15:00:00Z,11.46,11.55,11.45,11.47,2222100
2023-10-27T16:00:00Z,11.46,11.49,11.37,11.37,3553900
2023-10-27T17:00:00Z,11.37,11.39,11.24,11.25,4302900
2023-10-27T18:00:00Z,11.25,11.28,11.14,11.18,6250700
2023-10-27T19:00:00Z,11.18,11.22,11.16,11.19,5803100
2023-10-30T13:00:00Z,11.3,11.37,11.22,11.29,4407000
2023-10-30T14:00:00Z,11.29,11.3,11.11,11.21,7827300
2023-10-30T15:00:00Z,11.21,11.25,11.05,11.16,4201800
2023-10-30T16:00:00Z,11.16,11.2,11.09,11.15,4135400
2023-10-30T17:00:00Z,11.15,11.17,11.1,11.13,1688100
2023-10-30T18:00:00Z,11.13,11.15,11.08,11.1,4128900
2023-10-30T19:00:00Z,11.1,11.13,11.04,11.09,10082800
2023-10-31T13:00:00Z,11.1,11.2,11.02,11.16,6411700
2023-10-31T14:00:00Z,11.17,11.29,11.14,11.19,4159100
2023-10-31T15:00:00Z,11.19,11.23,11.15,11.22,2443800
2023-10-31T16:00:00Z,11.22,11.22,11.13,11.13,8276900
2023-10-31T17:00:00Z,11.13,11.16,11.07,11.11,3455900
2023-10-31T18:00:00Z,11.12,11.14,11.06,11.12,3401800
2023-10-31T19:00:00Z,11.13,11.16,11.1,11.15,4035900
2023-11-01T13:00:00Z,11.14,11.45,11.13,11.4,5666000
2023-11-01T14:00:00Z,11.41,11.48,11.38,11.43,5294900
2023-11-01T15:00:00Z,11.42,11.45,11.36,11.39,2864600
2023-11-01T16:00:00Z,11.4,11.48,11.37,11.47,2380200
2023-11-01T17:00:00Z,11.47,11.55,11.43,11.53,3244300
2023-11-01T18:00:00Z,11.53,11.65,11.5,11.58,8958200
2023-11-01T19:00:00Z,11.59,11.6,11.48,11.56,7281200
2023-11-03T13:00:00Z,11.85,12.05,11.83,12.02,12199200
2023-11-03T14:00:00Z,12.02,12.08,11.9,11.94,13956600
2023-11-03T15:00:00Z,11.95,12.04,11.93,12.03,5440300
2023-11-03T16:00:00Z,12.03,12.18,12.02,12.16,5397600
2023-11-03T17:00:00Z,12.16,12.22,12.15,12.2,6898800
2023-11-03T18:00:00Z,12.19,12.31,12.19,12.28,7280700
2023-11-03T19:00:00Z,12.27,12.29,12.2,12.23,8840200
2023-11-06T13:00:00Z,12.33,12.34,12.17,12.31,2864000
2023-11-06T14:00:00Z,12.32,12.32,12.07,12.09,6280400
2023-11-06T15:00:00Z,12.09,12.24,12.05,12.23,3790500
2023-11-06T16:00:00Z,12.23,12.23,12.11,12.13,1777300
2023-11-06T17:00:00Z,12.14,12.16,12.11,12.14,1781300
2023-11-06T18:00:00Z,12.15,12.16,12.09,12.13,3115800
2023-11-06T19:00:00Z,12.13,12.21,12.11,12.2,4231400
2023-11-06T20:00:00Z,12.2,12.29,12.18,12.24,6728100
2023-11-07T13:00:00Z,12.28,12.31,12.17,12.29,3637200
2023-11-07T14:00:00Z,12.3,12.53,12.28,12.51,4534500
2023-11-07T15:00:00Z,12.51,12.57,12.45,12.55,3873800
2023-11-07T16:00:00Z,12.56,12.67,12.5,12.62,6153800
2023-11-07T17:00:00Z,12.63,12.66,12.55,12.62,5117400
2023-11-07T18:00:00Z,12.61,12.68,12.61,12.64,6081600
2023-11-07T19:00:00Z,12.65,12.66,12.51,12.52,7209400
2023-11-07T20:00:00Z,12.52,12.54,12.4,12.41,8518000
2023-11-08T13:00:00Z,12.58,12.6,12.36,12.45,1546800
2023-11-08T14:00:00Z,12.45,12.63,12.38,12.4,3722300
2023-11-08T15:00:00Z,12.4,12.44,12.31,12.37,4081300
2023-11-08T16:00:00Z,12.38,12.49,12.37,12.39,3367100
2023-11-08T17:00:00Z,12.39,12.41,12.35,12.39,2031200
2023-11-08T18:00:00Z,12.39,12.51,12.38,12.49,5428700
2023-11-08T19:00:00Z,12.49,12.5,12.4,12.45,2117700
2023-11-08T20:00:00Z,12.45,12.51,12.42,12.47,3554600
2023-11-09T13:00:00Z,12.59,12.62,12.45,12.49,2444100
2023-11-09T14:00:00Z,12.49,12.62,12.46,12.61,2381300
2023-11-09T15:00:00Z,12.61,12.69,12.55,12.61,2524400
2023-11-09T16:00:00Z,12.61,12.67,12.58,12.6,2027100
2023-11-09T17:00:00Z,12.6,12.61,12.48,12.54,2559400
2023-11-09T18:00:00Z,12.54,12.55,12.34,12.46,4295100
2023-11-09T19:00:00Z,12.45,12.46,12.28,12.33,3133600
2023-11-09T20:00:00Z,12.33,12.47,12.28,12.43,3736600
2023-11-10T13:00:00Z,12.36,12.68,12.34,12.65,5876700
2023-11-10T14:00:00Z,12.65,12.8,12.63,12.72,5155200
2023-11-10T15:00:00Z,12.72,12.85,12.66,12.83,3419100
2023-11-10T16:00:00Z,12.85,12.9,12.79,12.86,3906800
2023-11-10T17:00:00Z,12.86,12.94,12.83,12.89,4888900
2023-11-10T18:00:00Z,12.89,12.93,12.84,12.91,2743800
2023-11-10T19:00:00Z,12.9,12.97,12.9,12.93,2748800
2023-11-10T20:00:00Z,12.93,12.99,12.87,12.91,4718200
2023-11-13T13:00:00Z,12.55,12.57,12.28,12.45,10875500
2023-11-13T14:00:00Z,12.45,12.51,12.36,12.44,5616200
2023-11-13T15:00:00Z,12.43,12.51,12.4,12.46,4903700
2023-11-13T16:00:00Z,12.46,12.47,12.39,12.42,3379500
2023-11-13T17:00:00Z,12.43,12.47,12.4,12.45,2164300
2023-11-13T18:00:00Z,12.45,12.49,12.43,12.45,2650800
2023-11-13T19:00:00Z,12.44,12.48,12.44,12.45,2915700
2023-11-13T20:00:00Z,12.45,12.51,12.44,12.49,4508300
2023-11-14T13:00:00Z,12.5,12.87,12.36,12.8,9693600
2023-11-14T14:00:00Z,12.8,12.97,12.74,12.86,5187600
2023-11-14T15:00:00Z,12.86,12.88,12.68,12.74,3309400
2023-11-14T16:00:00Z,12.74,12.8,12.62,12.63,5141700
2023-11-14T17:00:00Z,12.64,12.7,12.59,12.68,4569200
2023-11-14T18:00:00Z,12.69,12.74,12.67,12.69,3539000
2023-11-14T19:00:00Z,12.69,12.7,12.55,12.64,4507100
2023-11-14T20:00:00Z,12.64,12.69,12.63,12.68,5151800
2023-11-16T13:00:00Z,12.66,12.84,12.57,12.83,4238900
2023-11-16T14:00:00Z,12.81,12.93,12.77,12.91,4757700
2023-11-16T15:00:00Z,12.91,13.03,12.87,12.97,5180100
2023-11-16T16:00:00Z,12.97,12.97,12.83,12.91,3941700
2023-11-16T17:00:00Z,12.92,12.98,12.91,12.94,4031700
2023-11-16T18:00:00Z,12.94,12.97,12.89,12.94,3968400
2023-11-16T19:00:00Z,12.93,12.96,12.89,12.92,3953300
2023-11-16T20:00:00Z,12.91,12.92,12.85,12.9,4716900
2023-11-17T13:00:00Z,13,13.03,12.85,12.89,5667100
2023-11-17T14:00:00Z,12.89,12.91,12.75,12.83,2640000
2023-11-17T15:00:00Z,12.82,12.9,12.81,12.85,5829400
2023-11-17T16:00:00Z,12.85,12.94,12.82,12.86,2854600
2023-11-17T17:00:00Z,12.86,12.96,12.85,12.91,7542400
2023-11-17T18:00:00Z,12.91,12.97,12.9,12.91,3250900
2023-11-17T19:00:00Z,12.91,12.95,12.88,12.89,3485900
2023-11-17T20:00:00Z,12.89,12.91,12.79,12.8,6297600
2023-11-20T13:00:00Z,12.83,12.94,12.78,12.94,1440900
2023-11-20T14:00:00Z,12.94,13.04,12.88,13.02,2534600
2023-11-20T15:00:00Z,13.02,13.05,12.98,13.03,1763700
2023-11-20T16:00:00Z,13.03,13.07,13.02,13.02,1360600
2023-11-20T17:00:00Z,13.03,13.17,13.02,13.15,3387300
2023-11-20T18:00:00Z,13.14,13.22,13.14,13.2,2727300
2023-11-20T19:00:00Z,13.2,13.2,13.13,13.15,4777100
2023-11-20T20:00:00Z,13.15,13.15,13.08,13.11,3399500
2023-11-21T13:00:00Z,13.02,13.1,12.85,13.01,2014900
2023-11-21T14:00:00Z,13.01,13.04,12.93,13.02,2619000
2023-11-21T15:00:00Z,13.01,13.07,12.95,12.97,2164100
2023-11-21T16:00:00Z,12.97,13.01,12.93,12.96,1887200
2023-11-21T17:00:00Z,12.95,13.02,12.89,12.95,4402800
2023-11-21T18:00:00Z,12.95,12.96,12.8,12.81,3820900
2023-11-21T19:00:00Z,12.81,12.87,12.8,12.87,2181500
2023-11-21T20:00:00Z,12.87,12.9,12.83,12.87,3771700
2023-11-22T13:00:00Z,13.1,13.27,13.03,13.17,5262800
2023-11-22T14:00:00Z,13.18,13.29,13.13,13.2,5316300
2023-11-22T15:00:00Z,13.19,13.22,13.11,13.13,2575000
2023-11-22T16:00:00Z,13.13,13.23,13.12,13.17,2921400
2023-11-22T17:00:00Z,13.17,13.17,12.97,13.04,2844000
2023-11-22T18:00:00Z,13.04,13.12,13.02,13.08,1882100
2023-11-22T19:00:00Z,13.08,13.1,12.97,13.01,2057700
2023-11-22T20:00:00Z,13.01,13.05,12.96,12.99,4760200
2023-11-23T13:00:00Z,13.07,13.18,13.01,13.11,1304700
2023-11-23T14:00:00Z,13.12,13.23,13.12,13.2,1427500
2023-11-23T15:00:00Z,13.21,13.22,13.16,13.18,681800
2023-11-23T16:00:00Z,13.19,13.19,13.14,13.17,363500
2023-11-23T17:00:00Z,13.16,13.17,13.12,13.16,262900
2023-11-23T18:00:00Z,13.15,13.2,13.14,13.15,593700
2023-11-23T19:00:00Z,13.14,13.21,13.13,13.17,1116400
2023-11-23T20:00:00Z,13.17,13.19,13.13,13.15,1107600
2023-11-24T13:00:00Z,13.15,13.15,12.98,13.05,2057800
2023-11-24T14:00:00Z,13.05,13.07,12.98,13.07,1615500
2023-11-24T15:00:00Z,13.07,13.08,13.03,13.05,937100
2023-11-24T16:00:00Z,13.05,13.05,12.98,13,2211400
2023-11-24T17:00:00Z,12.99,13.01,12.85,12.88,4317700
2023-11-24T18:00:00Z,12.87,12.95,12.85,12.88,2501300
2023-11-24T19:00:00Z,12.89,12.95,12.85,12.94,3340700
2023-11-24T20:00:00Z,12.94,12.96,12.9,12.9,1906500
2023-11-27T13:00:00Z,12.99,13.06,12.83,12.86,4611800
2023-11-27T14:00:00Z,12.86,12.86,12.68,12.79,3980400
2023-11-27T15:00:00Z,12.79,12.83,12.73,12.76,2694500
2023-11-27T16:00:00Z,12.75,12.8,12.72,12.79,1788400
2023-11-27T17:00:00Z,12.79,12.84,12.74,12.81,3368900
2023-11-27T18:00:00Z,12.82,12.88,12.8,12.85,2600000
2023-11-27T19:00:00Z,12.85,12.88,12.82,12.85,2615700
2023-11-27T20:00:00Z,12.85,12.95,12.84,12.89,2450000
2023-11-28T13:00:00Z,12.89,13.12,12.85,13.05,2560100
2023-11-28T14:00:00Z,13.05,13.17,12.98,13.13,4705500
2023-11-28T15:00:00Z,13.13,13.25,13.13,13.23,3409400
2023-11-28T16:00:00Z,13.24,13.32,13.21,13.32,3121700
2023-11-28T17:00:00Z,13.32,13.42,13.3,13.38,7138700
2023-11-28T18:00:00Z,13.38,13.42,13.31,13.32,3852200
2023-11-28T19:00:00Z,13.31,13.38,13.28,13.33,3450000
2023-11-28T20:00:00Z,13.32,13.33,13.26,13.26,3549500
2023-11-29T13:00:00Z,13.36,13.45,13.19,13.2,32974700
2023-11-29T14:00:00Z,13.22,13.37,13.2,13.35,2845200
2023-11-29T15:00:00Z,13.36,13.43,13.31,13.43,3021100
2023-11-29T16:00:00Z,13.42,13.43,13.34,13.41,2262300
2023-11-29T17:00:00Z,13.41,13.42,13.3,13.32,2657100
2023-11-29T18:00:00Z,13.31,13.36,13.26,13.32,2053400
2023-11-29T19:00:00Z,13.33,13.35,13.2,13.26,4214800
2023-11-29T20:00:00Z,13.26,13.27,13.21,13.22,2946100
2023-11-30T13:00:00Z,13.39,13.39,13.19,13.26,5444700
2023-11-30T14:00:00Z,13.26,13.27,13.07,13.16,4788000
2023-11-30T15:00:00Z,13.17,13.17,13.07,13.12,4369600
2023-11-30T16:00:00Z,13.12,13.24,13.11,13.24,2449900
2023-11-30T17:00:00Z,13.24,13.33,13.22,13.33,3429700
2023-11-30T18:00:00Z,13.33,13.36,13.31,13.35,3067000
2023-11-30T19:00:00Z,13.35,13.45,13.34,13.4,2899800
2023-11-30T20:00:00Z,13.4,13.45,13.38,13.38,3462800
2023-12-01T13:00:00Z,13.33,13.4,13.23,13.24,1229700
2023-12-01T14:00:00Z,13.24,13.33,13.18,13.29,2999700
2023-12-01T15:00:00Z,13.3,13.43,13.27,13.37,2478400
2023-12-01T16:00:00Z,13.37,13.55,13.32,13.48,4442900
2023-12-01T17:00:00Z,13.48,13.51,13.43,13.47,2757800
2023-12-01T18:00:00Z,13.46,13.55,13.44,13.52,5485300
2023-12-01T19:00:00Z,13.52,13.56,13.49,13.52,2311000
2023-12-01T20:00:00Z,13.52,13.55,13.46,13.47,3587000
2023-12-04T13:00:00Z,13.45,13.55,13.41,13.52,2138200
2023-12-04T14:00:00Z,13.51,13.64,13.5,13.51,3631000
2023-12-04T15:00:00Z,13.5,13.53,13.4,13.43,8768400
2023-12-04T16:00:00Z,13.43,13.54,13.43,13.54,3398900
2023-12-04T17:00:00Z,13.53,13.54,13.48,13.53,2724200
2023-12-04T18:00:00Z,13.52,13.59,13.48,13.54,3461700
2023-12-04T19:00:00Z,13.54,13.57,13.49,13.57,4306800
2023-12-04T20:00:00Z,13.57,13.58,13.46,13.49,15073200
2023-12-05T13:00:00Z,13.25,13.51,13.25,13.42,12965900
2023-12-05T14:00:00Z,13.41,13.43,13.34,13.4,2995100
2023-12-05T15:00:00Z,13.4,13.51,13.35,13.42,5935700
2023-12-05T16:00:00Z,13.41,13.44,13.37,13.42,2033700
2023-12-05T17:00:00Z,13.42,13.49,13.39,13.45,2088100
2023-12-05T18:00:00Z,13.46,13.54,13.43,13.47,2801800
2023-12-05T19:00:00Z,13.47,13.52,13.44,13.5,3565800
2023-12-05T20:00:00Z,13.51,13.53,13.4,13.47,4767200
2023-12-06T13:00:00Z,13.55,13.6,13.3,13.32,5522600
2023-12-06T14:00:00Z,13.31,13.36,13.27,13.28,4823400
2023-12-06T15:00:00Z,13.28,13.29,13.15,13.19,11735800
2023-12-06T16:00:00Z,13.19,13.26,13.17,13.23,4846000
2023-12-06T17:00:00Z,13.23,13.24,13.16,13.17,1493100
2023-12-06T18:00:00Z,13.17,13.28,13.17,13.26,1216800
2023-12-06T19:00:00Z,13.25,13.3,13.24,13.26,1077100
2023-12-06T20:00:00Z,13.26,13.3,13.25,13.27,2009800
2023-12-07T13:00:00Z,13.28,13.4,13.2,13.33,2991900
2023-12-07T14:00:00Z,13.34,13.38,13.28,13.28,876000
2023-12-07T15:00:00Z,13.28,13.33,13.2,13.21,3748000
2023-12-07T16:00:00Z,13.22,13.25,13.16,13.23,1411600
2023-12-07T17:00:00Z,13.24,13.25,13.2,13.24,1351500
2023-12-07T18:00:00Z,13.24,13.28,13.2,13.22,1202100
2023-12-07T19:00:00Z,13.22,13.24,13.2,13.22,909700
2023-12-07T20:00:00Z,13.21,13.28,13.21,13.23,3187900
2023-12-08T13:00:00Z,13.29,13.35,13.17,13.3,3578500
2023-12-08T14:00:00Z,13.29,13.54,13.27,13.45,6966000
2023-12-08T15:00:00Z,13.45,13.54,13.44,13.48,2223500
2023-12-08T16:00:00Z,13.49,13.49,13.37,13.44,1854600
2023-12-08T17:00:00Z,13.42,13.44,13.31,13.37,3103600
2023-12-08T18:00:00Z,13.38,13.39,13.34,13.38,1641800
2023-12-08T19:00:00Z,13.37,13.62,13.37,13.59,3224100
2023-12-08T20:00:00Z,13.61,13.72,13.56,13.63,5060400
2023-12-11T13:00:00Z,13.5,13.68,13.48,13.67,4229000
2023-12-11T14:00:00Z,13.67,13.73,13.56,13.7,2225400
2023-12-11T15:00:00Z,13.69,13.8,13.64,13.78,3552900
2023-12-11T16:00:00Z,13.79,13.88,13.77,13.81,3517100
2023-12-11T17:00:00Z,13.81,13.87,13.75,13.83,6417400
2023-12-11T18:00:00Z,13.82,13.92,13.81,13.9,6742300
2023-12-11T19:00:00Z,13.89,13.92,13.76,13.89,6142000
2023-12-11T20:00:00Z,13.9,13.93,13.87,13.92,4057000
2023-12-12T13:00:00Z,14,14,13.88,13.91,6003800
2023-12-12T14:00:00Z,13.91,13.94,13.8,13.84,7176300
2023-12-12T15:00:00Z,13.84,13.9,13.84,13.87,3626400
2023-12-12T16:00:00Z,13.86,13.89,13.81,13.85,3724300
2023-12-12T17:00:00Z,13.85,13.85,13.8,13.8,3071200
2023-12-12T18:00:00Z,13.8,13.87,13.8,13.87,3887900
2023-12-12T19:00:00Z,13.87,13.94,13.85,13.87,4421900
2023-12-12T20:00:00Z,13.87,13.9,13.82,13.83,10483700
2023-12-13T13:00:00Z,13.79,14,13.67,14,4260800
2023-12-13T14:00:00Z,14,14.01,13.78,13.81,4385800
2023-12-13T15:00:00Z,13.8,13.81,13.64,13.71,6631800
2023-12-13T16:00:00Z,13.72,13.73,13.65,13.7,4204300
2023-12-13T17:00:00Z,13.7,13.73,13.61,13.69,4479700
2023-12-13T18:00:00Z,13.69,13.96,13.66,13.86,6467500
2023-12-13T19:00:00Z,13.86,14.31,13.85,14.31,15153800
2023-12-13T20:00:00Z,14.31,14.56,14.3,14.44,13387200
2023-12-14T13:00:00Z,14.6,14.91,14.55,14.87,7690700
2023-12-14T14:00:00Z,14.86,15.13,14.77,14.96,16245700
2023-12-14T15:00:00Z,14.96,15.03,14.86,14.87,8355400
2023-12-14T16:00:00Z,14.87,14.88,14.72,14.83,6473000
2023-12-14T17:00:00Z,14.83,14.9,14.74,14.78,6720100
2023-12-14T18:00:00Z,14.77,14.78,14.59,14.61,5439200
2023-12-14T19:00:00Z,14.62,14.67,14.58,14.6,6065200
2023-12-14T20:00:00Z,14.59,14.8,14.58,14.75,7170300
2023-12-15T13:00:00Z,14.9,14.95,14.6,14.71,14900200
2023-12-15T14:00:00Z,14.7,14.85,14.61,14.62,5650300
2023-12-15T15:00:00Z,14.62,14.66,14.5,14.6,4990200
2023-12-15T16:00:00Z,14.59,14.64,14.53,14.55,8527000
2023-12-15T17:00:00Z,14.56,14.64,14.52,14.58,2364200
2023-12-15T18:00:00Z,14.57,14.67,14.56,14.64,2577800
2023-12-15T19:00:00Z,14.63,14.65,14.54,14.62,2117800
2023-12-15T20:00:00Z,14.62,14.7,14.6,14.7,2296600
2023-12-18T13:00:00Z,14.66,14.8,14.61,14.72,1529300
2023-12-18T14:00:00Z,14.72,14.77,14.62,14.66,1812300
2023-12-18T15:00:00Z,14.66,14.71,14.63,14.7,5085500
2023-12-18T16:00:00Z,14.69,14.74,14.67,14.72,2130100
2023-12-18T17:00:00Z,14.72,14.92,14.72,14.9,2586200
2023-12-18T18:00:00Z,14.9,14.95,14.87,14.9,1896800
2023-12-18T19:00:00Z,14.89,14.91,14.88,14.9,1597300
2023-12-18T20:00:00Z,14.9,14.91,14.78,14.79,2996900
2023-12-19T13:00:00Z,14.75,14.91,14.75,14.87,1921100
2023-12-19T14:00:00Z,14.86,14.89,14.79,14.84,2780300
2023-12-19T15:00:00Z,14.85,14.85,14.72,14.72,2472100
2023-12-19T16:00:00Z,14.72,14.77,14.65,14.68,1863200
2023-12-19T17:00:00Z,14.67,14.69,14.62,14.65,2366300
2023-12-19T18:00:00Z,14.64,14.66,14.52,14.6,8882900
2023-12-19T19:00:00Z,14.6,14.65,14.58,14.62,2378800
2023-12-19T20:00:00Z,14.62,14.63,14.56,14.59,3462300
2023-12-20T13:00:00Z,14.51,14.65,14.39,14.57,5316600
2023-12-20T14:00:00Z,14.56,14.57,14.42,14.49,4973900
2023-12-20T15:00:00Z,14.49,14.51,14.42,14.47,1718000
2023-12-20T16:00:00Z,14.48,14.51,14.44,14.47,1443000
2023-12-20T17:00:00Z,14.46,14.51,14.37,14.45,2655600
2023-12-20T18:00:00Z,14.46,14.46,14.3,14.32,2007500
2023-12-20T19:00:00Z,14.33,14.38,14.19,14.23,3033900
2023-12-20T20:00:00Z,14.23,14.25,14.16,14.16,6179400
2023-12-21T13:00:00Z,14.48,14.48,14.35,14.41,2254800
2023-12-21T14:00:00Z,14.41,14.51,14.36,14.43,7281600
2023-12-21T15:00:00Z,14.43,14.46,14.38,14.45,1893700
2023-12-21T16:00:00Z,14.45,14.57,14.43,14.47,4211900
2023-12-21T17:00:00Z,14.46,14.48,14.35,14.38,2517200
2023-12-21T18:00:00Z,14.38,14.41,14.3,14.4,1844500
2023-12-21T19:00:00Z,14.41,14.42,14.35,14.42,2148600
2023-12-21T20:00:00Z,14.41,14.48,14.4,14.41,4597000
2023-12-22T13:00:00Z,14.49,14.51,14.38,14.43,2543500
2023-12-22T14:00:00Z,14.43,14.49,14.4,14.46,7773000
2023-12-22T15:00:00Z,14.46,14.59,14.42,14.59,5746800
2023-12-22T16:00:00Z,14.59,14.61,14.52,14.57,1989700
2023-12-22T17:00:00Z,14.57,14.65,14.56,14.61,1430600
2023-12-22T18:00:00Z,14.6,14.61,14.54,14.56,1469900
2023-12-22T19:00:00Z,14.57,14.58,14.52,14.55,1336700
2023-12-22T20:00:00Z,14.56,14.58,14.46,14.46,2374300
2023-12-26T13:00:00Z,14.58,14.68,14.52,14.63,961900
2023-12-26T14:00:00Z,14.63,14.68,14.59,14.68,783300
2023-12-26T15:00:00Z,14.68,14.74,14.66,14.71,1725400
2023-12-26T16:00:00Z,14.7,14.73,14.69,14.73,1076100
2023-12-26T17:00:00Z,14.72,14.74,14.67,14.68,936200
2023-12-26T18:00:00Z,14.67,14.72,14.66,14.66,1537800
2023-12-26T19:00:00Z,14.66,14.7,14.64,14.68,1279900
2023-12-26T20:00:00Z,14.68,14.7,14.67,14.68,1089200
2023-12-27T13:00:00Z,14.61,14.68,14.53,14.66,1010500
2023-12-27T14:00:00Z,14.65,14.69,14.59,14.61,614700
2023-12-27T15:00:00Z,14.61,14.71,14.6,14.7,924200
2023-12-27T16:00:00Z,14.7,14.73,14.65,14.65,899800
2023-12-27T17:00:00Z,14.65,14.67,14.59,14.64,3689500
2023-12-27T18:00:00Z,14.64,14.66,14.54,14.56,2580000
2023-12-27T19:00:00Z,14.56,14.56,14.47,14.53,2574700
2023-12-27T20:00:00Z,14.53,14.57,14.49,14.55,2439700
2023-12-28T13:00:00Z,14.52,14.63,14.45,14.55,970800
2023-12-28T14:00:00Z,14.55,14.63,14.5,14.58,1360000
2023-12-28T15:00:00Z,14.57,14.67,14.54,14.63,2630600
2023-12-28T16:00:00Z,14.62,14.64,14.53,14.53,1091300
2023-12-28T17:00:00Z,14.53,14.57,14.52,14.56,1647000
2023-12-28T18:00:00Z,14.56,14.56,14.46,14.48,2552400
2023-12-28T19:00:00Z,14.47,14.54,14.47,14.53,1634900
2023-12-28T20:00:00Z,14.52,14.55,14.48,14.5,2374800
2024-01-02T13:00:00Z,14.31,14.4,14.12,14.22,5043000
2024-01-02T14:00:00Z,14.22,14.28,14.18,14.21,2916000
2024-01-02T15:00:00Z,14.2,14.22,14.1,14.1,3453400
2024-01-02T16:00:00Z,14.1,14.18,14.09,14.15,2345500
2024-01-02T17:00:00Z,14.16,14.19,14.11,14.12,2311500
2024-01-02T18:00:00Z,14.12,14.13,14.04,14.06,3693300
2024-01-02T19:00:00Z,14.05,14.08,14.02,14.05,3545400
2024-01-02T20:00:00Z,14.06,14.17,14.05,14.17,3771000
2024-01-03T13:00:00Z,14.18,14.26,13.98,14,12272200
2024-01-03T14:00:00Z,14.01,14.21,14,14.12,6972100
2024-01-03T15:00:00Z,14.11,14.2,14.09,14.09,4706100
2024-01-03T16:00:00Z,14.11,14.14,14.08,14.14,4319600
2024-01-03T17:00:00Z,14.13,14.25,14.11,14.22,2651500
2024-01-03T18:00:00Z,14.21,14.28,14.15,14.16,1717300
2024-01-03T19:00:00Z,14.17,14.22,14.08,14.08,4784300
2024-01-03T20:00:00Z,14.08,14.18,14.07,14.18,3069900
2024-01-04T13:00:00Z,14.11,14.12,13.9,13.95,10129500
2024-01-04T14:00:00Z,13.95,13.98,13.72,13.78,7488100
2024-01-04T15:00:00Z,13.78,13.85,13.78,13.8,2217800
2024-01-04T16:00:00Z,13.81,13.88,13.74,13.81,3508600
2024-01-04T17:00:00Z,13.8,13.85,13.73,13.75,5634400
2024-01-04T18:00:00Z,13.75,13.82,13.74,13.77,1852400
2024-01-04T19:00:00Z,13.77,13.78,13.68,13.75,3421100
2024-01-04T20:00:00Z,13.76,13.77,13.67,13.72,4036700
2024-01-05T13:00:00Z,13.67,13.89,13.64,13.87,12820900
2024-01-05T14:00:00Z,13.88,13.93,13.77,13.91,8654700
2024-01-05T15:00:00Z,13.92,14.07,13.91,13.95,3477600
2024-01-05T16:00:00Z,13.95,14,13.91,13.96,2134200
2024-01-05T17:00:00Z,13.96,13.99,13.93,13.96,1926000
2024-01-05T18:00:00Z,13.97,14.01,13.93,13.98,2187300
2024-01-05T19:00:00Z,13.98,13.99,13.89,13.93,2295700
2024-01-05T20:00:00Z,13.93,14.02,13.91,13.99,3754600
2024-01-08T13:00:00Z,13.86,14.04,13.85,14,2820400
2024-01-08T14:00:00Z,14.01,14.17,13.99,14.16,2546700
2024-01-08T15:00:00Z,14.17,14.29,14.16,14.25,4040700
2024-01-08T16:00:00Z,14.26,14.29,14.19,14.22,3245800
2024-01-08T17:00:00Z,14.22,14.26,14.2,14.23,2318800
2024-01-08T18:00:00Z,14.24,14.26,14.18,14.21,2900700
2024-01-08T19:00:00Z,14.22,14.28,14.17,14.22,3585100
2024-01-08T20:00:00Z,14.22,14.31,14.21,14.29,3751200
2024-01-09T13:00:00Z,14.07,14.14,14.03,14.09,4273800
2024-01-09T14:00:00Z,14.09,14.1,13.94,13.98,3020500
2024-01-09T15:00:00Z,13.98,13.99,13.93,13.97,3205700
2024-01-09T16:00:00Z,13.96,13.99,13.94,13.97,1614200
2024-01-09T17:00:00Z,13.97,14.11,13.96,14.05,7370900
2024-01-09T18:00:00Z,14.05,14.1,13.99,14.02,1704900
2024-01-09T19:00:00Z,14.03,14.05,14,14.03,2445600
2024-01-09T20:00:00Z,14.03,14.08,14,14.06,2129200
2024-01-10T13:00:00Z,14.05,14.18,13.96,13.98,3736800
2024-01-10T14:00:00Z,13.98,14.04,13.95,14,4431600
2024-01-10T15:00:00Z,14,14.05,13.98,14.04,1999100
2024-01-10T16:00:00Z,14.03,14.05,13.99,14,1382400
2024-01-10T17:00:00Z,13.99,14,13.96,14,956400
2024-01-10T18:00:00Z,13.99,14,13.92,13.95,1374100
2024-01-10T19:00:00Z,13.94,14.01,13.94,14.01,1801800
2024-01-10T20:00:00Z,14,14.02,13.9,13.94,2554400
2024-01-11T13:00:00Z,13.94,13.99,13.77,13.8,3209500
2024-01-11T14:00:00Z,13.8,13.92,13.77,13.81,4200200
2024-01-11T15:00:00Z,13.81,13.86,13.66,13.82,4647000
2024-01-11T16:00:00Z,13.82,13.86,13.76,13.82,957500
2024-01-11T17:00:00Z,13.83,13.87,13.81,13.85,883600
2024-01-11T18:00:00Z,13.85,13.96,13.83,13.93,1494500
2024-01-11T19:00:00Z,13.93,14,13.93,13.98,2546800
2024-01-11T20:00:00Z,13.99,14.05,13.95,14,3346300
2024-01-12T13:00:00Z,14,14.17,13.96,14.13,1791500
2024-01-12T14:00:00Z,14.14,14.24,14.11,14.13,2477700
2024-01-12T15:00:00Z,14.14,14.15,14.02,14.08,2016900
2024-01-12T16:00:00Z,14.08,14.11,14.01,14.05,2425900
2024-01-12T17:00:00Z,14.05,14.09,14.02,14.07,2540700
2024-01-12T18:00:00Z,14.07,14.1,14.05,14.08,3226900
2024-01-12T19:00:00Z,14.08,14.09,14.05,14.07,1093600
2024-01-12T20:00:00Z,14.06,14.09,14.04,14.07,5071000
2024-01-15T13:00:00Z,14.1,14.12,13.99,14.1,2117300
2024-01-15T14:00:00Z,14.09,14.11,14.04,14.1,1530400
2024-01-15T15:00:00Z,14.09,14.11,14.05,14.09,1361900
2024-01-15T16:00:00Z,14.08,14.12,14.07,14.1,849900
2024-01-15T17:00:00Z,14.1,14.14,14.08,14.12,3126400
2024-01-15T18:00:00Z,14.11,14.13,14.07,14.07,943000
2024-01-15T19:00:00Z,14.07,14.15,14.07,14.1,856800
2024-01-15T20:00:00Z,14.11,14.14,14.07,14.12,2121500
2024-01-16T13:00:00Z,14,14.15,13.99,14.09,2509000
2024-01-16T14:00:00Z,14.08,14.17,14.05,14.07,4614600
2024-01-16T15:00:00Z,14.08,14.15,14.03,14.1,4018500
2024-01-16T16:00:00Z,14.11,14.13,14.02,14.08,3095600
2024-01-16T17:00:00Z,14.08,14.08,14,14.03,4418600
2024-01-16T18:00:00Z,14.03,14.05,13.97,14,3502600
2024-01-16T19:00:00Z,14,14.01,13.94,13.97,4568000
2024-01-16T20:00:00Z,13.97,14.01,13.9,14.01,5776200
2024-01-17T13:00:00Z,13.97,14,13.79,13.82,2898600
2024-01-17T14:00:00Z,13.82,13.83,13.74,13.8,3938400
2024-01-17T15:00:00Z,13.8,13.81,13.71,13.73,3593800
2024-01-17T16:00:00Z,13.72,13.81,13.72,13.8,2609600
2024-01-17T17:00:00Z,13.8,13.81,13.73,13.8,1675400
2024-01-17T18:00:00Z,13.8,13.83,13.75,13.79,1913200
2024-01-17T19:00:00Z,13.79,13.83,13.75,13.76,2224800
2024-01-17T20:00:00Z,13.77,13.8,13.75,13.78,2391800
2024-01-18T13:00:00Z,13.87,13.89,13.73,13.75,2136900
2024-01-18T14:00:00Z,13.75,13.81,13.72,13.75,3213700
2024-01-18T15:00:00Z,13.75,13.78,13.7,13.78,4585100
2024-01-18T16:00:00Z,13.77,13.91,13.76,13.89,2877700
2024-01-18T17:00:00Z,13.9,13.91,13.84,13.88,2538400
2024-01-18T18:00:00Z,13.88,13.94,13.78,13.81,4500900
2024-01-18T19:00:00Z,13.8,13.89,13.8,13.87,3479200
2024-01-18T20:00:00Z,13.86,13.91,13.84,13.89,2780300
2024-01-19T13:00:00Z,13.85,13.96,13.8,13.83,3605300
2024-01-19T14:00:00Z,13.83,13.83,13.61,13.63,7922500
2024-01-19T15:00:00Z,13.63,13.69,13.56,13.58,5953300
2024-01-19T16:00:00Z,13.58,13.63,13.54,13.59,1970900
2024-01-19T17:00:00Z,13.59,13.72,13.57,13.66,2123700
2024-01-19T18:00:00Z,13.66,13.78,13.66,13.7,3325500
2024-01-19T19:00:00Z,13.7,13.72,13.66,13.71,2574800
2024-01-19T20:00:00Z,13.71,13.87,13.7,13.75,4666800
2024-01-22T13:00:00Z,13.79,13.85,13.66,13.76,1508100
2024-01-22T14:00:00Z,13.76,13.81,13.64,13.79,1263800
2024-01-22T15:00:00Z,13.8,13.84,13.73,13.73,1752700
2024-01-22T16:00:00Z,13.74,13.74,13.61,13.65,1688100
2024-01-22T17:00:00Z,13.65,13.66,13.6,13.61,949900
2024-01-22T18:00:00Z,13.61,13.61,13.44,13.46,4165400
2024-01-22T19:00:00Z,13.45,13.47,13.37,13.46,5138900
2024-01-22T20:00:00Z,13.47,13.56,13.46,13.51,3278200
2024-01-23T13:00:00Z,13.58,13.65,13.5,13.61,3975700
2024-01-23T14:00:00Z,13.61,13.67,13.51,13.53,2701200
2024-01-23T15:00:00Z,13.53,13.6,13.51,13.55,1994600
2024-01-23T16:00:00Z,13.56,13.63,13.54,13.6,2139800
2024-01-23T17:00:00Z,13.59,13.69,13.59,13.69,2511400
2024-01-23T18:00:00Z,13.68,13.78,13.66,13.74,7386000
2024-01-23T19:00:00Z,13.73,13.81,13.7,13.79,2961400
2024-01-23T20:00:00Z,13.79,13.82,13.75,13.78,3374900
2024-01-24T13:00:00Z,13.93,14.04,13.78,13.8,3289300
2024-01-24T14:00:00Z,13.8,13.86,13.7,13.73,2253500
2024-01-24T15:00:00Z,13.72,13.77,13.65,13.73,2136000
2024-01-24T16:00:00Z,13.73,13.74,13.67,13.69,1390200
2024-01-24T17:00:00Z,13.69,13.78,13.63,13.77,2056400
2024-01-24T18:00:00Z,13.76,13.8,13.7,13.74,2898100
2024-01-24T19:00:00Z,13.74,13.75,13.63,13.68,2253300
2024-01-24T20:00:00Z,13.69,13.71,13.63,13.66,1662200
2024-01-25T13:00:00Z,13.63,13.75,13.58,13.69,2458200
2024-01-25T14:00:00Z,13.68,13.7,13.56,13.63,3544000
2024-01-25T15:00:00Z,13.62,13.66,13.52,13.59,3274800
2024-01-25T16:00:00Z,13.6,13.6,13.54,13.58,1838900
2024-01-25T17:00:00Z,13.58,13.65,13.56,13.59,2678200
2024-01-25T18:00:00Z,13.6,13.62,13.55,13.55,2019300
2024-01-25T19:00:00Z,13.55,13.61,13.5,13.52,2972800
2024-01-25T20:00:00Z,13.52,13.53,13.42,13.45,2858100
2024-01-26T13:00:00Z,13.24,13.38,13.19,13.3,5384600
2024-01-26T14:00:00Z,13.3,13.42,13.18,13.3,10454800
2024-01-26T15:00:00Z,13.3,13.32,13.21,13.26,3229800
2024-01-26T16:00:00Z,13.26,13.35,13.24,13.34,2418200
2024-01-26T17:00:00Z,13.33,13.35,13.21,13.22,2841300
2024-01-26T18:00:00Z,13.23,13.27,13.2,13.22,4153000
2024-01-26T19:00:00Z,13.22,13.24,13.19,13.22,2445900
2024-01-26T20:00:00Z,13.23,13.26,13.19,13.24,3519400
2024-01-29T13:00:00Z,13.25,13.32,13.2,13.28,2183800
2024-01-29T14:00:00Z,13.27,13.29,13.18,13.23,1614800
2024-01-29T15:00:00Z,13.22,13.23,13.14,13.16,2802800
2024-01-29T16:00:00Z,13.15,13.19,13.13,13.16,2232400
2024-01-29T17:00:00Z,13.16,13.17,13.12,13.17,1588000
2024-01-29T18:00:00Z,13.17,13.17,13.09,13.15,2767100
2024-01-29T19:00:00Z,13.14,13.18,13.13,13.17,1739500
2024-01-29T20:00:00Z,13.16,13.21,13.16,13.19,2487400
2024-01-30T13:00:00Z,13.26,13.26,12.98,13.05,2440400
2024-01-30T14:00:00Z,13.04,13.1,13.03,13.05,2511800
2024-01-30T15:00:00Z,13.06,13.06,12.93,12.98,3199900
2024-01-30T16:00:00Z,12.98,13.06,12.94,13.04,5139500
2024-01-30T17:00:00Z,13.04,13.06,12.98,13.01,3931700
2024-01-30T18:00:00Z,13.01,13.05,12.99,13.03,2985400
2024-01-30T19:00:00Z,13.03,13.11,13.03,13.07,3112300
2024-01-30T20:00:00Z,13.06,13.07,13.01,13.05,3390500
2024-01-31T13:00:00Z,13.02,13.26,13.02,13.19,2383200
2024-01-31T14:00:00Z,13.2,13.36,13.17,13.31,4737300
2024-01-31T15:00:00Z,13.3,13.32,13.14,13.21,3866000
2024-01-31T16:00:00Z,13.2,13.24,13.17,13.23,2376000
2024-01-31T17:00:00Z,13.22,13.26,13.22,13.23,1779300
2024-01-31T18:00:00Z,13.24,13.28,13.22,13.28,1998900
2024-01-31T19:00:00Z,13.27,13.35,13.17,13.23,4059700
2024-01-31T20:00:00Z,13.23,13.24,13.01,13.08,4864100
2024-02-01T13:00:00Z,13.11,13.18,12.99,13.02,3842700
2024-02-01T14:00:00Z,13.03,13.11,12.98,13.08,7595500
2024-02-01T15:00:00Z,13.08,13.13,13.02,13.09,4452100
2024-02-01T16:00:00Z,13.09,13.22,13.05,13.2,6390700
2024-02-01T17:00:00Z,13.21,13.28,13.19,13.25,6164600
2024-02-01T18:00:00Z,13.25,13.27,13.2,13.22,2113600
2024-02-01T19:00:00Z,13.21,13.26,13.19,13.21,2284300
2024-02-01T20:00:00Z,13.22,13.27,13.2,13.26,2891700
2024-02-02T13:00:00Z,13.26,13.37,13.05,13.08,6094900
2024-02-02T14:00:00Z,13.08,13.17,12.98,13.06,10449600
2024-02-02T15:00:00Z,13.06,13.16,13,13.02,9562300
2024-02-02T16:00:00Z,13.02,13.17,13,13.14,5529900
2024-02-02T17:00:00Z,13.13,13.14,13.04,13.08,6201100
2024-02-02T18:00:00Z,13.08,13.18,13.07,13.16,3603300
2024-02-02T19:00:00Z,13.17,13.24,13.16,13.19,3423300
2024-02-02T20:00:00Z,13.19,13.2,13.13,13.17,4803200
2024-02-05T13:00:00Z,13.17,13.26,13.12,13.19,2285500
2024-02-05T14:00:00Z,13.19,13.23,13.11,13.14,2112700
2024-02-05T15:00:00Z,13.13,13.13,12.97,13.01,4130400
2024-02-05T16:00:00Z,13.01,13.02,12.96,12.99,1792300
2024-02-05T17:00:00Z,12.99,13.07,12.98,13.04,1950800
2024-02-05T18:00:00Z,13.04,13.05,12.99,13.01,2695100
2024-02-05T19:00:00Z,13.01,13.1,13.01,13.06,2323500
2024-02-05T20:00:00Z,13.05,13.08,13.01,13.07,3973000
2024-02-06T13:00:00Z,13.1,13.34,13.08,13.24,2977300
2024-02-06T14:00:00Z,13.23,13.25,13.19,13.25,3139100
2024-02-06T15:00:00Z,13.24,13.38,13.23,13.34,7224600
2024-02-06T16:00:00Z,13.33,13.34,13.23,13.23,7973000
2024-02-06T17:00:00Z,13.24,13.26,13.19,13.2,1834500
2024-02-06T18:00:00Z,13.2,13.25,13.17,13.24,4222400
2024-02-06T19:00:00Z,13.25,13.26,13.16,13.21,3703200
2024-02-06T20:00:00Z,13.21,13.25,13.16,13.22,4517200
2024-02-07T13:00:00Z,13.21,13.23,13.06,13.09,4283000
2024-02-07T14:00:00Z,13.08,13.21,13.04,13.21,2718600
2024-02-07T15:00:00Z,13.2,13.33,13.18,13.29,3728300
2024-02-07T16:00:00Z,13.29,13.3,13.23,13.27,3890800
2024-02-07T17:00:00Z,13.26,13.29,13.21,13.26,3017300
2024-02-07T18:00:00Z,13.27,13.31,13.23,13.3,3590100
2024-02-07T19:00:00Z,13.29,13.4,13.28,13.39,3050800
2024-02-07T20:00:00Z,13.38,13.43,13.38,13.43,3986600
2024-02-08T13:00:00Z,13.49,13.5,13.32,13.35,4860500
2024-02-08T14:00:00Z,13.35,13.35,13.14,13.2,4423700
2024-02-08T15:00:00Z,13.2,13.32,13.19,13.24,4535900
2024-02-08T16:00:00Z,13.24,13.25,13.17,13.2,1296600
2024-02-08T17:00:00Z,13.21,13.21,13.12,13.15,1539900
2024-02-08T18:00:00Z,13.14,13.22,13.13,13.17,3762200
2024-02-08T19:00:00Z,13.18,13.18,13.12,13.17,2680600
2024-02-08T20:00:00Z,13.16,13.2,13.15,13.15,2576500
2024-02-09T13:00:00Z,13.11,13.33,13.07,13.29,5457000
2024-02-09T14:00:00Z,13.29,13.33,13.23,13.3,6288800
2024-02-09T15:00:00Z,13.3,13.3,13.24,13.27,1835900
2024-02-09T16:00:00Z,13.26,13.27,13.16,13.19,2298900
2024-02-09T17:00:00Z,13.18,13.21,13.17,13.2,1478900
2024-02-09T18:00:00Z,13.2,13.21,13.15,13.2,13051400
2024-02-09T19:00:00Z,13.2,13.3,13.15,13.24,26779600
2024-02-09T20:00:00Z,13.24,13.27,13.15,13.21,14889300
2024-02-14T16:00:00Z,13.1,13.19,12.95,12.98,10666000
2024-02-14T17:00:00Z,12.99,13.01,12.86,12.89,8798400
2024-02-14T18:00:00Z,12.89,12.93,12.83,12.9,6052300
2024-02-14T19:00:00Z,12.89,12.91,12.87,12.88,2826600
2024-02-14T20:00:00Z,12.87,12.9,12.85,12.86,5814300
2024-02-15T13:00:00Z,12.97,12.97,12.79,12.85,3451200
2024-02-15T14:00:00Z,12.85,12.9,12.79,12.81,5058300
2024-02-15T15:00:00Z,12.81,12.84,12.78,12.81,4591100
2024-02-15T16:00:00Z,12.8,12.81,12.72,12.74,2635400
2024-02-15T17:00:00Z,12.73,12.79,12.72,12.72,2366100
2024-02-15T18:00:00Z,12.72,12.74,12.69,12.69,5049900
2024-02-15T19:00:00Z,12.69,12.71,12.66,12.7,6986200
2024-02-15T20:00:00Z,12.7,12.71,12.67,12.69,11519800
2024-02-16T13:00:00Z,12.75,12.79,12.65,12.7,1877500
2024-02-16T14:00:00Z,12.69,12.72,12.6,12.67,4514100
2024-02-16T15:00:00Z,12.67,12.73,12.64,12.71,29385600
2024-02-16T16:00:00Z,12.71,12.75,12.66,12.66,10234900
2024-02-16T17:00:00Z,12.66,12.7,12.64,12.69,1743300
2024-02-16T18:00:00Z,12.69,12.72,12.67,12.7,4220000
2024-02-16T19:00:00Z,12.69,12.77,12.69,12.72,5819800
2024-02-16T20:00:00Z,12.71,12.75,12.69,12.7,5018500
2024-02-19T13:00:00Z,12.71,12.77,12.65,12.65,586200
2024-02-19T14:00:00Z,12.65,12.72,12.61,12.63,1540600
2024-02-19T15:00:00Z,12.64,12.67,12.57,12.62,1170600
2024-02-19T16:00:00Z,12.61,12.66,12.61,12.65,2142700
2024-02-19T17:00:00Z,12.64,12.72,12.63,12.67,2240700
2024-02-19T18:00:00Z,12.67,12.71,12.65,12.69,2038200
2024-02-19T19:00:00Z,12.68,12.71,12.64,12.66,1428500
2024-02-19T20:00:00Z,12.65,12.7,12.65,12.7,1607000
2024-02-20T13:00:00Z,12.61,12.81,12.61,12.78,2380400
2024-02-20T14:00:00Z,12.78,12.8,12.72,12.76,7196100
2024-02-20T15:00:00Z,12.76,12.78,12.73,12.75,1959900
2024-02-20T16:00:00Z,12.75,12.76,12.7,12.71,1293400
2024-02-20T17:00:00Z,12.7,12.83,12.7,12.8,6253400
2024-02-20T18:00:00Z,12.8,12.94,12.79,12.91,3920600
2024-02-20T19:00:00Z,12.9,12.99,12.88,12.93,12349200
2024-02-20T20:00:00Z,12.93,12.99,12.85,12.89,4845900
2024-02-21T13:00:00Z,12.9,12.94,12.75,12.76,1903500
2024-02-21T14:00:00Z,12.76,12.88,12.74,12.86,5935700
2024-02-21T15:00:00Z,12.86,12.91,12.82,12.82,8782200
2024-02-21T16:00:00Z,12.83,12.92,12.81,12.91,1055800
2024-02-21T17:00:00Z,12.91,12.93,12.8,12.8,2209800
2024-02-21T18:00:00Z,12.8,12.88,12.8,12.81,1915800
2024-02-21T19:00:00Z,12.82,12.87,12.8,12.83,2247100
2024-02-21T20:00:00Z,12.84,12.87,12.8,12.82,4015300
2024-02-22T13:00:00Z,12.93,12.93,12.78,12.86,3617700
2024-02-22T14:00:00Z,12.85,12.86,12.8,12.82,1539600
2024-02-22T15:00:00Z,12.82,12.83,12.72,12.75,2569400
2024-02-22T16:00:00Z,12.74,12.82,12.73,12.81,2010800
2024-02-22T17:00:00Z,12.8,12.81,12.69,12.72,2423600
2024-02-22T18:00:00Z,12.72,12.78,12.7,12.77,3163900
2024-02-22T19:00:00Z,12.76,12.78,12.71,12.73,2906700
2024-02-22T20:00:00Z,12.72,12.74,12.64,12.64,5632400
2024-02-23T13:00:00Z,12.61,12.73,12.51,12.58,4938000
2024-02-23T14:00:00Z,12.57,12.58,12.44,12.47,5287500
2024-02-23T15:00:00Z,12.46,12.47,12.24,12.25,10785600
2024-02-23T16:00:00Z,12.25,12.39,12.11,12.3,13272400
2024-02-23T17:00:00Z,12.3,12.48,12.3,12.4,5601900
2024-02-23T18:00:00Z,12.4,12.48,12.35,12.36,4504000
2024-02-23T19:00:00Z,12.36,12.38,12.26,12.31,4916700
2024-02-23T20:00:00Z,12.3,12.49,12.28,12.4,9488700
2024-02-26T13:00:00Z,12.45,12.58,12.44,12.5,1925800
2024-02-26T14:00:00Z,12.5,12.57,12.43,12.54,5022200
2024-02-26T15:00:00Z,12.53,12.57,12.46,12.47,2745800
2024-02-26T16:00:00Z,12.47,12.5,12.44,12.48,5752000
2024-02-26T17:00:00Z,12.49,12.55,12.48,12.53,1183100
2024-02-26T18:00:00Z,12.53,12.54,12.48,12.51,1173800
2024-02-26T19:00:00Z,12.5,12.53,12.47,12.5,3195000
2024-02-26T20:00:00Z,12.5,12.52,12.49,12.52,7718100
2024-02-27T13:00:00Z,12.67,12.77,12.57,12.7,4748800
2024-02-27T14:00:00Z,12.7,12.78,12.66,12.74,3867500
2024-02-27T15:00:00Z,12.75,12.77,12.6,12.67,4644500
2024-02-27T16:00:00Z,12.66,12.74,12.64,12.73,2674900
2024-02-27T17:00:00Z,12.74,12.75,12.72,12.73,5240100
2024-02-27T18:00:00Z,12.74,12.81,12.68,12.76,5362700
2024-02-27T19:00:00Z,12.76,12.8,12.75,12.76,8428500
2024-02-27T20:00:00Z,12.77,12.78,12.7,12.75,4177300
2024-02-28T13:00:00Z,12.59,12.61,12.43,12.46,2498000
2024-02-28T14:00:00Z,12.46,12.49,12.37,12.45,2737700
2024-02-28T15:00:00Z,12.44,12.52,12.43,12.49,2223300
2024-02-28T16:00:00Z,12.48,12.58,12.47,12.56,4701400
2024-02-28T17:00:00Z,12.57,12.57,12.51,12.55,2528600
2024-02-28T18:00:00Z,12.55,12.61,12.53,12.57,2851700
2024-02-28T19:00:00Z,12.58,12.65,12.55,12.62,2135700
2024-02-28T20:00:00Z,12.62,12.65,12.55,12.58,2932800
2024-02-29T13:00:00Z,12.56,12.89,12.49,12.85,11190300
2024-02-29T14:00:00Z,12.85,12.85,12.67,12.74,4052400
2024-02-29T15:00:00Z,12.73,12.78,12.71,12.76,5887200
2024-02-29T16:00:00Z,12.76,12.77,12.67,12.7,3044300
2024-02-29T17:00:00Z,12.69,12.7,12.59,12.66,2895100
2024-02-29T18:00:00Z,12.66,12.79,12.64,12.71,3847300
2024-02-29T19:00:00Z,12.71,12.79,12.69,12.79,4627900
2024-02-29T20:00:00Z,12.79,12.87,12.77,12.83,7590500
2024-03-01T13:00:00Z,12.52,12.76,12.51,12.71,15961400
2024-03-01T14:00:00Z,12.7,12.71,12.5,12.51,5454500
2024-03-01T15:00:00Z,12.52,12.63,12.51,12.57,7785400
2024-03-01T16:00:00Z,12.57,12.58,12.44,12.48,6087200
2024-03-01T17:00:00Z,12.47,12.55,12.46,12.48,4939400
2024-03-01T18:00:00Z,12.48,12.5,12.43,12.47,8199600
2024-03-01T19:00:00Z,12.46,12.52,12.45,12.49,6755300
2024-03-01T20:00:00Z,12.48,12.51,12.42,12.47,9953900
2024-03-04T13:00:00Z,12.42,12.44,12.26,12.37,7313200
2024-03-04T14:00:00Z,12.36,12.39,12.3,12.36,3219600
2024-03-04T15:00:00Z,12.37,12.39,12.35,12.36,3356800
2024-03-04T16:00:00Z,12.36,12.41,12.36,12.36,2977900
2024-03-04T17:00:00Z,12.36,12.38,12.3,12.3,4282700
2024-03-04T18:00:00Z,12.3,12.35,12.3,12.34,2457300
2024-03-04T19:00:00Z,12.34,12.34,12.31,12.32,2032200
2024-03-04T20:00:00Z,12.33,12.34,12.3,12.3,3777300
2024-03-05T13:00:00Z,12.39,12.41,12.28,12.35,2977500
2024-03-05T14:00:00Z,12.35,12.36,12.19,12.19,3619600
2024-03-05T15:00:00Z,12.2,12.39,12.2,12.34,9222400
2024-03-05T16:00:00Z,12.34,12.35,12.23,12.27,3821100
2024-03-05T17:00:00Z,12.27,12.32,12.25,12.26,2228200
2024-03-05T18:00:00Z,12.27,12.29,12.21,12.22,7640700
2024-03-05T19:00:00Z,12.22,12.25,12.14,12.18,3543300
2024-03-05T20:00:00Z,12.18,12.21,12.11,12.14,5752900
2024-03-06T13:00:00Z,12.28,12.3,12.18,12.26,1657100
2024-03-06T14:00:00Z,12.25,12.36,12.18,12.23,21207500
2024-03-06T15:00:00Z,12.22,12.28,12.14,12.19,13232300
2024-03-06T16:00:00Z,12.19,12.31,12.14,12.29,7339700
2024-03-06T17:00:00Z,12.29,12.34,12.28,12.32,4166900
2024-03-06T18:00:00Z,12.32,12.34,12.28,12.3,3029600
2024-03-06T19:00:00Z,12.29,12.34,12.23,12.33,4927000
2024-03-06T20:00:00Z,12.33,12.35,12.22,12.25,5619300
2024-03-07T13:00:00Z,12.24,12.3,12.17,12.19,1935200
2024-03-07T14:00:00Z,12.18,12.23,12.11,12.2,5138500
2024-03-07T15:00:00Z,12.21,12.23,12.16,12.2,6272500
2024-03-07T16:00:00Z,12.19,12.22,12.18,12.21,6054400
2024-03-07T17:00:00Z,12.2,12.27,12.17,12.26,1513100
2024-03-07T18:00:00Z,12.26,12.4,12.24,12.35,10284800
2024-03-07T19:00:00Z,12.35,12.35,12.27,12.28,3257600
2024-03-07T20:00:00Z,12.28,12.32,12.25,12.32,4075600
2024-03-08T13:00:00Z,12.23,12.39,12.18,12.36,4529200
2024-03-08T14:00:00Z,12.36,12.51,12.31,12.46,32141700
2024-03-08T15:00:00Z,12.47,12.57,12.46,12.5,4332100
2024-03-08T16:00:00Z,12.5,12.52,12.45,12.46,1952900
2024-03-08T17:00:00Z,12.47,12.48,12.42,12.46,3918200
2024-03-08T18:00:00Z,12.46,12.54,12.43,12.47,3228200
2024-03-08T19:00:00Z,12.48,12.55,12.47,12.52,3151900
2024-03-08T20:00:00Z,12.53,12.54,12.4,12.48,7328400
2024-03-11T13:00:00Z,12.36,12.51,12.36,12.5,5921500
2024-03-11T14:00:00Z,12.51,12.6,12.49,12.55,7391700
2024-03-11T15:00:00Z,12.55,12.57,12.49,12.53,1687800
2024-03-11T16:00:00Z,12.53,12.58,12.49,12.57,2332300
2024-03-11T17:00:00Z,12.57,12.65,12.57,12.61,4229300
2024-03-11T18:00:00Z,12.61,12.7,12.59,12.66,2726300
2024-03-11T19:00:00Z,12.65,12.72,12.55,12.58,7584200
2024-03-12T13:00:00Z,12.74,12.74,12.64,12.68,5671900
2024-03-12T14:00:00Z,12.68,12.75,12.65,12.72,13678200
2024-03-12T15:00:00Z,12.72,12.79,12.7,12.78,4939600
2024-03-12T16:00:00Z,12.78,12.82,12.76,12.78,1792800
2024-03-12T17:00:00Z,12.79,12.82,12.75,12.8,2359100
2024-03-12T18:00:00Z,12.81,12.9,12.8,12.86,4429500
2024-03-12T19:00:00Z,12.87,12.9,12.83,12.85,5842100
2024-03-13T13:00:00Z,12.74,12.94,12.73,12.93,2680200
2024-03-13T14:00:00Z,12.94,12.96,12.81,12.82,2621200
2024-03-13T15:00:00Z,12.82,12.86,12.8,12.85,3075100
2024-03-13T16:00:00Z,12.85,12.86,12.8,12.85,3736200
2024-03-13T17:00:00Z,12.84,12.95,12.83,12.9,5500800
2024-03-13T18:00:00Z,12.89,12.9,12.75,12.77,3915900
2024-03-13T19:00:00Z,12.76,12.83,12.76,12.79,4027700
2024-03-14T13:00:00Z,12.71,12.76,12.54,12.58,5387900
2024-03-14T14:00:00Z,12.58,12.65,12.5,12.52,2817700
2024-03-14T15:00:00Z,12.51,12.55,12.46,12.52,7267900
2024-03-14T16:00:00Z,12.51,12.54,12.41,12.45,6342400
2024-03-14T17:00:00Z,12.44,12.51,12.42,12.48,4642800
2024-03-14T18:00:00Z,12.47,12.51,12.47,12.49,3299100
2024-03-14T19:00:00Z,12.48,12.51,12.46,12.47,5222300
2024-03-15T13:00:00Z,12.47,12.59,12.45,12.56,2461600
2024-03-15T14:00:00Z,12.55,12.56,12.44,12.47,7539900
2024-03-15T15:00:00Z,12.47,12.48,12.4,12.42,2271600
2024-03-15T16:00:00Z,12.41,12.42,12.31,12.32,2990500
2024-03-15T17:00:00Z,12.32,12.39,12.32,12.37,2735600
2024-03-15T18:00:00Z,12.36,12.4,12.33,12.35,2805800
2024-03-15T19:00:00Z,12.35,12.38,12.31,12.37,3841100
2024-03-18T13:00:00Z,12.37,12.49,12.36,12.4,1381400
2024-03-18T14:00:00Z,12.41,12.43,12.25,12.3,2569000
2024-03-18T15:00:00Z,12.3,12.31,12.24,12.29,1272000
2024-03-18T16:00:00Z,12.3,12.33,12.28,12.33,1146700
2024-03-18T17:00:00Z,12.32,12.33,12.28,12.33,1015900
2024-03-18T18:00:00Z,12.32,12.34,12.3,12.32,4029100
2024-03-18T19:00:00Z,12.32,12.35,12.3,12.32,3490800
2024-03-19T13:00:00Z,12.4,12.46,12.24,12.27,2014300
2024-03-19T14:00:00Z,12.26,12.29,12.22,12.25,2055100
2024-03-19T15:00:00Z,12.25,12.26,12.18,12.21,1604600
2024-03-19T16:00:00Z,12.2,12.27,12.18,12.26,2285800
2024-03-19T17:00:00Z,12.26,12.36,12.26,12.36,2264000
2024-03-19T18:00:00Z,12.36,12.4,12.33,12.37,2453700
2024-03-19T19:00:00Z,12.38,12.41,12.3,12.3,3362500
2024-03-20T13:00:00Z,12.31,12.48,12.28,12.45,5069200
2024-03-20T14:00:00Z,12.45,12.45,12.4,12.41,2471500
2024-03-20T15:00:00Z,12.41,12.45,12.41,12.43,1378100
2024-03-20T16:00:00Z,12.44,12.51,12.43,12.5,2039300
2024-03-20T17:00:00Z,12.51,12.64,12.49,12.61,4249500
2024-03-20T18:00:00Z,12.61,12.75,12.58,12.73,4737200
2024-03-20T19:00:00Z,12.73,12.83,12.71,12.72,5290100
2024-03-21T13:00:00Z,12.77,12.78,12.53,12.57,3104400
2024-03-21T14:00:00Z,12.56,12.62,12.46,12.53,4430300
2024-03-21T15:00:00Z,12.53,12.55,12.46,12.53,4667700
2024-03-21T16:00:00Z,12.53,12.57,12.49,12.51,3169800
2024-03-21T17:00:00Z,12.51,12.56,12.47,12.51,3112200
2024-03-21T18:00:00Z,12.5,12.51,12.42,12.46,4900400
2024-03-21T19:00:00Z,12.45,12.48,12.41,12.42,5457800
2024-03-22T13:00:00Z,12.24,12.33,12.03,12.24,6929600
2024-03-22T14:00:00Z,12.24,12.26,12.15,12.16,3091200
2024-03-22T15:00:00Z,12.15,12.19,12.15,12.18,2651300
2024-03-22T16:00:00Z,12.17,12.19,12.15,12.17,2478900
2024-03-22T17:00:00Z,12.17,12.18,12.08,12.1,5582600
2024-03-22T18:00:00Z,12.09,12.12,12,12.08,28710900
2024-03-22T19:00:00Z,12.09,12.09,12,12.06,4768400
2024-03-25T13:00:00Z,11.98,12.11,11.91,11.98,8228600
2024-03-25T14:00:00Z,11.98,12.04,11.91,11.93,5264000
2024-03-25T15:00:00Z,11.93,11.97,11.92,11.96,2100800
2024-03-25T16:00:00Z,11.96,11.96,11.91,11.92,4471500
2024-03-25T17:00:00Z,11.92,11.97,11.91,11.95,6424200
2024-03-25T18:00:00Z,11.94,12,11.94,11.97,4039700
2024-03-25T19:00:00Z,11.97,12,11.93,11.93,7845500
2024-03-26T13:00:00Z,11.9,12.06,11.83,12.04,20649600
2024-03-26T14:00:00Z,12.04,12.08,11.97,11.99,5853600
2024-03-26T15:00:00Z,11.99,12,11.89,11.93,2871300
2024-03-26T16:00:00Z,11.93,11.95,11.9,11.9,2979500
2024-03-26T17:00:00Z,11.91,11.95,11.9,11.92,2934700
2024-03-26T18:00:00Z,11.92,11.97,11.91,11.94,3377600
2024-03-26T19:00:00Z,11.93,11.96,11.89,11.9,11197000
2024-03-27T13:00:00Z,11.82,11.91,11.82,11.85,2750400
2024-03-27T14:00:00Z,11.85,11.91,11.78,11.87,4458900
2024-03-27T15:00:00Z,11.88,11.95,11.87,11.92,2050300
2024-03-27T16:00:00Z,11.93,11.98,11.92,11.96,1808400
2024-03-27T17:00:00Z,11.97,11.99,11.96,11.96,1502700
2024-03-27T18:00:00Z,11.97,12.02,11.95,11.98,2797800
2024-03-27T19:00:00Z,11.99,12.02,11.97,11.98,5027100
2024-03-28T13:00:00Z,11.98,12.06,11.93,12,3129300
2024-03-28T14:00:00Z,12.01,12.07,12,12.06,2216100
2024-03-28T15:00:00Z,12.05,12.06,12.01,12.01,1446600
2024-03-28T16:00:00Z,12.02,12.09,12,12.07,1271300
2024-03-28T17:00:00Z,12.06,12.1,12.01,12.08,1382900
2024-03-28T18:00:00Z,12.09,12.13,12.04,12.06,2436500
2024-03-28T19:00:00Z,12.06,12.06,11.99,12,3571000
2024-04-01T13:00:00Z,12.06,12.11,11.95,12,2604300
2024-04-01T14:00:00Z,11.99,12,11.95,11.96,3242800
2024-04-01T15:00:00Z,11.95,11.97,11.88,11.92,3351600
2024-04-01T16:00:00Z,11.92,11.96,11.86,11.9,3886500
2024-04-01T17:00:00Z,11.9,11.9,11.79,11.82,4616200
2024-04-01T18:00:00Z,11.82,11.84,11.78,11.8,18708500
2024-04-01T19:00:00Z,11.81,11.81,11.73,11.79,7811400
2024-04-02T13:00:00Z,11.82,11.85,11.72,11.76,2799300
2024-04-02T14:00:00Z,11.74,11.77,11.62,11.64,8435200
2024-04-02T15:00:00Z,11.65,11.68,11.64,11.64,2258500
2024-04-02T16:00:00Z,11.64,11.73,11.64,11.69,12281000
2024-04-02T17:00:00Z,11.69,11.77,11.66,11.73,10725700
2024-04-02T18:00:00Z,11.74,11.78,11.72,11.73,8317000
2024-04-02T19:00:00Z,11.74,11.77,11.7,11.75,10171100
2024-04-03T13:00:00Z,11.76,11.78,11.54,11.58,5942400
2024-04-03T14:00:00Z,11.57,11.61,11.55,11.57,6442400
2024-04-03T15:00:00Z,11.58,11.6,11.51,11.52,4093600
2024-04-03T16:00:00Z,11.52,11.64,11.51,11.64,10688700
2024-04-03T17:00:00Z,11.63,11.74,11.59,11.68,7656100
2024-04-03T18:00:00Z,11.68,11.69,11.63,11.66,5478700
2024-04-03T19:00:00Z,11.66,11.72,11.62,11.71,16618000
2024-04-04T13:00:00Z,11.99,12.24,11.93,12.1,28641400
2024-04-04T14:00:00Z,12.1,12.15,11.97,12,10170200
2024-04-04T15:00:00Z,11.99,12.13,11.98,12.07,8857300
2024-04-04T16:00:00Z,12.07,12.08,12.01,12.05,3541500
2024-04-04T17:00:00Z,12.05,12.13,12.03,12.04,3988600
2024-04-04T18:00:00Z,12.04,12.05,11.94,11.96,8055000
2024-04-04T19:00:00Z,11.95,11.99,11.91,11.97,6055300
2024-04-05T13:00:00Z,12.13,12.2,11.95,12.05,9805100
2024-04-05T14:00:00Z,12.04,12.06,11.91,12,5358600
2024-04-05T15:00:00Z,12,12.12,11.93,12.11,4185100
2024-04-05T16:00:00Z,12.12,12.14,12,12.06,4643000
2024-04-05T17:00:00Z,12.06,12.08,12.01,12.05,5709100
2024-04-05T18:00:00Z,12.04,12.08,12.04,12.07,4508800
2024-04-05T19:00:00Z,12.07,12.07,12.03,12.04,6963300
2024-04-08T13:00:00Z,12.15,12.15,12.01,12.07,3304200
2024-04-08T14:00:00Z,12.06,12.13,12,12.02,4518400
2024-04-08T15:00:00Z,12.02,12.07,12,12.02,3200700
2024-04-08T16:00:00Z,12.02,12.08,12.02,12.07,1643900
2024-04-08T17:00:00Z,12.07,12.15,12.06,12.15,4502500
2024-04-08T18:00:00Z,12.15,12.2,12.05,12.08,7196900
2024-04-08T19:00:00Z,12.08,12.15,12.06,12.09,6302700
2024-04-09T13:00:00Z,12.13,12.21,11.98,12.16,3471000
2024-04-09T14:00:00Z,12.16,12.27,12.15,12.25,5879800
2024-04-09T15:00:00Z,12.25,12.3,12.23,12.26,2319100
2024-04-09T16:00:00Z,12.26,12.36,12.24,12.35,4097300
2024-04-09T17:00:00Z,12.34,12.35,12.27,12.29,5516700
2024-04-09T18:00:00Z,12.29,12.37,12.28,12.36,4019900
2024-04-09T19:00:00Z,12.35,12.41,12.31,12.38,8043600
2024-04-10T13:00:00Z,12.29,12.32,12.12,12.13,4008600
2024-04-10T14:00:00Z,12.12,12.15,12.02,12.13,8439900
2024-04-10T15:00:00Z,12.13,12.14,11.96,12,9381200
2024-04-10T16:00:00Z,11.99,12.05,11.99,12.03,4855400
2024-04-10T17:00:00Z,12.02,12.05,11.91,11.96,4640200
2024-04-10T18:00:00Z,11.97,12.03,11.91,11.93,5111100
2024-04-10T19:00:00Z,11.93,12.04,11.9,12,9959000
2024-04-11T13:00:00Z,11.94,12.03,11.92,11.96,4183900
2024-04-11T14:00:00Z,11.96,11.98,11.87,11.89,5917200
2024-04-11T15:00:00Z,11.88,11.96,11.88,11.92,2241000
2024-04-11T16:00:00Z,11.91,11.92,11.83,11.88,2504200
2024-04-11T17:00:00Z,11.87,11.94,11.85,11.93,2115600
2024-04-11T18:00:00Z,11.92,11.97,11.87,11.87,2230300
2024-04-11T19:00:00Z,11.88,12.06,11.87,11.98,14743600
2024-04-12T13:00:00Z,11.91,11.98,11.81,11.91,4461200
2024-04-12T14:00:00Z,11.91,11.95,11.79,11.81,4249900
2024-04-12T15:00:00Z,11.81,11.97,11.81,11.96,4352200
2024-04-12T16:00:00Z,11.95,11.99,11.85,11.86,2363500
2024-04-12T17:00:00Z,11.86,11.89,11.79,11.82,3085300
2024-04-12T18:00:00Z,11.83,11.84,11.72,11.77,7250100
2024-04-12T19:00:00Z,11.76,11.78,11.71,11.72,8127200
2024-04-15T13:00:00Z,11.72,11.77,11.58,11.63,2983900
2024-04-15T14:00:00Z,11.62,11.63,11.44,11.5,4734000
2024-04-15T15:00:00Z,11.5,11.6,11.47,11.58,2812900
2024-04-15T16:00:00Z,11.58,11.6,11.48,11.53,8558800
2024-04-15T17:00:00Z,11.53,11.54,11.35,11.42,11194500
2024-04-15T18:00:00Z,11.41,11.45,11.34,11.43,6414100
2024-04-15T19:00:00Z,11.42,11.5,11.37,11.48,7864900
2024-04-16T13:00:00Z,11.34,11.38,11.15,11.22,8944100
2024-04-16T14:00:00Z,11.22,11.36,11.21,11.27,7580300
2024-04-16T15:00:00Z,11.27,11.4,11.27,11.36,4879000
2024-04-16T16:00:00Z,11.35,11.41,11.33,11.37,5942000
2024-04-16T17:00:00Z,11.36,11.42,11.31,11.36,4443600
2024-04-16T18:00:00Z,11.36,11.46,11.35,11.42,7176400
2024-04-16T19:00:00Z,11.42,11.46,11.36,11.38,6716200
2024-04-17T13:00:00Z,11.37,11.49,11.27,11.29,5713200
2024-04-17T14:00:00Z,11.29,11.35,11.26,11.27,7504800
2024-04-17T15:00:00Z,11.27,11.3,11.22,11.24,3653800
2024-04-17T16:00:00Z,11.25,11.25,11.14,11.24,7331100
2024-04-17T17:00:00Z,11.23,11.27,11.19,11.2,5861300
2024-04-17T18:00:00Z,11.2,11.28,11.18,11.24,6574700
2024-04-17T19:00:00Z,11.24,11.26,11.21,11.25,9135800
2024-04-18T13:00:00Z,11.2,11.38,11.17,11.34,3661500
2024-04-18T14:00:00Z,11.34,11.35,11.21,11.23,4537200
2024-04-18T15:00:00Z,11.24,11.27,11.18,11.22,3332100
2024-04-18T16:00:00Z,11.21,11.22,11.05,11.13,5442000
2024-04-18T17:00:00Z,11.13,11.17,11.11,11.16,4333300
2024-04-18T18:00:00Z,11.16,11.23,11.14,11.15,7726500
2024-04-18T19:00:00Z,11.15,11.21,11.14,11.14,6132700
2024-04-19T13:00:00Z,11.14,11.32,11.12,11.3,3012500
2024-04-19T14:00:00Z,11.31,11.33,11.2,11.24,5905200
2024-04-19T15:00:00Z,11.23,11.26,11.21,11.22,2678400
2024-04-19T16:00:00Z,11.23,11.29,11.22,11.28,3748700
2024-04-19T17:00:00Z,11.28,11.31,11.23,11.26,3560500
2024-04-19T18:00:00Z,11.26,11.27,11.19,11.22,4819800
2024-04-19T19:00:00Z,11.23,11.23,11.14,11.16,10918400
2024-04-22T13:00:00Z,11.2,11.28,11.17,11.27,3090800
2024-04-22T14:00:00Z,11.26,11.27,11.18,11.18,4691600
2024-04-22T15:00:00Z,11.19,11.24,11.17,11.21,3066000
2024-04-22T16:00:00Z,11.21,11.28,11.19,11.25,2394600
2024-04-22T17:00:00Z,11.25,11.3,11.21,11.29,3925300
2024-04-22T18:00:00Z,11.29,11.32,11.25,11.31,5120300
2024-04-22T19:00:00Z,11.31,11.34,11.27,11.32,6068400
2024-04-23T13:00:00Z,11.15,11.24,11.07,11.17,5175200
2024-04-23T14:00:00Z,11.15,11.22,11.12,11.13,7450600
2024-04-23T15:00:00Z,11.14,11.15,11.11,11.13,3372200
2024-04-23T16:00:00Z,11.14,11.2,11.13,11.14,9095200
2024-04-23T17:00:00Z,11.14,11.23,11.14,11.16,3439800
2024-04-23T18:00:00Z,11.16,11.17,11.13,11.16,3478700
2024-04-23T19:00:00Z,11.16,11.17,11.04,11.11,6679800
2024-04-24T13:00:00Z,11.08,11.1,10.91,10.95,4412000
2024-04-24T14:00:00Z,10.95,11,10.92,10.93,2838100
2024-04-24T15:00:00Z,10.93,10.96,10.9,10.95,2723900
2024-04-24T16:00:00Z,10.95,10.98,10.89,10.97,3333900
2024-04-24T17:00:00Z,10.97,10.97,10.92,10.95,3517400
2024-04-24T18:00:00Z,10.95,10.99,10.93,10.96,7011800
2024-04-24T19:00:00Z,10.95,10.98,10.94,10.97,9290900
2024-04-25T13:00:00Z,10.91,10.94,10.75,10.77,5824500
2024-04-25T14:00:00Z,10.78,10.87,10.76,10.84,7729100
2024-04-25T15:00:00Z,10.84,10.9,10.83,10.87,4240000
2024-04-25T16:00:00Z,10.88,10.88,10.83,10.84,2171700
2024-04-25T17:00:00Z,10.85,10.87,10.81,10.87,3021800
2024-04-25T18:00:00Z,10.87,10.89,10.83,10.84,2740500
2024-04-25T19:00:00Z,10.83,10.85,10.8,10.82,4771200
2024-04-26T13:00:00Z,10.97,11.12,10.87,10.99,7344900
2024-04-26T14:00:00Z,10.99,11.05,10.95,10.99,6027100
2024-04-26T15:00:00Z,11,11.07,10.97,11.05,4394500
2024-04-26T16:00:00Z,11.05,11.09,11.03,11.04,3620000
2024-04-26T17:00:00Z,11.04,11.09,11.02,11.08,3569500
2024-04-26T18:00:00Z,11.08,11.22,11.06,11.21,10021300
2024-04-26T19:00:00Z,11.21,11.27,11.18,11.26,19180900
2024-04-29T13:00:00Z,11.2,11.31,11.15,11.16,4430000
2024-04-29T14:00:00Z,11.17,11.19,11.13,11.19,11220300
2024-04-29T15:00:00Z,11.19,11.22,11.14,11.15,4882700
2024-04-29T16:00:00Z,11.14,11.19,11.12,11.16,1711200
2024-04-29T17:00:00Z,11.17,11.17,11.11,11.12,6718400
2024-04-29T18:00:00Z,11.13,11.15,11.11,11.13,3991600
2024-04-29T19:00:00Z,11.13,11.14,11.09,11.12,5636000
2024-04-30T13:00:00Z,11.08,11.08,10.85,10.85,5576000
2024-04-30T14:00:00Z,10.86,10.88,10.72,10.79,9052700
2024-04-30T15:00:00Z,10.8,10.82,10.66,10.68,12829100
2024-04-30T16:00:00Z,10.67,10.68,10.57,10.59,17824400
2024-04-30T17:00:00Z,10.6,10.67,10.57,10.66,12589800
2024-04-30T18:00:00Z,10.65,10.8,10.65,10.8,12189600
2024-04-30T19:00:00Z,10.8,10.83,10.76,10.79,8404700
2024-05-02T13:00:00Z,10.98,11.04,10.8,11,13945000
2024-05-02T14:00:00Z,11,11.03,10.94,11.03,6019700
2024-05-02T15:00:00Z,11.03,11.08,10.97,10.97,3803100
2024-05-02T16:00:00Z,10.97,11.06,10.96,11.04,4296900
2024-05-02T17:00:00Z,11.03,11.1,11.03,11.09,3006000
2024-05-02T18:00:00Z,11.09,11.11,11.05,11.09,3538100
2024-05-02T19:00:00Z,11.09,11.12,11.04,11.07,6244500
2024-05-03T13:00:00Z,11.34,11.61,11.25,11.5,29498200
2024-05-03T14:00:00Z,11.51,11.59,11.48,11.53,12434300
2024-05-03T15:00:00Z,11.52,11.55,11.43,11.44,8069200
2024-05-03T16:00:00Z,11.44,11.5,11.38,11.41,6906600
2024-05-03T17:00:00Z,11.41,11.47,11.4,11.41,6525100
2024-05-03T18:00:00Z,11.41,11.45,11.39,11.41,8090000
2024-05-03T19:00:00Z,11.4,11.45,11.38,11.4,10301700
2024-05-06T13:00:00Z,11.36,11.42,11.34,11.42,1429000
2024-05-06T14:00:00Z,11.42,11.49,11.4,11.49,3818400
2024-05-06T15:00:00Z,11.49,11.56,11.46,11.54,7408500
2024-05-06T16:00:00Z,11.54,11.57,11.51,11.56,2916500
2024-05-06T17:00:00Z,11.57,11.58,11.52,11.53,4837000
2024-05-06T18:00:00Z,11.53,11.55,11.5,11.55,7814700
2024-05-06T19:00:00Z,11.55,11.58,11.52,11.52,10975400
2024-05-07T13:00:00Z,11.73,11.75,11.58,11.63,3342400
2024-05-07T14:00:00Z,11.64,11.77,11.63,11.73,5942200
2024-05-07T15:00:00Z,11.73,11.75,11.61,11.64,7574600
2024-05-07T16:00:00Z,11.65,11.7,11.64,11.66,4408100
2024-05-07T17:00:00Z,11.67,11.69,11.64,11.66,2884300
2024-05-07T18:00:00Z,11.66,11.68,11.58,11.65,3901000
2024-05-07T19:00:00Z,11.65,11.66,11.62,11.62,3522700
2024-05-08T13:00:00Z,11.52,11.56,11.47,11.52,2680000
2024-05-08T14:00:00Z,11.51,11.58,11.49,11.55,5517700
2024-05-08T15:00:00Z,11.55,11.63,11.52,11.6,3562900
2024-05-08T16:00:00Z,11.6,11.65,11.59,11.6,2572100
2024-05-08T17:00:00Z,11.6,11.61,11.55,11.57,2414600
2024-05-08T18:00:00Z,11.57,11.68,11.57,11.63,4805800
2024-05-08T19:00:00Z,11.64,11.71,11.62,11.71,5754200
2024-05-09T13:00:00Z,11.46,11.51,11.16,11.16,28611800
2024-05-09T14:00:00Z,11.17,11.2,11.08,11.15,9993200
2024-05-09T15:00:00Z,11.15,11.17,11.1,11.11,3791100
2024-05-09T16:00:00Z,11.11,11.18,11.09,11.17,6381300
2024-05-09T17:00:00Z,11.16,11.23,11.15,11.23,5471300
2024-05-09T18:00:00Z,11.22,11.3,11.21,11.27,4662900
2024-05-09T19:00:00Z,11.26,11.3,11.24,11.25,4750300
2024-05-10T13:00:00Z,11.15,11.44,11.12,11.18,6890300
2024-05-10T14:00:00Z,11.18,11.21,11.03,11.04,7824800
2024-05-10T15:00:00Z,11.05,11.08,10.96,11,15102600
2024-05-10T16:00:00Z,11.01,11.08,10.99,11.06,17460000
2024-05-10T17:00:00Z,11.05,11.07,11.01,11.02,43669800
2024-05-10T18:00:00Z,11.03,11.04,10.96,11.02,8390200
2024-05-10T19:00:00Z,11.02,11.04,10.92,10.93,11799800
2024-05-13T13:00:00Z,10.95,11.2,10.92,11.18,23971100
2024-05-13T14:00:00Z,11.19,11.25,11.14,11.17,11771600
2024-05-13T15:00:00Z,11.17,11.21,11.1,11.13,11998400
2024-05-13T16:00:00Z,11.13,11.19,11.13,11.17,4574400
2024-05-13T17:00:00Z,11.18,11.2,11.16,11.17,3069900
2024-05-13T18:00:00Z,11.16,11.22,11.15,11.22,9005600
2024-05-13T19:00:00Z,11.21,11.29,11.21,11.27,8608000
2024-05-14T13:00:00Z,11.3,11.47,11.29,11.39,9600500
2024-05-14T14:00:00Z,11.4,11.59,11.37,11.55,17211800
2024-05-14T15:00:00Z,11.56,11.57,11.5,11.54,5554900
2024-05-14T16:00:00Z,11.53,11.56,11.5,11.53,6508700
2024-05-14T17:00:00Z,11.52,11.57,11.5,11.54,6168200
2024-05-14T18:00:00Z,11.54,11.6,11.53,11.6,8995900
2024-05-14T19:00:00Z,11.59,11.6,11.46,11.46,7316000
2024-05-15T13:00:00Z,11.5,11.72,11.47,11.59,12785700
2024-05-15T14:00:00Z,11.59,11.59,11.49,11.53,4781400
2024-05-15T15:00:00Z,11.52,11.63,11.51,11.57,8059000
2024-05-15T16:00:00Z,11.58,11.65,11.56,11.64,2770900
2024-05-15T17:00:00Z,11.64,11.67,11.53,11.59,3123400
2024-05-15T18:00:00Z,11.59,11.59,11.53,11.54,3317800
2024-05-15T19:00:00Z,11.53,11.58,11.51,11.56,3552700
2024-05-16T13:00:00Z,11.6,11.67,11.5,11.5,9916700
2024-05-16T14:00:00Z,11.5,11.52,11.45,11.5,2981300
2024-05-16T15:00:00Z,11.5,11.56,11.48,11.56,3008700
2024-05-16T16:00:00Z,11.55,11.64,11.53,11.63,2979700
2024-05-16T17:00:00Z,11.62,11.66,11.56,11.6,2408500
2024-05-16T18:00:00Z,11.59,11.65,11.57,11.6,3168600
2024-05-16T19:00:00Z,11.61,11.62,11.57,11.6,4011000
2024-05-17T13:00:00Z,11.52,11.61,11.47,11.47,3536600
2024-05-17T14:00:00Z,11.48,11.5,11.42,11.43,2528100
2024-05-17T15:00:00Z,11.43,11.43,11.31,11.34,4836800
2024-05-17T16:00:00Z,11.35,11.43,11.33,11.42,5041600
2024-05-17T17:00:00Z,11.41,11.49,11.41,11.49,2982200
2024-05-17T18:00:00Z,11.48,11.49,11.4,11.47,9156400
2024-05-17T19:00:00Z,11.47,11.5,11.42,11.45,7594100
2024-05-20T13:00:00Z,11.27,11.37,11.17,11.34,4948100
2024-05-20T14:00:00Z,11.34,11.46,11.32,11.43,2630800
2024-05-20T15:00:00Z,11.43,11.49,11.39,11.48,3316600
2024-05-20T16:00:00Z,11.47,11.5,11.45,11.46,2350000
2024-05-20T17:00:00Z,11.46,11.48,11.38,11.4,2928700
2024-05-20T18:00:00Z,11.39,11.43,11.37,11.41,2577200
2024-05-20T19:00:00Z,11.41,11.43,11.39,11.42,21481000
2024-05-21T13:00:00Z,11.28,11.49,11.28,11.36,4136000
2024-05-21T14:00:00Z,11.38,11.48,11.35,11.45,2633400
2024-05-21T15:00:00Z,11.45,11.46,11.38,11.39,3609800
2024-05-21T16:00:00Z,11.39,11.39,11.35,11.36,3432900
2024-05-21T17:00:00Z,11.36,11.43,11.33,11.41,6519600
2024-05-21T18:00:00Z,11.42,11.48,11.39,11.45,4013300
2024-05-21T19:00:00Z,11.45,11.5,11.44,11.47,4396100
2024-05-22T13:00:00Z,11.29,11.38,11.26,11.31,3707100
2024-05-22T14:00:00Z,11.32,11.32,11.17,11.18,12401100
2024-05-22T15:00:00Z,11.17,11.22,11.08,11.14,5965400
2024-05-22T16:00:00Z,11.13,11.16,11.05,11.08,6912400
2024-05-22T17:00:00Z,11.09,11.13,11.05,11.12,5942700
2024-05-22T18:00:00Z,11.12,11.17,11.08,11.1,8944000
2024-05-22T19:00:00Z,11.1,11.11,11.05,11.08,7617100
2024-05-23T13:00:00Z,11.05,11.15,11.05,11.07,3113000
2024-05-23T14:00:00Z,11.07,11.1,10.93,10.94,11021600
2024-05-23T15:00:00Z,10.94,11.12,10.94,11.09,5373700
2024-05-23T16:00:00Z,11.09,11.17,11.09,11.15,2952700
2024-05-23T17:00:00Z,11.15,11.26,11.15,11.18,10153600
2024-05-23T18:00:00Z,11.18,11.2,11.04,11.08,11691100
2024-05-23T19:00:00Z,11.07,11.12,11.06,11.08,5799100
2024-05-24T13:00:00Z,11.08,11.11,11.01,11.04,1729300
2024-05-24T14:00:00Z,11.05,11.07,11.01,11.06,1683400
2024-05-24T15:00:00Z,11.06,11.17,11.02,11.16,3719600
2024-05-24T16:00:00Z,11.17,11.19,11.15,11.16,1532400
2024-05-24T17:00:00Z,11.16,11.22,11.15,11.21,3100700
2024-05-24T18:00:00Z,11.21,11.22,11.13,11.14,5821300
2024-05-24T19:00:00Z,11.14,11.2,11.12,11.17,6225400
2024-05-27T13:00:00Z,11.15,11.24,11.13,11.2,1763400
2024-05-27T14:00:00Z,11.19,11.22,11.16,11.21,1404900
2024-05-27T15:00:00Z,11.2,11.22,11.17,11.17,899600
2024-05-27T16:00:00Z,11.17,11.18,11.14,11.14,1225300
2024-05-27T17:00:00Z,11.13,11.18,11.12,11.13,1039000
2024-05-27T18:00:00Z,11.13,11.15,11.06,11.1,1825100
2024-05-27T19:00:00Z,11.1,11.14,11.02,11.08,3481800
2024-05-28T13:00:00Z,11.21,11.26,11.08,11.09,10272000
2024-05-28T14:00:00Z,11.1,11.11,11.03,11.07,3301200
2024-05-28T15:00:00Z,11.07,11.14,11.07,11.13,2793900
2024-05-28T16:00:00Z,11.13,11.14,11.07,11.07,3121800
2024-05-28T17:00:00Z,11.07,11.14,11.05,11.08,2693400
2024-05-28T18:00:00Z,11.08,11.09,11.03,11.06,6099600
2024-05-28T19:00:00Z,11.05,11.07,11.03,11.07,7299900
2024-05-29T13:00:00Z,10.99,11.02,10.85,10.97,7114400
2024-05-29T14:00:00Z,10.97,11.14,10.97,11.1,9494700
2024-05-29T15:00:00Z,11.1,11.12,11.03,11.05,6530500
2024-05-29T16:00:00Z,11.05,11.07,11.04,11.05,3917600
2024-05-29T17:00:00Z,11.05,11.06,10.97,11.01,6515700
2024-05-29T18:00:00Z,11.01,11.05,11,11.05,4849500
2024-05-29T19:00:00Z,11.04,11.05,10.91,10.91,15779500
2024-05-31T13:00:00Z,10.88,10.88,10.75,10.8,6469600
2024-05-31T14:00:00Z,10.8,10.83,10.76,10.82,11318400
2024-05-31T15:00:00Z,10.83,10.85,10.81,10.81,5735800
2024-05-31T16:00:00Z,10.82,10.84,10.77,10.8,6307000
2024-05-31T17:00:00Z,10.8,10.82,10.78,10.81,2536100
2024-05-31T18:00:00Z,10.81,10.83,10.78,10.81,3249700
2024-05-31T19:00:00Z,10.82,10.82,10.78,10.8,5869800
2024-06-03T13:00:00Z,10.74,10.8,10.66,10.68,6625200
2024-06-03T14:00:00Z,10.68,10.83,10.66,10.77,6442600
2024-06-03T15:00:00Z,10.77,10.82,10.76,10.8,2237100
2024-06-03T16:00:00Z,10.8,10.8,10.72,10.77,3137000
2024-06-03T17:00:00Z,10.77,10.83,10.76,10.79,3409900
2024-06-03T18:00:00Z,10.79,10.85,10.77,10.79,3303900
2024-06-03T19:00:00Z,10.8,10.81,10.71,10.71,8850600
2024-06-04T13:00:00Z,10.7,10.79,10.64,10.78,3988300
2024-06-04T14:00:00Z,10.78,10.82,10.73,10.75,3345700
2024-06-04T15:00:00Z,10.74,10.79,10.74,10.75,2347000
2024-06-04T16:00:00Z,10.75,10.78,10.72,10.76,2956800
2024-06-04T17:00:00Z,10.76,10.79,10.74,10.75,1574200
2024-06-04T18:00:00Z,10.75,10.77,10.73,10.74,2758400
2024-06-04T19:00:00Z,10.73,10.76,10.71,10.72,3988400
2024-06-05T13:00:00Z,10.71,10.74,10.65,10.73,5899100
2024-06-05T14:00:00Z,10.72,10.81,10.65,10.73,4874900
2024-06-05T15:00:00Z,10.74,10.8,10.72,10.79,4206100
2024-06-05T16:00:00Z,10.79,10.8,10.73,10.74,3701900
2024-06-05T17:00:00Z,10.73,10.76,10.7,10.72,3088700
2024-06-05T18:00:00Z,10.72,10.74,10.67,10.69,4228500
2024-06-05T19:00:00Z,10.7,10.72,10.66,10.71,4213300
2024-06-06T13:00:00Z,10.74,10.94,10.72,10.89,4493300
2024-06-06T14:00:00Z,10.89,10.98,10.88,10.96,3437000
2024-06-06T15:00:00Z,10.95,11.07,10.94,11.04,4349000
2024-06-06T16:00:00Z,11.03,11.04,10.98,11.02,3719200
2024-06-06T17:00:00Z,11.01,11.15,11,11.12,8507200
2024-06-06T18:00:00Z,11.13,11.14,11.1,11.11,4609000
2024-06-06T19:00:00Z,11.12,11.13,11.06,11.08,5854600
2024-06-07T13:00:00Z,10.9,10.99,10.78,10.9,7849400
2024-06-07T14:00:00Z,10.9,10.95,10.86,10.93,4192100
2024-06-07T15:00:00Z,10.93,10.94,10.9,10.9,1522500
2024-06-07T16:00:00Z,10.9,10.94,10.88,10.9,1905900
2024-06-07T17:00:00Z,10.89,10.91,10.83,10.86,2779900
2024-06-07T18:00:00Z,10.86,10.87,10.8,10.8,3103100
2024-06-07T19:00:00Z,10.81,10.82,10.73,10.76,5056800
2024-06-10T13:00:00Z,10.75,10.77,10.61,10.68,7050200
2024-06-10T14:00:00Z,10.68,10.72,10.66,10.66,2882400
2024-06-10T15:00:00Z,10.67,10.69,10.62,10.66,1573800
2024-06-10T16:00:00Z,10.66,10.69,10.63,10.63,2038700
2024-06-10T17:00:00Z,10.64,10.65,10.57,10.59,2581000
2024-06-10T18:00:00Z,10.58,10.63,10.54,10.57,4201600
2024-06-10T19:00:00Z,10.58,10.6,10.51,10.53,6849800
2024-06-11T13:00:00Z,10.58,10.65,10.5,10.59,7587200
2024-06-11T14:00:00Z,10.59,10.62,10.54,10.6,5322300
2024-06-11T15:00:00Z,10.6,10.61,10.53,10.59,2173800
2024-06-11T16:00:00Z,10.59,10.6,10.56,10.58,3108900
2024-06-11T17:00:00Z,10.58,10.61,10.54,10.6,12457700
2024-06-11T18:00:00Z,10.59,10.6,10.56,10.57,3127500
2024-06-11T19:00:00Z,10.57,10.6,10.54,10.57,8328100
2024-06-12T13:00:00Z,10.7,10.73,10.27,10.32,12522600
2024-06-12T14:00:00Z,10.31,10.4,10.28,10.36,8403800
2024-06-12T15:00:00Z,10.36,10.42,10.31,10.39,5110500
2024-06-12T16:00:00Z,10.4,10.48,10.38,10.44,3358000
2024-06-12T17:00:00Z,10.45,10.48,10.34,10.47,7466300
2024-06-12T18:00:00Z,10.48,10.48,10.31,10.37,5306400
2024-06-12T19:00:00Z,10.37,10.42,10.35,10.39,7215300
2024-06-13T13:00:00Z,10.31,10.39,10.07,10.11,19492500
2024-06-13T14:00:00Z,10.11,10.13,10.05,10.11,3713600
2024-06-13T15:00:00Z,10.11,10.22,10.1,10.17,12783000
2024-06-13T16:00:00Z,10.17,10.2,10.12,10.14,20945900
2024-06-13T17:00:00Z,10.13,10.15,10.11,10.13,5261700
2024-06-13T18:00:00Z,10.13,10.15,10.11,10.14,4630400
2024-06-13T19:00:00Z,10.13,10.14,10.08,10.11,9135200
2024-06-14T13:00:00Z,10.1,10.15,10.05,10.12,4432500
2024-06-14T14:00:00Z,10.12,10.26,10.11,10.26,5097500
2024-06-14T15:00:00Z,10.26,10.35,10.25,10.32,4153700
2024-06-14T16:00:00Z,10.33,10.4,10.31,10.37,2454400
2024-06-14T17:00:00Z,10.36,10.38,10.28,10.29,4187000
2024-06-14T18:00:00Z,10.29,10.39,10.29,10.35,3547600
2024-06-14T19:00:00Z,10.35,10.42,10.33,10.35,4353200
2024-06-17T13:00:00Z,10.3,10.43,10.29,10.38,2914000
2024-06-17T14:00:00Z,10.38,10.48,10.36,10.41,4171900
2024-06-17T15:00:00Z,10.41,10.48,10.39,10.44,4124200
2024-06-17T16:00:00Z,10.43,10.49,10.42,10.49,1933900
2024-06-17T17:00:00Z,10.48,10.52,10.48,10.51,3597300
2024-06-17T18:00:00Z,10.5,10.57,10.5,10.55,4527300
2024-06-17T19:00:00Z,10.55,10.56,10.48,10.54,8596000
2024-06-18T13:00:00Z,10.5,10.65,10.46,10.62,5481200
2024-06-18T14:00:00Z,10.64,10.67,10.58,10.61,3589500
2024-06-18T15:00:00Z,10.61,10.71,10.6,10.61,7837400
2024-06-18T16:00:00Z,10.61,10.64,10.6,10.63,2635600
2024-06-18T17:00:00Z,10.63,10.65,10.56,10.57,3342700
2024-06-18T18:00:00Z,10.56,10.6,10.55,10.55,3708600
2024-06-18T19:00:00Z,10.55,10.6,10.54,10.57,7305900
2024-06-19T13:00:00Z,10.44,10.48,10.35,10.36,4286500
2024-06-19T14:00:00Z,10.36,10.4,10.29,10.38,4548400
2024-06-19T15:00:00Z,10.37,10.4,10.31,10.38,3662100
2024-06-19T16:00:00Z,10.38,10.41,10.36,10.39,3125800
2024-06-19T17:00:00Z,10.39,10.41,10.35,10.38,3069200
2024-06-19T18:00:00Z,10.37,10.5,10.36,10.48,2831800
2024-06-19T19:00:00Z,10.48,10.54,10.46,10.49,7778600
2024-06-20T13:00:00Z,10.61,10.65,10.39,10.51,8234300
2024-06-20T14:00:00Z,10.51,10.58,10.46,10.49,9837600
2024-06-20T15:00:00Z,10.48,10.49,10.35,10.37,2991000
2024-06-20T16:00:00Z,10.37,10.38,10.3,10.36,3628400
2024-06-20T17:00:00Z,10.36,10.43,10.35,10.42,1477400
2024-06-20T18:00:00Z,10.42,10.43,10.36,10.38,1910000
2024-06-20T19:00:00Z,10.39,10.4,10.32,10.32,3124200
2024-06-21T13:00:00Z,10.33,10.43,10.28,10.41,4261400
2024-06-21T14:00:00Z,10.41,10.43,10.31,10.33,7570300
2024-06-21T15:00:00Z,10.33,10.39,10.33,10.37,3741500
2024-06-21T16:00:00Z,10.37,10.42,10.34,10.39,2742000
2024-06-21T17:00:00Z,10.39,10.41,10.32,10.35,3692500
2024-06-21T18:00:00Z,10.34,10.41,10.33,10.39,3130600
2024-06-21T19:00:00Z,10.39,10.44,10.38,10.39,8563700
2024-06-24T13:00:00Z,10.47,10.63,10.38,10.61,4040300
2024-06-24T14:00:00Z,10.61,10.63,10.59,10.6,1542600
2024-06-24T15:00:00Z,10.6,10.63,10.59,10.6,1034700
2024-06-24T16:00:00Z,10.6,10.63,10.58,10.61,1084200
2024-06-24T17:00:00Z,10.62,10.67,10.59,10.62,2772700
2024-06-24T18:00:00Z,10.61,10.62,10.51,10.52,5067800
2024-06-24T19:00:00Z,10.53,10.54,10.47,10.48,6549700
2024-06-25T13:00:00Z,10.47,10.48,10.36,10.41,2941200
2024-06-25T14:00:00Z,10.41,10.44,10.33,10.35,3729100
2024-06-25T15:00:00Z,10.35,10.39,10.34,10.37,1429500
2024-06-25T16:00:00Z,10.38,10.41,10.34,10.35,3260000
2024-06-25T17:00:00Z,10.35,10.39,10.33,10.37,7296800
2024-06-25T18:00:00Z,10.36,10.4,10.34,10.35,4417200
2024-06-25T19:00:00Z,10.36,10.37,10.28,10.3,6448200
2024-06-26T13:00:00Z,10.14,10.23,10.07,10.09,7166800
2024-06-26T14:00:00Z,10.1,10.17,10.09,10.1,6615500
2024-06-26T15:00:00Z,10.11,10.15,10.08,10.13,4623500
2024-06-26T16:00:00Z,10.13,10.18,10.12,10.17,6068700
2024-06-26T17:00:00Z,10.18,10.2,10.16,10.19,4947200
2024-06-26T18:00:00Z,10.19,10.23,10.16,10.16,5711900
2024-06-26T19:00:00Z,10.17,10.28,10.15,10.25,7264500
2024-06-27T13:00:00Z,10.23,10.33,10.22,10.31,2890000
2024-06-27T14:00:00Z,10.31,10.32,10.22,10.22,3305600
2024-06-27T15:00:00Z,10.22,10.31,10.19,10.31,4639800
2024-06-27T16:00:00Z,10.31,10.33,10.28,10.3,1326000
2024-06-27T17:00:00Z,10.31,10.37,10.26,10.36,1745000
2024-06-27T18:00:00Z,10.35,10.43,10.31,10.42,3789800
2024-06-27T19:00:00Z,10.43,10.43,10.34,10.37,3112500
2024-06-28T13:00:00Z,10.39,10.43,10.16,10.17,6334200
2024-06-28T14:00:00Z,10.18,10.24,10.14,10.24,2223800
2024-06-28T15:00:00Z,10.24,10.33,10.21,10.27,2338200
2024-06-28T16:00:00Z,10.27,10.28,10.21,10.25,1576100
2024-06-28T17:00:00Z,10.24,10.29,10.22,10.27,1789000
2024-06-28T18:00:00Z,10.27,10.28,10.2,10.22,2571300
2024-06-28T19:00:00Z,10.22,10.24,10.17,10.23,3868900
2024-07-01T13:00:00Z,10.23,10.45,10.19,10.39,7222900
2024-07-01T14:00:00Z,10.38,10.5,10.33,10.47,13066200
2024-07-01T15:00:00Z,10.47,10.5,10.45,10.47,3401600
2024-07-01T16:00:00Z,10.48,10.51,10.46,10.49,2630400
2024-07-01T17:00:00Z,10.48,10.5,10.44,10.46,4274800
2024-07-01T18:00:00Z,10.46,10.52,10.41,10.46,6806600
2024-07-01T19:00:00Z,10.45,10.48,10.4,10.42,7216600
2024-07-02T13:00:00Z,10.49,10.55,10.41,10.5,6655000
2024-07-02T14:00:00Z,10.48,10.54,10.42,10.51,7606000
2024-07-02T15:00:00Z,10.5,10.53,10.45,10.49,9325900
2024-07-02T16:00:00Z,10.49,10.51,10.42,10.45,2865900
2024-07-02T17:00:00Z,10.45,10.52,10.43,10.47,3051600
2024-07-02T18:00:00Z,10.48,10.51,10.44,10.48,3912300
2024-07-02T19:00:00Z,10.48,10.51,10.44,10.51,5259400
2024-07-03T13:00:00Z,10.59,10.63,10.42,10.49,14994700
2024-07-03T14:00:00Z,10.49,10.56,10.48,10.53,12473000
2024-07-03T15:00:00Z,10.53,10.56,10.49,10.51,5484400
2024-07-03T16:00:00Z,10.51,10.52,10.45,10.47,7302900
2024-07-03T17:00:00Z,10.48,10.48,10.42,10.47,4451700
2024-07-03T18:00:00Z,10.47,10.5,10.45,10.48,3491800
2024-07-03T19:00:00Z,10.48,10.5,10.45,10.45,2281800
2024-07-04T13:00:00Z,10.49,10.6,10.46,10.56,16117500
2024-07-04T14:00:00Z,10.56,10.6,10.53,10.59,3663800
2024-07-04T15:00:00Z,10.59,10.61,10.55,10.57,3156300
2024-07-04T16:00:00Z,10.57,10.61,10.57,10.6,2794300
2024-07-04T17:00:00Z,10.61,10.64,10.57,10.63,3844800
2024-07-04T18:00:00Z,10.62,10.65,10.57,10.6,4552800
2024-07-04T19:00:00Z,10.6,10.63,10.57,10.6,6010800
2024-07-05T13:00:00Z,10.64,10.64,10.43,10.48,4359500
2024-07-05T14:00:00Z,10.48,10.5,10.4,10.47,3239900
2024-07-05T15:00:00Z,10.46,10.51,10.43,10.48,4006000
2024-07-05T16:00:00Z,10.48,10.55,10.47,10.49,2202800
2024-07-05T17:00:00Z,10.5,10.53,10.41,10.51,3275500
2024-07-05T18:00:00Z,10.5,10.54,10.47,10.53,2894600
2024-07-05T19:00:00Z,10.53,10.56,10.51,10.54,2261600
2024-07-08T13:00:00Z,10.43,10.66,10.43,10.63,7264200
2024-07-08T14:00:00Z,10.63,10.67,10.56,10.65,17982000
2024-07-08T15:00:00Z,10.66,10.75,10.64,10.74,3541200
2024-07-08T16:00:00Z,10.75,10.76,10.71,10.71,2944900
2024-07-08T17:00:00Z,10.72,10.73,10.66,10.71,4488200
2024-07-08T18:00:00Z,10.72,10.75,10.68,10.7,2205500
2024-07-08T19:00:00Z,10.7,10.71,10.67,10.69,2934400
2024-07-09T13:00:00Z,10.68,10.74,10.56,10.69,2558000
2024-07-09T14:00:00Z,10.69,10.69,10.63,10.66,1571700
2024-07-09T15:00:00Z,10.66,10.68,10.6,10.67,1014000
2024-07-09T16:00:00Z,10.67,10.72,10.67,10.7,1911500
2024-07-09T17:00:00Z,10.71,10.73,10.66,10.66,4422300
2024-07-09T18:00:00Z,10.66,10.69,10.59,10.62,4730400
2024-07-09T19:00:00Z,10.61,10.66,10.61,10.61,4004700
2024-07-10T13:00:00Z,10.7,10.72,10.64,10.68,10745200
2024-07-10T14:00:00Z,10.68,10.73,10.63,10.67,8959300
2024-07-10T15:00:00Z,10.67,10.7,10.65,10.67,5021400
2024-07-10T16:00:00Z,10.67,10.73,10.66,10.67,3120300
2024-07-10T17:00:00Z,10.68,10.72,10.67,10.7,2931200
2024-07-10T18:00:00Z,10.71,10.72,10.68,10.7,5436600
2024-07-10T19:00:00Z,10.7,10.72,10.68,10.71,5317400
2024-07-11T13:00:00Z,10.84,10.88,10.73,10.85,5547600
2024-07-11T14:00:00Z,10.86,10.97,10.8,10.97,5447600
2024-07-11T15:00:00Z,10.97,11.02,10.95,10.98,4692800
2024-07-11T16:00:00Z,10.98,11.02,10.95,10.98,3038000
2024-07-11T17:00:00Z,10.99,11.11,10.97,11.1,11331600
2024-07-11T18:00:00Z,11.1,11.11,11.01,11.03,12329700
2024-07-11T19:00:00Z,11.03,11.06,11.01,11.04,14145000
2024-07-12T13:00:00Z,11.05,11.29,11.03,11.23,11640500
2024-07-12T14:00:00Z,11.23,11.5,11.21,11.47,16000200
2024-07-12T15:00:00Z,11.46,11.5,11.38,11.38,6631700
2024-07-12T16:00:00Z,11.38,11.46,11.38,11.42,3914800
2024-07-12T17:00:00Z,11.43,11.49,11.4,11.48,5721600
2024-07-12T18:00:00Z,11.49,11.5,11.43,11.5,6628500
2024-07-12T19:00:00Z,11.49,11.52,11.47,11.48,10476100
2024-07-15T13:00:00Z,11.5,11.56,11.43,11.48,4252600
2024-07-15T14:00:00Z,11.49,11.53,11.44,11.52,3292000
2024-07-15T15:00:00Z,11.52,11.52,11.44,11.51,3221600
2024-07-15T16:00:00Z,11.51,11.51,11.44,11.49,3831000
2024-07-15T17:00:00Z,11.49,11.51,11.46,11.48,2339800
2024-07-15T18:00:00Z,11.48,11.5,11.45,11.48,2537300
2024-07-15T19:00:00Z,11.48,11.51,11.46,11.49,2578100
2024-07-16T13:00:00Z,11.45,11.69,11.45,11.63,5043700
2024-07-16T14:00:00Z,11.63,11.65,11.57,11.62,4379800
2024-07-16T15:00:00Z,11.62,11.65,11.54,11.57,2515600
2024-07-16T16:00:00Z,11.57,11.58,11.52,11.54,2809400
2024-07-16T17:00:00Z,11.52,11.57,11.48,11.54,3203000
2024-07-16T18:00:00Z,11.55,11.59,11.49,11.5,3249300
2024-07-16T19:00:00Z,11.51,11.53,11.49,11.52,3545900
2024-07-17T13:00:00Z,11.51,11.55,11.45,11.47,4137900
2024-07-17T14:00:00Z,11.48,11.55,11.4,11.52,4179300
2024-07-17T15:00:00Z,11.52,11.56,11.45,11.46,3059600
2024-07-17T16:00:00Z,11.46,11.48,11.4,11.45,5526500
2024-07-17T17:00:00Z,11.45,11.48,11.43,11.46,2777200
2024-07-17T18:00:00Z,11.46,11.5,11.44,11.45,3181200
2024-07-17T19:00:00Z,11.46,11.52,11.45,11.48,6266500
2024-07-18T13:00:00Z,11.42,11.51,11.35,11.47,7587400
2024-07-18T14:00:00Z,11.48,11.49,11.34,11.36,10647700
2024-07-18T15:00:00Z,11.35,11.37,11.28,11.31,4108900
2024-07-18T16:00:00Z,11.31,11.33,11.24,11.27,5613900
2024-07-18T17:00:00Z,11.26,11.29,11.13,11.26,3934600
2024-07-18T18:00:00Z,11.26,11.26,11.14,11.21,5589100
2024-07-18T19:00:00Z,11.22,11.23,11.17,11.17,5439000
2024-07-19T13:00:00Z,11.22,11.36,11.22,11.29,2492100
2024-07-19T14:00:00Z,11.28,11.32,11.23,11.25,1410300
2024-07-19T15:00:00Z,11.26,11.27,11.21,11.24,1534000
2024-07-19T16:00:00Z,11.24,11.31,11.24,11.26,2693100
2024-07-19T17:00:00Z,11.26,11.3,11.25,11.27,1918300
2024-07-19T18:00:00Z,11.27,11.28,11.15,11.17,3196000
2024-07-19T19:00:00Z,11.17,11.25,11.16,11.19,9507600
2024-07-22T13:00:00Z,11.18,11.23,11.13,11.15,1493500
2024-07-22T14:00:00Z,11.15,11.29,11.14,11.25,3104800
2024-07-22T15:00:00Z,11.25,11.34,11.21,11.32,2571700
2024-07-22T16:00:00Z,11.32,11.36,11.31,11.35,1073700
2024-07-22T17:00:00Z,11.35,11.42,11.34,11.36,2072600
2024-07-22T18:00:00Z,11.37,11.44,11.31,11.31,2201200
2024-07-22T19:00:00Z,11.32,11.33,11.3,11.31,1538100
2024-07-23T13:00:00Z,11.29,11.32,11.21,11.25,2762600
2024-07-23T14:00:00Z,11.24,11.32,11.23,11.3,3583300
2024-07-23T15:00:00Z,11.3,11.32,11.25,11.32,1183100
2024-07-23T16:00:00Z,11.32,11.32,11.26,11.28,3179300
2024-07-23T17:00:00Z,11.26,11.28,11.21,11.25,1857600
2024-07-23T18:00:00Z,11.25,11.25,11.2,11.21,2016400
2024-07-23T19:00:00Z,11.21,11.22,11.17,11.21,2776300
2024-07-24T13:00:00Z,11.11,11.15,11.04,11.07,2371200
2024-07-24T14:00:00Z,11.07,11.12,11.06,11.1,1572700
2024-07-24T15:00:00Z,11.09,11.16,11.08,11.12,2712600
2024-07-24T16:00:00Z,11.12,11.15,11.07,11.13,1856800
2024-07-24T17:00:00Z,11.13,11.16,11.08,11.09,1772400
2024-07-24T18:00:00Z,11.09,11.11,11.03,11.07,2175800
2024-07-24T19:00:00Z,11.06,11.08,11.03,11.08,3485000
2024-07-25T13:00:00Z,10.97,11.06,10.89,10.93,2528200
2024-07-25T14:00:00Z,10.92,10.97,10.89,10.92,1737100
2024-07-25T15:00:00Z,10.91,10.92,10.88,10.91,1262800
2024-07-25T16:00:00Z,10.9,10.96,10.87,10.94,1864800
2024-07-25T17:00:00Z,10.93,10.94,10.86,10.88,1390200
2024-07-25T18:00:00Z,10.89,10.9,10.82,10.86,2365700
2024-07-25T19:00:00Z,10.87,10.91,10.85,10.88,2777700
2024-07-26T13:00:00Z,10.88,10.91,10.81,10.88,1603300
2024-07-26T14:00:00Z,10.88,11.04,10.87,10.98,3560300
2024-07-26T15:00:00Z,10.99,11.01,10.94,10.97,2122800
2024-07-26T16:00:00Z,10.97,10.98,10.92,10.96,1098500
2024-07-26T17:00:00Z,10.95,10.98,10.93,10.96,1447500
2024-07-26T18:00:00Z,10.97,11.01,10.93,10.95,4326100
2024-07-26T19:00:00Z,10.96,10.97,10.93,10.96,1684000
2024-07-29T13:00:00Z,10.95,10.98,10.87,10.88,1461300
2024-07-29T14:00:00Z,10.88,10.96,10.87,10.88,3207300
2024-07-29T15:00:00Z,10.88,10.89,10.82,10.85,671800
2024-07-29T16:00:00Z,10.85,10.89,10.83,10.87,1349200
2024-07-29T17:00:00Z,10.89,10.89,10.82,10.83,1418200
2024-07-29T18:00:00Z,10.82,10.88,10.82,10.86,2133000
2024-07-29T19:00:00Z,10.87,10.9,10.83,10.87,3597100
2024-07-30T13:00:00Z,10.78,10.83,10.68,10.73,3882500
2024-07-30T14:00:00Z,10.73,10.84,10.7,10.83,7113200
2024-07-30T15:00:00Z,10.83,10.83,10.77,10.79,1279900
2024-07-30T16:00:00Z,10.79,10.79,10.71,10.71,1318200
2024-07-30T17:00:00Z,10.72,10.76,10.69,10.74,1933100
2024-07-30T18:00:00Z,10.73,10.76,10.72,10.74,1494000
2024-07-30T19:00:00Z,10.75,10.81,10.73,10.8,2992800
2024-07-31T13:00:00Z,10.78,10.86,10.73,10.73,5408000
2024-07-31T14:00:00Z,10.73,10.76,10.67,10.7,2759200
2024-07-31T15:00:00Z,10.71,10.81,10.7,10.77,4419000
2024-07-31T16:00:00Z,10.77,10.81,10.76,10.79,2269300
2024-07-31T17:00:00Z,10.79,10.8,10.73,10.77,2012200
2024-07-31T18:00:00Z,10.78,10.85,10.73,10.84,3761200
2024-07-31T19:00:00Z,10.83,10.86,10.78,10.82,7568800
2024-08-01T13:00:00Z,10.87,11.15,10.85,11.12,9878800
2024-08-01T14:00:00Z,11.12,11.26,11.09,11.19,11381100
2024-08-01T15:00:00Z,11.19,11.2,10.95,10.95,4720200
2024-08-01T16:00:00Z,10.95,10.98,10.86,10.92,6032600
2024-08-01T17:00:00Z,10.92,10.93,10.85,10.9,3285800
2024-08-01T18:00:00Z,10.9,10.91,10.78,10.8,3185600
2024-08-01T19:00:00Z,10.8,10.87,10.77,10.86,4765100
2024-08-02T13:00:00Z,10.9,11.08,10.87,10.94,4261300
2024-08-02T14:00:00Z,10.94,10.98,10.85,10.87,3838100
2024-08-02T15:00:00Z,10.87,10.91,10.8,10.86,3568600
2024-08-02T16:00:00Z,10.87,10.93,10.85,10.91,4181500
2024-08-02T17:00:00Z,10.9,11.01,10.89,10.96,4970200
2024-08-02T18:00:00Z,10.95,10.96,10.82,10.82,10184400
2024-08-02T19:00:00Z,10.82,10.87,10.76,10.78,17229600
2024-08-05T13:00:00Z,10.47,10.62,10.43,10.6,9416800
2024-08-05T14:00:00Z,10.6,10.66,10.52,10.53,3425600
2024-08-05T15:00:00Z,10.52,10.73,10.5,10.73,8716800
2024-08-05T16:00:00Z,10.71,10.79,10.69,10.78,3974400
2024-08-05T17:00:00Z,10.77,10.87,10.75,10.8,3354400
2024-08-05T18:00:00Z,10.81,10.85,10.77,10.81,4288500
2024-08-05T19:00:00Z,10.81,10.87,10.79,10.84,3737000
2024-08-06T13:00:00Z,10.98,11.07,10.8,10.8,5318900
2024-08-06T14:00:00Z,10.81,10.82,10.62,10.62,6161100
2024-08-06T15:00:00Z,10.62,10.69,10.61,10.67,4210500
2024-08-06T16:00:00Z,10.67,10.84,10.67,10.77,4176500
2024-08-06T17:00:00Z,10.77,10.88,10.77,10.85,3513800
2024-08-06T18:00:00Z,10.85,10.96,10.85,10.91,2574900
2024-08-06T19:00:00Z,10.91,10.93,10.86,10.87,3431400
2024-08-07T13:00:00Z,10.98,11.17,10.92,11.14,4256000
2024-08-07T14:00:00Z,11.14,11.14,10.95,11,4374000
2024-08-07T15:00:00Z,11,11.1,10.96,11.1,2606200
2024-08-07T16:00:00Z,11.08,11.12,11.03,11.07,2003900
2024-08-07T17:00:00Z,11.07,11.09,11.03,11.05,1810100
2024-08-07T18:00:00Z,11.05,11.15,11.04,11.13,3826400
2024-08-07T19:00:00Z,11.13,11.15,11.05,11.08,4622900
2024-08-08T13:00:00Z,11.15,11.26,11.09,11.23,4670400
2024-08-08T14:00:00Z,11.23,11.27,11.19,11.22,2919100
2024-08-08T15:00:00Z,11.22,11.29,11.21,11.26,2479000
2024-08-08T16:00:00Z,11.26,11.3,11.25,11.25,888000
2024-08-08T17:00:00Z,11.25,11.36,11.22,11.29,2814700
2024-08-08T18:00:00Z,11.3,11.34,11.26,11.3,2614100
2024-08-08T19:00:00Z,11.3,11.31,11.2,11.25,4112300
2024-08-09T13:00:00Z,11.71,11.78,11.61,11.64,9834500
2024-08-09T14:00:00Z,11.65,11.79,11.62,11.78,7645300
2024-08-09T15:00:00Z,11.78,11.91,11.77,11.85,6158700
2024-08-09T16:00:00Z,11.87,12.07,11.83,12.04,11429400
2024-08-09T17:00:00Z,12.04,12.13,12.02,12.03,6785600
2024-08-09T18:00:00Z,12.04,12.08,11.98,12.03,3809100
2024-08-09T19:00:00Z,12.03,12.03,11.95,12,6843000
2024-08-12T13:00:00Z,12.09,12.29,12.04,12.26,7235700
2024-08-12T14:00:00Z,12.26,12.29,12.2,12.23,5940400
2024-08-12T15:00:00Z,12.24,12.24,12.11,12.17,6796100
2024-08-12T16:00:00Z,12.17,12.24,12.15,12.17,2955700
2024-08-12T17:00:00Z,12.17,12.18,12.1,12.14,5495200
2024-08-12T18:00:00Z,12.14,12.23,12.13,12.22,4196200
2024-08-12T19:00:00Z,12.22,12.23,12.19,12.21,6716100
2024-08-13T13:00:00Z,12.29,12.55,12.24,12.53,6118400
2024-08-13T14:00:00Z,12.53,12.57,12.4,12.49,8398900
2024-08-13T15:00:00Z,12.49,12.49,12.4,12.47,3581200
2024-08-13T16:00:00Z,12.48,12.53,12.45,12.52,2815900
2024-08-13T17:00:00Z,12.52,12.54,12.49,12.5,3908600
2024-08-13T18:00:00Z,12.51,12.62,12.5,12.59,5654000
2024-08-13T19:00:00Z,12.59,12.62,12.55,12.61,6591700
2024-08-14T13:00:00Z,12.65,12.8,12.58,12.67,8742400
2024-08-14T14:00:00Z,12.68,12.7,12.52,12.58,9493000
2024-08-14T15:00:00Z,12.58,12.71,12.56,12.68,3431100
2024-08-14T16:00:00Z,12.69,12.76,12.67,12.75,3489400
2024-08-14T17:00:00Z,12.76,12.79,12.71,12.74,4209200
2024-08-14T18:00:00Z,12.75,12.8,12.73,12.79,4313200
2024-08-14T19:00:00Z,12.8,12.8,12.68,12.72,7231300
2024-08-15T13:00:00Z,12.7,12.8,12.61,12.71,3985800
2024-08-15T14:00:00Z,12.72,12.75,12.68,12.72,3438700
2024-08-15T15:00:00Z,12.72,12.83,12.72,12.79,4593900
2024-08-15T16:00:00Z,12.79,12.83,12.76,12.79,1840500
2024-08-15T17:00:00Z,12.79,12.8,12.71,12.74,2684200
2024-08-15T18:00:00Z,12.74,12.77,12.65,12.7,3720000
2024-08-15T19:00:00Z,12.72,12.74,12.66,12.71,2604300
2024-08-16T13:00:00Z,12.8,12.92,12.76,12.86,3815800
2024-08-16T14:00:00Z,12.86,12.87,12.6,12.61,6082300
2024-08-16T15:00:00Z,12.61,12.63,12.53,12.54,5396900
2024-08-16T16:00:00Z,12.53,12.63,12.52,12.63,1927100
2024-08-16T17:00:00Z,12.62,12.64,12.53,12.57,1976200
2024-08-16T18:00:00Z,12.57,12.58,12.43,12.47,4319400
2024-08-16T19:00:00Z,12.47,12.49,12.41,12.45,5517200
2024-08-19T13:00:00Z,12.61,12.71,12.55,12.69,3049600
2024-08-19T14:00:00Z,12.7,12.72,12.63,12.7,2841000
2024-08-19T15:00:00Z,12.69,12.77,12.66,12.73,2941400
2024-08-19T16:00:00Z,12.73,12.87,12.72,12.85,3758300
2024-08-19T17:00:00Z,12.86,12.91,12.82,12.86,6445700
2024-08-19T18:00:00Z,12.86,12.91,12.78,12.8,4632600
2024-08-19T19:00:00Z,12.8,12.83,12.76,12.82,4786400
2024-08-20T13:00:00Z,12.77,12.96,12.76,12.84,5133300
2024-08-20T14:00:00Z,12.85,12.93,12.83,12.93,4506400
2024-08-20T15:00:00Z,12.93,13.02,12.9,12.94,7370600
2024-08-20T16:00:00Z,12.93,12.95,12.9,12.94,6948800
2024-08-20T17:00:00Z,12.93,12.94,12.88,12.92,5240600
2024-08-20T18:00:00Z,12.92,12.94,12.9,12.9,5977900
2024-08-20T19:00:00Z,12.9,12.95,12.87,12.9,8842900
2024-08-21T13:00:00Z,12.96,12.96,12.83,12.9,9717100
2024-08-21T14:00:00Z,12.9,12.94,12.84,12.94,14918700
2024-08-21T15:00:00Z,12.93,12.96,12.92,12.94,7034100
2024-08-21T16:00:00Z,12.95,12.96,12.92,12.94,3233000
2024-08-21T17:00:00Z,12.95,12.95,12.91,12.95,3805200
2024-08-21T18:00:00Z,12.95,12.96,12.93,12.95,7945500
2024-08-21T19:00:00Z,12.95,12.95,12.91,12.93,5610200
2024-08-22T13:00:00Z,12.89,12.96,12.76,12.79,9942500
2024-08-22T14:00:00Z,12.8,12.82,12.61,12.63,7284800
2024-08-22T15:00:00Z,12.63,12.66,12.55,12.58,3111700
2024-08-22T16:00:00Z,12.58,12.65,12.56,12.64,3419500
2024-08-22T17:00:00Z,12.64,12.66,12.6,12.63,2186200
2024-08-22T18:00:00Z,12.63,12.65,12.5,12.55,6450600
2024-08-22T19:00:00Z,12.55,12.58,12.53,12.55,5303900
2024-08-23T13:00:00Z,12.65,12.74,12.54,12.57,5346300
2024-08-23T14:00:00Z,12.55,12.84,12.55,12.82,16533100
2024-08-23T15:00:00Z,12.8,12.85,12.74,12.84,8208300
2024-08-23T16:00:00Z,12.84,12.85,12.75,12.78,5313200
2024-08-23T17:00:00Z,12.78,12.8,12.75,12.78,2565500
2024-08-23T18:00:00Z,12.79,12.8,12.7,12.71,6541200
2024-08-23T19:00:00Z,12.71,12.79,12.69,12.76,9589000
2024-08-26T13:00:00Z,12.8,12.85,12.7,12.77,2688900
2024-08-26T14:00:00Z,12.76,12.8,12.7,12.75,3500400
2024-08-26T15:00:00Z,12.74,12.8,12.71,12.78,3230900
2024-08-26T16:00:00Z,12.78,12.8,12.75,12.76,4075000
2024-08-26T17:00:00Z,12.77,12.8,12.71,12.77,4607000
2024-08-26T18:00:00Z,12.77,12.8,12.74,12.77,2382600
2024-08-26T19:00:00Z,12.77,12.8,12.74,12.8,6171900
2024-08-27T13:00:00Z,12.8,12.81,12.7,12.8,3405100
2024-08-27T14:00:00Z,12.79,12.83,12.72,12.73,8922300
2024-08-27T15:00:00Z,12.75,12.76,12.66,12.66,4116000
2024-08-27T16:00:00Z,12.67,12.7,12.65,12.67,2790500
2024-08-27T17:00:00Z,12.68,12.7,12.62,12.65,6936000
2024-08-27T18:00:00Z,12.65,12.69,12.64,12.67,4684400
2024-08-27T19:00:00Z,12.67,12.73,12.65,12.71,4756800
2024-08-28T13:00:00Z,12.57,12.68,12.56,12.64,4102800
2024-08-28T14:00:00Z,12.63,12.75,12.63,12.75,4388200
2024-08-28T15:00:00Z,12.74,12.76,12.66,12.75,3893900
2024-08-28T16:00:00Z,12.74,12.75,12.66,12.72,4369600
2024-08-28T17:00:00Z,12.72,12.74,12.65,12.65,4208000
2024-08-28T18:00:00Z,12.65,12.73,12.63,12.71,3185000
2024-08-28T19:00:00Z,12.71,12.75,12.69,12.75,4099600
2024-08-29T13:00:00Z,12.6,12.67,12.54,12.55,4700400
2024-08-29T14:00:00Z,12.55,12.56,12.47,12.49,5913900
2024-08-29T15:00:00Z,12.5,12.5,12.43,12.47,8458600
2024-08-29T16:00:00Z,12.47,12.49,12.44,12.47,5088700
2024-08-29T17:00:00Z,12.47,12.55,12.46,12.54,4708000
2024-08-29T18:00:00Z,12.53,12.59,12.51,12.56,3532900
2024-08-29T19:00:00Z,12.57,12.61,12.54,12.61,4727100
2024-08-30T13:00:00Z,12.43,12.54,12.37,12.45,11451300
2024-08-30T14:00:00Z,12.45,12.6,12.42,12.56,3781200
2024-08-30T15:00:00Z,12.56,12.58,12.51,12.51,2192900
2024-08-30T16:00:00Z,12.51,12.57,12.48,12.49,8788400
2024-08-30T17:00:00Z,12.49,12.59,12.48,12.56,6985700
2024-08-30T18:00:00Z,12.56,12.62,12.54,12.58,3646100
2024-08-30T19:00:00Z,12.58,12.7,12.58,12.63,8122000
2024-09-02T13:00:00Z,12.59,12.64,12.42,12.44,4178600
2024-09-02T14:00:00Z,12.43,12.45,12.37,12.41,3148900
2024-09-02T15:00:00Z,12.4,12.47,12.38,12.46,1289600
2024-09-02T16:00:00Z,12.46,12.47,12.41,12.47,808200
2024-09-02T17:00:00Z,12.46,12.53,12.45,12.51,1481300
2024-09-02T18:00:00Z,12.5,12.52,12.47,12.48,894800
2024-09-02T19:00:00Z,12.48,12.49,12.42,12.46,2660400
2024-09-03T13:00:00Z,12.45,12.52,12.38,12.4,2093100
2024-09-03T14:00:00Z,12.4,12.45,12.34,12.34,2270200
2024-09-03T15:00:00Z,12.34,12.38,12.24,12.25,10211200
2024-09-03T16:00:00Z,12.25,12.28,12.24,12.27,1644800
2024-09-03T17:00:00Z,12.27,12.31,12.2,12.21,8403400
2024-09-03T18:00:00Z,12.21,12.22,12.12,12.14,5196500
2024-09-03T19:00:00Z,12.15,12.19,12.12,12.18,5274400
2024-09-04T13:00:00Z,12.12,12.55,12.12,12.52,6100800
2024-09-04T14:00:00Z,12.53,12.77,12.51,12.77,6292200
2024-09-04T15:00:00Z,12.75,12.77,12.61,12.61,5206000
2024-09-04T16:00:00Z,12.61,12.63,12.52,12.59,8011700
2024-09-04T17:00:00Z,12.59,12.62,12.54,12.58,3648700
2024-09-04T18:00:00Z,12.59,12.65,12.55,12.58,4185100
2024-09-04T19:00:00Z,12.58,12.65,12.55,12.57,6929600
2024-09-05T13:00:00Z,12.53,12.57,12.43,12.55,2394200
2024-09-05T14:00:00Z,12.54,12.6,12.48,12.49,2620000
2024-09-05T15:00:00Z,12.49,12.53,12.44,12.5,2082500
2024-09-05T16:00:00Z,12.5,12.57,12.47,12.57,1699300
2024-09-05T17:00:00Z,12.57,12.59,12.5,12.56,1507000
2024-09-05T18:00:00Z,12.56,12.58,12.52,12.57,1290300
2024-09-05T19:00:00Z,12.57,12.59,12.53,12.56,4570300
2024-09-06T13:00:00Z,12.51,12.55,12.43,12.45,3176000
2024-09-06T14:00:00Z,12.45,12.48,12.22,12.25,9798400
2024-09-06T15:00:00Z,12.23,12.31,12.22,12.29,2113400
2024-09-06T16:00:00Z,12.28,12.3,12.24,12.26,1217200
2024-09-06T17:00:00Z,12.26,12.31,12.22,12.24,2189400
2024-09-06T18:00:00Z,12.24,12.29,12.22,12.27,1979800
2024-09-06T19:00:00Z,12.27,12.32,12.25,12.26,3766800
2024-09-09T13:00:00Z,12.23,12.32,12.23,12.28,1521200
2024-09-09T14:00:00Z,12.29,12.32,12.21,12.23,1720600
2024-09-09T15:00:00Z,12.24,12.29,12.22,12.25,962000
2024-09-09T16:00:00Z,12.25,12.3,12.22,12.29,1054900
2024-09-09T17:00:00Z,12.29,12.32,12.21,12.25,1907100
2024-09-09T18:00:00Z,12.27,12.28,12.23,12.28,1353700
2024-09-09T19:00:00Z,12.28,12.33,12.26,12.29,2867300
2024-09-10T13:00:00Z,12.22,12.34,12.2,12.22,4284000
2024-09-10T14:00:00Z,12.23,12.27,12.17,12.25,6894900
2024-09-10T15:00:00Z,12.25,12.34,12.24,12.32,27044100
2024-09-10T16:00:00Z,12.32,12.35,12.26,12.32,1960400
2024-09-10T17:00:00Z,12.33,12.39,12.32,12.39,2581100
2024-09-10T18:00:00Z,12.38,12.46,12.38,12.39,14886900
2024-09-10T19:00:00Z,12.39,12.45,12.38,12.42,5478000
2024-09-11T13:00:00Z,12.19,12.25,11.97,12.07,15980500
2024-09-11T14:00:00Z,12.06,12.11,11.84,11.89,16207800
2024-09-11T15:00:00Z,11.9,11.99,11.88,11.97,4933100
2024-09-11T16:00:00Z,11.97,12.1,11.97,12.04,5323800
2024-09-11T17:00:00Z,12.05,12.15,12.04,12.12,4813300
2024-09-11T18:00:00Z,12.13,12.18,12.07,12.14,5330300
2024-09-11T19:00:00Z,12.15,12.18,12.09,12.15,7421500
2024-09-12T13:00:00Z,12.15,12.28,12.02,12.03,11900100
2024-09-12T14:00:00Z,12.03,12.06,11.96,11.97,8819500
2024-09-12T15:00:00Z,11.96,12.03,11.96,11.96,2984300
2024-09-12T16:00:00Z,11.96,12.05,11.94,12.03,3262500
2024-09-12T17:00:00Z,12.04,12.12,12.01,12.06,4285400
2024-09-12T18:00:00Z,12.08,12.09,12,12,7317200
2024-09-12T19:00:00Z,12.01,12.06,12.01,12.03,6240800
2024-09-13T13:00:00Z,12.15,12.31,12.13,12.25,14018000
2024-09-13T14:00:00Z,12.25,12.35,12.22,12.35,27119800
2024-09-13T15:00:00Z,12.35,12.38,12.29,12.3,3467600
2024-09-13T16:00:00Z,12.3,12.34,12.25,12.26,2383700
2024-09-13T17:00:00Z,12.27,12.27,12.21,12.24,2328800
2024-09-13T18:00:00Z,12.23,12.24,12.13,12.15,5549300
2024-09-13T19:00:00Z,12.15,12.2,12.09,12.16,7194800
2024-09-16T13:00:00Z,12.2,12.23,12.11,12.16,5072700
2024-09-16T14:00:00Z,12.16,12.24,12.15,12.17,6717300
2024-09-16T15:00:00Z,12.17,12.18,12.1,12.14,2282500
2024-09-16T16:00:00Z,12.14,12.19,12.13,12.15,2000100
2024-09-16T17:00:00Z,12.16,12.2,12.13,12.2,1326600
2024-09-16T18:00:00Z,12.2,12.2,12.16,12.17,773300
2024-09-16T19:00:00Z,12.16,12.18,12.13,12.16,4692900
2024-09-17T13:00:00Z,12.13,12.15,12.03,12.08,2104900
2024-09-17T14:00:00Z,12.09,12.17,12.08,12.15,1971100
2024-09-17T15:00:00Z,12.15,12.22,12.14,12.19,2322600
2024-09-17T16:00:00Z,12.19,12.22,12.15,12.17,1309200
2024-09-17T17:00:00Z,12.17,12.2,12.13,12.2,1273500
2024-09-17T18:00:00Z,12.2,12.21,12.18,12.19,3377900
2024-09-17T19:00:00Z,12.2,12.24,12.19,12.21,4031600
2024-09-18T13:00:00Z,12.18,12.26,12.12,12.21,2006100
2024-09-18T14:00:00Z,12.21,12.24,12.17,12.18,17201400
2024-09-18T15:00:00Z,12.19,12.19,12.09,12.11,2265400
2024-09-18T16:00:00Z,12.11,12.11,12.09,12.11,907000
2024-09-18T17:00:00Z,12.11,12.2,12.09,12.16,1519300
2024-09-18T18:00:00Z,12.17,12.38,12.14,12.22,9051800
2024-09-18T19:00:00Z,12.23,12.24,12.1,12.13,6893300
2024-09-19T13:00:00Z,12.22,12.26,12.14,12.2,7233700
2024-09-19T14:00:00Z,12.2,12.26,12.04,12.09,4934800
2024-09-19T15:00:00Z,12.1,12.14,12.04,12.04,3337800
2024-09-19T16:00:00Z,12.04,12.12,12.04,12.1,2003400
2024-09-19T17:00:00Z,12.1,12.11,12.04,12.07,1748600
2024-09-19T18:00:00Z,12.06,12.1,12.01,12.05,2570600
2024-09-19T19:00:00Z,12.06,12.08,12.01,12.07,26609800
2024-09-20T13:00:00Z,12,12.06,11.77,11.84,6227100
2024-09-20T14:00:00Z,11.86,11.88,11.75,11.78,3557400
2024-09-20T15:00:00Z,11.78,11.79,11.7,11.72,4570900
2024-09-20T16:00:00Z,11.73,11.75,11.63,11.64,5287600
2024-09-20T17:00:00Z,11.64,11.65,11.58,11.59,6341900
2024-09-20T18:00:00Z,11.6,11.64,11.57,11.6,8555900
2024-09-20T19:00:00Z,11.6,11.62,11.58,11.59,6650300
2024-09-23T13:00:00Z,11.55,11.55,11.38,11.4,5969100
2024-09-23T14:00:00Z,11.4,11.44,11.31,11.4,4311100
2024-09-23T15:00:00Z,11.4,11.43,11.29,11.3,11248900
2024-09-23T16:00:00Z,11.29,11.31,11.26,11.27,9247700
2024-09-23T17:00:00Z,11.27,11.3,11.24,11.29,4870000
2024-09-23T18:00:00Z,11.28,11.3,11.19,11.21,10363300
2024-09-23T19:00:00Z,11.2,11.27,11.19,11.24,8233100
2024-09-24T13:00:00Z,11.36,11.42,11.29,11.35,44714000
2024-09-24T14:00:00Z,11.35,11.39,11.22,11.23,5828700
2024-09-24T15:00:00Z,11.24,11.26,11.17,11.24,5685300
2024-09-24T16:00:00Z,11.25,11.29,11.22,11.26,2746200
2024-09-24T17:00:00Z,11.26,11.28,11.23,11.26,3134400
2024-09-24T18:00:00Z,11.27,11.31,11.26,11.29,5266200
2024-09-24T19:00:00Z,11.28,11.3,11.21,11.25,10919000
2024-09-25T13:00:00Z,11.18,11.25,11.03,11.11,7919500
2024-09-25T14:00:00Z,11.1,11.16,10.94,10.95,15872500
2024-09-25T15:00:00Z,10.95,11,10.75,10.75,20112100
2024-09-25T16:00:00Z,10.75,10.87,10.73,10.87,6987600
2024-09-25T17:00:00Z,10.87,10.87,10.76,10.79,8456200
2024-09-25T18:00:00Z,10.79,10.88,10.78,10.8,25301800
2024-09-25T19:00:00Z,10.8,10.83,10.78,10.81,28997300
2024-09-26T13:00:00Z,10.86,10.91,10.76,10.84,72368900
2024-09-26T14:00:00Z,10.85,10.85,10.78,10.78,16061700
2024-09-26T15:00:00Z,10.79,10.85,10.77,10.81,16200200
2024-09-26T16:00:00Z,10.81,10.85,10.78,10.8,7338400
2024-09-26T17:00:00Z,10.8,10.85,10.78,10.85,14849300
2024-09-26T18:00:00Z,10.85,10.96,10.8,10.94,24887300
2024-09-26T19:00:00Z,10.95,10.97,10.83,10.85,8200900
2024-09-27T13:00:00Z,10.84,10.88,10.75,10.84,12338300
2024-09-27T14:00:00Z,10.85,10.95,10.82,10.83,7675900
2024-09-27T15:00:00Z,10.83,10.84,10.76,10.78,5569200
2024-09-27T16:00:00Z,10.79,10.8,10.75,10.78,2430600
2024-09-27T17:00:00Z,10.79,10.8,10.68,10.77,11262000
2024-09-27T18:00:00Z,10.76,10.81,10.72,10.76,8915800
2024-09-27T19:00:00Z,10.77,10.78,10.72,10.75,10581200
2024-09-30T13:00:00Z,10.68,10.72,10.59,10.66,9249100
2024-09-30T14:00:00Z,10.66,10.7,10.61,10.69,22021600
2024-09-30T15:00:00Z,10.68,10.73,10.67,10.69,3750400
2024-09-30T16:00:00Z,10.69,10.8,10.67,10.78,3042400
2024-09-30T17:00:00Z,10.78,10.79,10.74,10.77,2270900
2024-09-30T18:00:00Z,10.77,10.77,10.62,10.74,6612400
2024-09-30T19:00:00Z,10.73,10.76,10.72,10.74,3940100
2024-10-01T13:00:00Z,10.86,10.93,10.74,10.77,6255600
2024-10-01T14:00:00Z,10.77,10.82,10.74,10.78,3535300
2024-10-01T15:00:00Z,10.78,10.8,10.73,10.8,4099200
2024-10-01T16:00:00Z,10.8,10.85,10.74,10.85,5642300
2024-10-01T17:00:00Z,10.84,10.85,10.74,10.82,4623700
2024-10-01T18:00:00Z,10.81,10.86,10.73,10.75,5954900
2024-10-01T19:00:00Z,10.76,10.77,10.71,10.75,5265700
2024-10-02T13:00:00Z,10.9,10.98,10.83,10.83,5170500
2024-10-02T14:00:00Z,10.84,10.9,10.8,10.81,6840400
2024-10-02T15:00:00Z,10.8,10.84,10.78,10.8,11381600
2024-10-02T16:00:00Z,10.8,10.84,10.78,10.81,5636000
2024-10-02T17:00:00Z,10.81,10.92,10.8,10.92,12516600
2024-10-02T18:00:00Z,10.92,10.92,10.82,10.87,6132400
2024-10-02T19:00:00Z,10.87,10.93,10.87,10.91,10614800
2024-10-03T13:00:00Z,10.79,10.84,10.73,10.8,7771000
2024-10-03T14:00:00Z,10.8,10.82,10.68,10.7,9950300
2024-10-03T15:00:00Z,10.71,10.75,10.69,10.73,3517700
2024-10-03T16:00:00Z,10.74,10.76,10.7,10.73,3467300
2024-10-03T17:00:00Z,10.73,10.74,10.7,10.74,5853500
2024-10-03T18:00:00Z,10.73,10.76,10.71,10.73,3316100
2024-10-03T19:00:00Z,10.73,10.74,10.67,10.67,5318100
2024-10-04T13:00:00Z,10.7,10.74,10.65,10.72,3718100
2024-10-04T14:00:00Z,10.71,10.74,10.67,10.7,3560400
2024-10-04T15:00:00Z,10.7,10.76,10.7,10.74,7799900
2024-10-04T16:00:00Z,10.73,10.75,10.7,10.71,4862800
2024-10-04T17:00:00Z,10.7,10.75,10.68,10.74,5220900
2024-10-04T18:00:00Z,10.73,10.76,10.7,10.75,7167200
2024-10-04T19:00:00Z,10.75,10.76,10.72,10.74,8265500
2024-10-07T13:00:00Z,10.8,10.81,10.62,10.67,5119900
2024-10-07T14:00:00Z,10.67,10.71,10.56,10.56,5724000
2024-10-07T15:00:00Z,10.56,10.58,10.52,10.56,8719500
2024-10-07T16:00:00Z,10.57,10.59,10.53,10.58,6540200
2024-10-07T17:00:00Z,10.58,10.61,10.57,10.58,3138200
2024-10-07T18:00:00Z,10.59,10.6,10.46,10.48,10450100
2024-10-07T19:00:00Z,10.47,10.52,10.46,10.5,6779300
2024-10-08T13:00:00Z,10.49,10.63,10.39,10.62,14475100
2024-10-08T14:00:00Z,10.63,10.68,10.6,10.67,5441100
2024-10-08T15:00:00Z,10.66,10.7,10.65,10.69,4387300
2024-10-08T16:00:00Z,10.7,10.72,10.66,10.68,2608200
2024-10-08T17:00:00Z,10.68,10.72,10.64,10.71,2679800
2024-10-08T18:00:00Z,10.71,10.78,10.7,10.71,5684200
2024-10-08T19:00:00Z,10.7,10.72,10.63,10.66,6800400
2024-10-09T13:00:00Z,10.61,10.72,10.58,10.72,3829000
2024-10-09T14:00:00Z,10.72,10.72,10.63,10.72,9358600
2024-10-09T15:00:00Z,10.72,10.74,10.67,10.69,5570600
2024-10-09T16:00:00Z,10.69,10.72,10.63,10.68,5360100
2024-10-09T17:00:00Z,10.68,10.7,10.63,10.66,7374900
2024-10-09T18:00:00Z,10.65,10.71,10.65,10.68,5906300
2024-10-09T19:00:00Z,10.68,10.74,10.67,10.71,5754500
2024-10-10T13:00:00Z,10.71,10.83,10.71,10.74,6861200
2024-10-10T14:00:00Z,10.73,10.79,10.7,10.73,6476400
2024-10-10T15:00:00Z,10.74,10.8,10.73,10.75,3369500
2024-10-10T16:00:00Z,10.75,10.77,10.73,10.74,5377400
2024-10-10T17:00:00Z,10.74,10.75,10.71,10.73,5163200
2024-10-10T18:00:00Z,10.73,10.75,10.71,10.75,3865100
2024-10-10T19:00:00Z,10.75,10.75,10.72,10.75,3818100
2024-10-11T13:00:00Z,10.72,10.74,10.54,10.57,5746600
2024-10-11T14:00:00Z,10.57,10.64,10.56,10.6,6565900
2024-10-11T15:00:00Z,10.6,10.68,10.6,10.64,2268800
2024-10-11T16:00:00Z,10.64,10.67,10.62,10.64,2460900
2024-10-11T17:00:00Z,10.65,10.73,10.64,10.73,1488000
2024-10-11T18:00:00Z,10.73,10.75,10.69,10.7,2411500
2024-10-11T19:00:00Z,10.7,10.74,10.68,10.7,3057400
2024-10-14T13:00:00Z,10.69,10.75,10.68,10.7,2107900
2024-10-14T14:00:00Z,10.71,10.76,10.66,10.75,2206300
2024-10-14T15:00:00Z,10.75,10.76,10.67,10.73,2751800
2024-10-14T16:00:00Z,10.73,10.8,10.72,10.8,5898500
2024-10-14T17:00:00Z,10.79,10.87,10.76,10.85,3942600
2024-10-14T18:00:00Z,10.85,10.91,10.84,10.9,8249900
2024-10-14T19:00:00Z,10.9,10.98,10.86,10.88,8855800
2024-10-15T13:00:00Z,10.9,11,10.82,10.83,5498600
2024-10-15T14:00:00Z,10.83,10.93,10.81,10.89,5386600
2024-10-15T15:00:00Z,10.9,10.92,10.83,10.85,2086700
2024-10-15T16:00:00Z,10.84,10.88,10.82,10.87,3133800
2024-10-15T17:00:00Z,10.87,10.89,10.82,10.87,2913700
2024-10-15T18:00:00Z,10.88,10.88,10.82,10.82,3685800
2024-10-15T19:00:00Z,10.82,10.83,10.79,10.81,4791600
2024-10-16T13:00:00Z,10.85,10.9,10.8,10.81,5748600
2024-10-16T14:00:00Z,10.81,10.83,10.75,10.78,3823300
2024-10-16T15:00:00Z,10.79,10.81,10.75,10.8,2453600
2024-10-16T16:00:00Z,10.79,10.93,10.79,10.92,6014000
2024-10-16T17:00:00Z,10.92,10.99,10.91,10.98,5216700
2024-10-16T18:00:00Z,10.98,11.01,10.95,10.95,7156800
2024-10-16T19:00:00Z,10.96,10.97,10.92,10.94,5901600
2024-10-17T13:00:00Z,10.84,10.88,10.63,10.69,6618600
2024-10-17T14:00:00Z,10.69,10.76,10.67,10.7,4252300
2024-10-17T15:00:00Z,10.7,10.74,10.67,10.68,2081100
2024-10-17T16:00:00Z,10.69,10.73,10.67,10.71,1636400
2024-10-17T17:00:00Z,10.71,10.76,10.7,10.75,2025200
2024-10-17T18:00:00Z,10.76,10.76,10.71,10.73,2198700
2024-10-17T19:00:00Z,10.73,10.74,10.71,10.71,2608300
2024-10-18T13:00:00Z,10.78,10.82,10.64,10.65,4127900
2024-10-18T14:00:00Z,10.64,10.76,10.59,10.74,5343500
2024-10-18T15:00:00Z,10.74,10.75,10.67,10.71,3157100
2024-10-18T16:00:00Z,10.71,10.72,10.69,10.7,1141200
2024-10-18T17:00:00Z,10.69,10.71,10.65,10.67,1609500
2024-10-18T18:00:00Z,10.66,10.71,10.65,10.69,2340800
2024-10-18T19:00:00Z,10.69,10.69,10.63,10.65,8833000
2024-10-21T13:00:00Z,10.67,10.76,10.67,10.72,2144100
2024-10-21T14:00:00Z,10.72,10.76,10.69,10.74,6550800
2024-10-21T15:00:00Z,10.73,10.77,10.7,10.76,2976800
2024-10-21T16:00:00Z,10.76,10.8,10.74,10.79,2215800
2024-10-21T17:00:00Z,10.79,10.8,10.76,10.77,1645900
2024-10-21T18:00:00Z,10.77,10.79,10.75,10.77,3672100
2024-10-21T19:00:00Z,10.76,10.82,10.76,10.8,3146500
2024-10-22T13:00:00Z,10.74,10.81,10.64,10.66,4748700
2024-10-22T14:00:00Z,10.67,10.68,10.6,10.63,3324800
2024-10-22T15:00:00Z,10.63,10.64,10.55,10.58,3282800
2024-10-22T16:00:00Z,10.58,10.66,10.58,10.61,2868000
2024-10-22T17:00:00Z,10.61,10.62,10.56,10.59,2337600
2024-10-22T18:00:00Z,10.59,10.62,10.56,10.58,3267600
2024-10-22T19:00:00Z,10.59,10.6,10.58,10.6,4625000
2024-10-23T13:00:00Z,10.52,10.61,10.46,10.61,8473200
2024-10-23T14:00:00Z,10.61,10.62,10.5,10.54,6938800
2024-10-23T15:00:00Z,10.55,10.6,10.52,10.57,6034500
2024-10-23T16:00:00Z,10.57,10.59,10.54,10.56,3067300
2024-10-23T17:00:00Z,10.56,10.58,10.53,10.57,3292200
2024-10-23T18:00:00Z,10.57,10.57,10.53,10.56,4225400
2024-10-23T19:00:00Z,10.56,10.6,10.55,10.6,4235800
2024-10-24T13:00:00Z,10.62,10.63,10.54,10.58,4989300
2024-10-24T14:00:00Z,10.58,10.59,10.52,10.57,2702500
2024-10-24T15:00:00Z,10.57,10.6,10.55,10.55,2039900
2024-10-24T16:00:00Z,10.56,10.56,10.51,10.54,4759300
2024-10-24T17:00:00Z,10.54,10.68,10.53,10.63,4800900
2024-10-24T18:00:00Z,10.62,10.65,10.58,10.61,4392400
2024-10-24T19:00:00Z,10.61,10.74,10.61,10.72,5371500
2024-10-25T13:00:00Z,10.75,10.79,10.66,10.67,3523400
2024-10-25T14:00:00Z,10.68,10.8,10.66,10.75,4178900
2024-10-25T15:00:00Z,10.75,10.75,10.63,10.66,3914200
2024-10-25T16:00:00Z,10.65,10.73,10.63,10.72,5999200
2024-10-25T17:00:00Z,10.72,10.73,10.65,10.65,2231000
2024-10-25T18:00:00Z,10.67,10.7,10.65,10.67,1479200
2024-10-25T19:00:00Z,10.67,10.7,10.65,10.68,3426000
2024-10-28T13:00:00Z,10.78,10.95,10.77,10.94,3972500
2024-10-28T14:00:00Z,10.93,10.94,10.85,10.87,3595700
2024-10-28T15:00:00Z,10.87,10.89,10.81,10.84,3322200
2024-10-28T16:00:00Z,10.84,10.86,10.83,10.84,1404400
2024-10-28T17:00:00Z,10.84,10.92,10.79,10.9,4446800
2024-10-28T18:00:00Z,10.9,10.94,10.88,10.9,5096600
2024-10-28T19:00:00Z,10.9,10.91,10.86,10.86,4761100
2024-10-29T13:00:00Z,10.88,10.92,10.83,10.89,3581000
2024-10-29T14:00:00Z,10.89,10.91,10.83,10.85,3068100
2024-10-29T15:00:00Z,10.85,10.88,10.84,10.86,3733200
2024-10-29T16:00:00Z,10.87,10.89,10.85,10.85,2734000
2024-10-29T17:00:00Z,10.86,10.86,10.77,10.77,2561600
2024-10-29T18:00:00Z,10.77,10.85,10.77,10.82,3150900
2024-10-29T19:00:00Z,10.81,10.83,10.79,10.81,4003000
2024-10-30T13:00:00Z,10.85,10.87,10.73,10.74,3438100
2024-10-30T14:00:00Z,10.74,10.84,10.72,10.73,4682500
2024-10-30T15:00:00Z,10.74,10.79,10.72,10.79,3150500
2024-10-30T16:00:00Z,10.79,10.81,10.77,10.8,1685700
2024-10-30T17:00:00Z,10.8,10.81,10.77,10.79,3097600
2024-10-30T18:00:00Z,10.78,10.8,10.76,10.78,2778500
2024-10-30T19:00:00Z,10.78,10.8,10.74,10.78,4051400
2024-10-31T13:00:00Z,10.74,10.75,10.57,10.6,6544300
2024-10-31T14:00:00Z,10.6,10.67,10.59,10.63,2698700
2024-10-31T15:00:00Z,10.64,10.66,10.61,10.66,1460800
2024-10-31T16:00:00Z,10.65,10.66,10.62,10.64,1712700
2024-10-31T17:00:00Z,10.64,10.65,10.59,10.6,2089100
2024-10-31T18:00:00Z,10.6,10.63,10.59,10.61,1898900
2024-10-31T19:00:00Z,10.61,10.64,10.59,10.63,3448800
2024-11-01T13:00:00Z,10.65,10.65,10.47,10.51,5657000
2024-11-01T14:00:00Z,10.51,10.52,10.42,10.45,4219700
2024-11-01T15:00:00Z,10.45,10.46,10.41,10.43,2754200
2024-11-01T16:00:00Z,10.42,10.45,10.4,10.41,2823100
2024-11-01T17:00:00Z,10.41,10.44,10.37,10.4,4723300
2024-11-01T18:00:00Z,10.4,10.42,10.38,10.39,3930200
2024-11-01T19:00:00Z,10.38,10.39,10.33,10.36,6262100
2024-11-04T13:00:00Z,10.53,10.66,10.51,10.66,3310300
2024-11-04T14:00:00Z,10.66,10.74,10.63,10.7,5174600
2024-11-04T15:00:00Z,10.7,10.75,10.67,10.75,3720000
2024-11-04T16:00:00Z,10.74,10.76,10.7,10.75,1963500
2024-11-04T17:00:00Z,10.75,10.78,10.67,10.68,3610400
2024-11-04T18:00:00Z,10.68,10.77,10.67,10.76,2270900
2024-11-04T19:00:00Z,10.76,10.85,10.76,10.84,10782200
2024-11-04T20:00:00Z,10.84,10.88,10.79,10.82,5998300
2024-11-05T13:00:00Z,10.72,10.78,10.65,10.67,2506100
2024-11-05T14:00:00Z,10.68,10.72,10.62,10.69,3759700
2024-11-05T15:00:00Z,10.69,10.75,10.69,10.75,1002800
2024-11-05T16:00:00Z,10.75,10.83,10.73,10.83,1587800
2024-11-05T17:00:00Z,10.82,10.94,10.81,10.91,4775300
2024-11-05T18:00:00Z,10.91,10.98,10.9,10.94,5480600
2024-11-05T19:00:00Z,10.95,10.97,10.91,10.93,3035500
2024-11-05T20:00:00Z,10.94,10.95,10.9,10.92,3297200
2024-11-06T13:00:00Z,10.71,10.71,10.53,10.65,7708400
2024-11-06T14:00:00Z,10.65,10.71,10.59,10.62,4245900
2024-11-06T15:00:00Z,10.62,10.75,10.61,10.74,1880900
2024-11-06T16:00:00Z,10.73,10.76,10.66,10.7,2693400
2024-11-06T17:00:00Z,10.7,10.74,10.67,10.68,3562000
2024-11-06T18:00:00Z,10.67,10.76,10.67,10.7,4681600
2024-11-06T19:00:00Z,10.7,10.72,10.64,10.67,4686100
2024-11-06T20:00:00Z,10.67,10.7,10.63,10.65,6054200
2024-11-07T13:00:00Z,10.6,10.95,10.59,10.95,5214200
2024-11-07T14:00:00Z,10.95,11.01,10.76,10.76,6638500
2024-11-07T15:00:00Z,10.76,10.79,10.57,10.59,9165700
2024-11-07T16:00:00Z,10.58,10.65,10.54,10.62,6959700
2024-11-07T17:00:00Z,10.62,10.62,10.49,10.53,4293400
2024-11-07T18:00:00Z,10.53,10.58,10.53,10.58,6188200
2024-11-07T19:00:00Z,10.58,10.63,10.56,10.61,9137300
2024-11-07T20:00:00Z,10.61,10.69,10.6,10.68,3511300
2024-11-08T13:00:00Z,10.48,10.53,10.42,10.51,4491600
2024-11-08T14:00:00Z,10.51,10.55,10.3,10.32,7305300
2024-11-08T15:00:00Z,10.32,10.36,10.25,10.28,6205100
2024-11-08T16:00:00Z,10.29,10.32,10.22,10.24,4972800
2024-11-08T17:00:00Z,10.23,10.29,10.21,10.28,3733000
2024-11-08T18:00:00Z,10.29,10.29,10.22,10.24,5123900
2024-11-08T19:00:00Z,10.25,10.36,10.21,10.36,13115400
2024-11-08T20:00:00Z,10.36,10.43,10.27,10.3,9649600
2024-11-11T13:00:00Z,10.25,10.27,10.18,10.27,3454700
2024-11-11T14:00:00Z,10.26,10.27,10.13,10.13,5294700
2024-11-11T15:00:00Z,10.13,10.22,10.08,10.13,10126000
2024-11-11T16:00:00Z,10.12,10.23,10.07,10.13,17740100
2024-11-11T17:00:00Z,10.13,10.23,10.09,10.21,12067900
2024-11-11T18:00:00Z,10.21,10.24,10.14,10.14,3406500
2024-11-11T19:00:00Z,10.15,10.18,10.09,10.16,3945100
2024-11-11T20:00:00Z,10.16,10.17,10.14,10.16,7747500
2024-11-12T13:00:00Z,10.15,10.2,10.07,10.11,4192800
2024-11-12T14:00:00Z,10.12,10.22,10.08,10.16,13182600
2024-11-12T15:00:00Z,10.16,10.21,10.16,10.2,5366100
2024-11-12T16:00:00Z,10.2,10.24,10.17,10.19,3241800
2024-11-12T17:00:00Z,10.2,10.2,10.11,10.15,2273500
2024-11-12T18:00:00Z,10.15,10.3,10.14,10.28,7838400
2024-11-12T19:00:00Z,10.28,10.31,10.24,10.28,5161100
2024-11-12T20:00:00Z,10.27,10.35,10.27,10.35,9931600
2024-11-13T13:00:00Z,10.33,10.36,10.16,10.21,5529600
2024-11-13T14:00:00Z,10.2,10.27,10.19,10.22,6108800
2024-11-13T15:00:00Z,10.22,10.24,10.12,10.15,4791100
2024-11-13T16:00:00Z,10.14,10.16,10.08,10.1,4155100
2024-11-13T17:00:00Z,10.09,10.15,10.09,10.1,2793600
2024-11-13T18:00:00Z,10.11,10.13,10.09,10.11,3348200
2024-11-13T19:00:00Z,10.11,10.2,10.1,10.2,19731300
2024-11-13T20:00:00Z,10.2,10.22,10.17,10.2,22841100
2024-11-14T13:00:00Z,10.19,10.26,10.08,10.23,10394800
2024-11-14T14:00:00Z,10.22,10.32,10.15,10.17,8022400
2024-11-14T15:00:00Z,10.17,10.29,10.14,10.27,14470500
2024-11-14T16:00:00Z,10.27,10.29,10.24,10.26,6451500
2024-11-14T17:00:00Z,10.26,10.32,10.25,10.25,11232500
2024-11-14T18:00:00Z,10.26,10.29,10.23,10.27,5629900
2024-11-14T19:00:00Z,10.27,10.32,10.24,10.26,9039300
2024-11-14T20:00:00Z,10.27,10.3,10.21,10.23,14403700
2024-11-18T13:00:00Z,10.13,10.18,10.06,10.12,11356600
2024-11-18T14:00:00Z,10.12,10.13,10.01,10.02,8691100
2024-11-18T15:00:00Z,10.03,10.04,9.94,10,7923000
2024-11-18T16:00:00Z,10,10.05,9.97,10.02,27732500
2024-11-18T17:00:00Z,10.01,10.1,10,10.09,5757200
2024-11-18T18:00:00Z,10.09,10.09,9.98,10,7759200
2024-11-18T19:00:00Z,10.01,10.03,10,10.03,5880000
2024-11-18T20:00:00Z,10.03,10.05,10,10.01,7581700
2024-11-19T13:00:00Z,10.01,10.06,9.97,10.05,4358000
2024-11-19T14:00:00Z,10.04,10.08,10.02,10.05,7054000
2024-11-19T15:00:00Z,10.05,10.08,10.04,10.05,12151700
2024-11-19T16:00:00Z,10.04,10.06,10.02,10.05,1785200
2024-11-19T17:00:00Z,10.04,10.09,10,10.02,10449100
2024-11-19T18:00:00Z,10.01,10.04,9.99,10,5765400
2024-11-19T19:00:00Z,10,10.02,9.97,9.99,2487300
2024-11-19T20:00:00Z,9.99,10.07,9.98,10.07,5200700
2024-11-21T13:00:00Z,9.89,9.9,9.8,9.84,8082300
2024-11-21T14:00:00Z,9.83,9.92,9.8,9.88,7819700
2024-11-21T15:00:00Z,9.88,9.89,9.83,9.85,15954200
2024-11-21T16:00:00Z,9.86,9.87,9.8,9.83,5471200
2024-11-21T17:00:00Z,9.82,9.9,9.81,9.87,5776000
2024-11-21T18:00:00Z,9.87,9.92,9.84,9.85,8886000
2024-11-21T19:00:00Z,9.85,9.9,9.84,9.86,4878900
2024-11-21T20:00:00Z,9.87,9.88,9.84,9.86,6537800
2024-11-22T13:00:00Z,9.96,9.97,9.86,9.86,5218300
2024-11-22T14:00:00Z,9.87,9.89,9.84,9.84,5063900
2024-11-22T15:00:00Z,9.85,9.9,9.83,9.88,6558100
2024-11-22T16:00:00Z,9.89,9.92,9.88,9.92,5470700
2024-11-22T17:00:00Z,9.92,9.92,9.89,9.91,6127300
2024-11-22T18:00:00Z,9.9,9.94,9.9,9.94,8424700
2024-11-22T19:00:00Z,9.93,9.94,9.92,9.93,4578000
2024-11-22T20:00:00Z,9.94,10.01,9.92,9.99,13932000
2024-11-25T13:00:00Z,10.04,10.09,9.97,9.98,4772500
2024-11-25T14:00:00Z,9.98,10.08,9.97,10.03,8213200
2024-11-25T15:00:00Z,10.04,10.09,10.01,10.03,3499500
2024-11-25T16:00:00Z,10.03,10.12,10.02,10.11,5682200
2024-11-25T17:00:00Z,10.11,10.19,10.1,10.11,5182700
2024-11-25T18:00:00Z,10.12,10.15,10.1,10.14,3687700
2024-11-25T19:00:00Z,10.14,10.14,10.1,10.12,7904200
2024-11-25T20:00:00Z,10.12,10.15,10.1,10.14,10661000
2024-11-26T13:00:00Z,10.19,10.22,10.08,10.1,5824900
2024-11-26T14:00:00Z,10.1,10.16,10.03,10.14,8005400
2024-11-26T15:00:00Z,10.15,10.22,10.14,10.16,14330200
2024-11-26T16:00:00Z,10.16,10.18,10.13,10.18,2782500
2024-11-26T17:00:00Z,10.18,10.2,10.17,10.18,1749400
2024-11-26T18:00:00Z,10.19,10.21,10.17,10.17,2457100
2024-11-26T19:00:00Z,10.17,10.25,10.16,10.22,8682100
2024-11-26T20:00:00Z,10.21,10.22,10.14,10.16,5496400
2024-11-27T13:00:00Z,10.13,10.19,10.06,10.07,3587100
2024-11-27T14:00:00Z,10.07,10.11,10.04,10.06,2668900
2024-11-27T15:00:00Z,10.04,10.06,9.99,9.99,3086100
2024-11-27T16:00:00Z,9.99,10.02,9.84,9.86,13073100
2024-11-27T17:00:00Z,9.85,9.91,9.8,9.88,10810300
2024-11-27T18:00:00Z,9.88,9.91,9.81,9.82,4267400
2024-11-27T19:00:00Z,9.82,9.89,9.81,9.87,6272900
2024-11-27T20:00:00Z,9.88,9.9,9.79,9.82,10249800
2024-11-28T13:00:00Z,9.77,9.82,9.57,9.58,7814000
2024-11-28T14:00:00Z,9.58,9.63,9.49,9.5,7125800
2024-11-28T15:00:00Z,9.51,9.53,9.42,9.45,6647200
2024-11-28T16:00:00Z,9.45,9.48,9.43,9.46,5274700
2024-11-28T17:00:00Z,9.47,9.52,9.45,9.45,6706900
2024-11-28T18:00:00Z,9.46,9.48,9.43,9.45,4173100
2024-11-28T19:00:00Z,9.46,9.47,9.38,9.42,8372200
2024-11-28T20:00:00Z,9.42,9.42,9.22,9.22,12433400
2024-11-29T13:00:00Z,9.2,9.23,9.05,9.09,12230600
2024-11-29T14:00:00Z,9.1,9.24,8.99,9.19,11239900
2024-11-29T15:00:00Z,9.2,9.34,9.19,9.25,13523900
2024-11-29T16:00:00Z,9.25,9.3,9.21,9.27,6867600
2024-11-29T17:00:00Z,9.27,9.28,9.17,9.18,10099800
2024-11-29T18:00:00Z,9.18,9.24,9.18,9.19,4105700
2024-11-29T19:00:00Z,9.19,9.25,9.15,9.17,8438800
2024-11-29T20:00:00Z,9.16,9.29,9.15,9.29,8485800
2024-12-02T13:00:00Z,9.2,9.25,9.15,9.2,4294500
2024-12-02T14:00:00Z,9.2,9.26,9.15,9.2,8431900
2024-12-02T15:00:00Z,9.19,9.23,9.14,9.23,7326800
2024-12-02T16:00:00Z,9.22,9.4,9.18,9.34,18156500
2024-12-02T17:00:00Z,9.34,9.38,9.28,9.36,7260200
2024-12-02T18:00:00Z,9.37,9.38,9.28,9.36,8775800
2024-12-02T19:00:00Z,9.36,9.39,9.36,9.39,7192700
2024-12-02T20:00:00Z,9.39,9.42,9.36,9.4,12347600
2024-12-03T13:00:00Z,9.4,9.47,9.37,9.4,2674900
2024-12-03T14:00:00Z,9.41,9.45,9.31,9.39,3018800
2024-12-03T15:00:00Z,9.39,9.4,9.34,9.36,3200300
2024-12-03T16:00:00Z,9.37,9.42,9.36,9.41,2930100
2024-12-03T17:00:00Z,9.42,9.45,9.37,9.39,6894600
2024-12-03T18:00:00Z,9.39,9.45,9.34,9.45,4956000
2024-12-03T19:00:00Z,9.44,9.49,9.41,9.41,5799300
2024-12-03T20:00:00Z,9.41,9.45,9.4,9.41,3454900
2024-12-04T13:00:00Z,9.41,9.51,9.4,9.46,1625700
2024-12-04T14:00:00Z,9.45,9.52,9.45,9.49,1920800
2024-12-04T15:00:00Z,9.48,9.53,9.43,9.5,2668400
2024-12-04T16:00:00Z,9.5,9.6,9.48,9.56,4862900
2024-12-04T17:00:00Z,9.56,9.6,9.54,9.56,3589900
2024-12-04T18:00:00Z,9.56,9.64,9.55,9.62,6089400
2024-12-04T19:00:00Z,9.61,9.63,9.58,9.59,5527000
2024-12-04T20:00:00Z,9.59,9.61,9.57,9.59,4757700
2024-12-05T13:00:00Z,9.71,9.79,9.67,9.76,3812600
2024-12-05T14:00:00Z,9.76,9.78,9.69,9.71,3983300
2024-12-05T15:00:00Z,9.71,9.82,9.7,9.79,8522100
2024-12-05T16:00:00Z,9.8,9.81,9.74,9.74,4937800
2024-12-05T17:00:00Z,9.75,9.79,9.73,9.77,3018000
2024-12-05T18:00:00Z,9.76,9.85,9.75,9.81,8566100
2024-12-05T19:00:00Z,9.81,9.83,9.76,9.78,13957400
2024-12-05T20:00:00Z,9.79,9.79,9.74,9.77,4066600
2024-12-06T13:00:00Z,9.89,10.16,9.89,10.09,15413800
2024-12-06T14:00:00Z,10.09,10.2,10.06,10.08,19092300
2024-12-06T15:00:00Z,10.09,10.09,9.94,9.95,22027100
2024-12-06T16:00:00Z,9.95,10.02,9.92,9.94,13320000
2024-12-06T17:00:00Z,9.94,9.95,9.85,9.87,16497600
2024-12-06T18:00:00Z,9.86,9.94,9.8,9.9,10514900
2024-12-06T19:00:00Z,9.89,9.91,9.85,9.86,12384700
2024-12-06T20:00:00Z,9.86,9.9,9.82,9.88,12660900
2024-12-09T13:00:00Z,9.92,10.07,9.9,10.03,5744200
2024-12-09T14:00:00Z,10.02,10.11,9.99,10.06,5407000
2024-12-09T15:00:00Z,10.05,10.09,9.99,10.02,7001000
2024-12-09T16:00:00Z,10.01,10.05,9.99,10.04,4314300
2024-12-09T17:00:00Z,10.03,10.08,10.02,10.05,7786900
2024-12-09T18:00:00Z,10.05,10.07,9.98,9.98,9041000
2024-12-09T19:00:00Z,9.98,10.02,9.93,9.95,8331000
2024-12-09T20:00:00Z,9.94,10,9.94,9.95,7099600
2024-12-10T13:00:00Z,10.1,10.13,9.97,10.05,11828000
2024-12-10T14:00:00Z,10.06,10.14,10.03,10.12,5085000
2024-12-10T15:00:00Z,10.12,10.14,10,10,12456500
2024-12-10T16:00:00Z,10,10.07,10,10.05,12191600
2024-12-10T17:00:00Z,10.04,10.07,10.04,10.06,4319700
2024-12-10T18:00:00Z,10.05,10.11,10.04,10.11,11470900
2024-12-10T19:00:00Z,10.1,10.13,10.1,10.12,4968500
2024-12-10T20:00:00Z,10.11,10.16,10.1,10.12,5906100
2024-12-11T13:00:00Z,10.15,10.15,10.04,10.08,3359700
2024-12-11T14:00:00Z,10.08,10.15,10.08,10.13,5454200
2024-12-11T15:00:00Z,10.12,10.13,10.06,10.1,6046400
2024-12-11T16:00:00Z,10.09,10.13,10.08,10.11,4807200
2024-12-11T17:00:00Z,10.1,10.14,10.08,10.14,5664700
2024-12-11T18:00:00Z,10.13,10.14,10.1,10.11,3690900
2024-12-11T19:00:00Z,10.11,10.62,10.11,10.5,34239100
2024-12-11T20:00:00Z,10.5,10.55,10.27,10.31,19907700
2024-12-12T13:00:00Z,10.26,10.26,10.11,10.2,6755400
2024-12-12T14:00:00Z,10.2,10.22,10.1,10.2,13299200
2024-12-12T15:00:00Z,10.19,10.27,10.17,10.25,13515000
2024-12-12T16:00:00Z,10.26,10.35,10.25,10.25,9125200
2024-12-12T17:00:00Z,10.26,10.32,10.17,10.28,15761000
2024-12-12T18:00:00Z,10.26,10.3,10.24,10.24,8977700
2024-12-12T19:00:00Z,10.24,10.33,10.18,10.29,12366300
2024-12-12T20:00:00Z,10.3,10.34,10.25,10.25,12823200
2024-12-13T13:00:00Z,10.25,10.38,10.17,10.35,4623100
2024-12-13T14:00:00Z,10.36,10.43,10.31,10.38,11559000
2024-12-13T15:00:00Z,10.38,10.45,10.37,10.44,25063600
2024-12-13T16:00:00Z,10.44,10.47,10.43,10.44,23521900
2024-12-13T17:00:00Z,10.44,10.47,10.31,10.37,52454300
2024-12-13T18:00:00Z,10.37,10.43,10.35,10.41,11944900
2024-12-13T19:00:00Z,10.41,10.44,10.35,10.35,7409900
2024-12-13T20:00:00Z,10.35,10.35,10.24,10.24,10052500
2024-12-16T13:00:00Z,10.29,10.5,10.23,10.41,6039000
2024-12-16T14:00:00Z,10.42,10.44,10.35,10.39,15945600
2024-12-16T15:00:00Z,10.39,10.4,10.25,10.25,17745100
2024-12-16T16:00:00Z,10.25,10.35,10.25,10.32,6068800
2024-12-16T17:00:00Z,10.32,10.34,10.27,10.3,5983500
2024-12-16T18:00:00Z,10.29,10.33,10.28,10.3,7249800
2024-12-16T19:00:00Z,10.3,10.34,10.22,10.22,12335700
2024-12-16T20:00:00Z,10.22,10.23,10.1,10.12,11586000
2024-12-17T13:00:00Z,10.12,10.18,10.06,10.17,9712000
2024-12-17T14:00:00Z,10.16,10.18,10.1,10.11,6113500
2024-12-17T15:00:00Z,10.12,10.13,10,10.03,7004900
2024-12-17T16:00:00Z,10.04,10.26,10.03,10.23,9066500
2024-12-17T17:00:00Z,10.22,10.23,10.1,10.2,5902200
2024-12-17T18:00:00Z,10.21,10.29,10.12,10.13,7543200
2024-12-17T19:00:00Z,10.13,10.2,10.11,10.11,7556100
2024-12-17T20:00:00Z,10.12,10.21,10.11,10.16,8442300
2024-12-18T13:00:00Z,10.01,10.06,9.97,9.97,6772500
2024-12-18T14:00:00Z,9.98,10.05,9.91,9.94,10100300
2024-12-18T15:00:00Z,9.94,9.99,9.9,9.92,7838700
2024-12-18T16:00:00Z,9.93,9.98,9.92,9.92,7645800
2024-12-18T17:00:00Z,9.92,9.96,9.88,9.93,7294200
2024-12-18T18:00:00Z,9.94,10,9.9,9.95,7978000
2024-12-18T19:00:00Z,9.96,9.96,9.79,9.82,17257800
2024-12-18T20:00:00Z,9.83,9.93,9.79,9.89,13286000
2024-12-19T13:00:00Z,9.87,9.97,9.8,9.93,6551500
2024-12-19T14:00:00Z,9.94,10.05,9.91,10.05,5666800
2024-12-19T15:00:00Z,10.05,10.07,10,10.07,6155300
2024-12-19T16:00:00Z,10.06,10.08,10,10.01,5680500
2024-12-19T17:00:00Z,10.01,10.09,10.01,10.07,8813900
2024-12-19T18:00:00Z,10.07,10.11,10.05,10.08,6479000
2024-12-19T19:00:00Z,10.08,10.1,9.98,9.99,7740800
2024-12-19T20:00:00Z,9.99,10.05,9.98,10.03,8365600
2024-12-20T13:00:00Z,9.98,10.08,9.94,10.06,1969400
2024-12-20T14:00:00Z,10.06,10.15,10.05,10.14,4693100
2024-12-20T15:00:00Z,10.14,10.19,10.12,10.19,4730300
2024-12-20T16:00:00Z,10.18,10.19,10.15,10.16,2598100
2024-12-20T17:00:00Z,10.17,10.18,10.13,10.16,3448400
2024-12-20T18:00:00Z,10.17,10.34,10.12,10.31,6506400
2024-12-20T19:00:00Z,10.31,10.36,10.24,10.24,4336700
2024-12-20T20:00:00Z,10.25,10.29,10.22,10.27,6147800
2024-12-23T13:00:00Z,10.16,10.21,10.14,10.18,1611500
2024-12-23T14:00:00Z,10.18,10.24,10.14,10.19,2725400
2024-12-23T15:00:00Z,10.19,10.23,10.14,10.22,3953400
2024-12-23T16:00:00Z,10.2,10.25,10.18,10.22,2463300
2024-12-23T17:00:00Z,10.23,10.24,10.16,10.2,2549100
2024-12-23T18:00:00Z,10.2,10.24,10.18,10.23,3336500
2024-12-23T19:00:00Z,10.24,10.36,10.2,10.33,8545500
2024-12-23T20:00:00Z,10.33,10.34,10.25,10.29,8636700
2024-12-26T13:00:00Z,10.19,10.36,10.16,10.32,3416200
2024-12-26T14:00:00Z,10.32,10.4,10.28,10.37,4992400
2024-12-26T15:00:00Z,10.36,10.37,10.3,10.32,2999000
2024-12-26T16:00:00Z,10.31,10.38,10.3,10.33,2388300
2024-12-26T17:00:00Z,10.33,10.38,10.3,10.35,3114600
2024-12-26T18:00:00Z,10.35,10.37,10.34,10.35,1915400
2024-12-26T19:00:00Z,10.34,10.37,10.33,10.36,3080800
2024-12-26T20:00:00Z,10.36,10.37,10.33,10.33,4020700
2024-12-27T13:00:00Z,10.4,10.45,10.34,10.4,5699000
2024-12-27T14:00:00Z,10.4,10.5,10.4,10.4,4240600
2024-12-27T15:00:00Z,10.4,10.43,10.34,10.36,8189900
2024-12-27T16:00:00Z,10.36,10.4,10.34,10.36,2804000
2024-12-27T17:00:00Z,10.37,10.4,10.35,10.38,4628200
2024-12-27T18:00:00Z,10.39,10.41,10.37,10.38,5896300
2024-12-27T19:00:00Z,10.39,10.4,10.35,10.37,4302700
2024-12-27T20:00:00Z,10.36,10.4,10.35,10.37,4788100
2024-12-30T13:00:00Z,10.35,10.35,10.22,10.3,8525600
2024-12-30T14:00:00Z,10.3,10.35,10.3,10.32,1980200
2024-12-30T15:00:00Z,10.32,10.36,10.25,10.26,2642300
2024-12-30T16:00:00Z,10.27,10.29,10.22,10.25,3079500
2024-12-30T17:00:00Z,10.25,10.35,10.24,10.33,3754500
2024-12-30T18:00:00Z,10.34,10.37,10.33,10.35,2151200
2024-12-30T19:00:00Z,10.35,10.38,10.34,10.37,3104900
2024-12-30T20:00:00Z,10.36,10.4,10.33,10.38,5593300
2025-01-02T13:00:00Z,10.32,10.32,10.16,10.23,4691000
2025-01-02T14:00:00Z,10.22,10.27,10.15,10.23,3408600
2025-01-02T15:00:00Z,10.23,10.31,10.23,10.29,2378100
2025-01-02T16:00:00Z,10.29,10.33,10.23,10.28,2599700
2025-01-02T17:00:00Z,10.28,10.3,10.2,10.24,3168500
2025-01-02T18:00:00Z,10.24,10.28,10.22,10.27,3192500
2025-01-02T19:00:00Z,10.26,10.27,10.19,10.2,3280800
2025-01-02T20:00:00Z,10.21,10.25,10.19,10.23,3955100
2025-01-03T13:00:00Z,10.16,10.28,10.15,10.22,3061500
2025-01-03T14:00:00Z,10.21,10.23,10.16,10.19,2548300
2025-01-03T15:00:00Z,10.18,10.19,10.09,10.14,2994800
2025-01-03T16:00:00Z,10.13,10.14,10.04,10.07,2966500
2025-01-03T17:00:00Z,10.06,10.2,10.05,10.12,11783200
2025-01-03T18:00:00Z,10.12,10.15,10.1,10.1,2151300
2025-01-03T19:00:00Z,10.1,10.12,10.05,10.07,4327700
2025-01-03T20:00:00Z,10.07,10.11,10.06,10.08,5109400
2025-01-06T13:00:00Z,10.25,10.3,10.16,10.26,3609400
2025-01-06T14:00:00Z,10.26,10.39,10.2,10.36,7637700
2025-01-06T15:00:00Z,10.36,10.42,10.27,10.28,4033100
2025-01-06T16:00:00Z,10.28,10.42,10.26,10.41,3596100
2025-01-06T17:00:00Z,10.41,10.44,10.37,10.4,4189900
2025-01-06T18:00:00Z,10.4,10.41,10.34,10.35,2733900
2025-01-06T19:00:00Z,10.36,10.36,10.32,10.33,3669400
2025-01-06T20:00:00Z,10.33,10.36,10.32,10.35,4645100
2025-01-07T13:00:00Z,10.42,10.56,10.4,10.52,5445000
2025-01-07T14:00:00Z,10.53,10.53,10.44,10.49,8227800
2025-01-07T15:00:00Z,10.5,10.5,10.4,10.45,3952400
2025-01-07T16:00:00Z,10.46,10.48,10.34,10.34,4611600
2025-01-07T17:00:00Z,10.34,10.4,10.31,10.37,6115100
2025-01-07T18:00:00Z,10.37,10.44,10.36,10.37,13766600
2025-01-07T19:00:00Z,10.37,10.38,10.29,10.31,6948200
2025-01-07T20:00:00Z,10.31,10.34,10.28,10.32,7188400
2025-01-08T13:00:00Z,10.23,10.31,10.21,10.27,4471400
2025-01-08T14:00:00Z,10.27,10.36,10.25,10.29,3684900
2025-01-08T15:00:00Z,10.3,10.32,10.23,10.29,3491800
2025-01-08T16:00:00Z,10.29,10.3,10.24,10.27,2507900
2025-01-08T17:00:00Z,10.28,10.31,10.25,10.29,3913200
2025-01-08T18:00:00Z,10.29,10.33,10.27,10.3,6274200
2025-01-08T19:00:00Z,10.31,10.34,10.29,10.3,4555700
2025-01-08T20:00:00Z,10.31,10.33,10.27,10.27,4811100
2025-01-09T13:00:00Z,10.21,10.28,9.94,10.23,18398700
2025-01-09T14:00:00Z,10.23,10.3,10.17,10.3,3649500
2025-01-09T15:00:00Z,10.3,10.3,10.16,10.18,3755000
2025-01-09T16:00:00Z,10.17,10.27,10.16,10.26,3356200
2025-01-09T17:00:00Z,10.26,10.28,10.21,10.21,4068000
2025-01-09T18:00:00Z,10.22,10.23,10.16,10.18,4474600
2025-01-09T19:00:00Z,10.17,10.18,10.09,10.15,7000500
2025-01-09T20:00:00Z,10.15,10.23,10.15,10.23,6280400
2025-01-10T13:00:00Z,10.16,10.19,10,10.04,3671300
2025-01-10T14:00:00Z,10.04,10.05,9.96,9.98,3768500
2025-01-10T15:00:00Z,9.98,9.98,9.89,9.93,4159300
2025-01-10T16:00:00Z,9.93,9.97,9.89,9.94,3622700
2025-01-10T17:00:00Z,9.94,9.96,9.9,9.94,3013400
2025-01-10T18:00:00Z,9.94,9.94,9.89,9.93,3419000
2025-01-10T19:00:00Z,9.93,9.94,9.86,9.88,4511600
2025-01-10T20:00:00Z,9.88,9.92,9.84,9.87,5115800
2025-01-13T13:00:00Z,9.81,9.83,9.73,9.82,6651900
2025-01-13T14:00:00Z,9.81,9.89,9.78,9.81,3295500
2025-01-13T15:00:00Z,9.81,9.87,9.78,9.86,2763500
2025-01-13T16:00:00Z,9.87,9.88,9.82,9.83,2496300
2025-01-13T17:00:00Z,9.82,9.87,9.79,9.79,2968100
2025-01-13T18:00:00Z,9.8,9.84,9.78,9.82,1991900
2025-01-13T19:00:00Z,9.83,9.85,9.76,9.76,4092100
2025-01-13T20:00:00Z,9.77,9.81,9.75,9.77,3238800
2025-01-14T13:00:00Z,9.79,9.88,9.71,9.82,4326800
2025-01-14T14:00:00Z,9.82,9.84,9.74,9.81,4017900
2025-01-14T15:00:00Z,9.81,9.9,9.8,9.89,4201600
2025-01-14T16:00:00Z,9.89,9.93,9.87,9.91,3233100
2025-01-14T17:00:00Z,9.91,9.93,9.87,9.88,4546000
2025-01-14T18:00:00Z,9.88,9.9,9.83,9.86,3886100
2025-01-14T19:00:00Z,9.86,9.88,9.84,9.86,4031900
2025-01-14T20:00:00Z,9.87,9.92,9.83,9.92,4777000
2025-01-15T13:00:00Z,9.97,10.09,9.93,10.07,8838800
2025-01-15T14:00:00Z,10.06,10.22,10.06,10.13,7464200
2025-01-15T15:00:00Z,10.13,10.22,10.11,10.21,3737600
2025-01-15T16:00:00Z,10.21,10.34,10.21,10.32,3986000
2025-01-15T17:00:00Z,10.34,10.35,10.31,10.32,2690000
2025-01-15T18:00:00Z,10.33,10.43,10.31,10.4,4981000
2025-01-15T19:00:00Z,10.4,10.45,10.39,10.45,2926300
2025-01-15T20:00:00Z,10.45,10.51,10.31,10.45,14650100
2025-01-16T13:00:00Z,10.46,10.48,10.33,10.37,2513300
2025-01-16T14:00:00Z,10.38,10.39,10.24,10.24,2627300
2025-01-16T15:00:00Z,10.25,10.29,10.23,10.26,3228300
2025-01-16T16:00:00Z,10.27,10.27,10.21,10.23,2618000
2025-01-16T17:00:00Z,10.23,10.25,10.18,10.2,2261200
2025-01-16T18:00:00Z,10.2,10.22,10.18,10.19,2048900
2025-01-16T19:00:00Z,10.19,10.24,10.18,10.22,1915000
2025-01-16T20:00:00Z,10.23,10.3,10.22,10.28,4175300
2025-01-17T13:00:00Z,10.29,10.32,10.18,10.21,3367100
2025-01-17T14:00:00Z,10.21,10.37,10.2,10.33,2875100
2025-01-17T15:00:00Z,10.33,10.38,10.32,10.34,2018500
2025-01-17T16:00:00Z,10.34,10.42,10.33,10.4,2193500
2025-01-17T17:00:00Z,10.4,10.41,10.34,10.34,2481900
2025-01-17T18:00:00Z,10.34,10.35,10.29,10.33,5168200
2025-01-17T19:00:00Z,10.32,10.33,10.3,10.3,1198400
2025-01-17T20:00:00Z,10.3,10.36,10.28,10.3,4184300
2025-01-20T13:00:00Z,10.2,10.34,10.2,10.31,1184800
2025-01-20T14:00:00Z,10.31,10.46,10.31,10.43,1513000
2025-01-20T15:00:00Z,10.42,10.46,10.35,10.37,1380500
2025-01-20T16:00:00Z,10.36,10.38,10.33,10.34,925200
2025-01-20T17:00:00Z,10.34,10.35,10.29,10.32,1419900
2025-01-20T18:00:00Z,10.31,10.32,10.27,10.32,885800
2025-01-20T19:00:00Z,10.32,10.33,10.3,10.32,667800
2025-01-20T20:00:00Z,10.32,10.39,10.31,10.36,1602300
2025-01-21T13:00:00Z,10.33,10.34,10.2,10.28,2399400
2025-01-21T14:00:00Z,10.28,10.35,10.27,10.31,2464700
2025-01-21T15:00:00Z,10.31,10.38,10.3,10.37,1419800
2025-01-21T16:00:00Z,10.36,10.4,10.33,10.34,1356100
2025-01-21T17:00:00Z,10.34,10.37,10.3,10.34,1252500
2025-01-21T18:00:00Z,10.34,10.44,10.34,10.41,2201600
2025-01-21T19:00:00Z,10.41,10.42,10.37,10.4,2450800
2025-01-21T20:00:00Z,10.4,10.48,10.38,10.38,8656000
2025-01-22T13:00:00Z,10.48,10.48,10.33,10.42,3054100
2025-01-22T14:00:00Z,10.42,10.5,10.41,10.42,4771400
2025-01-22T15:00:00Z,10.42,10.45,10.37,10.38,3309000
2025-01-22T16:00:00Z,10.38,10.42,10.35,10.41,3681200
2025-01-22T17:00:00Z,10.4,10.45,10.39,10.45,4850500
2025-01-22T18:00:00Z,10.45,10.46,10.41,10.42,4248800
2025-01-22T19:00:00Z,10.41,10.48,10.4,10.46,10097600
2025-01-22T20:00:00Z,10.46,10.5,10.45,10.46,8599300
2025-01-23T13:00:00Z,10.43,10.5,10.4,10.45,3048600
2025-01-23T14:00:00Z,10.46,10.49,10.38,10.39,5390000
2025-01-23T15:00:00Z,10.39,10.43,10.38,10.42,2816500
2025-01-23T16:00:00Z,10.43,10.44,10.39,10.43,2827700
2025-01-23T17:00:00Z,10.44,10.44,10.41,10.43,4600800
2025-01-23T18:00:00Z,10.42,10.44,10.34,10.36,4455900
2025-01-23T19:00:00Z,10.36,10.36,10.29,10.31,4218800
2025-01-23T20:00:00Z,10.32,10.35,10.3,10.32,5205700
2025-01-24T13:00:00Z,10.35,10.37,10.26,10.31,3435700
2025-01-24T14:00:00Z,10.3,10.4,10.27,10.31,10143800
2025-01-24T15:00:00Z,10.3,10.36,10.27,10.28,4830300
2025-01-24T16:00:00Z,10.28,10.37,10.27,10.35,10975900
2025-01-24T17:00:00Z,10.35,10.36,10.32,10.34,2733300
2025-01-24T18:00:00Z,10.34,10.36,10.33,10.35,4349500
2025-01-24T19:00:00Z,10.35,10.36,10.3,10.31,2863000
2025-01-24T20:00:00Z,10.31,10.36,10.31,10.36,3649500
2025-01-27T13:00:00Z,10.34,10.5,10.29,10.5,9381500
2025-01-27T14:00:00Z,10.5,10.52,10.43,10.49,5859500
2025-01-27T15:00:00Z,10.49,10.5,10.44,10.47,6139000
2025-01-27T16:00:00Z,10.47,10.51,10.46,10.5,4471900
2025-01-27T17:00:00Z,10.5,10.5,10.45,10.49,7647900
2025-01-27T18:00:00Z,10.48,10.53,10.48,10.51,5409700
2025-01-27T19:00:00Z,10.51,10.53,10.48,10.5,4144500
2025-01-27T20:00:00Z,10.51,10.55,10.49,10.51,6863000
2025-01-28T13:00:00Z,10.56,10.6,10.43,10.46,1672400
2025-01-28T14:00:00Z,10.46,10.5,10.44,10.5,4890800
2025-01-28T15:00:00Z,10.5,10.55,10.48,10.53,4996400
2025-01-28T16:00:00Z,10.52,10.58,10.51,10.57,7667500
2025-01-28T17:00:00Z,10.57,10.59,10.54,10.57,3552500
2025-01-28T18:00:00Z,10.56,10.59,10.54,10.58,3079000
2025-01-28T19:00:00Z,10.57,10.59,10.54,10.55,3399300
2025-01-28T20:00:00Z,10.54,10.61,10.54,10.57,10918100
2025-01-29T13:00:00Z,10.61,10.62,10.52,10.55,3706800
2025-01-29T14:00:00Z,10.55,10.58,10.54,10.55,3341500
2025-01-29T15:00:00Z,10.55,10.59,10.51,10.56,5844500
2025-01-29T16:00:00Z,10.57,10.58,10.55,10.55,2180900
2025-01-29T17:00:00Z,10.55,10.59,10.55,10.56,3784500
2025-01-29T18:00:00Z,10.56,10.59,10.55,10.56,3936400
2025-01-29T19:00:00Z,10.56,10.58,10.5,10.56,11992300
2025-01-29T20:00:00Z,10.56,10.58,10.51,10.54,5979600
2025-01-30T13:00:00Z,10.56,10.67,10.56,10.62,20877800
2025-01-30T14:00:00Z,10.63,10.69,10.58,10.66,8422400
2025-01-30T15:00:00Z,10.66,10.75,10.63,10.75,24349000
2025-01-30T16:00:00Z,10.74,10.77,10.71,10.75,2341800
2025-01-30T17:00:00Z,10.74,10.84,10.73,10.82,4852800
2025-01-30T18:00:00Z,10.81,10.9,10.81,10.88,4667200
2025-01-30T19:00:00Z,10.87,10.96,10.86,10.91,11000400
2025-01-30T20:00:00Z,10.91,11.17,10.89,11,15986000
2025-01-31T13:00:00Z,11.09,11.27,11.04,11.24,5418400
2025-01-31T14:00:00Z,11.24,11.31,11.15,11.28,11523200
2025-01-31T15:00:00Z,11.29,11.3,11.18,11.18,7877800
2025-01-31T16:00:00Z,11.19,11.3,11.19,11.27,6481100
2025-01-31T17:00:00Z,11.26,11.28,11.21,11.23,3367400
2025-01-31T18:00:00Z,11.23,11.25,11.13,11.15,8865100
2025-01-31T19:00:00Z,11.15,11.18,11.12,11.14,4617700
2025-01-31T20:00:00Z,11.14,11.17,11.08,11.09,7236100
2025-02-03T13:00:00Z,11.2,11.28,11.07,11.23,9881000
2025-02-03T14:00:00Z,11.24,11.32,11.22,11.29,4249600
2025-02-03T15:00:00Z,11.29,11.36,11.23,11.33,3572000
2025-02-03T16:00:00Z,11.33,11.38,11.31,11.31,5437100
2025-02-03T17:00:00Z,11.32,11.34,11.25,11.28,3731800
2025-02-03T18:00:00Z,11.28,11.31,11.15,11.17,3417500
2025-02-03T19:00:00Z,11.17,11.22,11.16,11.2,3288200
2025-02-03T20:00:00Z,11.21,11.21,11.15,11.16,4980200
2025-02-04T13:00:00Z,11.18,11.25,11.03,11.06,7248200
2025-02-04T14:00:00Z,11.06,11.11,11.01,11.06,5021900
2025-02-04T15:00:00Z,11.06,11.14,11.06,11.1,2457500
2025-02-04T16:00:00Z,11.1,11.16,11.08,11.15,4928300
2025-02-04T17:00:00Z,11.15,11.16,11.07,11.09,2950700
2025-02-04T18:00:00Z,11.09,11.17,11.08,11.15,3772800
2025-02-04T19:00:00Z,11.16,11.19,11.11,11.13,5492800
2025-02-04T20:00:00Z,11.13,11.13,11.04,11.06,5699600
2025-02-05T13:00:00Z,11.08,11.08,10.94,10.99,5420200
2025-02-05T14:00:00Z,11,11,10.89,10.93,4211400
2025-02-05T15:00:00Z,10.94,11.09,10.9,11.01,5289700
2025-02-05T16:00:00Z,11.01,11.02,10.95,10.96,1998600
2025-02-05T17:00:00Z,10.97,11,10.93,10.98,2307600
2025-02-05T18:00:00Z,10.98,11,10.94,10.95,2686200
2025-02-05T19:00:00Z,10.95,11.01,10.94,11,3455700
2025-02-05T20:00:00Z,11,11.03,10.95,10.98,7132400
2025-02-06T13:00:00Z,10.94,11.01,10.92,10.95,1472200
2025-02-06T14:00:00Z,10.96,11.05,10.92,11.02,1637400
2025-02-06T15:00:00Z,11.01,11.07,11.01,11.05,1633200
2025-02-06T16:00:00Z,11.06,11.13,11.05,11.13,1972500
2025-02-06T17:00:00Z,11.12,11.17,11.09,11.16,7695800
2025-02-06T18:00:00Z,11.16,11.23,11.14,11.21,2726900
2025-02-06T19:00:00Z,11.21,11.25,11.2,11.22,3087600
2025-02-06T20:00:00Z,11.21,11.26,11.2,11.26,3411000
2025-02-07T13:00:00Z,11.21,11.26,11.16,11.19,1399500
2025-02-07T14:00:00Z,11.19,11.22,11.11,11.16,2506900
2025-02-07T15:00:00Z,11.16,11.18,11.03,11.05,2935000
2025-02-07T16:00:00Z,11.06,11.06,10.95,11,5607300
2025-02-07T17:00:00Z,11,11.05,10.99,11.01,2277600
2025-02-07T18:00:00Z,11.01,11.05,10.92,10.96,4182000
2025-02-07T19:00:00Z,10.96,11.04,10.94,10.97,7708900
2025-02-07T20:00:00Z,10.97,10.98,10.91,10.91,4294000
2025-02-10T13:00:00Z,11.08,11.16,10.98,11.12,1896000
2025-02-10T14:00:00Z,11.13,11.14,11.05,11.09,2997200
2025-02-10T15:00:00Z,11.09,11.15,11.06,11.08,1762000
2025-02-10T16:00:00Z,11.09,11.11,11,11.02,2706400
2025-02-10T17:00:00Z,11.02,11.12,11.02,11.1,3399900
2025-02-10T18:00:00Z,11.1,11.18,11.1,11.16,2605000
2025-02-10T19:00:00Z,11.16,11.16,11.12,11.15,2278700
2025-02-10T20:00:00Z,11.14,11.15,11.08,11.13,3725700
2025-02-11T13:00:00Z,11.2,11.29,11.11,11.24,2117400
2025-02-11T14:00:00Z,11.25,11.33,11.2,11.27,9444300
2025-02-11T15:00:00Z,11.27,11.32,11.25,11.29,3453400
2025-02-11T16:00:00Z,11.29,11.32,11.27,11.28,2072300
2025-02-11T17:00:00Z,11.28,11.29,11.23,11.24,1959700
2025-02-11T18:00:00Z,11.24,11.25,11.21,11.22,1212900
2025-02-11T19:00:00Z,11.22,11.24,11.19,11.19,3633500
2025-02-11T20:00:00Z,11.2,11.22,11.18,11.21,3469100
2025-02-12T13:00:00Z,11.01,11.11,10.91,11.01,5842600
2025-02-12T14:00:00Z,11.01,11.07,10.97,11,4010600
2025-02-12T15:00:00Z,11,11.02,10.96,10.98,5219300
2025-02-12T16:00:00Z,10.98,11.01,10.96,10.97,4743700
2025-02-12T17:00:00Z,10.97,11.03,10.96,11.03,3968500
2025-02-12T18:00:00Z,11.03,11.07,10.98,11.01,4703400
2025-02-12T19:00:00Z,11.02,11.04,10.99,11.02,5726000
2025-02-12T20:00:00Z,11.04,11.07,11,11.05,5435600
2025-02-13T13:00:00Z,10.99,11.07,10.98,11.03,1768800
2025-02-13T14:00:00Z,11.02,11.08,11,11.02,1590600
2025-02-13T15:00:00Z,11.03,11.13,10.99,11.1,2805400
2025-02-13T16:00:00Z,11.1,11.15,11.1,11.12,2295800
2025-02-13T17:00:00Z,11.12,11.16,11.08,11.15,2638000
2025-02-13T18:00:00Z,11.15,11.21,11.1,11.12,3606300
2025-02-13T19:00:00Z,11.13,11.15,11.09,11.11,1374000
2025-02-13T20:00:00Z,11.09,11.24,11.08,11.19,4274000
2025-02-14T13:00:00Z,11.3,11.47,11.27,11.44,4662300
2025-02-14T14:00:00Z,11.45,11.47,11.39,11.41,2504200
2025-02-14T15:00:00Z,11.42,11.49,11.4,11.45,3300400
2025-02-14T16:00:00Z,11.45,11.49,11.43,11.48,2105000
2025-02-14T17:00:00Z,11.48,11.48,11.4,11.42,5182400
2025-02-14T18:00:00Z,11.42,11.46,11.4,11.43,5535600
2025-02-14T19:00:00Z,11.44,11.65,11.43,11.59,11756100
2025-02-14T20:00:00Z,11.59,11.62,11.54,11.6,7347900
2025-02-17T13:00:00Z,11.65,11.71,11.58,11.64,2106100
2025-02-17T14:00:00Z,11.63,11.66,11.53,11.59,3106500
2025-02-17T15:00:00Z,11.58,11.7,11.58,11.67,2788700
2025-02-17T16:00:00Z,11.66,11.69,11.62,11.64,2920900
2025-02-17T17:00:00Z,11.65,11.65,11.58,11.6,3766100
2025-02-17T18:00:00Z,11.61,11.64,11.54,11.63,6738700
2025-02-17T19:00:00Z,11.63,11.7,11.62,11.63,4250000
2025-02-17T20:00:00Z,11.63,11.64,11.51,11.51,8943000
2025-02-18T13:00:00Z,11.59,11.6,11.4,11.44,4966600
2025-02-18T14:00:00Z,11.44,11.55,11.41,11.5,10361500
2025-02-18T15:00:00Z,11.51,11.65,11.5,11.63,2290200
2025-02-18T16:00:00Z,11.62,11.73,11.58,11.59,6560700
2025-02-18T17:00:00Z,11.6,11.66,11.55,11.58,8569200
2025-02-18T18:00:00Z,11.59,11.6,11.46,11.5,6208800
2025-02-18T19:00:00Z,11.51,11.53,11.45,11.45,8793000
2025-02-18T20:00:00Z,11.45,11.5,11.44,11.49,6163600
2025-02-19T13:00:00Z,11.4,11.44,11.25,11.37,8914100
2025-02-19T14:00:00Z,11.37,11.4,11.3,11.32,5403800
2025-02-19T15:00:00Z,11.32,11.35,11.3,11.34,2516200
2025-02-19T16:00:00Z,11.34,11.35,11.27,11.29,3005200
2025-02-19T17:00:00Z,11.28,11.35,11.28,11.32,2259000
2025-02-19T18:00:00Z,11.31,11.35,11.26,11.29,3309500
2025-02-19T19:00:00Z,11.3,11.33,11.28,11.3,4456000
2025-02-19T20:00:00Z,11.3,11.36,11.29,11.36,5867300
2025-02-20T13:00:00Z,11.37,11.43,11.32,11.37,3343200
2025-02-20T14:00:00Z,11.37,11.38,11.28,11.29,5776700
2025-02-20T15:00:00Z,11.29,11.33,11.21,11.23,8236000
2025-02-20T16:00:00Z,11.23,11.25,11.17,11.2,4394100
2025-02-20T17:00:00Z,11.2,11.25,11.16,11.21,5365800
2025-02-20T18:00:00Z,11.22,11.25,11.2,11.21,4118700
2025-02-20T19:00:00Z,11.22,11.28,11.2,11.26,4321100
2025-02-20T20:00:00Z,11.26,11.31,11.24,11.24,5410400
2025-02-21T13:00:00Z,11.04,11.15,10.94,11.12,31680800
2025-02-21T14:00:00Z,11.12,11.24,11.11,11.21,11324900
2025-02-21T15:00:00Z,11.2,11.26,11.15,11.18,4931800
2025-02-21T16:00:00Z,11.18,11.25,11.17,11.23,4969900
2025-02-21T17:00:00Z,11.23,11.3,11.22,11.26,12190700
2025-02-21T18:00:00Z,11.27,11.27,11.11,11.13,6562900
2025-02-21T19:00:00Z,11.13,11.26,11.11,11.24,5322500
2025-02-21T20:00:00Z,11.25,11.28,11.2,11.23,8244800
2025-02-24T13:00:00Z,11.23,11.25,11.16,11.2,4322300
2025-02-24T14:00:00Z,11.2,11.2,11.02,11.04,7012700
2025-02-24T15:00:00Z,11.03,11.06,11,11.01,5961900
2025-02-24T16:00:00Z,11.01,11.02,10.9,10.91,8467400
2025-02-24T17:00:00Z,10.91,10.92,10.83,10.86,9281200
2025-02-24T18:00:00Z,10.85,10.91,10.83,10.86,5973600
2025-02-24T19:00:00Z,10.86,10.89,10.8,10.8,5447600
2025-02-24T20:00:00Z,10.8,10.86,10.8,10.81,8590800
2025-02-25T13:00:00Z,10.88,10.94,10.8,10.8,8237100
2025-02-25T14:00:00Z,10.8,10.85,10.74,10.84,10812100
2025-02-25T15:00:00Z,10.83,10.87,10.75,10.85,9760900
2025-02-25T16:00:00Z,10.85,10.85,10.73,10.75,8281300
2025-02-25T17:00:00Z,10.75,10.79,10.74,10.77,5777500
2025-02-25T18:00:00Z,10.77,10.83,10.75,10.81,9139100
2025-02-25T19:00:00Z,10.81,10.84,10.75,10.79,9081800
2025-02-25T20:00:00Z,10.79,10.82,10.76,10.8,9305200
2025-02-26T13:00:00Z,10.85,10.87,10.75,10.79,2898100
2025-02-26T14:00:00Z,10.79,10.79,10.7,10.76,4997900
2025-02-26T15:00:00Z,10.77,10.77,10.71,10.75,5410600
2025-02-26T16:00:00Z,10.75,10.76,10.72,10.72,3902500
2025-02-26T17:00:00Z,10.72,10.75,10.66,10.71,5307900
2025-02-26T18:00:00Z,10.7,10.72,10.66,10.7,3948400
2025-02-26T19:00:00Z,10.69,10.7,10.63,10.65,5354300
2025-02-26T20:00:00Z,10.64,10.67,10.61,10.63,5518900
2025-02-27T13:00:00Z,10.64,10.77,10.63,10.75,3021400
2025-02-27T14:00:00Z,10.75,10.8,10.74,10.78,2924000
2025-02-27T15:00:00Z,10.78,10.87,10.76,10.8,3795500
2025-02-27T16:00:00Z,10.8,10.81,10.75,10.75,4139800
2025-02-27T17:00:00Z,10.76,10.8,10.73,10.79,4597700
2025-02-27T18:00:00Z,10.79,10.82,10.77,10.79,3769200
2025-02-27T19:00:00Z,10.8,10.82,10.75,10.77,3538600
2025-02-27T20:00:00Z,10.77,10.78,10.68,10.71,4612200
2025-02-28T13:00:00Z,10.62,10.67,10.56,10.61,2946000
2025-02-28T14:00:00Z,10.61,10.64,10.51,10.58,7309200
2025-02-28T15:00:00Z,10.58,10.61,10.53,10.55,4572600
2025-02-28T16:00:00Z,10.55,10.55,10.47,10.47,5439700
2025-02-28T17:00:00Z,10.47,10.52,10.43,10.46,3575700
2025-02-28T18:00:00Z,10.46,10.46,10.34,10.39,8143300
2025-02-28T19:00:00Z,10.39,10.42,10.38,10.4,9358400
2025-02-28T20:00:00Z,10.4,10.44,10.4,10.44,4183800
2025-03-05T16:00:00Z,10.23,10.54,10.17,10.5,15625700
2025-03-05T17:00:00Z,10.49,10.57,10.48,10.52,9537600
2025-03-05T18:00:00Z,10.52,10.57,10.5,10.52,5556900
2025-03-05T19:00:00Z,10.52,10.56,10.5,10.53,4461200
2025-03-05T20:00:00Z,10.53,10.58,10.5,10.55,7038400
2025-03-06T13:00:00Z,10.5,10.54,10.45,10.48,3326100
2025-03-06T14:00:00Z,10.48,10.54,10.44,10.5,5041700
2025-03-06T15:00:00Z,10.5,10.64,10.49,10.59,5723400
2025-03-06T16:00:00Z,10.6,10.63,10.54,10.57,5491700
2025-03-06T17:00:00Z,10.58,10.65,10.56,10.63,2888900
2025-03-06T18:00:00Z,10.63,10.69,10.61,10.66,4710300
2025-03-06T19:00:00Z,10.66,10.66,10.58,10.6,5164500
2025-03-06T20:00:00Z,10.62,10.66,10.61,10.63,3806100
2025-03-07T13:00:00Z,10.6,10.62,10.52,10.55,2717600
2025-03-07T14:00:00Z,10.55,10.73,10.55,10.7,3333500
2025-03-07T15:00:00Z,10.7,10.75,10.63,10.66,3378600
2025-03-07T16:00:00Z,10.66,10.67,10.59,10.62,2453000
2025-03-07T17:00:00Z,10.62,10.69,10.61,10.67,2768100
2025-03-07T18:00:00Z,10.67,10.78,10.67,10.78,3889000
2025-03-07T19:00:00Z,10.76,10.84,10.76,10.79,8647900
2025-03-07T20:00:00Z,10.79,10.8,10.63,10.7,8850600
2025-03-10T13:00:00Z,10.55,10.59,10.39,10.41,5211000
2025-03-10T14:00:00Z,10.42,10.49,10.37,10.46,3182900
2025-03-10T15:00:00Z,10.46,10.55,10.44,10.54,4685400
2025-03-10T16:00:00Z,10.54,10.55,10.5,10.51,2353900
2025-03-10T17:00:00Z,10.51,10.52,10.46,10.46,3893100
2025-03-10T18:00:00Z,10.46,10.49,10.42,10.44,4539700
2025-03-10T19:00:00Z,10.43,10.46,10.41,10.46,4285900
2025-03-11T13:00:00Z,10.49,10.51,10.39,10.43,4192800
2025-03-11T14:00:00Z,10.43,10.45,10.36,10.38,2838700
2025-03-11T15:00:00Z,10.36,10.39,10.34,10.36,2334600
2025-03-11T16:00:00Z,10.36,10.4,10.34,10.38,3134700
2025-03-11T17:00:00Z,10.39,10.4,10.34,10.37,3001600
2025-03-11T18:00:00Z,10.36,10.4,10.34,10.39,4160400
2025-03-11T19:00:00Z,10.39,10.44,10.35,10.38,3702400
2025-03-12T13:00:00Z,10.4,10.47,10.37,10.45,2448400
2025-03-12T14:00:00Z,10.45,10.46,10.37,10.43,5854000
2025-03-12T15:00:00Z,10.43,10.46,10.4,10.42,4555200
2025-03-12T16:00:00Z,10.42,10.44,10.4,10.42,2018800
2025-03-12T17:00:00Z,10.41,10.45,10.35,10.35,3851000
2025-03-12T18:00:00Z,10.35,10.44,10.35,10.37,8290100
2025-03-12T19:00:00Z,10.37,10.52,10.36,10.51,10091200
2025-03-13T13:00:00Z,10.98,11.2,10.93,11.19,28107500
2025-03-13T14:00:00Z,11.18,11.36,11.18,11.3,21289100
2025-03-13T15:00:00Z,11.3,11.4,11.27,11.37,7073800
2025-03-13T16:00:00Z,11.37,11.45,11.36,11.45,4542900
2025-03-13T17:00:00Z,11.44,11.46,11.39,11.45,7543900
2025-03-13T18:00:00Z,11.44,11.47,11.38,11.46,13221500
2025-03-13T19:00:00Z,11.46,11.63,11.46,11.57,22679500
2025-03-14T13:00:00Z,11.73,11.96,11.7,11.91,18503100
2025-03-14T14:00:00Z,11.92,12.29,11.88,12.22,19506800
2025-03-14T15:00:00Z,12.23,12.32,12.21,12.32,11196500
2025-03-14T16:00:00Z,12.32,12.4,12.28,12.39,9115000
2025-03-14T17:00:00Z,12.39,12.45,12.37,12.4,15662000
2025-03-14T18:00:00Z,12.4,12.64,12.4,12.64,17381000
2025-03-14T19:00:00Z,12.64,12.9,12.58,12.9,26077000
2025-03-17T13:00:00Z,12.87,12.87,12.6,12.63,13815500
2025-03-17T14:00:00Z,12.64,12.7,12.45,12.55,13348700
2025-03-17T15:00:00Z,12.54,12.72,12.53,12.65,9075200
2025-03-17T16:00:00Z,12.66,12.76,12.64,12.73,8508900
2025-03-17T17:00:00Z,12.75,12.78,12.71,12.72,6823100
2025-03-17T18:00:00Z,12.72,12.75,12.52,12.58,17587300
2025-03-17T19:00:00Z,12.58,12.61,12.41,12.42,14752500
2025-03-18T13:00:00Z,12.38,12.41,11.96,12.05,21287700
2025-03-18T14:00:00Z,12.06,12.11,12,12.01,10333800
2025-03-18T15:00:00Z,12.02,12.09,11.97,11.98,22058000
2025-03-18T16:00:00Z,11.99,12.03,11.91,11.91,7597000
2025-03-18T17:00:00Z,11.92,12.05,11.91,12.01,12667500
2025-03-18T18:00:00Z,12.01,12.13,12.01,12.11,15308500
2025-03-18T19:00:00Z,12.1,12.11,11.99,12.04,13483100
2025-03-19T13:00:00Z,12.18,12.21,12,12.17,5704700
2025-03-19T14:00:00Z,12.16,12.4,12.16,12.34,6310400
2025-03-19T15:00:00Z,12.33,12.39,12.3,12.35,4150000
2025-03-19T16:00:00Z,12.35,12.38,12.31,12.38,4251900
2025-03-19T17:00:00Z,12.37,12.4,12.32,12.36,3572400
2025-03-19T18:00:00Z,12.35,12.42,12.3,12.4,5792600
2025-03-19T19:00:00Z,12.4,12.44,12.3,12.32,6840900
2025-03-20T13:00:00Z,12.3,12.39,12.26,12.33,4733300
2025-03-20T14:00:00Z,12.33,12.38,12.24,12.37,6622100
2025-03-20T15:00:00Z,12.38,12.49,12.34,12.39,9576300
2025-03-20T16:00:00Z,12.39,12.43,12.37,12.41,3171200
2025-03-20T17:00:00Z,12.41,12.42,12.36,12.37,4211200
2025-03-20T18:00:00Z,12.36,12.44,12.36,12.38,4312200
2025-03-20T19:00:00Z,12.38,12.48,12.37,12.41,5507400
2025-03-21T13:00:00Z,12.52,12.56,12.33,12.41,5570200
2025-03-21T14:00:00Z,12.41,12.5,12.36,12.45,4504600
2025-03-21T15:00:00Z,12.45,12.46,12.39,12.44,3431900
2025-03-21T16:00:00Z,12.45,12.51,12.41,12.51,5744800
2025-03-21T17:00:00Z,12.51,12.54,12.49,12.53,3673700
2025-03-21T18:00:00Z,12.52,12.57,12.47,12.48,4670200
2025-03-21T19:00:00Z,12.47,12.53,12.47,12.52,4199400
2025-03-24T13:00:00Z,12.56,12.56,12.42,12.49,3406000
2025-03-24T14:00:00Z,12.49,12.5,12.35,12.44,4812500
2025-03-24T15:00:00Z,12.44,12.47,12.42,12.45,4442300
2025-03-24T16:00:00Z,12.45,12.48,12.4,12.45,5009200
2025-03-24T17:00:00Z,12.45,12.47,12.32,12.33,14039000
2025-03-24T18:00:00Z,12.33,12.38,12.32,12.34,2526500
2025-03-24T19:00:00Z,12.34,12.43,12.33,12.36,3763800
2025-03-25T13:00:00Z,12.47,12.58,12.31,12.56,3704100
2025-03-25T14:00:00Z,12.56,12.6,12.47,12.53,2865100
2025-03-25T15:00:00Z,12.51,12.6,12.5,12.52,2500100
2025-03-25T16:00:00Z,12.53,12.54,12.4,12.41,2726900
2025-03-25T17:00:00Z,12.41,12.47,12.34,12.35,1982500
2025-03-25T18:00:00Z,12.35,12.46,12.32,12.41,4078900
2025-03-25T19:00:00Z,12.41,12.47,12.34,12.4,4807300
2025-03-26T13:00:00Z,12.4,12.59,12.32,12.5,3906300
2025-03-26T14:00:00Z,12.5,12.61,12.43,12.44,3075200
2025-03-26T15:00:00Z,12.44,12.5,12.44,12.44,1407000
2025-03-26T16:00:00Z,12.45,12.49,12.39,12.41,3600900
2025-03-26T17:00:00Z,12.39,12.42,12.35,12.41,2148400
2025-03-26T18:00:00Z,12.4,12.43,12.35,12.37,2574700
2025-03-26T19:00:00Z,12.36,12.43,12.35,12.4,2753300
2025-03-27T13:00:00Z,12.41,12.46,12.31,12.37,2755500
2025-03-27T14:00:00Z,12.37,12.38,12.33,12.34,1245300
2025-03-27T15:00:00Z,12.33,12.47,12.33,12.47,2629000
2025-03-27T16:00:00Z,12.47,12.47,12.4,12.45,3712200
2025-03-27T17:00:00Z,12.44,12.48,12.35,12.37,3111200
2025-03-27T18:00:00Z,12.36,12.41,12.33,12.34,5421400
2025-03-27T19:00:00Z,12.34,12.38,12.31,12.37,4978400
2025-03-28T13:00:00Z,12.3,12.36,12.25,12.29,1455900
2025-03-28T14:00:00Z,12.28,12.3,12.13,12.15,3587300
2025-03-28T15:00:00Z,12.15,12.15,12.07,12.12,3528700
2025-03-28T16:00:00Z,12.12,12.16,12.12,12.14,946500
2025-03-28T17:00:00Z,12.13,12.3,12.12,12.3,2012700
2025-03-28T18:00:00Z,12.29,12.45,12.29,12.32,2793400
2025-03-28T19:00:00Z,12.32,12.33,12.25,12.3,2465600
2025-03-31T13:00:00Z,12.14,12.18,12,12.08,3519200
2025-03-31T14:00:00Z,12.08,12.18,12.06,12.16,3409700
2025-03-31T15:00:00Z,12.16,12.16,12.08,12.12,1222000
2025-03-31T16:00:00Z,12.12,12.19,12.08,12.16,2351400
2025-03-31T17:00:00Z,12.16,12.18,12.1,12.16,2218700
2025-03-31T18:00:00Z,12.16,12.29,12.16,12.19,4350100
2025-03-31T19:00:00Z,12.19,12.22,12.18,12.19,5246600
2025-04-01T13:00:00Z,12.01,12.17,11.99,12.11,3445600
2025-04-01T14:00:00Z,12.1,12.3,12.07,12.23,2371200
2025-04-01T15:00:00Z,12.24,12.31,12.2,12.29,3112100
2025-04-01T16:00:00Z,12.29,12.29,12.22,12.24,4705000
2025-04-01T17:00:00Z,12.24,12.34,12.23,12.28,2023600
2025-04-01T18:00:00Z,12.27,12.29,12.2,12.22,1777400
2025-04-01T19:00:00Z,12.22,12.27,12.17,12.26,1740000
2025-04-02T13:00:00Z,12.27,12.39,12.19,12.26,1799800
2025-04-02T14:00:00Z,12.27,12.3,12.19,12.26,2325700
2025-04-02T15:00:00Z,12.26,12.29,12.23,12.25,1966800
2025-04-02T16:00:00Z,12.25,12.38,12.25,12.37,3729600
2025-04-02T17:00:00Z,12.36,12.37,12.29,12.32,1529900
2025-04-02T18:00:00Z,12.33,12.35,12.29,12.33,2227900
2025-04-02T19:00:00Z,12.33,12.44,12.33,12.44,3444500
2025-04-03T13:00:00Z,12.36,12.87,12.36,12.81,8843300
2025-04-03T14:00:00Z,12.8,12.85,12.69,12.69,7172500
2025-04-03T15:00:00Z,12.69,12.7,12.45,12.47,9012900
2025-04-03T16:00:00Z,12.48,12.62,12.47,12.58,5821800
2025-04-03T17:00:00Z,12.59,12.64,12.55,12.59,4129700
2025-04-03T18:00:00Z,12.6,12.72,12.58,12.69,4904900
2025-04-03T19:00:00Z,12.7,12.71,12.62,12.7,12981800
2025-04-04T13:00:00Z,12.42,12.5,12.23,12.32,6317000
2025-04-04T14:00:00Z,12.32,12.34,12.11,12.17,6951600
2025-04-04T15:00:00Z,12.16,12.31,12.15,12.27,6970100
2025-04-04T16:00:00Z,12.27,12.31,12.18,12.24,1971400
2025-04-04T17:00:00Z,12.25,12.26,12.14,12.15,2376000
2025-04-04T18:00:00Z,12.15,12.17,12.08,12.11,3933300
2025-04-04T19:00:00Z,12.11,12.12,12.04,12.05,5545800
2025-04-07T13:00:00Z,11.86,11.86,11.62,11.84,22818000
2025-04-07T14:00:00Z,11.83,12.25,11.8,11.98,9508900
2025-04-07T15:00:00Z,11.97,11.99,11.74,11.81,4724800
2025-04-07T16:00:00Z,11.81,11.87,11.77,11.85,2079200
2025-04-07T17:00:00Z,11.85,11.99,11.85,11.87,2429500
2025-04-07T18:00:00Z,11.87,11.95,11.77,11.78,2778600
2025-04-07T19:00:00Z,11.78,11.92,11.78,11.9,3787800
2025-04-08T13:00:00Z,12.02,12.17,11.91,11.99,7730600
2025-04-08T14:00:00Z,11.99,12.07,11.9,11.93,4458500
2025-04-08T15:00:00Z,11.93,11.97,11.82,11.93,3181200
2025-04-08T16:00:00Z,11.92,11.94,11.73,11.77,3819000
2025-04-08T17:00:00Z,11.76,11.8,11.68,11.75,3752700
2025-04-08T18:00:00Z,11.74,11.85,11.7,11.73,2838200
2025-04-08T19:00:00Z,11.73,11.76,11.65,11.75,4438300
2025-04-09T13:00:00Z,11.62,11.83,11.6,11.76,10031100
2025-04-09T14:00:00Z,11.76,11.93,11.72,11.74,16658900
2025-04-09T15:00:00Z,11.75,11.82,11.69,11.71,4186300
2025-04-09T16:00:00Z,11.72,11.84,11.7,11.82,4605500
2025-04-09T17:00:00Z,11.83,12.23,11.72,12.13,14214500
2025-04-09T18:00:00Z,12.14,12.18,11.91,11.95,8213300
2025-04-09T19:00:00Z,11.95,12.25,11.9,12.24,8454800
2025-04-10T13:00:00Z,12.16,12.17,11.87,11.98,3143100
2025-04-10T14:00:00Z,11.99,12.06,11.92,11.93,5515000
2025-04-10T15:00:00Z,11.92,11.95,11.82,11.88,2880800
2025-04-10T16:00:00Z,11.89,11.92,11.75,11.92,3434000
2025-04-10T17:00:00Z,11.92,11.95,11.81,11.87,4630100
2025-04-10T18:00:00Z,11.87,11.93,11.85,11.87,9485900
2025-04-10T19:00:00Z,11.87,11.91,11.79,11.84,4698900
2025-04-11T13:00:00Z,11.95,11.95,11.77,11.82,3211900
2025-04-11T14:00:00Z,11.82,11.85,11.71,11.76,3160000
2025-04-11T15:00:00Z,11.76,11.82,11.73,11.8,4833400
2025-04-11T16:00:00Z,11.8,11.94,11.77,11.94,15314700
2025-04-11T17:00:00Z,11.94,12,11.88,12,6709900
2025-04-11T18:00:00Z,12,12,11.91,11.96,3247300
2025-04-11T19:00:00Z,11.96,11.97,11.92,11.93,4164400
2025-04-14T13:00:00Z,12.23,12.25,12.05,12.11,3244400
2025-04-14T14:00:00Z,12.11,12.15,12.02,12.04,2256700
2025-04-14T15:00:00Z,12.04,12.09,11.94,12,2403400
2025-04-14T16:00:00Z,11.99,12.04,11.96,12.02,1954900
2025-04-14T17:00:00Z,12.02,12.13,11.99,12.1,5181300
2025-04-14T18:00:00Z,12.11,12.25,12.09,12.22,10409900
2025-04-14T19:00:00Z,12.22,12.24,12.1,12.16,6342600
2025-04-15T13:00:00Z,12.08,12.29,12.06,12.29,2134300
2025-04-15T14:00:00Z,12.29,12.32,12.18,12.22,8447500
2025-04-15T15:00:00Z,12.21,12.27,12.19,12.25,3888000
2025-04-15T16:00:00Z,12.25,12.35,12.25,12.27,3717200
2025-04-15T17:00:00Z,12.27,12.3,12.25,12.27,1470100
2025-04-15T18:00:00Z,12.28,12.31,12.18,12.19,4952800
2025-04-15T19:00:00Z,12.19,12.27,12.19,12.24,2485400
2025-04-16T13:00:00Z,12.15,12.22,12.09,12.18,4579300
2025-04-16T14:00:00Z,12.18,12.21,12.03,12.06,5029500
2025-04-16T15:00:00Z,12.06,12.1,12.02,12.05,7020100
2025-04-16T16:00:00Z,12.06,12.08,12.01,12.08,7189000
2025-04-16T17:00:00Z,12.08,12.19,12.03,12.05,8517400
2025-04-16T18:00:00Z,12.05,12.1,12.02,12.06,4020000
2025-04-16T19:00:00Z,12.06,12.06,12,12.05,7745800
2025-04-17T13:00:00Z,12.01,12.05,11.96,12.04,1406100
2025-04-17T14:00:00Z,12.03,12.08,11.98,12.04,1846500
2025-04-17T15:00:00Z,12.04,12.17,12.04,12.15,2166200
2025-04-17T16:00:00Z,12.14,12.2,12.14,12.18,1083100
2025-04-17T17:00:00Z,12.17,12.19,12.14,12.18,797400
2025-04-17T18:00:00Z,12.17,12.25,12.17,12.22,1621100
2025-04-17T19:00:00Z,12.21,12.23,12.17,12.18,2954500
2025-04-22T13:00:00Z,12.1,12.23,12.1,12.14,2926100
2025-04-22T14:00:00Z,12.13,12.29,12.09,12.26,3476600
2025-04-22T15:00:00Z,12.26,12.36,12.25,12.35,2230900
2025-04-22T16:00:00Z,12.35,12.41,12.32,12.38,5292000
2025-04-22T17:00:00Z,12.38,12.41,12.33,12.35,2105500
2025-04-22T18:00:00Z,12.36,12.46,12.35,12.44,2930300
2025-04-22T19:00:00Z,12.43,12.49,12.41,12.49,3244800
2025-04-23T13:00:00Z,12.53,12.84,12.53,12.71,9161900
2025-04-23T14:00:00Z,12.71,12.77,12.64,12.74,5159200
2025-04-23T15:00:00Z,12.74,12.82,12.71,12.76,4732500
2025-04-23T16:00:00Z,12.77,12.79,12.69,12.71,2784900
2025-04-23T17:00:00Z,12.72,12.72,12.66,12.72,2296100
2025-04-23T18:00:00Z,12.72,12.77,12.69,12.75,3047300
2025-04-23T19:00:00Z,12.75,12.76,12.67,12.71,3104000
2025-04-24T13:00:00Z,12.7,12.94,12.68,12.89,4045000
2025-04-24T14:00:00Z,12.89,13.05,12.88,13.03,4465800
2025-04-24T15:00:00Z,13.04,13.3,13.03,13.26,8739400
2025-04-24T16:00:00Z,13.26,13.26,13.17,13.23,5626300
2025-04-24T17:00:00Z,13.23,13.23,13.12,13.17,6103900
2025-04-24T18:00:00Z,13.17,13.27,13.16,13.24,6072100
2025-04-24T19:00:00Z,13.24,13.3,13.16,13.22,14925800
2025-04-25T13:00:00Z,13.11,13.32,13.04,13.28,5455900
2025-04-25T14:00:00Z,13.29,13.37,13.26,13.32,5675200
2025-04-25T15:00:00Z,13.33,13.33,13.17,13.22,4548300
2025-04-25T16:00:00Z,13.22,13.29,13.2,13.26,1959400
2025-04-25T17:00:00Z,13.26,13.3,13.25,13.28,2739400
2025-04-25T18:00:00Z,13.28,13.44,13.25,13.42,5354400
2025-04-25T19:00:00Z,13.42,13.42,13.32,13.38,7242100
2025-04-28T13:00:00Z,13.43,13.61,13.36,13.57,4161700
2025-04-28T14:00:00Z,13.58,13.68,13.56,13.59,5022100
2025-04-28T15:00:00Z,13.58,13.61,13.52,13.59,3500500
2025-04-28T16:00:00Z,13.6,13.61,13.45,13.47,3818200
2025-04-28T17:00:00Z,13.46,13.48,13.36,13.41,5268600
2025-04-28T18:00:00Z,13.4,13.46,13.38,13.39,5367700
2025-04-28T19:00:00Z,13.38,13.43,13.38,13.43,4664600
2025-04-29T13:00:00Z,13.32,13.48,13.32,13.4,6572000
2025-04-29T14:00:00Z,13.4,13.55,13.36,13.53,8103200
2025-04-29T15:00:00Z,13.54,13.59,13.42,13.46,2354500
2025-04-29T16:00:00Z,13.46,13.48,13.36,13.37,6164500
2025-04-29T17:00:00Z,13.38,13.45,13.34,13.38,4657700
2025-04-29T18:00:00Z,13.39,13.39,13.25,13.26,3555700
2025-04-29T19:00:00Z,13.26,13.32,13.24,13.28,6002800
2025-04-30T13:00:00Z,13.18,13.37,13.17,13.21,5245700
2025-04-30T14:00:00Z,13.21,13.26,13.13,13.17,4130300
2025-04-30T15:00:00Z,13.17,13.25,13.17,13.21,22785000
2025-04-30T16:00:00Z,13.22,13.22,13.18,13.21,4096200
2025-04-30T17:00:00Z,13.21,13.35,13.2,13.26,3171100
2025-04-30T18:00:00Z,13.26,13.35,13.25,13.31,3158000
2025-04-30T19:00:00Z,13.32,13.39,13.31,13.33,4246800
2025-05-02T13:00:00Z,13.41,13.48,13.33,13.35,3883500
2025-05-02T14:00:00Z,13.35,13.42,13.3,13.35,3856200
2025-05-02T15:00:00Z,13.37,13.38,13.3,13.34,4104900
2025-05-02T16:00:00Z,13.33,13.37,13.28,13.3,2720600
2025-05-02T17:00:00Z,13.31,13.35,13.26,13.3,3292100
2025-05-02T18:00:00Z,13.29,13.37,13.29,13.33,3186300
2025-05-02T19:00:00Z,13.33,13.39,13.32,13.34,3735900
2025-05-05T13:00:00Z,13.3,13.33,13.18,13.22,4630500
2025-05-05T14:00:00Z,13.22,13.25,13.19,13.21,1915100
2025-05-05T15:00:00Z,13.22,13.24,13.18,13.2,1234600
2025-05-05T16:00:00Z,13.21,13.23,13.18,13.19,780400
2025-05-05T17:00:00Z,13.2,13.21,13.15,13.19,3149200
2025-05-05T18:00:00Z,13.19,13.2,13.16,13.18,2709500
2025-05-05T19:00:00Z,13.19,13.2,13.15,13.17,2818400
2025-05-06T13:00:00Z,13.2,13.22,13.09,13.13,3358800
2025-05-06T14:00:00Z,13.12,13.18,13.09,13.1,6485400
2025-05-06T15:00:00Z,13.1,13.16,13.08,13.08,6730300
2025-05-06T16:00:00Z,13.08,13.13,13.07,13.12,2582600
2025-05-06T17:00:00Z,13.11,13.16,13.11,13.14,4133000
2025-05-06T18:00:00Z,13.14,13.18,13.09,13.11,6017600
2025-05-06T19:00:00Z,13.11,13.14,13.11,13.14,3267100
2025-05-07T13:00:00Z,13.24,13.25,12.95,12.99,4797300
2025-05-07T14:00:00Z,12.98,13.1,12.96,13.07,2489100
2025-05-07T15:00:00Z,13.07,13.08,13,13.04,4604000
2025-05-07T16:00:00Z,13.05,13.13,13.03,13.1,2242700
2025-05-07T17:00:00Z,13.1,13.11,13.05,13.11,2612000
2025-05-07T18:00:00Z,13.1,13.14,13.07,13.08,3776600
2025-05-07T19:00:00Z,13.07,13.15,13.04,13.1,7315500
2025-05-08T13:00:00Z,13.48,13.88,13.46,13.87,105741800
2025-05-08T14:00:00Z,13.86,14.1,13.77,14.06,25787700
2025-05-08T15:00:00Z,14.05,14.43,14.04,14.38,14195000
2025-05-08T16:00:00Z,14.37,14.53,14.33,14.37,9034500
2025-05-08T17:00:00Z,14.38,14.4,14.2,14.29,7100800
2025-05-08T18:00:00Z,14.3,14.41,14.29,14.36,15430700
2025-05-08T19:00:00Z,14.38,14.48,14.29,14.35,19771200
2025-05-09T13:00:00Z,14.3,14.62,14.2,14.49,21062200
2025-05-09T14:00:00Z,14.49,14.5,14.24,14.41,16909400
2025-05-09T15:00:00Z,14.41,14.48,14.31,14.43,7778500
2025-05-09T16:00:00Z,14.44,14.44,14.33,14.33,8709700
2025-05-09T17:00:00Z,14.34,14.37,14.28,14.36,6091900
2025-05-09T18:00:00Z,14.35,14.5,14.33,14.46,6802600
2025-05-09T19:00:00Z,14.46,14.53,14.46,14.49,9939300
2025-05-12T13:00:00Z,14.51,14.59,14.41,14.46,17805800
2025-05-12T14:00:00Z,14.46,14.51,14.38,14.48,7496900
2025-05-12T15:00:00Z,14.46,14.53,14.41,14.44,13466000
2025-05-12T16:00:00Z,14.43,14.45,14.4,14.43,3863200
2025-05-12T17:00:00Z,14.43,14.45,14.39,14.41,10727200
2025-05-12T18:00:00Z,14.41,14.41,14.26,14.36,6259500
2025-05-12T19:00:00Z,14.36,14.46,14.35,14.35,8217400
2025-05-13T13:00:00Z,14.71,14.87,14.65,14.81,9298200
2025-05-13T14:00:00Z,14.83,14.92,14.78,14.86,9080500
2025-05-13T15:00:00Z,14.86,14.96,14.83,14.86,5493000
2025-05-13T16:00:00Z,14.86,14.87,14.8,14.87,8785900
2025-05-13T17:00:00Z,14.87,14.9,14.84,14.88,3609200
2025-05-13T18:00:00Z,14.89,14.92,14.87,14.91,4700300
2025-05-13T19:00:00Z,14.9,15.01,14.9,14.95,6096800
2025-05-14T13:00:00Z,14.89,15.11,14.86,14.92,10481700
2025-05-14T14:00:00Z,14.93,14.94,14.58,14.67,8707700
2025-05-14T15:00:00Z,14.67,14.68,14.58,14.62,4676500
2025-05-14T16:00:00Z,14.63,14.63,14.58,14.59,3846200
2025-05-14T17:00:00Z,14.59,14.62,14.51,14.51,2758300
2025-05-14T18:00:00Z,14.51,14.57,14.48,14.53,3354200
2025-05-14T19:00:00Z,14.53,14.67,14.5,14.64,6182500
2025-05-15T13:00:00Z,14.64,14.68,14.54,14.68,6349900
2025-05-15T14:00:00Z,14.69,14.73,14.63,14.68,4056700
2025-05-15T15:00:00Z,14.68,14.72,14.61,14.69,5974100
2025-05-15T16:00:00Z,14.67,14.8,14.67,14.79,4845700
2025-05-15T17:00:00Z,14.79,14.8,14.64,14.68,7200100
2025-05-15T18:00:00Z,14.68,14.75,14.64,14.7,4180000
2025-05-15T19:00:00Z,14.7,14.87,14.64,14.8,7060300
2025-05-16T13:00:00Z,14.64,14.81,14.61,14.79,3117000
2025-05-16T14:00:00Z,14.79,14.83,14.71,14.81,3092800
2025-05-16T15:00:00Z,14.8,14.88,14.78,14.85,1743600
2025-05-16T16:00:00Z,14.86,14.9,14.8,14.8,4183300
2025-05-16T17:00:00Z,14.81,14.85,14.76,14.8,3176600
2025-05-16T18:00:00Z,14.79,14.89,14.79,14.84,1890300
2025-05-16T19:00:00Z,14.84,14.88,14.74,14.76,2852200
2025-05-19T13:00:00Z,14.77,14.83,14.66,14.81,2382900
2025-05-19T14:00:00Z,14.81,14.83,14.73,14.79,2035000
2025-05-19T15:00:00Z,14.8,14.86,14.77,14.84,4165600
2025-05-19T16:00:00Z,14.84,14.85,14.8,14.83,2117900
2025-05-19T17:00:00Z,14.83,14.86,14.82,14.84,2284100
2025-05-19T18:00:00Z,14.85,14.86,14.81,14.85,2112700
2025-05-19T19:00:00Z,14.84,14.86,14.8,14.82,2343100
2025-05-20T13:00:00Z,14.83,14.92,14.65,14.76,3250400
2025-05-20T14:00:00Z,14.75,14.79,14.7,14.73,2601500
2025-05-20T15:00:00Z,14.74,14.81,14.72,14.78,3097900
2025-05-20T16:00:00Z,14.78,14.86,14.77,14.83,1346800
2025-05-20T17:00:00Z,14.84,14.88,14.78,14.86,2524000
2025-05-20T18:00:00Z,14.87,14.88,14.83,14.87,2571300
2025-05-20T19:00:00Z,14.87,14.95,14.84,14.93,3986200
2025-05-21T13:00:00Z,14.87,14.9,14.65,14.76,6375700
2025-05-21T14:00:00Z,14.77,14.79,14.65,14.67,6225900
2025-05-21T15:00:00Z,14.67,14.68,14.58,14.6,1907200
2025-05-21T16:00:00Z,14.6,14.66,14.57,14.64,1762700
2025-05-21T17:00:00Z,14.64,14.65,14.48,14.56,5956000
2025-05-21T18:00:00Z,14.54,14.56,14.46,14.47,5609600
2025-05-21T19:00:00Z,14.46,14.55,14.45,14.5,7102800
2025-05-22T13:00:00Z,14.57,14.58,14.41,14.43,4705600
2025-05-22T14:00:00Z,14.43,14.53,14.35,14.47,5315700
2025-05-22T15:00:00Z,14.46,14.48,14.39,14.42,2347400
2025-05-22T16:00:00Z,14.4,14.45,14.34,14.37,2770500
2025-05-22T17:00:00Z,14.37,14.62,14.34,14.58,9490600
2025-05-22T18:00:00Z,14.57,14.59,14.23,14.24,7729300
2025-05-22T19:00:00Z,14.23,14.37,14.21,14.33,5928600
2025-05-23T13:00:00Z,14.06,14.07,13.83,13.98,13617700
2025-05-23T14:00:00Z,14,14.32,13.99,14.31,7254200
2025-05-23T15:00:00Z,14.3,14.36,14.24,14.3,2427400
2025-05-23T16:00:00Z,14.3,14.38,14.28,14.3,1241400
2025-05-23T17:00:00Z,14.29,14.33,14.23,14.27,1138600
2025-05-23T18:00:00Z,14.28,14.39,14.24,14.31,1845800
2025-05-23T19:00:00Z,14.3,14.35,14.26,14.35,1895900
2025-05-26T13:00:00Z,14.47,14.47,14.2,14.35,3487600
2025-05-26T14:00:00Z,14.35,14.38,14.27,14.32,1975600
2025-05-26T15:00:00Z,14.31,14.34,14.29,14.34,476200
2025-05-26T16:00:00Z,14.34,14.38,14.31,14.34,548300
2025-05-26T17:00:00Z,14.34,14.38,14.32,14.37,840000
2025-05-26T18:00:00Z,14.37,14.38,14.33,14.35,1988400
2025-05-26T19:00:00Z,14.35,14.38,14.32,14.35,1977200
2025-05-27T13:00:00Z,14.61,14.61,14.47,14.52,6764400
2025-05-27T14:00:00Z,14.54,14.59,14.49,14.54,6636900
2025-05-27T15:00:00Z,14.54,14.54,14.41,14.44,1311900
2025-05-27T16:00:00Z,14.44,14.5,14.4,14.42,1543000
2025-05-27T17:00:00Z,14.42,14.54,14.39,14.52,1465600
2025-05-27T18:00:00Z,14.53,14.55,14.48,14.5,2554100
2025-05-27T19:00:00Z,14.5,14.51,14.39,14.44,6443100
2025-05-28T13:00:00Z,14.39,14.44,14.15,14.24,3163900
2025-05-28T14:00:00Z,14.24,14.39,14.2,14.33,3052600
2025-05-28T15:00:00Z,14.33,14.34,14.26,14.31,2510900
2025-05-28T16:00:00Z,14.32,14.35,14.29,14.31,1523200
2025-05-28T17:00:00Z,14.31,14.35,14.25,14.28,4683900
2025-05-28T18:00:00Z,14.28,14.32,14.25,14.29,2257700
2025-05-28T19:00:00Z,14.3,14.41,14.27,14.38,10621600
2025-05-29T13:00:00Z,14.1,14.19,13.94,14.05,6365700
2025-05-29T14:00:00Z,14.04,14.13,13.97,14.08,10669000
2025-05-29T15:00:00Z,14.08,14.1,13.92,13.93,2838500
2025-05-29T16:00:00Z,13.93,14.1,13.9,14.06,5543200
2025-05-29T17:00:00Z,14.07,14.15,14.01,14.07,5667600
2025-05-29T18:00:00Z,14.08,14.13,14.05,14.06,3117200
2025-05-29T19:00:00Z,14.07,14.24,14.06,14.15,11753400
2025-05-30T13:00:00Z,14.15,14.19,13.89,13.91,8670600
2025-05-30T14:00:00Z,13.92,13.92,13.8,13.87,3565100
2025-05-30T15:00:00Z,13.87,13.9,13.78,13.81,4265800
2025-05-30T16:00:00Z,13.82,13.83,13.76,13.82,2391500
2025-05-30T17:00:00Z,13.83,13.88,13.77,13.85,4957400
2025-05-30T18:00:00Z,13.86,13.96,13.83,13.9,8698300
2025-05-30T19:00:00Z,13.9,13.95,13.85,13.88,4947400
2025-06-02T13:00:00Z,14.16,14.17,13.73,13.76,7220300
2025-06-02T14:00:00Z,13.76,13.79,13.59,13.64,9928300
2025-06-02T15:00:00Z,13.64,13.76,13.54,13.6,10497600
2025-06-02T16:00:00Z,13.59,13.66,13.56,13.6,4055700
2025-06-02T17:00:00Z,13.61,13.68,13.58,13.67,3221600
2025-06-02T18:00:00Z,13.67,13.72,13.65,13.68,4070500
2025-06-02T19:00:00Z,13.69,13.7,13.65,13.66,3054900
2025-06-03T13:00:00Z,13.65,13.86,13.65,13.83,6876000
2025-06-03T14:00:00Z,13.83,14,13.78,13.93,9761300
2025-06-03T15:00:00Z,13.94,14,13.92,13.98,2426100
2025-06-03T16:00:00Z,13.98,13.99,13.93,13.95,1458500
2025-06-03T17:00:00Z,13.95,14.02,13.93,13.99,3433500
2025-06-03T18:00:00Z,13.99,14.13,13.98,14.11,8338800
2025-06-03T19:00:00Z,14.11,14.19,14.08,14.18,6426800
2025-06-04T13:00:00Z,13.9,14.13,13.88,14,6736400
2025-06-04T14:00:00Z,14.01,14.17,13.97,13.99,10264000
2025-06-04T15:00:00Z,14,14.03,13.96,13.98,2284000
2025-06-04T16:00:00Z,13.98,14.01,13.93,13.95,1641700
2025-06-04T17:00:00Z,13.95,14.01,13.93,13.97,2579200
2025-06-04T18:00:00Z,13.98,13.99,13.88,13.93,2379800
2025-06-04T19:00:00Z,13.93,13.98,13.91,13.93,3219000
2025-06-05T13:00:00Z,13.82,13.95,13.8,13.91,6315100
2025-06-05T14:00:00Z,13.91,13.93,13.73,13.73,7083900
2025-06-05T15:00:00Z,13.74,13.8,13.72,13.73,5589500
2025-06-05T16:00:00Z,13.75,13.75,13.67,13.7,5104700
2025-06-05T17:00:00Z,13.69,13.73,13.62,13.64,3930700
2025-06-05T18:00:00Z,13.64,13.65,13.5,13.57,7202100
2025-06-05T19:00:00Z,13.57,13.6,13.52,13.52,4834300
2025-06-06T13:00:00Z,13.53,13.66,13.53,13.64,2236400
2025-06-06T14:00:00Z,13.63,13.65,13.57,13.58,2711800
2025-06-06T15:00:00Z,13.58,13.6,13.53,13.58,2791500
2025-06-06T16:00:00Z,13.58,13.62,13.55,13.57,1784000
2025-06-06T17:00:00Z,13.56,13.64,13.54,13.61,2093800
2025-06-06T18:00:00Z,13.61,13.64,13.59,13.61,3096400
2025-06-06T19:00:00Z,13.62,13.64,13.57,13.64,4804300
2025-06-09T13:00:00Z,13.2,13.31,13.09,13.25,22908500
2025-06-09T14:00:00Z,13.25,13.31,13.16,13.3,13315600
2025-06-09T15:00:00Z,13.29,13.37,13.26,13.29,6713400
2025-06-09T16:00:00Z,13.28,13.29,13.19,13.21,11096200
2025-06-09T17:00:00Z,13.21,13.3,13.2,13.26,4487300
2025-06-09T18:00:00Z,13.25,13.26,13.18,13.21,4329200
2025-06-09T19:00:00Z,13.21,13.24,13.07,13.12,9980300
2025-06-10T13:00:00Z,13.3,13.4,13.19,13.25,7550100
2025-06-10T14:00:00Z,13.25,13.33,13.19,13.2,5989900
2025-06-10T15:00:00Z,13.21,13.21,13.13,13.19,2137200
2025-06-10T16:00:00Z,13.19,13.23,13.11,13.16,1336100
2025-06-10T17:00:00Z,13.16,13.23,13.11,13.12,2028300
2025-06-10T18:00:00Z,13.12,13.14,13.05,13.07,4841500
2025-06-10T19:00:00Z,13.08,13.14,13.07,13.12,3645800
2025-06-11T13:00:00Z,13.07,13.11,12.9,13.07,4987200
2025-06-11T14:00:00Z,13.07,13.17,13.07,13.17,9129300
2025-06-11T15:00:00Z,13.17,13.27,13.16,13.22,10308100
2025-06-11T16:00:00Z,13.22,13.32,13.17,13.31,2400300
2025-06-11T17:00:00Z,13.3,13.43,13.28,13.34,5703100
2025-06-11T18:00:00Z,13.34,13.38,13.24,13.25,6219600
2025-06-11T19:00:00Z,13.25,13.31,13.18,13.23,19295800
2025-06-12T13:00:00Z,12.87,13.09,12.8,13.02,24537300
2025-06-12T14:00:00Z,13.02,13.07,12.97,13,13825500
2025-06-12T15:00:00Z,13.01,13.06,12.97,13.05,7075500
2025-06-12T16:00:00Z,13.05,13.06,13.02,13.04,4529500
2025-06-12T17:00:00Z,13.04,13.05,12.99,13.03,2484700
2025-06-12T18:00:00Z,13.03,13.05,12.99,13,3463500
2025-06-12T19:00:00Z,13.01,13.03,12.99,13.01,5823400
2025-06-13T13:00:00Z,12.75,12.95,12.7,12.86,14765300
2025-06-13T14:00:00Z,12.88,12.89,12.78,12.86,6546100
2025-06-13T15:00:00Z,12.87,12.98,12.85,12.94,7167400
2025-06-13T16:00:00Z,12.95,12.98,12.91,12.95,1894500
2025-06-13T17:00:00Z,12.96,12.98,12.87,12.89,3208900
2025-06-13T18:00:00Z,12.9,13.01,12.89,13,4783800
2025-06-13T19:00:00Z,13.01,13.1,13,13.08,10033200
2025-06-16T13:00:00Z,13.3,13.56,13.28,13.52,7270800
2025-06-16T14:00:00Z,13.53,13.62,13.47,13.59,5690900
2025-06-16T15:00:00Z,13.58,13.6,13.52,13.54,2752000
2025-06-16T16:00:00Z,13.55,13.6,13.52,13.58,2787600
2025-06-16T17:00:00Z,13.57,13.61,13.56,13.57,2068500
2025-06-16T18:00:00Z,13.57,13.6,13.57,13.57,2114000
2025-06-16T19:00:00Z,13.57,13.61,13.52,13.53,3322900
2025-06-17T13:00:00Z,13.59,13.63,13.5,13.53,3424300
2025-06-17T14:00:00Z,13.52,13.55,13.45,13.46,3727700
2025-06-17T15:00:00Z,13.46,13.52,13.45,13.49,2313400
2025-06-17T16:00:00Z,13.49,13.53,13.46,13.49,1511300
2025-06-17T17:00:00Z,13.49,13.53,13.46,13.47,4298200
2025-06-17T18:00:00Z,13.48,13.53,13.47,13.48,3851600
2025-06-17T19:00:00Z,13.49,13.55,13.48,13.55,5836400
2025-06-18T13:00:00Z,13.49,13.57,13.45,13.49,2305500
2025-06-18T14:00:00Z,13.49,13.66,13.49,13.63,3821500
2025-06-18T15:00:00Z,13.61,13.62,13.55,13.57,17277400
2025-06-18T16:00:00Z,13.57,13.67,13.55,13.66,4408500
2025-06-18T17:00:00Z,13.66,13.74,13.65,13.7,8898400
2025-06-18T18:00:00Z,13.7,13.76,13.68,13.7,5116500
2025-06-18T19:00:00Z,13.69,13.8,13.68,13.8,8978000
2025-06-20T13:00:00Z,13.6,13.66,13.44,13.46,10150700
2025-06-20T14:00:00Z,13.47,13.57,13.45,13.46,6420000
2025-06-20T15:00:00Z,13.48,13.59,13.46,13.58,2056200
2025-06-20T16:00:00Z,13.58,13.63,13.56,13.58,2750600
2025-06-20T17:00:00Z,13.58,13.67,13.56,13.67,3623100
2025-06-20T18:00:00Z,13.67,13.7,13.61,13.65,6647500
2025-06-20T19:00:00Z,13.65,13.7,13.63,13.68,6288200
2025-06-23T13:00:00Z,13.62,13.63,13.48,13.53,4813900
2025-06-23T14:00:00Z,13.52,13.55,13.47,13.5,3229600
2025-06-23T15:00:00Z,13.5,13.56,13.34,13.35,5195800
2025-06-23T16:00:00Z,13.35,13.36,13.31,13.34,3207000
2025-06-23T17:00:00Z,13.33,13.39,13.28,13.38,5062500
2025-06-23T18:00:00Z,13.38,13.48,13.38,13.41,3981000
2025-06-23T19:00:00Z,13.41,13.44,13.38,13.4,4128400
2025-06-24T13:00:00Z,13.48,13.54,13.36,13.43,2410100
2025-06-24T14:00:00Z,13.43,13.58,13.39,13.57,3493700
2025-06-24T15:00:00Z,13.56,13.65,13.55,13.64,3731600
2025-06-24T16:00:00Z,13.63,13.68,13.61,13.67,2080400
2025-06-24T17:00:00Z,13.67,13.67,13.63,13.65,2040300
2025-06-24T18:00:00Z,13.64,13.67,13.5,13.52,3759500
2025-06-24T19:00:00Z,13.52,13.55,13.51,13.53,2768500
2025-06-25T13:00:00Z,13.41,13.63,13.4,13.6,3232200
2025-06-25T14:00:00Z,13.6,13.66,13.56,13.62,2258800
2025-06-25T15:00:00Z,13.62,13.63,13.51,13.58,1511500
2025-06-25T16:00:00Z,13.58,13.63,13.56,13.61,617200
2025-06-25T17:00:00Z,13.61,13.63,13.56,13.63,1994300
2025-06-25T18:00:00Z,13.63,13.64,13.58,13.63,3141900
2025-06-25T19:00:00Z,13.63,13.67,13.59,13.6,3685600
2025-06-26T13:00:00Z,13.72,13.82,13.6,13.78,2787900
2025-06-26T14:00:00Z,13.79,13.94,13.78,13.94,3201000
2025-06-26T15:00:00Z,13.94,14.07,13.88,14.06,6235400
2025-06-26T16:00:00Z,14.06,14.1,14,14.05,2899400
2025-06-26T17:00:00Z,14.05,14.11,14.03,14.09,3840000
2025-06-26T18:00:00Z,14.1,14.14,14.08,14.09,4097900
2025-06-26T19:00:00Z,14.09,14.2,14.07,14.14,6469200
2025-06-27T13:00:00Z,13.98,14.21,13.95,14.19,6035600
2025-06-27T14:00:00Z,14.2,14.2,14.11,14.11,2362000
2025-06-27T15:00:00Z,14.11,14.25,14.09,14.19,1469300
2025-06-27T16:00:00Z,14.19,14.21,14.17,14.18,367300
2025-06-27T17:00:00Z,14.18,14.18,14.1,14.15,1125400
2025-06-27T18:00:00Z,14.15,14.17,14.11,14.12,1100100
2025-06-27T19:00:00Z,14.11,14.16,14.09,14.16,2229500
2025-06-30T13:00:00Z,14.06,14.34,14.04,14.31,3108400
2025-06-30T14:00:00Z,14.29,14.33,14.22,14.3,1860800
2025-06-30T15:00:00Z,14.29,14.32,14.25,14.31,1558000
2025-06-30T16:00:00Z,14.31,14.39,14.28,14.37,2643100
2025-06-30T17:00:00Z,14.37,14.46,14.36,14.45,2858800
2025-06-30T18:00:00Z,14.45,14.56,14.42,14.54,4400100
2025-06-30T19:00:00Z,14.53,14.6,14.5,14.54,7006000
2025-07-01T13:00:00Z,14.63,14.73,14.54,14.56,5339300
2025-07-01T14:00:00Z,14.55,14.58,14.46,14.47,2313800
2025-07-01T15:00:00Z,14.47,14.5,14.37,14.47,4730500
2025-07-01T16:00:00Z,14.48,14.54,14.43,14.43,3631600
2025-07-01T17:00:00Z,14.44,14.51,14.43,14.49,3759600
2025-07-01T18:00:00Z,14.49,14.49,14.42,14.47,2472700
2025-07-01T19:00:00Z,14.48,14.51,14.45,14.5,3372200
2025-07-02T13:00:00Z,14.49,14.66,14.23,14.33,6143100
2025-07-02T14:00:00Z,14.32,14.41,14.19,14.39,5874200
2025-07-02T15:00:00Z,14.4,14.41,14.22,14.28,5682300
2025-07-02T16:00:00Z,14.28,14.42,14.24,14.4,7357000
2025-07-02T17:00:00Z,14.4,14.46,14.39,14.41,3530000
2025-07-02T18:00:00Z,14.41,14.45,14.4,14.44,3926700
2025-07-02T19:00:00Z,14.43,14.49,14.43,14.45,6571600
2025-07-03T13:00:00Z,14.47,14.72,14.46,14.7,4053300
2025-07-03T14:00:00Z,14.69,14.8,14.67,14.72,4062600
2025-07-03T15:00:00Z,14.72,14.75,14.65,14.69,4519200
2025-07-03T16:00:00Z,14.69,14.83,14.68,14.81,3279000
2025-07-03T17:00:00Z,14.81,14.82,14.76,14.78,4296600
2025-07-03T18:00:00Z,14.78,14.79,14.7,14.7,3466400
2025-07-03T19:00:00Z,14.71,14.72,14.64,14.69,3647500
2025-07-04T13:00:00Z,14.51,14.74,14.51,14.73,1512000
2025-07-04T14:00:00Z,14.73,14.79,14.72,14.76,848700
2025-07-04T15:00:00Z,14.78,14.85,14.75,14.8,1001900
2025-07-04T16:00:00Z,14.8,14.84,14.76,14.78,917500
2025-07-04T17:00:00Z,14.77,14.82,14.77,14.82,541600
2025-07-04T18:00:00Z,14.81,14.84,14.79,14.79,745900
2025-07-04T19:00:00Z,14.81,14.82,14.77,14.79,906900
2025-07-07T13:00:00Z,14.74,14.79,14.58,14.65,13369300
2025-07-07T14:00:00Z,14.65,14.68,14.61,14.67,5693100
2025-07-07T15:00:00Z,14.66,14.67,14.62,14.65,9867500
2025-07-07T16:00:00Z,14.65,14.67,14.64,14.65,5436300
2025-07-07T17:00:00Z,14.65,14.69,14.65,14.65,3343000
2025-07-07T18:00:00Z,14.65,14.66,14.55,14.6,11042000
2025-07-07T19:00:00Z,14.6,14.65,14.6,14.6,4564700
2025-07-08T13:00:00Z,14.61,14.64,14.43,14.48,6375700
2025-07-08T14:00:00Z,14.47,14.56,14.47,14.53,4058900
2025-07-08T15:00:00Z,14.53,14.54,14.48,14.53,8535400
2025-07-08T16:00:00Z,14.52,14.56,14.5,14.53,3717500
2025-07-08T17:00:00Z,14.53,14.61,14.52,14.6,2588500
2025-07-08T18:00:00Z,14.6,14.61,14.49,14.52,1767200
2025-07-08T19:00:00Z,14.51,14.57,14.5,14.52,2248600
2025-07-09T13:00:00Z,14.49,14.55,14.42,14.42,2287500
2025-07-09T14:00:00Z,14.42,14.51,14.39,14.43,6379000
2025-07-09T15:00:00Z,14.43,14.44,14.33,14.42,2822800
2025-07-09T16:00:00Z,14.42,14.5,14.38,14.49,2321100
2025-07-09T17:00:00Z,14.48,14.52,14.45,14.5,17690700
2025-07-09T18:00:00Z,14.5,14.53,14.48,14.5,1694000
2025-07-09T19:00:00Z,14.5,14.52,14.46,14.49,6670300
2025-07-10T13:00:00Z,14.27,14.3,14.08,14.1,12649600
2025-07-10T14:00:00Z,14.1,14.11,13.84,13.92,13637400
2025-07-10T15:00:00Z,13.92,14,13.9,13.98,3984400
2025-07-10T16:00:00Z,13.98,14.13,13.98,14.12,5164100
2025-07-10T17:00:00Z,14.11,14.16,14.07,14.09,4243900
2025-07-10T18:00:00Z,14.08,14.11,14.02,14.1,4919300
2025-07-10T19:00:00Z,14.09,14.11,14.04,14.04,6473200
2025-07-11T13:00:00Z,13.99,14.05,13.75,13.77,2014000
2025-07-11T14:00:00Z,13.78,13.92,13.67,13.68,3821000
2025-07-11T15:00:00Z,13.68,13.69,13.57,13.59,2046000
2025-07-11T16:00:00Z,13.6,13.62,13.52,13.61,2239300
2025-07-11T17:00:00Z,13.6,13.74,13.59,13.71,4622300
2025-07-11T18:00:00Z,13.72,13.8,13.7,13.74,2968400
2025-07-11T19:00:00Z,13.74,13.75,13.65,13.69,2965600
2025-07-14T13:00:00Z,13.67,13.67,13.41,13.53,4440500
2025-07-14T14:00:00Z,13.53,13.54,13.45,13.52,2219800
2025-07-14T15:00:00Z,13.51,13.62,13.51,13.58,1989400
2025-07-14T16:00:00Z,13.58,13.61,13.56,13.59,1103700
2025-07-14T17:00:00Z,13.59,13.59,13.5,13.53,1127200
2025-07-14T18:00:00Z,13.53,13.55,13.5,13.51,1047900
2025-07-14T19:00:00Z,13.52,13.64,13.49,13.6,1952200
2025-07-15T13:00:00Z,13.74,13.76,13.49,13.69,7213200
2025-07-15T14:00:00Z,13.7,13.71,13.57,13.61,2359600
2025-07-15T15:00:00Z,13.61,13.64,13.56,13.63,1696600
2025-07-15T16:00:00Z,13.63,13.65,13.55,13.63,1934300
2025-07-15T17:00:00Z,13.64,13.8,13.64,13.79,5967000
2025-07-15T18:00:00Z,13.78,13.85,13.75,13.79,2130000
2025-07-15T19:00:00Z,13.79,13.8,13.71,13.76,4181200
2025-07-16T13:00:00Z,13.77,13.81,13.71,13.71,4736900
2025-07-16T14:00:00Z,13.71,13.76,13.66,13.67,2745900
2025-07-16T15:00:00Z,13.67,13.69,13.6,13.66,1742800
2025-07-16T16:00:00Z,13.65,13.67,13.6,13.61,1004200
2025-07-16T17:00:00Z,13.61,13.7,13.6,13.68,1609200
2025-07-16T18:00:00Z,13.68,13.69,13.57,13.69,1626700
2025-07-16T19:00:00Z,13.69,13.7,13.61,13.65,3667500
2025-07-17T13:00:00Z,13.68,13.69,13.54,13.58,3062400
2025-07-17T14:00:00Z,13.59,13.74,13.55,13.72,2210900
2025-07-17T15:00:00Z,13.72,13.75,13.63,13.65,4048600
2025-07-17T16:00:00Z,13.64,13.66,13.61,13.63,1141000
2025-07-17T17:00:00Z,13.62,13.68,13.62,13.68,1032000
2025-07-17T18:00:00Z,13.68,13.75,13.64,13.75,1564000
2025-07-17T19:00:00Z,13.74,13.75,13.7,13.71,2266700
2025-07-18T13:00:00Z,13.39,13.57,13.38,13.49,4673700
2025-07-18T14:00:00Z,13.5,13.55,13.44,13.54,58916800
2025-07-18T15:00:00Z,13.53,13.56,13.3,13.32,4862100
2025-07-18T16:00:00Z,13.32,13.32,13.08,13.13,8508900
2025-07-18T17:00:00Z,13.13,13.22,13.05,13.22,5372300
2025-07-18T18:00:00Z,13.21,13.23,13.07,13.09,5046900
2025-07-18T19:00:00Z,13.1,13.13,12.95,12.99,9563600
2025-07-21T13:00:00Z,13.05,13.13,12.97,13.1,2709800
2025-07-21T14:00:00Z,13.09,13.14,13.05,13.09,3533600
2025-07-21T15:00:00Z,13.09,13.1,13.01,13.03,3266900
2025-07-21T16:00:00Z,13.03,13.2,13.02,13.19,3222300
2025-07-21T17:00:00Z,13.18,13.2,13.07,13.1,3822300
2025-07-21T18:00:00Z,13.1,13.11,13.03,13.08,2689900
2025-07-21T19:00:00Z,13.08,13.1,12.99,13.05,2999200
2025-07-22T13:00:00Z,13.15,13.24,13.09,13.14,2121800
2025-07-22T14:00:00Z,13.14,13.15,13.03,13.1,1134900
2025-07-22T15:00:00Z,13.1,13.2,13.08,13.18,1711000
2025-07-22T16:00:00Z,13.17,13.18,13.1,13.15,1410300
2025-07-22T17:00:00Z,13.16,13.17,13.09,13.12,1876900
2025-07-22T18:00:00Z,13.1,13.13,13.09,13.1,1600000
2025-07-22T19:00:00Z,13.11,13.12,13.04,13.07,2378900
2025-07-23T13:00:00Z,13.07,13.28,13.06,13.24,1708800
2025-07-23T14:00:00Z,13.23,13.28,13.19,13.23,1869500
2025-07-23T15:00:00Z,13.23,13.3,13.19,13.3,1380800
2025-07-23T16:00:00Z,13.3,13.32,13.24,13.3,1280200
2025-07-23T17:00:00Z,13.3,13.37,13.3,13.36,1591400
2025-07-23T18:00:00Z,13.36,13.48,13.33,13.44,3679700
2025-07-23T19:00:00Z,13.45,13.5,13.41,13.45,5269900
2025-07-24T13:00:00Z,13.22,13.25,13.05,13.11,4578400
2025-07-24T14:00:00Z,13.12,13.23,13.1,13.18,3334600
2025-07-24T15:00:00Z,13.18,13.22,13.11,13.15,2109200
2025-07-24T16:00:00Z,13.16,13.2,13.14,13.15,1536100
2025-07-24T17:00:00Z,13.16,13.18,13.14,13.15,670000
2025-07-24T18:00:00Z,13.16,13.18,13.11,13.14,2962000
2025-07-24T19:00:00Z,13.14,13.15,13.08,13.08,2736400
2025-07-25T13:00:00Z,13.06,13.22,13.06,13.14,2697600
2025-07-25T14:00:00Z,13.14,13.21,13.11,13.18,2671000
2025-07-25T15:00:00Z,13.17,13.18,13.09,13.11,3886900
2025-07-25T16:00:00Z,13.1,13.2,13.09,13.2,1463100
2025-07-25T17:00:00Z,13.19,13.2,13.1,13.11,1386500
2025-07-25T18:00:00Z,13.11,13.18,13.11,13.13,1910100
2025-07-25T19:00:00Z,13.14,13.16,13.07,13.09,2637800
2025-07-28T13:00:00Z,13.14,13.19,12.8,12.84,2249200
2025-07-28T14:00:00Z,12.83,12.88,12.71,12.83,2949900
2025-07-28T15:00:00Z,12.83,12.84,12.76,12.76,1188600
2025-07-28T16:00:00Z,12.76,12.81,12.76,12.8,904900
2025-07-28T17:00:00Z,12.79,12.81,12.69,12.71,1537400
2025-07-28T18:00:00Z,12.71,12.72,12.61,12.62,2991200
2025-07-28T19:00:00Z,12.62,12.68,12.58,12.67,7367900
2025-07-29T13:00:00Z,12.7,12.74,12.6,12.61,1595000
2025-07-29T14:00:00Z,12.61,12.8,12.59,12.72,3595600
2025-07-29T15:00:00Z,12.72,12.77,12.71,12.77,1464400
2025-07-29T16:00:00Z,12.76,12.8,12.71,12.76,1326800
2025-07-29T17:00:00Z,12.77,12.78,12.65,12.66,1107400
2025-07-29T18:00:00Z,12.66,12.7,12.61,12.63,1985700
2025-07-29T19:00:00Z,12.62,12.71,12.62,12.68,2707700
2025-07-30T13:00:00Z,12.59,12.8,12.55,12.7,1794900
2025-07-30T14:00:00Z,12.69,12.7,12.55,12.59,1157100
2025-07-30T15:00:00Z,12.57,12.68,12.55,12.56,3110300
2025-07-30T16:00:00Z,12.57,12.68,12.52,12.67,1051700
2025-07-30T17:00:00Z,12.66,12.75,12.61,12.64,1345100
2025-07-30T18:00:00Z,12.63,12.87,12.55,12.72,6395900
2025-07-30T19:00:00Z,12.71,12.84,12.68,12.75,5479000
2025-07-31T13:00:00Z,12.55,12.64,12.49,12.62,2152600
2025-07-31T14:00:00Z,12.62,12.66,12.55,12.61,2211500
2025-07-31T15:00:00Z,12.61,12.75,12.61,12.7,1074200
2025-07-31T16:00:00Z,12.7,12.72,12.65,12.67,857200
2025-07-31T17:00:00Z,12.66,12.66,12.57,12.62,3121100
2025-07-31T18:00:00Z,12.62,12.63,12.55,12.6,4910300
2025-07-31T19:00:00Z,12.59,12.62,12.54,12.56,1698800
2025-08-01T13:00:00Z,12.71,12.91,12.55,12.55,5092800
2025-08-01T14:00:00Z,12.55,12.71,12.55,12.64,2888600
2025-08-01T15:00:00Z,12.63,12.64,12.51,12.56,2798700
2025-08-01T16:00:00Z,12.56,12.58,12.5,12.51,1083900
2025-08-01T17:00:00Z,12.5,12.53,12.45,12.46,2179300
2025-08-01T18:00:00Z,12.47,12.5,12.43,12.43,1468700
2025-08-01T19:00:00Z,12.43,12.59,12.42,12.56,3946300
2025-08-04T13:00:00Z,12.8,12.85,12.72,12.82,3590500
2025-08-04T14:00:00Z,12.81,12.91,12.76,12.84,6086500
2025-08-04T15:00:00Z,12.83,12.87,12.71,12.78,10367300
2025-08-04T16:00:00Z,12.78,12.78,12.65,12.65,1869200
2025-08-04T17:00:00Z,12.65,12.69,12.61,12.66,1710200
2025-08-04T18:00:00Z,12.66,12.73,12.64,12.7,1766600
2025-08-04T19:00:00Z,12.68,12.74,12.68,12.74,1846700
2025-08-05T13:00:00Z,12.71,12.81,12.56,12.66,6446400
2025-08-05T14:00:00Z,12.66,12.69,12.58,12.61,1445800
2025-08-05T15:00:00Z,12.6,12.7,12.6,12.65,1122700
2025-08-05T16:00:00Z,12.66,12.67,12.58,12.58,1141300
2025-08-05T17:00:00Z,12.6,12.7,12.58,12.62,1495300
2025-08-05T18:00:00Z,12.64,12.65,12.58,12.6,1258400
2025-08-05T19:00:00Z,12.6,12.63,12.57,12.59,1838600
2025-08-06T13:00:00Z,12.74,12.84,12.61,12.74,3729700
2025-08-06T14:00:00Z,12.73,12.74,12.57,12.62,1489300
2025-08-06T15:00:00Z,12.62,12.67,12.6,12.67,4277400
2025-08-06T16:00:00Z,12.67,12.7,12.61,12.67,860500
2025-08-06T17:00:00Z,12.66,12.74,12.65,12.72,1818200
2025-08-06T18:00:00Z,12.73,12.77,12.66,12.75,3824700
2025-08-06T19:00:00Z,12.73,12.79,12.72,12.74,3217600
2025-08-07T13:00:00Z,12.7,12.91,12.6,12.86,3811600
2025-08-07T14:00:00Z,12.86,12.91,12.8,12.85,5649900
2025-08-07T15:00:00Z,12.86,12.91,12.8,12.86,5089700
2025-08-07T16:00:00Z,12.86,12.91,12.85,12.9,4952300
2025-08-07T17:00:00Z,12.9,12.98,12.83,12.86,4072200
2025-08-07T18:00:00Z,12.86,12.96,12.86,12.93,5714700
2025-08-07T19:00:00Z,12.94,12.99,12.9,12.95,10939800
2025-08-08T13:00:00Z,12.9,12.98,12.77,12.85,8823000
2025-08-08T14:00:00Z,12.86,13.05,12.84,12.98,4852900
2025-08-08T15:00:00Z,12.99,13.06,12.91,12.92,3248900
2025-08-08T16:00:00Z,12.92,12.95,12.86,12.91,1201200
2025-08-08T17:00:00Z,12.91,13.03,12.9,13,1523500
2025-08-08T18:00:00Z,13,13.04,12.9,13,3392600
2025-08-08T19:00:00Z,12.99,13.01,12.86,12.91,5098500
2025-08-11T13:00:00Z,12.93,12.94,12.67,12.83,6483100
2025-08-11T14:00:00Z,12.83,12.92,12.82,12.89,2815000
2025-08-11T15:00:00Z,12.9,12.92,12.83,12.92,1742600
2025-08-11T16:00:00Z,12.9,12.94,12.87,12.88,1556100
2025-08-11T17:00:00Z,12.88,12.93,12.85,12.89,1857600
2025-08-11T18:00:00Z,12.89,12.92,12.86,12.86,2576100
2025-08-11T19:00:00Z,12.86,12.87,12.77,12.79,2353000
2025-08-12T13:00:00Z,12.76,12.93,12.74,12.82,5070900
2025-08-12T14:00:00Z,12.83,12.87,12.68,12.75,3496500
2025-08-12T15:00:00Z,12.75,12.79,12.71,12.74,3455700
2025-08-12T16:00:00Z,12.74,12.82,12.74,12.81,4265800
2025-08-12T17:00:00Z,12.81,12.83,12.75,12.78,2262400
2025-08-12T18:00:00Z,12.78,12.79,12.68,12.72,4604100
2025-08-12T19:00:00Z,12.72,12.73,12.63,12.63,5740500
2025-08-13T13:00:00Z,12.64,12.72,12.57,12.7,6164800
2025-08-13T14:00:00Z,12.7,12.78,12.64,12.72,2809400
2025-08-13T15:00:00Z,12.73,12.78,12.71,12.73,3795900
2025-08-13T16:00:00Z,12.73,12.75,12.64,12.72,2556400
2025-08-13T17:00:00Z,12.73,12.77,12.69,12.73,4674400
2025-08-13T18:00:00Z,12.73,12.75,12.67,12.71,4462500
2025-08-13T19:00:00Z,12.71,12.72,12.66,12.7,4429300
2025-08-14T13:00:00Z,12.58,12.89,12.58,12.88,3795100
2025-08-14T14:00:00Z,12.88,13.15,12.85,13.11,8243900
2025-08-14T15:00:00Z,13.1,13.11,12.92,13.01,3522700
2025-08-14T16:00:00Z,13.01,13.04,12.98,12.99,1049600
2025-08-14T17:00:00Z,12.99,13.01,12.93,12.93,897100
2025-08-14T18:00:00Z,12.93,12.95,12.9,12.92,1982900
2025-08-14T19:00:00Z,12.92,12.93,12.85,12.91,3690100
2025-08-15T13:00:00Z,12.77,13.1,12.77,13.07,5354400
2025-08-15T14:00:00Z,13.07,13.11,13,13.06,2418700
2025-08-15T15:00:00Z,13.05,13.13,13.04,13.09,3764900
2025-08-15T16:00:00Z,13.09,13.1,13.04,13.07,3059800
2025-08-15T17:00:00Z,13.06,13.09,13.05,13.06,2240600
2025-08-15T18:00:00Z,13.06,13.12,13.05,13.1,2043600
2025-08-15T19:00:00Z,13.11,13.16,13.1,13.16,2182800
2025-08-18T13:00:00Z,13.15,13.31,13.14,13.26,3101500
2025-08-18T14:00:00Z,13.26,13.38,13.26,13.33,2569900
2025-08-18T15:00:00Z,13.33,13.35,13.29,13.3,1022300
2025-08-18T16:00:00Z,13.3,13.32,13.25,13.26,2348400
2025-08-18T17:00:00Z,13.26,13.33,13.2,13.33,2329600
2025-08-18T18:00:00Z,13.32,13.33,13.23,13.23,1793000
2025-08-18T19:00:00Z,13.24,13.24,13.18,13.19,1913000
2025-08-19T13:00:00Z,13.05,13.08,12.66,12.67,6208100
2025-08-19T14:00:00Z,12.67,12.77,12.66,12.68,5727500
2025-08-19T15:00:00Z,12.69,12.73,12.61,12.66,4548400
2025-08-19T16:00:00Z,12.66,12.7,12.6,12.64,4756700
2025-08-19T17:00:00Z,12.65,12.66,12.58,12.64,4042200
2025-08-19T18:00:00Z,12.65,12.65,12.51,12.52,4180000
2025-08-19T19:00:00Z,12.53,12.54,12.48,12.52,4755400
2025-08-20T13:00:00Z,12.53,12.57,12.43,12.52,7856500
2025-08-20T14:00:00Z,12.51,12.52,12.33,12.39,9255300
2025-08-20T15:00:00Z,12.39,12.48,12.38,12.44,5477900
2025-08-20T16:00:00Z,12.43,12.44,12.38,12.39,2067200
2025-08-20T17:00:00Z,12.39,12.42,12.29,12.34,5309200
2025-08-20T18:00:00Z,12.34,12.35,12.26,12.31,4357000
2025-08-20T19:00:00Z,12.31,12.31,12.22,12.28,7932000
2025-08-21T13:00:00Z,12.15,12.38,12.12,12.3,3925700
2025-08-21T14:00:00Z,12.3,12.33,12.19,12.27,2855800
2025-08-21T15:00:00Z,12.27,12.3,12.17,12.29,2423400
2025-08-21T16:00:00Z,12.3,12.32,12.27,12.3,2607200
2025-08-21T17:00:00Z,12.3,12.37,12.27,12.33,2343300
2025-08-21T18:00:00Z,12.33,12.39,12.28,12.28,4676700
2025-08-21T19:00:00Z,12.28,12.3,12.24,12.27,5131200
2025-08-22T13:00:00Z,12.35,12.44,12.27,12.35,2419000
2025-08-22T14:00:00Z,12.36,12.63,12.35,12.58,9716100
2025-08-22T15:00:00Z,12.58,12.63,12.54,12.61,5299800
2025-08-22T16:00:00Z,12.6,12.68,12.52,12.55,3642900
2025-08-22T17:00:00Z,12.55,12.6,12.51,12.58,2596900
2025-08-22T18:00:00Z,12.58,12.6,12.51,12.53,4471300
2025-08-22T19:00:00Z,12.54,12.54,12.49,12.52,4051300
2025-08-25T13:00:00Z,12.6,12.78,12.52,12.53,4572500
2025-08-25T14:00:00Z,12.53,12.63,12.51,12.59,2133100
2025-08-25T15:00:00Z,12.59,12.6,12.53,12.57,1224000
2025-08-25T16:00:00Z,12.57,12.58,12.53,12.54,563700
2025-08-25T17:00:00Z,12.54,12.56,12.52,12.54,984900
2025-08-25T18:00:00Z,12.53,12.54,12.51,12.51,1619600
2025-08-25T19:00:00Z,12.52,12.62,12.51,12.58,8723000
2025-08-26T13:00:00Z,12.55,12.57,12.45,12.53,1523300
2025-08-26T14:00:00Z,12.53,12.53,12.38,12.43,1710900
2025-08-26T15:00:00Z,12.42,12.45,12.4,12.41,923000
2025-08-26T16:00:00Z,12.41,12.44,12.38,12.4,513600
2025-08-26T17:00:00Z,12.41,12.46,12.38,12.46,877700
2025-08-26T18:00:00Z,12.46,12.46,12.39,12.42,3265100
2025-08-26T19:00:00Z,12.42,12.43,12.38,12.41,2089400
2025-08-27T13:00:00Z,12.45,12.55,12.39,12.39,4202700
2025-08-27T14:00:00Z,12.39,12.49,12.39,12.47,2393200
2025-08-27T15:00:00Z,12.47,12.52,12.44,12.48,1428700
2025-08-27T16:00:00Z,12.48,12.51,12.47,12.5,826400
2025-08-27T17:00:00Z,12.49,12.53,12.48,12.52,2525800
2025-08-27T18:00:00Z,12.51,12.64,12.51,12.58,3027600
2025-08-27T19:00:00Z,12.58,12.67,12.57,12.64,6995100
2025-08-28T13:00:00Z,12.78,13.08,12.67,13.05,5840800
2025-08-28T14:00:00Z,13.06,13.3,13.04,13.17,11435900
2025-08-28T15:00:00Z,13.17,13.18,13.09,13.14,3556800
2025-08-28T16:00:00Z,13.14,13.23,13.1,13.21,4516800
2025-08-28T17:00:00Z,13.21,13.24,13.15,13.16,5256800
2025-08-28T18:00:00Z,13.17,13.27,13.16,13.25,4697200
2025-08-28T19:00:00Z,13.25,13.26,13.09,13.09,6204300
2025-08-29T13:00:00Z,13.18,13.22,13.01,13.19,2483800
2025-08-29T14:00:00Z,13.19,13.27,13.17,13.24,4003500
2025-08-29T15:00:00Z,13.22,13.26,13.15,13.17,2257900
2025-08-29T16:00:00Z,13.17,13.19,13.11,13.11,2469900
2025-08-29T17:00:00Z,13.12,13.13,13.02,13.03,3606900
2025-08-29T18:00:00Z,13.03,13.07,12.97,13.06,4324500
2025-08-29T19:00:00Z,13.07,13.07,13.01,13.02,2514700
2025-09-01T13:00:00Z,12.95,13.16,12.93,13.1,2610300
2025-09-01T14:00:00Z,13.11,13.17,13.02,13.02,1941800
2025-09-01T15:00:00Z,13.03,13.03,12.95,13.02,2139100
2025-09-01T16:00:00Z,13.02,13.02,12.91,12.91,2229800
2025-09-01T17:00:00Z,12.91,12.95,12.89,12.94,965300
2025-09-01T18:00:00Z,12.94,12.99,12.91,12.94,1500300
2025-09-01T19:00:00Z,12.94,12.99,12.93,12.96,813500
2025-09-02T13:00:00Z,12.82,12.88,12.63,12.84,4352300
2025-09-02T14:00:00Z,12.83,12.91,12.82,12.87,1648900
2025-09-02T15:00:00Z,12.86,12.88,12.75,12.84,2029200
2025-09-02T16:00:00Z,12.83,12.87,12.81,12.84,1240000
2025-09-02T17:00:00Z,12.84,12.86,12.82,12.83,1049200
2025-09-02T18:00:00Z,12.82,12.83,12.74,12.79,1722600
2025-09-02T19:00:00Z,12.79,12.82,12.76,12.77,1411800
2025-09-03T13:00:00Z,12.74,12.8,12.65,12.72,3249500
2025-09-03T14:00:00Z,12.72,13.12,12.72,13.1,5882200
2025-09-03T15:00:00Z,13.1,13.14,12.93,12.95,4504200
2025-09-03T16:00:00Z,12.96,12.99,12.93,12.98,1569200
2025-09-03T17:00:00Z,12.98,12.99,12.93,12.95,1785400
2025-09-03T18:00:00Z,12.97,12.99,12.91,12.95,4691400
2025-09-03T19:00:00Z,12.94,13.01,12.92,12.98,3907300
2025-09-04T13:00:00Z,12.96,13.09,12.92,13.02,2059400
2025-09-04T14:00:00Z,13.03,13.08,12.99,13.05,2330300
2025-09-04T15:00:00Z,13.04,13.05,12.95,13,1842300
2025-09-04T16:00:00Z,12.99,13.09,12.99,13.01,4591800
2025-09-04T17:00:00Z,13.02,13.16,13,13.13,2490500
2025-09-04T18:00:00Z,13.13,13.15,13.06,13.11,2040800
2025-09-04T19:00:00Z,13.11,13.12,13.06,13.1,2314700
2025-09-05T13:00:00Z,13.33,13.64,13.33,13.57,6912400
2025-09-05T14:00:00Z,13.57,13.58,13.35,13.45,4889800
2025-09-05T15:00:00Z,13.45,13.47,13.34,13.38,2253400
2025-09-05T16:00:00Z,13.39,13.41,13.35,13.37,1391700
2025-09-05T17:00:00Z,13.37,13.38,13.32,13.38,1523200
2025-09-05T18:00:00Z,13.38,13.39,13.34,13.34,1540100
2025-09-05T19:00:00Z,13.34,13.43,13.33,13.43,3674300
2025-09-08T13:00:00Z,13.38,13.43,13.14,13.19,3363100
2025-09-08T14:00:00Z,13.19,13.22,13.13,13.15,2656700
2025-09-08T15:00:00Z,13.14,13.17,13.11,13.16,1763100
2025-09-08T16:00:00Z,13.15,13.21,13.15,13.17,2026000
2025-09-08T17:00:00Z,13.17,13.23,13.16,13.22,1944900
2025-09-08T18:00:00Z,13.22,13.25,13.21,13.23,1397100
2025-09-08T19:00:00Z,13.24,13.24,13.18,13.2,1609300
2025-09-09T13:00:00Z,13.12,13.2,13.1,13.18,1456700
2025-09-09T14:00:00Z,13.17,13.21,13.05,13.06,2460100
2025-09-09T15:00:00Z,13.07,13.07,12.98,13.04,2213500
2025-09-09T16:00:00Z,13.04,13.07,13.01,13.01,1301500
2025-09-09T17:00:00Z,13.02,13.03,13,13,1120100
2025-09-09T18:00:00Z,13.01,13.02,12.97,13,2299200
2025-09-09T19:00:00Z,12.99,13.03,12.98,13,2505500
2025-09-10T13:00:00Z,12.96,13.16,12.95,13.13,5190700
2025-09-10T14:00:00Z,13.13,13.24,13.11,13.16,3253000
2025-09-10T15:00:00Z,13.16,13.18,13.13,13.15,2274200
2025-09-10T16:00:00Z,13.15,13.16,13.07,13.11,2648600
2025-09-10T17:00:00Z,13.11,13.15,12.97,13,3709100
2025-09-10T18:00:00Z,12.99,13.03,12.97,13,4842700
2025-09-10T19:00:00Z,13.02,13.02,12.96,12.97,3374600
2025-09-11T13:00:00Z,13.08,13.12,12.99,13.1,2314600
2025-09-11T14:00:00Z,13.11,13.33,13.1,13.25,7440200
2025-09-11T15:00:00Z,13.25,13.27,13.12,13.14,4916200
2025-09-11T16:00:00Z,13.13,13.2,13.12,13.19,2217400
2025-09-11T17:00:00Z,13.19,13.26,13.17,13.18,2971700
2025-09-11T18:00:00Z,13.19,13.2,13.08,13.12,3086000
2025-09-11T19:00:00Z,13.12,13.17,13.11,13.15,2719200
2025-09-12T13:00:00Z,13,13.16,12.97,13.14,5824600
2025-09-12T14:00:00Z,13.15,13.15,12.97,12.97,3780800
2025-09-12T15:00:00Z,12.97,13.02,12.96,12.97,2768300
2025-09-12T16:00:00Z,12.98,13,12.93,12.95,5191500
2025-09-12T17:00:00Z,12.94,12.96,12.88,12.92,2007100
2025-09-12T18:00:00Z,12.92,12.97,12.9,12.93,1670800
2025-09-12T19:00:00Z,12.93,12.99,12.92,12.97,2547000
2025-09-15T13:00:00Z,13.09,13.28,13.03,13.23,2718400
2025-09-15T14:00:00Z,13.22,13.36,13.2,13.33,4195600
2025-09-15T15:00:00Z,13.33,13.43,13.32,13.43,5761100
2025-09-15T16:00:00Z,13.42,13.5,13.41,13.5,2896800
2025-09-15T17:00:00Z,13.5,13.55,13.48,13.51,3549400
2025-09-15T18:00:00Z,13.51,13.51,13.39,13.41,3792100
2025-09-15T19:00:00Z,13.42,13.43,13.38,13.4,3055600
2025-09-16T13:00:00Z,13.46,13.51,13.38,13.44,3712300
2025-09-16T14:00:00Z,13.45,13.5,13.44,13.48,3848300
2025-09-16T15:00:00Z,13.48,13.49,13.42,13.43,1221700
2025-09-16T16:00:00Z,13.44,13.46,13.42,13.43,832800
2025-09-16T17:00:00Z,13.43,13.5,13.41,13.48,1799500
2025-09-16T18:00:00Z,13.48,13.48,13.44,13.45,1328400
2025-09-16T19:00:00Z,13.45,13.53,13.44,13.51,3369400
2025-09-17T13:00:00Z,13.45,13.84,13.43,13.82,4120600
2025-09-17T14:00:00Z,13.82,13.87,13.74,13.77,5609200
2025-09-17T15:00:00Z,13.78,13.91,13.77,13.9,5240400
2025-09-17T16:00:00Z,13.9,13.93,13.85,13.9,2284700
2025-09-17T17:00:00Z,13.9,13.97,13.86,13.94,5197600
2025-09-17T18:00:00Z,13.94,14.04,13.75,13.82,6163100
2025-09-17T19:00:00Z,13.82,13.87,13.64,13.7,6151200
2025-09-18T13:00:00Z,13.65,13.72,13.55,13.59,4465500
2025-09-18T14:00:00Z,13.59,13.7,13.57,13.7,2720300
2025-09-18T15:00:00Z,13.7,13.74,13.64,13.68,3073300
2025-09-18T16:00:00Z,13.68,13.76,13.63,13.75,7551300
2025-09-18T17:00:00Z,13.75,13.75,13.67,13.69,4024100
2025-09-18T18:00:00Z,13.7,13.77,13.68,13.76,3797100
2025-09-18T19:00:00Z,13.77,13.77,13.7,13.73,4745000
2025-09-19T13:00:00Z,13.73,13.88,13.69,13.86,2332400
2025-09-19T14:00:00Z,13.86,13.96,13.82,13.9,3022100
2025-09-19T15:00:00Z,13.88,13.9,13.83,13.88,2679200
2025-09-19T16:00:00Z,13.87,13.89,13.85,13.85,1101900
2025-09-19T17:00:00Z,13.87,13.91,13.85,13.89,1395200
2025-09-19T18:00:00Z,13.9,13.91,13.84,13.88,3968000
2025-09-19T19:00:00Z,13.88,13.89,13.75,13.75,5822300
2025-09-22T13:00:00Z,13.59,13.6,13.36,13.45,7205200
2025-09-22T14:00:00Z,13.46,13.46,13.37,13.43,14802000
2025-09-22T15:00:00Z,13.44,13.51,13.43,13.51,11898400
2025-09-22T16:00:00Z,13.51,13.58,13.49,13.58,2121000
2025-09-22T17:00:00Z,13.58,13.66,13.57,13.63,4969500
2025-09-22T18:00:00Z,13.63,13.67,13.61,13.61,2204000
2025-09-22T19:00:00Z,13.62,13.62,13.54,13.55,4295600
2025-09-23T13:00:00Z,13.54,13.57,13.37,13.48,3735600
2025-09-23T14:00:00Z,13.48,13.57,13.44,13.52,9154600
2025-09-23T15:00:00Z,13.52,13.62,13.47,13.47,4282800
2025-09-23T16:00:00Z,13.47,13.51,13.44,13.5,1328700
2025-09-23T17:00:00Z,13.5,13.56,13.42,13.46,4464200
2025-09-23T18:00:00Z,13.47,13.47,13.37,13.37,5524700
2025-09-23T19:00:00Z,13.38,13.42,13.31,13.35,8534600
2025-09-24T13:00:00Z,13.34,13.34,13.14,13.16,10845600
2025-09-24T14:00:00Z,13.17,13.21,13.1,13.16,5011600
2025-09-24T15:00:00Z,13.16,13.2,13.14,13.17,3238000
2025-09-24T16:00:00Z,13.17,13.21,13.12,13.19,2612400
2025-09-24T17:00:00Z,13.19,13.2,13.13,13.17,1958100
2025-09-24T18:00:00Z,13.17,13.19,13.15,13.18,4022400
2025-09-24T19:00:00Z,13.18,13.19,13.09,13.12,4461700
2025-09-25T13:00:00Z,13.14,13.19,12.98,13.05,5214400
2025-09-25T14:00:00Z,13.04,13.13,13.01,13.08,2670800
2025-09-25T15:00:00Z,13.08,13.19,13.04,13.19,1981200
2025-09-25T16:00:00Z,13.18,13.19,13.12,13.15,2133300
2025-09-25T17:00:00Z,13.16,13.18,13,13.02,2835200
2025-09-25T18:00:00Z,13.02,13.02,12.93,12.96,5024700
2025-09-25T19:00:00Z,12.97,13,12.89,12.95,8945300
2025-09-26T13:00:00Z,13.01,13.07,12.93,13.07,7588000
2025-09-26T14:00:00Z,13.07,13.16,13.05,13.16,6884300
2025-09-26T15:00:00Z,13.16,13.22,13.13,13.17,5006200
2025-09-26T16:00:00Z,13.18,13.21,13.16,13.2,3756600
2025-09-26T17:00:00Z,13.2,13.26,13.17,13.24,2572500
2025-09-26T18:00:00Z,13.24,13.28,13.23,13.27,2956500
2025-09-26T19:00:00Z,13.27,13.29,13.22,13.28,4573600
2025-09-29T13:00:00Z,13.4,13.56,13.31,13.47,3729600
2025-09-29T14:00:00Z,13.46,13.55,13.44,13.49,1980800
2025-09-29T15:00:00Z,13.49,13.54,13.47,13.48,2614700
2025-09-29T16:00:00Z,13.47,13.48,13.41,13.48,2611900
2025-09-29T17:00:00Z,13.48,13.49,13.4,13.41,3458400
2025-09-29T18:00:00Z,13.41,13.45,13.4,13.43,1779700
2025-09-29T19:00:00Z,13.44,13.44,13.37,13.4,3997500
2025-09-30T13:00:00Z,13.54,13.57,13.41,13.47,6278700
2025-09-30T14:00:00Z,13.47,13.48,13.26,13.38,6841100
2025-09-30T15:00:00Z,13.38,13.39,13.3,13.31,3055200
2025-09-30T16:00:00Z,13.32,13.33,13.27,13.31,1726300
2025-09-30T17:00:00Z,13.31,13.35,13.3,13.32,2216800
2025-09-30T18:00:00Z,13.31,13.39,13.29,13.38,2421500
2025-09-30T19:00:00Z,13.37,13.42,13.35,13.35,2573500
2025-10-01T13:00:00Z,13.55,13.56,13.42,13.45,3871200
2025-10-01T14:00:00Z,13.46,13.48,13.3,13.33,8231400
2025-10-01T15:00:00Z,13.32,13.37,13.25,13.26,3951900
2025-10-01T16:00:00Z,13.26,13.33,13.25,13.26,2189200
2025-10-01T17:00:00Z,13.26,13.28,13.22,13.23,2186100
2025-10-01T18:00:00Z,13.22,13.29,13.16,13.16,4855100
2025-10-01T19:00:00Z,13.16,13.22,13.12,13.13,3202200
2025-10-02T13:00:00Z,13.06,13.18,13.04,13.15,1608100
2025-10-02T14:00:00Z,13.14,13.15,12.91,12.95,6692600
2025-10-02T15:00:00Z,12.95,12.95,12.86,12.9,2512600
2025-10-02T16:00:00Z,12.9,12.93,12.85,12.93,2941300
2025-10-02T17:00:00Z,12.92,12.93,12.86,12.92,2791200
2025-10-02T18:00:00Z,12.91,12.95,12.88,12.91,2660700
2025-10-02T19:00:00Z,12.91,12.92,12.85,12.88,5610400
2025-10-03T13:00:00Z,12.85,12.93,12.81,12.89,831200
2025-10-03T14:00:00Z,12.89,12.92,12.73,12.74,3233600
2025-10-03T15:00:00Z,12.74,12.78,12.71,12.73,1675200
2025-10-03T16:00:00Z,12.73,12.79,12.72,12.73,1706800
2025-10-03T17:00:00Z,12.73,12.76,12.69,12.7,1744700
2025-10-03T18:00:00Z,12.71,12.81,12.69,12.81,997100
2025-10-03T19:00:00Z,12.79,12.83,12.78,12.79,1209000
2025-10-06T13:00:00Z,12.78,12.83,12.69,12.76,2502100
2025-10-06T14:00:00Z,12.76,12.76,12.63,12.65,1803100
2025-10-06T15:00:00Z,12.64,12.67,12.6,12.63,1207400
2025-10-06T16:00:00Z,12.63,12.73,12.61,12.71,876400
2025-10-06T17:00:00Z,12.71,12.72,12.63,12.64,872700
2025-10-06T18:00:00Z,12.63,12.64,12.6,12.63,952100
2025-10-06T19:00:00Z,12.62,12.63,12.58,12.62,2282100
2025-10-07T13:00:00Z,12.52,12.58,12.32,12.35,3150300
2025-10-07T14:00:00Z,12.35,12.38,12.28,12.34,1720500
2025-10-07T15:00:00Z,12.35,12.36,12.22,12.25,2213000
2025-10-07T16:00:00Z,12.25,12.25,12.16,12.19,4527500
2025-10-07T17:00:00Z,12.18,12.28,12.16,12.25,2504900
2025-10-07T18:00:00Z,12.25,12.31,12.22,12.26,3031300
2025-10-07T19:00:00Z,12.26,12.33,12.2,12.26,4904400
2025-10-08T13:00:00Z,12.28,12.63,12.26,12.6,11503400
2025-10-08T14:00:00Z,12.6,12.63,12.54,12.6,3124300
2025-10-08T15:00:00Z,12.6,12.6,12.48,12.53,3584400
2025-10-08T16:00:00Z,12.53,12.57,12.5,12.56,2399400
2025-10-08T17:00:00Z,12.55,12.61,12.53,12.6,3640800
2025-10-08T18:00:00Z,12.59,12.68,12.56,12.66,3317200
2025-10-08T19:00:00Z,12.66,12.69,12.62,12.67,4198400
2025-10-09T13:00:00Z,12.67,13.04,12.67,12.89,5605000
2025-10-09T14:00:00Z,12.89,12.91,12.8,12.87,3010400
2025-10-09T15:00:00Z,12.87,12.94,12.81,12.85,2706800
2025-10-09T16:00:00Z,12.84,12.88,12.82,12.84,1524700
2025-10-09T17:00:00Z,12.83,12.85,12.74,12.77,4025400
2025-10-09T18:00:00Z,12.77,12.82,12.71,12.81,3629000
2025-10-09T19:00:00Z,12.81,12.89,12.78,12.82,4171200
2025-10-10T13:00:00Z,12.85,12.88,12.56,12.65,2738800
2025-10-10T14:00:00Z,12.64,12.76,12.57,12.58,2704000
2025-10-10T15:00:00Z,12.58,12.64,12.5,12.52,5395900
2025-10-10T16:00:00Z,12.52,12.55,12.45,12.49,2084200
2025-10-10T17:00:00Z,12.49,12.63,12.44,12.61,3966500
2025-10-10T18:00:00Z,12.61,12.68,12.59,12.68,2370200
2025-10-10T19:00:00Z,12.67,12.69,12.62,12.65,3223700
2025-10-13T13:00:00Z,12.77,12.8,12.64,12.68,1302900
2025-10-13T14:00:00Z,12.69,12.81,12.66,12.74,2609900
2025-10-13T15:00:00Z,12.74,12.79,12.68,12.7,2505600
2025-10-13T16:00:00Z,12.71,12.75,12.7,12.73,906300
2025-10-13T17:00:00Z,12.74,12.81,12.72,12.79,1996700
2025-10-13T18:00:00Z,12.79,12.8,12.74,12.76,3360700
2025-10-13T19:00:00Z,12.77,12.78,12.66,12.68,3538400
2025-10-14T13:00:00Z,12.66,12.68,12.54,12.6,1142900
2025-10-14T14:00:00Z,12.6,12.73,12.57,12.6,1358900
2025-10-14T15:00:00Z,12.61,12.61,12.56,12.59,1077400
2025-10-14T16:00:00Z,12.6,12.63,12.52,12.6,1346900
2025-10-14T17:00:00Z,12.61,12.61,12.53,12.58,1955900
2025-10-14T18:00:00Z,12.57,12.62,12.54,12.62,3490900
2025-10-14T19:00:00Z,12.62,12.62,12.52,12.56,5488900
2025-10-15T13:00:00Z,12.38,12.76,12.33,12.75,17024100
2025-10-15T14:00:00Z,12.76,12.88,12.69,12.8,4037100
2025-10-15T15:00:00Z,12.79,12.8,12.65,12.68,2434300
2025-10-15T16:00:00Z,12.68,12.77,12.66,12.74,2067200
2025-10-15T17:00:00Z,12.75,12.75,12.61,12.73,3705700
2025-10-15T18:00:00Z,12.73,12.77,12.65,12.71,3379600
2025-10-15T19:00:00Z,12.71,12.73,12.64,12.67,5906000
2025-10-16T13:00:00Z,12.57,12.61,12.42,12.61,3200900
2025-10-16T14:00:00Z,12.6,12.69,12.52,12.65,3375900
2025-10-16T15:00:00Z,12.65,12.73,12.61,12.71,3301000
2025-10-16T16:00:00Z,12.71,12.73,12.56,12.66,3395300
2025-10-16T17:00:00Z,12.66,12.68,12.57,12.6,4208900
2025-10-16T18:00:00Z,12.6,12.63,12.56,12.62,2976200
2025-10-16T19:00:00Z,12.61,12.62,12.58,12.58,6469100
2025-10-17T13:00:00Z,12.55,12.63,12.5,12.6,5753500
2025-10-17T14:00:00Z,12.6,12.7,12.56,12.64,11929600
2025-10-17T15:00:00Z,12.64,12.71,12.6,12.66,1353900
2025-10-17T16:00:00Z,12.66,12.71,12.63,12.68,1555300
2025-10-17T17:00:00Z,12.67,12.7,12.64,12.66,3142200
2025-10-17T18:00:00Z,12.65,12.68,12.64,12.66,1162700
2025-10-17T19:00:00Z,12.65,12.68,12.57,12.59,7538700
2025-10-20T13:00:00Z,12.64,12.67,12.54,12.59,1864900
2025-10-20T14:00:00Z,12.59,12.73,12.59,12.69,3713500
2025-10-20T15:00:00Z,12.68,12.8,12.67,12.78,2812200
2025-10-20T16:00:00Z,12.78,12.79,12.73,12.74,1483900
2025-10-20T17:00:00Z,12.75,12.75,12.7,12.71,1394000
2025-10-20T18:00:00Z,12.7,12.73,12.68,12.73,1569200
2025-10-20T19:00:00Z,12.72,12.73,12.64,12.67,3910400
2025-10-21T13:00:00Z,12.6,12.62,12.48,12.54,2002000
2025-10-21T14:00:00Z,12.56,12.63,12.52,12.58,1849000
2025-10-21T15:00:00Z,12.58,12.6,12.47,12.5,1860900
2025-10-21T16:00:00Z,12.49,12.5,12.42,12.43,1293100
2025-10-21T17:00:00Z,12.43,12.46,12.42,12.45,983000
2025-10-21T18:00:00Z,12.44,12.45,12.39,12.4,1282600
2025-10-21T19:00:00Z,12.4,12.41,12.34,12.35,4003800
2025-10-22T13:00:00Z,12.4,12.63,12.3,12.55,6783400
2025-10-22T14:00:00Z,12.56,12.59,12.37,12.39,22317800
2025-10-22T15:00:00Z,12.39,12.47,12.37,12.41,2858100
2025-10-22T16:00:00Z,12.41,12.47,12.39,12.41,1887200
2025-10-22T17:00:00Z,12.4,12.43,12.36,12.39,1562200
2025-10-22T18:00:00Z,12.37,12.42,12.36,12.41,1378800
2025-10-22T19:00:00Z,12.4,12.47,12.39,12.42,2817300
2025-10-23T13:00:00Z,12.55,12.64,12.49,12.53,2009700
2025-10-23T14:00:00Z,12.53,12.56,12.46,12.5,1111100
2025-10-23T15:00:00Z,12.5,12.52,12.46,12.52,1393000
2025-10-23T16:00:00Z,12.52,12.59,12.51,12.55,2538500
2025-10-23T17:00:00Z,12.55,12.6,12.54,12.58,4157800
2025-10-23T18:00:00Z,12.58,12.61,12.54,12.58,1899400
2025-10-23T19:00:00Z,12.57,12.69,12.57,12.67,8027200
2025-10-24T13:00:00Z,12.77,12.98,12.77,12.84,5454800
2025-10-24T14:00:00Z,12.84,12.85,12.59,12.62,4611500
2025-10-24T15:00:00Z,12.61,12.69,12.61,12.63,1664300
2025-10-24T16:00:00Z,12.63,12.67,12.61,12.64,1729500
2025-10-24T17:00:00Z,12.65,12.66,12.61,12.64,2288400
2025-10-24T18:00:00Z,12.64,12.65,12.55,12.56,2230200
2025-10-24T19:00:00Z,12.57,12.57,12.5,12.51,5330200
2025-10-27T13:00:00Z,12.63,12.78,12.6,12.63,3302100
2025-10-27T14:00:00Z,12.63,12.63,12.55,12.61,1589900
2025-10-27T15:00:00Z,12.61,12.61,12.54,12.55,1105300
2025-10-27T16:00:00Z,12.56,12.61,12.52,12.59,1109200
2025-10-27T17:00:00Z,12.6,12.61,12.55,12.56,1393400
2025-10-27T18:00:00Z,12.56,12.56,12.52,12.53,934600
2025-10-27T19:00:00Z,12.54,12.56,12.48,12.53,3092500
2025-10-28T13:00:00Z,12.49,12.69,12.45,12.66,2150200
2025-10-28T14:00:00Z,12.68,12.75,12.66,12.68,2188100
2025-10-28T15:00:00Z,12.68,12.7,12.66,12.69,1748900
2025-10-28T16:00:00Z,12.69,12.73,12.67,12.72,2097100
2025-10-28T17:00:00Z,12.72,12.76,12.68,12.72,2429700
2025-10-28T18:00:00Z,12.71,12.72,12.63,12.67,3070400
2025-10-28T19:00:00Z,12.66,12.68,12.61,12.64,4437000
2025-10-29T13:00:00Z,12.7,12.74,12.65,12.69,2277800
2025-10-29T14:00:00Z,12.69,12.74,12.66,12.72,2229000
2025-10-29T15:00:00Z,12.72,12.74,12.7,12.71,2052500
2025-10-29T16:00:00Z,12.72,12.78,12.7,12.74,2974600
2025-10-29T17:00:00Z,12.74,12.79,12.7,12.76,2316400
2025-10-29T18:00:00Z,12.76,12.77,12.6,12.65,1908600
2025-10-29T19:00:00Z,12.65,12.67,12.55,12.57,4211900
2025-10-30T13:00:00Z,12.5,12.65,12.41,12.62,1513700
2025-10-30T14:00:00Z,12.63,12.74,12.58,12.74,1984900
2025-10-30T15:00:00Z,12.74,12.74,12.67,12.71,1217700
2025-10-30T16:00:00Z,12.73,12.75,12.66,12.7,1286400
2025-10-30T17:00:00Z,12.7,12.7,12.61,12.63,1126400
2025-10-30T18:00:00Z,12.64,12.66,12.59,12.63,1459700
2025-10-30T19:00:00Z,12.64,12.65,12.58,12.61,2713100
2025-10-31T13:00:00Z,12.73,12.76,12.64,12.7,1796800
2025-10-31T14:00:00Z,12.7,12.71,12.65,12.67,962600
2025-10-31T15:00:00Z,12.68,12.69,12.64,12.67,744900
2025-10-31T16:00:00Z,12.67,12.74,12.65,12.72,1530700
2025-10-31T17:00:00Z,12.72,12.74,12.69,12.7,1110800
2025-10-31T18:00:00Z,12.7,12.72,12.68,12.71,1549300
2025-10-31T19:00:00Z,12.71,12.72,12.66,12.68,3346300
2025-11-03T13:00:00Z,12.79,12.83,12.68,12.75,1703000
2025-11-03T14:00:00Z,12.76,12.86,12.74,12.84,2938400
2025-11-03T15:00:00Z,12.84,12.94,12.83,12.85,5388300
2025-11-03T16:00:00Z,12.86,12.91,12.78,12.79,1963800
2025-11-03T17:00:00Z,12.79,12.81,12.74,12.75,1755400
2025-11-03T18:00:00Z,12.76,12.76,12.7,12.72,1832500
2025-11-03T19:00:00Z,12.72,12.82,12.72,12.82,4673800
2025-11-03T20:00:00Z,12.81,12.87,12.8,12.82,4270700
2025-11-04T13:00:00Z,12.8,12.81,12.56,12.58,4416800
2025-11-04T14:00:00Z,12.58,12.8,12.55,12.75,6137600
2025-11-04T15:00:00Z,12.74,12.78,12.71,12.76,3651100
2025-11-04T16:00:00Z,12.76,12.78,12.7,12.75,2309300
2025-11-04T17:00:00Z,12.76,12.89,12.76,12.86,6856200
2025-11-04T18:00:00Z,12.85,12.9,12.85,12.89,2196000
2025-11-04T19:00:00Z,12.9,12.91,12.86,12.88,2033200
2025-11-04T20:00:00Z,12.88,12.9,12.85,12.88,4757100
2025-11-05T13:00:00Z,12.84,12.97,12.79,12.95,1868600
2025-11-05T14:00:00Z,12.95,12.99,12.9,12.98,5281400
2025-11-05T15:00:00Z,12.98,13.08,12.97,13.06,3686000
2025-11-05T16:00:00Z,13.06,13.16,13.03,13.12,5922700
2025-11-05T17:00:00Z,13.11,13.22,13.11,13.17,2955200
2025-11-05T18:00:00Z,13.18,13.21,13.14,13.19,2478100
2025-11-05T19:00:00Z,13.18,13.25,13.17,13.22,2368500
2025-11-05T20:00:00Z,13.23,13.24,13.15,13.19,3941600
2025-11-06T13:00:00Z,13.25,13.25,13.11,13.21,1179400
2025-11-06T14:00:00Z,13.21,13.25,13.14,13.14,5811600
2025-11-06T15:00:00Z,13.15,13.21,13.11,13.18,2504000
2025-11-06T16:00:00Z,13.18,13.21,13.15,13.2,2097600
2025-11-06T17:00:00Z,13.2,13.21,13.09,13.1,2422300
2025-11-06T18:00:00Z,13.1,13.11,13.03,13.1,3345700
2025-11-06T19:00:00Z,13.09,13.14,13.06,13.1,5368600
2025-11-06T20:00:00Z,13.1,13.15,13.09,13.11,4418300
2025-11-07T13:00:00Z,13.08,13.15,13.04,13.09,2892800
2025-11-07T14:00:00Z,13.09,13.13,13.05,13.07,2123300
2025-11-07T15:00:00Z,13.07,13.11,13.05,13.06,3058100
2025-11-07T16:00:00Z,13.06,13.09,12.94,12.96,3286100
2025-11-07T17:00:00Z,12.96,13,12.94,12.97,1837200
2025-11-07T18:00:00Z,12.97,13,12.93,13,1366600
2025-11-07T19:00:00Z,13,13.03,12.97,12.97,1590100
2025-11-07T20:00:00Z,12.99,12.99,12.95,12.95,2398800
2025-11-10T13:00:00Z,13.03,13.06,12.88,13.06,2877100
2025-11-10T14:00:00Z,13.06,13.06,12.92,12.93,4217100
2025-11-10T15:00:00Z,12.93,13.08,12.92,13.03,2089400
2025-11-10T16:00:00Z,13.05,13.06,12.97,13,1066500
2025-11-10T17:00:00Z,13,13.02,12.95,13.01,1898000
2025-11-10T18:00:00Z,13.01,13.08,13,13.05,2879400
2025-11-10T19:00:00Z,13.05,13.05,13,13.04,8764300
2025-11-10T20:00:00Z,13.04,13.11,13.03,13.08,10379700
2025-11-11T13:00:00Z,13.23,13.54,13.17,13.51,9758500
2025-11-11T14:00:00Z,13.51,13.65,13.48,13.56,8165100
2025-11-11T15:00:00Z,13.57,13.62,13.49,13.56,7806200
2025-11-11T16:00:00Z,13.56,13.57,13.42,13.51,4658800
2025-11-11T17:00:00Z,13.51,13.54,13.45,13.52,3330600
2025-11-11T18:00:00Z,13.51,13.59,13.44,13.54,11946700
2025-11-11T19:00:00Z,13.54,13.59,13.51,13.57,6274700
2025-11-11T20:00:00Z,13.57,13.63,13.54,13.57,7451100
2025-11-12T13:00:00Z,13.62,14.21,13.58,14.06,17657600
2025-11-12T14:00:00Z,14.06,14.1,13.93,13.96,9497900
2025-11-12T15:00:00Z,13.96,14.03,13.83,13.9,8055300
2025-11-12T16:00:00Z,13.88,13.99,13.88,13.98,4965500
2025-11-12T17:00:00Z,13.97,14.05,13.95,14.03,6943300
2025-11-12T18:00:00Z,14.03,14.15,13.99,14.13,7778500
2025-11-12T19:00:00Z,14.14,14.22,14.13,14.16,5826400
2025-11-12T20:00:00Z,14.15,14.19,14.08,14.14,6755200
2025-11-13T13:00:00Z,14.06,14.32,14.05,14.28,3036000
2025-11-13T14:00:00Z,14.29,14.45,14.25,14.44,6313900
2025-11-13T15:00:00Z,14.44,14.5,14.4,14.49,6085600
2025-11-13T16:00:00Z,14.5,14.56,14.45,14.51,7679200
2025-11-13T17:00:00Z,14.52,14.53,14.46,14.46,17149700
2025-11-13T18:00:00Z,14.47,14.52,14.35,14.39,7803200
2025-11-13T19:00:00Z,14.4,14.51,14.35,14.5,9491200
2025-11-13T20:00:00Z,14.5,14.53,14.44,14.47,5305200
2025-11-14T13:00:00Z,14.45,14.49,14.33,14.43,4867700
2025-11-14T14:00:00Z,14.44,14.53,14.34,14.47,4307800
2025-11-14T15:00:00Z,14.47,14.6,14.41,14.52,5030600
2025-11-14T16:00:00Z,14.52,14.52,14.41,14.44,5125000
2025-11-14T17:00:00Z,14.45,14.51,14.44,14.47,1912200
2025-11-14T18:00:00Z,14.48,14.55,14.45,14.52,2910600
2025-11-14T19:00:00Z,14.52,14.53,14.45,14.46,1973600
2025-11-14T20:00:00Z,14.47,14.47,14.42,14.46,4518100
2025-11-17T13:00:00Z,14.38,14.48,14.27,14.36,3570200
2025-11-17T14:00:00Z,14.36,14.58,14.33,14.57,2557500
2025-11-17T15:00:00Z,14.58,14.58,14.42,14.42,1408100
2025-11-17T16:00:00Z,14.42,14.45,14.36,14.38,1817800
2025-11-17T17:00:00Z,14.38,14.42,14.37,14.4,1945400
2025-11-17T18:00:00Z,14.41,14.41,14.34,14.35,1770200
2025-11-17T19:00:00Z,14.36,14.36,14.13,14.14,5083700
2025-11-17T20:00:00Z,14.15,14.18,14.02,14.11,9329700
2025-11-18T13:00:00Z,14.07,14.29,13.99,14.26,2025100
2025-11-18T14:00:00Z,14.25,14.27,14.04,14.05,4248600
2025-11-18T15:00:00Z,14.07,14.19,14,14.14,4074900
2025-11-18T16:00:00Z,14.15,14.17,14.04,14.04,10424000
2025-11-18T17:00:00Z,14.04,14.1,14.03,14.08,5200300
2025-11-18T18:00:00Z,14.08,14.11,14.03,14.1,4667200
2025-11-18T19:00:00Z,14.1,14.18,14.09,14.13,11934000
2025-11-18T20:00:00Z,14.12,14.13,14,14,5148400
2025-11-19T13:00:00Z,14.05,14.06,13.92,13.96,1338200
2025-11-19T14:00:00Z,13.96,14.06,13.91,14.02,2750700
2025-11-19T15:00:00Z,14.01,14.01,13.81,13.83,4052900
2025-11-19T16:00:00Z,13.82,13.89,13.8,13.83,2256000
2025-11-19T17:00:00Z,13.83,13.9,13.82,13.88,2454800
2025-11-19T18:00:00Z,13.88,13.93,13.84,13.91,3125500
2025-11-19T19:00:00Z,13.91,13.91,13.81,13.84,6070500
2025-11-19T20:00:00Z,13.84,13.88,13.78,13.88,7210300
2025-11-21T13:00:00Z,13.81,13.87,13.74,13.83,3825800
2025-11-21T14:00:00Z,13.83,13.85,13.65,13.65,3988400
2025-11-21T15:00:00Z,13.65,13.73,13.59,13.68,4388300
2025-11-21T16:00:00Z,13.68,13.77,13.64,13.76,3426900
2025-11-21T17:00:00Z,13.76,13.82,13.75,13.76,2248700
2025-11-21T18:00:00Z,13.77,13.79,13.72,13.78,2138600
2025-11-21T19:00:00Z,13.77,13.83,13.77,13.83,2207200
2025-11-21T20:00:00Z,13.83,13.89,13.82,13.84,2632200
2025-11-24T13:00:00Z,13.88,14.02,13.85,13.9,2587700
2025-11-24T14:00:00Z,13.91,14.1,13.89,14.08,2476600
2025-11-24T15:00:00Z,14.08,14.1,14.02,14.03,1881600
2025-11-24T16:00:00Z,14.04,14.07,13.96,13.97,1624000
2025-11-24T17:00:00Z,13.96,14.03,13.96,14.02,1835900
2025-11-24T18:00:00Z,14.02,14.03,13.96,14,2258300
2025-11-24T19:00:00Z,13.99,14.02,13.96,13.96,1886200
2025-11-24T20:00:00Z,13.97,14.02,13.94,13.96,3159500
2025-11-25T13:00:00Z,13.97,14.22,13.97,14.04,2391100
2025-11-25T14:00:00Z,14.04,14.06,13.9,14.01,1533400
2025-11-25T15:00:00Z,14,14.1,13.99,14.04,1984600
2025-11-25T16:00:00Z,14.03,14.05,14,14,1219700
2025-11-25T17:00:00Z,14.01,14.11,14,14.1,1788500
2025-11-25T18:00:00Z,14.1,14.16,14.09,14.16,2778700
2025-11-25T19:00:00Z,14.16,14.19,14.13,14.17,2749700
2025-11-25T20:00:00Z,14.17,14.22,14.15,14.16,3931500
2025-11-26T13:00:00Z,14.17,14.53,14.16,14.53,2627800
2025-11-26T14:00:00Z,14.53,14.55,14.45,14.49,3016900
2025-11-26T15:00:00Z,14.49,14.59,14.46,14.56,3419700
2025-11-26T16:00:00Z,14.55,14.63,14.55,14.58,2962500
2025-11-26T17:00:00Z,14.58,14.68,14.58,14.63,2858300
2025-11-26T18:00:00Z,14.64,14.68,14.61,14.66,3992700
2025-11-26T19:00:00Z,14.67,14.72,14.65,14.7,4316400
2025-11-26T20:00:00Z,14.7,14.71,14.66,14.69,7000700
2025-11-27T13:00:00Z,14.61,14.74,14.59,14.6,1980400
2025-11-27T14:00:00Z,14.61,14.65,14.54,14.57,1335900
2025-11-27T15:00:00Z,14.55,14.63,14.55,14.63,863400
2025-11-27T16:00:00Z,14.63,14.71,14.59,14.68,2329100
2025-11-27T17:00:00Z,14.68,14.73,14.67,14.72,16271000
2025-11-27T18:00:00Z,14.72,14.75,14.69,14.73,4073300
2025-11-27T19:00:00Z,14.73,14.77,14.7,14.75,1126100
2025-11-27T20:00:00Z,14.75,14.78,14.73,14.76,790200
2025-11-28T13:00:00Z,14.72,15.05,14.72,15.04,6503900
2025-11-28T14:00:00Z,15.04,15.08,14.94,15.04,4403900
2025-11-28T15:00:00Z,15.03,15.06,14.94,15.06,3304500
2025-11-28T16:00:00Z,15.06,15.08,15,15.04,2075600
2025-11-28T17:00:00Z,15.05,15.07,15.02,15.07,2545400
2025-11-28T18:00:00Z,15.07,15.11,15.04,15.09,1848700
2025-11-28T19:00:00Z,15.1,15.1,14.99,15,1869500
2025-11-28T20:00:00Z,14.99,15.03,14.99,15.03,5647200
2025-12-01T13:00:00Z,14.94,15.02,14.79,14.89,2107500
2025-12-01T14:00:00Z,14.89,15.02,14.83,14.99,2427400
2025-12-01T15:00:00Z,14.99,15.05,14.92,14.98,2229800
2025-12-01T16:00:00Z,14.97,14.99,14.9,14.92,2874100
2025-12-01T17:00:00Z,14.92,14.92,14.83,14.85,2116200
2025-12-01T18:00:00Z,14.85,14.85,14.8,14.85,3085500
2025-12-01T19:00:00Z,14.84,14.85,14.79,14.8,3774000
2025-12-01T20:00:00Z,14.8,14.88,14.78,14.87,3382400
2025-12-02T13:00:00Z,14.91,14.98,14.82,14.92,7582800
2025-12-02T14:00:00Z,14.92,15.04,14.9,15.01,5067400
2025-12-02T15:00:00Z,15.01,15.02,14.7,14.9,7332700
2025-12-02T16:00:00Z,14.91,14.91,14.82,14.84,3485800
2025-12-02T17:00:00Z,14.83,15,14.83,14.98,6972300
2025-12-02T18:00:00Z,14.98,15.01,14.94,14.99,6336900
2025-12-02T19:00:00Z,14.98,15.06,14.98,15.04,4650200
2025-12-02T20:00:00Z,15.04,15.17,15.04,15.17,9400400
2025-12-03T13:00:00Z,15.2,15.22,14.99,15.02,3791200
2025-12-03T14:00:00Z,15.03,15.04,14.93,14.97,2514300
2025-12-03T15:00:00Z,14.98,15,14.92,14.95,2518100
2025-12-03T16:00:00Z,14.97,14.97,14.91,14.93,2781500
2025-12-03T17:00:00Z,14.94,14.94,14.81,14.84,3044000
2025-12-03T18:00:00Z,14.84,14.85,14.81,14.85,2675900
2025-12-03T19:00:00Z,14.85,14.85,14.79,14.82,2918900
2025-12-03T20:00:00Z,14.82,14.84,14.72,14.72,6195500
2025-12-04T13:00:00Z,14.89,15.07,14.84,14.99,3856600
2025-12-04T14:00:00Z,14.99,15.06,14.86,14.89,4426300
2025-12-04T15:00:00Z,14.9,15.06,14.88,14.97,8086500
2025-12-04T16:00:00Z,14.97,15.03,14.89,14.91,5452200
2025-12-04T17:00:00Z,14.91,15,14.9,14.99,4094900
2025-12-04T18:00:00Z,14.98,15.07,14.98,15.05,3149300
2025-12-04T19:00:00Z,15.06,15.13,15.05,15.11,3070200
2025-12-04T20:00:00Z,15.11,15.14,15.03,15.04,4924100
2025-12-05T13:00:00Z,15.02,15.08,14.97,14.99,1319000
2025-12-05T14:00:00Z,14.99,15.03,14.92,14.95,2283200
2025-12-05T15:00:00Z,14.97,15.04,14.74,14.78,3425900
2025-12-05T16:00:00Z,14.79,14.84,14.33,14.58,9089900
2025-12-05T17:00:00Z,14.59,14.66,14.33,14.37,14207400
2025-12-05T18:00:00Z,14.37,14.38,13.94,13.95,10604600
2025-12-05T19:00:00Z,13.95,14.12,13.93,14.08,7790100
2025-12-05T20:00:00Z,14.07,14.12,13.84,13.97,9330000
2025-12-08T13:00:00Z,14.12,14.33,14.11,14.22,4091300
2025-12-08T14:00:00Z,14.23,14.4,14.17,14.19,4152300
2025-12-08T15:00:00Z,14.19,14.22,14.08,14.17,5947800
2025-12-08T16:00:00Z,14.17,14.33,14.17,14.31,3504200
2025-12-08T17:00:00Z,14.31,14.5,14.27,14.42,4974700
2025-12-08T18:00:00Z,14.42,14.46,14.37,14.38,2887900
2025-12-08T19:00:00Z,14.38,14.47,14.33,14.47,3661100
2025-12-08T20:00:00Z,14.47,14.49,14.29,14.32,8218500
2025-12-09T13:00:00Z,14.13,14.14,13.89,13.96,2799400
2025-12-09T14:00:00Z,13.97,14.09,13.9,14.01,1660500
2025-12-09T15:00:00Z,14,14.18,13.96,14.02,2297300
2025-12-09T16:00:00Z,14.02,14.14,13.99,14.02,2529100
2025-12-09T17:00:00Z,14.03,14.07,13.97,14.01,3137000
2025-12-09T18:00:00Z,14.01,14.16,14,14.13,3573900
2025-12-09T19:00:00Z,14.12,14.23,14.11,14.2,3936000
2025-12-09T20:00:00Z,14.21,14.24,14.08,14.13,3089000
2025-12-10T13:00:00Z,14.17,14.23,14.05,14.17,2396600
2025-12-10T14:00:00Z,14.16,14.19,14.06,14.08,2954700
2025-12-10T15:00:00Z,14.07,14.13,14.05,14.11,1774000
2025-12-10T16:00:00Z,14.11,14.14,14.09,14.11,2485400
2025-12-10T17:00:00Z,14.11,14.12,14.04,14.07,1470600
2025-12-10T18:00:00Z,14.06,14.13,14.05,14.1,1734400
2025-12-10T19:00:00Z,14.1,14.14,14.01,14.1,2948400
2025-12-10T20:00:00Z,14.11,14.32,14.11,14.26,4467200
2025-12-11T13:00:00Z,14.14,14.32,14.06,14.28,1809700
2025-12-11T14:00:00Z,14.28,14.46,14.27,14.44,2354800
2025-12-11T15:00:00Z,14.45,14.52,14.41,14.49,4654000
2025-12-11T16:00:00Z,14.49,14.55,14.47,14.5,2048600
2025-12-11T17:00:00Z,14.51,14.54,14.45,14.45,1569500
2025-12-11T18:00:00Z,14.45,14.47,14.42,14.46,2385200
2025-12-11T19:00:00Z,14.46,14.47,14.36,14.39,2731400
2025-12-11T20:00:00Z,14.39,14.4,14.33,14.37,2739200
2025-12-12T13:00:00Z,14.37,14.66,14.3,14.66,2654200
2025-12-12T14:00:00Z,14.66,14.66,14.46,14.47,4683200
2025-12-12T15:00:00Z,14.47,14.47,14.33,14.35,4667100
2025-12-12T16:00:00Z,14.35,14.39,14.33,14.39,2005400
2025-12-12T17:00:00Z,14.39,14.46,14.36,14.41,2071800
2025-12-12T18:00:00Z,14.41,14.45,14.38,14.4,1666500
2025-12-12T19:00:00Z,14.41,14.42,14.37,14.38,3131300
2025-12-12T20:00:00Z,14.39,14.4,14.23,14.25,5548700
2025-12-15T13:00:00Z,14.54,14.58,14.42,14.46,1855400
2025-12-15T14:00:00Z,14.46,14.55,14.46,14.51,3031700
2025-12-15T15:00:00Z,14.51,14.56,14.47,14.55,2563300
2025-12-15T16:00:00Z,14.54,14.61,14.54,14.56,5314600
2025-12-15T17:00:00Z,14.55,14.57,14.46,14.49,2638100
2025-12-15T18:00:00Z,14.48,14.56,14.44,14.48,6085000
2025-12-15T19:00:00Z,14.47,14.51,14.43,14.47,7458100
2025-12-15T20:00:00Z,14.46,14.52,14.44,14.46,4562800
2025-12-16T13:00:00Z,14.3,14.3,13.96,14.06,8712700
2025-12-16T14:00:00Z,14.06,14.07,13.94,13.99,3178900
2025-12-16T15:00:00Z,13.99,14.01,13.9,13.9,3859500
2025-12-16T16:00:00Z,13.9,13.97,13.88,13.93,3484900
2025-12-16T17:00:00Z,13.93,14.04,13.89,13.89,6351200
2025-12-16T18:00:00Z,13.9,13.93,13.84,13.85,5651600
2025-12-16T19:00:00Z,13.86,13.86,13.74,13.75,8509000
2025-12-16T20:00:00Z,13.76,13.79,13.67,13.75,11384500
2025-12-17T13:00:00Z,13.7,13.72,13.18,13.26,67436700
2025-12-17T14:00:00Z,13.26,13.41,13.19,13.26,11419100
2025-12-17T15:00:00Z,13.26,13.28,13.12,13.13,4628100
2025-12-17T16:00:00Z,13.13,13.26,13.07,13.24,7091000
2025-12-17T17:00:00Z,13.24,13.26,13.15,13.18,4692900
2025-12-17T18:00:00Z,13.18,13.2,13.14,13.18,5818100
2025-12-17T19:00:00Z,13.19,13.27,13.16,13.25,9705400
2025-12-17T20:00:00Z,13.25,13.3,13.24,13.24,13522500
2025-12-18T13:00:00Z,13.16,13.35,13.13,13.24,8010100
2025-12-18T14:00:00Z,13.24,13.34,13.19,13.29,9030100
2025-12-18T15:00:00Z,13.28,13.39,13.27,13.35,2347200
2025-12-18T16:00:00Z,13.36,13.4,13.33,13.39,2036600
2025-12-18T17:00:00Z,13.39,13.4,13.26,13.36,2872500
2025-12-18T18:00:00Z,13.36,13.39,13.34,13.37,2022700
2025-12-18T19:00:00Z,13.37,13.37,13.26,13.3,2972100
2025-12-18T20:00:00Z,13.3,13.38,13.26,13.36,6291300
2025-12-19T13:00:00Z,13.22,13.42,13.21,13.38,3508500
2025-12-19T14:00:00Z,13.38,13.45,13.32,13.38,6818400
2025-12-19T15:00:00Z,13.38,13.44,13.37,13.39,1979200
2025-12-19T16:00:00Z,13.39,13.43,13.38,13.4,2778600
2025-12-19T17:00:00Z,13.41,13.43,13.4,13.41,3358200
2025-12-19T18:00:00Z,13.4,13.41,13.36,13.39,2265500
2025-12-19T19:00:00Z,13.38,13.39,13.36,13.38,2327300
2025-12-19T20:00:00Z,13.37,13.41,13.36,13.39,4740100
2025-12-22T13:00:00Z,13.39,13.45,13.26,13.36,1932100
2025-12-22T14:00:00Z,13.36,13.41,13.2,13.23,3624600
2025-12-22T15:00:00Z,13.23,13.31,13.23,13.28,2383500
2025-12-22T16:00:00Z,13.27,13.29,13.21,13.25,2068800
2025-12-22T17:00:00Z,13.25,13.28,13.23,13.25,1838500
2025-12-22T18:00:00Z,13.26,13.3,13.19,13.28,2444500
2025-12-22T19:00:00Z,13.26,13.29,13.25,13.28,1858700
2025-12-22T20:00:00Z,13.28,13.29,13.2,13.21,3870600
2025-12-23T13:00:00Z,13.28,13.39,13.24,13.29,1219200
2025-12-23T14:00:00Z,13.3,13.39,13.26,13.37,6104900
2025-12-23T15:00:00Z,13.37,13.56,13.37,13.5,3797800
2025-12-23T16:00:00Z,13.5,13.58,13.5,13.53,1098500
2025-12-23T17:00:00Z,13.53,13.56,13.48,13.54,2036900
2025-12-23T18:00:00Z,13.54,13.57,13.52,13.54,1760600
2025-12-23T19:00:00Z,13.55,13.63,13.54,13.58,3206000
2025-12-23T20:00:00Z,13.57,13.6,13.54,13.57,4029100
2025-12-26T13:00:00Z,13.53,13.56,13.41,13.43,1025000
2025-12-26T14:00:00Z,13.42,13.59,13.42,13.52,3943800
2025-12-26T15:00:00Z,13.53,13.63,13.52,13.62,2416300
2025-12-26T16:00:00Z,13.62,13.63,13.59,13.62,7571900
2025-12-26T17:00:00Z,13.62,13.73,13.6,13.7,1860500
2025-12-26T18:00:00Z,13.7,13.8,13.7,13.79,1715900
2025-12-26T19:00:00Z,13.79,13.82,13.75,13.8,2013500
2025-12-26T20:00:00Z,13.8,13.83,13.75,13.78,2548200
2025-12-29T13:00:00Z,13.59,13.78,13.59,13.77,2609600
2025-12-29T14:00:00Z,13.77,13.82,13.74,13.8,2455200
2025-12-29T15:00:00Z,13.8,13.83,13.69,13.74,2810000
2025-12-29T16:00:00Z,13.74,13.81,13.67,13.77,2382000
2025-12-29T17:00:00Z,13.76,13.8,13.71,13.73,2356000
2025-12-29T18:00:00Z,13.73,13.75,13.69,13.71,1785000
2025-12-29T19:00:00Z,13.71,13.77,13.71,13.77,2546400
2025-12-29T20:00:00Z,13.77,13.79,13.71,13.75,2882900
2025-12-30T13:00:00Z,13.83,13.98,13.82,13.9,1260000
2025-12-30T14:00:00Z,13.89,14,13.89,13.93,1489400
2025-12-30T15:00:00Z,13.93,14,13.91,13.99,6192300
2025-12-30T16:00:00Z,13.99,14.04,13.95,13.96,3247700
2025-12-30T17:00:00Z,13.96,14.03,13.94,14.01,2299600
2025-12-30T18:00:00Z,14.02,14.02,13.92,13.92,2340200
2025-12-30T19:00:00Z,13.93,13.97,13.89,13.95,2296200
2025-12-30T20:00:00Z,13.95,13.95,13.89,13.95,2747300
2026-01-02T13:00:00Z,13.59,13.72,13.58,13.62,2577400
2026-01-02T14:00:00Z,13.61,13.67,13.56,13.58,2635100
2026-01-02T15:00:00Z,13.58,13.62,13.44,13.45,2673400
2026-01-02T16:00:00Z,13.45,13.47,13.37,13.38,1985000
2026-01-02T17:00:00Z,13.39,13.42,13.36,13.4,2865600
2026-01-02T18:00:00Z,13.4,13.44,13.36,13.39,2448600
2026-01-02T19:00:00Z,13.4,13.43,13.36,13.41,2464100
2026-01-02T20:00:00Z,13.4,13.41,13.35,13.37,3054800
2026-01-05T13:00:00Z,13.5,13.6,13.49,13.6,1688600
2026-01-05T14:00:00Z,13.6,13.81,13.55,13.59,3517900
2026-01-05T15:00:00Z,13.58,13.8,13.58,13.8,2261000
2026-01-05T16:00:00Z,13.79,13.85,13.75,13.84,1994300
2026-01-05T17:00:00Z,13.84,13.97,13.82,13.96,2866200
2026-01-05T18:00:00Z,13.96,14.02,13.92,14.02,2497900
2026-01-05T19:00:00Z,14.02,14.04,13.98,14,2780800
2026-01-05T20:00:00Z,14,14.02,13.96,14,4434100
2026-01-06T13:00:00Z,14.05,14.48,14.02,14.34,4218400
2026-01-06T14:00:00Z,14.34,14.47,14.29,14.42,4122700
2026-01-06T15:00:00Z,14.42,14.48,14.37,14.4,3124100
2026-01-06T16:00:00Z,14.4,14.43,14.36,14.41,2361100
2026-01-06T17:00:00Z,14.4,14.47,14.39,14.44,2131400
2026-01-06T18:00:00Z,14.43,14.52,14.4,14.52,3711500
2026-01-06T19:00:00Z,14.52,14.52,14.44,14.49,3468600
2026-01-06T20:00:00Z,14.49,14.57,14.48,14.51,4148900
2026-01-07T13:00:00Z,14.49,14.61,14.41,14.42,4434000
2026-01-07T14:00:00Z,14.43,14.44,14.23,14.27,5370600
2026-01-07T15:00:00Z,14.27,14.27,14.14,14.16,2762700
2026-01-07T16:00:00Z,14.16,14.2,14.14,14.19,2215500
2026-01-07T17:00:00Z,14.19,14.21,14.11,14.11,2131000
2026-01-07T18:00:00Z,14.11,14.27,14.1,14.26,2650900
2026-01-07T19:00:00Z,14.25,14.26,14.22,14.24,1769300
2026-01-07T20:00:00Z,14.23,14.27,14.19,14.21,3162600
2026-01-08T13:00:00Z,14.36,14.43,14.21,14.3,3834200
2026-01-08T14:00:00Z,14.3,14.42,14.23,14.31,45763500
2026-01-08T15:00:00Z,14.31,14.37,14.17,14.2,3481200
2026-01-08T16:00:00Z,14.19,14.21,14.12,14.15,1908200
2026-01-08T17:00:00Z,14.14,14.27,14.13,14.27,4220400
2026-01-08T18:00:00Z,14.26,14.35,14.2,14.29,2901300
2026-01-08T19:00:00Z,14.29,14.41,14.28,14.38,3713300
2026-01-08T20:00:00Z,14.36,14.41,14.31,14.35,3519200
2026-01-09T13:00:00Z,14.4,14.77,14.35,14.71,7211100
2026-01-09T14:00:00Z,14.72,14.81,14.67,14.7,6987300
2026-01-09T15:00:00Z,14.7,14.76,14.65,14.71,4885400
2026-01-09T16:00:00Z,14.71,14.73,14.65,14.7,3398400
2026-01-09T17:00:00Z,14.7,14.72,14.61,14.61,4084400
2026-01-09T18:00:00Z,14.62,14.66,14.58,14.58,5179000
2026-01-09T19:00:00Z,14.58,14.59,14.44,14.49,7677900
2026-01-09T20:00:00Z,14.49,14.6,14.47,14.49,7524200
2026-01-12T13:00:00Z,14.44,14.52,14.32,14.36,2829600
2026-01-12T14:00:00Z,14.35,14.5,14.29,14.46,5386800
2026-01-12T15:00:00Z,14.46,14.57,14.44,14.53,3165400
2026-01-12T16:00:00Z,14.54,14.64,14.54,14.57,3702300
2026-01-12T17:00:00Z,14.57,14.6,14.52,14.53,3856300
2026-01-12T18:00:00Z,14.53,14.57,14.49,14.52,2747300
2026-01-12T19:00:00Z,14.52,14.53,14.47,14.51,3165700
2026-01-12T20:00:00Z,14.51,14.51,14.44,14.5,2608700
2026-01-13T13:00:00Z,14.36,14.44,14.3,14.4,2139300
2026-01-13T14:00:00Z,14.39,14.45,14.3,14.37,3333400
2026-01-13T15:00:00Z,14.38,14.38,14.23,14.27,2553500
2026-01-13T16:00:00Z,14.29,14.33,14.27,14.31,1310200
2026-01-13T17:00:00Z,14.31,14.39,14.3,14.31,2253900
2026-01-13T18:00:00Z,14.31,14.36,14.28,14.35,3193100
2026-01-13T19:00:00Z,14.34,14.36,14.29,14.34,4215200
2026-01-13T20:00:00Z,14.34,14.4,14.34,14.35,3184300
2026-01-14T13:00:00Z,14.42,14.68,14.41,14.49,4650500
2026-01-14T14:00:00Z,14.48,14.64,14.31,14.53,6769800
2026-01-14T15:00:00Z,14.53,14.6,14.52,14.58,3748800
2026-01-14T16:00:00Z,14.57,14.69,14.56,14.62,3680000
2026-01-14T17:00:00Z,14.62,14.62,14.55,14.59,3925200
2026-01-14T18:00:00Z,14.59,14.69,14.58,14.69,2369600
2026-01-14T19:00:00Z,14.69,14.78,14.64,14.77,4386600
2026-01-14T20:00:00Z,14.75,14.77,14.64,14.75,8591200
2026-01-15T13:00:00Z,14.79,14.99,14.63,14.9,2685600
2026-01-15T14:00:00Z,14.9,15.03,14.87,14.97,5306000
2026-01-15T15:00:00Z,14.97,15.05,14.91,14.97,5904300
2026-01-15T16:00:00Z,14.96,15.08,14.94,15.07,5435000
2026-01-15T17:00:00Z,15.06,15.09,15.02,15.05,8689000
2026-01-15T18:00:00Z,15.06,15.2,15.05,15.18,5032800
2026-01-15T19:00:00Z,15.19,15.19,15.09,15.12,5443300
2026-01-15T20:00:00Z,15.11,15.14,15.08,15.11,6376100
2026-01-16T13:00:00Z,15,15.3,15,15.17,2321700
2026-01-16T14:00:00Z,15.17,15.23,15.08,15.15,2869900
2026-01-16T15:00:00Z,15.15,15.19,15.06,15.14,2538800
2026-01-16T16:00:00Z,15.13,15.2,15.07,15.13,9816900
2026-01-16T17:00:00Z,15.14,15.22,15.13,15.17,3133200
2026-01-16T18:00:00Z,15.17,15.31,15.16,15.28,5547000
2026-01-16T19:00:00Z,15.28,15.3,15.19,15.24,8683500
2026-01-16T20:00:00Z,15.24,15.3,15.18,15.21,5460600
2026-01-19T13:00:00Z,15.18,15.27,15.02,15.04,2617400
2026-01-19T14:00:00Z,15.04,15.1,14.93,15.03,2773600
2026-01-19T15:00:00Z,15.04,15.04,14.97,15.02,2610700
2026-01-19T16:00:00Z,15.02,15.18,15.01,15.18,1616600
2026-01-19T17:00:00Z,15.18,15.18,15.1,15.12,1572300
2026-01-19T18:00:00Z,15.12,15.13,15.04,15.07,1246800
2026-01-19T19:00:00Z,15.07,15.1,15.05,15.06,1421700
2026-01-19T20:00:00Z,15.05,15.19,15.05,15.12,1953200
2026-01-20T13:00:00Z,15.06,15.06,14.79,14.95,3767200
2026-01-20T14:00:00Z,14.95,15.22,14.95,15.1,4543500
2026-01-20T15:00:00Z,15.1,15.17,15.05,15.14,19746100
2026-01-20T16:00:00Z,15.14,15.14,14.85,14.87,22825000
2026-01-20T17:00:00Z,14.86,14.96,14.77,14.82,9898600
2026-01-20T18:00:00Z,14.82,14.83,14.51,14.54,16914600
2026-01-20T19:00:00Z,14.54,14.65,14.44,14.63,33440200
2026-01-20T20:00:00Z,14.63,14.72,14.58,14.69,11426500
2026-01-21T13:00:00Z,15,15.04,14.86,14.97,8552300
2026-01-21T14:00:00Z,14.96,15.09,14.87,15,9122900
2026-01-21T15:00:00Z,15,15.29,14.9,15.28,8471500
2026-01-21T16:00:00Z,15.27,15.29,15.17,15.21,6390300
2026-01-21T17:00:00Z,15.21,15.28,15.18,15.26,6770600
2026-01-21T18:00:00Z,15.26,15.39,15.18,15.38,10606800
2026-01-21T19:00:00Z,15.38,15.55,15.33,15.55,11643400
2026-01-21T20:00:00Z,15.54,15.66,15.41,15.51,15637000
2026-01-22T13:00:00Z,15.6,15.77,15.29,15.35,6660300
2026-01-22T14:00:00Z,15.35,15.7,15.35,15.58,8253100
2026-01-22T15:00:00Z,15.58,15.99,15.57,15.82,7702300
2026-01-22T16:00:00Z,15.84,15.85,15.62,15.65,7657600
2026-01-22T17:00:00Z,15.65,15.75,15.55,15.63,7533900
2026-01-22T18:00:00Z,15.63,15.74,15.6,15.65,4395200
2026-01-22T19:00:00Z,15.65,15.69,15.56,15.63,4500200
2026-01-22T20:00:00Z,15.62,15.68,15.58,15.66,4974000
2026-01-23T13:00:00Z,15.66,15.72,15.36,15.4,4137300
2026-01-23T14:00:00Z,15.39,15.45,15.33,15.43,6317200
2026-01-23T15:00:00Z,15.43,15.7,15.38,15.67,5822100
2026-01-23T16:00:00Z,15.67,15.74,15.59,15.69,2549800
2026-01-23T17:00:00Z,15.69,15.7,15.61,15.66,2929700
2026-01-23T18:00:00Z,15.65,15.7,15.58,15.67,4072400
2026-01-23T19:00:00Z,15.67,15.81,15.67,15.76,4056900
2026-01-23T20:00:00Z,15.76,16.14,15.72,15.84,12924500
2026-01-26T13:00:00Z,15.87,15.91,15.37,15.39,7419500
2026-01-26T14:00:00Z,15.37,15.83,15.35,15.62,10624600
2026-01-26T15:00:00Z,15.62,15.74,15.58,15.7,2881900
2026-01-26T16:00:00Z,15.7,15.78,15.66,15.71,2261900
2026-01-26T17:00:00Z,15.72,15.85,15.71,15.8,2873800
2026-01-26T18:00:00Z,15.78,15.84,15.7,15.75,3098700
2026-01-26T19:00:00Z,15.76,15.76,15.65,15.69,3110000
2026-01-26T20:00:00Z,15.7,15.8,15.68,15.7,4690900
2026-01-27T13:00:00Z,15.85,16.1,15.79,15.95,8084400
2026-01-27T14:00:00Z,15.96,16.1,15.93,16.1,4576500
2026-01-27T15:00:00Z,16.09,16.12,16.01,16.03,4199500
2026-01-27T16:00:00Z,16.03,16.25,15.96,16.17,8676800
2026-01-27T17:00:00Z,16.17,16.22,16.07,16.1,3810000
2026-01-27T18:00:00Z,16.09,16.22,16.02,16.17,5359800
2026-01-27T19:00:00Z,16.17,16.19,16.12,16.15,3821900
2026-01-27T20:00:00Z,16.15,16.24,16.07,16.08,7409200
2026-01-28T13:00:00Z,16.24,16.41,16.06,16.38,3972100
2026-01-28T14:00:00Z,16.38,16.44,16.25,16.29,5153700
2026-01-28T15:00:00Z,16.3,16.4,16.17,16.27,6407700
2026-01-28T16:00:00Z,16.27,16.34,16.2,16.32,3959000
2026-01-28T17:00:00Z,16.32,16.38,16.28,16.35,2725300
2026-01-28T18:00:00Z,16.36,16.46,16.3,16.36,5138300
2026-01-28T19:00:00Z,16.36,16.44,16.27,16.39,9884300
2026-01-28T20:00:00Z,16.4,16.6,16.39,16.54,7924600
2026-01-29T13:00:00Z,16.64,16.82,16.6,16.69,3693000
2026-01-29T14:00:00Z,16.69,16.75,16.45,16.54,5368500
2026-01-29T15:00:00Z,16.54,16.58,16.22,16.24,8879900
2026-01-29T16:00:00Z,16.24,16.39,16.24,16.27,3145200
2026-01-29T17:00:00Z,16.27,16.42,16.23,16.3,2892000
2026-01-29T18:00:00Z,16.31,16.62,16.28,16.58,18676400
2026-01-29T19:00:00Z,16.59,16.82,16.48,16.63,47847000
2026-01-29T20:00:00Z,16.63,16.8,16.57,16.66,22543700
2026-01-30T13:00:00Z,16.68,16.9,16.5,16.72,6293300
2026-01-30T14:00:00Z,16.71,16.8,16.42,16.5,9862900
2026-01-30T15:00:00Z,16.5,16.55,16.43,16.46,4749300
2026-01-30T16:00:00Z,16.46,16.47,16.27,16.3,3887400
2026-01-30T17:00:00Z,16.3,16.34,16.18,16.2,5648300
2026-01-30T18:00:00Z,16.2,16.25,16.04,16.2,4889600
2026-01-30T19:00:00Z,16.2,16.26,16.15,16.19,6238800
2026-01-30T20:00:00Z,16.2,16.23,16.07,16.18,6845600
2026-02-02T13:00:00Z,16.26,16.59,16.24,16.57,3449300
2026-02-02T14:00:00Z,16.57,16.61,16.37,16.48,5002700
2026-02-02T15:00:00Z,16.47,16.5,16.4,16.4,3336600
2026-02-02T16:00:00Z,16.4,16.48,16.35,16.45,3935300
2026-02-02T17:00:00Z,16.45,16.46,16.32,16.38,3437500
2026-02-02T18:00:00Z,16.37,16.42,16.33,16.38,3441300
2026-02-02T19:00:00Z,16.39,16.39,16.3,16.36,3244800
2026-02-02T20:00:00Z,16.36,16.44,16.34,16.34,6826200
2026-02-03T13:00:00Z,16.59,16.78,16.52,16.75,2942600
2026-02-03T14:00:00Z,16.74,16.76,16.62,16.68,5870800
2026-02-03T15:00:00Z,16.69,16.69,16.58,16.63,5081600
2026-02-03T16:00:00Z,16.63,16.63,16.42,16.43,2404600
2026-02-03T17:00:00Z,16.44,16.45,16.25,16.31,4240700
2026-02-03T18:00:00Z,16.31,16.41,16.25,16.36,4510600
2026-02-03T19:00:00Z,16.37,16.48,16.34,16.4,6186100
2026-02-03T20:00:00Z,16.39,16.52,16.37,16.45,5768500
2026-02-04T13:00:00Z,16.32,16.44,16.28,16.28,1905700
2026-02-04T14:00:00Z,16.3,16.33,16.13,16.15,1232900
2026-02-04T15:00:00Z,16.15,16.27,16.1,16.19,3147200
2026-02-04T16:00:00Z,16.2,16.21,16,16.06,2560300
2026-02-04T17:00:00Z,16.06,16.06,15.74,15.8,6280200
2026-02-04T18:00:00Z,15.81,15.83,15.65,15.69,3781000
2026-02-04T19:00:00Z,15.68,15.79,15.65,15.77,6057700
2026-02-04T20:00:00Z,15.76,15.85,15.72,15.73,6484500
2026-02-05T13:00:00Z,15.9,16.03,15.87,15.93,5312500
2026-02-05T14:00:00Z,15.95,16.15,15.95,16.03,4047900
2026-02-05T15:00:00Z,16.01,16.06,15.82,15.98,2782100
2026-02-05T16:00:00Z,15.99,16.1,15.95,16.06,3287600
2026-02-05T17:00:00Z,16.05,16.2,16,16.16,3740100
2026-02-05T18:00:00Z,16.16,16.19,16.09,16.14,11534500
2026-02-05T19:00:00Z,16.14,16.27,16.1,16.21,14006000
2026-02-05T20:00:00Z,16.22,16.28,16.13,16.2,6125200
2026-02-06T13:00:00Z,16.45,16.89,16.38,16.85,11110900
2026-02-06T14:00:00Z,16.85,17.09,16.84,16.92,17139000
2026-02-06T15:00:00Z,16.91,17.01,16.84,16.98,4185900
2026-02-06T16:00:00Z,16.97,17.07,16.95,16.96,4797400
2026-02-06T17:00:00Z,16.95,17.03,16.93,16.97,2865900
2026-02-06T18:00:00Z,16.96,17,16.9,16.94,5218200
2026-02-06T19:00:00Z,16.94,16.98,16.93,16.96,2656500
2026-02-06T20:00:00Z,16.96,17.05,16.95,17.04,9227500
2026-02-09T13:00:00Z,17.05,17.13,16.92,17.03,971300
2026-02-09T14:00:00Z,17.05,17.14,17.01,17.1,1754900
2026-02-09T15:00:00Z,17.1,17.29,17.09,17.25,2873500
2026-02-09T16:00:00Z,17.25,17.34,17.19,17.32,2555900
2026-02-09T17:00:00Z,17.32,17.47,17.32,17.43,2557400
2026-02-09T18:00:00Z,17.42,17.5,17.36,17.48,2310100
2026-02-09T19:00:00Z,17.48,17.58,17.46,17.52,2549700
2026-02-09T20:00:00Z,17.52,17.7,17.52,17.68,5711600
2026-02-10T13:00:00Z,17.32,17.43,17.08,17.24,7913400
2026-02-10T14:00:00Z,17.23,17.35,17.18,17.3,7331900
2026-02-10T15:00:00Z,17.3,17.59,17.28,17.45,6545800
2026-02-10T16:00:00Z,17.46,17.6,17.41,17.45,3514700
2026-02-10T17:00:00Z,17.44,17.51,17.39,17.49,3624800
2026-02-10T18:00:00Z,17.48,17.49,17.35,17.43,4019800
2026-02-10T19:00:00Z,17.43,17.52,17.38,17.5,12358800
2026-02-10T20:00:00Z,17.5,17.63,17.45,17.54,6584100
2026-02-11T13:00:00Z,17.6,17.68,17.43,17.44,4289400
2026-02-11T14:00:00Z,17.43,17.52,17.22,17.27,6734100
2026-02-11T15:00:00Z,17.28,17.3,17.14,17.16,2811400
2026-02-11T16:00:00Z,17.16,17.36,17.15,17.27,5490800
2026-02-11T17:00:00Z,17.27,17.35,17.21,17.28,6310600
2026-02-11T18:00:00Z,17.28,17.34,17.2,17.31,3872600
2026-02-11T19:00:00Z,17.3,17.41,17.29,17.31,4915100
2026-02-11T20:00:00Z,17.31,17.41,17.28,17.34,8490600
2026-02-12T13:00:00Z,17.19,17.31,17.11,17.18,1810200
2026-02-12T14:00:00Z,17.18,17.35,17.13,17.26,1569200
2026-02-12T15:00:00Z,17.28,17.34,17.19,17.19,2003400
2026-02-12T16:00:00Z,17.19,17.32,17.11,17.26,6552100
2026-02-12T17:00:00Z,17.25,17.39,17.18,17.35,8451100
2026-02-12T18:00:00Z,17.35,17.35,17.2,17.28,3952900
2026-02-12T19:00:00Z,17.28,17.41,17.27,17.4,3455000
2026-02-12T20:00:00Z,17.4,17.49,17.35,17.41,7712100
2026-02-13T13:00:00Z,17.18,17.55,17.11,17.31,4841500
2026-02-13T14:00:00Z,17.31,17.35,17.08,17.12,6653000
2026-02-13T15:00:00Z,17.13,17.31,17.12,17.2,3495500
2026-02-13T16:00:00Z,17.2,17.36,17.17,17.32,4609500
2026-02-13T17:00:00Z,17.32,17.52,17.32,17.52,3362500
2026-02-13T18:00:00Z,17.51,17.54,17.42,17.47,3648400
2026-02-13T19:00:00Z,17.46,17.56,17.4,17.54,3732700
2026-02-13T20:00:00Z,17.55,17.61,17.43,17.44,4673000
2026-02-18T16:00:00Z,17.48,17.75,17.46,17.53,10722600
2026-02-18T17:00:00Z,17.54,17.71,17.5,17.61,5528800
2026-02-18T18:00:00Z,17.61,17.63,17.51,17.56,5562200
2026-02-18T19:00:00Z,17.57,17.59,17.52,17.58,5523100
2026-02-18T20:00:00Z,17.58,17.62,17.55,17.57,7184600
2026-02-19T13:00:00Z,17.6,17.71,17.49,17.58,3010500
2026-02-19T14:00:00Z,17.56,17.73,17.52,17.7,5584500
2026-02-19T15:00:00Z,17.7,17.89,17.69,17.89,3318800
2026-02-19T16:00:00Z,17.88,17.95,17.81,17.93,3004500
2026-02-19T17:00:00Z,17.93,17.95,17.83,17.84,2530300
2026-02-19T18:00:00Z,17.84,17.89,17.8,17.87,4942600
2026-02-19T19:00:00Z,17.87,17.89,17.71,17.71,3084700
2026-02-19T20:00:00Z,17.71,17.73,17.67,17.68,5051400
2026-02-20T13:00:00Z,17.54,17.64,17.45,17.5,2403600
2026-02-20T14:00:00Z,17.5,17.72,17.48,17.72,2571100
2026-02-20T15:00:00Z,17.72,17.77,17.59,17.67,1742900
2026-02-20T16:00:00Z,17.67,17.83,17.64,17.8,2619100
2026-02-20T17:00:00Z,17.81,17.84,17.65,17.81,3199300
2026-02-20T18:00:00Z,17.8,17.91,17.79,17.85,2154300
2026-02-20T19:00:00Z,17.85,18.12,17.84,18.11,4542300
2026-02-20T20:00:00Z,18.11,18.19,18.05,18.09,4861800
2026-02-23T13:00:00Z,17.85,17.9,17.67,17.69,2501500
2026-02-23T14:00:00Z,17.68,17.95,17.66,17.92,4516400
2026-02-23T15:00:00Z,17.93,17.98,17.82,17.84,3807700
2026-02-23T16:00:00Z,17.84,17.9,17.77,17.81,2708600
2026-02-23T17:00:00Z,17.81,17.87,17.78,17.86,5694600
2026-02-23T18:00:00Z,17.85,17.9,17.82,17.85,1885600
2026-02-23T19:00:00Z,17.85,17.89,17.82,17.87,1878300
2026-02-23T20:00:00Z,17.87,17.94,17.83,17.9,3758500
2026-02-24T13:00:00Z,17.87,18.05,17.8,17.98,1802700
2026-02-24T14:00:00Z,17.98,18.1,17.86,18.07,4344600
2026-02-24T15:00:00Z,18.07,18.32,18.06,18.25,5074200
2026-02-24T16:00:00Z,18.24,18.3,18.14,18.15,3239700
2026-02-24T17:00:00Z,18.14,18.24,18.14,18.2,1970700
2026-02-24T18:00:00Z,18.19,18.22,18.12,18.14,2193400
2026-02-24T19:00:00Z,18.14,18.24,18.11,18.21,3031500
2026-02-24T20:00:00Z,18.21,18.23,18.06,18.18,3040300
2026-02-25T13:00:00Z,18.22,18.54,18.11,18.13,3386100
2026-02-25T14:00:00Z,18.14,18.35,18.08,18.25,3852700
2026-02-25T15:00:00Z,18.25,18.27,18.07,18.18,2222000
2026-02-25T16:00:00Z,18.17,18.2,18.09,18.14,3012500
2026-02-25T17:00:00Z,18.15,18.3,18.12,18.29,1816200
2026-02-25T18:00:00Z,18.29,18.3,18.16,18.18,2197800
2026-02-25T19:00:00Z,18.18,18.19,18.08,18.15,2653300
2026-02-25T20:00:00Z,18.15,18.23,18.1,18.21,3166900
2026-02-26T13:00:00Z,18.15,18.36,18.13,18.22,3070700
2026-02-26T14:00:00Z,18.22,18.25,18.01,18.05,1874100
2026-02-26T15:00:00Z,18.05,18.09,17.89,18,2428200
2026-02-26T16:00:00Z,18.01,18.08,17.98,17.99,1814000
2026-02-26T17:00:00Z,17.99,18.01,17.84,17.88,3432700
2026-02-26T18:00:00Z,17.88,18.02,17.85,17.99,2912200
2026-02-26T19:00:00Z,17.99,18.09,17.97,18.04,1886400
2026-02-26T20:00:00Z,18.05,18.09,17.98,17.99,2898200
2026-02-27T13:00:00Z,18.05,18.33,17.83,18.23,4019100
2026-02-27T14:00:00Z,18.23,18.36,18.02,18.08,4093200
2026-02-27T15:00:00Z,18.08,18.17,17.95,18.11,3982700
2026-02-27T16:00:00Z,18.11,18.23,18.09,18.12,3600900
2026-02-27T17:00:00Z,18.13,18.14,18.01,18.08,3970800
2026-02-27T18:00:00Z,18.08,18.15,18.06,18.14,2704000
2026-02-27T19:00:00Z,18.15,18.15,17.93,17.95,6331600
2026-02-27T20:00:00Z,17.94,18.07,17.87,17.92,3103600