time,open,high,low,close,Volume
2020-09-16T14:00:00Z,7.864,7.898,7.85,7.868,1022500
2020-09-16T15:00:00Z,7.868,7.92,7.852,7.886,914500
2020-09-16T16:00:00Z,7.89,7.906,7.866,7.896,743000
2020-09-16T17:00:00Z,7.896,7.896,7.83,7.848,955000
2020-09-16T18:00:00Z,7.85,7.888,7.826,7.836,993000
2020-09-16T19:00:00Z,7.836,7.848,7.742,7.76,2342500
2020-09-17T13:00:00Z,7.702,7.734,7.62,7.69,2562000
2020-09-17T14:00:00Z,7.69,7.87,7.69,7.79,1783000
2020-09-17T15:00:00Z,7.794,7.844,7.752,7.784,747000
2020-09-17T16:00:00Z,7.786,7.81,7.754,7.792,653000
2020-09-17T17:00:00Z,7.794,7.906,7.79,7.894,2184000
2020-09-17T18:00:00Z,7.894,7.894,7.84,7.86,889000
2020-09-17T19:00:00Z,7.864,7.864,7.83,7.856,830000
2020-09-18T13:00:00Z,7.762,7.878,7.762,7.866,1535500
2020-09-18T14:00:00Z,7.864,7.96,7.832,7.844,1754500
2020-09-18T15:00:00Z,7.85,7.878,7.78,7.794,1015000
2020-09-18T16:00:00Z,7.794,7.798,7.68,7.718,1910500
2020-09-18T17:00:00Z,7.718,7.724,7.506,7.586,2480500
2020-09-18T18:00:00Z,7.582,7.666,7.57,7.644,872000
2020-09-18T19:00:00Z,7.648,7.65,7.546,7.588,979000
2020-09-21T13:00:00Z,7.4,7.568,7.34,7.41,2889500
2020-09-21T14:00:00Z,7.412,7.412,7.248,7.29,1644000
2020-09-21T15:00:00Z,7.286,7.342,7.282,7.31,784000
2020-09-21T16:00:00Z,7.31,7.38,7.302,7.346,800000
2020-09-21T17:00:00Z,7.348,7.424,7.338,7.398,754500
2020-09-21T18:00:00Z,7.398,7.408,7.346,7.356,550500
2020-09-21T19:00:00Z,7.354,7.398,7.336,7.396,851500
2020-09-22T13:00:00Z,7.442,7.506,7.366,7.396,2238000
2020-09-22T14:00:00Z,7.402,7.42,7.306,7.31,1201000
2020-09-22T15:00:00Z,7.31,7.346,7.274,7.288,1103000
2020-09-22T16:00:00Z,7.29,7.33,7.28,7.29,594000
2020-09-22T17:00:00Z,7.292,7.348,7.282,7.346,457500
2020-09-22T18:00:00Z,7.346,7.376,7.334,7.354,612000
2020-09-22T19:00:00Z,7.35,7.35,7.32,7.332,634000
2020-09-23T13:00:00Z,7.284,7.338,7.188,7.224,1756000
2020-09-23T14:00:00Z,7.222,7.25,7.138,7.176,1172000
2020-09-23T15:00:00Z,7.176,7.198,7.108,7.116,888000
2020-09-23T16:00:00Z,7.116,7.232,7.11,7.218,1178500
2020-09-23T17:00:00Z,7.214,7.214,7.128,7.138,784000
2020-09-23T18:00:00Z,7.138,7.146,7.028,7.046,1632500
2020-09-23T19:00:00Z,7.046,7.064,6.96,6.962,2292000
2020-09-24T13:00:00Z,6.97,7.1,6.864,7.088,3441000
2020-09-24T14:00:00Z,7.084,7.248,7.084,7.238,3126000
2020-09-24T15:00:00Z,7.234,7.3,7.16,7.266,2180500
2020-09-24T16:00:00Z,7.266,7.352,7.262,7.338,1416000
2020-09-24T17:00:00Z,7.34,7.434,7.336,7.394,1939500
2020-09-24T18:00:00Z,7.39,7.4,7.324,7.352,1530000
2020-09-24T19:00:00Z,7.348,7.4,7.272,7.338,1699500
2020-09-25T13:00:00Z,7.266,7.266,7.026,7.1,2976000
2020-09-25T14:00:00Z,7.098,7.154,7.004,7.03,2126000
2020-09-25T15:00:00Z,7.036,7.09,7.01,7.04,1246500
2020-09-25T16:00:00Z,7.042,7.09,7.028,7.068,954500
2020-09-25T17:00:00Z,7.07,7.12,7.06,7.092,1133500
2020-09-25T18:00:00Z,7.092,7.14,7.084,7.11,1190500
2020-09-25T19:00:00Z,7.11,7.124,7.088,7.102,929000
2020-09-28T13:00:00Z,7.256,7.296,7.168,7.196,1905000
2020-09-28T14:00:00Z,7.2,7.228,7.12,7.142,1077500
2020-09-28T15:00:00Z,7.148,7.17,7.082,7.134,735500
2020-09-28T16:00:00Z,7.14,7.17,7.03,7.078,1326500
2020-09-28T17:00:00Z,7.08,7.084,6.922,6.996,1941000
2020-09-28T18:00:00Z,7.004,7.054,7.004,7.032,669500
2020-09-28T19:00:00Z,7.032,7.038,6.954,6.968,1367500
2020-09-29T13:00:00Z,6.96,7.062,6.924,6.952,1988500
2020-09-29T14:00:00Z,6.958,7.04,6.95,6.98,1349000
2020-09-29T15:00:00Z,6.984,6.986,6.864,6.902,1810000
2020-09-29T16:00:00Z,6.902,6.936,6.824,6.864,1149500
2020-09-29T17:00:00Z,6.868,6.884,6.83,6.864,956500
2020-09-29T18:00:00Z,6.864,6.932,6.852,6.904,1233500
2020-09-29T19:00:00Z,6.906,6.95,6.858,6.862,1538500
2020-09-30T13:00:00Z,6.9,7.02,6.872,7,1512000
2020-09-30T14:00:00Z,7,7.09,6.99,7.044,2112000
2020-09-30T15:00:00Z,7.046,7.068,6.992,7.044,610500
2020-09-30T16:00:00Z,7.044,7.068,6.962,6.98,618500
2020-09-30T17:00:00Z,6.98,7.02,6.93,6.976,693000
2020-09-30T18:00:00Z,6.978,7.044,6.946,6.952,846000
2020-09-30T19:00:00Z,6.95,6.99,6.93,6.99,861000
2020-10-01T13:00:00Z,6.872,6.988,6.846,6.862,1885000
2020-10-01T14:00:00Z,6.862,6.862,6.776,6.838,1752000
2020-10-01T15:00:00Z,6.84,6.892,6.798,6.842,1250000
2020-10-01T16:00:00Z,6.846,6.876,6.828,6.856,850000
2020-10-01T17:00:00Z,6.856,7.064,6.854,7.06,1966000
2020-10-01T18:00:00Z,7.062,7.12,6.982,7.094,1828000
2020-10-01T19:00:00Z,7.094,7.14,7.064,7.13,1315500
2020-10-02T13:00:00Z,6.966,7,6.884,6.912,2437500
2020-10-02T14:00:00Z,6.914,6.98,6.908,6.944,633500
2020-10-02T15:00:00Z,6.938,6.972,6.862,6.868,1252500
2020-10-02T16:00:00Z,6.866,6.92,6.854,6.892,891500
2020-10-02T17:00:00Z,6.896,6.908,6.834,6.87,1087000
2020-10-02T18:00:00Z,6.868,6.9,6.86,6.878,965500
2020-10-02T19:00:00Z,6.872,6.888,6.84,6.852,1494500
2020-10-05T13:00:00Z,7.01,7.01,6.91,6.932,2351000
2020-10-05T14:00:00Z,6.936,7.052,6.936,7.022,2266500
2020-10-05T15:00:00Z,7.024,7.13,6.992,7.122,2606500
2020-10-05T16:00:00Z,7.12,7.194,7.096,7.186,1740500
2020-10-05T17:00:00Z,7.19,7.29,7.182,7.244,2453000
2020-10-05T18:00:00Z,7.242,7.328,7.196,7.264,2358000
2020-10-05T19:00:00Z,7.272,7.33,7.254,7.29,2026500
2020-10-06T13:00:00Z,7.422,7.508,7.352,7.4,5512500
2020-10-06T14:00:00Z,7.4,7.436,7.228,7.266,3669500
2020-10-06T15:00:00Z,7.266,7.32,7.23,7.272,1272000
2020-10-06T16:00:00Z,7.272,7.29,7.2,7.262,1648000
2020-10-06T17:00:00Z,7.262,7.266,7.222,7.246,715000
2020-10-06T18:00:00Z,7.248,7.278,7.164,7.182,1537500
2020-10-06T19:00:00Z,7.18,7.242,7.12,7.122,2765500
2020-10-07T13:00:00Z,7.186,7.2,7.068,7.112,1995000
2020-10-07T14:00:00Z,7.116,7.118,7.006,7.062,1496000
2020-10-07T15:00:00Z,7.066,7.32,7.06,7.282,5145000
2020-10-07T16:00:00Z,7.286,7.364,7.24,7.26,1991500
2020-10-07T17:00:00Z,7.262,7.348,7.224,7.316,1502500
2020-10-07T18:00:00Z,7.316,7.398,7.27,7.364,2091000
2020-10-07T19:00:00Z,7.362,7.39,7.312,7.33,1184500
2020-10-08T13:00:00Z,7.44,7.488,7.228,7.252,4678000
2020-10-08T14:00:00Z,7.252,7.334,7.178,7.22,3623500
2020-10-08T15:00:00Z,7.222,7.27,7.182,7.234,1431500
2020-10-08T16:00:00Z,7.23,7.25,7.186,7.228,1264500
2020-10-08T17:00:00Z,7.222,7.276,7.204,7.254,1341500
2020-10-08T18:00:00Z,7.254,7.37,7.242,7.34,2788500
2020-10-08T19:00:00Z,7.34,7.364,7.242,7.25,1453000
2020-10-09T13:00:00Z,7.22,7.3,7.164,7.184,1901000
2020-10-09T14:00:00Z,7.184,7.27,7.142,7.26,1953500
2020-10-09T15:00:00Z,7.258,7.288,7.216,7.254,1008500
2020-10-09T16:00:00Z,7.256,7.258,7.192,7.216,557500
2020-10-09T17:00:00Z,7.216,7.23,7.158,7.19,890000
2020-10-09T18:00:00Z,7.19,7.204,7.122,7.15,1176500
2020-10-09T19:00:00Z,7.15,7.17,7.132,7.146,951000
2020-10-13T13:00:00Z,7.13,7.26,7.032,7.076,2489000
2020-10-13T14:00:00Z,7.08,7.116,7,7.014,1828000
2020-10-13T15:00:00Z,7.008,7.036,6.962,6.978,1428500
2020-10-13T16:00:00Z,6.978,7.084,6.978,7.076,1304500
2020-10-13T17:00:00Z,7.076,7.152,7.062,7.064,2102000
2020-10-13T18:00:00Z,7.066,7.12,7.046,7.082,1312000
2020-10-13T19:00:00Z,7.082,7.12,7.082,7.11,992500
2020-10-14T13:00:00Z,7.116,7.218,7.094,7.154,1786000
2020-10-14T14:00:00Z,7.154,7.416,7.12,7.372,4854500
2020-10-14T15:00:00Z,7.372,7.574,7.346,7.502,4992500
2020-10-14T16:00:00Z,7.494,7.606,7.48,7.594,3131000
2020-10-14T17:00:00Z,7.586,7.644,7.552,7.594,3606000
2020-10-14T18:00:00Z,7.596,7.686,7.574,7.662,3176000
2020-10-14T19:00:00Z,7.664,7.7,7.654,7.68,2383000
2020-10-15T13:00:00Z,7.49,7.49,7.3,7.32,7628500
2020-10-15T14:00:00Z,7.324,7.326,7.216,7.222,5109000
2020-10-15T15:00:00Z,7.224,7.318,7.222,7.266,3282500
2020-10-15T16:00:00Z,7.266,7.27,7.202,7.232,3078000
2020-10-15T17:00:00Z,7.232,7.276,7.22,7.242,2793500
2020-10-15T18:00:00Z,7.244,7.27,7.236,7.25,1826500
2020-10-15T19:00:00Z,7.248,7.308,7.23,7.266,3388500
2020-10-16T13:00:00Z,7.272,7.286,7.148,7.184,2914500
2020-10-16T14:00:00Z,7.188,7.21,7.15,7.178,1301500
2020-10-16T15:00:00Z,7.178,7.194,7.156,7.172,778000
2020-10-16T16:00:00Z,7.172,7.196,7.158,7.194,807000
2020-10-16T17:00:00Z,7.192,7.212,7.18,7.184,789000
2020-10-16T18:00:00Z,7.182,7.182,7.07,7.076,2899500
2020-10-16T19:00:00Z,7.076,7.098,7.052,7.098,1789000
2020-10-19T13:00:00Z,7.134,7.278,7.104,7.262,3172500
2020-10-19T14:00:00Z,7.266,7.462,7.246,7.424,6246000
2020-10-19T15:00:00Z,7.42,7.46,7.382,7.41,2369000
2020-10-19T16:00:00Z,7.404,7.42,7.324,7.342,1762000
2020-10-19T17:00:00Z,7.344,7.346,7.24,7.268,2160500
2020-10-19T18:00:00Z,7.264,7.29,7.164,7.164,1679000
2020-10-19T19:00:00Z,7.168,7.212,7.154,7.21,1162500
2020-10-20T13:00:00Z,7.232,7.278,7.144,7.19,1704500
2020-10-20T14:00:00Z,7.188,7.23,7.156,7.174,1187000
2020-10-20T15:00:00Z,7.172,7.192,7.16,7.18,662500
2020-10-20T16:00:00Z,7.178,7.194,7.158,7.19,1358000
2020-10-20T17:00:00Z,7.19,7.198,7.166,7.178,1387000
2020-10-20T18:00:00Z,7.178,7.196,7.164,7.186,1160000
2020-10-20T19:00:00Z,7.188,7.192,7.11,7.152,2457500
2020-10-21T13:00:00Z,7.12,7.18,7.096,7.144,2380000
2020-10-21T14:00:00Z,7.15,7.326,7.15,7.21,3329000
2020-10-21T15:00:00Z,7.206,7.232,7.138,7.174,1086500
2020-10-21T16:00:00Z,7.174,7.234,7.152,7.158,833000
2020-10-21T17:00:00Z,7.16,7.176,7.14,7.17,582500
2020-10-21T18:00:00Z,7.172,7.19,7.16,7.17,489500
2020-10-21T19:00:00Z,7.166,7.19,7.15,7.172,1201500
2020-10-22T13:00:00Z,7.182,7.388,7.16,7.38,4432500
2020-10-22T14:00:00Z,7.382,7.434,7.322,7.404,4506500
2020-10-22T15:00:00Z,7.4,7.49,7.37,7.462,3805500
2020-10-22T16:00:00Z,7.462,7.614,7.452,7.584,4604000
2020-10-22T17:00:00Z,7.586,7.602,7.492,7.504,2229500
2020-10-22T18:00:00Z,7.502,7.574,7.49,7.542,2232500
2020-10-22T19:00:00Z,7.548,7.61,7.54,7.55,2633500
2020-10-23T13:00:00Z,7.56,7.63,7.364,7.39,4768500
2020-10-23T14:00:00Z,7.388,7.394,7.284,7.306,3754000
2020-10-23T15:00:00Z,7.304,7.32,7.26,7.3,1635500
2020-10-23T16:00:00Z,7.3,7.324,7.27,7.278,1260500
2020-10-23T17:00:00Z,7.28,7.316,7.244,7.26,1749000
2020-10-23T18:00:00Z,7.262,7.298,7.234,7.258,1682500
2020-10-23T19:00:00Z,7.26,7.28,7.25,7.27,1675500
2020-10-26T13:00:00Z,7.2,7.23,7.15,7.208,2459000
2020-10-26T14:00:00Z,7.202,7.22,7.106,7.118,2434500
2020-10-26T15:00:00Z,7.118,7.166,7.076,7.136,1757500
2020-10-26T16:00:00Z,7.136,7.164,7.07,7.088,1135000
2020-10-26T17:00:00Z,7.088,7.094,7,7.072,1713500
2020-10-26T18:00:00Z,7.072,7.09,7.034,7.058,760000
2020-10-26T19:00:00Z,7.056,7.084,7.04,7.072,1183000
2020-10-27T13:00:00Z,7.136,7.17,6.922,6.988,3867000
2020-10-27T14:00:00Z,6.994,7.012,6.964,6.986,1313000
2020-10-27T15:00:00Z,6.982,6.998,6.964,6.978,837500
2020-10-27T16:00:00Z,6.978,6.988,6.95,6.982,730000
2020-10-27T17:00:00Z,6.984,7.038,6.966,7.006,1008000
2020-10-27T18:00:00Z,7.002,7.02,6.952,6.956,1101000
2020-10-27T19:00:00Z,6.958,6.968,6.934,6.934,1208000
2020-10-28T13:00:00Z,6.6,6.72,6.502,6.57,7419500
2020-10-28T14:00:00Z,6.57,6.588,6.52,6.55,3155500
2020-10-28T15:00:00Z,6.552,6.636,6.546,6.624,1799500
2020-10-28T16:00:00Z,6.626,6.634,6.576,6.586,1014000
2020-10-28T17:00:00Z,6.584,6.592,6.546,6.592,1283000
2020-10-28T18:00:00Z,6.59,6.598,6.55,6.58,1090000
2020-10-28T19:00:00Z,6.58,6.582,6.402,6.428,3992000
2020-10-29T13:00:00Z,6.296,6.334,6.112,6.322,5883500
2020-10-29T14:00:00Z,6.33,6.536,6.296,6.492,4105500
2020-10-29T15:00:00Z,6.498,6.524,6.35,6.434,2595000
2020-10-29T16:00:00Z,6.438,6.52,6.416,6.5,1548500
2020-10-29T17:00:00Z,6.502,6.636,6.454,6.636,1677500
2020-10-29T18:00:00Z,6.634,6.64,6.532,6.556,1163000
2020-10-29T19:00:00Z,6.56,6.604,6.52,6.598,1516500
2020-10-30T13:00:00Z,6.558,6.564,6.4,6.496,2207000
2020-10-30T14:00:00Z,6.49,6.56,6.346,6.352,2252000
2020-10-30T15:00:00Z,6.35,6.42,6.312,6.36,1834000
2020-10-30T16:00:00Z,6.36,6.406,6.32,6.32,1347500
2020-10-30T17:00:00Z,6.316,6.342,6.274,6.302,1184000
2020-10-30T18:00:00Z,6.3,6.33,6.248,6.256,1843000
2020-10-30T19:00:00Z,6.26,6.266,6.21,6.232,1485000
2020-11-03T13:00:00Z,6.608,6.608,6.44,6.47,4282000
2020-11-03T14:00:00Z,6.472,6.518,6.448,6.47,1342500
2020-11-03T15:00:00Z,6.466,6.494,6.366,6.426,2005000
2020-11-03T16:00:00Z,6.422,6.434,6.328,6.366,1178500
2020-11-03T17:00:00Z,6.362,6.43,6.354,6.42,1077500
2020-11-03T18:00:00Z,6.42,6.484,6.374,6.38,2117000
2020-11-03T19:00:00Z,6.372,6.422,6.366,6.402,1051000
2020-11-03T20:00:00Z,6.402,6.484,6.394,6.472,1054000
2020-11-04T13:00:00Z,6.558,6.602,6.438,6.46,2699500
2020-11-04T14:00:00Z,6.456,6.462,6.334,6.42,3076500
2020-11-04T15:00:00Z,6.418,6.498,6.392,6.48,1892500
2020-11-04T16:00:00Z,6.478,6.574,6.448,6.562,2188000
2020-11-04T17:00:00Z,6.562,6.568,6.504,6.532,988000
2020-11-04T18:00:00Z,6.532,6.598,6.532,6.576,1147500
2020-11-04T19:00:00Z,6.574,6.578,6.514,6.542,1344500
2020-11-04T20:00:00Z,6.544,6.55,6.424,6.44,1772500
2020-11-05T13:00:00Z,6.524,6.55,6.458,6.462,2425000
2020-11-05T14:00:00Z,6.46,6.474,6.362,6.412,2589500
2020-11-05T15:00:00Z,6.41,6.44,6.384,6.42,977500
2020-11-05T16:00:00Z,6.418,6.518,6.41,6.494,1796500
2020-11-05T17:00:00Z,6.494,6.55,6.48,6.532,1506000
2020-11-05T18:00:00Z,6.532,6.544,6.444,6.474,1503000
2020-11-05T19:00:00Z,6.48,6.528,6.45,6.518,792500
2020-11-05T20:00:00Z,6.516,6.54,6.466,6.466,1060500
2020-11-06T13:00:00Z,6.38,6.5,6.308,6.472,2680500
2020-11-06T14:00:00Z,6.474,6.738,6.46,6.724,4286500
2020-11-06T15:00:00Z,6.728,6.836,6.664,6.772,6537000
2020-11-06T16:00:00Z,6.772,6.81,6.74,6.806,2653000
2020-11-06T17:00:00Z,6.806,6.808,6.748,6.808,1660000
2020-11-06T18:00:00Z,6.81,6.82,6.766,6.806,1609500
2020-11-06T19:00:00Z,6.808,6.868,6.784,6.834,2326500
2020-11-06T20:00:00Z,6.836,6.84,6.804,6.82,1754500
2020-11-09T13:00:00Z,7.206,7.252,7.024,7.044,6283500
2020-11-09T14:00:00Z,7.044,7.046,6.862,6.862,3767000
2020-11-09T15:00:00Z,6.862,6.948,6.82,6.872,2701500
2020-11-09T16:00:00Z,6.872,6.962,6.868,6.94,2005000
2020-11-09T17:00:00Z,6.946,6.996,6.942,6.98,2313000
2020-11-09T18:00:00Z,6.98,7.064,6.97,7.052,2524000
2020-11-09T19:00:00Z,7.058,7.14,7.05,7.104,4325000
2020-11-09T20:00:00Z,7.098,7.116,7.03,7.05,3297000
2020-11-10T13:00:00Z,7.048,7.52,7,7.504,10728000
2020-11-10T14:00:00Z,7.504,7.55,7.14,7.272,9388500
2020-11-10T15:00:00Z,7.264,7.264,7.03,7.082,4601000
2020-11-10T16:00:00Z,7.086,7.1,7.01,7.088,3595000
2020-11-10T17:00:00Z,7.088,7.118,7.04,7.074,2234000
2020-11-10T18:00:00Z,7.072,7.078,6.88,6.97,4608500
2020-11-10T19:00:00Z,6.972,6.984,6.902,6.924,2824000
2020-11-10T20:00:00Z,6.92,6.948,6.884,6.9,2218000
2020-11-11T13:00:00Z,7.066,7.07,6.688,6.75,5860000
2020-11-11T14:00:00Z,6.75,6.776,6.674,6.712,4448500
2020-11-11T15:00:00Z,6.714,6.728,6.61,6.668,3370500
2020-11-11T16:00:00Z,6.668,6.684,6.62,6.678,1923500
2020-11-11T17:00:00Z,6.674,6.688,6.634,6.636,1288000
2020-11-11T18:00:00Z,6.636,6.642,6.62,6.626,1652000
2020-11-11T19:00:00Z,6.626,6.638,6.582,6.592,2511000
2020-11-11T20:00:00Z,6.59,6.69,6.59,6.66,2260500
2020-11-12T13:00:00Z,6.67,6.776,6.526,6.552,4644000
2020-11-12T14:00:00Z,6.554,6.56,6.478,6.53,3253500
2020-11-12T15:00:00Z,6.53,6.672,6.506,6.61,3124500
2020-11-12T16:00:00Z,6.61,6.668,6.56,6.624,3229500
2020-11-12T17:00:00Z,6.618,6.618,6.538,6.56,2427000
2020-11-12T18:00:00Z,6.558,6.576,6.428,6.448,3929500
2020-11-12T19:00:00Z,6.446,6.45,6.372,6.398,2656000
2020-11-12T20:00:00Z,6.392,6.428,6.386,6.41,2183000
2020-11-13T13:00:00Z,6.438,6.536,6.428,6.478,2629000
2020-11-13T14:00:00Z,6.48,6.66,6.468,6.626,3125500
2020-11-13T15:00:00Z,6.622,6.646,6.546,6.576,1953000
2020-11-13T16:00:00Z,6.576,6.656,6.574,6.654,1687500
2020-11-13T17:00:00Z,6.654,6.71,6.64,6.704,2634500
2020-11-13T18:00:00Z,6.71,6.75,6.67,6.72,2100500
2020-11-13T19:00:00Z,6.72,6.754,6.7,6.718,1257000
2020-11-13T20:00:00Z,6.716,6.808,6.716,6.8,3087500
2020-11-16T13:00:00Z,6.94,7.084,6.89,6.982,7114500
2020-11-16T14:00:00Z,6.982,7.014,6.902,6.94,5534500
2020-11-16T15:00:00Z,6.942,7.116,6.938,7.016,5059000
2020-11-16T16:00:00Z,7.014,7.032,6.956,6.984,1548500
2020-11-16T17:00:00Z,6.982,6.998,6.894,6.946,2483500
2020-11-16T18:00:00Z,6.936,7.008,6.924,6.94,1603500
2020-11-16T19:00:00Z,6.94,6.96,6.924,6.936,856500
2020-11-16T20:00:00Z,6.94,6.944,6.9,6.902,1351500
2020-11-17T13:00:00Z,6.872,6.944,6.84,6.902,1731500
2020-11-17T14:00:00Z,6.908,7.06,6.878,7.048,2876000
2020-11-17T15:00:00Z,7.044,7.192,6.996,7.162,3967500
2020-11-17T16:00:00Z,7.166,7.22,7.154,7.2,2753000
2020-11-17T17:00:00Z,7.2,7.22,7.05,7.106,3332500
2020-11-17T18:00:00Z,7.106,7.126,7.03,7.034,1893000
2020-11-17T19:00:00Z,7.032,7.142,7.032,7.11,1211000
2020-11-17T20:00:00Z,7.112,7.13,7.046,7.09,1507500
2020-11-18T13:00:00Z,7.14,7.392,7.09,7.334,6893500
2020-11-18T14:00:00Z,7.328,7.38,7.214,7.24,4912500
2020-11-18T15:00:00Z,7.236,7.288,7.132,7.188,2533500
2020-11-18T16:00:00Z,7.188,7.23,7.148,7.19,1031000
2020-11-18T17:00:00Z,7.188,7.208,7.14,7.172,940000
2020-11-18T18:00:00Z,7.17,7.196,7.136,7.148,1500500
2020-11-18T19:00:00Z,7.148,7.15,7.058,7.094,2102000
2020-11-18T20:00:00Z,7.098,7.154,7.074,7.09,1688500
2020-11-19T13:00:00Z,7.62,8.38,7.6,8.38,40301000
2020-11-19T14:00:00Z,8.32,8.696,8.202,8.674,35219000
2020-11-19T15:00:00Z,8.67,8.734,8.462,8.528,18769500
2020-11-19T16:00:00Z,8.518,8.538,8.302,8.48,12752000
2020-11-19T17:00:00Z,8.468,8.62,8.402,8.518,10653000
2020-11-19T18:00:00Z,8.524,8.734,8.518,8.686,10829000
2020-11-19T19:00:00Z,8.68,8.88,8.628,8.76,14073000
2020-11-19T20:00:00Z,8.756,9.15,8.746,9.15,14880000
2020-11-20T13:00:00Z,9,9.124,8.734,8.88,16803500
2020-11-20T14:00:00Z,8.878,8.894,8.61,8.668,14465000
2020-11-20T15:00:00Z,8.668,8.786,8.63,8.732,4699000
2020-11-20T16:00:00Z,8.726,8.73,8.5,8.5,4760000
2020-11-20T17:00:00Z,8.5,8.578,8.404,8.47,5717500
2020-11-20T18:00:00Z,8.468,8.546,8.43,8.49,3253000
2020-11-20T19:00:00Z,8.488,8.74,8.486,8.516,6855500
2020-11-20T20:00:00Z,8.516,8.65,8.508,8.566,3639500
2020-11-23T13:00:00Z,8.804,8.96,8.624,8.788,8158500
2020-11-23T14:00:00Z,8.784,8.914,8.6,8.794,7192000
2020-11-23T15:00:00Z,8.782,8.908,8.702,8.85,6782000
2020-11-23T16:00:00Z,8.86,8.86,8.704,8.736,3706000
2020-11-23T17:00:00Z,8.738,8.86,8.724,8.798,2967500
2020-11-23T18:00:00Z,8.804,9.044,8.77,9.026,5743000
2020-11-23T19:00:00Z,9.026,9.226,8.952,9.216,5845500
2020-11-23T20:00:00Z,9.21,9.38,9.206,9.236,6171500
2020-11-24T13:00:00Z,9.298,9.492,9.07,9.104,8576500
2020-11-24T14:00:00Z,9.11,9.256,9.03,9.254,4346000
2020-11-24T15:00:00Z,9.252,9.55,9.25,9.382,7810500
2020-11-24T16:00:00Z,9.394,9.454,9.37,9.388,2122500
2020-11-24T17:00:00Z,9.388,9.392,9.2,9.244,3629000
2020-11-24T18:00:00Z,9.244,9.3,9.154,9.188,2765500
2020-11-24T19:00:00Z,9.188,9.19,9.05,9.148,3685000
2020-11-24T20:00:00Z,9.148,9.148,9.02,9.054,3427000
2020-11-25T13:00:00Z,9.062,9.376,9.06,9.332,8352500
2020-11-25T14:00:00Z,9.338,9.484,9.284,9.406,7126500
2020-11-25T15:00:00Z,9.404,9.58,9.342,9.532,7303000
2020-11-25T16:00:00Z,9.538,9.636,9.516,9.598,4318500
2020-11-25T17:00:00Z,9.598,9.64,9.5,9.618,3682500
2020-11-25T18:00:00Z,9.618,9.856,9.618,9.838,5686000
2020-11-25T19:00:00Z,9.836,9.836,9.598,9.614,5181000
2020-11-25T20:00:00Z,9.614,9.674,9.51,9.53,4070500
2020-11-26T13:00:00Z,9.474,9.76,9.402,9.444,5327000
2020-11-26T14:00:00Z,9.442,9.57,9.426,9.496,2205500
2020-11-26T15:00:00Z,9.508,9.556,9.466,9.542,1518000
2020-11-26T16:00:00Z,9.544,9.55,9.446,9.476,1281500
2020-11-26T17:00:00Z,9.478,9.736,9.474,9.716,2908500
2020-11-26T18:00:00Z,9.716,9.882,9.71,9.814,5251500
2020-11-26T19:00:00Z,9.81,10.006,9.81,9.884,6199000
2020-11-26T20:00:00Z,9.892,10,9.864,9.986,2872500
2020-11-27T13:00:00Z,10.056,10.754,9.976,10.692,10315000
2020-11-27T14:00:00Z,10.692,10.696,10.46,10.52,5078500
2020-11-27T15:00:00Z,10.52,10.566,10.34,10.508,5656000
2020-11-27T16:00:00Z,10.506,10.56,10.354,10.47,4109500
2020-11-27T17:00:00Z,10.472,10.6,10.43,10.496,3533500
2020-11-27T18:00:00Z,10.496,10.512,10.42,10.468,2050000
2020-11-27T19:00:00Z,10.466,10.498,10.376,10.392,2395000
2020-11-27T20:00:00Z,10.394,10.408,10.178,10.298,3572000
2020-11-30T13:00:00Z,10.326,10.536,10.18,10.206,4559500
2020-11-30T14:00:00Z,10.204,10.288,10.066,10.098,3496000
2020-11-30T15:00:00Z,10.1,10.138,9.9,10.058,3043500
2020-11-30T16:00:00Z,10.064,10.072,9.858,9.886,2456000
2020-11-30T17:00:00Z,9.9,10.154,9.884,10.134,2629000
2020-11-30T18:00:00Z,10.132,10.132,9.954,10.008,1525500
2020-11-30T19:00:00Z,10.01,10.076,9.974,10.058,1182000
2020-11-30T20:00:00Z,10.058,10.074,9.9,9.99,1767500
2020-12-01T13:00:00Z,10.202,10.672,10.202,10.666,8570500
2020-12-01T14:00:00Z,10.66,10.662,10.5,10.552,5861500
2020-12-01T15:00:00Z,10.554,10.578,10.29,10.37,3694000
2020-12-01T16:00:00Z,10.37,10.498,10.318,10.478,2495500
2020-12-01T17:00:00Z,10.478,10.588,10.44,10.564,2151500
2020-12-01T18:00:00Z,10.566,10.626,10.506,10.608,2252500
2020-12-01T19:00:00Z,10.608,10.622,10.544,10.604,1368500
2020-12-01T20:00:00Z,10.608,10.7,10.582,10.698,2378500
2020-12-02T13:00:00Z,10.624,10.636,10.374,10.398,4466000
2020-12-02T14:00:00Z,10.388,10.5,10.35,10.42,1992000
2020-12-02T15:00:00Z,10.412,10.566,10.4,10.498,3285500
2020-12-02T16:00:00Z,10.502,10.516,10.4,10.442,2620500
2020-12-02T17:00:00Z,10.446,10.48,10.3,10.33,3040500
2020-12-02T18:00:00Z,10.326,10.344,10.172,10.206,3733000
2020-12-02T19:00:00Z,10.204,10.27,10.146,10.204,3100000
2020-12-02T20:00:00Z,10.204,10.246,10.172,10.222,2379500
2020-12-03T13:00:00Z,10.3,10.44,10.102,10.186,4604500
2020-12-03T14:00:00Z,10.188,10.22,10.122,10.168,1542500
2020-12-03T15:00:00Z,10.178,10.192,10.018,10.132,2287000
2020-12-03T16:00:00Z,10.136,10.276,10.1,10.154,2669500
2020-12-03T17:00:00Z,10.16,10.488,10.142,10.474,5081000
2020-12-03T18:00:00Z,10.474,10.52,10.366,10.462,3536000
2020-12-03T19:00:00Z,10.462,10.49,10.4,10.41,1927500
2020-12-03T20:00:00Z,10.414,10.45,10.32,10.322,2104500
2020-12-04T13:00:00Z,10.472,10.954,10.472,10.886,11419000
2020-12-04T14:00:00Z,10.886,11.248,10.866,11.23,8888000
2020-12-04T15:00:00Z,11.232,11.8,11.182,11.5,14677000
2020-12-04T16:00:00Z,11.502,11.502,11.316,11.36,6183000
2020-12-04T17:00:00Z,11.36,11.394,11.06,11.246,7250000
2020-12-04T18:00:00Z,11.248,11.478,11.218,11.344,6219000
2020-12-04T19:00:00Z,11.346,11.392,11.182,11.312,4894500
2020-12-04T20:00:00Z,11.312,11.312,11.102,11.17,4009500
2020-12-07T13:00:00Z,11.122,11.546,11.032,11.468,8278500
2020-12-07T14:00:00Z,11.466,11.468,11.12,11.16,4392500
2020-12-07T15:00:00Z,11.166,11.37,11.158,11.306,2765500
2020-12-07T16:00:00Z,11.312,11.328,11.18,11.18,1313500
2020-12-07T17:00:00Z,11.18,11.22,11.124,11.134,2262000
2020-12-07T18:00:00Z,11.142,11.2,11,11.086,2577000
2020-12-07T19:00:00Z,11.09,11.18,11.034,11.036,3224000
2020-12-07T20:00:00Z,11.042,11.072,10.882,11.026,4715500
2020-12-08T13:00:00Z,11.106,11.318,10.942,11.002,4023500
2020-12-08T14:00:00Z,11.002,11.01,10.856,10.928,2364000
2020-12-08T15:00:00Z,10.936,11.1,10.862,11.068,2806500
2020-12-08T16:00:00Z,11.068,11.12,10.906,10.93,2385000
2020-12-08T17:00:00Z,10.92,10.94,10.782,10.792,2359000
2020-12-08T18:00:00Z,10.792,10.856,10.734,10.756,1974500
2020-12-08T19:00:00Z,10.756,10.83,10.744,10.814,2013000
2020-12-08T20:00:00Z,10.812,10.84,10.792,10.8,1808500
2020-12-09T13:00:00Z,10.876,11.022,10.69,10.794,4373500
2020-12-09T14:00:00Z,10.8,10.958,10.768,10.862,2419000
2020-12-09T15:00:00Z,10.862,11.248,10.858,11.248,8284000
2020-12-09T16:00:00Z,11.248,11.298,11.034,11.266,5863000
2020-12-09T17:00:00Z,11.268,11.268,11.034,11.084,3175000
2020-12-09T18:00:00Z,11.082,11.1,10.91,10.928,2315500
2020-12-09T19:00:00Z,10.924,10.94,10.814,10.864,1829500
2020-12-09T20:00:00Z,10.87,10.91,10.84,10.894,1630500
2020-12-10T13:00:00Z,11.086,11.17,10.94,10.944,4304000
2020-12-10T14:00:00Z,10.94,11.13,10.884,11.094,5417000
2020-12-10T15:00:00Z,11.106,11.772,11.102,11.76,13883500
2020-12-10T16:00:00Z,11.766,11.78,11.448,11.474,4297000
2020-12-10T17:00:00Z,11.476,11.6,11.472,11.512,3457500
2020-12-10T18:00:00Z,11.514,11.52,11.348,11.382,2384500
2020-12-10T19:00:00Z,11.378,11.51,11.33,11.464,2815000
2020-12-10T20:00:00Z,11.48,11.584,11.474,11.502,3167000
2020-12-11T13:00:00Z,11.44,11.47,11.27,11.29,4139000
2020-12-11T14:00:00Z,11.292,11.292,11.074,11.082,4544500
2020-12-11T15:00:00Z,11.084,11.164,11.08,11.102,2301500
2020-12-11T16:00:00Z,11.1,11.104,10.946,11.002,3296000
2020-12-11T17:00:00Z,11.002,11.07,10.98,11.018,2518500
2020-12-11T18:00:00Z,11.024,11.036,10.954,11.01,1930500
2020-12-11T19:00:00Z,11.01,11.2,11,11.156,3000000
2020-12-11T20:00:00Z,11.156,11.16,11.048,11.118,2238000
2020-12-14T13:00:00Z,11.354,11.44,11.16,11.16,4425000
2020-12-14T14:00:00Z,11.162,11.2,11.014,11.03,3243000
2020-12-14T15:00:00Z,11.036,11.086,10.94,10.95,2591000
2020-12-14T16:00:00Z,10.944,11.12,10.94,11.072,1602500
2020-12-14T17:00:00Z,11.074,11.196,11.04,11.084,2362500
2020-12-14T18:00:00Z,11.082,11.15,11.022,11.092,1687500
2020-12-14T19:00:00Z,11.092,11.118,11.048,11.098,1656000
2020-12-14T20:00:00Z,11.1,11.132,11.066,11.11,3073500
2020-12-15T13:00:00Z,11.178,11.328,11.076,11.134,3584500
2020-12-15T14:00:00Z,11.132,11.436,11.088,11.326,6034000
2020-12-15T15:00:00Z,11.328,11.346,11.12,11.176,3487000
2020-12-15T16:00:00Z,11.194,11.256,11.164,11.192,1462500
2020-12-15T17:00:00Z,11.192,11.228,11.102,11.142,1920000
2020-12-15T18:00:00Z,11.14,11.17,11.1,11.138,1114500
2020-12-15T19:00:00Z,11.144,11.148,11.09,11.134,1349000
2020-12-15T20:00:00Z,11.138,11.14,11.08,11.1,1779000
2020-12-16T13:00:00Z,11.04,11.374,11.02,11.182,7550500
2020-12-16T14:00:00Z,11.18,11.2,10.836,10.936,5047500
2020-12-16T15:00:00Z,10.938,11.088,10.934,10.944,2486000
2020-12-16T16:00:00Z,10.946,11.022,10.904,10.936,1487500
2020-12-16T17:00:00Z,10.946,11.03,10.892,11.012,1618000
2020-12-16T18:00:00Z,11.016,11.3,11.008,11.244,6564000
2020-12-16T19:00:00Z,11.242,11.31,11.166,11.2,5328500
2020-12-16T20:00:00Z,11.202,11.21,11.096,11.164,3939500
2020-12-17T13:00:00Z,11.24,11.748,11.17,11.606,11522500
2020-12-17T14:00:00Z,11.61,11.712,11.44,11.454,5896000
2020-12-17T15:00:00Z,11.456,11.57,11.33,11.566,4265500
2020-12-17T16:00:00Z,11.564,11.73,11.484,11.67,5248500
2020-12-17T17:00:00Z,11.664,11.68,11.544,11.588,3432500
2020-12-17T18:00:00Z,11.584,11.584,11.442,11.484,3423500
2020-12-17T19:00:00Z,11.482,11.578,11.47,11.558,2379000
2020-12-17T20:00:00Z,11.56,11.62,11.538,11.6,2156000
2020-12-18T13:00:00Z,11.656,11.886,11.36,11.458,9181500
2020-12-18T14:00:00Z,11.454,11.53,11.382,11.426,4581500
2020-12-18T15:00:00Z,11.426,11.454,11.368,11.4,3677500
2020-12-18T16:00:00Z,11.402,11.46,11.372,11.436,3027500
2020-12-18T17:00:00Z,11.434,11.516,11.4,11.426,3940500
2020-12-18T18:00:00Z,11.426,11.43,11.38,11.418,2548500
2020-12-18T19:00:00Z,11.414,11.432,11.38,11.394,2123500
2020-12-18T20:00:00Z,11.396,11.4,11.314,11.34,3585000
2020-12-21T13:00:00Z,10.888,11,10.672,10.916,5450500
2020-12-21T14:00:00Z,10.906,11.138,10.882,11.01,4398500
2020-12-21T15:00:00Z,11.01,11.07,10.93,11.068,2634000
2020-12-21T16:00:00Z,11.062,11.25,11.042,11.242,2951500
2020-12-21T17:00:00Z,11.238,11.242,11.03,11.148,2528000
2020-12-21T18:00:00Z,11.15,11.308,11.15,11.242,2870000
2020-12-21T19:00:00Z,11.234,11.436,11.23,11.37,3894000
2020-12-21T20:00:00Z,11.366,11.412,11.28,11.314,2790500
2020-12-22T13:00:00Z,11.434,11.784,11.42,11.72,10911000
2020-12-22T14:00:00Z,11.72,11.728,11.544,11.608,4211500
2020-12-22T15:00:00Z,11.606,11.65,11.568,11.588,1755000
2020-12-22T16:00:00Z,11.59,11.61,11.464,11.574,3724500
2020-12-22T17:00:00Z,11.58,11.692,11.54,11.67,3998500
2020-12-22T18:00:00Z,11.67,11.76,11.646,11.714,4157500
2020-12-22T19:00:00Z,11.714,11.86,11.712,11.8,7074500
2020-12-22T20:00:00Z,11.806,11.942,11.738,11.9,5144500
2020-12-23T13:00:00Z,11.95,12.568,11.948,12.46,10458000
2020-12-23T14:00:00Z,12.474,12.738,12.362,12.708,8969000
2020-12-23T15:00:00Z,12.724,12.798,12.6,12.75,5065500
2020-12-23T16:00:00Z,12.75,12.992,12.712,12.972,6052000
2020-12-23T17:00:00Z,12.972,12.972,12.824,12.85,3216000
2020-12-23T18:00:00Z,12.846,12.896,12.77,12.864,2705500
2020-12-23T19:00:00Z,12.862,13.122,12.842,13.072,5806000
2020-12-23T20:00:00Z,13.068,13.144,12.966,13.144,3575000
2020-12-28T13:00:00Z,13.596,14.274,13.486,13.58,11889500
2020-12-28T14:00:00Z,13.582,13.758,13.38,13.524,7399000
2020-12-28T15:00:00Z,13.528,13.68,13.47,13.5,3733000
2020-12-28T16:00:00Z,13.512,13.564,13.46,13.522,2467500
2020-12-28T17:00:00Z,13.522,13.53,13.384,13.404,2611000
2020-12-28T18:00:00Z,13.408,13.42,13.264,13.368,3606000
2020-12-28T19:00:00Z,13.37,13.498,13.288,13.38,3466000
2020-12-28T20:00:00Z,13.384,13.4,13.3,13.316,2605000
2020-12-29T13:00:00Z,13.562,13.69,13.308,13.368,4937500
2020-12-29T14:00:00Z,13.372,13.78,13.316,13.546,6551500
2020-12-29T15:00:00Z,13.544,13.73,13.42,13.68,5015000
2020-12-29T16:00:00Z,13.68,13.74,13.56,13.58,2932500
2020-12-29T17:00:00Z,13.58,13.652,13.542,13.588,1490500
2020-12-29T18:00:00Z,13.582,13.598,13.5,13.598,1438500
2020-12-29T19:00:00Z,13.59,13.598,13.504,13.532,1048000
2020-12-29T20:00:00Z,13.532,13.68,13.52,13.632,2134000
2020-12-30T13:00:00Z,13.744,13.76,13.564,13.594,2345500
2020-12-30T14:00:00Z,13.598,13.882,13.588,13.798,3780000
2020-12-30T15:00:00Z,13.798,13.822,13.63,13.646,1615000
2020-12-30T16:00:00Z,13.646,13.75,13.602,13.73,1693000
2020-12-30T17:00:00Z,13.722,13.96,13.678,13.928,3247500
2020-12-30T18:00:00Z,13.928,13.998,13.836,13.976,1995000
2020-12-30T19:00:00Z,13.976,14.046,13.858,13.95,2648000
2020-12-30T20:00:00Z,13.952,14.01,13.94,13.95,1463500
2021-01-04T13:00:00Z,14.2,14.94,14.14,14.792,8732500
2021-01-04T14:00:00Z,14.78,15.2,14.74,15.056,5379500
2021-01-04T15:00:00Z,15.06,15.16,14.902,14.92,2512500
2021-01-04T16:00:00Z,14.908,15.026,14.76,14.826,2464500
2021-01-04T17:00:00Z,14.838,15.09,14.72,15.048,2389500
2021-01-04T18:00:00Z,15.056,15.28,15.04,15.24,3206000
2021-01-04T19:00:00Z,15.238,15.256,15.02,15.098,2318000
2021-01-04T20:00:00Z,15.096,15.118,14.86,14.96,2450000
2021-01-05T13:00:00Z,15.48,15.58,14.404,14.42,10270500
2021-01-05T14:00:00Z,14.43,15.238,14.31,15.184,12268000
2021-01-05T15:00:00Z,15.202,15.322,14.89,15.072,6037000
2021-01-05T16:00:00Z,15.09,15.138,14.96,14.992,2031000
2021-01-05T17:00:00Z,14.992,15.03,14.92,14.92,2532500
2021-01-05T18:00:00Z,14.928,15.254,14.928,15.04,7456500
2021-01-05T19:00:00Z,15.05,15.128,14.97,14.998,2305500
2021-01-05T20:00:00Z,14.992,15.016,14.72,14.748,3581500
2021-01-06T13:00:00Z,15.06,15.114,14.822,14.956,4468000
2021-01-06T14:00:00Z,14.954,15.062,14.85,15.062,2800000
2021-01-06T15:00:00Z,15.072,15.078,14.91,14.936,2349000
2021-01-06T16:00:00Z,14.936,15.02,14.924,14.982,1174000
2021-01-06T17:00:00Z,14.988,15.2,14.968,15.094,3624000
2021-01-06T18:00:00Z,15.1,15.14,14.962,15.012,2218000
2021-01-06T19:00:00Z,15.012,15.036,14.886,14.902,2233000
2021-01-06T20:00:00Z,14.904,14.912,14.462,14.59,4150500
2021-01-07T13:00:00Z,14.724,14.998,14.724,14.856,3717500
2021-01-07T14:00:00Z,14.866,14.944,14.81,14.88,1760500
2021-01-07T15:00:00Z,14.886,15.08,14.852,15.01,3711000
2021-01-07T16:00:00Z,15.012,15.158,14.912,14.94,3510000
2021-01-07T17:00:00Z,14.942,14.956,14.818,14.942,1592500
2021-01-07T18:00:00Z,14.936,15.03,14.856,14.896,1993000
2021-01-07T19:00:00Z,14.896,14.924,14.76,14.782,2151000
2021-01-07T20:00:00Z,14.784,14.862,14.734,14.796,2988500
2021-01-08T13:00:00Z,15.084,15.28,14.94,15.028,5351000
2021-01-08T14:00:00Z,15.026,15.032,14.7,14.766,3896500
2021-01-08T15:00:00Z,14.754,15,14.724,14.88,2611000
2021-01-08T16:00:00Z,14.88,14.982,14.828,14.882,1242000
2021-01-08T17:00:00Z,14.888,14.908,14.8,14.894,1193000
2021-01-08T18:00:00Z,14.894,14.946,14.8,14.838,1887500
2021-01-08T19:00:00Z,14.838,14.998,14.836,14.948,1753500
2021-01-08T20:00:00Z,14.944,14.974,14.902,14.93,1626000
2021-01-11T13:00:00Z,14.732,15.176,14.6,14.824,6269500
2021-01-11T14:00:00Z,14.824,15.192,14.74,15.182,4506000
2021-01-11T15:00:00Z,15.19,15.548,15.16,15.548,6961000
2021-01-11T16:00:00Z,15.548,15.794,15.404,15.764,4789000
2021-01-11T17:00:00Z,15.764,16.328,15.758,16.318,6124000
2021-01-11T18:00:00Z,16.32,16.79,16.298,16.716,9012500
2021-01-11T19:00:00Z,16.718,16.92,16.1,16.16,8044000
2021-01-11T20:00:00Z,16.144,16.294,15.412,15.496,12221500
2021-01-12T13:00:00Z,16.18,16.548,15.648,15.974,10412500
2021-01-12T14:00:00Z,15.974,16.18,15.572,15.684,8920000
2021-01-12T15:00:00Z,15.664,15.782,15.5,15.566,3140500
2021-01-12T16:00:00Z,15.568,15.642,15.504,15.568,2438000
2021-01-12T17:00:00Z,15.568,15.568,15.178,15.298,3891500
2021-01-12T18:00:00Z,15.298,15.36,15.226,15.234,2519500
2021-01-12T19:00:00Z,15.234,15.35,15.206,15.264,2738000
2021-01-12T20:00:00Z,15.268,15.35,15.206,15.234,3192500
2021-01-13T13:00:00Z,15.36,15.498,15.12,15.14,3515000
2021-01-13T14:00:00Z,15.15,15.268,14.842,15.082,5529500
2021-01-13T15:00:00Z,15.1,15.6,15.01,15.554,7415000
2021-01-13T16:00:00Z,15.54,15.752,15.378,15.648,4518500
2021-01-13T17:00:00Z,15.638,15.998,15.556,15.938,7675000
2021-01-13T18:00:00Z,15.938,15.994,15.8,15.924,4410000
2021-01-13T19:00:00Z,15.926,16.03,15.752,15.812,5014000
2021-01-13T20:00:00Z,15.826,15.968,15.796,15.938,3171500
2021-01-14T13:00:00Z,15.962,16.18,15.5,15.608,5816500
2021-01-14T14:00:00Z,15.61,15.744,15.52,15.56,3653000
2021-01-14T15:00:00Z,15.56,15.676,15.5,15.576,2676000
2021-01-14T16:00:00Z,15.568,15.636,15.562,15.624,1158500
2021-01-14T17:00:00Z,15.628,15.63,15.544,15.566,1680000
2021-01-14T18:00:00Z,15.576,15.594,15.502,15.504,2607500
2021-01-14T19:00:00Z,15.512,15.566,15.404,15.444,2062000
2021-01-14T20:00:00Z,15.452,15.56,15.404,15.516,3042500
2021-01-15T13:00:00Z,15.3,15.6,15.2,15.37,3521000
2021-01-15T14:00:00Z,15.37,15.418,15.114,15.17,3087000
2021-01-15T15:00:00Z,15.17,15.212,14.976,15.064,2903000
2021-01-15T16:00:00Z,15.052,15.236,15.012,15.05,1312500
2021-01-15T17:00:00Z,15.044,15.09,14.98,15.044,1504500
2021-01-15T18:00:00Z,15.038,15.156,15.02,15.034,1474500
2021-01-15T19:00:00Z,15.038,15.044,14.902,14.924,1930000
2021-01-15T20:00:00Z,14.932,14.96,14.722,14.856,2626500
2021-01-18T13:00:00Z,15.004,15.23,14.936,15.028,2839500
2021-01-18T14:00:00Z,15.02,15.086,14.95,15.04,2392000
2021-01-18T15:00:00Z,15.04,15.078,14.9,14.926,2282500
2021-01-18T16:00:00Z,14.926,14.994,14.762,14.816,2314500
2021-01-18T17:00:00Z,14.824,14.908,14.78,14.786,1311000
2021-01-18T18:00:00Z,14.788,14.838,14.442,14.54,3184000
2021-01-18T19:00:00Z,14.532,14.632,14.454,14.574,2106000
2021-01-18T20:00:00Z,14.574,14.7,14.51,14.51,2225500
2021-01-19T13:00:00Z,14.83,14.942,14.15,14.3,6939000
2021-01-19T14:00:00Z,14.304,14.308,13.9,14.028,4297500
2021-01-19T15:00:00Z,14.028,14.416,14.028,14.182,3684500
2021-01-19T16:00:00Z,14.182,14.29,14.07,14.246,2162500
2021-01-19T17:00:00Z,14.244,14.356,14.1,14.338,2919500
2021-01-19T18:00:00Z,14.33,14.76,14.292,14.692,4465000
2021-01-19T19:00:00Z,14.688,14.692,14.512,14.632,2564000
2021-01-19T20:00:00Z,14.624,14.7,14.552,14.64,2224000
2021-01-20T13:00:00Z,14.978,15.05,14.46,14.514,4835500
2021-01-20T14:00:00Z,14.51,14.794,14.402,14.51,2715000
2021-01-20T15:00:00Z,14.506,14.586,14.34,14.394,1550500
2021-01-20T16:00:00Z,14.396,14.474,14.24,14.44,1744000
2021-01-20T17:00:00Z,14.44,14.456,14.27,14.348,1142000
2021-01-20T18:00:00Z,14.362,14.396,14.31,14.338,697000
2021-01-20T19:00:00Z,14.338,14.36,14.212,14.31,1643500
2021-01-20T20:00:00Z,14.32,14.32,14.092,14.16,2624500
2021-01-21T13:00:00Z,14.162,14.774,14.162,14.74,6917000
2021-01-21T14:00:00Z,14.74,14.982,14.61,14.68,6873000
2021-01-21T15:00:00Z,14.69,14.916,14.522,14.84,5623500
2021-01-21T16:00:00Z,14.84,14.868,14.702,14.822,2157500
2021-01-21T17:00:00Z,14.828,14.898,14.74,14.89,1893500
2021-01-21T18:00:00Z,14.89,15.134,14.89,15.046,4021000
2021-01-21T19:00:00Z,15.04,15.12,14.802,14.812,3108000
2021-01-21T20:00:00Z,14.816,14.86,14.704,14.86,2432000
2021-01-22T13:00:00Z,14.6,14.7,14.284,14.474,5826000
2021-01-22T14:00:00Z,14.476,14.624,14.366,14.474,3713000
2021-01-22T15:00:00Z,14.476,14.5,14.34,14.476,1974000
2021-01-22T16:00:00Z,14.472,14.538,14.43,14.47,1122500
2021-01-22T17:00:00Z,14.47,14.482,14.36,14.41,1323000
2021-01-22T18:00:00Z,14.408,14.496,14.382,14.456,998500
2021-01-22T19:00:00Z,14.46,14.462,14.4,14.41,763000
2021-01-22T20:00:00Z,14.41,14.486,14.382,14.434,1604000
2021-01-26T13:00:00Z,14.442,14.76,14.442,14.604,3435500
2021-01-26T14:00:00Z,14.596,14.636,14.452,14.49,2692000
2021-01-26T15:00:00Z,14.49,14.596,14.45,14.484,2094000
2021-01-26T16:00:00Z,14.494,14.496,14.23,14.346,2380500
2021-01-26T17:00:00Z,14.346,14.542,14.3,14.386,2123500
2021-01-26T18:00:00Z,14.388,14.47,14.232,14.304,1773000
2021-01-26T19:00:00Z,14.31,14.344,14.14,14.202,1868500
2021-01-26T20:00:00Z,14.202,14.214,13.956,14.008,2077000
2021-01-27T13:00:00Z,14.176,14.27,13.722,14.004,4712500
2021-01-27T14:00:00Z,14.004,14.036,13.746,13.852,2636500
2021-01-27T15:00:00Z,13.844,13.952,13.604,13.716,2620000
2021-01-27T16:00:00Z,13.714,13.774,13.642,13.672,1331500
2021-01-27T17:00:00Z,13.672,14.098,13.66,14.05,3490500
2021-01-27T18:00:00Z,14.054,14.362,13.904,14.14,3630000
2021-01-27T19:00:00Z,14.13,14.18,13.86,13.86,1873500
2021-01-27T20:00:00Z,13.85,13.89,13.642,13.66,2253500
2021-01-28T13:00:00Z,13.824,14.136,13.508,14.044,4093000
2021-01-28T14:00:00Z,14.042,14.136,13.86,13.918,2311500
2021-01-28T15:00:00Z,13.91,14.02,13.88,13.984,1099500
2021-01-28T16:00:00Z,14,14.18,13.91,14.166,1439000
2021-01-28T17:00:00Z,14.166,14.276,14.106,14.122,2104500
2021-01-28T18:00:00Z,14.122,14.234,14.036,14.11,1279500
2021-01-28T19:00:00Z,14.096,14.318,14.06,14.294,1971500
2021-01-28T20:00:00Z,14.284,14.396,14.204,14.388,1722000
2021-01-29T13:00:00Z,14.058,14.34,13.992,14.238,7214500
2021-01-29T14:00:00Z,14.238,14.702,14.21,14.694,7229000
2021-01-29T15:00:00Z,14.694,14.942,14.44,14.52,7011500
2021-01-29T16:00:00Z,14.518,14.556,14.162,14.18,4970000
2021-01-29T17:00:00Z,14.188,14.328,13.8,13.904,5948500
2021-01-29T18:00:00Z,13.906,14.04,13.744,13.862,4945500
2021-01-29T19:00:00Z,13.85,13.976,13.842,13.88,3153500
2021-01-29T20:00:00Z,13.88,14.056,13.874,13.952,3820500
2021-02-01T13:00:00Z,14.442,14.442,13.94,14.168,6101000
2021-02-01T14:00:00Z,14.168,14.29,14.016,14.104,4458000
2021-02-01T15:00:00Z,14.106,14.126,13.992,14.046,2218000
2021-02-01T16:00:00Z,14.046,14.38,14.006,14.234,4222000
2021-02-01T17:00:00Z,14.236,14.42,14.234,14.368,3157500
2021-02-01T18:00:00Z,14.366,14.638,14.304,14.594,5876000
2021-02-01T19:00:00Z,14.608,14.76,14.56,14.716,3836000
2021-02-01T20:00:00Z,14.708,14.76,14.608,14.75,2987000
2021-02-02T13:00:00Z,14.962,15.436,14.962,15.212,8447500
2021-02-02T14:00:00Z,15.204,15.48,15.184,15.39,5710000
2021-02-02T15:00:00Z,15.396,15.66,15.362,15.584,6413500
2021-02-02T16:00:00Z,15.584,15.812,15.55,15.66,5187000
2021-02-02T17:00:00Z,15.66,15.876,15.632,15.696,5115500
2021-02-02T18:00:00Z,15.696,15.846,15.646,15.724,3340000
2021-02-02T19:00:00Z,15.726,15.766,15.6,15.662,2984500
2021-02-02T20:00:00Z,15.662,15.778,15.52,15.592,3351500
2021-02-03T13:00:00Z,15.756,15.844,15.376,15.664,4126000
2021-02-03T14:00:00Z,15.658,15.664,15.3,15.408,3586500
2021-02-03T15:00:00Z,15.42,15.444,15.208,15.4,2496500
2021-02-03T16:00:00Z,15.4,15.452,15.128,15.284,4177000
2021-02-03T17:00:00Z,15.284,15.37,15.192,15.238,2595000
2021-02-03T18:00:00Z,15.228,15.408,15.204,15.4,2396500
2021-02-03T19:00:00Z,15.4,15.538,15.318,15.368,3215000
2021-02-03T20:00:00Z,15.36,15.38,15.214,15.32,2066000
2021-02-04T13:00:00Z,15.458,15.57,15.246,15.294,2890500
2021-02-04T14:00:00Z,15.29,15.5,15.026,15.05,3583500
2021-02-04T15:00:00Z,15.05,15.242,15.05,15.16,2574000
2021-02-04T16:00:00Z,15.154,15.256,15.078,15.142,1582500
2021-02-04T17:00:00Z,15.14,15.16,15.042,15.064,1953500
2021-02-04T18:00:00Z,15.06,15.178,15.05,15.094,2219500
2021-02-04T19:00:00Z,15.094,15.15,15.044,15.102,2142000
2021-02-04T20:00:00Z,15.1,15.138,15.032,15.088,2693000
2021-02-05T13:00:00Z,15.312,15.974,15.06,15.948,9558500
2021-02-05T14:00:00Z,15.948,16.15,15.7,15.72,9092000
2021-02-05T15:00:00Z,15.716,15.732,15.414,15.554,4956000
2021-02-05T16:00:00Z,15.558,15.672,15.516,15.66,3292500
2021-02-05T17:00:00Z,15.66,16.086,15.602,15.988,6521000
2021-02-05T18:00:00Z,15.98,15.988,15.692,15.754,3020000
2021-02-05T19:00:00Z,15.752,15.754,15.444,15.498,2819000
2021-02-05T20:00:00Z,15.486,15.674,15.464,15.62,3516500
2021-02-08T13:00:00Z,15.852,16.3,15.852,16.148,9045000
2021-02-08T14:00:00Z,16.148,16.378,16.03,16.13,5650000
2021-02-08T15:00:00Z,16.136,16.174,15.92,15.964,3076500
2021-02-08T16:00:00Z,15.964,16.066,15.95,16.034,1249000
2021-02-08T17:00:00Z,16.03,16.536,15.976,16.384,6048000
2021-02-08T18:00:00Z,16.382,16.452,16.224,16.314,3193000
2021-02-08T19:00:00Z,16.314,16.4,16.244,16.372,1933000
2021-02-08T20:00:00Z,16.368,16.372,16.22,16.28,1943000
2021-02-09T13:00:00Z,16.2,16.37,15.86,16.17,6141500
2021-02-09T14:00:00Z,16.168,16.176,15.642,15.648,5544000
2021-02-09T15:00:00Z,15.654,15.656,15.346,15.38,6730500
2021-02-09T16:00:00Z,15.386,15.598,15.272,15.392,6260500
2021-02-09T17:00:00Z,15.408,15.56,15.392,15.552,2557500
2021-02-09T18:00:00Z,15.546,15.61,15.402,15.516,2977500
2021-02-09T19:00:00Z,15.518,15.58,15.42,15.432,2100500
2021-02-09T20:00:00Z,15.432,15.48,15.36,15.458,3354000
2021-02-10T13:00:00Z,15.706,15.74,15.504,15.652,4668500
2021-02-10T14:00:00Z,15.652,15.714,15.422,15.448,3343500
2021-02-10T15:00:00Z,15.45,15.58,15.346,15.48,2403000
2021-02-10T16:00:00Z,15.474,15.648,15.468,15.568,1576000
2021-02-10T17:00:00Z,15.564,15.718,15.532,15.69,2370500
2021-02-10T18:00:00Z,15.684,15.69,15.508,15.602,2106500
2021-02-10T19:00:00Z,15.602,15.668,15.546,15.642,2237500
2021-02-10T20:00:00Z,15.642,15.76,15.616,15.74,3171000
2021-02-11T13:00:00Z,15.982,16.02,15.674,15.762,4100500
2021-02-11T14:00:00Z,15.768,15.786,15.54,15.596,3421500
2021-02-11T15:00:00Z,15.59,15.654,15.47,15.498,2005500
2021-02-11T16:00:00Z,15.49,15.58,15.436,15.552,2617500
2021-02-11T17:00:00Z,15.542,15.6,15.3,15.37,2868000
2021-02-11T18:00:00Z,15.364,15.448,15.31,15.416,1387000
2021-02-11T19:00:00Z,15.42,15.468,15.346,15.364,1942500
2021-02-11T20:00:00Z,15.374,15.396,15.322,15.334,2086500
2021-02-12T13:00:00Z,15.376,15.498,15.116,15.416,3005500
2021-02-12T14:00:00Z,15.412,15.54,15.262,15.488,2264000
2021-02-12T15:00:00Z,15.488,15.642,15.446,15.548,2305000
2021-02-12T16:00:00Z,15.548,15.874,15.518,15.838,3965500
2021-02-12T17:00:00Z,15.836,15.998,15.836,15.958,4287000
2021-02-12T18:00:00Z,15.954,15.976,15.824,15.93,2405500
2021-02-12T19:00:00Z,15.932,15.962,15.852,15.89,2486000
2021-02-12T20:00:00Z,15.884,15.994,15.824,15.982,2041500
2021-02-17T16:00:00Z,16.09,16.75,16.08,16.68,9342000
2021-02-17T17:00:00Z,16.68,17.066,16.638,17.06,11149000
2021-02-17T18:00:00Z,17.066,17.48,17.028,17.33,7462000
2021-02-17T19:00:00Z,17.33,17.39,17.144,17.342,5363000
2021-02-17T20:00:00Z,17.34,17.568,17.216,17.558,5589500
2021-02-18T13:00:00Z,17.524,18.408,17.522,17.966,10962000
2021-02-18T14:00:00Z,17.954,18.182,17.72,17.82,5863000
2021-02-18T15:00:00Z,17.822,17.906,17.654,17.8,3082000
2021-02-18T16:00:00Z,17.81,17.99,17.76,17.968,3948500
2021-02-18T17:00:00Z,17.968,18.15,17.904,18.138,3552000
2021-02-18T18:00:00Z,18.136,18.138,17.79,17.822,4203000
2021-02-18T19:00:00Z,17.818,17.92,17.796,17.854,2712000
2021-02-18T20:00:00Z,17.852,17.896,17.644,17.682,3223500
2021-02-19T13:00:00Z,17.602,17.85,17.26,17.534,3611500
2021-02-19T14:00:00Z,17.55,17.816,17.422,17.504,3523500
2021-02-19T15:00:00Z,17.52,17.608,17.404,17.51,1681500
2021-02-19T16:00:00Z,17.514,17.63,17.492,17.542,1141500
2021-02-19T17:00:00Z,17.546,17.546,17.408,17.48,1548000
2021-02-19T18:00:00Z,17.48,17.558,17.448,17.51,1169500
2021-02-19T19:00:00Z,17.506,17.68,17.476,17.68,1533500
2021-02-19T20:00:00Z,17.678,17.798,17.636,17.708,1740000
2021-02-22T13:00:00Z,17.5,17.598,16.9,17.02,7432500
2021-02-22T14:00:00Z,17.016,17.5,16.938,17.48,4450000
2021-02-22T15:00:00Z,17.486,18.046,17.466,18.046,4486500
2021-02-22T16:00:00Z,18.048,18.44,17.966,18.44,5130500
2021-02-22T17:00:00Z,18.438,18.438,18.112,18.154,4801000
2021-02-22T18:00:00Z,18.154,18.3,18.056,18.216,3200000
2021-02-22T19:00:00Z,18.216,18.45,18.15,18.33,5194000
2021-02-22T20:00:00Z,18.326,18.42,18.28,18.4,3401500
2021-02-23T13:00:00Z,18.61,18.8,17.674,17.814,7571500
2021-02-23T14:00:00Z,17.814,17.824,16.976,17.068,9460500
2021-02-23T15:00:00Z,17.07,17.778,17.05,17.68,8086500
2021-02-23T16:00:00Z,17.684,17.72,17.288,17.462,4612000
2021-02-23T17:00:00Z,17.462,17.476,17.084,17.126,3171500
2021-02-23T18:00:00Z,17.14,17.516,17.08,17.458,5130500
2021-02-23T19:00:00Z,17.46,17.698,17.42,17.692,4607500
2021-02-23T20:00:00Z,17.688,17.776,17.542,17.692,5531500
2021-02-24T13:00:00Z,17.992,18.398,17.632,17.776,9374500
2021-02-24T14:00:00Z,17.774,18.13,17.476,17.88,8147000
2021-02-24T15:00:00Z,17.894,18.068,17.812,17.98,3442500
2021-02-24T16:00:00Z,17.98,18.1,17.644,17.732,2940500
2021-02-24T17:00:00Z,17.722,17.87,17.686,17.7,1809000
2021-02-24T18:00:00Z,17.696,17.79,17.648,17.71,1582000
2021-02-24T19:00:00Z,17.71,17.71,17.56,17.612,2068000
2021-02-24T20:00:00Z,17.612,17.702,17.524,17.54,2382500
2021-02-25T13:00:00Z,18,18.18,17.662,17.942,5887500
2021-02-25T14:00:00Z,17.934,17.972,17.56,17.56,3703500
2021-02-25T15:00:00Z,17.562,17.652,17.188,17.304,4626500
2021-02-25T16:00:00Z,17.294,17.378,17.022,17.104,2844500
2021-02-25T17:00:00Z,17.1,17.212,17.03,17.066,2511500
2021-02-25T18:00:00Z,17.06,17.09,16.712,16.806,5839500
2021-02-25T19:00:00Z,16.796,17.264,16.78,16.99,4510500
2021-02-25T20:00:00Z,16.998,17,16.548,16.716,5626500
2021-02-26T13:00:00Z,17,17.25,16.702,17.12,6177000
2021-02-26T14:00:00Z,17.12,17.17,16.656,16.66,3493500
2021-02-26T15:00:00Z,16.668,16.7,16.414,16.48,3521500
2021-02-26T16:00:00Z,16.488,16.7,16.48,16.592,2094500
2021-02-26T17:00:00Z,16.59,16.858,16.58,16.752,1943000
2021-02-26T18:00:00Z,16.76,16.886,16.642,16.662,2552000
2021-02-26T19:00:00Z,16.672,16.782,16.546,16.568,2740500
2021-02-26T20:00:00Z,16.566,16.656,16.5,16.6,2544500
2021-03-01T13:00:00Z,17.122,17.86,17.076,17.568,9257000
2021-03-01T14:00:00Z,17.568,17.902,17.302,17.32,8155500
2021-03-01T15:00:00Z,17.322,17.44,17.162,17.218,4501500
2021-03-01T16:00:00Z,17.218,17.428,17.218,17.268,2049500
2021-03-01T17:00:00Z,17.278,17.412,17.236,17.236,2415000
2021-03-01T18:00:00Z,17.234,17.272,17.004,17.24,3685500
2021-03-01T19:00:00Z,17.24,17.5,17.176,17.376,3612500
2021-03-01T20:00:00Z,17.342,17.664,17.324,17.57,3872500
2021-03-02T13:00:00Z,17.194,17.778,16.832,17.436,8763000
2021-03-02T14:00:00Z,17.448,17.646,17.15,17.356,4426500
2021-03-02T15:00:00Z,17.35,17.438,17.02,17.122,3839000
2021-03-02T16:00:00Z,17.104,17.146,16.718,16.89,5329000
2021-03-02T17:00:00Z,16.892,17.16,16.844,16.994,3915500
2021-03-02T18:00:00Z,17.016,17.15,16.81,17.106,3041500
2021-03-02T19:00:00Z,17.106,17.15,16.81,17.006,4331000
2021-03-02T20:00:00Z,17,17.13,16.964,17.078,3261000
2021-03-03T13:00:00Z,17.202,17.464,17.078,17.218,6800500
2021-03-03T14:00:00Z,17.198,17.3,16.728,16.734,4966500
2021-03-03T15:00:00Z,16.732,16.92,16.632,16.688,2666000
2021-03-03T16:00:00Z,16.686,17.1,16.678,16.888,4000000
2021-03-03T17:00:00Z,16.882,17.612,16.844,17.464,8101000
2021-03-03T18:00:00Z,17.466,17.558,17.104,17.128,3605000
2021-03-03T19:00:00Z,17.134,17.8,16.852,17.654,9576000
2021-03-03T20:00:00Z,17.65,17.998,17.428,17.924,6063500
2021-03-04T13:00:00Z,17.92,17.92,17.44,17.75,7192500
2021-03-04T14:00:00Z,17.75,18.226,17.58,17.924,8163500
2021-03-04T15:00:00Z,17.924,18.4,17.882,18.388,11255000
2021-03-04T16:00:00Z,18.39,18.4,18.2,18.242,5989000
2021-03-04T17:00:00Z,18.244,18.28,18,18.016,3849000
2021-03-04T18:00:00Z,18.006,18.106,17.774,17.798,3962000
2021-03-04T19:00:00Z,17.798,17.998,17.74,17.788,2851000
2021-03-04T20:00:00Z,17.79,18.5,17.76,18.45,5749000
2021-03-05T13:00:00Z,18.902,19.5,18.602,19.444,14230500
2021-03-05T14:00:00Z,19.448,19.732,19.346,19.51,8221000
2021-03-05T15:00:00Z,19.516,19.588,19.38,19.518,4021500
2021-03-05T16:00:00Z,19.524,19.578,19.218,19.316,4530500
2021-03-05T17:00:00Z,19.312,19.696,19.26,19.596,6480000
2021-03-05T18:00:00Z,19.578,19.78,19.468,19.686,3828500
2021-03-05T19:00:00Z,19.694,19.92,19.52,19.884,3941000
2021-03-05T20:00:00Z,19.876,20,19.762,19.97,4709000
2021-03-08T13:00:00Z,19.704,20.278,19.4,19.838,12556500
2021-03-08T14:00:00Z,19.84,19.874,19.61,19.76,4271500
2021-03-08T15:00:00Z,19.766,19.84,19.512,19.82,4214000
2021-03-08T16:00:00Z,19.82,19.836,19.616,19.684,1948000
2021-03-08T17:00:00Z,19.674,19.836,19.58,19.734,2878000
2021-03-08T18:00:00Z,19.732,19.762,19,19.122,5529500
2021-03-08T19:00:00Z,19.106,19.654,18.998,19.242,5700500
2021-03-08T20:00:00Z,19.256,19.376,19.024,19.03,3975500
2021-03-09T13:00:00Z,19.4,19.556,18.84,19.232,6267500
2021-03-09T14:00:00Z,19.236,19.362,18.916,19.11,4134000
2021-03-09T15:00:00Z,19.104,19.814,19.056,19.74,8231000
2021-03-09T16:00:00Z,19.748,20.102,19.726,19.86,4984500
2021-03-09T17:00:00Z,19.866,19.98,19.664,19.836,4578000
2021-03-09T18:00:00Z,19.858,19.91,19.684,19.78,3006500
2021-03-09T19:00:00Z,19.798,19.942,19.526,19.564,3891000
2021-03-09T20:00:00Z,19.538,19.7,19.422,19.534,3396000
2021-03-10T13:00:00Z,19.86,19.892,19.23,19.38,5466000
2021-03-10T14:00:00Z,19.38,19.44,18.922,18.972,8023000
2021-03-10T15:00:00Z,18.976,19.158,18.942,19.028,3301000
2021-03-10T16:00:00Z,19.014,19.058,18.872,18.878,2882500
2021-03-10T17:00:00Z,18.876,18.876,18.41,18.51,6501000
2021-03-10T18:00:00Z,18.496,18.728,18.44,18.558,4428000
2021-03-10T19:00:00Z,18.55,18.9,18.438,18.812,5366500
2021-03-10T20:00:00Z,18.808,19,18.764,18.764,5068500
2021-03-11T13:00:00Z,19.18,19.538,19.04,19.206,5858000
2021-03-11T14:00:00Z,19.206,19.302,18.7,18.75,6662500
2021-03-11T15:00:00Z,18.766,18.89,18.268,18.31,7135500
2021-03-11T16:00:00Z,18.31,18.506,18.29,18.352,3977500
2021-03-11T17:00:00Z,18.364,18.434,18.31,18.414,2542500
2021-03-11T18:00:00Z,18.406,18.578,18.33,18.35,3230500
2021-03-11T19:00:00Z,18.348,18.46,18.336,18.412,3863500
2021-03-11T20:00:00Z,18.422,18.584,18.41,18.45,4024000
2021-03-12T13:00:00Z,18.562,18.95,18.36,18.54,7213500
2021-03-12T14:00:00Z,18.538,18.63,18.37,18.496,3216500
2021-03-12T15:00:00Z,18.506,18.568,18.31,18.546,2626500
2021-03-12T16:00:00Z,18.54,18.994,18.528,18.816,4947500
2021-03-12T17:00:00Z,18.812,18.916,18.668,18.82,2889500
2021-03-12T18:00:00Z,18.82,18.88,18.68,18.744,1938500
2021-03-12T19:00:00Z,18.744,18.894,18.682,18.822,1868000
2021-03-12T20:00:00Z,18.822,18.844,18.762,18.778,1378000
2021-03-15T13:00:00Z,18.716,18.856,18.502,18.674,4741500
2021-03-15T14:00:00Z,18.68,18.752,18.574,18.634,2347000
2021-03-15T15:00:00Z,18.632,18.666,18.424,18.464,2512000
2021-03-15T16:00:00Z,18.464,18.512,18.36,18.398,2653000
2021-03-15T17:00:00Z,18.412,18.438,18.31,18.384,1708000
2021-03-15T18:00:00Z,18.398,18.506,18.284,18.3,2146000
2021-03-15T19:00:00Z,18.306,18.336,18.06,18.16,4027000
2021-03-16T13:00:00Z,18.266,18.44,17.968,18.116,5454000
2021-03-16T14:00:00Z,18.118,18.532,18,18.5,5237500
2021-03-16T15:00:00Z,18.508,18.52,18.304,18.39,3102500
2021-03-16T16:00:00Z,18.392,18.42,18.326,18.39,2171000
2021-03-16T17:00:00Z,18.39,18.39,18.2,18.264,2521000
2021-03-16T18:00:00Z,18.278,18.316,18.04,18.074,2786000
2021-03-16T19:00:00Z,18.076,18.318,18.06,18.2,2749000
2021-03-17T13:00:00Z,18.14,18.466,17.9,18.44,5001500
2021-03-17T14:00:00Z,18.44,18.78,18.322,18.756,8219000
2021-03-17T15:00:00Z,18.758,19.06,18.758,18.85,6813000
2021-03-17T16:00:00Z,18.848,19.08,18.808,18.874,5369500
2021-03-17T17:00:00Z,18.87,18.944,18.812,18.918,2067500
2021-03-17T18:00:00Z,18.916,19.064,18.85,19.048,3286000
2021-03-17T19:00:00Z,19.048,19.312,18.97,19.26,5337000
2021-03-18T13:00:00Z,19.148,19.398,18.902,19.05,6113000
2021-03-18T14:00:00Z,19.054,19.17,18.718,18.732,4539500
2021-03-18T15:00:00Z,18.728,18.864,18.662,18.812,2710500
2021-03-18T16:00:00Z,18.812,18.876,18.614,18.626,2688500
2021-03-18T17:00:00Z,18.626,18.73,18.53,18.548,2892500
2021-03-18T18:00:00Z,18.552,18.56,17.786,17.92,9693000
2021-03-18T19:00:00Z,17.932,17.974,17.3,17.518,15169000
2021-03-19T13:00:00Z,17.978,18.18,17.658,17.922,13147000
2021-03-19T14:00:00Z,17.936,18.47,17.76,18.372,7890000
2021-03-19T15:00:00Z,18.372,18.834,18.31,18.822,7317000
2021-03-19T16:00:00Z,18.822,19.068,18.678,19.06,6310500
2021-03-19T17:00:00Z,19.06,19.11,18.768,18.858,5397000
2021-03-19T18:00:00Z,18.87,19.04,18.852,18.894,4388500
2021-03-19T19:00:00Z,18.898,18.958,18.712,18.784,4044000
2021-03-22T13:00:00Z,18.63,18.738,18.23,18.282,4969000
2021-03-22T14:00:00Z,18.282,18.32,17.908,18.01,7425000
2021-03-22T15:00:00Z,18.022,18.128,17.99,18.062,2069000
2021-03-22T16:00:00Z,18.062,18.26,17.944,18.188,3815000
2021-03-22T17:00:00Z,18.188,18.252,18.1,18.21,1390500
2021-03-22T18:00:00Z,18.21,18.36,18.14,18.17,3363500
2021-03-22T19:00:00Z,18.184,18.212,18.02,18.05,3176500
2021-03-23T13:00:00Z,17.752,18,17.56,17.68,9361000
2021-03-23T14:00:00Z,17.682,17.888,17.5,17.7,5430500
2021-03-23T15:00:00Z,17.708,17.9,17.654,17.826,3073000
2021-03-23T16:00:00Z,17.822,17.852,17.61,17.746,2316000
2021-03-23T17:00:00Z,17.748,17.77,17.58,17.602,2228500
2021-03-23T18:00:00Z,17.6,17.63,17.4,17.418,5699000
2021-03-23T19:00:00Z,17.412,17.516,17.312,17.424,4556500
2021-03-24T13:00:00Z,17.82,17.96,17.654,17.852,7866000
2021-03-24T14:00:00Z,17.85,18.258,17.84,18.012,10050500
2021-03-24T15:00:00Z,18.01,18.1,17.94,17.956,2295500
2021-03-24T16:00:00Z,17.96,18.378,17.944,18.372,6270500
2021-03-24T17:00:00Z,18.374,18.38,18.058,18.196,3446000
2021-03-24T18:00:00Z,18.19,18.198,17.78,17.81,3106000
2021-03-24T19:00:00Z,17.814,17.85,17.626,17.676,4769500
2021-03-25T13:00:00Z,17.586,17.588,17.102,17.2,8173500
2021-03-25T14:00:00Z,17.194,17.472,17.138,17.192,5171500
2021-03-25T15:00:00Z,17.192,17.382,17.06,17.37,4384500
2021-03-25T16:00:00Z,17.376,17.764,17.322,17.698,4792500
2021-03-25T17:00:00Z,17.684,18.08,17.582,17.896,7240000
2021-03-25T18:00:00Z,17.894,18.05,17.852,18,2961000
2021-03-25T19:00:00Z,18,18.03,17.818,17.976,3056500
2021-03-26T13:00:00Z,18.278,18.872,18.208,18.784,14026500
2021-03-26T14:00:00Z,18.806,18.94,18.62,18.654,7171000
2021-03-26T15:00:00Z,18.654,18.76,18.462,18.6,4433500
2021-03-26T16:00:00Z,18.602,18.618,18.402,18.5,3497000
2021-03-26T17:00:00Z,18.5,18.52,18.1,18.156,4825000
2021-03-26T18:00:00Z,18.154,18.438,17.924,18.4,6272500
2021-03-26T19:00:00Z,18.418,18.538,18.32,18.5,4908000
2021-03-29T13:00:00Z,18.48,18.64,18.272,18.52,4934500
2021-03-29T14:00:00Z,18.528,18.768,18.508,18.678,4679000
2021-03-29T15:00:00Z,18.674,18.75,18.568,18.75,2062000
2021-03-29T16:00:00Z,18.75,18.85,18.7,18.8,4221500
2021-03-29T17:00:00Z,18.802,18.976,18.72,18.768,4200500
2021-03-29T18:00:00Z,18.782,18.958,18.702,18.842,3482000
2021-03-29T19:00:00Z,18.842,18.99,18.84,18.874,3165500
2021-03-30T13:00:00Z,18.916,18.916,18.232,18.292,8413500
2021-03-30T14:00:00Z,18.3,18.49,18.28,18.362,3871500
2021-03-30T15:00:00Z,18.37,18.548,18.37,18.466,3393500
2021-03-30T16:00:00Z,18.482,18.618,18.352,18.616,4603500
2021-03-30T17:00:00Z,18.618,18.618,18.44,18.512,2412000
2021-03-30T18:00:00Z,18.512,18.534,18.41,18.496,2133000
2021-03-30T19:00:00Z,18.496,18.5,18.386,18.44,3363000
2021-03-31T13:00:00Z,18.454,18.84,18.4,18.76,8216000
2021-03-31T14:00:00Z,18.76,18.82,18.412,18.612,6497000
2021-03-31T15:00:00Z,18.612,18.612,18.402,18.434,2883500
2021-03-31T16:00:00Z,18.436,18.5,18.322,18.34,2737500
2021-03-31T17:00:00Z,18.344,18.46,18.24,18.27,3182000
2021-03-31T18:00:00Z,18.27,18.44,18.158,18.336,4102000
2021-03-31T19:00:00Z,18.326,18.436,18.286,18.31,5154500
2021-04-01T13:00:00Z,18.566,18.708,18.428,18.45,4595500
2021-04-01T14:00:00Z,18.444,18.52,18.3,18.48,3226500
2021-04-01T15:00:00Z,18.482,18.498,18.314,18.378,2271500
2021-04-01T16:00:00Z,18.382,18.44,18.244,18.246,2649000
2021-04-01T17:00:00Z,18.26,18.362,18.2,18.334,2380500
2021-04-01T18:00:00Z,18.332,18.51,18.3,18.402,3926500
2021-04-01T19:00:00Z,18.414,18.42,18.192,18.254,3328000
2021-04-05T13:00:00Z,18.4,18.46,18.17,18.224,3570500
2021-04-05T14:00:00Z,18.22,18.25,17.98,18.18,3533000
2021-04-05T15:00:00Z,18.186,18.198,18,18.044,1575000
2021-04-05T16:00:00Z,18.04,18.052,17.76,17.878,3249000
2021-04-05T17:00:00Z,17.872,17.97,17.794,17.87,2128500
2021-04-05T18:00:00Z,17.85,18.096,17.85,18.038,2695000
2021-04-05T19:00:00Z,18.038,18.138,18,18.13,2820000
2021-04-06T13:00:00Z,18.3,18.69,18.132,18.66,7490500
2021-04-06T14:00:00Z,18.666,18.842,18.604,18.778,9265500
2021-04-06T15:00:00Z,18.79,18.81,18.67,18.8,3156500
2021-04-06T16:00:00Z,18.8,18.9,18.664,18.766,4160500
2021-04-06T17:00:00Z,18.766,18.8,18.636,18.64,1606500
2021-04-06T18:00:00Z,18.64,18.776,18.6,18.644,1918500
2021-04-06T19:00:00Z,18.638,18.72,18.534,18.662,2196000
2021-04-07T13:00:00Z,18.7,18.76,18.44,18.582,3948500
2021-04-07T14:00:00Z,18.59,18.6,18.458,18.492,1502000
2021-04-07T15:00:00Z,18.48,18.54,18.38,18.408,2277000
2021-04-07T16:00:00Z,18.404,18.73,18.374,18.692,3204500
2021-04-07T17:00:00Z,18.706,18.798,18.6,18.752,3334500
2021-04-07T18:00:00Z,18.744,19.034,18.72,18.834,7220000
2021-04-07T19:00:00Z,18.848,18.976,18.822,18.92,3230500
2021-04-08T13:00:00Z,19.072,19.378,18.846,18.86,8648500
2021-04-08T14:00:00Z,18.87,18.872,18.542,18.59,5198000
2021-04-08T15:00:00Z,18.588,18.758,18.45,18.69,2936500
2021-04-08T16:00:00Z,18.69,18.876,18.6,18.734,2314000
2021-04-08T17:00:00Z,18.738,18.83,18.702,18.768,1289000
2021-04-08T18:00:00Z,18.772,18.86,18.744,18.824,1451000
2021-04-08T19:00:00Z,18.83,19,18.812,18.888,3962000
2021-04-09T13:00:00Z,18.718,18.836,18.52,18.688,5227000
2021-04-09T14:00:00Z,18.7,19.06,18.654,18.984,4111500
2021-04-09T15:00:00Z,18.98,19.136,18.9,18.96,4963000
2021-04-09T16:00:00Z,18.964,19.04,18.862,19,2103000
2021-04-09T17:00:00Z,19,19.026,18.93,18.958,1920500
2021-04-09T18:00:00Z,18.94,19.026,18.8,18.988,3105000
2021-04-09T19:00:00Z,18.992,19,18.88,18.944,1952000
2021-04-12T13:00:00Z,19.072,19.528,19.072,19.38,10215000
2021-04-12T14:00:00Z,19.378,19.448,19.154,19.196,5157500
2021-04-12T15:00:00Z,19.196,19.31,18.974,19.172,5671500
2021-04-12T16:00:00Z,19.168,19.278,19.028,19.226,4244500
2021-04-12T17:00:00Z,19.226,19.326,19.17,19.32,2474000
2021-04-12T18:00:00Z,19.31,19.4,19.232,19.35,3225000
2021-04-12T19:00:00Z,19.352,19.356,19.22,19.318,2084500
2021-04-13T13:00:00Z,19.524,20.048,19.498,19.962,12549000
2021-04-13T14:00:00Z,19.95,20.09,19.73,20.02,7494000
2021-04-13T15:00:00Z,20.03,20.36,20.024,20.31,5491000
2021-04-13T16:00:00Z,20.31,20.31,20.08,20.13,2621500
2021-04-13T17:00:00Z,20.142,20.26,20.018,20.208,3108000
2021-04-13T18:00:00Z,20.208,20.208,19.93,19.992,3144000
2021-04-13T19:00:00Z,19.996,20.18,19.96,20.16,3347000
2021-04-14T13:00:00Z,20.48,20.638,20.342,20.468,5765000
2021-04-14T14:00:00Z,20.46,20.61,20.268,20.59,6212000
2021-04-14T15:00:00Z,20.582,20.59,20.34,20.474,2543000
2021-04-14T16:00:00Z,20.478,20.478,20.37,20.426,1346500
2021-04-14T17:00:00Z,20.43,20.53,20.386,20.516,4059500
2021-04-14T18:00:00Z,20.516,20.57,20.38,20.434,3576000
2021-04-14T19:00:00Z,20.436,20.458,20.35,20.4,1919500
2021-04-15T13:00:00Z,20.538,20.67,20.14,20.27,5108000
2021-04-15T14:00:00Z,20.27,20.34,20.068,20.136,2145500
2021-04-15T15:00:00Z,20.14,20.166,19.882,19.99,2703000
2021-04-15T16:00:00Z,19.988,20.064,19.84,19.864,2270500
2021-04-15T17:00:00Z,19.866,19.92,19.62,19.634,3713500
2021-04-15T18:00:00Z,19.63,19.716,19.442,19.596,5476000
2021-04-15T19:00:00Z,19.596,19.684,19.442,19.484,6336500
2021-04-16T13:00:00Z,19.68,19.72,19.16,19.204,7255000
2021-04-16T14:00:00Z,19.206,19.338,19.06,19.226,4136000
2021-04-16T15:00:00Z,19.222,19.382,19.198,19.232,1975500
2021-04-16T16:00:00Z,19.24,19.306,19.14,19.196,1611000
2021-04-16T17:00:00Z,19.196,19.29,19.17,19.254,1348000
2021-04-16T18:00:00Z,19.264,19.65,19.222,19.606,3713500
2021-04-16T19:00:00Z,19.61,19.62,19.48,19.542,3215500
2021-04-19T13:00:00Z,19.63,19.68,19.38,19.48,5121000
2021-04-19T14:00:00Z,19.474,19.54,19.28,19.34,4766000
2021-04-19T15:00:00Z,19.338,19.356,19.21,19.28,2677500
2021-04-19T16:00:00Z,19.26,19.446,19.2,19.444,3763000
2021-04-19T17:00:00Z,19.446,19.56,19.308,19.44,4341000
2021-04-19T18:00:00Z,19.44,19.548,19.42,19.49,2584000
2021-04-19T19:00:00Z,19.494,19.502,19.24,19.252,2856500
2021-04-20T13:00:00Z,19.312,19.42,18.77,18.824,7417500
2021-04-20T14:00:00Z,18.836,18.978,18.56,18.59,4738500
2021-04-20T15:00:00Z,18.594,18.74,18.46,18.624,5121500
2021-04-20T16:00:00Z,18.624,18.778,18.54,18.714,3250500
2021-04-20T17:00:00Z,18.714,18.756,18.58,18.704,1878500
2021-04-20T18:00:00Z,18.702,18.72,18.522,18.592,2451000
2021-04-20T19:00:00Z,18.588,18.72,18.56,18.576,3079500
2021-04-22T13:00:00Z,18.77,18.79,18.47,18.47,4192000
2021-04-22T14:00:00Z,18.472,18.618,18.35,18.402,2681500
2021-04-22T15:00:00Z,18.4,18.492,18.382,18.39,1872500
2021-04-22T16:00:00Z,18.39,18.442,18.38,18.404,1416500
2021-04-22T17:00:00Z,18.406,18.432,18.244,18.29,3871000
2021-04-22T18:00:00Z,18.29,18.34,18.222,18.276,2269000
2021-04-22T19:00:00Z,18.278,18.332,18.202,18.228,3884500
2021-04-23T13:00:00Z,18.322,18.76,18.302,18.582,5836000
2021-04-23T14:00:00Z,18.598,18.702,18.36,18.36,4411500
2021-04-23T15:00:00Z,18.36,18.45,18.312,18.362,2095000
2021-04-23T16:00:00Z,18.36,18.398,18.206,18.296,2189000
2021-04-23T17:00:00Z,18.294,18.388,18.244,18.256,1947000
2021-04-23T18:00:00Z,18.256,18.318,18.224,18.274,1316500
2021-04-23T19:00:00Z,18.274,18.4,18.254,18.386,2849000
2021-04-26T13:00:00Z,18.31,18.342,17.96,18.2,5157000
2021-04-26T14:00:00Z,18.2,18.23,18.03,18.054,2641500
2021-04-26T15:00:00Z,18.05,18.172,18.042,18.16,2064500
2021-04-26T16:00:00Z,18.164,18.164,18.06,18.094,1109000
2021-04-26T17:00:00Z,18.094,18.134,18.02,18.042,1603000
2021-04-26T18:00:00Z,18.038,18.108,18.034,18.08,1229500
2021-04-26T19:00:00Z,18.08,18.114,18.022,18.066,2021500
2021-04-27T13:00:00Z,18.14,18.39,18.086,18.32,4508500
2021-04-27T14:00:00Z,18.306,18.34,17.972,18.1,4222500
2021-04-27T15:00:00Z,18.1,18.1,18,18.076,1195500
2021-04-27T16:00:00Z,18.07,18.164,18.04,18.096,1403500
2021-04-27T17:00:00Z,18.096,18.128,18.03,18.074,1376000
2021-04-27T18:00:00Z,18.072,18.1,18.002,18.094,1611000
2021-04-27T19:00:00Z,18.096,18.124,18.004,18.01,2209500
2021-04-28T13:00:00Z,18.186,18.58,18.182,18.458,5632500
2021-04-28T14:00:00Z,18.46,18.692,18.43,18.43,4827500
2021-04-28T15:00:00Z,18.454,18.554,18.34,18.522,2193000
2021-04-28T16:00:00Z,18.52,18.596,18.46,18.51,1349500
2021-04-28T17:00:00Z,18.514,18.57,18.402,18.508,1684000
2021-04-28T18:00:00Z,18.506,18.514,18.34,18.43,2393000
2021-04-28T19:00:00Z,18.43,18.478,18.356,18.39,2367000
2021-04-29T13:00:00Z,18.742,18.858,18.52,18.566,5801500
2021-04-29T14:00:00Z,18.552,18.57,18.274,18.384,3120000
2021-04-29T15:00:00Z,18.396,18.514,18.318,18.348,1561000
2021-04-29T16:00:00Z,18.35,18.64,18.346,18.622,2063500
2021-04-29T17:00:00Z,18.632,18.738,18.468,18.526,2159500
2021-04-29T18:00:00Z,18.526,18.612,18.5,18.52,1181000
2021-04-29T19:00:00Z,18.524,18.526,18.34,18.41,2284500
2021-04-30T13:00:00Z,18.33,18.33,18.086,18.2,3436500
2021-04-30T14:00:00Z,18.18,18.192,17.972,17.986,3714500
2021-04-30T15:00:00Z,17.984,18.14,17.98,18.076,2028500
2021-04-30T16:00:00Z,18.082,18.092,18.016,18.048,1023500
2021-04-30T17:00:00Z,18.04,18.082,17.992,18.046,1548500
2021-04-30T18:00:00Z,18.04,18.256,18.02,18.236,3217500
2021-04-30T19:00:00Z,18.238,18.28,18.21,18.24,1962500
2021-05-03T13:00:00Z,18.582,18.61,18.302,18.37,3457500
2021-05-03T14:00:00Z,18.364,18.536,18.354,18.442,2774500
2021-05-03T15:00:00Z,18.432,18.49,18.38,18.446,1528500
2021-05-03T16:00:00Z,18.456,18.456,18.38,18.398,1556000
2021-05-03T17:00:00Z,18.398,18.398,18.214,18.27,1973500
2021-05-03T18:00:00Z,18.272,18.372,18.15,18.336,2297500
2021-05-03T19:00:00Z,18.328,18.36,18.264,18.324,2443500
2021-05-04T13:00:00Z,18.636,19.066,18.548,18.916,9557000
2021-05-04T14:00:00Z,18.916,19,18.754,18.95,5073000
2021-05-04T15:00:00Z,18.95,18.962,18.78,18.884,2510000
2021-05-04T16:00:00Z,18.88,19.27,18.862,19.264,5657500
2021-05-04T17:00:00Z,19.26,19.37,19.196,19.332,3566000
2021-05-04T18:00:00Z,19.326,19.37,19.09,19.156,3451500
2021-05-04T19:00:00Z,19.156,19.194,19.052,19.11,3635000
2021-05-05T13:00:00Z,19.22,19.44,19.12,19.44,4910500
2021-05-05T14:00:00Z,19.44,19.63,19.362,19.382,4073000
2021-05-05T15:00:00Z,19.38,19.54,19.276,19.512,1956000
2021-05-05T16:00:00Z,19.51,19.518,19.36,19.37,1266000
2021-05-05T17:00:00Z,19.372,19.492,19.37,19.402,1872500
2021-05-05T18:00:00Z,19.404,19.48,19.39,19.458,1686000
2021-05-05T19:00:00Z,19.456,19.46,19.35,19.396,1704500
2021-05-06T13:00:00Z,19.68,19.68,18.9,18.99,2906700
2021-05-06T14:00:00Z,19,19.03,18.66,18.7,1840500
2021-05-06T15:00:00Z,18.69,18.9,18.57,18.65,2254900
2021-05-06T16:00:00Z,18.66,18.75,18.58,18.72,1151200
2021-05-06T17:00:00Z,18.72,18.83,18.62,18.67,1103500
2021-05-06T18:00:00Z,18.67,18.86,18.52,18.84,3322000
2021-05-06T19:00:00Z,18.81,19.26,18.81,19.2,2724100
2021-05-07T13:00:00Z,19.09,19.16,18.67,18.7,3549900
2021-05-07T14:00:00Z,18.7,18.9,18.69,18.75,2761300
2021-05-07T15:00:00Z,18.75,18.84,18.7,18.8,1172100
2021-05-07T16:00:00Z,18.8,19,18.78,18.98,1693900
2021-05-07T17:00:00Z,18.99,19,18.82,18.89,1009100
2021-05-07T18:00:00Z,18.89,19.06,18.89,19.01,996700
2021-05-07T19:00:00Z,19.01,19.22,19.01,19.22,2005900
2021-05-10T13:00:00Z,19.36,19.53,18.9,18.95,2425400
2021-05-10T14:00:00Z,18.93,19.02,18.72,18.93,3077500
2021-05-10T15:00:00Z,18.94,18.94,18.75,18.84,1090700
2021-05-10T16:00:00Z,18.85,18.89,18.75,18.77,685100
2021-05-10T17:00:00Z,18.8,18.81,18.71,18.76,736000
2021-05-10T18:00:00Z,18.76,18.8,18.55,18.59,2767800
2021-05-10T19:00:00Z,18.57,18.63,18.46,18.55,3134300
2021-05-11T13:00:00Z,18.52,18.52,17.79,18.39,3844600
2021-05-11T14:00:00Z,18.39,18.42,17.92,18.05,2201000
2021-05-11T15:00:00Z,18.04,18.17,18.02,18.13,578500
2021-05-11T16:00:00Z,18.12,18.14,18.02,18.05,476700
2021-05-11T17:00:00Z,18.04,18.15,18.03,18.13,504300
2021-05-11T18:00:00Z,18.13,18.14,18.04,18.11,646300
2021-05-11T19:00:00Z,18.11,18.24,18.07,18.1,1051800
2021-05-12T13:00:00Z,18.2,18.41,18,18.36,2295600
2021-05-12T14:00:00Z,18.35,18.37,18.14,18.19,937300
2021-05-12T15:00:00Z,18.19,18.24,18.06,18.12,657100
2021-05-12T16:00:00Z,18.13,18.31,18.01,18.28,972800
2021-05-12T17:00:00Z,18.3,18.3,18.1,18.13,510500
2021-05-12T18:00:00Z,18.14,18.15,17.8,17.9,1598700
2021-05-12T19:00:00Z,17.91,17.92,17.55,17.7,2076300
2021-05-13T13:00:00Z,17.7,17.82,17.35,17.78,2432000
2021-05-13T14:00:00Z,17.77,17.89,17.59,17.62,989100
2021-05-13T15:00:00Z,17.63,17.66,17.28,17.3,1908500
2021-05-13T16:00:00Z,17.29,17.61,17.25,17.47,1009900
2021-05-13T17:00:00Z,17.47,17.52,17.19,17.25,1535000
2021-05-13T18:00:00Z,17.25,17.45,17.2,17.41,1594800
2021-05-13T19:00:00Z,17.42,17.45,17.08,17.3,3482800
2021-05-14T13:00:00Z,17.65,17.9,17.4,17.79,1867900
2021-05-14T14:00:00Z,17.79,18.07,17.73,17.98,1936600
2021-05-14T15:00:00Z,17.97,18.17,17.9,17.94,1204500
2021-05-14T16:00:00Z,17.91,18.04,17.87,18.01,559600
2021-05-14T17:00:00Z,18,18.2,17.99,18.18,1136200
2021-05-14T18:00:00Z,18.17,18.3,18.12,18.23,1532300
2021-05-14T19:00:00Z,18.23,18.35,18.14,18.31,1205000
2021-05-17T13:00:00Z,18.14,18.59,18,18.43,1910300
2021-05-17T14:00:00Z,18.42,18.79,18.36,18.73,2108100
2021-05-17T15:00:00Z,18.73,18.75,18.58,18.65,628700
2021-05-17T16:00:00Z,18.65,18.79,18.52,18.78,1263500
2021-05-17T17:00:00Z,18.78,18.84,18.62,18.68,734400
2021-05-17T18:00:00Z,18.68,18.95,18.65,18.94,1214100
2021-05-17T19:00:00Z,18.95,18.97,18.74,18.77,1397400
2021-05-18T13:00:00Z,18.8,19.1,18.57,18.63,2092500
2021-05-18T14:00:00Z,18.61,18.79,18.6,18.75,513100
2021-05-18T15:00:00Z,18.75,18.97,18.71,18.88,569600
2021-05-18T16:00:00Z,18.86,18.9,18.68,18.84,614400
2021-05-18T17:00:00Z,18.84,18.89,18.75,18.87,369500
2021-05-18T18:00:00Z,18.86,18.9,18.65,18.76,512800
2021-05-18T19:00:00Z,18.77,18.84,18.62,18.65,921700
2021-05-19T13:00:00Z,18.2,18.63,18.09,18.51,1375700
2021-05-19T14:00:00Z,18.51,18.52,18.24,18.3,888300
2021-05-19T15:00:00Z,18.3,18.44,18.23,18.38,848800
2021-05-19T16:00:00Z,18.37,18.4,18.31,18.38,398500
2021-05-19T17:00:00Z,18.38,18.55,18.37,18.49,552500
2021-05-19T18:00:00Z,18.48,18.55,18.12,18.13,1436000
2021-05-19T19:00:00Z,18.13,18.2,18.05,18.2,1408700
2021-05-20T13:00:00Z,18.25,18.39,17.93,17.99,1423200
2021-05-20T14:00:00Z,18,18.05,17.73,17.89,2488800
2021-05-20T15:00:00Z,17.89,17.96,17.74,17.83,890400
2021-05-20T16:00:00Z,17.85,17.86,17.74,17.83,765500
2021-05-20T17:00:00Z,17.82,17.82,17.68,17.74,828900
2021-05-20T18:00:00Z,17.73,17.8,17.61,17.73,785100
2021-05-20T19:00:00Z,17.72,17.83,17.7,17.76,868200
2021-05-21T13:00:00Z,18.03,18.2,17.85,18.12,2060500
2021-05-21T14:00:00Z,18.12,18.17,17.85,17.9,1088500
2021-05-21T15:00:00Z,17.9,17.95,17.86,17.92,468000
2021-05-21T16:00:00Z,17.92,18.13,17.92,18.07,1204100
2021-05-21T17:00:00Z,18.07,18.17,17.97,18.15,1136100
2021-05-21T18:00:00Z,18.15,18.2,18.1,18.15,649000
2021-05-21T19:00:00Z,18.14,18.15,18.02,18.02,765600
2021-05-24T13:00:00Z,18.2,18.7,18.12,18.69,2361100
2021-05-24T14:00:00Z,18.7,19.05,18.56,18.85,3548200
2021-05-24T15:00:00Z,18.85,19.17,18.84,19.15,2586600
2021-05-24T16:00:00Z,19.15,19.29,19.05,19.27,2228200
2021-05-24T17:00:00Z,19.27,19.29,19.17,19.23,1543900
2021-05-24T18:00:00Z,19.22,19.25,19.01,19.18,1242100
2021-05-24T19:00:00Z,19.18,19.29,19.14,19.22,2354300
2021-05-25T13:00:00Z,19.26,19.4,19,19.15,1663700
2021-05-25T14:00:00Z,19.15,19.25,19.07,19.11,704600
2021-05-25T15:00:00Z,19.09,19.09,18.85,18.96,1306000
2021-05-25T16:00:00Z,18.97,19.03,18.89,18.92,392800
2021-05-25T17:00:00Z,18.91,18.99,18.8,18.88,621600
2021-05-25T18:00:00Z,18.88,18.93,18.76,18.8,724900
2021-05-25T19:00:00Z,18.81,18.88,18.72,18.75,873900
2021-05-26T13:00:00Z,18.83,19,18.45,18.76,1307800
2021-05-26T14:00:00Z,18.75,18.99,18.61,18.99,641900
2021-05-26T15:00:00Z,18.99,19.1,18.83,18.95,784400
2021-05-26T16:00:00Z,18.96,18.97,18.81,18.82,449300
2021-05-26T17:00:00Z,18.82,18.89,18.75,18.75,397300
2021-05-26T18:00:00Z,18.75,18.84,18.7,18.81,383200
2021-05-26T19:00:00Z,18.81,18.85,18.73,18.83,901000
2021-05-27T13:00:00Z,18.92,19.35,18.85,19.3,1755900
2021-05-27T14:00:00Z,19.3,20.07,19.3,19.84,6201000
2021-05-27T15:00:00Z,19.85,19.9,19.46,19.58,2591900
2021-05-27T16:00:00Z,19.58,19.73,19.55,19.68,920700
2021-05-27T17:00:00Z,19.68,19.69,19.31,19.56,1320600
2021-05-27T18:00:00Z,19.56,19.56,19.24,19.27,1003200
2021-05-27T19:00:00Z,19.27,19.5,19.17,19.43,1493200
2021-05-28T13:00:00Z,19.65,19.67,19.12,19.27,1962900
2021-05-28T14:00:00Z,19.26,19.63,19.26,19.61,1101400
2021-05-28T15:00:00Z,19.62,19.79,19.54,19.64,993700
2021-05-28T16:00:00Z,19.64,19.69,19.55,19.58,650700
2021-05-28T17:00:00Z,19.58,19.73,19.58,19.64,572800
2021-05-28T18:00:00Z,19.64,19.71,19.62,19.69,593400
2021-05-28T19:00:00Z,19.7,19.71,19.56,19.65,1321500
2021-05-31T13:00:00Z,19.78,20.24,19.76,20.08,2629600
2021-05-31T14:00:00Z,20.07,20.07,19.61,19.75,1539900
2021-05-31T15:00:00Z,19.74,19.76,19.55,19.71,841700
2021-05-31T16:00:00Z,19.72,19.76,19.61,19.68,490900
2021-05-31T17:00:00Z,19.69,19.77,19.63,19.69,452200
2021-05-31T18:00:00Z,19.69,19.75,19.65,19.7,501700
2021-05-31T19:00:00Z,19.71,19.73,19.56,19.61,798600
2021-06-01T13:00:00Z,20.22,20.58,20.2,20.23,4360300
2021-06-01T14:00:00Z,20.23,20.27,19.87,20,1611700
2021-06-01T15:00:00Z,20,20.12,19.91,19.95,1062100
2021-06-01T16:00:00Z,19.95,19.96,19.65,19.7,1418000
2021-06-01T17:00:00Z,19.69,19.8,19.45,19.55,1538900
2021-06-01T18:00:00Z,19.55,19.65,19.42,19.52,1831600
2021-06-01T19:00:00Z,19.51,19.69,19.46,19.69,1213100
2021-06-02T13:00:00Z,19.8,19.85,19.55,19.74,1465900
2021-06-02T14:00:00Z,19.72,19.83,19.7,19.75,801100
2021-06-02T15:00:00Z,19.73,20.38,19.73,20.28,3225600
2021-06-02T16:00:00Z,20.3,20.37,20.13,20.3,1962300
2021-06-02T17:00:00Z,20.29,20.51,20.29,20.46,2594100
2021-06-02T18:00:00Z,20.45,20.57,20.41,20.51,1791500
2021-06-02T19:00:00Z,20.52,20.52,20.17,20.3,2418800
2021-06-04T13:00:00Z,20.49,20.98,20.43,20.76,3226700
2021-06-04T14:00:00Z,20.76,20.87,20.36,20.45,1882000
2021-06-04T15:00:00Z,20.45,20.67,20.4,20.61,1248700
2021-06-04T16:00:00Z,20.62,20.75,20.39,20.59,1796000
2021-06-04T17:00:00Z,20.59,20.6,20.38,20.54,1381900
2021-06-04T18:00:00Z,20.55,20.6,20.18,20.59,1915300
2021-06-04T19:00:00Z,20.59,20.6,20.34,20.49,1671300
2021-06-07T13:00:00Z,20.48,20.49,19.81,19.91,2251900
2021-06-07T14:00:00Z,19.91,19.98,19.65,19.7,2353300
2021-06-07T15:00:00Z,19.71,19.85,19.58,19.69,2280800
2021-06-07T16:00:00Z,19.7,19.75,19.55,19.61,1728400
2021-06-07T17:00:00Z,19.62,19.74,19.61,19.73,1124300
2021-06-07T18:00:00Z,19.74,19.87,19.71,19.8,1619000
2021-06-07T19:00:00Z,19.8,19.8,19.71,19.72,1531800
2021-06-08T13:00:00Z,19.71,19.75,19.1,19.2,2785500
2021-06-08T14:00:00Z,19.2,19.44,19.05,19.41,2432900
2021-06-08T15:00:00Z,19.42,19.55,19.22,19.28,1195800
2021-06-08T16:00:00Z,19.28,19.28,19.13,19.17,835900
2021-06-08T17:00:00Z,19.18,19.35,19.1,19.34,882700
2021-06-08T18:00:00Z,19.34,19.35,19.21,19.25,615400
2021-06-08T19:00:00Z,19.25,19.41,19.24,19.4,1428600
2021-06-09T13:00:00Z,19.5,19.59,19.25,19.58,1636800
2021-06-09T14:00:00Z,19.57,19.67,19.35,19.42,3719400
2021-06-09T15:00:00Z,19.42,19.44,19.3,19.34,891800
2021-06-09T16:00:00Z,19.34,19.35,19.06,19.16,1291200
2021-06-09T17:00:00Z,19.14,19.21,19.1,19.13,739100
2021-06-09T18:00:00Z,19.13,19.15,19.05,19.09,687900
2021-06-09T19:00:00Z,19.09,19.12,19,19.09,1232700
2021-06-10T13:00:00Z,19.21,19.4,19,19.25,1703900
2021-06-10T14:00:00Z,19.25,19.33,19.15,19.24,584300
2021-06-10T15:00:00Z,19.24,19.38,19.21,19.37,577700
2021-06-10T16:00:00Z,19.36,19.38,19.08,19.15,889800
2021-06-10T17:00:00Z,19.14,19.27,19.14,19.25,500700
2021-06-10T18:00:00Z,19.26,19.5,19.22,19.47,966700
2021-06-10T19:00:00Z,19.48,19.59,19.4,19.48,1394500
2021-06-11T13:00:00Z,19.45,19.7,19.2,19.23,1227900
2021-06-11T14:00:00Z,19.2,19.3,19.15,19.25,802900
2021-06-11T15:00:00Z,19.24,19.46,19.22,19.44,830300
2021-06-11T16:00:00Z,19.43,19.49,19.31,19.46,573900
2021-06-11T17:00:00Z,19.47,19.64,19.46,19.63,744800
2021-06-11T18:00:00Z,19.63,19.63,19.41,19.49,607700
2021-06-11T19:00:00Z,19.5,19.62,19.44,19.61,934000
2021-06-14T13:00:00Z,19.85,20.14,19.82,20.02,2288700
2021-06-14T14:00:00Z,20.03,20.26,20,20.05,2130200
2021-06-14T15:00:00Z,20.05,20.07,19.85,19.91,1106900
2021-06-14T16:00:00Z,19.91,19.95,19.7,19.74,1107200
2021-06-14T17:00:00Z,19.74,19.8,19.61,19.7,937800
2021-06-14T18:00:00Z,19.7,19.7,19.31,19.37,1722300
2021-06-14T19:00:00Z,19.37,19.51,19.36,19.41,1335800
2021-06-15T13:00:00Z,19.45,20.15,19.45,20.02,3531100
2021-06-15T14:00:00Z,20.03,20.22,19.82,19.96,3189300
2021-06-15T15:00:00Z,19.96,20.03,19.85,19.87,938000
2021-06-15T16:00:00Z,19.87,19.96,19.74,19.96,1072500
2021-06-15T17:00:00Z,19.95,20.37,19.92,20.18,4611200
2021-06-15T18:00:00Z,20.19,20.19,20,20.1,1280800
2021-06-15T19:00:00Z,20.11,20.16,19.92,20.08,1221100
2021-06-16T13:00:00Z,20.12,20.35,20,20.11,1536100
2021-06-16T14:00:00Z,20.1,20.16,20.04,20.09,743800
2021-06-16T15:00:00Z,20.1,20.22,20.07,20.14,791500
2021-06-16T16:00:00Z,20.13,20.19,20.02,20.09,641800
2021-06-16T17:00:00Z,20.09,20.12,19.84,20.05,1907500
2021-06-16T18:00:00Z,20.05,20.05,19.71,19.96,2253900
2021-06-16T19:00:00Z,19.96,20.15,19.92,20.07,1762100
2021-06-17T13:00:00Z,19.98,20.08,19.75,19.77,1327000
2021-06-17T14:00:00Z,19.77,19.82,19.18,19.33,3688300
2021-06-17T15:00:00Z,19.33,19.34,19.01,19.04,2585700
2021-06-17T16:00:00Z,19.03,19.17,19,19.16,1642400
2021-06-17T17:00:00Z,19.15,19.21,19.11,19.17,1165500
2021-06-17T18:00:00Z,19.17,19.2,19.03,19.05,1663600
2021-06-17T19:00:00Z,19.04,19.12,19.03,19.11,1519900
2021-06-18T13:00:00Z,19.11,19.12,18.48,18.88,3936200
2021-06-18T14:00:00Z,18.87,19.2,18.8,19.09,1792700
2021-06-18T15:00:00Z,19.09,19.14,18.96,19.07,706400
2021-06-18T16:00:00Z,19.07,19.13,19,19.04,502600
2021-06-18T17:00:00Z,19.03,19.08,18.93,19.07,723900
2021-06-18T18:00:00Z,19.07,19.2,19.05,19.12,1328600
2021-06-18T19:00:00Z,19.1,19.15,18.93,18.99,1434200
2021-06-21T13:00:00Z,19.13,19.32,19.05,19.1,1364300
2021-06-21T14:00:00Z,19.1,19.4,19.06,19.15,1095500
2021-06-21T15:00:00Z,19.16,19.25,19.11,19.12,555100
2021-06-21T16:00:00Z,19.13,19.19,19.1,19.12,502000
2021-06-21T17:00:00Z,19.13,19.21,19.1,19.16,629800
2021-06-21T18:00:00Z,19.17,19.3,19.16,19.21,1000700
2021-06-21T19:00:00Z,19.22,19.49,19.17,19.37,1667700
2021-06-22T13:00:00Z,19.23,19.38,19.11,19.13,1112600
2021-06-22T14:00:00Z,19.12,19.19,19.1,19.13,679700
2021-06-22T15:00:00Z,19.13,19.2,19.12,19.15,418500
2021-06-22T16:00:00Z,19.14,19.18,19.01,19.06,827800
2021-06-22T17:00:00Z,19.07,19.12,19.02,19.06,635100
2021-06-22T18:00:00Z,19.06,19.17,19.02,19.13,507500
2021-06-22T19:00:00Z,19.14,19.29,19.1,19.28,1253200
2021-06-23T13:00:00Z,19.4,19.73,19.35,19.68,1994200
2021-06-23T14:00:00Z,19.67,19.69,19.45,19.49,969200
2021-06-23T15:00:00Z,19.49,19.59,19.39,19.5,732800
2021-06-23T16:00:00Z,19.5,19.57,19.4,19.43,861200
2021-06-23T17:00:00Z,19.43,19.5,19.41,19.48,348000
2021-06-23T18:00:00Z,19.46,19.49,19.29,19.45,1096900
2021-06-23T19:00:00Z,19.44,19.55,19.4,19.49,1062500
2021-06-24T13:00:00Z,19.54,19.65,19.36,19.43,983500
2021-06-24T14:00:00Z,19.43,19.5,19.36,19.47,601700
2021-06-24T15:00:00Z,19.46,19.48,19.35,19.44,509400
2021-06-24T16:00:00Z,19.44,19.45,19.34,19.43,388800
2021-06-24T17:00:00Z,19.44,19.45,19.3,19.39,631900
2021-06-24T18:00:00Z,19.39,19.4,19.21,19.25,809500
2021-06-24T19:00:00Z,19.26,19.4,19.25,19.4,1283300
2021-06-25T13:00:00Z,19.6,20,19.33,19.35,4476400
2021-06-25T14:00:00Z,19.38,19.55,19.35,19.47,774300
2021-06-25T15:00:00Z,19.48,19.49,19.14,19.27,1511100
2021-06-25T16:00:00Z,19.28,19.34,19.18,19.2,768400
2021-06-25T17:00:00Z,19.2,19.23,18.91,19.04,2282200
2021-06-25T18:00:00Z,19.05,19.07,18.89,18.93,1330400
2021-06-25T19:00:00Z,18.94,19.06,18.87,19.03,1416800
2021-06-28T13:00:00Z,19.12,19.32,19.09,19.16,1071500
2021-06-28T14:00:00Z,19.16,19.2,18.7,18.8,1783200
2021-06-28T15:00:00Z,18.81,18.95,18.8,18.83,622500
2021-06-28T16:00:00Z,18.84,18.86,18.78,18.83,483100
2021-06-28T17:00:00Z,18.83,18.85,18.76,18.8,780600
2021-06-28T18:00:00Z,18.79,18.82,18.66,18.77,1340900
2021-06-28T19:00:00Z,18.76,18.84,18.74,18.81,1827400
2021-06-29T13:00:00Z,18.88,18.96,18.8,18.85,922500
2021-06-29T14:00:00Z,18.85,18.85,18.57,18.63,1333100
2021-06-29T15:00:00Z,18.63,18.77,18.62,18.74,925400
2021-06-29T16:00:00Z,18.74,18.79,18.7,18.74,662100
2021-06-29T17:00:00Z,18.73,18.81,18.66,18.69,1168300
2021-06-29T18:00:00Z,18.69,19.13,18.55,19.13,2144900
2021-06-29T19:00:00Z,19.12,19.17,18.95,19.02,2152400
2021-06-30T13:00:00Z,19.14,19.3,18.95,19.25,1549600
2021-06-30T14:00:00Z,19.24,19.73,19.22,19.69,4653000
2021-06-30T15:00:00Z,19.69,19.75,19.53,19.68,3022800
2021-06-30T16:00:00Z,19.69,19.8,19.55,19.66,2495900
2021-06-30T17:00:00Z,19.64,19.71,19.46,19.6,2508700
2021-06-30T18:00:00Z,19.6,19.66,19.47,19.54,1664500
2021-06-30T19:00:00Z,19.55,19.59,19.27,19.5,2227000
2021-07-01T13:00:00Z,19.8,20.32,19.73,20.05,6004800
2021-07-01T14:00:00Z,20.05,20.18,19.7,19.83,2793900
2021-07-01T15:00:00Z,19.83,19.99,19.73,19.99,1555500
2021-07-01T16:00:00Z,20,20.45,20,20.36,5456500
2021-07-01T17:00:00Z,20.35,20.43,20.1,20.19,2322200
2021-07-01T18:00:00Z,20.19,20.3,19.95,20.11,1906700
2021-07-01T19:00:00Z,20.11,20.55,20.11,20.45,5633600
2021-07-02T13:00:00Z,20.54,20.9,20.32,20.89,2806700
2021-07-02T14:00:00Z,20.89,21.34,20.78,21.29,4531300
2021-07-02T15:00:00Z,21.3,21.5,21.17,21.4,2834800
2021-07-02T16:00:00Z,21.4,21.4,21,21.2,3792800
2021-07-02T17:00:00Z,21.2,21.35,21.08,21.22,1872900
2021-07-02T18:00:00Z,21.22,21.25,20.94,21.14,2067000
2021-07-02T19:00:00Z,21.14,21.35,21.11,21.3,2047600
2021-07-05T13:00:00Z,21.36,21.99,21.26,21.35,3829500
2021-07-05T14:00:00Z,21.34,21.72,21.19,21.62,2104100
2021-07-05T15:00:00Z,21.61,21.9,21.52,21.69,2248100
2021-07-05T16:00:00Z,21.68,21.9,21.61,21.88,1795400
2021-07-05T17:00:00Z,21.89,21.9,21.4,21.54,1744300
2021-07-05T18:00:00Z,21.53,21.65,21.47,21.62,1201700
2021-07-05T19:00:00Z,21.62,21.64,21.42,21.5,1327300
2021-07-06T13:00:00Z,21.43,21.71,21.2,21.36,2173700
2021-07-06T14:00:00Z,21.36,21.37,20.81,20.86,1948400
2021-07-06T15:00:00Z,20.86,20.95,20.56,20.57,2188700
2021-07-06T16:00:00Z,20.57,20.69,20.35,20.42,2296400
2021-07-06T17:00:00Z,20.43,20.48,20.22,20.23,2019600
2021-07-06T18:00:00Z,20.24,20.42,20.16,20.33,2656400
2021-07-06T19:00:00Z,20.32,20.36,20.05,20.22,3656000
2021-07-07T13:00:00Z,20.62,20.7,19.76,19.78,4733300
2021-07-07T14:00:00Z,19.79,19.93,19.55,19.64,2544900
2021-07-07T15:00:00Z,19.64,19.85,19.57,19.73,1540600
2021-07-07T16:00:00Z,19.73,19.75,19.57,19.65,4285800
2021-07-07T17:00:00Z,19.64,19.85,19.57,19.82,1809500
2021-07-07T18:00:00Z,19.82,20.04,19.78,19.86,1994000
2021-07-07T19:00:00Z,19.86,19.92,19.83,19.88,1758500
2021-07-08T13:00:00Z,19.45,19.58,19.1,19.39,2305600
2021-07-08T14:00:00Z,19.37,19.54,19.3,19.54,1467700
2021-07-08T15:00:00Z,19.53,19.8,19.51,19.65,913300
2021-07-08T16:00:00Z,19.65,19.9,19.63,19.77,882200
2021-07-08T17:00:00Z,19.77,19.85,19.5,19.6,1032900
2021-07-08T18:00:00Z,19.6,19.63,19.45,19.56,1407200
2021-07-08T19:00:00Z,19.56,19.62,19.4,19.59,1643700
2021-07-12T13:00:00Z,19.67,19.78,19.22,19.37,2098500
2021-07-12T14:00:00Z,19.36,19.43,19.26,19.38,1160100
2021-07-12T15:00:00Z,19.38,19.42,19.25,19.38,1089900
2021-07-12T16:00:00Z,19.37,19.4,19.3,19.32,743800
2021-07-12T17:00:00Z,19.31,19.41,19.26,19.32,1293800
2021-07-12T18:00:00Z,19.3,19.44,19.28,19.33,1114600
2021-07-12T19:00:00Z,19.32,19.43,19.31,19.41,1135100
2021-07-13T13:00:00Z,19.4,19.46,19.12,19.12,2802300
2021-07-13T14:00:00Z,19.12,19.25,18.97,19.03,3378200
2021-07-13T15:00:00Z,19.01,19.23,19.01,19.22,1695400
2021-07-13T16:00:00Z,19.22,19.28,19.18,19.25,998500
2021-07-13T17:00:00Z,19.25,19.32,19.22,19.31,1029000
2021-07-13T18:00:00Z,19.31,19.64,19.25,19.54,1733000
2021-07-13T19:00:00Z,19.54,19.65,19.5,19.51,1153500
2021-07-14T13:00:00Z,19.75,19.8,19.5,19.79,2489400
2021-07-14T14:00:00Z,19.79,19.88,19.56,19.63,1745000
2021-07-14T15:00:00Z,19.63,19.67,19.54,19.62,1262000
2021-07-14T16:00:00Z,19.62,19.69,19.55,19.55,941000
2021-07-14T17:00:00Z,19.56,19.59,19.4,19.42,1063600
2021-07-14T18:00:00Z,19.42,19.53,19.37,19.5,949900
2021-07-14T19:00:00Z,19.51,19.51,19.38,19.39,1117000
2021-07-15T13:00:00Z,19.39,19.52,19.01,19.07,2756100
2021-07-15T14:00:00Z,19.08,19.18,18.99,19.04,2818700
2021-07-15T15:00:00Z,19.06,19.09,18.87,18.94,2591600
2021-07-15T16:00:00Z,18.94,18.98,18.87,18.92,2387200
2021-07-15T17:00:00Z,18.92,19.05,18.91,18.93,1793200
2021-07-15T18:00:00Z,18.93,19.01,18.93,18.96,1306000
2021-07-15T19:00:00Z,18.97,19,18.88,19,2856300
2021-07-16T13:00:00Z,19.1,19.11,18.82,18.89,2205500
2021-07-16T14:00:00Z,18.88,18.95,18.74,18.9,2652000
2021-07-16T15:00:00Z,18.9,18.94,18.82,18.91,862900
2021-07-16T16:00:00Z,18.91,19,18.88,19,860200
2021-07-16T17:00:00Z,18.98,19.16,18.95,18.97,1713500
2021-07-16T18:00:00Z,18.98,18.98,18.85,18.86,799500
2021-07-16T19:00:00Z,18.87,18.88,18.82,18.85,2626000
2021-07-19T13:00:00Z,18.39,18.39,17.91,17.97,3533900
2021-07-19T14:00:00Z,17.96,18.23,17.92,18.1,3390300
2021-07-19T15:00:00Z,18.1,18.14,17.97,18.1,1921600
2021-07-19T16:00:00Z,18.09,18.12,17.87,17.9,3077500
2021-07-19T17:00:00Z,17.9,17.93,17.76,17.87,2124900
2021-07-19T18:00:00Z,17.88,17.97,17.84,17.86,1556000
2021-07-19T19:00:00Z,17.85,18.04,17.84,18.02,2974300
2021-07-20T13:00:00Z,18.27,18.39,17.95,18.23,3175200
2021-07-20T14:00:00Z,18.22,18.55,18.2,18.51,2287600
2021-07-20T15:00:00Z,18.51,18.6,18.34,18.53,1177400
2021-07-20T16:00:00Z,18.53,18.8,18.45,18.78,1692700
2021-07-20T17:00:00Z,18.79,18.8,18.61,18.67,764200
2021-07-20T18:00:00Z,18.66,18.76,18.64,18.75,1072900
2021-07-20T19:00:00Z,18.75,18.81,18.71,18.79,1548000
2021-07-21T13:00:00Z,19.01,19.23,18.83,19.08,2630000
2021-07-21T14:00:00Z,19.07,19.1,18.88,18.99,2183400
2021-07-21T15:00:00Z,18.99,19.09,18.95,19.07,1022800
2021-07-21T16:00:00Z,19.07,19.19,19.02,19.08,849600
2021-07-21T17:00:00Z,19.09,19.17,19.01,19.05,924600
2021-07-21T18:00:00Z,19.06,19.06,18.88,18.95,1924900
2021-07-21T19:00:00Z,18.96,19.03,18.85,18.96,1549900
2021-07-22T13:00:00Z,18.93,19.01,18.73,18.82,1426700
2021-07-22T14:00:00Z,18.81,18.89,18.68,18.71,840800
2021-07-22T15:00:00Z,18.72,18.8,18.69,18.79,391600
2021-07-22T16:00:00Z,18.78,18.88,18.75,18.86,475900
2021-07-22T17:00:00Z,18.87,18.95,18.82,18.94,563900
2021-07-22T18:00:00Z,18.94,19.1,18.93,18.99,1191100
2021-07-22T19:00:00Z,19,19.11,18.95,19.1,1846700
2021-07-23T13:00:00Z,19,19.07,18.88,19,811700
2021-07-23T14:00:00Z,19,19.05,18.85,19.05,1158100
2021-07-23T15:00:00Z,19.04,19.05,18.81,18.86,690500
2021-07-23T16:00:00Z,18.87,18.95,18.77,18.8,926200
2021-07-23T17:00:00Z,18.8,18.95,18.72,18.92,974800
2021-07-23T18:00:00Z,18.92,18.93,18.77,18.84,385200
2021-07-23T19:00:00Z,18.82,19.02,18.81,18.95,1538000
2021-07-26T13:00:00Z,18.8,19.17,18.74,19.08,1284900
2021-07-26T14:00:00Z,19.08,19.15,18.93,19.08,755600
2021-07-26T15:00:00Z,19.08,19.1,18.91,18.98,1538300
2021-07-26T16:00:00Z,18.99,19.01,18.82,18.9,1103800
2021-07-26T17:00:00Z,18.89,18.95,18.8,18.92,795300
2021-07-26T18:00:00Z,18.92,18.94,18.85,18.88,647000
2021-07-26T19:00:00Z,18.88,18.9,18.75,18.8,1089500
2021-07-27T13:00:00Z,18.7,18.7,18.28,18.29,1976700
2021-07-27T14:00:00Z,18.29,18.32,17.97,18.07,2696400
2021-07-27T15:00:00Z,18.06,18.11,17.92,18.01,1984400
2021-07-27T16:00:00Z,18.01,18.01,17.89,17.91,1779600
2021-07-27T17:00:00Z,17.91,17.97,17.88,17.9,1439100
2021-07-27T18:00:00Z,17.89,17.95,17.82,17.83,4631700
2021-07-27T19:00:00Z,17.82,18.04,17.81,17.99,4239400
2021-07-28T13:00:00Z,18.12,18.34,17.92,17.97,2548000
2021-07-28T14:00:00Z,17.98,18.02,17.64,17.85,3323500
2021-07-28T15:00:00Z,17.85,18.09,17.75,17.89,3411300
2021-07-28T16:00:00Z,17.88,18.16,17.8,18.15,1627600
2021-07-28T17:00:00Z,18.15,18.38,18.07,18.2,3793300
2021-07-28T18:00:00Z,18.21,18.49,18.13,18.36,3095800
2021-07-28T19:00:00Z,18.36,18.42,17.95,18.04,2428000
2021-07-29T13:00:00Z,18.15,18.37,18.12,18.14,1479400
2021-07-29T14:00:00Z,18.13,18.28,18.04,18.26,959900
2021-07-29T15:00:00Z,18.25,18.54,18.2,18.52,1413000
2021-07-29T16:00:00Z,18.52,18.53,18.36,18.4,676800
2021-07-29T17:00:00Z,18.4,18.43,18.3,18.39,386000
2021-07-29T18:00:00Z,18.39,18.5,18.38,18.46,603400
2021-07-29T19:00:00Z,18.47,18.48,18.33,18.43,746600
2021-07-30T13:00:00Z,18.2,18.28,17.87,17.9,2140900
2021-07-30T14:00:00Z,17.92,17.99,17.88,17.91,1213000
2021-07-30T15:00:00Z,17.9,18.02,17.9,17.95,784400
2021-07-30T16:00:00Z,17.94,17.97,17.9,17.91,405800
2021-07-30T17:00:00Z,17.91,17.91,17.66,17.67,1571400
2021-07-30T18:00:00Z,17.67,17.75,17.56,17.71,1192800
2021-07-30T19:00:00Z,17.71,17.9,17.68,17.73,1561800
2021-08-02T13:00:00Z,18.06,18.27,17.9,18.27,1633000
2021-08-02T14:00:00Z,18.27,18.35,17.95,18.07,1581700
2021-08-02T15:00:00Z,18.07,18.12,17.85,17.86,1755700
2021-08-02T16:00:00Z,17.86,17.93,17.7,17.79,1515000
2021-08-02T17:00:00Z,17.79,17.86,17.75,17.81,901200
2021-08-02T18:00:00Z,17.8,17.94,17.77,17.83,1258900
2021-08-02T19:00:00Z,17.83,17.87,17.62,17.7,1609800
2021-08-03T13:00:00Z,17.61,17.75,17.23,17.24,2486500
2021-08-03T14:00:00Z,17.25,17.43,17.17,17.35,1298800
2021-08-03T15:00:00Z,17.36,17.8,17.36,17.71,1325800
2021-08-03T16:00:00Z,17.72,17.84,17.62,17.82,838900
2021-08-03T17:00:00Z,17.81,17.92,17.79,17.8,630800
2021-08-03T18:00:00Z,17.81,17.94,17.74,17.78,950400
2021-08-03T19:00:00Z,17.79,18,17.78,17.92,1727100
2021-08-04T13:00:00Z,17.7,17.7,17.21,17.38,3980300
2021-08-04T14:00:00Z,17.38,17.54,17.31,17.47,1961000
2021-08-04T15:00:00Z,17.47,17.51,17.22,17.27,2080500
2021-08-04T16:00:00Z,17.27,17.4,17.25,17.36,974200
2021-08-04T17:00:00Z,17.35,17.43,17.29,17.42,876700
2021-08-04T18:00:00Z,17.43,17.44,17.3,17.35,887100
2021-08-04T19:00:00Z,17.35,17.38,17.25,17.27,1629700
2021-08-05T13:00:00Z,17.7,18.1,17.55,18.1,3727400
2021-08-05T14:00:00Z,18.1,18.22,17.82,17.83,2616900
2021-08-05T15:00:00Z,17.83,17.91,17.57,17.63,1612300
2021-08-05T16:00:00Z,17.62,17.72,17.4,17.52,1873300
2021-08-05T17:00:00Z,17.54,17.65,17.26,17.42,2965200
2021-08-05T18:00:00Z,17.41,17.48,17.27,17.3,1688500
2021-08-05T19:00:00Z,17.3,17.4,17.25,17.27,1634600
2021-08-06T13:00:00Z,17.36,17.46,17.13,17.19,1564900
2021-08-06T14:00:00Z,17.2,17.26,17.09,17.18,948100
2021-08-06T15:00:00Z,17.18,17.39,17.12,17.37,984500
2021-08-06T16:00:00Z,17.37,17.59,17.36,17.49,1561000
2021-08-06T17:00:00Z,17.48,17.67,17.46,17.52,1282900
2021-08-06T18:00:00Z,17.52,17.57,17.34,17.42,949800
2021-08-06T19:00:00Z,17.42,17.46,17.35,17.39,1342900
2021-08-09T13:00:00Z,17.18,17.27,16.81,17.05,3278000
2021-08-09T14:00:00Z,17.06,17.16,16.86,16.88,1887300
2021-08-09T15:00:00Z,16.88,17.23,16.87,17.22,1971800
2021-08-09T16:00:00Z,17.22,17.38,17.19,17.35,2192900
2021-08-09T17:00:00Z,17.34,17.57,17.27,17.52,1366600
2021-08-09T18:00:00Z,17.52,17.57,17.45,17.5,1137500
2021-08-09T19:00:00Z,17.5,17.75,17.49,17.67,1759800
2021-08-10T13:00:00Z,17.7,18.26,17.7,18.16,3436400
2021-08-10T14:00:00Z,18.16,18.38,18.16,18.26,3740700
2021-08-10T15:00:00Z,18.27,18.45,18.25,18.35,2667000
2021-08-10T16:00:00Z,18.35,18.48,18.32,18.46,2965100
2021-08-10T17:00:00Z,18.46,18.55,18.4,18.51,3007700
2021-08-10T18:00:00Z,18.5,18.7,18.5,18.64,3192900
2021-08-10T19:00:00Z,18.64,18.78,18.55,18.77,4791200
2021-08-11T13:00:00Z,18.62,18.65,18.28,18.31,2577800
2021-08-11T14:00:00Z,18.3,18.53,18.28,18.5,3847700
2021-08-11T15:00:00Z,18.5,18.5,18.25,18.32,2449100
2021-08-11T16:00:00Z,18.31,18.39,18.28,18.39,1106300
2021-08-11T17:00:00Z,18.39,18.48,18.33,18.45,784400
2021-08-11T18:00:00Z,18.47,18.47,18.34,18.39,671800
2021-08-11T19:00:00Z,18.39,18.42,18.3,18.3,1137700
2021-08-12T13:00:00Z,18.35,18.36,18.14,18.29,1343000
2021-08-12T14:00:00Z,18.28,18.36,18.03,18.11,1565600
2021-08-12T15:00:00Z,18.11,18.29,18.1,18.2,628500
2021-08-12T16:00:00Z,18.2,18.27,18.1,18.15,705700
2021-08-12T17:00:00Z,18.16,18.18,18.03,18.11,834900
2021-08-12T18:00:00Z,18.11,18.11,17.81,17.83,1663800
2021-08-12T19:00:00Z,17.83,17.87,17.69,17.77,2039400
2021-08-13T13:00:00Z,17.92,18.01,17.43,17.44,1377500
2021-08-13T14:00:00Z,17.43,17.5,17.2,17.32,1369800
2021-08-13T15:00:00Z,17.32,17.5,17.32,17.43,826600
2021-08-13T16:00:00Z,17.45,17.45,17.23,17.27,622900
2021-08-13T17:00:00Z,17.28,17.37,17.28,17.31,525400
2021-08-13T18:00:00Z,17.32,17.35,17.2,17.24,1091300
2021-08-13T19:00:00Z,17.23,17.39,17.23,17.3,1674600
2021-08-16T13:00:00Z,17.21,17.25,16.7,16.81,2877700
2021-08-16T14:00:00Z,16.81,17.07,16.75,16.98,1605500
2021-08-16T15:00:00Z,16.98,17,16.84,16.89,1207900
2021-08-16T16:00:00Z,16.9,16.93,16.79,16.91,991600
2021-08-16T17:00:00Z,16.91,17,16.88,16.96,1169800
2021-08-16T18:00:00Z,16.96,16.97,16.75,16.76,1397500
2021-08-16T19:00:00Z,16.76,16.85,16.72,16.77,2132200
2021-08-17T13:00:00Z,16.69,16.69,16.22,16.42,2617700
2021-08-17T14:00:00Z,16.42,16.85,16.4,16.53,2038400
2021-08-17T15:00:00Z,16.53,16.61,16.43,16.5,1338600
2021-08-17T16:00:00Z,16.49,16.54,16.39,16.4,1376200
2021-08-17T17:00:00Z,16.4,16.44,16.25,16.36,1379700
2021-08-17T18:00:00Z,16.36,16.53,16.31,16.47,1912400
2021-08-17T19:00:00Z,16.49,16.67,16.37,16.6,2033000
2021-08-18T13:00:00Z,16.79,16.98,16.32,16.58,3173400
2021-08-18T14:00:00Z,16.57,16.68,16.39,16.68,4076500
2021-08-18T15:00:00Z,16.67,17.11,16.6,17.06,2371900
2021-08-18T16:00:00Z,17.05,17.36,16.98,17.35,2327400
2021-08-18T17:00:00Z,17.35,17.87,17.33,17.86,3292300
2021-08-18T18:00:00Z,17.86,17.97,17.52,17.71,4110300
2021-08-18T19:00:00Z,17.71,17.71,17.16,17.22,4064100
2021-08-19T13:00:00Z,16.65,17.2,16.65,17.1,3622800
2021-08-19T14:00:00Z,17.09,17.8,17.03,17.45,3631900
2021-08-19T15:00:00Z,17.45,17.88,17.4,17.79,1395100
2021-08-19T16:00:00Z,17.8,17.95,17.7,17.9,1142700
2021-08-19T17:00:00Z,17.9,18.06,17.77,17.83,1538900
2021-08-19T18:00:00Z,17.85,18.22,17.78,18.06,2863000
2021-08-19T19:00:00Z,18.07,18.31,17.98,18.31,2005500
2021-08-20T13:00:00Z,17.91,17.95,17.57,17.79,2200800
2021-08-20T14:00:00Z,17.79,18.39,17.75,18.02,2743100
2021-08-20T15:00:00Z,18.03,18.3,17.98,18.19,1215100
2021-08-20T16:00:00Z,18.18,18.34,18.15,18.27,569300
2021-08-20T17:00:00Z,18.28,18.3,18.04,18.17,1462900
2021-08-20T18:00:00Z,18.19,18.31,18.1,18.16,1586300
2021-08-20T19:00:00Z,18.16,18.21,18.04,18.07,1381300
2021-08-23T13:00:00Z,18.23,18.76,18.23,18.59,3405700
2021-08-23T14:00:00Z,18.59,18.88,18.5,18.78,2196000
2021-08-23T15:00:00Z,18.78,18.83,18.63,18.69,2616200
2021-08-23T16:00:00Z,18.7,18.75,18.63,18.71,563900
2021-08-23T17:00:00Z,18.71,18.8,18.66,18.73,947500
2021-08-23T18:00:00Z,18.73,18.87,18.65,18.8,1656600
2021-08-23T19:00:00Z,18.8,18.84,18.71,18.76,1710000
2021-08-24T13:00:00Z,18.77,19.03,18.75,18.99,1923700
2021-08-24T14:00:00Z,18.99,19.13,18.96,19.1,1419300
2021-08-24T15:00:00Z,19.1,19.25,19.08,19.21,1568000
2021-08-24T16:00:00Z,19.21,19.28,19.19,19.24,732900
2021-08-24T17:00:00Z,19.23,19.42,19.15,19.39,2283000
2021-08-24T18:00:00Z,19.38,19.42,19.2,19.23,1402100
2021-08-24T19:00:00Z,19.23,19.25,19.08,19.11,1249100
2021-08-25T13:00:00Z,19.12,19.15,18.78,19.02,2586800
2021-08-25T14:00:00Z,19.02,19.29,18.96,19.12,2580700
2021-08-25T15:00:00Z,19.13,19.14,18.93,18.97,629700
2021-08-25T16:00:00Z,18.96,19,18.81,18.83,841000
2021-08-25T17:00:00Z,18.84,18.85,18.73,18.8,768900
2021-08-25T18:00:00Z,18.81,19.06,18.8,19,911000
2021-08-25T19:00:00Z,19,19,18.77,18.88,1786700
2021-08-26T13:00:00Z,18.75,19,18.64,18.9,1034200
2021-08-26T14:00:00Z,18.9,18.96,18.56,18.6,2067200
2021-08-26T15:00:00Z,18.6,18.6,18.28,18.41,2048500
2021-08-26T16:00:00Z,18.41,18.54,18.36,18.36,841300
2021-08-26T17:00:00Z,18.36,18.5,18.17,18.21,1702800
2021-08-26T18:00:00Z,18.21,18.28,18.1,18.19,1220000
2021-08-26T19:00:00Z,18.18,18.27,17.96,18.07,1702800
2021-08-27T13:00:00Z,18.34,19.33,18.33,19.09,6571300
2021-08-27T14:00:00Z,19.09,19.34,18.85,19,3423300
2021-08-27T15:00:00Z,18.99,19.14,18.9,19.11,1263300
2021-08-27T16:00:00Z,19.11,19.12,18.82,18.9,2133200
2021-08-27T17:00:00Z,18.9,19.02,18.78,18.94,1413600
2021-08-27T18:00:00Z,18.94,19.16,18.91,19.01,1895100
2021-08-27T19:00:00Z,19.01,19.57,19.01,19.57,5057100
2021-08-30T13:00:00Z,19.63,19.9,19.1,19.28,4336600
2021-08-30T14:00:00Z,19.27,19.52,19.19,19.52,1627400
2021-08-30T15:00:00Z,19.51,19.57,19.34,19.44,2618900
2021-08-30T16:00:00Z,19.44,19.55,19.4,19.51,1054800
2021-08-30T17:00:00Z,19.51,19.53,19.26,19.27,1423400
2021-08-30T18:00:00Z,19.28,19.4,19.25,19.36,762200
2021-08-30T19:00:00Z,19.35,19.39,19.16,19.3,993700
2021-08-31T13:00:00Z,19.17,19.43,19.02,19.13,1377700
2021-08-31T14:00:00Z,19.13,19.22,19.07,19.1,760200
2021-08-31T15:00:00Z,19.09,19.22,19.06,19.1,579300
2021-08-31T16:00:00Z,19.1,19.28,19.08,19.19,710600
2021-08-31T17:00:00Z,19.19,19.28,19.06,19.08,791700
2021-08-31T18:00:00Z,19.08,19.21,18.9,19.05,1327100
2021-08-31T19:00:00Z,19.04,19.14,18.93,19.13,830000
2021-09-01T13:00:00Z,19.23,19.26,18.54,18.73,2561700
2021-09-01T14:00:00Z,18.72,19.15,18.69,18.99,2486200
2021-09-01T15:00:00Z,18.99,19.01,18.64,18.73,1172200
2021-09-01T16:00:00Z,18.73,18.85,18.67,18.8,771700
2021-09-01T17:00:00Z,18.8,18.99,18.79,18.92,951800
2021-09-01T18:00:00Z,18.91,18.98,18.71,18.72,1291800
2021-09-01T19:00:00Z,18.72,18.85,18.65,18.67,1667700
2021-09-02T13:00:00Z,18.79,19.1,18.45,19.1,2925000
2021-09-02T14:00:00Z,19.09,19.22,18.85,18.94,2818000
2021-09-02T15:00:00Z,18.95,19.04,18.8,18.86,1044400
2021-09-02T16:00:00Z,18.87,18.89,18.71,18.75,870900
2021-09-02T17:00:00Z,18.73,18.8,18.6,18.69,1431000
2021-09-02T18:00:00Z,18.7,18.92,18.65,18.83,2601800
2021-09-02T19:00:00Z,18.83,19.07,18.72,18.85,2883600
2021-09-03T13:00:00Z,19.03,19.14,18.56,18.69,2244100
2021-09-03T14:00:00Z,18.67,18.94,18.25,18.27,3418400
2021-09-03T15:00:00Z,18.26,18.47,18.04,18.06,1956500
2021-09-03T16:00:00Z,18.04,18.25,18.03,18.07,1422500
2021-09-03T17:00:00Z,18.06,18.13,17.67,17.72,3406600
2021-09-03T18:00:00Z,17.72,18.25,17.69,17.96,4769500
2021-09-03T19:00:00Z,17.96,18.29,17.89,18.29,3705700
2021-09-06T13:00:00Z,18.09,18.15,17.8,17.97,1346600
2021-09-06T14:00:00Z,17.95,18.28,17.94,18.14,1324800
2021-09-06T15:00:00Z,18.14,18.39,18.14,18.27,896600
2021-09-06T16:00:00Z,18.25,18.45,18.22,18.45,557400
2021-09-06T17:00:00Z,18.44,18.73,18.4,18.67,1133700
2021-09-06T18:00:00Z,18.67,18.78,18.61,18.64,996700
2021-09-06T19:00:00Z,18.64,18.69,18.45,18.52,1095600
2021-09-08T13:00:00Z,18.37,18.65,18.12,18.28,1964400
2021-09-08T14:00:00Z,18.28,18.37,17.91,17.96,1671500
2021-09-08T15:00:00Z,17.95,18.08,17.78,18.05,1683200
2021-09-08T16:00:00Z,18.05,18.28,18,18.26,1470300
2021-09-08T17:00:00Z,18.26,18.52,18.13,18.34,2328600
2021-09-08T18:00:00Z,18.34,18.57,18.3,18.5,1472500
2021-09-08T19:00:00Z,18.5,18.55,18.17,18.3,2457700
2021-09-09T13:00:00Z,18.36,19.24,18.32,19.24,4658800
2021-09-09T14:00:00Z,19.24,19.63,19.04,19.4,6320400
2021-09-09T15:00:00Z,19.4,19.5,19.15,19.24,2498400
2021-09-09T16:00:00Z,19.23,19.55,19.17,19.36,2755800
2021-09-09T17:00:00Z,19.35,19.42,19.1,19.15,2612900
2021-09-09T18:00:00Z,19.15,19.32,19.1,19.11,2481300
2021-09-09T19:00:00Z,19.12,20.05,19.04,19.75,7438800
2021-09-10T13:00:00Z,19.97,20.15,19.58,19.72,4148500
2021-09-10T14:00:00Z,19.73,19.92,19.57,19.72,1563200
2021-09-10T15:00:00Z,19.7,19.79,19.52,19.52,1039800
2021-09-10T16:00:00Z,19.54,19.72,19.46,19.61,1273200
2021-09-10T17:00:00Z,19.61,19.67,19.38,19.41,1495400
2021-09-10T18:00:00Z,19.42,19.45,19.25,19.31,1588600
2021-09-10T19:00:00Z,19.31,19.36,19.01,19.12,2193800
2021-09-13T13:00:00Z,19.5,19.94,19.38,19.78,3900800
2021-09-13T14:00:00Z,19.78,20.12,19.76,19.92,4105700
2021-09-13T15:00:00Z,19.92,20,19.8,19.92,1093300
2021-09-13T16:00:00Z,19.93,19.95,19.7,19.85,1544300
2021-09-13T17:00:00Z,19.84,19.93,19.7,19.78,1220800
2021-09-13T18:00:00Z,19.78,19.84,19.63,19.79,1351300
2021-09-13T19:00:00Z,19.79,19.79,19.43,19.5,1527400
2021-09-14T13:00:00Z,19.51,20.2,19.26,20.05,3470600
2021-09-14T14:00:00Z,20.05,20.05,19.45,19.48,3917900
2021-09-14T15:00:00Z,19.48,19.71,19.47,19.64,2109900
2021-09-14T16:00:00Z,19.64,19.77,19.53,19.6,1163000
2021-09-14T17:00:00Z,19.59,19.69,19.5,19.56,1251000
2021-09-14T18:00:00Z,19.55,19.61,19.51,19.55,1270600
2021-09-14T19:00:00Z,19.55,19.63,19.35,19.54,3273400
2021-09-15T13:00:00Z,19.81,20.5,19.75,20.38,5496700
2021-09-15T14:00:00Z,20.38,20.67,20.25,20.36,6210300
2021-09-15T15:00:00Z,20.35,20.49,20.27,20.37,1466500
2021-09-15T16:00:00Z,20.37,20.45,20.2,20.35,1222700
2021-09-15T17:00:00Z,20.36,20.42,20.21,20.4,1240000
2021-09-15T18:00:00Z,20.4,20.94,20.4,20.85,5188200
2021-09-15T19:00:00Z,20.86,21.35,20.77,21.12,7829700
2021-09-16T13:00:00Z,20.89,21.28,20.35,20.69,5468300
2021-09-16T14:00:00Z,20.68,20.9,20.63,20.72,1300800
2021-09-16T15:00:00Z,20.72,20.89,20.52,20.63,1312700
2021-09-16T16:00:00Z,20.62,20.66,20.53,20.64,1267900
2021-09-16T17:00:00Z,20.64,20.84,20.61,20.77,1368200
2021-09-16T18:00:00Z,20.77,20.85,20.69,20.75,1478900
2021-09-16T19:00:00Z,20.75,20.92,20.66,20.88,2895700
2021-09-17T13:00:00Z,20.74,20.94,20.64,20.73,2118100
2021-09-17T14:00:00Z,20.74,20.8,20.13,20.18,2671500
2021-09-17T15:00:00Z,20.19,20.29,20.04,20.13,1628800
2021-09-17T16:00:00Z,20.13,20.35,20.05,20.3,1625100
2021-09-17T17:00:00Z,20.3,20.34,20.2,20.27,892300
2021-09-17T18:00:00Z,20.26,20.34,20.12,20.14,1198200
2021-09-17T19:00:00Z,20.14,20.23,19.93,20.09,3560200
2021-09-20T13:00:00Z,19.34,19.4,18.83,18.91,6480700
2021-09-20T14:00:00Z,18.91,19,18.27,18.37,7977900
2021-09-20T15:00:00Z,18.36,18.6,18.19,18.27,4728300
2021-09-20T16:00:00Z,18.27,18.45,18.23,18.3,3329400
2021-09-20T17:00:00Z,18.3,18.39,18.11,18.29,2916300
2021-09-20T18:00:00Z,18.29,18.4,18.24,18.33,3395900
2021-09-20T19:00:00Z,18.33,18.87,18.33,18.85,4920000
2021-09-21T13:00:00Z,19.33,19.59,18.97,19.03,4922700
2021-09-21T14:00:00Z,19.05,19.1,18.12,18.42,5654300
2021-09-21T15:00:00Z,18.41,19.18,18.4,19.16,3906500
2021-09-21T16:00:00Z,19.16,19.55,19.15,19.21,3311300
2021-09-21T17:00:00Z,19.21,19.37,19.07,19.18,2453600
2021-09-21T18:00:00Z,19.19,19.32,19.09,19.19,1384800
2021-09-21T19:00:00Z,19.19,19.45,19.13,19.31,1915900
2021-09-22T13:00:00Z,19.95,20.49,19.85,20.38,6115100
2021-09-22T14:00:00Z,20.39,20.45,19.93,19.96,2709100
2021-09-22T15:00:00Z,19.95,20.34,19.94,20.25,3223000
2021-09-22T16:00:00Z,20.26,20.32,20.02,20.13,1792600
2021-09-22T17:00:00Z,20.13,20.25,20.05,20.22,1514900
2021-09-22T18:00:00Z,20.21,20.75,20.2,20.57,4500500
2021-09-22T19:00:00Z,20.58,20.95,20.54,20.83,3279100
2021-09-23T13:00:00Z,20.65,21.95,20.62,21.52,6209900
2021-09-23T14:00:00Z,21.51,21.79,21.23,21.26,4905700
2021-09-23T15:00:00Z,21.25,21.64,20.88,21.37,5867000
2021-09-23T16:00:00Z,21.37,21.47,21.21,21.24,3084000
2021-09-23T17:00:00Z,21.23,21.39,21.1,21.34,1545400
2021-09-23T18:00:00Z,21.32,21.52,21.23,21.35,2144100
2021-09-23T19:00:00Z,21.34,21.4,21.1,21.21,2655600
2021-09-24T13:00:00Z,20.7,21.74,20.6,21.61,5103800
2021-09-24T14:00:00Z,21.62,22.23,21.56,22.2,6792900
2021-09-24T15:00:00Z,22.19,22.4,21.95,22.28,3419300
2021-09-24T16:00:00Z,22.29,22.5,22.21,22.33,2885100
2021-09-24T17:00:00Z,22.33,22.4,22.25,22.28,1854200
2021-09-24T18:00:00Z,22.28,22.39,21.97,22.02,6931200
2021-09-24T19:00:00Z,22.03,22.25,21.95,22,4095100
2021-09-27T13:00:00Z,22.81,23.4,22.63,22.97,6701800
2021-09-27T14:00:00Z,22.97,23.2,22.85,23.12,3764000
2021-09-27T15:00:00Z,23.13,23.16,22.97,23,1504000
2021-09-27T16:00:00Z,23.01,23.18,22.98,23.09,1725000
2021-09-27T17:00:00Z,23.09,23.09,22.85,22.88,1660400
2021-09-27T18:00:00Z,22.88,23,22.5,22.82,3364100
2021-09-27T19:00:00Z,22.82,23.85,22.81,23.28,5393100
2021-09-28T13:00:00Z,23.24,23.64,22.79,23.15,6604800
2021-09-28T14:00:00Z,23.14,23.18,22.29,22.72,6027700
2021-09-28T15:00:00Z,22.72,22.74,22.35,22.45,2495600
2021-09-28T16:00:00Z,22.45,22.51,22.2,22.23,1611900
2021-09-28T17:00:00Z,22.22,22.34,21.86,21.88,2079800
2021-09-28T18:00:00Z,21.86,22.1,21.66,21.93,2980100
2021-09-28T19:00:00Z,21.92,22.09,21.71,21.82,2375800
2021-09-29T13:00:00Z,22.26,22.55,21.76,22.15,3164000
2021-09-29T14:00:00Z,22.15,22.74,22.12,22.59,2654400
2021-09-29T15:00:00Z,22.59,23.18,22.45,23.15,3197300
2021-09-29T16:00:00Z,23.15,23.18,22.88,23.12,1743000
2021-09-29T17:00:00Z,23.12,23.12,22.75,22.87,2013800
2021-09-29T18:00:00Z,22.88,23,22.82,22.85,1511300
2021-09-29T19:00:00Z,22.85,23.09,22.84,22.92,2404300
2021-09-30T13:00:00Z,23.49,25.29,23.49,24.63,22415300
2021-09-30T14:00:00Z,24.64,24.7,24.32,24.57,5263300
2021-09-30T15:00:00Z,24.57,25.17,24.54,24.95,4483800
2021-09-30T16:00:00Z,24.95,25.14,24.87,25.04,4554900
2021-09-30T17:00:00Z,25.03,25.04,24.79,24.91,2240700
2021-09-30T18:00:00Z,24.92,25.4,24.91,25.15,3737700
2021-09-30T19:00:00Z,25.16,25.37,25.02,25.05,4697700
2021-10-01T13:00:00Z,25.02,26.15,25.02,25.45,11313100
2021-10-01T14:00:00Z,25.44,25.65,25.15,25.5,5216800
2021-10-01T15:00:00Z,25.5,26.05,25.48,25.94,5183300
2021-10-01T16:00:00Z,25.94,25.97,25.72,25.74,2342300
2021-10-01T17:00:00Z,25.74,26.13,25.7,25.77,3411700
2021-10-01T18:00:00Z,25.76,25.86,25.6,25.81,2350900
2021-10-01T19:00:00Z,25.82,26.35,25.81,26.25,4616800
2021-10-04T13:00:00Z,26.58,26.98,26.18,26.84,6878200
2021-10-04T14:00:00Z,26.84,26.84,26.14,26.44,4230000
2021-10-04T15:00:00Z,26.44,26.59,26.22,26.38,1369900
2021-10-04T16:00:00Z,26.38,26.49,26.3,26.36,1158800
2021-10-04T17:00:00Z,26.36,26.75,26.32,26.55,2039900
2021-10-04T18:00:00Z,26.54,26.67,26.35,26.48,1580900
2021-10-04T19:00:00Z,26.48,26.72,25.91,26.07,4942800
2021-10-05T13:00:00Z,26.79,27.44,26.7,27.34,6723800
2021-10-05T14:00:00Z,27.35,27.57,27.32,27.38,3613900
2021-10-05T15:00:00Z,27.38,27.45,26.94,27.02,3904500
2021-10-05T16:00:00Z,27.03,27.14,26.77,26.85,2691400
2021-10-05T17:00:00Z,26.84,26.85,26.36,26.58,2917600
2021-10-05T18:00:00Z,26.58,26.7,26.17,26.2,3381400
2021-10-05T19:00:00Z,26.2,26.47,26.16,26.16,4979900
2021-10-06T13:00:00Z,25.48,25.97,25.31,25.57,6546000
2021-10-06T14:00:00Z,25.57,26.78,25.13,26.68,7130100
2021-10-06T15:00:00Z,26.68,26.99,26.46,26.51,4668700
2021-10-06T16:00:00Z,26.52,26.68,25.92,26.4,6027000
2021-10-06T17:00:00Z,26.4,26.54,26.07,26.47,3068900
2021-10-06T18:00:00Z,26.48,26.5,26.05,26.13,3418600
2021-10-06T19:00:00Z,26.15,26.44,26.1,26.18,3109800
2021-10-07T13:00:00Z,27.3,27.67,26.71,26.78,12416700
2021-10-07T14:00:00Z,26.77,27.05,26.27,26.67,6157500
2021-10-07T15:00:00Z,26.67,26.78,26.5,26.64,1993600
2021-10-07T16:00:00Z,26.63,26.89,26.61,26.85,1329000
2021-10-07T17:00:00Z,26.85,26.87,26.53,26.6,1507500
2021-10-07T18:00:00Z,26.61,27.21,26.6,27.1,3787500
2021-10-07T19:00:00Z,27.1,27.2,26.7,26.73,3125100
2021-10-08T13:00:00Z,26.98,27.29,26.52,26.8,3936200
2021-10-08T14:00:00Z,26.79,26.85,26.4,26.69,3688500
2021-10-08T15:00:00Z,26.68,27.39,26.63,26.87,5338000
2021-10-08T16:00:00Z,26.87,27.12,26.72,26.72,4389100
2021-10-08T17:00:00Z,26.72,26.9,26.5,26.68,2194000
2021-10-08T18:00:00Z,26.67,26.88,26.67,26.71,1152000
2021-10-08T19:00:00Z,26.71,27.08,26.71,27.04,2643500
2021-10-11T13:00:00Z,27.25,28.68,27.24,28.47,9001300
2021-10-11T14:00:00Z,28.5,28.92,28.42,28.67,4120800
2021-10-11T15:00:00Z,28.67,28.76,28.51,28.6,2361600
2021-10-11T16:00:00Z,28.59,28.65,28.3,28.4,1728000
2021-10-11T17:00:00Z,28.4,28.4,27.66,27.7,3814000
2021-10-11T18:00:00Z,27.71,27.91,27.61,27.9,2693200
2021-10-11T19:00:00Z,27.9,28.1,27.77,27.9,2806200
2021-10-13T13:00:00Z,27.96,28.01,26.85,27.02,4674300
2021-10-13T14:00:00Z,27.01,27.44,26.99,27.36,2779200
2021-10-13T15:00:00Z,27.35,27.65,27.31,27.47,2298000
2021-10-13T16:00:00Z,27.48,27.63,27.45,27.57,1568800
2021-10-13T17:00:00Z,27.58,27.64,27.19,27.29,5000100
2021-10-13T19:00:00Z,27,27.25,26.86,26.95,17142500
2021-10-14T13:00:00Z,27.47,27.93,27.13,27.2,6726400
2021-10-14T14:00:00Z,27.2,27.5,27.09,27.42,2674900
2021-10-14T15:00:00Z,27.4,27.62,27.12,27.59,1951000
2021-10-14T16:00:00Z,27.58,28,27.57,27.86,4258200
2021-10-14T17:00:00Z,27.85,28.14,27.75,27.9,3115800
2021-10-14T18:00:00Z,27.89,28.04,27.78,27.97,2312700
2021-10-14T19:00:00Z,27.96,28.14,27.88,28.1,3950700
2021-10-15T13:00:00Z,28.45,28.49,27.8,27.86,4347600
2021-10-15T14:00:00Z,27.87,27.92,27.35,27.74,4437900
2021-10-15T15:00:00Z,27.74,27.74,27.18,27.32,3342900
2021-10-15T16:00:00Z,27.32,27.54,27.28,27.5,1722500
2021-10-15T17:00:00Z,27.51,27.67,27.48,27.6,2351300
2021-10-15T18:00:00Z,27.59,27.79,27.51,27.72,2629900
2021-10-15T19:00:00Z,27.72,27.93,27.66,27.68,3659000
2021-10-18T13:00:00Z,27.8,28.45,27.35,28.13,5079200
2021-10-18T14:00:00Z,28.15,28.45,27.7,27.91,3623100
2021-10-18T15:00:00Z,27.9,27.91,27.4,27.47,3131600
2021-10-18T16:00:00Z,27.46,27.58,27.25,27.55,2309500
2021-10-18T17:00:00Z,27.54,27.65,27.06,27.11,1786000
2021-10-18T18:00:00Z,27.12,27.25,26.97,27.1,2620100
2021-10-18T19:00:00Z,27.09,27.15,27,27.14,2155200
2021-10-19T13:00:00Z,27.02,27.45,26.61,27.03,4511400
2021-10-19T14:00:00Z,27.05,27.35,26.95,27.04,2275600
2021-10-19T15:00:00Z,27.04,27.54,26.66,27.3,3622600
2021-10-19T16:00:00Z,27.29,27.54,27.18,27.47,2871800
2021-10-19T17:00:00Z,27.47,27.67,27.32,27.33,2279100
2021-10-19T18:00:00Z,27.34,27.37,26.74,26.77,2930500
2021-10-19T19:00:00Z,26.75,27.18,26.51,26.61,4037100
2021-10-20T13:00:00Z,26.78,27.16,26.24,26.91,4023300
2021-10-20T14:00:00Z,26.92,27.15,26.7,27.01,2392600
2021-10-20T15:00:00Z,27,27.25,26.73,26.87,2696400
2021-10-20T16:00:00Z,26.87,27.04,26.85,27.01,1038900
2021-10-20T17:00:00Z,27,27.05,26.49,26.79,1867700
2021-10-20T18:00:00Z,26.78,27.07,26.68,26.95,1775900
2021-10-20T19:00:00Z,26.94,27.02,26.85,26.86,1501900
2021-10-21T13:00:00Z,26.22,27.16,26.05,27.12,5448600
2021-10-21T14:00:00Z,27.12,27.47,27.02,27.06,3714700
2021-10-21T15:00:00Z,27.08,27.08,26.44,26.5,3557300
2021-10-21T16:00:00Z,26.51,26.99,26.5,26.81,2139400
2021-10-21T17:00:00Z,26.82,26.89,25.25,25.4,6162600
2021-10-21T18:00:00Z,25.4,26.37,25.27,26.04,5222400
2021-10-21T19:00:00Z,26.05,26.6,26.04,26.2,3845700
2021-10-22T13:00:00Z,26.12,26.74,25.64,25.93,5388600
2021-10-22T14:00:00Z,25.93,25.95,24.15,24.92,6148800
2021-10-22T15:00:00Z,24.94,25.72,24.36,25.39,7093200
2021-10-22T16:00:00Z,25.38,25.65,24.85,25.52,6881000
2021-10-22T17:00:00Z,25.51,26.12,25.39,25.97,4507900
2021-10-22T18:00:00Z,25.96,26.86,25.62,26.37,4658100
2021-10-22T19:00:00Z,26.39,26.68,26.13,26.59,3423500
2021-10-25T13:00:00Z,27.45,27.77,27.15,27.55,4716300
2021-10-25T14:00:00Z,27.55,27.6,27.12,27.35,3200300
2021-10-25T15:00:00Z,27.36,27.39,27,27.09,1716500
2021-10-25T16:00:00Z,27.1,27.29,27,27.16,1342800
2021-10-25T17:00:00Z,27.16,27.35,27.11,27.29,1312900
2021-10-25T18:00:00Z,27.3,27.54,27.2,27.49,2740400
2021-10-25T19:00:00Z,27.48,27.65,27.4,27.48,2793600
2021-10-26T13:00:00Z,27,27.7,26.9,27.17,3624300
2021-10-26T14:00:00Z,27.17,27.36,27.02,27.07,2080400
2021-10-26T15:00:00Z,27.08,27.24,26.86,27.02,1901200
2021-10-26T16:00:00Z,27.02,27.32,27,27.24,1911900
2021-10-26T17:00:00Z,27.24,27.4,27.2,27.26,1416800
2021-10-26T18:00:00Z,27.26,27.6,27.26,27.51,2097900
2021-10-26T19:00:00Z,27.51,27.57,27.17,27.2,1870900
2021-10-27T13:00:00Z,27.26,27.35,26.61,26.85,3964200
2021-10-27T14:00:00Z,26.86,27.2,26.44,26.57,3305100
2021-10-27T15:00:00Z,26.57,26.81,26.24,26.25,2245200
2021-10-27T16:00:00Z,26.28,26.31,25.81,25.83,3495700
2021-10-27T17:00:00Z,25.83,26.05,25.55,25.88,4192300
2021-10-27T18:00:00Z,25.88,26.01,25.4,25.48,2965800
2021-10-27T19:00:00Z,25.48,25.58,25.14,25.21,4625300
2021-10-28T13:00:00Z,24.66,24.76,23.87,24.44,8531800
2021-10-28T14:00:00Z,24.43,24.95,24.25,24.33,6048200
2021-10-28T15:00:00Z,24.32,24.42,23.99,24.06,3739100
2021-10-28T16:00:00Z,24.06,24.37,24.02,24.14,1747700
2021-10-28T17:00:00Z,24.14,24.53,24.08,24.32,1963400
2021-10-28T18:00:00Z,24.31,24.45,23.88,23.91,3353800
2021-10-28T19:00:00Z,23.91,23.92,23.11,23.34,6882100
2021-10-29T13:00:00Z,23.68,23.77,23.13,23.24,4594500
2021-10-29T14:00:00Z,23.22,23.97,23.21,23.89,2246800
2021-10-29T15:00:00Z,23.89,24.05,23.4,23.57,2325800
2021-10-29T16:00:00Z,23.57,23.68,23.43,23.62,1003800
2021-10-29T17:00:00Z,23.63,24.03,23.63,23.73,2171900
2021-10-29T18:00:00Z,23.74,23.91,23.25,23.66,5040900
2021-10-29T19:00:00Z,23.66,24.02,23.22,23.38,3891600
2021-11-01T13:00:00Z,24,24.28,23.3,23.35,3185000
2021-11-01T14:00:00Z,23.36,23.81,23.32,23.5,2859800
2021-11-01T15:00:00Z,23.5,23.56,23.26,23.46,1882200
2021-11-01T16:00:00Z,23.46,23.58,23.37,23.49,1409000
2021-11-01T17:00:00Z,23.51,23.55,23.21,23.21,1681300
2021-11-01T18:00:00Z,23.22,23.41,23.12,23.39,2041500
2021-11-01T19:00:00Z,23.39,23.48,23.32,23.37,2076300
2021-11-03T13:00:00Z,23.1,23.1,22.42,22.56,3671100
2021-11-03T14:00:00Z,22.55,23.18,22.44,22.99,3527000
2021-11-03T15:00:00Z,22.99,23.74,22.8,23.49,3254000
2021-11-03T16:00:00Z,23.47,23.62,23.03,23.06,3042200
2021-11-03T17:00:00Z,23.05,23.16,22.77,22.97,2094400
2021-11-03T18:00:00Z,22.97,23.5,22.9,23.34,2587100
2021-11-03T19:00:00Z,23.34,23.91,23.2,23.82,3487300
2021-11-04T13:00:00Z,23.8,24.28,23.37,23.89,5387600
2021-11-04T14:00:00Z,23.88,24.4,23.85,24.17,3896900
2021-11-04T15:00:00Z,24.17,24.59,24.11,24.36,3304900
2021-11-04T16:00:00Z,24.36,24.43,23.9,23.94,1717600
2021-11-04T17:00:00Z,23.95,24.09,23.5,23.52,2487600
2021-11-04T18:00:00Z,23.53,23.61,23.33,23.52,2185000
2021-11-04T19:00:00Z,23.52,23.64,23.25,23.25,2759800
2021-11-05T13:00:00Z,24,25.39,24,25.11,7752500
2021-11-05T14:00:00Z,25.12,25.38,24.7,24.8,3129500
2021-11-05T15:00:00Z,25.65,27.88,25.46,27.41,12314500
2021-11-05T16:00:00Z,27.44,28.43,27.35,28.4,8896900
2021-11-05T17:00:00Z,28.37,28.86,27.73,27.98,7696400
2021-11-05T18:00:00Z,27.98,28.14,27.11,27.32,5288000
2021-11-05T19:00:00Z,27.32,27.78,27.1,27.67,4489900
2021-11-08T13:00:00Z,27.5,27.93,26.96,27.44,5165300
2021-11-08T14:00:00Z,27.43,28.71,27.19,28.22,5473400
2021-11-08T15:00:00Z,28.21,28.22,27.59,27.61,1684400
2021-11-08T16:00:00Z,27.6,28.04,27.6,27.99,1141400
2021-11-08T17:00:00Z,27.99,28.18,27.92,28.04,1439600
2021-11-08T18:00:00Z,28.05,28.12,27.72,27.88,1402100
2021-11-08T19:00:00Z,27.88,28.08,27.81,27.89,1300500
2021-11-08T20:00:00Z,27.9,27.95,27.45,27.58,2065700
2021-11-09T13:00:00Z,27.88,28.3,26.81,26.92,4102900
2021-11-09T14:00:00Z,26.91,27.64,26.8,26.98,2900700
2021-11-09T15:00:00Z,26.98,27.09,26.42,26.6,2749300
2021-11-09T16:00:00Z,26.6,26.95,26.42,26.79,1895900
2021-11-09T17:00:00Z,26.79,26.85,26.58,26.71,1492300
2021-11-09T18:00:00Z,26.71,26.8,26.47,26.56,1830200
2021-11-09T19:00:00Z,26.56,26.64,26.2,26.35,2712700
2021-11-09T20:00:00Z,26.35,26.54,26.15,26.4,1976900
2021-11-10T13:00:00Z,26.54,27.11,26.31,26.61,3559400
2021-11-10T14:00:00Z,26.61,26.61,26.13,26.53,2325900
2021-11-10T15:00:00Z,26.54,26.64,25.91,26.01,2966800
2021-11-10T16:00:00Z,26.02,26.02,25.61,25.69,2733200
2021-11-10T17:00:00Z,25.69,25.7,25.3,25.58,2247000
2021-11-10T18:00:00Z,25.59,25.68,25.23,25.59,2436500
2021-11-10T19:00:00Z,25.58,25.85,25.31,25.5,1823400
2021-11-10T20:00:00Z,25.51,25.8,25.5,25.65,1408200
2021-11-11T14:00:00Z,25.97,26,25.53,25.6,1712700
2021-11-11T15:00:00Z,25.6,25.72,25.47,25.68,1736600
2021-11-11T16:00:00Z,25.69,25.73,25.6,25.68,1445200
2021-11-11T17:00:00Z,25.68,25.7,25.35,25.37,1313500
2021-11-11T18:00:00Z,25.38,25.51,25.25,25.49,1602500
2021-11-11T19:00:00Z,25.49,25.49,25.23,25.29,1732400
2021-11-11T20:00:00Z,25.29,25.64,25.29,25.58,1437800
2021-11-12T13:00:00Z,24.92,25.32,24.62,24.86,3606900
2021-11-12T14:00:00Z,24.85,24.93,24.28,24.32,2495700
2021-11-12T15:00:00Z,24.31,24.36,24.05,24.12,2267400
2021-11-12T16:00:00Z,24.11,24.43,24.01,24.26,2114200
2021-11-12T17:00:00Z,24.25,24.38,23.91,24.19,2276200
2021-11-12T18:00:00Z,24.19,24.47,24.13,24.25,1725300
2021-11-12T19:00:00Z,24.25,24.51,24.18,24.37,1864200
2021-11-12T20:00:00Z,24.36,24.43,24.27,24.35,1934300
2021-11-16T13:00:00Z,24.37,24.77,24.09,24.13,2116800
2021-11-16T14:00:00Z,24.11,24.15,23.66,23.71,2287800
2021-11-16T15:00:00Z,23.71,23.71,23.47,23.56,1210100
2021-11-16T16:00:00Z,23.56,23.85,23.53,23.74,822900
2021-11-16T17:00:00Z,23.74,23.98,23.72,23.93,964600
2021-11-16T18:00:00Z,23.93,24.02,23.41,23.62,2738800
2021-11-16T19:00:00Z,23.62,23.63,23.33,23.36,2089500
2021-11-16T20:00:00Z,23.36,23.58,23.31,23.48,2512300
2021-11-17T13:00:00Z,23.51,23.78,23,23.73,2843500
2021-11-17T14:00:00Z,23.72,23.94,23.35,23.45,2551700
2021-11-17T15:00:00Z,23.44,23.52,23.24,23.44,1801700
2021-11-17T16:00:00Z,23.44,23.47,23.2,23.32,1819700
2021-11-17T17:00:00Z,23.32,23.42,23.17,23.18,1652100
2021-11-17T18:00:00Z,23.19,23.19,22.68,22.85,3011800
2021-11-17T19:00:00Z,22.86,23.12,22.8,23.03,1849100
2021-11-17T20:00:00Z,23.03,23.07,22.91,23,1603300
2021-11-18T13:00:00Z,22.99,23.11,22.15,22.85,3339400
2021-11-18T14:00:00Z,22.84,23.47,22.84,23.07,2145600
2021-11-18T15:00:00Z,23.06,23.11,22.45,22.64,1621400
2021-11-18T16:00:00Z,22.64,22.66,22.37,22.47,1515600
2021-11-18T17:00:00Z,22.47,22.67,22.38,22.43,1173900
2021-11-18T18:00:00Z,22.43,22.43,22.1,22.2,1927900
2021-11-18T19:00:00Z,22.19,22.24,21.95,22.15,2164100
2021-11-18T20:00:00Z,22.15,22.32,22.01,22.04,1728200
2021-11-19T13:00:00Z,21.34,21.8,20.74,21.55,5513300
2021-11-19T14:00:00Z,21.55,21.85,21.32,21.38,2279500
2021-11-19T15:00:00Z,21.37,21.47,21.16,21.27,2089500
2021-11-19T16:00:00Z,21.27,21.5,21.13,21.49,1910500
2021-11-19T17:00:00Z,21.49,21.55,21.3,21.38,1700800
2021-11-19T18:00:00Z,21.38,21.54,21.13,21.15,1962900
2021-11-19T19:00:00Z,21.16,21.38,21.1,21.29,1681900
2021-11-19T20:00:00Z,21.3,21.35,21.16,21.35,2068100
2021-11-22T13:00:00Z,21.6,22.4,21.45,21.93,4777900
2021-11-22T14:00:00Z,21.92,21.97,21.62,21.65,1620300
2021-11-22T15:00:00Z,21.66,22.13,21.58,22.03,2255300
2021-11-22T16:00:00Z,22.02,22.18,21.73,21.77,1420300
2021-11-22T17:00:00Z,21.77,21.84,21.52,21.54,1091000
2021-11-22T18:00:00Z,21.55,21.7,21.22,21.3,2042300
2021-11-22T19:00:00Z,21.31,21.85,21.28,21.75,2011300
2021-11-22T20:00:00Z,21.76,21.79,21.52,21.52,1655400
2021-11-23T13:00:00Z,21.78,22.13,21.4,22.03,2893400
2021-11-23T14:00:00Z,22.03,23.09,21.95,22.83,4909000
2021-11-23T15:00:00Z,22.83,22.85,21.95,22.01,2492500
2021-11-23T16:00:00Z,22.01,22.38,21.9,22.18,1577900
2021-11-23T17:00:00Z,22.19,22.51,22.03,22.21,1558800
2021-11-23T18:00:00Z,22.21,22.77,22.21,22.6,3554900
2021-11-23T19:00:00Z,22.6,22.71,22.43,22.64,1513500
2021-11-23T20:00:00Z,22.64,22.82,22.49,22.65,1585800
2021-11-24T13:00:00Z,22.5,22.63,22.1,22.14,2497300
2021-11-24T14:00:00Z,22.13,22.61,22.13,22.55,1786600
2021-11-24T15:00:00Z,22.54,22.68,22.37,22.46,1103400
2021-11-24T16:00:00Z,22.45,22.65,22.22,22.23,1139600
2021-11-24T17:00:00Z,22.22,22.33,22.11,22.14,1230800
2021-11-24T18:00:00Z,22.14,22.17,21.72,21.77,2354200
2021-11-24T19:00:00Z,21.76,21.97,21.67,21.92,2178600
2021-11-24T20:00:00Z,21.92,22.05,21.78,21.82,2114000
2021-11-25T13:00:00Z,22.06,22.18,21.32,22.11,4367300
2021-11-25T14:00:00Z,22.12,22.3,21.88,22.28,2093600
2021-11-25T15:00:00Z,22.27,22.4,22.06,22.28,1334300
2021-11-25T16:00:00Z,22.28,22.3,21.94,22.1,1021700
2021-11-25T17:00:00Z,22.09,22.17,22.02,22.07,516100
2021-11-25T18:00:00Z,22.06,22.14,21.68,21.72,2349300
2021-11-25T19:00:00Z,21.7,22.21,21.68,22.15,1601400
2021-11-25T20:00:00Z,22.14,22.25,22,22.1,1460900
2021-11-26T13:00:00Z,20.7,20.99,20.15,20.75,6192800
2021-11-26T14:00:00Z,20.77,20.88,19.9,19.98,6653800
2021-11-26T15:00:00Z,19.97,20.1,19.26,19.33,8317700
2021-11-26T16:00:00Z,19.33,19.9,19.25,19.72,6799100
2021-11-26T17:00:00Z,19.72,20.03,19.55,19.84,4455700
2021-11-26T18:00:00Z,19.83,20.07,19.81,19.95,2799800
2021-11-26T19:00:00Z,19.95,20.05,19.87,20,1700500
2021-11-26T20:00:00Z,20.01,20.07,19.96,20.05,2056800
2021-11-29T13:00:00Z,21.04,21.46,20.82,21.27,4788000
2021-11-29T14:00:00Z,21.26,21.39,20.88,20.95,2295500
2021-11-29T15:00:00Z,20.96,21.06,20.73,20.88,2244300
2021-11-29T16:00:00Z,20.88,20.93,20.62,20.66,1118000
2021-11-29T17:00:00Z,20.66,20.92,20.6,20.85,2266300
2021-11-29T18:00:00Z,20.85,21.23,20.78,21.22,2820800
2021-11-29T19:00:00Z,21.23,21.28,21.02,21.13,1957900
2021-11-29T20:00:00Z,21.12,21.2,20.81,20.92,2010400
2021-11-30T13:00:00Z,20.48,20.94,20.25,20.73,3839900
2021-11-30T14:00:00Z,20.73,20.87,20.26,20.26,2399000
2021-11-30T15:00:00Z,20.27,20.39,19.96,19.96,2576700
2021-11-30T16:00:00Z,19.96,20.09,19.81,19.93,2027900
2021-11-30T17:00:00Z,19.91,19.91,19.47,19.59,3712500
2021-11-30T18:00:00Z,19.6,19.82,19.5,19.77,1825000
2021-11-30T19:00:00Z,19.79,19.98,19.75,19.87,1398300
2021-11-30T20:00:00Z,19.87,20.2,19.83,20.09,1721100
2021-12-01T13:00:00Z,20.85,21.54,20.76,21.05,3920200
2021-12-01T14:00:00Z,21.05,21.21,20.9,21.09,1941500
2021-12-01T15:00:00Z,21.08,21.3,21.03,21.23,1887200
2021-12-01T16:00:00Z,21.22,21.36,21.03,21.09,3270600
2021-12-01T17:00:00Z,21.1,21.2,20.71,20.74,2072300
2021-12-01T18:00:00Z,20.75,20.86,20.35,20.52,2525500
2021-12-01T19:00:00Z,20.53,20.64,20.33,20.39,2027300
2021-12-01T20:00:00Z,20.39,20.57,20.21,20.35,2088300
2021-12-02T13:00:00Z,20.5,21.02,20.35,20.75,3077700
2021-12-02T14:00:00Z,20.75,20.76,19.51,20.35,9684500
2021-12-02T15:00:00Z,20.35,20.68,20.24,20.66,2790700
2021-12-02T16:00:00Z,20.66,21.06,20.63,20.87,2111300
2021-12-02T17:00:00Z,20.88,21.04,20.71,20.86,1405900
2021-12-02T18:00:00Z,20.84,20.88,20.65,20.76,742300
2021-12-02T19:00:00Z,20.75,20.99,20.73,20.75,1094700
2021-12-02T20:00:00Z,20.75,20.94,20.74,20.87,1273100
2021-12-03T13:00:00Z,21.53,21.9,21.16,21.82,4430200
2021-12-03T14:00:00Z,21.82,22.04,21.57,21.62,3655800
2021-12-03T15:00:00Z,21.61,21.78,21.29,21.39,2976200
2021-12-03T16:00:00Z,21.38,21.45,21.07,21.3,1758700
2021-12-03T17:00:00Z,21.29,21.38,21.14,21.32,1155600
2021-12-03T18:00:00Z,21.33,21.54,21.24,21.42,1835500
2021-12-03T19:00:00Z,21.42,21.44,21.12,21.13,1725500
2021-12-03T20:00:00Z,21.14,21.33,21.03,21.13,1911500
2021-12-06T13:00:00Z,21.82,21.99,21.47,21.7,2996600
2021-12-06T14:00:00Z,21.71,21.75,21.36,21.64,2309800
2021-12-06T15:00:00Z,21.65,21.74,21.59,21.71,1231000
2021-12-06T16:00:00Z,21.7,21.72,21.61,21.68,801800
2021-12-06T17:00:00Z,21.68,21.72,21.63,21.64,563000
2021-12-06T18:00:00Z,21.64,21.69,21.53,21.61,3340100
2021-12-06T19:00:00Z,21.61,21.67,21.5,21.67,1078800
2021-12-06T20:00:00Z,21.67,21.7,21.5,21.65,2064300
2021-12-07T13:00:00Z,22.16,22.9,22.15,22.62,4982600
2021-12-07T14:00:00Z,22.62,22.7,22.12,22.37,7074500
2021-12-07T15:00:00Z,22.37,22.5,22.2,22.28,1803400
2021-12-07T16:00:00Z,22.28,22.35,21.98,22.02,1431200
2021-12-07T17:00:00Z,22.01,22.17,21.93,22.07,1743100
2021-12-07T18:00:00Z,22.07,22.3,22,22.26,1670200
2021-12-07T19:00:00Z,22.27,22.43,21.98,22.07,2813200
2021-12-07T20:00:00Z,22.07,22.1,21.85,21.93,2874400
2021-12-08T13:00:00Z,21.93,22.02,21.28,21.71,3132300
2021-12-08T14:00:00Z,21.72,21.89,21.5,21.54,2109000
2021-12-08T15:00:00Z,21.54,21.55,21.07,21.1,2287400
2021-12-08T16:00:00Z,21.1,21.29,20.99,21.23,1399100
2021-12-08T17:00:00Z,21.23,21.3,21.05,21.08,862300
2021-12-08T18:00:00Z,21.08,21.25,21.02,21.15,1561400
2021-12-08T19:00:00Z,21.15,21.15,21.03,21.06,2452100
2021-12-08T20:00:00Z,21.06,21.11,20.82,20.89,3022300
2021-12-09T15:00:00Z,20.83,20.85,20.77,20.84,77200
2021-12-09T16:00:00Z,20.8,20.92,20.77,20.84,309200
2021-12-09T17:00:00Z,20.83,20.94,20.66,20.85,860600
2021-12-09T18:00:00Z,20.84,20.98,20.84,20.93,519600
2021-12-09T19:00:00Z,20.94,20.97,20.76,20.82,566300
2021-12-09T20:00:00Z,20.82,20.82,20.55,20.69,1471300
2021-12-10T13:00:00Z,21.06,21.19,20.71,20.9,3313500
2021-12-10T14:00:00Z,20.89,20.92,20.52,20.56,1562600
2021-12-10T15:00:00Z,20.54,20.8,20.48,20.8,1035900
2021-12-10T16:00:00Z,20.79,20.83,20.71,20.73,795800
2021-12-10T17:00:00Z,20.73,20.75,20.42,20.52,1415200
2021-12-10T18:00:00Z,20.53,20.64,20.45,20.61,802500
2021-12-10T19:00:00Z,20.61,20.73,20.56,20.72,678000
2021-12-10T20:00:00Z,20.71,20.77,20.63,20.66,1206200
2021-12-13T13:00:00Z,20.74,20.95,20.26,20.81,3830900
2021-12-13T14:00:00Z,20.81,21.32,20.62,20.63,3442200
2021-12-13T15:00:00Z,20.61,20.7,20.27,20.32,2305500
2021-12-13T16:00:00Z,20.31,20.42,20.15,20.22,1088000
2021-12-13T17:00:00Z,20.22,20.49,20.2,20.38,1086500
2021-12-13T18:00:00Z,20.37,20.45,20.33,20.37,656600
2021-12-13T19:00:00Z,20.36,20.46,20.33,20.44,624700
2021-12-13T20:00:00Z,20.44,20.48,20.39,20.45,861800
2021-12-14T13:00:00Z,20.43,20.65,20.28,20.3,2229000
2021-12-14T14:00:00Z,20.31,20.38,20.06,20.26,1304300
2021-12-14T15:00:00Z,20.26,20.39,20.12,20.29,1044700
2021-12-14T16:00:00Z,20.3,20.33,20.08,20.08,677300
2021-12-14T17:00:00Z,20.09,20.12,19.76,19.78,1678600
2021-12-14T18:00:00Z,19.77,19.93,19.61,19.65,1424600
2021-12-14T19:00:00Z,19.65,19.77,19.6,19.71,938100
2021-12-14T20:00:00Z,19.71,19.87,19.64,19.7,1323600
2021-12-15T13:00:00Z,19.68,19.94,19.37,19.55,2870200
2021-12-15T14:00:00Z,19.52,19.79,19.05,19.12,2990000
2021-12-15T15:00:00Z,19.12,19.28,18.98,19.2,1669500
2021-12-15T16:00:00Z,19.2,19.45,19.2,19.34,889900
2021-12-15T17:00:00Z,19.34,19.53,19.34,19.48,1209900
2021-12-15T18:00:00Z,19.48,19.63,19.4,19.49,1289900
2021-12-15T19:00:00Z,19.49,19.77,19.32,19.52,1778200
2021-12-15T20:00:00Z,19.53,19.9,19.51,19.82,1698400
2021-12-16T13:00:00Z,20.31,20.58,19.84,19.94,2902200
2021-12-16T14:00:00Z,19.92,20.13,19.71,19.72,1772800
2021-12-16T15:00:00Z,19.72,19.78,19.35,19.58,2279900
2021-12-16T16:00:00Z,19.58,20.03,19.56,19.82,2245000
2021-12-16T17:00:00Z,19.82,20.27,19.77,20.19,3056000
2021-12-16T18:00:00Z,20.21,20.38,20.11,20.18,2317500
2021-12-16T19:00:00Z,20.18,20.22,19.95,19.98,1490900
2021-12-16T20:00:00Z,19.99,20.08,19.91,20.01,1590400
2021-12-17T13:00:00Z,19.45,20.08,19.33,20.04,2637500
2021-12-17T14:00:00Z,20.04,20.16,19.73,19.88,1681000
2021-12-17T15:00:00Z,19.88,20.14,19.6,20.1,1503700
2021-12-17T16:00:00Z,20.09,20.2,20.01,20.06,1030800
2021-12-17T17:00:00Z,20.05,20.17,19.95,20.03,896100
2021-12-17T18:00:00Z,20.03,20.18,19.96,20.16,1029000
2021-12-17T19:00:00Z,20.16,20.42,20.16,20.35,2075800
2021-12-17T20:00:00Z,20.35,20.47,20.21,20.32,2720000
2021-12-20T13:00:00Z,19.53,19.55,18.89,19.1,5642000
2021-12-20T14:00:00Z,19.11,19.36,19.02,19.2,2345400
2021-12-20T15:00:00Z,19.19,19.34,18.97,19.06,1909700
2021-12-20T16:00:00Z,19.05,19.15,18.95,19.01,1381900
2021-12-20T17:00:00Z,19.01,19.03,18.79,18.79,2004100
2021-12-20T18:00:00Z,18.79,18.93,18.75,18.9,1910500
2021-12-20T19:00:00Z,18.9,19.1,18.9,19.04,1213800
2021-12-20T20:00:00Z,19.05,19.11,18.96,19.06,2261300
2021-12-21T13:00:00Z,19.35,19.72,19.08,19.23,5133200
2021-12-21T14:00:00Z,19.23,19.55,19.19,19.5,1614700
2021-12-21T15:00:00Z,19.53,19.79,19.44,19.49,2113400
2021-12-21T16:00:00Z,19.49,19.67,19.47,19.64,633100
2021-12-21T17:00:00Z,19.65,19.75,19.59,19.69,1310700
2021-12-21T18:00:00Z,19.7,19.71,19.54,19.63,938900
2021-12-21T19:00:00Z,19.63,19.65,19.59,19.6,667200
2021-12-21T20:00:00Z,19.61,19.64,19.48,19.58,1115300
2021-12-22T13:00:00Z,19.68,20.27,19.56,20.11,4523000
2021-12-22T14:00:00Z,20.12,20.14,19.69,19.77,1703200
2021-12-22T15:00:00Z,19.78,20.03,19.77,19.98,1331800
2021-12-22T16:00:00Z,19.98,19.98,19.78,19.88,1051900
2021-12-22T17:00:00Z,19.88,19.95,19.84,19.92,565400
2021-12-22T18:00:00Z,19.91,19.94,19.83,19.92,858800
2021-12-22T19:00:00Z,19.92,20.04,19.87,19.9,1146300
2021-12-22T20:00:00Z,19.89,19.9,19.84,19.89,1480300
2021-12-23T13:00:00Z,19.87,20.33,19.84,20.03,2546100
2021-12-23T14:00:00Z,20.01,20.03,19.7,19.78,2489100
2021-12-23T15:00:00Z,19.79,19.79,19.52,19.64,2395100
2021-12-23T16:00:00Z,19.63,19.85,19.62,19.84,1120600
2021-12-23T17:00:00Z,19.84,19.88,19.74,19.84,1199800
2021-12-23T18:00:00Z,19.84,19.95,19.68,19.7,1791300
2021-12-23T19:00:00Z,19.7,19.8,19.68,19.74,1369400
2021-12-23T20:00:00Z,19.74,19.75,19.58,19.7,2353400
2021-12-27T13:00:00Z,19.53,20.03,19.52,19.95,1929800
2021-12-27T14:00:00Z,19.95,20.12,19.85,20.05,1815100
2021-12-27T15:00:00Z,20.05,20.61,19.99,20.48,2740700
2021-12-27T16:00:00Z,20.49,20.54,20.39,20.47,819400
2021-12-27T17:00:00Z,20.46,20.56,20.44,20.45,872600
2021-12-27T18:00:00Z,20.45,20.64,20.34,20.61,1805500
2021-12-27T19:00:00Z,20.61,20.67,20.55,20.55,882100
2021-12-27T20:00:00Z,20.55,20.73,20.48,20.7,1627200
2021-12-28T13:00:00Z,20.8,21.44,20.59,20.65,4780500
2021-12-28T14:00:00Z,20.65,20.75,20.38,20.64,2836800
2021-12-28T15:00:00Z,20.63,20.68,20.48,20.57,1087300
2021-12-28T16:00:00Z,20.57,20.57,20.28,20.34,1384400
2021-12-28T17:00:00Z,20.33,20.33,20.22,20.24,706900
2021-12-28T18:00:00Z,20.24,20.31,20.17,20.23,812200
2021-12-28T19:00:00Z,20.23,20.38,20.17,20.23,1195800
2021-12-28T20:00:00Z,20.23,20.25,20.02,20.11,1444200
2021-12-29T13:00:00Z,20.1,20.24,19.88,19.95,1986600
2021-12-29T14:00:00Z,19.94,20.24,19.93,20.02,2127300
2021-12-29T15:00:00Z,20.02,20.3,19.94,20.26,2217300
2021-12-29T16:00:00Z,20.26,20.33,20.06,20.08,1381900
2021-12-29T17:00:00Z,20.07,20.13,19.97,20.11,978500
2021-12-29T18:00:00Z,20.11,20.24,20.09,20.15,954500
2021-12-29T19:00:00Z,20.14,20.2,20.05,20.06,1056900
2021-12-29T20:00:00Z,20.05,20.16,20.02,20.1,1148000
2021-12-30T13:00:00Z,19.96,20.55,19.96,20.24,2892300
2021-12-30T14:00:00Z,20.24,20.47,20.12,20.4,1531800
2021-12-30T15:00:00Z,20.4,20.44,20.21,20.4,992700
2021-12-30T16:00:00Z,20.4,20.44,20.32,20.44,462200
2021-12-30T17:00:00Z,20.44,20.64,20.39,20.6,1278900
2021-12-30T18:00:00Z,20.6,20.81,20.58,20.77,1390400
2021-12-30T19:00:00Z,20.77,20.85,20.7,20.74,1312200
2021-12-30T20:00:00Z,20.75,20.79,20.67,20.77,1185500
2022-01-03T13:00:00Z,20.66,21.17,20.66,21.09,2730400
2022-01-03T14:00:00Z,21.08,21.09,20.42,20.58,2937800
2022-01-03T15:00:00Z,20.57,20.68,20.42,20.5,1477300
2022-01-03T16:00:00Z,20.49,20.59,20.31,20.4,1518600
2022-01-03T17:00:00Z,20.4,20.55,20.32,20.48,1331500
2022-01-03T18:00:00Z,20.48,20.59,20.45,20.49,1237800
2022-01-03T19:00:00Z,20.48,20.5,20.36,20.39,1115100
2022-01-03T20:00:00Z,20.4,20.41,20.32,20.35,1340500
2022-01-04T13:00:00Z,20.51,20.65,20.14,20.35,2711200
2022-01-04T14:00:00Z,20.37,20.38,20.03,20.13,2153200
2022-01-04T15:00:00Z,20.13,20.62,20.12,20.5,2402400
2022-01-04T16:00:00Z,20.49,20.74,20.37,20.72,2543000
2022-01-04T17:00:00Z,20.71,20.85,20.56,20.57,1547500
2022-01-04T18:00:00Z,20.57,20.65,20.41,20.63,1337000
2022-01-04T19:00:00Z,20.64,20.81,20.59,20.63,1192900
2022-01-04T20:00:00Z,20.63,20.79,20.49,20.74,1558800
2022-01-05T13:00:00Z,20.6,20.64,19.34,19.44,5744400
2022-01-05T14:00:00Z,19.45,19.91,19.23,19.78,5371300
2022-01-05T15:00:00Z,19.79,19.9,19.62,19.72,2292300
2022-01-05T16:00:00Z,19.71,19.72,19.35,19.42,4092400
2022-01-05T17:00:00Z,19.42,19.49,19.06,19.1,3029400
2022-01-05T18:00:00Z,19.11,19.17,18.81,18.83,4181400
2022-01-05T19:00:00Z,18.83,19.01,18.76,18.89,3074200
2022-01-05T20:00:00Z,18.89,18.94,18.55,18.55,4120400
2022-01-06T13:00:00Z,19.01,19.25,18.68,19.14,7548600
2022-01-06T14:00:00Z,19.14,19.44,19.1,19.22,4689900
2022-01-06T15:00:00Z,19.22,19.29,18.98,19.08,2829400
2022-01-06T16:00:00Z,19.08,19.14,18.98,19.08,1747000
2022-01-06T17:00:00Z,19.09,19.09,18.9,18.96,1894800
2022-01-06T18:00:00Z,18.97,19.1,18.82,19.06,2155200
2022-01-06T19:00:00Z,19.06,19.16,18.99,19.03,1670900
2022-01-06T20:00:00Z,19.03,19.09,18.95,18.99,1671500
2022-01-07T13:00:00Z,19.08,19.53,18.84,19.5,5084600
2022-01-07T14:00:00Z,19.5,20.04,19.47,19.52,4823700
2022-01-07T15:00:00Z,19.5,19.85,19.41,19.75,3406300
2022-01-07T16:00:00Z,19.73,19.98,19.61,19.83,1814300
2022-01-07T17:00:00Z,19.82,20.1,19.82,20.05,1968700
2022-01-07T18:00:00Z,20.05,20.28,20.01,20.12,2086900
2022-01-07T19:00:00Z,20.12,20.2,20.02,20.09,1108900
2022-01-07T20:00:00Z,20.09,20.1,19.73,19.89,1894500
2022-01-10T13:00:00Z,19.56,20.25,19.22,20.15,3492800
2022-01-10T14:00:00Z,20.17,20.45,20.08,20.08,4097300
2022-01-10T15:00:00Z,20.08,20.16,19.87,19.98,1852700
2022-01-10T16:00:00Z,19.98,20.15,19.91,19.98,1070300
2022-01-10T17:00:00Z,19.97,19.98,19.69,19.81,1170300
2022-01-10T18:00:00Z,19.81,20.08,19.81,19.99,1594300
2022-01-10T19:00:00Z,19.99,20.2,19.98,20.13,1072200
2022-01-10T20:00:00Z,20.13,20.27,20.04,20.22,1468300
2022-01-11T13:00:00Z,20.21,20.57,20.21,20.38,3072000
2022-01-11T14:00:00Z,20.38,20.83,20.38,20.83,3641900
2022-01-11T15:00:00Z,20.83,20.94,20.73,20.87,1971000
2022-01-11T16:00:00Z,20.87,21.29,20.86,21.23,3017900
2022-01-11T17:00:00Z,21.24,21.35,21.1,21.19,1957100
2022-01-11T18:00:00Z,21.2,21.29,21.08,21.23,1848100
2022-01-11T19:00:00Z,21.24,21.28,21.17,21.27,1183400
2022-01-11T20:00:00Z,21.27,21.29,21.15,21.2,1888400
2022-01-12T13:00:00Z,21.25,21.64,21.06,21.32,4491300
2022-01-12T14:00:00Z,21.32,21.55,21.22,21.39,2393800
2022-01-12T15:00:00Z,21.4,21.41,21,21.09,3655400
2022-01-12T16:00:00Z,21.09,21.26,20.99,21.06,3215800
2022-01-12T17:00:00Z,21.06,21.25,21.04,21.21,1593900
2022-01-12T18:00:00Z,21.21,21.3,21.15,21.3,1737800
2022-01-12T19:00:00Z,21.3,21.39,21.24,21.38,1374100
2022-01-12T20:00:00Z,21.37,21.44,21.3,21.36,2015700
2022-01-13T13:00:00Z,21.18,21.78,21.18,21.75,3373400
2022-01-13T14:00:00Z,21.74,22.61,21.66,22.48,5598100
2022-01-13T15:00:00Z,22.47,22.52,22.13,22.22,3675500
2022-01-13T16:00:00Z,22.22,22.4,22.09,22.19,2232900
2022-01-13T17:00:00Z,22.19,22.21,21.9,21.95,1818200
2022-01-13T18:00:00Z,21.96,22.27,21.93,22.22,1356300
2022-01-13T19:00:00Z,22.21,22.34,22.18,22.24,1663500
2022-01-13T20:00:00Z,22.24,22.25,21.8,22,3571500
2022-01-14T13:00:00Z,22.27,22.65,22.06,22.39,5141600
2022-01-14T14:00:00Z,22.38,22.62,22.13,22.51,3002000
2022-01-14T15:00:00Z,22.51,22.84,22.48,22.78,3144500
2022-01-14T16:00:00Z,22.78,22.82,22.64,22.77,1214600
2022-01-14T17:00:00Z,22.76,22.78,22.55,22.59,1587700
2022-01-14T18:00:00Z,22.59,22.84,22.57,22.79,1736900
2022-01-14T19:00:00Z,22.79,22.9,22.75,22.83,2185200
2022-01-14T20:00:00Z,22.84,23.05,22.84,22.95,2985500
2022-01-17T13:00:00Z,22.9,23.34,22.47,22.49,4079500
2022-01-17T14:00:00Z,22.48,22.92,22.44,22.86,1926600
2022-01-17T15:00:00Z,22.86,23.15,22.82,22.95,1913000
2022-01-17T16:00:00Z,22.94,23,22.68,22.7,1025600
2022-01-17T17:00:00Z,22.7,23,22.68,22.97,831100
2022-01-17T18:00:00Z,22.97,22.99,22.81,22.88,1304000
2022-01-17T19:00:00Z,22.88,22.91,22.76,22.87,908900
2022-01-17T20:00:00Z,22.86,22.92,22.83,22.86,918400
2022-01-18T13:00:00Z,23.04,23.93,23,23.51,7595400
2022-01-18T14:00:00Z,23.54,23.69,23.16,23.47,2960600
2022-01-18T15:00:00Z,23.46,23.8,23.42,23.79,3049200
2022-01-18T16:00:00Z,23.79,23.9,23.58,23.86,2618100
2022-01-18T17:00:00Z,23.86,24,23.57,23.69,4523800
2022-01-18T18:00:00Z,23.69,23.93,23.5,23.93,3264600
2022-01-18T19:00:00Z,23.92,24.07,23.82,23.93,2687100
2022-01-18T20:00:00Z,23.92,23.97,23.79,23.86,2750100
2022-01-19T13:00:00Z,24.34,24.57,24.02,24.17,3906000
2022-01-19T14:00:00Z,24.18,24.32,24.07,24.28,2900300
2022-01-19T15:00:00Z,24.29,24.37,24.14,24.23,1482700
2022-01-19T16:00:00Z,24.22,24.26,23.72,23.9,2743100
2022-01-19T17:00:00Z,23.9,24.15,23.89,24.12,1434400
2022-01-19T18:00:00Z,24.12,24.25,24.04,24.2,2023700
2022-01-19T19:00:00Z,24.2,24.24,23.85,24,2945500
2022-01-19T20:00:00Z,23.99,24.13,23.9,23.98,2084700
2022-01-20T13:00:00Z,23.8,23.98,23.41,23.76,5278400
2022-01-20T14:00:00Z,23.77,24.2,23.61,24.18,3364900
2022-01-20T15:00:00Z,24.18,24.3,24.02,24.1,2440400
2022-01-20T16:00:00Z,24.09,24.29,24.07,24.28,1265700
2022-01-20T17:00:00Z,24.28,24.34,24.2,24.24,1653200
2022-01-20T18:00:00Z,24.23,24.3,24.04,24.27,2002100
2022-01-20T19:00:00Z,24.27,24.35,24.2,24.33,1395400
2022-01-20T20:00:00Z,24.34,24.35,24.14,24.25,1891100
2022-01-21T13:00:00Z,23.6,23.92,23.45,23.75,5293500
2022-01-21T14:00:00Z,23.77,23.87,23.55,23.63,3630900
2022-01-21T15:00:00Z,23.64,23.73,23.24,23.31,4189200
2022-01-21T16:00:00Z,23.3,23.49,23.18,23.18,2163000
2022-01-21T17:00:00Z,23.19,23.39,23.12,23.26,1913100
2022-01-21T18:00:00Z,23.26,23.45,23.18,23.38,2129900
2022-01-21T19:00:00Z,23.38,23.47,23.3,23.37,2066700
2022-01-21T20:00:00Z,23.38,23.58,23.33,23.48,2659400
2022-01-24T13:00:00Z,23.49,23.75,23.03,23.06,3729300
2022-01-24T14:00:00Z,23.05,23.29,22.9,23.05,2517500
2022-01-24T15:00:00Z,23.06,23.23,22.92,23.09,2778300
2022-01-24T16:00:00Z,23.09,23.27,23.02,23.26,3280000
2022-01-24T17:00:00Z,23.27,23.29,22.97,23.17,2621100
2022-01-24T18:00:00Z,23.18,23.5,23.17,23.35,2241200
2022-01-24T19:00:00Z,23.35,23.42,23.25,23.35,1380500
2022-01-24T20:00:00Z,23.35,23.42,23.11,23.2,1654100
2022-01-25T13:00:00Z,23.12,23.27,22.95,23.25,3553300
2022-01-25T14:00:00Z,23.24,23.45,23.08,23.27,2714900
2022-01-25T15:00:00Z,23.26,23.59,23.11,23.48,2486400
2022-01-25T16:00:00Z,23.48,23.85,23.37,23.76,2855800
2022-01-25T17:00:00Z,23.75,23.9,23.51,23.69,2925600
2022-01-25T18:00:00Z,23.7,23.79,23.64,23.72,1955100
2022-01-25T19:00:00Z,23.72,23.86,23.63,23.82,2187600
2022-01-25T20:00:00Z,23.82,24.09,23.67,23.92,2601800
2022-01-26T13:00:00Z,24.6,24.9,24.32,24.42,3756700
2022-01-26T14:00:00Z,24.42,24.45,23.95,24.09,3485700
2022-01-26T15:00:00Z,24.09,24.09,23.82,23.9,2538800
2022-01-26T16:00:00Z,23.91,24.05,23.82,24.02,2552700
2022-01-26T17:00:00Z,24.04,24.1,23.85,23.86,1857000
2022-01-26T18:00:00Z,23.87,23.9,23.75,23.82,1470400
2022-01-26T19:00:00Z,23.83,24.02,23.7,23.82,2635800
2022-01-26T20:00:00Z,23.82,23.83,23.45,23.53,2592000
2022-01-27T13:00:00Z,24,24.28,23.85,23.98,3038800
2022-01-27T14:00:00Z,23.97,24.18,23.69,24.13,2639100
2022-01-27T15:00:00Z,24.13,24.33,23.93,24.32,3444000
2022-01-27T16:00:00Z,24.31,24.46,24.17,24.2,2251300
2022-01-27T17:00:00Z,24.21,24.28,24.02,24.23,1580200
2022-01-27T18:00:00Z,24.23,24.26,23.74,23.89,3071000
2022-01-27T19:00:00Z,23.89,23.91,23.58,23.7,2990300
2022-01-27T20:00:00Z,23.69,23.78,23.38,23.67,3027000
2022-01-28T13:00:00Z,23.85,24.27,23.71,24.08,2814200
2022-01-28T14:00:00Z,24.08,24.15,23.62,23.79,2179600
2022-01-28T15:00:00Z,23.78,23.9,23.64,23.83,1356600
2022-01-28T16:00:00Z,23.84,23.93,23.66,23.72,1671200
2022-01-28T17:00:00Z,23.72,23.79,23.25,23.64,1811200
2022-01-28T18:00:00Z,23.64,23.8,23.6,23.76,1356600
2022-01-28T19:00:00Z,23.77,23.8,23.48,23.78,2356500
2022-01-28T20:00:00Z,23.78,23.82,23.59,23.73,1741500
2022-01-31T13:00:00Z,23.95,24.02,23.53,23.73,2862200
2022-01-31T14:00:00Z,23.73,23.73,23.5,23.63,2255600
2022-01-31T15:00:00Z,23.63,23.68,23.45,23.65,1915300
2022-01-31T16:00:00Z,23.66,23.67,23.38,23.47,1581000
2022-01-31T17:00:00Z,23.47,23.66,23.4,23.61,1247200
2022-01-31T18:00:00Z,23.63,23.71,23.52,23.65,1603900
2022-01-31T19:00:00Z,23.64,23.8,23.62,23.79,1547900
2022-01-31T20:00:00Z,23.79,23.89,23.77,23.78,2538400
2022-02-01T13:00:00Z,23.89,23.92,23.16,23.27,4426900
2022-02-01T14:00:00Z,23.27,23.42,23.2,23.38,2072100
2022-02-01T15:00:00Z,23.38,23.94,23.32,23.75,2645700
2022-02-01T16:00:00Z,23.75,23.78,23.58,23.7,1205600
2022-02-01T17:00:00Z,23.7,23.73,23.61,23.69,860700
2022-02-01T18:00:00Z,23.7,23.8,23.63,23.64,1087200
2022-02-01T19:00:00Z,23.64,23.73,23.62,23.69,866600
2022-02-01T20:00:00Z,23.69,23.77,23.67,23.67,1298900
2022-02-02T13:00:00Z,23.94,24.42,23.94,24.16,4542000
2022-02-02T14:00:00Z,24.16,24.16,23.62,23.71,2798700
2022-02-02T15:00:00Z,23.71,23.82,23.26,23.36,2352200
2022-02-02T16:00:00Z,23.36,23.36,22.58,22.99,2632000
2022-02-02T17:00:00Z,22.98,23.16,22.9,22.98,1243300
2022-02-02T18:00:00Z,22.97,22.99,22.87,22.95,902000
2022-02-02T19:00:00Z,22.95,23.07,22.92,23.06,805100
2022-02-02T20:00:00Z,23.06,23.16,22.9,22.93,1530700
2022-02-03T13:00:00Z,22.9,23.15,22.21,22.49,4374500
2022-02-03T14:00:00Z,22.47,22.82,22.39,22.65,1654300
2022-02-03T15:00:00Z,22.66,22.73,22.54,22.56,671200
2022-02-03T16:00:00Z,22.56,22.6,22.33,22.41,1224200
2022-02-03T17:00:00Z,22.41,22.44,22.3,22.35,1172300
2022-02-03T18:00:00Z,22.35,22.53,22.3,22.5,1027500
2022-02-03T19:00:00Z,22.5,22.73,22.47,22.69,1944700
2022-02-03T20:00:00Z,22.69,22.89,22.66,22.75,1885000
2022-02-04T13:00:00Z,23.15,23.85,23.08,23.66,8240600
2022-02-04T14:00:00Z,23.65,24.19,23.65,24.13,4171100
2022-02-04T15:00:00Z,24.13,24.18,23.87,23.95,3344700
2022-02-04T16:00:00Z,23.95,24.25,23.92,24.19,2800200
2022-02-04T17:00:00Z,24.19,24.23,24.02,24.05,2396800
2022-02-04T18:00:00Z,24.03,24.18,24,24.15,1375800
2022-02-04T19:00:00Z,24.15,24.17,24.06,24.11,1470700
2022-02-04T20:00:00Z,24.11,24.35,24.1,24.3,4217100
2022-02-07T13:00:00Z,24.33,24.58,23.95,24.41,3737800
2022-02-07T14:00:00Z,24.41,24.54,24.16,24.53,2058600
2022-02-07T15:00:00Z,24.53,24.8,24.47,24.76,1937500
2022-02-07T16:00:00Z,24.76,24.8,24.33,24.41,1516200
2022-02-07T17:00:00Z,24.4,24.43,24.22,24.26,1173400
2022-02-07T18:00:00Z,24.27,24.42,24.26,24.38,895500
2022-02-07T19:00:00Z,24.39,24.41,24.27,24.32,1207300
2022-02-07T20:00:00Z,24.31,24.37,24.16,24.21,1262000
2022-02-08T13:00:00Z,23.74,23.87,23.3,23.49,4857900
2022-02-08T14:00:00Z,23.5,23.95,23.43,23.75,2589300
2022-02-08T15:00:00Z,23.75,23.76,23.63,23.67,871700
2022-02-08T16:00:00Z,23.67,23.86,23.67,23.79,997800
2022-02-08T17:00:00Z,23.79,23.94,23.77,23.84,865300
2022-02-08T18:00:00Z,23.84,23.88,23.81,23.84,562200
2022-02-08T19:00:00Z,23.84,23.88,23.73,23.76,1002100
2022-02-08T20:00:00Z,23.76,23.89,23.73,23.76,1424800
2022-02-09T13:00:00Z,23.95,24.6,23.95,24.1,2972100
2022-02-09T14:00:00Z,24.1,24.85,24.1,24.73,2992900
2022-02-09T15:00:00Z,24.73,24.95,24.57,24.88,1495200
2022-02-09T16:00:00Z,24.89,24.93,24.67,24.68,1151900
2022-02-09T17:00:00Z,24.66,24.85,24.59,24.81,1057300
2022-02-09T18:00:00Z,24.81,24.81,24.52,24.56,956200
2022-02-09T19:00:00Z,24.55,24.68,24.54,24.64,810600
2022-02-09T20:00:00Z,24.64,24.73,24.51,24.55,1565800
2022-02-10T13:00:00Z,24.79,25.35,24.79,25.24,4910400
2022-02-10T14:00:00Z,25.24,25.38,24.72,25.34,3827000
2022-02-10T15:00:00Z,25.33,25.39,25.03,25.15,2422300
2022-02-10T16:00:00Z,25.13,25.27,25.08,25.26,1615800
2022-02-10T17:00:00Z,25.26,25.48,25.18,25.43,6844400
2022-02-10T18:00:00Z,25.43,25.52,25.06,25.15,3133200
2022-02-10T19:00:00Z,25.15,25.18,24.74,24.83,2674600
2022-02-10T20:00:00Z,24.82,24.95,24.76,24.85,2315300
2022-02-11T13:00:00Z,25.21,25.69,25.15,25.22,4079600
2022-02-11T14:00:00Z,25.21,25.32,25.02,25.21,2992500
2022-02-11T15:00:00Z,25.24,25.5,25.2,25.27,1761400
2022-02-11T16:00:00Z,25.27,25.29,24.94,25.06,1359000
2022-02-11T17:00:00Z,25.05,25.22,25,25.12,1326900
2022-02-11T18:00:00Z,25.12,25.75,25.05,25.48,4503200
2022-02-11T19:00:00Z,25.48,25.74,25.3,25.7,5010300
2022-02-11T20:00:00Z,25.7,26.1,25.7,25.84,4555800
2022-02-14T13:00:00Z,25.8,26.41,25.74,25.87,3977600
2022-02-14T14:00:00Z,25.88,26,25.52,25.85,3122000
2022-02-14T15:00:00Z,25.87,26.1,25.65,25.98,2559500
2022-02-14T16:00:00Z,25.97,26.23,25.93,26.11,2556900
2022-02-14T17:00:00Z,26.12,26.23,26.01,26.15,1643000
2022-02-14T18:00:00Z,26.14,26.35,26.02,26.23,2529100
2022-02-14T19:00:00Z,26.23,26.45,26.15,26.31,2674500
2022-02-14T20:00:00Z,26.3,26.45,26.25,26.38,2247500
2022-02-15T13:00:00Z,25.72,26.08,25.35,25.99,4952600
2022-02-15T14:00:00Z,26.01,26.06,25.72,25.76,4265700
2022-02-15T15:00:00Z,25.77,25.79,25.6,25.74,2730800
2022-02-15T16:00:00Z,25.73,25.73,25.57,25.68,1711200
2022-02-15T17:00:00Z,25.69,25.8,25.59,25.6,1868500
2022-02-15T18:00:00Z,25.6,25.73,25.48,25.58,3327400
2022-02-15T19:00:00Z,25.58,25.7,25.51,25.63,2219100
2022-02-15T20:00:00Z,25.64,25.74,25.35,25.67,3586300
2022-02-16T13:00:00Z,26.51,26.63,25.87,26.57,6348700
2022-02-16T14:00:00Z,26.57,26.58,25.75,25.86,4442800
2022-02-16T15:00:00Z,25.86,26.07,25.76,25.84,1992000
2022-02-16T16:00:00Z,25.85,25.9,25.71,25.76,1523500
2022-02-16T17:00:00Z,25.77,25.87,25.71,25.84,1313100
2022-02-16T18:00:00Z,25.84,25.88,25.6,25.67,1896400
2022-02-16T19:00:00Z,25.67,25.84,25.6,25.74,2350700
2022-02-16T20:00:00Z,25.74,25.78,25,25.15,4197600
2022-02-17T13:00:00Z,25.11,25.34,24.72,24.81,7728500
2022-02-17T14:00:00Z,24.81,25.29,24.72,25.15,3156300
2022-02-17T15:00:00Z,25.15,25.25,24.82,24.92,1802000
2022-02-17T16:00:00Z,24.92,25,24.8,24.95,1625000
2022-02-17T17:00:00Z,24.95,25.04,24.77,24.83,1260100
2022-02-17T18:00:00Z,24.84,24.91,24.72,24.84,1296700
2022-02-17T19:00:00Z,24.84,24.91,24.77,24.84,1334700
2022-02-17T20:00:00Z,24.83,24.99,24.65,24.96,2416400
2022-02-18T13:00:00Z,24.62,24.83,24.5,24.61,2285200
2022-02-18T14:00:00Z,24.61,24.66,24.35,24.57,2190200
2022-02-18T15:00:00Z,24.56,24.62,24.45,24.52,1070200
2022-02-18T16:00:00Z,24.52,24.72,24.43,24.62,1204600
2022-02-18T17:00:00Z,24.62,24.72,24.51,24.57,851600
2022-02-18T18:00:00Z,24.56,24.7,24.49,24.68,914100
2022-02-18T19:00:00Z,24.67,24.72,24.54,24.7,977700
2022-02-18T20:00:00Z,24.7,24.75,24.29,24.4,2048400
2022-02-21T13:00:00Z,24.56,24.91,24.44,24.75,1680900
2022-02-21T14:00:00Z,24.75,25.13,24.72,25.11,2229800
2022-02-21T15:00:00Z,25.11,25.28,25.07,25.13,1672700
2022-02-21T16:00:00Z,25.12,25.25,25.09,25.09,707300
2022-02-21T17:00:00Z,25.09,25.18,25.08,25.11,621100
2022-02-21T18:00:00Z,25.1,25.4,25.01,25.33,1756300
2022-02-21T19:00:00Z,25.32,25.46,25.16,25.3,1643400
2022-02-21T20:00:00Z,25.3,25.46,25.25,25.42,1823100
2022-02-22T13:00:00Z,26.1,26.22,25.21,25.56,5524100
2022-02-22T14:00:00Z,25.55,25.7,25.3,25.36,2783800
2022-02-22T15:00:00Z,25.37,25.37,24.76,24.81,4247700
2022-02-22T16:00:00Z,24.81,24.95,24.6,24.76,2092100
2022-02-22T17:00:00Z,24.76,24.76,24.41,24.59,2001900
2022-02-22T18:00:00Z,24.58,24.69,24.42,24.54,1638700
2022-02-22T19:00:00Z,24.54,24.65,24.38,24.6,2235100
2022-02-22T20:00:00Z,24.59,24.74,24.36,24.55,3377300
2022-02-23T13:00:00Z,24.64,24.97,24.55,24.91,2540000
2022-02-23T14:00:00Z,24.91,25.63,24.9,25.58,4967600
2022-02-23T15:00:00Z,25.59,25.63,25.21,25.47,2386100
2022-02-23T16:00:00Z,25.46,25.55,25.2,25.37,2062700
2022-02-23T17:00:00Z,25.37,25.59,25.26,25.57,2338700
2022-02-23T18:00:00Z,25.57,25.58,25.4,25.44,1233500
2022-02-23T19:00:00Z,25.44,25.46,25.02,25.12,2509900
2022-02-23T20:00:00Z,25.12,25.12,24.82,24.85,2701000
2022-02-24T13:00:00Z,25.69,26.19,25.36,26.05,6553800
2022-02-24T14:00:00Z,26.05,26.09,25.52,25.52,3562000
2022-02-24T15:00:00Z,25.53,25.57,25.23,25.26,3225700
2022-02-24T16:00:00Z,25.26,25.54,25.21,25.27,2271300
2022-02-24T17:00:00Z,25.27,25.32,24.89,24.96,2689800
2022-02-24T18:00:00Z,24.96,25.26,24.9,25.03,2478800
2022-02-24T19:00:00Z,25.03,25.15,24.56,25.08,3364400
2022-02-24T20:00:00Z,25.08,25.22,24.72,24.72,2879500
2022-02-25T13:00:00Z,24.85,25.3,24.66,24.98,2789600
2022-02-25T14:00:00Z,24.99,25.58,24.87,25.48,3222400
2022-02-25T15:00:00Z,25.47,25.8,25.3,25.8,3403200
2022-02-25T16:00:00Z,25.8,26,25.74,25.74,3065600
2022-02-25T17:00:00Z,25.75,25.8,25.25,25.39,2456100
2022-02-25T18:00:00Z,25.39,25.59,25.37,25.59,1739400
2022-02-25T19:00:00Z,25.57,25.68,25.52,25.64,1786900
2022-02-25T20:00:00Z,25.63,25.92,25.57,25.83,3043100
2022-03-02T16:00:00Z,28,28.75,27.6,28.35,11491500
2022-03-02T17:00:00Z,28.35,28.36,27.38,27.55,7090800
2022-03-02T18:00:00Z,27.55,27.94,27.55,27.66,3912100
2022-03-02T19:00:00Z,27.66,27.78,27.54,27.68,3163900
2022-03-02T20:00:00Z,27.68,28.27,27.68,28.24,4151300
2022-03-03T13:00:00Z,28.44,28.95,27.14,27.8,9296700
2022-03-03T14:00:00Z,27.8,28.2,27.5,27.74,4650400
2022-03-03T15:00:00Z,27.74,28.75,27.73,28.37,4971100
2022-03-03T16:00:00Z,28.38,28.44,28.17,28.19,1922700
2022-03-03T17:00:00Z,28.19,28.46,28.16,28.24,1965900
2022-03-03T18:00:00Z,28.23,28.25,28.12,28.19,1565800
2022-03-03T19:00:00Z,28.19,28.5,28.12,28.26,2688000
2022-03-03T20:00:00Z,28.26,28.48,28.2,28.39,2353500
2022-03-04T13:00:00Z,28.52,28.6,27.93,28.23,3775000
2022-03-04T14:00:00Z,28.24,28.7,28.13,28.68,4293600
2022-03-04T15:00:00Z,28.68,28.7,28.27,28.42,2462600
2022-03-04T16:00:00Z,28.41,28.51,27.9,27.97,1859800
2022-03-04T17:00:00Z,27.97,28.2,27.92,28.15,1180900
2022-03-04T18:00:00Z,28.15,28.21,27.95,27.96,1658000
2022-03-04T19:00:00Z,27.95,28.42,27.86,27.9,2913300
2022-03-04T20:00:00Z,27.89,28.1,27.68,28.01,4030700
2022-03-07T13:00:00Z,28.79,28.95,27.94,28.31,6686100
2022-03-07T14:00:00Z,28.31,28.34,27.16,27.26,5807400
2022-03-07T15:00:00Z,27.28,27.85,27.23,27.74,3486700
2022-03-07T16:00:00Z,27.75,27.84,27.48,27.66,2634000
2022-03-07T17:00:00Z,27.66,27.75,27.4,27.56,1709700
2022-03-07T18:00:00Z,27.56,27.83,27.45,27.52,2124500
2022-03-07T19:00:00Z,27.52,27.58,27.07,27.22,2764300
2022-03-07T20:00:00Z,27.21,27.6,26.67,27.43,4731100
2022-03-08T13:00:00Z,27.82,28.92,27.6,28.74,6269200
2022-03-08T14:00:00Z,28.74,29.48,28.59,29.39,6859300
2022-03-08T15:00:00Z,29.39,29.69,29.01,29.66,4911500
2022-03-08T16:00:00Z,29.67,29.69,29.4,29.61,2870500
2022-03-08T17:00:00Z,29.62,29.64,26.96,27.76,10968500
2022-03-08T18:00:00Z,27.77,28.48,27.64,28.16,4310600
2022-03-08T19:00:00Z,28.16,28.28,27.9,28.03,2474100
2022-03-08T20:00:00Z,28.03,28.2,27.97,28.05,2565400
2022-03-09T13:00:00Z,27.76,27.9,25.86,26.21,8892400
2022-03-09T14:00:00Z,26.23,26.3,25.47,26.08,11919100
2022-03-09T15:00:00Z,26.08,26.35,25.9,26.26,3982800
2022-03-09T16:00:00Z,26.26,26.54,26.01,26.47,3579900
2022-03-09T17:00:00Z,26.48,26.6,25.6,25.65,6504500
2022-03-09T18:00:00Z,25.65,25.95,25.58,25.73,5253900
2022-03-09T19:00:00Z,25.7,26.05,25.65,26.04,3074500
2022-03-09T20:00:00Z,26.03,26.24,25.88,26.19,4329600
2022-03-10T13:00:00Z,27.07,27.31,26.3,26.73,5384500
2022-03-10T14:00:00Z,26.73,26.92,25.95,26.17,4648000
2022-03-10T15:00:00Z,26.17,26.3,25.53,26.02,5456400
2022-03-10T16:00:00Z,26.02,26.05,25.69,25.77,2051000
2022-03-10T17:00:00Z,25.78,25.99,25.37,25.5,2346100
2022-03-10T18:00:00Z,25.52,25.82,25.47,25.66,1938600
2022-03-10T19:00:00Z,25.65,25.85,25.65,25.79,2301200
2022-03-10T20:00:00Z,25.78,25.91,25.7,25.8,2449700
2022-03-11T13:00:00Z,25.78,26.26,25.52,26.1,3241600
2022-03-11T14:00:00Z,26.09,26.23,25.66,25.68,3099900
2022-03-11T15:00:00Z,25.67,25.94,25.5,25.56,2821900
2022-03-11T16:00:00Z,25.56,25.62,25.17,25.19,1971500
2022-03-11T17:00:00Z,25.21,25.31,24.97,25.04,1917500
2022-03-11T18:00:00Z,25.04,25.13,24.89,24.98,2717200
2022-03-11T19:00:00Z,24.98,25.06,24.63,24.81,2186400
2022-03-11T20:00:00Z,24.8,24.95,24.5,24.86,3506300
2022-03-14T13:00:00Z,24.25,24.87,23.84,23.89,4108600
2022-03-14T14:00:00Z,23.9,24.24,23.75,24.1,3207100
2022-03-14T15:00:00Z,24.09,24.31,23.87,23.88,1798300
2022-03-14T16:00:00Z,23.88,23.96,23.51,23.57,2752200
2022-03-14T17:00:00Z,23.58,23.79,23.36,23.41,2535200
2022-03-14T18:00:00Z,23.41,23.57,23.23,23.27,2997600
2022-03-14T19:00:00Z,23.27,23.63,23.24,23.51,3453200
2022-03-15T13:00:00Z,22.9,23.36,22.56,22.76,5839200
2022-03-15T14:00:00Z,22.74,23.05,22.25,22.77,5201500
2022-03-15T15:00:00Z,22.77,23.4,22.7,23.28,3001700
2022-03-15T16:00:00Z,23.27,23.6,23.15,23.4,1724500
2022-03-15T17:00:00Z,23.4,23.53,23.24,23.53,1185000
2022-03-15T18:00:00Z,23.54,23.62,23.34,23.47,1993700
2022-03-15T19:00:00Z,23.48,23.8,23.47,23.68,2133400
2022-03-16T13:00:00Z,24.03,24.43,23.45,23.56,4365800
2022-03-16T14:00:00Z,23.58,23.78,22.94,23.22,4046800
2022-03-16T15:00:00Z,23.22,23.25,22.83,23.21,2596200
2022-03-16T16:00:00Z,23.23,23.29,22.99,23.06,2345100
2022-03-16T17:00:00Z,23.07,23.64,23.03,23.31,2736700
2022-03-16T18:00:00Z,23.32,23.32,22.87,23.01,2289700
2022-03-16T19:00:00Z,23.01,23.27,22.94,23.11,2202900
2022-03-17T13:00:00Z,23.83,24.66,23.58,24.13,8386200
2022-03-17T14:00:00Z,24.15,24.96,24.02,24.85,5624800
2022-03-17T15:00:00Z,24.84,24.91,24.61,24.67,1664400
2022-03-17T16:00:00Z,24.67,24.92,24.6,24.85,1318700
2022-03-17T17:00:00Z,24.84,25.05,24.82,24.98,1674800
2022-03-17T18:00:00Z,24.98,24.98,24.59,24.71,1816300
2022-03-17T19:00:00Z,24.71,25.05,24.65,25.04,2033600
2022-03-18T13:00:00Z,24.99,25.2,24.58,25.05,2702300
2022-03-18T14:00:00Z,25.04,25.4,25.01,25.4,1745900
2022-03-18T15:00:00Z,25.4,25.41,25.07,25.29,1279500
2022-03-18T16:00:00Z,25.29,25.4,25.16,25.16,1028500
2022-03-18T17:00:00Z,25.17,25.36,25.17,25.29,983500
2022-03-18T18:00:00Z,25.29,25.35,25.18,25.29,1299200
2022-03-18T19:00:00Z,25.3,25.47,25.19,25.37,2273200
2022-03-21T13:00:00Z,26.5,26.74,26.22,26.48,5285500
2022-03-21T14:00:00Z,26.48,26.72,26.28,26.44,1959100
2022-03-21T15:00:00Z,26.44,26.45,26.11,26.28,1129500
2022-03-21T16:00:00Z,26.27,26.44,26.26,26.32,791400
2022-03-21T17:00:00Z,26.31,26.39,26.19,26.24,767700
2022-03-21T18:00:00Z,26.23,26.42,26.13,26.26,1228800
2022-03-21T19:00:00Z,26.25,26.32,26.16,26.16,1067100
2022-03-22T13:00:00Z,26.23,26.52,26,26.13,2612200
2022-03-22T14:00:00Z,26.12,26.35,25.83,26.33,2845200
2022-03-22T15:00:00Z,26.33,26.38,26.14,26.27,1552400
2022-03-22T16:00:00Z,26.26,26.39,26.15,26.22,826100
2022-03-22T17:00:00Z,26.22,26.47,26.17,26.41,976000
2022-03-22T18:00:00Z,26.41,26.5,26.35,26.41,1038200
2022-03-22T19:00:00Z,26.42,26.56,26.35,26.52,1713100
2022-03-23T13:00:00Z,26.87,27.55,26.79,27.25,5134600
2022-03-23T14:00:00Z,27.24,27.9,27.13,27.88,4187800
2022-03-23T15:00:00Z,27.89,27.9,27.2,27.43,4021600
2022-03-23T16:00:00Z,27.43,27.47,27.24,27.29,1299300
2022-03-23T17:00:00Z,27.28,27.32,27.06,27.19,1688300
2022-03-23T18:00:00Z,27.2,27.53,26.92,27.46,2696400
2022-03-23T19:00:00Z,27.46,27.59,27.17,27.27,2116900
2022-03-24T13:00:00Z,27.2,27.59,27.05,27.51,1856100
2022-03-24T14:00:00Z,27.53,27.55,27.36,27.5,959500
2022-03-24T15:00:00Z,27.49,27.56,27.15,27.2,1358300
2022-03-24T16:00:00Z,27.2,27.23,27.08,27.15,1097300
2022-03-24T17:00:00Z,27.15,27.15,26.82,26.87,1378100
2022-03-24T18:00:00Z,26.87,26.88,26.4,26.41,2665000
2022-03-24T19:00:00Z,26.41,26.43,25.82,26.05,5524400
2022-03-25T13:00:00Z,25.74,25.95,24.8,24.95,9080500
2022-03-25T14:00:00Z,24.93,25.22,24.89,24.95,3315700
2022-03-25T15:00:00Z,24.96,25.51,24.94,25.19,5361500
2022-03-25T16:00:00Z,25.19,25.38,25.02,25.05,1876400
2022-03-25T17:00:00Z,25.04,25.28,25.03,25.19,1475300
2022-03-25T18:00:00Z,25.19,25.39,25.16,25.29,1696900
2022-03-25T19:00:00Z,25.28,25.35,25.15,25.32,1940000
2022-03-28T13:00:00Z,24.36,24.57,23.92,24.16,5364500
2022-03-28T14:00:00Z,24.16,24.3,24.06,24.09,2177200
2022-03-28T15:00:00Z,24.09,24.4,24.08,24.36,1602900
2022-03-28T16:00:00Z,24.35,24.65,24.35,24.44,1557200
2022-03-28T17:00:00Z,24.45,24.54,24.35,24.54,855700
2022-03-28T18:00:00Z,24.52,24.99,24.4,24.96,2306200
2022-03-28T19:00:00Z,24.96,25.24,24.79,25.18,3324000
2022-03-29T13:00:00Z,24.5,24.8,24.15,24.52,5751800
2022-03-29T14:00:00Z,24.52,24.69,24.33,24.53,2288800
2022-03-29T15:00:00Z,24.53,24.58,24.32,24.43,2478600
2022-03-29T16:00:00Z,24.43,24.53,24.36,24.51,1202700
2022-03-29T17:00:00Z,24.51,24.96,24.46,24.94,2359000
2022-03-29T18:00:00Z,24.94,25.29,24.92,25.16,3957000
2022-03-29T19:00:00Z,25.16,25.4,25.15,25.37,3053900
2022-03-30T13:00:00Z,25.67,25.9,25.15,25.19,3610300
2022-03-30T14:00:00Z,25.19,25.44,25.09,25.35,1902800
2022-03-30T15:00:00Z,25.35,25.43,25.21,25.28,780700
2022-03-30T16:00:00Z,25.29,25.58,25.24,25.35,1434800
2022-03-30T17:00:00Z,25.35,25.35,25.12,25.2,1245100
2022-03-30T18:00:00Z,25.21,25.34,25.18,25.24,855100
2022-03-30T19:00:00Z,25.24,25.26,25.06,25.11,2073200
2022-03-31T13:00:00Z,24.61,25.37,24.53,25.12,3973400
2022-03-31T14:00:00Z,25.11,25.14,24.61,24.83,2816800
2022-03-31T15:00:00Z,24.82,24.86,24.5,24.57,1855500
2022-03-31T16:00:00Z,24.56,24.59,24.27,24.31,2718700
2022-03-31T17:00:00Z,24.3,24.57,24.23,24.25,2143100
2022-03-31T18:00:00Z,24.25,24.25,23.9,23.96,4133300
2022-03-31T19:00:00Z,23.95,24.04,23.85,23.97,5583500
2022-04-01T13:00:00Z,24.1,24.3,23.75,24.18,3730600
2022-04-01T14:00:00Z,24.18,24.39,24.05,24.37,2267400
2022-04-01T15:00:00Z,24.38,24.54,24.14,24.21,2034300
2022-04-01T16:00:00Z,24.21,24.34,24.1,24.26,1139600
2022-04-01T17:00:00Z,24.27,24.3,24,24.16,2738100
2022-04-01T18:00:00Z,24.17,24.34,23.91,24.34,2392500
2022-04-01T19:00:00Z,24.34,24.48,24.25,24.43,2335900
2022-04-04T13:00:00Z,24.85,24.94,24.47,24.48,2716400
2022-04-04T14:00:00Z,24.47,24.53,24.3,24.42,1215900
2022-04-04T15:00:00Z,24.42,24.59,24.27,24.53,1090600
2022-04-04T16:00:00Z,24.52,24.75,24.52,24.7,1434600
2022-04-04T17:00:00Z,24.69,24.76,24.45,24.45,1274800
2022-04-04T18:00:00Z,24.45,24.6,24.44,24.51,1023100
2022-04-04T19:00:00Z,24.5,24.51,24.33,24.43,1736500
2022-04-05T13:00:00Z,24.55,24.97,24.48,24.83,2557200
2022-04-05T14:00:00Z,24.83,24.86,24.2,24.22,1985700
2022-04-05T15:00:00Z,24.2,24.24,24.11,24.19,980800
2022-04-05T16:00:00Z,24.19,24.28,24.03,24.17,1406300
2022-04-05T17:00:00Z,24.18,24.34,24.14,24.24,818500
2022-04-05T18:00:00Z,24.23,24.25,24.08,24.11,1020600
2022-04-05T19:00:00Z,24.11,24.14,24,24.09,2208200
2022-04-06T13:00:00Z,24.08,24.22,23.51,23.53,2398900
2022-04-06T14:00:00Z,23.52,24.25,23.45,23.96,3112800
2022-04-06T15:00:00Z,23.97,24,23.83,23.86,170800
2022-04-06T16:00:00Z,23.05,23.53,23.05,23.49,25982800
2022-04-06T17:00:00Z,23.49,23.57,23.19,23.45,2512100
2022-04-06T18:00:00Z,23.44,23.62,23.25,23.48,4356200
2022-04-06T19:00:00Z,23.48,23.55,23.4,23.49,3614300
2022-04-07T13:00:00Z,23.65,23.73,23.23,23.48,3417700
2022-04-07T14:00:00Z,23.46,23.5,23.3,23.44,1399600
2022-04-07T15:00:00Z,23.44,23.57,23.27,23.38,945500
2022-04-07T16:00:00Z,23.37,23.37,23.17,23.24,689900
2022-04-07T17:00:00Z,23.23,23.32,23.18,23.28,511100
2022-04-07T18:00:00Z,23.27,23.56,23.19,23.47,1761100
2022-04-07T19:00:00Z,23.47,23.62,23.46,23.54,919600
2022-04-08T13:00:00Z,23.52,23.53,22.76,22.87,4161400
2022-04-08T14:00:00Z,22.86,23.31,22.82,23.19,1981100
2022-04-08T15:00:00Z,23.18,23.43,23.15,23.32,1315200
2022-04-08T16:00:00Z,23.33,23.46,23.32,23.39,722300
2022-04-08T17:00:00Z,23.39,23.48,23.27,23.42,1324900
2022-04-08T18:00:00Z,23.42,23.53,23.36,23.5,819600
2022-04-08T19:00:00Z,23.51,23.8,23.46,23.61,2050700
2022-04-11T13:00:00Z,22.94,23.77,22.9,23.71,2472900
2022-04-11T14:00:00Z,23.69,23.76,23.52,23.69,1314000
2022-04-11T15:00:00Z,23.67,23.89,23.52,23.6,2122700
2022-04-11T16:00:00Z,23.59,23.6,23.4,23.46,778100
2022-04-11T17:00:00Z,23.46,23.55,23.31,23.51,957500
2022-04-11T18:00:00Z,23.5,23.55,23.32,23.36,800500
2022-04-11T19:00:00Z,23.35,23.54,23.27,23.5,2433000
2022-04-12T13:00:00Z,23.87,24.29,23.72,24.09,3116300
2022-04-12T14:00:00Z,24.1,24.12,23.83,24,1228900
2022-04-12T15:00:00Z,24.02,24.29,23.88,24.18,1675900
2022-04-12T16:00:00Z,24.19,24.22,23.92,23.96,1185900
2022-04-12T17:00:00Z,23.97,24.09,23.84,23.86,833600
2022-04-12T18:00:00Z,23.85,23.9,23.7,23.79,962700
2022-04-12T19:00:00Z,23.79,23.92,23.73,23.84,1114800
2022-04-13T13:00:00Z,24.08,24.21,23.9,24.04,3157600
2022-04-13T14:00:00Z,24.04,24.07,23.6,23.81,2123300
2022-04-13T15:00:00Z,23.81,24,23.75,23.94,1329800
2022-04-13T16:00:00Z,23.95,24.18,23.85,24.18,1254800
2022-04-13T17:00:00Z,24.17,24.3,24.02,24.18,1810100
2022-04-13T18:00:00Z,24.19,24.33,24.02,24.04,2545500
2022-04-13T19:00:00Z,24.04,24.46,24.02,24.35,2348000
2022-04-14T13:00:00Z,24.09,24.26,23.83,24.07,4121300
2022-04-14T14:00:00Z,24.08,24.25,24.03,24.22,837200
2022-04-14T15:00:00Z,24.22,24.37,24.18,24.37,636700
2022-04-14T16:00:00Z,24.36,24.64,24.3,24.63,1189400
2022-04-14T17:00:00Z,24.63,24.75,24.54,24.67,1419100
2022-04-14T18:00:00Z,24.67,24.82,24.65,24.76,1443200
2022-04-14T19:00:00Z,24.76,24.94,24.66,24.85,2558700
2022-04-18T13:00:00Z,24.99,25.2,24.61,24.74,2357600
2022-04-18T14:00:00Z,24.73,24.81,24.53,24.79,1040900
2022-04-18T15:00:00Z,24.78,25.02,24.7,24.97,1335300
2022-04-18T16:00:00Z,24.97,25.05,24.89,25.05,773900
2022-04-18T17:00:00Z,25.05,25.17,25.04,25.11,1306200
2022-04-18T18:00:00Z,25.11,25.16,25,25.02,1596700
2022-04-18T19:00:00Z,25.01,25.06,24.83,24.89,1258300
2022-04-19T13:00:00Z,24.54,25.14,24.44,25.14,2308300
2022-04-19T14:00:00Z,25.15,25.27,24.9,24.97,1339400
2022-04-19T15:00:00Z,24.98,25.07,24.74,24.78,1309000
2022-04-19T16:00:00Z,24.78,24.8,24.64,24.8,788500
2022-04-19T17:00:00Z,24.8,24.88,24.62,24.69,1145600
2022-04-19T18:00:00Z,24.69,24.74,24.55,24.64,1139700
2022-04-19T19:00:00Z,24.63,24.78,24.52,24.73,1601700
2022-04-20T13:00:00Z,24.73,24.87,24.28,24.28,1423200
2022-04-20T14:00:00Z,24.29,24.51,24.15,24.33,1637700
2022-04-20T15:00:00Z,24.33,24.35,24.16,24.17,635400
2022-04-20T16:00:00Z,24.18,24.3,24.04,24.29,733900
2022-04-20T17:00:00Z,24.29,24.46,24.22,24.45,1549300
2022-04-20T18:00:00Z,24.44,25.77,24.44,25.57,8921200
2022-04-20T19:00:00Z,25.56,25.84,25.51,25.67,4012200
2022-04-22T13:00:00Z,25.13,25.42,24.7,25.28,4387000
2022-04-22T14:00:00Z,25.27,25.49,24.85,24.89,1972100
2022-04-22T15:00:00Z,24.9,25.14,24.9,24.97,1245300
2022-04-22T16:00:00Z,24.96,25.04,24.91,24.96,589100
2022-04-22T17:00:00Z,24.96,24.98,24.52,24.55,1984700
2022-04-22T18:00:00Z,24.56,24.71,24.32,24.39,1848900
2022-04-22T19:00:00Z,24.38,24.68,24.2,24.51,2462400
2022-04-25T13:00:00Z,23.6,24,23.38,23.86,3408300
2022-04-25T14:00:00Z,23.85,24.09,23.81,23.95,2334400
2022-04-25T15:00:00Z,23.96,24.06,23.7,23.79,1775900
2022-04-25T16:00:00Z,23.79,24,23.71,23.93,1048600
2022-04-25T17:00:00Z,23.93,24.05,23.82,23.94,1373300
2022-04-25T18:00:00Z,23.94,24.9,23.92,24.5,2732700
2022-04-25T19:00:00Z,24.5,24.85,24.42,24.8,3553800
2022-04-26T13:00:00Z,24.7,25.08,24.54,24.86,3482100
2022-04-26T14:00:00Z,24.86,25.36,24.83,25.15,4411000
2022-04-26T15:00:00Z,25.14,25.33,25.01,25.19,2110600
2022-04-26T16:00:00Z,25.19,25.32,25.13,25.15,1540200
2022-04-26T17:00:00Z,25.16,25.5,25.1,25.4,2973800
2022-04-26T18:00:00Z,25.41,25.5,25.1,25.12,2727600
2022-04-26T19:00:00Z,25.13,25.28,24.98,25.16,2144400
2022-04-27T13:00:00Z,25.38,25.66,25.07,25.28,2893100
2022-04-27T14:00:00Z,25.3,25.49,25.11,25.28,1386200
2022-04-27T15:00:00Z,25.27,25.64,25.26,25.46,3073700
2022-04-27T16:00:00Z,25.46,25.6,25.35,25.42,1237500
2022-04-27T17:00:00Z,25.43,25.48,25.17,25.41,1820400
2022-04-27T18:00:00Z,25.42,25.57,25.31,25.53,1245600
2022-04-27T19:00:00Z,25.52,25.59,25.38,25.53,2262800
2022-04-28T13:00:00Z,26.49,26.5,25.86,26.11,3481600
2022-04-28T14:00:00Z,26.1,26.18,25.15,25.23,7199900
2022-04-28T15:00:00Z,25.23,25.3,24.55,24.9,6984300
2022-04-28T16:00:00Z,24.9,26.1,24.88,25.9,6752800
2022-04-28T17:00:00Z,25.91,26.06,25.57,26.05,3822700
2022-04-28T18:00:00Z,26.05,26.45,25.99,26.27,6114800
2022-04-28T19:00:00Z,26.27,26.59,26.19,26.29,5463900
2022-04-29T13:00:00Z,26.55,28.1,26.53,27.45,18094000
2022-04-29T14:00:00Z,27.44,27.87,27.34,27.49,8930500
2022-04-29T15:00:00Z,27.48,27.65,27.39,27.61,2121200
2022-04-29T16:00:00Z,27.63,27.67,27.06,27.07,3763800
2022-04-29T17:00:00Z,27.07,27.35,27.06,27.1,2277800
2022-04-29T18:00:00Z,27.1,27.3,26.72,26.99,3572200
2022-04-29T19:00:00Z,27.01,27.1,26.73,26.8,3128800
2022-05-02T13:00:00Z,26.4,26.66,25.74,25.91,4860800
2022-05-02T14:00:00Z,25.91,26.07,25.51,25.56,2865800
2022-05-02T15:00:00Z,25.55,25.75,25.31,25.7,2401500
2022-05-02T16:00:00Z,25.69,25.74,25.35,25.37,1952600
2022-05-02T17:00:00Z,25.37,25.53,25.27,25.41,2033500
2022-05-02T18:00:00Z,25.4,25.52,25.15,25.19,2372700
2022-05-02T19:00:00Z,25.18,25.38,24.92,25.25,4019100
2022-05-03T13:00:00Z,25.13,25.24,24.65,25.2,3500800
2022-05-03T14:00:00Z,25.2,25.59,25.19,25.33,1756400
2022-05-03T15:00:00Z,25.35,25.57,25.27,25.52,1225400
2022-05-03T16:00:00Z,25.52,25.57,25.35,25.55,815300
2022-05-03T17:00:00Z,25.55,25.71,25.48,25.51,803900
2022-05-03T18:00:00Z,25.52,25.8,25.3,25.79,2127200
2022-05-03T19:00:00Z,25.78,25.89,25.6,25.89,2237100
2022-05-04T13:00:00Z,26.11,26.69,26.02,26.21,4382500
2022-05-04T14:00:00Z,26.21,26.28,25.91,26.2,3127400
2022-05-04T15:00:00Z,26.18,26.54,26.13,26.48,1710000
2022-05-04T16:00:00Z,26.49,26.67,26.35,26.62,1146100
2022-05-04T17:00:00Z,26.62,26.73,26.47,26.65,1185500
2022-05-04T18:00:00Z,26.66,27.49,26.38,27.25,4365800
2022-05-04T19:00:00Z,27.25,27.44,27.02,27.12,4354100
2022-05-05T13:00:00Z,27.59,27.77,26.81,27.14,4139400
2022-05-05T14:00:00Z,27.12,27.21,26.56,26.98,2017300
2022-05-05T15:00:00Z,26.98,26.99,26.32,26.4,2017100
2022-05-05T16:00:00Z,26.4,26.6,26.25,26.57,2435500
2022-05-05T17:00:00Z,26.57,26.7,26.46,26.52,2184300
2022-05-05T18:00:00Z,26.53,26.65,26.39,26.53,1460600
2022-05-05T19:00:00Z,26.53,26.7,26.35,26.58,2194000
2022-05-06T13:00:00Z,26.4,26.86,26.19,26.28,1991900
2022-05-06T14:00:00Z,26.25,26.64,26.25,26.58,1846300
2022-05-06T15:00:00Z,26.57,26.85,26.35,26.69,2006700
2022-05-06T16:00:00Z,26.7,26.95,26.63,26.87,1511700
2022-05-06T17:00:00Z,26.87,26.9,26.46,26.56,1050100
2022-05-06T18:00:00Z,26.55,26.59,26.35,26.44,964800
2022-05-06T19:00:00Z,26.44,26.69,26.35,26.46,1714100
2022-05-09T13:00:00Z,25.88,26.39,25.36,25.48,3104300
2022-05-09T14:00:00Z,25.49,25.51,25.14,25.21,3298400
2022-05-09T15:00:00Z,25.21,25.21,24.73,25.02,3579500
2022-05-09T16:00:00Z,25.02,25.34,24.94,25.07,1675300
2022-05-09T17:00:00Z,25.07,25.08,24.41,24.58,3357000
2022-05-09T18:00:00Z,24.59,24.65,24.31,24.44,2043500
2022-05-09T19:00:00Z,24.43,24.55,24.11,24.4,3438000
2022-05-10T13:00:00Z,24.45,24.8,24.2,24.58,2342000
2022-05-10T14:00:00Z,24.59,24.75,24.36,24.42,1489300
2022-05-10T15:00:00Z,24.43,24.44,24.16,24.18,821700
2022-05-10T16:00:00Z,24.18,24.39,24.17,24.3,846900
2022-05-10T17:00:00Z,24.3,24.92,24.25,24.82,1290100
2022-05-10T18:00:00Z,24.84,24.85,24.51,24.57,944900
2022-05-10T19:00:00Z,24.57,24.72,24.24,24.32,995500
2022-05-11T13:00:00Z,24.93,25.75,24.9,25.74,4276300
2022-05-11T14:00:00Z,25.72,25.97,25.51,25.84,2573200
2022-05-11T15:00:00Z,25.84,26.05,25.64,25.86,1500000
2022-05-11T16:00:00Z,25.86,25.92,25.7,25.75,988700
2022-05-11T17:00:00Z,25.75,25.77,25.49,25.55,1760500
2022-05-11T18:00:00Z,25.54,25.76,25.42,25.57,1827700
2022-05-11T19:00:00Z,25.56,25.57,25.34,25.46,1423400
2022-05-12T13:00:00Z,25.11,25.34,24.82,24.93,3325000
2022-05-12T14:00:00Z,24.92,25.4,24.85,25.29,1314600
2022-05-12T15:00:00Z,25.28,25.65,25.28,25.42,1234600
2022-05-12T16:00:00Z,25.42,25.54,25.21,25.4,1000300
2022-05-12T17:00:00Z,25.41,25.76,25.34,25.75,1363900
2022-05-12T18:00:00Z,25.76,26.14,25.63,26,3446900
2022-05-12T19:00:00Z,26,26.2,25.86,26.06,3184900
2022-05-13T13:00:00Z,26.7,27.04,26.35,27,4270600
2022-05-13T14:00:00Z,26.99,27.68,26.95,27.07,4915500
2022-05-13T15:00:00Z,27.08,27.18,26.83,27.06,1873500
2022-05-13T16:00:00Z,27.05,27.48,27.04,27.37,2207900
2022-05-13T17:00:00Z,27.37,27.39,27.03,27.06,1059200
2022-05-13T18:00:00Z,27.06,27.11,26.89,27.1,1245000
2022-05-13T19:00:00Z,27.09,27.13,26.95,27.07,1395000
2022-05-16T13:00:00Z,27.11,27.3,26.83,26.92,2475000
2022-05-16T14:00:00Z,26.91,27.27,26.87,27.2,1653300
2022-05-16T15:00:00Z,27.2,27.25,27.01,27.17,1193200
2022-05-16T16:00:00Z,27.17,27.25,27.12,27.22,714000
2022-05-16T17:00:00Z,27.22,27.24,27.06,27.16,1094900
2022-05-16T18:00:00Z,27.16,27.29,27.04,27.08,1673800
2022-05-16T19:00:00Z,27.08,27.1,26.85,26.96,3268400
2022-05-17T13:00:00Z,27.46,27.61,27.21,27.38,1815100
2022-05-17T14:00:00Z,27.38,27.49,26.7,26.8,4122100
2022-05-17T15:00:00Z,26.79,26.91,26.53,26.75,3867500
2022-05-17T16:00:00Z,26.74,26.75,26.41,26.54,1400200
2022-05-17T17:00:00Z,26.55,26.78,26.38,26.65,3020300
2022-05-17T18:00:00Z,26.64,26.69,26.35,26.38,2839500
2022-05-17T19:00:00Z,26.39,26.57,26.28,26.38,2607500
2022-05-18T13:00:00Z,26.55,26.86,26.01,26.03,3089900
2022-05-18T14:00:00Z,26.03,26.08,25.4,25.42,3662400
2022-05-18T15:00:00Z,25.42,25.48,24.98,25.08,3115600
2022-05-18T16:00:00Z,25.07,25.14,24.91,25.13,2743500
2022-05-18T17:00:00Z,25.12,25.15,24.64,24.71,3722300
2022-05-18T18:00:00Z,24.7,25.1,24.66,25.01,2588600
2022-05-18T19:00:00Z,25.02,25.55,25.01,25.25,3980000
2022-05-19T13:00:00Z,24.95,24.95,24.34,24.73,4649600
2022-05-19T14:00:00Z,24.72,25.53,24.69,24.79,4803100
2022-05-19T15:00:00Z,24.8,25.02,24.6,24.7,1950600
2022-05-19T16:00:00Z,24.72,24.83,24.67,24.7,1015500
2022-05-19T17:00:00Z,24.72,24.95,24.69,24.89,2150000
2022-05-19T18:00:00Z,24.9,25.17,24.85,25.02,2212900
2022-05-19T19:00:00Z,25.02,25.13,24.81,24.91,2010000
2022-05-20T13:00:00Z,25.31,25.75,24.95,25.71,4261300
2022-05-20T14:00:00Z,25.71,25.73,25.2,25.25,3685400
2022-05-20T15:00:00Z,25.25,25.37,25.16,25.35,2221000
2022-05-20T16:00:00Z,25.35,25.4,25.08,25.19,1654600
2022-05-20T17:00:00Z,25.19,25.28,25.01,25.26,1801900
2022-05-20T18:00:00Z,25.27,25.57,25.17,25.53,2249700
2022-05-20T19:00:00Z,25.53,25.69,25.11,25.11,5039800
2022-05-23T13:00:00Z,25.75,26.3,25.74,26.08,3704700
2022-05-23T14:00:00Z,26.07,26.28,26.02,26.17,1981900
2022-05-23T15:00:00Z,26.16,26.35,26.11,26.28,2967700
2022-05-23T16:00:00Z,26.28,26.38,26.03,26.06,1510300
2022-05-23T17:00:00Z,26.06,26.25,26.03,26.24,1510200
2022-05-23T18:00:00Z,26.23,26.3,26.15,26.19,1475000
2022-05-23T19:00:00Z,26.18,26.19,25.96,26.14,1730100
2022-05-24T13:00:00Z,25.84,26.82,25.71,26.73,4002400
2022-05-24T14:00:00Z,26.72,26.8,26.45,26.61,2339800
2022-05-24T15:00:00Z,26.6,26.88,26.47,26.82,2126800
2022-05-24T16:00:00Z,26.83,26.98,26.74,26.92,1832900
2022-05-24T17:00:00Z,26.92,27.17,26.92,27.16,2316300
2022-05-24T18:00:00Z,27.17,27.24,27,27.03,2695400
2022-05-24T19:00:00Z,27.03,27.21,26.84,27.1,3415000
2022-05-25T13:00:00Z,27.1,27.52,26.92,27.4,2344200
2022-05-25T14:00:00Z,27.39,27.61,27.3,27.5,1875000
2022-05-25T15:00:00Z,27.5,27.66,27.45,27.61,985200
2022-05-25T16:00:00Z,27.61,27.62,27.42,27.47,599000
2022-05-25T17:00:00Z,27.48,27.48,27.2,27.29,983100
2022-05-25T18:00:00Z,27.29,27.53,27.2,27.43,1087800
2022-05-25T19:00:00Z,27.42,27.56,27.39,27.45,1304600
2022-05-26T13:00:00Z,27.61,28.37,27.55,28.3,6162000
2022-05-26T14:00:00Z,28.3,28.49,27.88,28.08,2825500
2022-05-26T15:00:00Z,28.08,28.14,27.91,28.02,967300
2022-05-26T16:00:00Z,28.02,28.07,27.93,28.03,757400
2022-05-26T17:00:00Z,28.02,28.18,27.96,28,1468300
2022-05-26T18:00:00Z,28,28.09,27.83,27.92,1661700
2022-05-26T19:00:00Z,27.92,28.02,27.8,27.99,1807200
2022-05-27T13:00:00Z,27.85,28.54,27.85,28.36,3263900
2022-05-27T14:00:00Z,28.36,28.89,28,28.5,4569500
2022-05-27T15:00:00Z,28.5,28.6,28.26,28.54,1899900
2022-05-27T16:00:00Z,28.54,28.63,28.47,28.51,1262700
2022-05-27T17:00:00Z,28.51,28.8,28.49,28.77,1549100
2022-05-27T18:00:00Z,28.76,28.85,28.68,28.8,1458700
2022-05-27T19:00:00Z,28.8,28.85,28.68,28.77,2348300
2022-05-30T13:00:00Z,29.03,29.48,29.03,29.14,3420700
2022-05-30T14:00:00Z,29.13,29.18,28.51,28.72,2229000
2022-05-30T15:00:00Z,28.73,28.77,28.4,28.47,1619800
2022-05-30T16:00:00Z,28.48,28.66,28.1,28.51,1368400
2022-05-30T17:00:00Z,28.51,28.64,28.25,28.28,2157100
2022-05-30T18:00:00Z,28.29,28.47,28.18,28.34,1949900
2022-05-30T19:00:00Z,28.35,28.55,28.15,28.26,1985000
2022-05-31T13:00:00Z,28.88,29.11,28.48,28.67,5021900
2022-05-31T14:00:00Z,28.68,28.85,28.53,28.69,1584800
2022-05-31T15:00:00Z,28.68,29.03,28.64,28.96,2465500
2022-05-31T16:00:00Z,28.98,28.99,28.61,28.63,1728700
2022-05-31T17:00:00Z,28.62,28.63,28.27,28.45,1791000
2022-05-31T18:00:00Z,28.47,28.5,28.04,28.15,2454500
2022-05-31T19:00:00Z,28.14,28.19,27.7,27.79,3533200
2022-06-01T13:00:00Z,27.91,28.53,27.64,28.46,3898100
2022-06-01T14:00:00Z,28.46,28.52,28.19,28.45,2447700
2022-06-01T15:00:00Z,28.45,28.47,28.2,28.33,1626300
2022-06-01T16:00:00Z,28.34,28.51,28.28,28.48,1519400
2022-06-01T17:00:00Z,28.48,28.64,28.43,28.48,1814400
2022-06-01T18:00:00Z,28.49,28.52,28.13,28.16,1333600
2022-06-01T19:00:00Z,28.17,28.32,28.14,28.2,1564100
2022-06-02T13:00:00Z,27.89,28.52,27.87,28.31,3549300
2022-06-02T14:00:00Z,28.3,28.47,27.83,28.09,2519900
2022-06-02T15:00:00Z,28.1,28.63,28.06,28.51,1918400
2022-06-02T16:00:00Z,28.51,28.69,28.49,28.6,979600
2022-06-02T17:00:00Z,28.59,28.88,28.59,28.84,1589700
2022-06-02T18:00:00Z,28.85,28.94,28.73,28.83,1467600
2022-06-02T19:00:00Z,28.83,28.86,28.58,28.67,2462100
2022-06-03T13:00:00Z,28.65,28.7,28.19,28.69,2282000
2022-06-03T14:00:00Z,28.7,28.76,28.21,28.22,1687900
2022-06-03T15:00:00Z,28.22,28.27,27.95,28.16,2519300
2022-06-03T16:00:00Z,28.16,28.22,27.97,28.09,1898000
2022-06-03T17:00:00Z,28.08,28.12,27.92,27.99,1072800
2022-06-03T18:00:00Z,27.98,28.02,27.89,27.97,1221600
2022-06-03T19:00:00Z,27.97,28.07,27.79,27.89,2053600
2022-06-06T13:00:00Z,28.1,28.24,27.68,27.88,2260100
2022-06-06T14:00:00Z,27.89,27.9,27.4,27.58,1151100
2022-06-06T15:00:00Z,27.58,27.72,27.47,27.52,553400
2022-06-06T16:00:00Z,27.53,27.66,27.48,27.5,429100
2022-06-06T17:00:00Z,27.49,27.7,27.41,27.58,744300
2022-06-06T18:00:00Z,27.59,27.59,26.96,27.12,2894700
2022-06-06T19:00:00Z,27.11,27.24,27,27.11,1309900
2022-06-07T13:00:00Z,26.88,27.57,26.81,27.35,2292000
2022-06-07T14:00:00Z,27.36,27.43,27.09,27.18,1337300
2022-06-07T15:00:00Z,27.18,27.19,26.99,27.13,1092500
2022-06-07T16:00:00Z,27.13,27.43,27.12,27.39,666100
2022-06-07T17:00:00Z,27.39,27.4,27.13,27.23,691800
2022-06-07T18:00:00Z,27.24,27.44,27.19,27.4,1014200
2022-06-07T19:00:00Z,27.39,27.47,27.31,27.39,1196000
2022-06-08T13:00:00Z,27.33,27.85,27.22,27.82,2930800
2022-06-08T14:00:00Z,27.83,27.97,27.59,27.85,1748600
2022-06-08T15:00:00Z,27.85,28.05,27.85,28,940800
2022-06-08T16:00:00Z,27.99,28.05,27.78,27.91,1568500
2022-06-08T17:00:00Z,27.93,27.93,27.65,27.66,1031300
2022-06-08T18:00:00Z,27.66,27.78,27.55,27.73,1123700
2022-06-08T19:00:00Z,27.74,27.88,27.68,27.88,1463200
2022-06-09T13:00:00Z,27.75,28.1,27.54,27.94,2807400
2022-06-09T14:00:00Z,27.93,28.04,27.48,27.56,2862700
2022-06-09T15:00:00Z,27.56,27.6,27.23,27.35,3311000
2022-06-09T16:00:00Z,27.35,27.46,27.25,27.36,1553500
2022-06-09T17:00:00Z,27.36,27.49,27.28,27.4,1172100
2022-06-09T18:00:00Z,27.4,27.42,27.24,27.36,982300
2022-06-09T19:00:00Z,27.36,27.36,27.02,27.1,2120700
2022-06-10T13:00:00Z,26.88,27.28,26.67,27.05,3250100
2022-06-10T14:00:00Z,27.07,27.18,26.88,27.06,1071600
2022-06-10T15:00:00Z,27.05,27.12,26.9,27.08,2475600
2022-06-10T16:00:00Z,27.08,27.18,26.88,26.98,1179900
2022-06-10T17:00:00Z,26.98,27.19,26.9,26.91,1592900
2022-06-10T18:00:00Z,26.9,27.18,26.85,27.16,1011700
2022-06-10T19:00:00Z,27.15,27.41,26.97,27,2335400
2022-06-13T13:00:00Z,26.5,26.73,25.68,25.85,3767400
2022-06-13T14:00:00Z,25.85,25.99,25.4,25.71,2666400
2022-06-13T15:00:00Z,25.71,25.94,25.62,25.89,2336400
2022-06-13T16:00:00Z,25.9,26.16,25.78,25.9,1885800
2022-06-13T17:00:00Z,25.89,26.14,25.87,26.03,1691600
2022-06-13T18:00:00Z,26.02,26.18,25.99,26.03,1357900
2022-06-13T19:00:00Z,26.02,26.08,25.73,26.07,2362400
2022-06-14T13:00:00Z,26.39,26.82,25.92,26.32,3598800
2022-06-14T14:00:00Z,26.32,26.37,25.8,26.11,2180700
2022-06-14T15:00:00Z,26.12,26.2,25.98,26.17,1548600
2022-06-14T16:00:00Z,26.17,26.28,25.97,26.24,1298500
2022-06-14T17:00:00Z,26.23,26.32,26.01,26.1,1421600
2022-06-14T18:00:00Z,26.1,26.18,25.61,25.69,2504700
2022-06-14T19:00:00Z,25.69,25.78,25.38,25.56,2647100
2022-06-15T13:00:00Z,26.01,26.3,25.92,26.28,2614700
2022-06-15T14:00:00Z,26.28,26.3,25.94,26.12,1026800
2022-06-15T15:00:00Z,26.12,26.25,25.97,26.02,1012600
2022-06-15T16:00:00Z,26.02,26.03,25.69,25.74,1160100
2022-06-15T17:00:00Z,25.75,25.93,25.66,25.88,1293800
2022-06-15T18:00:00Z,25.9,25.97,24.92,25.36,3644900
2022-06-15T19:00:00Z,25.36,25.66,25.31,25.4,2059800
2022-06-17T13:00:00Z,25,25.12,24.6,24.86,5298600
2022-06-17T14:00:00Z,24.88,24.89,23.93,24.02,9870800
2022-06-17T15:00:00Z,24.03,24.04,23.55,23.63,4682700
2022-06-17T16:00:00Z,23.63,23.9,23.5,23.59,2553700
2022-06-17T17:00:00Z,23.6,23.65,22.84,22.93,2964200
2022-06-17T18:00:00Z,22.94,23.16,22.82,22.96,4425200
2022-06-17T19:00:00Z,22.97,23.35,22.91,23.24,3059900
2022-06-20T13:00:00Z,22.9,22.9,21.67,22.11,6334800
2022-06-20T14:00:00Z,22.1,22.62,22.01,22.57,3896400
2022-06-20T15:00:00Z,22.57,23.84,22.56,22.97,6380000
2022-06-20T16:00:00Z,22.96,23.07,22.6,22.6,2077000
2022-06-20T17:00:00Z,22.59,22.61,22.12,22.38,3120900
2022-06-20T18:00:00Z,22.38,23.11,22.37,22.97,4661200
2022-06-20T19:00:00Z,22.99,23.05,22.68,22.95,2917200
2022-06-21T13:00:00Z,23.4,23.77,23.24,23.5,4399600
2022-06-21T14:00:00Z,23.5,23.7,23.2,23.52,3347100
2022-06-21T15:00:00Z,23.52,23.67,23.3,23.31,1806700
2022-06-21T16:00:00Z,23.3,23.35,23.16,23.29,1250500
2022-06-21T17:00:00Z,23.29,23.35,22.77,22.78,1407800
2022-06-21T18:00:00Z,22.77,22.98,22.74,22.95,1326000
2022-06-21T19:00:00Z,22.95,22.96,22.67,22.72,1706300
2022-06-22T13:00:00Z,21.53,21.67,21.22,21.5,7325200
2022-06-22T14:00:00Z,21.51,21.94,21.42,21.82,3376700
2022-06-22T15:00:00Z,21.81,21.83,21.57,21.61,1921100
2022-06-22T16:00:00Z,21.61,21.85,21.61,21.69,1890500
2022-06-22T17:00:00Z,21.7,21.74,21.66,21.69,1337900
2022-06-22T18:00:00Z,21.69,21.81,21.48,21.62,3743100
2022-06-22T19:00:00Z,21.61,21.64,21.25,21.3,3331600
2022-06-23T13:00:00Z,21.42,21.87,21.26,21.33,5362300
2022-06-23T14:00:00Z,21.31,21.4,21.04,21.11,3530800
2022-06-23T15:00:00Z,21.11,21.11,20.55,20.6,3672000
2022-06-23T16:00:00Z,20.6,20.74,20.34,20.39,2355500
2022-06-23T17:00:00Z,20.38,20.64,20.27,20.6,1962900
2022-06-23T18:00:00Z,20.6,20.68,20.47,20.6,1436200
2022-06-23T19:00:00Z,20.61,20.61,20.34,20.47,2432400
2022-06-24T13:00:00Z,20.95,21.12,20.47,20.69,5588100
2022-06-24T14:00:00Z,20.69,21.45,20.69,21.41,4474100
2022-06-24T15:00:00Z,21.42,21.83,21.36,21.38,3925400
2022-06-24T16:00:00Z,21.38,21.55,21.33,21.53,1243500
2022-06-24T17:00:00Z,21.53,21.63,21.4,21.42,1175800
2022-06-24T18:00:00Z,21.41,21.72,21.37,21.49,2006700
2022-06-24T19:00:00Z,21.48,21.57,21.41,21.51,1168400
2022-06-27T13:00:00Z,21.81,22.38,21.81,22.3,4424900
2022-06-27T14:00:00Z,22.3,22.56,22.15,22.54,3510600
2022-06-27T15:00:00Z,22.54,22.57,22.36,22.44,1519400
2022-06-27T16:00:00Z,22.44,22.69,22.4,22.66,2030000
2022-06-27T17:00:00Z,22.66,22.66,22.48,22.57,1601000
2022-06-27T18:00:00Z,22.57,22.63,22.52,22.59,1046800
2022-06-27T19:00:00Z,22.58,22.86,22.53,22.78,2417600
2022-06-28T13:00:00Z,23.47,23.55,22.95,23.3,3864900
2022-06-28T14:00:00Z,23.29,23.46,22.94,23.14,3120200
2022-06-28T15:00:00Z,23.14,23.25,22.64,22.68,2797300
2022-06-28T16:00:00Z,22.69,23.1,22.61,23.03,3074800
2022-06-28T17:00:00Z,23.04,23.05,22.86,23.01,2142500
2022-06-28T18:00:00Z,23.01,23.07,22.52,22.55,2360900
2022-06-28T19:00:00Z,22.55,22.66,22.42,22.58,3995300
2022-06-29T13:00:00Z,22.91,23.38,22.9,23.15,4008900
2022-06-29T14:00:00Z,23.13,23.21,22.72,22.8,3766400
2022-06-29T15:00:00Z,22.8,22.8,22.38,22.49,2574800
2022-06-29T16:00:00Z,22.48,22.5,21.98,22.23,2496800
2022-06-29T17:00:00Z,22.21,22.62,22.16,22.6,1450900
2022-06-29T18:00:00Z,22.6,22.77,22.31,22.53,2614600
2022-06-29T19:00:00Z,22.53,22.64,22.27,22.3,2315300
2022-06-30T13:00:00Z,21.9,22.18,21.54,21.61,3014900
2022-06-30T14:00:00Z,21.61,21.98,21.59,21.93,5613700
2022-06-30T15:00:00Z,21.93,22.1,21.73,22.01,1747600
2022-06-30T16:00:00Z,22.01,22.33,21.96,22.11,3020300
2022-06-30T17:00:00Z,22.1,22.21,21.82,21.87,4523000
2022-06-30T18:00:00Z,21.87,22,21.76,21.82,5705200
2022-06-30T19:00:00Z,21.82,22.18,21.77,21.97,5483100
2022-07-01T13:00:00Z,22.22,22.49,22.01,22.07,3360700
2022-07-01T14:00:00Z,22.06,22.13,21.58,21.81,2421000
2022-07-01T15:00:00Z,21.81,22,21.76,21.85,1379600
2022-07-01T16:00:00Z,21.86,22.07,21.76,21.95,1792800
2022-07-01T17:00:00Z,21.95,22.15,21.91,22.12,1502600
2022-07-01T18:00:00Z,22.13,22.3,22.07,22.15,1405000
2022-07-01T19:00:00Z,22.15,22.21,22.02,22.07,1425900
2022-07-04T13:00:00Z,22.3,22.63,22.22,22.4,2518800
2022-07-04T14:00:00Z,22.38,22.79,22.38,22.75,1821300
2022-07-04T15:00:00Z,22.76,22.91,22.65,22.73,1006300
2022-07-04T16:00:00Z,22.72,22.85,22.71,22.77,368900
2022-07-04T17:00:00Z,22.77,22.87,22.67,22.84,777000
2022-07-04T18:00:00Z,22.82,22.89,22.76,22.83,665700
2022-07-04T19:00:00Z,22.83,22.87,22.72,22.8,1204400
2022-07-05T13:00:00Z,22.59,22.59,21.36,21.61,7240500
2022-07-05T14:00:00Z,21.61,21.72,21.45,21.51,2646700
2022-07-05T15:00:00Z,21.51,21.53,21.21,21.29,2252500
2022-07-05T16:00:00Z,21.28,21.3,21.08,21.08,1795700
2022-07-05T17:00:00Z,21.09,21.27,21.05,21.14,1601900
2022-07-05T18:00:00Z,21.15,21.28,21.13,21.27,1677200
2022-07-05T19:00:00Z,21.27,21.36,21.12,21.15,2566700
2022-07-06T13:00:00Z,21.34,21.45,20.53,20.54,4967800
2022-07-06T14:00:00Z,20.54,20.64,20.05,20.26,4268100
2022-07-06T15:00:00Z,20.25,20.41,20.06,20.34,2580100
2022-07-06T16:00:00Z,20.34,20.47,20.21,20.34,1468300
2022-07-06T17:00:00Z,20.34,20.56,20.27,20.41,1942400
2022-07-06T18:00:00Z,20.42,20.65,20.31,20.57,2064900
2022-07-06T19:00:00Z,20.57,21.07,20.53,20.95,3179300
2022-07-07T13:00:00Z,21.5,21.91,21.24,21.53,7322300
2022-07-07T14:00:00Z,21.53,21.74,21.37,21.4,2672100
2022-07-07T15:00:00Z,21.39,21.57,21.31,21.45,1976400
2022-07-07T16:00:00Z,21.46,21.53,21.4,21.47,1376500
2022-07-07T17:00:00Z,21.47,21.53,21.31,21.32,3272700
2022-07-07T18:00:00Z,21.31,21.55,21.31,21.38,1576600
2022-07-07T19:00:00Z,21.39,21.43,21.17,21.23,2203700
2022-07-08T13:00:00Z,21.35,21.97,21.26,21.55,4165100
2022-07-08T14:00:00Z,21.54,21.76,21.34,21.65,1734900
2022-07-08T15:00:00Z,21.66,21.74,21.55,21.7,794100
2022-07-08T16:00:00Z,21.71,21.79,21.52,21.56,767700
2022-07-08T17:00:00Z,21.57,21.76,21.55,21.71,665100
2022-07-08T18:00:00Z,21.72,21.77,21.67,21.74,654400
2022-07-08T19:00:00Z,21.74,21.8,21.63,21.77,1313200
2022-07-11T13:00:00Z,21.3,21.65,21.05,21.49,2982500
2022-07-11T14:00:00Z,21.5,21.55,21.29,21.39,1627700
2022-07-11T15:00:00Z,21.4,21.58,21.33,21.55,840100
2022-07-11T16:00:00Z,21.55,21.71,21.48,21.69,2640200
2022-07-11T17:00:00Z,21.69,21.95,21.67,21.83,1295300
2022-07-11T18:00:00Z,21.83,21.92,21.71,21.72,1426600
2022-07-11T19:00:00Z,21.72,21.98,21.72,21.91,1667900
2022-07-12T13:00:00Z,22.26,22.32,21.81,22.14,8850600
2022-07-12T14:00:00Z,22.15,22.4,21.93,22.32,4230900
2022-07-12T15:00:00Z,22.32,22.52,22.19,22.26,1813700
2022-07-12T16:00:00Z,22.26,22.35,22.22,22.33,1985900
2022-07-12T17:00:00Z,22.32,22.5,22.26,22.38,2084300
2022-07-12T18:00:00Z,22.38,22.45,22.25,22.36,1918700
2022-07-12T19:00:00Z,22.36,22.38,22.05,22.28,2990900
2022-07-13T13:00:00Z,22.04,22.13,21.51,21.79,3957300
2022-07-13T14:00:00Z,21.8,21.98,21.5,21.96,3315000
2022-07-13T15:00:00Z,21.96,21.99,21.78,21.78,2850400
2022-07-13T16:00:00Z,21.79,21.87,21.71,21.83,986500
2022-07-13T17:00:00Z,21.83,21.88,21.73,21.81,1141700
2022-07-13T18:00:00Z,21.81,21.87,21.76,21.83,1446700
2022-07-13T19:00:00Z,21.83,21.83,21.6,21.63,2195100
2022-07-14T13:00:00Z,21.31,21.31,20.25,20.28,6379400
2022-07-14T14:00:00Z,20.27,20.31,20.02,20.21,5573000
2022-07-14T15:00:00Z,20.22,20.49,20.2,20.39,1992500
2022-07-14T16:00:00Z,20.39,20.47,20.3,20.43,1617900
2022-07-14T17:00:00Z,20.44,20.62,20.41,20.53,1728700
2022-07-14T18:00:00Z,20.54,20.99,20.5,20.89,6683300
2022-07-14T19:00:00Z,20.88,21.09,20.8,20.86,3033200
2022-07-15T13:00:00Z,21.43,21.52,20.88,20.98,3968600
2022-07-15T14:00:00Z,20.96,21.18,20.76,20.92,2137900
2022-07-15T15:00:00Z,20.92,21.07,20.78,20.85,1286000
2022-07-15T16:00:00Z,20.85,20.96,20.77,20.94,535800
2022-07-15T17:00:00Z,20.94,21.09,20.88,21.05,1148400
2022-07-15T18:00:00Z,21.05,21.05,20.79,20.88,4548400
2022-07-15T19:00:00Z,20.87,20.88,20.72,20.78,4734400
2022-07-18T13:00:00Z,21.24,22.2,21.24,21.91,6009600
2022-07-18T14:00:00Z,21.91,22.05,21.77,21.9,2443300
2022-07-18T15:00:00Z,21.9,22.15,21.79,21.95,2137500
2022-07-18T16:00:00Z,21.94,22.19,21.94,22.15,1340400
2022-07-18T17:00:00Z,22.15,22.36,22,22,1790400
2022-07-18T18:00:00Z,22,22.1,21.87,21.99,1771900
2022-07-18T19:00:00Z,21.98,22.21,21.95,22.09,2208400
2022-07-19T13:00:00Z,21.96,22.2,21.72,22,4501200
2022-07-19T14:00:00Z,21.98,22.08,21.75,21.77,2115700
2022-07-19T15:00:00Z,21.77,21.9,21.65,21.84,1439200
2022-07-19T16:00:00Z,21.84,22.26,21.83,22.18,2059000
2022-07-19T17:00:00Z,22.17,22.42,22.15,22.41,1317100
2022-07-19T18:00:00Z,22.41,22.5,22.33,22.45,1231400
2022-07-19T19:00:00Z,22.46,22.49,22.28,22.37,1492100
2022-07-20T13:00:00Z,22.05,22.36,22.05,22.18,2759800
2022-07-20T14:00:00Z,22.18,22.36,22.15,22.26,1239600
2022-07-20T15:00:00Z,22.26,22.32,22.18,22.28,507600
2022-07-20T16:00:00Z,22.28,22.45,22.24,22.44,942400
2022-07-20T17:00:00Z,22.43,22.44,22.22,22.23,884700
2022-07-20T18:00:00Z,22.23,22.32,22.22,22.3,588200
2022-07-20T19:00:00Z,22.29,22.4,22.29,22.34,1034900
2022-07-21T13:00:00Z,21.84,22.17,21.56,22.13,4943900
2022-07-21T14:00:00Z,22.13,22.25,21.95,22.23,2537200
2022-07-21T15:00:00Z,22.21,22.49,22.2,22.36,2209700
2022-07-21T16:00:00Z,22.36,22.45,22.25,22.44,937100
2022-07-21T17:00:00Z,22.44,22.73,22.32,22.41,2988100
2022-07-21T18:00:00Z,22.4,22.63,22.4,22.61,980200
2022-07-21T19:00:00Z,22.62,22.91,22.61,22.88,2067700
2022-07-22T13:00:00Z,22.82,23.34,22.66,23.11,2895000
2022-07-22T14:00:00Z,23.1,23.18,22.92,23.1,1200400
2022-07-22T15:00:00Z,23.1,23.1,22.69,22.9,1139600
2022-07-22T16:00:00Z,22.9,23.02,22.82,22.94,641500
2022-07-22T17:00:00Z,22.94,22.94,22.71,22.76,885600
2022-07-22T18:00:00Z,22.76,22.77,22.6,22.66,995100
2022-07-22T19:00:00Z,22.66,22.87,22.65,22.77,1088000
2022-07-25T13:00:00Z,23,23.3,22.9,23.28,1974800
2022-07-25T14:00:00Z,23.29,23.38,23.05,23.19,1617700
2022-07-25T15:00:00Z,23.19,23.24,23.07,23.11,1034200
2022-07-25T16:00:00Z,23.11,23.27,23,23.26,1244700
2022-07-25T17:00:00Z,23.25,23.6,23.25,23.58,1926600
2022-07-25T18:00:00Z,23.58,23.83,23.54,23.71,1960800
2022-07-25T19:00:00Z,23.71,23.74,23.5,23.62,2315700
2022-07-26T13:00:00Z,23.91,24.1,23.72,23.95,2385500
2022-07-26T14:00:00Z,23.94,23.95,23.42,23.56,2568900
2022-07-26T15:00:00Z,23.56,23.56,23.26,23.35,2119200
2022-07-26T16:00:00Z,23.35,23.83,23.31,23.82,1489800
2022-07-26T17:00:00Z,23.83,23.93,23.65,23.75,1243200
2022-07-26T18:00:00Z,23.76,23.89,23.68,23.79,862500
2022-07-26T19:00:00Z,23.78,23.89,23.72,23.78,1204800
2022-07-27T13:00:00Z,23.96,23.98,22.9,23.19,5859900
2022-07-27T14:00:00Z,23.19,23.75,23.02,23.68,4217600
2022-07-27T15:00:00Z,23.68,23.72,23.25,23.27,2367100
2022-07-27T16:00:00Z,23.27,23.39,23.25,23.33,724700
2022-07-27T17:00:00Z,23.34,23.5,23.27,23.36,983200
2022-07-27T18:00:00Z,23.36,23.65,23.27,23.47,2673800
2022-07-27T19:00:00Z,23.48,23.75,23.42,23.67,3273600
2022-07-28T13:00:00Z,23.9,24.14,23.43,23.56,3227200
2022-07-28T14:00:00Z,23.55,23.64,23.24,23.41,1572800
2022-07-28T15:00:00Z,23.4,23.67,23.4,23.6,966400
2022-07-28T16:00:00Z,23.6,23.69,23.51,23.53,818200
2022-07-28T17:00:00Z,23.53,23.87,23.34,23.77,2079100
2022-07-28T18:00:00Z,23.76,23.79,23.6,23.63,935700
2022-07-28T19:00:00Z,23.62,23.8,23.56,23.71,1583000
2022-07-29T13:00:00Z,24.02,24.23,23.86,23.9,3905400
2022-07-29T14:00:00Z,23.89,24.06,23.86,23.98,2917700
2022-07-29T15:00:00Z,23.99,24.47,23.95,24.27,3260300
2022-07-29T16:00:00Z,24.26,24.4,24.23,24.37,840700
2022-07-29T17:00:00Z,24.36,24.5,24.32,24.47,1234800
2022-07-29T18:00:00Z,24.48,24.53,24.37,24.41,1469800
2022-07-29T19:00:00Z,24.41,24.46,24.27,24.27,1249800
2022-08-01T13:00:00Z,23.75,23.78,22.93,23.13,4557800
2022-08-01T14:00:00Z,23.13,23.4,22.98,23.37,2765600
2022-08-01T15:00:00Z,23.37,23.44,23.26,23.38,844200
2022-08-01T16:00:00Z,23.37,23.49,23.31,23.41,766600
2022-08-01T17:00:00Z,23.41,23.42,23.1,23.26,1379200
2022-08-01T18:00:00Z,23.25,23.47,23.24,23.44,962000
2022-08-01T19:00:00Z,23.43,23.47,23.29,23.37,1267600
2022-08-02T13:00:00Z,23.33,23.78,23.33,23.43,2632600
2022-08-02T14:00:00Z,23.43,23.91,23.28,23.72,2268300
2022-08-02T15:00:00Z,23.71,23.72,23.5,23.51,1121700
2022-08-02T16:00:00Z,23.51,23.62,23.45,23.53,757400
2022-08-02T17:00:00Z,23.53,23.6,23.34,23.4,1235100
2022-08-02T18:00:00Z,23.41,23.53,23.38,23.43,1013100
2022-08-02T19:00:00Z,23.44,23.47,23.3,23.37,2206700
2022-08-03T13:00:00Z,23.63,23.81,23.42,23.47,2400100
2022-08-03T14:00:00Z,23.47,23.47,23.18,23.26,2216200
2022-08-03T15:00:00Z,23.25,23.62,23.16,23.57,1717200
2022-08-03T16:00:00Z,23.58,23.72,23.5,23.65,3111100
2022-08-03T17:00:00Z,23.65,23.71,23.58,23.63,1500200
2022-08-03T18:00:00Z,23.63,23.75,23.62,23.68,1422300
2022-08-03T19:00:00Z,23.68,23.78,23.64,23.78,1562800
2022-08-04T13:00:00Z,24.39,24.41,23.62,23.96,5589000
2022-08-04T14:00:00Z,23.95,24.06,23.56,23.62,3102600
2022-08-04T15:00:00Z,23.62,23.64,23.36,23.43,2268300
2022-08-04T16:00:00Z,23.43,23.52,23.32,23.39,1838700
2022-08-04T17:00:00Z,23.39,23.52,23.36,23.45,1922000
2022-08-04T18:00:00Z,23.44,23.46,23.3,23.3,1728000
2022-08-04T19:00:00Z,23.3,23.43,23.27,23.31,3294000
2022-08-05T13:00:00Z,23.26,23.78,22.91,23.75,4274100
2022-08-05T14:00:00Z,23.77,24.38,23.75,24.26,4419800
2022-08-05T15:00:00Z,24.27,24.3,24.01,24.05,1203600
2022-08-05T16:00:00Z,24.06,24.26,24,24.25,1317500
2022-08-05T17:00:00Z,24.26,24.5,24.14,24.18,2256300
2022-08-05T18:00:00Z,24.18,24.28,24.02,24.03,1313800
2022-08-05T19:00:00Z,24.04,24.11,23.93,24.05,1377200
2022-08-08T13:00:00Z,24.04,24.28,23.85,24.14,3241200
2022-08-08T14:00:00Z,24.15,24.54,24.06,24.47,2033900
2022-08-08T15:00:00Z,24.48,24.68,24.42,24.66,1076800
2022-08-08T16:00:00Z,24.66,24.97,24.65,24.8,2139800
2022-08-08T17:00:00Z,24.81,24.98,24.65,24.77,1784700
2022-08-08T18:00:00Z,24.77,24.77,24.35,24.47,2667400
2022-08-08T19:00:00Z,24.48,24.61,24.43,24.61,2260500
2022-08-09T13:00:00Z,25,25.29,24.83,24.88,3491300
2022-08-09T14:00:00Z,24.89,25.12,24.83,24.94,1763400
2022-08-09T15:00:00Z,24.95,25.08,24.9,24.94,1215900
2022-08-09T16:00:00Z,24.94,24.95,24.67,24.74,1484500
2022-08-09T17:00:00Z,24.73,24.81,24.7,24.75,1024200
2022-08-09T18:00:00Z,24.74,24.91,24.66,24.81,1966400
2022-08-09T19:00:00Z,24.81,25.09,24.8,25.01,2117600
2022-08-10T13:00:00Z,25.27,25.36,24.85,24.87,2516600
2022-08-10T14:00:00Z,24.86,24.92,24.54,24.69,2807100
2022-08-10T15:00:00Z,24.7,24.83,24.6,24.74,1366900
2022-08-10T16:00:00Z,24.74,24.98,24.74,24.81,1218200
2022-08-10T17:00:00Z,24.8,25.04,24.8,24.98,1146700
2022-08-10T18:00:00Z,24.97,25.03,24.72,24.79,1139200
2022-08-10T19:00:00Z,24.79,24.89,24.77,24.81,954500
2022-08-11T13:00:00Z,25.15,25.49,25.11,25.2,2793900
2022-08-11T14:00:00Z,25.2,25.56,25.1,25.15,2543300
2022-08-11T15:00:00Z,25.17,25.44,25.13,25.43,1133800
2022-08-11T16:00:00Z,25.42,25.62,25.42,25.52,1522100
2022-08-11T17:00:00Z,25.52,25.74,25.47,25.65,1037900
2022-08-11T18:00:00Z,25.64,25.77,25.44,25.54,1344000
2022-08-11T19:00:00Z,25.53,25.56,25.37,25.41,1439200
2022-08-12T13:00:00Z,25.23,25.8,25.23,25.68,2141900
2022-08-12T14:00:00Z,25.67,25.68,25.45,25.58,1083000
2022-08-12T15:00:00Z,25.58,25.76,25.56,25.75,583300
2022-08-12T16:00:00Z,25.74,25.84,25.55,25.81,1257600
2022-08-12T17:00:00Z,25.82,25.86,25.69,25.77,1007500
2022-08-12T18:00:00Z,25.78,25.85,25.73,25.78,900600
2022-08-12T19:00:00Z,25.77,25.89,25.72,25.74,1345700
2022-08-15T13:00:00Z,24.95,25.14,24.71,25.13,4427400
2022-08-15T14:00:00Z,25.11,25.39,25.02,25.31,1610000
2022-08-15T15:00:00Z,25.31,25.52,25.1,25.12,1314400
2022-08-15T16:00:00Z,25.11,25.4,25.11,25.35,894000
2022-08-15T17:00:00Z,25.34,25.45,25.28,25.42,652000
2022-08-15T18:00:00Z,25.42,25.54,25.25,25.37,788300
2022-08-15T19:00:00Z,25.36,25.44,25.25,25.3,1276700
2022-08-16T13:00:00Z,24.82,24.9,24.48,24.71,5190700
2022-08-16T14:00:00Z,24.71,24.9,24.47,24.51,2096400
2022-08-16T15:00:00Z,24.51,24.53,24.34,24.39,1663700
2022-08-16T16:00:00Z,24.4,24.46,24.31,24.34,1064200
2022-08-16T17:00:00Z,24.35,24.37,24.17,24.3,1377600
2022-08-16T18:00:00Z,24.31,24.44,24.23,24.26,1108100
2022-08-16T19:00:00Z,24.26,24.4,24.23,24.34,2241000
2022-08-17T13:00:00Z,24.21,24.4,23.91,24.37,1695700
2022-08-17T14:00:00Z,24.39,24.55,24.23,24.45,1608100
2022-08-17T15:00:00Z,24.46,24.54,24.37,24.46,1397300
2022-08-17T16:00:00Z,24.46,24.64,24.46,24.49,1533200
2022-08-17T17:00:00Z,24.5,24.57,24.38,24.43,924200
2022-08-17T18:00:00Z,24.43,24.55,24.32,24.33,1490100
2022-08-17T19:00:00Z,24.34,24.4,24.3,24.36,1452100
2022-08-18T13:00:00Z,24.69,25.05,24.55,24.66,2890000
2022-08-18T14:00:00Z,24.65,24.75,24.46,24.55,1418500
2022-08-18T15:00:00Z,24.55,24.64,24.46,24.48,1022200
2022-08-18T16:00:00Z,24.49,24.6,24.46,24.5,685400
2022-08-18T17:00:00Z,24.5,24.71,24.49,24.64,938700
2022-08-18T18:00:00Z,24.65,24.75,24.57,24.7,1073500
2022-08-18T19:00:00Z,24.7,24.78,24.65,24.65,1083800
2022-08-19T13:00:00Z,24.4,24.78,24.31,24.46,2748400
2022-08-19T14:00:00Z,24.47,24.58,24.4,24.48,2153900
2022-08-19T15:00:00Z,24.48,24.52,24.4,24.42,1083500
2022-08-19T16:00:00Z,24.44,24.47,24.35,24.37,1586800
2022-08-19T17:00:00Z,24.37,24.4,24.21,24.28,967600
2022-08-19T18:00:00Z,24.28,24.28,23.84,23.86,2340700
2022-08-19T19:00:00Z,23.86,24,23.84,23.9,2330400
2022-08-22T13:00:00Z,23.84,23.88,23.17,23.31,2275200
2022-08-22T14:00:00Z,23.32,23.52,23.13,23.13,2016200
2022-08-22T15:00:00Z,23.13,23.68,22.97,23.28,4375300
2022-08-22T16:00:00Z,23.28,23.5,23.27,23.35,2085100
2022-08-22T17:00:00Z,23.35,23.37,23.07,23.13,1792400
2022-08-22T18:00:00Z,23.13,23.24,23.12,23.16,1463200
2022-08-22T19:00:00Z,23.17,23.62,23.16,23.56,2404600
2022-08-23T13:00:00Z,23.62,24.54,23.56,24.4,4319100
2022-08-23T14:00:00Z,24.4,24.7,24.35,24.47,2346400
2022-08-23T15:00:00Z,24.48,24.98,24.41,24.89,2726600
2022-08-23T16:00:00Z,24.9,24.99,24.72,24.92,1248600
2022-08-23T17:00:00Z,24.93,25.17,24.88,25.01,2174600
2022-08-23T18:00:00Z,25.02,25.21,24.93,25.02,2033800
2022-08-23T19:00:00Z,25.03,25.11,24.85,24.99,2185900
2022-08-24T13:00:00Z,24.89,25.98,24.84,25.93,3745200
2022-08-24T14:00:00Z,25.93,26.25,25.57,25.75,4326600
2022-08-24T15:00:00Z,25.75,25.78,25.5,25.71,1752000
2022-08-24T16:00:00Z,25.7,25.78,25.44,25.69,1993600
2022-08-24T17:00:00Z,25.69,25.77,25.55,25.65,1107500
2022-08-24T18:00:00Z,25.65,25.84,25.64,25.82,986400
2022-08-24T19:00:00Z,25.82,26.08,25.78,26.07,2411700
2022-08-25T13:00:00Z,26.2,26.45,26,26.2,2419200
2022-08-25T14:00:00Z,26.21,26.32,25.74,25.95,2469000
2022-08-25T15:00:00Z,25.94,26.24,25.84,26.21,1328800
2022-08-25T16:00:00Z,26.21,26.33,26.19,26.32,1171000
2022-08-25T17:00:00Z,26.33,26.37,26.16,26.16,1397500
2022-08-25T18:00:00Z,26.16,26.3,26.05,26.3,2289100
2022-08-25T19:00:00Z,26.3,26.4,26.26,26.39,2200000
2022-08-26T13:00:00Z,26.48,26.64,26.23,26.54,1289100
2022-08-26T14:00:00Z,26.52,26.69,26.24,26.41,1315000
2022-08-26T15:00:00Z,26.41,26.42,26.23,26.31,825300
2022-08-26T16:00:00Z,26.31,26.32,26.1,26.31,873800
2022-08-26T17:00:00Z,26.32,26.36,26.22,26.3,724700
2022-08-26T18:00:00Z,26.3,26.33,26.19,26.29,788900
2022-08-26T19:00:00Z,26.3,26.66,26.17,26.62,2418300
2022-08-29T13:00:00Z,26.55,27.38,26.44,27.36,3610400
2022-08-29T14:00:00Z,27.37,28.04,27.28,27.94,4365600
2022-08-29T15:00:00Z,27.95,28,27.63,27.76,1746900
2022-08-29T16:00:00Z,27.77,28,27.74,27.88,1614300
2022-08-29T17:00:00Z,27.88,27.95,27.75,27.76,1478000
2022-08-29T18:00:00Z,27.76,27.79,27.57,27.72,2089300
2022-08-29T19:00:00Z,27.71,27.74,27.2,27.2,1883200
2022-08-30T13:00:00Z,26.87,27.22,26.43,26.45,3430900
2022-08-30T14:00:00Z,26.47,27.17,26.31,27.14,2746700
2022-08-30T15:00:00Z,27.14,27.39,27.01,27.27,1483300
2022-08-30T16:00:00Z,27.27,27.33,26.59,26.65,1868300
2022-08-30T17:00:00Z,26.63,26.82,26.31,26.74,2913700
2022-08-30T18:00:00Z,26.74,26.93,26.68,26.69,1074900
2022-08-30T19:00:00Z,26.68,26.96,26.68,26.88,1270700
2022-08-31T13:00:00Z,26.49,27,26.2,26.64,2742900
2022-08-31T14:00:00Z,26.63,26.88,26.51,26.7,1815900
2022-08-31T15:00:00Z,26.7,27.2,26.68,27.19,1098000
2022-08-31T16:00:00Z,27.18,27.3,27.03,27.1,1140600
2022-08-31T17:00:00Z,27.1,27.22,27.02,27.14,749500
2022-08-31T18:00:00Z,27.14,27.24,27.03,27.23,1250900
2022-08-31T19:00:00Z,27.22,27.43,27.05,27.35,2162300
2022-09-01T13:00:00Z,27.25,27.25,26.8,26.86,3591000
2022-09-01T14:00:00Z,26.86,27.17,26.8,27.04,1488600
2022-09-01T15:00:00Z,27.04,27.09,26.85,26.93,1321600
2022-09-01T16:00:00Z,26.93,27.03,26.9,27.03,589900
2022-09-01T17:00:00Z,27.04,27.25,26.97,27.06,1011200
2022-09-01T18:00:00Z,27.05,27.14,26.98,27.11,1572200
2022-09-01T19:00:00Z,27.11,27.27,27.08,27.11,1116000
2022-09-02T13:00:00Z,28.18,29.35,27.8,27.8,9252000
2022-09-02T14:00:00Z,27.8,28.05,27.66,27.95,2993400
2022-09-02T15:00:00Z,27.95,28.05,27.76,27.89,2471000
2022-09-02T16:00:00Z,27.9,27.91,27.7,27.85,1370900
2022-09-02T17:00:00Z,27.86,27.9,27.62,27.78,1621200
2022-09-02T18:00:00Z,27.78,27.95,27.75,27.79,2138500
2022-09-02T19:00:00Z,27.78,28,27.6,27.73,2617000
2022-09-05T13:00:00Z,28.59,29.2,28.51,28.79,5861000
2022-09-05T14:00:00Z,28.81,29.16,28.58,29.07,4012000
2022-09-05T15:00:00Z,29.08,29.28,28.7,29.01,4472500
2022-09-05T16:00:00Z,29.04,29.24,28.94,29.18,1950300
2022-09-05T17:00:00Z,29.2,29.55,29.15,29.32,2387100
2022-09-05T18:00:00Z,29.34,29.69,29.27,29.56,2331400
2022-09-05T19:00:00Z,29.59,29.77,29.42,29.6,2812500
2022-09-06T13:00:00Z,28.9,29.26,28.81,29.04,4142000
2022-09-06T14:00:00Z,29.02,29.45,28.71,29.2,3857100
2022-09-06T15:00:00Z,29.21,29.21,28.96,29.09,1273800
2022-09-06T16:00:00Z,29.09,29.22,28.89,28.91,1268900
2022-09-06T17:00:00Z,28.91,29.1,28.85,28.9,731700
2022-09-06T18:00:00Z,28.9,28.96,28.73,28.78,927800
2022-09-06T19:00:00Z,28.78,28.85,28.62,28.68,1960800
2022-09-08T13:00:00Z,28.3,28.43,27.71,27.96,4324200
2022-09-08T14:00:00Z,27.96,27.97,27.52,27.55,2749200
2022-09-08T15:00:00Z,27.55,27.74,27.28,27.39,3373300
2022-09-08T16:00:00Z,27.39,27.65,27.08,27.61,2848200
2022-09-08T17:00:00Z,27.59,27.83,27.59,27.7,2493000
2022-09-08T18:00:00Z,27.7,27.75,27.48,27.54,3269100
2022-09-08T19:00:00Z,27.54,27.7,27.5,27.61,4750500
2022-09-09T13:00:00Z,27.91,28.18,27.46,27.55,5714200
2022-09-09T14:00:00Z,27.57,27.91,27.54,27.81,3375300
2022-09-09T15:00:00Z,27.83,27.83,27.65,27.71,1016700
2022-09-09T16:00:00Z,27.71,27.93,27.69,27.81,974500
2022-09-09T17:00:00Z,27.81,27.87,27.68,27.76,949300
2022-09-09T18:00:00Z,27.76,27.91,27.75,27.86,1467300
2022-09-09T19:00:00Z,27.86,28,27.72,27.98,2581200
2022-09-12T13:00:00Z,28.46,28.83,28.17,28.25,2679700
2022-09-12T14:00:00Z,28.25,28.25,27.67,27.76,2214000
2022-09-12T15:00:00Z,27.77,28.02,27.72,27.8,1749300
2022-09-12T16:00:00Z,27.79,27.86,27.73,27.84,1476500
2022-09-12T17:00:00Z,27.84,27.84,27.64,27.67,1696900
2022-09-12T18:00:00Z,27.67,27.68,27.43,27.63,1875200
2022-09-12T19:00:00Z,27.63,27.9,27.58,27.6,1860400
2022-09-13T13:00:00Z,27.15,27.85,27.12,27.67,2487600
2022-09-13T14:00:00Z,27.67,27.72,27.09,27.38,2323900
2022-09-13T15:00:00Z,27.37,27.5,27.27,27.27,1248900
2022-09-13T16:00:00Z,27.27,27.32,27.12,27.21,930800
2022-09-13T17:00:00Z,27.21,27.57,27.1,27.42,1604500
2022-09-13T18:00:00Z,27.41,27.54,27.05,27.1,1883000
2022-09-13T19:00:00Z,27.1,27.21,26.94,26.99,2545500
2022-09-14T13:00:00Z,27,27.92,26.91,27.67,2587500
2022-09-14T14:00:00Z,27.67,27.75,27.48,27.59,2289900
2022-09-14T15:00:00Z,27.59,28.29,27.51,28.25,2352800
2022-09-14T16:00:00Z,28.26,28.37,28.1,28.25,1510600
2022-09-14T17:00:00Z,28.25,28.34,28.12,28.16,1031200
2022-09-14T18:00:00Z,28.16,28.19,28.05,28.1,1102200
2022-09-14T19:00:00Z,28.1,28.32,28.08,28.24,1536400
2022-09-15T13:00:00Z,28.05,28.27,27.91,28.19,1528700
2022-09-15T14:00:00Z,28.19,28.21,27.33,27.36,2725700
2022-09-15T15:00:00Z,27.35,27.68,27.33,27.62,1024100
2022-09-15T16:00:00Z,27.63,27.84,27.5,27.84,838000
2022-09-15T17:00:00Z,27.85,27.93,27.61,27.67,960400
2022-09-15T18:00:00Z,27.68,27.76,27.55,27.56,788000
2022-09-15T19:00:00Z,27.57,27.74,27.56,27.58,1799600
2022-09-16T13:00:00Z,27.6,27.75,27.29,27.42,1576500
2022-09-16T14:00:00Z,27.43,27.97,27.42,27.84,1782300
2022-09-16T15:00:00Z,27.85,28.05,27.75,27.91,1203200
2022-09-16T16:00:00Z,27.9,28,27.72,27.91,1166100
2022-09-16T17:00:00Z,27.92,27.97,27.83,27.94,856800
2022-09-16T18:00:00Z,27.93,28.09,27.84,27.99,1122400
2022-09-16T19:00:00Z,27.99,28.07,27.85,28.01,922400
2022-09-19T13:00:00Z,27.4,28,27.34,27.77,1631800
2022-09-19T14:00:00Z,27.79,27.85,27.61,27.82,2812500
2022-09-19T15:00:00Z,27.81,28.06,27.75,27.95,807800
2022-09-19T16:00:00Z,27.95,28.28,27.84,28.25,866800
2022-09-19T17:00:00Z,28.25,28.27,27.76,27.8,914900
2022-09-19T18:00:00Z,27.79,27.85,27.72,27.78,1302000
2022-09-19T19:00:00Z,27.78,28.08,27.74,28.08,2370300
2022-09-20T13:00:00Z,28.16,28.41,27.96,28.03,1320500
2022-09-20T14:00:00Z,28.01,28.25,27.98,28.1,1149900
2022-09-20T15:00:00Z,28.1,28.37,28.09,28.26,1032600
2022-09-20T16:00:00Z,28.27,28.31,28.09,28.17,592600
2022-09-20T17:00:00Z,28.16,28.22,28.04,28.12,488400
2022-09-20T18:00:00Z,28.12,28.3,28.05,28.25,619300
2022-09-20T19:00:00Z,28.25,28.33,28.16,28.18,976500
2022-09-21T13:00:00Z,28.7,28.84,28.54,28.7,2799600
2022-09-21T14:00:00Z,28.7,28.71,28.28,28.35,1964900
2022-09-21T15:00:00Z,28.35,28.64,28.3,28.63,784600
2022-09-21T16:00:00Z,28.63,28.71,28.57,28.67,519700
2022-09-21T17:00:00Z,28.68,28.68,28.5,28.61,527800
2022-09-21T18:00:00Z,28.6,28.76,28.32,28.64,1343200
2022-09-21T19:00:00Z,28.65,28.69,28.43,28.52,1244700
2022-09-22T13:00:00Z,28.85,29.41,28.57,28.61,2396900
2022-09-22T14:00:00Z,28.6,29.15,28.42,29.03,1818700
2022-09-22T15:00:00Z,29.03,29.26,29,29.07,1033500
2022-09-22T16:00:00Z,29.08,29.37,29.07,29.29,1059100
2022-09-22T17:00:00Z,29.3,29.6,29.19,29.51,1908900
2022-09-22T18:00:00Z,29.5,29.53,29.31,29.42,1232300
2022-09-22T19:00:00Z,29.43,29.66,29.42,29.58,2383000
2022-09-23T13:00:00Z,28.78,29.08,27.97,28,5986800
2022-09-23T14:00:00Z,28,28.09,27.46,27.51,5207200
2022-09-23T15:00:00Z,27.52,27.81,27.43,27.58,2637900
2022-09-23T16:00:00Z,27.58,27.87,27.54,27.85,1564900
2022-09-23T17:00:00Z,27.86,27.86,27.65,27.72,1295500
2022-09-23T18:00:00Z,27.71,27.76,27.56,27.69,1588700
2022-09-23T19:00:00Z,27.7,28.1,27.7,28.03,2533000
2022-09-26T13:00:00Z,27.91,28.03,27.62,27.75,1473800
2022-09-26T14:00:00Z,27.76,27.81,27.57,27.68,1184100
2022-09-26T15:00:00Z,27.67,27.71,27.5,27.54,770800
2022-09-26T16:00:00Z,27.52,27.54,27.32,27.41,953700
2022-09-26T17:00:00Z,27.4,27.43,27.04,27.18,2056400
2022-09-26T18:00:00Z,27.17,27.36,27.1,27.29,1409500
2022-09-26T19:00:00Z,27.29,27.34,27.12,27.23,2083500
2022-09-27T13:00:00Z,27.76,28.04,27.38,27.52,3431900
2022-09-27T14:00:00Z,27.53,27.55,27.24,27.41,1855600
2022-09-27T15:00:00Z,27.41,27.6,27.28,27.3,1213900
2022-09-27T16:00:00Z,27.29,27.37,27.11,27.34,1070800
2022-09-27T17:00:00Z,27.33,27.45,27.25,27.43,715100
2022-09-27T18:00:00Z,27.42,27.48,27.28,27.37,1039900
2022-09-27T19:00:00Z,27.36,27.36,27.13,27.19,1180300
2022-09-28T13:00:00Z,27.25,27.49,27.07,27.23,2138300
2022-09-28T14:00:00Z,27.22,28.19,27.18,28.11,3279700
2022-09-28T15:00:00Z,28.12,28.33,27.82,27.89,1954600
2022-09-28T16:00:00Z,27.89,28.03,27.6,27.71,993500
2022-09-28T17:00:00Z,27.71,27.86,27.62,27.72,664500
2022-09-28T18:00:00Z,27.72,27.87,27.65,27.85,7911200
2022-09-28T19:00:00Z,27.84,28.15,27.83,27.98,1586900
2022-09-29T13:00:00Z,27.72,27.76,27.4,27.5,1321500
2022-09-29T14:00:00Z,27.5,27.68,27.22,27.65,1444200
2022-09-29T15:00:00Z,27.63,27.83,27.49,27.55,1418600
2022-09-29T16:00:00Z,27.55,27.59,27.14,27.17,1050500
2022-09-29T17:00:00Z,27.18,27.27,27.1,27.11,1017400
2022-09-29T18:00:00Z,27.11,27.13,26.83,27.03,2109900
2022-09-29T19:00:00Z,27.03,27.33,27.03,27.21,2019200
2022-09-30T13:00:00Z,27.01,27.31,26.81,27.27,1436500
2022-09-30T14:00:00Z,27.3,27.39,27.11,27.29,993300
2022-09-30T15:00:00Z,27.3,27.57,27.28,27.44,1014300
2022-09-30T16:00:00Z,27.43,27.44,27.27,27.4,549800
2022-09-30T17:00:00Z,27.39,27.81,27.37,27.59,1096700
2022-09-30T18:00:00Z,27.6,27.61,27.35,27.49,961400
2022-09-30T19:00:00Z,27.5,27.65,27.48,27.56,1246100
2022-10-03T13:00:00Z,28.58,29.43,28.5,29.1,4607100
2022-10-03T14:00:00Z,29.12,29.23,28.92,29.21,1661500
2022-10-03T15:00:00Z,29.23,29.24,28.72,28.83,1490300
2022-10-03T16:00:00Z,28.82,28.91,28.54,28.68,1003700
2022-10-03T17:00:00Z,28.67,28.76,28.6,28.65,858600
2022-10-03T18:00:00Z,28.66,28.89,28.62,28.85,931700
2022-10-03T19:00:00Z,28.84,28.9,28.79,28.8,1056700
2022-10-04T13:00:00Z,29.49,30.54,29.44,30.16,4896700
2022-10-04T14:00:00Z,30.16,30.86,29.86,30.83,5691600
2022-10-04T15:00:00Z,30.82,30.97,30.5,30.89,4174700
2022-10-04T16:00:00Z,30.9,30.9,30.51,30.6,3157300
2022-10-04T17:00:00Z,30.6,30.7,30.3,30.37,2502700
2022-10-04T18:00:00Z,30.37,30.45,30.14,30.33,5000000
2022-10-04T19:00:00Z,30.33,30.33,30.07,30.15,1898500
2022-10-05T13:00:00Z,30.29,31.45,30.09,31.33,4202800
2022-10-05T14:00:00Z,31.32,31.37,30.69,31.16,3193200
2022-10-05T15:00:00Z,31.17,31.5,31.14,31.49,2588000
2022-10-05T16:00:00Z,31.48,31.66,31.41,31.66,1516800
2022-10-05T17:00:00Z,31.66,31.85,31.54,31.54,1734000
2022-10-05T18:00:00Z,31.54,31.55,31.3,31.34,1664400
2022-10-05T19:00:00Z,31.33,31.36,31.2,31.24,1986800
2022-10-06T13:00:00Z,31.72,31.85,31.17,31.48,2599600
2022-10-06T14:00:00Z,31.48,31.56,31.22,31.51,1263400
2022-10-06T15:00:00Z,31.51,31.75,31.34,31.48,1325100
2022-10-06T16:00:00Z,31.48,31.66,31.4,31.62,690500
2022-10-06T17:00:00Z,31.62,31.67,31.44,31.5,694700
2022-10-06T18:00:00Z,31.49,31.58,31.35,31.48,832600
2022-10-06T19:00:00Z,31.48,31.6,31.38,31.55,848200
2022-10-07T13:00:00Z,31.51,32.14,31.4,32.12,1804400
2022-10-07T14:00:00Z,32.11,32.45,31.91,32.35,1639200
2022-10-07T15:00:00Z,32.35,32.44,32.31,32.38,1042600
2022-10-07T16:00:00Z,32.38,32.55,32.32,32.52,1413200
2022-10-07T17:00:00Z,32.52,32.52,32.11,32.18,1279900
2022-10-07T18:00:00Z,32.16,32.19,31.8,31.96,1497300
2022-10-07T19:00:00Z,31.96,32.02,31.67,31.85,1344700
2022-10-10T13:00:00Z,32.36,32.4,31.41,31.72,2144900
2022-10-10T14:00:00Z,31.74,31.74,31.23,31.43,1213600
2022-10-10T15:00:00Z,31.43,31.61,31.27,31.56,473600
2022-10-10T16:00:00Z,31.56,31.63,31.31,31.6,550200
2022-10-10T17:00:00Z,31.6,31.7,31.46,31.53,773600
2022-10-10T18:00:00Z,31.54,31.55,31.26,31.39,926100
2022-10-10T19:00:00Z,31.39,31.71,31.33,31.45,1374800
2022-10-11T13:00:00Z,31.17,31.54,30.93,31.43,2615400
2022-10-11T14:00:00Z,31.42,31.87,31.23,31.77,1759300
2022-10-11T15:00:00Z,31.76,31.85,31.52,31.63,1263800
2022-10-11T16:00:00Z,31.62,31.72,31.55,31.61,834300
2022-10-11T17:00:00Z,31.62,31.83,31.57,31.74,894400
2022-10-11T18:00:00Z,31.75,31.83,31.45,31.48,1336800
2022-10-11T19:00:00Z,31.48,31.59,31.24,31.51,2135100
2022-10-13T13:00:00Z,31.14,31.8,31.03,31.71,2422700
2022-10-13T14:00:00Z,31.71,32.41,31.54,32.15,3114800
2022-10-13T15:00:00Z,32.14,32.27,31.78,32.16,1691000
2022-10-13T16:00:00Z,32.16,32.31,32.02,32.15,676000
2022-10-13T17:00:00Z,32.14,32.27,32.05,32.1,691300
2022-10-13T18:00:00Z,32.11,32.12,31.82,31.97,874100
2022-10-13T19:00:00Z,31.98,32,31.81,31.89,1150700
2022-10-14T13:00:00Z,31.88,31.94,31.5,31.74,1505800
2022-10-14T14:00:00Z,31.71,31.94,31.61,31.72,1370200
2022-10-14T15:00:00Z,31.72,31.75,31.23,31.4,1286700
2022-10-14T16:00:00Z,31.39,31.79,31.27,31.48,742300
2022-10-14T17:00:00Z,31.48,31.72,31.29,31.63,1138100
2022-10-14T18:00:00Z,31.63,31.64,31.16,31.24,1015600
2022-10-14T19:00:00Z,31.23,31.34,30.76,31,2256000
2022-10-17T13:00:00Z,31.3,31.83,31.15,31.58,1874700
2022-10-17T14:00:00Z,31.58,31.59,31.26,31.36,690200
2022-10-17T15:00:00Z,31.36,31.51,31.26,31.38,576000
2022-10-17T16:00:00Z,31.38,31.44,31.24,31.38,413400
2022-10-17T17:00:00Z,31.38,31.57,31.32,31.41,982600
2022-10-17T18:00:00Z,31.41,31.47,31.23,31.37,742100
2022-10-17T19:00:00Z,31.37,31.39,31.29,31.34,488100
2022-10-18T13:00:00Z,31.6,32.35,31.6,32,4148100
2022-10-18T14:00:00Z,32,32.31,31.85,31.86,2169000
2022-10-18T15:00:00Z,31.85,31.87,31.56,31.76,1552500
2022-10-18T16:00:00Z,31.76,32.02,31.69,31.95,703200
2022-10-18T17:00:00Z,31.96,32.25,31.94,32.11,846900
2022-10-18T18:00:00Z,32.1,32.25,31.83,32.05,1268200
2022-10-18T19:00:00Z,32.04,32.28,31.98,32.05,1482400
2022-10-19T13:00:00Z,32.31,32.39,31.96,32.34,2084800
2022-10-19T14:00:00Z,32.34,32.98,32.33,32.97,2238500
2022-10-19T15:00:00Z,32.96,33.16,32.81,33.02,1845700
2022-10-19T16:00:00Z,33.02,33.02,32.7,32.88,1024000
2022-10-19T17:00:00Z,32.88,33.24,32.79,33.16,1288300
2022-10-19T18:00:00Z,33.16,33.3,33.12,33.17,1800200
2022-10-19T19:00:00Z,33.17,33.64,33.16,33.46,2173600
2022-10-20T13:00:00Z,33.9,33.99,33.41,33.41,2441000
2022-10-20T14:00:00Z,33.41,33.5,33.16,33.48,1512400
2022-10-20T15:00:00Z,33.48,33.5,32.92,32.98,1131800
2022-10-20T16:00:00Z,32.98,33.15,32.8,33.09,713400
2022-10-20T17:00:00Z,33.09,33.22,32.95,33.15,618700
2022-10-20T18:00:00Z,33.16,33.29,32.96,33.17,899200
2022-10-20T19:00:00Z,33.17,33.29,33.07,33.19,1043800
2022-10-21T13:00:00Z,33.09,33.85,33.09,33.64,2330200
2022-10-21T14:00:00Z,33.63,33.65,33.31,33.6,885500
2022-10-21T15:00:00Z,33.61,33.7,33.52,33.68,670100
2022-10-21T16:00:00Z,33.69,33.76,33.47,33.55,681200
2022-10-21T17:00:00Z,33.55,33.7,33.5,33.59,701500
2022-10-21T18:00:00Z,33.59,33.77,33.55,33.61,1054800
2022-10-21T19:00:00Z,33.6,34.08,33.58,33.91,2259200
2022-10-24T13:00:00Z,33.46,34,33.41,33.51,1444100
2022-10-24T14:00:00Z,33.51,33.64,33.11,33.62,962000
2022-10-24T15:00:00Z,33.61,33.64,33.29,33.4,372200
2022-10-24T16:00:00Z,33.39,33.56,33.37,33.53,327000
2022-10-24T17:00:00Z,33.52,33.54,33.25,33.47,479200
2022-10-24T18:00:00Z,33.45,33.56,33.32,33.34,434600
2022-10-24T19:00:00Z,33.33,33.54,33.3,33.48,546900
2022-10-25T13:00:00Z,33.3,33.78,33.11,33.77,1434200
2022-10-25T14:00:00Z,33.74,34.25,33.68,33.82,1392800
2022-10-25T15:00:00Z,33.83,34.15,33.83,34.04,891100
2022-10-25T16:00:00Z,34.05,34.17,33.85,33.99,915800
2022-10-25T17:00:00Z,34,34.24,33.88,34.13,1005100
2022-10-25T18:00:00Z,34.13,34.19,33.82,33.89,938300
2022-10-25T19:00:00Z,33.88,34.13,33.82,33.82,1144100
2022-10-26T13:00:00Z,33.95,34.22,33.5,33.58,1793600
2022-10-26T14:00:00Z,33.58,33.92,33.51,33.91,1040900
2022-10-26T15:00:00Z,33.92,34.12,33.84,34.05,611900
2022-10-26T16:00:00Z,34.05,34.34,33.94,33.94,936700
2022-10-26T17:00:00Z,33.95,33.99,33.65,33.72,1387900
2022-10-26T18:00:00Z,33.72,33.75,33.17,33.25,2049400
2022-10-26T19:00:00Z,33.25,33.52,33.2,33.35,2163500
2022-10-27T13:00:00Z,33.39,34.25,33.29,34.15,3258600
2022-10-27T14:00:00Z,34.14,34.23,33.8,34.02,1691700
2022-10-27T15:00:00Z,34.02,34.15,33.96,34.1,708000
2022-10-27T16:00:00Z,34.1,34.14,33.95,34,519100
2022-10-27T17:00:00Z,34,34.04,33.85,33.88,998100
2022-10-27T18:00:00Z,33.88,33.95,33.56,33.58,818700
2022-10-27T19:00:00Z,33.59,34.09,33.49,33.65,1623900
2022-10-28T13:00:00Z,33.33,34.27,33.26,34.2,1281900
2022-10-28T14:00:00Z,34.2,34.24,33.57,33.78,1457900
2022-10-28T15:00:00Z,33.78,34,33.62,34,550200
2022-10-28T16:00:00Z,34,34.15,33.85,34.12,609100
2022-10-28T17:00:00Z,34.11,34.15,34,34.05,371400
2022-10-28T18:00:00Z,34.04,34.07,33.74,34,639800
2022-10-28T19:00:00Z,34,34.05,33.79,34,1124400
2022-10-31T13:00:00Z,33.7,35.46,33.39,35.35,4055000
2022-10-31T14:00:00Z,35.36,35.47,34.69,35.03,1342700
2022-10-31T15:00:00Z,35.03,35.11,34.54,34.65,919300
2022-10-31T16:00:00Z,34.66,34.88,34.47,34.7,983100
2022-10-31T17:00:00Z,34.7,34.96,34.53,34.9,920900
2022-10-31T18:00:00Z,34.9,35,34.6,34.91,1125800
2022-10-31T19:00:00Z,34.92,35.54,34.78,35.45,2194700
2022-11-01T13:00:00Z,36.58,37.69,36.43,36.72,6940000
2022-11-01T14:00:00Z,36.72,37,36.12,36.99,2549900
2022-11-01T15:00:00Z,37,37.04,36.63,36.87,1602600
2022-11-01T16:00:00Z,36.88,37.2,36.77,37.15,2386800
2022-11-01T17:00:00Z,37.16,37.37,37.03,37.15,2082200
2022-11-01T18:00:00Z,37.16,37.72,37.15,37.58,2610100
2022-11-01T19:00:00Z,37.58,37.78,36.8,37.1,3321700
2022-11-03T13:00:00Z,36.87,37.39,36.53,36.7,2916200
2022-11-03T14:00:00Z,36.74,36.78,36.25,36.65,1620100
2022-11-03T15:00:00Z,36.65,36.67,36.3,36.41,1280700
2022-11-03T16:00:00Z,36.41,36.49,36.3,36.42,913700
2022-11-03T17:00:00Z,36.42,36.85,36.31,36.77,2398500
2022-11-03T18:00:00Z,36.76,36.82,36.55,36.7,1246200
2022-11-03T19:00:00Z,36.71,37,36.55,36.89,1698900
2022-11-04T13:00:00Z,37.82,38.75,37.51,37.71,5280700
2022-11-04T14:00:00Z,37.72,37.95,37.26,37.79,2182600
2022-11-04T15:00:00Z,37.8,37.9,37.38,37.48,1312300
2022-11-04T16:00:00Z,37.47,37.7,37.46,37.52,1333800
2022-11-04T17:00:00Z,37.52,37.6,37.31,37.6,1236800
2022-11-04T18:00:00Z,37.59,37.67,37.43,37.6,1312700
2022-11-04T19:00:00Z,37.59,37.93,37.38,37.65,1904400
2022-11-07T13:00:00Z,37.59,37.6,37.11,37.26,983800
2022-11-07T14:00:00Z,37.27,37.48,36.62,36.7,889600
2022-11-07T15:00:00Z,36.7,37.01,36.52,36.72,1017400
2022-11-07T16:00:00Z,36.73,37.08,36.68,37.05,703500
2022-11-07T17:00:00Z,37.06,37.37,37.04,37.27,1300400
2022-11-07T18:00:00Z,37.25,37.26,36.52,36.64,2539300
2022-11-07T19:00:00Z,36.64,36.91,36.39,36.39,1620400
2022-11-07T20:00:00Z,36.39,36.57,36.33,36.38,1052400
2022-11-08T13:00:00Z,36.25,37.06,35.99,36.59,1578800
2022-11-08T14:00:00Z,36.62,36.97,36.5,36.73,656900
2022-11-08T15:00:00Z,36.73,37.49,36.7,37.42,1029600
2022-11-08T16:00:00Z,37.42,37.65,37.23,37.27,868000
2022-11-08T17:00:00Z,37.28,37.4,36.98,37.3,823200
2022-11-08T18:00:00Z,37.31,37.5,37.05,37.46,908700
2022-11-08T19:00:00Z,37.46,37.51,37.02,37.36,999100
2022-11-08T20:00:00Z,37.35,37.63,37.23,37.54,965200
2022-11-09T13:00:00Z,37.2,38.68,37.03,38.66,3328900
2022-11-09T14:00:00Z,38.66,38.75,37.68,37.98,3116800
2022-11-09T15:00:00Z,37.96,38.14,37.84,37.96,1549500
2022-11-09T16:00:00Z,37.96,38.03,37.65,37.93,689600
2022-11-09T17:00:00Z,37.94,38,37.6,37.75,991000
2022-11-09T18:00:00Z,37.74,37.78,37.35,37.6,1694900
2022-11-09T19:00:00Z,37.6,37.72,37.26,37.3,1216200
2022-11-09T20:00:00Z,37.32,37.48,36.95,37.05,2498600
2022-11-10T13:00:00Z,37,37.34,36.55,37.01,2426500
2022-11-10T14:00:00Z,37.01,37.15,36.35,36.41,1840900
2022-11-10T15:00:00Z,36.42,36.76,36.34,36.75,1084300
2022-11-10T16:00:00Z,36.76,37.22,36.69,37.14,1170400
2022-11-10T17:00:00Z,37.14,37.28,36.5,36.64,1591400
2022-11-10T18:00:00Z,36.64,36.79,36.05,36.19,1428500
2022-11-10T19:00:00Z,36.19,36.52,36.03,36.32,1656400
2022-11-10T20:00:00Z,36.32,36.63,36.16,36.4,1627900
2022-11-11T13:00:00Z,36.91,37.87,36.91,37.6,3874300
2022-11-11T14:00:00Z,37.6,37.79,37.14,37.41,1944900
2022-11-11T15:00:00Z,37.42,38.3,37.27,38.05,2220000
2022-11-11T16:00:00Z,38.05,38.07,37.42,37.73,2275400
2022-11-11T17:00:00Z,37.73,37.91,37.46,37.46,864100
2022-11-11T18:00:00Z,37.48,37.92,37.29,37.89,1774400
2022-11-11T19:00:00Z,37.89,37.92,37.5,37.77,1419900
2022-11-11T20:00:00Z,37.78,37.84,37.54,37.83,1147400
2022-11-14T13:00:00Z,37.9,38.14,37.46,37.72,1917900
2022-11-14T14:00:00Z,37.74,38.09,37.61,37.77,1318600
2022-11-14T15:00:00Z,37.77,39.15,37.77,39.1,2098600
2022-11-14T16:00:00Z,39.11,39.25,38.76,38.79,1748800
2022-11-14T17:00:00Z,38.8,38.96,38.46,38.57,1044900
2022-11-14T18:00:00Z,38.57,38.78,38.4,38.41,1368900
2022-11-14T19:00:00Z,38.42,38.97,38.22,38.92,1992700
2022-11-14T20:00:00Z,38.92,39.05,38.42,38.42,1877900
2022-11-16T13:00:00Z,38.57,38.65,37.6,37.84,2570800
2022-11-16T14:00:00Z,37.83,37.89,37.53,37.74,1465100
2022-11-16T15:00:00Z,37.74,37.78,37.22,37.36,1136400
2022-11-16T16:00:00Z,37.36,37.39,36.76,36.8,1670500
2022-11-16T17:00:00Z,36.79,36.8,36.42,36.45,2453800
2022-11-16T18:00:00Z,36.45,36.45,35.54,35.66,4176100
2022-11-16T19:00:00Z,35.69,36.26,35.34,36.23,3702500
2022-11-16T20:00:00Z,36.23,36.34,35.67,36.29,2473200
2022-11-17T13:00:00Z,35.21,35.49,34.64,35.04,3647800
2022-11-17T14:00:00Z,35.06,35.32,34.96,35.07,1903500
2022-11-17T15:00:00Z,35.06,35.23,34.58,34.62,1554400
2022-11-17T16:00:00Z,34.61,34.68,34.34,34.48,2974400
2022-11-17T17:00:00Z,34.47,34.65,34.2,34.35,1874400
2022-11-17T18:00:00Z,34.34,34.76,34.23,34.72,2307100
2022-11-17T19:00:00Z,34.71,34.94,34.4,34.93,3221400
2022-11-17T20:00:00Z,34.91,35.74,34.79,35.73,2856700
2022-11-18T13:00:00Z,36.1,36.45,35.83,36.04,2573700
2022-11-18T14:00:00Z,36.03,36.18,34.62,35.23,3877400
2022-11-18T15:00:00Z,35.24,35.54,34.83,35.1,2151800
2022-11-18T16:00:00Z,35.1,35.29,34.7,34.8,1333000
2022-11-18T17:00:00Z,34.82,34.93,34.45,34.77,1390200
2022-11-18T18:00:00Z,34.78,34.9,34.25,34.44,2289400
2022-11-18T19:00:00Z,34.45,34.7,34.43,34.68,1512700
2022-11-18T20:00:00Z,34.68,34.76,34.45,34.47,2169000
2022-11-21T13:00:00Z,34.33,34.86,34.02,34.7,1499200
2022-11-21T14:00:00Z,34.7,34.86,33.31,33.66,2985800
2022-11-21T15:00:00Z,33.66,33.73,32.9,33.03,2226900
2022-11-21T16:00:00Z,33.03,33.46,32.86,33.39,1310300
2022-11-21T17:00:00Z,33.39,34.29,33.39,33.74,2471400
2022-11-21T18:00:00Z,33.72,34.09,33.66,33.86,1354400
2022-11-21T19:00:00Z,33.86,34.29,33.85,34.22,1270500
2022-11-21T20:00:00Z,34.22,34.6,34.15,34.55,1788600
2022-11-22T13:00:00Z,34.96,35.81,34.92,35.59,2913600
2022-11-22T14:00:00Z,35.59,35.85,35.03,35.39,1765100
2022-11-22T15:00:00Z,35.39,35.53,35.14,35.46,953100
2022-11-22T16:00:00Z,35.46,35.73,35.28,35.73,889100
2022-11-22T17:00:00Z,35.72,35.79,35.48,35.56,858600
2022-11-22T18:00:00Z,35.56,35.99,35.54,35.69,1325100
2022-11-22T19:00:00Z,35.68,35.7,34.85,34.86,2102200
2022-11-22T20:00:00Z,34.86,35.41,34.83,35.41,1394300
2022-11-23T13:00:00Z,34.98,35.75,34.74,35.31,2430400
2022-11-23T14:00:00Z,35.31,35.75,35.23,35.55,1773700
2022-11-23T15:00:00Z,35.55,36,35.45,35.51,1748400
2022-11-23T16:00:00Z,35.51,35.6,34.92,34.93,1672700
2022-11-23T17:00:00Z,34.94,35.37,34.89,35.37,1522600
2022-11-23T18:00:00Z,35.37,35.37,35.06,35.12,784500
2022-11-23T19:00:00Z,35.13,35.55,35.03,35.32,1920300
2022-11-23T20:00:00Z,35.33,35.39,35.12,35.29,1070600
2022-11-24T13:00:00Z,35.4,35.7,35.12,35.22,1177200
2022-11-24T14:00:00Z,35.23,35.69,35.21,35.67,1365000
2022-11-24T15:00:00Z,35.68,36.25,35.63,35.98,2173900
2022-11-24T16:00:00Z,35.99,36.08,35.86,36,595100
2022-11-24T17:00:00Z,35.97,36.22,35.92,36.1,578300
2022-11-24T18:00:00Z,36.1,36.48,36.01,36.35,907400
2022-11-24T19:00:00Z,36.36,36.4,36.27,36.35,564300
2022-11-24T20:00:00Z,36.35,36.71,36.34,36.65,779300
2022-11-25T13:00:00Z,36.65,36.85,35.77,35.82,1239000
2022-11-25T14:00:00Z,35.8,35.84,35.31,35.57,910600
2022-11-25T15:00:00Z,35.56,35.69,35.33,35.35,1584700
2022-11-25T16:00:00Z,35.35,35.58,35.12,35.12,715900
2022-11-25T17:00:00Z,35.12,35.13,34.8,34.91,1256200
2022-11-25T18:00:00Z,34.9,34.9,34.46,34.51,1067600
2022-11-25T19:00:00Z,34.51,34.65,34.24,34.32,1235800
2022-11-25T20:00:00Z,34.31,34.62,34.25,34.61,1147900
2022-11-28T13:00:00Z,33.86,34.58,33.7,34.22,2084400
2022-11-28T14:00:00Z,34.23,34.87,34.1,34.8,1273100
2022-11-28T15:00:00Z,34.79,35.19,34.75,34.87,705400
2022-11-28T16:00:00Z,34.87,35.12,34.83,35.08,679400
2022-11-28T17:00:00Z,35.08,35.14,34.81,34.9,757200
2022-11-28T18:00:00Z,34.91,35.08,34.67,34.79,643500
2022-11-28T19:00:00Z,34.79,34.86,34.54,34.72,594100
2022-11-28T20:00:00Z,34.72,34.96,34.7,34.95,637200
2022-11-29T13:00:00Z,35.49,35.85,35.31,35.39,2588900
2022-11-29T14:00:00Z,35.4,35.69,35.24,35.49,1870800
2022-11-29T15:00:00Z,35.49,35.72,35.3,35.7,929400
2022-11-29T16:00:00Z,35.71,35.79,35.31,35.7,1144700
2022-11-29T17:00:00Z,35.7,35.72,35.36,35.42,748200
2022-11-29T18:00:00Z,35.42,35.61,35.34,35.6,824700
2022-11-29T19:00:00Z,35.6,35.6,35.25,35.3,669200
2022-11-29T20:00:00Z,35.3,35.4,35.27,35.29,721500
2022-11-30T13:00:00Z,35.98,36.6,35.74,35.98,3879000
2022-11-30T14:00:00Z,35.96,36,35.56,35.72,1403600
2022-11-30T15:00:00Z,35.72,35.94,35.55,35.92,878100
2022-11-30T16:00:00Z,35.93,36.08,35.82,35.83,1928700
2022-11-30T17:00:00Z,35.83,35.9,35.23,35.38,1122900
2022-11-30T18:00:00Z,35.39,35.9,35.37,35.69,885700
2022-11-30T19:00:00Z,35.69,35.83,35.61,35.77,760100
2022-11-30T20:00:00Z,35.77,36.12,35.74,35.85,1996000
2022-12-01T13:00:00Z,36.1,36.52,36,36.45,1521800
2022-12-01T14:00:00Z,36.47,36.73,36.45,36.63,1404400
2022-12-01T15:00:00Z,36.63,36.79,36.39,36.56,1201400
2022-12-01T16:00:00Z,36.57,36.65,36.43,36.45,711600
2022-12-01T17:00:00Z,36.45,36.56,36.35,36.55,976400
2022-12-01T18:00:00Z,36.56,37.29,36.53,37.21,1959700
2022-12-01T19:00:00Z,37.21,37.26,36.84,36.89,2002700
2022-12-01T20:00:00Z,36.89,36.91,36.69,36.78,949100
2022-12-02T13:00:00Z,36.91,36.95,36.13,36.55,1512100
2022-12-02T14:00:00Z,36.55,37.6,36.52,37.38,1764900
2022-12-02T15:00:00Z,37.38,37.38,36.74,36.81,979500
2022-12-02T16:00:00Z,36.79,37.05,36.75,37.01,379600
2022-12-02T17:00:00Z,37.01,37.14,36.68,36.95,477900
2022-12-02T18:00:00Z,36.95,36.97,36.63,36.78,740900
2022-12-02T19:00:00Z,36.78,36.85,36.67,36.79,481600
2022-12-02T20:00:00Z,36.78,36.79,36.6,36.72,550900
2022-12-05T13:00:00Z,37.11,37.36,36.72,36.92,1392100
2022-12-05T14:00:00Z,36.92,36.96,36.61,36.78,1108700
2022-12-05T15:00:00Z,36.76,36.92,36.59,36.77,956100
2022-12-05T16:00:00Z,36.76,36.76,36.35,36.51,911500
2022-12-05T17:00:00Z,36.51,36.51,36.23,36.31,622000
2022-12-05T18:00:00Z,36.31,36.32,36.11,36.16,325000
2022-12-05T19:00:00Z,36.16,36.21,35.77,35.96,613100
2022-12-05T20:00:00Z,35.96,36.15,35.73,36.09,805400
2022-12-06T13:00:00Z,35.6,36.37,35.55,36.27,1186100
2022-12-06T14:00:00Z,36.29,36.67,36.1,36.52,1084900
2022-12-06T15:00:00Z,36.51,36.59,36.36,36.48,584600
2022-12-06T16:00:00Z,36.49,36.51,36.22,36.27,592900
2022-12-06T17:00:00Z,36.28,36.32,35.73,35.73,939800
2022-12-06T18:00:00Z,35.72,35.73,34.76,35.07,3436900
2022-12-06T19:00:00Z,35.08,35.26,34.85,34.88,1593100
2022-12-06T20:00:00Z,34.86,34.97,33.9,34.4,3514800
2022-12-07T13:00:00Z,34.39,34.47,33.54,34.19,2974500
2022-12-07T14:00:00Z,34.18,34.3,33.53,33.62,2498700
2022-12-07T15:00:00Z,33.6,33.73,33.24,33.4,1918700
2022-12-07T16:00:00Z,33.39,33.52,33.07,33.23,2552700
2022-12-07T17:00:00Z,33.21,33.29,32.92,32.95,1748500
2022-12-07T18:00:00Z,32.97,32.97,32.24,32.28,3258900
2022-12-07T19:00:00Z,32.27,32.96,32.19,32.8,2873100
2022-12-07T20:00:00Z,32.8,32.91,32.63,32.86,1682100
2022-12-08T13:00:00Z,33,33.8,32.73,33.33,3863600
2022-12-08T14:00:00Z,33.33,33.68,32.95,33.66,2198500
2022-12-08T15:00:00Z,33.65,33.81,33.07,33.2,1601600
2022-12-08T16:00:00Z,33.2,33.31,32.72,33.28,1905300
2022-12-08T17:00:00Z,33.27,33.35,33.03,33.12,912000
2022-12-08T18:00:00Z,33.11,33.27,33.05,33.21,747600
2022-12-08T19:00:00Z,33.21,33.4,33.18,33.25,711600
2022-12-08T20:00:00Z,33.25,33.31,32.89,33.05,3653800
2022-12-09T13:00:00Z,33.3,33.71,33.16,33.59,1901400
2022-12-09T14:00:00Z,33.59,33.83,33.37,33.45,1313300
2022-12-09T15:00:00Z,33.46,33.69,33.4,33.6,590600
2022-12-09T16:00:00Z,33.6,33.85,33.56,33.77,542200
2022-12-09T17:00:00Z,33.76,33.83,33.58,33.6,1064600
2022-12-09T18:00:00Z,33.6,33.75,33.29,33.74,1390700
2022-12-09T19:00:00Z,33.75,33.8,33.57,33.69,1023100
2022-12-09T20:00:00Z,33.69,33.75,33.55,33.65,972600
2022-12-12T13:00:00Z,33.4,33.59,33.13,33.19,1197900
2022-12-12T14:00:00Z,33.17,33.36,32.77,32.92,1602200
2022-12-12T15:00:00Z,32.92,33.46,32.92,33.23,1489700
2022-12-12T16:00:00Z,33.23,33.96,33.19,33.79,1464800
2022-12-12T17:00:00Z,33.79,33.95,33.57,33.9,1252200
2022-12-12T18:00:00Z,33.9,33.97,33.72,33.82,806200
2022-12-12T19:00:00Z,33.81,34.05,33.75,34.05,733500
2022-12-12T20:00:00Z,34.05,34.99,34,34.99,2448000
2022-12-13T13:00:00Z,35.06,35.5,34.39,34.65,2308900
2022-12-13T14:00:00Z,34.62,35.49,34.6,35.23,2686700
2022-12-13T15:00:00Z,35.2,35.37,35.03,35.08,1212300
2022-12-13T16:00:00Z,35.08,35.21,34.89,35.17,853700
2022-12-13T17:00:00Z,35.18,35.4,35.02,35.1,1030600
2022-12-13T18:00:00Z,35.11,35.25,35.04,35.18,629700
2022-12-13T19:00:00Z,35.16,35.28,34.64,35.01,2106800
2022-12-13T20:00:00Z,35.01,35.09,34.72,34.85,1595100
2022-12-14T13:00:00Z,34.89,35.86,34.7,35.82,2642100
2022-12-14T14:00:00Z,35.8,36.2,35.5,35.6,4807200
2022-12-14T15:00:00Z,35.62,35.63,35.13,35.48,3503000
2022-12-14T16:00:00Z,35.47,35.51,35.23,35.33,1141200
2022-12-14T17:00:00Z,35.32,35.53,35.25,35.49,812300
2022-12-14T18:00:00Z,35.5,35.8,35.43,35.71,1233800
2022-12-14T19:00:00Z,35.73,35.9,35.51,35.88,1445300
2022-12-14T20:00:00Z,35.88,36.57,35.88,36.26,2324100
2022-12-15T13:00:00Z,35.93,36.33,35.8,35.94,1169000
2022-12-15T14:00:00Z,35.93,36.35,35.81,35.86,1103800
2022-12-15T15:00:00Z,35.87,35.87,35.37,35.56,1357000
2022-12-15T16:00:00Z,35.57,35.63,35.31,35.56,680700
2022-12-15T17:00:00Z,35.56,35.99,35.5,35.62,743300
2022-12-15T18:00:00Z,35.63,35.75,35.47,35.62,625300
2022-12-15T19:00:00Z,35.62,35.88,35.6,35.79,916600
2022-12-15T20:00:00Z,35.78,36.05,35.6,35.73,1117800
2022-12-16T13:00:00Z,35.39,35.53,34.95,35.12,3193600
2022-12-16T14:00:00Z,35.11,35.5,35,35.14,2360000
2022-12-16T15:00:00Z,35.15,35.22,34.96,35.17,1459700
2022-12-16T16:00:00Z,35.18,35.42,35.14,35.18,636600
2022-12-16T17:00:00Z,35.2,35.42,35.1,35.22,754400
2022-12-16T18:00:00Z,35.23,35.28,35.06,35.1,704800
2022-12-16T19:00:00Z,35.09,35.39,35.09,35.29,874000
2022-12-16T20:00:00Z,35.29,35.43,35.1,35.25,1331300
2022-12-19T13:00:00Z,35.42,35.85,35.42,35.49,974200
2022-12-19T14:00:00Z,35.49,35.81,35.19,35.37,1089300
2022-12-19T15:00:00Z,35.39,35.52,35.18,35.25,590700
2022-12-19T16:00:00Z,35.25,35.49,35.16,35.37,2531000
2022-12-19T17:00:00Z,35.36,35.56,35.33,35.5,662600
2022-12-19T18:00:00Z,35.51,35.81,35.44,35.72,751500
2022-12-19T19:00:00Z,35.71,35.84,35.52,35.65,787000
2022-12-19T20:00:00Z,35.65,35.85,35.57,35.72,1107800
2022-12-20T13:00:00Z,35.68,36.19,35.68,35.99,1673600
2022-12-20T14:00:00Z,36,36.15,35.74,36.1,1730600
2022-12-20T15:00:00Z,36.1,36.18,35.82,35.91,3817600
2022-12-20T16:00:00Z,35.92,36.06,35.75,35.75,834500
2022-12-20T17:00:00Z,35.76,35.77,35.4,35.57,1678100
2022-12-20T18:00:00Z,35.57,35.85,35.55,35.76,802700
2022-12-20T19:00:00Z,35.76,35.81,35.58,35.72,467500
2022-12-20T20:00:00Z,35.71,35.79,35.6,35.76,644800
2022-12-21T13:00:00Z,36.32,36.75,35.63,35.71,1980100
2022-12-21T14:00:00Z,35.72,36.04,35.46,35.57,905900
2022-12-21T15:00:00Z,35.57,35.58,35.26,35.34,1105100
2022-12-21T16:00:00Z,35.35,35.45,35.2,35.28,824300
2022-12-21T17:00:00Z,35.29,35.55,35.16,35.54,778700
2022-12-21T18:00:00Z,35.54,35.89,35.53,35.76,1029600
2022-12-21T19:00:00Z,35.76,35.86,35.53,35.66,692500
2022-12-21T20:00:00Z,35.67,35.75,35.44,35.65,1486600
2022-12-22T13:00:00Z,36.19,36.25,35.33,35.44,1654100
2022-12-22T14:00:00Z,35.45,36,35.31,35.68,1123600
2022-12-22T15:00:00Z,35.66,35.82,35.52,35.7,608200
2022-12-22T16:00:00Z,35.69,36.05,35.68,35.86,640700
2022-12-22T17:00:00Z,35.86,35.89,35.55,35.59,570600
2022-12-22T18:00:00Z,35.5,35.61,35.02,35.09,5827900
2022-12-22T19:00:00Z,35.09,35.34,34.62,34.87,1616700
2022-12-22T20:00:00Z,34.87,35.39,34.87,35.3,961600
2022-12-23T13:00:00Z,35.95,36.05,35.45,35.59,1100300
2022-12-23T14:00:00Z,35.61,35.73,35.36,35.63,819400
2022-12-23T15:00:00Z,35.63,35.85,35.47,35.53,1113200
2022-12-23T16:00:00Z,35.52,35.65,35.43,35.54,570700
2022-12-23T17:00:00Z,35.54,35.65,35.49,35.56,501800
2022-12-23T18:00:00Z,35.57,35.69,35.52,35.58,646200
2022-12-23T19:00:00Z,35.59,35.69,35.38,35.54,921200
2022-12-23T20:00:00Z,35.52,35.71,35.4,35.51,874000
2022-12-26T13:00:00Z,35.2,35.58,35,35.14,623800
2022-12-26T14:00:00Z,35.11,35.25,35.03,35.19,351800
2022-12-26T15:00:00Z,35.19,35.22,35.06,35.1,330200
2022-12-26T16:00:00Z,35.1,35.22,35.05,35.12,262900
2022-12-26T17:00:00Z,35.11,35.55,35.05,35.4,738900
2022-12-26T18:00:00Z,35.41,35.46,35.2,35.23,436900
2022-12-26T19:00:00Z,35.24,35.39,35.22,35.3,273600
2022-12-26T20:00:00Z,35.3,35.53,35.27,35.45,539300
2022-12-27T13:00:00Z,35.69,35.87,35.31,35.38,924800
2022-12-27T14:00:00Z,35.35,35.55,35.21,35.35,682700
2022-12-27T15:00:00Z,35.36,35.73,35.35,35.65,579600
2022-12-27T16:00:00Z,35.52,35.63,35.5,35.59,2795200
2022-12-27T17:00:00Z,35.59,35.74,35.31,35.41,615800
2022-12-27T18:00:00Z,35.41,35.69,35.36,35.6,4565700
2022-12-27T19:00:00Z,35.6,35.69,35.3,35.43,1245600
2022-12-27T20:00:00Z,35.44,35.59,35.37,35.52,684600
2022-12-28T13:00:00Z,35.68,36.47,35.58,36.4,1523800
2022-12-28T14:00:00Z,36.42,36.74,36.3,36.35,1487000
2022-12-28T15:00:00Z,36.33,36.52,36.12,36.51,854100
2022-12-28T16:00:00Z,36.52,36.84,36.48,36.61,1224600
2022-12-28T17:00:00Z,36.62,37.02,36.56,36.96,1072900
2022-12-28T18:00:00Z,36.96,37.1,36.84,37.02,977100
2022-12-28T19:00:00Z,37.03,37.38,36.97,37.31,1329600
2022-12-28T20:00:00Z,37.32,37.49,37.11,37.3,1421500
2022-12-29T13:00:00Z,37.25,37.41,36.83,36.87,1178200
2022-12-29T14:00:00Z,36.87,37.02,36.62,36.9,1146200
2022-12-29T15:00:00Z,36.9,37.13,36.86,37.05,453600
2022-12-29T16:00:00Z,37.04,37.33,37.01,37.21,521500
2022-12-29T17:00:00Z,37.21,37.33,37.04,37.32,612700
2022-12-29T18:00:00Z,37.32,37.48,37.24,37.27,653900
2022-12-29T19:00:00Z,37.27,37.41,37.21,37.24,680900
2022-12-29T20:00:00Z,37.23,37.33,37.19,37.21,579000
2023-01-02T13:00:00Z,36.88,37.66,36.8,37.14,1492200
2023-01-02T14:00:00Z,37.1,37.29,36.45,36.87,1285500
2023-01-02T15:00:00Z,36.87,36.87,36.5,36.81,622700
2023-01-02T16:00:00Z,36.82,36.97,36.61,36.67,556300
2023-01-02T17:00:00Z,36.67,36.94,36.58,36.8,507700
2023-01-02T18:00:00Z,36.79,36.9,36.66,36.78,432100
2023-01-02T19:00:00Z,36.78,36.96,36.71,36.89,458800
2023-01-02T20:00:00Z,36.88,36.95,36.68,36.76,631700
2023-01-03T13:00:00Z,36.5,36.81,36.12,36.45,1099100
2023-01-03T14:00:00Z,36.47,36.47,36.1,36.1,878300
2023-01-03T15:00:00Z,36.11,36.15,35.78,36.01,1370800
2023-01-03T16:00:00Z,36.01,36.05,35.43,35.48,1223500
2023-01-03T17:00:00Z,35.48,35.51,35.02,35.15,1722800
2023-01-03T18:00:00Z,35.15,35.22,34.96,35.01,2002700
2023-01-03T19:00:00Z,35,35.06,34.28,34.44,1901800
2023-01-03T20:00:00Z,34.45,34.64,34.25,34.41,1613700
2023-01-04T13:00:00Z,33.9,34.26,33.1,33.84,1993100
2023-01-04T14:00:00Z,33.84,34.38,33.55,34.08,1527500
2023-01-04T15:00:00Z,34.1,34.44,33.92,34.43,1686700
2023-01-04T16:00:00Z,34.45,34.75,34.31,34.43,1368600
2023-01-04T17:00:00Z,34.44,34.68,34.21,34.38,1240600
2023-01-04T18:00:00Z,34.36,34.48,34.24,34.41,663800
2023-01-04T19:00:00Z,34.42,34.46,34.04,34.23,938500
2023-01-04T20:00:00Z,34.24,34.26,34.02,34.06,890700
2023-01-05T13:00:00Z,34.79,35.06,34.13,34.53,1506800
2023-01-05T14:00:00Z,34.54,34.7,34.3,34.56,824600
2023-01-05T15:00:00Z,34.55,35.06,34.47,34.98,1042200
2023-01-05T16:00:00Z,34.98,35.15,34.81,34.91,909900
2023-01-05T17:00:00Z,34.92,34.96,34.61,34.9,915300
2023-01-05T18:00:00Z,34.9,35.29,34.84,34.95,1215500
2023-01-05T19:00:00Z,34.94,35.2,34.9,35.11,924600
2023-01-05T20:00:00Z,35.11,35.14,34.86,34.93,808800
2023-01-06T13:00:00Z,34.21,34.78,33.9,34.76,2980600
2023-01-06T14:00:00Z,34.76,35.41,34.51,34.68,1982800
2023-01-06T15:00:00Z,34.68,35.18,34.58,35.03,675900
2023-01-06T16:00:00Z,35.03,35.15,34.77,35.11,457200
2023-01-06T17:00:00Z,35.11,35.24,35.02,35.05,581800
2023-01-06T18:00:00Z,35.05,35.28,34.99,35.04,735500
2023-01-06T19:00:00Z,35.03,35.18,34.96,35.17,890000
2023-01-06T20:00:00Z,35.17,35.21,35.02,35.14,742600
2023-01-09T13:00:00Z,35.84,36.65,35.63,35.75,2590000
2023-01-09T14:00:00Z,35.75,36.1,35.7,35.88,1163100
2023-01-09T15:00:00Z,35.87,36.05,35.73,35.93,655200
2023-01-09T16:00:00Z,35.93,36.23,35.85,36.12,508200
2023-01-09T17:00:00Z,36.12,36.17,35.68,35.76,876900
2023-01-09T18:00:00Z,35.74,36.08,35.73,36.02,576700
2023-01-09T19:00:00Z,36.01,36.13,35.87,36.08,371300
2023-01-09T20:00:00Z,36.08,36.25,35.9,35.96,791900
2023-01-10T13:00:00Z,36.3,36.37,35.77,35.9,869100
2023-01-10T14:00:00Z,35.89,36.2,35.65,35.75,944400
2023-01-10T15:00:00Z,35.74,35.74,35.37,35.64,769000
2023-01-10T16:00:00Z,35.64,35.91,35.63,35.87,584300
2023-01-10T17:00:00Z,35.88,35.89,35.78,35.82,242000
2023-01-10T18:00:00Z,35.82,36.18,35.77,36.17,570000
2023-01-10T19:00:00Z,36.16,36.35,36.1,36.15,786600
2023-01-10T20:00:00Z,36.16,36.32,36.13,36.2,772500
2023-01-11T13:00:00Z,36.52,37.43,36.44,37.16,2678000
2023-01-11T14:00:00Z,37.16,37.35,37.04,37.23,1458400
2023-01-11T15:00:00Z,37.23,37.74,37.21,37.69,2631000
2023-01-11T16:00:00Z,37.69,38.05,37.67,37.87,1597200
2023-01-11T17:00:00Z,37.88,38.52,37.85,38.11,2628400
2023-01-11T18:00:00Z,38.11,38.19,37.89,38.14,1681300
2023-01-11T19:00:00Z,38.14,38.48,38.11,38.36,1260700
2023-01-11T20:00:00Z,38.36,38.97,38.33,38.83,2787700
2023-01-12T13:00:00Z,39.03,39.73,39.03,39.28,2058100
2023-01-12T14:00:00Z,39.32,39.44,38.95,38.96,900800
2023-01-12T15:00:00Z,38.95,39.46,38.83,39.23,792900
2023-01-12T16:00:00Z,39.23,39.8,39.15,39.41,1078900
2023-01-12T17:00:00Z,39.42,39.54,39.33,39.52,524300
2023-01-12T18:00:00Z,39.53,39.55,39.33,39.48,508700
2023-01-12T19:00:00Z,39.46,39.58,39.38,39.54,534000
2023-01-12T20:00:00Z,39.54,39.8,39.36,39.75,1301100
2023-01-13T13:00:00Z,39.7,39.75,38.69,38.92,1404900
2023-01-13T14:00:00Z,38.9,38.99,38.69,38.8,1033600
2023-01-13T15:00:00Z,38.78,39.03,38.61,38.77,660800
2023-01-13T16:00:00Z,38.77,38.8,38.66,38.73,402700
2023-01-13T17:00:00Z,38.71,38.78,38.6,38.74,367500
2023-01-13T18:00:00Z,38.73,38.95,38.64,38.84,517800
2023-01-13T19:00:00Z,38.83,39.08,38.8,38.99,664900
2023-01-13T20:00:00Z,38.99,39.28,38.92,39.2,857200
2023-01-16T13:00:00Z,38.77,39.2,38.68,39.03,864400
2023-01-16T14:00:00Z,39.02,39.3,38.8,39.16,764400
2023-01-16T15:00:00Z,39.15,39.35,38.9,39.03,576500
2023-01-16T16:00:00Z,39.03,39.25,38.99,39.02,280900
2023-01-16T17:00:00Z,39.02,39.11,39,39.11,251600
2023-01-16T18:00:00Z,39.1,39.14,38.92,39,384700
2023-01-16T19:00:00Z,39,39.1,38.92,39.03,254900
2023-01-16T20:00:00Z,39.02,39.07,38.95,39.06,577200
2023-01-17T13:00:00Z,39.27,39.85,37.64,38.68,2654400
2023-01-17T14:00:00Z,38.68,39.1,38.2,38.8,3390500
2023-01-17T15:00:00Z,38.8,39.2,38.8,38.97,1172000
2023-01-17T16:00:00Z,38.96,39.04,38.83,39.02,671100
2023-01-17T17:00:00Z,39.02,39.14,38.66,38.82,951700
2023-01-17T18:00:00Z,38.82,38.89,38.57,38.72,541700
2023-01-17T19:00:00Z,38.73,39.03,38.65,38.8,906300
2023-01-17T20:00:00Z,38.79,38.85,38.67,38.78,859600
2023-01-18T13:00:00Z,39.21,39.78,38.97,39.06,1739100
2023-01-18T14:00:00Z,39.07,39.33,38.95,39.08,1115700
2023-01-18T15:00:00Z,39.09,39.22,38.96,39.18,891200
2023-01-18T16:00:00Z,39.17,39.33,39.13,39.25,1049100
2023-01-18T17:00:00Z,39.25,39.29,38.98,39.16,704000
2023-01-18T18:00:00Z,39.16,39.29,39.06,39.13,1744600
2023-01-18T19:00:00Z,39.12,39.27,39,39.11,840700
2023-01-18T20:00:00Z,39.11,39.17,38.92,39,848600
2023-01-19T13:00:00Z,38.82,39.43,38.52,39.37,1004900
2023-01-19T14:00:00Z,39.37,39.48,39.14,39.31,713800
2023-01-19T15:00:00Z,39.32,39.34,39.05,39.13,692600
2023-01-19T16:00:00Z,39.14,39.39,38.95,39.36,1341900
2023-01-19T17:00:00Z,39.39,40.08,39.38,39.96,1111800
2023-01-19T18:00:00Z,39.96,40.3,39.77,40.23,1386900
2023-01-19T19:00:00Z,40.24,40.48,40.23,40.42,1551000
2023-01-19T20:00:00Z,40.42,40.54,40.26,40.43,1263300
2023-01-20T13:00:00Z,40.31,40.44,39.53,39.76,1969800
2023-01-20T14:00:00Z,39.76,40.54,39.74,40.42,1237500
2023-01-20T15:00:00Z,40.41,40.93,40.4,40.77,919300
2023-01-20T16:00:00Z,40.77,40.98,40.64,40.72,1598200
2023-01-20T17:00:00Z,40.72,41.13,40.66,41.08,2144700
2023-01-20T18:00:00Z,41.08,41.11,40.72,40.95,729300
2023-01-20T19:00:00Z,40.95,41.33,40.85,41.31,1497200
2023-01-20T20:00:00Z,41.31,41.49,41.06,41.11,1734100
2023-01-23T13:00:00Z,41.31,42.83,41.3,42.72,2872500
2023-01-23T14:00:00Z,42.71,42.76,42.08,42.23,2560700
2023-01-23T15:00:00Z,42.23,42.3,41.86,41.98,1564600
2023-01-23T16:00:00Z,41.99,42.24,41.89,42.09,1187100
2023-01-23T17:00:00Z,42.11,42.32,42.07,42.17,671000
2023-01-23T18:00:00Z,42.17,42.23,41.81,41.88,1787700
2023-01-23T19:00:00Z,41.88,42.09,41.52,41.68,1134600
2023-01-23T20:00:00Z,41.67,41.78,40.97,41.6,2477500
2023-01-24T13:00:00Z,41.59,41.93,40.44,40.86,2581800
2023-01-24T14:00:00Z,40.85,41.35,40.8,41.03,1278600
2023-01-24T15:00:00Z,41.04,41.25,40.74,40.88,1076600
2023-01-24T16:00:00Z,40.89,41.04,40.79,40.93,538300
2023-01-24T17:00:00Z,40.93,41.15,40.82,40.93,854100
2023-01-24T18:00:00Z,40.93,40.93,40.42,40.44,909400
2023-01-24T19:00:00Z,40.44,40.99,40.27,40.93,1384800
2023-01-24T20:00:00Z,40.92,41.23,40.64,40.87,1424300
2023-01-25T13:00:00Z,40.98,40.98,40.45,40.53,554100
2023-01-25T14:00:00Z,40.53,40.88,40.35,40.47,813900
2023-01-25T15:00:00Z,40.49,41.18,40.36,41.01,1206100
2023-01-25T16:00:00Z,41.01,41.29,40.94,41.09,631000
2023-01-25T17:00:00Z,41.09,41.25,40.91,41.1,446500
2023-01-25T18:00:00Z,41.1,42.2,41.05,42.05,1462500
2023-01-25T19:00:00Z,42.05,42.31,41.84,42.08,908300
2023-01-25T20:00:00Z,42.09,42.13,41.8,41.9,913400
2023-01-26T13:00:00Z,42.25,42.49,42.12,42.38,609100
2023-01-26T14:00:00Z,42.69,42.94,42.42,42.6,1950800
2023-01-26T15:00:00Z,42.61,42.69,42.08,42.48,846300
2023-01-26T16:00:00Z,42.48,42.72,42.47,42.64,859900
2023-01-26T17:00:00Z,42.63,42.67,42.35,42.43,940700
2023-01-26T18:00:00Z,42.43,42.48,42.24,42.36,693200
2023-01-26T19:00:00Z,42.35,42.63,42.3,42.5,1968400
2023-01-26T20:00:00Z,42.5,42.55,42.33,42.37,883600
2023-01-27T13:00:00Z,42.93,43.79,42.93,43.13,2817400
2023-01-27T14:00:00Z,43.14,43.22,42.53,42.65,1330800
2023-01-27T15:00:00Z,42.65,43.11,42.24,42.34,1125500
2023-01-27T16:00:00Z,42.33,42.35,41.77,41.87,1194500
2023-01-27T17:00:00Z,41.87,42.3,41.81,42.3,779900
2023-01-27T18:00:00Z,42.28,42.36,41.96,42.01,590600
2023-01-27T19:00:00Z,42.01,42.18,41.61,41.66,804200
2023-01-27T20:00:00Z,41.67,41.95,41.65,41.76,866800
2023-01-30T13:00:00Z,41.85,42.01,41.27,41.49,1026800
2023-01-30T14:00:00Z,41.48,41.8,41.31,41.53,446000
2023-01-30T15:00:00Z,41.52,41.66,41.19,41.41,419800
2023-01-30T16:00:00Z,41.38,41.5,41.26,41.31,302200
2023-01-30T17:00:00Z,41.3,41.44,41.02,41.23,759300
2023-01-30T18:00:00Z,41.22,41.5,41.21,41.36,603300
2023-01-30T19:00:00Z,41.36,41.45,41.17,41.2,468100
2023-01-30T20:00:00Z,41.2,41.49,41.06,41.47,716900
2023-01-31T13:00:00Z,41.29,41.84,40.96,41.56,940200
2023-01-31T14:00:00Z,41.57,42.47,41.54,42.34,1073400
2023-01-31T15:00:00Z,42.35,42.6,42.06,42.56,1651500
2023-01-31T16:00:00Z,42.58,42.7,42.44,42.45,851700
2023-01-31T17:00:00Z,42.46,42.59,42.17,42.2,765300
2023-01-31T18:00:00Z,42.2,42.21,42.02,42.05,618900
2023-01-31T19:00:00Z,42.05,42.22,41.9,42.11,681900
2023-01-31T20:00:00Z,42.1,42.27,42.08,42.17,620100
2023-02-01T13:00:00Z,42.23,42.39,41.83,42,2000600
2023-02-01T14:00:00Z,41.98,42.05,41.26,41.37,879500
2023-02-01T15:00:00Z,41.37,41.4,40.89,41.08,1120500
2023-02-01T16:00:00Z,41.08,41.15,40.55,40.66,875500
2023-02-01T17:00:00Z,40.66,40.75,40.56,40.67,1899400
2023-02-01T18:00:00Z,40.67,40.95,40.67,40.77,825700
2023-02-01T19:00:00Z,40.77,41.04,40.57,40.88,1079400
2023-02-01T20:00:00Z,40.89,41.24,40.81,41.1,1525100
2023-02-02T13:00:00Z,40.69,41.76,40.66,41.04,1274800
2023-02-02T14:00:00Z,41.02,41.33,40.52,40.58,591600
2023-02-02T15:00:00Z,40.6,40.62,40.06,40.34,1420700
2023-02-02T16:00:00Z,40.35,40.47,39.86,40.31,1590100
2023-02-02T17:00:00Z,40.31,40.4,40.12,40.28,264900
2023-02-02T18:00:00Z,40.29,40.47,40.07,40.12,408100
2023-02-02T19:00:00Z,40.12,40.23,39.74,39.93,885500
2023-02-02T20:00:00Z,39.93,40.06,39.56,40.03,1126600
2023-02-03T13:00:00Z,40.3,41.16,40.1,41.01,1817300
2023-02-03T14:00:00Z,41.02,41.41,40.86,41.25,1162500
2023-02-03T15:00:00Z,41.25,41.39,40.8,40.85,668100
2023-02-03T16:00:00Z,40.85,41,40.5,40.53,513100
2023-02-03T17:00:00Z,40.53,40.64,40.34,40.53,545500
2023-02-03T18:00:00Z,40.56,40.64,40.26,40.28,710300
2023-02-03T19:00:00Z,40.28,40.4,39.85,39.97,1176400
2023-02-03T20:00:00Z,39.97,40.35,39.65,40.27,1384300
2023-02-06T13:00:00Z,40.19,40.78,40.12,40.51,1165400
2023-02-06T14:00:00Z,40.5,40.69,40.21,40.56,1207400
2023-02-06T15:00:00Z,40.56,40.57,40.12,40.29,816700
2023-02-06T16:00:00Z,40.29,41.04,40.2,41.02,1224200
2023-02-06T17:00:00Z,41.01,41.06,40.6,40.68,910000
2023-02-06T18:00:00Z,40.68,40.88,40.64,40.85,595800
2023-02-06T19:00:00Z,40.85,41.28,40.81,41.24,962600
2023-02-06T20:00:00Z,41.22,41.39,41.07,41.28,946300
2023-02-07T13:00:00Z,41.65,41.83,40.9,41.35,1461900
2023-02-07T14:00:00Z,41.35,41.44,40.96,41.38,1349900
2023-02-07T15:00:00Z,41.39,41.48,41.16,41.35,453600
2023-02-07T16:00:00Z,41.35,41.54,41.28,41.49,487500
2023-02-07T17:00:00Z,41.48,41.72,41.23,41.64,959600
2023-02-07T18:00:00Z,41.64,41.7,41.15,41.3,782900
2023-02-07T19:00:00Z,41.3,41.7,41.29,41.46,628800
2023-02-07T20:00:00Z,41.45,41.87,41.45,41.63,919700
2023-02-08T13:00:00Z,41.8,41.9,41.44,41.74,1042700
2023-02-08T14:00:00Z,41.76,42.19,41.6,42,902800
2023-02-08T15:00:00Z,42.01,42.12,41.65,41.91,1202500
2023-02-08T16:00:00Z,41.9,41.99,41.7,41.84,559300
2023-02-08T17:00:00Z,41.84,41.95,41.8,41.95,400400
2023-02-08T18:00:00Z,41.93,42.13,41.93,42.09,937400
2023-02-08T19:00:00Z,42.09,42.42,42.03,42.4,1012000
2023-02-08T20:00:00Z,42.4,42.57,42.35,42.5,1097100
2023-02-09T13:00:00Z,42.54,42.64,42.17,42.44,725800
2023-02-09T14:00:00Z,42.45,42.61,41.81,41.83,1304200
2023-02-09T15:00:00Z,41.83,42.18,41.8,41.94,867100
2023-02-09T16:00:00Z,41.95,42.1,41.74,41.98,759400
2023-02-09T17:00:00Z,41.99,42.24,41.96,42.14,395300
2023-02-09T18:00:00Z,42.14,42.16,41.9,42,388900
2023-02-09T19:00:00Z,42,42.15,41.93,42,485200
2023-02-09T20:00:00Z,41.99,42.13,41.86,41.95,816800
2023-02-10T13:00:00Z,42.3,42.86,42.16,42.71,1513200
2023-02-10T14:00:00Z,42.71,43.1,42.63,42.93,1091100
2023-02-10T15:00:00Z,42.92,43.09,42.86,42.95,778600
2023-02-10T16:00:00Z,42.92,42.95,42.77,42.86,589500
2023-02-10T17:00:00Z,42.87,43.07,42.82,42.94,1140600
2023-02-10T18:00:00Z,42.94,43.17,42.76,42.78,1323400
2023-02-10T19:00:00Z,42.78,42.81,42.54,42.72,594900
2023-02-10T20:00:00Z,42.71,42.87,42.63,42.84,1815200
2023-02-13T13:00:00Z,42.6,42.8,42.08,42.36,1024000
2023-02-13T14:00:00Z,42.36,42.82,42.32,42.8,968600
2023-02-13T15:00:00Z,42.8,42.9,42.48,42.65,675600
2023-02-13T16:00:00Z,42.63,42.69,42.27,42.36,459900
2023-02-13T17:00:00Z,42.34,42.5,42.27,42.31,575400
2023-02-13T18:00:00Z,42.3,42.54,42.29,42.42,503900
2023-02-13T19:00:00Z,42.42,42.45,42.17,42.19,725900
2023-02-13T20:00:00Z,42.19,42.2,41.74,41.85,1530500
2023-02-14T13:00:00Z,41.8,41.97,40.72,41.07,2072900
2023-02-14T14:00:00Z,41.06,41.18,40.6,40.94,1667900
2023-02-14T15:00:00Z,40.96,41.18,40.47,40.62,1414100
2023-02-14T16:00:00Z,40.62,40.9,40.54,40.81,806400
2023-02-14T17:00:00Z,40.8,40.81,40.4,40.63,680600
2023-02-14T18:00:00Z,40.61,40.82,40.58,40.74,713200
2023-02-14T19:00:00Z,40.73,40.85,40.68,40.78,982300
2023-02-14T20:00:00Z,40.78,41.06,40.69,41,1184700
2023-02-15T13:00:00Z,40.61,41.28,40.25,40.93,1193700
2023-02-15T14:00:00Z,40.93,41.08,40.65,40.65,970700
2023-02-15T15:00:00Z,40.66,40.96,40.63,40.92,719600
2023-02-15T16:00:00Z,40.92,40.99,40.44,40.46,544200
2023-02-15T17:00:00Z,40.45,40.66,40.36,40.66,1003300
2023-02-15T18:00:00Z,40.66,41,40.57,41,1107200
2023-02-15T19:00:00Z,41,41.15,40.96,41.03,878000
2023-02-15T20:00:00Z,41.03,41.13,40.75,40.81,1010900
2023-02-16T13:00:00Z,40.36,41.02,40.3,40.54,1622100
2023-02-16T14:00:00Z,40.52,40.67,40.36,40.48,792600
2023-02-16T15:00:00Z,40.47,40.55,40.1,40.15,901300
2023-02-16T16:00:00Z,40.14,40.31,39.92,40.17,924300
2023-02-16T17:00:00Z,40.17,40.18,39.92,40.05,676200
2023-02-16T18:00:00Z,40.05,40.25,39.99,40.14,553500
2023-02-16T19:00:00Z,40.14,40.27,40.03,40.12,628100
2023-02-16T20:00:00Z,40.11,40.4,40,40.33,986400
2023-02-17T13:00:00Z,39.69,39.96,39.36,39.81,1114200
2023-02-17T14:00:00Z,39.82,39.89,38.91,39.02,1973900
2023-02-17T15:00:00Z,39.02,39.23,38.89,38.93,1304000
2023-02-17T16:00:00Z,38.94,39.07,38.77,38.82,1074800
2023-02-17T17:00:00Z,38.82,38.95,38.6,38.67,1599400
2023-02-17T18:00:00Z,38.68,38.77,38.35,38.43,1791100
2023-02-17T19:00:00Z,38.43,38.52,38.2,38.26,1660000
2023-02-17T20:00:00Z,38.26,38.39,37.98,38.28,2050800
2023-02-22T16:00:00Z,37.68,37.68,36.57,37.22,2892500
2023-02-22T17:00:00Z,37.22,37.48,37.05,37.38,1270400
2023-02-22T18:00:00Z,37.37,37.53,37.14,37.3,1103400
2023-02-22T19:00:00Z,37.29,37.4,37.11,37.2,1164400
2023-02-22T20:00:00Z,37.21,37.61,37.21,37.56,1392300
2023-02-23T13:00:00Z,37.74,37.95,37,37.7,3524800
2023-02-23T14:00:00Z,37.69,38.69,37.67,38.4,3411000
2023-02-23T15:00:00Z,38.4,38.46,38.12,38.19,1030500
2023-02-23T16:00:00Z,38.18,38.2,37.4,37.42,1291700
2023-02-23T17:00:00Z,37.41,37.5,37.26,37.42,816600
2023-02-23T18:00:00Z,37.42,37.5,37.23,37.36,690700
2023-02-23T19:00:00Z,37.34,37.5,37.32,37.49,718600
2023-02-23T20:00:00Z,37.49,37.6,37.35,37.44,946200
2023-02-24T13:00:00Z,37.79,38.25,37.51,37.74,1339700
2023-02-24T14:00:00Z,37.74,37.77,37.14,37.18,917800
2023-02-24T15:00:00Z,37.17,37.41,37.11,37.34,460600
2023-02-24T16:00:00Z,37.34,37.69,37.27,37.47,721900
2023-02-24T17:00:00Z,37.5,37.66,37.34,37.4,439500
2023-02-24T18:00:00Z,37.4,37.45,37.16,37.38,655200
2023-02-24T19:00:00Z,37.37,37.58,37.3,37.57,811500
2023-02-24T20:00:00Z,37.58,37.68,37.5,37.62,1042700
2023-02-27T13:00:00Z,37.6,37.97,37.42,37.84,1062100
2023-02-27T14:00:00Z,37.84,37.95,37.71,37.77,1291000
2023-02-27T15:00:00Z,37.77,37.84,37.43,37.55,826700
2023-02-27T16:00:00Z,37.56,37.85,37.49,37.81,646700
2023-02-27T17:00:00Z,37.81,37.83,37.57,37.58,478900
2023-02-27T18:00:00Z,37.57,37.57,37.11,37.34,3056600
2023-02-27T19:00:00Z,37.33,37.45,36.85,36.87,1483300
2023-02-27T20:00:00Z,36.87,37.11,36.85,36.97,1448300
2023-02-28T13:00:00Z,36.94,37.26,36.09,37.06,6472100
2023-02-28T14:00:00Z,37.06,37.1,35.77,35.89,4472500
2023-02-28T15:00:00Z,35.88,36.68,35.83,36.28,2307700
2023-02-28T16:00:00Z,36.28,36.68,36.24,36.42,898500
2023-02-28T17:00:00Z,36.44,36.7,36.25,36.48,1152700
2023-02-28T18:00:00Z,36.47,36.48,34.49,35.44,10025000
2023-02-28T19:00:00Z,35.43,35.54,35,35.01,4812900
2023-02-28T20:00:00Z,35.01,35.01,34.17,34.17,6058400
2023-03-01T13:00:00Z,33.27,33.3,31.44,32.29,12812800
2023-03-01T14:00:00Z,32.29,32.37,31.82,32.25,5797700
2023-03-01T15:00:00Z,32.24,32.65,32.16,32.19,4123100
2023-03-01T16:00:00Z,32.2,32.35,32.1,32.2,3410700
2023-03-01T17:00:00Z,32.22,32.37,31.89,32.18,3173900
2023-03-01T18:00:00Z,32.18,32.24,32.05,32.19,2656900
2023-03-01T19:00:00Z,32.18,33,32.1,32.99,3960900
2023-03-01T20:00:00Z,32.98,33.96,32.75,33.55,4605400
2023-03-02T13:00:00Z,33.65,35.2,33.5,34.48,10453600
2023-03-02T14:00:00Z,34.49,35.33,34.48,34.93,4683300
2023-03-02T15:00:00Z,34.94,35.3,34.8,35.07,2054100
2023-03-02T16:00:00Z,35.09,35.2,34.8,34.88,1229700
2023-03-02T17:00:00Z,34.89,35.19,34.51,34.93,3001500
2023-03-02T18:00:00Z,34.94,35.04,34.63,34.82,2520700
2023-03-02T19:00:00Z,34.83,34.85,34.18,34.24,1901500
2023-03-02T20:00:00Z,34.25,34.35,33.76,33.95,3025000
2023-03-03T13:00:00Z,34.23,34.88,33.82,34.44,3247400
2023-03-03T14:00:00Z,34.46,34.54,33.93,34.45,3180100
2023-03-03T15:00:00Z,34.47,34.79,34.29,34.58,1419400
2023-03-03T16:00:00Z,34.6,34.69,34.4,34.44,582400
2023-03-03T17:00:00Z,34.44,34.7,34.38,34.69,817200
2023-03-03T18:00:00Z,34.69,35.12,34.62,34.86,2058900
2023-03-03T19:00:00Z,34.86,34.97,34.74,34.89,1553300
2023-03-03T20:00:00Z,34.89,34.99,34.67,34.76,1535300
2023-03-06T13:00:00Z,34.6,34.71,33.77,34.03,1979100
2023-03-06T14:00:00Z,34.02,34.08,33.69,33.99,847700
2023-03-06T15:00:00Z,33.99,34.44,33.87,34.15,1137600
2023-03-06T16:00:00Z,34.16,34.4,34.06,34.29,537900
2023-03-06T17:00:00Z,34.27,34.64,34.27,34.52,855500
2023-03-06T18:00:00Z,34.51,34.9,34.44,34.8,1006400
2023-03-06T19:00:00Z,34.8,34.94,34.6,34.68,1129400
2023-03-06T20:00:00Z,34.68,34.9,34.66,34.72,1252600
2023-03-07T13:00:00Z,34.63,34.79,34.05,34.09,1026000
2023-03-07T14:00:00Z,34.1,34.16,33.3,33.45,2422500
2023-03-07T15:00:00Z,33.44,33.54,33.2,33.25,1335100
2023-03-07T16:00:00Z,33.25,33.35,33.15,33.16,716900
2023-03-07T17:00:00Z,33.17,33.39,32.99,33.14,1676100
2023-03-07T18:00:00Z,33.15,33.15,32.62,32.78,1999300
2023-03-07T19:00:00Z,32.78,33.5,32.75,33.3,2413600
2023-03-07T20:00:00Z,33.3,33.8,33.28,33.52,2254700
2023-03-08T13:00:00Z,33.59,34.02,33.28,33.86,1856800
2023-03-08T14:00:00Z,33.86,34.55,33.63,34.55,2262800
2023-03-08T15:00:00Z,34.54,34.59,34.11,34.2,1870800
2023-03-08T16:00:00Z,34.22,34.83,34.21,34.41,2181400
2023-03-08T17:00:00Z,34.4,34.5,34.16,34.38,998100
2023-03-08T18:00:00Z,34.39,34.6,34.24,34.4,859100
2023-03-08T19:00:00Z,34.42,34.64,34.31,34.55,953300
2023-03-08T20:00:00Z,34.55,34.95,34.46,34.49,1670100
2023-03-09T13:00:00Z,34.38,34.53,33.77,34,1780200
2023-03-09T14:00:00Z,34,34.13,33.72,33.87,2137900
2023-03-09T15:00:00Z,33.87,34.04,33.72,33.91,1530300
2023-03-09T16:00:00Z,33.9,34.05,33.8,33.88,1421800
2023-03-09T17:00:00Z,33.87,33.87,33.3,33.64,2119500
2023-03-09T18:00:00Z,33.63,33.79,33.56,33.67,1445700
2023-03-09T19:00:00Z,33.66,33.8,33.53,33.59,1703900
2023-03-09T20:00:00Z,33.59,33.8,33.44,33.51,2175700
2023-03-10T13:00:00Z,33.14,33.5,32.94,33.01,1030300
2023-03-10T14:00:00Z,33,33.31,32.8,33.15,1789600
2023-03-10T15:00:00Z,33.14,33.39,32.92,33.12,1382700
2023-03-10T16:00:00Z,33.12,33.24,32.96,33.05,871700
2023-03-10T17:00:00Z,33.05,33.37,32.92,33.28,6422400
2023-03-10T18:00:00Z,33.31,33.43,32.83,32.97,866700
2023-03-10T19:00:00Z,32.97,33.32,32.97,33.27,907700
2023-03-10T20:00:00Z,33.27,33.48,33.06,33.26,2197500
2023-03-13T13:00:00Z,32.06,32.48,31.7,32.3,5108000
2023-03-13T14:00:00Z,32.3,32.71,32.08,32.55,4295600
2023-03-13T15:00:00Z,32.55,32.59,32.04,32.13,2958500
2023-03-13T16:00:00Z,32.13,32.28,32,32.07,917800
2023-03-13T17:00:00Z,32.06,32.22,32.05,32.19,1058000
2023-03-13T18:00:00Z,32.18,32.21,31.82,31.86,1538200
2023-03-13T19:00:00Z,31.86,31.88,31.45,31.7,2772000
2023-03-14T13:00:00Z,31.7,32.75,31.67,32.53,3554500
2023-03-14T14:00:00Z,32.52,32.62,32.19,32.27,1848700
2023-03-14T15:00:00Z,32.29,32.88,32.27,32.56,1936600
2023-03-14T16:00:00Z,32.55,32.57,32.41,32.47,698900
2023-03-14T17:00:00Z,32.47,32.51,32.21,32.21,1019800
2023-03-14T18:00:00Z,32.22,32.26,31.82,32.01,1542400
2023-03-14T19:00:00Z,32,32.22,31.77,32.2,1159000
2023-03-15T13:00:00Z,31.8,31.8,30.94,31.05,3537000
2023-03-15T14:00:00Z,31.05,31.15,30.42,30.88,3177800
2023-03-15T15:00:00Z,30.88,30.92,30.59,30.78,1407500
2023-03-15T16:00:00Z,30.77,30.81,30.26,30.48,1706700
2023-03-15T17:00:00Z,30.48,30.99,30.47,30.96,1444000
2023-03-15T18:00:00Z,30.97,31.5,30.82,31.2,1849100
2023-03-15T19:00:00Z,31.2,31.35,31.06,31.14,2723300
2023-03-16T13:00:00Z,31.19,31.34,30.5,31.15,2478200
2023-03-16T14:00:00Z,31.14,31.44,30.5,31.4,2734600
2023-03-16T15:00:00Z,31.38,31.44,31,31.39,12362500
2023-03-16T16:00:00Z,31.39,31.44,31.19,31.33,1130500
2023-03-16T17:00:00Z,31.33,31.99,31.28,31.87,2494700
2023-03-16T18:00:00Z,31.87,31.97,31.63,31.71,1680100
2023-03-16T19:00:00Z,31.71,31.94,31.68,31.81,1750600
2023-03-17T13:00:00Z,31.47,31.79,31.05,31.41,3163300
2023-03-17T14:00:00Z,31.41,31.7,31.23,31.31,2941900
2023-03-17T15:00:00Z,31.31,31.6,31.24,31.48,1204000
2023-03-17T16:00:00Z,31.48,31.83,31.44,31.65,972300
2023-03-17T17:00:00Z,31.66,31.7,31.44,31.48,1536000
2023-03-17T18:00:00Z,31.49,31.52,31.33,31.39,863200
2023-03-17T19:00:00Z,31.39,31.44,31.13,31.31,1618100
2023-03-20T13:00:00Z,31.3,31.73,31.11,31.17,1396600
2023-03-20T14:00:00Z,31.17,31.3,30.94,31.08,1695500
2023-03-20T15:00:00Z,31.07,31.16,30.75,30.75,958700
2023-03-20T16:00:00Z,30.75,30.95,30.73,30.8,844000
2023-03-20T17:00:00Z,30.8,31.03,30.68,30.98,897100
2023-03-20T18:00:00Z,30.97,31.01,30.83,30.9,496300
2023-03-20T19:00:00Z,30.9,31.11,30.86,30.97,889600
2023-03-21T13:00:00Z,31.16,31.71,31.05,31.53,1407400
2023-03-21T14:00:00Z,31.53,31.63,31.13,31.43,1230900
2023-03-21T15:00:00Z,31.43,31.52,31.18,31.44,845300
2023-03-21T16:00:00Z,31.45,31.62,31.44,31.58,756000
2023-03-21T17:00:00Z,31.57,31.68,31.4,31.59,997200
2023-03-21T18:00:00Z,31.58,31.62,31.41,31.62,924600
2023-03-21T19:00:00Z,31.62,31.89,31.55,31.8,1885600
2023-03-22T13:00:00Z,31.86,32.19,31.34,31.48,1539000
2023-03-22T14:00:00Z,31.49,31.55,31.24,31.48,960600
2023-03-22T15:00:00Z,31.47,31.66,31.17,31.21,864800
2023-03-22T16:00:00Z,31.23,31.36,31.1,31.19,801100
2023-03-22T17:00:00Z,31.2,31.33,31.15,31.24,698000
2023-03-22T18:00:00Z,31.23,32.13,31.17,31.82,2305900
2023-03-22T19:00:00Z,31.79,31.84,31.19,31.29,1657000
2023-03-23T13:00:00Z,31.53,31.73,31.15,31.53,1100700
2023-03-23T14:00:00Z,31.53,31.66,31.15,31.37,799000
2023-03-23T15:00:00Z,31.38,31.45,31,31.02,723600
2023-03-23T16:00:00Z,31.01,31.12,30.76,30.79,872000
2023-03-23T17:00:00Z,30.79,30.79,30.05,30.05,2718000
2023-03-23T18:00:00Z,30.04,30.23,29.35,29.4,2502800
2023-03-23T19:00:00Z,29.4,30.04,29.39,29.92,3286200
2023-03-24T13:00:00Z,29.64,29.86,29.01,29.82,3735100
2023-03-24T14:00:00Z,29.81,30.44,29.67,30.11,2140700
2023-03-24T15:00:00Z,30.11,30.31,29.79,30.15,1612600
2023-03-24T16:00:00Z,30.15,30.33,30.01,30.23,627600
2023-03-24T17:00:00Z,30.21,30.32,30,30.09,621700
2023-03-24T18:00:00Z,30.09,30.37,30.04,30.27,545100
2023-03-24T19:00:00Z,30.28,30.32,30.1,30.29,861700
2023-03-27T13:00:00Z,31.03,31.62,30.75,30.8,2595500
2023-03-27T14:00:00Z,30.78,31.02,30.68,30.73,752100
2023-03-27T15:00:00Z,30.73,30.98,30.64,30.9,591800
2023-03-27T16:00:00Z,30.89,31.3,30.89,31.19,1241500
2023-03-27T17:00:00Z,31.18,31.56,31.15,31.45,917900
2023-03-27T18:00:00Z,31.46,31.7,31.44,31.68,1352900
2023-03-27T19:00:00Z,31.68,31.82,31.62,31.75,1632900
2023-03-28T13:00:00Z,31.64,31.77,31.14,31.6,1573300
2023-03-28T14:00:00Z,31.6,32,31.6,31.72,1696800
2023-03-28T15:00:00Z,31.72,32.05,31.72,31.85,1972500
2023-03-28T16:00:00Z,31.85,32.06,31.85,32.05,903600
2023-03-28T17:00:00Z,32.05,32.2,31.81,31.86,1419800
2023-03-28T18:00:00Z,31.86,31.97,31.73,31.94,1199700
2023-03-28T19:00:00Z,31.93,32.04,31.76,31.89,1147500
2023-03-29T13:00:00Z,32.25,32.74,31.8,32.13,2866200
2023-03-29T14:00:00Z,32.13,32.35,32.03,32.19,947100
2023-03-29T15:00:00Z,32.17,32.25,31.75,31.76,745600
2023-03-29T16:00:00Z,31.75,31.9,31.5,31.56,886400
2023-03-29T17:00:00Z,31.57,31.67,31.41,31.55,702700
2023-03-29T18:00:00Z,31.55,31.83,31.21,31.74,1110600
2023-03-29T19:00:00Z,31.74,32.16,31.57,31.94,1377400
2023-03-30T13:00:00Z,32.48,32.8,32.17,32.36,1945200
2023-03-30T14:00:00Z,32.37,32.38,32.02,32.24,1057000
2023-03-30T15:00:00Z,32.24,32.44,32.22,32.35,546100
2023-03-30T16:00:00Z,32.34,32.44,32.1,32.19,597400
2023-03-30T17:00:00Z,32.19,32.32,32.08,32.26,516700
2023-03-30T18:00:00Z,32.27,32.35,32.2,32.25,595600
2023-03-30T19:00:00Z,32.25,32.35,32.2,32.25,908400
2023-03-31T13:00:00Z,32.42,32.5,31.8,32,2038500
2023-03-31T14:00:00Z,31.96,32.06,31.45,31.62,2194500
2023-03-31T15:00:00Z,31.64,31.66,31.43,31.47,833500
2023-03-31T16:00:00Z,31.47,31.66,31.43,31.58,555100
2023-03-31T17:00:00Z,31.58,31.61,31.28,31.39,1001300
2023-03-31T18:00:00Z,31.4,31.44,31.22,31.32,1002000
2023-03-31T19:00:00Z,31.32,31.36,31.16,31.23,1573000
2023-04-03T13:00:00Z,32.6,33.24,32.31,32.59,7757000
2023-04-03T14:00:00Z,32.57,32.78,32.27,32.51,2603600
2023-04-03T15:00:00Z,32.5,32.68,32.15,32.32,1948500
2023-04-03T16:00:00Z,32.33,32.54,32.3,32.39,1821600
2023-04-03T17:00:00Z,32.39,32.47,32.28,32.41,1259700
2023-04-03T18:00:00Z,32.4,32.54,32.32,32.34,2372300
2023-04-03T19:00:00Z,32.36,32.53,32.22,32.45,2159800
2023-04-04T13:00:00Z,34.3,34.53,33.66,33.82,13322600
2023-04-04T14:00:00Z,33.82,34.28,33.24,33.27,6832100
2023-04-04T15:00:00Z,33.27,33.52,32.86,33.12,5421200
2023-04-04T16:00:00Z,33.12,33.47,33.09,33.45,1161300
2023-04-04T17:00:00Z,33.45,33.61,33.3,33.43,1358600
2023-04-04T18:00:00Z,33.44,33.87,33.2,33.72,2575500
2023-04-04T19:00:00Z,33.73,33.8,33.56,33.7,2689600
2023-04-05T13:00:00Z,33.5,33.5,32.88,33.15,3777900
2023-04-05T14:00:00Z,33.16,33.19,32.47,32.68,3103100
2023-04-05T15:00:00Z,32.67,33.18,32.67,33.12,994400
2023-04-05T16:00:00Z,33.12,33.24,32.96,33.17,988900
2023-04-05T17:00:00Z,33.17,33.36,33.07,33.18,1108400
2023-04-05T18:00:00Z,33.17,33.89,33.17,33.34,2334100
2023-04-05T19:00:00Z,33.35,33.69,33.31,33.62,1644800
2023-04-06T13:00:00Z,33.84,34.5,33.67,34.28,4319500
2023-04-06T14:00:00Z,34.29,34.88,34.25,34.67,3051900
2023-04-06T15:00:00Z,34.67,34.88,34.48,34.76,1946400
2023-04-06T16:00:00Z,34.77,34.94,34.7,34.86,1482200
2023-04-06T17:00:00Z,34.85,35.09,34.8,35.05,1270800
2023-04-06T18:00:00Z,35.05,35.13,34.75,34.82,1747600
2023-04-06T19:00:00Z,34.82,35.07,34.7,34.95,3834000
2023-04-10T13:00:00Z,34.91,35.22,34.6,34.69,1517300
2023-04-10T14:00:00Z,34.7,34.94,34.62,34.85,799200
2023-04-10T15:00:00Z,34.86,35.22,34.85,35.02,963500
2023-04-10T16:00:00Z,35.01,35.02,34.76,34.82,567600
2023-04-10T17:00:00Z,34.82,34.91,34.66,34.81,708000
2023-04-10T18:00:00Z,34.81,35.01,34.76,34.87,834300
2023-04-10T19:00:00Z,34.88,34.98,34.83,34.93,817300
2023-04-11T13:00:00Z,35.2,35.66,34.84,35.28,3753400
2023-04-11T14:00:00Z,35.28,35.59,35.06,35.28,2659700
2023-04-11T15:00:00Z,35.28,35.45,35.26,35.41,885700
2023-04-11T16:00:00Z,35.4,35.52,35.36,35.5,683900
2023-04-11T17:00:00Z,35.49,35.85,35.44,35.77,1739700
2023-04-11T18:00:00Z,35.76,35.78,35.6,35.63,1099700
2023-04-11T19:00:00Z,35.63,35.8,35.59,35.7,1648900
2023-04-12T13:00:00Z,36,36.4,35.92,36.17,1758200
2023-04-12T14:00:00Z,36.18,36.33,36.04,36.17,1624000
2023-04-12T15:00:00Z,36.17,36.62,36.12,36.59,1333300
2023-04-12T16:00:00Z,36.59,36.83,36.56,36.82,1335400
2023-04-12T17:00:00Z,36.82,37.09,36.74,36.82,1601700
2023-04-12T18:00:00Z,36.82,36.88,36.61,36.64,1127600
2023-04-12T19:00:00Z,36.63,36.67,36.45,36.48,2334400
2023-04-13T13:00:00Z,36.5,36.98,36.4,36.86,1636600
2023-04-13T14:00:00Z,36.87,36.98,36.75,36.84,720400
2023-04-13T15:00:00Z,36.85,37.18,36.84,36.88,1341600
2023-04-13T16:00:00Z,36.88,36.97,36.63,36.68,670900
2023-04-13T17:00:00Z,36.67,36.8,36.64,36.73,670400
2023-04-13T18:00:00Z,36.73,36.75,36.45,36.61,1014200
2023-04-13T19:00:00Z,36.6,36.63,36.48,36.51,3812500
2023-04-14T13:00:00Z,36.42,36.73,36.11,36.73,1727900
2023-04-14T14:00:00Z,36.72,36.8,36.48,36.57,673200
2023-04-14T15:00:00Z,36.57,36.62,36.49,36.55,273100
2023-04-14T16:00:00Z,36.55,36.78,36.49,36.77,1200000
2023-04-14T17:00:00Z,36.77,36.98,36.65,36.67,879400
2023-04-14T18:00:00Z,36.67,36.75,36.55,36.7,504000
2023-04-14T19:00:00Z,36.7,36.81,36.51,36.69,1345000
2023-04-17T13:00:00Z,36.64,36.8,35.96,36.38,2170300
2023-04-17T14:00:00Z,36.4,36.65,36.22,36.34,1045800
2023-04-17T15:00:00Z,36.34,36.38,36.07,36.15,623500
2023-04-17T16:00:00Z,36.14,36.18,35.93,36.06,1327200
2023-04-17T17:00:00Z,36.06,36.2,36.01,36.18,589300
2023-04-17T18:00:00Z,36.17,36.4,36.02,36.27,1191600
2023-04-17T19:00:00Z,36.28,36.36,36.13,36.18,1179900
2023-04-18T13:00:00Z,36.3,36.3,35.12,35.4,2968900
2023-04-18T14:00:00Z,35.38,35.6,35.05,35.41,3126700
2023-04-18T15:00:00Z,35.41,35.51,35.16,35.31,798500
2023-04-18T16:00:00Z,35.31,35.66,35.26,35.51,1164500
2023-04-18T17:00:00Z,35.51,35.71,35.51,35.66,940300
2023-04-18T18:00:00Z,35.65,35.65,35.31,35.41,1158200
2023-04-18T19:00:00Z,35.41,35.53,35.16,35.2,3343700
2023-04-19T13:00:00Z,34.86,35,34.22,34.31,4041400
2023-04-19T14:00:00Z,34.31,34.53,33.86,34.11,3161200
2023-04-19T15:00:00Z,34.11,34.35,33.98,34.16,1895000
2023-04-19T16:00:00Z,34.17,34.44,34.04,34.43,1861800
2023-04-19T17:00:00Z,34.44,34.44,34.14,34.14,977100
2023-04-19T18:00:00Z,34.14,34.19,33.76,33.84,1606300
2023-04-19T19:00:00Z,33.84,34.19,33.81,34.15,2217100
2023-04-20T13:00:00Z,34.05,34.58,33.9,34.47,1008400
2023-04-20T14:00:00Z,34.46,34.64,34.35,34.39,993500
2023-04-20T15:00:00Z,34.38,34.46,34.21,34.41,968100
2023-04-20T16:00:00Z,34.41,34.43,34.26,34.41,659700
2023-04-20T17:00:00Z,34.41,34.43,34.18,34.25,897900
2023-04-20T18:00:00Z,34.25,34.27,33.98,34.05,1721400
2023-04-20T19:00:00Z,34.05,34.18,33.82,33.95,1280900
2023-04-24T13:00:00Z,34.1,35.23,34,35.19,2721500
2023-04-24T14:00:00Z,35.19,35.2,34.86,34.87,1233900
2023-04-24T15:00:00Z,34.88,35.13,34.78,35.08,930100
2023-04-24T16:00:00Z,35.07,35.11,34.97,35.09,803400
2023-04-24T17:00:00Z,35.09,35.27,35.02,35.13,748400
2023-04-24T18:00:00Z,35.12,35.21,35.1,35.17,639200
2023-04-24T19:00:00Z,35.16,35.34,34.96,34.98,1335800
2023-04-25T13:00:00Z,35.2,35.65,34.64,34.85,2514800
2023-04-25T14:00:00Z,34.85,35,34.57,34.7,1981800
2023-04-25T15:00:00Z,34.69,34.76,34.59,34.68,640200
2023-04-25T16:00:00Z,34.67,34.72,34.56,34.7,509200
2023-04-25T17:00:00Z,34.7,34.8,34.36,34.5,1005000
2023-04-25T18:00:00Z,34.5,34.68,34.46,34.52,646500
2023-04-25T19:00:00Z,34.52,34.75,34.5,34.6,1592100
2023-04-26T13:00:00Z,34.87,35.2,34.73,34.95,1603600
2023-04-26T14:00:00Z,34.96,34.97,34.51,34.72,1142700
2023-04-26T15:00:00Z,34.72,34.87,34.61,34.65,680600
2023-04-26T16:00:00Z,34.66,34.77,34.6,34.7,305400
2023-04-26T17:00:00Z,34.69,34.72,34.2,34.22,821900
2023-04-26T18:00:00Z,34.21,34.34,33.68,33.7,2069000
2023-04-26T19:00:00Z,33.69,33.85,33.39,33.57,2821700
2023-04-27T13:00:00Z,33.8,33.87,33.16,33.48,2526200
2023-04-27T14:00:00Z,33.5,33.84,33.35,33.38,1781600
2023-04-27T15:00:00Z,33.4,33.55,33.23,33.31,972400
2023-04-27T16:00:00Z,33.31,33.61,33.17,33.56,1176500
2023-04-27T17:00:00Z,33.56,33.73,33.44,33.55,1371500
2023-04-27T18:00:00Z,33.55,33.67,33.5,33.56,834600
2023-04-27T19:00:00Z,33.56,33.7,33.56,33.65,1269200
2023-04-28T13:00:00Z,33.64,33.95,33.51,33.63,730700
2023-04-28T14:00:00Z,33.61,34.06,33.55,33.8,1216400
2023-04-28T15:00:00Z,33.79,34.43,33.63,34.43,995400
2023-04-28T16:00:00Z,34.43,35.07,34.37,34.93,1268500
2023-04-28T17:00:00Z,34.93,34.98,34.76,34.79,1051500
2023-04-28T18:00:00Z,34.79,34.8,34.49,34.49,714800
2023-04-28T19:00:00Z,34.49,34.74,34.47,34.52,1059100
2023-05-02T13:00:00Z,34.55,34.61,33.34,33.43,1797900
2023-05-02T14:00:00Z,33.46,33.65,32.86,33.22,2102400
2023-05-02T15:00:00Z,33.21,33.4,33.11,33.3,1112200
2023-05-02T16:00:00Z,33.28,33.47,33.1,33.44,1004500
2023-05-02T17:00:00Z,33.45,33.59,33.41,33.51,740500
2023-05-02T18:00:00Z,33.51,33.62,33.42,33.53,522300
2023-05-02T19:00:00Z,33.52,33.71,33.46,33.66,1100100
2023-05-03T13:00:00Z,33.57,33.77,33.01,33.54,2276000
2023-05-03T14:00:00Z,33.52,34.09,33.43,34.04,2233800
2023-05-03T15:00:00Z,34.04,34.38,34,34.1,1536700
2023-05-03T16:00:00Z,34.11,34.15,33.98,34.13,457900
2023-05-03T17:00:00Z,34.13,34.14,33.92,34.09,906400
2023-05-03T18:00:00Z,34.09,34.3,33.98,34.18,1128100
2023-05-03T19:00:00Z,34.18,34.25,34.02,34.2,1245700
2023-05-04T13:00:00Z,34.4,34.63,32.87,33.16,4217800
2023-05-04T14:00:00Z,33.15,33.28,32.69,32.93,2824900
2023-05-04T15:00:00Z,32.93,33.26,32.35,32.37,5001200
2023-05-04T16:00:00Z,32.39,32.98,32.35,32.64,2825200
2023-05-04T17:00:00Z,32.65,33.29,32.55,32.91,4378500
2023-05-04T18:00:00Z,32.89,33,32.61,32.8,1816500
2023-05-04T19:00:00Z,32.8,32.98,32.47,32.82,2745500
2023-05-05T13:00:00Z,33.52,34.26,33.42,33.89,3450200
2023-05-05T14:00:00Z,33.89,34.08,33.75,33.94,1754100
2023-05-05T15:00:00Z,33.93,34.05,33.79,33.85,1316500
2023-05-05T16:00:00Z,33.85,34.1,33.78,34,895200
2023-05-05T17:00:00Z,34,34.19,33.95,34.05,1151200
2023-05-05T18:00:00Z,34.07,34.13,33.86,34.05,2137900
2023-05-05T19:00:00Z,34.06,34.36,33.93,34.36,1622100
2023-05-08T13:00:00Z,34.82,35.17,34.66,34.73,4498200
2023-05-08T14:00:00Z,34.74,34.93,34.6,34.61,1364700
2023-05-08T15:00:00Z,34.6,34.78,34.42,34.7,1515600
2023-05-08T16:00:00Z,34.69,34.79,34.54,34.75,814000
2023-05-08T17:00:00Z,34.76,34.93,34.67,34.73,1666100
2023-05-08T18:00:00Z,34.72,34.73,34.43,34.54,777600
2023-05-08T19:00:00Z,34.54,34.75,34.49,34.66,1632200
2023-05-09T13:00:00Z,34.47,34.6,33.73,34.53,2703400
2023-05-09T14:00:00Z,34.53,34.84,34.52,34.75,1084800
2023-05-09T15:00:00Z,34.75,34.83,34.49,34.59,1073100
2023-05-09T16:00:00Z,34.59,34.77,34.56,34.66,794600
2023-05-09T17:00:00Z,34.67,34.95,34.62,34.88,877200
2023-05-09T18:00:00Z,34.89,34.94,34.58,34.63,741200
2023-05-09T19:00:00Z,34.63,34.7,34.4,34.49,762100
2023-05-10T13:00:00Z,34.7,34.77,34.12,34.26,1308400
2023-05-10T14:00:00Z,34.25,34.46,34.25,34.37,599200
2023-05-10T15:00:00Z,34.36,34.52,34.35,34.45,455700
2023-05-10T16:00:00Z,34.45,34.78,34.39,34.75,667200
2023-05-10T17:00:00Z,34.73,34.83,34.49,34.69,806400
2023-05-10T18:00:00Z,34.68,34.77,34.6,34.67,535000
2023-05-10T19:00:00Z,34.67,34.75,34.62,34.7,681900
2023-05-11T13:00:00Z,34.44,34.52,34.06,34.26,3718100
2023-05-11T14:00:00Z,34.25,34.25,33.94,34.08,1694100
2023-05-11T15:00:00Z,34.09,34.62,34.05,34.51,1027100
2023-05-11T16:00:00Z,34.51,34.6,34.39,34.59,477500
2023-05-11T17:00:00Z,34.6,34.79,34.56,34.6,682500
2023-05-11T18:00:00Z,34.62,35.06,34.6,34.72,1037100
2023-05-11T19:00:00Z,34.72,34.84,34.63,34.75,838800
2023-05-12T13:00:00Z,34.62,35.14,34.62,34.94,1347300
2023-05-12T14:00:00Z,34.92,34.99,34.67,34.73,805700
2023-05-12T15:00:00Z,34.75,34.79,34.4,34.43,882900
2023-05-12T16:00:00Z,34.43,34.6,34.39,34.47,469100
2023-05-12T17:00:00Z,34.47,34.5,34.3,34.44,563700
2023-05-12T18:00:00Z,34.45,34.62,34.42,34.44,924300
2023-05-12T19:00:00Z,34.45,34.58,34.36,34.45,697400
2023-05-15T13:00:00Z,34.61,34.97,34.46,34.72,1082200
2023-05-15T14:00:00Z,34.72,34.93,34.65,34.81,654500
2023-05-15T15:00:00Z,34.81,34.87,34.67,34.74,260800
2023-05-15T16:00:00Z,34.74,34.8,34.69,34.74,210800
2023-05-15T17:00:00Z,34.74,34.8,34.62,34.76,389900
2023-05-15T18:00:00Z,34.77,34.77,34.63,34.65,337700
2023-05-15T19:00:00Z,34.64,34.72,34.41,34.58,921800
2023-05-16T13:00:00Z,34.5,35.09,34.47,34.94,1415200
2023-05-16T14:00:00Z,34.93,34.93,34.27,34.48,1031500
2023-05-16T15:00:00Z,34.5,34.85,34.48,34.69,596100
2023-05-16T16:00:00Z,34.7,34.79,34.65,34.77,400500
2023-05-16T17:00:00Z,34.76,34.83,34.69,34.77,519700
2023-05-16T18:00:00Z,34.77,35,34.74,34.92,787800
2023-05-16T19:00:00Z,34.93,35.03,34.51,34.54,2352200
2023-05-17T13:00:00Z,34.89,35.59,34.79,35.19,2837000
2023-05-17T14:00:00Z,35.18,35.47,35.15,35.41,1070700
2023-05-17T15:00:00Z,35.42,35.69,35.32,35.52,1792300
2023-05-17T16:00:00Z,35.53,35.67,35.5,35.59,664800
2023-05-17T17:00:00Z,35.6,36.07,35.52,35.97,1526600
2023-05-17T18:00:00Z,35.95,36.18,35.91,36.03,1023100
2023-05-17T19:00:00Z,36.04,36.5,35.95,36.4,6033500
2023-05-18T13:00:00Z,36.41,36.41,35.75,35.92,1798600
2023-05-18T14:00:00Z,35.93,36.32,35.61,36.19,2338000
2023-05-18T15:00:00Z,36.19,36.23,35.98,36.09,1210700
2023-05-18T16:00:00Z,36.1,36.25,36.03,36.23,669500
2023-05-18T17:00:00Z,36.23,36.31,36.13,36.24,674300
2023-05-18T18:00:00Z,36.23,36.42,36.13,36.28,949200
2023-05-18T19:00:00Z,36.28,36.49,36.15,36.3,2658000
2023-05-19T13:00:00Z,36.98,37.25,36.57,36.83,2238400
2023-05-19T14:00:00Z,36.82,36.93,36.61,36.91,898500
2023-05-19T15:00:00Z,36.91,37.12,36.79,36.9,4153000
2023-05-19T16:00:00Z,36.89,37.15,36.85,37.13,1059600
2023-05-19T17:00:00Z,37.13,37.34,36.96,37,1410600
2023-05-19T18:00:00Z,37,37.25,36.81,36.89,1580300
2023-05-19T19:00:00Z,36.88,37.18,36.83,37.17,1220600
2023-05-22T13:00:00Z,36.98,37.32,36.6,36.71,1175200
2023-05-22T14:00:00Z,36.71,36.78,36.35,36.37,988100
2023-05-22T15:00:00Z,36.39,36.62,35.98,36.28,2284800
2023-05-22T16:00:00Z,36.27,36.49,35.99,36.45,1515400
2023-05-22T17:00:00Z,36.45,36.58,36.29,36.44,817200
2023-05-22T18:00:00Z,36.44,36.47,36.26,36.3,965300
2023-05-22T19:00:00Z,36.3,36.46,36.22,36.3,1408500
2023-05-23T13:00:00Z,36.4,36.68,36.02,36.54,1641000
2023-05-23T14:00:00Z,36.53,36.75,36.46,36.66,2150900
2023-05-23T15:00:00Z,36.66,36.75,36.57,36.64,933100
2023-05-23T16:00:00Z,36.66,36.68,36.46,36.56,493700
2023-05-23T17:00:00Z,36.57,36.64,36.47,36.48,415400
2023-05-23T18:00:00Z,36.49,36.54,36.07,36.26,1555500
2023-05-23T19:00:00Z,36.27,36.43,36.12,36.19,803100
2023-05-24T13:00:00Z,36.21,36.6,35.85,36.17,3236700
2023-05-24T14:00:00Z,36.19,36.56,36.17,36.4,2168900
2023-05-24T15:00:00Z,36.4,36.8,36.32,36.33,2162400
2023-05-24T16:00:00Z,36.32,36.35,36.05,36.26,770200
2023-05-24T17:00:00Z,36.27,36.29,36.09,36.12,796200
2023-05-24T18:00:00Z,36.09,36.18,35.91,35.95,863400
2023-05-24T19:00:00Z,35.95,36.07,35.83,35.93,1204900
2023-05-25T13:00:00Z,36.25,36.35,35.81,35.89,996700
2023-05-25T15:00:00Z,35.21,35.72,35.21,35.63,24031400
2023-05-25T16:00:00Z,35.65,35.96,35.6,35.83,972700
2023-05-25T17:00:00Z,35.84,35.87,35.53,35.56,1219100
2023-05-25T18:00:00Z,35.58,35.65,35.46,35.55,1326500
2023-05-25T19:00:00Z,35.56,35.8,35.52,35.65,1780100
2023-05-26T13:00:00Z,36.09,36.34,35.88,35.91,1337100
2023-05-26T14:00:00Z,35.93,36.11,35.7,35.73,1747000
2023-05-26T15:00:00Z,35.73,35.81,35.3,35.43,994200
2023-05-26T16:00:00Z,35.42,35.64,35.34,35.64,619300
2023-05-26T17:00:00Z,35.62,35.78,35.57,35.6,561700
2023-05-26T18:00:00Z,35.61,35.7,35.51,35.52,1193400
2023-05-26T19:00:00Z,35.53,35.58,35.18,35.29,1608200
2023-05-29T13:00:00Z,35.27,35.52,35.05,35.36,506200
2023-05-29T14:00:00Z,35.35,35.54,35.29,35.5,399000
2023-05-29T15:00:00Z,35.51,35.53,35.32,35.46,370700
2023-05-29T16:00:00Z,35.45,35.51,35.37,35.49,258400
2023-05-29T17:00:00Z,35.48,35.48,35.36,35.36,261600
2023-05-29T18:00:00Z,35.37,35.49,35.35,35.43,412600
2023-05-29T19:00:00Z,35.43,35.44,35.16,35.26,1121300
2023-05-30T13:00:00Z,35.15,35.41,34.36,34.53,2221100
2023-05-30T14:00:00Z,34.51,34.88,34.38,34.4,3715600
2023-05-30T15:00:00Z,34.42,34.73,34.34,34.37,2218500
2023-05-30T16:00:00Z,34.37,34.39,33.58,33.91,5049600
2023-05-30T17:00:00Z,33.91,34.15,33.69,33.89,2565800
2023-05-30T18:00:00Z,33.89,34.47,33.85,34.29,2233400
2023-05-30T19:00:00Z,34.3,34.31,34.08,34.2,1380800
2023-05-31T13:00:00Z,33.55,34.05,33.35,33.93,1664500
2023-05-31T14:00:00Z,33.93,34.16,33.81,33.91,931700
2023-05-31T15:00:00Z,33.91,34.08,33.84,33.95,900400
2023-05-31T16:00:00Z,33.95,34.03,33.83,33.88,1196900
2023-05-31T17:00:00Z,33.88,34.23,33.87,34.17,2063000
2023-05-31T18:00:00Z,34.17,34.19,33.92,33.99,763500
2023-05-31T19:00:00Z,33.99,34.27,33.91,34.15,801000
2023-06-01T13:00:00Z,34.29,34.47,33.71,33.86,1000400
2023-06-01T14:00:00Z,33.85,34.31,33.68,34.25,1406600
2023-06-01T15:00:00Z,34.25,34.54,33.98,34.34,2446000
2023-06-01T16:00:00Z,34.35,34.39,34.17,34.25,2771800
2023-06-01T17:00:00Z,34.25,34.26,33.8,33.93,2574000
2023-06-01T18:00:00Z,33.93,34.21,33.87,33.98,1928400
2023-06-01T19:00:00Z,33.99,34.3,33.92,34.18,1623700
2023-06-02T13:00:00Z,34.9,35.39,34.84,35.02,2830200
2023-06-02T14:00:00Z,35.02,35.15,34.85,34.98,2008900
2023-06-02T15:00:00Z,34.98,35.17,34.83,35,1341200
2023-06-02T16:00:00Z,35,35.01,34.85,34.95,566400
2023-06-02T17:00:00Z,34.96,35.12,34.92,35.1,1427400
2023-06-02T18:00:00Z,35.09,35.34,34.92,35.31,941200
2023-06-02T19:00:00Z,35.31,35.51,35.15,35.25,1681000
2023-06-05T13:00:00Z,35.91,35.92,35.11,35.14,1746200
2023-06-05T14:00:00Z,35.13,35.15,34.69,35.08,1364800
2023-06-05T15:00:00Z,35.09,35.29,35.06,35.29,566500
2023-06-05T16:00:00Z,35.3,35.34,35.2,35.31,404300
2023-06-05T17:00:00Z,35.32,35.4,35.21,35.4,605700
2023-06-05T18:00:00Z,35.4,35.49,35.27,35.29,586300
2023-06-05T19:00:00Z,35.29,35.54,35.26,35.45,1142000
2023-06-06T13:00:00Z,34.9,34.96,34.2,34.4,3521600
2023-06-06T14:00:00Z,34.41,34.85,34.41,34.75,1620100
2023-06-06T15:00:00Z,34.76,34.9,34.66,34.77,3714200
2023-06-06T16:00:00Z,34.77,34.84,34.66,34.78,1033400
2023-06-06T17:00:00Z,34.78,34.87,34.34,34.5,4357800
2023-06-06T18:00:00Z,34.5,34.5,34.02,34.12,3236100
2023-06-06T19:00:00Z,34.11,34.3,34.02,34.28,3325600
2023-06-07T13:00:00Z,34.6,35.13,34.42,34.5,3404000
2023-06-07T14:00:00Z,34.49,34.68,34.28,34.65,2654700
2023-06-07T15:00:00Z,34.65,34.85,34.52,34.56,1333700
2023-06-07T16:00:00Z,34.57,34.79,34.57,34.63,795600
2023-06-07T17:00:00Z,34.64,34.65,34.45,34.54,695600
2023-06-07T18:00:00Z,34.55,34.84,34.54,34.63,1487600
2023-06-07T19:00:00Z,34.63,34.8,34.58,34.8,1014900
2023-06-09T13:00:00Z,34.97,35.02,34.59,34.8,1183300
2023-06-09T14:00:00Z,34.8,35.2,34.75,35.13,1790800
2023-06-09T15:00:00Z,35.13,35.16,34.9,34.91,1854500
2023-06-09T16:00:00Z,34.92,34.95,34.69,34.82,1146700
2023-06-09T17:00:00Z,34.82,34.82,34.27,34.5,2199300
2023-06-09T18:00:00Z,34.5,34.58,34.3,34.43,1107700
2023-06-09T19:00:00Z,34.43,34.51,34.26,34.44,1397000
2023-06-12T13:00:00Z,34.4,34.4,33.19,33.75,3504800
2023-06-12T14:00:00Z,33.75,33.8,33.15,33.44,2905400
2023-06-12T15:00:00Z,33.44,33.59,33.2,33.26,1500600
2023-06-12T16:00:00Z,33.25,33.39,33.23,33.31,877900
2023-06-12T17:00:00Z,33.31,33.36,33.2,33.24,1285400
2023-06-12T18:00:00Z,33.24,33.28,32.92,32.95,4063400
2023-06-12T19:00:00Z,32.96,33.33,32.91,33.15,2654200
2023-06-13T13:00:00Z,33.61,34.14,33.41,33.91,3440900
2023-06-13T14:00:00Z,33.91,34.02,33.67,33.94,2032200
2023-06-13T15:00:00Z,33.93,34.3,33.9,34.17,1958500
2023-06-13T16:00:00Z,34.17,34.26,34.07,34.12,711800
2023-06-13T17:00:00Z,34.13,34.19,34.02,34.16,846400
2023-06-13T18:00:00Z,34.17,34.23,34,34.2,966700
2023-06-13T19:00:00Z,34.2,34.43,34.18,34.35,2724300
2023-06-14T13:00:00Z,34.49,35.1,34.27,34.98,2824100
2023-06-14T14:00:00Z,34.98,35.18,34.81,34.98,1684800
2023-06-14T15:00:00Z,34.97,35.25,34.95,35.15,1703900
2023-06-14T16:00:00Z,35.15,35.25,34.98,35.19,1333200
2023-06-14T17:00:00Z,35.18,35.38,35.1,35.1,1592300
2023-06-14T18:00:00Z,35.11,35.15,34.83,35.14,2560700
2023-06-14T19:00:00Z,35.13,35.4,34.96,35.34,2670500
2023-06-15T13:00:00Z,35.4,35.62,35.17,35.47,774500
2023-06-15T14:00:00Z,35.45,35.72,35.45,35.52,754700
2023-06-15T15:00:00Z,35.51,35.51,35.18,35.23,813700
2023-06-15T16:00:00Z,35.23,35.63,35.22,35.36,933100
2023-06-15T17:00:00Z,35.37,35.65,35.3,35.52,831000
2023-06-15T18:00:00Z,35.53,35.68,35.45,35.65,618100
2023-06-15T19:00:00Z,35.66,35.75,35.5,35.59,1115400
2023-06-16T13:00:00Z,35.56,35.57,35.16,35.45,858100
2023-06-16T14:00:00Z,35.45,35.67,35.45,35.58,565300
2023-06-16T15:00:00Z,35.59,35.59,35.4,35.51,703700
2023-06-16T16:00:00Z,35.5,35.86,35.48,35.82,1014400
2023-06-16T17:00:00Z,35.83,36.1,35.71,35.9,1150700
2023-06-16T18:00:00Z,35.91,36.2,35.89,36.15,1110200
2023-06-16T19:00:00Z,36.16,36.37,36.1,36.31,3170500
2023-06-19T13:00:00Z,36.34,36.45,35.99,36.01,684900
2023-06-19T14:00:00Z,36.01,36.12,35.92,36.04,770100
2023-06-19T15:00:00Z,36.04,36.19,35.96,36.16,871100
2023-06-19T16:00:00Z,36.16,36.18,36.09,36.14,312700
2023-06-19T17:00:00Z,36.13,36.22,35.93,36.02,735300
2023-06-19T18:00:00Z,36,36.09,35.94,36,579200
2023-06-19T19:00:00Z,35.99,36.05,35.69,35.95,1534300
2023-06-20T13:00:00Z,35.95,36.22,35.75,35.77,1534100
2023-06-20T14:00:00Z,35.8,35.82,35.05,35.2,1871500
2023-06-20T15:00:00Z,35.21,35.56,35.15,35.53,1233000
2023-06-20T16:00:00Z,35.54,35.78,35.51,35.78,438000
2023-06-20T17:00:00Z,35.78,36.14,35.75,35.9,1199200
2023-06-20T18:00:00Z,35.89,36.05,35.82,36.04,605000
2023-06-20T19:00:00Z,36.05,36.21,35.96,36.13,1010200
2023-06-21T13:00:00Z,36.15,36.63,36.05,36.56,1195400
2023-06-21T14:00:00Z,36.56,37.11,36.46,36.79,2016600
2023-06-21T15:00:00Z,36.79,37.14,36.75,37.13,1229300
2023-06-21T16:00:00Z,37.14,37.87,36.92,37.82,2995600
2023-06-21T17:00:00Z,37.81,38.41,37.78,38.39,4577800
2023-06-21T18:00:00Z,38.38,38.55,38.19,38.4,2833700
2023-06-21T19:00:00Z,38.4,38.77,38.33,38.5,4610600
2023-06-22T13:00:00Z,38.01,38.25,37.51,38.17,3076600
2023-06-22T14:00:00Z,38.17,38.37,37.88,38.3,1374500
2023-06-22T15:00:00Z,38.31,38.34,37.86,38.02,1147700
2023-06-22T16:00:00Z,38.02,38.02,37.43,37.58,1396700
2023-06-22T17:00:00Z,37.58,37.95,37.52,37.89,1272200
2023-06-22T18:00:00Z,37.89,38.14,37.86,38.04,985900
2023-06-22T19:00:00Z,38.04,38.37,37.95,38.23,1108100
2023-06-23T13:00:00Z,37.96,37.99,37.43,37.58,1939600
2023-06-23T14:00:00Z,37.59,37.6,37.23,37.55,1681900
2023-06-23T15:00:00Z,37.56,37.75,37.47,37.68,817000
2023-06-23T16:00:00Z,37.69,37.97,37.56,37.79,682500
2023-06-23T17:00:00Z,37.8,37.98,37.74,37.88,477400
2023-06-23T18:00:00Z,37.88,38.1,37.73,37.83,856800
2023-06-23T19:00:00Z,37.83,38.27,37.73,38.08,2629500
2023-06-26T13:00:00Z,38.21,38.55,37.92,38.07,1154400
2023-06-26T14:00:00Z,38.08,38.08,37.57,37.65,1354800
2023-06-26T15:00:00Z,37.64,37.65,37.41,37.45,919600
2023-06-26T16:00:00Z,37.45,37.45,37.28,37.32,1313600
2023-06-26T17:00:00Z,37.31,37.46,37.17,37.24,1715500
2023-06-26T18:00:00Z,37.24,37.55,37.14,37.45,2297400
2023-06-26T19:00:00Z,37.45,37.45,37.2,37.26,1647000
2023-06-27T13:00:00Z,37,37.05,36.31,36.39,2093600
2023-06-27T14:00:00Z,36.39,36.44,35.65,35.81,3923200
2023-06-27T15:00:00Z,35.83,35.83,35.26,35.49,2849400
2023-06-27T16:00:00Z,35.48,35.58,35.26,35.5,1657300
2023-06-27T17:00:00Z,35.49,35.67,35.46,35.59,1339800
2023-06-27T18:00:00Z,35.58,35.59,35.15,35.22,2304500
2023-06-27T19:00:00Z,35.22,36.1,35.2,35.95,3765600
2023-06-28T13:00:00Z,35.76,36.44,35.63,36.26,1705900
2023-06-28T14:00:00Z,36.27,36.5,36,36.48,1230700
2023-06-28T15:00:00Z,36.48,36.5,36.2,36.32,776600
2023-06-28T16:00:00Z,36.31,36.37,36.24,36.34,398600
2023-06-28T17:00:00Z,36.34,36.52,36.15,36.21,602900
2023-06-28T18:00:00Z,36.22,36.34,36.11,36.3,675100
2023-06-28T19:00:00Z,36.32,36.39,36.07,36.13,643400
2023-06-29T13:00:00Z,36.2,36.5,36.16,36.3,391900
2023-06-29T14:00:00Z,36.27,36.29,35.96,36.02,574400
2023-06-29T15:00:00Z,36.02,36.34,35.96,36.32,467600
2023-06-29T16:00:00Z,36.33,36.38,36.15,36.23,296000
2023-06-29T17:00:00Z,36.24,36.25,35.96,36.04,514100
2023-06-29T18:00:00Z,36.04,36.12,35.98,36.06,733700
2023-06-29T19:00:00Z,36.07,36.33,36,36.2,1225900
2023-06-30T13:00:00Z,36.5,36.95,36.5,36.73,740600
2023-06-30T14:00:00Z,36.76,37.06,36.52,36.75,1203500
2023-06-30T15:00:00Z,36.75,37.1,36.72,37.06,1231700
2023-06-30T16:00:00Z,37.07,37.25,36.99,37.17,923800
2023-06-30T17:00:00Z,37.18,37.38,37.05,37.32,1255100
2023-06-30T18:00:00Z,37.31,37.74,37.22,37.52,2198200
2023-06-30T19:00:00Z,37.51,37.54,37.07,37.19,2035200
2023-07-03T13:00:00Z,37.45,38.66,37.45,38.23,3232200
2023-07-03T14:00:00Z,38.26,38.29,38,38.1,1590900
2023-07-03T15:00:00Z,38.1,38.13,37.93,37.94,750300
2023-07-03T16:00:00Z,37.94,37.96,37.4,37.59,5685900
2023-07-03T17:00:00Z,37.58,37.77,37.46,37.48,452300
2023-07-03T18:00:00Z,37.47,37.8,37.47,37.8,452000
2023-07-03T19:00:00Z,37.8,37.82,37.41,37.54,765200
2023-07-04T13:00:00Z,37.76,38.28,37.75,38.2,3570400
2023-07-04T14:00:00Z,38.2,38.53,38.14,38.18,1716300
2023-07-04T15:00:00Z,38.19,38.27,38.17,38.23,254100
2023-07-04T16:00:00Z,38.22,38.25,38.05,38.15,380800
2023-07-04T17:00:00Z,38.15,38.18,37.8,38.07,801600
2023-07-04T18:00:00Z,38.07,38.33,38.02,38.28,787600
2023-07-04T19:00:00Z,38.29,38.45,38.09,38.09,1113400
2023-07-05T13:00:00Z,38.61,39.14,38.51,38.78,2769200
2023-07-05T14:00:00Z,38.78,39.18,38.73,38.94,1743800
2023-07-05T15:00:00Z,38.94,38.95,38.63,38.79,1423200
2023-07-05T16:00:00Z,38.79,38.87,38.58,38.74,777500
2023-07-05T17:00:00Z,38.73,39.05,38.68,38.94,651100
2023-07-05T18:00:00Z,38.95,39.03,38.74,38.79,794300
2023-07-05T19:00:00Z,38.78,38.95,38.62,38.62,1207700
2023-07-06T13:00:00Z,38.45,38.78,38.26,38.4,1071900
2023-07-06T14:00:00Z,38.4,38.46,38.06,38.17,1512200
2023-07-06T15:00:00Z,38.17,38.31,37.95,38.18,945600
2023-07-06T16:00:00Z,38.19,38.27,37.89,38.17,764600
2023-07-06T17:00:00Z,38.17,38.36,38.13,38.14,519700
2023-07-06T18:00:00Z,38.14,38.29,38,38.08,554100
2023-07-06T19:00:00Z,38.07,38.18,37.96,38.17,914400
2023-07-07T13:00:00Z,38.1,39.09,38.1,38.84,1811400
2023-07-07T14:00:00Z,38.83,39.17,38.69,39.1,1603800
2023-07-07T15:00:00Z,39.1,39.38,38.89,39.38,1791900
2023-07-07T16:00:00Z,39.35,39.55,39.3,39.55,1109000
2023-07-07T17:00:00Z,39.55,39.59,39.36,39.42,730200
2023-07-07T18:00:00Z,39.42,39.57,39.31,39.52,678900
2023-07-07T19:00:00Z,39.52,39.71,39.25,39.33,1703000
2023-07-10T13:00:00Z,39.27,39.8,39.21,39.71,672200
2023-07-10T14:00:00Z,39.71,39.9,39.61,39.76,1762900
2023-07-10T15:00:00Z,39.76,39.83,39.65,39.76,1008400
2023-07-10T16:00:00Z,39.76,39.78,39.54,39.61,761700
2023-07-10T17:00:00Z,39.6,39.62,39.41,39.54,803800
2023-07-10T18:00:00Z,39.54,39.68,39.49,39.6,308500
2023-07-10T19:00:00Z,39.59,39.67,39.44,39.67,1061800
2023-07-11T13:00:00Z,39.71,39.88,39.1,39.42,1249100
2023-07-11T14:00:00Z,39.43,39.78,39.34,39.77,1723500
2023-07-11T15:00:00Z,39.77,40.15,39.6,39.99,1119800
2023-07-11T16:00:00Z,39.99,40.54,39.99,40.5,1368300
2023-07-11T17:00:00Z,40.5,41.01,40.47,40.87,2408700
2023-07-11T18:00:00Z,40.87,40.9,40.47,40.53,1810700
2023-07-11T19:00:00Z,40.54,40.78,40.48,40.6,2916300
2023-07-12T13:00:00Z,41.06,41.52,40.74,41.34,2201500
2023-07-12T14:00:00Z,41.33,41.57,41.3,41.44,1648700
2023-07-12T15:00:00Z,41.44,41.59,41.28,41.55,1755200
2023-07-12T16:00:00Z,41.54,41.56,41.45,41.52,737500
2023-07-12T17:00:00Z,41.51,41.8,41.4,41.61,2137400
2023-07-12T18:00:00Z,41.6,41.73,41.55,41.65,895200
2023-07-12T19:00:00Z,41.65,41.77,41.44,41.51,3770700
2023-07-13T13:00:00Z,41.6,42.55,41.6,42.51,2664400
2023-07-13T14:00:00Z,42.51,43.4,42.44,43.15,3283500
2023-07-13T15:00:00Z,43.15,43.22,42.5,42.52,2973600
2023-07-13T16:00:00Z,42.52,42.87,42.5,42.59,1015100
2023-07-13T17:00:00Z,42.59,42.65,42.5,42.58,650600
2023-07-13T18:00:00Z,42.58,42.89,42.5,42.83,1559700
2023-07-13T19:00:00Z,42.83,42.87,42.59,42.71,3471700
2023-07-14T13:00:00Z,42.73,43.05,42.44,42.48,4892600
2023-07-14T14:00:00Z,42.45,42.56,41.67,41.99,1682200
2023-07-14T15:00:00Z,41.99,42.5,41.99,42.2,1276000
2023-07-14T16:00:00Z,42.19,42.25,41.87,42.13,608900
2023-07-14T17:00:00Z,42.15,42.25,42.01,42.15,401300
2023-07-14T18:00:00Z,42.15,42.2,41.8,41.93,764500
2023-07-14T19:00:00Z,41.93,41.93,41.18,41.6,3460100
2023-07-17T13:00:00Z,40.97,41.57,40.64,41.49,1844100
2023-07-17T14:00:00Z,41.49,41.73,41.15,41.24,836500
2023-07-17T15:00:00Z,41.24,41.54,41.15,41.41,1043100
2023-07-17T16:00:00Z,41.4,41.71,41.4,41.58,441900
2023-07-17T17:00:00Z,41.58,42.03,41.55,41.98,584300
2023-07-17T18:00:00Z,41.98,42.1,41.91,42.07,479000
2023-07-17T19:00:00Z,42.06,42.1,41.91,41.99,988500
2023-07-18T13:00:00Z,43,43.12,42.31,42.93,2925000
2023-07-18T14:00:00Z,42.9,43.25,42.72,43.21,1807400
2023-07-18T15:00:00Z,43.21,43.5,43,43.03,1792900
2023-07-18T16:00:00Z,43.03,43.14,42.88,42.88,796500
2023-07-18T17:00:00Z,42.88,43.26,42.8,43.2,1206200
2023-07-18T18:00:00Z,43.21,43.55,43.2,43.39,1278400
2023-07-18T19:00:00Z,43.38,43.56,43.26,43.29,1547900
2023-07-19T13:00:00Z,43.36,43.92,43.22,43.9,2979200
2023-07-19T14:00:00Z,43.92,43.94,43.48,43.57,1013200
2023-07-19T15:00:00Z,43.55,43.93,43.45,43.83,1700200
2023-07-19T16:00:00Z,43.83,43.98,43.83,43.89,1537500
2023-07-19T17:00:00Z,43.89,44.02,43.87,43.98,2300900
2023-07-19T18:00:00Z,43.98,44.18,43.92,44.16,1186700
2023-07-19T19:00:00Z,44.15,44.19,43.84,43.96,1484500
2023-07-20T13:00:00Z,44.4,44.54,44.19,44.22,1581100
2023-07-20T14:00:00Z,44.22,44.39,44.05,44.27,1064700
2023-07-20T15:00:00Z,44.27,44.42,44.22,44.31,1063900
2023-07-20T16:00:00Z,44.31,44.52,44.3,44.42,563000
2023-07-20T17:00:00Z,44.41,44.45,44.08,44.18,717300
2023-07-20T18:00:00Z,44.17,44.24,44.05,44.19,682600
2023-07-20T19:00:00Z,44.19,44.4,44.14,44.36,579700
2023-07-21T13:00:00Z,44.61,45.06,44.48,45.04,2266600
2023-07-21T14:00:00Z,45.04,45.39,44.99,45.3,3162500
2023-07-21T15:00:00Z,45.31,45.5,45.18,45.21,1188600
2023-07-21T16:00:00Z,45.2,45.33,44.85,45.28,1298200
2023-07-21T17:00:00Z,45.28,45.34,45.04,45.2,1384600
2023-07-21T18:00:00Z,45.19,45.3,45.12,45.2,873700
2023-07-21T19:00:00Z,45.21,45.39,45.1,45.32,1214800
2023-07-24T13:00:00Z,45.58,46.06,45.26,45.83,3423700
2023-07-24T14:00:00Z,45.83,46.04,45.76,45.95,707300
2023-07-24T15:00:00Z,45.95,46.11,45.7,46.02,555000
2023-07-24T16:00:00Z,46.03,46.03,45.82,45.92,478900
2023-07-24T17:00:00Z,45.93,46,45.8,45.97,542100
2023-07-24T18:00:00Z,45.97,46,45.87,45.98,512600
2023-07-24T19:00:00Z,45.98,46.11,45.89,45.98,838100
2023-07-25T13:00:00Z,46.21,46.48,45.19,45.3,2635800
2023-07-25T14:00:00Z,45.31,45.67,45.3,45.39,528900
2023-07-25T15:00:00Z,45.4,45.73,45.38,45.48,515100
2023-07-25T16:00:00Z,45.48,45.48,45.28,45.37,369000
2023-07-25T17:00:00Z,45.36,45.55,45.35,45.53,335600
2023-07-25T18:00:00Z,45.51,45.6,44.96,45.04,5299900
2023-07-25T19:00:00Z,45.05,45.3,44.82,45.04,1373700
2023-07-26T13:00:00Z,44.44,44.7,44.08,44.44,4670700
2023-07-26T14:00:00Z,44.43,44.96,44.32,44.96,1341600
2023-07-26T15:00:00Z,44.96,45.16,44.75,45.02,870200
2023-07-26T16:00:00Z,45.02,45.1,44.72,44.72,731300
2023-07-26T17:00:00Z,44.73,44.89,44.67,44.76,538300
2023-07-26T18:00:00Z,44.79,45.26,44.71,45.19,805900
2023-07-26T19:00:00Z,45.2,45.67,45.16,45.64,6953700
2023-07-27T13:00:00Z,46.07,46.46,44.97,45.14,1544900
2023-07-27T14:00:00Z,45.15,45.5,45.03,45.24,560400
2023-07-27T15:00:00Z,45.26,45.45,45.21,45.35,248700
2023-07-27T16:00:00Z,45.35,45.73,45.3,45.71,330000
2023-07-27T17:00:00Z,45.7,45.7,45.45,45.53,326000
2023-07-27T18:00:00Z,45.53,45.54,45.18,45.29,452300
2023-07-27T19:00:00Z,45.29,45.45,44.9,45.1,921900
2023-07-28T13:00:00Z,45.36,45.89,44.7,44.87,1259400
2023-07-28T14:00:00Z,44.87,45.04,44.7,44.97,574700
2023-07-28T15:00:00Z,44.97,44.97,44.79,44.91,942400
2023-07-28T16:00:00Z,44.93,44.99,44.87,44.95,231500
2023-07-28T17:00:00Z,44.95,44.95,44.73,44.91,353200
2023-07-28T18:00:00Z,44.92,44.93,44.8,44.9,395000
2023-07-28T19:00:00Z,44.91,45.35,44.9,45.28,904700
2023-07-31T13:00:00Z,45.8,46.56,45.61,46.32,1680400
2023-07-31T14:00:00Z,46.33,46.4,46.11,46.19,630300
2023-07-31T15:00:00Z,46.2,46.24,45.77,45.8,473600
2023-07-31T16:00:00Z,45.8,45.8,45.34,45.34,368700
2023-07-31T17:00:00Z,45.35,45.59,45.29,45.42,497300
2023-07-31T18:00:00Z,45.42,45.55,45.2,45.52,641800
2023-07-31T19:00:00Z,45.52,45.75,45.42,45.68,796900
2023-08-01T13:00:00Z,45.27,45.4,44.93,45.32,1001000
2023-08-01T14:00:00Z,45.32,45.48,45,45.11,902400
2023-08-01T15:00:00Z,45.12,45.3,45.08,45.13,408200
2023-08-01T16:00:00Z,45.13,45.34,44.99,45.17,573600
2023-08-01T17:00:00Z,45.17,45.43,45.14,45.41,504000
2023-08-01T18:00:00Z,45.41,45.8,45.34,45.72,1491400
2023-08-01T19:00:00Z,45.73,46.16,45.71,45.78,1281900
2023-08-02T13:00:00Z,45.89,45.95,45.42,45.93,592100
2023-08-02T14:00:00Z,45.93,45.95,44.92,44.92,1635500
2023-08-02T15:00:00Z,44.94,45.19,44.81,45,1375800
2023-08-02T16:00:00Z,45,45.22,44.91,45.2,608200
2023-08-02T17:00:00Z,45.19,45.26,44.75,44.81,980400
2023-08-02T18:00:00Z,44.81,45.15,44.79,45.1,1419400
2023-08-02T19:00:00Z,45.1,45.41,45,45.15,1165800
2023-08-03T13:00:00Z,46.3,47.27,46.22,46.66,3171600
2023-08-03T14:00:00Z,46.69,47.37,46.5,47.24,2542100
2023-08-03T15:00:00Z,47.25,47.4,47.16,47.24,955200
2023-08-03T16:00:00Z,47.24,47.35,47.17,47.31,730900
2023-08-03T17:00:00Z,47.32,47.37,47.01,47.27,944500
2023-08-03T18:00:00Z,47.25,47.32,47.03,47.05,620300
2023-08-03T19:00:00Z,47.05,47.23,46.94,47.18,1911300
2023-08-04T13:00:00Z,46.9,48.79,46.9,48.33,3232400
2023-08-04T14:00:00Z,48.33,49.06,48.14,48.96,1901600
2023-08-04T15:00:00Z,48.93,48.95,48.55,48.66,1499000
2023-08-04T16:00:00Z,48.65,48.7,48.22,48.3,1012500
2023-08-04T17:00:00Z,48.3,48.33,47.9,47.99,889800
2023-08-04T18:00:00Z,47.99,48,47.42,47.57,1265100
2023-08-04T19:00:00Z,47.57,47.69,47.4,47.4,1180500
2023-08-07T13:00:00Z,47.5,48.2,47.47,47.92,939100
2023-08-07T14:00:00Z,47.93,47.94,46.98,47.1,1129500
2023-08-07T15:00:00Z,47.1,47.55,46.92,47.48,580800
2023-08-07T16:00:00Z,47.49,47.55,47.15,47.26,383500
2023-08-07T17:00:00Z,47.26,47.86,47.26,47.71,527500
2023-08-07T18:00:00Z,47.72,47.76,47.54,47.59,441100
2023-08-07T19:00:00Z,47.58,47.91,47.56,47.85,794600
2023-08-08T13:00:00Z,47,47.22,46.64,46.92,1238500
2023-08-08T14:00:00Z,46.89,47.28,46.81,47.11,967700
2023-08-08T15:00:00Z,47.1,47.85,47.07,47.63,581200
2023-08-08T16:00:00Z,47.66,47.74,47.54,47.66,310000
2023-08-08T17:00:00Z,47.66,47.77,47.57,47.68,392400
2023-08-08T18:00:00Z,47.69,47.88,47.34,47.87,831800
2023-08-08T19:00:00Z,47.87,47.97,47.66,47.9,704100
2023-08-09T13:00:00Z,48.36,48.55,47.68,48.52,1266400
2023-08-09T14:00:00Z,48.54,48.63,48.16,48.21,873500
2023-08-09T15:00:00Z,48.22,48.34,47.92,48.31,558400
2023-08-09T16:00:00Z,48.31,48.41,47.95,48,665800
2023-08-09T17:00:00Z,48,48.12,47.95,48.04,505300
2023-08-09T18:00:00Z,48.05,48.15,47.93,48.07,663000
2023-08-09T19:00:00Z,48.06,48.18,47.94,48.08,753700
2023-08-10T13:00:00Z,48.2,48.55,47.39,47.87,1155200
2023-08-10T14:00:00Z,47.87,47.9,47.45,47.56,636700
2023-08-10T15:00:00Z,47.56,47.68,47.23,47.39,718300
2023-08-10T16:00:00Z,47.39,47.59,47.33,47.35,490800
2023-08-10T17:00:00Z,47.34,47.41,47.08,47.14,883600
2023-08-10T18:00:00Z,47.13,47.2,47.02,47.16,551000
2023-08-10T19:00:00Z,47.15,47.3,46.96,47.24,976300
2023-08-11T13:00:00Z,47.78,48.2,47.67,47.88,1171800
2023-08-11T14:00:00Z,47.88,48.19,47.81,48.18,1123200
2023-08-11T15:00:00Z,48.17,48.32,47.97,48.32,956500
2023-08-11T16:00:00Z,48.31,48.65,48.26,48.42,1797900
2023-08-11T17:00:00Z,48.41,48.52,48.03,48.5,1672900
2023-08-11T18:00:00Z,48.5,48.6,48.15,48.26,4631800
2023-08-11T19:00:00Z,48.27,48.47,48.07,48.35,2609200
2023-08-14T13:00:00Z,48.34,48.45,47.75,47.93,915400
2023-08-14T14:00:00Z,47.95,48.35,47.93,48.02,822500
2023-08-14T15:00:00Z,47.99,48.19,47.87,48.1,768400
2023-08-14T16:00:00Z,48.11,48.34,48.08,48.13,471900
2023-08-14T17:00:00Z,48.14,48.29,48.07,48.16,540500
2023-08-14T18:00:00Z,48.16,48.63,48.1,48.63,669900
2023-08-14T19:00:00Z,48.61,48.64,48.37,48.56,1008200
2023-08-15T13:00:00Z,47.9,48,45.91,46.86,5156000
2023-08-15T14:00:00Z,46.83,46.84,46.37,46.71,1477200
2023-08-15T15:00:00Z,46.7,47.04,46.61,46.83,1306900
2023-08-15T16:00:00Z,46.83,47.07,46.7,46.72,1211800
2023-08-15T17:00:00Z,46.72,46.79,46.58,46.68,753000
2023-08-15T18:00:00Z,46.69,46.76,46.57,46.73,856500
2023-08-15T19:00:00Z,46.73,47.05,46.63,46.82,1972900
2023-08-16T13:00:00Z,47.07,47.55,47.05,47.25,1005100
2023-08-16T14:00:00Z,47.3,47.31,47.05,47.11,1725300
2023-08-16T15:00:00Z,47.1,47.15,46.66,46.77,879800
2023-08-16T16:00:00Z,46.77,46.77,46.53,46.6,838500
2023-08-16T17:00:00Z,46.61,46.68,46.5,46.59,764900
2023-08-16T18:00:00Z,46.59,46.67,46.14,46.26,1302500
2023-08-16T19:00:00Z,46.26,46.39,45.82,45.9,1338500
2023-08-17T13:00:00Z,46.74,46.99,46.12,46.14,1411900
2023-08-17T14:00:00Z,46.13,46.38,45.5,45.64,1267200
2023-08-17T15:00:00Z,45.63,45.81,45.34,45.48,817400
2023-08-17T16:00:00Z,45.48,45.93,45.38,45.87,703200
2023-08-17T17:00:00Z,45.88,45.92,45.65,45.69,549400
2023-08-17T18:00:00Z,45.69,45.71,45.47,45.6,898400
2023-08-17T19:00:00Z,45.6,45.72,45.14,45.31,1409700
2023-08-18T13:00:00Z,45,45.4,44.52,45.26,1024200
2023-08-18T14:00:00Z,45.26,45.45,44.94,44.98,759000
2023-08-18T15:00:00Z,44.99,45.15,44.94,45.02,452000
2023-08-18T16:00:00Z,45.02,45.1,44.78,44.97,699700
2023-08-18T17:00:00Z,44.96,45,44.71,44.75,607900
2023-08-18T18:00:00Z,44.76,44.81,44.55,44.77,650100
2023-08-18T19:00:00Z,44.77,45.35,44.72,45.03,1364700
2023-08-21T13:00:00Z,45.5,46.1,45.15,45.18,1760900
2023-08-21T14:00:00Z,45.2,45.31,44.97,44.99,598800
2023-08-21T15:00:00Z,44.99,45.18,44.93,45.05,358500
2023-08-21T16:00:00Z,45.05,45.05,44.63,44.91,464300
2023-08-21T17:00:00Z,44.89,44.93,44.5,44.53,349400
2023-08-21T18:00:00Z,44.55,44.62,44.32,44.59,1154200
2023-08-21T19:00:00Z,44.59,44.77,44.59,44.7,628700
2023-08-22T13:00:00Z,44.81,45.39,44.81,45.17,1179200
2023-08-22T14:00:00Z,45.17,45.35,45.06,45.35,468100
2023-08-22T15:00:00Z,45.35,45.46,45.23,45.26,377400
2023-08-22T16:00:00Z,45.26,45.34,45.01,45.02,470500
2023-08-22T17:00:00Z,45.03,45.04,44.65,44.85,431900
2023-08-22T18:00:00Z,44.86,45.07,44.81,44.97,516200
2023-08-22T19:00:00Z,44.97,45.14,44.89,45.12,1112900
2023-08-23T13:00:00Z,44.79,44.97,44.1,44.77,1749700
2023-08-23T14:00:00Z,44.79,45.3,44.61,45.28,804900
2023-08-23T15:00:00Z,45.25,45.63,45.23,45.61,1092800
2023-08-23T16:00:00Z,45.62,46.18,45.6,45.79,2033400
2023-08-23T17:00:00Z,45.79,46.06,45.75,45.83,705300
2023-08-23T18:00:00Z,45.82,45.96,45.8,45.9,1020900
2023-08-23T19:00:00Z,45.91,46.02,45.69,45.72,975700
2023-08-24T13:00:00Z,45.9,46.24,45.4,45.89,780700
2023-08-24T14:00:00Z,45.91,46.08,45.72,45.72,460700
2023-08-24T15:00:00Z,45.72,45.95,45.62,45.87,323300
2023-08-24T16:00:00Z,45.89,46.35,45.86,46.2,463100
2023-08-24T17:00:00Z,46.19,46.33,46.1,46.29,399200
2023-08-24T18:00:00Z,46.32,46.35,46.18,46.26,354900
2023-08-24T19:00:00Z,46.26,46.49,45.99,46,1024700
2023-08-25T13:00:00Z,46.46,46.88,46.2,46.34,756900
2023-08-25T14:00:00Z,46.32,46.38,45.62,45.95,1117100
2023-08-25T15:00:00Z,45.94,46.26,45.82,46.19,682600
2023-08-25T16:00:00Z,46.19,46.3,46.04,46.12,262500
2023-08-25T17:00:00Z,46.12,46.19,45.65,45.76,507000
2023-08-25T18:00:00Z,45.74,46.26,45.69,46.21,772500
2023-08-25T19:00:00Z,46.2,46.64,46.1,46.39,1078400
2023-08-28T13:00:00Z,46.41,46.77,46.41,46.64,584800
2023-08-28T14:00:00Z,46.64,46.8,46.2,46.32,759600
2023-08-28T15:00:00Z,46.32,46.63,46.29,46.6,375100
2023-08-28T16:00:00Z,46.6,46.76,46.55,46.63,284100
2023-08-28T17:00:00Z,46.64,46.73,46.45,46.48,330100
2023-08-28T18:00:00Z,46.49,46.63,46.44,46.54,367000
2023-08-28T19:00:00Z,46.55,46.74,46.55,46.69,412800
2023-08-29T13:00:00Z,47,47.18,46.33,46.35,960000
2023-08-29T14:00:00Z,46.35,46.61,46.2,46.33,713600
2023-08-29T15:00:00Z,46.33,46.49,46.25,46.42,478800
2023-08-29T16:00:00Z,46.4,46.43,45.91,46.03,640300
2023-08-29T17:00:00Z,46.03,46.1,45.79,46.04,1248200
2023-08-29T18:00:00Z,46.04,46.11,45.88,45.95,1885100
2023-08-29T19:00:00Z,45.96,45.96,45.63,45.72,1534500
2023-08-30T13:00:00Z,45.97,46.13,45.83,45.95,454500
2023-08-30T14:00:00Z,45.95,46.05,45.44,45.58,877100
2023-08-30T15:00:00Z,45.6,45.95,45.56,45.81,533100
2023-08-30T16:00:00Z,45.81,46.1,45.77,45.94,405600
2023-08-30T17:00:00Z,45.92,45.95,45.59,45.69,680500
2023-08-30T18:00:00Z,45.7,45.75,45.49,45.5,719600
2023-08-30T19:00:00Z,45.5,45.8,45.5,45.71,516300
2023-08-31T13:00:00Z,46.01,46.36,45.71,46.27,1216500
2023-08-31T14:00:00Z,46.28,47.3,46.01,46.94,1561600
2023-08-31T15:00:00Z,46.97,47.23,46.92,47.05,1002600
2023-08-31T16:00:00Z,47.07,47.17,46.86,46.94,517400
2023-08-31T17:00:00Z,46.95,47.2,46.94,46.97,1370900
2023-08-31T18:00:00Z,46.97,47.06,46.72,46.76,927100
2023-08-31T19:00:00Z,46.76,46.89,46.45,46.67,843700
2023-09-01T13:00:00Z,46.99,47.45,46.96,47.36,1218700
2023-09-01T14:00:00Z,47.33,47.5,46.61,46.65,1004300
2023-09-01T15:00:00Z,46.65,46.72,46.21,46.3,473300
2023-09-01T16:00:00Z,46.3,46.67,46.27,46.51,565800
2023-09-01T17:00:00Z,46.5,46.58,46.29,46.46,343100
2023-09-01T18:00:00Z,46.45,46.7,46.4,46.58,817900
2023-09-01T19:00:00Z,46.58,47.07,46.58,46.97,939600
2023-09-04T13:00:00Z,46.8,47.02,46.41,46.79,480200
2023-09-04T14:00:00Z,46.78,46.82,46.59,46.67,229100
2023-09-04T15:00:00Z,46.65,46.77,46.6,46.63,233000
2023-09-04T16:00:00Z,46.62,46.67,46.42,46.47,276100
2023-09-04T17:00:00Z,46.46,46.65,46.45,46.55,302500
2023-09-04T18:00:00Z,46.55,46.64,46.42,46.49,304600
2023-09-04T19:00:00Z,46.48,46.75,46.48,46.56,1006900
2023-09-05T13:00:00Z,46.39,47.64,46.26,47.56,1901100
2023-09-05T14:00:00Z,47.58,48.13,47.58,47.72,2051100
2023-09-05T15:00:00Z,47.72,47.79,47.55,47.63,530400
2023-09-05T16:00:00Z,47.61,47.77,47.58,47.69,925800
2023-09-05T17:00:00Z,47.69,47.94,47.5,47.91,829600
2023-09-05T18:00:00Z,47.92,48.05,47.64,47.69,903000
2023-09-05T19:00:00Z,47.68,47.68,47.3,47.3,800000
2023-09-06T13:00:00Z,47.5,47.8,47.26,47.5,802300
2023-09-06T14:00:00Z,47.47,47.5,46.9,47.02,952900
2023-09-06T15:00:00Z,47.05,47.06,46.74,46.89,506300
2023-09-06T16:00:00Z,46.89,47.04,46.84,46.94,790900
2023-09-06T17:00:00Z,46.94,47.16,46.91,47.13,207000
2023-09-06T18:00:00Z,47.13,47.21,47.03,47.06,457900
2023-09-06T19:00:00Z,47.06,47.09,46.73,46.75,1145600
2023-09-08T13:00:00Z,46.58,47.03,46.36,46.86,795200
2023-09-08T14:00:00Z,46.85,47.03,46.8,46.92,505200
2023-09-08T15:00:00Z,46.93,47.09,46.84,47.04,466400
2023-09-08T16:00:00Z,47.04,47.54,46.96,47.49,799900
2023-09-08T17:00:00Z,47.48,47.48,47.14,47.3,576800
2023-09-08T18:00:00Z,47.29,47.3,47.04,47.09,538000
2023-09-08T19:00:00Z,47.09,47.45,47.06,47.35,1169500
2023-09-11T13:00:00Z,47.48,48.34,47.35,47.48,1060300
2023-09-11T14:00:00Z,47.48,47.58,47.26,47.34,567100
2023-09-11T15:00:00Z,47.33,47.39,46.82,47.02,626100
2023-09-11T16:00:00Z,47.02,47.15,46.9,47.1,1744100
2023-09-11T17:00:00Z,47.08,47.41,46.9,47.3,574300
2023-09-11T18:00:00Z,47.3,47.59,47.27,47.46,456900
2023-09-11T19:00:00Z,47.44,47.71,47.4,47.53,1080500
2023-09-12T13:00:00Z,48.25,48.62,48.11,48.52,1413900
2023-09-12T14:00:00Z,48.52,48.71,48.45,48.5,805500
2023-09-12T15:00:00Z,48.49,48.55,48.12,48.21,493900
2023-09-12T16:00:00Z,48.2,48.22,47.96,48.1,385100
2023-09-12T17:00:00Z,48.1,48.2,48.01,48.06,379900
2023-09-12T18:00:00Z,48.05,48.13,47.85,47.96,413900
2023-09-12T19:00:00Z,47.95,48.09,47.91,48.06,596200
2023-09-13T13:00:00Z,48.31,48.74,48.1,48.37,1716900
2023-09-13T14:00:00Z,48.37,48.62,48.06,48.56,1324700
2023-09-13T15:00:00Z,48.58,48.69,48.37,48.46,798000
2023-09-13T16:00:00Z,48.46,48.6,48.4,48.59,494700
2023-09-13T17:00:00Z,48.6,48.83,48.58,48.63,750800
2023-09-13T18:00:00Z,48.64,48.71,48.45,48.54,714800
2023-09-13T19:00:00Z,48.55,48.6,47.94,48.1,1473500
2023-09-14T13:00:00Z,48.8,49.38,48.63,49.03,2277500
2023-09-14T14:00:00Z,49.04,49.19,48.81,49.08,923800
2023-09-14T15:00:00Z,49.08,49.13,48.94,48.98,597100
2023-09-14T16:00:00Z,48.97,48.99,48.76,48.86,537400
2023-09-14T17:00:00Z,48.86,49.25,48.82,49.22,1506900
2023-09-14T18:00:00Z,49.23,49.25,49.1,49.23,660300
2023-09-14T19:00:00Z,49.23,49.4,49.1,49.14,1076400
2023-09-15T13:00:00Z,49.45,49.68,48.61,48.76,1325200
2023-09-15T14:00:00Z,48.76,49.29,48.74,49.13,1666800
2023-09-15T15:00:00Z,49.13,49.28,49.02,49.09,316800
2023-09-15T16:00:00Z,49.1,49.2,49.02,49.06,284400
2023-09-15T17:00:00Z,49.06,49.4,49.03,49.32,1468000
2023-09-15T18:00:00Z,49.29,49.4,49.16,49.38,986000
2023-09-15T19:00:00Z,49.37,49.4,49,49.1,1148700
2023-09-18T13:00:00Z,49.7,49.83,48.97,49.16,929100
2023-09-18T14:00:00Z,49.14,49.3,48.98,49.13,522800
2023-09-18T15:00:00Z,49.14,49.35,49.11,49.35,416800
2023-09-18T16:00:00Z,49.35,49.35,48.84,48.85,494000
2023-09-18T17:00:00Z,48.86,48.96,48.39,48.73,592100
2023-09-18T18:00:00Z,48.75,48.77,47.9,47.96,1219800
2023-09-18T19:00:00Z,47.95,48.43,47.82,48.22,1307600
2023-09-19T13:00:00Z,48.49,48.86,48.31,48.62,1649600
2023-09-19T14:00:00Z,48.6,48.94,48.36,48.57,2497000
2023-09-19T15:00:00Z,48.57,48.78,48.45,48.7,432900
2023-09-19T16:00:00Z,48.69,48.86,48.59,48.69,636200
2023-09-19T17:00:00Z,48.71,48.93,48.66,48.85,437800
2023-09-19T18:00:00Z,48.85,48.91,48.46,48.57,943100
2023-09-19T19:00:00Z,48.56,48.61,48.5,48.5,479500
2023-09-20T13:00:00Z,48.6,48.99,48.43,48.99,606100
2023-09-20T14:00:00Z,48.99,49.24,48.99,49.18,539500
2023-09-20T15:00:00Z,49.15,49.45,49.13,49.41,511800
2023-09-20T16:00:00Z,49.42,49.52,49.3,49.39,1698300
2023-09-20T17:00:00Z,49.39,49.5,49.3,49.45,736800
2023-09-20T18:00:00Z,49.46,49.53,48.95,49,929500
2023-09-20T19:00:00Z,48.99,49.14,48.79,48.94,627600
2023-09-21T13:00:00Z,48.31,48.49,47.04,47.5,3980200
2023-09-21T14:00:00Z,47.5,47.59,47,47.12,2145300
2023-09-21T15:00:00Z,47.12,47.44,47.07,47.27,688700
2023-09-21T16:00:00Z,47.27,47.44,47.2,47.33,435000
2023-09-21T17:00:00Z,47.36,47.52,47.25,47.35,758100
2023-09-21T18:00:00Z,47.36,47.4,46.8,46.91,1155700
2023-09-21T19:00:00Z,46.9,46.91,46.02,46.47,3501300
2023-09-22T13:00:00Z,47,47.36,46.28,46.64,1608300
2023-09-22T14:00:00Z,46.67,46.76,46.4,46.52,678200
2023-09-22T15:00:00Z,46.52,46.55,46.32,46.55,542200
2023-09-22T16:00:00Z,46.54,46.85,46.5,46.72,671500
2023-09-22T17:00:00Z,46.74,46.74,46.36,46.37,678500
2023-09-22T18:00:00Z,46.39,46.54,46.21,46.51,601300
2023-09-22T19:00:00Z,46.52,46.94,46.5,46.59,934500
2023-09-25T13:00:00Z,46.65,46.98,46.42,46.96,588200
2023-09-25T14:00:00Z,46.99,47.04,46.63,46.74,497300
2023-09-25T15:00:00Z,46.73,46.88,46.7,46.88,254500
2023-09-25T16:00:00Z,46.88,47.13,46.83,46.89,732100
2023-09-25T17:00:00Z,46.89,47.08,46.89,47.02,337700
2023-09-25T18:00:00Z,47.02,47.07,46.92,46.99,362400
2023-09-25T19:00:00Z,46.99,47.17,46.93,47.15,820100
2023-09-26T13:00:00Z,46.86,46.88,46.1,46.81,810100
2023-09-26T14:00:00Z,46.84,47.1,46.36,46.87,856000
2023-09-26T15:00:00Z,46.88,46.97,46.79,46.93,662100
2023-09-26T16:00:00Z,46.92,46.95,46.77,46.85,447800
2023-09-26T17:00:00Z,46.85,47.06,46.61,47.05,700600
2023-09-26T18:00:00Z,47.06,47.1,46.9,47.02,541100
2023-09-26T19:00:00Z,47.03,47.08,46.77,46.92,838200
2023-09-27T13:00:00Z,47.76,48.47,47.6,48.31,2461400
2023-09-27T14:00:00Z,48.29,48.34,48.06,48.18,806300
2023-09-27T15:00:00Z,48.18,48.33,48.09,48.23,748700
2023-09-27T16:00:00Z,48.24,48.24,47.89,48.13,907500
2023-09-27T17:00:00Z,48.14,48.21,47.71,47.87,1289900
2023-09-27T18:00:00Z,47.87,48.08,47.66,48.02,586800
2023-09-27T19:00:00Z,48.01,48.14,47.99,48.09,736100
2023-09-28T13:00:00Z,48.3,48.52,47.79,48.23,814500
2023-09-28T14:00:00Z,48.22,48.3,47.87,48.18,731400
2023-09-28T15:00:00Z,48.18,48.49,48.15,48.41,659900
2023-09-28T16:00:00Z,48.41,48.47,48.2,48.3,362200
2023-09-28T17:00:00Z,48.31,48.32,47.91,47.98,469300
2023-09-28T18:00:00Z,48,48,47.52,47.69,1140500
2023-09-28T19:00:00Z,47.69,47.89,47.13,47.24,4237400
2023-09-29T13:00:00Z,47.75,47.85,47.49,47.63,1341700
2023-09-29T14:00:00Z,47.63,47.66,46.7,46.94,1268800
2023-09-29T15:00:00Z,46.94,47.09,46.24,46.26,1153600
2023-09-29T16:00:00Z,46.28,46.66,45.68,45.8,5007700
2023-09-29T17:00:00Z,45.83,46.62,45.26,46.18,3405500
2023-09-29T18:00:00Z,46.18,46.75,46.08,46.7,716000
2023-09-29T19:00:00Z,46.7,47.02,46.63,47,999100
2023-10-02T13:00:00Z,47.12,47.3,46.44,46.64,901700
2023-10-02T14:00:00Z,46.61,46.75,45.76,45.84,1228300
2023-10-02T15:00:00Z,45.85,45.89,45.4,45.7,1624900
2023-10-02T16:00:00Z,45.7,45.92,45.64,45.9,679200
2023-10-02T17:00:00Z,45.9,46.18,45.75,46.13,637300
2023-10-02T18:00:00Z,46.14,46.14,45.4,45.43,1328800
2023-10-02T19:00:00Z,45.43,45.64,45.22,45.29,2934500
2023-10-03T13:00:00Z,45.27,45.27,44.46,44.98,1826800
2023-10-03T14:00:00Z,44.98,44.98,44.67,44.8,933000
2023-10-03T15:00:00Z,44.77,45.27,44.74,45.07,2174100
2023-10-03T16:00:00Z,45.06,45.49,45.06,45.48,1211600
2023-10-03T17:00:00Z,45.49,45.55,44.97,45.02,987400
2023-10-03T18:00:00Z,45.04,45.24,44.94,45.15,1576900
2023-10-03T19:00:00Z,45.14,45.28,45,45.02,1110000
2023-10-04T13:00:00Z,44.8,44.99,44.25,44.6,2441000
2023-10-04T14:00:00Z,44.6,44.83,44.33,44.35,2640900
2023-10-04T15:00:00Z,44.35,44.55,43.89,44.03,1745600
2023-10-04T16:00:00Z,44.03,44.24,43.94,43.97,697800
2023-10-04T17:00:00Z,43.98,44.12,43.8,43.85,772000
2023-10-04T18:00:00Z,43.84,43.89,43.68,43.83,1386500
2023-10-04T19:00:00Z,43.83,44.05,43.8,43.9,1173100
2023-10-05T13:00:00Z,43.87,43.89,43.2,43.87,1444400
2023-10-05T14:00:00Z,43.87,44.09,43.59,43.76,1262100
2023-10-05T15:00:00Z,43.76,43.8,43.32,43.55,1025500
2023-10-05T16:00:00Z,43.56,43.61,43.46,43.52,533100
2023-10-05T17:00:00Z,43.52,43.82,43.31,43.78,948000
2023-10-05T18:00:00Z,43.79,43.91,43.58,43.77,813400
2023-10-05T19:00:00Z,43.77,43.9,43.66,43.72,1057900
2023-10-06T13:00:00Z,43.25,43.74,43.14,43.47,1256300
2023-10-06T14:00:00Z,43.48,43.8,43.3,43.75,787200
2023-10-06T15:00:00Z,43.75,44.2,43.73,44.13,903400
2023-10-06T16:00:00Z,44.13,44.47,44.12,44.35,529100
2023-10-06T17:00:00Z,44.34,44.86,44.34,44.81,798500
2023-10-06T18:00:00Z,44.81,44.81,44.56,44.72,765000
2023-10-06T19:00:00Z,44.73,44.79,44.45,44.55,1318800
2023-10-09T13:00:00Z,46.08,47.12,46.08,46.73,4625200
2023-10-09T14:00:00Z,46.73,46.8,46.5,46.72,1875100
2023-10-09T15:00:00Z,46.72,47.37,46.68,47.35,2825100
2023-10-09T16:00:00Z,47.35,47.68,47.32,47.54,2468000
2023-10-09T17:00:00Z,47.55,47.97,47.35,47.85,1331600
2023-10-09T18:00:00Z,47.84,48.74,47.65,48.01,4822100
2023-10-09T19:00:00Z,48.01,48.49,47.91,48.38,2660100
2023-10-10T13:00:00Z,48.2,48.43,47.67,48.35,1785800
2023-10-10T14:00:00Z,48.35,48.48,47.74,48.07,1629100
2023-10-10T15:00:00Z,48.08,48.17,48,48.08,722900
2023-10-10T16:00:00Z,48.08,48.24,48.03,48.13,481500
2023-10-10T17:00:00Z,48.13,48.43,48.12,48.38,687300
2023-10-10T18:00:00Z,48.38,48.39,48.1,48.13,1071900
2023-10-10T19:00:00Z,48.13,48.25,48.08,48.22,608300
2023-10-11T13:00:00Z,48.1,48.18,47.56,47.81,1196000
2023-10-11T14:00:00Z,47.81,48.23,47.56,47.63,3020800
2023-10-11T15:00:00Z,47.64,47.65,47.17,47.39,1886900
2023-10-11T16:00:00Z,47.38,47.64,47.37,47.61,555700
2023-10-11T17:00:00Z,47.61,47.72,47.49,47.61,724800
2023-10-11T18:00:00Z,47.6,47.78,47.57,47.73,396800
2023-10-11T19:00:00Z,47.72,47.9,47.6,47.64,1482600
2023-10-13T13:00:00Z,49,49.75,49,49.47,4390800
2023-10-13T14:00:00Z,49.46,49.49,48.47,48.98,2126200
2023-10-13T15:00:00Z,48.98,49,48.72,49,500600
2023-10-13T16:00:00Z,48.99,49.18,48.92,48.94,520900
2023-10-13T17:00:00Z,48.93,49.44,48.89,49.36,1121600
2023-10-13T18:00:00Z,49.36,50.13,49.25,50.1,2959200
2023-10-13T19:00:00Z,50.11,50.25,49.83,50.06,2716400
2023-10-16T13:00:00Z,50.22,50.44,49.08,49.16,2031500
2023-10-16T14:00:00Z,49.14,49.44,48.96,49.04,1317600
2023-10-16T15:00:00Z,49.03,49.38,49.03,49.29,497000
2023-10-16T16:00:00Z,49.29,49.51,49.29,49.51,878100
2023-10-16T17:00:00Z,49.5,49.8,49.5,49.65,812600
2023-10-16T18:00:00Z,49.66,49.94,49.6,49.83,695800
2023-10-16T19:00:00Z,49.82,50,49.78,49.83,1063900
2023-10-17T13:00:00Z,49.8,50.2,49.56,49.67,2547000
2023-10-17T14:00:00Z,49.66,50.47,49.43,50.08,2856900
2023-10-17T15:00:00Z,50.09,50.19,49.82,49.87,737100
2023-10-17T16:00:00Z,49.87,50.05,49.8,50,881400
2023-10-17T17:00:00Z,49.99,50.12,49.94,50.01,738400
2023-10-17T18:00:00Z,50.03,50.18,49.91,50.03,912600
2023-10-17T19:00:00Z,50.05,50.19,49.99,50.1,896200
2023-10-18T13:00:00Z,50.63,51.14,50.36,50.49,2530600
2023-10-18T14:00:00Z,50.48,50.74,50.35,50.71,1576700
2023-10-18T15:00:00Z,50.71,51.35,50.69,50.96,1717200
2023-10-18T16:00:00Z,50.95,50.96,50.5,50.54,1209200
2023-10-18T17:00:00Z,50.55,50.78,50.4,50.59,2072900
2023-10-18T18:00:00Z,50.6,50.65,50.16,50.22,1931500
2023-10-18T19:00:00Z,50.23,50.39,50.11,50.12,1653200
2023-10-19T13:00:00Z,49.5,50.16,49.3,50.05,1465800
2023-10-19T14:00:00Z,50.05,50.22,49.88,49.96,1064600
2023-10-19T15:00:00Z,49.96,50.05,49.78,49.89,778800
2023-10-19T16:00:00Z,49.88,50.02,49.61,49.64,1095700
2023-10-19T17:00:00Z,49.63,49.82,49.53,49.7,873400
2023-10-19T18:00:00Z,49.72,49.9,49.65,49.89,704600
2023-10-19T19:00:00Z,49.9,50.13,49.86,50.03,1493900
2023-10-20T13:00:00Z,50.04,50.22,49.17,49.52,2418500
2023-10-20T14:00:00Z,49.54,49.69,49.44,49.55,1145700
2023-10-20T15:00:00Z,49.53,49.95,49.53,49.8,1586700
2023-10-20T16:00:00Z,49.8,49.85,49.7,49.73,867000
2023-10-20T17:00:00Z,49.72,49.9,49.49,49.8,993900
2023-10-20T18:00:00Z,49.78,49.82,49.56,49.7,683900
2023-10-20T19:00:00Z,49.68,49.81,49.64,49.81,938000
2023-10-23T13:00:00Z,49.39,49.87,48.95,49.45,1445000
2023-10-23T14:00:00Z,49.47,49.54,49.03,49.23,1720300
2023-10-23T15:00:00Z,49.21,49.55,49.21,49.44,697500
2023-10-23T16:00:00Z,49.44,49.44,49.05,49.37,510300
2023-10-23T17:00:00Z,49.37,49.54,48.8,48.97,1390300
2023-10-23T18:00:00Z,48.98,49.14,48.92,48.97,803800
2023-10-23T19:00:00Z,48.96,49.12,48.82,48.89,1670000
2023-10-24T13:00:00Z,49.27,49.78,48.95,49.26,1129200
2023-10-24T14:00:00Z,49.23,49.35,49.02,49.05,666700
2023-10-24T15:00:00Z,49.04,49.07,48.62,48.94,2237200
2023-10-24T16:00:00Z,48.94,48.96,48.52,48.61,591000
2023-10-24T17:00:00Z,48.61,49.15,48.51,49.15,825800
2023-10-24T18:00:00Z,49.14,49.44,49.1,49.11,892900
2023-10-24T19:00:00Z,49.11,49.18,48.94,48.97,1970300
2023-10-25T13:00:00Z,49,49,48.32,48.45,1321000
2023-10-25T14:00:00Z,48.44,48.45,48.12,48.15,761000
2023-10-25T15:00:00Z,48.15,48.31,47.88,48.16,1279100
2023-10-25T16:00:00Z,48.15,48.22,47.97,47.99,547100
2023-10-25T17:00:00Z,47.97,48.29,47.87,48.06,596800
2023-10-25T18:00:00Z,48.05,48.2,48.03,48.15,431800
2023-10-25T19:00:00Z,48.15,48.56,48.09,48.35,942900
2023-10-26T13:00:00Z,47.78,48.14,47.34,47.45,1104600
2023-10-26T14:00:00Z,47.44,48.12,47.44,47.91,954500
2023-10-26T15:00:00Z,47.92,47.95,47.65,47.85,322300
2023-10-26T16:00:00Z,47.83,48,47.8,47.93,212100
2023-10-26T17:00:00Z,47.93,48.04,47.67,47.88,466800
2023-10-26T18:00:00Z,47.89,48,47.68,47.95,1066300
2023-10-26T19:00:00Z,47.94,48.02,47.82,48,1306800
2023-10-27T13:00:00Z,47.79,48.11,47.3,47.46,4065200
2023-10-27T14:00:00Z,47.45,47.85,47.26,47.65,830900
2023-10-27T15:00:00Z,47.67,48,47.65,47.89,448800
2023-10-27T16:00:00Z,47.87,47.87,47.53,47.58,232200
2023-10-27T17:00:00Z,47.58,47.83,47.31,47.62,913600
2023-10-27T18:00:00Z,47.62,47.77,47.4,47.62,725000
2023-10-27T19:00:00Z,47.6,47.79,47.55,47.63,778900
2023-10-30T13:00:00Z,47.7,48,47.41,47.75,1103400
2023-10-30T14:00:00Z,47.75,47.94,47.01,47.21,1002600
2023-10-30T15:00:00Z,47.2,47.29,46.68,46.82,737500
2023-10-30T16:00:00Z,46.81,46.95,46.43,46.59,653400
2023-10-30T17:00:00Z,46.58,46.62,46.27,46.39,694300
2023-10-30T18:00:00Z,46.39,46.49,46.22,46.38,671800
2023-10-30T19:00:00Z,46.37,46.44,46.2,46.4,1188000
2023-10-31T13:00:00Z,46.55,47.25,46.5,46.94,1269800
2023-10-31T14:00:00Z,46.94,47.27,46.92,47.11,1281600
2023-10-31T15:00:00Z,47.11,47.54,47.11,47.51,838300
2023-10-31T16:00:00Z,47.51,47.51,47.23,47.4,471600
2023-10-31T17:00:00Z,47.4,47.5,47.07,47.29,1099800
2023-10-31T18:00:00Z,47.29,47.34,47.2,47.34,454700
2023-10-31T19:00:00Z,47.34,47.6,47.31,47.55,1207400
2023-11-01T13:00:00Z,48.8,49.04,48.2,48.64,3314000
2023-11-01T14:00:00Z,48.64,48.95,48.45,48.48,1761700
2023-11-01T15:00:00Z,48.47,48.78,48.44,48.66,817200
2023-11-01T16:00:00Z,48.65,48.66,48.14,48.53,909200
2023-11-01T17:00:00Z,48.53,48.68,48.31,48.54,681100
2023-11-01T18:00:00Z,48.53,48.65,48,48.33,1897600
2023-11-01T19:00:00Z,48.33,48.69,48.24,48.29,1748900
2023-11-03T13:00:00Z,49.2,49.4,48.47,48.78,1352300
2023-11-03T14:00:00Z,48.78,48.9,48.13,48.26,825400
2023-11-03T15:00:00Z,48.24,48.48,48.1,48.26,786400
2023-11-03T16:00:00Z,48.26,48.42,48.04,48.12,930500
2023-11-03T17:00:00Z,48.12,48.24,47.83,47.98,1388800
2023-11-03T18:00:00Z,47.97,48.15,47.89,48.05,960300
2023-11-03T19:00:00Z,48.05,48.49,48.04,48.36,1352000
2023-11-06T13:00:00Z,48.5,48.65,48.18,48.18,530400
2023-11-06T14:00:00Z,48.18,48.3,47.77,47.79,996000
2023-11-06T15:00:00Z,47.79,48.3,47.77,48.26,722700
2023-11-06T16:00:00Z,48.26,48.27,47.99,48.04,286900
2023-11-06T17:00:00Z,48.03,48.12,47.92,48.01,277400
2023-11-06T18:00:00Z,48.01,48.2,47.93,48.2,360300
2023-11-06T19:00:00Z,48.18,48.24,48.05,48.16,554200
2023-11-06T20:00:00Z,48.16,48.17,48,48.03,441400
2023-11-07T13:00:00Z,47.43,47.49,46.75,47.18,4118800
2023-11-07T14:00:00Z,47.18,47.53,46.87,47.19,2196400
2023-11-07T15:00:00Z,47.19,47.27,47.06,47.13,370200
2023-11-07T16:00:00Z,47.13,47.13,46.63,46.82,765300
2023-11-07T17:00:00Z,46.82,47.15,46.8,46.97,473100
2023-11-07T18:00:00Z,46.97,47.49,46.95,47.41,683300
2023-11-07T19:00:00Z,47.4,47.4,46.92,47,549600
2023-11-07T20:00:00Z,46.99,47.23,46.86,47.09,795600
2023-11-08T13:00:00Z,46.5,46.58,46.1,46.38,1077900
2023-11-08T14:00:00Z,46.39,46.73,46.25,46.7,3129700
2023-11-08T15:00:00Z,46.72,46.72,46.06,46.18,788700
2023-11-08T16:00:00Z,46.17,46.2,45.92,46,677400
2023-11-08T17:00:00Z,46,46.04,45.37,45.4,1245300
2023-11-08T18:00:00Z,45.39,45.62,45.32,45.53,1651900
2023-11-08T19:00:00Z,45.53,45.56,45.26,45.31,1236300
2023-11-08T20:00:00Z,45.32,45.75,45.29,45.48,1813900
2023-11-09T13:00:00Z,45.74,46.25,45.6,45.74,1027200
2023-11-09T14:00:00Z,45.74,46.02,45.7,45.78,532000
2023-11-09T15:00:00Z,45.78,46.19,45.45,46.05,1925100
2023-11-09T16:00:00Z,46.06,46.12,45.86,45.93,212500
2023-11-09T17:00:00Z,45.93,45.96,45.55,45.73,552800
2023-11-09T18:00:00Z,45.72,45.74,45.28,45.58,866100
2023-11-09T19:00:00Z,45.59,45.59,45.06,45.19,757800
2023-11-09T20:00:00Z,45.19,45.3,44.78,44.85,1287800
2023-11-10T13:00:00Z,45.03,45.67,45.03,45.46,1002400
2023-11-10T14:00:00Z,45.44,46.05,45.41,45.93,1002400
2023-11-10T15:00:00Z,45.93,46.22,45.84,46.17,1174400
2023-11-10T16:00:00Z,46.17,46.58,46.13,46.52,1520400
2023-11-10T17:00:00Z,46.53,46.63,46.4,46.63,1096900
2023-11-10T18:00:00Z,46.63,46.9,46.43,46.84,1137400
2023-11-10T19:00:00Z,46.84,46.89,46.67,46.71,858200
2023-11-10T20:00:00Z,46.71,46.75,46.21,46.41,1398300
2023-11-13T13:00:00Z,46.33,46.73,46.33,46.45,301900
2023-11-13T14:00:00Z,46.47,46.49,46.21,46.33,597000
2023-11-13T15:00:00Z,46.32,46.69,46.3,46.57,574800
2023-11-13T16:00:00Z,46.58,46.7,46.37,46.61,455300
2023-11-13T17:00:00Z,46.62,46.69,46.45,46.62,486700
2023-11-13T18:00:00Z,46.62,46.92,46.62,46.76,456200
2023-11-13T19:00:00Z,46.75,46.8,46.52,46.54,454000
2023-11-13T20:00:00Z,46.54,46.58,46.37,46.43,572100
2023-11-14T13:00:00Z,46.45,47.07,46.15,46.96,4400700
2023-11-14T14:00:00Z,46.98,47.2,46.87,47,1026700
2023-11-14T15:00:00Z,46.99,47.1,46.88,47.02,486000
2023-11-14T16:00:00Z,47.02,47.3,46.95,47.27,912100
2023-11-14T17:00:00Z,47.27,47.28,46.98,46.98,471300
2023-11-14T18:00:00Z,47,47.25,46.97,47.19,502200
2023-11-14T19:00:00Z,47.19,47.25,47.05,47.2,454100
2023-11-14T20:00:00Z,47.19,47.34,46.97,46.98,1083800
2023-11-16T13:00:00Z,46.5,46.83,46.28,46.7,4383200
2023-11-16T14:00:00Z,46.7,46.71,45.2,45.27,2417800
2023-11-16T15:00:00Z,45.24,45.47,44.89,44.95,1929100
2023-11-16T16:00:00Z,44.96,45.3,44.56,44.72,2927100
2023-11-16T17:00:00Z,44.72,45.25,44.61,45.22,1500600
2023-11-16T18:00:00Z,45.25,45.49,44.86,45.04,1866700
2023-11-16T19:00:00Z,45.04,45.47,44.96,45.46,1701700
2023-11-16T20:00:00Z,45.46,45.62,45.26,45.41,1855800
2023-11-17T13:00:00Z,45.89,46.2,45.77,46.08,1702900
2023-11-17T14:00:00Z,46.1,46.12,45.7,46,931200
2023-11-17T15:00:00Z,46.02,46.1,45.78,45.8,904500
2023-11-17T16:00:00Z,45.8,45.99,45.73,45.84,715100
2023-11-17T17:00:00Z,45.86,46.31,45.82,46.26,1387800
2023-11-17T18:00:00Z,46.25,46.89,46.25,46.64,2829700
2023-11-17T19:00:00Z,46.63,46.68,46.34,46.41,2219600
2023-11-17T20:00:00Z,46.41,46.65,46.02,46.48,2796500
2023-11-20T13:00:00Z,46.98,47.47,46.83,47.31,1063300
2023-11-20T14:00:00Z,47.33,47.99,47.14,47.88,2426200
2023-11-20T15:00:00Z,47.87,48.08,47.72,48.05,1082900
2023-11-20T16:00:00Z,48.07,48.08,47.88,47.96,658500
2023-11-20T17:00:00Z,47.96,48.35,47.96,48.3,1246800
2023-11-20T18:00:00Z,48.3,48.54,48.02,48.1,990100
2023-11-20T19:00:00Z,48.11,48.16,47.85,47.96,1044400
2023-11-20T20:00:00Z,47.96,47.99,47.52,47.56,966800
2023-11-21T13:00:00Z,47.15,47.59,46.68,47.48,959300
2023-11-21T14:00:00Z,47.44,47.91,47.41,47.91,583200
2023-11-21T15:00:00Z,47.91,47.96,47.57,47.58,421600
2023-11-21T16:00:00Z,47.59,47.71,47.47,47.53,275700
2023-11-21T17:00:00Z,47.52,47.58,47.36,47.44,540600
2023-11-21T18:00:00Z,47.44,47.52,47.34,47.43,620300
2023-11-21T19:00:00Z,47.45,47.73,47.41,47.7,379700
2023-11-21T20:00:00Z,47.69,48.16,47.58,48.02,1550900
2023-11-22T13:00:00Z,46.99,47.03,46.32,46.5,2383800
2023-11-22T14:00:00Z,46.53,46.78,46.41,46.59,1319900
2023-11-22T15:00:00Z,46.58,46.63,46.38,46.48,555200
2023-11-22T16:00:00Z,46.49,46.86,46.47,46.84,649000
2023-11-22T17:00:00Z,46.84,47.25,46.8,46.82,1123800
2023-11-22T18:00:00Z,46.81,47.18,46.81,47.12,699100
2023-11-22T19:00:00Z,47.11,47.26,47.01,47.16,716700
2023-11-22T20:00:00Z,47.17,47.27,47.13,47.24,675600
2023-11-23T13:00:00Z,47.01,47.16,46.85,47.04,255400
2023-11-23T14:00:00Z,47.04,47.22,46.93,47.09,287700
2023-11-23T15:00:00Z,47.11,47.24,47.01,47.09,222100
2023-11-23T16:00:00Z,47.1,47.17,47.06,47.12,98500
2023-11-23T17:00:00Z,47.12,47.12,46.99,47.06,173200
2023-11-23T18:00:00Z,47.05,47.05,46.91,46.99,201800
2023-11-23T19:00:00Z,46.99,47.18,46.9,47.05,383400
2023-11-23T20:00:00Z,47.05,47.34,47.03,47.28,1372400
2023-11-24T13:00:00Z,47.13,47.33,46.91,46.91,451200
2023-11-24T14:00:00Z,46.9,47.58,46.9,47.56,1201300
2023-11-24T15:00:00Z,47.55,47.78,47.46,47.66,505800
2023-11-24T16:00:00Z,47.65,47.82,47.6,47.65,558300
2023-11-24T17:00:00Z,47.64,47.7,47.21,47.38,612200
2023-11-24T18:00:00Z,47.37,47.47,47.12,47.21,471600
2023-11-24T19:00:00Z,47.21,47.22,47.13,47.21,353400
2023-11-24T20:00:00Z,47.19,47.3,47.03,47.09,451100
2023-11-27T13:00:00Z,46.92,47.34,46.84,46.97,839400
2023-11-27T14:00:00Z,46.97,47.08,46.16,46.28,1089800
2023-11-27T15:00:00Z,46.29,46.47,46.28,46.39,604500
2023-11-27T16:00:00Z,46.37,46.46,46.2,46.39,534400
2023-11-27T17:00:00Z,46.39,46.41,45.93,45.94,998300
2023-11-27T18:00:00Z,45.94,46.03,45.81,45.91,846200
2023-11-27T19:00:00Z,45.91,46,45.66,45.66,777600
2023-11-27T20:00:00Z,45.66,46.3,45.61,46.17,1267500
2023-11-28T13:00:00Z,46.37,46.53,46,46.14,787700
2023-11-28T14:00:00Z,46.16,46.21,45.83,45.95,803900
2023-11-28T15:00:00Z,45.97,46.02,45.43,45.89,2269700
2023-11-28T16:00:00Z,45.88,46.27,45.84,46.12,1676800
2023-11-28T17:00:00Z,46.11,46.13,45.72,45.87,1053500
2023-11-28T18:00:00Z,45.86,46.24,45.82,46.04,1136000
2023-11-28T19:00:00Z,46.04,46.08,45.93,46.01,560800
2023-11-28T20:00:00Z,46.01,46.07,45.93,45.98,883700
2023-11-29T13:00:00Z,46.61,46.7,46.28,46.45,941700
2023-11-29T14:00:00Z,46.45,46.6,46.24,46.32,573800
2023-11-29T15:00:00Z,46.32,46.33,45.62,45.96,1302800
2023-11-29T16:00:00Z,45.95,45.97,45.67,45.77,685800
2023-11-29T17:00:00Z,45.78,46.15,45.63,46.13,1150300
2023-11-29T18:00:00Z,46.13,46.34,45.96,46.22,1177700
2023-11-29T19:00:00Z,46.23,46.3,45.89,46.01,1138500
2023-11-29T20:00:00Z,46.01,46.02,45.72,45.84,860500
2023-11-30T13:00:00Z,46.25,46.83,46.22,46.75,2798500
2023-11-30T14:00:00Z,46.75,47.46,46.32,46.91,3739000
2023-11-30T15:00:00Z,46.9,47.65,46.6,46.75,2560000
2023-11-30T16:00:00Z,46.75,46.75,45.58,45.87,3358900
2023-11-30T17:00:00Z,45.86,46.24,45.8,46.24,1266200
2023-11-30T18:00:00Z,46.24,46.35,45.99,46.09,1359100
2023-11-30T19:00:00Z,46.09,46.24,46,46.04,759100
2023-11-30T20:00:00Z,46.04,46.13,45.92,46.13,478200
2023-12-01T13:00:00Z,46.08,46.08,45.29,45.65,1564600
2023-12-01T14:00:00Z,45.66,45.7,45.32,45.46,926500
2023-12-01T15:00:00Z,45.47,45.62,44.97,45.17,1559300
2023-12-01T16:00:00Z,45.17,45.43,45,45.25,1287300
2023-12-01T17:00:00Z,45.26,45.38,44.94,45.01,1430400
2023-12-01T18:00:00Z,45.03,45.12,44.27,44.43,2448300
2023-12-01T19:00:00Z,44.4,44.69,44.38,44.6,1648400
2023-12-01T20:00:00Z,44.61,44.72,44.45,44.52,1833800
2023-12-04T13:00:00Z,44.3,44.39,43.74,44.17,1711200
2023-12-04T14:00:00Z,44.17,44.46,44,44.08,1012800
2023-12-04T15:00:00Z,44.08,44.12,43.74,43.87,1109100
2023-12-04T16:00:00Z,43.87,44.04,43.75,44.03,592500
2023-12-04T17:00:00Z,44.03,44.56,43.97,44.39,1200200
2023-12-04T18:00:00Z,44.39,44.5,44.28,44.37,1947400
2023-12-04T19:00:00Z,44.37,44.45,44.13,44.25,1016000
2023-12-04T20:00:00Z,44.25,44.41,44.2,44.36,2098800
2023-12-05T13:00:00Z,44.2,44.44,43.72,44,1597300
2023-12-05T14:00:00Z,44,44.23,43.51,43.61,1739400
2023-12-05T15:00:00Z,43.59,43.89,43.04,43.18,1743600
2023-12-05T16:00:00Z,43.18,43.26,42.8,43.17,1628300
2023-12-05T17:00:00Z,43.18,43.38,43.14,43.24,1072500
2023-12-05T18:00:00Z,43.24,43.74,43.21,43.5,1508600
2023-12-05T19:00:00Z,43.52,43.78,43.43,43.46,1308400
2023-12-05T20:00:00Z,43.45,43.63,43,43.12,1818700
2023-12-06T13:00:00Z,42.8,42.8,41.88,42.16,3854300
2023-12-06T14:00:00Z,42.16,42.64,42.01,42.6,1892000
2023-12-06T15:00:00Z,42.61,42.73,42.4,42.45,1190000
2023-12-06T16:00:00Z,42.44,42.48,41.9,41.96,2135200
2023-12-06T17:00:00Z,41.96,42.1,41.45,41.65,2901700
2023-12-06T18:00:00Z,41.64,41.73,41.44,41.67,2719700
2023-12-06T19:00:00Z,41.65,41.92,41.55,41.74,2765500
2023-12-06T20:00:00Z,41.74,41.8,41.15,41.25,2646700
2023-12-07T13:00:00Z,41.81,42.05,41.61,41.94,1367700
2023-12-07T14:00:00Z,41.97,42.36,41.91,42.26,1715300
2023-12-07T15:00:00Z,42.26,42.28,42.01,42.11,866700
2023-12-07T16:00:00Z,42.11,42.23,41.98,42.11,699700
2023-12-07T17:00:00Z,42.1,42.2,41.64,42.01,1545800
2023-12-07T18:00:00Z,42.01,42.41,41.92,42.31,1040300
2023-12-07T19:00:00Z,42.32,42.55,42.3,42.44,1081900
2023-12-07T20:00:00Z,42.44,42.63,42.22,42.48,2512700
2023-12-08T13:00:00Z,43,43.36,42.25,42.67,1766300
2023-12-08T14:00:00Z,42.63,43.44,42.54,43.38,1662600
2023-12-08T15:00:00Z,43.4,44.06,43.4,43.91,2295700
2023-12-08T16:00:00Z,43.91,43.93,43.65,43.84,1358900
2023-12-08T17:00:00Z,43.86,44.03,43.55,44.01,1341700
2023-12-08T18:00:00Z,44.01,44.36,44,44.32,1566100
2023-12-08T19:00:00Z,44.33,44.77,44.28,44.76,2381100
2023-12-08T20:00:00Z,44.76,44.79,44.48,44.5,2208500
2023-12-11T13:00:00Z,44.55,44.79,44.33,44.53,535000
2023-12-11T14:00:00Z,44.52,44.68,44.09,44.21,941100
2023-12-11T15:00:00Z,44.22,44.53,44.02,44.49,672700
2023-12-11T16:00:00Z,44.49,44.5,44.19,44.22,593400
2023-12-11T17:00:00Z,44.22,44.23,43.99,44.16,564300
2023-12-11T18:00:00Z,44.17,44.25,44.12,44.16,474600
2023-12-11T19:00:00Z,44.16,44.45,44.08,44.42,737500
2023-12-11T20:00:00Z,44.42,44.65,44.34,44.6,747500
2023-12-12T13:00:00Z,44.65,44.67,43.93,44.14,803300
2023-12-12T14:00:00Z,44.15,44.15,43.6,43.71,1433900
2023-12-12T15:00:00Z,43.7,44.3,43.57,44.25,1017000
2023-12-12T16:00:00Z,44.25,44.32,43.72,43.75,2564100
2023-12-12T17:00:00Z,43.75,43.86,43.46,43.69,1906800
2023-12-12T18:00:00Z,43.68,43.86,43.65,43.74,1059100
2023-12-12T19:00:00Z,43.75,43.8,43.57,43.75,1685600
2023-12-12T20:00:00Z,43.76,43.88,43.65,43.78,1154800
2023-12-13T13:00:00Z,44,44.58,43.92,44.45,1270200
2023-12-13T14:00:00Z,44.45,44.59,44.31,44.35,578100
2023-12-13T15:00:00Z,44.35,44.54,44.12,44.49,595900
2023-12-13T16:00:00Z,44.49,44.59,44.37,44.4,670100
2023-12-13T17:00:00Z,44.41,44.44,44.25,44.31,375700
2023-12-13T18:00:00Z,44.31,44.38,44.23,44.31,559100
2023-12-13T19:00:00Z,44.31,45.2,44.3,45.16,2280100
2023-12-13T20:00:00Z,45.16,45.76,45.14,45.41,2676300
2023-12-14T13:00:00Z,46.25,47,46,46.41,1721900
2023-12-14T14:00:00Z,46.45,46.74,45.97,46.57,1309300
2023-12-14T15:00:00Z,46.58,46.89,46.58,46.79,1757900
2023-12-14T16:00:00Z,46.8,47.24,46.76,47.04,1707800
2023-12-14T17:00:00Z,47.03,47.04,46.67,46.88,766100
2023-12-14T18:00:00Z,46.88,47.09,46.69,46.92,1638100
2023-12-14T19:00:00Z,46.92,47.17,46.92,47.1,1559400
2023-12-14T20:00:00Z,47.1,47.4,47.09,47.2,1672200
2023-12-15T13:00:00Z,47.82,47.83,47.08,47.38,15962000
2023-12-15T14:00:00Z,47.37,47.85,46.9,46.97,2393400
2023-12-15T15:00:00Z,46.95,47.06,46.62,46.98,890100
2023-12-15T16:00:00Z,46.97,47.02,46.71,46.75,472600
2023-12-15T17:00:00Z,46.76,46.97,46.7,46.82,780000
2023-12-15T18:00:00Z,46.81,46.96,46.72,46.77,832400
2023-12-15T19:00:00Z,46.77,46.85,46.66,46.8,1824400
2023-12-15T20:00:00Z,46.8,46.87,46.12,46.31,1488100
2023-12-18T13:00:00Z,46.14,47.11,45.96,47.1,1681700
2023-12-18T14:00:00Z,47.1,47.39,46.8,47.31,2367200
2023-12-18T15:00:00Z,47.31,47.39,46.22,46.38,1026100
2023-12-18T16:00:00Z,46.39,46.64,46.25,46.43,875200
2023-12-18T17:00:00Z,46.43,46.67,46.41,46.57,629100
2023-12-18T18:00:00Z,46.56,46.64,46.49,46.57,360800
2023-12-18T19:00:00Z,46.57,46.57,46.15,46.25,710500
2023-12-18T20:00:00Z,46.25,46.3,45.95,46.17,1533600
2023-12-19T13:00:00Z,46.4,46.58,46.12,46.43,533600
2023-12-19T14:00:00Z,46.44,46.68,46.35,46.61,491400
2023-12-19T15:00:00Z,46.62,46.66,46.47,46.64,396700
2023-12-19T16:00:00Z,46.62,46.74,46.54,46.64,314100
2023-12-19T17:00:00Z,46.63,46.79,46.55,46.77,473800
2023-12-19T18:00:00Z,46.77,46.89,46.57,46.76,404500
2023-12-19T19:00:00Z,46.77,46.96,46.71,46.84,436600
2023-12-19T20:00:00Z,46.84,46.86,46.69,46.73,456800
2023-12-20T13:00:00Z,46.96,46.96,46.61,46.75,767500
2023-12-20T14:00:00Z,46.74,46.76,46.2,46.22,885300
2023-12-20T15:00:00Z,46.22,46.34,46.03,46.19,663700
2023-12-20T16:00:00Z,46.19,46.24,46.07,46.13,300700
2023-12-20T17:00:00Z,46.13,46.28,46.1,46.2,300500
2023-12-20T18:00:00Z,46.23,46.23,46.04,46.08,424800
2023-12-20T19:00:00Z,46.09,46.12,45.5,45.55,990100
2023-12-20T20:00:00Z,45.56,45.82,45.32,45.55,1514900
2023-12-21T13:00:00Z,45.75,45.8,45.1,45.52,1757800
2023-12-21T14:00:00Z,45.53,45.73,45.32,45.34,1000600
2023-12-21T15:00:00Z,45.35,45.61,45.35,45.53,756800
2023-12-21T16:00:00Z,45.52,45.57,45.32,45.43,471100
2023-12-21T17:00:00Z,45.42,45.44,45.15,45.2,509000
2023-12-21T18:00:00Z,45.2,45.31,45,45.07,822400
2023-12-21T19:00:00Z,45.08,45.18,44.84,44.91,989000
2023-12-21T20:00:00Z,44.92,45.07,44.86,44.98,1126700
2023-12-22T13:00:00Z,45.34,45.6,45.11,45.26,844600
2023-12-22T14:00:00Z,45.25,45.59,45.18,45.39,683300
2023-12-22T15:00:00Z,45.4,45.69,45.38,45.6,892400
2023-12-22T16:00:00Z,45.59,45.65,45.27,45.57,778400
2023-12-22T17:00:00Z,45.57,45.74,45.52,45.59,618600
2023-12-22T18:00:00Z,45.6,45.6,45.52,45.56,437400
2023-12-22T19:00:00Z,45.56,45.6,45.32,45.45,824500
2023-12-22T20:00:00Z,45.45,45.5,45.22,45.3,482400
2023-12-26T13:00:00Z,45.69,46.25,45.54,45.92,958700
2023-12-26T14:00:00Z,45.91,46.2,45.81,46.01,1046600
2023-12-26T15:00:00Z,46.01,46.35,45.99,46.18,1021200
2023-12-26T16:00:00Z,46.19,46.3,46.16,46.25,490900
2023-12-26T17:00:00Z,46.28,46.3,46.22,46.25,467900
2023-12-26T18:00:00Z,46.27,46.38,46.13,46.24,891000
2023-12-26T19:00:00Z,46.23,46.24,45.96,46.01,614500
2023-12-26T20:00:00Z,46.01,46.07,45.91,46,1078500
2023-12-27T13:00:00Z,45.92,46.2,45.68,46.13,820700
2023-12-27T14:00:00Z,46.12,46.7,46,46.51,1424100
2023-12-27T15:00:00Z,46.51,46.7,46.48,46.58,822400
2023-12-27T16:00:00Z,46.57,46.64,46.38,46.41,476200
2023-12-27T17:00:00Z,46.4,46.44,46.24,46.24,562600
2023-12-27T18:00:00Z,46.24,46.24,46.08,46.09,431100
2023-12-27T19:00:00Z,46.08,46.2,46.02,46.04,465900
2023-12-27T20:00:00Z,46.04,46.08,45.73,45.8,801600
2023-12-28T13:00:00Z,45.82,45.84,45.41,45.77,1208000
2023-12-28T14:00:00Z,45.78,45.8,45.59,45.71,615200
2023-12-28T15:00:00Z,45.71,45.88,45.62,45.74,665100
2023-12-28T16:00:00Z,45.73,45.79,45.56,45.58,420900
2023-12-28T17:00:00Z,45.57,45.68,45.55,45.59,511700
2023-12-28T18:00:00Z,45.58,45.61,45.35,45.37,824600
2023-12-28T19:00:00Z,45.35,45.57,45.32,45.53,850400
2023-12-28T20:00:00Z,45.54,45.9,45.45,45.88,1256300
2024-01-02T13:00:00Z,46.58,46.69,46.16,46.45,989200
2024-01-02T14:00:00Z,46.44,46.47,46.14,46.29,1309300
2024-01-02T15:00:00Z,46.29,46.34,46.06,46.07,686200
2024-01-02T16:00:00Z,46.08,46.24,45.9,45.93,934900
2024-01-02T17:00:00Z,45.93,46.02,45.85,45.9,341200
2024-01-02T18:00:00Z,45.9,45.92,45.52,45.53,591500
2024-01-02T19:00:00Z,45.53,45.76,45.42,45.43,662900
2024-01-02T20:00:00Z,45.42,45.6,45.25,45.36,1148000
2024-01-03T13:00:00Z,45.34,45.81,45.22,45.37,6683800
2024-01-03T14:00:00Z,45.37,46.09,45.36,45.86,1306800
2024-01-03T15:00:00Z,45.83,46.77,45.82,46.62,1850600
2024-01-03T16:00:00Z,46.62,46.95,46.56,46.64,803900
2024-01-03T17:00:00Z,46.64,47.25,46.56,47.17,1408300
2024-01-03T18:00:00Z,47.16,47.38,47.06,47.25,765000
2024-01-03T19:00:00Z,47.24,47.55,47.11,47.15,1330100
2024-01-03T20:00:00Z,47.15,47.29,47.08,47.19,965900
2024-01-04T13:00:00Z,46.63,47.2,46.54,46.94,1608800
2024-01-04T14:00:00Z,46.94,47.17,46.61,46.98,970400
2024-01-04T15:00:00Z,47,47.09,46.85,46.92,490500
2024-01-04T16:00:00Z,46.9,46.96,46.61,46.77,591100
2024-01-04T17:00:00Z,46.79,46.88,46.55,46.6,740000
2024-01-04T18:00:00Z,46.62,46.7,46.45,46.61,629500
2024-01-04T19:00:00Z,46.62,46.62,46.07,46.13,735600
2024-01-04T20:00:00Z,46.13,46.24,46.02,46.2,835800
2024-01-05T13:00:00Z,45.85,46.62,45.85,46.55,4771400
2024-01-05T14:00:00Z,46.55,46.93,46.45,46.61,832000
2024-01-05T15:00:00Z,46.65,46.95,46.43,46.48,686800
2024-01-05T16:00:00Z,46.48,46.55,46.32,46.4,413200
2024-01-05T17:00:00Z,46.39,46.4,46.15,46.2,336200
2024-01-05T18:00:00Z,46.21,46.44,46.16,46.37,588400
2024-01-05T19:00:00Z,46.37,46.39,45.87,45.93,882000
2024-01-05T20:00:00Z,45.94,46.14,45.87,46.14,859600
2024-01-08T13:00:00Z,45.5,45.57,44.83,45.24,1213800
2024-01-08T14:00:00Z,45.25,45.27,44.21,44.51,2010300
2024-01-08T15:00:00Z,44.53,44.83,44.43,44.7,901400
2024-01-08T16:00:00Z,44.7,45.03,44.69,45.03,879000
2024-01-08T17:00:00Z,45.03,45.44,44.97,45.26,724900
2024-01-08T18:00:00Z,45.26,45.28,45.05,45.13,1012300
2024-01-08T19:00:00Z,45.13,45.78,45.12,45.64,1227900
2024-01-08T20:00:00Z,45.64,45.81,45.56,45.75,795700
2024-01-09T13:00:00Z,46.2,46.36,45.82,45.85,1077000
2024-01-09T14:00:00Z,45.84,45.88,45.46,45.73,922100
2024-01-09T15:00:00Z,45.73,45.84,45.61,45.74,260600
2024-01-09T16:00:00Z,45.73,45.93,45.69,45.85,488100
2024-01-09T17:00:00Z,45.85,46.15,45.8,46.14,543800
2024-01-09T18:00:00Z,46.13,46.48,46.08,46.41,905300
2024-01-09T19:00:00Z,46.41,46.46,46.23,46.38,796400
2024-01-09T20:00:00Z,46.38,46.39,46.14,46.28,1195400
2024-01-10T13:00:00Z,46.44,46.44,45.2,45.5,4166100
2024-01-10T14:00:00Z,45.5,45.52,44.75,44.81,2744000
2024-01-10T15:00:00Z,44.8,44.85,44.35,44.55,2713600
2024-01-10T16:00:00Z,44.55,44.89,44.47,44.86,1028600
2024-01-10T17:00:00Z,44.86,44.89,44.36,44.38,1497300
2024-01-10T18:00:00Z,44.38,44.53,44.05,44.24,2784900
2024-01-10T19:00:00Z,44.23,44.3,43.92,44.14,2788600
2024-01-10T20:00:00Z,44.14,44.46,44.14,44.2,2435900
2024-01-11T13:00:00Z,44.68,45.6,44.55,45.01,3457900
2024-01-11T14:00:00Z,45.04,45.5,44.93,45.42,1726100
2024-01-11T15:00:00Z,45.42,45.86,45.13,45.77,1547200
2024-01-11T16:00:00Z,45.76,45.82,45.46,45.63,1176700
2024-01-11T17:00:00Z,45.61,45.75,45.5,45.52,814400
2024-01-11T18:00:00Z,45.54,45.77,45.5,45.63,1185000
2024-01-11T19:00:00Z,45.64,45.74,45.52,45.63,1115000
2024-01-11T20:00:00Z,45.63,45.68,45.55,45.62,1248900
2024-01-12T13:00:00Z,46.72,46.85,46.27,46.57,2440600
2024-01-12T14:00:00Z,46.59,46.75,46.4,46.43,1698500
2024-01-12T15:00:00Z,46.42,46.55,46.25,46.46,1507500
2024-01-12T16:00:00Z,46.46,46.51,46.26,46.39,710600
2024-01-12T17:00:00Z,46.39,46.55,46.35,46.44,539000
2024-01-12T18:00:00Z,46.45,46.49,46.37,46.39,415500
2024-01-12T19:00:00Z,46.38,46.41,46.1,46.11,596000
2024-01-12T20:00:00Z,46.11,46.26,45.94,46.14,852600
2024-01-15T13:00:00Z,45.76,46.08,45.59,45.9,613400
2024-01-15T14:00:00Z,45.9,46.26,45.83,46.24,427000
2024-01-15T15:00:00Z,46.23,46.51,46.15,46.43,643500
2024-01-15T16:00:00Z,46.45,46.73,46.39,46.62,699200
2024-01-15T17:00:00Z,46.62,46.82,46.58,46.77,646600
2024-01-15T18:00:00Z,46.76,46.83,46.52,46.76,559500
2024-01-15T19:00:00Z,46.75,47.14,46.72,46.97,712800
2024-01-15T20:00:00Z,46.96,47.15,46.92,47.1,674400
2024-01-16T13:00:00Z,46.95,47.19,46.16,46.28,1388300
2024-01-16T14:00:00Z,46.29,46.42,45.86,46.08,1255500
2024-01-16T15:00:00Z,46.09,46.21,45.97,46.13,657500
2024-01-16T16:00:00Z,46.13,46.15,45.86,46.08,825100
2024-01-16T17:00:00Z,46.07,46.09,45.8,45.86,785000
2024-01-16T18:00:00Z,45.86,46.03,45.71,45.76,662100
2024-01-16T19:00:00Z,45.75,46.15,45.75,46.09,906500
2024-01-16T20:00:00Z,46.08,46.1,45.91,45.97,1143600
2024-01-17T13:00:00Z,45.49,45.49,44.6,44.84,3445600
2024-01-17T14:00:00Z,44.83,44.86,44.46,44.48,1873400
2024-01-17T15:00:00Z,44.47,44.65,44.27,44.38,1862800
2024-01-17T16:00:00Z,44.38,44.78,44.36,44.6,1547800
2024-01-17T17:00:00Z,44.6,44.66,44.46,44.47,1127900
2024-01-17T18:00:00Z,44.48,44.58,44.45,44.49,924400
2024-01-17T19:00:00Z,44.49,45.16,44.4,45.13,2224400
2024-01-17T20:00:00Z,45.13,45.25,45.06,45.12,1092900
2024-01-18T13:00:00Z,45.25,45.57,44.44,44.57,1563800
2024-01-18T14:00:00Z,44.55,45.02,44.48,44.81,870600
2024-01-18T15:00:00Z,44.78,45.04,44.73,44.92,615800
2024-01-18T16:00:00Z,44.92,45.19,44.84,45.09,522100
2024-01-18T17:00:00Z,45.09,45.18,44.68,44.73,577800
2024-01-18T18:00:00Z,44.72,44.87,44.61,44.77,374600
2024-01-18T19:00:00Z,44.77,44.93,44.7,44.74,651200
2024-01-18T20:00:00Z,44.75,45.08,44.73,44.83,866200
2024-01-19T13:00:00Z,44.64,44.87,44.53,44.66,439600
2024-01-19T14:00:00Z,44.64,44.75,44.31,44.62,578900
2024-01-19T15:00:00Z,44.63,44.77,44.5,44.72,265000
2024-01-19T16:00:00Z,44.71,44.73,44.43,44.48,199700
2024-01-19T17:00:00Z,44.49,44.64,44.34,44.48,393900
2024-01-19T18:00:00Z,44.49,44.7,44.28,44.35,550600
2024-01-19T19:00:00Z,44.35,44.55,44.33,44.54,283400
2024-01-19T20:00:00Z,44.55,44.6,44.42,44.45,389300
2024-01-22T13:00:00Z,44.65,44.7,44.23,44.34,534700
2024-01-22T14:00:00Z,44.35,44.77,44.33,44.71,1106100
2024-01-22T15:00:00Z,44.71,44.75,44.38,44.44,282200
2024-01-22T16:00:00Z,44.44,44.44,44.15,44.23,470000
2024-01-22T17:00:00Z,44.24,44.45,44.22,44.45,505100
2024-01-22T18:00:00Z,44.46,44.49,43.9,44.08,616800
2024-01-22T19:00:00Z,44.08,44.08,43.8,43.91,353000
2024-01-22T20:00:00Z,43.91,44.1,43.87,43.9,555600
2024-01-23T13:00:00Z,44.14,44.4,44,44.26,548100
2024-01-23T14:00:00Z,44.25,44.39,44.01,44.28,745800
2024-01-23T15:00:00Z,44.26,44.43,44.04,44.19,747600
2024-01-23T16:00:00Z,44.18,44.49,44.18,44.38,334300
2024-01-23T17:00:00Z,44.38,44.54,44.1,44.21,998400
2024-01-23T18:00:00Z,44.2,44.29,44.11,44.23,483000
2024-01-23T19:00:00Z,44.22,44.33,44.1,44.17,510700
2024-01-23T20:00:00Z,44.17,44.29,44.13,44.24,415700
2024-01-24T13:00:00Z,44.4,44.77,44.31,44.4,553700
2024-01-24T14:00:00Z,44.4,44.49,44.23,44.35,612500
2024-01-24T15:00:00Z,44.36,44.36,44.13,44.35,473700
2024-01-24T16:00:00Z,44.35,45.06,44.35,44.9,867400
2024-01-24T17:00:00Z,44.9,44.92,44.62,44.87,579300
2024-01-24T18:00:00Z,44.86,44.88,44.3,44.36,639400
2024-01-24T19:00:00Z,44.36,44.43,44.22,44.31,504000
2024-01-24T20:00:00Z,44.31,44.54,44.29,44.49,464900
2024-01-25T13:00:00Z,44.87,44.98,44.74,44.78,480500
2024-01-25T14:00:00Z,44.77,44.94,44.59,44.91,398500
2024-01-25T15:00:00Z,44.9,44.96,44.44,44.55,528800
2024-01-25T16:00:00Z,44.56,44.75,44.3,44.69,571000
2024-01-25T17:00:00Z,44.69,44.83,44.57,44.67,555000
2024-01-25T18:00:00Z,44.68,44.74,44.53,44.53,566600
2024-01-25T19:00:00Z,44.53,44.65,44.3,44.62,907600
2024-01-25T20:00:00Z,44.62,44.86,44.53,44.8,997700
2024-01-26T13:00:00Z,44.6,44.77,44.25,44.25,599100
2024-01-26T14:00:00Z,44.26,44.83,44.26,44.54,990700
2024-01-26T15:00:00Z,44.51,44.95,44.41,44.76,606300
2024-01-26T16:00:00Z,44.77,44.93,44.67,44.89,486100
2024-01-26T17:00:00Z,44.89,44.93,44.75,44.82,306800
2024-01-26T18:00:00Z,44.82,45.18,44.77,45.17,833300
2024-01-26T19:00:00Z,45.17,45.35,45.06,45.22,568800
2024-01-26T20:00:00Z,45.22,45.4,45.2,45.36,903200
2024-01-29T13:00:00Z,45.77,45.79,45.15,45.26,943200
2024-01-29T14:00:00Z,45.26,45.31,44.67,44.94,1129600
2024-01-29T15:00:00Z,44.94,44.95,44.55,44.66,548300
2024-01-29T16:00:00Z,44.66,44.72,44.47,44.54,416400
2024-01-29T17:00:00Z,44.54,44.56,44.32,44.34,386800
2024-01-29T18:00:00Z,44.33,44.58,44.21,44.54,649400
2024-01-29T19:00:00Z,44.54,44.61,44.46,44.51,362100
2024-01-29T20:00:00Z,44.52,44.86,44.51,44.85,963700
2024-01-30T13:00:00Z,44.48,44.5,43.84,44.01,920500
2024-01-30T14:00:00Z,44.01,44.3,44,44.18,988600
2024-01-30T15:00:00Z,44.19,44.21,43.62,43.65,1135700
2024-01-30T16:00:00Z,43.64,43.9,43.51,43.88,958600
2024-01-30T17:00:00Z,43.88,43.88,43.68,43.74,806100
2024-01-30T18:00:00Z,43.74,43.82,43.55,43.75,825000
2024-01-30T19:00:00Z,43.74,44.06,43.71,43.99,1035600
2024-01-30T20:00:00Z,43.98,44.26,43.96,44.15,2884900
2024-01-31T13:00:00Z,44,44.29,43.76,44.22,382400
2024-01-31T14:00:00Z,44.23,44.59,44.14,44.52,672700
2024-01-31T15:00:00Z,44.53,44.55,44.22,44.55,560500
2024-01-31T16:00:00Z,44.55,44.55,44.22,44.29,392700
2024-01-31T17:00:00Z,44.3,44.39,44.14,44.26,364500
2024-01-31T18:00:00Z,44.24,44.4,44.14,44.38,594900
2024-01-31T19:00:00Z,44.4,44.74,44.14,44.48,1163600
2024-01-31T20:00:00Z,44.48,44.48,43.79,44.08,1218200
2024-02-01T13:00:00Z,44.21,44.33,44.01,44.01,591400
2024-02-01T14:00:00Z,44.01,44.13,43.75,43.96,1154900
2024-02-01T15:00:00Z,43.95,44.15,43.76,43.77,860100
2024-02-01T16:00:00Z,43.78,43.97,43.65,43.89,553100
2024-02-01T17:00:00Z,43.9,43.99,43.11,43.2,1154200
2024-02-01T18:00:00Z,43.21,43.89,42.87,43.66,2328200
2024-02-01T19:00:00Z,43.66,43.71,43.34,43.49,721100
2024-02-01T20:00:00Z,43.5,43.53,42.79,42.92,1227400
2024-02-02T13:00:00Z,43.15,43.26,42.01,42.12,2007700
2024-02-02T14:00:00Z,42.13,42.28,41.61,41.92,3175200
2024-02-02T15:00:00Z,41.92,42.28,41.77,42.17,1527000
2024-02-02T16:00:00Z,42.18,42.42,42.16,42.31,923800
2024-02-02T17:00:00Z,42.3,42.55,42.2,42.31,1462100
2024-02-02T18:00:00Z,42.31,42.5,42.18,42.24,1092600
2024-02-02T19:00:00Z,42.24,42.27,41.96,42.05,1607900
2024-02-02T20:00:00Z,42.04,42.48,41.85,42.34,2836200
2024-02-05T13:00:00Z,42.2,42.59,41.94,42.57,755400
2024-02-05T14:00:00Z,42.57,42.63,42.08,42.26,649800
2024-02-05T15:00:00Z,42.27,42.28,41.87,42,853100
2024-02-05T16:00:00Z,42.01,42.26,41.93,42.17,566100
2024-02-05T17:00:00Z,42.18,42.37,42.13,42.32,440500
2024-02-05T18:00:00Z,42.32,42.35,42.18,42.24,627700
2024-02-05T19:00:00Z,42.24,42.5,42.19,42.3,1058500
2024-02-05T20:00:00Z,42.31,42.42,42.13,42.2,1006300
2024-02-06T13:00:00Z,42.2,42.68,42.2,42.49,609400
2024-02-06T14:00:00Z,42.49,43.21,42.21,43.1,1019000
2024-02-06T15:00:00Z,43.09,43.25,42.82,43.12,767700
2024-02-06T16:00:00Z,43.1,43.24,42.92,43.16,635200
2024-02-06T17:00:00Z,43.16,43.24,43.02,43.1,703900
2024-02-06T18:00:00Z,43.1,43.47,43.03,43.39,1640900
2024-02-06T19:00:00Z,43.39,43.59,43.22,43.51,995400
2024-02-06T20:00:00Z,43.49,43.77,43.43,43.68,1568200
2024-02-07T13:00:00Z,43.55,44.27,43.1,44.17,1218200
2024-02-07T14:00:00Z,44.17,44.19,43.8,44.13,1079100
2024-02-07T15:00:00Z,44.13,44.35,44,44.26,1409200
2024-02-07T16:00:00Z,44.26,44.27,43.72,43.84,913500
2024-02-07T17:00:00Z,43.85,43.99,43.67,43.87,1476800
2024-02-07T18:00:00Z,43.86,44.31,43.82,44.19,1309000
2024-02-07T19:00:00Z,44.21,44.4,44.13,44.23,1046100
2024-02-07T20:00:00Z,44.23,44.35,43.98,44.02,705800
2024-02-08T13:00:00Z,44.11,44.24,43.9,44.01,619600
2024-02-08T14:00:00Z,44,44.06,43.65,43.67,414200
2024-02-08T15:00:00Z,43.69,43.72,43.34,43.46,486100
2024-02-08T16:00:00Z,43.47,43.48,42.91,42.95,741400
2024-02-08T17:00:00Z,42.96,43.11,42.77,43.05,923900
2024-02-08T18:00:00Z,43.06,43.67,43.04,43.66,903400
2024-02-08T19:00:00Z,43.68,43.68,43.42,43.56,990500
2024-02-08T20:00:00Z,43.58,43.73,43.29,43.33,780100
2024-02-09T13:00:00Z,43.34,43.44,42.72,42.95,965900
2024-02-09T14:00:00Z,42.96,43.18,42.51,42.7,1236400
2024-02-09T15:00:00Z,42.69,42.82,42.37,42.39,556800
2024-02-09T16:00:00Z,42.39,42.43,42.05,42.28,858000
2024-02-09T17:00:00Z,42.28,42.47,42.26,42.39,1232000
2024-02-09T18:00:00Z,42.4,42.75,42.39,42.48,1737200
2024-02-09T19:00:00Z,42.48,42.51,42.22,42.37,580200
2024-02-09T20:00:00Z,42.37,42.4,42.12,42.2,672500
2024-02-14T16:00:00Z,42.36,42.66,41.9,42.32,1111900
2024-02-14T17:00:00Z,42.31,42.4,42.06,42.17,641100
2024-02-14T18:00:00Z,42.16,42.33,42.12,42.27,789700
2024-02-14T19:00:00Z,42.27,42.44,42.23,42.33,753600
2024-02-14T20:00:00Z,42.32,42.63,42.3,42.55,797600
2024-02-15T13:00:00Z,42.84,42.97,42.16,42.18,1983800
2024-02-15T14:00:00Z,42.19,42.4,41.88,42.3,1262300
2024-02-15T15:00:00Z,42.31,42.85,42.31,42.72,1357700
2024-02-15T16:00:00Z,42.71,43.21,42.6,43.16,1119300
2024-02-15T17:00:00Z,43.17,44.08,43.16,43.98,1614700
2024-02-15T18:00:00Z,43.98,44.32,43.95,44.2,1216600
2024-02-15T19:00:00Z,44.2,44.65,44.2,44.48,2573100
2024-02-15T20:00:00Z,44.47,44.72,44.34,44.62,2858400
2024-02-16T13:00:00Z,44.57,45.42,44.37,45.42,1460000
2024-02-16T14:00:00Z,45.43,45.63,44.82,45.03,1201100
2024-02-16T15:00:00Z,45,45.3,45,45.25,829500
2024-02-16T16:00:00Z,45.25,45.29,45.08,45.17,681500
2024-02-16T17:00:00Z,45.17,45.48,45.16,45.42,821600
2024-02-16T18:00:00Z,45.42,45.7,45.31,45.43,1193600
2024-02-16T19:00:00Z,45.42,45.54,45.3,45.41,743900
2024-02-16T20:00:00Z,45.41,45.58,45.35,45.41,776400
2024-02-19T13:00:00Z,45.53,45.54,44.86,45.19,582700
2024-02-19T14:00:00Z,45.21,45.22,44.94,45.01,515700
2024-02-19T15:00:00Z,45.04,45.38,44.97,45.18,384100
2024-02-19T16:00:00Z,45.18,45.34,45.12,45.34,201300
2024-02-19T17:00:00Z,45.33,45.37,45.15,45.26,261700
2024-02-19T18:00:00Z,45.25,45.47,45.03,45.3,510200
2024-02-19T19:00:00Z,45.28,45.7,45.25,45.64,1241200
2024-02-19T20:00:00Z,45.64,45.96,45.57,45.83,751600
2024-02-20T13:00:00Z,45.59,45.86,45.32,45.82,388800
2024-02-20T14:00:00Z,45.83,46.5,45.77,46.17,1047700
2024-02-20T15:00:00Z,46.17,46.39,45.96,46.21,720700
2024-02-20T16:00:00Z,46.21,46.66,46,46.64,837800
2024-02-20T17:00:00Z,46.64,46.87,46.28,46.42,2071800
2024-02-20T18:00:00Z,46.42,46.61,46.25,46.6,1094100
2024-02-20T19:00:00Z,46.61,46.62,46.38,46.42,960100
2024-02-20T20:00:00Z,46.43,46.48,45.95,45.99,1159900
2024-02-21T13:00:00Z,46.1,46.59,45.65,46.51,820000
2024-02-21T14:00:00Z,46.54,47.21,46.51,46.98,1460000
2024-02-21T15:00:00Z,46.97,47.05,46.73,47.02,689400
2024-02-21T16:00:00Z,47.02,47.28,46.99,47.23,1237500
2024-02-21T17:00:00Z,47.23,47.38,47.1,47.12,1895200
2024-02-21T18:00:00Z,47.11,47.23,47.02,47.07,789200
2024-02-21T19:00:00Z,47.06,47.08,46.86,46.93,706900
2024-02-21T20:00:00Z,46.94,47.17,46.88,47.05,701000
2024-02-22T13:00:00Z,47.3,47.78,46.87,47.15,1253900
2024-02-22T14:00:00Z,47.17,47.33,47.03,47.16,812700
2024-02-22T15:00:00Z,47.18,47.23,46.79,46.96,650500
2024-02-22T16:00:00Z,46.96,47.1,46.84,46.99,355100
2024-02-22T17:00:00Z,47,47.09,46.65,46.73,801400
2024-02-22T18:00:00Z,46.73,46.89,46.7,46.75,1098200
2024-02-22T19:00:00Z,46.75,47.03,46.61,46.82,2344200
2024-02-22T20:00:00Z,46.81,47.09,46.79,46.89,1121700
2024-02-23T13:00:00Z,46.56,46.94,46.41,46.47,2090700
2024-02-23T14:00:00Z,46.48,46.55,46.02,46.27,1426600
2024-02-23T15:00:00Z,46.27,46.27,45.96,46.12,1250100
2024-02-23T16:00:00Z,46.13,46.17,45.99,46.1,599800
2024-02-23T17:00:00Z,46.09,46.11,45.84,46.09,884200
2024-02-23T18:00:00Z,46.07,46.07,45.7,45.78,592600
2024-02-23T19:00:00Z,45.79,45.96,45.66,45.94,681000
2024-02-23T20:00:00Z,45.94,45.98,45.4,45.6,1377800
2024-02-26T13:00:00Z,45.56,46.04,45.32,45.94,494000
2024-02-26T14:00:00Z,45.94,46.07,45.57,45.96,691300
2024-02-26T15:00:00Z,45.99,46.08,45.85,45.91,234300
2024-02-26T16:00:00Z,45.91,46.17,45.82,46.11,320700
2024-02-26T17:00:00Z,46.11,46.42,46.08,46.35,413700
2024-02-26T18:00:00Z,46.34,46.5,46.08,46.21,377600
2024-02-26T19:00:00Z,46.2,46.36,46.2,46.29,266900
2024-02-26T20:00:00Z,46.3,46.32,45.76,45.89,785400
2024-02-27T13:00:00Z,45.87,46.18,45.49,45.66,764600
2024-02-27T14:00:00Z,45.67,45.8,45.21,45.32,1018200
2024-02-27T15:00:00Z,45.32,45.7,45.32,45.66,1102100
2024-02-27T16:00:00Z,45.67,45.69,44.95,44.97,1143900
2024-02-27T17:00:00Z,44.97,45.33,44.77,45.18,917700
2024-02-27T18:00:00Z,45.2,45.53,45.05,45.16,1219600
2024-02-27T19:00:00Z,45.17,45.26,44.83,45.13,1378500
2024-02-27T20:00:00Z,45.12,45.4,45.06,45.4,1119600
2024-02-28T13:00:00Z,45,45.17,44.42,44.43,1176200
2024-02-28T14:00:00Z,44.45,44.84,44.43,44.67,1005100
2024-02-28T15:00:00Z,44.67,44.77,44.55,44.57,1178300
2024-02-28T16:00:00Z,44.56,44.6,44.14,44.3,1605900
2024-02-28T17:00:00Z,44.29,44.39,44.25,44.32,936400
2024-02-28T18:00:00Z,44.32,44.4,44.05,44.19,1552300
2024-02-28T19:00:00Z,44.19,44.24,44.02,44.07,1086800
2024-02-28T20:00:00Z,44.08,44.43,44.07,44.31,2104500
2024-02-29T13:00:00Z,44.37,44.45,43.86,44.12,912400
2024-02-29T14:00:00Z,44.13,44.16,43.82,43.82,1097500
2024-02-29T15:00:00Z,43.83,43.98,43.74,43.87,884600
2024-02-29T16:00:00Z,43.87,44.21,43.81,44.14,683200
2024-02-29T17:00:00Z,44.15,44.19,43.84,43.95,652200
2024-02-29T18:00:00Z,43.95,43.98,43.72,43.81,512400
2024-02-29T19:00:00Z,43.8,43.95,43.76,43.8,534800
2024-02-29T20:00:00Z,43.81,43.95,43.7,43.86,836600
2024-03-01T13:00:00Z,44.06,44.5,44.03,44.36,743300
2024-03-01T14:00:00Z,44.37,44.82,44.34,44.6,658700
2024-03-01T15:00:00Z,44.63,45.05,44.52,44.96,663700
2024-03-01T16:00:00Z,44.95,45.08,44.82,45.08,347300
2024-03-01T17:00:00Z,45.06,45.09,44.6,44.65,525300
2024-03-01T18:00:00Z,44.65,44.85,44.57,44.64,320400
2024-03-01T19:00:00Z,44.65,44.74,44.57,44.66,239000
2024-03-01T20:00:00Z,44.65,44.66,44.39,44.6,497200
2024-03-04T13:00:00Z,44.3,44.6,44.25,44.38,437900
2024-03-04T14:00:00Z,44.39,44.55,44.2,44.34,335200
2024-03-04T15:00:00Z,44.35,44.59,44.3,44.49,353700
2024-03-04T16:00:00Z,44.48,44.68,44.45,44.56,304800
2024-03-04T17:00:00Z,44.56,44.56,44.29,44.38,357300
2024-03-04T18:00:00Z,44.37,44.44,44.24,44.39,263000
2024-03-04T19:00:00Z,44.38,44.43,44.27,44.29,311700
2024-03-04T20:00:00Z,44.28,44.38,44.16,44.32,433700
2024-03-05T13:00:00Z,44.01,44.16,43.8,44.13,585300
2024-03-05T14:00:00Z,44.12,44.2,43.95,44.13,415300
2024-03-05T15:00:00Z,44.14,44.32,43.85,44.2,643700
2024-03-05T16:00:00Z,44.2,44.21,43.94,44.12,838300
2024-03-05T17:00:00Z,44.13,44.16,44.1,44.13,348600
2024-03-05T18:00:00Z,44.12,44.17,44.1,44.11,341100
2024-03-05T19:00:00Z,44.12,44.41,44.1,44.19,468600
2024-03-05T20:00:00Z,44.19,44.35,44.13,44.34,300100
2024-03-06T13:00:00Z,44.25,44.73,43.24,44.07,2682400
2024-03-06T14:00:00Z,44.05,44.66,44,44.52,1168900
2024-03-06T15:00:00Z,44.5,44.79,44.44,44.61,1084000
2024-03-06T16:00:00Z,44.61,44.62,44.4,44.47,357500
2024-03-06T17:00:00Z,44.46,44.51,44.04,44.2,713600
2024-03-06T18:00:00Z,44.19,44.22,43.85,43.87,2390000
2024-03-06T19:00:00Z,43.87,44.04,43.85,44.01,463100
2024-03-06T20:00:00Z,44.01,44.11,43.59,43.63,1155300
2024-03-07T13:00:00Z,43.63,43.98,43.62,43.87,586700
2024-03-07T14:00:00Z,43.86,43.88,43.45,43.6,609700
2024-03-07T15:00:00Z,43.6,43.82,43.4,43.68,356700
2024-03-07T16:00:00Z,43.68,43.8,43.57,43.6,232300
2024-03-07T17:00:00Z,43.6,43.7,43.45,43.5,308000
2024-03-07T18:00:00Z,43.49,43.79,43.49,43.69,285100
2024-03-07T19:00:00Z,43.69,43.7,43.47,43.55,387500
2024-03-07T20:00:00Z,43.56,43.72,43.47,43.55,819400
2024-03-08T13:00:00Z,43.3,45.46,43.28,44.66,5444300
2024-03-08T14:00:00Z,44.65,45.2,44.6,44.91,1756100
2024-03-08T15:00:00Z,44.92,45.11,44.83,44.88,772300
2024-03-08T16:00:00Z,44.88,44.88,44.54,44.63,528400
2024-03-08T17:00:00Z,44.62,44.79,44.38,44.56,779100
2024-03-08T18:00:00Z,44.55,44.63,44.42,44.49,827000
2024-03-08T19:00:00Z,44.48,44.96,44.46,44.69,833400
2024-03-08T20:00:00Z,44.69,44.79,44.5,44.76,1103000
2024-03-11T13:00:00Z,44.49,45.07,43.65,45.01,1848500
2024-03-11T14:00:00Z,45.03,45.57,44.72,45.22,1478100
2024-03-11T15:00:00Z,45.2,45.39,45,45.37,694700
2024-03-11T16:00:00Z,45.37,45.41,45.23,45.31,1527300
2024-03-11T17:00:00Z,45.3,45.6,45.29,45.52,895900
2024-03-11T18:00:00Z,45.52,45.55,44.73,45.14,1334500
2024-03-11T19:00:00Z,45.14,45.23,44.72,44.92,972700
2024-03-12T13:00:00Z,45.35,45.95,45.17,45.75,1544500
2024-03-12T14:00:00Z,45.76,46.84,45.71,46.61,3437600
2024-03-12T15:00:00Z,46.61,46.96,46.45,46.85,1579300
2024-03-12T16:00:00Z,46.83,47.2,46.7,47.03,1320300
2024-03-12T17:00:00Z,47.03,47.32,46.87,47.1,1451700
2024-03-12T18:00:00Z,47.1,47.66,47.01,47.51,2220400
2024-03-12T19:00:00Z,47.52,47.97,47.37,47.42,3370700
2024-03-13T13:00:00Z,47.75,49,47.6,48.89,3730800
2024-03-13T14:00:00Z,48.89,49.08,48.57,48.61,2799700
2024-03-13T15:00:00Z,48.6,49.11,48.56,49.11,1093500
2024-03-13T16:00:00Z,49.11,49.15,48.62,48.7,1270500
2024-03-13T17:00:00Z,48.7,48.7,48.39,48.61,1027500
2024-03-13T18:00:00Z,48.6,48.65,48.5,48.65,765100
2024-03-13T19:00:00Z,48.64,49.17,48.64,49,7046800
2024-03-14T13:00:00Z,48.97,49.7,48.93,49.03,2869300
2024-03-14T14:00:00Z,49.03,49.3,48.71,48.83,2036500
2024-03-14T15:00:00Z,48.83,49.05,48.71,48.81,904100
2024-03-14T16:00:00Z,48.81,48.84,48.52,48.66,977400
2024-03-14T17:00:00Z,48.66,48.75,48.41,48.64,1263800
2024-03-14T18:00:00Z,48.65,48.82,48.5,48.75,1110100
2024-03-14T19:00:00Z,48.74,48.82,48.55,48.68,1340900
2024-03-15T13:00:00Z,48.33,48.7,47.65,47.67,2025600
2024-03-15T14:00:00Z,47.68,48.1,47.57,47.7,1178000
2024-03-15T15:00:00Z,47.69,47.7,46.94,47.14,1578800
2024-03-15T16:00:00Z,47.13,47.26,46.96,47.13,571000
2024-03-15T17:00:00Z,47.12,47.58,47.11,47.35,951300
2024-03-15T18:00:00Z,47.34,47.69,47.32,47.66,501000
2024-03-15T19:00:00Z,47.66,47.84,47.5,47.67,2595900
2024-03-18T13:00:00Z,48.16,48.19,47.72,47.97,642100
2024-03-18T14:00:00Z,47.97,48.18,47.62,47.71,1024900
2024-03-18T15:00:00Z,47.7,47.75,47.15,47.19,993100
2024-03-18T16:00:00Z,47.18,47.34,46.92,47.1,1220000
2024-03-18T17:00:00Z,47.1,47.44,47.08,47.3,1132000
2024-03-18T18:00:00Z,47.29,47.55,47.15,47.52,1052000
2024-03-18T19:00:00Z,47.52,47.79,47.33,47.51,2301100
2024-03-19T13:00:00Z,47.99,48.42,47.52,48.42,1060700
2024-03-19T14:00:00Z,48.41,48.96,48.2,48.81,801900
2024-03-19T15:00:00Z,48.81,48.85,48.56,48.82,325200
2024-03-19T16:00:00Z,48.8,48.82,48.6,48.73,371500
2024-03-19T17:00:00Z,48.74,49.35,48.72,49.19,982700
2024-03-19T18:00:00Z,49.18,49.27,48.91,49.22,832600
2024-03-19T19:00:00Z,49.22,49.73,49.13,49.3,2402900
2024-03-20T13:00:00Z,48.93,49.17,47.68,47.82,2449700
2024-03-20T14:00:00Z,47.83,47.92,47.07,47.16,3231900
2024-03-20T15:00:00Z,47.16,47.2,46.95,46.97,1539000
2024-03-20T16:00:00Z,46.97,47.42,46.96,47.42,1294300
2024-03-20T17:00:00Z,47.41,47.75,47.31,47.53,1385900
2024-03-20T18:00:00Z,47.53,47.99,47.53,47.87,1921800
2024-03-20T19:00:00Z,47.87,47.9,47.35,47.41,1882000
2024-03-21T13:00:00Z,47.49,48.3,47.27,48.26,1711200
2024-03-21T14:00:00Z,48.25,48.26,47.32,47.57,1139800
2024-03-21T15:00:00Z,47.58,47.68,47.35,47.5,600200
2024-03-21T16:00:00Z,47.49,47.53,47.19,47.49,723200
2024-03-21T17:00:00Z,47.49,47.5,47.15,47.19,769400
2024-03-21T18:00:00Z,47.18,47.24,47.02,47.15,829500
2024-03-21T19:00:00Z,47.15,47.31,47,47.08,1997700
2024-03-22T13:00:00Z,47.38,47.45,46.63,46.85,1037000
2024-03-22T14:00:00Z,46.85,46.88,46.43,46.71,522300
2024-03-22T15:00:00Z,46.72,46.8,46.57,46.66,183000
2024-03-22T16:00:00Z,46.67,47,46.65,46.81,276700
2024-03-22T17:00:00Z,46.81,46.97,46.7,46.71,408200
2024-03-22T18:00:00Z,46.72,46.83,46.65,46.79,322300
2024-03-22T19:00:00Z,46.79,46.79,46.62,46.69,913500
2024-03-25T13:00:00Z,46.9,47.18,46.34,47,1444100
2024-03-25T14:00:00Z,47,47.3,46.89,47.19,831100
2024-03-25T15:00:00Z,47.18,47.62,47.15,47.6,871400
2024-03-25T16:00:00Z,47.58,47.9,47.47,47.55,940700
2024-03-25T17:00:00Z,47.55,47.74,47.55,47.63,661500
2024-03-25T18:00:00Z,47.58,48.08,47.57,48.06,698600
2024-03-25T19:00:00Z,48.04,48.11,47.68,47.69,1543100
2024-03-26T13:00:00Z,48.1,48.55,47.42,47.6,1692500
2024-03-26T14:00:00Z,47.6,47.7,47.37,47.49,742100
2024-03-26T15:00:00Z,47.49,47.62,47.3,47.39,524200
2024-03-26T16:00:00Z,47.39,47.44,47.26,47.27,511400
2024-03-26T17:00:00Z,47.27,47.47,47.23,47.38,573200
2024-03-26T18:00:00Z,47.38,47.44,47.25,47.35,1246200
2024-03-26T19:00:00Z,47.33,47.46,47.14,47.19,987000
2024-03-27T13:00:00Z,46.99,47.16,46.78,47.04,679700
2024-03-27T14:00:00Z,47.02,47.35,46.82,47.18,638900
2024-03-27T15:00:00Z,47.18,47.44,47.13,47.21,335400
2024-03-27T16:00:00Z,47.22,47.26,46.96,47.06,427200
2024-03-27T17:00:00Z,47.06,47.11,46.91,46.94,279400
2024-03-27T18:00:00Z,46.95,46.98,46.62,46.87,856000
2024-03-27T19:00:00Z,46.91,47,46.8,46.8,1008600
2024-03-28T13:00:00Z,47.62,48.18,47.52,47.86,1369300
2024-03-28T14:00:00Z,47.86,48.18,47.74,48.16,1072300
2024-03-28T15:00:00Z,48.17,48.72,48.09,48.43,1014400
2024-03-28T16:00:00Z,48.42,48.48,48.33,48.44,302100
2024-03-28T17:00:00Z,48.44,49.09,48.34,48.88,1489900
2024-03-28T18:00:00Z,48.89,48.95,48.7,48.8,921900
2024-03-28T19:00:00Z,48.8,48.81,48.5,48.58,1667900
2024-04-01T13:00:00Z,48.92,48.94,48.26,48.54,742900
2024-04-01T14:00:00Z,48.53,48.77,48.33,48.63,755300
2024-04-01T15:00:00Z,48.62,48.83,48.49,48.5,453200
2024-04-01T16:00:00Z,48.5,48.74,48.46,48.49,332800
2024-04-01T17:00:00Z,48.5,48.63,48.26,48.31,356200
2024-04-01T18:00:00Z,48.31,48.66,48.21,48.41,580400
2024-04-01T19:00:00Z,48.42,48.62,48.28,48.44,1017000
2024-04-02T13:00:00Z,48.69,49.3,48.6,49.06,2281900
2024-04-02T14:00:00Z,49.05,49.27,48.87,48.92,2175500
2024-04-02T15:00:00Z,48.94,49.15,48.69,48.92,994300
2024-04-02T16:00:00Z,48.9,49.25,48.73,49.22,989400
2024-04-02T17:00:00Z,49.22,49.24,48.88,49.15,494300
2024-04-02T18:00:00Z,49.15,49.19,49.07,49.11,450200
2024-04-02T19:00:00Z,49.1,49.16,49.03,49.08,767100
2024-04-03T13:00:00Z,49.4,49.72,49.21,49.3,1481600
2024-04-03T14:00:00Z,49.33,49.46,48.92,49.23,1326800
2024-04-03T15:00:00Z,49.24,49.56,49.05,49.22,964400
2024-04-03T16:00:00Z,49.21,49.38,49.04,49.36,843000
2024-04-03T17:00:00Z,49.36,49.55,49.2,49.31,570300
2024-04-03T18:00:00Z,49.3,49.47,49.16,49.38,986900
2024-04-03T19:00:00Z,49.39,49.55,49.13,49.38,1616900
2024-04-04T13:00:00Z,49.27,50.32,49.12,50.25,1750600
2024-04-04T14:00:00Z,50.25,50.88,50.22,50.42,2622300
2024-04-04T15:00:00Z,50.44,50.86,50.25,50.54,1827200
2024-04-04T16:00:00Z,50.54,50.59,50.36,50.39,583400
2024-04-04T17:00:00Z,50.39,50.53,50.15,50.5,843200
2024-04-04T18:00:00Z,50.49,50.84,50.34,50.44,1113000
2024-04-04T19:00:00Z,50.43,50.43,49.9,50.09,1405700
2024-04-05T13:00:00Z,50.23,50.36,49.2,49.34,845500
2024-04-05T14:00:00Z,49.35,49.76,49.11,49.71,1212500
2024-04-05T15:00:00Z,49.72,50.2,49.56,49.89,1374000
2024-04-05T16:00:00Z,49.88,50.34,49.87,50.04,816400
2024-04-05T17:00:00Z,50.04,50.95,49.99,50.55,1906500
2024-04-05T18:00:00Z,50.56,51,50.5,50.83,1544600
2024-04-05T19:00:00Z,50.83,50.9,50.52,50.57,1318100
2024-04-08T13:00:00Z,50.49,50.62,49.96,50.03,886800
2024-04-08T14:00:00Z,50.05,50.24,49.81,49.99,699700
2024-04-08T15:00:00Z,50,50.28,50,50.16,304400
2024-04-08T16:00:00Z,50.16,50.2,49.78,49.82,704800
2024-04-08T17:00:00Z,49.81,49.93,49.44,49.46,1159800
2024-04-08T18:00:00Z,49.46,49.72,49.38,49.65,1398200
2024-04-08T19:00:00Z,49.64,49.69,49.39,49.65,1639500
2024-04-09T13:00:00Z,49.7,49.96,48.93,49.15,1252800
2024-04-09T14:00:00Z,49.16,49.4,48.9,49.1,1687700
2024-04-09T15:00:00Z,49.1,49.37,48.92,49.35,434500
2024-04-09T16:00:00Z,49.36,49.5,49.18,49.22,433100
2024-04-09T17:00:00Z,49.21,49.5,49.19,49.41,541300
2024-04-09T18:00:00Z,49.41,49.49,49.29,49.37,1005000
2024-04-09T19:00:00Z,49.37,49.73,49.31,49.72,916900
2024-04-10T13:00:00Z,49.76,50.08,49.35,49.62,1072100
2024-04-10T14:00:00Z,49.61,49.81,49.55,49.65,1762600
2024-04-10T15:00:00Z,49.65,49.84,49.63,49.74,463800
2024-04-10T16:00:00Z,49.74,49.77,49.6,49.65,471200
2024-04-10T17:00:00Z,49.64,50.6,49.5,50.3,2723100
2024-04-10T18:00:00Z,50.29,50.29,49.99,50.05,872200
2024-04-10T19:00:00Z,50.04,50.1,49.83,50.1,826100
2024-04-11T13:00:00Z,50.06,50.49,49.89,50.04,836900
2024-04-11T14:00:00Z,50.05,50.07,49.59,49.75,1880000
2024-04-11T15:00:00Z,49.75,50.34,49.74,50.25,1041000
2024-04-11T16:00:00Z,50.24,50.29,50.11,50.25,369100
2024-04-11T17:00:00Z,50.25,50.43,49.84,50.08,1096500
2024-04-11T18:00:00Z,50.09,50.15,49.64,49.67,788400
2024-04-11T19:00:00Z,49.67,49.8,49.5,49.75,877200
2024-04-12T13:00:00Z,51.61,52.13,51.25,51.56,4526400
2024-04-12T14:00:00Z,51.56,51.77,51.33,51.34,1911600
2024-04-12T15:00:00Z,51.35,51.89,51.15,51.68,1457000
2024-04-12T16:00:00Z,51.67,51.76,51.04,51.05,2032400
2024-04-12T17:00:00Z,51.05,51.19,50.55,50.93,1581100
2024-04-12T18:00:00Z,50.93,51.06,50.61,50.69,1804100
2024-04-12T19:00:00Z,50.68,50.94,50.44,50.94,2287000
2024-04-15T13:00:00Z,50.98,50.98,50.2,50.77,960300
2024-04-15T14:00:00Z,50.76,50.92,50.32,50.66,755900
2024-04-15T15:00:00Z,50.64,50.7,50.49,50.55,569100
2024-04-15T16:00:00Z,50.54,50.56,50.31,50.42,560200
2024-04-15T17:00:00Z,50.43,50.54,49.89,50.14,1008300
2024-04-15T18:00:00Z,50.13,50.32,50.03,50.26,620400
2024-04-15T19:00:00Z,50.26,50.3,50.06,50.17,1219700
2024-04-16T13:00:00Z,49.92,50.31,49.51,49.6,1355500
2024-04-16T14:00:00Z,49.6,50.04,49.6,50.01,1487000
2024-04-16T15:00:00Z,50.02,50.08,49.84,49.96,771000
2024-04-16T16:00:00Z,49.96,50,49.65,49.77,847100
2024-04-16T17:00:00Z,49.76,49.78,49.36,49.56,1063500
2024-04-16T18:00:00Z,49.55,49.79,49.22,49.57,835500
2024-04-16T19:00:00Z,49.57,49.79,49.53,49.64,1016400
2024-04-17T13:00:00Z,49.78,49.78,48.68,49,1912600
2024-04-17T14:00:00Z,48.98,49.2,48.75,49.15,1039200
2024-04-17T15:00:00Z,49.15,49.23,48.98,49.15,735200
2024-04-17T16:00:00Z,49.14,49.14,48.4,48.45,1889300
2024-04-17T17:00:00Z,48.43,48.87,48.42,48.83,663100
2024-04-17T18:00:00Z,48.82,48.94,48.54,48.62,858700
2024-04-17T19:00:00Z,48.62,48.65,48.43,48.54,1072700
2024-04-18T13:00:00Z,48.83,49.72,48.75,49.59,1591000
2024-04-18T14:00:00Z,49.58,49.84,49.43,49.54,927600
2024-04-18T15:00:00Z,49.52,49.7,49.33,49.4,460100
2024-04-18T16:00:00Z,49.39,49.45,49.1,49.22,669700
2024-04-18T17:00:00Z,49.22,49.28,48.9,49.02,891300
2024-04-18T18:00:00Z,49.02,49.11,48.9,48.91,684600
2024-04-18T19:00:00Z,48.92,49.28,48.92,49.21,581700
2024-04-19T13:00:00Z,49.29,49.47,48.98,49.32,948500
2024-04-19T14:00:00Z,49.34,49.39,49.05,49.14,732100
2024-04-19T15:00:00Z,49.12,49.22,48.9,49.01,838900
2024-04-19T16:00:00Z,49.02,49.05,48.55,48.79,911300
2024-04-19T17:00:00Z,48.8,48.84,48.3,48.43,888800
2024-04-19T18:00:00Z,48.43,48.87,48.12,48.83,1164400
2024-04-19T19:00:00Z,48.82,49.06,48.7,48.8,1185300
2024-04-22T13:00:00Z,48.4,48.68,47.69,48.46,1188600
2024-04-22T14:00:00Z,48.46,48.6,48.21,48.26,962800
2024-04-22T15:00:00Z,48.27,48.39,48.12,48.32,1083200
2024-04-22T16:00:00Z,48.33,48.82,48.3,48.68,917200
2024-04-22T17:00:00Z,48.68,48.72,48.3,48.52,766300
2024-04-22T18:00:00Z,48.53,48.75,48.38,48.49,2273300
2024-04-22T19:00:00Z,48.48,48.49,47.92,48.06,1146000
2024-04-23T13:00:00Z,47.5,48.11,47.35,47.97,1454300
2024-04-23T14:00:00Z,47.97,48.29,47.81,47.88,568000
2024-04-23T15:00:00Z,47.88,48.45,47.86,48.1,520100
2024-04-23T16:00:00Z,48.1,48.6,48.1,48.6,688500
2024-04-23T17:00:00Z,48.58,48.78,48.51,48.68,727700
2024-04-23T18:00:00Z,48.67,48.74,48.5,48.71,434500
2024-04-23T19:00:00Z,48.72,49.13,48.7,49.13,2872000
2024-04-24T13:00:00Z,49,49.33,48.68,48.71,666200
2024-04-24T14:00:00Z,48.72,48.87,48.46,48.48,838800
2024-04-24T15:00:00Z,48.48,49.05,48.32,48.45,1956300
2024-04-24T16:00:00Z,48.45,48.55,48.33,48.41,463600
2024-04-24T17:00:00Z,48.4,48.55,48.24,48.4,640200
2024-04-24T18:00:00Z,48.42,48.65,48.31,48.39,587200
2024-04-24T19:00:00Z,48.39,48.42,48.12,48.32,836400
2024-04-25T13:00:00Z,48.32,48.6,47.75,47.97,1695000
2024-04-25T14:00:00Z,47.97,48.51,47.93,48.45,667700
2024-04-25T15:00:00Z,48.48,48.74,48.47,48.6,526000
2024-04-25T16:00:00Z,48.59,48.6,48.33,48.45,377800
2024-04-25T17:00:00Z,48.45,48.84,48.39,48.82,464200
2024-04-25T18:00:00Z,48.81,49.25,48.74,49.05,835100
2024-04-25T19:00:00Z,49.06,49.56,49.02,49.35,1085100
2024-04-26T13:00:00Z,49.6,49.87,49.22,49.58,961900
2024-04-26T14:00:00Z,49.56,49.95,48.95,49.09,1351800
2024-04-26T15:00:00Z,49.12,49.33,49,49.28,436500
2024-04-26T16:00:00Z,49.27,49.47,49.2,49.3,625700
2024-04-26T17:00:00Z,49.3,49.39,49.16,49.21,448200
2024-04-26T18:00:00Z,49.21,49.32,49.1,49.14,496500
2024-04-26T19:00:00Z,49.14,49.35,49.09,49.15,799000
2024-04-29T13:00:00Z,49.2,49.48,48.89,49.28,643100
2024-04-29T14:00:00Z,49.3,49.56,48.98,49.07,817600
2024-04-29T15:00:00Z,49.08,49.24,49,49.13,305500
2024-04-29T16:00:00Z,49.13,49.19,48.91,49.09,363200
2024-04-29T17:00:00Z,49.09,49.16,48.83,48.96,395300
2024-04-29T18:00:00Z,48.96,49.32,48.9,49.24,705900
2024-04-29T19:00:00Z,49.23,49.48,49.1,49.38,684800
2024-04-30T13:00:00Z,49.21,49.43,48.39,48.45,1208200
2024-04-30T14:00:00Z,48.43,48.72,48.25,48.25,1363300
2024-04-30T15:00:00Z,48.26,48.39,48.02,48.12,1014100
2024-04-30T16:00:00Z,48.11,48.31,48,48,1221100
2024-04-30T17:00:00Z,48,48.31,48,48.1,1324600
2024-04-30T18:00:00Z,48.1,48.4,47.98,48.02,1177000
2024-04-30T19:00:00Z,48.03,48.21,47.98,48.14,2156800
2024-05-02T13:00:00Z,48.05,48.08,47.5,47.8,1284400
2024-05-02T14:00:00Z,47.81,47.88,47.26,47.51,1325500
2024-05-02T15:00:00Z,47.52,47.57,47.45,47.51,595900
2024-05-02T16:00:00Z,47.5,47.74,47.4,47.5,1039200
2024-05-02T17:00:00Z,47.52,47.74,47.42,47.52,1245300
2024-05-02T18:00:00Z,47.52,47.67,47.42,47.62,970100
2024-05-02T19:00:00Z,47.63,47.75,47.44,47.55,1239700
2024-05-03T13:00:00Z,47.75,47.79,46.71,46.86,1616700
2024-05-03T14:00:00Z,46.88,47.18,46.65,46.83,2238500
2024-05-03T15:00:00Z,46.84,46.85,46.28,46.39,1317900
2024-05-03T16:00:00Z,46.38,46.82,46.37,46.76,1255000
2024-05-03T17:00:00Z,46.77,47.02,46.71,46.78,1600000
2024-05-03T18:00:00Z,46.79,46.96,46.62,46.72,1068000
2024-05-03T19:00:00Z,46.73,46.77,46.52,46.68,1776300
2024-05-06T13:00:00Z,47.09,47.22,46.58,47.15,1330400
2024-05-06T14:00:00Z,47.14,47.47,46.95,47.3,1125400
2024-05-06T15:00:00Z,47.3,47.46,47.17,47.43,998300
2024-05-06T16:00:00Z,47.43,47.77,47.27,47.45,1363400
2024-05-06T17:00:00Z,47.47,47.78,47.38,47.51,3941800
2024-05-06T18:00:00Z,47.51,47.77,47.43,47.52,730400
2024-05-06T19:00:00Z,47.52,47.53,47.09,47.23,1255900
2024-05-07T13:00:00Z,47.02,47.46,46.77,46.95,553500
2024-05-07T14:00:00Z,46.95,47.25,46.93,47.21,440100
2024-05-07T15:00:00Z,47.21,47.43,47.19,47.31,1336900
2024-05-07T16:00:00Z,47.31,47.32,46.87,47.1,841900
2024-05-07T17:00:00Z,47.08,47.09,46.68,46.72,1014000
2024-05-07T18:00:00Z,46.71,46.84,46.65,46.83,486000
2024-05-07T19:00:00Z,46.82,47.15,46.82,47.12,1120700
2024-05-08T13:00:00Z,47.05,47.63,46.86,47.5,1471100
2024-05-08T14:00:00Z,47.51,47.82,47.36,47.54,931500
2024-05-08T15:00:00Z,47.55,47.58,47.27,47.52,581500
2024-05-08T16:00:00Z,47.52,47.73,47.38,47.58,440800
2024-05-08T17:00:00Z,47.59,47.64,47.38,47.43,390900
2024-05-08T18:00:00Z,47.43,47.44,47.15,47.22,604300
2024-05-08T19:00:00Z,47.23,47.37,46.51,46.55,4656100
2024-05-09T13:00:00Z,46.3,46.78,45.82,46.58,2348900
2024-05-09T14:00:00Z,46.59,47.3,46.58,47.05,1475000
2024-05-09T15:00:00Z,47.05,47.08,46.71,46.77,1059700
2024-05-09T16:00:00Z,46.79,46.96,46.62,46.67,838100
2024-05-09T17:00:00Z,46.7,46.83,46.45,46.72,898900
2024-05-09T18:00:00Z,46.74,47.03,46.67,46.89,902700
2024-05-09T19:00:00Z,46.88,46.9,46.64,46.75,883200
2024-05-10T13:00:00Z,46.78,47.11,46.65,47.03,1095400
2024-05-10T14:00:00Z,47.02,47.15,46.8,47.02,776500
2024-05-10T15:00:00Z,47.02,47.18,46.94,47.06,594700
2024-05-10T16:00:00Z,47.06,47.21,47.02,47.2,380900
2024-05-10T17:00:00Z,47.2,47.28,47.09,47.26,392600
2024-05-10T18:00:00Z,47.26,47.27,47.03,47.12,464800
2024-05-10T19:00:00Z,47.14,47.21,47.04,47.07,1116400
2024-05-13T13:00:00Z,47.28,47.66,47.12,47.51,931200
2024-05-13T14:00:00Z,47.49,47.53,47.02,47.15,571100
2024-05-13T15:00:00Z,47.15,47.3,46.61,46.72,853500
2024-05-13T16:00:00Z,46.73,46.88,46.53,46.76,507900
2024-05-13T17:00:00Z,46.74,46.74,46.27,46.42,744000
2024-05-13T18:00:00Z,46.43,46.66,46.4,46.51,610700
2024-05-13T19:00:00Z,46.51,46.66,46.41,46.41,754400
2024-05-14T13:00:00Z,46,46.08,44.92,45.63,5986400
2024-05-14T14:00:00Z,45.63,46.82,45.42,46.61,4028800
2024-05-14T15:00:00Z,46.59,46.62,46.18,46.32,977500
2024-05-14T16:00:00Z,46.32,46.35,46,46.1,597800
2024-05-14T17:00:00Z,46.1,46.1,45.81,45.83,978000
2024-05-14T18:00:00Z,45.83,45.87,45.52,45.7,1736400
2024-05-14T19:00:00Z,45.7,46.21,45.69,45.93,1251800
2024-05-15T13:00:00Z,46.02,47.3,45.97,46.83,2127200
2024-05-15T14:00:00Z,46.83,46.84,46.47,46.74,772600
2024-05-15T15:00:00Z,46.73,47.09,46.61,46.94,785900
2024-05-15T16:00:00Z,46.94,47.05,46.85,47.02,999500
2024-05-15T17:00:00Z,47.02,47.15,46.71,47.07,1514600
2024-05-15T18:00:00Z,47.09,47.2,46.92,47.12,1563900
2024-05-15T19:00:00Z,47.12,47.25,46.97,47.04,1055700
2024-05-16T13:00:00Z,47.3,47.43,46.7,47.07,979500
2024-05-16T14:00:00Z,47.06,47.34,46.77,47.3,1121500
2024-05-16T15:00:00Z,47.3,47.47,47.25,47.31,671800
2024-05-16T16:00:00Z,47.31,47.54,47.25,47.44,761700
2024-05-16T17:00:00Z,47.43,47.88,47.43,47.85,1477400
2024-05-16T18:00:00Z,47.85,47.99,47.57,47.57,1414500
2024-05-16T19:00:00Z,47.6,47.85,47.45,47.48,2026200
2024-05-17T13:00:00Z,47.4,47.85,47.4,47.57,593700
2024-05-17T14:00:00Z,47.58,47.72,47.35,47.72,1455500
2024-05-17T15:00:00Z,47.72,47.72,47.41,47.44,388600
2024-05-17T16:00:00Z,47.43,47.7,47.42,47.59,946100
2024-05-17T17:00:00Z,47.58,47.79,47.52,47.75,1719900
2024-05-17T18:00:00Z,47.76,48.1,47.63,47.93,1323400
2024-05-17T19:00:00Z,47.93,48.45,47.8,48.29,2907800
2024-05-20T13:00:00Z,47.8,48.43,47.8,48.16,1108600
2024-05-20T14:00:00Z,48.16,48.39,47.91,48.12,1017200
2024-05-20T15:00:00Z,48.12,48.12,47.75,47.76,706000
2024-05-20T16:00:00Z,47.75,47.85,47.55,47.77,539600
2024-05-20T17:00:00Z,47.76,47.88,47.55,47.56,685700
2024-05-20T18:00:00Z,47.55,47.72,47.55,47.65,693900
2024-05-20T19:00:00Z,47.66,47.82,47.52,47.52,1335900
2024-05-21T13:00:00Z,47.19,47.19,46.67,46.72,1787600
2024-05-21T14:00:00Z,46.71,46.89,46.55,46.58,819400
2024-05-21T15:00:00Z,46.59,46.6,46.3,46.32,558700
2024-05-21T16:00:00Z,46.32,46.37,46.07,46.13,582400
2024-05-21T17:00:00Z,46.13,46.28,45.89,46.28,1378200
2024-05-21T18:00:00Z,46.27,46.27,45.97,45.99,1534600
2024-05-21T19:00:00Z,45.98,46.04,45.68,45.97,2139600
2024-05-22T13:00:00Z,45.58,45.65,45.08,45.09,1130900
2024-05-22T14:00:00Z,45.08,45.14,44.64,44.72,1897200
2024-05-22T15:00:00Z,44.73,45.01,44.54,44.67,1900200
2024-05-22T16:00:00Z,44.66,44.79,44.43,44.46,1127000
2024-05-22T17:00:00Z,44.46,44.55,43.93,44.04,1235900
2024-05-22T18:00:00Z,44.04,44.3,43.87,44.18,1721600
2024-05-22T19:00:00Z,44.18,44.29,43.95,44.18,4475400
2024-05-23T13:00:00Z,44.4,44.64,43.82,43.87,1000600
2024-05-23T14:00:00Z,43.86,44.29,43.8,44.26,1362200
2024-05-23T15:00:00Z,44.25,44.39,44.15,44.26,982500
2024-05-23T16:00:00Z,44.26,44.42,44.13,44.33,697900
2024-05-23T17:00:00Z,44.33,44.38,44.23,44.27,1257500
2024-05-23T18:00:00Z,44.26,44.54,44.07,44.36,1152600
2024-05-23T19:00:00Z,44.35,44.61,44.33,44.45,1415500
2024-05-24T13:00:00Z,44.7,44.84,44.1,44.27,853300
2024-05-24T14:00:00Z,44.27,44.48,44.23,44.3,441300
2024-05-24T15:00:00Z,44.3,44.35,43.91,44.07,595400
2024-05-24T16:00:00Z,44.09,44.11,43.93,43.94,606200
2024-05-24T17:00:00Z,43.94,44.04,43.85,43.86,681000
2024-05-24T18:00:00Z,43.86,43.98,43.34,43.45,2184900
2024-05-24T19:00:00Z,43.45,43.65,43.35,43.56,2120700
2024-05-27T13:00:00Z,43.64,43.94,43.55,43.6,530000
2024-05-27T14:00:00Z,43.6,43.72,43.55,43.61,358600
2024-05-27T15:00:00Z,43.61,43.89,43.51,43.83,311600
2024-05-27T16:00:00Z,43.83,43.88,43.61,43.7,1831900
2024-05-27T17:00:00Z,43.7,43.81,43.6,43.61,267500
2024-05-27T18:00:00Z,43.62,43.82,43.57,43.73,290100
2024-05-27T19:00:00Z,43.73,43.82,43.65,43.71,399400
2024-05-28T13:00:00Z,44.19,44.35,43.78,43.9,714100
2024-05-28T14:00:00Z,43.91,44,43.5,43.69,659000
2024-05-28T15:00:00Z,43.68,44.17,43.67,43.83,1209000
2024-05-28T16:00:00Z,43.84,43.88,43.65,43.69,590600
2024-05-28T17:00:00Z,43.69,43.77,43.41,43.42,851200
2024-05-28T18:00:00Z,43.42,43.96,43.12,43.18,930800
2024-05-28T19:00:00Z,43.18,43.38,43.08,43.27,1323500
2024-05-29T13:00:00Z,43.15,43.16,42.42,42.56,1224000
2024-05-29T14:00:00Z,42.56,42.66,42.3,42.4,1151600
2024-05-29T15:00:00Z,42.4,42.48,42.11,42.16,857900
2024-05-29T16:00:00Z,42.15,42.26,42.08,42.17,900200
2024-05-29T17:00:00Z,42.17,42.19,41.95,41.99,878000
2024-05-29T18:00:00Z,41.98,42.61,41.96,42.44,2490800
2024-05-29T19:00:00Z,42.44,42.45,42.25,42.32,1214900
2024-05-31T13:00:00Z,42.11,42.58,42.05,42.09,1162000
2024-05-31T14:00:00Z,42.09,42.16,41.9,42.14,1070200
2024-05-31T15:00:00Z,42.14,42.22,41.73,41.76,1430100
2024-05-31T16:00:00Z,41.74,41.84,41.53,41.6,1498500
2024-05-31T17:00:00Z,41.6,41.68,41.46,41.64,1613200
2024-05-31T18:00:00Z,41.64,41.72,41.39,41.42,1650000
2024-05-31T19:00:00Z,41.42,41.69,41.39,41.54,1651100
2024-06-03T13:00:00Z,41.69,41.94,40.96,40.99,1370900
2024-06-03T14:00:00Z,40.99,41.33,40.71,41.19,1051600
2024-06-03T15:00:00Z,41.18,41.41,41.13,41.35,586400
2024-06-03T16:00:00Z,41.35,41.37,41.2,41.27,319600
2024-06-03T17:00:00Z,41.27,41.38,41.12,41.23,452200
2024-06-03T18:00:00Z,41.23,41.37,41.17,41.23,483000
2024-06-03T19:00:00Z,41.22,41.26,41.01,41.17,948000
2024-06-04T13:00:00Z,40.6,40.6,39.52,39.65,3980700
2024-06-04T14:00:00Z,39.69,40,39.29,39.82,4632600
2024-06-04T15:00:00Z,39.83,40.57,39.82,40.29,1848700
2024-06-04T16:00:00Z,40.3,40.93,40.29,40.83,1804300
2024-06-04T17:00:00Z,40.83,40.88,40.45,40.58,1730200
2024-06-04T18:00:00Z,40.59,40.84,40.55,40.67,1524000
2024-06-04T19:00:00Z,40.68,41.1,40.67,40.88,1656100
2024-06-05T13:00:00Z,41.1,41.68,40.63,40.84,1762900
2024-06-05T14:00:00Z,40.83,41.1,40.68,40.81,1797300
2024-06-05T15:00:00Z,40.82,40.95,40.7,40.83,1100500
2024-06-05T16:00:00Z,40.84,40.93,40.55,40.89,1773500
2024-06-05T17:00:00Z,40.89,41.03,40.89,40.91,898500
2024-06-05T18:00:00Z,40.91,40.93,40.3,40.34,1683100
2024-06-05T19:00:00Z,40.33,40.38,39.89,40.14,3262300
2024-06-06T13:00:00Z,39.87,40.25,39.79,40,1355200
2024-06-06T14:00:00Z,40.01,40.4,40,40.37,1273800
2024-06-06T15:00:00Z,40.37,40.49,40.15,40.28,1401700
2024-06-06T16:00:00Z,40.27,40.29,39.85,39.88,915000
2024-06-06T17:00:00Z,39.88,40.16,39.87,40.15,1172600
2024-06-06T18:00:00Z,40.17,40.26,40.09,40.15,865800
2024-06-06T19:00:00Z,40.15,40.18,40.05,40.14,1072500
2024-06-07T13:00:00Z,39.71,40.03,39.49,39.64,1481200
2024-06-07T14:00:00Z,39.65,40.15,39.54,40.12,1367300
2024-06-07T15:00:00Z,40.11,40.38,40.06,40.27,1128900
2024-06-07T16:00:00Z,40.27,40.57,40.23,40.41,1157000
2024-06-07T17:00:00Z,40.41,40.48,40.07,40.14,963600
2024-06-07T18:00:00Z,40.15,40.34,39.89,40.04,1348800
2024-06-07T19:00:00Z,40.03,40.11,39.85,39.89,1618700
2024-06-10T13:00:00Z,40.03,41.07,39.95,40.88,2525500
2024-06-10T14:00:00Z,40.86,41.24,40.75,40.9,1300100
2024-06-10T15:00:00Z,40.9,41.06,40.52,40.89,945700
2024-06-10T16:00:00Z,40.9,40.9,40.61,40.74,586200
2024-06-10T17:00:00Z,40.71,41.45,40.7,41.25,2242900
2024-06-10T18:00:00Z,41.27,41.28,40.76,40.78,1375700
2024-06-10T19:00:00Z,40.78,41.03,40.66,40.76,1358300
2024-06-11T13:00:00Z,41.05,42.05,40.94,41.97,3313400
2024-06-11T14:00:00Z,42,42.48,41.95,42.23,2380800
2024-06-11T15:00:00Z,42.24,42.46,42.13,42.39,1149200
2024-06-11T16:00:00Z,42.4,42.78,42.3,42.46,1473700
2024-06-11T17:00:00Z,42.46,42.64,42.27,42.36,1288700
2024-06-11T18:00:00Z,42.35,42.54,42.31,42.5,960900
2024-06-11T19:00:00Z,42.5,42.77,42.45,42.58,1741600
2024-06-12T13:00:00Z,42.9,43.5,42.51,42.72,3310100
2024-06-12T14:00:00Z,42.69,43.13,42.68,42.96,2348800
2024-06-12T15:00:00Z,42.94,43.16,42.88,43.16,1596500
2024-06-12T16:00:00Z,43.15,43.23,43.01,43.16,818500
2024-06-12T17:00:00Z,43.17,43.25,42.96,43.02,1521200
2024-06-12T18:00:00Z,43.03,43.16,42.61,42.75,2709200
2024-06-12T19:00:00Z,42.78,42.93,42.54,42.75,2539300
2024-06-13T13:00:00Z,42.61,42.96,42.03,42.12,1836400
2024-06-13T14:00:00Z,42.12,42.27,41.78,42.2,1215800
2024-06-13T15:00:00Z,42.19,42.35,42.08,42.15,506500
2024-06-13T16:00:00Z,42.15,42.26,42,42.21,575200
2024-06-13T17:00:00Z,42.2,42.2,41.9,41.94,1227600
2024-06-13T18:00:00Z,41.94,42.12,41.88,42.09,671600
2024-06-13T19:00:00Z,42.09,42.14,42,42.05,803900
2024-06-14T13:00:00Z,42.05,42.11,41.8,41.92,1003900
2024-06-14T14:00:00Z,41.92,42.18,41.82,42.13,1292300
2024-06-14T15:00:00Z,42.13,42.22,41.92,42.09,521200
2024-06-14T16:00:00Z,42.08,42.1,41.96,41.99,189000
2024-06-14T17:00:00Z,42.01,42.06,41.71,41.75,437100
2024-06-14T18:00:00Z,41.75,42.28,41.72,42.25,1098200
2024-06-14T19:00:00Z,42.25,42.33,42,42.02,851700
2024-06-17T13:00:00Z,41.89,42.3,41.64,41.76,841200
2024-06-17T14:00:00Z,41.76,41.78,41.42,41.52,863500
2024-06-17T15:00:00Z,41.52,41.54,41.26,41.51,1622600
2024-06-17T16:00:00Z,41.5,42.16,41.5,42.11,538900
2024-06-17T17:00:00Z,42.1,42.13,41.64,42,754100
2024-06-17T18:00:00Z,41.99,42.14,41.84,41.92,1114700
2024-06-17T19:00:00Z,41.93,42.05,41.86,41.86,1228500
2024-06-18T13:00:00Z,41.7,41.83,41.27,41.71,1194400
2024-06-18T14:00:00Z,41.71,42.05,41.34,41.77,3376100
2024-06-18T15:00:00Z,41.75,41.79,41.6,41.6,531700
2024-06-18T16:00:00Z,41.6,41.62,41.34,41.45,693100
2024-06-18T17:00:00Z,41.44,41.5,41.32,41.38,976600
2024-06-18T18:00:00Z,41.4,41.45,41.2,41.31,803200
2024-06-18T19:00:00Z,41.32,41.33,41.09,41.23,1903700
2024-06-19T13:00:00Z,41.11,41.44,41.06,41.16,430600
2024-06-19T14:00:00Z,41.11,41.23,40.82,40.86,653500
2024-06-19T15:00:00Z,40.87,41.04,40.67,40.9,682500
2024-06-19T16:00:00Z,40.9,41,40.88,40.92,296200
2024-06-19T17:00:00Z,40.94,41.21,40.89,41.08,520000
2024-06-19T18:00:00Z,41.07,41.32,41.07,41.23,905000
2024-06-19T19:00:00Z,41.23,41.55,41.18,41.37,991000
2024-06-20T13:00:00Z,41.65,41.9,41.38,41.72,737300
2024-06-20T14:00:00Z,41.75,41.79,41.14,41.32,883200
2024-06-20T15:00:00Z,41.32,41.37,41.02,41.08,609500
2024-06-20T16:00:00Z,41.08,41.1,40.92,40.97,385900
2024-06-20T17:00:00Z,41,41.31,40.96,41.18,514100
2024-06-20T18:00:00Z,41.2,41.27,41,41.13,450600
2024-06-20T19:00:00Z,41.12,41.2,40.88,40.93,1274100
2024-06-21T13:00:00Z,40.99,41.44,40.9,41.37,698100
2024-06-21T14:00:00Z,41.37,41.38,41.08,41.12,575100
2024-06-21T15:00:00Z,41.13,41.17,40.9,41.05,649300
2024-06-21T16:00:00Z,41.04,41.28,41.02,41.19,799700
2024-06-21T17:00:00Z,41.17,41.45,41.12,41.4,1955200
2024-06-21T18:00:00Z,41.4,41.75,41.4,41.66,2954000
2024-06-21T19:00:00Z,41.65,41.73,41.31,41.34,2612800
2024-06-24T13:00:00Z,41.42,41.69,41.25,41.66,877800
2024-06-24T14:00:00Z,41.66,41.87,41.56,41.84,889100
2024-06-24T15:00:00Z,41.84,41.98,41.75,41.91,532400
2024-06-24T16:00:00Z,41.92,42.04,41.84,41.88,287700
2024-06-24T17:00:00Z,41.88,42.07,41.8,42.07,375200
2024-06-24T18:00:00Z,42.06,42.2,41.93,41.94,472800
2024-06-24T19:00:00Z,41.95,42.28,41.95,42.11,797700
2024-06-25T13:00:00Z,42.11,42.25,41.66,41.74,627400
2024-06-25T14:00:00Z,41.74,41.8,41.57,41.75,458800
2024-06-25T15:00:00Z,41.75,41.93,41.7,41.79,507600
2024-06-25T16:00:00Z,41.8,41.99,41.77,41.98,438600
2024-06-25T17:00:00Z,41.97,42.13,41.88,42.11,457500
2024-06-25T18:00:00Z,42.11,42.16,41.92,41.93,577100
2024-06-25T19:00:00Z,41.94,41.96,41.79,41.95,548000
2024-06-26T13:00:00Z,41.89,42.69,41.7,42.31,1513900
2024-06-26T14:00:00Z,42.32,43.2,42.25,42.96,1807600
2024-06-26T15:00:00Z,42.96,43.1,42.9,43.04,594900
2024-06-26T16:00:00Z,43.02,43.33,43.02,43.26,542800
2024-06-26T17:00:00Z,43.28,43.39,43.19,43.2,478000
2024-06-26T18:00:00Z,43.2,43.29,42.97,43.03,610700
2024-06-26T19:00:00Z,43.03,43.24,42.95,43.19,2587100
2024-06-27T13:00:00Z,43.48,43.66,42.8,42.96,1207500
2024-06-27T14:00:00Z,42.94,43.06,42.63,42.73,975700
2024-06-27T15:00:00Z,42.74,42.95,42.72,42.93,427500
2024-06-27T16:00:00Z,42.93,42.93,42.56,42.66,1431400
2024-06-27T17:00:00Z,42.66,43.02,42.62,43.02,621400
2024-06-27T18:00:00Z,43.01,43.51,42.97,43.43,889000
2024-06-27T19:00:00Z,43.44,43.53,43.18,43.18,1499600
2024-06-28T13:00:00Z,43.32,44.02,43.23,43.55,1115600
2024-06-28T14:00:00Z,43.55,43.83,43.15,43.78,960600
2024-06-28T15:00:00Z,43.77,43.95,43.67,43.87,556700
2024-06-28T16:00:00Z,43.88,44.1,43.74,44.04,919200
2024-06-28T17:00:00Z,44.03,44.15,43.92,44.01,681600
2024-06-28T18:00:00Z,44.01,44.09,43.8,44,590500
2024-06-28T19:00:00Z,44,44.04,43.71,43.85,1113000
2024-07-01T13:00:00Z,43.83,44.35,43.76,44.23,905000
2024-07-01T14:00:00Z,44.24,44.42,43.8,44.31,1702100
2024-07-01T15:00:00Z,44.31,44.79,44.27,44.75,983800
2024-07-01T16:00:00Z,44.75,44.95,44.64,44.8,855200
2024-07-01T17:00:00Z,44.79,45.1,44.63,45.03,1258300
2024-07-01T18:00:00Z,45.03,45.26,44.67,45.17,1454100
2024-07-01T19:00:00Z,45.16,45.54,44.96,45.15,2856800
2024-07-02T13:00:00Z,45.36,46.25,45.17,46.15,2422300
2024-07-02T14:00:00Z,46.12,46.3,46.08,46.21,1958600
2024-07-02T15:00:00Z,46.2,46.24,45.9,46.01,1723200
2024-07-02T16:00:00Z,46.02,46.06,45.53,45.63,1130900
2024-07-02T17:00:00Z,45.64,45.84,45.47,45.65,707200
2024-07-02T18:00:00Z,45.66,45.99,45.66,45.77,1142400
2024-07-02T19:00:00Z,45.77,45.98,45.69,45.84,1004600
2024-07-03T13:00:00Z,45.94,46.36,45.86,46.32,811300
2024-07-03T14:00:00Z,46.32,46.67,46.3,46.37,1058200
2024-07-03T15:00:00Z,46.37,46.41,46.15,46.21,744300
2024-07-03T16:00:00Z,46.21,46.6,46.12,46.56,891700
2024-07-03T17:00:00Z,46.56,46.56,46.34,46.49,296700
2024-07-03T18:00:00Z,46.49,46.58,46.31,46.36,437400
2024-07-03T19:00:00Z,46.35,46.37,46.1,46.13,867100
2024-07-04T13:00:00Z,45.95,46.14,45.43,45.52,938300
2024-07-04T14:00:00Z,45.53,46.64,45.46,46.42,1624300
2024-07-04T15:00:00Z,46.4,46.86,46.39,46.81,552100
2024-07-04T16:00:00Z,46.82,46.85,46.5,46.55,693900
2024-07-04T17:00:00Z,46.57,46.7,46.34,46.37,552100
2024-07-04T18:00:00Z,46.37,46.49,45.84,46.07,958300
2024-07-04T19:00:00Z,46.07,46.43,46.06,46.29,724200
2024-07-05T13:00:00Z,46.35,46.48,46.02,46.24,1033500
2024-07-05T14:00:00Z,46.23,46.31,45.88,46.25,784100
2024-07-05T15:00:00Z,46.25,46.3,46.11,46.19,454100
2024-07-05T16:00:00Z,46.17,46.2,45.91,45.93,402200
2024-07-05T17:00:00Z,45.94,46.14,45.93,46.12,501000
2024-07-05T18:00:00Z,46.12,46.5,45.97,46.5,845100
2024-07-05T19:00:00Z,46.49,46.66,46.4,46.52,820700
2024-07-08T13:00:00Z,46.37,46.65,45.76,45.97,745100
2024-07-08T14:00:00Z,45.98,46.07,45.65,45.68,482900
2024-07-08T15:00:00Z,45.69,45.77,45.46,45.61,887500
2024-07-08T16:00:00Z,45.61,45.61,45.29,45.35,502300
2024-07-08T17:00:00Z,45.35,45.35,45.05,45.24,829000
2024-07-08T18:00:00Z,45.24,45.44,45.21,45.39,652400
2024-07-08T19:00:00Z,45.39,45.45,45.28,45.3,896400
2024-07-09T13:00:00Z,45.16,45.21,44.74,45.12,805500
2024-07-09T14:00:00Z,45.13,45.53,45,45.33,540100
2024-07-09T15:00:00Z,45.37,45.38,44.91,45.14,270700
2024-07-09T16:00:00Z,45.15,45.4,45.04,45.31,362300
2024-07-09T17:00:00Z,45.34,45.65,45.3,45.53,407400
2024-07-09T18:00:00Z,45.55,45.64,45.47,45.54,230700
2024-07-09T19:00:00Z,45.54,45.62,45.42,45.45,419200
2024-07-10T13:00:00Z,45.41,45.58,44.91,45.02,947900
2024-07-10T14:00:00Z,45.07,45.37,44.8,45.22,766000
2024-07-10T15:00:00Z,45.24,45.39,45.11,45.27,548800
2024-07-10T16:00:00Z,45.27,45.9,45.21,45.65,1295500
2024-07-10T17:00:00Z,45.65,45.77,45.37,45.51,749100
2024-07-10T18:00:00Z,45.51,45.65,45.4,45.59,630300
2024-07-10T19:00:00Z,45.56,45.6,45.42,45.43,451800
2024-07-11T13:00:00Z,45.48,45.77,45.25,45.37,471300
2024-07-11T14:00:00Z,45.36,45.48,45.18,45.4,815000
2024-07-11T15:00:00Z,45.39,45.42,45.12,45.14,256200
2024-07-11T16:00:00Z,45.15,45.16,44.94,45,415800
2024-07-11T17:00:00Z,45,45.08,44.88,45.02,529400
2024-07-11T18:00:00Z,45.01,45.35,44.94,45.33,514100
2024-07-11T19:00:00Z,45.33,45.38,45.16,45.28,863200
2024-07-12T13:00:00Z,45.38,45.74,45.38,45.5,604400
2024-07-12T14:00:00Z,45.51,45.94,45.44,45.89,789200
2024-07-12T15:00:00Z,45.89,45.98,45.75,45.94,650700
2024-07-12T16:00:00Z,45.95,45.95,45.73,45.82,224800
2024-07-12T17:00:00Z,45.8,45.84,45.71,45.8,140500
2024-07-12T18:00:00Z,45.79,45.84,45.61,45.71,231000
2024-07-12T19:00:00Z,45.73,45.89,45.66,45.82,482700
2024-07-15T13:00:00Z,45.59,45.84,45.55,45.82,243600
2024-07-15T14:00:00Z,45.84,46.13,45.7,46.13,481200
2024-07-15T15:00:00Z,46.13,46.8,46.08,46.63,1413300
2024-07-15T16:00:00Z,46.62,46.82,46.48,46.6,1551000
2024-07-15T17:00:00Z,46.61,46.65,46.44,46.51,684000
2024-07-15T18:00:00Z,46.51,46.53,46.3,46.47,418700
2024-07-15T19:00:00Z,46.47,46.54,46.31,46.42,757200
2024-07-16T13:00:00Z,46.16,46.41,46.15,46.33,385500
2024-07-16T14:00:00Z,46.34,46.37,46.06,46.24,644100
2024-07-16T15:00:00Z,46.22,46.25,45.94,45.99,317200
2024-07-16T16:00:00Z,45.99,46.07,45.76,45.84,348700
2024-07-16T17:00:00Z,45.85,45.9,45.63,45.66,359400
2024-07-16T18:00:00Z,45.67,45.78,45.61,45.65,365700
2024-07-16T19:00:00Z,45.66,45.73,45.57,45.63,669500
2024-07-17T13:00:00Z,45.8,45.98,45.66,45.85,538900
2024-07-17T14:00:00Z,45.84,45.86,45.62,45.76,324200
2024-07-17T15:00:00Z,45.76,45.86,45.7,45.79,281800
2024-07-17T16:00:00Z,45.8,45.9,45.69,45.89,217600
2024-07-17T17:00:00Z,45.9,45.92,45.67,45.76,687200
2024-07-17T18:00:00Z,45.76,45.86,45.7,45.83,621400
2024-07-17T19:00:00Z,45.83,46.09,45.8,46.02,870900
2024-07-18T13:00:00Z,46.12,46.75,46.03,46.11,805900
2024-07-18T14:00:00Z,46.12,46.2,45.85,45.87,491400
2024-07-18T15:00:00Z,45.87,45.96,45.66,45.87,710500
2024-07-18T16:00:00Z,45.87,45.95,45.7,45.71,616000
2024-07-18T17:00:00Z,45.7,45.74,45.43,45.54,526100
2024-07-18T18:00:00Z,45.54,45.62,45.19,45.22,666100
2024-07-18T19:00:00Z,45.22,45.36,45.09,45.29,950400
2024-07-19T13:00:00Z,45.48,45.58,45.21,45.57,275900
2024-07-19T14:00:00Z,45.55,45.65,45.35,45.64,347800
2024-07-19T15:00:00Z,45.62,45.76,45.37,45.45,362800
2024-07-19T16:00:00Z,45.47,45.51,45.24,45.27,440900
2024-07-19T17:00:00Z,45.24,45.44,45.11,45.39,468300
2024-07-19T18:00:00Z,45.39,45.56,45.3,45.33,532900
2024-07-19T19:00:00Z,45.35,45.49,45.31,45.4,831600
2024-07-22T13:00:00Z,45.25,45.37,44.94,45,458400
2024-07-22T14:00:00Z,45,45.28,44.94,45.28,328900
2024-07-22T15:00:00Z,45.27,45.27,44.87,44.88,473600
2024-07-22T16:00:00Z,44.88,44.98,44.76,44.8,286000
2024-07-22T17:00:00Z,44.79,44.88,44.68,44.82,333300
2024-07-22T18:00:00Z,44.81,45,44.76,44.98,301500
2024-07-22T19:00:00Z,44.98,44.99,44.81,44.86,318000
2024-07-23T13:00:00Z,44.5,44.6,44.06,44.51,1078600
2024-07-23T14:00:00Z,44.5,44.58,43.95,44.05,1058700
2024-07-23T15:00:00Z,44.06,44.19,44.03,44.15,382500
2024-07-23T16:00:00Z,44.17,44.18,43.87,43.87,445100
2024-07-23T17:00:00Z,43.89,43.99,43.67,43.7,674700
2024-07-23T18:00:00Z,43.7,43.9,43.62,43.9,664300
2024-07-23T19:00:00Z,43.9,44.01,43.74,43.89,904600
2024-07-24T13:00:00Z,43.99,44.74,43.81,44.44,2903700
2024-07-24T14:00:00Z,44.43,45.15,44.42,44.79,3115300
2024-07-24T15:00:00Z,44.83,45.55,44.75,45.48,3744300
2024-07-24T16:00:00Z,45.5,45.6,45.37,45.41,824700
2024-07-24T17:00:00Z,45.41,45.9,45.33,45.86,1362800
2024-07-24T18:00:00Z,45.88,46.09,45.65,46,1449000
2024-07-24T19:00:00Z,46.01,46.28,46,46.15,2138500
2024-07-25T13:00:00Z,45.5,45.91,45.24,45.42,1428800
2024-07-25T14:00:00Z,45.42,45.8,45.26,45.54,708300
2024-07-25T15:00:00Z,45.53,45.59,45.36,45.41,656600
2024-07-25T16:00:00Z,45.41,45.5,45.21,45.45,454400
2024-07-25T17:00:00Z,45.45,45.66,45.38,45.63,731200
2024-07-25T18:00:00Z,45.62,45.7,45.5,45.69,1291100
2024-07-25T19:00:00Z,45.69,45.88,45.62,45.87,870300
2024-07-26T13:00:00Z,45.88,46.66,45.82,46.31,1315800
2024-07-26T14:00:00Z,46.3,46.59,46.07,46.45,1672600
2024-07-26T15:00:00Z,46.45,46.98,46.34,46.82,2202500
2024-07-26T16:00:00Z,46.82,47.49,46.8,47.44,1051300
2024-07-26T17:00:00Z,47.43,47.79,47.28,47.74,1223100
2024-07-26T18:00:00Z,47.74,47.88,47.7,47.78,678600
2024-07-26T19:00:00Z,47.78,47.89,47.63,47.75,1048600
2024-07-29T13:00:00Z,47.62,48.68,47.62,47.95,2289500
2024-07-29T14:00:00Z,47.93,47.93,47.05,47.1,1711900
2024-07-29T15:00:00Z,47.09,47.32,47,47.2,637300
2024-07-29T16:00:00Z,47.19,47.39,47.02,47.03,364700
2024-07-29T17:00:00Z,47.04,47.65,46.91,47.62,1263900
2024-07-29T18:00:00Z,47.64,47.69,47.03,47.1,885900
2024-07-29T19:00:00Z,47.13,47.36,47.1,47.26,1675600
2024-07-30T13:00:00Z,47.28,48.17,47.25,48.17,1047800
2024-07-30T14:00:00Z,48.15,48.17,47.48,47.58,1184900
2024-07-30T15:00:00Z,47.57,47.6,47.29,47.44,510400
2024-07-30T16:00:00Z,47.44,47.51,47.04,47.12,509200
2024-07-30T17:00:00Z,47.16,47.36,47.1,47.31,478600
2024-07-30T18:00:00Z,47.31,47.44,47.21,47.23,614200
2024-07-30T19:00:00Z,47.23,47.3,46.81,46.85,922800
2024-07-31T13:00:00Z,47.96,48.2,47.31,47.42,1607100
2024-07-31T14:00:00Z,47.39,47.6,47.33,47.46,440600
2024-07-31T15:00:00Z,47.44,47.56,47.33,47.48,288000
2024-07-31T16:00:00Z,47.48,47.51,47.33,47.41,286200
2024-07-31T17:00:00Z,47.4,47.74,47.36,47.74,669700
2024-07-31T18:00:00Z,47.74,48.03,47.61,48,804800
2024-07-31T19:00:00Z,47.97,48.2,47.73,48.03,1679000
2024-08-01T13:00:00Z,48.41,49.15,48.1,49.07,2564000
2024-08-01T14:00:00Z,49.08,49.15,48.6,48.69,1711100
2024-08-01T15:00:00Z,48.68,48.86,48.32,48.68,935100
2024-08-01T16:00:00Z,48.68,48.78,48.17,48.41,1252600
2024-08-01T17:00:00Z,48.4,48.58,48.29,48.5,942800
2024-08-01T18:00:00Z,48.5,48.57,47.63,47.7,1317600
2024-08-01T19:00:00Z,47.7,47.99,47.52,47.99,1202500
2024-08-02T13:00:00Z,47.8,48.01,46.93,47.09,1067700
2024-08-02T14:00:00Z,47.13,47.15,45.94,46.29,1950400
2024-08-02T15:00:00Z,46.29,46.55,46.23,46.53,1113900
2024-08-02T16:00:00Z,46.54,46.86,46.2,46.21,693400
2024-08-02T17:00:00Z,46.23,46.51,46.02,46.07,1095800
2024-08-02T18:00:00Z,46.06,46.26,45.85,45.97,1666500
2024-08-02T19:00:00Z,45.98,46.15,45.82,46.01,2833700
2024-08-05T13:00:00Z,44.6,45.23,44.6,44.84,4891900
2024-08-05T14:00:00Z,44.83,44.96,44.49,44.66,1512600
2024-08-05T15:00:00Z,44.67,45.51,44.66,45.25,1311800
2024-08-05T16:00:00Z,45.25,45.56,45.24,45.25,875200
2024-08-05T17:00:00Z,45.24,45.38,44.99,45.06,714600
2024-08-05T18:00:00Z,45.06,45.16,44.92,45,695600
2024-08-05T19:00:00Z,45.01,45.18,44.86,45.18,994000
2024-08-06T13:00:00Z,43.95,44.39,43.33,43.94,5239100
2024-08-06T14:00:00Z,43.92,44.28,43.76,44.09,1179200
2024-08-06T15:00:00Z,44.09,44.12,43.78,43.96,825700
2024-08-06T16:00:00Z,43.95,44.28,43.84,44.16,658600
2024-08-06T17:00:00Z,44.16,44.3,43.63,43.65,1008300
2024-08-06T18:00:00Z,43.64,43.93,43.64,43.77,946900
2024-08-06T19:00:00Z,43.75,43.79,43.32,43.35,1768500
2024-08-07T13:00:00Z,45.06,45.39,44.8,45.14,2768400
2024-08-07T14:00:00Z,45.14,45.17,44.63,44.82,1129300
2024-08-07T15:00:00Z,44.8,44.93,44.71,44.85,472400
2024-08-07T16:00:00Z,44.84,44.85,44.33,44.48,697800
2024-08-07T17:00:00Z,44.46,44.55,44.16,44.43,838800
2024-08-07T18:00:00Z,44.43,44.75,44.41,44.74,1260900
2024-08-07T19:00:00Z,44.75,44.98,44.59,44.86,1483500
2024-08-08T13:00:00Z,44.99,45.3,44.55,45.26,853700
2024-08-08T14:00:00Z,45.25,45.68,45.15,45.65,661000
2024-08-08T15:00:00Z,45.64,45.99,45.57,45.93,497300
2024-08-08T16:00:00Z,45.93,46.02,45.78,45.88,428700
2024-08-08T17:00:00Z,45.88,45.98,45.71,45.75,656900
2024-08-08T18:00:00Z,45.75,46.38,45.72,46.2,1910400
2024-08-08T19:00:00Z,46.2,46.46,46.18,46.3,856700
2024-08-09T13:00:00Z,48.1,49.15,48,48.25,5649200
2024-08-09T14:00:00Z,48.28,48.73,48.01,48.55,2268700
2024-08-09T15:00:00Z,48.56,48.87,48.52,48.56,1033700
2024-08-09T16:00:00Z,48.56,48.68,48.43,48.64,688400
2024-08-09T17:00:00Z,48.63,48.69,48.21,48.21,865100
2024-08-09T18:00:00Z,48.21,48.41,48.08,48.2,1644100
2024-08-09T19:00:00Z,48.2,48.23,47.7,47.92,1626100
2024-08-12T13:00:00Z,48,48.43,47.71,48.13,969000
2024-08-12T14:00:00Z,48.14,48.35,47.79,47.87,647300
2024-08-12T15:00:00Z,47.87,48.24,47.82,48.16,674900
2024-08-12T16:00:00Z,48.16,48.53,48.04,48.47,556100
2024-08-12T17:00:00Z,48.48,48.89,48.27,48.6,1298700
2024-08-12T18:00:00Z,48.62,48.76,48.44,48.59,687400
2024-08-12T19:00:00Z,48.59,48.88,48.39,48.68,976700
2024-08-13T13:00:00Z,49,49.43,48.62,49.11,1489800
2024-08-13T14:00:00Z,49.1,49.23,48.87,49.14,1310300
2024-08-13T15:00:00Z,49.14,49.24,48.48,48.6,1011600
2024-08-13T16:00:00Z,48.6,48.95,48.56,48.86,475100
2024-08-13T17:00:00Z,48.84,49.15,48.84,48.95,1408400
2024-08-13T18:00:00Z,48.95,49.15,48.91,49.11,700300
2024-08-13T19:00:00Z,49.11,49.15,48.85,49.01,1752000
2024-08-14T13:00:00Z,49.25,49.83,48.85,48.92,1288000
2024-08-14T14:00:00Z,48.92,49.22,48.86,49.05,843100
2024-08-14T15:00:00Z,49.06,49.28,48.94,49.24,896300
2024-08-14T16:00:00Z,49.24,49.47,49.05,49.45,829800
2024-08-14T17:00:00Z,49.46,49.8,49.42,49.55,1152800
2024-08-14T18:00:00Z,49.56,49.75,49.42,49.67,863300
2024-08-14T19:00:00Z,49.68,49.89,49.61,49.82,1590700
2024-08-15T13:00:00Z,49.85,50.12,49.24,49.29,1591000
2024-08-15T14:00:00Z,49.3,49.35,49.08,49.31,1004800
2024-08-15T15:00:00Z,49.32,49.35,49.13,49.19,886200
2024-08-15T16:00:00Z,49.18,49.31,49.15,49.24,2159600
2024-08-15T17:00:00Z,49.24,49.5,49.12,49.25,488500
2024-08-15T18:00:00Z,49.25,49.32,48.81,48.97,646600
2024-08-15T19:00:00Z,48.97,49.07,48.73,48.89,1059400
2024-08-16T13:00:00Z,48.25,48.7,47.75,48.66,1495000
2024-08-16T14:00:00Z,48.66,48.8,48.25,48.27,961700
2024-08-16T15:00:00Z,48.26,48.5,48.14,48.47,830000
2024-08-16T16:00:00Z,48.47,48.65,48.44,48.65,461000
2024-08-16T17:00:00Z,48.61,48.73,48.34,48.6,988300
2024-08-16T18:00:00Z,48.56,48.92,48.53,48.87,1406700
2024-08-16T19:00:00Z,48.84,49.71,48.81,49.3,4367700
2024-08-19T13:00:00Z,49.61,49.65,48.65,48.82,1092700
2024-08-19T14:00:00Z,48.81,48.86,48.15,48.22,1502500
2024-08-19T15:00:00Z,48.22,48.34,47.77,47.84,2749500
2024-08-19T16:00:00Z,47.84,48.23,47.64,48.1,1395700
2024-08-19T17:00:00Z,48.1,48.44,47.94,48.24,1661800
2024-08-19T18:00:00Z,48.24,48.27,47.99,48.1,947800
2024-08-19T19:00:00Z,48.07,48.25,48.03,48.09,1205800
2024-08-20T13:00:00Z,47.93,48.1,47.55,47.77,1012400
2024-08-20T14:00:00Z,47.78,47.85,47.35,47.6,968400
2024-08-20T15:00:00Z,47.61,47.63,47.32,47.52,659500
2024-08-20T16:00:00Z,47.54,47.85,47.53,47.76,413400
2024-08-20T17:00:00Z,47.77,47.88,47.66,47.86,443100
2024-08-20T18:00:00Z,47.88,48.2,47.86,48.02,480600
2024-08-20T19:00:00Z,48.02,48.06,47.9,47.95,467800
2024-08-21T13:00:00Z,47.82,48.17,47.76,47.76,714100
2024-08-21T14:00:00Z,47.76,47.98,47.58,47.61,603600
2024-08-21T15:00:00Z,47.62,47.64,47.4,47.45,560600
2024-08-21T16:00:00Z,47.44,47.52,47.36,47.4,317900
2024-08-21T17:00:00Z,47.4,47.41,46.83,46.87,991000
2024-08-21T18:00:00Z,46.86,46.93,46.73,46.92,1030300
2024-08-21T19:00:00Z,46.93,47.1,46.78,46.82,1634500
2024-08-22T13:00:00Z,46.7,47.01,46.51,46.94,1296500
2024-08-22T14:00:00Z,46.93,47.11,46.68,47.06,1366100
2024-08-22T15:00:00Z,47.08,47.1,46.74,46.81,497000
2024-08-22T16:00:00Z,46.79,46.92,46.74,46.85,293200
2024-08-22T17:00:00Z,46.85,47.06,46.83,46.99,410800
2024-08-22T18:00:00Z,46.97,47.2,46.91,47.13,869900
2024-08-22T19:00:00Z,47.12,47.13,46.81,46.81,1178300
2024-08-23T13:00:00Z,47.52,47.6,46.96,47.01,832300
2024-08-23T14:00:00Z,47.02,47.32,46.97,47.22,983300
2024-08-23T15:00:00Z,47.2,47.23,46.92,47,441800
2024-08-23T16:00:00Z,47,47.18,46.91,47.09,587400
2024-08-23T17:00:00Z,47.07,47.33,47.01,47.3,460200
2024-08-23T18:00:00Z,47.32,47.54,47.21,47.34,870100
2024-08-23T19:00:00Z,47.33,47.33,47.1,47.1,744500
2024-08-26T13:00:00Z,47.61,48.39,47.51,48.17,1458000
2024-08-26T14:00:00Z,48.18,48.49,47.84,47.88,1106400
2024-08-26T15:00:00Z,47.86,47.88,47.22,47.52,828400
2024-08-26T16:00:00Z,47.48,47.78,47.3,47.77,610600
2024-08-26T17:00:00Z,47.75,47.98,47.7,47.94,687600
2024-08-26T18:00:00Z,47.95,47.95,47.59,47.6,481000
2024-08-26T19:00:00Z,47.59,47.76,47.33,47.49,1046600
2024-08-27T13:00:00Z,47.25,47.41,47.05,47.22,539500
2024-08-27T14:00:00Z,47.23,47.43,47.18,47.32,868300
2024-08-27T15:00:00Z,47.33,47.56,47.32,47.5,396100
2024-08-27T16:00:00Z,47.49,47.57,47.35,47.52,442600
2024-08-27T17:00:00Z,47.51,47.6,47.45,47.5,253300
2024-08-27T18:00:00Z,47.5,47.82,47.5,47.77,1432900
2024-08-27T19:00:00Z,47.77,47.89,47.75,47.78,660600
2024-08-28T13:00:00Z,47.45,47.54,46.76,46.87,1642800
2024-08-28T14:00:00Z,46.86,46.94,46.66,46.94,756200
2024-08-28T15:00:00Z,46.95,47.46,46.83,47.35,1273600
2024-08-28T16:00:00Z,47.36,47.45,47.16,47.34,1185500
2024-08-28T17:00:00Z,47.35,47.54,47.25,47.38,451800
2024-08-28T18:00:00Z,47.37,47.48,47.23,47.45,667000
2024-08-28T19:00:00Z,47.46,47.53,47.2,47.25,1021700
2024-08-29T13:00:00Z,47.25,47.44,46.85,47.06,1727200
2024-08-29T14:00:00Z,47.04,47.1,46.55,46.55,740200
2024-08-29T15:00:00Z,46.57,46.7,46.41,46.46,693600
2024-08-29T16:00:00Z,46.46,46.65,46.45,46.58,399500
2024-08-29T17:00:00Z,46.59,47.07,46.52,47.04,765500
2024-08-29T18:00:00Z,47.01,47.05,46.71,46.85,407600
2024-08-29T19:00:00Z,46.84,47,46.75,46.8,638500
2024-08-30T13:00:00Z,46.66,46.98,46.18,46.21,2256300
2024-08-30T14:00:00Z,46.19,46.77,46.04,46.62,1110900
2024-08-30T15:00:00Z,46.65,46.69,46.3,46.35,583100
2024-08-30T16:00:00Z,46.35,46.49,46.33,46.46,270800
2024-08-30T17:00:00Z,46.44,46.65,46.4,46.53,310300
2024-08-30T18:00:00Z,46.53,46.74,46.41,46.45,599200
2024-08-30T19:00:00Z,46.46,46.77,46.45,46.71,686000
2024-09-02T13:00:00Z,46.8,47.12,46.47,46.5,814700
2024-09-02T14:00:00Z,46.47,46.65,46.27,46.48,484300
2024-09-02T15:00:00Z,46.48,46.51,46.34,46.51,224900
2024-09-02T16:00:00Z,46.51,46.59,46.42,46.59,171300
2024-09-02T17:00:00Z,46.59,46.79,46.56,46.74,375100
2024-09-02T18:00:00Z,46.73,46.76,46.61,46.65,359500
2024-09-02T19:00:00Z,46.65,46.83,46.59,46.7,661600
2024-09-03T13:00:00Z,46.35,46.44,45.63,45.71,1827300
2024-09-03T14:00:00Z,45.71,45.86,45.41,45.6,1967600
2024-09-03T15:00:00Z,45.6,45.73,44.9,44.96,2435200
2024-09-03T16:00:00Z,44.98,45.13,44.58,44.66,4586600
2024-09-03T17:00:00Z,44.66,44.74,44.36,44.49,1875400
2024-09-03T18:00:00Z,44.48,44.6,44.32,44.43,1603900
2024-09-03T19:00:00Z,44.44,44.53,44.26,44.35,2478000
2024-09-04T13:00:00Z,44.53,44.76,43.98,44.54,2208800
2024-09-04T14:00:00Z,44.54,44.95,44.11,44.6,2655400
2024-09-04T15:00:00Z,44.6,44.93,44.6,44.89,1217100
2024-09-04T16:00:00Z,44.9,44.91,44.43,44.52,1471600
2024-09-04T17:00:00Z,44.51,44.52,44.06,44.19,1060100
2024-09-04T18:00:00Z,44.19,44.21,43.91,43.98,1152100
2024-09-04T19:00:00Z,43.98,44.05,43.91,43.99,1224600
2024-09-05T13:00:00Z,43.96,44.21,43.75,43.98,1225700
2024-09-05T14:00:00Z,43.95,44.19,43.83,43.86,2922800
2024-09-05T15:00:00Z,43.88,44.01,43.85,43.96,762200
2024-09-05T16:00:00Z,43.95,44.01,43.86,44,1743500
2024-09-05T17:00:00Z,44,44.03,43.68,43.8,664900
2024-09-05T18:00:00Z,43.81,43.92,43.71,43.78,860200
2024-09-05T19:00:00Z,43.78,43.85,43.63,43.69,2292500
2024-09-06T13:00:00Z,43.64,43.87,43.41,43.72,871300
2024-09-06T14:00:00Z,43.71,43.77,43.27,43.32,852800
2024-09-06T15:00:00Z,43.33,43.48,42.93,42.98,1488400
2024-09-06T16:00:00Z,42.96,43.22,42.91,43.08,754700
2024-09-06T17:00:00Z,43.06,43.18,42.7,42.73,889200
2024-09-06T18:00:00Z,42.73,42.74,42.49,42.67,879200
2024-09-06T19:00:00Z,42.67,42.69,42.4,42.44,1430000
2024-09-09T13:00:00Z,42.66,42.7,42.2,42.41,1052000
2024-09-09T14:00:00Z,42.42,42.64,42.32,42.59,861900
2024-09-09T15:00:00Z,42.59,42.77,42.11,42.19,970100
2024-09-09T16:00:00Z,42.19,42.45,42.16,42.4,611600
2024-09-09T17:00:00Z,42.4,42.42,42.1,42.13,512900
2024-09-09T18:00:00Z,42.13,42.2,41.94,41.96,883300
2024-09-09T19:00:00Z,41.98,42.04,41.92,42,929300
2024-09-10T13:00:00Z,41.5,41.8,41.06,41.08,1609300
2024-09-10T14:00:00Z,41.09,41.16,40.54,40.98,4286200
2024-09-10T15:00:00Z,40.96,41.64,40.94,41.29,2031300
2024-09-10T16:00:00Z,41.28,41.61,41.27,41.37,1595400
2024-09-10T17:00:00Z,41.38,41.48,41.22,41.43,910700
2024-09-10T18:00:00Z,41.43,41.98,41.42,41.94,1771200
2024-09-10T19:00:00Z,41.95,42.4,41.9,42.32,2149600
2024-09-11T13:00:00Z,42.41,43.28,42.41,42.87,2322200
2024-09-11T14:00:00Z,42.84,43.15,42.2,42.29,3018800
2024-09-11T15:00:00Z,42.29,42.81,42.29,42.67,1240900
2024-09-11T16:00:00Z,42.67,42.85,42.55,42.72,821000
2024-09-11T17:00:00Z,42.72,42.83,42.55,42.78,722800
2024-09-11T18:00:00Z,42.79,42.9,42.69,42.75,1166100
2024-09-11T19:00:00Z,42.75,42.87,42.54,42.68,1199100
2024-09-12T13:00:00Z,42.78,42.98,42,42.16,1259800
2024-09-12T14:00:00Z,42.16,42.83,42.06,42.74,1244100
2024-09-12T15:00:00Z,42.73,43.23,42.62,42.67,1640300
2024-09-12T16:00:00Z,42.67,42.8,42.5,42.53,697500
2024-09-12T17:00:00Z,42.52,42.83,42.45,42.78,597100
2024-09-12T18:00:00Z,42.79,42.79,42.5,42.5,432200
2024-09-12T19:00:00Z,42.52,42.54,42.35,42.39,589800
2024-09-13T13:00:00Z,42.84,43.15,42.73,43.06,989400
2024-09-13T14:00:00Z,43.06,43.75,42.91,43.71,1409100
2024-09-13T15:00:00Z,43.71,43.89,43.54,43.85,779600
2024-09-13T16:00:00Z,43.84,43.86,43.6,43.66,931700
2024-09-13T17:00:00Z,43.64,43.69,43.45,43.67,987400
2024-09-13T18:00:00Z,43.67,43.67,43.39,43.51,838100
2024-09-13T19:00:00Z,43.5,43.55,43.4,43.42,845900
2024-09-16T13:00:00Z,43.6,43.8,43.08,43.16,996300
2024-09-16T14:00:00Z,43.17,43.27,43.03,43.27,577100
2024-09-16T15:00:00Z,43.27,43.3,43.12,43.2,401500
2024-09-16T16:00:00Z,43.2,43.3,43.05,43.12,622700
2024-09-16T17:00:00Z,43.11,43.13,42.92,43.07,521800
2024-09-16T18:00:00Z,43.08,43.09,42.8,42.84,368200
2024-09-16T19:00:00Z,42.85,43.03,42.82,42.9,1236600
2024-09-17T13:00:00Z,42.69,42.95,42.52,42.9,521000
2024-09-17T14:00:00Z,42.89,43.1,42.77,42.79,521300
2024-09-17T15:00:00Z,42.78,43.13,42.77,42.98,373900
2024-09-17T16:00:00Z,42.98,43.24,42.91,43.08,320800
2024-09-17T17:00:00Z,43.08,43.21,42.99,43.2,464300
2024-09-17T18:00:00Z,43.2,43.24,43.07,43.1,402500
2024-09-17T19:00:00Z,43.08,43.37,43.01,43.3,972300
2024-09-18T13:00:00Z,43.1,43.32,42.86,42.91,565100
2024-09-18T14:00:00Z,42.89,43.12,42.86,43.01,473300
2024-09-18T15:00:00Z,43.03,43.03,42.7,42.72,370700
2024-09-18T16:00:00Z,42.72,43.19,42.72,43.13,504000
2024-09-18T17:00:00Z,43.13,43.31,43.11,43.2,528600
2024-09-18T18:00:00Z,43.22,43.7,43.18,43.48,1100700
2024-09-18T19:00:00Z,43.48,43.49,43.17,43.17,1075900
2024-09-19T13:00:00Z,44.06,44.37,43.11,43.33,6054900
2024-09-19T14:00:00Z,43.32,43.56,43.2,43.36,995400
2024-09-19T15:00:00Z,43.36,43.4,42.92,43.1,1616300
2024-09-19T16:00:00Z,43.1,43.26,43.03,43.25,1073400
2024-09-19T17:00:00Z,43.27,43.75,43.26,43.52,2020400
2024-09-19T18:00:00Z,43.51,44.35,43.5,44.29,2065800
2024-09-19T19:00:00Z,44.29,44.3,43.88,43.91,2093000
2024-09-20T13:00:00Z,43.7,43.81,43.4,43.6,962600
2024-09-20T14:00:00Z,43.56,43.63,43.27,43.43,730300
2024-09-20T15:00:00Z,43.45,43.67,43.4,43.46,1248800
2024-09-20T16:00:00Z,43.48,43.53,43.38,43.43,349100
2024-09-20T17:00:00Z,43.42,43.57,43.21,43.56,789300
2024-09-20T18:00:00Z,43.55,43.92,43.5,43.85,1123300
2024-09-20T19:00:00Z,43.85,44.3,43.75,44.04,2105000
2024-09-23T13:00:00Z,44.15,44.73,43.92,44.53,1131800
2024-09-23T14:00:00Z,44.52,44.69,44.5,44.61,605400
2024-09-23T15:00:00Z,44.61,44.75,44.25,44.33,584000
2024-09-23T16:00:00Z,44.33,44.54,44.12,44.52,602500
2024-09-23T17:00:00Z,44.52,44.83,44.51,44.73,983500
2024-09-23T18:00:00Z,44.72,45.01,44.6,44.62,1160900
2024-09-23T19:00:00Z,44.65,44.72,44.44,44.71,1278600
2024-09-24T13:00:00Z,45.52,46.47,45.31,46.16,7716800
2024-09-24T14:00:00Z,46.13,46.17,45.52,46.02,1673000
2024-09-24T15:00:00Z,46.03,46.6,45.9,46.54,1408800
2024-09-24T16:00:00Z,46.55,46.59,46,46.32,1175300
2024-09-24T17:00:00Z,46.32,46.56,46.15,46.24,721800
2024-09-24T18:00:00Z,46.24,46.52,46.22,46.49,1180300
2024-09-24T19:00:00Z,46.47,46.61,46.34,46.54,1525000
2024-09-25T13:00:00Z,46.45,46.86,45.62,45.63,2251800
2024-09-25T14:00:00Z,45.61,45.66,44.67,44.91,2600800
2024-09-25T15:00:00Z,44.92,45.44,44.85,45.24,1248400
2024-09-25T16:00:00Z,45.23,45.56,45.12,45.25,905200
2024-09-25T17:00:00Z,45.24,45.26,44.82,44.83,1063900
2024-09-25T18:00:00Z,44.84,44.97,44.74,44.95,845700
2024-09-25T19:00:00Z,44.97,45.2,44.84,44.94,1360200
2024-09-26T13:00:00Z,43.82,43.91,42.81,42.84,4589500
2024-09-26T14:00:00Z,42.83,43.43,42.81,42.83,3090200
2024-09-26T15:00:00Z,42.83,43.15,42.71,42.92,2131000
2024-09-26T16:00:00Z,42.92,43,42.76,42.79,1306400
2024-09-26T17:00:00Z,42.79,42.95,42.63,42.79,1053200
2024-09-26T18:00:00Z,42.79,43.07,42.71,42.88,1656800
2024-09-26T19:00:00Z,42.87,42.89,42.46,42.77,3681000
2024-09-27T13:00:00Z,43.3,43.86,42.69,43.19,4828500
2024-09-27T14:00:00Z,43.19,44.08,43.16,43.69,3182300
2024-09-27T15:00:00Z,43.69,44.13,43.51,44,1914800
2024-09-27T16:00:00Z,44.02,44.03,43.82,43.94,2730300
2024-09-27T17:00:00Z,43.91,43.99,43.84,43.89,1261000
2024-09-27T18:00:00Z,43.89,44.05,43.66,43.78,1406700
2024-09-27T19:00:00Z,43.77,43.85,43.66,43.75,1222500
2024-09-30T13:00:00Z,43.84,44.02,43.07,43.32,938600
2024-09-30T14:00:00Z,43.32,43.86,43.1,43.81,831900
2024-09-30T15:00:00Z,43.8,43.85,43.23,43.25,877400
2024-09-30T16:00:00Z,43.24,43.35,43.16,43.25,472600
2024-09-30T17:00:00Z,43.24,43.54,43.23,43.45,691800
2024-09-30T18:00:00Z,43.44,43.54,43.24,43.53,1039900
2024-09-30T19:00:00Z,43.51,43.54,43.41,43.41,1030000
2024-10-01T13:00:00Z,43,44.33,42.85,44.15,2448800
2024-10-01T14:00:00Z,44.15,44.23,43.63,43.97,1464500
2024-10-01T15:00:00Z,43.98,44.35,43.85,43.95,1874400
2024-10-01T16:00:00Z,43.95,44.29,43.81,44.2,1899200
2024-10-01T17:00:00Z,44.2,44.77,44.13,44.16,2692600
2024-10-01T18:00:00Z,44.16,44.4,44,44.24,1124100
2024-10-01T19:00:00Z,44.24,44.39,44.05,44.34,1978800
2024-10-02T13:00:00Z,45.15,45.5,44.7,45.38,2697000
2024-10-02T14:00:00Z,45.38,45.68,44.73,44.74,2698200
2024-10-02T15:00:00Z,44.75,44.87,44.46,44.8,1055600
2024-10-02T16:00:00Z,44.8,44.87,44.61,44.73,749100
2024-10-02T17:00:00Z,44.73,44.81,44.45,44.51,940300
2024-10-02T18:00:00Z,44.51,44.55,44.22,44.36,861300
2024-10-02T19:00:00Z,44.37,44.47,44.16,44.24,2064400
2024-10-03T13:00:00Z,44.11,44.56,43.78,44.24,2019900
2024-10-03T14:00:00Z,44.24,44.92,44.12,44.41,2146100
2024-10-03T15:00:00Z,44.42,44.62,44.32,44.42,983100
2024-10-03T16:00:00Z,44.42,44.64,44.37,44.51,830500
2024-10-03T17:00:00Z,44.5,44.58,44.4,44.47,992900
2024-10-03T18:00:00Z,44.47,44.77,44.37,44.66,1445400
2024-10-03T19:00:00Z,44.66,44.7,44.41,44.49,1233900
2024-10-04T13:00:00Z,44.71,44.9,44.08,44.3,1046100
2024-10-04T14:00:00Z,44.3,44.42,44.02,44.18,877100
2024-10-04T15:00:00Z,44.21,44.38,44.18,44.37,638000
2024-10-04T16:00:00Z,44.37,44.72,44.37,44.71,784400
2024-10-04T17:00:00Z,44.72,44.8,44.56,44.58,692400
2024-10-04T18:00:00Z,44.58,44.77,44.56,44.63,708300
2024-10-04T19:00:00Z,44.62,44.68,44.51,44.64,712800
2024-10-07T13:00:00Z,44.9,45.2,44.77,44.95,918100
2024-10-07T14:00:00Z,44.94,45.35,44.94,45.15,970000
2024-10-07T15:00:00Z,45.17,45.23,44.85,45.21,1278000
2024-10-07T16:00:00Z,45.21,45.29,44.91,45.27,805400
2024-10-07T17:00:00Z,45.27,45.35,45.18,45.3,692700
2024-10-07T18:00:00Z,45.3,45.36,45.14,45.34,749800
2024-10-07T19:00:00Z,45.33,45.55,45.22,45.42,1471100
2024-10-08T13:00:00Z,44.17,44.76,44.02,44.5,1808100
2024-10-08T14:00:00Z,44.5,44.63,43.89,44.33,1576700
2024-10-08T15:00:00Z,44.35,44.39,44.05,44.22,813200
2024-10-08T16:00:00Z,44.21,44.49,44.15,44.43,1327100
2024-10-08T17:00:00Z,44.42,44.57,44.32,44.47,443300
2024-10-08T18:00:00Z,44.46,44.49,44.25,44.26,825400
2024-10-08T19:00:00Z,44.26,44.38,44.12,44.3,1184400
2024-10-09T13:00:00Z,44.21,44.32,43.63,43.78,1241400
2024-10-09T14:00:00Z,43.77,44.1,43.55,44.07,1044200
2024-10-09T15:00:00Z,44.1,44.18,43.86,43.97,720900
2024-10-09T16:00:00Z,43.97,44.02,43.75,43.88,673100
2024-10-09T17:00:00Z,43.88,44.05,43.83,43.95,579100
2024-10-09T18:00:00Z,43.97,44.25,43.9,44.05,880000
2024-10-09T19:00:00Z,44.05,44.09,43.8,43.86,1247100
2024-10-10T13:00:00Z,44.1,44.64,44,44.28,1031400
2024-10-10T14:00:00Z,44.28,44.58,44.21,44.29,1073500
2024-10-10T15:00:00Z,44.29,44.43,44.15,44.37,742900
2024-10-10T16:00:00Z,44.38,44.5,44.3,44.31,419000
2024-10-10T17:00:00Z,44.31,44.89,44.3,44.87,1457800
2024-10-10T18:00:00Z,44.87,45.07,44.71,44.89,982800
2024-10-10T19:00:00Z,44.87,44.98,44.71,44.91,1470700
2024-10-11T13:00:00Z,44.51,44.68,44.33,44.36,884300
2024-10-11T14:00:00Z,44.36,44.75,44.25,44.37,1120700
2024-10-11T15:00:00Z,44.39,44.41,44.1,44.22,1326000
2024-10-11T16:00:00Z,44.22,44.33,44.1,44.33,898100
2024-10-11T17:00:00Z,44.33,44.45,44.28,44.43,424200
2024-10-11T18:00:00Z,44.43,44.5,44.34,44.36,466000
2024-10-11T19:00:00Z,44.35,44.48,44.3,44.38,571000
2024-10-14T13:00:00Z,43.7,44.26,43.68,43.95,986000
2024-10-14T14:00:00Z,43.93,44.18,43.82,44.11,596600
2024-10-14T15:00:00Z,44.11,44.17,43.82,44.07,541900
2024-10-14T16:00:00Z,44.08,44.25,43.9,43.96,763600
2024-10-14T17:00:00Z,43.94,44.03,43.71,43.83,986800
2024-10-14T18:00:00Z,43.83,43.86,43.63,43.67,780200
2024-10-14T19:00:00Z,43.66,43.7,43.5,43.57,1471700
2024-10-15T13:00:00Z,42.09,42.76,41.99,42.67,2966600
2024-10-15T14:00:00Z,42.65,43.1,42.61,42.95,2111700
2024-10-15T15:00:00Z,42.97,43.17,42.8,42.97,2221100
2024-10-15T16:00:00Z,42.97,43.38,42.97,43.29,779000
2024-10-15T17:00:00Z,43.32,43.35,43.07,43.18,786600
2024-10-15T18:00:00Z,43.2,43.35,43.1,43.27,574200
2024-10-15T19:00:00Z,43.28,43.44,43.28,43.35,904900
2024-10-16T13:00:00Z,43.52,43.67,42.76,42.81,1575800
2024-10-16T14:00:00Z,42.8,42.97,42.52,42.86,1856600
2024-10-16T15:00:00Z,42.84,43.08,42.71,43.01,968700
2024-10-16T16:00:00Z,43,43.16,42.96,43.03,653600
2024-10-16T17:00:00Z,43.05,43.29,43.03,43.15,1635500
2024-10-16T18:00:00Z,43.17,43.24,42.91,42.93,646300
2024-10-16T19:00:00Z,42.93,43.01,42.77,42.83,1045600
2024-10-17T13:00:00Z,42.81,42.96,42.35,42.42,1540100
2024-10-17T14:00:00Z,42.43,42.63,42.39,42.46,1069100
2024-10-17T15:00:00Z,42.45,42.57,42.3,42.44,723400
2024-10-17T16:00:00Z,42.45,42.49,42.31,42.47,515800
2024-10-17T17:00:00Z,42.47,42.78,42.35,42.73,685600
2024-10-17T18:00:00Z,42.73,42.8,42.65,42.68,573500
2024-10-17T19:00:00Z,42.68,42.78,42.65,42.67,469700
2024-10-18T13:00:00Z,42.76,42.99,42.31,42.37,2026500
2024-10-18T14:00:00Z,42.36,42.44,42.1,42.34,814600
2024-10-18T15:00:00Z,42.34,42.4,42.14,42.28,518600
2024-10-18T16:00:00Z,42.28,42.5,42.26,42.4,390000
2024-10-18T17:00:00Z,42.41,42.51,42.39,42.47,400500
2024-10-18T18:00:00Z,42.45,42.51,42.4,42.44,282200
2024-10-18T19:00:00Z,42.44,42.5,42.34,42.39,1558100
2024-10-21T13:00:00Z,42.8,42.89,42.38,42.41,1570000
2024-10-21T14:00:00Z,42.39,42.41,41.64,41.73,1746100
2024-10-21T15:00:00Z,41.74,41.79,41.54,41.76,635800
2024-10-21T16:00:00Z,41.77,41.89,41.68,41.81,979000
2024-10-21T17:00:00Z,41.83,41.86,41.67,41.69,355700
2024-10-21T18:00:00Z,41.69,41.87,41.63,41.75,576900
2024-10-21T19:00:00Z,41.76,41.95,41.73,41.91,1001900
2024-10-22T13:00:00Z,41.89,41.94,41.51,41.82,1259200
2024-10-22T14:00:00Z,41.81,42.07,41.61,42.01,1152100
2024-10-22T15:00:00Z,42.02,42.02,41.7,41.97,802900
2024-10-22T16:00:00Z,41.97,42.1,41.62,41.86,604400
2024-10-22T17:00:00Z,41.87,41.95,41.67,41.71,527500
2024-10-22T18:00:00Z,41.71,41.86,41.62,41.74,538700
2024-10-22T19:00:00Z,41.74,41.84,41.66,41.71,669000
2024-10-23T13:00:00Z,41.43,41.75,41.18,41.58,1764400
2024-10-23T14:00:00Z,41.58,41.6,41.24,41.39,909000
2024-10-23T15:00:00Z,41.39,41.44,41.21,41.25,487700
2024-10-23T16:00:00Z,41.25,41.3,41.15,41.18,468800
2024-10-23T17:00:00Z,41.18,41.27,41.12,41.18,491400
2024-10-23T18:00:00Z,41.18,41.26,41.02,41.07,790600
2024-10-23T19:00:00Z,41.06,41.22,40.91,41.1,1614900
2024-10-24T13:00:00Z,41.44,41.54,41.13,41.2,847500
2024-10-24T14:00:00Z,41.2,41.37,41.07,41.26,619000
2024-10-24T15:00:00Z,41.27,41.38,41.2,41.21,291700
2024-10-24T16:00:00Z,41.21,41.53,41.2,41.52,690300
2024-10-24T17:00:00Z,41.52,41.78,41.5,41.7,919700
2024-10-24T18:00:00Z,41.7,41.94,41.7,41.92,705900
2024-10-24T19:00:00Z,41.92,42.06,41.83,41.96,1087100
2024-10-25T13:00:00Z,42.15,42.39,41.93,41.95,877000
2024-10-25T14:00:00Z,41.95,42,41.55,41.61,1719400
2024-10-25T15:00:00Z,41.61,41.73,41.46,41.47,710600
2024-10-25T16:00:00Z,41.47,41.68,41.36,41.59,540100
2024-10-25T17:00:00Z,41.59,41.67,41.46,41.57,681100
2024-10-25T18:00:00Z,41.56,41.81,41.5,41.72,819200
2024-10-25T19:00:00Z,41.74,41.79,41.62,41.65,654500
2024-10-28T13:00:00Z,40.5,40.79,40.25,40.79,2560000
2024-10-28T14:00:00Z,40.79,40.83,40.51,40.78,1197600
2024-10-28T15:00:00Z,40.79,40.79,40.62,40.79,816400
2024-10-28T16:00:00Z,40.79,40.8,40.62,40.63,619900
2024-10-28T17:00:00Z,40.63,40.89,40.6,40.79,900900
2024-10-28T18:00:00Z,40.79,40.86,40.61,40.8,750300
2024-10-28T19:00:00Z,40.79,41.12,40.73,41.09,1316500
2024-10-29T13:00:00Z,41.25,41.39,40.2,40.3,2002700
2024-10-29T14:00:00Z,40.31,40.43,40.12,40.25,1286500
2024-10-29T15:00:00Z,40.25,40.34,40.18,40.26,914000
2024-10-29T16:00:00Z,40.27,40.27,40.01,40.07,1081500
2024-10-29T17:00:00Z,40.06,40.15,39.91,40.08,1095800
2024-10-29T18:00:00Z,40.09,40.45,40.09,40.41,1368600
2024-10-29T19:00:00Z,40.39,40.53,40.24,40.5,1952500
2024-10-30T13:00:00Z,40.99,41.56,40.9,41.4,2415600
2024-10-30T14:00:00Z,41.4,41.43,40.92,41.16,1273700
2024-10-30T15:00:00Z,41.17,41.53,41.16,41.48,655100
2024-10-30T16:00:00Z,41.47,41.56,41.28,41.29,589600
2024-10-30T17:00:00Z,41.29,41.4,41.2,41.35,432800
2024-10-30T18:00:00Z,41.36,41.4,41.18,41.28,559600
2024-10-30T19:00:00Z,41.27,41.29,41.03,41.18,616800
2024-10-31T13:00:00Z,41.21,41.44,41.05,41.15,615100
2024-10-31T14:00:00Z,41.14,41.14,40.83,40.91,716700
2024-10-31T15:00:00Z,40.88,41.07,40.81,40.89,625100
2024-10-31T16:00:00Z,40.9,40.91,40.72,40.79,449700
2024-10-31T17:00:00Z,40.79,40.84,40.7,40.83,363900
2024-10-31T18:00:00Z,40.83,41.07,40.64,40.94,779700
2024-10-31T19:00:00Z,40.96,41.07,40.91,41.02,1081000
2024-11-01T13:00:00Z,41.36,41.46,40.61,40.65,1330700
2024-11-01T14:00:00Z,40.66,40.72,40.01,40.27,1881100
2024-11-01T15:00:00Z,40.26,40.33,40.12,40.25,617700
2024-11-01T16:00:00Z,40.25,40.34,39.95,39.97,2116700
2024-11-01T17:00:00Z,39.97,39.98,39.71,39.76,1269500
2024-11-01T18:00:00Z,39.73,40.07,39.65,40.07,1159800
2024-11-01T19:00:00Z,40.05,40.08,39.81,39.85,1967100
2024-11-04T13:00:00Z,40.35,41.04,40.33,40.85,1989100
2024-11-04T14:00:00Z,40.85,41.02,40.76,41.02,825900
2024-11-04T15:00:00Z,41,41.33,40.98,41.21,1235900
2024-11-04T16:00:00Z,41.24,41.34,41.07,41.15,540900
2024-11-04T17:00:00Z,41.17,41.27,41.07,41.21,582400
2024-11-04T18:00:00Z,41.2,41.23,40.95,41.01,525300
2024-11-04T19:00:00Z,41.02,41.04,40.66,40.76,788300
2024-11-04T20:00:00Z,40.75,40.92,40.65,40.86,1514900
2024-11-05T13:00:00Z,40.9,41.07,39.98,40.04,1442200
2024-11-05T14:00:00Z,40.05,40.24,39.96,40.17,760800
2024-11-05T15:00:00Z,40.17,40.29,40.04,40.16,715400
2024-11-05T16:00:00Z,40.15,40.32,40.09,40.32,407500
2024-11-05T17:00:00Z,40.31,40.58,40.29,40.57,821000
2024-11-05T18:00:00Z,40.57,40.6,40.4,40.48,533600
2024-11-05T19:00:00Z,40.48,40.52,40.37,40.46,803500
2024-11-05T20:00:00Z,40.45,40.47,40.34,40.39,546000
2024-11-06T13:00:00Z,39,40.28,38.85,40.12,2906000
2024-11-06T14:00:00Z,40.09,40.18,39.78,39.91,842800
2024-11-06T15:00:00Z,39.9,40.17,39.82,40.11,632500
2024-11-06T16:00:00Z,40.1,40.12,39.85,39.99,626400
2024-11-06T17:00:00Z,39.99,40.55,39.97,40.5,1409900
2024-11-06T18:00:00Z,40.5,41.05,40.5,40.87,1356600
2024-11-06T19:00:00Z,40.88,41.02,40.82,40.94,1124700
2024-11-06T20:00:00Z,40.95,41.01,40.68,40.69,915000
2024-11-07T13:00:00Z,40.61,40.8,40.22,40.38,843900
2024-11-07T14:00:00Z,40.38,40.48,40.04,40.15,688700
2024-11-07T15:00:00Z,40.13,40.33,40.09,40.18,422800
2024-11-07T16:00:00Z,40.17,40.25,40.06,40.14,405500
2024-11-07T17:00:00Z,40.14,40.26,39.98,40.03,575700
2024-11-07T18:00:00Z,40.02,40.22,39.87,39.94,743600
2024-11-07T19:00:00Z,39.91,40.05,39.73,39.98,1046300
2024-11-07T20:00:00Z,40,40.15,39.98,40.05,970400
2024-11-08T13:00:00Z,39.64,39.84,39.32,39.77,985900
2024-11-08T14:00:00Z,39.76,39.94,39.4,39.45,1236100
2024-11-08T15:00:00Z,39.44,39.6,39.33,39.42,666400
2024-11-08T16:00:00Z,39.4,39.42,39.22,39.26,564900
2024-11-08T17:00:00Z,39.24,39.31,39.15,39.25,518300
2024-11-08T18:00:00Z,39.22,39.28,38.89,38.97,660900
2024-11-08T19:00:00Z,38.97,39.1,38.82,38.91,805600
2024-11-08T20:00:00Z,38.92,39.15,38.83,39.1,2150000
2024-11-11T13:00:00Z,38.85,39.45,38.58,39.37,1251900
2024-11-11T14:00:00Z,39.36,39.58,39.31,39.38,1395500
2024-11-11T15:00:00Z,39.35,39.56,39.33,39.4,872400
2024-11-11T16:00:00Z,39.41,39.44,39.25,39.38,755900
2024-11-11T17:00:00Z,39.36,39.64,39.36,39.58,741700
2024-11-11T18:00:00Z,39.55,39.73,39.55,39.61,541500
2024-11-11T19:00:00Z,39.59,39.62,39.38,39.46,687000
2024-11-11T20:00:00Z,39.45,39.53,39.33,39.41,553200
2024-11-12T13:00:00Z,39.5,39.64,39.22,39.46,781100
2024-11-12T14:00:00Z,39.45,39.67,39.4,39.58,583200
2024-11-12T15:00:00Z,39.57,39.65,39.38,39.53,463200
2024-11-12T16:00:00Z,39.53,39.61,39.4,39.51,373700
2024-11-12T17:00:00Z,39.5,39.56,39.44,39.52,393300
2024-11-12T18:00:00Z,39.5,39.57,39.38,39.41,471900
2024-11-12T19:00:00Z,39.42,39.48,39.37,39.42,531600
2024-11-12T20:00:00Z,39.4,39.51,39.2,39.21,964300
2024-11-13T13:00:00Z,39.3,39.53,39.01,39.17,694200
2024-11-13T14:00:00Z,39.17,39.2,38.63,38.75,5232700
2024-11-13T15:00:00Z,38.75,39.05,38.62,38.9,1199300
2024-11-13T16:00:00Z,38.92,39.03,38.7,38.72,753300
2024-11-13T17:00:00Z,38.72,39,38.7,38.85,475900
2024-11-13T18:00:00Z,38.85,38.95,38.77,38.81,613500
2024-11-13T19:00:00Z,38.82,39.33,38.77,39.29,1695700
2024-11-13T20:00:00Z,39.29,39.43,39.26,39.43,1623000
2024-11-14T13:00:00Z,39.35,39.52,39.17,39.35,581700
2024-11-14T14:00:00Z,39.36,39.89,39.32,39.65,1116300
2024-11-14T15:00:00Z,39.64,39.85,39.52,39.55,635000
2024-11-14T16:00:00Z,39.54,39.84,39.54,39.74,480700
2024-11-14T17:00:00Z,39.74,39.79,39.58,39.64,1142200
2024-11-14T18:00:00Z,39.64,39.86,39.64,39.82,686800
2024-11-14T19:00:00Z,39.82,39.99,39.76,39.87,1040000
2024-11-14T20:00:00Z,39.87,39.87,39.65,39.71,1065200
2024-11-18T13:00:00Z,39.7,39.95,39.5,39.86,561500
2024-11-18T14:00:00Z,39.86,40.42,39.81,40,857400
2024-11-18T15:00:00Z,40,40.06,39.76,39.81,529400
2024-11-18T16:00:00Z,39.8,39.98,39.78,39.8,377300
2024-11-18T17:00:00Z,39.79,40.16,39.7,40.14,639700
2024-11-18T18:00:00Z,40.12,40.24,40.02,40.2,1582900
2024-11-18T19:00:00Z,40.19,40.47,40.14,40.43,922500
2024-11-18T20:00:00Z,40.43,40.43,40.02,40.07,928100
2024-11-19T13:00:00Z,40.13,40.2,39.62,39.75,673200
2024-11-19T14:00:00Z,39.74,39.91,39.66,39.77,664200
2024-11-19T15:00:00Z,39.75,39.93,39.51,39.69,701900
2024-11-19T16:00:00Z,39.68,39.83,39.61,39.83,418800
2024-11-19T17:00:00Z,39.81,39.86,39.6,39.66,393900
2024-11-19T18:00:00Z,39.66,39.77,39.54,39.73,479500
2024-11-19T19:00:00Z,39.72,39.77,39.52,39.57,420300
2024-11-19T20:00:00Z,39.58,39.82,39.52,39.82,2073300
2024-11-21T13:00:00Z,39.8,40.16,39.53,39.61,1102900
2024-11-21T14:00:00Z,39.61,39.79,39.56,39.69,508600
2024-11-21T15:00:00Z,39.68,39.74,39.54,39.59,350200
2024-11-21T16:00:00Z,39.59,39.66,39.41,39.43,447900
2024-11-21T17:00:00Z,39.43,39.7,39.42,39.58,342300
2024-11-21T18:00:00Z,39.57,39.7,39.32,39.35,772400
2024-11-21T19:00:00Z,39.35,39.43,39.29,39.39,518900
2024-11-21T20:00:00Z,39.38,39.49,39.3,39.32,731600
2024-11-22T13:00:00Z,39.09,39.98,39.09,39.63,7948500
2024-11-22T14:00:00Z,39.62,40.18,39.61,39.87,1000300
2024-11-22T15:00:00Z,39.87,40.37,39.87,40.19,1020200
2024-11-22T16:00:00Z,40.2,40.46,40.18,40.34,1181300
2024-11-22T17:00:00Z,40.34,40.48,40.22,40.45,1082600
2024-11-22T18:00:00Z,40.45,40.55,40.19,40.26,692900
2024-11-22T19:00:00Z,40.25,40.48,40.21,40.36,708100
2024-11-22T20:00:00Z,40.36,40.44,40.06,40.43,1123600
2024-11-25T13:00:00Z,40.4,40.73,40.37,40.46,651000
2024-11-25T14:00:00Z,40.45,40.57,40.15,40.18,819800
2024-11-25T15:00:00Z,40.15,40.29,40.04,40.1,384300
2024-11-25T16:00:00Z,40.1,40.25,40.09,40.13,263500
2024-11-25T17:00:00Z,40.11,40.22,40.04,40.14,414200
2024-11-25T18:00:00Z,40.11,40.17,39.94,40.07,381600
2024-11-25T19:00:00Z,40.06,40.19,40.02,40.08,448100
2024-11-25T20:00:00Z,40.06,40.1,39.9,39.92,508400
2024-11-26T13:00:00Z,40.06,40.08,39.76,39.94,1142800
2024-11-26T14:00:00Z,39.94,40.33,39.6,40.21,1510300
2024-11-26T15:00:00Z,40.21,40.65,40.19,40.49,1033100
2024-11-26T16:00:00Z,40.48,40.5,40.23,40.37,671100
2024-11-26T17:00:00Z,40.38,40.55,40.35,40.42,768100
2024-11-26T18:00:00Z,40.41,40.43,39.97,40.05,928300
2024-11-26T19:00:00Z,40.04,40.33,40.03,40.22,453500
2024-11-26T20:00:00Z,40.22,40.3,39.95,39.99,581800
2024-11-27T13:00:00Z,39.86,40.12,39.77,39.97,540300
2024-11-27T14:00:00Z,39.97,40.39,39.94,40.31,803500
2024-11-27T15:00:00Z,40.32,40.41,40.14,40.3,631500
2024-11-27T16:00:00Z,40.27,40.38,39.65,39.86,812400
2024-11-27T17:00:00Z,39.86,40.18,39.68,39.96,924600
2024-11-27T18:00:00Z,39.98,40.08,39.61,39.67,527100
2024-11-27T19:00:00Z,39.65,39.82,39.61,39.7,407100
2024-11-27T20:00:00Z,39.68,39.72,39.52,39.53,785300
2024-11-28T13:00:00Z,39.57,40.28,39.25,40.03,1246300
2024-11-28T14:00:00Z,40,40.26,39.76,39.86,1391800
2024-11-28T15:00:00Z,39.84,40.16,39.81,40.06,680800
2024-11-28T16:00:00Z,40.06,40.32,40,40.02,839200
2024-11-28T17:00:00Z,40.03,40.17,39.77,39.79,782000
2024-11-28T18:00:00Z,39.77,39.95,39.72,39.95,463100
2024-11-28T19:00:00Z,39.95,40.08,39.76,39.91,703900
2024-11-28T20:00:00Z,39.91,39.92,39.36,39.55,985300
2024-11-29T13:00:00Z,39.23,39.41,38.78,39.25,1458200
2024-11-29T14:00:00Z,39.25,39.86,39.2,39.7,1279900
2024-11-29T15:00:00Z,39.66,40.22,39.62,40.17,1860800
2024-11-29T16:00:00Z,40.18,40.29,39.92,40.07,1122300
2024-11-29T17:00:00Z,40.08,40.17,39.81,39.87,706000
2024-11-29T18:00:00Z,39.87,40.2,39.81,39.98,695800
2024-11-29T19:00:00Z,39.96,40.14,39.88,39.98,711500
2024-11-29T20:00:00Z,39.98,40.13,39.8,39.8,1161000
2024-12-02T13:00:00Z,40.13,40.25,39.55,39.98,1080700
2024-12-02T14:00:00Z,39.99,40.19,39.89,40.02,847200
2024-12-02T15:00:00Z,40.02,40.27,39.96,40.17,2931900
2024-12-02T16:00:00Z,40.16,40.46,40.07,40.39,719200
2024-12-02T17:00:00Z,40.39,40.62,40.29,40.57,759400
2024-12-02T18:00:00Z,40.58,40.6,40.01,40.49,1126900
2024-12-02T19:00:00Z,40.48,40.51,40.26,40.28,417300
2024-12-02T20:00:00Z,40.29,40.42,40.06,40.12,1199800
2024-12-03T13:00:00Z,40.23,40.51,40.05,40.11,564200
2024-12-03T14:00:00Z,40.11,40.25,39.98,40.18,470700
2024-12-03T15:00:00Z,40.18,40.44,40.08,40.39,566500
2024-12-03T16:00:00Z,40.4,40.44,40.23,40.28,313300
2024-12-03T17:00:00Z,40.3,40.54,40.3,40.52,421400
2024-12-03T18:00:00Z,40.51,40.72,40.5,40.66,642000
2024-12-03T19:00:00Z,40.66,40.89,40.63,40.78,1026900
2024-12-03T20:00:00Z,40.79,40.97,40.66,40.8,1428400
2024-12-04T13:00:00Z,40.44,40.64,40.03,40.53,1481000
2024-12-04T14:00:00Z,40.52,40.78,40.48,40.57,654700
2024-12-04T15:00:00Z,40.59,40.6,40.09,40.34,891100
2024-12-04T16:00:00Z,40.36,40.44,40.21,40.25,475900
2024-12-04T17:00:00Z,40.25,40.28,40.04,40.04,1005400
2024-12-04T18:00:00Z,40.05,40.16,39.82,39.85,1160500
2024-12-04T19:00:00Z,39.85,40.09,39.72,39.75,1032700
2024-12-04T20:00:00Z,39.74,39.96,39.63,39.89,1481500
2024-12-05T13:00:00Z,39.78,40.23,39.7,40.08,814300
2024-12-05T14:00:00Z,40.06,40.56,39.92,40.53,595000
2024-12-05T15:00:00Z,40.53,40.56,40.28,40.39,746200
2024-12-05T16:00:00Z,40.39,40.55,40.32,40.54,406700
2024-12-05T17:00:00Z,40.6,40.75,40.51,40.57,772000
2024-12-05T18:00:00Z,40.54,41.05,40.54,40.91,966400
2024-12-05T19:00:00Z,40.91,41,40.65,40.97,794000
2024-12-05T20:00:00Z,40.94,40.99,40.46,40.61,1934400
2024-12-06T13:00:00Z,40.41,40.42,40.03,40.12,640800
2024-12-06T14:00:00Z,40.11,40.29,39.95,40.23,1027900
2024-12-06T15:00:00Z,40.23,40.26,39.9,40.02,617900
2024-12-06T16:00:00Z,40.01,40.08,39.85,39.96,633500
2024-12-06T17:00:00Z,39.97,39.97,39.81,39.88,520700
2024-12-06T18:00:00Z,39.88,39.95,39.67,39.77,577000
2024-12-06T19:00:00Z,39.77,40,39.74,39.91,624900
2024-12-06T20:00:00Z,39.9,40.08,39.84,39.84,997600
2024-12-09T13:00:00Z,40.05,40.41,39.8,39.83,740300
2024-12-09T14:00:00Z,39.84,40.17,39.82,40.04,775500
2024-12-09T15:00:00Z,40.04,40.25,39.97,40.12,573600
2024-12-09T16:00:00Z,40.12,40.15,39.92,40.08,370600
2024-12-09T17:00:00Z,40.08,40.28,40.08,40.11,652500
2024-12-09T18:00:00Z,40.1,40.2,40.04,40.11,307500
2024-12-09T19:00:00Z,40.1,40.35,40.09,40.34,478500
2024-12-09T20:00:00Z,40.33,40.35,40.08,40.08,744700
2024-12-10T13:00:00Z,40.14,40.62,40.03,40.55,2710700
2024-12-10T14:00:00Z,40.55,40.74,40.3,40.35,687000
2024-12-10T15:00:00Z,40.35,40.56,40.23,40.39,401200
2024-12-10T16:00:00Z,40.39,40.39,40.15,40.19,448800
2024-12-10T17:00:00Z,40.19,40.3,40.18,40.26,290500
2024-12-10T18:00:00Z,40.27,40.32,40.18,40.21,240300
2024-12-10T19:00:00Z,40.21,40.34,40.17,40.34,283100
2024-12-10T20:00:00Z,40.34,40.35,40.15,40.16,556200
2024-12-11T13:00:00Z,40.36,41.22,40.2,41.08,2065600
2024-12-11T14:00:00Z,41.07,41.55,41.02,41.43,2519600
2024-12-11T15:00:00Z,41.4,41.63,41.31,41.5,2780600
2024-12-11T16:00:00Z,41.5,41.71,41.44,41.44,1233900
2024-12-11T17:00:00Z,41.45,41.45,41.04,41.16,1134800
2024-12-11T18:00:00Z,41.16,41.59,41.13,41.43,1818000
2024-12-11T19:00:00Z,41.44,42.48,41.32,41.67,3941300
2024-12-11T20:00:00Z,41.67,42.01,41.55,41.9,2314000
2024-12-12T13:00:00Z,41.76,42.14,41.05,41.31,757200
2024-12-12T14:00:00Z,41.32,41.49,40.96,41.41,1009500
2024-12-12T15:00:00Z,41.43,41.49,40.95,41.3,1536900
2024-12-12T16:00:00Z,41.29,41.46,41.14,41.34,1021500
2024-12-12T17:00:00Z,41.35,41.53,41.08,41.17,799600
2024-12-12T18:00:00Z,41.16,41.35,41.1,41.32,534000
2024-12-12T19:00:00Z,41.32,41.44,41.12,41.37,783800
2024-12-12T20:00:00Z,41.37,41.38,41,41.11,1579100
2024-12-13T13:00:00Z,41.25,41.56,41,41.37,977900
2024-12-13T14:00:00Z,41.34,41.45,41.24,41.31,996700
2024-12-13T15:00:00Z,41.31,41.58,41.19,41.43,1652600
2024-12-13T16:00:00Z,41.43,41.65,41.3,41.6,1049900
2024-12-13T17:00:00Z,41.6,41.65,41.45,41.61,916000
2024-12-13T18:00:00Z,41.62,41.63,41.49,41.53,717300
2024-12-13T19:00:00Z,41.53,41.65,41.5,41.56,795300
2024-12-13T20:00:00Z,41.55,41.68,41.51,41.63,1599100
2024-12-16T13:00:00Z,41.38,41.56,41.15,41.36,507500
2024-12-16T14:00:00Z,41.34,41.56,41.3,41.33,532400
2024-12-16T15:00:00Z,41.33,41.79,41.32,41.76,887200
2024-12-16T16:00:00Z,41.75,41.79,41.45,41.55,781000
2024-12-16T17:00:00Z,41.57,41.57,41.25,41.27,603500
2024-12-16T18:00:00Z,41.27,41.42,41.2,41.35,768700
2024-12-16T19:00:00Z,41.35,41.54,41.35,41.45,722800
2024-12-16T20:00:00Z,41.47,41.48,41.14,41.23,979400
2024-12-17T13:00:00Z,40.94,41.43,40.9,41.4,615700
2024-12-17T14:00:00Z,41.43,41.54,41.11,41.31,878500
2024-12-17T15:00:00Z,41.3,41.54,41.24,41.48,866800
2024-12-17T16:00:00Z,41.5,41.58,41.29,41.43,1227700
2024-12-17T17:00:00Z,41.45,41.67,41.22,41.61,1081600
2024-12-17T18:00:00Z,41.61,41.84,41.37,41.42,1038900
2024-12-17T19:00:00Z,41.42,41.54,41.1,41.18,956300
2024-12-17T20:00:00Z,41.2,41.49,41.17,41.32,1232400
2024-12-18T13:00:00Z,41.3,41.53,40.96,40.99,937800
2024-12-18T14:00:00Z,40.99,41.08,40.7,40.77,1029700
2024-12-18T15:00:00Z,40.8,40.84,40.15,40.27,984400
2024-12-18T16:00:00Z,40.27,40.53,40.14,40.3,1394300
2024-12-18T17:00:00Z,40.29,40.34,39.93,40.13,1419700
2024-12-18T18:00:00Z,40.13,40.44,40.02,40.16,1243800
2024-12-18T19:00:00Z,40.19,40.19,39.59,39.73,1495800
2024-12-18T20:00:00Z,39.73,40.31,39.38,39.82,2703800
2024-12-19T13:00:00Z,40.1,40.46,39.88,40.2,859500
2024-12-19T14:00:00Z,40.2,40.28,39.9,40.18,1113500
2024-12-19T15:00:00Z,40.18,40.18,39.8,39.89,642900
2024-12-19T16:00:00Z,39.88,40.18,39.79,39.88,619700
2024-12-19T17:00:00Z,39.86,40.03,39.83,39.99,487300
2024-12-19T18:00:00Z,39.99,40.09,39.88,39.89,540900
2024-12-19T19:00:00Z,39.87,40.09,39.72,40,1008800
2024-12-19T20:00:00Z,39.99,40.05,39.78,39.9,2308600
2024-12-20T13:00:00Z,39.5,40,39.43,39.95,564100
2024-12-20T14:00:00Z,39.98,40.2,39.95,40.06,744000
2024-12-20T15:00:00Z,40.06,40.24,40.03,40.18,549600
2024-12-20T16:00:00Z,40.16,40.2,40.02,40.04,487600
2024-12-20T17:00:00Z,40.04,40.23,40.01,40.16,645800
2024-12-20T18:00:00Z,40.16,40.41,40.02,40.2,802500
2024-12-20T19:00:00Z,40.2,40.44,40.16,40.18,894600
2024-12-20T20:00:00Z,40.21,40.33,40.13,40.19,1038300
2024-12-23T13:00:00Z,39.8,40.15,39.43,39.59,702600
2024-12-23T14:00:00Z,39.56,39.78,39.33,39.37,636900
2024-12-23T15:00:00Z,39.37,39.38,39.05,39.15,857800
2024-12-23T16:00:00Z,39.14,39.19,38.96,39.03,510000
2024-12-23T17:00:00Z,39.03,39.03,38.8,38.92,907600
2024-12-23T18:00:00Z,38.9,39.33,38.85,39.31,990700
2024-12-23T19:00:00Z,39.31,39.37,39.17,39.35,572700
2024-12-23T20:00:00Z,39.35,39.6,39.24,39.26,1133000
2024-12-26T13:00:00Z,39.36,39.88,39.25,39.87,635400
2024-12-26T14:00:00Z,39.87,40.02,39.78,39.81,467200
2024-12-26T15:00:00Z,39.81,40.25,39.78,40.23,543600
2024-12-26T16:00:00Z,40.22,40.45,40.2,40.26,487800
2024-12-26T17:00:00Z,40.26,40.31,40.1,40.23,409900
2024-12-26T18:00:00Z,40.23,40.45,40.16,40.22,370700
2024-12-26T19:00:00Z,40.23,40.27,40.05,40.22,592200
2024-12-26T20:00:00Z,40.22,40.25,39.75,39.96,956500
2024-12-27T13:00:00Z,40.18,40.28,39.98,40.04,424800
2024-12-27T14:00:00Z,40.06,40.61,40.04,40.41,546200
2024-12-27T15:00:00Z,40.41,40.44,40.09,40.17,359600
2024-12-27T16:00:00Z,40.17,40.31,40.06,40.11,404600
2024-12-27T17:00:00Z,40.09,40.13,39.96,40.01,396200
2024-12-27T18:00:00Z,40.05,40.15,39.97,40.09,546000
2024-12-27T19:00:00Z,40.09,40.09,39.82,39.87,595400
2024-12-27T20:00:00Z,39.85,40.01,39.84,40,662300
2024-12-30T13:00:00Z,40.15,40.24,39.81,40.15,4750100
2024-12-30T14:00:00Z,40.15,40.61,40.13,40.56,419500
2024-12-30T15:00:00Z,40.56,40.65,40.28,40.4,430700
2024-12-30T16:00:00Z,40.37,40.38,39.99,40.13,493500
2024-12-30T17:00:00Z,40.13,40.25,40.11,40.16,260300
2024-12-30T18:00:00Z,40.18,40.36,40.12,40.34,346100
2024-12-30T19:00:00Z,40.34,40.45,40.27,40.41,302800
2024-12-30T20:00:00Z,40.41,40.6,40.17,40.36,796200
2025-01-02T13:00:00Z,40.31,40.91,40.21,40.36,840200
2025-01-02T14:00:00Z,40.37,41.38,40.34,41.36,951700
2025-01-02T15:00:00Z,41.38,41.38,40.93,41.2,1109700
2025-01-02T16:00:00Z,41.2,41.36,41.01,41.02,706700
2025-01-02T17:00:00Z,41.02,41.15,40.77,41.01,576200
2025-01-02T18:00:00Z,41.01,41.16,40.91,41.15,505600
2025-01-02T19:00:00Z,41.16,41.29,41.12,41.13,820000
2025-01-02T20:00:00Z,41.13,41.15,40.92,40.97,801300
2025-01-03T13:00:00Z,41.26,41.26,40.43,40.79,961600
2025-01-03T14:00:00Z,40.77,40.79,40.38,40.6,1149300
2025-01-03T15:00:00Z,40.59,40.89,40.43,40.66,679800
2025-01-03T16:00:00Z,40.67,40.8,40.58,40.61,424700
2025-01-03T17:00:00Z,40.63,40.77,40.49,40.51,459200
2025-01-03T18:00:00Z,40.51,40.75,40.48,40.66,2047600
2025-01-03T19:00:00Z,40.66,40.81,40.5,40.54,626900
2025-01-03T20:00:00Z,40.53,40.69,40.53,40.6,568300
2025-01-06T13:00:00Z,41.3,41.95,41.2,41.56,1352300
2025-01-06T14:00:00Z,41.55,41.8,41.35,41.6,971500
2025-01-06T15:00:00Z,41.63,41.8,41.54,41.65,822000
2025-01-06T16:00:00Z,41.63,41.67,41.51,41.6,320000
2025-01-06T17:00:00Z,41.6,41.6,41.27,41.35,463000
2025-01-06T18:00:00Z,41.33,41.35,41.09,41.26,538600
2025-01-06T19:00:00Z,41.27,41.4,41.15,41.26,1189800
2025-01-06T20:00:00Z,41.26,41.28,41.01,41.17,871100
2025-01-07T13:00:00Z,41.33,41.5,41.11,41.5,1187800
2025-01-07T14:00:00Z,41.52,41.81,41.4,41.59,950500
2025-01-07T15:00:00Z,41.59,42.03,41.48,41.85,931600
2025-01-07T16:00:00Z,41.84,42.14,41.77,42.09,629300
2025-01-07T17:00:00Z,42.09,42.11,41.75,41.79,570800
2025-01-07T18:00:00Z,41.78,41.92,41.55,41.65,529700
2025-01-07T19:00:00Z,41.65,41.92,41.64,41.82,478700
2025-01-07T20:00:00Z,41.82,41.9,41.51,41.89,786100
2025-01-08T13:00:00Z,41.79,42.25,41.26,41.48,1603400
2025-01-08T14:00:00Z,41.48,41.59,41.3,41.4,1491600
2025-01-08T15:00:00Z,41.4,41.52,41.13,41.26,1838500
2025-01-08T16:00:00Z,41.25,41.51,41.18,41.42,1917900
2025-01-08T17:00:00Z,41.45,41.45,41.2,41.31,1022400
2025-01-08T18:00:00Z,41.31,41.37,41.16,41.2,1436300
2025-01-08T19:00:00Z,41.2,41.38,41.15,41.36,1770300
2025-01-08T20:00:00Z,41.35,41.38,41.27,41.28,1552900
2025-01-09T13:00:00Z,41.38,41.88,41.38,41.77,985200
2025-01-09T14:00:00Z,41.77,42.03,41.69,41.96,770700
2025-01-09T15:00:00Z,41.96,42.01,41.85,41.98,368900
2025-01-09T16:00:00Z,41.95,41.98,41.85,41.88,378200
2025-01-09T17:00:00Z,41.88,42.02,41.85,41.98,462000
2025-01-09T18:00:00Z,41.98,42.01,41.88,41.92,335600
2025-01-09T19:00:00Z,41.92,42.04,41.88,42.02,637100
2025-01-09T20:00:00Z,42.02,42.04,41.91,42.04,1078500
2025-01-10T13:00:00Z,42.88,43.71,42.82,42.88,4056600
2025-01-10T14:00:00Z,42.88,43.71,42.85,43.6,3767300
2025-01-10T15:00:00Z,43.59,43.61,43.14,43.18,2278300
2025-01-10T16:00:00Z,43.18,43.19,42.59,42.65,1229800
2025-01-10T17:00:00Z,42.66,42.91,42.61,42.78,1304800
2025-01-10T18:00:00Z,42.78,42.78,42.55,42.55,801200
2025-01-10T19:00:00Z,42.56,42.85,42.49,42.57,1237800
2025-01-10T20:00:00Z,42.55,42.71,42.46,42.69,1250800
2025-01-13T13:00:00Z,43.09,43.54,42.65,42.77,1017800
2025-01-13T14:00:00Z,42.73,42.79,42.57,42.68,1025800
2025-01-13T15:00:00Z,42.67,42.93,42.65,42.86,1110900
2025-01-13T16:00:00Z,42.85,42.97,42.59,42.59,615600
2025-01-13T17:00:00Z,42.59,42.72,42.52,42.68,746600
2025-01-13T18:00:00Z,42.66,42.8,42.59,42.65,659600
2025-01-13T19:00:00Z,42.65,42.66,42.5,42.57,952800
2025-01-13T20:00:00Z,42.57,42.69,42.51,42.65,1360300
2025-01-14T13:00:00Z,42.41,42.58,42.1,42.44,1317600
2025-01-14T14:00:00Z,42.45,42.46,42.1,42.31,1523900
2025-01-14T15:00:00Z,42.32,42.49,42.26,42.4,880500
2025-01-14T16:00:00Z,42.39,42.41,42.18,42.28,811500
2025-01-14T17:00:00Z,42.27,42.34,42.13,42.2,774500
2025-01-14T18:00:00Z,42.19,42.28,42.09,42.2,1182600
2025-01-14T19:00:00Z,42.2,42.38,42.18,42.27,850100
2025-01-14T20:00:00Z,42.27,42.4,42.19,42.28,1206800
2025-01-15T13:00:00Z,42.5,42.59,42.26,42.3,1752700
2025-01-15T14:00:00Z,42.3,42.54,42.21,42.25,3637800
2025-01-15T15:00:00Z,42.25,42.38,42.16,42.32,2054100
2025-01-15T16:00:00Z,42.32,42.75,42.28,42.69,1051600
2025-01-15T17:00:00Z,42.7,42.89,42.57,42.83,1079300
2025-01-15T18:00:00Z,42.83,43.02,42.8,42.88,985800
2025-01-15T19:00:00Z,42.88,43.38,42.87,43.38,1547900
2025-01-15T20:00:00Z,43.38,43.42,43.07,43.19,8769200
2025-01-16T13:00:00Z,42.78,42.83,42.02,42.36,1343500
2025-01-16T14:00:00Z,42.36,42.45,42.14,42.25,1012500
2025-01-16T15:00:00Z,42.28,42.28,41.88,41.98,1055300
2025-01-16T16:00:00Z,41.98,42.03,41.76,41.86,676800
2025-01-16T17:00:00Z,41.85,41.96,41.17,41.17,572700
2025-01-16T18:00:00Z,41.67,42.05,41.6,41.92,1509700
2025-01-16T19:00:00Z,41.92,42.08,41.85,42.04,593500
2025-01-16T20:00:00Z,42.04,42.11,41.86,41.91,1476000
2025-01-17T13:00:00Z,42.14,42.15,41.36,41.53,834400
2025-01-17T14:00:00Z,41.52,41.84,41.52,41.8,829700
2025-01-17T15:00:00Z,41.83,41.87,41.66,41.72,517100
2025-01-17T16:00:00Z,41.7,42.08,41.7,41.97,1080600
2025-01-17T17:00:00Z,41.96,42.22,41.89,42.14,748000
2025-01-17T18:00:00Z,42.13,42.29,42,42.25,1310200
2025-01-17T19:00:00Z,42.23,42.6,42.23,42.51,874100
2025-01-17T20:00:00Z,42.49,42.76,42.4,42.67,1085800
2025-01-20T13:00:00Z,42.7,43.17,42.58,42.99,1048600
2025-01-20T14:00:00Z,42.98,43.08,42.82,42.95,1057500
2025-01-20T15:00:00Z,42.96,43.15,42.85,42.98,421200
2025-01-20T16:00:00Z,42.96,43.07,42.91,42.91,329600
2025-01-20T17:00:00Z,42.91,42.93,42.75,42.8,712900
2025-01-20T18:00:00Z,42.8,42.88,42.76,42.85,603900
2025-01-20T19:00:00Z,42.84,42.89,42.72,42.86,641200
2025-01-20T20:00:00Z,42.87,42.89,42.75,42.84,425900
2025-01-21T13:00:00Z,41.98,42.5,41.98,42.38,1132800
2025-01-21T14:00:00Z,42.38,42.46,42.25,42.3,633800
2025-01-21T15:00:00Z,42.33,42.66,42.29,42.54,433400
2025-01-21T16:00:00Z,42.52,42.65,42.45,42.56,309900
2025-01-21T17:00:00Z,42.55,42.6,42.45,42.55,295600
2025-01-21T18:00:00Z,42.55,42.86,42.55,42.67,605000
2025-01-21T19:00:00Z,42.66,42.73,42.49,42.68,452900
2025-01-21T20:00:00Z,42.68,42.8,42.61,42.66,853500
2025-01-22T13:00:00Z,42.74,43.02,42.54,42.75,589100
2025-01-22T14:00:00Z,42.75,42.8,42.4,42.49,870100
2025-01-22T15:00:00Z,42.47,42.5,42.27,42.32,565300
2025-01-22T16:00:00Z,42.31,42.5,42.21,42.47,637100
2025-01-22T17:00:00Z,42.47,42.6,42.43,42.53,490300
2025-01-22T18:00:00Z,42.53,42.61,42.43,42.52,467200
2025-01-22T19:00:00Z,42.52,42.69,42.39,42.57,750300
2025-01-22T20:00:00Z,42.58,42.59,42.41,42.45,908600
2025-01-23T13:00:00Z,42.56,42.69,42.3,42.34,526500
2025-01-23T14:00:00Z,42.36,42.41,42.01,42.07,1237200
2025-01-23T15:00:00Z,42.08,42.2,42.04,42.11,931500
2025-01-23T16:00:00Z,42.11,42.16,41.8,41.85,1085700
2025-01-23T17:00:00Z,41.85,41.86,41.34,41.56,1668300
2025-01-23T18:00:00Z,41.59,41.62,41.17,41.19,1085400
2025-01-23T19:00:00Z,41.17,41.26,40.95,41.12,1846100
2025-01-23T20:00:00Z,41.11,41.56,41.09,41.56,2077000
2025-01-24T13:00:00Z,41.48,41.48,41.06,41.26,621300
2025-01-24T14:00:00Z,41.26,41.44,41.19,41.21,565700
2025-01-24T15:00:00Z,41.21,41.45,41.18,41.19,525000
2025-01-24T16:00:00Z,41.2,41.43,41.19,41.23,363300
2025-01-24T17:00:00Z,41.23,41.4,41.16,41.26,291600
2025-01-24T18:00:00Z,41.24,41.28,41.1,41.22,397400
2025-01-24T19:00:00Z,41.24,41.65,41.12,41.48,877600
2025-01-24T20:00:00Z,41.48,41.52,41.25,41.25,646400
2025-01-27T13:00:00Z,40.84,41.91,40.8,41.8,8925200
2025-01-27T14:00:00Z,41.81,42.04,41.58,41.75,1109300
2025-01-27T15:00:00Z,41.74,42.06,41.65,41.95,1119900
2025-01-27T16:00:00Z,41.95,42.06,41.85,41.97,586700
2025-01-27T17:00:00Z,41.97,42.2,41.91,42.1,985100
2025-01-27T18:00:00Z,42.08,42.26,42.06,42.14,1030000
2025-01-27T19:00:00Z,42.13,42.2,42.01,42.11,977800
2025-01-27T20:00:00Z,42.1,42.24,42.05,42.05,1292700
2025-01-28T13:00:00Z,42.13,42.32,41.71,41.73,588100
2025-01-28T14:00:00Z,41.73,41.88,41.61,41.81,629000
2025-01-28T15:00:00Z,41.77,41.83,41.44,41.49,721600
2025-01-28T16:00:00Z,41.49,41.67,41.43,41.56,432400
2025-01-28T17:00:00Z,41.56,41.64,41.48,41.57,287400
2025-01-28T18:00:00Z,41.57,41.68,41.47,41.54,467200
2025-01-28T19:00:00Z,41.52,41.66,41.43,41.58,458600
2025-01-28T20:00:00Z,41.56,41.59,41.32,41.39,524000
2025-01-29T13:00:00Z,41.52,41.59,41.04,41.17,681600
2025-01-29T14:00:00Z,41.17,41.3,41.12,41.2,598500
2025-01-29T15:00:00Z,41.2,41.52,41.2,41.39,559200
2025-01-29T16:00:00Z,41.37,41.49,41.28,41.29,310400
2025-01-29T17:00:00Z,41.29,41.32,41.05,41.19,672500
2025-01-29T18:00:00Z,41.17,41.18,40.91,40.97,651700
2025-01-29T19:00:00Z,40.97,40.97,40.54,40.59,1138700
2025-01-29T20:00:00Z,40.59,40.67,40.34,40.47,1430900
2025-01-30T13:00:00Z,40.64,41.03,40.52,40.81,1002600
2025-01-30T14:00:00Z,40.83,41.16,40.65,41.08,802900
2025-01-30T15:00:00Z,41.08,41.24,40.98,41.2,547100
2025-01-30T16:00:00Z,41.19,41.34,41.16,41.28,602700
2025-01-30T17:00:00Z,41.29,41.35,41.19,41.3,566400
2025-01-30T18:00:00Z,41.3,41.47,41.28,41.35,668900
2025-01-30T19:00:00Z,41.35,41.43,41.23,41.32,507800
2025-01-30T20:00:00Z,41.32,41.68,41.32,41.48,1050600
2025-01-31T13:00:00Z,41.46,41.83,41.3,41.41,699600
2025-01-31T14:00:00Z,41.4,41.5,41.2,41.33,828700
2025-01-31T15:00:00Z,41.34,41.37,41.21,41.31,380500
2025-01-31T16:00:00Z,41.32,41.46,41.23,41.33,430000
2025-01-31T17:00:00Z,41.31,41.34,41.09,41.22,599400
2025-01-31T18:00:00Z,41.22,41.29,41.09,41.23,685600
2025-01-31T19:00:00Z,41.23,41.24,41.1,41.16,594600
2025-01-31T20:00:00Z,41.16,41.18,40.95,41,1515800
2025-02-03T13:00:00Z,41.1,41.55,41.03,41.22,731700
2025-02-03T14:00:00Z,41.21,41.35,40.87,40.98,811300
2025-02-03T15:00:00Z,40.97,41.4,40.88,41.2,789200
2025-02-03T16:00:00Z,41.19,41.24,40.99,41,407200
2025-02-03T17:00:00Z,40.99,41.07,40.88,40.91,408400
2025-02-03T18:00:00Z,40.91,41.13,40.89,41.09,1268000
2025-02-03T19:00:00Z,41.09,41.28,41.03,41.22,577200
2025-02-03T20:00:00Z,41.23,41.3,41.16,41.25,642300
2025-02-04T13:00:00Z,40.89,41.24,40.87,41.13,1312300
2025-02-04T14:00:00Z,41.13,41.2,40.72,41.06,1376700
2025-02-04T15:00:00Z,41.07,41.45,41.03,41.15,1040000
2025-02-04T16:00:00Z,41.15,41.3,41.06,41.16,753700
2025-02-04T17:00:00Z,41.14,41.54,41.11,41.53,1105800
2025-02-04T18:00:00Z,41.53,41.68,41.33,41.44,753800
2025-02-04T19:00:00Z,41.44,41.45,41.15,41.26,819600
2025-02-04T20:00:00Z,41.25,41.33,41.15,41.28,802800
2025-02-05T13:00:00Z,41.38,41.6,40.95,41.05,651800
2025-02-05T14:00:00Z,41.06,41.23,40.87,41.02,733200
2025-02-05T15:00:00Z,41.02,41.14,40.93,40.95,544800
2025-02-05T16:00:00Z,40.97,41.07,40.93,41,293700
2025-02-05T17:00:00Z,41,41.02,40.86,40.89,327500
2025-02-05T18:00:00Z,40.91,40.93,40.62,40.71,1213600
2025-02-05T19:00:00Z,40.71,40.83,40.38,40.43,916100
2025-02-05T20:00:00Z,40.43,40.7,40.35,40.4,1304200
2025-02-06T13:00:00Z,40.35,40.72,40.35,40.54,628400
2025-02-06T14:00:00Z,40.54,40.81,40.26,40.29,677600
2025-02-06T15:00:00Z,40.29,40.51,40.06,40.11,365800
2025-02-06T16:00:00Z,40.14,40.2,40.04,40.12,338400
2025-02-06T17:00:00Z,40.14,40.26,40.05,40.15,1195300
2025-02-06T18:00:00Z,40.13,40.56,40.1,40.56,746000
2025-02-06T19:00:00Z,40.56,40.58,40.32,40.36,716700
2025-02-06T20:00:00Z,40.36,40.51,40.35,40.46,679500
2025-02-07T13:00:00Z,40.8,40.82,40.23,40.39,908400
2025-02-07T14:00:00Z,40.37,40.59,40.27,40.39,1567500
2025-02-07T15:00:00Z,40.39,40.42,39.92,40.02,1155900
2025-02-07T16:00:00Z,40.02,40.12,39.93,39.95,799700
2025-02-07T17:00:00Z,39.95,40.03,39.67,39.92,1142000
2025-02-07T18:00:00Z,39.93,40.03,39.7,39.7,837700
2025-02-07T19:00:00Z,39.7,39.82,39.7,39.79,830500
2025-02-07T20:00:00Z,39.77,39.89,39.7,39.74,1000400
2025-02-10T13:00:00Z,39.9,40.3,39.9,40.1,714400
2025-02-10T14:00:00Z,40.1,40.11,39.85,39.9,415400
2025-02-10T15:00:00Z,39.9,39.98,39.71,39.98,543600
2025-02-10T16:00:00Z,39.97,40.1,39.91,40.05,503300
2025-02-10T17:00:00Z,40.05,40.12,39.93,40.06,479700
2025-02-10T18:00:00Z,40.06,40.1,39.96,40.04,472300
2025-02-10T19:00:00Z,40.03,40.21,39.96,40.15,712700
2025-02-10T20:00:00Z,40.15,40.19,40.01,40.06,875300
2025-02-11T13:00:00Z,40.4,40.41,40.1,40.13,609600
2025-02-11T14:00:00Z,40.13,40.34,40.06,40.08,575400
2025-02-11T15:00:00Z,40.08,40.11,39.88,40.04,931800
2025-02-11T16:00:00Z,40.03,40.24,40,40.2,760200
2025-02-11T17:00:00Z,40.2,40.3,40.17,40.26,451500
2025-02-11T18:00:00Z,40.25,40.3,40.16,40.19,398300
2025-02-11T19:00:00Z,40.19,40.39,40.18,40.29,646400
2025-02-11T20:00:00Z,40.28,40.37,40.21,40.29,868900
2025-02-12T13:00:00Z,39.9,40.04,39.45,39.64,981900
2025-02-12T14:00:00Z,39.62,39.81,39.46,39.8,779800
2025-02-12T15:00:00Z,39.79,39.8,39.53,39.59,733300
2025-02-12T16:00:00Z,39.59,39.62,39.47,39.56,422800
2025-02-12T17:00:00Z,39.57,39.81,39.46,39.72,816000
2025-02-12T18:00:00Z,39.72,39.84,39.7,39.78,761000
2025-02-12T19:00:00Z,39.78,39.8,39.61,39.61,640900
2025-02-12T20:00:00Z,39.61,39.74,39.55,39.58,894500
2025-02-13T13:00:00Z,39.16,39.31,38.72,38.9,2065900
2025-02-13T14:00:00Z,38.9,38.96,38.61,38.95,4540800
2025-02-13T15:00:00Z,38.94,39.08,38.87,39.05,613500
2025-02-13T16:00:00Z,39.04,39.05,38.87,39.01,8004300
2025-02-13T17:00:00Z,39.02,39.06,38.91,38.92,437500
2025-02-13T18:00:00Z,38.93,39.01,38.85,38.92,613900
2025-02-13T19:00:00Z,38.93,39.1,38.9,38.95,620400
2025-02-13T20:00:00Z,38.97,39.08,38.76,38.8,912700
2025-02-14T13:00:00Z,39.17,39.22,38.83,38.93,722300
2025-02-14T14:00:00Z,38.94,39.38,38.93,39.27,1144800
2025-02-14T15:00:00Z,39.25,39.3,39.13,39.19,531300
2025-02-14T16:00:00Z,39.18,39.33,39.18,39.32,728500
2025-02-14T17:00:00Z,39.32,39.43,39.29,39.38,442700
2025-02-14T18:00:00Z,39.37,39.4,39.28,39.35,364300
2025-02-14T19:00:00Z,39.32,39.73,39.29,39.65,1330400
2025-02-14T20:00:00Z,39.65,39.7,39.49,39.6,882800
2025-02-17T13:00:00Z,39.32,39.89,39.32,39.74,641000
2025-02-17T14:00:00Z,39.73,39.78,39.46,39.66,453400
2025-02-17T15:00:00Z,39.63,39.7,39.51,39.59,354000
2025-02-17T16:00:00Z,39.6,39.72,39.51,39.6,482100
2025-02-17T17:00:00Z,39.6,39.6,39.42,39.46,433900
2025-02-17T18:00:00Z,39.44,39.5,38.95,39.14,973700
2025-02-17T19:00:00Z,39.14,39.35,38.95,39.01,1014000
2025-02-17T20:00:00Z,39.01,39.1,38.91,38.94,819600
2025-02-18T13:00:00Z,39.22,39.32,39.01,39.21,821300
2025-02-18T14:00:00Z,39.18,39.27,39.05,39.1,590100
2025-02-18T15:00:00Z,39.1,39.52,39.09,39.27,701400
2025-02-18T16:00:00Z,39.26,39.35,39.21,39.33,366600
2025-02-18T17:00:00Z,39.34,39.35,39.11,39.11,476800
2025-02-18T18:00:00Z,39.11,39.12,38.96,39.07,612900
2025-02-18T19:00:00Z,39.07,39.21,39.02,39.03,1005800
2025-02-18T20:00:00Z,39.03,39.11,38.96,39,858700
2025-02-19T13:00:00Z,39,39.12,38.77,39.08,1198100
2025-02-19T14:00:00Z,39.08,39.22,38.97,39.12,786400
2025-02-19T15:00:00Z,39.12,39.33,39.1,39.23,1407600
2025-02-19T16:00:00Z,39.23,39.67,39.19,39.65,955900
2025-02-19T17:00:00Z,39.65,39.66,39.24,39.26,1160300
2025-02-19T18:00:00Z,39.26,39.27,39.03,39.06,543200
2025-02-19T19:00:00Z,39.06,39.15,39.01,39.05,530300
2025-02-19T20:00:00Z,39.05,39.08,38.96,39.01,729500
2025-02-20T13:00:00Z,39.12,39.31,39.01,39.25,660800
2025-02-20T14:00:00Z,39.25,39.4,39.05,39.16,521300
2025-02-20T15:00:00Z,39.16,39.21,39,39.07,530000
2025-02-20T16:00:00Z,39.08,39.12,38.86,38.88,495600
2025-02-20T17:00:00Z,38.87,39,38.84,38.87,570300
2025-02-20T18:00:00Z,38.87,38.89,38.64,38.72,895100
2025-02-20T19:00:00Z,38.72,38.74,38.41,38.42,1120700
2025-02-20T20:00:00Z,38.43,38.55,38.38,38.5,1028800
2025-02-21T13:00:00Z,38.56,38.85,38.35,38.71,717000
2025-02-21T14:00:00Z,38.71,38.71,38.31,38.34,572000
2025-02-21T15:00:00Z,38.34,38.4,38.19,38.24,494900
2025-02-21T16:00:00Z,38.24,38.34,38.15,38.19,443700
2025-02-21T17:00:00Z,38.2,38.3,38.05,38.05,438700
2025-02-21T18:00:00Z,38.05,38.2,37.44,37.72,4221700
2025-02-21T19:00:00Z,37.71,37.87,37.62,37.76,1140600
2025-02-21T20:00:00Z,37.75,37.83,37.63,37.75,1363400
2025-02-24T13:00:00Z,37.84,37.89,37.46,37.52,588400
2025-02-24T14:00:00Z,37.53,37.72,37.47,37.57,657600
2025-02-24T15:00:00Z,37.57,37.58,37.18,37.3,543900
2025-02-24T16:00:00Z,37.31,37.42,37.24,37.32,449600
2025-02-24T17:00:00Z,37.31,37.4,37.15,37.18,759400
2025-02-24T18:00:00Z,37.2,37.26,37.08,37.11,549300
2025-02-24T19:00:00Z,37.09,37.11,36.76,36.88,1414400
2025-02-24T20:00:00Z,36.87,36.9,36.63,36.71,1286400
2025-02-25T13:00:00Z,36.8,37.05,36.73,37.02,749300
2025-02-25T14:00:00Z,37.03,37.43,36.99,37.29,797400
2025-02-25T15:00:00Z,37.3,37.34,36.85,37.13,3885000
2025-02-25T16:00:00Z,37.13,37.29,36.96,36.99,742300
2025-02-25T17:00:00Z,36.98,37.11,36.86,37.01,680500
2025-02-25T18:00:00Z,37.01,37.09,36.96,37,705800
2025-02-25T19:00:00Z,37,37.08,36.96,37.02,495100
2025-02-25T20:00:00Z,37.01,37.06,36.67,36.69,884800
2025-02-26T13:00:00Z,36.86,36.98,36.63,36.65,812700
2025-02-26T14:00:00Z,36.65,36.75,36.44,36.49,553800
2025-02-26T15:00:00Z,36.5,36.55,36.41,36.49,426200
2025-02-26T16:00:00Z,36.49,36.58,36.34,36.37,455000
2025-02-26T17:00:00Z,36.35,36.45,36.12,36.13,525400
2025-02-26T18:00:00Z,36.13,36.34,36.06,36.28,738200
2025-02-26T19:00:00Z,36.26,36.36,36.14,36.19,670700
2025-02-26T20:00:00Z,36.19,36.29,36.02,36.2,1680800
2025-02-27T13:00:00Z,36.84,37.32,36.6,36.86,2471100
2025-02-27T14:00:00Z,36.88,37.54,36.85,37.36,2135600
2025-02-27T15:00:00Z,37.36,37.45,37.18,37.22,1366500
2025-02-27T16:00:00Z,37.23,37.41,37.11,37.38,975800
2025-02-27T17:00:00Z,37.4,37.78,37.4,37.73,1635500
2025-02-27T18:00:00Z,37.71,37.86,37.55,37.79,934700
2025-02-27T19:00:00Z,37.8,38.39,37.79,38.33,2502400
2025-02-27T20:00:00Z,38.33,38.39,38.11,38.22,2536600
2025-02-28T13:00:00Z,39.6,39.91,38.63,38.92,4882600
2025-02-28T14:00:00Z,38.92,39.18,38.44,38.57,2448400
2025-02-28T15:00:00Z,38.55,38.84,38.3,38.52,2123500
2025-02-28T16:00:00Z,38.52,38.65,38.27,38.39,2714300
2025-02-28T17:00:00Z,38.39,38.7,38.05,38.64,2537100
2025-02-28T18:00:00Z,38.65,38.65,38.1,38.35,1872100
2025-02-28T19:00:00Z,38.36,38.53,38.25,38.38,1635900
2025-02-28T20:00:00Z,38.38,38.66,38.19,38.66,1887900
2025-03-05T16:00:00Z,38.31,38.62,37.14,37.41,5725500
2025-03-05T17:00:00Z,37.41,37.65,37.29,37.41,1823200
2025-03-05T18:00:00Z,37.39,37.54,37.24,37.46,1383600
2025-03-05T19:00:00Z,37.46,37.58,37.11,37.12,1316800
2025-03-05T20:00:00Z,37.12,37.39,37.01,37.37,1477700
2025-03-06T13:00:00Z,37.68,38.78,37.68,38.5,2313300
2025-03-06T14:00:00Z,38.51,38.55,37.96,38.18,1426700
2025-03-06T15:00:00Z,38.18,38.4,38.06,38.2,784900
2025-03-06T16:00:00Z,38.19,38.31,37.86,37.95,858400
2025-03-06T17:00:00Z,37.95,38.13,37.7,37.71,1066900
2025-03-06T18:00:00Z,37.7,37.74,37.4,37.54,910400
2025-03-06T19:00:00Z,37.53,37.69,37.33,37.44,878000
2025-03-06T20:00:00Z,37.44,37.64,37.38,37.47,752700
2025-03-07T13:00:00Z,37.75,37.87,37.44,37.67,1036600
2025-03-07T14:00:00Z,37.67,37.99,37.6,37.99,812400
2025-03-07T15:00:00Z,37.99,38.28,37.97,38.1,944600
2025-03-07T16:00:00Z,38.12,38.31,38.03,38.26,509600
2025-03-07T17:00:00Z,38.28,38.66,38.25,38.62,1056700
2025-03-07T18:00:00Z,38.62,38.63,38.32,38.49,661500
2025-03-07T19:00:00Z,38.47,38.98,38.47,38.71,1567300
2025-03-07T20:00:00Z,38.69,38.71,38.3,38.51,801600
2025-03-10T13:00:00Z,38.32,38.38,37.59,37.66,961300
2025-03-10T14:00:00Z,37.63,37.79,37.52,37.58,854400
2025-03-10T15:00:00Z,37.57,37.9,37.54,37.75,769500
2025-03-10T16:00:00Z,37.75,37.91,37.73,37.79,1355400
2025-03-10T17:00:00Z,37.8,37.88,37.71,37.85,523600
2025-03-10T18:00:00Z,37.85,37.85,37.48,37.49,877800
2025-03-10T19:00:00Z,37.48,37.54,37.38,37.45,1008100
2025-03-11T13:00:00Z,37.6,38,37.35,37.47,1156500
2025-03-11T14:00:00Z,37.46,37.5,37.05,37.05,1263200
2025-03-11T15:00:00Z,37.05,37.35,37.01,37.3,640200
2025-03-11T16:00:00Z,37.3,37.33,37.17,37.23,525300
2025-03-11T17:00:00Z,37.23,37.26,36.84,37.02,1013800
2025-03-11T18:00:00Z,37.02,37.39,36.99,37.29,624600
2025-03-11T19:00:00Z,37.27,37.35,37.05,37.05,950200
2025-03-12T13:00:00Z,37.31,37.32,36.84,37.11,784300
2025-03-12T14:00:00Z,37.1,37.28,36.96,36.99,780000
2025-03-12T15:00:00Z,36.99,37.22,36.94,37.1,458400
2025-03-12T16:00:00Z,37.08,37.15,37,37.04,442600
2025-03-12T17:00:00Z,37.03,37.07,36.77,36.78,568700
2025-03-12T18:00:00Z,36.77,36.82,36.65,36.71,989000
2025-03-12T19:00:00Z,36.7,36.88,36.68,36.8,760400
2025-03-13T13:00:00Z,36.85,36.91,36.51,36.62,873400
2025-03-13T14:00:00Z,36.62,37.1,36.6,37.08,878100
2025-03-13T15:00:00Z,37.08,37.25,37,37.13,961100
2025-03-13T16:00:00Z,37.11,37.14,36.86,36.89,486400
2025-03-13T17:00:00Z,36.9,37.06,36.88,36.88,477900
2025-03-13T18:00:00Z,36.9,37.02,36.8,36.84,624100
2025-03-13T19:00:00Z,36.84,36.85,36.47,36.53,1849700
2025-03-14T13:00:00Z,36.76,38.28,36.56,38.03,3114900
2025-03-14T14:00:00Z,37.99,38.52,37.86,38.43,2388900
2025-03-14T15:00:00Z,38.43,39.04,38.42,39.01,2186000
2025-03-14T16:00:00Z,39.01,39.17,38.87,39,1777100
2025-03-14T17:00:00Z,38.97,39.29,38.97,39.14,1895900
2025-03-14T18:00:00Z,39.14,39.35,39.11,39.24,1605300
2025-03-14T19:00:00Z,39.24,39.48,39.1,39.31,1886300
2025-03-17T13:00:00Z,39.43,39.76,39.24,39.67,1133600
2025-03-17T14:00:00Z,39.65,39.7,39.41,39.55,843100
2025-03-17T15:00:00Z,39.57,39.93,39.56,39.91,949700
2025-03-17T16:00:00Z,39.91,39.99,39.71,39.8,607000
2025-03-17T17:00:00Z,39.79,39.95,39.74,39.92,683800
2025-03-17T18:00:00Z,39.92,40.04,39.81,39.95,942800
2025-03-17T19:00:00Z,39.95,40,39.71,39.73,798400
2025-03-18T13:00:00Z,40.01,40.34,39.8,40.01,1106400
2025-03-18T14:00:00Z,40.01,40.05,39.5,39.67,1048100
2025-03-18T15:00:00Z,39.66,39.96,39.61,39.8,506200
2025-03-18T16:00:00Z,39.78,39.86,39.65,39.71,556000
2025-03-18T17:00:00Z,39.7,39.87,39.68,39.76,384000
2025-03-18T18:00:00Z,39.75,39.82,39.66,39.69,446800
2025-03-18T19:00:00Z,39.71,39.76,39.5,39.57,799900
2025-03-19T13:00:00Z,39.9,39.95,39.52,39.64,490300
2025-03-19T14:00:00Z,39.63,39.67,39.39,39.45,936300
2025-03-19T15:00:00Z,39.45,39.56,39.37,39.37,469800
2025-03-19T16:00:00Z,39.38,39.49,39.26,39.47,596100
2025-03-19T17:00:00Z,39.47,39.63,39.39,39.43,869500
2025-03-19T18:00:00Z,39.43,39.51,39.26,39.51,609300
2025-03-19T19:00:00Z,39.5,39.54,39.25,39.31,1035800
2025-03-20T13:00:00Z,39.16,39.27,38.93,38.93,775500
2025-03-20T14:00:00Z,38.92,38.97,38.63,38.92,917700
2025-03-20T15:00:00Z,38.92,39,38.79,38.94,642400
2025-03-20T16:00:00Z,38.93,39.03,38.81,39.02,495800
2025-03-20T17:00:00Z,39.02,39.11,38.85,38.9,1030700
2025-03-20T18:00:00Z,38.91,39.11,38.86,39.01,1137500
2025-03-20T19:00:00Z,39.01,39.53,39.01,39.52,1648900
2025-03-21T13:00:00Z,39.32,39.48,38.85,39.06,1193200
2025-03-21T14:00:00Z,39.06,39.32,38.92,39.28,806100
2025-03-21T15:00:00Z,39.28,39.4,38.88,38.88,2382400
2025-03-21T16:00:00Z,38.88,38.96,38.62,38.82,2163700
2025-03-21T17:00:00Z,38.82,38.94,38.65,38.7,897000
2025-03-21T18:00:00Z,38.71,38.86,38.63,38.63,1937100
2025-03-21T19:00:00Z,38.63,38.95,38.61,38.93,1486400
2025-03-24T13:00:00Z,39.04,39.39,38.88,39.25,731400
2025-03-24T14:00:00Z,39.23,39.82,39.17,39.8,1281400
2025-03-24T15:00:00Z,39.81,39.84,39.41,39.5,381500
2025-03-24T16:00:00Z,39.5,39.57,39.2,39.26,662800
2025-03-24T17:00:00Z,39.25,39.36,39,39.03,541000
2025-03-24T18:00:00Z,39.02,39.24,38.97,39.2,651200
2025-03-24T19:00:00Z,39.19,39.69,39.16,39.66,1007600
2025-03-25T13:00:00Z,39.61,39.81,39.5,39.58,822200
2025-03-25T14:00:00Z,39.58,39.63,39.25,39.57,1176000
2025-03-25T15:00:00Z,39.57,39.9,39.53,39.69,685700
2025-03-25T16:00:00Z,39.72,39.72,39.41,39.52,311400
2025-03-25T17:00:00Z,39.51,39.61,39.42,39.5,309000
2025-03-25T18:00:00Z,39.48,39.57,39.45,39.46,300900
2025-03-25T19:00:00Z,39.46,39.49,39.01,39.09,950900
2025-03-26T13:00:00Z,39.2,40.89,39.12,40.84,2609100
2025-03-26T14:00:00Z,40.85,41.28,40.81,41.03,2371600
2025-03-26T15:00:00Z,41.03,41.17,40.71,40.9,1018300
2025-03-26T16:00:00Z,40.9,40.99,40.56,40.77,737300
2025-03-26T17:00:00Z,40.77,40.87,40.61,40.73,448600
2025-03-26T18:00:00Z,40.73,40.78,40.55,40.6,598000
2025-03-26T19:00:00Z,40.62,40.85,40.5,40.7,867100
2025-03-27T13:00:00Z,40.6,40.65,40.21,40.58,721700
2025-03-27T14:00:00Z,40.53,40.62,40.35,40.39,415000
2025-03-27T15:00:00Z,40.39,40.96,40.35,40.79,741000
2025-03-27T16:00:00Z,40.81,41.04,40.75,40.92,391500
2025-03-27T17:00:00Z,40.93,41.15,40.72,40.79,520600
2025-03-27T18:00:00Z,40.8,40.98,40.65,40.74,467800
2025-03-27T19:00:00Z,40.76,40.78,40.31,40.53,881200
2025-03-28T13:00:00Z,40.68,40.68,40.38,40.39,373200
2025-03-28T14:00:00Z,40.38,40.42,39.93,39.97,718200
2025-03-28T15:00:00Z,39.97,40.12,39.83,39.96,616500
2025-03-28T16:00:00Z,39.97,40.01,39.9,39.94,159800
2025-03-28T17:00:00Z,39.95,40.02,39.87,39.97,219800
2025-03-28T18:00:00Z,39.97,40.33,39.97,40.28,583500
2025-03-28T19:00:00Z,40.28,40.33,40.16,40.19,573300
2025-03-31T13:00:00Z,39.91,40.06,39.51,39.96,1104600
2025-03-31T14:00:00Z,39.96,40.19,39.77,39.93,831000
2025-03-31T15:00:00Z,39.92,39.99,39.81,39.87,386500
2025-03-31T16:00:00Z,39.86,39.92,39.73,39.84,377200
2025-03-31T17:00:00Z,39.83,40.05,39.66,39.94,652300
2025-03-31T18:00:00Z,39.96,40.08,39.76,39.92,530500
2025-03-31T19:00:00Z,39.91,40.05,39.83,39.95,861500
2025-04-01T13:00:00Z,39.85,40.2,39.77,40,1040100
2025-04-01T14:00:00Z,39.99,40.39,39.89,40.14,1038400
2025-04-01T15:00:00Z,40.16,40.36,40.07,40.24,671700
2025-04-01T16:00:00Z,40.24,40.38,40.05,40.13,637200
2025-04-01T17:00:00Z,40.13,40.27,40.08,40.13,606400
2025-04-01T18:00:00Z,40.13,40.19,39.96,40.03,757500
2025-04-01T19:00:00Z,40.02,40.14,39.99,40.06,931400
2025-04-02T13:00:00Z,39.16,39.19,38.62,38.87,4834900
2025-04-02T14:00:00Z,38.85,39.8,38.8,39.62,2092800
2025-04-02T15:00:00Z,39.65,39.9,39.53,39.67,769200
2025-04-02T16:00:00Z,39.67,39.87,39.65,39.87,388300
2025-04-02T17:00:00Z,39.87,39.93,39.69,39.77,619000
2025-04-02T18:00:00Z,39.77,39.9,39.58,39.77,775400
2025-04-02T19:00:00Z,39.75,39.81,39.63,39.7,701800
2025-04-03T13:00:00Z,37.24,38.4,36.83,37.62,6777300
2025-04-03T14:00:00Z,37.62,37.77,36.7,36.71,5071100
2025-04-03T15:00:00Z,36.72,37.23,36.59,36.92,3452900
2025-04-03T16:00:00Z,36.92,37.16,36.72,36.92,1434400
2025-04-03T17:00:00Z,36.92,37.12,36.7,36.92,2307400
2025-04-03T18:00:00Z,36.92,37.27,36.81,36.88,2462600
2025-04-03T19:00:00Z,36.88,37.1,36.67,36.98,3538900
2025-04-04T13:00:00Z,33.65,34.41,33.22,33.51,9614200
2025-04-04T14:00:00Z,33.48,33.6,32.9,33.26,6175100
2025-04-04T15:00:00Z,33.24,33.82,33.21,33.55,4088100
2025-04-04T16:00:00Z,33.55,33.71,33.38,33.6,2414600
2025-04-04T17:00:00Z,33.6,34,33.47,33.98,3765300
2025-04-04T18:00:00Z,33.97,34.1,33.82,33.97,3160100
2025-04-04T19:00:00Z,33.97,34.04,33.83,33.99,3811800
2025-04-07T13:00:00Z,33.13,33.84,33.02,33.49,3699800
2025-04-07T14:00:00Z,33.49,34.68,33.36,34.09,3677900
2025-04-07T15:00:00Z,34.08,34.47,33.82,34.33,2260300
2025-04-07T16:00:00Z,34.32,34.4,34.03,34.24,1040400
2025-04-07T17:00:00Z,34.24,34.81,34.22,34.67,1556800
2025-04-07T18:00:00Z,34.67,34.68,34.22,34.53,3154400
2025-04-07T19:00:00Z,34.54,34.85,34.44,34.6,1251600
2025-04-08T13:00:00Z,34.88,35.4,34.63,35.2,2177600
2025-04-08T14:00:00Z,35.2,35.51,34.66,34.68,1401700
2025-04-08T15:00:00Z,34.69,35,34.44,34.79,1210300
2025-04-08T16:00:00Z,34.79,34.9,34.36,34.49,4786900
2025-04-08T17:00:00Z,34.51,34.68,34.2,34.68,1522700
2025-04-08T18:00:00Z,34.69,34.84,34.29,34.3,1481400
2025-04-08T19:00:00Z,34.3,34.31,33.48,33.76,2914900
2025-04-09T13:00:00Z,33.2,33.42,32.84,33.17,3368800
2025-04-09T14:00:00Z,33.17,33.34,32.74,32.92,3116300
2025-04-09T15:00:00Z,32.92,33.05,32.71,32.73,2071700
2025-04-09T16:00:00Z,32.71,33.05,32.69,32.93,1795400
2025-04-09T17:00:00Z,32.93,35.91,32.81,35.52,6829100
2025-04-09T18:00:00Z,35.52,36.02,35.25,35.33,3305300
2025-04-09T19:00:00Z,35.34,36.09,35.21,35.97,5402600
2025-04-10T13:00:00Z,35.31,35.31,33.82,33.89,4052900
2025-04-10T14:00:00Z,33.89,34.06,33.6,33.78,2131100
2025-04-10T15:00:00Z,33.78,33.94,33.7,33.74,1051800
2025-04-10T16:00:00Z,33.74,33.82,33.51,33.81,1199600
2025-04-10T17:00:00Z,33.8,34.04,33.67,33.84,1555500
2025-04-10T18:00:00Z,33.84,33.94,33.81,33.88,177300
2025-04-10T19:00:00Z,33.21,33.44,32.68,32.86,33637000
2025-04-11T13:00:00Z,33.2,33.44,32.86,33.21,3137100
2025-04-11T14:00:00Z,33.18,33.5,32.96,33.28,3208600
2025-04-11T15:00:00Z,33.27,33.55,33.25,33.44,1108200
2025-04-11T16:00:00Z,33.45,33.72,33.32,33.61,1228200
2025-04-11T17:00:00Z,33.61,34.28,33.55,34.14,2567700
2025-04-11T18:00:00Z,34.15,34.53,34,34.45,1176800
2025-04-11T19:00:00Z,34.45,34.63,34.26,34.5,2414400
2025-04-14T13:00:00Z,35.16,35.62,34.5,34.53,2400100
2025-04-14T14:00:00Z,34.53,34.74,34.37,34.55,1148500
2025-04-14T15:00:00Z,34.53,34.6,34.08,34.24,1344100
2025-04-14T16:00:00Z,34.24,34.25,34.03,34.07,806600
2025-04-14T17:00:00Z,34.05,34.37,34.01,34.23,1189400
2025-04-14T18:00:00Z,34.2,34.5,34.18,34.19,1473700
2025-04-14T19:00:00Z,34.19,34.24,33.8,33.83,2904300
2025-04-15T13:00:00Z,33.46,33.66,33.21,33.42,2521700
2025-04-15T14:00:00Z,33.41,33.48,33.02,33.17,1769700
2025-04-15T15:00:00Z,33.17,33.3,33.07,33.22,992300
2025-04-15T16:00:00Z,33.21,33.25,32.95,32.98,1562200
2025-04-15T17:00:00Z,32.97,33.03,32.81,32.89,2578800
2025-04-15T18:00:00Z,32.89,33.09,32.87,33.05,1183700
2025-04-15T19:00:00Z,33.04,33.17,33,33.07,1989500
2025-04-16T13:00:00Z,33.3,33.35,32.9,33.07,3391200
2025-04-16T14:00:00Z,33.07,33.49,33.07,33.36,2624700
2025-04-16T15:00:00Z,33.37,33.46,33.31,33.42,805100
2025-04-16T16:00:00Z,33.43,33.78,33.41,33.78,1993500
2025-04-16T17:00:00Z,33.78,33.89,33.33,33.37,1589200
2025-04-16T18:00:00Z,33.37,33.64,33.36,33.49,884100
2025-04-16T19:00:00Z,33.5,33.6,33.22,33.35,1263600
2025-04-17T13:00:00Z,33.9,34.42,33.77,34.19,1916500
2025-04-17T14:00:00Z,34.2,34.56,34.1,34.34,985400
2025-04-17T15:00:00Z,34.32,34.88,34.28,34.76,1617100
2025-04-17T16:00:00Z,34.77,35.09,34.72,35.04,1178300
2025-04-17T17:00:00Z,35.04,35.05,34.72,34.83,714100
2025-04-17T18:00:00Z,34.83,34.9,34.52,34.58,780300
2025-04-17T19:00:00Z,34.58,34.66,34.25,34.56,1568000
2025-04-22T13:00:00Z,34.31,34.45,33.65,34.3,1988500
2025-04-22T14:00:00Z,34.3,34.62,34.22,34.61,707900
2025-04-22T15:00:00Z,34.59,34.82,34.57,34.79,491600
2025-04-22T16:00:00Z,34.8,34.89,34.63,34.65,643600
2025-04-22T17:00:00Z,34.65,34.71,34.47,34.57,704000
2025-04-22T18:00:00Z,34.57,34.72,34.52,34.65,476700
2025-04-22T19:00:00Z,34.66,34.73,34.53,34.55,1154400
2025-04-23T13:00:00Z,35,35.05,34.46,34.98,1644900
2025-04-23T14:00:00Z,34.96,35.09,33.94,34.2,2958500
2025-04-23T15:00:00Z,34.21,34.39,33.97,34.08,963600
2025-04-23T16:00:00Z,34.08,34.11,33.81,34.03,1079300
2025-04-23T17:00:00Z,34,34.04,33.63,33.67,956500
2025-04-23T18:00:00Z,33.65,33.72,33.42,33.52,1513800
2025-04-23T19:00:00Z,33.53,33.55,33.29,33.33,1661900
2025-04-24T13:00:00Z,33.56,33.58,33.23,33.44,1077900
2025-04-24T14:00:00Z,33.44,34.03,33.42,34.02,1919400
2025-04-24T15:00:00Z,34,34.38,33.96,34.35,1727600
2025-04-24T16:00:00Z,34.36,34.44,34.26,34.28,1839100
2025-04-24T17:00:00Z,34.28,34.29,34,34.06,950800
2025-04-24T18:00:00Z,34.06,34.8,34.04,34.69,2046700
2025-04-24T19:00:00Z,34.7,34.72,34.36,34.49,1923500
2025-04-25T13:00:00Z,34.53,35.1,34.31,34.95,1194300
2025-04-25T14:00:00Z,34.95,35.4,34.91,35.18,1867800
2025-04-25T15:00:00Z,35.19,35.34,35.11,35.28,2328500
2025-04-25T16:00:00Z,35.28,35.49,35.24,35.45,737800
2025-04-25T17:00:00Z,35.45,35.49,34.9,34.96,1498800
2025-04-25T18:00:00Z,34.96,35.21,34.86,34.92,1307900
2025-04-25T19:00:00Z,34.92,34.97,34.74,34.97,1923900
2025-04-28T13:00:00Z,34.59,35.19,34.35,34.8,2224600
2025-04-28T14:00:00Z,34.8,34.93,34.47,34.56,1354500
2025-04-28T15:00:00Z,34.57,34.6,34.21,34.28,1381200
2025-04-28T16:00:00Z,34.29,34.31,34.03,34.07,735600
2025-04-28T17:00:00Z,34.07,34.1,33.76,33.77,1194400
2025-04-28T18:00:00Z,33.76,33.84,33.57,33.73,1976200
2025-04-28T19:00:00Z,33.73,33.89,33.62,33.81,1752100
2025-04-29T13:00:00Z,33.48,35.23,33.46,35.21,4185200
2025-04-29T14:00:00Z,35.18,35.5,34.79,34.96,4550600
2025-04-29T15:00:00Z,34.97,35.32,34.9,35.12,2378100
2025-04-29T16:00:00Z,35.13,35.2,34.91,34.94,1025500
2025-04-29T17:00:00Z,34.94,35,34.8,34.92,1044900
2025-04-29T18:00:00Z,34.92,34.95,34.54,34.66,880400
2025-04-29T19:00:00Z,34.66,34.82,34.51,34.79,1088000
2025-04-30T13:00:00Z,34.31,34.75,34.18,34.26,1245800
2025-04-30T14:00:00Z,34.26,34.61,34.25,34.25,905400
2025-04-30T15:00:00Z,34.25,34.42,34.01,34.06,1223100
2025-04-30T16:00:00Z,34.06,34.24,33.98,33.99,731800
2025-04-30T17:00:00Z,33.99,34.04,33.66,33.74,1299600
2025-04-30T18:00:00Z,33.75,33.94,33.6,33.61,2135300
2025-04-30T19:00:00Z,33.62,33.76,33.55,33.71,2142500
2025-05-02T13:00:00Z,35.91,36.32,35.36,35.46,10247700
2025-05-02T14:00:00Z,35.46,35.88,35.41,35.75,3337200
2025-05-02T15:00:00Z,35.76,35.9,35.67,35.79,3010000
2025-05-02T16:00:00Z,35.8,36.22,35.75,36.14,3839700
2025-05-02T17:00:00Z,36.14,36.62,36.1,36.54,2992700
2025-05-02T18:00:00Z,36.55,36.78,36.5,36.65,2843300
2025-05-02T19:00:00Z,36.65,36.76,36.23,36.43,3382900
2025-05-05T13:00:00Z,35.98,36.56,35.6,35.84,5625200
2025-05-05T14:00:00Z,35.85,36,35.71,35.95,1588700
2025-05-05T15:00:00Z,35.94,35.95,35.51,35.67,804400
2025-05-05T16:00:00Z,35.67,35.96,35.65,35.72,940000
2025-05-05T17:00:00Z,35.72,35.75,35.44,35.55,762100
2025-05-05T18:00:00Z,35.55,35.58,35.4,35.49,671900
2025-05-05T19:00:00Z,35.49,35.58,35.18,35.36,1479000
2025-05-06T13:00:00Z,36.23,37.51,36.23,36.93,4129800
2025-05-06T14:00:00Z,36.92,37.12,36.52,36.79,2403800
2025-05-06T15:00:00Z,36.8,37.02,36.75,36.94,1425400
2025-05-06T16:00:00Z,36.94,36.94,36.66,36.77,1032000
2025-05-06T17:00:00Z,36.75,37.05,36.68,36.94,1427500
2025-05-06T18:00:00Z,36.94,37.06,36.8,36.93,1049800
2025-05-06T19:00:00Z,36.93,37,36.81,36.9,2010300
2025-05-07T13:00:00Z,37.17,37.2,36.28,36.45,2345400
2025-05-07T14:00:00Z,36.46,36.79,36.15,36.49,7369700
2025-05-07T15:00:00Z,36.47,36.53,36.2,36.28,1286800
2025-05-07T16:00:00Z,36.28,36.39,36.18,36.33,717500
2025-05-07T17:00:00Z,36.33,36.47,36.21,36.37,866000
2025-05-07T18:00:00Z,36.37,36.44,35.93,35.97,2337600
2025-05-07T19:00:00Z,35.95,35.98,35.6,35.78,1940900
2025-05-08T13:00:00Z,36.55,37.14,36.4,37.11,2404200
2025-05-08T14:00:00Z,37.1,37.11,36.63,36.73,1000900
2025-05-08T15:00:00Z,36.73,37.07,36.7,36.96,641000
2025-05-08T16:00:00Z,36.96,37,36.66,36.87,445100
2025-05-08T17:00:00Z,36.87,36.87,36.7,36.78,347000
2025-05-08T18:00:00Z,36.78,36.87,36.69,36.85,701500
2025-05-08T19:00:00Z,36.85,37.19,36.81,36.9,1206700
2025-05-09T13:00:00Z,37.1,37.7,36.9,36.98,5289400
2025-05-09T14:00:00Z,36.97,36.98,36.51,36.87,901100
2025-05-09T15:00:00Z,36.87,36.88,36.32,36.54,1581300
2025-05-09T16:00:00Z,36.54,36.59,36.45,36.5,451200
2025-05-09T17:00:00Z,36.47,36.92,36.47,36.92,714900
2025-05-09T18:00:00Z,36.9,37.23,36.85,36.91,1615100
2025-05-09T19:00:00Z,36.91,36.93,36.6,36.6,1239600
2025-05-12T13:00:00Z,38,38.78,37.9,38.38,5975700
2025-05-12T14:00:00Z,38.38,38.73,38.34,38.59,1634600
2025-05-12T15:00:00Z,38.61,38.66,38.36,38.58,803400
2025-05-12T16:00:00Z,38.59,38.6,38.3,38.43,977900
2025-05-12T17:00:00Z,38.44,38.68,38.35,38.53,3204000
2025-05-12T18:00:00Z,38.52,38.68,38.41,38.64,1223200
2025-05-12T19:00:00Z,38.65,38.73,38.6,38.7,1501800
2025-05-13T13:00:00Z,38.64,38.9,38.53,38.71,1327700
2025-05-13T14:00:00Z,38.71,39,38.44,38.81,1378200
2025-05-13T15:00:00Z,38.81,39.28,38.7,39.27,1294500
2025-05-13T16:00:00Z,39.27,39.31,39.07,39.15,750800
2025-05-13T17:00:00Z,39.15,39.33,39.03,39.32,698600
2025-05-13T18:00:00Z,39.3,39.56,39.3,39.5,1004100
2025-05-13T19:00:00Z,39.49,39.7,39.45,39.52,1115800
2025-05-14T13:00:00Z,39.25,39.39,38.85,39.3,961700
2025-05-14T14:00:00Z,39.3,39.49,39.09,39.44,913000
2025-05-14T15:00:00Z,39.42,39.63,39.3,39.58,540100
2025-05-14T16:00:00Z,39.56,39.8,39.54,39.77,981600
2025-05-14T17:00:00Z,39.77,39.87,39.6,39.76,1065300
2025-05-14T18:00:00Z,39.75,39.79,39.42,39.44,1528700
2025-05-14T19:00:00Z,39.43,39.59,39.38,39.42,841400
2025-05-15T13:00:00Z,38.52,39.15,38.41,39.05,2548600
2025-05-15T14:00:00Z,39.05,39.23,38.9,39.06,1423500
2025-05-15T15:00:00Z,39.06,39.07,38.86,38.95,799800
2025-05-15T16:00:00Z,38.94,39.08,38.9,39,579500
2025-05-15T17:00:00Z,39,39.01,38.72,38.81,685100
2025-05-15T18:00:00Z,38.8,38.87,38.62,38.67,710000
2025-05-15T19:00:00Z,38.66,39.02,38.64,38.94,1294500
2025-05-16T13:00:00Z,39,39.61,38.92,39.56,1549700
2025-05-16T14:00:00Z,39.56,39.61,39.03,39.18,731200
2025-05-16T15:00:00Z,39.19,39.48,39.16,39.41,6350100
2025-05-16T16:00:00Z,39.4,39.57,39.3,39.36,1335000
2025-05-16T17:00:00Z,39.37,39.41,39.27,39.31,486000
2025-05-16T18:00:00Z,39.31,39.58,39.28,39.58,789500
2025-05-16T19:00:00Z,39.58,39.7,39.48,39.48,995100
2025-05-19T13:00:00Z,39.55,39.64,39.04,39.1,650900
2025-05-19T14:00:00Z,39.08,39.31,38.95,39.05,617500
2025-05-19T15:00:00Z,39.05,39.3,39.03,39.14,742800
2025-05-19T16:00:00Z,39.15,39.21,38.91,39.13,648700
2025-05-19T17:00:00Z,39.14,39.19,39.01,39.07,391500
2025-05-19T18:00:00Z,39.07,39.24,38.96,39.23,523100
2025-05-19T19:00:00Z,39.21,39.5,39.12,39.36,1106000
2025-05-20T13:00:00Z,39.39,40.19,39.31,39.48,1666300
2025-05-20T14:00:00Z,39.48,39.83,39.17,39.6,1154500
2025-05-20T15:00:00Z,39.62,39.75,39.47,39.72,599200
2025-05-20T16:00:00Z,39.73,39.99,39.64,39.94,536800
2025-05-20T17:00:00Z,39.95,39.96,39.75,39.86,506500
2025-05-20T18:00:00Z,39.86,39.88,39.67,39.8,601100
2025-05-20T19:00:00Z,39.8,39.98,39.71,39.78,603300
2025-05-21T13:00:00Z,39.99,40.58,39.9,40.35,1193800
2025-05-21T14:00:00Z,40.35,40.4,39.73,39.92,1378700
2025-05-21T15:00:00Z,39.94,40.05,39.8,39.82,498100
2025-05-21T16:00:00Z,39.82,39.88,39.61,39.83,653900
2025-05-21T17:00:00Z,39.86,39.86,39.4,39.67,705400
2025-05-21T18:00:00Z,39.66,39.96,39.52,39.89,1160100
2025-05-21T19:00:00Z,39.86,39.96,39.59,39.65,878100
2025-05-22T13:00:00Z,39.31,39.82,38.88,39.48,1319600
2025-05-22T14:00:00Z,39.47,39.48,39.18,39.35,1754200
2025-05-22T15:00:00Z,39.33,39.42,39.15,39.22,514500
2025-05-22T16:00:00Z,39.24,39.35,39.1,39.11,609100
2025-05-22T17:00:00Z,39.11,39.36,39.11,39.23,567500
2025-05-22T18:00:00Z,39.21,39.22,38.68,38.68,1097900
2025-05-22T19:00:00Z,38.66,39.11,38.64,39.07,1301500
2025-05-23T13:00:00Z,38.53,38.76,38.32,38.43,959100
2025-05-23T14:00:00Z,38.44,38.96,38.4,38.66,1094900
2025-05-23T15:00:00Z,38.63,38.74,38.45,38.6,753700
2025-05-23T16:00:00Z,38.6,38.71,38.38,38.41,932400
2025-05-23T17:00:00Z,38.4,38.61,38.35,38.5,649900
2025-05-23T18:00:00Z,38.5,38.68,38.36,38.51,763800
2025-05-23T19:00:00Z,38.49,38.81,38.47,38.73,671200
2025-05-26T13:00:00Z,38.99,39.27,38.85,38.96,622000
2025-05-26T14:00:00Z,38.97,39.1,38.9,38.98,432400
2025-05-26T15:00:00Z,38.98,39.22,38.97,39.13,347700
2025-05-26T16:00:00Z,39.13,39.17,39.05,39.09,190200
2025-05-26T17:00:00Z,39.1,39.12,38.87,39.1,379600
2025-05-26T18:00:00Z,39.08,39.15,39.03,39.05,1716300
2025-05-26T19:00:00Z,39.04,39.1,38.88,38.94,577700
2025-05-27T13:00:00Z,39.62,39.87,39.07,39.11,1105800
2025-05-27T14:00:00Z,39.12,39.27,38.97,39.02,560500
2025-05-27T15:00:00Z,39.02,39.27,39.02,39.26,522100
2025-05-27T16:00:00Z,39.24,39.44,39.23,39.26,423000
2025-05-27T17:00:00Z,39.26,39.35,39.12,39.31,433800
2025-05-27T18:00:00Z,39.3,39.43,39.26,39.36,522000
2025-05-27T19:00:00Z,39.37,39.44,39.28,39.31,794700
2025-05-28T13:00:00Z,39.63,40.2,39.57,39.64,1408000
2025-05-28T14:00:00Z,39.63,39.76,39.38,39.48,792300
2025-05-28T15:00:00Z,39.47,39.55,39.26,39.34,757200
2025-05-28T16:00:00Z,39.34,39.59,39.22,39.55,1017900
2025-05-28T17:00:00Z,39.55,39.72,39.54,39.59,1459400
2025-05-28T18:00:00Z,39.58,39.66,39.48,39.62,497300
2025-05-28T19:00:00Z,39.62,39.63,39.2,39.3,1063100
2025-05-29T13:00:00Z,39.36,39.8,39.25,39.56,981500
2025-05-29T14:00:00Z,39.56,39.75,39.47,39.62,1126600
2025-05-29T15:00:00Z,39.59,39.72,39.48,39.5,561000
2025-05-29T16:00:00Z,39.52,39.84,39.49,39.73,656400
2025-05-29T17:00:00Z,39.73,39.95,39.7,39.84,738600
2025-05-29T18:00:00Z,39.82,40.19,39.82,39.98,861800
2025-05-29T19:00:00Z,40,40.04,39.83,39.9,966600
2025-05-30T13:00:00Z,39.98,40.23,39.56,39.65,8973100
2025-05-30T14:00:00Z,39.67,39.67,39.23,39.44,1461300
2025-05-30T15:00:00Z,39.42,39.53,39.16,39.18,1895000
2025-05-30T16:00:00Z,39.18,39.31,39.08,39.21,535800
2025-05-30T17:00:00Z,39.19,39.37,39.16,39.23,454600
2025-05-30T18:00:00Z,39.22,39.29,39.12,39.2,706100
2025-05-30T19:00:00Z,39.22,39.37,39.17,39.24,898700
2025-06-02T13:00:00Z,40.5,40.6,39.9,40.4,3653900
2025-06-02T14:00:00Z,40.4,40.47,40.11,40.34,1138300
2025-06-02T15:00:00Z,40.34,40.35,40,40.12,895400
2025-06-02T16:00:00Z,40.11,40.15,40.02,40.11,410600
2025-06-02T17:00:00Z,40.11,40.24,40.04,40.1,655000
2025-06-02T18:00:00Z,40.11,40.13,39.52,39.65,1776900
2025-06-02T19:00:00Z,39.65,39.72,39.54,39.58,1100800
2025-06-03T13:00:00Z,39.2,40.2,39.2,40.12,2269300
2025-06-03T14:00:00Z,40.12,41.1,40.08,41.02,2303900
2025-06-03T15:00:00Z,41.04,41.21,40.86,41.05,1317200
2025-06-03T16:00:00Z,41.06,41.09,40.82,41.06,523200
2025-06-03T17:00:00Z,41.06,41.2,40.97,41.15,1034800
2025-06-03T18:00:00Z,41.15,41.16,40.92,41.13,895900
2025-06-03T19:00:00Z,41.13,41.4,41.1,41.2,1857900
2025-06-04T13:00:00Z,41.16,41.95,41.1,41.8,2552200
2025-06-04T14:00:00Z,41.79,42.15,41.39,41.56,2533700
2025-06-04T15:00:00Z,41.54,41.58,40.79,41.05,2212200
2025-06-04T16:00:00Z,41.05,41.16,40.74,41,1221800
2025-06-04T17:00:00Z,41,41.09,40.8,40.93,743400
2025-06-04T18:00:00Z,40.94,41.02,40.74,40.77,636100
2025-06-04T19:00:00Z,40.79,40.85,40.61,40.74,1367500
2025-06-05T13:00:00Z,41.32,41.32,40.95,41,985400
2025-06-05T14:00:00Z,40.98,41.39,40.77,41.29,1142800
2025-06-05T15:00:00Z,41.28,41.49,41.17,41.25,786800
2025-06-05T16:00:00Z,41.26,41.32,41.21,41.28,330800
2025-06-05T17:00:00Z,41.27,41.29,41.17,41.22,494200
2025-06-05T18:00:00Z,41.2,41.22,40.94,41.14,625400
2025-06-05T19:00:00Z,41.14,41.32,41.05,41.17,1030000
2025-06-06T13:00:00Z,41.24,41.82,41.22,41.75,968000
2025-06-06T14:00:00Z,41.75,41.77,41.5,41.6,620800
2025-06-06T15:00:00Z,41.6,42.1,41.57,41.81,1363500
2025-06-06T16:00:00Z,41.82,41.93,41.66,41.89,839000
2025-06-06T17:00:00Z,41.91,42.47,41.87,42.47,1437200
2025-06-06T18:00:00Z,42.47,42.57,42.3,42.44,1352600
2025-06-06T19:00:00Z,42.44,42.6,42.22,42.51,1938300
2025-06-09T13:00:00Z,42.62,42.74,41.93,41.99,1386600
2025-06-09T14:00:00Z,41.96,42.14,41.66,42.02,1237300
2025-06-09T15:00:00Z,42.02,42.23,41.98,42.15,495000
2025-06-09T16:00:00Z,42.12,42.18,41.88,42.02,497500
2025-06-09T17:00:00Z,42.02,42.11,41.91,41.97,466000
2025-06-09T18:00:00Z,41.96,42.14,41.93,42.12,614800
2025-06-09T19:00:00Z,42.12,42.27,41.95,42.15,834800
2025-06-10T13:00:00Z,42.62,42.99,42.24,42.96,1335000
2025-06-10T14:00:00Z,42.98,43.2,42.84,43.04,1174500
2025-06-10T15:00:00Z,43.05,43.05,42.76,42.91,846300
2025-06-10T16:00:00Z,42.9,42.91,42.47,42.65,860600
2025-06-10T17:00:00Z,42.64,42.77,42.54,42.61,695700
2025-06-10T18:00:00Z,42.6,42.8,42.55,42.78,909100
2025-06-10T19:00:00Z,42.78,42.86,42.68,42.72,985000
2025-06-11T13:00:00Z,43.1,43.24,42.76,42.99,1559600
2025-06-11T14:00:00Z,43.01,43.21,42.82,42.87,950300
2025-06-11T15:00:00Z,42.88,43.02,42.67,42.98,905400
2025-06-11T16:00:00Z,42.97,43.11,42.97,43.07,891700
2025-06-11T17:00:00Z,43.06,43.31,42.94,43.05,1036200
2025-06-11T18:00:00Z,43.06,43.85,42.94,43.5,3552900
2025-06-11T19:00:00Z,43.5,43.55,43.3,43.36,1374600
2025-06-12T13:00:00Z,43,43.02,42.57,42.78,1389000
2025-06-12T14:00:00Z,42.81,43.22,42.71,42.97,1192600
2025-06-12T15:00:00Z,42.96,43.35,42.86,43.32,671100
2025-06-12T16:00:00Z,43.29,43.29,43.02,43.21,591300
2025-06-12T17:00:00Z,43.21,43.3,43.11,43.27,402600
2025-06-12T18:00:00Z,43.27,43.35,43.23,43.3,512600
2025-06-12T19:00:00Z,43.3,43.39,43.08,43.23,1282400
2025-06-13T13:00:00Z,45.65,45.65,43.63,43.8,4881400
2025-06-13T14:00:00Z,43.82,44.2,43.65,43.86,1961100
2025-06-13T15:00:00Z,43.86,43.9,43.4,43.47,2376500
2025-06-13T16:00:00Z,43.49,43.68,43.34,43.46,1352800
2025-06-13T17:00:00Z,43.46,43.85,43.44,43.82,1505100
2025-06-13T18:00:00Z,43.82,43.92,43.59,43.91,1250200
2025-06-13T19:00:00Z,43.92,44.19,43.83,43.91,2340000
2025-06-16T13:00:00Z,43.71,44.32,43.3,43.38,2240700
2025-06-16T14:00:00Z,43.36,43.72,43.2,43.5,1685200
2025-06-16T15:00:00Z,43.5,43.58,43.31,43.4,742700
2025-06-16T16:00:00Z,43.4,43.52,43.26,43.47,832700
2025-06-16T17:00:00Z,43.47,43.6,43.27,43.41,1131500
2025-06-16T18:00:00Z,43.42,43.59,43.1,43.21,1773000
2025-06-16T19:00:00Z,43.22,43.28,43.03,43.14,1709200
2025-06-17T13:00:00Z,43.52,43.82,43.42,43.65,1923300
2025-06-17T14:00:00Z,43.65,43.72,43.4,43.43,1506400
2025-06-17T15:00:00Z,43.46,43.46,43.16,43.25,726800
2025-06-17T16:00:00Z,43.24,43.48,43.22,43.46,867500
2025-06-17T17:00:00Z,43.45,43.72,43.44,43.6,841500
2025-06-17T18:00:00Z,43.59,43.84,43.55,43.64,1109500
2025-06-17T19:00:00Z,43.65,43.87,43.57,43.85,2039400
2025-06-18T13:00:00Z,43.96,44.17,43.61,43.83,1662700
2025-06-18T14:00:00Z,43.82,43.9,43.42,43.6,1696500
2025-06-18T15:00:00Z,43.61,43.69,43.12,43.49,1174400
2025-06-18T16:00:00Z,43.47,43.69,43.38,43.64,560700
2025-06-18T17:00:00Z,43.64,43.78,43.57,43.76,855500
2025-06-18T18:00:00Z,43.75,43.91,43.7,43.78,1032000
2025-06-18T19:00:00Z,43.76,43.83,43.54,43.69,1756800
2025-06-20T13:00:00Z,43.6,44,43.37,43.85,1807700
2025-06-20T14:00:00Z,43.85,43.85,43.52,43.61,1379200
2025-06-20T15:00:00Z,43.64,43.79,43.58,43.75,789100
2025-06-20T16:00:00Z,43.75,43.87,43.41,43.54,854900
2025-06-20T17:00:00Z,43.54,43.67,43.47,43.63,2941700
2025-06-20T18:00:00Z,43.63,43.73,43.5,43.67,559800
2025-06-20T19:00:00Z,43.67,43.69,43.38,43.51,747100
2025-06-23T13:00:00Z,43.96,44.44,43.8,44.05,1930300
2025-06-23T14:00:00Z,44.04,44.17,43.9,44.07,1421300
2025-06-23T15:00:00Z,44.09,44.2,43.86,44.05,1162100
2025-06-23T16:00:00Z,44.04,44.32,44.01,44.1,1371200
2025-06-23T17:00:00Z,44.1,44.14,42.84,42.97,2394800
2025-06-23T18:00:00Z,42.97,43.05,42.64,42.95,2459400
2025-06-23T19:00:00Z,42.94,43.25,42.92,43.03,2850300
2025-06-24T13:00:00Z,42.33,43.31,42.08,42.11,3824600
2025-06-24T14:00:00Z,42.13,42.48,42.06,42.3,2233700
2025-06-24T15:00:00Z,42.3,42.43,42.2,42.21,1404000
2025-06-24T16:00:00Z,42.21,42.28,42.08,42.12,751000
2025-06-24T17:00:00Z,42.12,42.13,41.87,41.92,1148600
2025-06-24T18:00:00Z,41.93,41.93,40.93,41.21,4037600
2025-06-24T19:00:00Z,41.22,41.53,41.11,41.51,3766600
2025-06-25T13:00:00Z,41.72,41.92,41.18,41.33,1231600
2025-06-25T14:00:00Z,41.33,41.35,41.02,41.19,923400
2025-06-25T15:00:00Z,41.21,41.31,40.99,41.03,1278000
2025-06-25T16:00:00Z,41.03,41.18,41.02,41.14,761300
2025-06-25T17:00:00Z,41.12,41.23,40.97,41.04,1120600
2025-06-25T18:00:00Z,41.03,41.11,40.83,40.94,1283600
2025-06-25T19:00:00Z,40.93,41.1,40.86,41.03,1021400
2025-06-26T13:00:00Z,41.04,41.67,41.04,41.41,1295000
2025-06-26T14:00:00Z,41.41,41.98,41.37,41.92,961700
2025-06-26T15:00:00Z,41.94,42.4,41.91,42.25,894600
2025-06-26T16:00:00Z,42.25,42.44,42.19,42.34,701000
2025-06-26T17:00:00Z,42.35,42.4,42.13,42.19,788300
2025-06-26T18:00:00Z,42.2,42.24,41.89,42.09,941900
2025-06-26T19:00:00Z,42.1,42.17,41.82,41.83,1236300
2025-06-27T13:00:00Z,41.8,42.35,41.79,42.15,1263200
2025-06-27T14:00:00Z,42.15,42.79,42.15,42.72,1245000
2025-06-27T15:00:00Z,42.72,42.93,41.98,42.1,1641800
2025-06-27T16:00:00Z,42.12,42.12,41.58,41.8,875900
2025-06-27T17:00:00Z,41.8,41.89,41.58,41.65,484700
2025-06-27T18:00:00Z,41.63,41.69,41.45,41.63,421900
2025-06-27T19:00:00Z,41.64,42.03,41.53,41.9,1220200
2025-06-30T13:00:00Z,42.01,42.1,41.51,42,822700
2025-06-30T14:00:00Z,41.99,42.24,41.94,42.17,605500
2025-06-30T15:00:00Z,42.17,42.35,42.05,42.12,697400
2025-06-30T16:00:00Z,42.12,42.22,42.04,42.22,258900
2025-06-30T17:00:00Z,42.22,42.49,41.8,42.4,1641500
2025-06-30T18:00:00Z,42.43,42.64,42.37,42.54,1014000
2025-06-30T19:00:00Z,42.54,42.71,42.28,42.32,1128600
2025-07-01T13:00:00Z,42.61,42.66,41.62,41.71,1476200
2025-07-01T14:00:00Z,41.71,41.75,41.55,41.58,730600
2025-07-01T15:00:00Z,41.59,41.74,41.49,41.67,475800
2025-07-01T16:00:00Z,41.66,41.78,41.63,41.65,573400
2025-07-01T17:00:00Z,41.63,41.79,41.63,41.78,452600
2025-07-01T18:00:00Z,41.78,41.85,41.6,41.7,899600
2025-07-01T19:00:00Z,41.69,41.7,41.45,41.65,1376100
2025-07-02T13:00:00Z,42,42.2,41.76,41.89,995000
2025-07-02T14:00:00Z,41.9,42.05,41.77,41.98,843200
2025-07-02T15:00:00Z,41.99,42.36,41.97,42.19,851700
2025-07-02T16:00:00Z,42.18,42.26,42.03,42.11,383000
2025-07-02T17:00:00Z,42.09,42.34,42.08,42.31,609400
2025-07-02T18:00:00Z,42.31,42.39,42.21,42.3,943700
2025-07-02T19:00:00Z,42.29,42.34,42.15,42.2,676800
2025-07-03T13:00:00Z,42.28,42.74,41.92,42.59,1290300
2025-07-03T14:00:00Z,42.55,42.72,42.4,42.64,640600
2025-07-03T15:00:00Z,42.65,42.79,42.54,42.74,706200
2025-07-03T16:00:00Z,42.75,42.9,42.71,42.88,775100
2025-07-03T17:00:00Z,42.88,42.98,42.85,42.98,414300
2025-07-03T18:00:00Z,42.98,43,42.87,42.89,483500
2025-07-03T19:00:00Z,42.88,42.91,42.58,42.59,992900
2025-07-04T13:00:00Z,42.72,42.78,42.35,42.55,435800
2025-07-04T14:00:00Z,42.53,42.64,42.46,42.56,219100
2025-07-04T15:00:00Z,42.55,42.7,42.51,42.64,332500
2025-07-04T16:00:00Z,42.63,42.75,42.55,42.64,179200
2025-07-04T17:00:00Z,42.67,42.82,42.64,42.75,191700
2025-07-04T18:00:00Z,42.75,42.8,42.65,42.71,227400
2025-07-04T19:00:00Z,42.68,42.82,42.62,42.67,403000
2025-07-07T13:00:00Z,42.67,42.83,42.14,42.16,1202600
2025-07-07T14:00:00Z,42.15,42.27,41.92,42.12,1278600
2025-07-07T15:00:00Z,42.12,42.12,41.82,42.03,695900
2025-07-07T16:00:00Z,42.03,42.04,41.78,41.78,478200
2025-07-07T17:00:00Z,41.78,42.01,41.74,41.78,1024300
2025-07-07T18:00:00Z,41.78,41.95,41.65,41.91,629700
2025-07-07T19:00:00Z,41.91,42.02,41.63,41.65,1342600
2025-07-08T13:00:00Z,41.81,42.32,41.68,42.27,1094100
2025-07-08T14:00:00Z,42.27,42.45,42.12,42.28,503800
2025-07-08T15:00:00Z,42.27,42.64,42.22,42.55,1245700
2025-07-08T16:00:00Z,42.55,42.66,42.47,42.66,753700
2025-07-08T17:00:00Z,42.66,42.88,42.63,42.81,827700
2025-07-08T18:00:00Z,42.83,43,42.75,42.82,789700
2025-07-08T19:00:00Z,42.81,43.09,42.79,42.85,1280100
2025-07-09T13:00:00Z,43.1,43.32,42.45,42.52,1217400
2025-07-09T14:00:00Z,42.52,42.59,42.18,42.22,1007400
2025-07-09T15:00:00Z,42.22,42.48,42.21,42.44,639300
2025-07-09T16:00:00Z,42.44,42.6,42.4,42.58,870500
2025-07-09T17:00:00Z,42.57,42.68,42.41,42.53,1539200
2025-07-09T18:00:00Z,42.54,42.74,42.48,42.69,837700
2025-07-09T19:00:00Z,42.68,42.7,42.48,42.6,608300
2025-07-10T13:00:00Z,41.9,42.42,41.75,42.36,1441300
2025-07-10T14:00:00Z,42.36,42.5,42.24,42.26,1121400
2025-07-10T15:00:00Z,42.27,42.31,42.14,42.27,344100
2025-07-10T16:00:00Z,42.29,42.38,42.15,42.17,387600
2025-07-10T17:00:00Z,42.17,42.23,42,42.01,463000
2025-07-10T18:00:00Z,42.01,42.12,41.92,41.94,506200
2025-07-10T19:00:00Z,41.96,42.07,41.65,41.75,2161500
2025-07-11T13:00:00Z,41.8,42.25,41.67,41.97,1055500
2025-07-11T14:00:00Z,41.97,42.28,41.91,41.97,708000
2025-07-11T15:00:00Z,41.99,42.22,41.82,42.2,2443600
2025-07-11T16:00:00Z,42.19,42.31,42.1,42.24,390700
2025-07-11T17:00:00Z,42.26,42.45,42.23,42.42,790900
2025-07-11T18:00:00Z,42.43,42.53,42.36,42.53,681200
2025-07-11T19:00:00Z,42.53,42.77,42.53,42.65,1089300
2025-07-14T13:00:00Z,42.71,42.79,42.32,42.74,1023300
2025-07-14T14:00:00Z,42.75,42.76,42.44,42.76,607800
2025-07-14T15:00:00Z,42.72,42.89,42.58,42.69,749500
2025-07-14T16:00:00Z,42.69,42.88,42.66,42.81,1663100
2025-07-14T17:00:00Z,42.81,42.9,42.76,42.86,574700
2025-07-14T18:00:00Z,42.86,43.08,42.83,42.99,706400
2025-07-14T19:00:00Z,42.99,43.04,42.81,42.94,833800
2025-07-15T13:00:00Z,43,43,41.92,42.12,1731800
2025-07-15T14:00:00Z,42.14,42.36,42.06,42.24,661000
2025-07-15T15:00:00Z,42.25,42.35,42.08,42.23,606300
2025-07-15T16:00:00Z,42.24,42.28,42.08,42.18,434700
2025-07-15T17:00:00Z,42.2,42.35,42.15,42.17,465700
2025-07-15T18:00:00Z,42.18,42.21,42,42.11,677800
2025-07-15T19:00:00Z,42.1,42.19,42.05,42.15,977900
2025-07-16T13:00:00Z,41.87,42.23,41.87,42.1,407500
2025-07-16T14:00:00Z,42.1,42.14,41.85,42.02,769400
2025-07-16T15:00:00Z,42.02,42.27,41.99,42.26,659900
2025-07-16T16:00:00Z,42.27,42.27,42.14,42.17,265400
2025-07-16T17:00:00Z,42.17,42.29,42.09,42.25,488600
2025-07-16T18:00:00Z,42.26,42.55,42.21,42.55,753100
2025-07-16T19:00:00Z,42.55,42.73,42.41,42.45,797000
2025-07-17T13:00:00Z,43.24,43.4,42.58,43.19,4537500
2025-07-17T14:00:00Z,43.2,43.89,43.03,43.8,2258300
2025-07-17T15:00:00Z,43.79,43.88,43.25,43.33,1299800
2025-07-17T16:00:00Z,43.35,43.41,43.17,43.38,1678800
2025-07-17T17:00:00Z,43.38,43.42,43.11,43.16,1541900
2025-07-17T18:00:00Z,43.15,43.28,43.05,43.2,2390300
2025-07-17T19:00:00Z,43.19,43.53,43.12,43.16,1987400
2025-07-18T13:00:00Z,43.3,43.42,43.1,43.18,820500
2025-07-18T14:00:00Z,43.18,43.33,43.02,43.09,553600
2025-07-18T15:00:00Z,43.06,43.13,42.7,42.88,727900
2025-07-18T16:00:00Z,42.88,42.88,42.67,42.7,502300
2025-07-18T17:00:00Z,42.7,42.79,42.6,42.79,331900
2025-07-18T18:00:00Z,42.77,43.83,42.68,43.45,3405100
2025-07-18T19:00:00Z,43.5,43.58,43.24,43.37,2065300
2025-07-21T13:00:00Z,43.29,43.3,42.76,42.88,790800
2025-07-21T14:00:00Z,42.89,43.23,42.75,43.17,508700
2025-07-21T15:00:00Z,43.16,43.24,43,43.06,523100
2025-07-21T16:00:00Z,43.07,43.12,42.96,42.99,588000
2025-07-21T17:00:00Z,42.98,43.05,42.71,42.81,613800
2025-07-21T18:00:00Z,42.8,42.88,42.73,42.84,334800
2025-07-21T19:00:00Z,42.83,42.92,42.72,42.83,740800
2025-07-22T13:00:00Z,42.81,43.02,42.72,42.83,858600
2025-07-22T14:00:00Z,42.83,43,42.78,42.84,423700
2025-07-22T15:00:00Z,42.84,42.91,42.58,42.73,778400
2025-07-22T16:00:00Z,42.73,42.77,42.54,42.68,662800
2025-07-22T17:00:00Z,42.69,42.7,42.46,42.56,637200
2025-07-22T18:00:00Z,42.55,42.58,42.5,42.54,451200
2025-07-22T19:00:00Z,42.54,42.63,42.5,42.53,617900
2025-07-23T13:00:00Z,42.3,42.74,42.25,42.66,869400
2025-07-23T14:00:00Z,42.68,43.04,42.64,43.01,601600
2025-07-23T15:00:00Z,43.01,43.28,42.98,43.11,576800
2025-07-23T16:00:00Z,43.11,43.17,42.71,42.75,359700
2025-07-23T17:00:00Z,42.76,42.99,42.7,42.71,665700
2025-07-23T18:00:00Z,42.71,42.77,42.57,42.68,1613900
2025-07-23T19:00:00Z,42.7,42.77,42.58,42.65,898700
2025-07-24T13:00:00Z,42.46,42.67,42.26,42.4,609700
2025-07-24T14:00:00Z,42.39,42.73,42.37,42.57,412200
2025-07-24T15:00:00Z,42.56,42.64,42.5,42.52,167100
2025-07-24T16:00:00Z,42.51,42.69,42.45,42.59,288600
2025-07-24T17:00:00Z,42.59,42.7,42.43,42.45,530600
2025-07-24T18:00:00Z,42.43,42.53,42.2,42.2,357500
2025-07-24T19:00:00Z,42.21,42.37,42.16,42.29,756200
2025-07-25T13:00:00Z,42.39,42.6,41.87,41.91,692400
2025-07-25T14:00:00Z,41.91,42.11,41.75,42.06,589400
2025-07-25T15:00:00Z,42.05,42.25,41.99,42.07,453300
2025-07-25T16:00:00Z,42.07,42.36,42.06,42.31,688600
2025-07-25T17:00:00Z,42.31,42.37,42.05,42.06,359300
2025-07-25T18:00:00Z,42.05,42.09,41.84,41.94,532300
2025-07-25T19:00:00Z,41.94,42,41.87,41.94,735800
2025-07-28T13:00:00Z,42.16,42.43,42,42.22,725400
2025-07-28T14:00:00Z,42.2,42.35,42.09,42.11,466900
2025-07-28T15:00:00Z,42.1,42.1,41.77,41.78,638700
2025-07-28T16:00:00Z,41.78,41.85,41.73,41.82,501100
2025-07-28T17:00:00Z,41.83,41.84,41.6,41.6,580300
2025-07-28T18:00:00Z,41.6,41.61,41.19,41.34,755200
2025-07-28T19:00:00Z,41.33,41.58,41.32,41.46,1066900
2025-07-29T13:00:00Z,41.49,41.85,41.38,41.76,573200
2025-07-29T14:00:00Z,41.77,42,41.75,41.96,476000
2025-07-29T15:00:00Z,41.95,42.19,41.93,42.12,520300
2025-07-29T16:00:00Z,42.1,42.2,42.03,42.09,388600
2025-07-29T17:00:00Z,42.08,42.18,41.9,42.16,715000
2025-07-29T18:00:00Z,42.13,42.44,42.07,42.17,1042200
2025-07-29T19:00:00Z,42.17,42.18,41.85,41.87,1095500
2025-07-30T13:00:00Z,41.8,42.52,41.6,42.22,980100
2025-07-30T14:00:00Z,42.23,42.28,41.95,42.09,298300
2025-07-30T15:00:00Z,42.1,42.32,41.97,42.26,614600
2025-07-30T16:00:00Z,42.25,42.45,42.08,42.42,437200
2025-07-30T17:00:00Z,42.4,42.52,42.32,42.46,486100
2025-07-30T18:00:00Z,42.44,43,42.29,42.72,1131300
2025-07-30T19:00:00Z,42.72,42.92,42.64,42.72,1116900
2025-07-31T13:00:00Z,42.4,42.7,41.91,42.07,967900
2025-07-31T14:00:00Z,42.04,42.31,41.97,42.13,857500
2025-07-31T15:00:00Z,42.14,42.26,42.12,42.2,475100
2025-07-31T16:00:00Z,42.21,42.27,42.03,42.04,297200
2025-07-31T17:00:00Z,42.04,42.07,41.9,41.98,359200
2025-07-31T18:00:00Z,41.96,42.12,41.86,42.05,631400
2025-07-31T19:00:00Z,42.05,42.23,42,42.08,999500
2025-08-01T13:00:00Z,42.54,42.75,41.72,41.79,945400
2025-08-01T14:00:00Z,41.77,41.85,40.99,41.02,1199400
2025-08-01T15:00:00Z,41.02,41.33,40.97,41.12,4367000
2025-08-01T16:00:00Z,41.11,41.21,40.92,41.06,738300
2025-08-01T17:00:00Z,41.06,41.24,40.97,41.14,791900
2025-08-01T18:00:00Z,41.16,41.24,41.02,41.05,820000
2025-08-01T19:00:00Z,41.05,41.17,40.95,41.14,1503600
2025-08-04T13:00:00Z,40.74,40.96,40.31,40.36,1082600
2025-08-04T14:00:00Z,40.36,40.93,40.32,40.86,688400
2025-08-04T15:00:00Z,40.86,40.9,40.53,40.58,524000
2025-08-04T16:00:00Z,40.58,40.6,40.07,40.29,1246000
2025-08-04T17:00:00Z,40.29,40.45,40.24,40.36,745000
2025-08-04T18:00:00Z,40.35,40.5,40.1,40.21,1162900
2025-08-04T19:00:00Z,40.2,40.43,40.16,40.39,1397800
2025-08-05T13:00:00Z,40.27,40.7,39.79,40.32,1185000
2025-08-05T14:00:00Z,40.3,40.49,40.22,40.37,395500
2025-08-05T15:00:00Z,40.39,40.59,40.35,40.53,614600
2025-08-05T16:00:00Z,40.55,40.72,40.48,40.62,864900
2025-08-05T17:00:00Z,40.64,41.09,40.62,40.79,970000
2025-08-05T18:00:00Z,40.81,40.84,40.59,40.68,616000
2025-08-05T19:00:00Z,40.68,40.77,40.6,40.62,968300
2025-08-06T13:00:00Z,40.83,41.04,40.23,40.86,1377300
2025-08-06T14:00:00Z,40.89,40.94,39.84,40.08,1916100
2025-08-06T15:00:00Z,40.08,40.14,39.64,39.66,1331200
2025-08-06T16:00:00Z,39.67,40.14,39.65,39.91,1039200
2025-08-06T17:00:00Z,39.92,40.12,39.91,39.95,618800
2025-08-06T18:00:00Z,39.94,40.07,39.7,39.92,2792600
2025-08-06T19:00:00Z,39.92,39.99,39.83,39.84,1401500
2025-08-07T13:00:00Z,39.9,40.3,39.87,39.9,787100
2025-08-07T14:00:00Z,39.9,40.1,39.66,40,981200
2025-08-07T15:00:00Z,39.99,40.17,39.99,40.08,413600
2025-08-07T16:00:00Z,40.08,40.22,40.05,40.17,342100
2025-08-07T17:00:00Z,40.17,40.27,40.06,40.19,1511200
2025-08-07T18:00:00Z,40.19,40.21,39.83,39.83,1046900
2025-08-07T19:00:00Z,39.83,39.87,39.65,39.75,2789600
2025-08-08T13:00:00Z,39.7,40.15,39.44,39.7,796700
2025-08-08T14:00:00Z,39.71,39.8,39,39.63,1929300
2025-08-08T15:00:00Z,39.63,39.88,39.55,39.76,955300
2025-08-08T16:00:00Z,39.76,40.05,39.68,39.88,636300
2025-08-08T17:00:00Z,39.86,39.99,39.75,39.8,423900
2025-08-08T18:00:00Z,39.78,39.89,39.4,39.57,1052200
2025-08-08T19:00:00Z,39.55,39.69,39.49,39.54,2613800
2025-08-11T13:00:00Z,39.5,39.67,39.25,39.36,711600
2025-08-11T14:00:00Z,39.39,39.39,39.08,39.17,555000
2025-08-11T15:00:00Z,39.16,39.25,39.11,39.19,339000
2025-08-11T16:00:00Z,39.2,39.24,39.05,39.1,416700
2025-08-11T17:00:00Z,39.07,39.19,39.03,39.12,328400
2025-08-11T18:00:00Z,39.12,39.22,39.1,39.17,296800
2025-08-11T19:00:00Z,39.17,39.2,39.1,39.11,496500
2025-08-12T13:00:00Z,39.21,39.46,39.1,39.36,713900
2025-08-12T14:00:00Z,39.36,39.87,39.36,39.58,1066200
2025-08-12T15:00:00Z,39.56,39.82,39.5,39.67,576200
2025-08-12T16:00:00Z,39.65,39.68,39.54,39.55,240700
2025-08-12T17:00:00Z,39.55,39.72,39.51,39.66,286500
2025-08-12T18:00:00Z,39.65,39.7,39.36,39.38,317000
2025-08-12T19:00:00Z,39.38,39.45,39.28,39.34,477000
2025-08-13T13:00:00Z,39.27,39.44,39.09,39.39,566400
2025-08-13T14:00:00Z,39.4,39.43,38.96,39,527200
2025-08-13T15:00:00Z,39.01,39.06,38.9,38.94,367700
2025-08-13T16:00:00Z,38.95,38.96,38.64,38.71,825500
2025-08-13T17:00:00Z,38.7,38.93,38.56,38.84,901600
2025-08-13T18:00:00Z,38.84,38.86,38.66,38.67,576300
2025-08-13T19:00:00Z,38.67,38.81,38.66,38.72,1142000
2025-08-14T13:00:00Z,38.61,38.88,38.54,38.64,426900
2025-08-14T14:00:00Z,38.66,39.15,38.59,39.02,757800
2025-08-14T15:00:00Z,39.01,39.04,38.87,38.95,431400
2025-08-14T16:00:00Z,38.97,38.99,38.79,38.82,382000
2025-08-14T17:00:00Z,38.82,39,38.78,39,397400
2025-08-14T18:00:00Z,39,39.01,38.85,38.97,431400
2025-08-14T19:00:00Z,38.97,38.99,38.83,38.84,478000
2025-08-15T13:00:00Z,38.51,38.76,38.41,38.62,712200
2025-08-15T14:00:00Z,38.6,38.85,38.51,38.76,749200
2025-08-15T15:00:00Z,38.75,38.8,38.67,38.76,316600
2025-08-15T16:00:00Z,38.76,38.78,38.56,38.67,316200
2025-08-15T17:00:00Z,38.65,38.75,38.58,38.71,454900
2025-08-15T18:00:00Z,38.71,38.73,38.54,38.64,446700
2025-08-15T19:00:00Z,38.61,38.84,38.61,38.8,1448700
2025-08-18T13:00:00Z,36.6,37.26,36.22,36.37,14769400
2025-08-18T14:00:00Z,36.38,36.73,36.15,36.69,5288800
2025-08-18T15:00:00Z,36.7,37.25,36.7,37.25,4456500
2025-08-18T16:00:00Z,37.24,37.28,37.04,37.06,1405600
2025-08-18T17:00:00Z,37.06,37.43,36.93,37.41,1840900
2025-08-18T18:00:00Z,37.4,37.48,37.18,37.45,2054300
2025-08-18T19:00:00Z,37.44,37.83,37.38,37.83,3266000
2025-08-19T13:00:00Z,37.28,37.3,36.48,36.51,2292100
2025-08-19T14:00:00Z,36.51,36.69,36.36,36.64,1830300
2025-08-19T15:00:00Z,36.63,36.75,36.6,36.68,593400
2025-08-19T16:00:00Z,36.66,36.8,36.56,36.6,656600
2025-08-19T17:00:00Z,36.59,36.77,36.45,36.73,1304500
2025-08-19T18:00:00Z,36.72,36.83,36.61,36.73,1354000
2025-08-19T19:00:00Z,36.73,36.78,36.67,36.69,1569300
2025-08-20T13:00:00Z,37.02,37.37,36.95,37.17,1038600
2025-08-20T14:00:00Z,37.18,37.39,37.16,37.24,813900
2025-08-20T15:00:00Z,37.24,37.55,37.16,37.46,1267200
2025-08-20T16:00:00Z,37.46,37.67,37.4,37.57,578000
2025-08-20T17:00:00Z,37.57,37.59,37.28,37.45,477200
2025-08-20T18:00:00Z,37.43,37.51,37.34,37.38,578400
2025-08-20T19:00:00Z,37.4,37.46,37.32,37.4,498000
2025-08-21T13:00:00Z,37.25,37.4,37.09,37.37,928600
2025-08-21T14:00:00Z,37.38,37.53,37.32,37.51,574200
2025-08-21T15:00:00Z,37.52,37.61,37.47,37.53,521700
2025-08-21T16:00:00Z,37.53,37.91,37.48,37.87,898400
2025-08-21T17:00:00Z,37.88,38.1,37.78,37.82,1022400
2025-08-21T18:00:00Z,37.83,37.88,37.61,37.61,747500
2025-08-21T19:00:00Z,37.63,37.7,37.52,37.62,934200
2025-08-22T13:00:00Z,37.83,38.15,37.63,37.64,871200
2025-08-22T14:00:00Z,37.65,38.08,37.65,38.07,960900
2025-08-22T15:00:00Z,38.06,38.16,37.85,38.09,1348100
2025-08-22T16:00:00Z,38.11,38.23,38.06,38.11,563600
2025-08-22T17:00:00Z,38.12,38.34,38.03,38.27,711700
2025-08-22T18:00:00Z,38.26,38.33,38.16,38.19,595600
2025-08-22T19:00:00Z,38.18,38.23,37.96,38.04,1455400
2025-08-25T13:00:00Z,38.15,38.48,38.15,38.38,573900
2025-08-25T14:00:00Z,38.38,38.47,38.27,38.3,403100
2025-08-25T15:00:00Z,38.28,38.44,38.27,38.33,329300
2025-08-25T16:00:00Z,38.31,38.35,38.08,38.09,432500
2025-08-25T17:00:00Z,38.09,38.21,38.08,38.2,644500
2025-08-25T18:00:00Z,38.19,38.26,38.18,38.19,339600
2025-08-25T19:00:00Z,38.2,38.22,38.11,38.18,2485000
2025-08-26T13:00:00Z,37.98,38.13,37.72,37.77,617200
2025-08-26T14:00:00Z,37.77,37.8,37.24,37.37,1503200
2025-08-26T15:00:00Z,37.37,37.46,37.29,37.37,716100
2025-08-26T16:00:00Z,37.36,37.5,37.36,37.42,484200
2025-08-26T17:00:00Z,37.41,37.54,37.33,37.54,839000
2025-08-26T18:00:00Z,37.53,37.74,37.53,37.61,2814300
2025-08-26T19:00:00Z,37.61,37.69,37.59,37.66,849000
2025-08-27T13:00:00Z,37.73,37.92,37.48,37.75,576500
2025-08-27T14:00:00Z,37.77,37.96,37.65,37.84,587000
2025-08-27T15:00:00Z,37.83,37.98,37.77,37.95,540700
2025-08-27T16:00:00Z,37.96,38.14,37.94,38.05,377100
2025-08-27T17:00:00Z,38.05,38.2,37.97,38.19,537800
2025-08-27T18:00:00Z,38.18,38.5,38.13,38.45,2108300
2025-08-27T19:00:00Z,38.45,38.64,38.21,38.25,2073000
2025-08-28T13:00:00Z,38.37,38.64,38.24,38.48,732100
2025-08-28T14:00:00Z,38.48,38.53,38.15,38.33,930900
2025-08-28T15:00:00Z,38.36,38.58,38.34,38.57,323700
2025-08-28T16:00:00Z,38.56,38.58,38.47,38.52,332600
2025-08-28T17:00:00Z,38.51,38.76,38.49,38.64,522900
2025-08-28T18:00:00Z,38.64,39.1,38.6,38.85,1290000
2025-08-28T19:00:00Z,38.85,38.88,38.58,38.67,876200
2025-08-29T13:00:00Z,38.59,38.68,38.31,38.34,827400
2025-08-29T14:00:00Z,38.34,38.41,38.11,38.14,941700
2025-08-29T15:00:00Z,38.17,38.24,37.61,38,1848500
2025-08-29T16:00:00Z,37.98,38.07,37.94,37.96,486200
2025-08-29T17:00:00Z,37.96,38,37.85,37.91,629000
2025-08-29T18:00:00Z,37.92,37.95,37.76,37.91,880200
2025-08-29T19:00:00Z,37.91,38.03,37.86,37.88,1128300
2025-09-01T13:00:00Z,38.08,38.4,37.96,38.07,711200
2025-09-01T14:00:00Z,38.1,38.12,37.92,38.03,591800
2025-09-01T15:00:00Z,38.05,38.13,37.95,37.97,351500
2025-09-01T16:00:00Z,37.97,38.03,37.87,37.96,805600
2025-09-01T17:00:00Z,37.96,38.01,37.7,37.81,798600
2025-09-01T18:00:00Z,37.84,37.9,37.72,37.74,430700
2025-09-01T19:00:00Z,37.74,37.81,37.6,37.78,1369300
2025-09-02T13:00:00Z,37.86,38.2,37.75,38.11,970600
2025-09-02T14:00:00Z,38.12,38.2,38,38.07,235200
2025-09-02T15:00:00Z,38.05,38.08,37.81,37.97,764800
2025-09-02T16:00:00Z,37.98,38.05,37.86,38.03,253600
2025-09-02T17:00:00Z,38.01,38.05,37.91,37.93,1041800
2025-09-02T18:00:00Z,37.92,37.97,37.88,37.92,258400
2025-09-02T19:00:00Z,37.9,38.01,37.87,37.99,531400
2025-09-03T13:00:00Z,37.66,37.82,37.51,37.52,838200
2025-09-03T14:00:00Z,37.54,37.67,37.5,37.56,575800
2025-09-03T15:00:00Z,37.59,37.73,37.5,37.68,687900
2025-09-03T16:00:00Z,37.71,37.72,37.6,37.64,301000
2025-09-03T17:00:00Z,37.67,37.71,37.45,37.51,657600
2025-09-03T18:00:00Z,37.51,37.55,37.28,37.35,773900
2025-09-03T19:00:00Z,37.35,37.44,37.33,37.41,1283400
2025-09-04T13:00:00Z,37.27,37.33,37.09,37.19,1011000
2025-09-04T14:00:00Z,37.18,37.44,37.06,37.44,1897200
2025-09-04T15:00:00Z,37.44,37.52,37.25,37.37,684300
2025-09-04T16:00:00Z,37.37,37.55,37.34,37.51,462500
2025-09-04T17:00:00Z,37.48,37.64,37.45,37.51,886400
2025-09-04T18:00:00Z,37.49,37.54,37.31,37.34,571200
2025-09-04T19:00:00Z,37.33,37.38,37.29,37.3,665000
2025-09-05T13:00:00Z,37.34,37.43,36.85,36.98,2242000
2025-09-05T14:00:00Z,36.98,37.13,36.78,36.88,1266100
2025-09-05T15:00:00Z,36.88,36.94,36.67,36.67,873500
2025-09-05T16:00:00Z,36.67,36.68,36.46,36.66,974100
2025-09-05T17:00:00Z,36.67,36.68,36.33,36.41,1325700
2025-09-05T18:00:00Z,36.41,36.54,36.4,36.53,670300
2025-09-05T19:00:00Z,36.53,36.62,36.5,36.55,1041600
2025-09-08T13:00:00Z,37.04,37.18,36.64,36.65,1259200
2025-09-08T14:00:00Z,36.64,36.68,36.42,36.51,837100
2025-09-08T15:00:00Z,36.52,36.73,36.51,36.67,541700
2025-09-08T16:00:00Z,36.67,36.69,36.46,36.56,513400
2025-09-08T17:00:00Z,36.57,36.65,36.55,36.59,358300
2025-09-08T18:00:00Z,36.59,36.68,36.56,36.63,636000
2025-09-08T19:00:00Z,36.64,36.75,36.6,36.68,702700
2025-09-09T13:00:00Z,36.9,37.37,36.83,37.32,1161500
2025-09-09T14:00:00Z,37.34,37.35,37.03,37.23,643400
2025-09-09T15:00:00Z,37.23,37.25,37.06,37.09,260500
2025-09-09T16:00:00Z,37.09,37.15,37.03,37.07,198700
2025-09-09T17:00:00Z,37.07,37.1,36.94,37.03,353600
2025-09-09T18:00:00Z,37.02,37.12,37,37.04,402900
2025-09-09T19:00:00Z,37.04,37.23,37.01,37.18,985400
2025-09-10T13:00:00Z,37.18,37.82,37.18,37.8,1186400
2025-09-10T14:00:00Z,37.8,37.95,37.47,37.56,989100
2025-09-10T15:00:00Z,37.56,37.79,37.52,37.75,461200
2025-09-10T16:00:00Z,37.74,37.92,37.74,37.9,940200
2025-09-10T17:00:00Z,37.9,37.95,37.77,37.84,565400
2025-09-10T18:00:00Z,37.84,37.85,37.67,37.75,326700
2025-09-10T19:00:00Z,37.75,37.78,37.63,37.68,700600
2025-09-11T13:00:00Z,37.41,37.57,37.34,37.38,537800
2025-09-11T14:00:00Z,37.39,37.75,37.36,37.67,710000
2025-09-11T15:00:00Z,37.69,37.73,37.5,37.7,511800
2025-09-11T16:00:00Z,37.68,37.79,37.61,37.62,722100
2025-09-11T17:00:00Z,37.62,37.71,37.55,37.61,510700
2025-09-11T18:00:00Z,37.63,37.66,37.49,37.62,516200
2025-09-11T19:00:00Z,37.62,37.78,37.58,37.73,855300
2025-09-12T13:00:00Z,38.3,38.3,37.86,37.97,2090000
2025-09-12T14:00:00Z,37.97,38.62,37.82,38.36,2188000
2025-09-12T15:00:00Z,38.35,39,38.35,38.62,1463100
2025-09-12T16:00:00Z,38.61,38.64,38.31,38.36,460000
2025-09-12T17:00:00Z,38.36,38.42,38.27,38.3,421400
2025-09-12T18:00:00Z,38.29,38.32,38,38.07,1109700
2025-09-12T19:00:00Z,38.08,38.35,38.05,38.33,881600
2025-09-15T13:00:00Z,38.01,38.34,38.01,38.28,677100
2025-09-15T14:00:00Z,38.29,38.44,38.12,38.39,503900
2025-09-15T15:00:00Z,38.39,38.47,38.28,38.32,384400
2025-09-15T16:00:00Z,38.33,38.35,38.22,38.3,271700
2025-09-15T17:00:00Z,38.29,38.51,38.29,38.42,1051500
2025-09-15T18:00:00Z,38.43,38.54,38.27,38.31,530700
2025-09-15T19:00:00Z,38.31,38.32,37.91,37.98,1163200
2025-09-16T13:00:00Z,39.04,39.05,38.44,38.52,1796800
2025-09-16T14:00:00Z,38.52,38.79,38.48,38.73,958200
2025-09-16T15:00:00Z,38.73,38.82,38.63,38.65,893600
2025-09-16T16:00:00Z,38.65,38.76,38.64,38.73,1515800
2025-09-16T17:00:00Z,38.73,38.83,38.65,38.82,512800
2025-09-16T18:00:00Z,38.82,38.82,38.6,38.61,786900
2025-09-16T19:00:00Z,38.6,38.66,38.45,38.53,930300
2025-09-17T13:00:00Z,38.47,38.76,38.36,38.71,510700
2025-09-17T14:00:00Z,38.73,38.74,38.3,38.33,976500
2025-09-17T15:00:00Z,38.36,38.51,38.31,38.34,808100
2025-09-17T16:00:00Z,38.35,38.44,38.12,38.26,891600
2025-09-17T17:00:00Z,38.26,38.37,38.21,38.31,471900
2025-09-17T18:00:00Z,38.33,38.47,38.17,38.32,815000
2025-09-17T19:00:00Z,38.32,38.4,38.26,38.29,516900
2025-09-18T13:00:00Z,38.23,38.44,38.11,38.38,503800
2025-09-18T14:00:00Z,38.36,38.74,38.36,38.72,977900
2025-09-18T15:00:00Z,38.73,38.85,38.57,38.76,940300
2025-09-18T16:00:00Z,38.77,38.92,38.74,38.75,731000
2025-09-18T17:00:00Z,38.76,38.86,38.66,38.82,576000
2025-09-18T18:00:00Z,38.8,38.86,38.65,38.78,1797400
2025-09-18T19:00:00Z,38.77,38.9,38.64,38.83,974600
2025-09-19T13:00:00Z,38.83,38.96,38.5,38.63,664200
2025-09-19T14:00:00Z,38.62,38.66,38.42,38.46,1379200
2025-09-19T15:00:00Z,38.45,38.48,38.27,38.41,601400
2025-09-19T16:00:00Z,38.41,38.44,38.25,38.4,676400
2025-09-19T17:00:00Z,38.4,38.46,38.36,38.41,890800
2025-09-19T18:00:00Z,38.4,38.41,38.21,38.3,649800
2025-09-19T19:00:00Z,38.29,38.34,38.17,38.17,888700
2025-09-22T13:00:00Z,37.88,37.98,37.69,37.95,1320200
2025-09-22T14:00:00Z,37.94,38,37.85,37.88,680900
2025-09-22T15:00:00Z,37.88,38.19,37.86,38.11,684800
2025-09-22T16:00:00Z,38.12,38.26,38.1,38.21,166400
2025-09-22T17:00:00Z,38.23,38.39,38.22,38.25,284700
2025-09-22T18:00:00Z,38.26,38.27,38.13,38.14,230800
2025-09-22T19:00:00Z,38.14,38.28,38.12,38.22,538800
2025-09-23T13:00:00Z,38.5,38.66,38.35,38.64,486100
2025-09-23T14:00:00Z,38.63,38.98,38.6,38.98,840000
2025-09-23T15:00:00Z,38.96,38.99,38.77,38.86,358300
2025-09-23T16:00:00Z,38.89,39.04,38.86,38.96,783600
2025-09-23T17:00:00Z,38.95,39.05,38.83,39.04,417200
2025-09-23T18:00:00Z,39.04,39.05,38.71,38.74,578400
2025-09-23T19:00:00Z,38.74,38.79,38.36,38.38,1613300
2025-09-24T13:00:00Z,38.85,39,38.64,38.66,406000
2025-09-24T14:00:00Z,38.68,38.81,38.38,38.4,978100
2025-09-24T15:00:00Z,38.4,38.51,38.3,38.43,582500
2025-09-24T16:00:00Z,38.43,38.8,38.41,38.75,837800
2025-09-24T17:00:00Z,38.75,38.97,38.73,38.76,569000
2025-09-24T18:00:00Z,38.78,38.91,38.73,38.85,651900
2025-09-24T19:00:00Z,38.86,39.01,38.84,38.97,711400
2025-09-25T13:00:00Z,38.75,39.33,38.67,39.31,742800
2025-09-25T14:00:00Z,39.3,39.3,38.96,39.09,1476300
2025-09-25T15:00:00Z,39.08,39.23,39.04,39.11,276300
2025-09-25T16:00:00Z,39.09,39.25,39.01,39.03,2388000
2025-09-25T17:00:00Z,39.02,39.14,38.98,39.1,542000
2025-09-25T18:00:00Z,39.08,39.2,39.06,39.14,337400
2025-09-25T19:00:00Z,39.12,39.17,39.04,39.06,696400
2025-09-26T13:00:00Z,39.04,39.41,38.86,39.11,954300
2025-09-26T14:00:00Z,39.12,39.33,39.05,39.28,845200
2025-09-26T15:00:00Z,39.29,39.59,39.26,39.5,897700
2025-09-26T16:00:00Z,39.52,39.55,39.38,39.42,302600
2025-09-26T17:00:00Z,39.42,39.44,39.18,39.24,767000
2025-09-26T18:00:00Z,39.23,39.34,39.19,39.34,368900
2025-09-26T19:00:00Z,39.34,39.35,39.17,39.24,842100
2025-09-29T13:00:00Z,39.15,39.45,38.83,39.03,800400
2025-09-29T14:00:00Z,39.01,39.13,38.89,39.03,554400
2025-09-29T15:00:00Z,39.03,39.05,38.8,38.89,687600
2025-09-29T16:00:00Z,38.88,39.12,38.81,39.08,980200
2025-09-29T17:00:00Z,39.07,39.15,38.96,39.08,1063100
2025-09-29T18:00:00Z,39.08,39.12,38.86,38.9,955900
2025-09-29T19:00:00Z,38.9,38.98,38.81,38.91,882800
2025-09-30T13:00:00Z,38.56,38.79,38.3,38.37,925600
2025-09-30T14:00:00Z,38.39,38.4,37.97,38.08,1270900
2025-09-30T15:00:00Z,38.07,38.38,38.02,38.34,789600
2025-09-30T16:00:00Z,38.34,38.42,38.27,38.27,390400
2025-09-30T17:00:00Z,38.28,38.29,38.08,38.15,514200
2025-09-30T18:00:00Z,38.15,38.21,38.04,38.07,849100
2025-09-30T19:00:00Z,38.08,38.22,37.98,38.09,1705200
2025-10-01T13:00:00Z,38.1,38.12,37.68,37.8,1181100
2025-10-01T14:00:00Z,37.81,37.98,37.78,37.88,680100
2025-10-01T15:00:00Z,37.88,38.17,37.87,38.14,475300
2025-10-01T16:00:00Z,38.13,38.17,38.03,38.12,1209000
2025-10-01T17:00:00Z,38.12,38.35,38.11,38.24,551000
2025-10-01T18:00:00Z,38.24,38.29,38.15,38.24,556000
2025-10-01T19:00:00Z,38.26,38.39,38.17,38.35,1325000
2025-10-02T13:00:00Z,38.21,38.54,38.21,38.46,328800
2025-10-02T14:00:00Z,38.45,38.45,38.07,38.12,854100
2025-10-02T15:00:00Z,38.12,38.3,38.08,38.27,453500
2025-10-02T16:00:00Z,38.27,38.29,38.09,38.1,573500
2025-10-02T17:00:00Z,38.1,38.21,38.08,38.2,404200
2025-10-02T18:00:00Z,38.19,38.26,38.14,38.16,696700
2025-10-02T19:00:00Z,38.18,38.37,38.16,38.22,667000
2025-10-03T13:00:00Z,38.26,38.45,38.13,38.18,449900
2025-10-03T14:00:00Z,38.19,38.38,38.15,38.3,277000
2025-10-03T15:00:00Z,38.29,38.32,38.21,38.3,163500
2025-10-03T16:00:00Z,38.31,38.36,38.24,38.28,246600
2025-10-03T17:00:00Z,38.28,38.31,38.22,38.25,182200
2025-10-03T18:00:00Z,38.26,38.29,38.16,38.18,199800
2025-10-03T19:00:00Z,38.19,38.26,38.07,38.16,610000
2025-10-06T13:00:00Z,38.41,38.55,38.24,38.35,506200
2025-10-06T14:00:00Z,38.33,38.36,38.09,38.11,304900
2025-10-06T15:00:00Z,38.11,38.17,38.01,38.06,388100
2025-10-06T16:00:00Z,38.04,38.16,37.97,38.12,392500
2025-10-06T17:00:00Z,38.12,38.14,37.92,37.95,207200
2025-10-06T18:00:00Z,37.93,38,37.89,37.98,268700
2025-10-06T19:00:00Z,37.96,37.99,37.85,37.89,548600
2025-10-07T13:00:00Z,37.6,37.66,37.16,37.5,1049100
2025-10-07T14:00:00Z,37.49,37.79,37.49,37.75,608600
2025-10-07T15:00:00Z,37.75,37.83,37.67,37.68,252500
2025-10-07T16:00:00Z,37.68,37.74,37.59,37.65,195400
2025-10-07T17:00:00Z,37.65,37.79,37.57,37.66,1791900
2025-10-07T18:00:00Z,37.66,37.83,37.64,37.79,451100
2025-10-07T19:00:00Z,37.79,37.83,37.69,37.8,716100
2025-10-08T13:00:00Z,37.99,38,37.56,37.59,543700
2025-10-08T14:00:00Z,37.58,37.65,37.51,37.54,354200
2025-10-08T15:00:00Z,37.55,37.81,37.47,37.69,660300
2025-10-08T16:00:00Z,37.68,37.71,37.53,37.57,368500
2025-10-08T17:00:00Z,37.56,37.8,37.51,37.76,506200
2025-10-08T18:00:00Z,37.76,37.79,37.63,37.65,438200
2025-10-08T19:00:00Z,37.65,37.71,37.56,37.57,463600
2025-10-09T13:00:00Z,37.65,37.75,37.5,37.56,319200
2025-10-09T14:00:00Z,37.55,37.6,37.42,37.42,394600
2025-10-09T15:00:00Z,37.42,37.66,37.42,37.51,275100
2025-10-09T16:00:00Z,37.52,37.53,37.34,37.43,1177400
2025-10-09T17:00:00Z,37.43,37.43,37.19,37.27,631600
2025-10-09T18:00:00Z,37.27,37.35,37.18,37.23,459600
2025-10-09T19:00:00Z,37.23,37.3,37.18,37.2,2494100
2025-10-10T13:00:00Z,36.97,37.04,36.61,36.79,1376300
2025-10-10T14:00:00Z,36.78,36.85,36.56,36.6,921300
2025-10-10T15:00:00Z,36.58,36.66,36.24,36.26,2293000
2025-10-10T16:00:00Z,36.27,36.43,36.11,36.16,1119800
2025-10-10T17:00:00Z,36.16,36.28,35.93,36.09,1522800
2025-10-10T18:00:00Z,36.08,36.11,35.99,36.08,685800
2025-10-10T19:00:00Z,36.09,36.18,36,36.08,1236800
2025-10-13T13:00:00Z,36.49,36.49,36.25,36.36,502400
2025-10-13T14:00:00Z,36.36,36.43,36.25,36.36,319900
2025-10-13T15:00:00Z,36.36,36.44,36.3,36.36,445400
2025-10-13T16:00:00Z,36.38,36.47,36.34,36.37,1485300
2025-10-13T17:00:00Z,36.37,36.4,36.3,36.32,283700
2025-10-13T18:00:00Z,36.32,36.47,36.32,36.4,480000
2025-10-13T19:00:00Z,36.42,36.47,36.34,36.4,857500
2025-10-14T13:00:00Z,36,36.05,35.77,35.95,1003000
2025-10-14T14:00:00Z,35.95,36,35.76,35.85,929200
2025-10-14T15:00:00Z,35.84,35.94,35.8,35.86,453400
2025-10-14T16:00:00Z,35.88,35.88,35.72,35.75,1992600
2025-10-14T17:00:00Z,35.75,35.77,35.53,35.55,835400
2025-10-14T18:00:00Z,35.55,35.71,35.4,35.41,1134500
2025-10-14T19:00:00Z,35.41,35.42,35.13,35.2,2214600
2025-10-15T13:00:00Z,35.33,35.73,35.22,35.53,1943500
2025-10-15T14:00:00Z,35.53,35.62,35.38,35.52,1200900
2025-10-15T15:00:00Z,35.52,35.54,34.84,34.89,1925900
2025-10-15T16:00:00Z,34.89,35.02,34.88,34.98,1058100
2025-10-15T17:00:00Z,34.98,35.2,34.87,35.01,1007000
2025-10-15T18:00:00Z,35,35.05,34.81,34.83,1426600
2025-10-15T19:00:00Z,34.82,34.84,34.53,34.54,2452600
2025-10-16T13:00:00Z,34.63,34.64,34.26,34.39,857600
2025-10-16T14:00:00Z,34.39,34.52,34.24,34.45,767600
2025-10-16T15:00:00Z,34.45,34.86,34.45,34.8,1838300
2025-10-16T16:00:00Z,34.81,34.85,34.64,34.79,1117300
2025-10-16T17:00:00Z,34.77,34.79,34.34,34.39,810400
2025-10-16T18:00:00Z,34.38,34.46,34.23,34.26,988300
2025-10-16T19:00:00Z,34.26,34.29,34.18,34.24,1050900
2025-10-17T13:00:00Z,35.15,35.22,34.56,35.1,4153700
2025-10-17T14:00:00Z,35.11,36.02,35.1,35.8,5954200
2025-10-17T15:00:00Z,35.81,35.87,35.58,35.68,3001800
2025-10-17T16:00:00Z,35.71,36.05,35.64,36.01,1723000
2025-10-17T17:00:00Z,36.03,36.38,36.02,36.1,2857900
2025-10-17T18:00:00Z,36.11,36.29,36.03,36.28,2389500
2025-10-17T19:00:00Z,36.29,36.35,36.13,36.31,4185400
2025-10-20T13:00:00Z,35.9,35.9,35.53,35.84,1430300
2025-10-20T14:00:00Z,35.85,35.88,35.63,35.73,806200
2025-10-20T15:00:00Z,35.73,35.82,35.62,35.8,474100
2025-10-20T16:00:00Z,35.8,35.81,35.53,35.54,478600
2025-10-20T17:00:00Z,35.56,35.62,35.45,35.55,465700
2025-10-20T18:00:00Z,35.56,35.58,35.46,35.5,632900
2025-10-20T19:00:00Z,35.5,35.5,35.26,35.36,1127800
2025-10-21T13:00:00Z,35.65,35.79,35.23,35.34,1128000
2025-10-21T14:00:00Z,35.33,35.43,35.21,35.26,751000
2025-10-21T15:00:00Z,35.26,35.5,35.15,35.39,950500
2025-10-21T16:00:00Z,35.4,35.44,35.11,35.12,715800
2025-10-21T17:00:00Z,35.14,35.18,35.02,35.07,631500
2025-10-21T18:00:00Z,35.07,35.08,34.79,34.89,1666800
2025-10-21T19:00:00Z,34.89,35.08,34.85,35.04,927000
2025-10-22T13:00:00Z,35.46,35.64,35.29,35.52,1527300
2025-10-22T14:00:00Z,35.52,36,35.51,35.88,1120700
2025-10-22T15:00:00Z,35.86,35.97,35.77,35.89,442200
2025-10-22T16:00:00Z,35.89,36,35.67,35.76,850500
2025-10-22T17:00:00Z,35.76,35.88,35.6,35.64,919600
2025-10-22T18:00:00Z,35.63,35.67,35.55,35.63,482300
2025-10-22T19:00:00Z,35.63,36.35,35.61,36.23,2578000
2025-10-23T13:00:00Z,37.12,37.38,36.8,36.93,2335700
2025-10-23T14:00:00Z,36.93,36.95,36.61,36.92,1367000
2025-10-23T15:00:00Z,36.9,36.96,36.8,36.91,683600
2025-10-23T16:00:00Z,36.9,37.1,36.86,37.1,738200
2025-10-23T17:00:00Z,37.09,37.1,36.96,36.99,635700
2025-10-23T18:00:00Z,36.98,37.03,36.84,36.89,497800
2025-10-23T19:00:00Z,36.88,37.07,36.84,36.87,1076500
2025-10-24T13:00:00Z,37,37.18,36.92,36.94,525500
2025-10-24T14:00:00Z,36.94,37.02,36.8,36.93,457300
2025-10-24T15:00:00Z,36.93,37.05,36.85,37.04,339500
2025-10-24T16:00:00Z,37.04,37.15,37.01,37.12,339800
2025-10-24T17:00:00Z,37.12,37.17,37.01,37.05,777000
2025-10-24T18:00:00Z,37.07,37.26,37.05,37.09,1649700
2025-10-24T19:00:00Z,37.08,37.12,36.95,36.96,762100
2025-10-27T13:00:00Z,37.25,37.26,36.78,36.86,749900
2025-10-27T14:00:00Z,36.86,37.03,36.73,37.03,334000
2025-10-27T15:00:00Z,37.03,37.07,36.9,37.02,465900
2025-10-27T16:00:00Z,37.02,37.13,37.01,37.04,349100
2025-10-27T17:00:00Z,37.04,37.19,37,37.16,408900
2025-10-27T18:00:00Z,37.18,37.18,37,37.1,580300
2025-10-27T19:00:00Z,37.09,37.16,37.07,37.1,798700
2025-10-28T13:00:00Z,36.79,36.79,36.4,36.48,1209300
2025-10-28T14:00:00Z,36.51,36.64,36.36,36.44,1391600
2025-10-28T15:00:00Z,36.43,36.6,36.43,36.5,556500
2025-10-28T16:00:00Z,36.49,36.54,36.45,36.51,507200
2025-10-28T17:00:00Z,36.51,36.58,36.44,36.44,464100
2025-10-28T18:00:00Z,36.44,36.46,36.26,36.3,739500
2025-10-28T19:00:00Z,36.3,36.36,36.2,36.26,1091500
2025-10-29T13:00:00Z,36.65,36.67,36.1,36.39,1181900
2025-10-29T14:00:00Z,36.38,36.42,36.26,36.38,1121100
2025-10-29T15:00:00Z,36.39,36.42,36.2,36.22,680400
2025-10-29T16:00:00Z,36.22,36.26,36.04,36.09,623600
2025-10-29T17:00:00Z,36.08,36.21,35.98,36.11,847600
2025-10-29T18:00:00Z,36.11,36.14,35.97,36.05,691800
2025-10-29T19:00:00Z,36.05,36.07,35.88,35.93,1500300
2025-10-30T13:00:00Z,35.69,36,35.57,35.95,657900
2025-10-30T14:00:00Z,35.97,36.08,35.83,35.93,680500
2025-10-30T15:00:00Z,35.95,36.05,35.93,36.01,554500
2025-10-30T16:00:00Z,36.01,36.05,35.93,35.98,368900
2025-10-30T17:00:00Z,36,36.01,35.75,35.77,377200
2025-10-30T18:00:00Z,35.76,35.83,35.69,35.77,541800
2025-10-30T19:00:00Z,35.76,35.79,35.63,35.64,1039500
2025-10-31T13:00:00Z,35.99,36,35.8,35.89,1588600
2025-10-31T14:00:00Z,35.89,35.94,35.65,35.77,630800
2025-10-31T15:00:00Z,35.77,35.9,35.69,35.82,530300
2025-10-31T16:00:00Z,35.84,35.98,35.81,35.86,640100
2025-10-31T17:00:00Z,35.88,35.98,35.81,35.89,638000
2025-10-31T18:00:00Z,35.88,35.96,35.77,35.92,717100
2025-10-31T19:00:00Z,35.92,35.94,35.83,35.88,1129600
2025-11-03T13:00:00Z,36.1,36.23,35.87,36.1,638100
2025-11-03T14:00:00Z,36.1,36.42,36.06,36.3,1118100
2025-11-03T15:00:00Z,36.33,36.49,36.23,36.42,1160400
2025-11-03T16:00:00Z,36.43,36.99,36.41,36.92,1649300
2025-11-03T17:00:00Z,36.92,37.02,36.47,36.56,2153300
2025-11-03T18:00:00Z,36.54,36.59,36.22,36.27,3443700
2025-11-03T19:00:00Z,36.27,36.3,36.06,36.27,1224600
2025-11-03T20:00:00Z,36.27,36.38,36.2,36.33,786100
2025-11-04T13:00:00Z,36.18,36.62,36.08,36.31,569000
2025-11-04T14:00:00Z,36.3,36.78,36.27,36.64,869400
2025-11-04T15:00:00Z,36.62,36.68,36.36,36.42,936500
2025-11-04T16:00:00Z,36.41,36.46,36.3,36.45,439100
2025-11-04T17:00:00Z,36.45,36.52,36.4,36.46,275900
2025-11-04T18:00:00Z,36.46,36.49,36.36,36.48,358000
2025-11-04T19:00:00Z,36.48,36.57,36.46,36.55,557100
2025-11-04T20:00:00Z,36.55,36.8,36.5,36.8,962000
2025-11-05T13:00:00Z,36.35,37.09,36.23,37.07,2116500
2025-11-05T14:00:00Z,37.08,37.31,37.01,37.2,1824800
2025-11-05T15:00:00Z,37.19,37.55,37.12,37.53,1071700
2025-11-05T16:00:00Z,37.54,37.57,37.23,37.35,1112300
2025-11-05T17:00:00Z,37.34,37.47,37.26,37.44,732000
2025-11-05T18:00:00Z,37.42,37.8,37.32,37.7,1365300
2025-11-05T19:00:00Z,37.7,37.83,37.56,37.59,1180900
2025-11-05T20:00:00Z,37.59,38.05,37.5,38,2550400
2025-11-06T13:00:00Z,38.05,38.87,37.81,38.51,3271200
2025-11-06T14:00:00Z,38.49,38.51,38.04,38.06,1076500
2025-11-06T15:00:00Z,38.08,38.14,37.94,38.02,447900
2025-11-06T16:00:00Z,38.03,38.12,37.88,38.02,781800
2025-11-06T17:00:00Z,38.02,38.18,38,38.15,467400
2025-11-06T18:00:00Z,38.16,38.48,38.1,38.42,843300
2025-11-06T19:00:00Z,38.42,38.51,38.32,38.32,738900
2025-11-06T20:00:00Z,38.33,38.75,38.32,38.72,1334400
2025-11-07T13:00:00Z,38.7,39.08,38.54,38.61,1070600
2025-11-07T14:00:00Z,38.61,38.73,38.55,38.55,824700
2025-11-07T15:00:00Z,38.55,39,38.55,38.76,1109900
2025-11-07T16:00:00Z,38.75,38.91,38.73,38.84,509200
2025-11-07T17:00:00Z,38.85,39.13,38.8,39.13,843900
2025-11-07T18:00:00Z,39.12,39.17,38.66,38.72,914200
2025-11-07T19:00:00Z,38.72,38.91,38.56,38.89,996900
2025-11-07T20:00:00Z,38.89,38.95,38.71,38.78,761800
2025-11-10T13:00:00Z,39.16,39.19,38.96,39.15,2371200
2025-11-10T14:00:00Z,39.16,39.32,38.82,38.88,1066900
2025-11-10T15:00:00Z,38.88,39.06,38.81,39.02,407400
2025-11-10T16:00:00Z,39,39.23,38.99,39.12,721600
2025-11-10T17:00:00Z,39.12,39.18,39.08,39.14,433200
2025-11-10T18:00:00Z,39.16,39.17,39.03,39.08,488000
2025-11-10T19:00:00Z,39.08,39.23,39.07,39.16,648000
2025-11-10T20:00:00Z,39.16,39.37,39.1,39.33,866400
2025-11-11T13:00:00Z,39.52,39.96,39.3,39.76,1744800
2025-11-11T14:00:00Z,39.77,40.33,39.73,40.22,1468200
2025-11-11T15:00:00Z,40.22,40.22,39.82,39.95,742500
2025-11-11T16:00:00Z,39.94,40.35,39.91,40.32,1093700
2025-11-11T17:00:00Z,40.31,40.44,40.2,40.32,1088400
2025-11-11T18:00:00Z,40.32,40.38,40.22,40.25,924400
2025-11-11T19:00:00Z,40.24,40.36,40.22,40.34,867100
2025-11-11T20:00:00Z,40.34,40.48,40.32,40.47,1942000
2025-11-12T13:00:00Z,40.42,40.5,40.2,40.27,1291700
2025-11-12T14:00:00Z,40.27,40.42,39.3,39.4,1643900
2025-11-12T15:00:00Z,39.4,39.6,39.25,39.49,952800
2025-11-12T16:00:00Z,39.49,39.64,39.42,39.55,616100
2025-11-12T17:00:00Z,39.55,39.65,39.28,39.39,861400
2025-11-12T18:00:00Z,39.37,39.86,39.37,39.6,1946200
2025-11-12T19:00:00Z,39.61,39.69,39.33,39.56,1377700
2025-11-12T20:00:00Z,39.56,40.06,39.54,40,978100
2025-11-13T13:00:00Z,40.01,40.35,40,40.25,753700
2025-11-13T14:00:00Z,40.25,40.28,39.44,39.72,2196000
2025-11-13T15:00:00Z,39.72,40.04,39.69,39.96,2032700
2025-11-13T16:00:00Z,39.96,40.18,39.93,40.13,479000
2025-11-13T17:00:00Z,40.13,40.14,39.97,40.04,544100
2025-11-13T18:00:00Z,40.05,40.13,39.82,39.84,936200
2025-11-13T19:00:00Z,39.84,39.93,39.8,39.91,705500
2025-11-13T20:00:00Z,39.92,39.96,39.73,39.79,989600
2025-11-14T13:00:00Z,40,40.33,39.92,40.02,884400
2025-11-14T14:00:00Z,40.01,40.38,39.98,40.37,1402900
2025-11-14T15:00:00Z,40.37,40.39,40.2,40.28,476100
2025-11-14T16:00:00Z,40.29,40.74,40.29,40.45,892300
2025-11-14T17:00:00Z,40.46,40.46,40.27,40.36,572700
2025-11-14T18:00:00Z,40.36,40.36,40.09,40.11,1041700
2025-11-14T19:00:00Z,40.14,40.16,39.83,39.86,569100
2025-11-14T20:00:00Z,39.85,39.92,39.68,39.87,601600
2025-11-17T13:00:00Z,39.79,40.25,39.74,39.95,1095800
2025-11-17T14:00:00Z,39.96,40.05,39.85,40.03,948800
2025-11-17T15:00:00Z,40.02,40.54,40.01,40.21,1144800
2025-11-17T16:00:00Z,40.22,40.45,40.15,40.44,1035900
2025-11-17T17:00:00Z,40.44,40.48,40.01,40.08,460600
2025-11-17T18:00:00Z,40.08,40.11,39.92,39.97,1073000
2025-11-17T19:00:00Z,39.96,40.09,39.85,39.88,579700
2025-11-17T20:00:00Z,39.86,39.92,39.76,39.86,702600
2025-11-18T13:00:00Z,39.6,40.11,39.5,40.04,689300
2025-11-18T14:00:00Z,40.04,40.32,39.99,40.27,933600
2025-11-18T15:00:00Z,40.27,40.42,40.1,40.28,758800
2025-11-18T16:00:00Z,40.27,40.35,40.06,40.08,592300
2025-11-18T17:00:00Z,40.07,40.11,39.98,40.05,384100
2025-11-18T18:00:00Z,40.05,40.23,40.01,40.13,420500
2025-11-18T19:00:00Z,40.15,40.27,40.09,40.15,591600
2025-11-18T20:00:00Z,40.12,40.21,40.03,40.2,657900
2025-11-19T13:00:00Z,39.7,39.82,39.35,39.64,861500
2025-11-19T14:00:00Z,39.64,39.69,39.5,39.65,529900
2025-11-19T15:00:00Z,39.63,39.7,39.51,39.64,929700
2025-11-19T16:00:00Z,39.63,39.67,39.48,39.55,541700
2025-11-19T17:00:00Z,39.56,39.56,39.33,39.44,1619200
2025-11-19T18:00:00Z,39.45,39.55,39.43,39.46,524500
2025-11-19T19:00:00Z,39.45,39.53,39.31,39.53,847700
2025-11-19T20:00:00Z,39.52,39.55,39.38,39.43,825200
2025-11-21T13:00:00Z,39,39.27,38.7,38.83,779600
2025-11-21T14:00:00Z,38.81,38.87,38.5,38.54,1146000
2025-11-21T15:00:00Z,38.54,38.71,38.47,38.53,3059100
2025-11-21T16:00:00Z,38.51,38.85,38.41,38.84,813300
2025-11-21T17:00:00Z,38.85,38.98,38.81,38.9,669100
2025-11-21T18:00:00Z,38.9,38.9,38.65,38.77,444600
2025-11-21T19:00:00Z,38.76,38.86,38.72,38.75,1612300
2025-11-21T20:00:00Z,38.75,38.85,38.61,38.71,1837900
2025-11-24T13:00:00Z,38.66,38.9,38.65,38.68,554300
2025-11-24T14:00:00Z,38.67,38.81,38.32,38.46,979100
2025-11-24T15:00:00Z,38.46,38.59,38.42,38.5,326700
2025-11-24T16:00:00Z,38.5,38.61,38.4,38.5,324700
2025-11-24T17:00:00Z,38.5,38.54,38.42,38.51,288200
2025-11-24T18:00:00Z,38.52,38.54,38.43,38.51,3186400
2025-11-24T19:00:00Z,38.51,38.61,38.47,38.57,751600
2025-11-24T20:00:00Z,38.58,38.65,38.5,38.52,551600
2025-11-25T13:00:00Z,38.2,38.3,37.76,37.77,928500
2025-11-25T14:00:00Z,37.77,37.78,37.45,37.57,887400
2025-11-25T15:00:00Z,37.59,37.79,37.49,37.69,533600
2025-11-25T16:00:00Z,37.68,37.85,37.59,37.59,571800
2025-11-25T17:00:00Z,37.58,37.68,37.54,37.55,501700
2025-11-25T18:00:00Z,37.55,37.65,37.41,37.57,1036300
2025-11-25T19:00:00Z,37.57,37.72,37.52,37.58,1578400
2025-11-25T20:00:00Z,37.59,37.59,37.4,37.46,1339800
2025-11-26T13:00:00Z,37.52,37.7,37.4,37.64,700900
2025-11-26T14:00:00Z,37.66,37.74,37.46,37.48,648100
2025-11-26T15:00:00Z,37.49,37.59,37.22,37.39,632300
2025-11-26T16:00:00Z,37.39,37.5,37.37,37.44,544100
2025-11-26T17:00:00Z,37.42,37.56,37.38,37.4,799500
2025-11-26T18:00:00Z,37.41,37.6,37.37,37.56,658400
2025-11-26T19:00:00Z,37.55,37.77,37.55,37.77,574400
2025-11-26T20:00:00Z,37.77,38,37.6,37.91,1654400
2025-11-27T13:00:00Z,37.85,37.96,37.49,37.49,635900
2025-11-27T14:00:00Z,37.5,37.63,37.42,37.44,396900
2025-11-27T15:00:00Z,37.44,37.48,37.36,37.42,1306300
2025-11-27T16:00:00Z,37.43,37.46,37.36,37.38,719400
2025-11-27T17:00:00Z,37.37,37.63,37.37,37.59,357900
2025-11-27T18:00:00Z,37.6,37.67,37.57,37.63,386100
2025-11-27T19:00:00Z,37.62,37.83,37.61,37.78,464800
2025-11-27T20:00:00Z,37.78,37.87,37.74,37.84,353500
2025-11-28T13:00:00Z,37.6,37.71,37.45,37.48,705500
2025-11-28T14:00:00Z,37.48,37.61,37.16,37.33,610900
2025-11-28T15:00:00Z,37.34,37.5,37.26,37.5,368800
2025-11-28T16:00:00Z,37.5,37.8,37.43,37.8,773000
2025-11-28T17:00:00Z,37.81,37.83,37.63,37.65,326900
2025-11-28T18:00:00Z,37.65,37.7,37.57,37.64,370800
2025-11-28T19:00:00Z,37.64,37.67,37.36,37.41,652400
2025-11-28T20:00:00Z,37.41,37.44,37.25,37.28,765500
2025-12-01T13:00:00Z,37.45,37.54,37.2,37.3,653100
2025-12-01T14:00:00Z,37.31,37.84,37.18,37.73,694900
2025-12-01T15:00:00Z,37.74,37.85,37.6,37.61,310800
2025-12-01T16:00:00Z,37.61,37.78,37.5,37.54,798000
2025-12-01T17:00:00Z,37.55,37.6,37.47,37.52,237000
2025-12-01T18:00:00Z,37.52,37.54,37.45,37.45,253000
2025-12-01T19:00:00Z,37.45,37.47,37.33,37.34,317500
2025-12-01T20:00:00Z,37.34,37.53,37.33,37.5,497000
2025-12-02T13:00:00Z,37.56,37.8,37.54,37.78,301400
2025-12-02T14:00:00Z,37.77,38.1,37.26,37.29,1422600
2025-12-02T15:00:00Z,37.29,37.47,37.21,37.47,579100
2025-12-02T16:00:00Z,37.46,37.49,37.32,37.39,311900
2025-12-02T17:00:00Z,37.39,37.48,37.34,37.38,317200
2025-12-02T18:00:00Z,37.4,37.71,37.37,37.64,504400
2025-12-02T19:00:00Z,37.64,37.7,37.39,37.4,944500
2025-12-02T20:00:00Z,37.41,37.53,37.11,37.49,922400
2025-12-03T13:00:00Z,37.96,38.5,37.96,38.35,1300700
2025-12-03T14:00:00Z,38.35,38.72,38.08,38.62,1651300
2025-12-03T15:00:00Z,38.62,38.8,38.56,38.73,545500
2025-12-03T16:00:00Z,38.73,38.73,38.36,38.4,658500
2025-12-03T17:00:00Z,38.4,38.83,38.35,38.73,941700
2025-12-03T18:00:00Z,38.75,38.82,38.61,38.79,1383400
2025-12-03T19:00:00Z,38.79,39.12,38.66,39.04,1852200
2025-12-03T20:00:00Z,39.04,39.34,38.95,39.33,1777700
2025-12-04T13:00:00Z,39.44,40.1,39.44,40.03,1333800
2025-12-04T14:00:00Z,40.03,40.14,39.58,39.58,1727100
2025-12-04T15:00:00Z,39.59,39.61,39.28,39.45,994900
2025-12-04T16:00:00Z,39.43,39.46,39.24,39.32,624100
2025-12-04T17:00:00Z,39.33,39.37,39.09,39.18,581000
2025-12-04T18:00:00Z,39.18,39.28,39.13,39.26,716000
2025-12-04T19:00:00Z,39.26,39.71,39.26,39.67,1112700
2025-12-04T20:00:00Z,39.67,39.77,39.53,39.53,921200
2025-12-05T13:00:00Z,39.54,39.77,39.35,39.75,406700
2025-12-05T14:00:00Z,39.75,39.88,39.67,39.85,589200
2025-12-05T15:00:00Z,39.86,40.15,39.4,39.47,822400
2025-12-05T16:00:00Z,39.48,39.71,39,39.24,1497700
2025-12-05T17:00:00Z,39.23,39.45,39.01,39.22,951100
2025-12-05T18:00:00Z,39.2,39.59,38.98,39.02,1290700
2025-12-05T19:00:00Z,39.03,39.2,38.92,39.18,1609800
2025-12-05T20:00:00Z,39.18,39.22,39,39.16,1093100
2025-12-08T13:00:00Z,39.33,39.62,39.17,39.57,3987200
2025-12-08T14:00:00Z,39.57,39.61,39.38,39.58,474800
2025-12-08T15:00:00Z,39.56,39.65,39.34,39.36,472400
2025-12-08T16:00:00Z,39.35,39.58,39.3,39.5,476300
2025-12-08T17:00:00Z,39.49,39.85,39.38,39.75,871900
2025-12-08T18:00:00Z,39.75,39.76,39.51,39.53,493500
2025-12-08T19:00:00Z,39.53,39.68,39.47,39.52,458500
2025-12-08T20:00:00Z,39.51,39.53,39.23,39.25,795500
2025-12-09T13:00:00Z,39.35,39.6,39.19,39.43,1128000
2025-12-09T14:00:00Z,39.45,39.71,39.33,39.62,646800
2025-12-09T15:00:00Z,39.64,39.78,39.49,39.65,667900
2025-12-09T16:00:00Z,39.66,39.85,39.58,39.72,421700
2025-12-09T17:00:00Z,39.74,39.83,39.66,39.67,746800
2025-12-09T18:00:00Z,39.68,39.77,39.6,39.69,367900
2025-12-09T19:00:00Z,39.7,39.92,39.63,39.84,634100
2025-12-09T20:00:00Z,39.87,39.93,39.77,39.83,571500
2025-12-10T13:00:00Z,39.84,40.05,39.78,39.94,580000
2025-12-10T14:00:00Z,39.94,39.95,39.66,39.71,497300
2025-12-10T15:00:00Z,39.7,39.79,39.51,39.62,713000
2025-12-10T16:00:00Z,39.62,39.63,39.39,39.53,377900
2025-12-10T17:00:00Z,39.54,39.54,39.34,39.4,390400
2025-12-10T18:00:00Z,39.42,39.56,39.4,39.49,192300
2025-12-10T19:00:00Z,39.51,39.71,39.49,39.65,436000
2025-12-10T20:00:00Z,39.67,39.86,39.55,39.59,531200
2025-12-11T13:00:00Z,39.41,39.53,39.34,39.43,332800
2025-12-11T14:00:00Z,39.45,39.45,39.1,39.24,766500
2025-12-11T15:00:00Z,39.23,39.48,39.22,39.35,695100
2025-12-11T16:00:00Z,39.36,39.37,39.1,39.15,602700
2025-12-11T17:00:00Z,39.16,39.21,38.94,38.96,328200
2025-12-11T18:00:00Z,38.96,39.04,38.7,38.81,485500
2025-12-11T19:00:00Z,38.82,38.89,38.59,38.78,809200
2025-12-11T20:00:00Z,38.78,38.89,38.64,38.85,1200300
2025-12-12T13:00:00Z,38.95,39.36,38.81,39.36,312100
2025-12-12T14:00:00Z,39.37,39.42,39.18,39.34,507500
2025-12-12T15:00:00Z,39.34,39.38,39.2,39.32,411400
2025-12-12T16:00:00Z,39.32,39.41,39.21,39.41,288500
2025-12-12T17:00:00Z,39.42,39.52,39.35,39.41,279100
2025-12-12T18:00:00Z,39.41,39.43,39.3,39.38,245400
2025-12-12T19:00:00Z,39.38,39.42,39.3,39.37,450000
2025-12-12T20:00:00Z,39.38,39.44,39.3,39.39,739000
2025-12-15T13:00:00Z,39.5,39.75,39.4,39.49,252500
2025-12-15T14:00:00Z,39.52,39.72,39.41,39.52,434800
2025-12-15T15:00:00Z,39.53,39.54,39.41,39.51,459100
2025-12-15T16:00:00Z,39.51,39.63,39.5,39.58,194600
2025-12-15T17:00:00Z,39.56,39.63,39.5,39.6,272500
2025-12-15T18:00:00Z,39.6,39.63,39.41,39.47,875300
2025-12-15T19:00:00Z,39.47,39.49,39.3,39.3,274000
2025-12-15T20:00:00Z,39.3,39.59,39.27,39.51,625200
2025-12-16T13:00:00Z,39.05,39.05,38.8,38.95,668000
2025-12-16T14:00:00Z,38.92,38.93,38.43,38.47,1140800
2025-12-16T15:00:00Z,38.47,38.54,38.2,38.23,660500
2025-12-16T16:00:00Z,38.22,38.45,38.1,38.4,689500
2025-12-16T17:00:00Z,38.4,38.55,38.35,38.52,923900
2025-12-16T18:00:00Z,38.53,38.75,38.51,38.71,519500
2025-12-16T19:00:00Z,38.7,38.8,38.57,38.66,681000
2025-12-16T20:00:00Z,38.66,38.72,38.51,38.61,1202500
2025-12-17T13:00:00Z,38.89,39.14,38.42,38.84,1644400
2025-12-17T14:00:00Z,38.84,39.03,38.63,39.01,1350400
2025-12-17T15:00:00Z,39.02,39.28,38.89,38.99,1245800
2025-12-17T16:00:00Z,39,39.03,38.83,39.01,533700
2025-12-17T17:00:00Z,38.99,39.24,38.9,38.96,661500
2025-12-17T18:00:00Z,38.96,39.16,38.92,39.05,772100
2025-12-17T19:00:00Z,39.05,39.09,38.75,38.79,1144100
2025-12-17T20:00:00Z,38.79,38.86,38.49,38.54,1867300
2025-12-18T13:00:00Z,38.81,39.54,38.71,39.28,917500
2025-12-18T14:00:00Z,39.28,39.45,38.92,39.27,1405900
2025-12-18T15:00:00Z,39.3,39.5,39.22,39.47,530400
2025-12-18T16:00:00Z,39.47,39.5,39.11,39.12,767800
2025-12-18T17:00:00Z,39.14,39.2,38.86,38.95,1418300
2025-12-18T18:00:00Z,38.96,39.02,38.83,38.9,472800
2025-12-18T19:00:00Z,38.89,38.9,38.58,38.63,593500
2025-12-18T20:00:00Z,38.64,38.7,38.47,38.52,788700
2025-12-19T13:00:00Z,38.6,38.96,38.6,38.76,742700
2025-12-19T14:00:00Z,38.76,38.8,38.56,38.75,691800
2025-12-19T15:00:00Z,38.75,38.93,38.69,38.87,913600
2025-12-19T16:00:00Z,38.87,38.95,38.78,38.84,400600
2025-12-19T17:00:00Z,38.84,38.87,38.6,38.62,394500
2025-12-19T18:00:00Z,38.61,38.65,38.21,38.35,846100
2025-12-19T19:00:00Z,38.34,38.42,38.22,38.42,968300
2025-12-19T20:00:00Z,38.4,38.49,38.35,38.4,744600
2025-12-22T13:00:00Z,38.55,39.08,38.55,38.94,4137000
2025-12-22T14:00:00Z,38.93,39.2,38.86,39.15,1884200
2025-12-22T15:00:00Z,39.13,39.34,39,39.29,1448000
2025-12-22T16:00:00Z,39.29,39.64,39.26,39.58,1247400
2025-12-22T17:00:00Z,39.57,39.79,39.18,39.26,1177000
2025-12-22T18:00:00Z,39.28,39.34,39.1,39.25,2433900
2025-12-22T19:00:00Z,39.24,39.71,39.2,39.65,1678300
2025-12-22T20:00:00Z,39.65,39.68,39.23,39.24,1792900
2025-12-23T13:00:00Z,39.5,40.3,39.38,40.16,2424500
2025-12-23T14:00:00Z,40.17,40.37,40.02,40.36,993400
2025-12-23T15:00:00Z,40.36,40.43,40.05,40.17,815100
2025-12-23T16:00:00Z,40.18,40.41,40.12,40.35,501700
2025-12-23T17:00:00Z,40.35,40.44,40.05,40.13,838600
2025-12-23T18:00:00Z,40.14,40.17,39.97,40.08,1031200
2025-12-23T19:00:00Z,40.08,40.3,40.06,40.26,731700
2025-12-23T20:00:00Z,40.25,40.45,40.23,40.4,839700
2025-12-26T13:00:00Z,40.16,40.38,39.95,40.02,266700
2025-12-26T14:00:00Z,39.99,40.1,39.8,39.82,641500
2025-12-26T15:00:00Z,39.86,39.99,39.76,39.84,766200
2025-12-26T16:00:00Z,39.84,39.96,39.74,39.81,451600
2025-12-26T17:00:00Z,39.79,40.02,39.79,40.01,332200
2025-12-26T18:00:00Z,40.01,40.05,39.98,40,275200
2025-12-26T19:00:00Z,40,40.18,39.89,39.92,962400
2025-12-26T20:00:00Z,39.92,40.5,39.9,40.47,720800
2025-12-29T13:00:00Z,41.06,41.5,40.62,41.16,1050200
2025-12-29T14:00:00Z,41.16,41.27,40.86,41.24,1069600
2025-12-29T15:00:00Z,41.24,41.45,41.15,41.21,978000
2025-12-29T16:00:00Z,41.2,41.27,41.02,41.05,575600
2025-12-29T17:00:00Z,41.05,41.08,40.91,40.99,1032000
2025-12-29T18:00:00Z,40.97,40.99,40.86,40.92,531200
2025-12-29T19:00:00Z,40.92,41.06,40.85,41.01,657400
2025-12-29T20:00:00Z,41.02,41.12,40.96,41.05,904100
2025-12-30T13:00:00Z,41.25,41.3,40.91,40.91,457000
2025-12-30T14:00:00Z,40.91,41.23,40.9,41.19,461400
2025-12-30T15:00:00Z,41.19,41.52,41.17,41.5,654600
2025-12-30T16:00:00Z,41.47,41.58,41.27,41.3,319100
2025-12-30T17:00:00Z,41.28,41.34,41.18,41.31,347700
2025-12-30T18:00:00Z,41.33,41.37,41.25,41.27,346800
2025-12-30T19:00:00Z,41.28,41.48,41.25,41.4,611800
2025-12-30T20:00:00Z,41.4,41.49,41.38,41.49,680900
2026-01-02T13:00:00Z,41.42,41.5,40.89,41.14,1342100
2026-01-02T14:00:00Z,41.12,41.17,40.99,41.14,1162700
2026-01-02T15:00:00Z,41.14,41.17,40.98,41.06,972600
2026-01-02T16:00:00Z,41.05,41.32,41.01,41.32,482900
2026-01-02T17:00:00Z,41.31,41.47,41.29,41.45,450300
2026-01-02T18:00:00Z,41.44,41.59,41.41,41.53,603000
2026-01-02T19:00:00Z,41.52,41.7,41.51,41.56,860900
2026-01-02T20:00:00Z,41.55,41.84,41.5,41.8,732200
2026-01-05T13:00:00Z,41.61,41.89,40.73,41.01,1962700
2026-01-05T14:00:00Z,41,41.2,40.8,40.89,1516500
2026-01-05T15:00:00Z,40.89,40.98,40.59,40.87,1248600
2026-01-05T16:00:00Z,40.88,40.96,40.7,40.79,701300
2026-01-05T17:00:00Z,40.79,40.89,40.7,40.84,629500
2026-01-05T18:00:00Z,40.84,40.88,40.71,40.84,723700
2026-01-05T19:00:00Z,40.82,41.08,40.79,41.05,870400
2026-01-05T20:00:00Z,41.03,41.2,40.95,41.15,811400
2026-01-06T13:00:00Z,41.56,42.06,41.56,41.84,1081800
2026-01-06T14:00:00Z,41.83,41.86,41.36,41.38,2171200
2026-01-06T15:00:00Z,41.37,41.53,41.24,41.42,607400
2026-01-06T16:00:00Z,41.45,41.5,41.32,41.32,364100
2026-01-06T17:00:00Z,41.33,41.43,41.21,41.29,1502100
2026-01-06T18:00:00Z,41.26,41.34,41.16,41.23,639900
2026-01-06T19:00:00Z,41.23,41.23,40.67,40.74,898800
2026-01-06T20:00:00Z,40.74,40.9,40.7,40.87,601200
2026-01-07T13:00:00Z,40.65,40.79,40.38,40.62,610200
2026-01-07T14:00:00Z,40.64,40.72,40.5,40.53,334400
2026-01-07T15:00:00Z,40.53,40.61,40.19,40.39,1311700
2026-01-07T16:00:00Z,40.36,40.53,40.31,40.39,492100
2026-01-07T17:00:00Z,40.38,41,40.37,40.81,4165600
2026-01-07T18:00:00Z,40.79,41.11,40.78,41.02,1072500
2026-01-07T19:00:00Z,41.02,41.4,40.97,41.24,934500
2026-01-07T20:00:00Z,41.25,41.3,40.99,41.14,1186400
2026-01-08T13:00:00Z,41.13,41.49,40.75,41.25,6464700
2026-01-08T14:00:00Z,41.26,41.7,41.17,41.42,1163700
2026-01-08T15:00:00Z,41.42,41.59,41.32,41.48,650500
2026-01-08T16:00:00Z,41.47,41.62,41.4,41.44,347900
2026-01-08T17:00:00Z,41.44,41.56,41.27,41.27,528800
2026-01-08T18:00:00Z,41.27,41.63,41.22,41.59,504400
2026-01-08T19:00:00Z,41.58,41.9,41.55,41.88,1018900
2026-01-08T20:00:00Z,41.88,41.93,41.52,41.74,1109800
2026-01-09T13:00:00Z,41.71,42.41,41.52,42.27,830700
2026-01-09T14:00:00Z,42.28,43.07,42.24,42.89,1481200
2026-01-09T15:00:00Z,42.89,42.96,42.7,42.88,1371800
2026-01-09T16:00:00Z,42.86,42.9,42.72,42.75,803800
2026-01-09T17:00:00Z,42.76,42.77,42.43,42.64,734800
2026-01-09T18:00:00Z,42.67,42.67,42.25,42.51,1227400
2026-01-09T19:00:00Z,42.5,42.69,42.36,42.68,1604100
2026-01-09T20:00:00Z,42.68,42.76,42.61,42.73,1021000
2026-01-12T13:00:00Z,42.57,42.66,42.32,42.62,449100
2026-01-12T14:00:00Z,42.58,42.88,42.57,42.84,728600
2026-01-12T15:00:00Z,42.86,43,42.74,42.95,413300
2026-01-12T16:00:00Z,42.95,43,42.79,42.84,506800
2026-01-12T17:00:00Z,42.84,42.97,42.81,42.9,426600
2026-01-12T18:00:00Z,42.92,43.15,42.81,43.13,905000
2026-01-12T19:00:00Z,43.12,43.25,43.08,43.2,665200
2026-01-12T20:00:00Z,43.2,43.44,43.12,43.29,1125400
2026-01-13T13:00:00Z,43.34,43.77,43.25,43.37,1340500
2026-01-13T14:00:00Z,43.37,43.64,43.12,43.39,1958300
2026-01-13T15:00:00Z,43.39,43.49,43.3,43.44,1363300
2026-01-13T16:00:00Z,43.44,43.6,43.42,43.46,1176500
2026-01-13T17:00:00Z,43.46,43.52,43.04,43.09,1319200
2026-01-13T18:00:00Z,43.07,43.27,43.01,43.15,1398200
2026-01-13T19:00:00Z,43.15,43.27,43.12,43.21,1008300
2026-01-13T20:00:00Z,43.21,43.23,43.05,43.1,1966200
2026-01-14T13:00:00Z,43.12,43.32,42.8,42.81,836900
2026-01-14T14:00:00Z,42.81,43.48,42.76,43.4,1385400
2026-01-14T15:00:00Z,43.4,43.6,43.4,43.43,1614500
2026-01-14T16:00:00Z,43.43,43.81,43.4,43.69,984500
2026-01-14T17:00:00Z,43.69,43.96,43.57,43.62,949200
2026-01-14T18:00:00Z,43.62,44.05,43.61,44.01,921500
2026-01-14T19:00:00Z,44.01,44.83,43.77,44.67,2817900
2026-01-14T20:00:00Z,44.66,44.72,43.7,44.17,3508000
2026-01-15T13:00:00Z,43.36,43.59,43.01,43.09,1338600
2026-01-15T14:00:00Z,43.08,43.55,42.97,43.4,1208000
2026-01-15T15:00:00Z,43.4,43.9,43.34,43.84,959100
2026-01-15T16:00:00Z,43.83,43.89,43.71,43.77,568100
2026-01-15T17:00:00Z,43.76,43.85,43.45,43.58,763900
2026-01-15T18:00:00Z,43.58,43.95,43.54,43.85,934800
2026-01-15T19:00:00Z,43.84,43.85,43.52,43.67,1318400
2026-01-15T20:00:00Z,43.65,43.88,43.62,43.85,1010000
2026-01-16T13:00:00Z,43.81,44.45,43.81,44.18,1371600
2026-01-16T14:00:00Z,44.19,44.53,44.16,44.29,912100
2026-01-16T15:00:00Z,44.29,44.5,44.12,44.15,1109300
2026-01-16T16:00:00Z,44.14,44.37,44.14,44.34,971000
2026-01-16T17:00:00Z,44.35,44.67,44.32,44.42,1687300
2026-01-16T18:00:00Z,44.42,44.69,44.21,44.58,3639700
2026-01-16T19:00:00Z,44.58,44.67,44.25,44.34,948900
2026-01-16T20:00:00Z,44.34,44.37,43.99,44.09,2536500
2026-01-19T13:00:00Z,43.85,44.28,43.81,44.18,541300
2026-01-19T14:00:00Z,44.18,44.43,44.05,44.34,1897400
2026-01-19T15:00:00Z,44.34,44.6,44.34,44.56,866900
2026-01-19T16:00:00Z,44.57,44.64,44.45,44.46,212000
2026-01-19T17:00:00Z,44.47,44.68,44.47,44.66,230000
2026-01-19T18:00:00Z,44.66,44.86,44.66,44.69,471700
2026-01-19T19:00:00Z,44.68,44.95,44.65,44.81,635500
2026-01-19T20:00:00Z,44.81,45.12,44.78,45,873100
2026-01-20T13:00:00Z,44.93,45.22,44.62,44.75,1828400
2026-01-20T14:00:00Z,44.76,45.54,44.54,45.39,1558300
2026-01-20T15:00:00Z,45.41,45.46,45.12,45.24,1151000
2026-01-20T16:00:00Z,45.27,45.34,45.02,45.16,552200
2026-01-20T17:00:00Z,45.13,45.44,45.1,45.44,1616100
2026-01-20T18:00:00Z,45.43,45.75,45.35,45.49,1047700
2026-01-20T19:00:00Z,45.49,45.78,45.44,45.65,923000
2026-01-20T20:00:00Z,45.65,45.74,45.47,45.48,967600
2026-01-21T13:00:00Z,45.91,45.91,45.45,45.53,893600
2026-01-21T14:00:00Z,45.57,46.09,45.34,46.02,1568400
2026-01-21T15:00:00Z,46.02,46.18,45.77,46.13,1103100
2026-01-21T16:00:00Z,46.11,46.38,46.11,46.34,1153300
2026-01-21T17:00:00Z,46.34,46.62,46.31,46.51,1389500
2026-01-21T18:00:00Z,46.5,46.95,46.38,46.65,2200900
2026-01-21T19:00:00Z,46.65,47.16,46.6,47.08,2864200
2026-01-21T20:00:00Z,47.06,47.1,46.82,47,2848600
2026-01-22T13:00:00Z,46.74,47.08,46.39,46.5,1484500
2026-01-22T14:00:00Z,46.5,46.97,46.49,46.71,2226700
2026-01-22T15:00:00Z,46.7,46.94,46.09,46.7,2726000
2026-01-22T16:00:00Z,46.72,46.84,46.53,46.63,1812100
2026-01-22T17:00:00Z,46.63,46.73,46.25,46.31,1949100
2026-01-22T18:00:00Z,46.31,46.64,46.31,46.4,1082900
2026-01-22T19:00:00Z,46.4,46.4,46.07,46.37,1562200
2026-01-22T20:00:00Z,46.36,46.42,46.12,46.29,1883200
2026-01-23T13:00:00Z,47.05,48.1,47.05,47.9,3302300
2026-01-23T14:00:00Z,47.9,48.25,47.73,48.21,1683900
2026-01-23T15:00:00Z,48.22,48.39,47.91,48.35,1827000
2026-01-23T16:00:00Z,48.37,48.61,48.32,48.33,1020300
2026-01-23T17:00:00Z,48.34,48.47,48.12,48.16,1733600
2026-01-23T18:00:00Z,48.16,48.2,47.9,48.15,1776600
2026-01-23T19:00:00Z,48.14,48.57,48.04,48.53,1410200
2026-01-23T20:00:00Z,48.52,48.99,48.42,48.67,2515700
2026-01-26T13:00:00Z,48.56,48.83,47.51,47.54,1314300
2026-01-26T14:00:00Z,47.56,47.99,47.4,47.59,1371600
2026-01-26T15:00:00Z,47.63,47.78,47.51,47.73,1509000
2026-01-26T16:00:00Z,47.73,48.14,47.58,48.12,662300
2026-01-26T17:00:00Z,48.12,48.56,48.1,48.49,571600
2026-01-26T18:00:00Z,48.48,48.59,48.18,48.28,621900
2026-01-26T19:00:00Z,48.28,48.34,48.1,48.31,556800
2026-01-26T20:00:00Z,48.31,48.62,48.28,48.55,1159100
2026-01-27T13:00:00Z,48.8,49.64,48.51,49.41,1667400
2026-01-27T14:00:00Z,49.4,49.47,49.2,49.35,1093200
2026-01-27T15:00:00Z,49.36,49.5,49.33,49.46,918800
2026-01-27T16:00:00Z,49.45,49.63,49.3,49.52,1175400
2026-01-27T17:00:00Z,49.51,49.52,49.06,49.17,888700
2026-01-27T18:00:00Z,49.17,49.47,49.08,49.32,1337000
2026-01-27T19:00:00Z,49.33,49.33,48.79,48.89,2112300
2026-01-27T20:00:00Z,48.89,49.13,48.81,48.99,1533900
2026-01-28T13:00:00Z,49.09,50.72,49.09,50.27,2420800
2026-01-28T14:00:00Z,50.27,50.33,49.75,50.04,1882100
2026-01-28T15:00:00Z,50.05,50.18,49.69,49.96,1491800
2026-01-28T16:00:00Z,49.94,50.32,49.92,50.21,1593700
2026-01-28T17:00:00Z,50.21,50.4,50.11,50.23,1387400
2026-01-28T18:00:00Z,50.23,50.4,50.14,50.25,1147400
2026-01-28T19:00:00Z,50.24,50.38,50.15,50.23,1275100
2026-01-28T20:00:00Z,50.21,50.6,50.21,50.44,1648400
2026-01-29T13:00:00Z,51.15,51.93,50.89,51.82,2081500
2026-01-29T14:00:00Z,51.79,51.97,51.54,51.66,2603900
2026-01-29T15:00:00Z,51.64,51.69,50.75,50.82,3690000
2026-01-29T16:00:00Z,50.82,51.45,50.7,51.14,1460600
2026-01-29T17:00:00Z,51.16,51.97,51.14,51.7,1164900
2026-01-29T18:00:00Z,51.7,51.98,51.51,51.51,1358400
2026-01-29T19:00:00Z,51.51,51.65,51.1,51.2,2290200
2026-01-29T20:00:00Z,51.2,51.63,51.12,51.54,1858100
2026-01-30T13:00:00Z,50.99,51.43,50.74,51.2,799400
2026-01-30T14:00:00Z,51.23,51.49,51.19,51.29,1140800
2026-01-30T15:00:00Z,51.31,51.51,51.2,51.31,797600
2026-01-30T16:00:00Z,51.33,51.34,51.1,51.11,611500
2026-01-30T17:00:00Z,51.13,51.14,50.42,50.7,2050800
2026-01-30T18:00:00Z,50.7,50.91,50.5,50.83,1910700
2026-01-30T19:00:00Z,50.83,51.01,50.78,50.87,1343700
2026-01-30T20:00:00Z,50.87,50.96,50.64,50.86,796800
2026-02-02T13:00:00Z,49.68,50.34,49.36,49.96,1951800
2026-02-02T14:00:00Z,49.99,50.36,49.97,50.12,1472300
2026-02-02T15:00:00Z,50.11,50.33,50.1,50.22,1005100
2026-02-02T16:00:00Z,50.2,50.54,50.14,50.52,1696600
2026-02-02T17:00:00Z,50.51,51.08,50.47,50.77,1645000
2026-02-02T18:00:00Z,50.79,50.84,50.32,50.32,2488800
2026-02-02T19:00:00Z,50.33,50.6,50.24,50.51,1128300
2026-02-02T20:00:00Z,50.53,51.04,50.36,50.98,1766100
2026-02-03T13:00:00Z,50.99,51.79,50.99,51.79,528000
2026-02-03T14:00:00Z,51.75,52.66,51.72,52.47,1233400
2026-02-03T15:00:00Z,52.47,52.48,51.79,51.87,1302600
2026-02-03T16:00:00Z,51.89,51.99,51.71,51.77,523200
2026-02-03T17:00:00Z,51.73,51.89,51.52,51.59,1377000
2026-02-03T18:00:00Z,51.6,51.68,51.29,51.62,1017200
2026-02-03T19:00:00Z,51.62,51.69,51.29,51.38,1167200
2026-02-03T20:00:00Z,51.38,51.52,51.2,51.51,791200
2026-02-04T13:00:00Z,51.46,51.46,50.61,50.7,679200
2026-02-04T14:00:00Z,50.73,50.87,50.47,50.58,933300
2026-02-04T15:00:00Z,50.6,50.9,50.55,50.57,874600
2026-02-04T16:00:00Z,50.59,50.6,50.3,50.45,785400
2026-02-04T17:00:00Z,50.42,51.05,50.25,50.78,2798400
2026-02-04T18:00:00Z,50.77,50.81,50.1,50.2,1620400
2026-02-04T19:00:00Z,50.17,50.54,50.03,50.29,1890900
2026-02-04T20:00:00Z,50.3,50.46,50.01,50.16,1830400
2026-02-05T13:00:00Z,50.14,50.44,49.57,49.67,870500
2026-02-05T14:00:00Z,49.68,49.94,49.11,49.23,1836100
2026-02-05T15:00:00Z,49.26,49.35,48.77,49.02,1616100
2026-02-05T16:00:00Z,49.02,49.44,48.85,49.32,1495500
2026-02-05T17:00:00Z,49.32,49.38,49.05,49.07,1054800
2026-02-05T18:00:00Z,49.08,49.47,49.07,49.42,919900
2026-02-05T19:00:00Z,49.42,49.51,49.04,49.15,1219400
2026-02-05T20:00:00Z,49.16,49.18,48.8,49.07,1857600
2026-02-06T13:00:00Z,49.08,49.36,48.67,48.72,599300
2026-02-06T14:00:00Z,48.74,49.41,48.71,49.22,669400
2026-02-06T15:00:00Z,49.23,49.5,49.19,49.37,518100
2026-02-06T16:00:00Z,49.37,49.75,49.25,49.48,657900
2026-02-06T17:00:00Z,49.5,49.67,49.48,49.54,512200
2026-02-06T18:00:00Z,49.54,49.67,49.33,49.59,684500
2026-02-06T19:00:00Z,49.58,49.87,49.53,49.76,1044400
2026-02-06T20:00:00Z,49.78,50.76,49.76,50.74,1966900
2026-02-09T13:00:00Z,50.73,50.81,50.21,50.51,433400
2026-02-09T14:00:00Z,50.51,51.5,50.47,51.15,780100
2026-02-09T15:00:00Z,51.15,51.28,51.05,51.12,604400
2026-02-09T16:00:00Z,51.15,51.35,50.92,51.29,794800
2026-02-09T17:00:00Z,51.27,51.39,51.18,51.28,880800
2026-02-09T18:00:00Z,51.28,51.4,51.11,51.21,892900
2026-02-09T19:00:00Z,51.21,51.25,51.03,51.12,710600
2026-02-09T20:00:00Z,51.13,51.22,50.95,51.15,1509300
2026-02-10T13:00:00Z,50.88,51.26,50.8,51.04,504900
2026-02-10T14:00:00Z,51.02,51.38,51,51.33,848900
2026-02-10T15:00:00Z,51.33,51.54,51.26,51.4,428500
2026-02-10T16:00:00Z,51.4,51.45,51.32,51.42,403700
2026-02-10T17:00:00Z,51.41,51.52,51.3,51.39,445300
2026-02-10T18:00:00Z,51.39,51.39,51.16,51.29,626700
2026-02-10T19:00:00Z,51.3,51.46,51.2,51.4,755500
2026-02-10T20:00:00Z,51.42,51.59,51.38,51.55,633100
2026-02-11T13:00:00Z,51.99,52.25,51.8,52.08,1045300
2026-02-11T14:00:00Z,52.12,52.64,52.03,52.5,1839400
2026-02-11T15:00:00Z,52.47,52.51,52.17,52.47,589200
2026-02-11T16:00:00Z,52.47,53.1,52.45,53.07,1475000
2026-02-11T17:00:00Z,53.08,53.68,53,53.57,1573400
2026-02-11T18:00:00Z,53.58,54,53.55,53.58,1475100
2026-02-11T19:00:00Z,53.6,53.94,53.39,53.62,3901400
2026-02-11T20:00:00Z,53.62,53.98,53.44,53.89,1818300
2026-02-12T13:00:00Z,53.26,53.26,52.47,53.19,5169400
2026-02-12T14:00:00Z,53.18,53.83,53.06,53.17,1115300
2026-02-12T15:00:00Z,53.16,53.55,52.92,53.4,1259900
2026-02-12T16:00:00Z,53.4,53.46,52.75,52.82,2145900
2026-02-12T17:00:00Z,52.81,53.1,52.52,52.55,2380600
2026-02-12T18:00:00Z,52.53,52.63,52.01,52.2,2887800
2026-02-12T19:00:00Z,52.21,52.24,51.7,51.81,1308900
2026-02-12T20:00:00Z,51.82,52.36,51.78,52.1,1705300
2026-02-13T13:00:00Z,51.6,52.07,51.45,51.87,594700
2026-02-13T14:00:00Z,51.84,51.91,51.51,51.62,736000
2026-02-13T15:00:00Z,51.65,52.12,51.65,51.89,411800
2026-02-13T16:00:00Z,51.88,52.29,51.81,52.17,455800
2026-02-13T17:00:00Z,52.2,52.52,52.07,52.48,484700
2026-02-13T18:00:00Z,52.49,52.57,52.24,52.51,508100
2026-02-13T19:00:00Z,52.49,52.59,52.38,52.48,577200
2026-02-13T20:00:00Z,52.49,52.8,52.45,52.55,839100
2026-02-18T16:00:00Z,53.15,53.64,53.15,53.45,1827200
2026-02-18T17:00:00Z,53.47,53.7,53.36,53.52,907400
2026-02-18T18:00:00Z,53.5,53.61,53.04,53.51,966400
2026-02-18T19:00:00Z,53.51,53.65,53.29,53.53,2287700
2026-02-18T20:00:00Z,53.53,53.8,53.49,53.73,1304700
2026-02-19T13:00:00Z,54.02,54.88,53.7,54.82,1697400
2026-02-19T14:00:00Z,54.84,55.06,54.6,54.73,1602800
2026-02-19T15:00:00Z,54.73,55.13,54.6,55,1115400
2026-02-19T16:00:00Z,54.98,55.48,54.96,55.47,832200
2026-02-19T17:00:00Z,55.48,56.05,55.48,55.9,1419200
2026-02-19T18:00:00Z,55.89,55.94,55.2,55.28,1561000
2026-02-19T19:00:00Z,55.3,55.41,54.95,55.08,962000
2026-02-19T20:00:00Z,55.07,55.15,54.71,54.84,4224500
2026-02-20T13:00:00Z,54.93,54.94,54.41,54.53,729800
2026-02-20T14:00:00Z,54.53,54.85,54.41,54.6,1181900
2026-02-20T15:00:00Z,54.6,54.85,54.41,54.43,717000
2026-02-20T16:00:00Z,54.43,54.61,54.26,54.55,970000
2026-02-20T17:00:00Z,54.56,54.65,54.15,54.45,1776700
2026-02-20T18:00:00Z,54.45,54.75,54.42,54.54,785700
2026-02-20T19:00:00Z,54.54,54.69,54.38,54.58,965100
2026-02-20T20:00:00Z,54.6,54.96,54.58,54.72,986200
2026-02-23T13:00:00Z,54.81,55.45,54.69,55.1,627500
2026-02-23T14:00:00Z,55.09,55.72,54.9,55.71,1103700
2026-02-23T15:00:00Z,55.71,55.89,54.83,54.94,1400300
2026-02-23T16:00:00Z,54.92,54.97,54.59,54.82,797700
2026-02-23T17:00:00Z,54.81,54.85,54.1,54.33,1342800
2026-02-23T18:00:00Z,54.33,54.49,54.12,54.33,771200
2026-02-23T19:00:00Z,54.35,54.35,53.44,53.47,1573400
2026-02-23T20:00:00Z,53.48,53.68,53.24,53.65,1864400
2026-02-24T13:00:00Z,54,54.8,53.7,54.66,846700
2026-02-24T14:00:00Z,54.66,54.89,54.24,54.39,968100
2026-02-24T15:00:00Z,54.39,54.63,54.16,54.26,1734100
2026-02-24T16:00:00Z,54.26,54.27,53.83,54.12,1079500
2026-02-24T17:00:00Z,54.15,54.34,54,54.05,667100
2026-02-24T18:00:00Z,54.05,54.32,53.91,53.99,829300
2026-02-24T19:00:00Z,54.01,54.05,53.82,53.97,882200
2026-02-24T20:00:00Z,53.96,54.58,53.85,54.35,1575500
2026-02-25T13:00:00Z,54.98,55.04,54.16,54.3,763200
2026-02-25T14:00:00Z,54.33,54.58,53.75,53.89,553900
2026-02-25T15:00:00Z,53.89,53.94,53,53.28,1172800
2026-02-25T16:00:00Z,53.26,53.56,53.2,53.54,502300
2026-02-25T17:00:00Z,53.55,53.9,53.55,53.88,519700
2026-02-25T18:00:00Z,53.89,53.92,53.6,53.69,631800
2026-02-25T19:00:00Z,53.67,53.87,53.46,53.82,650600
2026-02-25T20:00:00Z,53.82,53.88,53.52,53.7,1362500
2026-02-26T13:00:00Z,53.1,53.37,52.63,52.8,1069900
2026-02-26T14:00:00Z,52.79,53.11,52.66,53.09,1885000
2026-02-26T15:00:00Z,53.09,53.35,52.81,53.33,2012500
2026-02-26T16:00:00Z,53.36,53.57,53.09,53.25,493800
2026-02-26T17:00:00Z,53.26,53.38,53.12,53.24,400600
2026-02-26T18:00:00Z,53.26,53.51,52.89,52.96,1284200
2026-02-26T19:00:00Z,52.95,53.4,52.74,52.83,1172100
2026-02-26T20:00:00Z,52.83,52.96,52.57,52.6,2208500
2026-02-27T13:00:00Z,52.75,53.1,52.2,52.4,4914000
2026-02-27T14:00:00Z,52.4,52.66,52.13,52.56,1352300
2026-02-27T15:00:00Z,52.56,52.79,52.45,52.66,1139200
2026-02-27T16:00:00Z,52.66,52.66,52.38,52.54,1122400
2026-02-27T17:00:00Z,52.55,52.8,52.36,52.68,1332800
2026-02-27T18:00:00Z,52.67,53.22,52.67,53.06,1154800
2026-02-27T19:00:00Z,53.06,53.24,52.98,53.2,719700
2026-02-27T20:00:00Z,53.2,53.88,53.11,53.72,1553900