time,open,high,low,close,Volume
2020-09-25T17:00:00Z,15.125,15.165,15.115,15.13,1065800
2020-09-25T18:00:00Z,15.13,15.16,15.03,15.06,1770000
2020-09-25T19:00:00Z,15.06,15.14,15.045,15.14,2214000
2020-09-28T13:00:00Z,15.35,15.885,15.35,15.75,14117400
2020-09-28T14:00:00Z,15.75,15.785,15.615,15.665,8284600
2020-09-28T15:00:00Z,15.665,15.725,15.62,15.715,3038600
2020-09-28T16:00:00Z,15.72,15.775,15.46,15.5,7285000
2020-09-28T17:00:00Z,15.5,15.52,15.06,15.165,10400400
2020-09-28T18:00:00Z,15.165,15.45,15.155,15.285,6959400
2020-09-28T19:00:00Z,15.285,15.335,15.19,15.25,6030800
2020-09-29T13:00:00Z,15.23,15.34,14.875,15.01,9198400
2020-09-29T14:00:00Z,15.025,15.135,14.945,15,6165200
2020-09-29T15:00:00Z,15.005,15.05,14.93,14.96,4343400
2020-09-29T16:00:00Z,14.96,15.005,14.925,14.975,3174800
2020-09-29T17:00:00Z,14.975,15,14.915,14.955,3418600
2020-09-29T18:00:00Z,14.955,15.02,14.94,14.945,3316000
2020-09-29T19:00:00Z,14.94,14.97,14.9,14.92,3822200
2020-09-30T13:00:00Z,14.995,15.055,14.83,14.92,3945600
2020-09-30T14:00:00Z,14.92,14.99,14.735,14.765,5684400
2020-09-30T15:00:00Z,14.765,14.865,14.755,14.85,3205600
2020-09-30T16:00:00Z,14.845,14.94,14.825,14.84,3258200
2020-09-30T17:00:00Z,14.835,14.87,14.79,14.84,2184200
2020-09-30T18:00:00Z,14.845,14.95,14.78,14.825,3110600
2020-09-30T19:00:00Z,14.825,14.885,14.76,14.85,3282200
2020-10-01T13:00:00Z,14.91,14.95,14.685,14.715,4221800
2020-10-01T14:00:00Z,14.715,14.715,14.605,14.675,3654600
2020-10-01T15:00:00Z,14.68,14.725,14.58,14.63,2820600
2020-10-01T16:00:00Z,14.625,14.72,14.6,14.705,1864800
2020-10-01T17:00:00Z,14.7,14.805,14.7,14.765,2253600
2020-10-01T18:00:00Z,14.775,14.9,14.69,14.865,3131200
2020-10-01T19:00:00Z,14.86,14.925,14.79,14.925,3075800
2020-10-02T13:00:00Z,14.705,15.28,14.655,15.215,8339200
2020-10-02T14:00:00Z,15.21,15.37,15.08,15.2,6617600
2020-10-02T15:00:00Z,15.195,15.215,14.955,14.97,3575400
2020-10-02T16:00:00Z,14.975,15.095,14.935,14.945,3708800
2020-10-02T17:00:00Z,14.945,15,14.84,14.945,3630200
2020-10-02T18:00:00Z,14.945,15.025,14.9,14.915,2467800
2020-10-02T19:00:00Z,14.92,14.95,14.85,14.885,3401600
2020-10-05T13:00:00Z,14.95,15.005,14.67,14.73,4325200
2020-10-05T14:00:00Z,14.72,14.855,14.695,14.825,3502600
2020-10-05T15:00:00Z,14.82,15.045,14.76,15.025,3794400
2020-10-05T16:00:00Z,15.025,15.13,15.02,15.075,3334200
2020-10-05T17:00:00Z,15.07,15.175,15.025,15.15,3035600
2020-10-05T18:00:00Z,15.15,15.16,15.09,15.13,2261800
2020-10-05T19:00:00Z,15.13,15.19,15.08,15.145,2962400
2020-10-06T13:00:00Z,15.255,15.375,15.18,15.35,3806400
2020-10-06T14:00:00Z,15.34,15.4,15.21,15.35,3975600
2020-10-06T15:00:00Z,15.35,15.365,15.095,15.145,3097600
2020-10-06T16:00:00Z,15.145,15.24,15.1,15.21,1117600
2020-10-06T17:00:00Z,15.215,15.23,15.105,15.21,1266800
2020-10-06T18:00:00Z,15.205,15.25,14.94,15.01,2278400
2020-10-06T19:00:00Z,15,15.185,14.95,15.035,3530800
2020-10-07T13:00:00Z,15.1,15.22,15.005,15.025,4683400
2020-10-07T14:00:00Z,15.025,15.04,14.895,14.98,2999600
2020-10-07T15:00:00Z,14.985,15.05,14.92,14.965,2255000
2020-10-07T16:00:00Z,14.965,15.05,14.91,14.94,1804600
2020-10-07T17:00:00Z,14.935,15.07,14.865,15.025,2587600
2020-10-07T18:00:00Z,15.025,15.05,14.935,14.96,5416800
2020-10-07T19:00:00Z,14.955,14.98,14.89,14.935,2452000
2020-10-08T13:00:00Z,14.955,15.045,14.825,15.025,3437800
2020-10-08T14:00:00Z,15.025,15.225,14.99,15.17,5380000
2020-10-08T15:00:00Z,15.175,15.38,15.135,15.35,4686200
2020-10-08T16:00:00Z,15.345,15.5,15.295,15.495,3630600
2020-10-08T17:00:00Z,15.5,15.545,15.405,15.54,4300400
2020-10-08T18:00:00Z,15.54,15.665,15.54,15.65,5335200
2020-10-08T19:00:00Z,15.645,15.745,15.555,15.625,6557200
2020-10-09T13:00:00Z,15.555,15.585,15.315,15.41,5230800
2020-10-09T14:00:00Z,15.405,15.685,15.375,15.64,4554600
2020-10-09T15:00:00Z,15.64,15.835,15.605,15.79,5683600
2020-10-09T16:00:00Z,15.79,15.795,15.41,15.52,3534200
2020-10-09T17:00:00Z,15.51,15.575,15.47,15.54,1716200
2020-10-09T18:00:00Z,15.545,15.575,15.46,15.575,2134400
2020-10-09T19:00:00Z,15.57,15.61,15.505,15.515,3124600
2020-10-13T13:00:00Z,15.54,15.575,15.34,15.535,3629000
2020-10-13T14:00:00Z,15.53,15.67,15.425,15.49,3912200
2020-10-13T15:00:00Z,15.48,15.52,15.38,15.48,2038600
2020-10-13T16:00:00Z,15.48,15.585,15.435,15.56,1389200
2020-10-13T17:00:00Z,15.57,15.715,15.53,15.535,2992000
2020-10-13T18:00:00Z,15.535,15.56,15.415,15.455,3129800
2020-10-13T19:00:00Z,15.45,15.6,15.44,15.6,2781200
2020-10-14T13:00:00Z,15.555,15.765,15.53,15.62,3283600
2020-10-14T14:00:00Z,15.625,15.645,15.545,15.605,2489400
2020-10-14T15:00:00Z,15.615,15.715,15.585,15.59,1556600
2020-10-14T16:00:00Z,15.59,15.64,15.55,15.595,1706200
2020-10-14T17:00:00Z,15.59,15.635,15.5,15.555,1987400
2020-10-14T18:00:00Z,15.55,15.555,15.45,15.48,2868400
2020-10-14T19:00:00Z,15.48,15.515,15.43,15.45,3099400
2020-10-15T13:00:00Z,15.225,15.35,15.11,15.325,4215400
2020-10-15T14:00:00Z,15.325,15.475,15.31,15.445,3952000
2020-10-15T15:00:00Z,15.44,15.535,15.435,15.475,4271000
2020-10-15T16:00:00Z,15.47,15.475,15.355,15.455,1740200
2020-10-15T17:00:00Z,15.455,15.675,15.415,15.585,3776400
2020-10-15T18:00:00Z,15.58,15.72,15.545,15.595,2797200
2020-10-15T19:00:00Z,15.6,15.69,15.47,15.565,2613400
2020-10-16T13:00:00Z,15.455,15.51,15.26,15.33,6129600
2020-10-16T14:00:00Z,15.33,15.37,15.25,15.355,3380000
2020-10-16T15:00:00Z,15.355,15.37,15.25,15.285,2086200
2020-10-16T16:00:00Z,15.29,15.295,15.25,15.29,1382600
2020-10-16T17:00:00Z,15.295,15.31,15.205,15.21,3344400
2020-10-16T18:00:00Z,15.21,15.27,15.18,15.225,2245800
2020-10-16T19:00:00Z,15.22,15.23,15.125,15.145,4298600
2020-10-19T13:00:00Z,15.21,15.35,15.155,15.33,4825800
2020-10-19T14:00:00Z,15.33,15.48,15.3,15.455,4900800
2020-10-19T15:00:00Z,15.455,15.545,15.44,15.49,6225200
2020-10-19T16:00:00Z,15.49,15.585,15.46,15.55,4168200
2020-10-19T17:00:00Z,15.55,15.555,15.425,15.45,2854000
2020-10-19T18:00:00Z,15.445,15.445,15.255,15.305,3886800
2020-10-19T19:00:00Z,15.305,15.36,15.28,15.315,2356600
2020-10-20T13:00:00Z,15.46,15.84,15.46,15.77,10716400
2020-10-20T14:00:00Z,15.765,15.965,15.765,15.895,8431200
2020-10-20T15:00:00Z,15.895,15.905,15.76,15.82,2257200
2020-10-20T16:00:00Z,15.82,15.9,15.755,15.865,2881400
2020-10-20T17:00:00Z,15.86,15.93,15.86,15.875,2234000
2020-10-20T18:00:00Z,15.875,15.915,15.85,15.91,3595800
2020-10-20T19:00:00Z,15.905,16.02,15.875,16.005,9286600
2020-10-21T13:00:00Z,15.97,16.21,15.9,16.185,8456800
2020-10-21T14:00:00Z,16.19,16.2,16.02,16.13,6195600
2020-10-21T15:00:00Z,16.13,16.16,16.05,16.07,3151400
2020-10-21T16:00:00Z,16.07,16.21,16.07,16.15,3177400
2020-10-21T17:00:00Z,16.15,16.235,16.1,16.18,3498600
2020-10-21T18:00:00Z,16.18,16.205,16.13,16.16,2666200
2020-10-21T19:00:00Z,16.155,16.165,16.08,16.155,2579800
2020-10-22T13:00:00Z,16.055,16.405,16.025,16.385,8964200
2020-10-22T14:00:00Z,16.385,16.545,16.305,16.515,10102400
2020-10-22T15:00:00Z,16.51,16.635,16.485,16.595,9330800
2020-10-22T16:00:00Z,16.6,16.635,16.56,16.6,3178800
2020-10-22T17:00:00Z,16.6,16.75,16.6,16.74,10446200
2020-10-22T18:00:00Z,16.735,16.79,16.73,16.75,5077200
2020-10-22T19:00:00Z,16.745,16.84,16.73,16.75,5668200
2020-10-23T13:00:00Z,16.835,17.145,16.78,16.95,13710400
2020-10-23T14:00:00Z,16.94,17.02,16.83,16.865,5361200
2020-10-23T15:00:00Z,16.87,16.965,16.805,16.925,3733400
2020-10-23T16:00:00Z,16.925,16.965,16.8,16.865,2960800
2020-10-23T17:00:00Z,16.86,16.895,16.745,16.79,3071600
2020-10-23T18:00:00Z,16.795,16.845,16.765,16.81,2652400
2020-10-23T19:00:00Z,16.805,16.81,16.665,16.765,4376200
2020-10-26T13:00:00Z,16.67,16.915,16.595,16.8,5072600
2020-10-26T14:00:00Z,16.795,16.85,16.74,16.775,2655200
2020-10-26T15:00:00Z,16.775,16.82,16.67,16.8,3147200
2020-10-26T16:00:00Z,16.795,16.86,16.545,16.595,4022800
2020-10-26T17:00:00Z,16.595,16.635,16.43,16.63,3858600
2020-10-26T18:00:00Z,16.625,16.71,16.585,16.69,3889600
2020-10-26T19:00:00Z,16.69,16.78,16.635,16.71,4229400
2020-10-27T13:00:00Z,16.895,17.05,16.66,16.735,6073400
2020-10-27T14:00:00Z,16.735,16.775,16.665,16.725,4003800
2020-10-27T15:00:00Z,16.72,16.73,16.49,16.525,5022400
2020-10-27T16:00:00Z,16.525,16.525,16.375,16.41,3077400
2020-10-27T17:00:00Z,16.405,16.525,16.335,16.445,2707600
2020-10-27T18:00:00Z,16.445,16.485,16.27,16.345,2612800
2020-10-27T19:00:00Z,16.345,16.4,16.285,16.305,2567600
2020-10-28T13:00:00Z,15.975,16.02,15.705,15.875,7893000
2020-10-28T14:00:00Z,15.875,15.97,15.78,15.835,4139000
2020-10-28T15:00:00Z,15.83,15.915,15.66,15.825,4486800
2020-10-28T16:00:00Z,15.825,15.845,15.705,15.76,1921400
2020-10-28T17:00:00Z,15.755,15.78,15.66,15.77,1940000
2020-10-28T18:00:00Z,15.775,15.78,15.65,15.68,2448000
2020-10-28T19:00:00Z,15.68,15.705,15.55,15.56,5004600
2020-10-29T13:00:00Z,15.56,15.565,15.02,15.315,9473800
2020-10-29T14:00:00Z,15.325,15.485,15.28,15.385,5926400
2020-10-29T15:00:00Z,15.385,15.405,15.125,15.215,5712600
2020-10-29T16:00:00Z,15.225,15.39,15.21,15.39,2026600
2020-10-29T17:00:00Z,15.385,15.54,15.32,15.49,3882200
2020-10-29T18:00:00Z,15.49,15.6,15.47,15.585,4089800
2020-10-29T19:00:00Z,15.585,15.65,15.455,15.55,4251200
2020-10-30T13:00:00Z,15.345,15.385,15.15,15.24,4252800
2020-10-30T14:00:00Z,15.235,15.435,15.055,15.09,9063400
2020-10-30T15:00:00Z,15.09,15.155,14.95,15.05,5968400
2020-10-30T16:00:00Z,15.05,15.1,14.99,14.99,3235200
2020-10-30T17:00:00Z,14.99,15.035,14.955,14.98,2596600
2020-10-30T18:00:00Z,14.98,15.035,14.885,14.91,4822200
2020-10-30T19:00:00Z,14.91,14.915,14.805,14.875,9389200
2020-11-03T13:00:00Z,15.21,15.38,15.015,15.09,5604800
2020-11-03T14:00:00Z,15.09,15.15,14.97,15.125,4461200
2020-11-03T15:00:00Z,15.125,15.17,15.02,15.08,3448600
2020-11-03T16:00:00Z,15.08,15.08,14.95,15.055,4708200
2020-11-03T17:00:00Z,15.055,15.075,14.96,14.99,2125600
2020-11-03T18:00:00Z,14.99,15.11,14.96,14.975,4638600
2020-11-03T19:00:00Z,14.975,15.04,14.975,15,4109000
2020-11-03T20:00:00Z,15,15.07,14.985,15.05,2563800
2020-11-04T13:00:00Z,15.205,15.425,15.035,15.075,4814800
2020-11-04T14:00:00Z,15.075,15.165,15.05,15.12,2341000
2020-11-04T15:00:00Z,15.11,15.235,15.08,15.155,3859200
2020-11-04T16:00:00Z,15.15,15.21,15.1,15.19,2041600
2020-11-04T17:00:00Z,15.185,15.2,15.115,15.16,1527400
2020-11-04T18:00:00Z,15.155,15.325,15.155,15.275,3875000
2020-11-04T19:00:00Z,15.275,15.295,15.21,15.265,3707200
2020-11-04T20:00:00Z,15.265,15.3,15.15,15.18,3644800
2020-11-05T13:00:00Z,15.325,15.395,15.24,15.33,6465600
2020-11-05T14:00:00Z,15.33,15.42,15.22,15.325,8514400
2020-11-05T15:00:00Z,15.325,15.565,15.31,15.52,7947400
2020-11-05T16:00:00Z,15.52,15.525,15.375,15.385,2936000
2020-11-05T17:00:00Z,15.385,15.405,15.285,15.385,2070800
2020-11-05T18:00:00Z,15.39,15.47,15.305,15.435,2499800
2020-11-05T19:00:00Z,15.44,15.455,15.37,15.445,2256200
2020-11-05T20:00:00Z,15.445,15.45,15.315,15.41,2810000
2020-11-06T13:00:00Z,15.25,15.33,15.14,15.305,4303800
2020-11-06T14:00:00Z,15.305,15.32,15.105,15.11,4261400
2020-11-06T15:00:00Z,15.11,15.185,15.09,15.13,3314000
2020-11-06T16:00:00Z,15.135,15.23,15.11,15.2,2948000
2020-11-06T17:00:00Z,15.205,15.21,15.165,15.18,1732400
2020-11-06T18:00:00Z,15.185,15.22,15.155,15.21,2073000
2020-11-06T19:00:00Z,15.215,15.25,15.185,15.195,2253200
2020-11-06T20:00:00Z,15.195,15.255,15.16,15.245,3129800
2020-11-09T13:00:00Z,16.065,16.48,16,16.19,20696200
2020-11-09T14:00:00Z,16.195,16.3,16.12,16.23,11206200
2020-11-09T15:00:00Z,16.23,16.37,16.205,16.29,8615200
2020-11-09T16:00:00Z,16.29,16.32,16.205,16.315,3940000
2020-11-09T17:00:00Z,16.315,16.385,16.3,16.325,4390400
2020-11-09T18:00:00Z,16.325,16.38,16.285,16.36,4206600
2020-11-09T19:00:00Z,16.365,16.465,16.33,16.46,5071000
2020-11-09T20:00:00Z,16.455,16.48,16.33,16.35,6122600
2020-11-10T13:00:00Z,16.385,16.56,16.365,16.45,6201000
2020-11-10T14:00:00Z,16.455,16.95,16.435,16.88,13955400
2020-11-10T15:00:00Z,16.875,17,16.865,16.985,8001200
2020-11-10T16:00:00Z,16.99,17.2,16.98,17.105,11584200
2020-11-10T17:00:00Z,17.105,17.245,17.095,17.22,6518400
2020-11-10T18:00:00Z,17.22,17.23,17.06,17.195,8204800
2020-11-10T19:00:00Z,17.195,17.295,17.17,17.295,8267800
2020-11-10T20:00:00Z,17.295,17.41,17.265,17.35,13829800
2020-11-11T13:00:00Z,17.165,17.385,16.68,16.995,13685400
2020-11-11T14:00:00Z,16.99,17.325,16.935,17.155,7125000
2020-11-11T15:00:00Z,17.165,17.225,16.9,16.95,6356800
2020-11-11T16:00:00Z,16.94,17.13,16.925,17.12,3338200
2020-11-11T17:00:00Z,17.12,17.185,17.045,17.12,4133400
2020-11-11T18:00:00Z,17.12,17.15,17.05,17.13,3553400
2020-11-11T19:00:00Z,17.13,17.26,17.11,17.155,7974000
2020-11-11T20:00:00Z,17.15,17.16,17.055,17.15,5243000
2020-11-12T13:00:00Z,16.995,17.065,16.84,16.885,6119200
2020-11-12T14:00:00Z,16.885,16.91,16.67,16.675,6799400
2020-11-12T15:00:00Z,16.67,16.735,16.605,16.66,4755400
2020-11-12T16:00:00Z,16.66,16.675,16.52,16.535,4300400
2020-11-12T17:00:00Z,16.53,16.565,16.34,16.405,6070600
2020-11-12T18:00:00Z,16.4,16.43,16.265,16.35,6430800
2020-11-12T19:00:00Z,16.36,16.375,16.255,16.275,4691200
2020-11-12T20:00:00Z,16.28,16.325,16.19,16.315,6927600
2020-11-13T13:00:00Z,16.495,16.495,16.22,16.255,4354000
2020-11-13T14:00:00Z,16.26,16.475,16.2,16.455,5207000
2020-11-13T15:00:00Z,16.45,16.47,16.275,16.275,3389200
2020-11-13T16:00:00Z,16.28,16.445,16.275,16.445,3691600
2020-11-13T17:00:00Z,16.445,16.56,16.415,16.505,3737000
2020-11-13T18:00:00Z,16.51,16.585,16.48,16.485,3735200
2020-11-13T19:00:00Z,16.485,16.52,16.375,16.395,2996000
2020-11-13T20:00:00Z,16.395,16.57,16.385,16.475,4760200
2020-11-16T13:00:00Z,16.78,17,16.725,16.86,9598200
2020-11-16T14:00:00Z,16.86,17.125,16.845,16.99,10068000
2020-11-16T15:00:00Z,16.985,17.065,16.88,16.995,5400200
2020-11-16T16:00:00Z,16.995,17.035,16.93,17.025,2978600
2020-11-16T17:00:00Z,17.025,17.11,17.01,17.06,4072000
2020-11-16T18:00:00Z,17.065,17.065,16.975,16.98,3529800
2020-11-16T19:00:00Z,16.985,17.04,16.935,16.99,3868800
2020-11-16T20:00:00Z,16.99,17.06,16.955,17,4677600
2020-11-17T13:00:00Z,16.81,16.99,16.7,16.84,7294800
2020-11-17T14:00:00Z,16.835,16.9,16.765,16.885,4752000
2020-11-17T15:00:00Z,16.88,17.06,16.84,17.02,3726600
2020-11-17T16:00:00Z,17.02,17.205,17.015,17.17,5498200
2020-11-17T17:00:00Z,17.17,17.2,17.015,17.09,4352000
2020-11-17T18:00:00Z,17.085,17.105,16.975,17.08,3783000
2020-11-17T19:00:00Z,17.08,17.14,17.05,17.12,2740800
2020-11-17T20:00:00Z,17.12,17.16,17.06,17.115,3287600
2020-11-18T13:00:00Z,17.035,17.2,16.92,17.035,4972200
2020-11-18T14:00:00Z,17.035,17.095,16.89,17.09,5245200
2020-11-18T15:00:00Z,17.08,17.095,16.925,17.075,3207600
2020-11-18T16:00:00Z,17.07,17.25,17.005,17.165,3366000
2020-11-18T17:00:00Z,17.165,17.225,17.06,17.125,3398400
2020-11-18T18:00:00Z,17.125,17.325,17.125,17.295,5646800
2020-11-18T19:00:00Z,17.285,17.31,17.15,17.235,5499000
2020-11-18T20:00:00Z,17.23,17.31,17.105,17.225,5440000
2020-11-19T13:00:00Z,17.1,17.495,16.995,17.425,8414800
2020-11-19T14:00:00Z,17.43,17.5,17.255,17.495,6917800
2020-11-19T15:00:00Z,17.495,17.55,17.325,17.38,5180800
2020-11-19T16:00:00Z,17.38,17.44,17.19,17.29,4341400
2020-11-19T17:00:00Z,17.29,17.43,17.29,17.41,4392000
2020-11-19T18:00:00Z,17.405,17.45,17.35,17.39,3619600
2020-11-19T19:00:00Z,17.39,17.45,17.355,17.385,2647400
2020-11-19T20:00:00Z,17.385,17.39,17.23,17.35,4924400
2020-11-20T13:00:00Z,17.295,17.4,17.235,17.31,4099400
2020-11-20T14:00:00Z,17.325,17.335,17.085,17.23,5044600
2020-11-20T15:00:00Z,17.22,17.3,17.19,17.205,3000400
2020-11-20T16:00:00Z,17.2,17.28,17.175,17.215,2776200
2020-11-20T17:00:00Z,17.22,17.22,17.09,17.125,1508000
2020-11-20T18:00:00Z,17.12,17.15,17.05,17.1,1815400
2020-11-20T19:00:00Z,17.1,17.145,17.06,17.065,1884200
2020-11-20T20:00:00Z,17.07,17.1,16.95,17.05,2983800
2020-11-23T13:00:00Z,17.28,17.375,17.2,17.295,6954800
2020-11-23T14:00:00Z,17.29,17.445,17.275,17.3,5072000
2020-11-23T15:00:00Z,17.295,17.485,17.255,17.485,4530200
2020-11-23T16:00:00Z,17.48,17.535,17.35,17.41,5070600
2020-11-23T17:00:00Z,17.41,17.43,17.335,17.37,2483000
2020-11-23T18:00:00Z,17.37,17.395,17.29,17.38,2475600
2020-11-23T19:00:00Z,17.375,17.375,17.155,17.285,3649200
2020-11-23T20:00:00Z,17.285,17.35,17.215,17.35,3167200
2020-11-24T13:00:00Z,17.37,17.845,17.37,17.62,8801200
2020-11-24T14:00:00Z,17.62,17.825,17.59,17.795,6460200
2020-11-24T15:00:00Z,17.795,18.03,17.735,17.925,6938600
2020-11-24T16:00:00Z,17.925,18,17.825,17.97,4567800
2020-11-24T17:00:00Z,17.97,17.995,17.875,17.935,3332200
2020-11-24T18:00:00Z,17.94,17.98,17.905,17.945,4136000
2020-11-24T19:00:00Z,17.945,17.955,17.785,17.865,3811800
2020-11-24T20:00:00Z,17.865,17.87,17.76,17.83,3401600
2020-11-25T13:00:00Z,17.7,17.815,17.42,17.455,5668000
2020-11-25T14:00:00Z,17.455,17.49,17.375,17.415,3637800
2020-11-25T15:00:00Z,17.415,17.52,17.325,17.41,2877400
2020-11-25T16:00:00Z,17.41,17.505,17.36,17.475,3101800
2020-11-25T17:00:00Z,17.48,17.54,17.43,17.525,2225800
2020-11-25T18:00:00Z,17.525,17.62,17.505,17.605,2182600
2020-11-25T19:00:00Z,17.605,17.645,17.5,17.63,2849000
2020-11-25T20:00:00Z,17.625,17.7,17.575,17.65,3008600
2020-11-26T13:00:00Z,17.535,17.595,17.225,17.25,5453000
2020-11-26T14:00:00Z,17.255,17.39,17.205,17.31,2755600
2020-11-26T15:00:00Z,17.31,17.37,17.295,17.35,1295000
2020-11-26T16:00:00Z,17.35,17.365,17.28,17.32,1447400
2020-11-26T17:00:00Z,17.32,17.385,17.29,17.335,1470400
2020-11-26T18:00:00Z,17.33,17.385,17.315,17.375,1316000
2020-11-26T19:00:00Z,17.375,17.405,17.35,17.39,1297400
2020-11-26T20:00:00Z,17.39,17.4,17.365,17.385,1921800
2020-11-27T13:00:00Z,17.445,17.655,17.38,17.56,2816000
2020-11-27T14:00:00Z,17.565,17.655,17.5,17.51,2786800
2020-11-27T15:00:00Z,17.515,17.585,17.46,17.53,1951800
2020-11-27T16:00:00Z,17.525,17.545,17.41,17.44,2159000
2020-11-27T17:00:00Z,17.44,17.47,17.335,17.37,2698400
2020-11-27T18:00:00Z,17.375,17.41,17.31,17.4,1547600
2020-11-27T19:00:00Z,17.395,17.41,17.25,17.315,2003400
2020-11-27T20:00:00Z,17.305,17.32,17.25,17.3,2053200
2020-11-30T13:00:00Z,17.25,17.29,17.04,17.09,4082800
2020-11-30T14:00:00Z,17.095,17.23,17.04,17.16,3976000
2020-11-30T15:00:00Z,17.165,17.22,16.975,17.01,4063800
2020-11-30T16:00:00Z,17.02,17.025,16.88,16.89,4145600
2020-11-30T17:00:00Z,16.9,17.04,16.875,17.025,3112000
2020-11-30T18:00:00Z,17.025,17.135,16.98,17.08,2429200
2020-11-30T19:00:00Z,17.07,17.145,17.05,17.135,2014800
2020-11-30T20:00:00Z,17.14,17.145,16.99,17.06,3224200
2020-12-01T13:00:00Z,17.265,17.405,17.17,17.395,3580000
2020-12-01T14:00:00Z,17.395,17.455,17.265,17.445,5203600
2020-12-01T15:00:00Z,17.445,17.545,17.425,17.44,5239800
2020-12-01T16:00:00Z,17.445,17.495,17.39,17.475,4229400
2020-12-01T17:00:00Z,17.475,17.545,17.355,17.53,3718400
2020-12-01T18:00:00Z,17.53,17.685,17.525,17.68,5603400
2020-12-01T19:00:00Z,17.68,17.68,17.48,17.495,3473600
2020-12-01T20:00:00Z,17.5,17.5,17.42,17.425,3606000
2020-12-02T13:00:00Z,17.395,17.665,17.37,17.53,3974800
2020-12-02T14:00:00Z,17.53,17.535,17.315,17.38,4092200
2020-12-02T15:00:00Z,17.385,17.425,17.275,17.295,2670800
2020-12-02T16:00:00Z,17.3,17.5,17.295,17.47,2581000
2020-12-02T17:00:00Z,17.47,17.475,17.34,17.36,2228400
2020-12-02T18:00:00Z,17.36,17.4,17.325,17.335,1573200
2020-12-02T19:00:00Z,17.34,17.4,17.325,17.375,1611000
2020-12-02T20:00:00Z,17.375,17.45,17.355,17.395,2787600
2020-12-03T13:00:00Z,17.495,17.745,17.44,17.64,5506200
2020-12-03T14:00:00Z,17.64,17.78,17.555,17.675,4276200
2020-12-03T15:00:00Z,17.68,17.9,17.645,17.77,5526400
2020-12-03T16:00:00Z,17.77,17.935,17.685,17.9,7163400
2020-12-03T17:00:00Z,17.9,17.94,17.775,17.87,2933600
2020-12-03T18:00:00Z,17.865,17.895,17.735,17.815,6137800
2020-12-03T19:00:00Z,17.82,17.845,17.71,17.71,4012600
2020-12-03T20:00:00Z,17.715,17.775,17.525,17.525,5205200
2020-12-04T13:00:00Z,17.8,17.875,17.61,17.735,4344800
2020-12-04T14:00:00Z,17.74,17.865,17.635,17.865,4816000
2020-12-04T15:00:00Z,17.86,17.925,17.79,17.885,4032600
2020-12-04T16:00:00Z,17.875,17.935,17.83,17.855,3066400
2020-12-04T17:00:00Z,17.855,17.865,17.755,17.775,2694800
2020-12-04T18:00:00Z,17.775,17.89,17.76,17.825,1866200
2020-12-04T19:00:00Z,17.83,17.92,17.82,17.905,2347200
2020-12-04T20:00:00Z,17.91,17.98,17.9,17.935,3013200
2020-12-07T13:00:00Z,17.905,18.305,17.805,18.29,6022400
2020-12-07T14:00:00Z,18.3,18.465,18.23,18.395,7035800
2020-12-07T15:00:00Z,18.395,18.445,18.32,18.43,3881000
2020-12-07T16:00:00Z,18.43,18.49,18.405,18.45,5589800
2020-12-07T17:00:00Z,18.44,18.635,18.415,18.53,5869400
2020-12-07T18:00:00Z,18.525,18.59,18.5,18.585,2693000
2020-12-07T19:00:00Z,18.59,18.6,18.33,18.34,6044400
2020-12-07T20:00:00Z,18.34,18.41,17.96,18.15,8649400
2020-12-08T13:00:00Z,18.26,18.5,18.03,18.375,4251400
2020-12-08T14:00:00Z,18.38,18.745,18.365,18.735,6662000
2020-12-08T15:00:00Z,18.745,18.79,18.605,18.665,5139400
2020-12-08T16:00:00Z,18.665,18.71,18.53,18.53,4474000
2020-12-08T17:00:00Z,18.54,18.565,18.275,18.33,6743200
2020-12-08T18:00:00Z,18.335,18.445,18.22,18.29,3809400
2020-12-08T19:00:00Z,18.29,18.4,18.24,18.32,2011400
2020-12-08T20:00:00Z,18.32,18.38,18.23,18.31,2939600
2020-12-09T13:00:00Z,18.31,18.45,18.235,18.345,3239200
2020-12-09T14:00:00Z,18.35,18.355,18.14,18.305,4332600
2020-12-09T15:00:00Z,18.31,18.32,18.11,18.2,2224200
2020-12-09T16:00:00Z,18.2,18.27,18.155,18.24,1893000
2020-12-09T17:00:00Z,18.24,18.255,18.04,18.15,2534400
2020-12-09T18:00:00Z,18.145,18.16,18.045,18.085,1765200
2020-12-09T19:00:00Z,18.085,18.09,17.97,18.055,3762600
2020-12-09T20:00:00Z,18.05,18.075,17.985,18.03,2860600
2020-12-10T13:00:00Z,18.125,18.425,18.115,18.355,7386400
2020-12-10T14:00:00Z,18.35,18.365,18.135,18.345,4345800
2020-12-10T15:00:00Z,18.345,18.575,18.305,18.57,9245200
2020-12-10T16:00:00Z,18.57,18.615,18.465,18.605,4167800
2020-12-10T17:00:00Z,18.605,18.705,18.595,18.695,4055000
2020-12-10T18:00:00Z,18.695,18.89,18.68,18.815,7359600
2020-12-10T19:00:00Z,18.805,18.895,18.715,18.885,5081800
2020-12-10T20:00:00Z,18.88,19,18.84,18.88,7246600
2020-12-11T13:00:00Z,18.7,19.315,18.585,19.25,9218800
2020-12-11T14:00:00Z,19.25,19.33,19.075,19.125,10840600
2020-12-11T15:00:00Z,19.12,19.22,19.03,19.145,4060600
2020-12-11T16:00:00Z,19.135,19.195,19.025,19.15,4262000
2020-12-11T17:00:00Z,19.155,19.285,19.04,19.215,6370400
2020-12-11T18:00:00Z,19.22,19.265,19.15,19.26,3852400
2020-12-11T19:00:00Z,19.255,19.365,19.22,19.315,3775600
2020-12-11T20:00:00Z,19.31,19.315,19.155,19.235,5408200
2020-12-14T13:00:00Z,19.295,19.665,19.28,19.525,7057600
2020-12-14T14:00:00Z,19.52,19.61,19.435,19.465,6090000
2020-12-14T15:00:00Z,19.465,19.5,19.24,19.265,7408800
2020-12-14T16:00:00Z,19.265,19.495,19.22,19.48,3313600
2020-12-14T17:00:00Z,19.48,19.495,19.22,19.27,3881200
2020-12-14T18:00:00Z,19.265,19.45,19.265,19.425,5036800
2020-12-14T19:00:00Z,19.43,19.6,19.425,19.56,6235200
2020-12-14T20:00:00Z,19.56,19.56,19.2,19.28,8068000
2020-12-15T13:00:00Z,19.4,19.6,19.355,19.545,4983600
2020-12-15T14:00:00Z,19.545,19.64,19.45,19.535,4009600
2020-12-15T15:00:00Z,19.535,19.63,19.485,19.61,2725000
2020-12-15T16:00:00Z,19.605,19.63,19.53,19.6,2313400
2020-12-15T17:00:00Z,19.6,19.695,19.585,19.695,3665800
2020-12-15T18:00:00Z,19.695,19.75,19.635,19.645,3641800
2020-12-15T19:00:00Z,19.645,19.68,19.565,19.6,2409200
2020-12-15T20:00:00Z,19.595,19.645,19.57,19.575,4795000
2020-12-16T13:00:00Z,19.61,19.7,19.37,19.5,4360000
2020-12-16T14:00:00Z,19.505,19.62,19.45,19.45,11302800
2020-12-16T15:00:00Z,19.45,19.475,19.3,19.34,5776800
2020-12-16T16:00:00Z,19.34,19.38,19.12,19.19,5040600
2020-12-16T17:00:00Z,19.19,19.385,19.13,19.385,4622400
2020-12-16T18:00:00Z,19.38,19.625,19.34,19.62,7756400
2020-12-16T19:00:00Z,19.62,19.895,19.555,19.78,6587600
2020-12-16T20:00:00Z,19.78,19.785,19.33,19.685,5039600
2020-12-17T13:00:00Z,19.685,19.885,19.645,19.725,3743600
2020-12-17T14:00:00Z,19.73,19.84,19.71,19.755,2394800
2020-12-17T15:00:00Z,19.76,19.795,19.65,19.76,2098200
2020-12-17T16:00:00Z,19.76,19.77,19.66,19.7,1614600
2020-12-17T17:00:00Z,19.7,19.7,19.56,19.605,2208400
2020-12-17T18:00:00Z,19.605,19.605,19.455,19.48,2792200
2020-12-17T19:00:00Z,19.48,19.615,19.475,19.56,2291600
2020-12-17T20:00:00Z,19.555,19.655,19.53,19.625,3111800
2020-12-18T13:00:00Z,19.645,19.7,19.475,19.505,2928000
2020-12-18T14:00:00Z,19.51,19.815,19.505,19.67,4286200
2020-12-18T15:00:00Z,19.665,19.77,19.61,19.645,3231600
2020-12-18T16:00:00Z,19.645,19.7,19.585,19.615,1286000
2020-12-18T17:00:00Z,19.62,19.66,19.555,19.615,1616400
2020-12-18T18:00:00Z,19.615,19.65,19.565,19.625,1380400
2020-12-18T19:00:00Z,19.625,19.685,19.595,19.635,1669800
2020-12-18T20:00:00Z,19.63,19.655,19.45,19.49,4377000
2020-12-21T13:00:00Z,19.055,19.22,18.835,19.17,6262800
2020-12-21T14:00:00Z,19.175,19.24,19.05,19.065,5895200
2020-12-21T15:00:00Z,19.06,19.075,18.95,18.975,5264200
2020-12-21T16:00:00Z,18.975,19.09,18.97,19.05,3069000
2020-12-21T17:00:00Z,19.05,19.09,19,19.02,2044200
2020-12-21T18:00:00Z,19.015,19.23,19,19.185,4560200
2020-12-21T19:00:00Z,19.175,19.22,19.1,19.155,2375000
2020-12-21T20:00:00Z,19.165,19.175,18.875,18.91,5539200
2020-12-22T13:00:00Z,19.07,19.43,19.04,19.31,4169600
2020-12-22T14:00:00Z,19.305,19.35,19.06,19.165,3155200
2020-12-22T15:00:00Z,19.165,19.32,19.13,19.26,2235200
2020-12-22T16:00:00Z,19.26,19.275,19.055,19.115,2551400
2020-12-22T17:00:00Z,19.105,19.205,19.085,19.11,1523800
2020-12-22T18:00:00Z,19.115,19.125,19.06,19.075,1304800
2020-12-22T19:00:00Z,19.085,19.17,19.075,19.145,1728000
2020-12-22T20:00:00Z,19.15,19.185,19,19.12,3482800
2020-12-23T13:00:00Z,19.285,19.375,19.18,19.215,2028000
2020-12-23T14:00:00Z,19.215,19.325,19.135,19.31,2600200
2020-12-23T15:00:00Z,19.295,19.52,19.295,19.52,3503000
2020-12-23T16:00:00Z,19.51,19.59,19.48,19.585,2497400
2020-12-23T17:00:00Z,19.58,19.585,19.525,19.545,1115400
2020-12-23T18:00:00Z,19.545,19.56,19.43,19.5,1368600
2020-12-23T19:00:00Z,19.5,19.54,19.46,19.47,1178800
2020-12-23T20:00:00Z,19.465,19.495,19.435,19.48,1778000
2020-12-28T13:00:00Z,19.66,19.775,19.6,19.725,2866400
2020-12-28T14:00:00Z,19.71,19.77,19.625,19.635,1932200
2020-12-28T15:00:00Z,19.63,19.71,19.605,19.62,1769800
2020-12-28T16:00:00Z,19.625,19.7,19.605,19.68,1379800
2020-12-28T17:00:00Z,19.68,19.7,19.63,19.645,1484200
2020-12-28T18:00:00Z,19.645,19.675,19.605,19.675,1536800
2020-12-28T19:00:00Z,19.67,19.69,19.65,19.685,1410200
2020-12-28T20:00:00Z,19.685,19.685,19.625,19.675,1597200
2020-12-29T13:00:00Z,19.75,19.8,19.7,19.74,2195600
2020-12-29T14:00:00Z,19.735,19.735,19.51,19.525,2463000
2020-12-29T15:00:00Z,19.54,19.625,19.525,19.555,1389800
2020-12-29T16:00:00Z,19.56,19.585,19.53,19.56,862000
2020-12-29T17:00:00Z,19.56,19.565,19.475,19.525,1709800
2020-12-29T18:00:00Z,19.525,19.65,19.52,19.64,1499800
2020-12-29T19:00:00Z,19.64,19.65,19.51,19.555,1370600
2020-12-29T20:00:00Z,19.555,19.595,19.49,19.545,1961800
2020-12-30T13:00:00Z,19.64,19.675,19.56,19.57,1703000
2020-12-30T14:00:00Z,19.565,19.575,19.505,19.52,1177200
2020-12-30T15:00:00Z,19.51,19.535,19.48,19.52,969600
2020-12-30T16:00:00Z,19.515,19.54,19.395,19.43,1682000
2020-12-30T17:00:00Z,19.435,19.515,19.41,19.505,1259000
2020-12-30T18:00:00Z,19.51,19.51,19.43,19.45,1051000
2020-12-30T19:00:00Z,19.45,19.455,19.33,19.44,2036600
2020-12-30T20:00:00Z,19.435,19.51,19.41,19.415,2731600
2021-01-04T13:00:00Z,19.615,19.645,19.3,19.38,3079200
2021-01-04T14:00:00Z,19.38,19.41,19.16,19.195,2812000
2021-01-04T15:00:00Z,19.2,19.235,18.92,18.93,3924400
2021-01-04T16:00:00Z,18.94,18.97,18.78,18.825,3959600
2021-01-04T17:00:00Z,18.82,18.955,18.75,18.945,2924400
2021-01-04T18:00:00Z,18.95,18.97,18.85,18.945,2562800
2021-01-04T19:00:00Z,18.94,18.96,18.85,18.885,2043600
2021-01-04T20:00:00Z,18.88,18.885,18.78,18.845,3707400
2021-01-05T13:00:00Z,18.725,18.725,18.35,18.395,5207000
2021-01-05T14:00:00Z,18.4,18.6,18.35,18.41,4391000
2021-01-05T15:00:00Z,18.415,18.47,18.35,18.395,3721200
2021-01-05T16:00:00Z,18.395,18.57,18.38,18.525,3495000
2021-01-05T17:00:00Z,18.525,18.685,18.525,18.615,3440800
2021-01-05T18:00:00Z,18.615,18.675,18.55,18.615,4162800
2021-01-05T19:00:00Z,18.61,18.725,18.585,18.595,3364400
2021-01-05T20:00:00Z,18.595,18.665,18.56,18.595,2086800
2021-01-06T13:00:00Z,18.765,19.18,18.69,18.92,8104600
2021-01-06T14:00:00Z,18.905,19.045,18.73,19.045,5767800
2021-01-06T15:00:00Z,19.035,19.15,18.945,19.05,5063200
2021-01-06T16:00:00Z,19.045,19.15,18.96,19.06,3260600
2021-01-06T17:00:00Z,19.065,19.2,19.02,19.145,3269600
2021-01-06T18:00:00Z,19.14,19.365,19.105,19.325,4513200
2021-01-06T19:00:00Z,19.325,19.35,19.155,19.21,4869600
2021-01-06T20:00:00Z,19.21,19.235,19.005,19.025,4560000
2021-01-07T13:00:00Z,19.06,19.425,18.96,19.4,5204000
2021-01-07T14:00:00Z,19.395,19.6,19.355,19.54,10544800
2021-01-07T15:00:00Z,19.54,19.64,19.465,19.59,3973600
2021-01-07T16:00:00Z,19.595,19.605,19.49,19.515,3606600
2021-01-07T17:00:00Z,19.515,19.6,19.465,19.555,3435400
2021-01-07T18:00:00Z,19.555,19.66,19.52,19.64,5340200
2021-01-07T19:00:00Z,19.635,19.725,19.61,19.7,2702200
2021-01-07T20:00:00Z,19.695,19.85,19.655,19.81,6214600
2021-01-08T13:00:00Z,19.925,20.28,19.925,19.935,6595600
2021-01-08T14:00:00Z,19.95,20.04,19.645,19.735,5057200
2021-01-08T15:00:00Z,19.745,19.91,19.735,19.845,5196400
2021-01-08T16:00:00Z,19.85,19.98,19.775,19.855,2314800
2021-01-08T17:00:00Z,19.86,19.9,19.72,19.85,3259800
2021-01-08T18:00:00Z,19.85,19.85,19.65,19.715,2713000
2021-01-08T19:00:00Z,19.72,19.805,19.7,19.775,2061000
2021-01-08T20:00:00Z,19.775,19.89,19.735,19.81,2319000
2021-01-11T13:00:00Z,19.775,19.95,19.4,19.59,6476600
2021-01-11T14:00:00Z,19.575,19.815,19.575,19.8,3409400
2021-01-11T15:00:00Z,19.8,19.8,19.63,19.665,2635200
2021-01-11T16:00:00Z,19.66,19.75,19.55,19.73,2909400
2021-01-11T17:00:00Z,19.72,19.775,19.665,19.735,1972600
2021-01-11T18:00:00Z,19.73,19.79,19.61,19.68,4428000
2021-01-11T19:00:00Z,19.675,19.695,19.52,19.535,2780400
2021-01-11T20:00:00Z,19.535,19.625,19.41,19.62,5902800
2021-01-12T13:00:00Z,19.83,19.895,19.615,19.645,4682200
2021-01-12T14:00:00Z,19.64,19.705,19.445,19.59,3846800
2021-01-12T15:00:00Z,19.595,19.665,19.565,19.64,2791400
2021-01-12T16:00:00Z,19.64,19.645,19.55,19.61,3944600
2021-01-12T17:00:00Z,19.61,19.725,19.55,19.725,2955600
2021-01-12T18:00:00Z,19.725,19.79,19.685,19.72,3880000
2021-01-12T19:00:00Z,19.72,19.775,19.675,19.75,2957000
2021-01-12T20:00:00Z,19.75,19.775,19.71,19.75,3911600
2021-01-13T13:00:00Z,19.75,19.85,19.675,19.75,2645000
2021-01-13T14:00:00Z,19.75,19.76,19.525,19.53,2620600
2021-01-13T15:00:00Z,19.54,19.545,19.31,19.35,4864600
2021-01-13T16:00:00Z,19.34,19.49,19.13,19.135,8805400
2021-01-13T17:00:00Z,19.15,19.185,18.62,18.9,17179800
2021-01-13T18:00:00Z,18.9,19.14,18.895,19.04,10694200
2021-01-13T19:00:00Z,19.035,19.13,18.885,18.925,7068400
2021-01-13T20:00:00Z,18.92,19.025,18.68,18.81,10860400
2021-01-14T13:00:00Z,18.88,19.035,18.42,18.53,17241400
2021-01-14T14:00:00Z,18.53,18.76,18.525,18.7,13664400
2021-01-14T15:00:00Z,18.69,19.075,18.665,18.78,11859200
2021-01-14T16:00:00Z,18.78,19.005,18.77,18.98,6883600
2021-01-14T17:00:00Z,18.98,19.015,18.85,18.945,5092000
2021-01-14T18:00:00Z,18.945,18.995,18.685,18.84,9566000
2021-01-14T19:00:00Z,18.84,18.89,18.74,18.785,6245800
2021-01-14T20:00:00Z,18.785,18.79,18.655,18.725,6182000
2021-01-15T13:00:00Z,18.6,18.725,18.355,18.465,10941800
2021-01-15T14:00:00Z,18.47,18.59,18.36,18.37,5646000
2021-01-15T15:00:00Z,18.37,18.475,18.255,18.395,7010800
2021-01-15T16:00:00Z,18.395,18.525,18.36,18.37,3985600
2021-01-15T17:00:00Z,18.37,18.52,18.325,18.515,4299000
2021-01-15T18:00:00Z,18.515,18.52,18.365,18.4,4152000
2021-01-15T19:00:00Z,18.4,18.48,18.38,18.45,5261200
2021-01-15T20:00:00Z,18.455,18.46,18.15,18.175,11609600
2021-01-18T13:00:00Z,18.33,18.445,18.26,18.395,4834400
2021-01-18T14:00:00Z,18.395,18.515,18.305,18.435,4693400
2021-01-18T15:00:00Z,18.44,18.51,18.325,18.345,5227400
2021-01-18T16:00:00Z,18.345,18.345,18.07,18.205,7415400
2021-01-18T17:00:00Z,18.2,18.22,18.015,18.105,4631400
2021-01-18T18:00:00Z,18.1,18.15,17.93,17.935,5992200
2021-01-18T19:00:00Z,17.935,18.035,17.92,17.96,7067200
2021-01-18T20:00:00Z,17.96,18.01,17.905,17.92,6006800
2021-01-19T13:00:00Z,18.15,18.165,17.93,17.965,4085800
2021-01-19T14:00:00Z,17.965,17.985,17.74,17.765,5449000
2021-01-19T15:00:00Z,17.765,17.825,17.56,17.57,5163000
2021-01-19T16:00:00Z,17.565,17.73,17.56,17.695,4667400
2021-01-19T17:00:00Z,17.695,17.7,17.52,17.585,5229800
2021-01-19T18:00:00Z,17.585,17.635,17.535,17.55,3428000
2021-01-19T19:00:00Z,17.55,17.66,17.535,17.63,4695400
2021-01-19T20:00:00Z,17.625,17.685,17.585,17.65,4418000
2021-01-20T13:00:00Z,17.745,17.79,17.57,17.625,4008000
2021-01-20T14:00:00Z,17.62,17.635,17.355,17.44,5351200
2021-01-20T15:00:00Z,17.445,17.47,17.26,17.34,9725400
2021-01-20T16:00:00Z,17.34,17.375,17.3,17.33,4526400
2021-01-20T17:00:00Z,17.325,17.37,17.275,17.295,5388800
2021-01-20T18:00:00Z,17.295,17.33,17.265,17.275,3416000
2021-01-20T19:00:00Z,17.275,17.32,17.265,17.285,3512400
2021-01-20T20:00:00Z,17.29,17.315,17.255,17.275,6464800
2021-01-21T13:00:00Z,17.275,17.405,17.055,17.19,6908600
2021-01-21T14:00:00Z,17.195,17.205,16.95,16.96,7077200
2021-01-21T15:00:00Z,16.965,17.04,16.905,16.925,4310800
2021-01-21T16:00:00Z,16.925,17.065,16.865,17.05,4375200
2021-01-21T17:00:00Z,17.05,17.135,16.965,17.13,5156200
2021-01-21T18:00:00Z,17.13,17.15,17.045,17.085,4168000
2021-01-21T19:00:00Z,17.09,17.115,17.015,17.025,3466600
2021-01-21T20:00:00Z,17.025,17.145,17.01,17.1,8827200
2021-01-22T13:00:00Z,16.81,16.85,16.66,16.735,6671200
2021-01-22T14:00:00Z,16.73,16.87,16.69,16.755,7132400
2021-01-22T15:00:00Z,16.75,16.8,16.69,16.78,3130400
2021-01-22T16:00:00Z,16.78,16.85,16.75,16.82,3085000
2021-01-22T17:00:00Z,16.82,16.845,16.705,16.74,2947000
2021-01-22T18:00:00Z,16.735,16.75,16.69,16.715,2888800
2021-01-22T19:00:00Z,16.725,16.73,16.62,16.66,5906600
2021-01-22T20:00:00Z,16.655,16.91,16.65,16.885,5901600
2021-01-26T13:00:00Z,16.98,16.98,16.705,16.975,8118600
2021-01-26T14:00:00Z,16.975,17.12,16.735,16.745,7281800
2021-01-26T15:00:00Z,16.745,16.755,16.66,16.715,5534200
2021-01-26T16:00:00Z,16.715,16.72,16.48,16.53,7443200
2021-01-26T17:00:00Z,16.525,16.58,16.5,16.575,4043600
2021-01-26T18:00:00Z,16.58,16.58,16.45,16.475,4797600
2021-01-26T19:00:00Z,16.475,16.52,16.355,16.395,6498800
2021-01-26T20:00:00Z,16.395,16.415,16.305,16.34,6851200
2021-01-27T13:00:00Z,16.365,16.55,16.26,16.49,7536600
2021-01-27T14:00:00Z,16.485,16.495,16.27,16.4,4974800
2021-01-27T15:00:00Z,16.395,16.51,16.38,16.495,3838400
2021-01-27T16:00:00Z,16.505,16.515,16.385,16.46,3182800
2021-01-27T17:00:00Z,16.465,16.84,16.46,16.815,6628400
2021-01-27T18:00:00Z,16.82,17.015,16.675,16.835,10539800
2021-01-27T19:00:00Z,16.835,16.915,16.73,16.79,4256200
2021-01-27T20:00:00Z,16.79,16.975,16.65,16.79,4725000
2021-01-28T13:00:00Z,16.785,17.19,16.74,17.17,5743800
2021-01-28T14:00:00Z,17.17,17.325,17.02,17.205,9887200
2021-01-28T15:00:00Z,17.205,17.425,17.19,17.37,4321400
2021-01-28T16:00:00Z,17.365,17.475,17.31,17.34,4379000
2021-01-28T17:00:00Z,17.34,17.4,17.235,17.305,3068800
2021-01-28T18:00:00Z,17.305,17.455,17.27,17.315,2961000
2021-01-28T19:00:00Z,17.32,17.44,17.24,17.255,4261000
2021-01-28T20:00:00Z,17.255,17.36,17.19,17.285,5660200
2021-01-29T13:00:00Z,17.05,17.33,16.99,17.25,4687400
2021-01-29T14:00:00Z,17.25,17.255,17.075,17.25,3115800
2021-01-29T15:00:00Z,17.255,17.335,17.125,17.17,2455400
2021-01-29T16:00:00Z,17.17,17.19,16.95,17.025,4256800
2021-01-29T17:00:00Z,17.025,17.045,16.85,16.895,3981800
2021-01-29T18:00:00Z,16.9,16.995,16.825,16.96,2861600
2021-01-29T19:00:00Z,16.965,17.07,16.865,16.955,3385800
2021-01-29T20:00:00Z,16.96,17.065,16.825,16.865,3934200
2021-02-01T13:00:00Z,17.16,17.25,17,17.14,6069600
2021-02-01T14:00:00Z,17.13,17.225,16.965,17.11,4821000
2021-02-01T15:00:00Z,17.09,17.16,16.93,16.985,3575800
2021-02-01T16:00:00Z,16.985,17.12,16.915,17.03,2968400
2021-02-01T17:00:00Z,17.03,17.05,16.93,16.985,3093000
2021-02-01T18:00:00Z,16.99,17.06,16.95,17.04,2524000
2021-02-01T19:00:00Z,17.045,17.22,17,17.2,3673600
2021-02-01T20:00:00Z,17.2,17.235,17.125,17.165,3863400
2021-02-02T13:00:00Z,17.38,17.55,17.1,17.29,6742800
2021-02-02T14:00:00Z,17.29,17.41,17.15,17.19,8267600
2021-02-02T15:00:00Z,17.19,17.235,17.025,17.07,4121600
2021-02-02T16:00:00Z,17.07,17.1,16.92,16.945,3586400
2021-02-02T17:00:00Z,16.95,17.075,16.925,17.035,3704200
2021-02-02T18:00:00Z,17.03,17.205,16.955,17.125,3922000
2021-02-02T19:00:00Z,17.125,17.145,17.02,17.125,3357400
2021-02-02T20:00:00Z,17.125,17.16,17.01,17.045,3987800
2021-02-03T13:00:00Z,17.15,17.31,17.09,17.3,3428000
2021-02-03T14:00:00Z,17.295,17.37,17.2,17.35,3060400
2021-02-03T15:00:00Z,17.35,17.37,17.125,17.275,2659800
2021-02-03T16:00:00Z,17.28,17.32,17.205,17.3,1675800
2021-02-03T17:00:00Z,17.3,17.31,17.16,17.195,1611200
2021-02-03T18:00:00Z,17.19,17.25,17.145,17.175,1711200
2021-02-03T19:00:00Z,17.175,17.22,17.11,17.205,2018200
2021-02-03T20:00:00Z,17.205,17.245,17.175,17.215,2274600
2021-02-04T13:00:00Z,17.3,17.36,17.115,17.205,3189200
2021-02-04T14:00:00Z,17.205,17.245,17.09,17.16,3428600
2021-02-04T15:00:00Z,17.165,17.2,17.095,17.2,1819000
2021-02-04T16:00:00Z,17.19,17.22,17.15,17.2,1253400
2021-02-04T17:00:00Z,17.2,17.235,17.17,17.19,1972800
2021-02-04T18:00:00Z,17.19,17.215,17.1,17.135,2094800
2021-02-04T19:00:00Z,17.135,17.165,17.105,17.12,1473600
2021-02-04T20:00:00Z,17.115,17.125,17.01,17.065,3033600
2021-02-05T13:00:00Z,17.14,17.24,17.065,17.145,2735000
2021-02-05T14:00:00Z,17.15,17.19,16.97,16.99,3923400
2021-02-05T15:00:00Z,16.995,17.04,16.905,17,3385600
2021-02-05T16:00:00Z,17.005,17.06,16.975,17.01,2216600
2021-02-05T17:00:00Z,17.005,17.05,16.985,17.025,1848200
2021-02-05T18:00:00Z,17.025,17.03,16.975,16.99,1748800
2021-02-05T19:00:00Z,16.99,17.015,16.91,16.925,3241600
2021-02-05T20:00:00Z,16.925,16.98,16.9,16.98,5018000
2021-02-08T13:00:00Z,16.97,17.02,16.835,16.97,3665400
2021-02-08T14:00:00Z,16.975,17.09,16.94,17.04,3416200
2021-02-08T15:00:00Z,17.035,17.125,17.025,17.075,2366200
2021-02-08T16:00:00Z,17.08,17.125,17.035,17.06,1659400
2021-02-08T17:00:00Z,17.065,17.105,17.03,17.095,1821400
2021-02-08T18:00:00Z,17.085,17.105,16.8,16.815,3804800
2021-02-08T19:00:00Z,16.815,16.94,16.8,16.93,2566400
2021-02-08T20:00:00Z,16.93,16.96,16.855,16.885,2186800
2021-02-09T13:00:00Z,16.885,16.945,16.825,16.89,3507800
2021-02-09T14:00:00Z,16.89,16.935,16.825,16.915,6175600
2021-02-09T15:00:00Z,16.925,17.11,16.865,17.025,3666400
2021-02-09T16:00:00Z,17.03,17.215,17.005,17.15,4201400
2021-02-09T17:00:00Z,17.15,17.25,17.15,17.23,2842200
2021-02-09T18:00:00Z,17.23,17.23,17.16,17.19,1369400
2021-02-09T19:00:00Z,17.195,17.2,17.13,17.14,4079600
2021-02-09T20:00:00Z,17.145,17.16,17.09,17.135,2652400
2021-02-10T13:00:00Z,17.14,17.24,17.005,17.04,3621600
2021-02-10T14:00:00Z,17.04,17.09,16.975,17.035,4979000
2021-02-10T15:00:00Z,17.035,17.07,16.9,16.925,4813400
2021-02-10T16:00:00Z,16.925,17.035,16.915,16.97,3513000
2021-02-10T17:00:00Z,16.975,16.98,16.905,16.95,1881800
2021-02-10T18:00:00Z,16.945,16.96,16.875,16.935,1813600
2021-02-10T19:00:00Z,16.935,16.985,16.88,16.98,2370200
2021-02-10T20:00:00Z,16.985,17.005,16.885,16.9,3566800
2021-02-11T13:00:00Z,17,17.115,16.96,17.08,2861200
2021-02-11T14:00:00Z,17.09,17.18,17.06,17.11,3370600
2021-02-11T15:00:00Z,17.105,17.135,17.03,17.04,1810800
2021-02-11T16:00:00Z,17.04,17.11,16.985,17.09,1880200
2021-02-11T17:00:00Z,17.085,17.17,16.91,16.965,2565000
2021-02-11T18:00:00Z,16.97,16.975,16.88,16.915,2685000
2021-02-11T19:00:00Z,16.92,16.965,16.905,16.96,1525000
2021-02-11T20:00:00Z,16.96,17.005,16.935,16.98,2059600
2021-02-12T13:00:00Z,16.88,16.9,16.6,16.775,6101000
2021-02-12T14:00:00Z,16.775,16.94,16.72,16.92,3946400
2021-02-12T15:00:00Z,16.925,17.065,16.92,17.01,5594400
2021-02-12T16:00:00Z,17.01,17.07,16.985,17.005,1758000
2021-02-12T17:00:00Z,17.005,17.035,16.92,16.96,8614800
2021-02-12T18:00:00Z,16.955,16.96,16.805,16.845,3349200
2021-02-12T19:00:00Z,16.855,16.87,16.805,16.845,2337800
2021-02-12T20:00:00Z,16.84,16.925,16.83,16.905,2178600
2021-02-17T16:00:00Z,16.845,16.915,16.7,16.725,6881000
2021-02-17T17:00:00Z,16.72,16.88,16.665,16.865,3493600
2021-02-17T18:00:00Z,16.87,16.905,16.815,16.835,3855000
2021-02-17T19:00:00Z,16.83,16.88,16.8,16.83,2662200
2021-02-17T20:00:00Z,16.83,16.835,16.76,16.8,4052600
2021-02-18T13:00:00Z,16.68,16.775,16.6,16.655,5296200
2021-02-18T14:00:00Z,16.65,16.815,16.635,16.73,6143400
2021-02-18T15:00:00Z,16.73,16.75,16.655,16.665,3518000
2021-02-18T16:00:00Z,16.67,16.72,16.64,16.665,2504000
2021-02-18T17:00:00Z,16.66,16.695,16.61,16.62,2754800
2021-02-18T18:00:00Z,16.62,16.625,16.515,16.55,4619000
2021-02-18T19:00:00Z,16.545,16.635,16.545,16.605,2557800
2021-02-18T20:00:00Z,16.605,16.65,16.525,16.62,4811600
2021-02-19T13:00:00Z,16.56,16.705,16.545,16.675,3683600
2021-02-19T14:00:00Z,16.675,16.69,16.525,16.585,3955800
2021-02-19T15:00:00Z,16.585,16.625,16.53,16.54,5814000
2021-02-19T16:00:00Z,16.54,16.55,16.415,16.435,4770200
2021-02-19T17:00:00Z,16.435,16.44,16.285,16.29,21070200
2021-02-19T18:00:00Z,16.285,16.3,16.265,16.29,4357800
2021-02-19T19:00:00Z,16.29,16.375,16.275,16.37,4227800
2021-02-19T20:00:00Z,16.37,16.375,16.305,16.305,3847600
2021-02-22T13:00:00Z,14.75,14.93,14.28,14.395,46398800
2021-02-22T14:00:00Z,14.4,14.67,14.325,14.475,37537400
2021-02-22T15:00:00Z,14.485,14.53,14.355,14.425,23041400
2021-02-22T16:00:00Z,14.42,14.46,14.365,14.445,16166000
2021-02-22T17:00:00Z,14.445,14.585,14.42,14.475,19858000
2021-02-22T18:00:00Z,14.48,14.63,14.475,14.485,20815600
2021-02-22T19:00:00Z,14.485,14.52,14.455,14.485,12981400
2021-02-22T20:00:00Z,14.485,14.605,14.45,14.51,21188800
2021-02-23T13:00:00Z,14.8,15.105,14.76,14.925,19099400
2021-02-23T14:00:00Z,14.925,14.95,14.765,14.87,8595200
2021-02-23T15:00:00Z,14.865,15.22,14.845,15.19,15244200
2021-02-23T16:00:00Z,15.19,15.39,15.13,15.29,11266000
2021-02-23T17:00:00Z,15.29,15.36,15.22,15.27,15066000
2021-02-23T18:00:00Z,15.27,15.39,15.255,15.27,7691400
2021-02-23T19:00:00Z,15.27,15.34,15.16,15.205,9157600
2021-02-23T20:00:00Z,15.21,15.255,15.15,15.175,6114600
2021-02-24T13:00:00Z,15.375,15.41,15.165,15.18,6701000
2021-02-24T14:00:00Z,15.185,15.195,14.885,14.92,6557000
2021-02-24T15:00:00Z,14.92,15.12,14.9,15.115,4632000
2021-02-24T16:00:00Z,15.11,15.26,15.08,15.245,2902600
2021-02-24T17:00:00Z,15.245,15.44,15.225,15.36,6029200
2021-02-24T18:00:00Z,15.35,15.44,15.3,15.31,3866600
2021-02-24T19:00:00Z,15.315,15.32,15.215,15.275,2978600
2021-02-24T20:00:00Z,15.275,15.345,15.125,15.145,4112800
2021-02-25T13:00:00Z,15.22,15.54,15.17,15.445,18197600
2021-02-25T14:00:00Z,15.445,15.52,15.4,15.445,5065000
2021-02-25T15:00:00Z,15.44,15.45,15.07,15.075,7077800
2021-02-25T16:00:00Z,15.08,15.125,14.95,14.96,4597000
2021-02-25T17:00:00Z,14.96,15.055,14.94,14.995,2889200
2021-02-25T18:00:00Z,14.995,15.015,14.835,14.85,5203400
2021-02-25T19:00:00Z,14.85,14.94,14.82,14.83,3794800
2021-02-25T20:00:00Z,14.83,14.835,14.66,14.73,5863800
2021-02-26T13:00:00Z,14.805,14.87,14.625,14.855,4636000
2021-02-26T14:00:00Z,14.86,14.92,14.725,14.735,2988200
2021-02-26T15:00:00Z,14.735,14.74,14.35,14.365,9842600
2021-02-26T16:00:00Z,14.365,14.425,14.26,14.3,8239400
2021-02-26T17:00:00Z,14.295,14.375,14.2,14.295,9023400
2021-02-26T18:00:00Z,14.29,14.37,14.23,14.235,9607400
2021-02-26T19:00:00Z,14.24,14.255,13.955,14.02,20914400
2021-02-26T20:00:00Z,14.015,14.125,13.98,14.11,18064400
2021-03-01T13:00:00Z,14.325,14.39,13.955,14.055,10633200
2021-03-01T14:00:00Z,14.055,14.245,13.91,14.23,9288600
2021-03-01T15:00:00Z,14.23,14.36,14.205,14.325,6156400
2021-03-01T16:00:00Z,14.32,14.395,14.26,14.27,4435000
2021-03-01T17:00:00Z,14.27,14.32,14.18,14.25,3671000
2021-03-01T18:00:00Z,14.25,14.3,14.165,14.265,2964800
2021-03-01T19:00:00Z,14.265,14.345,14.13,14.145,4472800
2021-03-01T20:00:00Z,14.145,14.145,13.86,13.9,11159200
2021-03-02T13:00:00Z,13.725,13.86,13.51,13.86,11022000
2021-03-02T14:00:00Z,13.85,14.215,13.775,14.09,10840800
2021-03-02T15:00:00Z,14.09,14.27,14.06,14.24,9120600
2021-03-02T16:00:00Z,14.245,14.29,14.05,14.13,7050600
2021-03-02T17:00:00Z,14.13,14.3,14.105,14.185,4925800
2021-03-02T18:00:00Z,14.19,14.555,14.185,14.525,7596200
2021-03-02T19:00:00Z,14.525,14.695,14.315,14.625,12761400
2021-03-02T20:00:00Z,14.62,14.69,14.535,14.59,5672600
2021-03-03T13:00:00Z,14.4,14.6,14.335,14.55,6268800
2021-03-03T14:00:00Z,14.555,14.57,14.31,14.365,5029000
2021-03-03T15:00:00Z,14.365,14.39,14.175,14.21,4579800
2021-03-03T16:00:00Z,14.205,14.34,14.09,14.29,4879400
2021-03-03T17:00:00Z,14.295,14.31,14.125,14.15,4063600
2021-03-03T18:00:00Z,14.16,14.16,14.05,14.085,5141000
2021-03-03T19:00:00Z,14.09,14.84,14.005,14.655,15385400
2021-03-03T20:00:00Z,14.64,14.75,14.45,14.57,6148200
2021-03-04T13:00:00Z,14.605,15.085,14.55,15.05,9172200
2021-03-04T14:00:00Z,15.05,15.145,14.98,15.045,7104200
2021-03-04T15:00:00Z,15.04,15.235,14.91,15.155,5913400
2021-03-04T16:00:00Z,15.165,15.235,15.005,15.045,3724800
2021-03-04T17:00:00Z,15.04,15.11,14.86,14.865,3848800
2021-03-04T18:00:00Z,14.865,14.97,14.8,14.85,3959600
2021-03-04T19:00:00Z,14.855,15.07,14.83,15.02,3514000
2021-03-04T20:00:00Z,15.025,15.045,14.875,14.98,4424600
2021-03-05T13:00:00Z,15.075,15.465,15.025,15.45,8308200
2021-03-05T14:00:00Z,15.45,15.52,15.25,15.33,8429000
2021-03-05T15:00:00Z,15.325,15.36,15.205,15.255,3969400
2021-03-05T16:00:00Z,15.26,15.29,15.085,15.185,4084200
2021-03-05T17:00:00Z,15.185,15.24,15.105,15.175,4728000
2021-03-05T18:00:00Z,15.175,15.225,15.095,15.17,3614000
2021-03-05T19:00:00Z,15.165,15.275,15.11,15.255,3989200
2021-03-05T20:00:00Z,15.255,15.32,15.19,15.29,5102200
2021-03-08T13:00:00Z,14.995,15.265,14.955,15.245,4040800
2021-03-08T14:00:00Z,15.24,15.36,15.165,15.21,3728800
2021-03-08T15:00:00Z,15.205,15.385,15.105,15.21,2766600
2021-03-08T16:00:00Z,15.21,15.265,15.06,15.095,2274600
2021-03-08T17:00:00Z,15.09,15.245,15.05,15.235,2054600
2021-03-08T18:00:00Z,15.23,15.285,14.63,14.705,9799400
2021-03-08T19:00:00Z,14.7,14.96,14.66,14.815,9164000
2021-03-08T20:00:00Z,14.81,14.815,14.535,14.6,11610000
2021-03-09T13:00:00Z,14.735,14.85,14.425,14.62,7656000
2021-03-09T14:00:00Z,14.63,14.72,14.515,14.585,5119400
2021-03-09T15:00:00Z,14.585,14.87,14.57,14.86,6319200
2021-03-09T16:00:00Z,14.86,14.87,14.755,14.835,4334200
2021-03-09T17:00:00Z,14.83,14.975,14.71,14.73,6651800
2021-03-09T18:00:00Z,14.735,14.78,14.53,14.57,5411000
2021-03-09T19:00:00Z,14.57,14.615,14.53,14.535,3278000
2021-03-09T20:00:00Z,14.53,14.615,14.45,14.495,4870000
2021-03-10T13:00:00Z,14.59,14.685,14.505,14.555,4516800
2021-03-10T14:00:00Z,14.555,14.615,14.45,14.605,5168600
2021-03-10T15:00:00Z,14.605,14.66,14.41,14.545,8070800
2021-03-10T16:00:00Z,14.545,14.58,14.47,14.54,2866600
2021-03-10T17:00:00Z,14.545,14.58,14.35,14.37,4424600
2021-03-10T18:00:00Z,14.36,14.65,14.33,14.62,5663800
2021-03-10T19:00:00Z,14.615,14.925,14.585,14.875,4810000
2021-03-10T20:00:00Z,14.88,14.955,14.84,14.88,3883200
2021-03-11T13:00:00Z,15.15,15.31,14.98,15.075,6107800
2021-03-11T14:00:00Z,15.07,15.16,14.855,14.875,9133600
2021-03-11T15:00:00Z,14.88,15.01,14.785,14.905,5654200
2021-03-11T16:00:00Z,14.895,14.955,14.84,14.865,3106400
2021-03-11T17:00:00Z,14.875,15.045,14.825,15,4900200
2021-03-11T18:00:00Z,15,15.135,14.995,15.055,4866800
2021-03-11T19:00:00Z,15.05,15.065,14.93,15,3737200
2021-03-11T20:00:00Z,15,15.095,14.99,15.025,3523000
2021-03-12T13:00:00Z,14.9,15.05,14.855,14.925,4764400
2021-03-12T14:00:00Z,14.92,15.01,14.9,15,1974200
2021-03-12T15:00:00Z,15.005,15.06,14.885,14.93,2311800
2021-03-12T16:00:00Z,14.925,15.02,14.92,14.965,1268200
2021-03-12T17:00:00Z,14.965,15.02,14.915,14.935,2633000
2021-03-12T18:00:00Z,14.94,14.98,14.915,14.93,1938200
2021-03-12T19:00:00Z,14.93,14.945,14.83,14.915,3002600
2021-03-12T20:00:00Z,14.91,14.94,14.875,14.9,2510600
2021-03-15T13:00:00Z,14.9,14.98,14.8,14.94,4862600
2021-03-15T14:00:00Z,14.935,15.045,14.875,15.02,3997800
2021-03-15T15:00:00Z,15.02,15.09,14.91,14.96,4872400
2021-03-15T16:00:00Z,14.965,15.045,14.955,15,1714600
2021-03-15T17:00:00Z,14.995,15.04,14.98,14.995,1668400
2021-03-15T18:00:00Z,15,15.045,14.955,15.025,2751600
2021-03-15T19:00:00Z,15.025,15.03,14.935,14.97,3340000
2021-03-16T13:00:00Z,14.945,14.96,14.805,14.87,4197800
2021-03-16T14:00:00Z,14.86,14.935,14.825,14.915,2512000
2021-03-16T15:00:00Z,14.915,14.93,14.655,14.73,5583400
2021-03-16T16:00:00Z,14.73,14.925,14.635,14.65,2858000
2021-03-16T17:00:00Z,14.65,14.825,14.63,14.745,11801800
2021-03-16T18:00:00Z,14.75,14.865,14.745,14.805,3595000
2021-03-16T19:00:00Z,14.805,14.92,14.8,14.895,4148400
2021-03-17T13:00:00Z,14.825,15.135,14.77,15.125,6757800
2021-03-17T14:00:00Z,15.125,15.195,15.055,15.165,7278200
2021-03-17T15:00:00Z,15.165,15.3,15.15,15.27,5620200
2021-03-17T16:00:00Z,15.27,15.385,15.225,15.285,4518200
2021-03-17T17:00:00Z,15.28,15.35,15.2,15.21,4039400
2021-03-17T18:00:00Z,15.215,15.405,15.205,15.39,7095200
2021-03-17T19:00:00Z,15.395,15.475,15.335,15.37,7315600
2021-03-18T13:00:00Z,15.355,15.705,15.355,15.49,11281400
2021-03-18T14:00:00Z,15.495,15.55,15.39,15.415,6367200
2021-03-18T15:00:00Z,15.42,15.57,15.41,15.515,4378200
2021-03-18T16:00:00Z,15.51,15.6,15.42,15.455,5801400
2021-03-18T17:00:00Z,15.455,15.545,15.425,15.475,2896400
2021-03-18T18:00:00Z,15.475,15.48,15.21,15.31,5639200
2021-03-18T19:00:00Z,15.305,15.32,15.205,15.25,4713600
2021-03-19T13:00:00Z,15.085,15.465,14.925,15.15,15696400
2021-03-19T14:00:00Z,15.14,15.245,15.07,15.19,5655800
2021-03-19T15:00:00Z,15.19,15.195,15.075,15.17,3937200
2021-03-19T16:00:00Z,15.175,15.375,15.145,15.37,3250800
2021-03-19T17:00:00Z,15.365,15.39,15.265,15.3,3479800
2021-03-19T18:00:00Z,15.3,15.34,15.24,15.315,4895000
2021-03-19T19:00:00Z,15.315,15.325,15.24,15.275,4612000
2021-03-22T13:00:00Z,15.26,15.3,15.155,15.21,4537600
2021-03-22T14:00:00Z,15.21,15.24,15.115,15.185,3568000
2021-03-22T15:00:00Z,15.19,15.345,15.15,15.305,2936000
2021-03-22T16:00:00Z,15.3,15.32,15.2,15.275,2726800
2021-03-22T17:00:00Z,15.275,15.38,15.25,15.355,1865800
2021-03-22T18:00:00Z,15.36,15.525,15.345,15.465,3979000
2021-03-22T19:00:00Z,15.455,15.48,15.415,15.46,3175000
2021-03-23T13:00:00Z,15.385,15.385,15.21,15.285,3963000
2021-03-23T14:00:00Z,15.28,15.3,15.14,15.275,4929400
2021-03-23T15:00:00Z,15.285,15.39,15.265,15.325,3591600
2021-03-23T16:00:00Z,15.335,15.35,15.205,15.24,3080200
2021-03-23T17:00:00Z,15.24,15.26,14.96,15.07,9582200
2021-03-23T18:00:00Z,15.075,15.135,15,15.005,5136000
2021-03-23T19:00:00Z,15.005,15.025,14.885,14.895,8710400
2021-03-24T13:00:00Z,14.94,14.965,14.83,14.94,5072400
2021-03-24T14:00:00Z,14.94,15.09,14.93,15.08,5681600
2021-03-24T15:00:00Z,15.085,15.145,15.025,15.05,3501600
2021-03-24T16:00:00Z,15.05,15.09,14.98,15.02,2973600
2021-03-24T17:00:00Z,15.02,15.025,14.935,14.985,1953400
2021-03-24T18:00:00Z,14.98,15.015,14.775,14.825,3444400
2021-03-24T19:00:00Z,14.825,14.875,14.55,14.605,8078800
2021-03-25T13:00:00Z,14.6,14.765,14.505,14.73,5637600
2021-03-25T14:00:00Z,14.73,14.75,14.59,14.635,2927000
2021-03-25T15:00:00Z,14.635,14.92,14.585,14.9,3601200
2021-03-25T16:00:00Z,14.905,14.92,14.75,14.76,3969600
2021-03-25T17:00:00Z,14.76,14.87,14.735,14.81,3523000
2021-03-25T18:00:00Z,14.8,14.885,14.795,14.85,2728400
2021-03-25T19:00:00Z,14.85,14.86,14.79,14.805,8037000
2021-03-26T13:00:00Z,14.8,14.94,14.73,14.925,6187200
2021-03-26T14:00:00Z,14.92,14.96,14.775,14.82,4412200
2021-03-26T15:00:00Z,14.83,14.915,14.81,14.84,1882800
2021-03-26T16:00:00Z,14.845,14.89,14.815,14.875,2121600
2021-03-26T17:00:00Z,14.87,14.895,14.68,14.72,3172600
2021-03-26T18:00:00Z,14.72,14.73,14.605,14.72,4057800
2021-03-26T19:00:00Z,14.72,14.79,14.695,14.79,2900000
2021-03-29T13:00:00Z,14.805,15.035,14.75,14.79,5533800
2021-03-29T14:00:00Z,14.79,14.885,14.69,14.705,4023400
2021-03-29T15:00:00Z,14.7,14.795,14.65,14.775,2601000
2021-03-29T16:00:00Z,14.77,14.865,14.77,14.86,2889600
2021-03-29T17:00:00Z,14.865,14.97,14.85,14.945,5259800
2021-03-29T18:00:00Z,14.945,14.98,14.89,14.935,2809200
2021-03-29T19:00:00Z,14.94,14.97,14.91,14.93,4172000
2021-03-30T13:00:00Z,14.82,15.185,14.805,15.145,8460800
2021-03-30T14:00:00Z,15.145,15.185,15.08,15.135,4521000
2021-03-30T15:00:00Z,15.135,15.25,15.125,15.23,5421400
2021-03-30T16:00:00Z,15.23,15.27,15.195,15.26,3016200
2021-03-30T17:00:00Z,15.265,15.295,15.18,15.275,3356000
2021-03-30T18:00:00Z,15.275,15.295,15.24,15.255,2466200
2021-03-30T19:00:00Z,15.26,15.39,15.245,15.36,5786800
2021-03-31T13:00:00Z,15.325,15.36,15.115,15.24,5268400
2021-03-31T14:00:00Z,15.235,15.37,15.18,15.275,3156200
2021-03-31T15:00:00Z,15.28,15.31,15.16,15.21,2191200
2021-03-31T16:00:00Z,15.21,15.27,15.125,15.175,2236800
2021-03-31T17:00:00Z,15.17,15.22,15.145,15.185,1605400
2021-03-31T18:00:00Z,15.18,15.27,15.17,15.235,2479400
2021-03-31T19:00:00Z,15.235,15.325,15.22,15.265,4378600
2021-04-01T13:00:00Z,15.385,15.4,15.075,15.105,4512800
2021-04-01T14:00:00Z,15.1,15.12,14.975,15.06,4723000
2021-04-01T15:00:00Z,15.05,15.085,15,15.07,2834000
2021-04-01T16:00:00Z,15.07,15.1,14.985,15.03,2791200
2021-04-01T17:00:00Z,15.03,15.045,14.95,15.015,2468400
2021-04-01T18:00:00Z,15.015,15.065,15,15,2040800
2021-04-01T19:00:00Z,15,15.05,14.95,14.99,3949000
2021-04-05T13:00:00Z,15.08,15.175,15.005,15.07,4546000
2021-04-05T14:00:00Z,15.08,15.15,15.005,15.035,3694800
2021-04-05T15:00:00Z,15.04,15.07,15.01,15.03,1199800
2021-04-05T16:00:00Z,15.03,15.035,14.84,14.87,4268600
2021-04-05T17:00:00Z,14.87,14.92,14.81,14.89,3219000
2021-04-05T18:00:00Z,14.89,14.965,14.84,14.91,2675400
2021-04-05T19:00:00Z,14.91,14.965,14.89,14.955,3872600
2021-04-06T13:00:00Z,14.99,15.05,14.825,14.875,5771400
2021-04-06T14:00:00Z,14.88,14.91,14.825,14.865,3274200
2021-04-06T15:00:00Z,14.875,14.88,14.78,14.815,4406200
2021-04-06T16:00:00Z,14.82,14.865,14.785,14.79,1957800
2021-04-06T17:00:00Z,14.79,14.8,14.735,14.765,3811200
2021-04-06T18:00:00Z,14.76,14.8,14.75,14.765,2652200
2021-04-06T19:00:00Z,14.76,14.775,14.725,14.73,4225000
2021-04-07T13:00:00Z,14.76,14.97,14.715,14.87,7749400
2021-04-07T14:00:00Z,14.875,14.89,14.78,14.785,3845600
2021-04-07T15:00:00Z,14.785,14.8,14.65,14.675,4956600
2021-04-07T16:00:00Z,14.675,14.82,14.645,14.805,4297000
2021-04-07T17:00:00Z,14.81,14.85,14.785,14.815,3255400
2021-04-07T18:00:00Z,14.81,14.84,14.65,14.66,3713000
2021-04-07T19:00:00Z,14.665,14.69,14.62,14.66,9247800
2021-04-08T13:00:00Z,14.76,14.795,14.575,14.635,5348600
2021-04-08T14:00:00Z,14.63,14.635,14.51,14.51,5521800
2021-04-08T15:00:00Z,14.51,14.6,14.5,14.58,4354200
2021-04-08T16:00:00Z,14.58,14.67,14.55,14.64,4078800
2021-04-08T17:00:00Z,14.64,14.645,14.55,14.555,4601400
2021-04-08T18:00:00Z,14.555,14.605,14.54,14.56,4198400
2021-04-08T19:00:00Z,14.565,14.58,14.54,14.56,4463000
2021-04-09T13:00:00Z,14.555,14.76,14.54,14.725,8185400
2021-04-09T14:00:00Z,14.725,14.79,14.665,14.775,14122000
2021-04-09T15:00:00Z,14.775,14.84,14.715,14.8,4100800
2021-04-09T16:00:00Z,14.8,14.8,14.735,14.775,2096200
2021-04-09T17:00:00Z,14.775,14.775,14.615,14.63,3384600
2021-04-09T18:00:00Z,14.635,14.675,14.56,14.62,4454000
2021-04-09T19:00:00Z,14.62,14.685,14.61,14.685,3120200
2021-04-12T13:00:00Z,14.725,14.765,14.65,14.71,3244600
2021-04-12T14:00:00Z,14.715,14.72,14.675,14.695,1594200
2021-04-12T15:00:00Z,14.695,14.715,14.66,14.665,1450000
2021-04-12T16:00:00Z,14.67,14.71,14.665,14.69,1236200
2021-04-12T17:00:00Z,14.69,14.715,14.68,14.705,1523800
2021-04-12T18:00:00Z,14.705,14.71,14.615,14.68,4209400
2021-04-12T19:00:00Z,14.675,14.765,14.66,14.735,4137200
2021-04-13T13:00:00Z,14.72,14.725,14.565,14.625,5089400
2021-04-13T14:00:00Z,14.62,14.675,14.605,14.64,4850400
2021-04-13T15:00:00Z,14.645,14.75,14.635,14.74,2907800
2021-04-13T16:00:00Z,14.74,14.775,14.7,14.73,4256600
2021-04-13T17:00:00Z,14.73,14.84,14.725,14.8,3291800
2021-04-13T18:00:00Z,14.8,14.815,14.77,14.78,2059400
2021-04-13T19:00:00Z,14.78,14.8,14.735,14.745,2566800
2021-04-14T13:00:00Z,14.81,14.835,14.655,14.81,6168600
2021-04-14T14:00:00Z,14.81,14.905,14.805,14.85,10519800
2021-04-14T15:00:00Z,14.85,14.915,14.835,14.895,4137200
2021-04-14T16:00:00Z,14.895,14.93,14.84,14.855,4643200
2021-04-14T17:00:00Z,14.86,14.865,14.82,14.83,3001800
2021-04-14T18:00:00Z,14.835,14.845,14.75,14.75,4150600
2021-04-14T19:00:00Z,14.755,14.84,14.75,14.79,4333400
2021-04-15T13:00:00Z,14.815,15.035,14.78,14.95,16312400
2021-04-15T14:00:00Z,14.95,14.98,14.805,14.82,3540200
2021-04-15T15:00:00Z,14.83,14.885,14.79,14.855,2345200
2021-04-15T16:00:00Z,14.86,14.915,14.84,14.85,1877400
2021-04-15T17:00:00Z,14.855,14.865,14.73,14.81,3613600
2021-04-15T18:00:00Z,14.81,14.81,14.675,14.76,2813400
2021-04-15T19:00:00Z,14.765,14.785,14.725,14.76,3493200
2021-04-16T13:00:00Z,14.795,14.925,14.775,14.805,3953400
2021-04-16T14:00:00Z,14.805,14.845,14.75,14.78,3251200
2021-04-16T15:00:00Z,14.775,14.915,14.77,14.88,3472000
2021-04-16T16:00:00Z,14.88,14.9,14.775,14.815,2931200
2021-04-16T17:00:00Z,14.815,14.87,14.79,14.86,2628400
2021-04-16T18:00:00Z,14.855,14.885,14.81,14.835,2629400
2021-04-16T19:00:00Z,14.83,14.865,14.815,14.82,3202600
2021-04-19T13:00:00Z,14.9,15.095,14.85,15.015,8375600
2021-04-19T14:00:00Z,15.015,15.02,14.9,14.91,3939000
2021-04-19T15:00:00Z,14.91,14.99,14.9,14.92,2671400
2021-04-19T16:00:00Z,14.915,14.925,14.785,14.83,5456000
2021-04-19T17:00:00Z,14.835,14.86,14.8,14.805,3639600
2021-04-19T18:00:00Z,14.805,14.875,14.79,14.835,10400400
2021-04-19T19:00:00Z,14.83,14.87,14.8,14.86,4960200
2021-04-20T13:00:00Z,14.815,15.025,14.815,15.02,8001800
2021-04-20T14:00:00Z,15.02,15.23,15.005,15.22,10325000
2021-04-20T15:00:00Z,15.225,15.225,15.115,15.17,5314000
2021-04-20T16:00:00Z,15.165,15.195,15.055,15.06,3900800
2021-04-20T17:00:00Z,15.06,15.145,15.02,15.14,3387400
2021-04-20T18:00:00Z,15.14,15.165,15.01,15.045,8974400
2021-04-20T19:00:00Z,15.045,15.085,15.025,15.08,4062000
2021-04-22T13:00:00Z,15.205,15.21,14.915,14.94,7938600
2021-04-22T14:00:00Z,14.94,15.01,14.88,14.9,5677800
2021-04-22T15:00:00Z,14.895,14.945,14.85,14.91,3491600
2021-04-22T16:00:00Z,14.91,14.965,14.895,14.935,5979000
2021-04-22T17:00:00Z,14.94,14.96,14.825,14.885,4468400
2021-04-22T18:00:00Z,14.885,14.935,14.855,14.9,2224600
2021-04-22T19:00:00Z,14.9,14.9,14.84,14.88,3597800
2021-04-23T13:00:00Z,14.955,15.145,14.915,15.08,5370000
2021-04-23T14:00:00Z,15.075,15.085,14.98,15.015,3437000
2021-04-23T15:00:00Z,15.02,15.055,14.93,15,2826600
2021-04-23T16:00:00Z,15,15.115,14.98,15.115,2517000
2021-04-23T17:00:00Z,15.115,15.12,15.04,15.065,3421600
2021-04-23T18:00:00Z,15.065,15.1,15.045,15.075,2439000
2021-04-23T19:00:00Z,15.075,15.1,15.035,15.06,7038000
2021-04-26T13:00:00Z,15.075,15.275,15.075,15.15,6068000
2021-04-26T14:00:00Z,15.15,15.165,15.075,15.145,2330800
2021-04-26T15:00:00Z,15.15,15.175,15.035,15.06,2794000
2021-04-26T16:00:00Z,15.06,15.095,15.035,15.045,1239200
2021-04-26T17:00:00Z,15.045,15.065,15.01,15.035,1141400
2021-04-26T18:00:00Z,15.03,15.045,14.98,15.035,2011200
2021-04-26T19:00:00Z,15.035,15.065,14.94,15.02,2870600
2021-04-27T13:00:00Z,15.03,15.05,14.91,14.99,4799400
2021-04-27T14:00:00Z,14.99,15.05,14.965,15.02,3968400
2021-04-27T15:00:00Z,15.02,15.04,14.93,14.98,2748000
2021-04-27T16:00:00Z,14.985,15.01,14.925,14.935,2402200
2021-04-27T17:00:00Z,14.935,14.975,14.86,14.885,3587200
2021-04-27T18:00:00Z,14.885,14.9,14.83,14.845,3018000
2021-04-27T19:00:00Z,14.85,14.895,14.835,14.855,3180400
2021-04-28T13:00:00Z,14.995,15.125,14.925,15.1,6372600
2021-04-28T14:00:00Z,15.1,15.155,15.01,15.04,3451800
2021-04-28T15:00:00Z,15.05,15.185,15.035,15.15,4058800
2021-04-28T16:00:00Z,15.155,15.16,15.09,15.1,2139600
2021-04-28T17:00:00Z,15.1,15.105,15.04,15.08,2950600
2021-04-28T18:00:00Z,15.085,15.155,15.065,15.12,3375200
2021-04-28T19:00:00Z,15.12,15.17,15.115,15.125,4984800
2021-04-29T13:00:00Z,15.15,15.26,14.985,14.99,4549000
2021-04-29T14:00:00Z,14.99,14.995,14.88,14.91,4344600
2021-04-29T15:00:00Z,14.91,14.915,14.83,14.84,2374200
2021-04-29T16:00:00Z,14.835,14.895,14.825,14.88,2499000
2021-04-29T17:00:00Z,14.885,14.895,14.835,14.855,2221200
2021-04-29T18:00:00Z,14.855,15.245,14.835,14.845,2299200
2021-04-29T19:00:00Z,14.84,14.845,14.785,14.805,8666000
2021-04-30T13:00:00Z,14.835,14.925,14.72,14.875,3528800
2021-04-30T14:00:00Z,14.87,14.88,14.725,14.8,2317400
2021-04-30T15:00:00Z,14.795,14.89,14.775,14.83,2639600
2021-04-30T16:00:00Z,14.83,14.85,14.785,14.825,1309800
2021-04-30T17:00:00Z,14.825,14.835,14.735,14.755,2461600
2021-04-30T18:00:00Z,14.755,14.855,14.74,14.825,2234200
2021-04-30T19:00:00Z,14.825,14.825,14.745,14.75,2625200
2021-05-03T13:00:00Z,14.91,14.975,14.81,14.865,6249200
2021-05-03T14:00:00Z,14.875,15.015,14.865,14.95,4087200
2021-05-03T15:00:00Z,14.95,14.96,14.83,14.845,1622000
2021-05-03T16:00:00Z,14.84,14.875,14.775,14.845,1367000
2021-05-03T17:00:00Z,14.845,14.87,14.83,14.865,651400
2021-05-03T18:00:00Z,14.87,14.975,14.865,14.96,2073400
2021-05-03T19:00:00Z,14.96,14.96,14.86,14.885,2257000
2021-05-04T13:00:00Z,14.95,14.985,14.675,14.73,5359600
2021-05-04T14:00:00Z,14.725,14.8,14.685,14.695,3508600
2021-05-04T15:00:00Z,14.7,14.775,14.64,14.745,2835400
2021-05-04T16:00:00Z,14.74,14.76,14.68,14.71,1614600
2021-05-04T17:00:00Z,14.705,14.77,14.69,14.72,1471400
2021-05-04T18:00:00Z,14.72,14.735,14.655,14.66,1969000
2021-05-04T19:00:00Z,14.66,14.685,14.595,14.65,4215400
2021-05-05T13:00:00Z,14.79,14.79,14.44,14.495,9134800
2021-05-05T14:00:00Z,14.495,14.56,14.405,14.54,5359600
2021-05-05T15:00:00Z,14.54,14.56,14.485,14.535,2655800
2021-05-05T16:00:00Z,14.535,14.575,14.52,14.555,2307200
2021-05-05T17:00:00Z,14.555,14.62,14.545,14.57,2488000
2021-05-05T18:00:00Z,14.57,14.62,14.565,14.615,1565000
2021-05-05T19:00:00Z,14.615,14.67,14.505,14.63,6906800
2021-05-06T13:00:00Z,14.615,14.715,14.545,14.575,4198600
2021-05-06T14:00:00Z,14.57,14.615,14.545,14.59,2691000
2021-05-06T15:00:00Z,14.59,14.61,14.56,14.59,4484600
2021-05-06T16:00:00Z,14.585,14.585,14.475,14.49,3932200
2021-05-06T17:00:00Z,14.495,14.55,14.49,14.54,2311800
2021-05-06T18:00:00Z,14.54,14.55,14.49,14.495,3786600
2021-05-06T19:00:00Z,14.495,14.62,14.49,14.58,7100800
2021-05-07T13:00:00Z,15,15.24,14.95,15.15,25535600
2021-05-07T14:00:00Z,15.145,15.215,15.075,15.095,6373400
2021-05-07T15:00:00Z,15.095,15.1,14.96,14.98,3105400
2021-05-07T16:00:00Z,14.98,15,14.925,14.935,2526400
2021-05-07T17:00:00Z,14.935,15,14.88,14.98,2689400
2021-05-07T18:00:00Z,14.98,14.99,14.89,14.95,3409000
2021-05-07T19:00:00Z,14.95,15.02,14.925,14.95,6940000
2021-05-10T13:00:00Z,15.02,15.15,14.95,15.02,6579200
2021-05-10T14:00:00Z,15.02,15.18,15.005,15.135,5108800
2021-05-10T15:00:00Z,15.145,15.22,15.11,15.205,2752600
2021-05-10T16:00:00Z,15.205,15.275,15.18,15.195,2837400
2021-05-10T17:00:00Z,15.2,15.22,15.155,15.21,1955200
2021-05-10T18:00:00Z,15.22,15.28,15.195,15.265,3349600
2021-05-10T19:00:00Z,15.27,15.27,15.13,15.13,4671400
2021-05-11T13:00:00Z,15.05,15.18,15.015,15.17,6131000
2021-05-11T14:00:00Z,15.175,15.18,15.085,15.15,2904600
2021-05-11T15:00:00Z,15.15,15.185,15.115,15.125,2076200
2021-05-11T16:00:00Z,15.13,15.15,15.09,15.12,1583200
2021-05-11T17:00:00Z,15.125,15.215,15.11,15.19,2058400
2021-05-11T18:00:00Z,15.185,15.205,15.14,15.185,2173200
2021-05-11T19:00:00Z,15.185,15.225,15.165,15.21,2596600
2021-05-12T13:00:00Z,15.175,15.36,15.135,15.325,4915600
2021-05-12T14:00:00Z,15.32,15.415,15.215,15.34,5696800
2021-05-12T15:00:00Z,15.34,15.365,15.225,15.255,2865600
2021-05-12T16:00:00Z,15.26,15.355,15.25,15.315,2448800
2021-05-12T17:00:00Z,15.31,15.325,15.235,15.255,1866000
2021-05-12T18:00:00Z,15.255,15.265,15.18,15.19,3198200
2021-05-12T19:00:00Z,15.19,15.2,15.09,15.19,4885600
2021-05-13T13:00:00Z,15.25,15.345,15.2,15.32,4458200
2021-05-13T14:00:00Z,15.33,15.475,15.305,15.42,5994200
2021-05-13T15:00:00Z,15.42,15.525,15.4,15.51,6718600
2021-05-13T16:00:00Z,15.515,15.59,15.475,15.59,5678000
2021-05-13T17:00:00Z,15.59,15.635,15.4,15.495,4935800
2021-05-13T18:00:00Z,15.495,15.675,15.495,15.65,7100200
2021-05-13T19:00:00Z,15.65,15.675,15.59,15.615,6086400
2021-05-14T13:00:00Z,15.8,15.865,15.69,15.735,4754000
2021-05-14T14:00:00Z,15.735,15.755,15.625,15.66,2735600
2021-05-14T15:00:00Z,15.655,15.67,15.59,15.61,2147800
2021-05-14T16:00:00Z,15.605,15.62,15.535,15.575,1747000
2021-05-14T17:00:00Z,15.57,15.575,15.48,15.51,3097400
2021-05-14T18:00:00Z,15.505,15.695,15.495,15.69,5246800
2021-05-14T19:00:00Z,15.695,15.7,15.59,15.61,2220400
2021-05-17T13:00:00Z,15.67,15.74,15.57,15.695,5696600
2021-05-17T14:00:00Z,15.69,15.705,15.66,15.68,2196000
2021-05-17T15:00:00Z,15.675,15.705,15.655,15.69,1791800
2021-05-17T16:00:00Z,15.695,15.8,15.68,15.76,3698800
2021-05-17T17:00:00Z,15.76,15.8,15.735,15.765,1381200
2021-05-17T18:00:00Z,15.765,15.9,15.75,15.89,3218200
2021-05-17T19:00:00Z,15.89,15.93,15.8,15.855,5240600
2021-05-18T13:00:00Z,15.855,16.155,15.855,16.04,8826600
2021-05-18T14:00:00Z,16.04,16.095,16.01,16.055,3876800
2021-05-18T15:00:00Z,16.06,16.095,16.035,16.075,2475600
2021-05-18T16:00:00Z,16.075,16.14,16.04,16.12,2556400
2021-05-18T17:00:00Z,16.125,16.185,16.11,16.125,2792400
2021-05-18T18:00:00Z,16.13,16.16,16.02,16.07,3187000
2021-05-18T19:00:00Z,16.07,16.145,16.055,16.075,3714800
2021-05-19T13:00:00Z,15.9,16.165,15.765,16.145,4644200
2021-05-19T14:00:00Z,16.14,16.24,16.05,16.225,5076000
2021-05-19T15:00:00Z,16.22,16.265,16.185,16.235,3060000
2021-05-19T16:00:00Z,16.235,16.29,16.225,16.26,2456400
2021-05-19T17:00:00Z,16.255,16.325,16.255,16.31,2597200
2021-05-19T18:00:00Z,16.31,16.375,16.25,16.31,4877000
2021-05-19T19:00:00Z,16.31,16.4,16.285,16.365,4181000
2021-05-20T13:00:00Z,16.375,16.4,16.28,16.36,6172000
2021-05-20T14:00:00Z,16.36,16.39,16.3,16.33,8643000
2021-05-20T15:00:00Z,16.33,16.365,16.325,16.325,2445600
2021-05-20T16:00:00Z,16.325,16.365,16.3,16.365,2204000
2021-05-20T17:00:00Z,16.36,16.46,16.335,16.43,2466600
2021-05-20T18:00:00Z,16.435,16.45,16.37,16.4,2591000
2021-05-20T19:00:00Z,16.395,16.465,16.37,16.455,4335800
2021-05-21T13:00:00Z,16.5,16.5,16.35,16.405,4915200
2021-05-21T14:00:00Z,16.405,16.61,16.375,16.575,6062200
2021-05-21T15:00:00Z,16.57,16.595,16.48,16.5,3310600
2021-05-21T16:00:00Z,16.505,16.55,16.485,16.52,2449000
2021-05-21T17:00:00Z,16.52,16.545,16.455,16.475,2935400
2021-05-21T18:00:00Z,16.475,16.54,16.465,16.515,2462200
2021-05-21T19:00:00Z,16.52,16.59,16.515,16.57,4338800
2021-05-24T13:00:00Z,16.47,16.515,16.39,16.475,4007800
2021-05-24T14:00:00Z,16.49,16.49,16.4,16.45,1993800
2021-05-24T15:00:00Z,16.45,16.46,16.415,16.435,2054200
2021-05-24T16:00:00Z,16.435,16.475,16.41,16.45,6391000
2021-05-24T17:00:00Z,16.445,16.48,16.435,16.465,1495200
2021-05-24T18:00:00Z,16.46,16.49,16.425,16.43,2443200
2021-05-24T19:00:00Z,16.425,16.475,16.425,16.455,2296000
2021-05-25T13:00:00Z,16.47,16.51,16.395,16.425,2840200
2021-05-25T14:00:00Z,16.42,16.45,16.3,16.375,3678000
2021-05-25T15:00:00Z,16.375,16.375,16.265,16.33,1999200
2021-05-25T16:00:00Z,16.33,16.38,16.315,16.325,1413400
2021-05-25T17:00:00Z,16.33,16.345,16.27,16.285,1573400
2021-05-25T18:00:00Z,16.285,16.32,16.22,16.22,2091200
2021-05-25T19:00:00Z,16.23,16.23,16.105,16.19,3807400
2021-05-26T13:00:00Z,16.295,16.445,16.13,16.385,14967800
2021-05-26T14:00:00Z,16.39,16.425,16.36,16.4,2329600
2021-05-26T15:00:00Z,16.405,16.42,16.32,16.325,1667400
2021-05-26T16:00:00Z,16.34,16.34,16.235,16.34,1717400
2021-05-26T17:00:00Z,16.345,16.35,16.265,16.305,1605000
2021-05-26T18:00:00Z,16.31,16.44,16.295,16.415,2972000
2021-05-26T19:00:00Z,16.415,16.545,16.415,16.425,5047000
2021-05-27T13:00:00Z,16.47,16.55,16.37,16.505,2414000
2021-05-27T14:00:00Z,16.5,16.54,16.345,16.395,2469800
2021-05-27T15:00:00Z,16.39,16.48,16.35,16.425,2452200
2021-05-27T16:00:00Z,16.415,16.49,16.405,16.48,2515000
2021-05-27T17:00:00Z,16.48,16.595,16.45,16.59,4892600
2021-05-27T18:00:00Z,16.59,16.695,16.575,16.685,5150400
2021-05-27T19:00:00Z,16.685,16.8,16.625,16.725,8026200
2021-05-28T13:00:00Z,16.675,16.83,16.65,16.775,4109400
2021-05-28T14:00:00Z,16.78,16.79,16.665,16.71,1476200
2021-05-28T15:00:00Z,16.715,16.765,16.695,16.74,769400
2021-05-28T16:00:00Z,16.74,16.75,16.7,16.73,940400
2021-05-28T17:00:00Z,16.73,16.75,16.7,16.71,1147000
2021-05-28T18:00:00Z,16.705,16.745,16.61,16.65,2861200
2021-05-28T19:00:00Z,16.65,16.72,16.6,16.705,2954000
2021-05-31T13:00:00Z,16.755,16.9,16.705,16.83,2289600
2021-05-31T14:00:00Z,16.83,16.835,16.72,16.725,1966600
2021-05-31T15:00:00Z,16.725,16.795,16.71,16.735,1604200
2021-05-31T16:00:00Z,16.735,16.77,16.675,16.74,1065400
2021-05-31T17:00:00Z,16.75,16.78,16.74,16.745,1050800
2021-05-31T18:00:00Z,16.75,16.8,16.73,16.775,1377600
2021-05-31T19:00:00Z,16.775,16.78,16.725,16.75,1961600
2021-06-01T13:00:00Z,16.9,16.98,16.825,16.875,3426200
2021-06-01T14:00:00Z,16.88,16.98,16.815,16.98,3196600
2021-06-01T15:00:00Z,16.975,16.99,16.89,16.915,1821200
2021-06-01T16:00:00Z,16.915,16.95,16.905,16.93,1366000
2021-06-01T17:00:00Z,16.93,16.975,16.91,16.96,1950600
2021-06-01T18:00:00Z,16.965,16.995,16.94,16.95,2467600
2021-06-01T19:00:00Z,16.95,17.01,16.75,16.875,4987800
2021-06-02T13:00:00Z,16.995,17.22,16.98,17.19,5242200
2021-06-02T14:00:00Z,17.195,17.2,17.105,17.15,2774600
2021-06-02T15:00:00Z,17.16,17.195,17.15,17.185,1970400
2021-06-02T16:00:00Z,17.185,17.27,17.165,17.25,3461200
2021-06-02T17:00:00Z,17.255,17.345,17.25,17.335,3728200
2021-06-02T18:00:00Z,17.33,17.665,17.33,17.6,11749600
2021-06-02T19:00:00Z,17.6,17.685,17.55,17.6,21495400
2021-06-04T13:00:00Z,17.5,17.72,17.465,17.72,4947800
2021-06-04T14:00:00Z,17.71,17.765,17.63,17.735,4564200
2021-06-04T15:00:00Z,17.735,17.86,17.725,17.85,3471800
2021-06-04T16:00:00Z,17.845,17.855,17.775,17.805,2518400
2021-06-04T17:00:00Z,17.805,17.845,17.73,17.845,2612800
2021-06-04T18:00:00Z,17.845,17.895,17.805,17.86,3199600
2021-06-04T19:00:00Z,17.865,17.92,17.855,17.875,5021400
2021-06-07T13:00:00Z,17.885,18.08,17.75,17.97,7319000
2021-06-07T14:00:00Z,17.96,18.08,17.855,18.08,5286800
2021-06-07T15:00:00Z,18.08,18.18,18.025,18.175,4880800
2021-06-07T16:00:00Z,18.18,18.345,18.14,18.325,5532400
2021-06-07T17:00:00Z,18.325,18.36,18.25,18.31,4999400
2021-06-07T18:00:00Z,18.31,18.375,18.245,18.335,5684400
2021-06-07T19:00:00Z,18.335,18.345,18.245,18.28,7616200
2021-06-08T13:00:00Z,18.2,18.215,17.885,17.975,8595200
2021-06-08T14:00:00Z,17.975,18.05,17.935,18,4925200
2021-06-08T15:00:00Z,18,18.335,17.95,18.29,10185400
2021-06-08T16:00:00Z,18.285,18.32,18.115,18.18,3211200
2021-06-08T17:00:00Z,18.175,18.255,18.16,18.24,2332200
2021-06-08T18:00:00Z,18.24,18.25,18.07,18.16,4713200
2021-06-08T19:00:00Z,18.16,18.225,18.12,18.175,4432800
2021-06-09T13:00:00Z,18.1,18.105,17.49,18.055,8806000
2021-06-09T14:00:00Z,18.055,18.09,17.935,17.975,4579200
2021-06-09T15:00:00Z,17.97,18.145,17.97,18.12,4567400
2021-06-09T16:00:00Z,18.12,18.18,17.99,18.065,4539600
2021-06-09T17:00:00Z,18.065,18.18,17.925,17.97,2701200
2021-06-09T18:00:00Z,17.97,18,17.8,17.8,6726200
2021-06-09T19:00:00Z,17.8,17.875,17.735,17.785,7690200
2021-06-10T13:00:00Z,17.925,18.09,17.835,17.86,5462800
2021-06-10T14:00:00Z,17.855,17.96,17.785,17.84,4278200
2021-06-10T15:00:00Z,17.845,17.925,17.795,17.9,2449000
2021-06-10T16:00:00Z,17.895,17.905,17.765,17.825,1763000
2021-06-10T17:00:00Z,17.82,17.93,17.82,17.895,2214000
2021-06-10T18:00:00Z,17.895,17.965,17.845,17.885,1935000
2021-06-10T19:00:00Z,17.88,17.9,17.785,17.785,2314200
2021-06-11T13:00:00Z,17.8,17.8,17.61,17.67,3895200
2021-06-11T14:00:00Z,17.665,17.735,17.58,17.625,3126400
2021-06-11T15:00:00Z,17.625,17.67,17.555,17.645,1681000
2021-06-11T16:00:00Z,17.64,17.66,17.52,17.65,2293600
2021-06-11T17:00:00Z,17.65,17.725,17.61,17.72,1614600
2021-06-11T18:00:00Z,17.715,17.72,17.605,17.64,2273600
2021-06-11T19:00:00Z,17.64,17.715,17.585,17.695,2735600
2021-06-14T13:00:00Z,17.845,17.92,17.765,17.845,3394000
2021-06-14T14:00:00Z,17.855,17.915,17.77,17.905,2390000
2021-06-14T15:00:00Z,17.91,17.91,17.795,17.865,1580000
2021-06-14T16:00:00Z,17.855,17.87,17.79,17.845,1418000
2021-06-14T17:00:00Z,17.845,17.845,17.775,17.815,2092400
2021-06-14T18:00:00Z,17.815,17.82,17.7,17.77,2209800
2021-06-14T19:00:00Z,17.78,17.855,17.67,17.8,4029000
2021-06-15T13:00:00Z,17.905,17.905,17.525,17.705,4738200
2021-06-15T14:00:00Z,17.7,17.74,17.63,17.7,3024000
2021-06-15T15:00:00Z,17.695,17.695,17.615,17.65,2119600
2021-06-15T16:00:00Z,17.645,17.66,17.595,17.66,2166400
2021-06-15T17:00:00Z,17.655,17.77,17.62,17.765,2908200
2021-06-15T18:00:00Z,17.755,17.825,17.71,17.76,2093400
2021-06-15T19:00:00Z,17.755,17.8,17.725,17.725,2011600
2021-06-16T13:00:00Z,17.8,17.88,17.745,17.75,2713600
2021-06-16T14:00:00Z,17.745,17.82,17.7,17.805,1770400
2021-06-16T15:00:00Z,17.805,17.83,17.755,17.8,1078400
2021-06-16T16:00:00Z,17.805,18.05,17.8,18.05,4207600
2021-06-16T17:00:00Z,18.05,18.065,17.88,17.94,5136400
2021-06-16T18:00:00Z,17.94,17.94,17.7,17.795,7516800
2021-06-16T19:00:00Z,17.79,18,17.73,17.925,7084800
2021-06-17T13:00:00Z,17.915,18.11,17.875,17.975,7522200
2021-06-17T14:00:00Z,17.975,18.02,17.835,17.885,4314400
2021-06-17T15:00:00Z,17.88,17.905,17.71,17.715,4516400
2021-06-17T16:00:00Z,17.72,17.735,17.565,17.65,4210200
2021-06-17T17:00:00Z,17.65,17.715,17.6,17.69,4210000
2021-06-17T18:00:00Z,17.69,17.715,17.42,17.445,4967200
2021-06-17T19:00:00Z,17.45,17.515,17.395,17.45,5707000
2021-06-18T13:00:00Z,17.46,17.515,17.12,17.275,4885800
2021-06-18T14:00:00Z,17.265,17.355,17.205,17.28,2884400
2021-06-18T15:00:00Z,17.28,17.32,17.255,17.285,1595600
2021-06-18T16:00:00Z,17.28,17.325,17.255,17.295,2290400
2021-06-18T17:00:00Z,17.3,17.425,17.235,17.38,5484400
2021-06-18T18:00:00Z,17.375,17.475,17.29,17.295,5016000
2021-06-18T19:00:00Z,17.295,17.46,17.195,17.295,5494200
2021-06-21T13:00:00Z,17.38,17.465,17.26,17.35,4034400
2021-06-21T14:00:00Z,17.34,17.475,17.32,17.33,3499000
2021-06-21T15:00:00Z,17.325,17.345,17.275,17.305,1909200
2021-06-21T16:00:00Z,17.3,17.325,17.24,17.255,1665400
2021-06-21T17:00:00Z,17.255,17.325,17.215,17.3,2663200
2021-06-21T18:00:00Z,17.31,17.38,17.3,17.34,2257000
2021-06-21T19:00:00Z,17.335,17.365,17.295,17.355,2368800
2021-06-22T13:00:00Z,17.315,17.36,16.975,16.975,6595200
2021-06-22T14:00:00Z,16.975,17.025,16.93,16.945,5285200
2021-06-22T15:00:00Z,16.945,17.015,16.935,16.955,3453000
2021-06-22T16:00:00Z,16.955,16.96,16.85,16.945,4335000
2021-06-22T17:00:00Z,16.945,16.955,16.78,16.81,3616800
2021-06-22T18:00:00Z,16.81,16.825,16.775,16.79,3887400
2021-06-22T19:00:00Z,16.79,16.975,16.78,16.925,6895000
2021-06-23T13:00:00Z,16.945,17.135,16.85,17.125,4489000
2021-06-23T14:00:00Z,17.14,17.16,17.075,17.135,3793800
2021-06-23T15:00:00Z,17.13,17.175,17.06,17.065,1872400
2021-06-23T16:00:00Z,17.065,17.09,16.96,16.97,2034600
2021-06-23T17:00:00Z,16.97,17.03,16.965,17,1440400
2021-06-23T18:00:00Z,17,17.02,16.9,16.975,1686400
2021-06-23T19:00:00Z,16.97,17.05,16.9,16.925,5261400
2021-06-24T13:00:00Z,17.075,17.11,16.975,17.03,2216400
2021-06-24T14:00:00Z,17.02,17.06,16.905,17.01,2757000
2021-06-24T15:00:00Z,17.005,17.06,16.91,17.06,1472600
2021-06-24T16:00:00Z,17.06,17.08,16.97,17.015,1394800
2021-06-24T17:00:00Z,17.01,17.075,17.01,17.035,1445000
2021-06-24T18:00:00Z,17.04,17.055,16.95,16.98,1139800
2021-06-24T19:00:00Z,16.975,17.015,16.935,17,2262600
2021-06-25T13:00:00Z,17.04,17.085,16.91,16.915,1627800
2021-06-25T14:00:00Z,16.915,16.94,16.71,16.76,2403000
2021-06-25T15:00:00Z,16.76,16.775,16.645,16.735,2509000
2021-06-25T16:00:00Z,16.725,16.73,16.68,16.695,1195200
2021-06-25T17:00:00Z,16.69,16.705,16.58,16.665,4716800
2021-06-25T18:00:00Z,16.66,16.67,16.43,16.46,3677400
2021-06-25T19:00:00Z,16.455,16.59,16.405,16.525,5233200
2021-06-28T13:00:00Z,16.465,16.59,16.36,16.43,5955600
2021-06-28T14:00:00Z,16.43,16.45,16.29,16.32,6029600
2021-06-28T15:00:00Z,16.32,16.34,16.18,16.26,3118600
2021-06-28T16:00:00Z,16.255,16.285,16.145,16.245,3751000
2021-06-28T17:00:00Z,16.245,16.285,16.135,16.26,3616400
2021-06-28T18:00:00Z,16.255,16.275,16.16,16.265,2960400
2021-06-28T19:00:00Z,16.265,16.365,16.215,16.355,4846400
2021-06-29T13:00:00Z,16.35,16.365,16.11,16.125,4232200
2021-06-29T14:00:00Z,16.125,16.245,16.12,16.225,2085600
2021-06-29T15:00:00Z,16.235,16.385,16.2,16.225,2586000
2021-06-29T16:00:00Z,16.225,16.275,16.155,16.195,1299400
2021-06-29T17:00:00Z,16.2,16.255,16.155,16.225,2675200
2021-06-29T18:00:00Z,16.225,16.265,16.18,16.24,2574800
2021-06-29T19:00:00Z,16.235,16.3,16.215,16.22,2652000
2021-06-30T13:00:00Z,16.185,16.26,16.11,16.195,1857400
2021-06-30T14:00:00Z,16.195,16.235,16.11,16.135,2354600
2021-06-30T15:00:00Z,16.135,16.175,16.055,16.125,1583400
2021-06-30T16:00:00Z,16.125,16.19,16.1,16.135,714000
2021-06-30T17:00:00Z,16.14,16.14,16.08,16.105,1372400
2021-06-30T18:00:00Z,16.1,16.15,16.075,16.085,1328200
2021-06-30T19:00:00Z,16.08,16.1,16.025,16.06,3324200
2021-07-01T13:00:00Z,16.11,16.175,16.005,16.08,3181000
2021-07-01T14:00:00Z,16.08,16.1,16.01,16.075,2299600
2021-07-01T15:00:00Z,16.07,16.09,15.89,15.945,3044400
2021-07-01T16:00:00Z,15.94,15.97,15.895,15.92,1689000
2021-07-01T17:00:00Z,15.915,15.93,15.855,15.875,2091600
2021-07-01T18:00:00Z,15.875,15.965,15.865,15.88,3304000
2021-07-01T19:00:00Z,15.875,15.945,15.865,15.89,3715200
2021-07-02T13:00:00Z,15.975,16.22,15.97,16.035,4652800
2021-07-02T14:00:00Z,16.04,16.09,15.92,16.06,2999800
2021-07-02T15:00:00Z,16.06,16.085,16.015,16.04,1019400
2021-07-02T16:00:00Z,16.035,16.045,16,16.025,702400
2021-07-02T17:00:00Z,16.025,16.115,16.01,16.095,1157400
2021-07-02T18:00:00Z,16.09,16.19,16.09,16.125,2135800
2021-07-02T19:00:00Z,16.12,16.135,16.06,16.12,2076000
2021-07-05T13:00:00Z,16.005,16.045,15.91,15.93,1570600
2021-07-05T14:00:00Z,15.93,15.995,15.925,15.95,1400800
2021-07-05T15:00:00Z,15.95,16.055,15.94,15.99,1509600
2021-07-05T16:00:00Z,15.985,16.04,15.985,16.01,1000600
2021-07-05T17:00:00Z,16.01,16.025,15.96,15.96,2780400
2021-07-05T18:00:00Z,15.96,16.045,15.935,16,1055600
2021-07-05T19:00:00Z,16,16.035,15.975,16.02,1569000
2021-07-06T13:00:00Z,15.9,15.92,15.795,15.855,2749800
2021-07-06T14:00:00Z,15.85,15.85,15.66,15.715,3115200
2021-07-06T15:00:00Z,15.71,15.84,15.66,15.825,1873800
2021-07-06T16:00:00Z,15.82,15.825,15.73,15.76,785000
2021-07-06T17:00:00Z,15.76,15.815,15.755,15.77,1547600
2021-07-06T18:00:00Z,15.765,15.765,15.68,15.75,1698800
2021-07-06T19:00:00Z,15.745,15.745,15.675,15.7,2385000
2021-07-07T13:00:00Z,15.865,15.865,15.685,15.73,2663000
2021-07-07T14:00:00Z,15.725,15.75,15.64,15.74,1865200
2021-07-07T15:00:00Z,15.74,15.835,15.74,15.81,2136400
2021-07-07T16:00:00Z,15.81,15.84,15.74,15.82,1476600
2021-07-07T17:00:00Z,15.815,15.94,15.775,15.935,2052800
2021-07-07T18:00:00Z,15.935,15.97,15.905,15.935,2028800
2021-07-07T19:00:00Z,15.94,15.95,15.91,15.92,2215800
2021-07-08T13:00:00Z,15.605,15.775,15.535,15.65,3776600
2021-07-08T14:00:00Z,15.655,15.74,15.55,15.71,5021800
2021-07-08T15:00:00Z,15.715,15.825,15.705,15.82,2484200
2021-07-08T16:00:00Z,15.82,15.825,15.755,15.795,1428600
2021-07-08T17:00:00Z,15.795,15.825,15.7,15.72,9435000
2021-07-08T18:00:00Z,15.725,15.8,15.695,15.79,3050800
2021-07-08T19:00:00Z,15.8,15.93,15.785,15.895,6443800
2021-07-12T13:00:00Z,16.01,16.18,15.99,16.075,2972000
2021-07-12T14:00:00Z,16.075,16.125,16.05,16.09,1606800
2021-07-12T15:00:00Z,16.095,16.145,16.06,16.13,1677800
2021-07-12T16:00:00Z,16.13,16.225,16.12,16.205,2050400
2021-07-12T17:00:00Z,16.21,16.3,16.175,16.275,2817800
2021-07-12T18:00:00Z,16.27,16.325,16.205,16.25,2157800
2021-07-12T19:00:00Z,16.26,16.295,16.21,16.255,2277600
2021-07-13T13:00:00Z,16.205,16.3,16.15,16.245,2415600
2021-07-13T14:00:00Z,16.245,16.28,16.075,16.105,2193600
2021-07-13T15:00:00Z,16.105,16.155,16.055,16.15,2064000
2021-07-13T16:00:00Z,16.15,16.19,16.105,16.14,1942000
2021-07-13T17:00:00Z,16.145,16.25,16.135,16.225,1547400
2021-07-13T18:00:00Z,16.235,16.29,16.2,16.21,1968000
2021-07-13T19:00:00Z,16.205,16.245,16.17,16.2,1367200
2021-07-14T13:00:00Z,16.395,16.71,16.28,16.495,7561200
2021-07-14T14:00:00Z,16.49,16.51,16.315,16.33,7085200
2021-07-14T15:00:00Z,16.33,16.435,16.23,16.27,5206800
2021-07-14T16:00:00Z,16.27,16.425,16.245,16.37,3381600
2021-07-14T17:00:00Z,16.375,16.425,16.34,16.36,1670600
2021-07-14T18:00:00Z,16.365,16.465,16.36,16.455,2538200
2021-07-14T19:00:00Z,16.465,16.47,16.36,16.375,2655800
2021-07-15T13:00:00Z,16.26,16.405,16.25,16.27,2088800
2021-07-15T14:00:00Z,16.275,16.345,16.235,16.285,1894000
2021-07-15T15:00:00Z,16.285,16.29,16.125,16.14,2467800
2021-07-15T16:00:00Z,16.135,16.19,16.115,16.155,1049000
2021-07-15T17:00:00Z,16.15,16.155,16.025,16.025,1404000
2021-07-15T18:00:00Z,16.025,16.11,15.98,16.055,1973600
2021-07-15T19:00:00Z,16.05,16.115,16.015,16.06,5476800
2021-07-16T13:00:00Z,16.15,16.195,16.025,16.185,2131000
2021-07-16T14:00:00Z,16.18,16.265,16.135,16.24,1834000
2021-07-16T15:00:00Z,16.245,16.245,16.135,16.16,874000
2021-07-16T16:00:00Z,16.155,16.185,16.1,16.145,940000
2021-07-16T17:00:00Z,16.145,16.16,16.085,16.1,1111200
2021-07-16T18:00:00Z,16.1,16.1,15.915,15.925,2881000
2021-07-16T19:00:00Z,15.925,15.965,15.86,15.925,3721400
2021-07-19T13:00:00Z,15.7,15.845,15.655,15.805,2865400
2021-07-19T14:00:00Z,15.8,15.845,15.71,15.73,1685000
2021-07-19T15:00:00Z,15.74,15.825,15.71,15.805,1643000
2021-07-19T16:00:00Z,15.81,15.81,15.67,15.715,1137200
2021-07-19T17:00:00Z,15.715,15.75,15.675,15.705,949600
2021-07-19T18:00:00Z,15.7,15.76,15.7,15.73,1793200
2021-07-19T19:00:00Z,15.725,15.79,15.71,15.76,2139800
2021-07-20T13:00:00Z,15.8,15.875,15.65,15.855,2352800
2021-07-20T14:00:00Z,15.855,15.92,15.83,15.875,1328200
2021-07-20T15:00:00Z,15.875,15.895,15.815,15.825,666600
2021-07-20T16:00:00Z,15.835,15.88,15.795,15.88,601800
2021-07-20T17:00:00Z,15.88,15.89,15.825,15.835,750000
2021-07-20T18:00:00Z,15.835,16.075,15.835,16.05,3076400
2021-07-20T19:00:00Z,16.055,16.09,15.995,16.05,3470800
2021-07-21T13:00:00Z,16.01,16.295,16.01,16.235,2703000
2021-07-21T14:00:00Z,16.235,16.275,16.14,16.275,6440400
2021-07-21T15:00:00Z,16.275,16.32,16.155,16.225,2770400
2021-07-21T16:00:00Z,16.225,16.235,16.175,16.205,758800
2021-07-21T17:00:00Z,16.205,16.235,16.195,16.205,1189400
2021-07-21T18:00:00Z,16.2,16.225,16.145,16.215,1948800
2021-07-21T19:00:00Z,16.215,16.235,16.175,16.215,2003800
2021-07-22T13:00:00Z,16.19,16.275,16.095,16.095,2523600
2021-07-22T14:00:00Z,16.1,16.125,16.045,16.055,1724000
2021-07-22T15:00:00Z,16.055,16.06,15.94,15.98,1831000
2021-07-22T16:00:00Z,15.98,16.045,15.975,16.025,910200
2021-07-22T17:00:00Z,16.035,16.06,15.975,16.055,1130800
2021-07-22T18:00:00Z,16.055,16.08,16.005,16.015,1255800
2021-07-22T19:00:00Z,16.02,16.03,15.985,16,1830400
2021-07-23T13:00:00Z,15.995,16.105,15.94,15.955,1995800
2021-07-23T14:00:00Z,15.96,16.035,15.91,15.995,1357000
2021-07-23T15:00:00Z,16,16,15.86,15.955,1158800
2021-07-23T16:00:00Z,15.95,15.98,15.875,15.88,750600
2021-07-23T17:00:00Z,15.88,15.95,15.865,15.935,545000
2021-07-23T18:00:00Z,15.935,15.935,15.81,15.865,1411800
2021-07-23T19:00:00Z,15.865,15.895,15.82,15.87,2214400
2021-07-26T13:00:00Z,15.87,16.145,15.87,16.145,3212000
2021-07-26T14:00:00Z,16.145,16.16,16.065,16.105,1028200
2021-07-26T15:00:00Z,16.115,16.15,16.08,16.085,982600
2021-07-26T16:00:00Z,16.095,16.135,16.07,16.1,857400
2021-07-26T17:00:00Z,16.105,16.11,16.055,16.095,1044400
2021-07-26T18:00:00Z,16.1,16.115,16.06,16.1,1339000
2021-07-26T19:00:00Z,16.095,16.11,16.06,16.11,1531200
2021-07-27T13:00:00Z,16.025,16.255,16.005,16.16,1951200
2021-07-27T14:00:00Z,16.165,16.22,16.09,16.22,1924200
2021-07-27T15:00:00Z,16.215,16.285,16.14,16.155,2638200
2021-07-27T16:00:00Z,16.155,16.175,16.11,16.14,1562600
2021-07-27T17:00:00Z,16.14,16.14,16.055,16.09,1371000
2021-07-27T18:00:00Z,16.09,16.19,16.08,16.17,1574400
2021-07-27T19:00:00Z,16.175,16.2,16.105,16.185,1823600
2021-07-28T13:00:00Z,16.285,16.4,16.25,16.375,2250400
2021-07-28T14:00:00Z,16.37,16.39,16.23,16.27,1804800
2021-07-28T15:00:00Z,16.275,16.315,16.235,16.28,1626800
2021-07-28T16:00:00Z,16.28,16.35,16.255,16.35,1489200
2021-07-28T17:00:00Z,16.355,16.38,16.2,16.335,2423000
2021-07-28T18:00:00Z,16.335,16.45,16.295,16.43,3191400
2021-07-28T19:00:00Z,16.435,16.44,16.35,16.37,2607800
2021-07-29T13:00:00Z,16.45,16.465,16.165,16.17,3269400
2021-07-29T14:00:00Z,16.17,16.21,16.11,16.15,2037600
2021-07-29T15:00:00Z,16.155,16.26,16.125,16.22,1707400
2021-07-29T16:00:00Z,16.22,16.25,16.2,16.215,1502200
2021-07-29T17:00:00Z,16.215,16.235,16.17,16.175,1167800
2021-07-29T18:00:00Z,16.175,16.25,16.155,16.185,2073000
2021-07-29T19:00:00Z,16.18,16.205,16.14,16.165,1725200
2021-07-30T13:00:00Z,16.025,16.275,15.94,16.19,2686800
2021-07-30T14:00:00Z,16.19,16.235,16.02,16.06,2176200
2021-07-30T15:00:00Z,16.055,16.16,16.04,16.075,1222200
2021-07-30T16:00:00Z,16.08,16.115,16.005,16.025,989200
2021-07-30T17:00:00Z,16.025,16.04,15.955,15.99,1389400
2021-07-30T18:00:00Z,15.995,16,15.84,15.84,2554600
2021-07-30T19:00:00Z,15.835,15.885,15.725,15.785,9098400
2021-08-02T13:00:00Z,15.99,16.36,15.975,16.335,5881200
2021-08-02T14:00:00Z,16.34,16.375,16.205,16.255,4225200
2021-08-02T15:00:00Z,16.26,16.395,16.205,16.25,3502600
2021-08-02T16:00:00Z,16.25,16.275,16.17,16.24,1998400
2021-08-02T17:00:00Z,16.24,16.27,16.195,16.265,1475200
2021-08-02T18:00:00Z,16.26,16.275,16.15,16.15,1685800
2021-08-02T19:00:00Z,16.155,16.2,16.015,16.075,2664000
2021-08-03T13:00:00Z,16.115,16.165,15.735,15.785,3948400
2021-08-03T14:00:00Z,15.77,15.865,15.71,15.8,2954800
2021-08-03T15:00:00Z,15.795,15.94,15.795,15.92,1578000
2021-08-03T16:00:00Z,15.93,15.965,15.88,15.93,1321200
2021-08-03T17:00:00Z,15.945,16.01,15.905,15.905,1594600
2021-08-03T18:00:00Z,15.91,15.98,15.9,15.95,1040800
2021-08-03T19:00:00Z,15.95,16.055,15.92,15.94,2012200
2021-08-04T13:00:00Z,15.88,15.925,15.725,15.77,3050800
2021-08-04T14:00:00Z,15.77,15.77,15.64,15.705,2737800
2021-08-04T15:00:00Z,15.705,15.745,15.575,15.62,2421200
2021-08-04T16:00:00Z,15.62,15.685,15.605,15.665,1097600
2021-08-04T17:00:00Z,15.665,15.745,15.655,15.735,1473200
2021-08-04T18:00:00Z,15.735,15.795,15.66,15.705,1848800
2021-08-04T19:00:00Z,15.715,15.76,15.675,15.7,2194000
2021-08-05T13:00:00Z,16.025,16.275,15.89,15.945,12092000
2021-08-05T14:00:00Z,15.945,15.995,15.775,15.885,4114800
2021-08-05T15:00:00Z,15.885,15.975,15.725,15.73,4323600
2021-08-05T16:00:00Z,15.725,15.73,15.605,15.665,3390800
2021-08-05T17:00:00Z,15.67,15.68,15.6,15.635,1941200
2021-08-05T18:00:00Z,15.64,15.66,15.41,15.49,4349400
2021-08-05T19:00:00Z,15.495,15.56,15.435,15.48,4194600
2021-08-06T13:00:00Z,15.535,15.78,15.45,15.55,4727800
2021-08-06T14:00:00Z,15.555,15.72,15.55,15.71,2902800
2021-08-06T15:00:00Z,15.715,15.935,15.71,15.925,3047400
2021-08-06T16:00:00Z,15.925,15.95,15.825,15.88,3244800
2021-08-06T17:00:00Z,15.88,15.94,15.845,15.86,2544600
2021-08-06T18:00:00Z,15.86,15.925,15.825,15.9,2180600
2021-08-06T19:00:00Z,15.9,15.95,15.875,15.91,2874000
2021-08-09T13:00:00Z,15.88,16.115,15.875,16.095,2580000
2021-08-09T14:00:00Z,16.09,16.125,15.84,15.895,4093600
2021-08-09T15:00:00Z,15.895,15.975,15.85,15.925,2092000
2021-08-09T16:00:00Z,15.92,15.945,15.87,15.9,1105600
2021-08-09T17:00:00Z,15.91,15.98,15.865,15.935,2089600
2021-08-09T18:00:00Z,15.93,15.955,15.885,15.89,1237600
2021-08-09T19:00:00Z,15.895,15.92,15.77,15.79,3210800
2021-08-10T13:00:00Z,15.795,16.04,15.655,15.7,4963600
2021-08-10T14:00:00Z,15.695,15.74,15.6,15.73,2558400
2021-08-10T15:00:00Z,15.74,15.75,15.615,15.62,3240200
2021-08-10T16:00:00Z,15.62,15.625,15.48,15.56,8888600
2021-08-10T17:00:00Z,15.565,15.565,15.435,15.5,8352000
2021-08-10T18:00:00Z,15.495,15.515,15.41,15.425,4145600
2021-08-10T19:00:00Z,15.425,15.44,15.37,15.385,9987000
2021-08-11T13:00:00Z,15.415,15.415,15.155,15.225,6235800
2021-08-11T14:00:00Z,15.225,15.235,15.115,15.235,4396200
2021-08-11T15:00:00Z,15.235,15.4,15.215,15.37,3669800
2021-08-11T16:00:00Z,15.37,15.4,15.3,15.32,3709200
2021-08-11T17:00:00Z,15.32,15.42,15.32,15.35,5541200
2021-08-11T18:00:00Z,15.345,15.4,15.31,15.35,12004800
2021-08-11T19:00:00Z,15.35,15.35,15.18,15.225,6855000
2021-08-12T13:00:00Z,15.215,15.27,14.925,15.03,8279800
2021-08-12T14:00:00Z,15.025,15.075,14.93,15,4646000
2021-08-12T15:00:00Z,15.005,15.04,14.965,14.985,2709200
2021-08-12T16:00:00Z,14.985,15.095,14.985,15.015,2764200
2021-08-12T17:00:00Z,15.02,15.045,14.945,14.97,11349600
2021-08-12T18:00:00Z,14.975,14.98,14.9,14.915,4850000
2021-08-12T19:00:00Z,14.92,14.925,14.8,14.835,5869200
2021-08-13T13:00:00Z,14.955,15.015,14.775,14.79,4924800
2021-08-13T14:00:00Z,14.785,14.84,14.665,14.77,4155000
2021-08-13T15:00:00Z,14.77,14.82,14.715,14.77,2487000
2021-08-13T16:00:00Z,14.77,14.79,14.715,14.735,3281600
2021-08-13T17:00:00Z,14.735,14.76,14.665,14.67,5373000
2021-08-13T18:00:00Z,14.675,14.705,14.595,14.685,23333800
2021-08-13T19:00:00Z,14.685,14.765,14.675,14.75,4765400
2021-08-16T13:00:00Z,14.74,15.025,14.725,14.765,7950600
2021-08-16T14:00:00Z,14.77,14.89,14.745,14.85,5154400
2021-08-16T15:00:00Z,14.85,14.865,14.75,14.85,3428400
2021-08-16T16:00:00Z,14.85,14.855,14.77,14.78,2076800
2021-08-16T17:00:00Z,14.78,14.84,14.76,14.78,2499600
2021-08-16T18:00:00Z,14.785,14.82,14.68,14.705,3916600
2021-08-16T19:00:00Z,14.705,14.76,14.685,14.695,4701000
2021-08-17T13:00:00Z,14.76,14.82,14.59,14.665,6406600
2021-08-17T14:00:00Z,14.665,14.845,14.66,14.735,3685600
2021-08-17T15:00:00Z,14.735,14.8,14.655,14.66,2036400
2021-08-17T16:00:00Z,14.66,14.695,14.54,14.555,4121800
2021-08-17T17:00:00Z,14.55,14.615,14.5,14.56,4825400
2021-08-17T18:00:00Z,14.56,14.595,14.505,14.575,3919200
2021-08-17T19:00:00Z,14.57,14.645,14.555,14.625,5017800
2021-08-18T13:00:00Z,14.705,14.86,14.635,14.845,5669400
2021-08-18T14:00:00Z,14.845,14.92,14.765,14.895,5794000
2021-08-18T15:00:00Z,14.89,14.965,14.85,14.87,4293600
2021-08-18T16:00:00Z,14.865,14.925,14.815,14.92,1849400
2021-08-18T17:00:00Z,14.925,15.045,14.91,14.955,4249400
2021-08-18T18:00:00Z,14.95,15.01,14.855,14.865,4061400
2021-08-18T19:00:00Z,14.87,14.91,14.725,14.795,3476400
2021-08-19T13:00:00Z,14.615,14.955,14.56,14.885,6020800
2021-08-19T14:00:00Z,14.895,14.935,14.77,14.82,3264600
2021-08-19T15:00:00Z,14.82,14.845,14.77,14.79,2198800
2021-08-19T16:00:00Z,14.79,14.91,14.79,14.885,2605000
2021-08-19T17:00:00Z,14.885,14.945,14.825,14.86,2836000
2021-08-19T18:00:00Z,14.86,14.88,14.8,14.815,3048600
2021-08-19T19:00:00Z,14.82,14.86,14.775,14.785,2931200
2021-08-20T13:00:00Z,14.74,14.775,14.67,14.73,3283000
2021-08-20T14:00:00Z,14.73,14.805,14.71,14.755,2710400
2021-08-20T15:00:00Z,14.755,14.85,14.745,14.815,2089200
2021-08-20T16:00:00Z,14.815,14.925,14.805,14.84,2770600
2021-08-20T17:00:00Z,14.84,14.855,14.81,14.85,2565800
2021-08-20T18:00:00Z,14.85,14.875,14.805,14.84,2302400
2021-08-20T19:00:00Z,14.84,14.88,14.82,14.86,2935400
2021-08-23T13:00:00Z,14.87,15.035,14.87,14.98,5359400
2021-08-23T14:00:00Z,14.99,15.015,14.855,14.92,3680000
2021-08-23T15:00:00Z,14.92,14.93,14.825,14.845,2344000
2021-08-23T16:00:00Z,14.85,14.91,14.825,14.88,2179000
2021-08-23T17:00:00Z,14.88,14.955,14.87,14.95,8598000
2021-08-23T18:00:00Z,14.94,14.995,14.93,14.975,7694400
2021-08-23T19:00:00Z,14.985,15.05,14.97,15.01,5160000
2021-08-24T13:00:00Z,15.17,15.295,15.06,15.185,8670600
2021-08-24T14:00:00Z,15.18,15.35,15.15,15.335,8831000
2021-08-24T15:00:00Z,15.34,15.38,15.305,15.32,2228200
2021-08-24T16:00:00Z,15.32,15.36,15.28,15.28,1945000
2021-08-24T17:00:00Z,15.285,15.315,15.235,15.245,3117200
2021-08-24T18:00:00Z,15.245,15.365,15.24,15.345,1932800
2021-08-24T19:00:00Z,15.345,15.375,15.295,15.3,2691400
2021-08-25T13:00:00Z,15.235,15.255,15.065,15.155,4125000
2021-08-25T14:00:00Z,15.155,15.21,15.095,15.095,2117400
2021-08-25T15:00:00Z,15.095,15.15,15.075,15.105,1870400
2021-08-25T16:00:00Z,15.1,15.14,15.07,15.11,993800
2021-08-25T17:00:00Z,15.11,15.17,15.085,15.155,1638600
2021-08-25T18:00:00Z,15.16,15.225,15.125,15.19,1727000
2021-08-25T19:00:00Z,15.19,15.255,15.185,15.2,2717600
2021-08-26T13:00:00Z,15.16,15.25,15.14,15.205,2179200
2021-08-26T14:00:00Z,15.205,15.295,15.205,15.25,1936600
2021-08-26T15:00:00Z,15.25,15.25,15.105,15.15,2034000
2021-08-26T16:00:00Z,15.145,15.16,15.055,15.135,1886400
2021-08-26T17:00:00Z,15.13,15.165,15.085,15.09,1222800
2021-08-26T18:00:00Z,15.095,15.11,15.05,15.07,1545600
2021-08-26T19:00:00Z,15.07,15.12,15.015,15.045,2487600
2021-08-27T13:00:00Z,15.155,15.155,15,15.13,3264400
2021-08-27T14:00:00Z,15.125,15.225,15.11,15.2,1576600
2021-08-27T15:00:00Z,15.205,15.3,15.155,15.27,1483000
2021-08-27T16:00:00Z,15.27,15.295,15.23,15.265,946800
2021-08-27T17:00:00Z,15.26,15.27,15.2,15.245,1108600
2021-08-27T18:00:00Z,15.24,15.265,15.2,15.21,1280800
2021-08-27T19:00:00Z,15.21,15.25,15.17,15.245,1474400
2021-08-30T13:00:00Z,15.24,15.295,15.17,15.205,2922800
2021-08-30T14:00:00Z,15.2,15.235,15.15,15.225,1731000
2021-08-30T15:00:00Z,15.23,15.235,15.205,15.215,721200
2021-08-30T16:00:00Z,15.22,15.255,15.16,15.17,1432600
2021-08-30T17:00:00Z,15.17,15.18,15.08,15.095,1382600
2021-08-30T18:00:00Z,15.095,15.135,15.075,15.125,1137800
2021-08-30T19:00:00Z,15.125,15.13,15.07,15.105,1864200
2021-08-31T13:00:00Z,15.15,15.44,15.12,15.29,5816600
2021-08-31T14:00:00Z,15.295,15.45,15.28,15.41,3541800
2021-08-31T15:00:00Z,15.405,15.44,15.315,15.33,1807200
2021-08-31T16:00:00Z,15.325,15.395,15.165,15.165,3021400
2021-08-31T17:00:00Z,15.165,15.22,15.12,15.155,2386400
2021-08-31T18:00:00Z,15.155,15.2,15.12,15.19,2673200
2021-08-31T19:00:00Z,15.185,15.195,15.13,15.155,2713000
2021-09-01T13:00:00Z,15.26,15.41,15.19,15.31,3489200
2021-09-01T14:00:00Z,15.315,15.38,15.295,15.34,1297000
2021-09-01T15:00:00Z,15.345,15.35,15.22,15.265,1295400
2021-09-01T16:00:00Z,15.26,15.31,15.245,15.255,1046200
2021-09-01T17:00:00Z,15.25,15.345,15.24,15.31,1037000
2021-09-01T18:00:00Z,15.305,15.34,15.23,15.235,1050800
2021-09-01T19:00:00Z,15.235,15.28,15.21,15.24,2735400
2021-09-02T13:00:00Z,15.15,15.225,14.855,14.915,6976600
2021-09-02T14:00:00Z,14.91,14.995,14.9,14.955,3415800
2021-09-02T15:00:00Z,14.96,14.975,14.885,14.905,1664600
2021-09-02T16:00:00Z,14.905,14.93,14.855,14.875,1838400
2021-09-02T17:00:00Z,14.87,14.905,14.78,14.785,2848000
2021-09-02T18:00:00Z,14.785,14.805,14.68,14.71,3266000
2021-09-02T19:00:00Z,14.705,14.71,14.56,14.6,6501400
2021-09-03T13:00:00Z,14.695,14.76,14.58,14.61,3758000
2021-09-03T14:00:00Z,14.61,14.615,14.44,14.5,3780000
2021-09-03T15:00:00Z,14.505,14.53,14.385,14.455,2887400
2021-09-03T16:00:00Z,14.455,14.485,14.425,14.44,1759600
2021-09-03T17:00:00Z,14.44,14.46,14.4,14.415,1447200
2021-09-03T18:00:00Z,14.415,14.57,14.405,14.565,3959800
2021-09-03T19:00:00Z,14.56,14.56,14.48,14.51,3834600
2021-09-06T13:00:00Z,14.56,14.655,14.5,14.59,2029000
2021-09-06T14:00:00Z,14.585,14.725,14.56,14.695,1899200
2021-09-06T15:00:00Z,14.7,14.715,14.645,14.685,1249200
2021-09-06T16:00:00Z,14.685,14.765,14.675,14.735,1175000
2021-09-06T17:00:00Z,14.735,14.795,14.72,14.765,1220800
2021-09-06T18:00:00Z,14.765,14.775,14.725,14.76,1067000
2021-09-06T19:00:00Z,14.765,14.84,14.675,14.78,2185400
2021-09-08T13:00:00Z,14.67,14.69,14.49,14.515,3912600
2021-09-08T14:00:00Z,14.51,14.56,14.3,14.41,3462800
2021-09-08T15:00:00Z,14.41,14.47,14.325,14.44,2431600
2021-09-08T16:00:00Z,14.44,14.475,14.35,14.415,2549800
2021-09-08T17:00:00Z,14.415,14.43,14.33,14.385,2232400
2021-09-08T18:00:00Z,14.395,14.415,14.33,14.34,2491400
2021-09-08T19:00:00Z,14.335,14.345,14.16,14.21,6233200
2021-09-09T13:00:00Z,14.275,14.365,14.125,14.24,3955200
2021-09-09T14:00:00Z,14.24,14.32,14.2,14.245,2455000
2021-09-09T15:00:00Z,14.245,14.26,14.08,14.145,2347600
2021-09-09T16:00:00Z,14.145,14.325,14.145,14.27,2610200
2021-09-09T17:00:00Z,14.26,14.28,14.15,14.175,3651000
2021-09-09T18:00:00Z,14.175,14.2,14.12,14.17,1984800
2021-09-09T19:00:00Z,14.165,14.65,14.09,14.55,7808600
2021-09-10T13:00:00Z,14.745,14.95,14.68,14.725,10423200
2021-09-10T14:00:00Z,14.725,14.765,14.63,14.735,4145200
2021-09-10T15:00:00Z,14.745,14.845,14.735,14.785,3176000
2021-09-10T16:00:00Z,14.785,14.87,14.76,14.845,2299600
2021-09-10T17:00:00Z,14.845,14.855,14.66,14.72,4069200
2021-09-10T18:00:00Z,14.72,14.72,14.655,14.69,2923200
2021-09-10T19:00:00Z,14.685,14.695,14.57,14.62,4099000
2021-09-13T13:00:00Z,14.86,14.86,14.7,14.8,2944400
2021-09-13T14:00:00Z,14.795,14.89,14.74,14.86,3362400
2021-09-13T15:00:00Z,14.865,14.96,14.83,14.94,2817800
2021-09-13T16:00:00Z,14.935,14.98,14.89,14.895,2900800
2021-09-13T17:00:00Z,14.9,14.925,14.85,14.87,1410800
2021-09-13T18:00:00Z,14.87,14.915,14.82,14.87,2432800
2021-09-13T19:00:00Z,14.875,14.875,14.79,14.82,2892000
2021-09-14T13:00:00Z,14.715,14.84,14.67,14.73,2740600
2021-09-14T14:00:00Z,14.73,14.77,14.685,14.69,2262000
2021-09-14T15:00:00Z,14.685,14.795,14.68,14.765,2167000
2021-09-14T16:00:00Z,14.765,14.79,14.715,14.72,949000
2021-09-14T17:00:00Z,14.72,14.745,14.68,14.69,1227800
2021-09-14T18:00:00Z,14.69,14.7,14.64,14.655,1760400
2021-09-14T19:00:00Z,14.65,14.655,14.545,14.595,2883800
2021-09-15T13:00:00Z,14.63,14.64,14.46,14.57,3290800
2021-09-15T14:00:00Z,14.58,14.595,14.46,14.49,1809200
2021-09-15T15:00:00Z,14.495,14.53,14.475,14.515,1267800
2021-09-15T16:00:00Z,14.51,14.56,14.48,14.545,1297200
2021-09-15T17:00:00Z,14.545,14.615,14.52,14.59,1624800
2021-09-15T18:00:00Z,14.595,14.615,14.545,14.555,2269200
2021-09-15T19:00:00Z,14.56,14.565,14.515,14.545,2415400
2021-09-16T13:00:00Z,14.465,14.565,14.415,14.43,4389400
2021-09-16T14:00:00Z,14.43,14.52,14.43,14.52,2684000
2021-09-16T15:00:00Z,14.51,14.545,14.48,14.525,3310800
2021-09-16T16:00:00Z,14.52,14.56,14.505,14.55,4177400
2021-09-16T17:00:00Z,14.545,14.64,14.525,14.62,2249200
2021-09-16T18:00:00Z,14.62,14.685,14.605,14.62,2326000
2021-09-16T19:00:00Z,14.61,14.81,14.605,14.725,7832200
2021-09-17T13:00:00Z,14.625,14.735,14.575,14.665,3409200
2021-09-17T14:00:00Z,14.665,14.77,14.525,14.58,6814400
2021-09-17T15:00:00Z,14.58,14.675,14.55,14.62,2209400
2021-09-17T16:00:00Z,14.625,14.63,14.555,14.56,2298000
2021-09-17T17:00:00Z,14.565,14.58,14.505,14.55,2528000
2021-09-17T18:00:00Z,14.545,14.61,14.51,14.585,6858800
2021-09-17T19:00:00Z,14.585,14.585,14.52,14.57,4632800
2021-09-20T13:00:00Z,14.16,14.285,14.13,14.19,5786600
2021-09-20T14:00:00Z,14.19,14.205,14.05,14.07,4423400
2021-09-20T15:00:00Z,14.075,14.11,13.925,13.965,5025200
2021-09-20T16:00:00Z,13.96,13.995,13.89,13.95,3526800
2021-09-20T17:00:00Z,13.95,14,13.92,13.97,2847000
2021-09-20T18:00:00Z,13.97,13.99,13.87,13.91,3633200
2021-09-20T19:00:00Z,13.905,14.075,13.88,14.05,4093200
2021-09-21T13:00:00Z,14.24,14.24,14.05,14.185,3601200
2021-09-21T14:00:00Z,14.185,14.275,14.14,14.175,3290400
2021-09-21T15:00:00Z,14.17,14.26,14.15,14.235,1448400
2021-09-21T16:00:00Z,14.23,14.315,14.215,14.23,2644600
2021-09-21T17:00:00Z,14.23,14.29,14.185,14.28,2799400
2021-09-21T18:00:00Z,14.285,14.36,14.28,14.33,6219400
2021-09-21T19:00:00Z,14.33,14.38,14.295,14.35,4535400
2021-09-22T13:00:00Z,14.5,14.625,14.45,14.56,9243600
2021-09-22T14:00:00Z,14.56,14.72,14.55,14.695,7173200
2021-09-22T15:00:00Z,14.695,14.815,14.69,14.795,4331000
2021-09-22T16:00:00Z,14.795,14.86,14.785,14.825,3230200
2021-09-22T17:00:00Z,14.83,14.895,14.8,14.845,3852400
2021-09-22T18:00:00Z,14.84,14.9,14.645,14.72,8550400
2021-09-22T19:00:00Z,14.72,14.81,14.695,14.72,4508000
2021-09-23T13:00:00Z,14.755,14.87,14.635,14.805,5297600
2021-09-23T14:00:00Z,14.81,14.86,14.75,14.785,4531000
2021-09-23T15:00:00Z,14.775,14.86,14.7,14.85,3802000
2021-09-23T16:00:00Z,14.86,14.87,14.76,14.795,4224600
2021-09-23T17:00:00Z,14.8,14.86,14.77,14.825,2757400
2021-09-23T18:00:00Z,14.83,14.835,14.755,14.78,4086200
2021-09-23T19:00:00Z,14.77,14.785,14.715,14.73,3642800
2021-09-24T13:00:00Z,14.635,14.715,14.61,14.695,1684000
2021-09-24T14:00:00Z,14.7,14.775,14.61,14.625,3571600
2021-09-24T15:00:00Z,14.625,14.655,14.585,14.645,4967000
2021-09-24T16:00:00Z,14.64,14.7,14.625,14.635,2909800
2021-09-24T17:00:00Z,14.635,14.665,14.6,14.655,1884000
2021-09-24T18:00:00Z,14.65,14.69,14.63,14.665,2045400
2021-09-24T19:00:00Z,14.67,14.71,14.63,14.66,4679800
2021-09-27T13:00:00Z,14.63,14.775,14.585,14.73,2566400
2021-09-27T14:00:00Z,14.73,14.92,14.73,14.885,5424800
2021-09-27T15:00:00Z,14.885,14.95,14.88,14.915,5185400
2021-09-27T16:00:00Z,14.905,14.985,14.9,14.975,4698800
2021-09-27T17:00:00Z,14.975,15.025,14.925,14.985,5605400
2021-09-27T18:00:00Z,14.99,15.015,14.83,14.92,5431200
2021-09-27T19:00:00Z,14.915,15.105,14.88,14.93,6395400
2021-09-28T13:00:00Z,14.805,15.1,14.78,15.015,6061000
2021-09-28T14:00:00Z,15.01,15.035,14.81,14.835,5476400
2021-09-28T15:00:00Z,14.84,14.885,14.8,14.845,1837600
2021-09-28T16:00:00Z,14.84,14.875,14.79,14.8,1530400
2021-09-28T17:00:00Z,14.805,14.81,14.595,14.595,4659000
2021-09-28T18:00:00Z,14.6,14.705,14.525,14.66,3633200
2021-09-28T19:00:00Z,14.655,14.74,14.63,14.65,6601200
2021-09-29T13:00:00Z,14.76,14.79,14.625,14.685,3914200
2021-09-29T14:00:00Z,14.685,14.83,14.675,14.7,3065400
2021-09-29T15:00:00Z,14.7,14.84,14.67,14.795,5417000
2021-09-29T16:00:00Z,14.795,14.815,14.73,14.75,2123000
2021-09-29T17:00:00Z,14.75,14.765,14.65,14.67,1895600
2021-09-29T18:00:00Z,14.675,14.76,14.64,14.68,2149400
2021-09-29T19:00:00Z,14.675,14.75,14.65,14.71,3284400
2021-09-30T13:00:00Z,14.8,14.8,14.66,14.71,3487800
2021-09-30T14:00:00Z,14.71,14.78,14.63,14.63,2580200
2021-09-30T15:00:00Z,14.63,14.685,14.545,14.6,2624400
2021-09-30T16:00:00Z,14.595,14.63,14.46,14.545,2220000
2021-09-30T17:00:00Z,14.54,14.58,14.5,14.515,1922400
2021-09-30T18:00:00Z,14.515,14.575,14.49,14.49,2062000
2021-09-30T19:00:00Z,14.49,14.57,14.45,14.5,3559600
2021-10-01T13:00:00Z,14.515,14.565,14.45,14.505,2403000
2021-10-01T14:00:00Z,14.505,14.645,14.505,14.62,2180000
2021-10-01T15:00:00Z,14.62,14.74,14.62,14.665,2622200
2021-10-01T16:00:00Z,14.665,14.69,14.64,14.645,996800
2021-10-01T17:00:00Z,14.645,14.795,14.63,14.78,4102000
2021-10-01T18:00:00Z,14.78,14.795,14.745,14.765,1844400
2021-10-01T19:00:00Z,14.765,14.79,14.735,14.765,3078200
2021-10-04T13:00:00Z,14.755,14.77,14.55,14.665,3698600
2021-10-04T14:00:00Z,14.665,14.74,14.46,14.495,3759400
2021-10-04T15:00:00Z,14.495,14.525,14.46,14.505,2279800
2021-10-04T16:00:00Z,14.5,14.535,14.465,14.5,1692200
2021-10-04T17:00:00Z,14.5,14.52,14.475,14.51,1471200
2021-10-04T18:00:00Z,14.505,14.545,14.485,14.54,1645800
2021-10-04T19:00:00Z,14.54,14.585,14.515,14.54,2734000
2021-10-05T13:00:00Z,14.65,14.815,14.595,14.79,10918600
2021-10-05T14:00:00Z,14.79,15.015,14.79,15,7897000
2021-10-05T15:00:00Z,15,15.24,14.985,15.235,8454400
2021-10-05T16:00:00Z,15.235,15.39,15.23,15.245,8095200
2021-10-05T17:00:00Z,15.245,15.315,15.19,15.245,5856000
2021-10-05T18:00:00Z,15.25,15.3,15.145,15.27,4984800
2021-10-05T19:00:00Z,15.275,15.335,15.19,15.205,7577800
2021-10-06T13:00:00Z,15.075,15.23,14.965,15.02,5864400
2021-10-06T14:00:00Z,15.01,15.055,14.915,15.05,3675200
2021-10-06T15:00:00Z,15.045,15.11,14.955,15.1,2252600
2021-10-06T16:00:00Z,15.1,15.165,15.045,15.15,4261800
2021-10-06T17:00:00Z,15.16,15.25,15.11,15.225,5555000
2021-10-06T18:00:00Z,15.225,15.35,15.215,15.34,3888400
2021-10-06T19:00:00Z,15.335,15.37,15.29,15.36,4068800
2021-10-07T13:00:00Z,15.365,15.54,15.215,15.275,4243800
2021-10-07T14:00:00Z,15.28,15.43,15.215,15.24,4094800
2021-10-07T15:00:00Z,15.245,15.245,15.105,15.205,2222800
2021-10-07T16:00:00Z,15.205,15.215,15.125,15.14,1531000
2021-10-07T17:00:00Z,15.14,15.155,15.09,15.115,1738800
2021-10-07T18:00:00Z,15.115,15.295,15.105,15.2,3177600
2021-10-07T19:00:00Z,15.2,15.3,15.175,15.21,4438600
2021-10-08T13:00:00Z,15.25,15.475,15.24,15.44,3374000
2021-10-08T14:00:00Z,15.445,15.525,15.435,15.505,3539800
2021-10-08T15:00:00Z,15.5,15.615,15.45,15.525,4634400
2021-10-08T16:00:00Z,15.53,15.585,15.46,15.525,3382400
2021-10-08T17:00:00Z,15.525,15.615,15.505,15.59,3670200
2021-10-08T18:00:00Z,15.58,15.6,15.47,15.485,2558600
2021-10-08T19:00:00Z,15.48,15.535,15.44,15.5,3063600
2021-10-11T13:00:00Z,15.53,15.59,15.37,15.515,2805600
2021-10-11T14:00:00Z,15.525,15.55,15.465,15.47,1541800
2021-10-11T15:00:00Z,15.465,15.53,15.45,15.515,1272400
2021-10-11T16:00:00Z,15.51,15.515,15.43,15.46,1305200
2021-10-11T17:00:00Z,15.455,15.46,15.32,15.33,1799800
2021-10-11T18:00:00Z,15.33,15.38,15.295,15.375,1923400
2021-10-11T19:00:00Z,15.37,15.39,15.305,15.39,3310800
2021-10-13T13:00:00Z,15.36,15.47,15.225,15.24,2679000
2021-10-13T14:00:00Z,15.235,15.295,15.17,15.265,2523000
2021-10-13T15:00:00Z,15.265,15.46,15.26,15.43,2183400
2021-10-13T16:00:00Z,15.43,15.445,15.355,15.44,2077200
2021-10-13T17:00:00Z,15.44,15.44,15.315,15.37,3019200
2021-10-13T18:00:00Z,15.375,15.485,15.365,15.42,2865200
2021-10-13T19:00:00Z,15.425,15.44,15.38,15.425,2551200
2021-10-14T13:00:00Z,15.49,15.57,15.39,15.465,5177400
2021-10-14T14:00:00Z,15.465,15.525,15.405,15.45,2455200
2021-10-14T15:00:00Z,15.445,15.47,15.33,15.335,2064400
2021-10-14T16:00:00Z,15.335,15.365,15.3,15.345,1478000
2021-10-14T17:00:00Z,15.345,15.43,15.345,15.385,2475000
2021-10-14T18:00:00Z,15.385,15.395,15.3,15.325,2206200
2021-10-14T19:00:00Z,15.32,15.39,15.275,15.305,3897600
2021-10-15T13:00:00Z,15.405,15.555,15.3,15.54,3430200
2021-10-15T14:00:00Z,15.55,15.775,15.525,15.685,6145200
2021-10-15T15:00:00Z,15.68,15.77,15.645,15.765,3617600
2021-10-15T16:00:00Z,15.77,15.77,15.685,15.74,2077200
2021-10-15T17:00:00Z,15.745,15.75,15.685,15.73,1285400
2021-10-15T18:00:00Z,15.73,15.775,15.71,15.74,1959000
2021-10-15T19:00:00Z,15.735,15.9,15.735,15.87,6207000
2021-10-18T13:00:00Z,15.625,15.725,15.57,15.695,4156600
2021-10-18T14:00:00Z,15.695,15.83,15.675,15.78,3061000
2021-10-18T15:00:00Z,15.785,15.92,15.75,15.915,3024000
2021-10-18T16:00:00Z,15.915,16.015,15.91,15.99,2041000
2021-10-18T17:00:00Z,15.985,16.1,15.975,16.085,3412800
2021-10-18T18:00:00Z,16.08,16.17,16.07,16.165,4271200
2021-10-18T19:00:00Z,16.165,16.185,16.075,16.125,7736800
2021-10-19T13:00:00Z,15.935,15.935,15.705,15.775,7541600
2021-10-19T14:00:00Z,15.77,15.82,15.685,15.725,3005600
2021-10-19T15:00:00Z,15.715,15.725,15.585,15.595,5712600
2021-10-19T16:00:00Z,15.59,15.6,15.535,15.555,4284400
2021-10-19T17:00:00Z,15.555,15.635,15.54,15.55,2972800
2021-10-19T18:00:00Z,15.555,15.56,15.31,15.345,9219200
2021-10-19T19:00:00Z,15.34,15.58,15.27,15.36,8357200
2021-10-20T13:00:00Z,15.5,15.53,15.275,15.335,3572000
2021-10-20T14:00:00Z,15.325,15.66,15.325,15.63,5002600
2021-10-20T15:00:00Z,15.635,15.77,15.615,15.625,3238600
2021-10-20T16:00:00Z,15.625,15.65,15.585,15.635,2191400
2021-10-20T17:00:00Z,15.635,15.66,15.475,15.62,2827800
2021-10-20T18:00:00Z,15.615,15.735,15.58,15.675,2465800
2021-10-20T19:00:00Z,15.675,15.69,15.575,15.6,2744600
2021-10-21T13:00:00Z,15.25,15.48,15.1,15.33,5177200
2021-10-21T14:00:00Z,15.33,15.35,15.115,15.14,4915400
2021-10-21T15:00:00Z,15.13,15.195,15.005,15.145,9059000
2021-10-21T16:00:00Z,15.145,15.175,15.025,15.1,4331600
2021-10-21T17:00:00Z,15.1,15.1,14.675,14.78,8132800
2021-10-21T18:00:00Z,14.785,14.985,14.71,14.88,10819000
2021-10-21T19:00:00Z,14.875,15.03,14.855,14.925,5276200
2021-10-22T13:00:00Z,14.82,14.82,14.465,14.49,7131200
2021-10-22T14:00:00Z,14.48,14.53,13.955,14.03,12254200
2021-10-22T15:00:00Z,14.035,14.405,13.98,14.345,9589600
2021-10-22T16:00:00Z,14.35,14.64,14.275,14.48,6934800
2021-10-22T17:00:00Z,14.475,14.75,14.415,14.59,11854000
2021-10-22T18:00:00Z,14.585,14.75,14.505,14.62,9210600
2021-10-22T19:00:00Z,14.625,14.7,14.425,14.52,5463800
2021-10-25T13:00:00Z,14.535,14.785,14.535,14.76,4903000
2021-10-25T14:00:00Z,14.765,14.83,14.7,14.745,2807400
2021-10-25T15:00:00Z,14.75,14.76,14.58,14.675,2445600
2021-10-25T16:00:00Z,14.68,14.75,14.635,14.71,1448600
2021-10-25T17:00:00Z,14.71,14.735,14.605,14.635,1440600
2021-10-25T18:00:00Z,14.64,14.855,14.615,14.835,2530800
2021-10-25T19:00:00Z,14.835,14.895,14.775,14.78,3611800
2021-10-26T13:00:00Z,14.645,14.655,14.475,14.53,4694200
2021-10-26T14:00:00Z,14.525,14.72,14.505,14.62,3009400
2021-10-26T15:00:00Z,14.625,14.71,14.6,14.605,2412000
2021-10-26T16:00:00Z,14.605,14.67,14.56,14.64,1849600
2021-10-26T17:00:00Z,14.635,14.735,14.63,14.675,1519800
2021-10-26T18:00:00Z,14.675,14.77,14.655,14.695,4556600
2021-10-26T19:00:00Z,14.695,14.725,14.595,14.595,2011400
2021-10-27T13:00:00Z,14.64,14.875,14.615,14.79,3414800
2021-10-27T14:00:00Z,14.79,14.905,14.79,14.86,1923200
2021-10-27T15:00:00Z,14.865,14.95,14.775,14.805,1280800
2021-10-27T16:00:00Z,14.805,14.865,14.79,14.795,854800
2021-10-27T17:00:00Z,14.795,14.835,14.73,14.825,1100600
2021-10-27T18:00:00Z,14.825,14.85,14.725,14.73,1091800
2021-10-27T19:00:00Z,14.735,14.775,14.585,14.65,2266600
2021-10-28T13:00:00Z,14.625,14.645,14.46,14.605,2168200
2021-10-28T14:00:00Z,14.59,14.62,14.44,14.48,2325400
2021-10-28T15:00:00Z,14.485,14.49,14.32,14.405,2483000
2021-10-28T16:00:00Z,14.395,14.49,14.385,14.41,1469200
2021-10-28T17:00:00Z,14.41,14.625,14.395,14.535,2468800
2021-10-28T18:00:00Z,14.535,14.615,14.425,14.45,2599600
2021-10-28T19:00:00Z,14.445,14.52,14.4,14.455,2354000
2021-10-29T13:00:00Z,14.585,14.585,14.305,14.32,3163000
2021-10-29T14:00:00Z,14.315,14.51,14.29,14.495,2029600
2021-10-29T15:00:00Z,14.49,14.52,14.375,14.455,1674800
2021-10-29T16:00:00Z,14.46,14.485,14.4,14.455,1192800
2021-10-29T17:00:00Z,14.46,14.495,14.405,14.415,1102600
2021-10-29T18:00:00Z,14.415,14.45,14.23,14.355,4678200
2021-10-29T19:00:00Z,14.355,14.4,14.195,14.275,5038400
2021-11-01T13:00:00Z,14.48,14.62,14.41,14.56,2871600
2021-11-01T14:00:00Z,14.565,14.64,14.54,14.585,1928800
2021-11-01T15:00:00Z,14.585,14.75,14.565,14.735,2552800
2021-11-01T16:00:00Z,14.735,14.795,14.715,14.775,1860000
2021-11-01T17:00:00Z,14.775,14.78,14.665,14.675,2360200
2021-11-01T18:00:00Z,14.68,14.69,14.56,14.575,1850400
2021-11-01T19:00:00Z,14.58,14.64,14.56,14.575,2185800
2021-11-03T13:00:00Z,14.525,14.66,14.46,14.59,3407200
2021-11-03T14:00:00Z,14.595,14.85,14.565,14.765,2442600
2021-11-03T15:00:00Z,14.765,14.92,14.68,14.91,2579800
2021-11-03T16:00:00Z,14.915,14.915,14.75,14.75,1905400
2021-11-03T17:00:00Z,14.755,14.795,14.655,14.695,1814200
2021-11-03T18:00:00Z,14.705,14.885,14.645,14.82,3985600
2021-11-03T19:00:00Z,14.815,14.85,14.69,14.71,3784600
2021-11-04T13:00:00Z,14.695,14.76,14.475,14.51,3471200
2021-11-04T14:00:00Z,14.5,14.545,14.39,14.455,3983800
2021-11-04T15:00:00Z,14.45,14.5,14.37,14.495,2664400
2021-11-04T16:00:00Z,14.49,14.495,14.34,14.36,1523800
2021-11-04T17:00:00Z,14.355,14.42,14.285,14.3,1798600
2021-11-04T18:00:00Z,14.295,14.385,14.235,14.33,2715400
2021-11-04T19:00:00Z,14.33,14.395,14.265,14.3,3067600
2021-11-05T13:00:00Z,14.5,14.785,14.44,14.77,3975600
2021-11-05T14:00:00Z,14.77,14.775,14.5,14.64,2384000
2021-11-05T15:00:00Z,14.645,14.68,14.565,14.625,1372400
2021-11-05T16:00:00Z,14.625,14.7,14.585,14.66,1161800
2021-11-05T17:00:00Z,14.665,14.7,14.55,14.63,1489200
2021-11-05T18:00:00Z,14.625,14.665,14.585,14.6,1505000
2021-11-05T19:00:00Z,14.6,14.645,14.56,14.625,1987800
2021-11-08T13:00:00Z,14.5,14.665,14.46,14.65,1917000
2021-11-08T14:00:00Z,14.65,14.83,14.65,14.78,1904400
2021-11-08T15:00:00Z,14.78,14.78,14.635,14.65,2266600
2021-11-08T16:00:00Z,14.645,14.735,14.635,14.72,1263400
2021-11-08T17:00:00Z,14.72,14.775,14.675,14.695,1082200
2021-11-08T18:00:00Z,14.695,14.72,14.63,14.64,2122000
2021-11-08T19:00:00Z,14.645,14.69,14.645,14.685,1323200
2021-11-08T20:00:00Z,14.69,14.79,14.66,14.79,2283000
2021-11-09T13:00:00Z,15.2,15.31,15.05,15.07,10148800
2021-11-09T14:00:00Z,15.075,15.11,14.93,14.945,3151600
2021-11-09T15:00:00Z,14.94,14.985,14.835,14.86,9489800
2021-11-09T16:00:00Z,14.86,14.9,14.805,14.87,3493800
2021-11-09T17:00:00Z,14.87,14.875,14.785,14.82,2531600
2021-11-09T18:00:00Z,14.83,14.87,14.81,14.835,2071000
2021-11-09T19:00:00Z,14.84,14.89,14.805,14.865,2783000
2021-11-09T20:00:00Z,14.865,14.895,14.75,14.76,4469800
2021-11-10T13:00:00Z,14.76,15.025,14.75,14.975,3971000
2021-11-10T14:00:00Z,14.98,15.145,14.98,15.125,4258800
2021-11-10T15:00:00Z,15.125,15.32,15.105,15.3,4166800
2021-11-10T16:00:00Z,15.3,15.5,15.275,15.5,7042400
2021-11-10T17:00:00Z,15.5,15.535,15.405,15.465,6269400
2021-11-10T18:00:00Z,15.465,15.53,15.38,15.435,5784800
2021-11-10T19:00:00Z,15.43,15.48,15.315,15.32,4145800
2021-11-10T20:00:00Z,15.315,15.43,15.31,15.37,2811600
2021-11-11T14:00:00Z,15.44,15.45,15.305,15.335,3544600
2021-11-11T15:00:00Z,15.33,15.4,15.305,15.33,1825400
2021-11-11T16:00:00Z,15.34,15.355,15.225,15.335,10985400
2021-11-11T17:00:00Z,15.33,15.38,15.195,15.195,5105400
2021-11-11T18:00:00Z,15.205,15.225,15.115,15.21,7980800
2021-11-11T19:00:00Z,15.205,15.265,15.1,15.105,3765600
2021-11-11T20:00:00Z,15.105,15.225,15.1,15.14,3336600
2021-11-12T13:00:00Z,15.155,15.34,15.15,15.23,2212400
2021-11-12T14:00:00Z,15.23,15.26,14.985,15.055,2414200
2021-11-12T15:00:00Z,15.045,15.14,15.005,15.075,1948000
2021-11-12T16:00:00Z,15.07,15.145,15.02,15.14,1483200
2021-11-12T17:00:00Z,15.135,15.165,15.01,15.055,1767600
2021-11-12T18:00:00Z,15.05,15.185,15.045,15.175,1787600
2021-11-12T19:00:00Z,15.165,15.19,15.065,15.115,1754000
2021-11-12T20:00:00Z,15.115,15.13,15.08,15.115,1891400
2021-11-16T13:00:00Z,15.14,15.225,15.075,15.135,2306200
2021-11-16T14:00:00Z,15.13,15.135,14.825,14.83,2356400
2021-11-16T15:00:00Z,14.835,14.88,14.765,14.855,2388000
2021-11-16T16:00:00Z,14.855,15.065,14.845,15.015,2176600
2021-11-16T17:00:00Z,15.02,15.045,14.925,15.015,1238600
2021-11-16T18:00:00Z,15.015,15.06,14.985,14.99,1609800
2021-11-16T19:00:00Z,14.985,15.01,14.935,14.94,1354200
2021-11-16T20:00:00Z,14.94,14.99,14.91,14.91,1773200
2021-11-17T13:00:00Z,14.88,15.05,14.88,14.925,2341200
2021-11-17T14:00:00Z,14.925,14.925,14.71,14.725,2567200
2021-11-17T15:00:00Z,14.725,14.865,14.72,14.85,2873600
2021-11-17T16:00:00Z,14.855,14.89,14.755,14.84,1943000
2021-11-17T17:00:00Z,14.84,14.88,14.755,14.76,7751200
2021-11-17T18:00:00Z,14.765,14.785,14.645,14.68,3426600
2021-11-17T19:00:00Z,14.685,14.785,14.66,14.745,2478600
2021-11-17T20:00:00Z,14.75,14.775,14.65,14.655,1995200
2021-11-18T13:00:00Z,14.685,14.725,14.555,14.615,2926800
2021-11-18T14:00:00Z,14.61,14.66,14.535,14.585,11957000
2021-11-18T15:00:00Z,14.58,14.595,14.47,14.495,4505000
2021-11-18T16:00:00Z,14.5,14.58,14.45,14.475,3403000
2021-11-18T17:00:00Z,14.465,14.515,14.465,14.49,2932800
2021-11-18T18:00:00Z,14.485,14.535,14.46,14.49,5321800
2021-11-18T19:00:00Z,14.485,14.545,14.485,14.54,2503200
2021-11-18T20:00:00Z,14.535,14.63,14.53,14.555,3499000
2021-11-19T13:00:00Z,14.575,14.655,14.505,14.605,2768600
2021-11-19T14:00:00Z,14.595,14.645,14.49,14.5,3346600
2021-11-19T15:00:00Z,14.505,14.595,14.455,14.54,4312000
2021-11-19T16:00:00Z,14.54,14.555,14.47,14.485,2360200
2021-11-19T17:00:00Z,14.48,14.54,14.46,14.525,4862200
2021-11-19T18:00:00Z,14.525,14.545,14.46,14.465,6081800
2021-11-19T19:00:00Z,14.46,14.51,14.455,14.485,2751000
2021-11-19T20:00:00Z,14.485,14.56,14.47,14.54,4010000
2021-11-22T13:00:00Z,14.625,14.67,14.51,14.605,6142200
2021-11-22T14:00:00Z,14.61,14.65,14.56,14.59,2942000
2021-11-22T15:00:00Z,14.595,14.75,14.575,14.74,2571000
2021-11-22T16:00:00Z,14.73,14.765,14.655,14.66,2070200
2021-11-22T17:00:00Z,14.66,14.69,14.58,14.605,2217200
2021-11-22T18:00:00Z,14.605,14.62,14.41,14.43,3148200
2021-11-22T19:00:00Z,14.43,14.515,14.41,14.495,2060200
2021-11-22T20:00:00Z,14.49,14.51,14.445,14.46,2309800
2021-11-23T13:00:00Z,14.44,14.44,14.15,14.35,4071800
2021-11-23T14:00:00Z,14.355,14.46,14.3,14.46,2412400
2021-11-23T15:00:00Z,14.455,14.46,14.305,14.335,1609000
2021-11-23T16:00:00Z,14.33,14.39,14.285,14.345,1178800
2021-11-23T17:00:00Z,14.35,14.41,14.315,14.355,1247200
2021-11-23T18:00:00Z,14.355,14.64,14.355,14.56,6646600
2021-11-23T19:00:00Z,14.56,14.595,14.5,14.55,2101400
2021-11-23T20:00:00Z,14.55,14.885,14.52,14.82,10164200
2021-11-24T13:00:00Z,14.7,14.945,14.655,14.695,5956400
2021-11-24T14:00:00Z,14.7,14.865,14.685,14.84,1731200
2021-11-24T15:00:00Z,14.84,14.935,14.81,14.91,3031600
2021-11-24T16:00:00Z,14.91,14.975,14.895,14.92,2659600
2021-11-24T17:00:00Z,14.92,14.94,14.865,14.91,1259400
2021-11-24T18:00:00Z,14.915,15.03,14.885,15,2866000
2021-11-24T19:00:00Z,14.995,15.175,14.99,15.15,5417800
2021-11-24T20:00:00Z,15.15,15.16,15.055,15.105,2508800
2021-11-25T13:00:00Z,15.185,15.615,15.15,15.55,9806400
2021-11-25T14:00:00Z,15.555,15.705,15.475,15.7,8029000
2021-11-25T15:00:00Z,15.7,15.905,15.655,15.84,6713000
2021-11-25T16:00:00Z,15.845,15.875,15.745,15.83,4458800
2021-11-25T17:00:00Z,15.83,15.86,15.77,15.815,3255200
2021-11-25T18:00:00Z,15.82,15.84,15.77,15.785,3693400
2021-11-25T19:00:00Z,15.785,15.845,15.77,15.815,5393800
2021-11-25T20:00:00Z,15.815,15.87,15.81,15.85,4631400
2021-11-26T13:00:00Z,15.375,15.585,15.275,15.54,6401800
2021-11-26T14:00:00Z,15.535,15.615,15.425,15.48,3113200
2021-11-26T15:00:00Z,15.475,15.55,15.39,15.54,2295200
2021-11-26T16:00:00Z,15.54,15.55,15.31,15.34,4263000
2021-11-26T17:00:00Z,15.345,15.475,15.33,15.405,2683600
2021-11-26T18:00:00Z,15.41,15.48,15.4,15.445,2012800
2021-11-26T19:00:00Z,15.445,15.48,15.41,15.44,1725400
2021-11-26T20:00:00Z,15.445,15.475,15.41,15.445,1852600
2021-11-29T13:00:00Z,15.59,15.82,15.58,15.69,4074800
2021-11-29T14:00:00Z,15.7,15.75,15.445,15.46,3118000
2021-11-29T15:00:00Z,15.465,15.625,15.43,15.6,3079400
2021-11-29T16:00:00Z,15.6,15.64,15.49,15.595,2023800
2021-11-29T17:00:00Z,15.59,15.69,15.57,15.645,2091000
2021-11-29T18:00:00Z,15.65,15.66,15.595,15.63,1205200
2021-11-29T19:00:00Z,15.635,15.64,15.505,15.535,2304200
2021-11-29T20:00:00Z,15.53,15.605,15.45,15.45,3138600
2021-11-30T13:00:00Z,15.355,15.64,15.29,15.635,4140800
2021-11-30T14:00:00Z,15.64,15.64,15.435,15.44,3176600
2021-11-30T15:00:00Z,15.44,15.55,15.345,15.35,3887200
2021-11-30T16:00:00Z,15.345,15.45,15.11,15.18,6079600
2021-11-30T17:00:00Z,15.185,15.39,15.11,15.38,6725000
2021-11-30T18:00:00Z,15.38,15.625,15.355,15.62,10056800
2021-11-30T19:00:00Z,15.625,15.78,15.6,15.745,10273800
2021-11-30T20:00:00Z,15.74,15.915,15.725,15.845,7956600
2021-12-01T13:00:00Z,16.25,16.4,16.135,16.2,11122800
2021-12-01T14:00:00Z,16.2,16.25,16.005,16.155,5634000
2021-12-01T15:00:00Z,16.155,16.22,16.1,16.215,5949800
2021-12-01T16:00:00Z,16.215,16.215,15.96,15.985,4141600
2021-12-01T17:00:00Z,15.985,16.025,15.825,15.845,4961800
2021-12-01T18:00:00Z,15.845,15.92,15.74,15.82,4679600
2021-12-01T19:00:00Z,15.825,15.9,15.74,15.855,5232800
2021-12-01T20:00:00Z,15.85,15.865,15.69,15.725,4894400
2021-12-02T13:00:00Z,15.845,16.2,15.82,16.045,6326200
2021-12-02T14:00:00Z,16.035,16.155,16.025,16.12,5685200
2021-12-02T15:00:00Z,16.13,16.16,16.08,16.095,3642600
2021-12-02T16:00:00Z,16.1,16.15,16.075,16.15,3805600
2021-12-02T17:00:00Z,16.15,16.15,16.03,16.08,4111600
2021-12-02T18:00:00Z,16.085,16.1,15.915,16.01,2345600
2021-12-02T19:00:00Z,16.01,16.025,15.945,15.95,2222200
2021-12-02T20:00:00Z,15.95,16.05,15.935,16.03,3051600
2021-12-03T13:00:00Z,16.105,16.285,16.095,16.235,7884000
2021-12-03T14:00:00Z,16.25,16.33,16.2,16.245,4275000
2021-12-03T15:00:00Z,16.245,16.28,16.06,16.115,4313000
2021-12-03T16:00:00Z,16.11,16.185,16.065,16.09,3034800
2021-12-03T17:00:00Z,16.085,16.225,16.04,16.135,2168800
2021-12-03T18:00:00Z,16.135,16.19,16.09,16.13,2146200
2021-12-03T19:00:00Z,16.13,16.15,15.98,16,4926000
2021-12-03T20:00:00Z,16.005,16.09,15.915,16.06,3115400
2021-12-06T13:00:00Z,16.365,16.8,16.31,16.645,10375200
2021-12-06T14:00:00Z,16.635,16.71,16.51,16.65,6257600
2021-12-06T15:00:00Z,16.655,16.745,16.585,16.725,5677200
2021-12-06T16:00:00Z,16.725,16.75,16.67,16.685,3007400
2021-12-06T17:00:00Z,16.69,16.8,16.645,16.795,4545200
2021-12-06T18:00:00Z,16.795,16.8,16.615,16.65,4836200
2021-12-06T19:00:00Z,16.65,16.65,16.585,16.61,3032800
2021-12-06T20:00:00Z,16.615,16.615,16.53,16.57,3050800
2021-12-07T13:00:00Z,16.8,16.8,16.395,16.425,5215600
2021-12-07T14:00:00Z,16.43,16.49,16.36,16.485,4495600
2021-12-07T15:00:00Z,16.485,16.6,16.45,16.485,2183800
2021-12-07T16:00:00Z,16.49,16.51,16.405,16.42,974600
2021-12-07T17:00:00Z,16.425,16.475,16.24,16.275,3143000
2021-12-07T18:00:00Z,16.27,16.34,16.245,16.315,2344800
2021-12-07T19:00:00Z,16.315,16.385,16.305,16.345,1407600
2021-12-07T20:00:00Z,16.34,16.415,16.295,16.35,1874400
2021-12-08T13:00:00Z,16.39,16.4,16.24,16.345,1917000
2021-12-08T14:00:00Z,16.35,16.475,16.15,16.455,3733200
2021-12-08T15:00:00Z,16.455,16.475,16.29,16.3,2968200
2021-12-08T16:00:00Z,16.3,16.385,16.27,16.31,1825200
2021-12-08T17:00:00Z,16.315,16.415,16.28,16.35,1047200
2021-12-08T18:00:00Z,16.35,16.38,16.26,16.315,1655600
2021-12-08T19:00:00Z,16.32,16.345,16.275,16.34,1409200
2021-12-08T20:00:00Z,16.345,16.385,16.315,16.345,1461600
2021-12-09T15:00:00Z,16.075,16.09,16.065,16.09,133400
2021-12-09T16:00:00Z,16.03,16.085,16.02,16.07,767600
2021-12-09T17:00:00Z,16.07,16.095,15.995,16.07,1946000
2021-12-09T18:00:00Z,16.075,16.11,16.05,16.09,938400
2021-12-09T19:00:00Z,16.09,16.105,15.99,16.005,1843400
2021-12-09T20:00:00Z,16.01,16.035,15.94,15.99,2858200
2021-12-10T13:00:00Z,16.13,16.435,16.115,16.24,4933600
2021-12-10T14:00:00Z,16.25,16.26,16.02,16.04,3521600
2021-12-10T15:00:00Z,16.04,16.15,16.01,16.145,1429200
2021-12-10T16:00:00Z,16.145,16.29,16.125,16.285,1319600
2021-12-10T17:00:00Z,16.285,16.29,16.15,16.23,1035800
2021-12-10T18:00:00Z,16.235,16.235,16.15,16.2,975600
2021-12-10T19:00:00Z,16.2,16.245,16.155,16.235,927000
2021-12-10T20:00:00Z,16.23,16.275,16.2,16.225,1218800
2021-12-13T13:00:00Z,16.25,16.365,16.175,16.35,3463200
2021-12-13T14:00:00Z,16.35,16.495,16.34,16.48,3397800
2021-12-13T15:00:00Z,16.475,16.535,16.3,16.315,2739600
2021-12-13T16:00:00Z,16.31,16.345,16.19,16.24,1808800
2021-12-13T17:00:00Z,16.245,16.255,16.18,16.215,2515200
2021-12-13T18:00:00Z,16.21,16.295,16.205,16.25,1605800
2021-12-13T19:00:00Z,16.25,16.285,16.215,16.285,1747800
2021-12-13T20:00:00Z,16.28,16.285,16.19,16.2,2418000
2021-12-14T13:00:00Z,16.24,16.46,16.13,16.225,3499600
2021-12-14T14:00:00Z,16.225,16.345,16.16,16.335,2952800
2021-12-14T15:00:00Z,16.34,16.44,16.31,16.335,3871200
2021-12-14T16:00:00Z,16.335,16.38,16.02,16.05,3515400
2021-12-14T17:00:00Z,16.045,16.1,16.025,16.03,2544200
2021-12-14T18:00:00Z,16.03,16.165,16.005,16.035,3642600
2021-12-14T19:00:00Z,16.03,16.04,15.95,16.01,2956000
2021-12-14T20:00:00Z,16.01,16.06,15.97,16,2998400
2021-12-15T13:00:00Z,16.105,16.115,15.57,15.605,10506200
2021-12-15T14:00:00Z,15.605,15.71,15.4,15.42,8075600
2021-12-15T15:00:00Z,15.41,15.56,15.37,15.51,3937000
2021-12-15T16:00:00Z,15.505,15.64,15.505,15.62,2061400
2021-12-15T17:00:00Z,15.625,15.665,15.56,15.65,2064800
2021-12-15T18:00:00Z,15.655,15.835,15.615,15.77,5111400
2021-12-15T19:00:00Z,15.77,15.9,15.645,15.655,5381800
2021-12-15T20:00:00Z,15.665,15.835,15.645,15.8,4189800
2021-12-16T13:00:00Z,15.855,16.07,15.785,15.79,4139400
2021-12-16T14:00:00Z,15.785,15.785,15.545,15.655,6150600
2021-12-16T15:00:00Z,15.655,15.675,15.545,15.62,3108200
2021-12-16T16:00:00Z,15.62,15.775,15.605,15.755,5472200
2021-12-16T17:00:00Z,15.75,15.845,15.695,15.695,3383800
2021-12-16T18:00:00Z,15.695,15.73,15.665,15.7,2523800
2021-12-16T19:00:00Z,15.7,15.72,15.625,15.66,2132000
2021-12-16T20:00:00Z,15.66,15.72,15.625,15.7,2133600
2021-12-17T13:00:00Z,15.56,15.66,15.41,15.415,4695200
2021-12-17T14:00:00Z,15.415,15.44,15.135,15.23,6499200
2021-12-17T15:00:00Z,15.235,15.32,15.155,15.31,4268400
2021-12-17T16:00:00Z,15.305,15.36,15.225,15.24,2761200
2021-12-17T17:00:00Z,15.235,15.275,15.2,15.2,2640000
2021-12-17T18:00:00Z,15.2,15.21,15.165,15.175,2759400
2021-12-17T19:00:00Z,15.17,15.19,15.125,15.155,6232000
2021-12-17T20:00:00Z,15.155,15.175,15.075,15.095,5958000
2021-12-20T13:00:00Z,14.985,14.985,14.825,14.855,5492400
2021-12-20T14:00:00Z,14.855,14.89,14.77,14.81,6690200
2021-12-20T15:00:00Z,14.805,14.865,14.62,14.675,6679000
2021-12-20T16:00:00Z,14.675,14.785,14.635,14.735,6468400
2021-12-20T17:00:00Z,14.735,14.84,14.71,14.775,3698800
2021-12-20T18:00:00Z,14.77,14.815,14.74,14.765,2728400
2021-12-20T19:00:00Z,14.765,14.815,14.715,14.74,3457000
2021-12-20T20:00:00Z,14.74,14.745,14.68,14.73,4682400
2021-12-21T13:00:00Z,14.875,15.05,14.795,14.975,4761800
2021-12-21T14:00:00Z,14.975,14.99,14.925,14.975,2940000
2021-12-21T15:00:00Z,14.975,15.04,14.915,14.94,4733600
2021-12-21T16:00:00Z,14.94,14.965,14.915,14.93,1514400
2021-12-21T17:00:00Z,14.93,14.945,14.845,14.87,1387800
2021-12-21T18:00:00Z,14.865,14.9,14.815,14.835,3550000
2021-12-21T19:00:00Z,14.835,14.845,14.81,14.815,1182400
2021-12-21T20:00:00Z,14.815,14.85,14.78,14.79,1593000
2021-12-22T13:00:00Z,14.8,14.825,14.625,14.645,3130000
2021-12-22T14:00:00Z,14.645,14.66,14.58,14.6,2415800
2021-12-22T15:00:00Z,14.605,14.645,14.58,14.6,1969000
2021-12-22T16:00:00Z,14.605,14.63,14.585,14.605,1520200
2021-12-22T17:00:00Z,14.61,14.63,14.6,14.615,1829800
2021-12-22T18:00:00Z,14.615,14.62,14.595,14.62,6207000
2021-12-22T19:00:00Z,14.62,14.715,14.61,14.7,2127600
2021-12-22T20:00:00Z,14.7,14.725,14.68,14.69,2963600
2021-12-23T13:00:00Z,14.65,14.675,14.58,14.59,2152600
2021-12-23T14:00:00Z,14.585,14.74,14.58,14.715,2729800
2021-12-23T15:00:00Z,14.72,14.735,14.645,14.645,1551200
2021-12-23T16:00:00Z,14.645,14.655,14.6,14.63,1219000
2021-12-23T17:00:00Z,14.625,14.64,14.6,14.605,960000
2021-12-23T18:00:00Z,14.605,14.64,14.6,14.625,1262000
2021-12-23T19:00:00Z,14.625,14.645,14.6,14.605,1753200
2021-12-23T20:00:00Z,14.605,14.65,14.6,14.62,1610600
2021-12-27T13:00:00Z,14.625,14.745,14.615,14.73,1601600
2021-12-27T14:00:00Z,14.725,14.74,14.6,14.635,1891600
2021-12-27T15:00:00Z,14.63,14.685,14.615,14.655,985600
2021-12-27T16:00:00Z,14.65,14.66,14.625,14.63,939600
2021-12-27T17:00:00Z,14.625,14.69,14.625,14.655,643600
2021-12-27T18:00:00Z,14.65,14.69,14.65,14.685,703000
2021-12-27T19:00:00Z,14.685,14.69,14.64,14.645,1273200
2021-12-27T20:00:00Z,14.65,14.66,14.6,14.62,2281800
2021-12-28T13:00:00Z,14.67,14.695,14.605,14.62,1997600
2021-12-28T14:00:00Z,14.615,14.62,14.525,14.56,3182400
2021-12-28T15:00:00Z,14.565,14.565,14.51,14.52,1839800
2021-12-28T16:00:00Z,14.52,14.545,14.505,14.53,1336600
2021-12-28T17:00:00Z,14.53,14.545,14.51,14.545,1424200
2021-12-28T18:00:00Z,14.545,14.585,14.52,14.525,3233400
2021-12-28T19:00:00Z,14.53,14.55,14.525,14.54,1307000
2021-12-28T20:00:00Z,14.54,14.55,14.515,14.54,1926400
2021-12-29T13:00:00Z,14.59,14.62,14.51,14.555,1364600
2021-12-29T14:00:00Z,14.555,14.655,14.55,14.555,1979600
2021-12-29T15:00:00Z,14.555,14.575,14.47,14.55,1975200
2021-12-29T16:00:00Z,14.55,14.57,14.52,14.53,676200
2021-12-29T17:00:00Z,14.53,14.535,14.48,14.505,1444400
2021-12-29T18:00:00Z,14.505,14.555,14.505,14.55,2500200
2021-12-29T19:00:00Z,14.545,14.555,14.52,14.52,1233000
2021-12-29T20:00:00Z,14.525,14.535,14.475,14.495,2273600
2021-12-30T13:00:00Z,14.565,14.595,14.475,14.505,2615000
2021-12-30T14:00:00Z,14.51,14.565,14.46,14.485,2694400
2021-12-30T15:00:00Z,14.495,14.505,14.405,14.425,3505200
2021-12-30T16:00:00Z,14.425,14.485,14.385,14.465,2373400
2021-12-30T17:00:00Z,14.46,14.485,14.42,14.425,2617200
2021-12-30T18:00:00Z,14.43,14.55,14.425,14.455,3295000
2021-12-30T19:00:00Z,14.46,14.465,14.425,14.46,1827400
2021-12-30T20:00:00Z,14.46,14.465,14.425,14.435,2408400
2022-01-03T13:00:00Z,14.565,14.88,14.51,14.81,6753200
2022-01-03T14:00:00Z,14.8,14.815,14.45,14.58,5573600
2022-01-03T15:00:00Z,14.575,14.605,14.5,14.53,3942000
2022-01-03T16:00:00Z,14.535,14.585,14.49,14.555,2527000
2022-01-03T17:00:00Z,14.555,14.555,14.435,14.455,4626600
2022-01-03T18:00:00Z,14.455,14.475,14.415,14.44,2191000
2022-01-03T19:00:00Z,14.44,14.45,14.42,14.43,2175400
2022-01-03T20:00:00Z,14.43,14.45,14.4,14.415,2657400
2022-01-04T13:00:00Z,14.56,14.565,14.31,14.45,5145000
2022-01-04T14:00:00Z,14.46,14.49,14.335,14.475,3631000
2022-01-04T15:00:00Z,14.48,14.575,14.465,14.51,3439800
2022-01-04T16:00:00Z,14.515,14.535,14.46,14.475,1478400
2022-01-04T17:00:00Z,14.48,14.49,14.43,14.45,1677400
2022-01-04T18:00:00Z,14.45,14.45,14.405,14.425,1831800
2022-01-04T19:00:00Z,14.425,14.45,14.38,14.4,1930400
2022-01-04T20:00:00Z,14.4,14.42,14.36,14.415,2345200
2022-01-05T13:00:00Z,14.41,14.475,14.34,14.475,4080800
2022-01-05T14:00:00Z,14.475,14.49,14.39,14.43,2583800
2022-01-05T15:00:00Z,14.435,14.475,14.365,14.405,2066400
2022-01-05T16:00:00Z,14.41,14.425,14.35,14.37,1458200
2022-01-05T17:00:00Z,14.37,14.385,14.275,14.275,2430000
2022-01-05T18:00:00Z,14.275,14.295,14.23,14.245,2514000
2022-01-05T19:00:00Z,14.245,14.275,14.155,14.18,3640600
2022-01-05T20:00:00Z,14.18,14.195,14.1,14.11,5449400
2022-01-06T13:00:00Z,14.21,14.32,14.1,14.275,3928400
2022-01-06T14:00:00Z,14.27,14.37,14.22,14.285,2748000
2022-01-06T15:00:00Z,14.29,14.43,14.275,14.34,2399000
2022-01-06T16:00:00Z,14.34,14.39,14.32,14.38,1789400
2022-01-06T17:00:00Z,14.38,14.42,14.345,14.405,2006800
2022-01-06T18:00:00Z,14.41,14.41,14.33,14.335,1716800
2022-01-06T19:00:00Z,14.34,14.35,14.28,14.305,1681000
2022-01-06T20:00:00Z,14.3,14.31,14.25,14.295,1706200
2022-01-07T13:00:00Z,14.305,14.385,14.2,14.375,2508400
2022-01-07T14:00:00Z,14.375,14.41,14.3,14.36,1707200
2022-01-07T15:00:00Z,14.365,14.385,14.26,14.29,2367200
2022-01-07T16:00:00Z,14.29,14.35,14.21,14.325,2131400
2022-01-07T17:00:00Z,14.325,14.345,14.275,14.3,1554800
2022-01-07T18:00:00Z,14.305,14.36,14.295,14.315,1166800
2022-01-07T19:00:00Z,14.31,14.35,14.305,14.34,1311400
2022-01-07T20:00:00Z,14.34,14.365,14.31,14.33,1939600
2022-01-10T13:00:00Z,14.27,14.52,14.225,14.47,4461800
2022-01-10T14:00:00Z,14.475,14.545,14.315,14.315,4130000
2022-01-10T15:00:00Z,14.315,14.365,14.255,14.36,1951000
2022-01-10T16:00:00Z,14.34,14.445,14.335,14.39,1356800
2022-01-10T17:00:00Z,14.395,14.405,14.355,14.405,1265000
2022-01-10T18:00:00Z,14.405,14.45,14.395,14.415,1440600
2022-01-10T19:00:00Z,14.42,14.455,14.405,14.415,860400
2022-01-10T20:00:00Z,14.42,14.42,14.355,14.4,1297200
2022-01-11T13:00:00Z,14.36,14.475,14.34,14.39,2345800
2022-01-11T14:00:00Z,14.39,14.51,14.375,14.475,2338800
2022-01-11T15:00:00Z,14.475,14.495,14.345,14.4,4350800
2022-01-11T16:00:00Z,14.4,14.425,14.385,14.395,2633000
2022-01-11T17:00:00Z,14.395,14.485,14.375,14.475,3214000
2022-01-11T18:00:00Z,14.47,14.5,14.4,14.41,2777600
2022-01-11T19:00:00Z,14.41,14.43,14.39,14.4,2399600
2022-01-11T20:00:00Z,14.405,14.445,14.385,14.435,3257200
2022-01-12T13:00:00Z,14.46,14.635,14.425,14.485,4320200
2022-01-12T14:00:00Z,14.495,14.625,14.455,14.6,4023400
2022-01-12T15:00:00Z,14.595,14.605,14.49,14.505,3381800
2022-01-12T16:00:00Z,14.505,14.54,14.44,14.5,3065600
2022-01-12T17:00:00Z,14.5,14.55,14.485,14.535,1264200
2022-01-12T18:00:00Z,14.54,14.56,14.5,14.55,3178000
2022-01-12T19:00:00Z,14.55,14.585,14.53,14.58,1977200
2022-01-12T20:00:00Z,14.58,14.68,14.57,14.665,3946800
2022-01-13T13:00:00Z,14.53,14.77,14.53,14.695,5136800
2022-01-13T14:00:00Z,14.695,14.735,14.65,14.735,2981400
2022-01-13T15:00:00Z,14.735,14.845,14.675,14.825,5988000
2022-01-13T16:00:00Z,14.815,14.885,14.785,14.785,3599600
2022-01-13T17:00:00Z,14.785,14.87,14.77,14.845,3344000
2022-01-13T18:00:00Z,14.85,15.01,14.81,14.975,4677400
2022-01-13T19:00:00Z,14.98,14.995,14.84,14.91,3474000
2022-01-13T20:00:00Z,14.915,14.915,14.825,14.87,2678600
2022-01-14T13:00:00Z,14.85,15.145,14.85,15.135,6657600
2022-01-14T14:00:00Z,15.13,15.195,15.07,15.14,6070800
2022-01-14T15:00:00Z,15.14,15.335,15.11,15.3,6338000
2022-01-14T16:00:00Z,15.3,15.32,15.18,15.225,2685600
2022-01-14T17:00:00Z,15.23,15.24,15.165,15.185,1493600
2022-01-14T18:00:00Z,15.19,15.26,15.155,15.245,1929200
2022-01-14T19:00:00Z,15.245,15.295,15.14,15.295,3368400
2022-01-14T20:00:00Z,15.29,15.325,15.195,15.205,3913200
2022-01-17T13:00:00Z,15.225,15.25,15.025,15.04,3395000
2022-01-17T14:00:00Z,15.05,15.05,15.025,15.045,3180800
2022-01-17T15:00:00Z,15.045,15.19,15.045,15.165,1563800
2022-01-17T16:00:00Z,15.165,15.18,15.08,15.165,954400
2022-01-17T17:00:00Z,15.17,15.24,15.16,15.215,1288000
2022-01-17T18:00:00Z,15.21,15.345,15.205,15.265,3180000
2022-01-17T19:00:00Z,15.265,15.3,15.215,15.245,2287800
2022-01-17T20:00:00Z,15.24,15.28,15.2,15.275,1688400
2022-01-18T13:00:00Z,15.155,15.315,15.115,15.295,2007800
2022-01-18T14:00:00Z,15.295,15.405,15.255,15.325,4140400
2022-01-18T15:00:00Z,15.335,15.37,15.27,15.32,1982000
2022-01-18T16:00:00Z,15.32,15.43,15.31,15.415,3180000
2022-01-18T17:00:00Z,15.415,15.47,15.22,15.275,5312200
2022-01-18T18:00:00Z,15.28,15.39,15.255,15.385,2117600
2022-01-18T19:00:00Z,15.39,15.425,15.37,15.395,1949800
2022-01-18T20:00:00Z,15.395,15.4,15.33,15.355,2185600
2022-01-19T13:00:00Z,15.48,15.575,15.355,15.515,4665000
2022-01-19T14:00:00Z,15.515,15.55,15.405,15.49,3447400
2022-01-19T15:00:00Z,15.5,15.535,15.425,15.505,2998200
2022-01-19T16:00:00Z,15.51,15.55,15.485,15.545,1763200
2022-01-19T17:00:00Z,15.545,15.56,15.475,15.555,2444200
2022-01-19T18:00:00Z,15.555,15.645,15.535,15.62,3295400
2022-01-19T19:00:00Z,15.615,15.635,15.555,15.6,2921200
2022-01-19T20:00:00Z,15.6,15.61,15.555,15.6,2523800
2022-01-20T13:00:00Z,15.555,15.65,15.5,15.545,2553400
2022-01-20T14:00:00Z,15.545,15.645,15.52,15.595,2851600
2022-01-20T15:00:00Z,15.595,15.72,15.565,15.71,3768400
2022-01-20T16:00:00Z,15.71,15.75,15.665,15.68,2351200
2022-01-20T17:00:00Z,15.68,15.735,15.675,15.705,1406800
2022-01-20T18:00:00Z,15.705,15.71,15.645,15.665,1847200
2022-01-20T19:00:00Z,15.665,15.695,15.65,15.67,3408200
2022-01-20T20:00:00Z,15.665,15.675,15.605,15.605,2446000
2022-01-21T13:00:00Z,15.575,15.75,15.515,15.68,4211000
2022-01-21T14:00:00Z,15.675,15.77,15.615,15.705,1912800
2022-01-21T15:00:00Z,15.7,15.715,15.525,15.59,4755200
2022-01-21T16:00:00Z,15.585,15.59,15.47,15.52,4175000
2022-01-21T17:00:00Z,15.52,15.575,15.49,15.52,2665400
2022-01-21T18:00:00Z,15.525,15.535,15.445,15.47,2004400
2022-01-21T19:00:00Z,15.475,15.585,15.46,15.545,2796800
2022-01-21T20:00:00Z,15.55,15.635,15.5,15.57,3209800
2022-01-24T13:00:00Z,15.565,15.875,15.53,15.77,6909000
2022-01-24T14:00:00Z,15.765,15.8,15.475,15.515,5091800
2022-01-24T15:00:00Z,15.505,15.71,15.5,15.63,3437800
2022-01-24T16:00:00Z,15.63,15.64,15.51,15.59,1768200
2022-01-24T17:00:00Z,15.59,15.635,15.515,15.56,1740000
2022-01-24T18:00:00Z,15.555,15.575,15.5,15.52,1545200
2022-01-24T19:00:00Z,15.52,15.66,15.52,15.64,3853000
2022-01-24T20:00:00Z,15.645,15.725,15.63,15.695,4012400
2022-01-25T13:00:00Z,15.62,15.795,15.54,15.785,1745400
2022-01-25T14:00:00Z,15.79,15.855,15.72,15.74,3383000
2022-01-25T15:00:00Z,15.735,15.89,15.71,15.84,2432800
2022-01-25T16:00:00Z,15.84,15.965,15.775,15.915,4195000
2022-01-25T17:00:00Z,15.905,16,15.89,15.995,3385200
2022-01-25T18:00:00Z,15.995,16.13,15.98,16.09,4439600
2022-01-25T19:00:00Z,16.095,16.145,16.06,16.095,6575200
2022-01-25T20:00:00Z,16.095,16.195,16.035,16.09,4345800
2022-01-26T13:00:00Z,16.155,16.315,16.035,16.11,6459000
2022-01-26T14:00:00Z,16.115,16.115,15.905,16.005,5566000
2022-01-26T15:00:00Z,16.005,16.005,15.865,15.955,3624000
2022-01-26T16:00:00Z,15.95,15.985,15.84,15.85,2922800
2022-01-26T17:00:00Z,15.85,15.91,15.845,15.88,3094800
2022-01-26T18:00:00Z,15.88,16.02,15.855,16.005,5298000
2022-01-26T19:00:00Z,16,16.09,15.935,15.965,6523600
2022-01-26T20:00:00Z,15.965,15.975,15.855,15.935,3733200
2022-01-27T13:00:00Z,15.995,16.31,15.99,16.25,6148600
2022-01-27T14:00:00Z,16.245,16.355,16.22,16.295,6445000
2022-01-27T15:00:00Z,16.295,16.34,16.2,16.235,3547400
2022-01-27T16:00:00Z,16.24,16.255,16.16,16.205,1992200
2022-01-27T17:00:00Z,16.21,16.21,16.115,16.12,1913000
2022-01-27T18:00:00Z,16.12,16.13,15.975,16.11,4158800
2022-01-27T19:00:00Z,16.11,16.16,16.1,16.155,1940800
2022-01-27T20:00:00Z,16.155,16.21,16.1,16.135,2101000
2022-01-28T13:00:00Z,16.145,16.17,16.01,16.16,2860400
2022-01-28T14:00:00Z,16.165,16.295,16.12,16.215,4439600
2022-01-28T15:00:00Z,16.23,16.295,16.17,16.285,2713400
2022-01-28T16:00:00Z,16.29,16.29,16.15,16.22,3667400
2022-01-28T17:00:00Z,16.22,16.225,16.095,16.12,4432400
2022-01-28T18:00:00Z,16.125,16.27,16.11,16.26,2272200
2022-01-28T19:00:00Z,16.26,16.275,16.1,16.19,4180400
2022-01-28T20:00:00Z,16.195,16.285,16.18,16.27,2868400
2022-01-31T13:00:00Z,16.22,16.315,16.155,16.305,1432200
2022-01-31T14:00:00Z,16.305,16.335,16.18,16.29,1741600
2022-01-31T15:00:00Z,16.295,16.295,16.135,16.22,1116800
2022-01-31T16:00:00Z,16.22,16.26,16.15,16.205,1159600
2022-01-31T17:00:00Z,16.21,16.24,16.175,16.235,2091200
2022-01-31T18:00:00Z,16.23,16.285,16.2,16.285,1360400
2022-01-31T19:00:00Z,16.285,16.335,16.265,16.315,3081000
2022-01-31T20:00:00Z,16.315,16.47,16.285,16.38,5174200
2022-02-01T13:00:00Z,16.4,16.41,16.235,16.315,1715200
2022-02-01T14:00:00Z,16.315,16.415,16.26,16.365,1553200
2022-02-01T15:00:00Z,16.37,16.405,16.325,16.355,1306800
2022-02-01T16:00:00Z,16.355,16.36,16.19,16.23,2794000
2022-02-01T17:00:00Z,16.225,16.245,16.175,16.2,1813800
2022-02-01T18:00:00Z,16.2,16.22,16.175,16.22,1700600
2022-02-01T19:00:00Z,16.22,16.24,16.2,16.21,1310200
2022-02-01T20:00:00Z,16.21,16.325,16.205,16.295,2678000
2022-02-02T13:00:00Z,16.26,16.3,15.91,16.02,7109000
2022-02-02T14:00:00Z,16.02,16.145,16.01,16.115,2127000
2022-02-02T15:00:00Z,16.105,16.15,16.07,16.145,1289800
2022-02-02T16:00:00Z,16.145,16.145,15.925,16.015,2875600
2022-02-02T17:00:00Z,16.015,16.02,15.885,15.99,3608800
2022-02-02T18:00:00Z,15.995,16.1,15.99,16.095,2182000
2022-02-02T19:00:00Z,16.1,16.1,16.005,16.045,1304600
2022-02-02T20:00:00Z,16.045,16.09,16.005,16.01,2148200
2022-02-03T13:00:00Z,16.04,16.215,16.01,16.04,4196600
2022-02-03T14:00:00Z,16.035,16.135,16.02,16.13,2563400
2022-02-03T15:00:00Z,16.13,16.18,16.085,16.105,1970600
2022-02-03T16:00:00Z,16.11,16.135,16.06,16.115,1583800
2022-02-03T17:00:00Z,16.12,16.29,16.075,16.285,2079400
2022-02-03T18:00:00Z,16.28,16.285,16.165,16.22,2213800
2022-02-03T19:00:00Z,16.225,16.235,16.13,16.185,2173600
2022-02-03T20:00:00Z,16.19,16.21,16.155,16.165,1159400
2022-02-04T13:00:00Z,16.1,16.16,16.005,16.065,1706400
2022-02-04T14:00:00Z,16.08,16.205,16.05,16.14,1694400
2022-02-04T15:00:00Z,16.145,16.145,16.05,16.08,1272600
2022-02-04T16:00:00Z,16.085,16.15,16.05,16.1,1409600
2022-02-04T17:00:00Z,16.105,16.195,16.085,16.18,2244400
2022-02-04T18:00:00Z,16.175,16.19,16.08,16.085,1614600
2022-02-04T19:00:00Z,16.085,16.115,16.06,16.105,1412600
2022-02-04T20:00:00Z,16.105,16.155,16.105,16.115,1789200
2022-02-07T13:00:00Z,16.065,16.19,15.975,16.02,2397600
2022-02-07T14:00:00Z,16.02,16.04,15.945,15.99,1681800
2022-02-07T15:00:00Z,15.985,16.005,15.945,15.975,2423400
2022-02-07T16:00:00Z,15.97,15.985,15.935,15.965,1475200
2022-02-07T17:00:00Z,15.96,16.05,15.96,15.985,1816800
2022-02-07T18:00:00Z,15.98,15.985,15.95,15.97,1302200
2022-02-07T19:00:00Z,15.96,15.97,15.92,15.93,1496800
2022-02-07T20:00:00Z,15.925,16,15.92,15.97,2366000
2022-02-08T13:00:00Z,15.91,16.03,15.745,16.025,3927600
2022-02-08T14:00:00Z,16.02,16.11,16,16.08,2513000
2022-02-08T15:00:00Z,16.075,16.09,15.985,16,3145200
2022-02-08T16:00:00Z,16,16.055,15.945,16.035,1882600
2022-02-08T17:00:00Z,16.03,16.11,15.97,16.095,2215400
2022-02-08T18:00:00Z,16.09,16.125,16.035,16.08,2220800
2022-02-08T19:00:00Z,16.09,16.1,16.04,16.095,1602000
2022-02-08T20:00:00Z,16.095,16.185,16.08,16.15,4248600
2022-02-09T13:00:00Z,16.05,16.255,15.85,15.99,6914200
2022-02-09T14:00:00Z,15.99,16.105,15.975,16.03,3715400
2022-02-09T15:00:00Z,16.03,16.18,16,16.14,10036400
2022-02-09T16:00:00Z,16.145,16.155,16.05,16.05,1362600
2022-02-09T17:00:00Z,16.05,16.06,16.005,16.015,1405200
2022-02-09T18:00:00Z,16.015,16.02,15.96,15.96,1819600
2022-02-09T19:00:00Z,15.965,15.98,15.925,15.96,2274400
2022-02-09T20:00:00Z,15.955,16.04,15.945,16.015,2709000
2022-02-10T13:00:00Z,16,16.195,15.93,16.1,3045400
2022-02-10T14:00:00Z,16.1,16.32,16.05,16.245,13311000
2022-02-10T15:00:00Z,16.25,16.31,16.15,16.18,2807000
2022-02-10T16:00:00Z,16.18,16.265,16.16,16.185,1628600
2022-02-10T17:00:00Z,16.185,16.235,16.17,16.18,1189800
2022-02-10T18:00:00Z,16.175,16.215,16.16,16.205,1020400
2022-02-10T19:00:00Z,16.205,16.22,16.16,16.17,1310000
2022-02-10T20:00:00Z,16.16,16.17,16.065,16.08,1818600
2022-02-11T13:00:00Z,16.23,16.735,16.22,16.625,19813400
2022-02-11T14:00:00Z,16.625,16.745,16.58,16.655,9789200
2022-02-11T15:00:00Z,16.655,16.75,16.625,16.725,4976400
2022-02-11T16:00:00Z,16.725,16.735,16.63,16.695,3055600
2022-02-11T17:00:00Z,16.695,16.7,16.645,16.7,2093200
2022-02-11T18:00:00Z,16.7,16.795,16.545,16.545,7185600
2022-02-11T19:00:00Z,16.55,16.71,16.46,16.62,10454000
2022-02-11T20:00:00Z,16.61,16.69,16.58,16.68,4414800
2022-02-14T13:00:00Z,16.7,16.835,16.62,16.73,4443200
2022-02-14T14:00:00Z,16.735,16.79,16.65,16.705,4325800
2022-02-14T15:00:00Z,16.71,16.75,16.67,16.71,2737200
2022-02-14T16:00:00Z,16.705,16.705,16.56,16.61,3897200
2022-02-14T17:00:00Z,16.61,16.7,16.605,16.69,2512800
2022-02-14T18:00:00Z,16.69,16.74,16.66,16.72,4077600
2022-02-14T19:00:00Z,16.72,16.765,16.64,16.765,3000400
2022-02-14T20:00:00Z,16.765,16.87,16.76,16.845,4756200
2022-02-15T13:00:00Z,17.75,17.85,17.47,17.555,43241000
2022-02-15T14:00:00Z,17.555,17.75,17.55,17.69,18428600
2022-02-15T15:00:00Z,17.69,17.725,17.63,17.645,6260800
2022-02-15T16:00:00Z,17.645,17.675,17.52,17.555,6297200
2022-02-15T17:00:00Z,17.555,17.645,17.535,17.58,4617600
2022-02-15T18:00:00Z,17.585,17.62,17.525,17.54,5416000
2022-02-15T19:00:00Z,17.545,17.6,17.525,17.54,5749400
2022-02-15T20:00:00Z,17.535,17.585,17.535,17.54,4900400
2022-02-16T13:00:00Z,17.59,17.735,17.555,17.7,6693400
2022-02-16T14:00:00Z,17.705,17.895,17.66,17.82,8035200
2022-02-16T15:00:00Z,17.82,17.845,17.655,17.7,3766400
2022-02-16T16:00:00Z,17.705,17.715,17.67,17.68,2254000
2022-02-16T17:00:00Z,17.68,17.68,17.575,17.625,2766800
2022-02-16T18:00:00Z,17.625,17.72,17.62,17.705,2979000
2022-02-16T19:00:00Z,17.705,17.715,17.64,17.655,2910600
2022-02-16T20:00:00Z,17.66,17.735,17.625,17.675,3690800
2022-02-17T13:00:00Z,17.655,17.865,17.615,17.775,3927400
2022-02-17T14:00:00Z,17.78,17.86,17.76,17.775,3304400
2022-02-17T15:00:00Z,17.78,17.78,17.585,17.66,4984600
2022-02-17T16:00:00Z,17.665,17.725,17.615,17.72,2860200
2022-02-17T17:00:00Z,17.72,17.73,17.67,17.685,2147000
2022-02-17T18:00:00Z,17.685,17.735,17.68,17.735,2007200
2022-02-17T19:00:00Z,17.735,17.74,17.68,17.69,2913400
2022-02-17T20:00:00Z,17.69,17.695,17.63,17.67,4229400
2022-02-18T13:00:00Z,17.705,17.975,17.69,17.95,8582000
2022-02-18T14:00:00Z,17.95,17.975,17.91,17.975,3898800
2022-02-18T15:00:00Z,17.975,18,17.885,17.99,4124800
2022-02-18T16:00:00Z,17.99,18,17.94,17.995,3290200
2022-02-18T17:00:00Z,17.99,18.09,17.985,18.07,6238400
2022-02-18T18:00:00Z,18.065,18.115,18.06,18.09,3649800
2022-02-18T19:00:00Z,18.09,18.1,18.03,18.09,4544200
2022-02-18T20:00:00Z,18.09,18.095,17.975,18.03,5371200
2022-02-21T13:00:00Z,18.07,18.115,17.795,17.85,4358200
2022-02-21T14:00:00Z,17.85,17.895,17.815,17.86,2528400
2022-02-21T15:00:00Z,17.86,17.875,17.805,17.855,1375600
2022-02-21T16:00:00Z,17.86,17.875,17.82,17.83,590200
2022-02-21T17:00:00Z,17.82,17.875,17.82,17.835,1549200
2022-02-21T18:00:00Z,17.84,17.85,17.7,17.775,3746600
2022-02-21T19:00:00Z,17.78,17.78,17.63,17.63,3133400
2022-02-21T20:00:00Z,17.635,17.635,17.485,17.535,4943200
2022-02-22T13:00:00Z,17.7,18.055,17.685,17.965,6612200
2022-02-22T14:00:00Z,17.96,18.01,17.88,17.985,5001000
2022-02-22T15:00:00Z,17.985,18,17.905,17.915,2523000
2022-02-22T16:00:00Z,17.915,17.925,17.855,17.875,1494000
2022-02-22T17:00:00Z,17.875,17.975,17.85,17.87,31890800
2022-02-22T18:00:00Z,17.865,17.89,17.805,17.855,2308800
2022-02-22T19:00:00Z,17.855,17.9,17.78,17.895,2612400
2022-02-22T20:00:00Z,17.895,17.9,17.805,17.805,2687400
2022-02-23T13:00:00Z,17.9,18.05,17.805,18.03,3730400
2022-02-23T14:00:00Z,18.03,18.06,17.93,17.945,3594600
2022-02-23T15:00:00Z,17.94,17.975,17.875,17.9,2361800
2022-02-23T16:00:00Z,17.895,17.94,17.84,17.93,1350600
2022-02-23T17:00:00Z,17.93,18,17.865,17.975,4377000
2022-02-23T18:00:00Z,17.975,18.015,17.95,17.98,2738600
2022-02-23T19:00:00Z,17.98,17.99,17.895,17.925,4076600
2022-02-23T20:00:00Z,17.92,17.945,17.87,17.89,2282800
2022-02-24T13:00:00Z,17.315,17.55,17.185,17.39,9003400
2022-02-24T14:00:00Z,17.39,17.465,17.19,17.35,7805800
2022-02-24T15:00:00Z,17.345,17.395,17.225,17.25,3751600
2022-02-24T16:00:00Z,17.25,17.325,17.21,17.25,3094200
2022-02-24T17:00:00Z,17.25,17.255,17.075,17.11,4615600
2022-02-24T18:00:00Z,17.105,17.2,17.045,17.185,4569400
2022-02-24T19:00:00Z,17.18,17.455,17.13,17.355,6132600
2022-02-24T20:00:00Z,17.355,17.52,17.225,17.26,5250000
2022-02-25T13:00:00Z,17.355,17.49,17.325,17.355,2156200
2022-02-25T14:00:00Z,17.355,17.385,17.265,17.375,2416400
2022-02-25T15:00:00Z,17.37,17.515,17.325,17.46,5795000
2022-02-25T16:00:00Z,17.46,17.585,17.45,17.52,2273400
2022-02-25T17:00:00Z,17.525,17.56,17.455,17.5,2130800
2022-02-25T18:00:00Z,17.505,17.515,17.45,17.465,2141400
2022-02-25T19:00:00Z,17.465,17.48,17.4,17.42,2105000
2022-02-25T20:00:00Z,17.42,17.535,17.405,17.495,3541200
2022-03-02T16:00:00Z,17.55,17.9,17.465,17.485,7555600
2022-03-02T17:00:00Z,17.485,17.81,17.475,17.795,3978200
2022-03-02T18:00:00Z,17.79,17.825,17.735,17.8,3039000
2022-03-02T19:00:00Z,17.805,17.82,17.765,17.77,2741600
2022-03-02T20:00:00Z,17.77,17.85,17.715,17.83,5110800
2022-03-03T13:00:00Z,17.425,17.58,17.28,17.58,3778800
2022-03-03T14:00:00Z,17.575,17.615,17.47,17.515,5220400
2022-03-03T15:00:00Z,17.515,17.595,17.465,17.49,2372200
2022-03-03T16:00:00Z,17.49,17.52,17.425,17.44,1349400
2022-03-03T17:00:00Z,17.44,17.49,17.355,17.4,2444000
2022-03-03T18:00:00Z,17.4,17.435,17.375,17.42,3329800
2022-03-03T19:00:00Z,17.42,17.46,17.385,17.41,1800000
2022-03-03T20:00:00Z,17.41,17.435,17.38,17.43,3150400
2022-03-04T13:00:00Z,17.315,17.385,17.05,17.07,4676600
2022-03-04T14:00:00Z,17.07,17.08,16.815,16.915,6353000
2022-03-04T15:00:00Z,16.925,16.94,16.785,16.81,4850800
2022-03-04T16:00:00Z,16.815,16.855,16.765,16.82,3182400
2022-03-04T17:00:00Z,16.815,16.91,16.805,16.885,2354000
2022-03-04T18:00:00Z,16.89,16.945,16.85,16.855,2939000
2022-03-04T19:00:00Z,16.85,16.89,16.815,16.83,2265400
2022-03-04T20:00:00Z,16.83,16.925,16.81,16.92,1964400
2022-03-07T13:00:00Z,16.76,16.885,16.575,16.79,2863400
2022-03-07T14:00:00Z,16.795,16.8,16.575,16.595,2703400
2022-03-07T15:00:00Z,16.59,16.68,16.575,16.595,3254400
2022-03-07T16:00:00Z,16.595,16.63,16.525,16.6,2745800
2022-03-07T17:00:00Z,16.595,16.63,16.46,16.475,2775000
2022-03-07T18:00:00Z,16.48,16.48,16.41,16.435,2200200
2022-03-07T19:00:00Z,16.435,16.445,16.305,16.315,4104200
2022-03-07T20:00:00Z,16.315,16.35,16.15,16.22,5621400
2022-03-08T13:00:00Z,16.33,16.395,16.23,16.25,2360000
2022-03-08T14:00:00Z,16.245,16.42,16.2,16.39,2620600
2022-03-08T15:00:00Z,16.385,16.39,16.25,16.295,1836000
2022-03-08T16:00:00Z,16.295,16.305,16.185,16.26,1242200
2022-03-08T17:00:00Z,16.26,16.47,16.26,16.42,1960800
2022-03-08T18:00:00Z,16.415,16.495,16.265,16.275,1650200
2022-03-08T19:00:00Z,16.27,16.39,16.255,16.32,1349600
2022-03-08T20:00:00Z,16.325,16.455,16.315,16.415,2406000
2022-03-09T13:00:00Z,16.555,16.94,16.53,16.925,6210800
2022-03-09T14:00:00Z,16.925,17.305,16.9,17.115,13109000
2022-03-09T15:00:00Z,17.12,17.295,17.11,17.175,5761800
2022-03-09T16:00:00Z,17.17,17.265,17.135,17.235,3399000
2022-03-09T17:00:00Z,17.235,17.245,17.09,17.13,6276000
2022-03-09T18:00:00Z,17.13,17.285,17.11,17.24,5182000
2022-03-09T19:00:00Z,17.24,17.24,17.125,17.215,3602800
2022-03-09T20:00:00Z,17.215,17.275,17.165,17.225,5559400
2022-03-10T13:00:00Z,17.16,17.255,16.915,16.92,3988200
2022-03-10T14:00:00Z,16.92,17,16.775,17,5989800
2022-03-10T15:00:00Z,16.995,17,16.925,16.95,999800
2022-03-10T16:00:00Z,16.945,17.075,16.88,16.995,1191600
2022-03-10T17:00:00Z,16.99,16.99,16.88,16.915,892000
2022-03-10T18:00:00Z,16.905,17.035,16.89,17.015,1117600
2022-03-10T19:00:00Z,17.005,17.05,17,17.03,2202600
2022-03-10T20:00:00Z,17.035,17.07,16.995,17.035,2960400
2022-03-11T13:00:00Z,17.13,17.35,16.985,17.095,4084600
2022-03-11T14:00:00Z,17.1,17.16,17.01,17.035,1991600
2022-03-11T15:00:00Z,17.025,17.04,16.935,16.97,1786400
2022-03-11T16:00:00Z,16.97,17.025,16.895,16.925,1492600
2022-03-11T17:00:00Z,16.925,16.985,16.925,16.96,768600
2022-03-11T18:00:00Z,16.96,16.975,16.88,16.885,1600000
2022-03-11T19:00:00Z,16.885,16.99,16.835,16.905,3175600
2022-03-11T20:00:00Z,16.895,16.9,16.62,16.65,7202400
2022-03-14T13:00:00Z,16.78,17.175,16.78,16.945,5935200
2022-03-14T14:00:00Z,16.94,17.075,16.935,16.97,3859200
2022-03-14T15:00:00Z,16.98,17.075,16.85,16.85,2877600
2022-03-14T16:00:00Z,16.855,16.96,16.825,16.87,1674200
2022-03-14T17:00:00Z,16.87,16.88,16.81,16.83,1314600
2022-03-14T18:00:00Z,16.835,16.89,16.785,16.825,1480600
2022-03-14T19:00:00Z,16.825,16.86,16.76,16.82,2122600
2022-03-15T13:00:00Z,16.705,16.725,16.48,16.545,2622000
2022-03-15T14:00:00Z,16.55,16.59,16.38,16.555,4228000
2022-03-15T15:00:00Z,16.56,16.665,16.53,16.6,3216400
2022-03-15T16:00:00Z,16.6,16.675,16.545,16.665,1456200
2022-03-15T17:00:00Z,16.675,16.68,16.585,16.63,1443400
2022-03-15T18:00:00Z,16.63,16.64,16.51,16.595,2006200
2022-03-15T19:00:00Z,16.59,16.625,16.53,16.55,2432400
2022-03-16T13:00:00Z,16.6,16.61,16.415,16.54,3510600
2022-03-16T14:00:00Z,16.54,16.65,16.495,16.6,4094600
2022-03-16T15:00:00Z,16.6,16.63,16.505,16.53,1192600
2022-03-16T16:00:00Z,16.53,16.585,16.48,16.495,1219000
2022-03-16T17:00:00Z,16.5,16.51,16.4,16.415,1586400
2022-03-16T18:00:00Z,16.415,16.525,16.295,16.48,3153600
2022-03-16T19:00:00Z,16.485,16.695,16.465,16.69,4198800
2022-03-17T13:00:00Z,16.73,16.89,16.61,16.635,4122400
2022-03-17T14:00:00Z,16.635,16.805,16.555,16.8,2844400
2022-03-17T15:00:00Z,16.805,16.885,16.75,16.865,1590400
2022-03-17T16:00:00Z,16.875,16.925,16.83,16.915,2198000
2022-03-17T17:00:00Z,16.915,16.985,16.9,16.925,1594000
2022-03-17T18:00:00Z,16.92,16.97,16.9,16.945,1737800
2022-03-17T19:00:00Z,16.945,16.995,16.855,16.885,3559000
2022-03-18T13:00:00Z,16.97,16.975,16.77,16.945,2363000
2022-03-18T14:00:00Z,16.95,17.015,16.865,16.92,1851400
2022-03-18T15:00:00Z,16.92,16.925,16.845,16.87,1071000
2022-03-18T16:00:00Z,16.87,16.89,16.825,16.825,1198000
2022-03-18T17:00:00Z,16.825,16.865,16.825,16.835,1501800
2022-03-18T18:00:00Z,16.84,16.855,16.76,16.8,2143400
2022-03-18T19:00:00Z,16.8,16.855,16.775,16.83,4183000
2022-03-21T13:00:00Z,16.9,17.07,16.83,16.975,4350400
2022-03-21T14:00:00Z,16.985,17.105,16.955,17.105,2371600
2022-03-21T15:00:00Z,17.105,17.125,17.06,17.115,1743800
2022-03-21T16:00:00Z,17.11,17.12,16.99,17.09,1701400
2022-03-21T17:00:00Z,17.085,17.125,17.02,17.095,1493600
2022-03-21T18:00:00Z,17.09,17.12,17.05,17.105,1294200
2022-03-21T19:00:00Z,17.11,17.275,17.1,17.21,3274200
2022-03-22T13:00:00Z,17.3,17.675,17.3,17.58,6894400
2022-03-22T14:00:00Z,17.58,17.62,17.47,17.54,3129200
2022-03-22T15:00:00Z,17.54,17.575,17.475,17.56,2048000
2022-03-22T16:00:00Z,17.56,17.595,17.525,17.585,1410000
2022-03-22T17:00:00Z,17.59,17.595,17.49,17.5,1906600
2022-03-22T18:00:00Z,17.5,17.58,17.48,17.545,2620200
2022-03-22T19:00:00Z,17.545,17.58,17.505,17.505,2556200
2022-03-23T13:00:00Z,17.5,17.545,17.385,17.505,3071200
2022-03-23T14:00:00Z,17.505,17.6,17.485,17.51,1694200
2022-03-23T15:00:00Z,17.51,17.58,17.485,17.49,1767600
2022-03-23T16:00:00Z,17.495,17.5,17.39,17.4,1497800
2022-03-23T17:00:00Z,17.4,17.425,17.345,17.39,1744000
2022-03-23T18:00:00Z,17.39,17.51,17.375,17.465,1973800
2022-03-23T19:00:00Z,17.465,17.545,17.455,17.51,2052800
2022-03-24T13:00:00Z,17.49,17.62,17.44,17.62,2274400
2022-03-24T14:00:00Z,17.62,17.745,17.595,17.65,2661800
2022-03-24T15:00:00Z,17.655,17.835,17.65,17.78,3383000
2022-03-24T16:00:00Z,17.78,17.785,17.69,17.73,1458000
2022-03-24T17:00:00Z,17.73,17.745,17.66,17.685,1442000
2022-03-24T18:00:00Z,17.685,17.715,17.655,17.68,1105200
2022-03-24T19:00:00Z,17.685,17.695,17.625,17.655,2242400
2022-03-25T13:00:00Z,17.675,17.85,17.6,17.785,2383600
2022-03-25T14:00:00Z,17.785,17.86,17.75,17.775,2845400
2022-03-25T15:00:00Z,17.77,17.805,17.685,17.77,1375600
2022-03-25T16:00:00Z,17.77,17.775,17.63,17.665,1205600
2022-03-25T17:00:00Z,17.665,17.715,17.65,17.705,1212600
2022-03-25T18:00:00Z,17.7,17.715,17.61,17.63,1810000
2022-03-25T19:00:00Z,17.625,17.68,17.535,17.64,2852400
2022-03-28T13:00:00Z,17.715,17.785,17.455,17.48,2957200
2022-03-28T14:00:00Z,17.485,17.555,17.45,17.52,1166600
2022-03-28T15:00:00Z,17.52,17.525,17.42,17.425,1037200
2022-03-28T16:00:00Z,17.42,17.5,17.4,17.465,950400
2022-03-28T17:00:00Z,17.465,17.49,17.42,17.475,913800
2022-03-28T18:00:00Z,17.48,17.525,17.415,17.525,1637600
2022-03-28T19:00:00Z,17.525,17.55,17.44,17.46,2216000
2022-03-29T13:00:00Z,17.7,17.78,17.525,17.57,2993400
2022-03-29T14:00:00Z,17.57,17.6,17.41,17.415,3172600
2022-03-29T15:00:00Z,17.41,17.52,17.38,17.5,1684600
2022-03-29T16:00:00Z,17.505,17.545,17.415,17.44,1751400
2022-03-29T17:00:00Z,17.44,17.48,17.41,17.455,1922200
2022-03-29T18:00:00Z,17.46,17.5,17.435,17.45,2232600
2022-03-29T19:00:00Z,17.45,17.525,17.43,17.485,2190600
2022-03-30T13:00:00Z,17.545,17.545,17.335,17.435,2139800
2022-03-30T14:00:00Z,17.43,17.445,17.335,17.355,1744800
2022-03-30T15:00:00Z,17.35,17.4,17.345,17.36,1135200
2022-03-30T16:00:00Z,17.365,17.365,17.3,17.31,1246400
2022-03-30T17:00:00Z,17.315,17.33,17.265,17.305,1379000
2022-03-30T18:00:00Z,17.305,17.425,17.28,17.395,1824000
2022-03-30T19:00:00Z,17.395,17.485,17.375,17.47,2287800
2022-03-31T13:00:00Z,17.39,17.775,17.385,17.745,6675600
2022-03-31T14:00:00Z,17.75,17.77,17.48,17.5,7267800
2022-03-31T15:00:00Z,17.5,17.525,17.41,17.415,2973000
2022-03-31T16:00:00Z,17.42,17.475,17.355,17.4,13709200
2022-03-31T17:00:00Z,17.4,17.475,17.385,17.465,1530800
2022-03-31T18:00:00Z,17.465,17.48,17.405,17.475,2874400
2022-03-31T19:00:00Z,17.47,17.485,17.22,17.3,4500400
2022-04-01T13:00:00Z,17.475,17.54,17.395,17.415,3729000
2022-04-01T14:00:00Z,17.425,17.475,17.29,17.365,4815200
2022-04-01T15:00:00Z,17.365,17.42,17.32,17.42,5538400
2022-04-01T16:00:00Z,17.42,17.46,17.35,17.425,2938200
2022-04-01T17:00:00Z,17.425,17.495,17.38,17.445,4865200
2022-04-01T18:00:00Z,17.445,17.455,17.35,17.365,21008000
2022-04-01T19:00:00Z,17.365,17.37,17.155,17.295,6001200
2022-04-04T13:00:00Z,17.24,17.285,16.96,17.13,6935600
2022-04-04T14:00:00Z,17.13,17.21,17.095,17.125,1868600
2022-04-04T15:00:00Z,17.115,17.19,17.045,17.145,2523600
2022-04-04T16:00:00Z,17.135,17.18,17.115,17.175,1053800
2022-04-04T17:00:00Z,17.165,17.18,17.12,17.125,1544600
2022-04-04T18:00:00Z,17.125,17.22,17.12,17.21,1637200
2022-04-04T19:00:00Z,17.21,17.215,17.125,17.13,2448400
2022-04-05T13:00:00Z,17.135,17.165,16.835,16.93,4908600
2022-04-05T14:00:00Z,16.93,16.965,16.805,16.845,3960800
2022-04-05T15:00:00Z,16.845,16.87,16.7,16.79,6242200
2022-04-05T16:00:00Z,16.785,16.815,16.7,16.805,2290600
2022-04-05T17:00:00Z,16.805,16.825,16.71,16.72,2873400
2022-04-05T18:00:00Z,16.725,16.8,16.68,16.76,2270200
2022-04-05T19:00:00Z,16.76,16.76,16.68,16.69,4563800
2022-04-06T13:00:00Z,16.725,16.775,16.57,16.635,6526400
2022-04-06T14:00:00Z,16.63,16.685,16.575,16.635,2071400
2022-04-06T15:00:00Z,16.635,16.71,16.62,16.68,1463600
2022-04-06T16:00:00Z,16.675,16.875,16.675,16.85,3735200
2022-04-06T17:00:00Z,16.85,16.875,16.735,16.755,2460800
2022-04-06T18:00:00Z,16.75,16.85,16.605,16.835,3814000
2022-04-06T19:00:00Z,16.83,16.855,16.7,16.735,4747400
2022-04-07T13:00:00Z,16.66,16.86,16.655,16.84,3263000
2022-04-07T14:00:00Z,16.845,16.965,16.765,16.87,2674000
2022-04-07T15:00:00Z,16.875,16.985,16.875,16.94,3110000
2022-04-07T16:00:00Z,16.935,16.985,16.925,16.97,1402000
2022-04-07T17:00:00Z,16.965,17.025,16.94,17.025,2637000
2022-04-07T18:00:00Z,17.02,17.165,17.015,17.165,5490400
2022-04-07T19:00:00Z,17.165,17.295,17.16,17.2,7465200
2022-04-08T13:00:00Z,17.04,17.29,17.015,17.145,3888000
2022-04-08T14:00:00Z,17.155,17.385,17.145,17.37,5961600
2022-04-08T15:00:00Z,17.37,17.445,17.355,17.37,1874800
2022-04-08T16:00:00Z,17.365,17.435,17.33,17.415,2015800
2022-04-08T17:00:00Z,17.415,17.44,17.37,17.415,1993200
2022-04-08T18:00:00Z,17.41,17.485,17.405,17.465,2545200
2022-04-08T19:00:00Z,17.465,17.495,17.35,17.415,4135600
2022-04-11T13:00:00Z,17.325,17.52,17.2,17.505,3587800
2022-04-11T14:00:00Z,17.51,17.565,17.44,17.495,3735400
2022-04-11T15:00:00Z,17.495,17.525,17.425,17.485,2109000
2022-04-11T16:00:00Z,17.48,17.575,17.48,17.53,2221600
2022-04-11T17:00:00Z,17.525,17.59,17.525,17.585,2278800
2022-04-11T18:00:00Z,17.585,17.585,17.53,17.56,1551600
2022-04-11T19:00:00Z,17.56,17.62,17.55,17.56,3224400
2022-04-12T13:00:00Z,17.605,17.745,17.515,17.52,3399800
2022-04-12T14:00:00Z,17.515,17.595,17.48,17.555,1632200
2022-04-12T15:00:00Z,17.555,17.585,17.505,17.56,1018200
2022-04-12T16:00:00Z,17.56,17.565,17.43,17.535,1521400
2022-04-12T17:00:00Z,17.54,17.63,17.495,17.535,3330800
2022-04-12T18:00:00Z,17.53,17.615,17.525,17.585,3632000
2022-04-12T19:00:00Z,17.585,17.59,17.49,17.55,4995400
2022-04-13T13:00:00Z,17.705,17.725,17.455,17.5,4803800
2022-04-13T14:00:00Z,17.51,17.575,17.45,17.56,3070000
2022-04-13T15:00:00Z,17.56,17.595,17.535,17.58,1510200
2022-04-13T16:00:00Z,17.58,17.635,17.555,17.63,1926000
2022-04-13T17:00:00Z,17.625,17.69,17.605,17.615,4293200
2022-04-13T18:00:00Z,17.61,17.695,17.6,17.67,3197600
2022-04-13T19:00:00Z,17.665,17.68,17.58,17.615,4095000
2022-04-14T13:00:00Z,17.545,17.755,17.535,17.675,3224600
2022-04-14T14:00:00Z,17.675,17.77,17.57,17.625,2945600
2022-04-14T15:00:00Z,17.625,17.67,17.58,17.62,1217200
2022-04-14T16:00:00Z,17.62,17.62,17.58,17.59,1157400
2022-04-14T17:00:00Z,17.59,17.665,17.575,17.605,4301000
2022-04-14T18:00:00Z,17.61,17.625,17.57,17.59,2251800
2022-04-14T19:00:00Z,17.585,17.605,17.545,17.58,3368400
2022-04-18T13:00:00Z,17.595,17.995,17.56,17.995,9156400
2022-04-18T14:00:00Z,18,18,17.925,17.97,7107200
2022-04-18T15:00:00Z,17.965,18.115,17.96,18.08,6436800
2022-04-18T16:00:00Z,18.08,18.14,18.07,18.135,3779800
2022-04-18T17:00:00Z,18.135,18.195,18.095,18.17,5381800
2022-04-18T18:00:00Z,18.17,18.21,18.145,18.15,3598800
2022-04-18T19:00:00Z,18.15,18.2,18.12,18.185,5745200
2022-04-19T13:00:00Z,18.19,18.34,18,18.05,5510400
2022-04-19T14:00:00Z,18.055,18.06,17.765,17.785,6474000
2022-04-19T15:00:00Z,17.78,17.83,17.535,17.535,6140200
2022-04-19T16:00:00Z,17.55,17.64,17.55,17.62,2355400
2022-04-19T17:00:00Z,17.62,17.62,17.525,17.57,2807800
2022-04-19T18:00:00Z,17.57,17.595,17.54,17.57,3892200
2022-04-19T19:00:00Z,17.575,17.705,17.545,17.665,5237000
2022-04-20T13:00:00Z,17.62,17.635,17.42,17.52,10738800
2022-04-20T14:00:00Z,17.52,17.55,17.435,17.505,1691000
2022-04-20T15:00:00Z,17.51,17.515,17.43,17.475,1481200
2022-04-20T16:00:00Z,17.48,17.48,17.425,17.43,880600
2022-04-20T17:00:00Z,17.43,17.525,17.405,17.515,1408800
2022-04-20T18:00:00Z,17.515,17.535,17.43,17.46,1259200
2022-04-20T19:00:00Z,17.46,17.54,17.445,17.485,1845200
2022-04-22T13:00:00Z,17.365,17.385,17.135,17.175,6005200
2022-04-22T14:00:00Z,17.175,17.29,17.16,17.215,3037400
2022-04-22T15:00:00Z,17.215,17.26,17.2,17.25,1113400
2022-04-22T16:00:00Z,17.245,17.325,17.23,17.235,1252600
2022-04-22T17:00:00Z,17.235,17.34,17.215,17.245,2040800
2022-04-22T18:00:00Z,17.245,17.29,17.185,17.205,1950200
2022-04-22T19:00:00Z,17.2,17.22,17.075,17.15,4044400
2022-04-25T13:00:00Z,17.125,17.315,17.085,17.09,4681200
2022-04-25T14:00:00Z,17.09,17.145,17.025,17.025,2833200
2022-04-25T15:00:00Z,17.025,17.085,16.985,17.05,1767400
2022-04-25T16:00:00Z,17.05,17.185,17.035,17.185,2058600
2022-04-25T17:00:00Z,17.185,17.32,17.16,17.265,2753400
2022-04-25T18:00:00Z,17.27,17.475,17.26,17.41,3869200
2022-04-25T19:00:00Z,17.41,17.43,17.375,17.4,2012400
2022-04-26T13:00:00Z,17.2,17.28,17,17.205,3603400
2022-04-26T14:00:00Z,17.2,17.215,16.92,16.96,3336200
2022-04-26T15:00:00Z,16.96,16.99,16.84,16.87,3341600
2022-04-26T16:00:00Z,16.865,16.945,16.845,16.925,1690600
2022-04-26T17:00:00Z,16.93,16.955,16.88,16.88,1459600
2022-04-26T18:00:00Z,16.885,16.955,16.8,16.825,2837200
2022-04-26T19:00:00Z,16.825,17.065,16.75,16.985,8713400
2022-04-27T13:00:00Z,17.175,17.4,16.965,17.08,3903000
2022-04-27T14:00:00Z,17.075,17.095,17,17.035,1361400
2022-04-27T15:00:00Z,17.03,17.09,17.025,17.05,1235000
2022-04-27T16:00:00Z,17.055,17.085,16.975,17,4069000
2022-04-27T17:00:00Z,17,17.165,16.95,17.13,2841800
2022-04-27T18:00:00Z,17.12,17.14,17.025,17.07,2264600
2022-04-27T19:00:00Z,17.065,17.075,16.99,17,2290400
2022-04-28T13:00:00Z,17.085,17.14,16.97,17.005,1795200
2022-04-28T14:00:00Z,17.005,17.02,16.83,16.95,3589400
2022-04-28T15:00:00Z,16.94,16.955,16.805,16.82,1832200
2022-04-28T16:00:00Z,16.815,16.875,16.79,16.845,1557600
2022-04-28T17:00:00Z,16.845,17.03,16.79,16.97,2777800
2022-04-28T18:00:00Z,16.96,17.045,16.905,17.025,2507400
2022-04-28T19:00:00Z,17.025,17.2,16.975,17.06,4013600
2022-04-29T13:00:00Z,17.1,17.3,17.03,17.22,2828200
2022-04-29T14:00:00Z,17.215,17.34,17.115,17.205,3469400
2022-04-29T15:00:00Z,17.2,17.21,17.06,17.075,3705800
2022-04-29T16:00:00Z,17.075,17.11,17.005,17.105,1797800
2022-04-29T17:00:00Z,17.105,17.145,17.075,17.1,1013400
2022-04-29T18:00:00Z,17.1,17.145,16.78,16.86,3954200
2022-04-29T19:00:00Z,16.86,16.875,16.55,16.6,6376400
2022-05-02T13:00:00Z,16.635,16.785,16.4,16.44,3278600
2022-05-02T14:00:00Z,16.425,16.57,16.415,16.5,2128800
2022-05-02T15:00:00Z,16.495,16.5,16.355,16.44,1742200
2022-05-02T16:00:00Z,16.44,16.495,16.285,16.34,3105800
2022-05-02T17:00:00Z,16.345,16.425,16.325,16.33,2230600
2022-05-02T18:00:00Z,16.33,16.395,16.265,16.29,3313000
2022-05-02T19:00:00Z,16.29,16.465,16.28,16.46,3611800
2022-05-03T13:00:00Z,16.49,16.86,16.455,16.73,5103200
2022-05-03T14:00:00Z,16.73,16.79,16.665,16.73,2253600
2022-05-03T15:00:00Z,16.73,16.79,16.695,16.775,2224400
2022-05-03T16:00:00Z,16.775,16.87,16.735,16.865,2491400
2022-05-03T17:00:00Z,16.865,16.985,16.85,16.92,3746400
2022-05-03T18:00:00Z,16.91,16.93,16.795,16.855,3728000
2022-05-03T19:00:00Z,16.85,16.9,16.795,16.865,3984000
2022-05-04T13:00:00Z,16.77,16.8,16.6,16.735,2069400
2022-05-04T14:00:00Z,16.745,16.9,16.695,16.89,2797400
2022-05-04T15:00:00Z,16.89,16.925,16.85,16.905,2735000
2022-05-04T16:00:00Z,16.895,17.05,16.875,17.04,3443600
2022-05-04T17:00:00Z,17.04,17.075,16.97,17.055,2221600
2022-05-04T18:00:00Z,17.05,17.305,16.975,17.22,5166400
2022-05-04T19:00:00Z,17.22,17.39,17.19,17.325,5608400
2022-05-05T13:00:00Z,17.18,17.2,16.855,16.9,2946400
2022-05-05T14:00:00Z,16.9,16.905,16.56,16.68,3941600
2022-05-05T15:00:00Z,16.68,16.7,16.5,16.565,4314000
2022-05-05T16:00:00Z,16.56,16.72,16.52,16.675,2822400
2022-05-05T17:00:00Z,16.68,16.75,16.625,16.685,2250400
2022-05-05T18:00:00Z,16.69,16.755,16.63,16.725,3487400
2022-05-05T19:00:00Z,16.725,16.865,16.6,16.805,5604600
2022-05-06T13:00:00Z,16.835,16.96,16.655,16.73,6515200
2022-05-06T14:00:00Z,16.73,17.04,16.73,17.02,4518600
2022-05-06T15:00:00Z,17.02,17.325,17.005,17.195,4901200
2022-05-06T16:00:00Z,17.19,17.2,17,17.085,2490800
2022-05-06T17:00:00Z,17.075,17.11,16.8,16.845,2604000
2022-05-06T18:00:00Z,16.85,17.01,16.79,16.96,2530400
2022-05-06T19:00:00Z,16.955,17.005,16.93,16.975,2465200
2022-05-09T13:00:00Z,16.685,16.885,16.655,16.745,2826200
2022-05-09T14:00:00Z,16.745,16.945,16.685,16.85,2475800
2022-05-09T15:00:00Z,16.85,16.985,16.795,16.97,2440400
2022-05-09T16:00:00Z,16.975,17.14,16.95,17.005,2641400
2022-05-09T17:00:00Z,17.005,17.06,16.965,17.035,2382200
2022-05-09T18:00:00Z,17.04,17.07,16.95,16.995,2725000
2022-05-09T19:00:00Z,17,17.02,16.915,16.925,2674800
2022-05-10T13:00:00Z,17.08,17.13,16.78,16.885,3320000
2022-05-10T14:00:00Z,16.885,16.885,16.76,16.855,2238800
2022-05-10T15:00:00Z,16.845,16.85,16.715,16.74,2145600
2022-05-10T16:00:00Z,16.74,16.775,16.675,16.7,1383200
2022-05-10T17:00:00Z,16.695,16.835,16.655,16.81,3012800
2022-05-10T18:00:00Z,16.815,16.835,16.73,16.78,1620200
2022-05-10T19:00:00Z,16.785,16.805,16.71,16.75,2355400
2022-05-11T13:00:00Z,16.765,17,16.665,17,2897200
2022-05-11T14:00:00Z,17,17.025,16.86,16.995,2048800
2022-05-11T15:00:00Z,16.995,16.995,16.88,16.965,1137800
2022-05-11T16:00:00Z,16.965,16.99,16.885,16.905,1235600
2022-05-11T17:00:00Z,16.91,17.215,16.89,17.14,6090600
2022-05-11T18:00:00Z,17.145,17.3,17.14,17.205,6071000
2022-05-11T19:00:00Z,17.2,17.22,16.985,17.055,4936600
2022-05-12T13:00:00Z,17.4,17.575,17.27,17.315,13835600
2022-05-12T14:00:00Z,17.31,17.555,17.295,17.41,7131400
2022-05-12T15:00:00Z,17.415,17.595,17.4,17.46,4774400
2022-05-12T16:00:00Z,17.465,17.505,17.36,17.47,2562600
2022-05-12T17:00:00Z,17.475,17.51,17.4,17.41,2829800
2022-05-12T18:00:00Z,17.41,17.625,17.38,17.57,5776800
2022-05-12T19:00:00Z,17.575,17.675,17.465,17.58,6988400
2022-05-13T13:00:00Z,17.705,17.725,17.425,17.55,5043400
2022-05-13T14:00:00Z,17.55,17.69,17.515,17.545,3371000
2022-05-13T15:00:00Z,17.545,17.585,17.495,17.535,1558800
2022-05-13T16:00:00Z,17.535,17.58,17.485,17.555,1352800
2022-05-13T17:00:00Z,17.56,17.59,17.5,17.57,13638200
2022-05-13T18:00:00Z,17.565,17.625,17.505,17.62,40980600
2022-05-13T19:00:00Z,17.62,17.695,17.56,17.585,2937000
2022-05-16T13:00:00Z,17.59,17.8,17.53,17.785,7502200
2022-05-16T14:00:00Z,17.785,17.845,17.66,17.8,5560600
2022-05-16T15:00:00Z,17.8,17.83,17.74,17.755,4509200
2022-05-16T16:00:00Z,17.75,17.825,17.745,17.8,2774000
2022-05-16T17:00:00Z,17.805,17.83,17.765,17.805,2698000
2022-05-16T18:00:00Z,17.81,17.835,17.765,17.77,1797200
2022-05-16T19:00:00Z,17.77,17.79,17.7,17.74,9070000
2022-05-17T13:00:00Z,17.96,18.235,17.93,18.23,8258800
2022-05-17T14:00:00Z,18.23,18.29,18.04,18.07,8388800
2022-05-17T15:00:00Z,18.07,18.135,18,18.055,2852200
2022-05-17T16:00:00Z,18.055,18.16,18,18.125,2821200
2022-05-17T17:00:00Z,18.125,18.175,18.1,18.14,2855000
2022-05-17T18:00:00Z,18.14,18.225,18.07,18.215,5397600
2022-05-17T19:00:00Z,18.21,18.25,18.185,18.185,5023000
2022-05-18T13:00:00Z,18.2,18.44,18.16,18.285,5265400
2022-05-18T14:00:00Z,18.28,18.325,18.195,18.195,2277200
2022-05-18T15:00:00Z,18.195,18.22,18.145,18.185,2043400
2022-05-18T16:00:00Z,18.18,18.205,18.1,18.145,1754600
2022-05-18T17:00:00Z,18.14,18.145,17.985,18.01,3287600
2022-05-18T18:00:00Z,18.01,18.065,17.96,17.965,3789400
2022-05-18T19:00:00Z,17.965,18,17.865,17.88,3653400
2022-05-19T13:00:00Z,17.95,18.08,17.82,17.875,2942600
2022-05-19T14:00:00Z,17.875,17.95,17.8,17.81,2278400
2022-05-19T15:00:00Z,17.805,17.87,17.725,17.81,2853000
2022-05-19T16:00:00Z,17.8,17.83,17.755,17.785,1848600
2022-05-19T17:00:00Z,17.78,17.825,17.75,17.82,2022600
2022-05-19T18:00:00Z,17.815,17.86,17.785,17.835,2053200
2022-05-19T19:00:00Z,17.835,17.88,17.815,17.825,2811600
2022-05-20T13:00:00Z,18.135,18.5,18.06,18.495,14622200
2022-05-20T14:00:00Z,18.49,18.5,18.35,18.36,5547000
2022-05-20T15:00:00Z,18.36,18.5,18.34,18.49,5004400
2022-05-20T16:00:00Z,18.49,18.5,18.435,18.455,3361200
2022-05-20T17:00:00Z,18.455,18.475,18.38,18.415,4291400
2022-05-20T18:00:00Z,18.415,18.435,18.325,18.38,4451000
2022-05-20T19:00:00Z,18.38,18.51,18.33,18.485,9025000
2022-05-23T13:00:00Z,18.655,19.03,18.63,18.905,8539200
2022-05-23T14:00:00Z,18.905,19.155,18.845,19.145,9552600
2022-05-23T15:00:00Z,19.145,19.18,19.04,19.13,5746800
2022-05-23T16:00:00Z,19.135,19.19,19.115,19.17,3860600
2022-05-23T17:00:00Z,19.175,19.3,19.16,19.265,5787000
2022-05-23T18:00:00Z,19.27,19.29,19.195,19.24,6108600
2022-05-23T19:00:00Z,19.235,19.26,19.15,19.25,7171000
2022-05-24T13:00:00Z,18.8,19.02,18.735,18.77,14845000
2022-05-24T14:00:00Z,18.77,18.775,18.515,18.585,5654000
2022-05-24T15:00:00Z,18.59,18.74,18.555,18.735,3639400
2022-05-24T16:00:00Z,18.735,18.785,18.675,18.705,2548400
2022-05-24T17:00:00Z,18.71,18.74,18.56,18.695,5795000
2022-05-24T18:00:00Z,18.69,18.885,18.69,18.82,4869600
2022-05-24T19:00:00Z,18.82,18.98,18.79,18.87,6287600
2022-05-25T13:00:00Z,18.765,18.835,18.56,18.6,4088000
2022-05-25T14:00:00Z,18.6,18.645,18.425,18.515,5265400
2022-05-25T15:00:00Z,18.52,18.54,18.4,18.435,3521000
2022-05-25T16:00:00Z,18.435,18.46,18.4,18.42,3159600
2022-05-25T17:00:00Z,18.425,18.585,18.4,18.575,5903200
2022-05-25T18:00:00Z,18.575,18.75,18.52,18.745,4567600
2022-05-25T19:00:00Z,18.745,18.9,18.715,18.845,5682200
2022-05-26T13:00:00Z,18.705,18.95,18.705,18.85,5086200
2022-05-26T14:00:00Z,18.85,19.035,18.82,18.885,3934200
2022-05-26T15:00:00Z,18.885,18.95,18.85,18.86,1831800
2022-05-26T16:00:00Z,18.865,18.905,18.79,18.825,1607400
2022-05-26T17:00:00Z,18.825,18.85,18.73,18.735,2206400
2022-05-26T18:00:00Z,18.74,18.765,18.665,18.755,3686400
2022-05-26T19:00:00Z,18.755,18.83,18.74,18.75,4410000
2022-05-27T13:00:00Z,18.68,18.68,18.455,18.53,5893800
2022-05-27T14:00:00Z,18.53,18.595,18.365,18.575,6392800
2022-05-27T15:00:00Z,18.57,18.58,18.535,18.56,1426000
2022-05-27T16:00:00Z,18.56,18.56,18.515,18.545,2128200
2022-05-27T17:00:00Z,18.54,18.565,18.47,18.56,2267400
2022-05-27T18:00:00Z,18.56,18.575,18.51,18.52,1914400
2022-05-27T19:00:00Z,18.525,18.54,18.435,18.47,3759200
2022-05-30T13:00:00Z,18.6,18.6,18,18.11,9665400
2022-05-30T14:00:00Z,18.11,18.13,17.625,17.71,13930800
2022-05-30T15:00:00Z,17.7,17.785,17.68,17.75,4408600
2022-05-30T16:00:00Z,17.75,17.885,17.745,17.86,5572000
2022-05-30T17:00:00Z,17.865,17.945,17.835,17.905,5085000
2022-05-30T18:00:00Z,17.9,17.95,17.9,17.925,3898800
2022-05-30T19:00:00Z,17.925,17.95,17.915,17.925,4995400
2022-05-31T13:00:00Z,18.07,18.405,18,18.36,6522000
2022-05-31T14:00:00Z,18.36,18.54,18.355,18.53,4501600
2022-05-31T15:00:00Z,18.535,18.575,18.43,18.485,3385800
2022-05-31T16:00:00Z,18.485,18.515,18.405,18.45,3339600
2022-05-31T17:00:00Z,18.45,18.485,18.43,18.465,1734400
2022-05-31T18:00:00Z,18.47,18.48,18.28,18.3,3273200
2022-05-31T19:00:00Z,18.305,18.355,18.235,18.275,5195400
2022-06-01T13:00:00Z,18.5,18.5,18.085,18.09,3816600
2022-06-01T14:00:00Z,18.095,18.21,18.025,18.205,4322600
2022-06-01T15:00:00Z,18.205,18.245,18.15,18.195,2892400
2022-06-01T16:00:00Z,18.2,18.235,18.185,18.22,4300200
2022-06-01T17:00:00Z,18.225,18.325,18.195,18.29,2191800
2022-06-01T18:00:00Z,18.285,18.375,18.255,18.345,2948800
2022-06-01T19:00:00Z,18.345,18.39,18.31,18.38,3830000
2022-06-02T13:00:00Z,18.455,18.545,18.25,18.285,4328200
2022-06-02T14:00:00Z,18.295,18.33,18.225,18.33,3986400
2022-06-02T15:00:00Z,18.33,18.42,18.28,18.375,1780000
2022-06-02T16:00:00Z,18.375,18.4,18.33,18.345,1391400
2022-06-02T17:00:00Z,18.35,18.4,18.31,18.385,1712400
2022-06-02T18:00:00Z,18.39,18.4,18.31,18.355,1914400
2022-06-02T19:00:00Z,18.355,18.385,18.29,18.37,2419400
2022-06-03T13:00:00Z,18.305,18.31,18.165,18.215,2312400
2022-06-03T14:00:00Z,18.21,18.235,18.05,18.065,2642800
2022-06-03T15:00:00Z,18.06,18.165,17.985,18.09,2210600
2022-06-03T16:00:00Z,18.09,18.11,18.015,18.045,1111800
2022-06-03T17:00:00Z,18.045,18.17,18.025,18.055,3073800
2022-06-03T18:00:00Z,18.05,18.07,18.01,18.065,1478000
2022-06-03T19:00:00Z,18.06,18.125,18.025,18.075,2217600
2022-06-06T13:00:00Z,18.13,18.29,18.1,18.11,2517600
2022-06-06T14:00:00Z,18.12,18.145,17.86,17.885,2617000
2022-06-06T15:00:00Z,17.885,17.965,17.85,17.94,4205600
2022-06-06T16:00:00Z,17.945,17.95,17.885,17.935,882400
2022-06-06T17:00:00Z,17.935,17.985,17.905,17.94,1660200
2022-06-06T18:00:00Z,17.955,17.955,17.875,17.91,1296400
2022-06-06T19:00:00Z,17.905,17.925,17.88,17.92,1702200
2022-06-07T13:00:00Z,17.8,17.93,17.68,17.73,3376600
2022-06-07T14:00:00Z,17.725,17.785,17.695,17.73,1811400
2022-06-07T15:00:00Z,17.73,17.8,17.715,17.74,1366600
2022-06-07T16:00:00Z,17.74,17.815,17.735,17.8,1198000
2022-06-07T17:00:00Z,17.79,17.815,17.695,17.725,1325000
2022-06-07T18:00:00Z,17.72,17.79,17.71,17.75,1513600
2022-06-07T19:00:00Z,17.745,17.795,17.73,17.785,2031600
2022-06-08T13:00:00Z,17.62,17.705,17.515,17.675,2716200
2022-06-08T14:00:00Z,17.685,17.7,17.6,17.66,1503400
2022-06-08T15:00:00Z,17.655,17.705,17.635,17.695,1017600
2022-06-08T16:00:00Z,17.7,17.755,17.635,17.705,1467400
2022-06-08T17:00:00Z,17.705,17.705,17.61,17.625,1016000
2022-06-08T18:00:00Z,17.62,17.64,17.47,17.52,2216800
2022-06-08T19:00:00Z,17.515,17.65,17.465,17.595,4299400
2022-06-09T13:00:00Z,17.525,17.64,17.46,17.615,2133600
2022-06-09T14:00:00Z,17.615,17.795,17.615,17.75,4995800
2022-06-09T15:00:00Z,17.75,17.755,17.645,17.695,2529400
2022-06-09T16:00:00Z,17.695,17.795,17.665,17.745,2699000
2022-06-09T17:00:00Z,17.75,17.775,17.68,17.775,1368800
2022-06-09T18:00:00Z,17.77,17.795,17.725,17.735,1527800
2022-06-09T19:00:00Z,17.73,17.74,17.575,17.655,2510200
2022-06-10T13:00:00Z,17.445,17.535,17.25,17.4,5253000
2022-06-10T14:00:00Z,17.405,17.685,17.315,17.335,4609200
2022-06-10T15:00:00Z,17.33,17.33,17.26,17.265,3610200
2022-06-10T16:00:00Z,17.27,17.305,17.2,17.22,5384400
2022-06-10T17:00:00Z,17.215,17.29,17.185,17.255,29173400
2022-06-10T18:00:00Z,17.25,17.3,17.16,17.165,11650600
2022-06-10T19:00:00Z,17.165,17.29,17.135,17.225,5988600
2022-06-13T13:00:00Z,17.055,17.22,16.975,16.975,2841000
2022-06-13T14:00:00Z,16.985,17.005,16.77,16.835,4773200
2022-06-13T15:00:00Z,16.835,16.92,16.82,16.885,5971800
2022-06-13T16:00:00Z,16.885,16.945,16.83,16.84,1919800
2022-06-13T17:00:00Z,16.84,16.88,16.79,16.83,3308200
2022-06-13T18:00:00Z,16.825,16.865,16.78,16.805,2976200
2022-06-13T19:00:00Z,16.8,16.83,16.75,16.805,4394400
2022-06-14T13:00:00Z,16.835,17.015,16.8,16.985,4363000
2022-06-14T14:00:00Z,16.98,17.015,16.8,16.82,3786200
2022-06-14T15:00:00Z,16.82,16.875,16.81,16.835,1694400
2022-06-14T16:00:00Z,16.83,16.835,16.78,16.835,1649600
2022-06-14T17:00:00Z,16.83,16.915,16.77,16.785,2472800
2022-06-14T18:00:00Z,16.775,16.8,16.67,16.69,5301800
2022-06-14T19:00:00Z,16.69,16.85,16.67,16.825,4173000
2022-06-15T13:00:00Z,16.92,17.145,16.835,17.145,5288000
2022-06-15T14:00:00Z,17.14,17.17,16.955,16.97,2790600
2022-06-15T15:00:00Z,16.975,17.005,16.87,16.93,2425000
2022-06-15T16:00:00Z,16.93,17.025,16.915,16.985,1821000
2022-06-15T17:00:00Z,16.985,17.1,16.975,17.1,2607600
2022-06-15T18:00:00Z,17.1,17.245,16.935,17.15,5399600
2022-06-15T19:00:00Z,17.15,17.2,17.025,17.05,3970600
2022-06-17T13:00:00Z,16.875,16.965,16.69,16.845,4576400
2022-06-17T14:00:00Z,16.845,16.865,16.605,16.675,6486000
2022-06-17T15:00:00Z,16.67,16.79,16.645,16.765,14506800
2022-06-17T16:00:00Z,16.76,16.815,16.74,16.79,13639400
2022-06-17T17:00:00Z,16.79,16.845,16.775,16.82,1650800
2022-06-17T18:00:00Z,16.815,17.005,16.815,16.995,2439200
2022-06-17T19:00:00Z,16.99,17.18,16.965,17.07,4005000
2022-06-20T13:00:00Z,17.105,17.41,16.785,16.935,6799600
2022-06-20T14:00:00Z,16.93,17.25,16.925,17.24,3191800
2022-06-20T15:00:00Z,17.24,17.405,17.195,17.345,4142600
2022-06-20T16:00:00Z,17.345,17.455,17.29,17.35,2799000
2022-06-20T17:00:00Z,17.35,17.465,17.32,17.365,3000600
2022-06-20T18:00:00Z,17.365,17.43,17.3,17.315,3198600
2022-06-20T19:00:00Z,17.315,17.365,17.215,17.215,3235000
2022-06-21T13:00:00Z,17.35,17.42,17.065,17.075,3187600
2022-06-21T14:00:00Z,17.08,17.09,16.96,16.985,4184000
2022-06-21T15:00:00Z,16.985,17.01,16.89,16.91,2148000
2022-06-21T16:00:00Z,16.915,16.93,16.77,16.8,2993200
2022-06-21T17:00:00Z,16.805,16.82,16.51,16.515,12113200
2022-06-21T18:00:00Z,16.515,16.54,16.4,16.455,10174800
2022-06-21T19:00:00Z,16.455,16.505,16.42,16.43,11384600
2022-06-22T13:00:00Z,16.4,16.425,16.225,16.335,11834200
2022-06-22T14:00:00Z,16.335,16.655,16.305,16.605,7216200
2022-06-22T15:00:00Z,16.61,16.685,16.56,16.575,6086600
2022-06-22T16:00:00Z,16.58,16.58,16.425,16.5,4261600
2022-06-22T17:00:00Z,16.495,16.53,16.365,16.4,6735000
2022-06-22T18:00:00Z,16.405,16.505,16.4,16.475,2905400
2022-06-22T19:00:00Z,16.475,16.5,16.34,16.405,7719400
2022-06-23T13:00:00Z,16.455,16.475,16.205,16.265,6443200
2022-06-23T14:00:00Z,16.26,16.275,16.12,16.27,4504000
2022-06-23T15:00:00Z,16.275,16.315,16.205,16.235,2793400
2022-06-23T16:00:00Z,16.235,16.275,16.18,16.225,2280000
2022-06-23T17:00:00Z,16.225,16.28,16.185,16.24,1982200
2022-06-23T18:00:00Z,16.235,16.265,16.195,16.205,2876400
2022-06-23T19:00:00Z,16.205,16.32,16.175,16.32,6603000
2022-06-24T13:00:00Z,16.435,16.49,16.125,16.21,2930400
2022-06-24T14:00:00Z,16.215,16.32,16.185,16.21,2422600
2022-06-24T15:00:00Z,16.205,16.22,16.155,16.195,2003400
2022-06-24T16:00:00Z,16.195,16.24,16.185,16.23,1002800
2022-06-24T17:00:00Z,16.225,16.245,16.15,16.155,1286600
2022-06-24T18:00:00Z,16.155,16.21,16.075,16.085,2399000
2022-06-24T19:00:00Z,16.085,16.17,16.05,16.16,2761600
2022-06-27T13:00:00Z,16.23,16.425,16.185,16.4,2460400
2022-06-27T14:00:00Z,16.4,16.54,16.35,16.515,3894800
2022-06-27T15:00:00Z,16.51,16.55,16.495,16.51,1798600
2022-06-27T16:00:00Z,16.515,16.54,16.5,16.505,1676600
2022-06-27T17:00:00Z,16.51,16.585,16.505,16.585,2003200
2022-06-27T18:00:00Z,16.585,16.595,16.53,16.53,2447200
2022-06-27T19:00:00Z,16.535,16.565,16.485,16.54,2231400
2022-06-28T13:00:00Z,16.7,16.955,16.7,16.85,5768800
2022-06-28T14:00:00Z,16.85,16.885,16.71,16.775,5076600
2022-06-28T15:00:00Z,16.77,16.8,16.62,16.625,2015000
2022-06-28T16:00:00Z,16.62,16.63,16.565,16.605,1689000
2022-06-28T17:00:00Z,16.61,16.61,16.515,16.54,2012400
2022-06-28T18:00:00Z,16.54,16.565,16.44,16.555,1814400
2022-06-28T19:00:00Z,16.55,16.59,16.495,16.59,3364200
2022-06-29T13:00:00Z,16.615,16.79,16.54,16.605,2245400
2022-06-29T14:00:00Z,16.605,16.62,16.49,16.545,2187000
2022-06-29T15:00:00Z,16.545,16.56,16.5,16.505,1498600
2022-06-29T16:00:00Z,16.505,16.54,16.46,16.495,1401800
2022-06-29T17:00:00Z,16.49,16.575,16.475,16.575,1461600
2022-06-29T18:00:00Z,16.575,16.61,16.5,16.53,1911200
2022-06-29T19:00:00Z,16.53,16.59,16.5,16.52,2664600
2022-06-30T13:00:00Z,16.325,16.36,16.12,16.285,3549200
2022-06-30T14:00:00Z,16.27,16.455,16.25,16.43,2816800
2022-06-30T15:00:00Z,16.43,16.5,16.36,16.48,3465200
2022-06-30T16:00:00Z,16.475,16.765,16.475,16.755,6513400
2022-06-30T17:00:00Z,16.75,16.79,16.65,16.765,5038200
2022-06-30T18:00:00Z,16.765,16.77,16.53,16.57,3900400
2022-06-30T19:00:00Z,16.57,16.695,16.53,16.67,6508400
2022-07-01T13:00:00Z,16.525,16.62,16.4,16.49,2474000
2022-07-01T14:00:00Z,16.49,16.575,16.425,16.53,2156400
2022-07-01T15:00:00Z,16.53,16.585,16.475,16.49,1436000
2022-07-01T16:00:00Z,16.49,16.525,16.435,16.46,1579400
2022-07-01T17:00:00Z,16.455,16.505,16.405,16.49,2587000
2022-07-01T18:00:00Z,16.49,16.625,16.485,16.57,1745800
2022-07-01T19:00:00Z,16.565,16.67,16.54,16.625,2366000
2022-07-04T13:00:00Z,16.555,16.6,16.4,16.42,1362800
2022-07-04T14:00:00Z,16.415,16.53,16.41,16.485,1203200
2022-07-04T15:00:00Z,16.485,16.58,16.475,16.51,1302200
2022-07-04T16:00:00Z,16.5,16.515,16.44,16.485,647400
2022-07-04T17:00:00Z,16.485,16.54,16.465,16.495,831200
2022-07-04T18:00:00Z,16.495,16.615,16.48,16.57,2177000
2022-07-04T19:00:00Z,16.56,16.6,16.49,16.525,1793400
2022-07-05T13:00:00Z,16.435,16.51,16.255,16.29,2182200
2022-07-05T14:00:00Z,16.29,16.415,16.27,16.295,1909400
2022-07-05T15:00:00Z,16.305,16.305,16.2,16.205,1643800
2022-07-05T16:00:00Z,16.21,16.265,16.17,16.195,1661800
2022-07-05T17:00:00Z,16.195,16.275,16.18,16.25,1903600
2022-07-05T18:00:00Z,16.255,16.35,16.245,16.31,1608200
2022-07-05T19:00:00Z,16.315,16.395,16.28,16.37,2693000
2022-07-06T13:00:00Z,16.34,16.54,16.31,16.42,2512200
2022-07-06T14:00:00Z,16.42,16.46,16.325,16.355,2278000
2022-07-06T15:00:00Z,16.35,16.355,16.195,16.3,2457000
2022-07-06T16:00:00Z,16.3,16.305,16.175,16.185,1685200
2022-07-06T17:00:00Z,16.19,16.235,16.12,16.185,2296200
2022-07-06T18:00:00Z,16.18,16.31,16.1,16.265,3595600
2022-07-06T19:00:00Z,16.265,16.405,16.24,16.35,2702600
2022-07-07T13:00:00Z,16.475,16.665,16.475,16.6,3808600
2022-07-07T14:00:00Z,16.6,16.64,16.53,16.545,3098200
2022-07-07T15:00:00Z,16.545,16.58,16.475,16.5,1663800
2022-07-07T16:00:00Z,16.5,16.525,16.475,16.515,850400
2022-07-07T17:00:00Z,16.51,16.575,16.505,16.53,1579200
2022-07-07T18:00:00Z,16.53,16.695,16.52,16.615,2222600
2022-07-07T19:00:00Z,16.61,16.64,16.565,16.61,2047000
2022-07-08T13:00:00Z,16.585,16.76,16.565,16.61,2163600
2022-07-08T14:00:00Z,16.605,16.73,16.53,16.71,2160400
2022-07-08T15:00:00Z,16.705,16.745,16.675,16.71,2170400
2022-07-08T16:00:00Z,16.71,16.76,16.645,16.67,2155600
2022-07-08T17:00:00Z,16.67,16.75,16.625,16.71,3457800
2022-07-08T18:00:00Z,16.705,16.8,16.685,16.755,1527800
2022-07-08T19:00:00Z,16.755,16.82,16.73,16.775,2379200
2022-07-11T13:00:00Z,16.565,16.655,16.46,16.62,2706000
2022-07-11T14:00:00Z,16.61,16.645,16.55,16.57,1417400
2022-07-11T15:00:00Z,16.575,16.61,16.53,16.565,991600
2022-07-11T16:00:00Z,16.57,16.595,16.53,16.565,965200
2022-07-11T17:00:00Z,16.56,16.57,16.505,16.52,1457000
2022-07-11T18:00:00Z,16.52,16.525,16.375,16.375,2343000
2022-07-11T19:00:00Z,16.375,16.445,16.375,16.415,1970400
2022-07-12T13:00:00Z,16.495,16.495,16.22,16.295,2194000
2022-07-12T14:00:00Z,16.295,16.47,16.285,16.465,1468400
2022-07-12T15:00:00Z,16.465,16.52,16.43,16.48,1380400
2022-07-12T16:00:00Z,16.48,16.54,16.455,16.47,1166200
2022-07-12T17:00:00Z,16.47,16.56,16.43,16.555,2036800
2022-07-12T18:00:00Z,16.555,16.56,16.49,16.505,2314800
2022-07-12T19:00:00Z,16.505,16.505,16.425,16.46,2229200
2022-07-13T13:00:00Z,16.4,16.52,16.34,16.375,2762800
2022-07-13T14:00:00Z,16.375,16.545,16.295,16.525,1886800
2022-07-13T15:00:00Z,16.525,16.54,16.42,16.425,767400
2022-07-13T16:00:00Z,16.425,16.455,16.4,16.435,536200
2022-07-13T17:00:00Z,16.43,16.47,16.355,16.405,968800
2022-07-13T18:00:00Z,16.405,16.415,16.33,16.395,13540400
2022-07-13T19:00:00Z,16.395,16.395,16.255,16.295,2509400
2022-07-14T13:00:00Z,16.25,16.25,15.96,16.02,5103200
2022-07-14T14:00:00Z,16.015,16.185,16.01,16.16,4397000
2022-07-14T15:00:00Z,16.16,16.2,16.13,16.14,1403200
2022-07-14T16:00:00Z,16.135,16.16,16.095,16.135,1725600
2022-07-14T17:00:00Z,16.14,16.205,16.115,16.12,1353400
2022-07-14T18:00:00Z,16.115,16.29,16.115,16.28,4107800
2022-07-14T19:00:00Z,16.28,16.345,16.245,16.325,3019800
2022-07-15T13:00:00Z,16.3,16.345,16.11,16.22,2956400
2022-07-15T14:00:00Z,16.225,16.625,16.225,16.62,4651400
2022-07-15T15:00:00Z,16.615,16.8,16.6,16.785,5811200
2022-07-15T16:00:00Z,16.785,16.805,16.615,16.625,3241400
2022-07-15T17:00:00Z,16.62,16.71,16.61,16.675,1224200
2022-07-15T18:00:00Z,16.67,16.72,16.625,16.695,1925600
2022-07-15T19:00:00Z,16.695,16.7,16.63,16.655,2768800
2022-07-18T13:00:00Z,16.75,16.935,16.675,16.92,3160800
2022-07-18T14:00:00Z,16.915,17.035,16.905,17.02,4222400
2022-07-18T15:00:00Z,17.015,17.025,16.9,16.905,1667000
2022-07-18T16:00:00Z,16.91,17.01,16.885,16.995,1320200
2022-07-18T17:00:00Z,16.995,17.01,16.8,16.805,2755200
2022-07-18T18:00:00Z,16.805,16.895,16.805,16.86,1952800
2022-07-18T19:00:00Z,16.865,16.955,16.85,16.91,4553400
2022-07-19T13:00:00Z,16.94,17.135,16.895,17.02,6416200
2022-07-19T14:00:00Z,17.025,17.155,16.985,17.09,5933200
2022-07-19T15:00:00Z,17.09,17.135,17.06,17.11,1008400
2022-07-19T16:00:00Z,17.1,17.225,17.09,17.2,4153600
2022-07-19T17:00:00Z,17.2,17.245,17.16,17.195,1848200
2022-07-19T18:00:00Z,17.19,17.265,17.18,17.26,4019600
2022-07-19T19:00:00Z,17.265,17.35,17.25,17.345,3927600
2022-07-20T13:00:00Z,17.27,17.515,17.23,17.37,5461600
2022-07-20T14:00:00Z,17.365,17.42,17.195,17.37,2731600
2022-07-20T15:00:00Z,17.37,17.375,17.25,17.305,1506000
2022-07-20T16:00:00Z,17.31,17.42,17.285,17.39,1904600
2022-07-20T17:00:00Z,17.39,17.395,17.265,17.28,1760000
2022-07-20T18:00:00Z,17.28,17.37,17.27,17.365,1649200
2022-07-20T19:00:00Z,17.365,17.415,17.345,17.355,2392000
2022-07-21T13:00:00Z,17.31,17.31,17.035,17.11,3130000
2022-07-21T14:00:00Z,17.115,17.32,17.06,17.32,1872000
2022-07-21T15:00:00Z,17.32,17.385,17.265,17.345,1632200
2022-07-21T16:00:00Z,17.345,17.44,17.345,17.38,1012800
2022-07-21T17:00:00Z,17.375,17.42,17.3,17.33,1256400
2022-07-21T18:00:00Z,17.325,17.34,17.28,17.305,918600
2022-07-21T19:00:00Z,17.31,17.43,17.305,17.365,4111400
2022-07-22T13:00:00Z,17.46,17.575,17.315,17.325,2455000
2022-07-22T14:00:00Z,17.33,17.445,17.31,17.395,1486800
2022-07-22T15:00:00Z,17.39,17.415,17.28,17.335,1710000
2022-07-22T16:00:00Z,17.335,17.465,17.295,17.445,1560800
2022-07-22T17:00:00Z,17.455,17.455,17.27,17.32,1340400
2022-07-22T18:00:00Z,17.32,17.32,17.205,17.225,1524800
2022-07-22T19:00:00Z,17.225,17.36,17.215,17.32,1732200
2022-07-25T13:00:00Z,17.275,17.585,17.275,17.555,5796000
2022-07-25T14:00:00Z,17.56,17.59,17.485,17.565,5608800
2022-07-25T15:00:00Z,17.555,17.605,17.55,17.59,1980200
2022-07-25T16:00:00Z,17.595,17.6,17.545,17.58,2243000
2022-07-25T17:00:00Z,17.585,17.625,17.575,17.595,1836000
2022-07-25T18:00:00Z,17.59,17.655,17.585,17.605,1609400
2022-07-25T19:00:00Z,17.61,17.64,17.58,17.62,2963000
2022-07-26T13:00:00Z,17.68,17.805,17.565,17.75,7633200
2022-07-26T14:00:00Z,17.755,17.89,17.73,17.87,2760800
2022-07-26T15:00:00Z,17.875,17.895,17.725,17.785,2081400
2022-07-26T16:00:00Z,17.785,17.815,17.745,17.795,1208400
2022-07-26T17:00:00Z,17.795,17.835,17.725,17.75,2366000
2022-07-26T18:00:00Z,17.75,17.765,17.66,17.675,1864600
2022-07-26T19:00:00Z,17.675,17.695,17.58,17.59,2332000
2022-07-27T13:00:00Z,17.705,17.79,17.625,17.69,2056400
2022-07-27T14:00:00Z,17.695,17.73,17.635,17.655,1416400
2022-07-27T15:00:00Z,17.66,17.69,17.65,17.67,732800
2022-07-27T16:00:00Z,17.67,17.7,17.655,17.66,1019400
2022-07-27T17:00:00Z,17.66,17.69,17.64,17.65,868000
2022-07-27T18:00:00Z,17.65,17.77,17.565,17.7,2759800
2022-07-27T19:00:00Z,17.7,17.82,17.69,17.795,3124200
2022-07-28T13:00:00Z,17.825,17.935,17.72,17.84,2379800
2022-07-28T14:00:00Z,17.84,17.86,17.72,17.775,1621000
2022-07-28T15:00:00Z,17.775,17.885,17.77,17.86,952600
2022-07-28T16:00:00Z,17.86,17.95,17.85,17.945,1159600
2022-07-28T17:00:00Z,17.945,18.145,17.925,18.115,2493600
2022-07-28T18:00:00Z,18.11,18.16,18.065,18.09,2837400
2022-07-28T19:00:00Z,18.09,18.16,18.065,18.1,2975200
2022-07-29T13:00:00Z,18.085,18.175,17.95,18.085,1789800
2022-07-29T14:00:00Z,18.075,18.16,18.015,18.14,1825400
2022-07-29T15:00:00Z,18.14,18.175,18.085,18.115,1256400
2022-07-29T16:00:00Z,18.11,18.245,18.065,18.22,2561000
2022-07-29T17:00:00Z,18.22,18.295,18.205,18.265,1455000
2022-07-29T18:00:00Z,18.265,18.295,18.23,18.24,2238400
2022-07-29T19:00:00Z,18.235,18.26,18.06,18.075,2969600
2022-08-01T13:00:00Z,17.99,18.09,17.845,18.01,2698600
2022-08-01T14:00:00Z,18.01,18.075,17.89,18.065,2096600
2022-08-01T15:00:00Z,18.06,18.11,17.975,17.995,1547200
2022-08-01T16:00:00Z,17.995,18.065,17.95,17.975,1603400
2022-08-01T17:00:00Z,17.975,17.995,17.84,17.88,1675800
2022-08-01T18:00:00Z,17.875,17.895,17.765,17.81,6112600
2022-08-01T19:00:00Z,17.805,17.83,17.76,17.795,4502000
2022-08-02T13:00:00Z,17.85,18.02,17.755,17.93,2662000
2022-08-02T14:00:00Z,17.93,18.16,17.835,18.125,3264600
2022-08-02T15:00:00Z,18.12,18.225,18.05,18.15,3293600
2022-08-02T16:00:00Z,18.15,18.165,18.09,18.125,1265200
2022-08-02T17:00:00Z,18.12,18.16,17.97,18.04,1536000
2022-08-02T18:00:00Z,18.035,18.16,18,18.125,2231000
2022-08-02T19:00:00Z,18.12,18.135,18.05,18.07,2108800
2022-08-03T13:00:00Z,18.115,18.17,17.94,18.08,3569200
2022-08-03T14:00:00Z,18.085,18.195,17.975,18.17,1965600
2022-08-03T15:00:00Z,18.17,18.265,18.135,18.255,1504200
2022-08-03T16:00:00Z,18.26,18.29,18.22,18.24,750400
2022-08-03T17:00:00Z,18.23,18.27,18.195,18.235,811400
2022-08-03T18:00:00Z,18.235,18.29,18.225,18.24,2828400
2022-08-03T19:00:00Z,18.235,18.285,18.215,18.225,1376800
2022-08-04T13:00:00Z,18.345,18.545,18.25,18.5,5996000
2022-08-04T14:00:00Z,18.5,18.5,18.355,18.4,2244400
2022-08-04T15:00:00Z,18.4,18.435,18.375,18.405,1320000
2022-08-04T16:00:00Z,18.405,18.445,18.385,18.435,1143800
2022-08-04T17:00:00Z,18.43,18.53,18.405,18.515,2432400
2022-08-04T18:00:00Z,18.505,18.55,18.48,18.525,3533400
2022-08-04T19:00:00Z,18.525,18.56,18.49,18.55,4189800
2022-08-05T13:00:00Z,18.55,18.725,18.475,18.69,2289000
2022-08-05T14:00:00Z,18.695,18.84,18.65,18.83,2157400
2022-08-05T15:00:00Z,18.83,18.845,18.585,18.615,1614400
2022-08-05T16:00:00Z,18.61,18.77,18.61,18.76,1343400
2022-08-05T17:00:00Z,18.755,18.865,18.715,18.81,2884800
2022-08-05T18:00:00Z,18.805,18.82,18.685,18.76,2907400
2022-08-05T19:00:00Z,18.76,18.915,18.76,18.89,4819600
2022-08-08T13:00:00Z,18.975,19.55,18.88,19.285,10119800
2022-08-08T14:00:00Z,19.285,19.395,19.185,19.365,5309600
2022-08-08T15:00:00Z,19.365,19.535,19.335,19.395,8584600
2022-08-08T16:00:00Z,19.395,19.515,19.38,19.485,2102400
2022-08-08T17:00:00Z,19.49,19.505,19.415,19.495,2558200
2022-08-08T18:00:00Z,19.495,19.5,19.43,19.455,2305200
2022-08-08T19:00:00Z,19.46,19.525,19.4,19.5,3337200
2022-08-09T13:00:00Z,19.55,19.97,19.525,19.795,8253400
2022-08-09T14:00:00Z,19.8,19.855,19.415,19.605,7428000
2022-08-09T15:00:00Z,19.605,19.605,19.455,19.58,2824800
2022-08-09T16:00:00Z,19.58,19.715,19.525,19.695,1776600
2022-08-09T17:00:00Z,19.695,19.715,19.6,19.615,1944000
2022-08-09T18:00:00Z,19.62,19.695,19.575,19.66,2764800
2022-08-09T19:00:00Z,19.665,19.775,19.6,19.775,5987200
2022-08-10T13:00:00Z,19.96,19.99,19.84,19.88,5007800
2022-08-10T14:00:00Z,19.875,20.025,19.825,20.005,4936600
2022-08-10T15:00:00Z,20.005,20.015,19.845,19.91,2560600
2022-08-10T16:00:00Z,19.905,19.975,19.89,19.965,1900000
2022-08-10T17:00:00Z,19.96,19.995,19.915,19.935,2950400
2022-08-10T18:00:00Z,19.93,20.025,19.92,19.99,3040000
2022-08-10T19:00:00Z,19.99,20.08,19.925,20.055,4294000
2022-08-11T13:00:00Z,21.075,21.19,20.815,20.91,30904200
2022-08-11T14:00:00Z,20.915,21.085,20.805,20.93,14141400
2022-08-11T15:00:00Z,20.925,21.085,20.92,21.06,9367000
2022-08-11T16:00:00Z,21.06,21.075,20.99,21,4394200
2022-08-11T17:00:00Z,21,21.015,20.89,20.975,18703400
2022-08-11T18:00:00Z,20.98,21,20.85,20.91,25856200
2022-08-11T19:00:00Z,20.905,20.95,20.78,20.915,16427000
2022-08-12T13:00:00Z,21.015,21.345,21,21.2,9248400
2022-08-12T14:00:00Z,21.2,21.415,21.16,21.355,8618800
2022-08-12T15:00:00Z,21.36,21.45,21.345,21.435,4885000
2022-08-12T16:00:00Z,21.435,21.84,21.43,21.775,17220000
2022-08-12T17:00:00Z,21.78,21.815,21.74,21.8,4964200
2022-08-12T18:00:00Z,21.8,21.89,21.78,21.85,26807000
2022-08-12T19:00:00Z,21.845,22.165,21.84,22,11960600
2022-08-15T13:00:00Z,21.845,21.88,21.425,21.585,10987800
2022-08-15T14:00:00Z,21.575,21.66,21.41,21.605,5729600
2022-08-15T15:00:00Z,21.6,21.745,21.47,21.7,3965800
2022-08-15T16:00:00Z,21.695,21.74,21.55,21.555,1930000
2022-08-15T17:00:00Z,21.56,21.6,21.47,21.535,4103000
2022-08-15T18:00:00Z,21.54,21.615,21.495,21.565,3581400
2022-08-15T19:00:00Z,21.565,21.7,21.49,21.5,5015800
2022-08-16T13:00:00Z,21.5,21.665,21.215,21.64,5029800
2022-08-16T14:00:00Z,21.65,21.745,21.585,21.61,5094400
2022-08-16T15:00:00Z,21.61,21.645,21.52,21.575,3000000
2022-08-16T16:00:00Z,21.57,21.595,21.48,21.49,2835000
2022-08-16T17:00:00Z,21.49,21.515,21.325,21.405,3706400
2022-08-16T18:00:00Z,21.41,21.48,21.35,21.365,3235400
2022-08-16T19:00:00Z,21.37,21.63,21.315,21.63,16545600
2022-08-17T13:00:00Z,21.415,21.715,21.415,21.665,2634800
2022-08-17T14:00:00Z,21.66,21.71,21.57,21.59,3386600
2022-08-17T15:00:00Z,21.585,21.61,21.48,21.525,3046200
2022-08-17T16:00:00Z,21.525,21.555,21.46,21.465,3876200
2022-08-17T17:00:00Z,21.47,21.49,21.2,21.305,7124000
2022-08-17T18:00:00Z,21.315,21.415,21.215,21.225,4865200
2022-08-17T19:00:00Z,21.23,21.545,21.21,21.455,21455600
2022-08-18T13:00:00Z,21.405,21.545,21.155,21.185,4203800
2022-08-18T14:00:00Z,21.18,21.22,21.105,21.195,3736600
2022-08-18T15:00:00Z,21.195,21.215,21.1,21.1,3303600
2022-08-18T16:00:00Z,21.105,21.11,20.96,20.965,3494600
2022-08-18T17:00:00Z,20.96,20.99,20.86,20.905,4205800
2022-08-18T18:00:00Z,20.905,20.98,20.86,20.97,3643800
2022-08-18T19:00:00Z,20.965,21.05,20.825,20.83,5580800
2022-08-19T13:00:00Z,20.64,20.875,20.5,20.565,5942600
2022-08-19T14:00:00Z,20.56,20.585,20.18,20.225,10094000
2022-08-19T15:00:00Z,20.22,20.425,20.215,20.385,12703800
2022-08-19T16:00:00Z,20.38,20.405,20.335,20.365,3195600
2022-08-19T17:00:00Z,20.365,20.53,20.32,20.395,7123200
2022-08-19T18:00:00Z,20.4,20.43,20.25,20.325,5720000
2022-08-19T19:00:00Z,20.33,20.555,20.315,20.505,6785200
2022-08-22T13:00:00Z,20.515,20.8,20.22,20.275,8262400
2022-08-22T14:00:00Z,20.27,20.315,20.175,20.265,4476000
2022-08-22T15:00:00Z,20.27,20.56,20.255,20.55,4703600
2022-08-22T16:00:00Z,20.545,20.66,20.53,20.645,2357000
2022-08-22T17:00:00Z,20.645,20.66,20.565,20.63,2116600
2022-08-22T18:00:00Z,20.63,20.73,20.6,20.725,19122400
2022-08-22T19:00:00Z,20.73,20.815,20.695,20.725,9124200
2022-08-23T13:00:00Z,20.455,20.905,20.45,20.88,4869400
2022-08-23T14:00:00Z,20.885,21,20.81,20.815,5071000
2022-08-23T15:00:00Z,20.82,20.84,20.725,20.745,3165200
2022-08-23T16:00:00Z,20.745,20.77,20.645,20.71,2415200
2022-08-23T17:00:00Z,20.705,20.73,20.61,20.675,2554400
2022-08-23T18:00:00Z,20.675,20.685,20.59,20.635,2888600
2022-08-23T19:00:00Z,20.635,20.75,20.575,20.75,4097600
2022-08-24T13:00:00Z,20.785,20.915,20.505,20.625,4444000
2022-08-24T14:00:00Z,20.625,20.745,20.58,20.615,2946200
2022-08-24T15:00:00Z,20.61,20.665,20.57,20.62,1960600
2022-08-24T16:00:00Z,20.62,20.65,20.41,20.44,2245800
2022-08-24T17:00:00Z,20.43,20.55,20.37,20.45,2790600
2022-08-24T18:00:00Z,20.455,20.49,20.4,20.46,2323600
2022-08-24T19:00:00Z,20.46,20.56,20.455,20.475,2182000
2022-08-25T13:00:00Z,20.605,20.785,20.46,20.665,7734200
2022-08-25T14:00:00Z,20.665,20.76,20.42,20.655,9096400
2022-08-25T15:00:00Z,20.66,20.78,20.605,20.78,3051800
2022-08-25T16:00:00Z,20.78,20.795,20.745,20.785,2542600
2022-08-25T17:00:00Z,20.775,20.85,20.725,20.785,3292400
2022-08-25T18:00:00Z,20.78,20.895,20.77,20.895,2958000
2022-08-25T19:00:00Z,20.895,20.895,20.81,20.845,5089200
2022-08-26T13:00:00Z,20.94,21.015,20.56,20.785,4752800
2022-08-26T14:00:00Z,20.785,20.855,20.64,20.8,2364400
2022-08-26T15:00:00Z,20.8,20.8,20.64,20.65,3405600
2022-08-26T16:00:00Z,20.65,20.7,20.575,20.7,2793200
2022-08-26T17:00:00Z,20.7,20.715,20.6,20.715,1923600
2022-08-26T18:00:00Z,20.715,20.865,20.71,20.865,1652000
2022-08-26T19:00:00Z,20.865,20.865,20.73,20.835,2596600
2022-08-29T13:00:00Z,20.765,20.955,20.68,20.94,2374200
2022-08-29T14:00:00Z,20.94,21.2,20.94,21.185,3180400
2022-08-29T15:00:00Z,21.185,21.4,21.175,21.345,3489400
2022-08-29T16:00:00Z,21.35,21.37,21.23,21.23,3690400
2022-08-29T17:00:00Z,21.24,21.355,21.235,21.315,3198600
2022-08-29T18:00:00Z,21.315,21.32,21.185,21.22,3648200
2022-08-29T19:00:00Z,21.22,21.285,21.17,21.25,4051800
2022-08-30T13:00:00Z,21.325,21.44,21.125,21.195,2682800
2022-08-30T14:00:00Z,21.2,21.315,21.18,21.275,5892400
2022-08-30T15:00:00Z,21.275,21.28,21.11,21.135,2958400
2022-08-30T16:00:00Z,21.13,21.16,20.95,20.97,4841000
2022-08-30T17:00:00Z,20.97,21.11,20.955,21.1,3489400
2022-08-30T18:00:00Z,21.1,21.235,21.035,21.21,5080600
2022-08-30T19:00:00Z,21.205,21.32,21.1,21.1,5651800
2022-08-31T13:00:00Z,21.195,21.38,20.955,21.275,3144200
2022-08-31T14:00:00Z,21.265,21.36,21.165,21.205,2628000
2022-08-31T15:00:00Z,21.21,21.29,21.195,21.28,1804400
2022-08-31T16:00:00Z,21.28,21.3,21.11,21.18,1405200
2022-08-31T17:00:00Z,21.185,21.235,21.125,21.14,1237000
2022-08-31T18:00:00Z,21.145,21.145,20.885,20.94,4375600
2022-08-31T19:00:00Z,20.94,21.01,20.74,20.885,9209200
2022-09-01T13:00:00Z,21,21.315,20.77,20.865,8220200
2022-09-01T14:00:00Z,20.86,20.905,20.74,20.895,3178600
2022-09-01T15:00:00Z,20.895,20.975,20.785,20.815,2703800
2022-09-01T16:00:00Z,20.81,20.915,20.81,20.885,2935600
2022-09-01T17:00:00Z,20.88,21.055,20.875,21.02,3673000
2022-09-01T18:00:00Z,21.025,21.1,21.01,21.095,3683000
2022-09-01T19:00:00Z,21.1,21.155,21.05,21.155,4049800
2022-09-02T13:00:00Z,21.29,21.44,21.23,21.285,4419400
2022-09-02T14:00:00Z,21.3,21.54,21.27,21.495,3090400
2022-09-02T15:00:00Z,21.5,21.52,21.405,21.47,2363200
2022-09-02T16:00:00Z,21.475,21.48,21.355,21.385,2406000
2022-09-02T17:00:00Z,21.38,21.385,21.235,21.285,1687400
2022-09-02T18:00:00Z,21.28,21.305,21.23,21.27,2116200
2022-09-02T19:00:00Z,21.265,21.365,21.205,21.27,2417400
2022-09-05T13:00:00Z,21.45,21.45,20.725,20.865,7868800
2022-09-05T14:00:00Z,20.87,20.94,20.775,20.865,3527800
2022-09-05T15:00:00Z,20.86,20.91,20.785,20.86,1510600
2022-09-05T16:00:00Z,20.855,20.875,20.81,20.825,943400
2022-09-05T17:00:00Z,20.825,20.89,20.8,20.85,1863800
2022-09-05T18:00:00Z,20.84,20.935,20.82,20.845,2637800
2022-09-05T19:00:00Z,20.845,20.88,20.77,20.815,5111600
2022-09-06T13:00:00Z,20.155,20.175,19.665,19.735,23393600
2022-09-06T14:00:00Z,19.73,19.915,19.71,19.795,12482400
2022-09-06T15:00:00Z,19.79,19.865,19.71,19.76,5201000
2022-09-06T16:00:00Z,19.755,19.795,19.68,19.715,4540000
2022-09-06T17:00:00Z,19.71,19.715,19.6,19.66,4939000
2022-09-06T18:00:00Z,19.66,19.77,19.65,19.725,7951200
2022-09-06T19:00:00Z,19.725,19.82,19.72,19.815,5789600
2022-09-08T13:00:00Z,19.99,20.07,19.725,19.945,8302600
2022-09-08T14:00:00Z,19.945,19.99,19.815,19.875,3687600
2022-09-08T15:00:00Z,19.875,19.925,19.605,19.64,3178000
2022-09-08T16:00:00Z,19.635,19.64,19.46,19.515,3761400
2022-09-08T17:00:00Z,19.515,19.705,19.495,19.67,4776800
2022-09-08T18:00:00Z,19.67,19.82,19.665,19.725,3888800
2022-09-08T19:00:00Z,19.73,19.765,19.615,19.675,3763400
2022-09-09T13:00:00Z,19.965,20.265,19.91,20.26,8442600
2022-09-09T14:00:00Z,20.26,20.37,20.235,20.325,6352600
2022-09-09T15:00:00Z,20.32,20.45,20.295,20.425,4771800
2022-09-09T16:00:00Z,20.425,20.44,20.375,20.405,6358200
2022-09-09T17:00:00Z,20.4,20.445,20.355,20.405,6275800
2022-09-09T18:00:00Z,20.405,20.425,20.295,20.31,5560000
2022-09-09T19:00:00Z,20.315,20.32,20.255,20.285,4404800
2022-09-12T13:00:00Z,20.45,20.89,20.41,20.87,9879200
2022-09-12T14:00:00Z,20.87,20.87,20.755,20.79,3730200
2022-09-12T15:00:00Z,20.79,20.8,20.71,20.72,2512800
2022-09-12T16:00:00Z,20.72,20.78,20.59,20.645,2015200
2022-09-12T17:00:00Z,20.64,20.66,20.605,20.625,1239200
2022-09-12T18:00:00Z,20.62,20.65,20.56,20.62,1910800
2022-09-12T19:00:00Z,20.62,20.66,20.58,20.59,2569000
2022-09-13T13:00:00Z,20.03,20.325,19.935,20.24,6087200
2022-09-13T14:00:00Z,20.235,20.4,20.175,20.235,4504600
2022-09-13T15:00:00Z,20.235,20.265,20.155,20.185,2737200
2022-09-13T16:00:00Z,20.185,20.24,20.06,20.15,2641200
2022-09-13T17:00:00Z,20.145,20.2,20.09,20.115,2767000
2022-09-13T18:00:00Z,20.115,20.125,19.995,20.05,3855800
2022-09-13T19:00:00Z,20.05,20.14,19.99,20.14,7166000
2022-09-14T13:00:00Z,20.075,20.39,19.975,20.385,3300200
2022-09-14T14:00:00Z,20.385,20.435,20.21,20.215,8565600
2022-09-14T15:00:00Z,20.21,20.24,20.16,20.165,2497200
2022-09-14T16:00:00Z,20.165,20.25,20.115,20.235,1975600
2022-09-14T17:00:00Z,20.235,20.25,20.13,20.14,2058600
2022-09-14T18:00:00Z,20.14,20.2,20.11,20.155,1668000
2022-09-14T19:00:00Z,20.155,20.215,20.125,20.125,7204400
2022-09-15T13:00:00Z,20.165,20.32,20.035,20.175,4626200
2022-09-15T14:00:00Z,20.18,20.215,19.89,19.91,4820600
2022-09-15T15:00:00Z,19.905,20.09,19.865,20.09,17112600
2022-09-15T16:00:00Z,20.095,20.095,20.01,20.045,3107400
2022-09-15T17:00:00Z,20.045,20.085,19.97,19.995,2373000
2022-09-15T18:00:00Z,19.99,20.02,19.895,19.91,4006200
2022-09-15T19:00:00Z,19.915,20.01,19.865,19.95,2658600
2022-09-16T13:00:00Z,19.82,19.82,19.5,19.525,6189800
2022-09-16T14:00:00Z,19.525,19.64,19.5,19.585,23250400
2022-09-16T15:00:00Z,19.58,19.645,19.51,19.57,5847400
2022-09-16T16:00:00Z,19.57,19.58,19.48,19.51,3129400
2022-09-16T17:00:00Z,19.51,19.555,19.46,19.475,9932200
2022-09-16T18:00:00Z,19.475,19.6,19.465,19.595,3290600
2022-09-16T19:00:00Z,19.59,19.695,19.54,19.68,7397800
2022-09-19T13:00:00Z,19.505,19.915,19.15,19.915,6955400
2022-09-19T14:00:00Z,19.92,20.12,19.905,20.07,8266200
2022-09-19T15:00:00Z,20.07,20.18,20.005,20.165,2696000
2022-09-19T16:00:00Z,20.16,20.19,20.09,20.155,1428000
2022-09-19T17:00:00Z,20.155,20.18,20.075,20.09,2353200
2022-09-19T18:00:00Z,20.09,20.09,19.985,20.05,3672800
2022-09-19T19:00:00Z,20.045,20.145,20.045,20.075,3501200
2022-09-20T13:00:00Z,20.15,20.485,20.08,20.285,5458000
2022-09-20T14:00:00Z,20.29,20.435,20.18,20.3,6695200
2022-09-20T15:00:00Z,20.305,20.385,20.245,20.36,3583400
2022-09-20T16:00:00Z,20.36,20.38,20.27,20.27,2945800
2022-09-20T17:00:00Z,20.265,20.365,20.175,20.215,2798400
2022-09-20T18:00:00Z,20.22,20.305,20.2,20.24,4263400
2022-09-20T19:00:00Z,20.24,20.405,20.205,20.38,5473000
2022-09-21T13:00:00Z,20.485,20.525,20.265,20.295,4290400
2022-09-21T14:00:00Z,20.29,20.455,20.195,20.195,3507600
2022-09-21T15:00:00Z,20.195,20.445,20.15,20.42,2092400
2022-09-21T16:00:00Z,20.41,20.45,20.35,20.405,1440800
2022-09-21T17:00:00Z,20.41,20.455,20.37,20.43,1775200
2022-09-21T18:00:00Z,20.425,20.49,20.21,20.33,4667800
2022-09-21T19:00:00Z,20.33,20.365,20.135,20.26,3991200
2022-09-22T13:00:00Z,20.375,20.395,20.215,20.28,3348000
2022-09-22T14:00:00Z,20.28,20.29,20.09,20.18,4136000
2022-09-22T15:00:00Z,20.18,20.215,20.1,20.115,2035600
2022-09-22T16:00:00Z,20.115,20.275,20.045,20.265,2973000
2022-09-22T17:00:00Z,20.26,20.425,20.18,20.34,2996000
2022-09-22T18:00:00Z,20.34,20.385,20.25,20.375,3235800
2022-09-22T19:00:00Z,20.375,20.715,20.37,20.685,6618000
2022-09-23T13:00:00Z,20.4,20.45,20.21,20.23,5022800
2022-09-23T14:00:00Z,20.23,20.275,20.06,20.06,2792200
2022-09-23T15:00:00Z,20.06,20.2,20.04,20.19,7421000
2022-09-23T16:00:00Z,20.185,20.38,20.135,20.37,10388600
2022-09-23T17:00:00Z,20.365,20.445,20.3,20.4,2387000
2022-09-23T18:00:00Z,20.385,20.395,20.125,20.14,2341600
2022-09-23T19:00:00Z,20.145,20.35,20.13,20.32,3861800
2022-09-26T13:00:00Z,20.15,20.22,19.735,19.95,6404200
2022-09-26T14:00:00Z,19.95,19.95,19.765,19.82,3384000
2022-09-26T15:00:00Z,19.82,19.825,19.5,19.59,4711600
2022-09-26T16:00:00Z,19.59,19.645,19.565,19.585,1932600
2022-09-26T17:00:00Z,19.58,19.615,19.4,19.455,4458800
2022-09-26T18:00:00Z,19.45,19.54,19.405,19.435,2787600
2022-09-26T19:00:00Z,19.44,19.495,19.32,19.465,6957800
2022-09-27T13:00:00Z,19.585,19.6,19.365,19.505,3763400
2022-09-27T14:00:00Z,19.51,19.55,19.4,19.44,3779400
2022-09-27T15:00:00Z,19.445,19.47,19.305,19.33,2605600
2022-09-27T16:00:00Z,19.33,19.455,19.29,19.445,1471600
2022-09-27T17:00:00Z,19.435,19.44,19.3,19.315,1692600
2022-09-27T18:00:00Z,19.315,19.42,19.295,19.4,2388200
2022-09-27T19:00:00Z,19.4,19.405,19.245,19.25,4087400
2022-09-28T13:00:00Z,19.225,19.395,19.09,19.33,2508400
2022-09-28T14:00:00Z,19.33,19.49,19.25,19.395,4402400
2022-09-28T15:00:00Z,19.385,19.415,19.185,19.3,2961600
2022-09-28T16:00:00Z,19.295,19.39,19.23,19.295,1822200
2022-09-28T17:00:00Z,19.295,19.33,19.23,19.285,1480600
2022-09-28T18:00:00Z,19.28,19.37,19.245,19.305,2314400
2022-09-28T19:00:00Z,19.305,19.435,19.305,19.33,4093400
2022-09-29T13:00:00Z,19.05,19.2,18.95,19.06,7080800
2022-09-29T14:00:00Z,19.065,19.175,18.93,19.165,7352200
2022-09-29T15:00:00Z,19.165,19.195,19.01,19.14,3260000
2022-09-29T16:00:00Z,19.14,19.245,19.045,19.08,2680000
2022-09-29T17:00:00Z,19.08,19.165,19.05,19.1,2282200
2022-09-29T18:00:00Z,19.1,19.1,18.94,19.035,4776000
2022-09-29T19:00:00Z,19.035,19.235,19.025,19.125,6752800
2022-09-30T13:00:00Z,19.13,19.195,18.86,19.12,7091200
2022-09-30T14:00:00Z,19.125,19.23,18.995,19.215,4032200
2022-09-30T15:00:00Z,19.215,19.395,19.19,19.39,4418400
2022-09-30T16:00:00Z,19.39,19.515,19.305,19.33,4428800
2022-09-30T17:00:00Z,19.33,19.5,19.295,19.345,4712200
2022-09-30T18:00:00Z,19.345,19.39,19.24,19.305,4069400
2022-09-30T19:00:00Z,19.305,19.36,19.225,19.225,7012000
2022-10-03T13:00:00Z,20.525,21.1,20.525,20.735,43484600
2022-10-03T14:00:00Z,20.735,20.925,20.625,20.67,13383600
2022-10-03T15:00:00Z,20.675,20.75,20.25,20.44,7805800
2022-10-03T16:00:00Z,20.44,20.555,20.425,20.45,4277400
2022-10-03T17:00:00Z,20.45,20.52,20.26,20.44,5709400
2022-10-03T18:00:00Z,20.44,20.79,20.435,20.715,5885400
2022-10-03T19:00:00Z,20.72,20.735,20.635,20.71,5075400
2022-10-04T13:00:00Z,21.01,21.225,20.525,20.595,8133600
2022-10-04T14:00:00Z,20.595,20.625,20.165,20.2,7711800
2022-10-04T15:00:00Z,20.2,20.225,19.81,20.03,8341600
2022-10-04T16:00:00Z,20.03,20.15,19.925,19.94,4298800
2022-10-04T17:00:00Z,19.94,19.95,19.765,19.8,4995600
2022-10-04T18:00:00Z,19.8,19.84,19.635,19.64,6645800
2022-10-04T19:00:00Z,19.635,19.64,19.44,19.58,11025800
2022-10-05T13:00:00Z,19.63,19.985,19.37,19.94,9348400
2022-10-05T14:00:00Z,19.93,19.95,19.61,19.895,7272800
2022-10-05T15:00:00Z,19.9,20.175,19.88,20.05,5995800
2022-10-05T16:00:00Z,20.05,20.09,19.96,20.01,4241200
2022-10-05T17:00:00Z,20.005,20.145,19.93,19.945,4619600
2022-10-05T18:00:00Z,19.945,20.13,19.93,20.115,4305000
2022-10-05T19:00:00Z,20.115,20.135,19.87,19.88,6361200
2022-10-06T13:00:00Z,20.1,20.245,19.925,20.195,4163400
2022-10-06T14:00:00Z,20.2,20.295,20.1,20.25,3294000
2022-10-06T15:00:00Z,20.25,20.25,20.14,20.165,1782600
2022-10-06T16:00:00Z,20.17,20.245,20.14,20.205,1713600
2022-10-06T17:00:00Z,20.205,20.25,20.14,20.25,3455600
2022-10-06T18:00:00Z,20.25,20.27,20.175,20.21,6212800
2022-10-06T19:00:00Z,20.205,20.385,20.16,20.325,12468000
2022-10-07T13:00:00Z,20.28,20.405,20.155,20.23,2517400
2022-10-07T14:00:00Z,20.23,20.36,20.055,20.285,4555600
2022-10-07T15:00:00Z,20.28,20.33,20.175,20.19,2056200
2022-10-07T16:00:00Z,20.19,20.315,20.175,20.305,1877400
2022-10-07T17:00:00Z,20.3,20.325,20.265,20.295,2799600
2022-10-07T18:00:00Z,20.295,20.32,20.2,20.285,4296200
2022-10-07T19:00:00Z,20.28,20.365,20.2,20.35,5932200
2022-10-10T13:00:00Z,20.535,20.68,20.275,20.625,4821400
2022-10-10T14:00:00Z,20.625,20.64,20.38,20.4,4237800
2022-10-10T15:00:00Z,20.405,20.405,20.2,20.215,1708200
2022-10-10T16:00:00Z,20.215,20.23,20.075,20.1,1690400
2022-10-10T17:00:00Z,20.1,20.135,20.035,20.105,2360200
2022-10-10T18:00:00Z,20.105,20.11,19.9,19.95,2820800
2022-10-10T19:00:00Z,19.95,20.065,19.95,20.01,3306800
2022-10-11T13:00:00Z,19.895,20.035,19.81,19.905,3727600
2022-10-11T14:00:00Z,19.905,19.92,19.725,19.81,2849400
2022-10-11T15:00:00Z,19.8,19.895,19.77,19.825,2066400
2022-10-11T16:00:00Z,19.825,19.88,19.775,19.8,1323000
2022-10-11T17:00:00Z,19.795,19.87,19.78,19.8,1676200
2022-10-11T18:00:00Z,19.8,19.81,19.535,19.59,6262800
2022-10-11T19:00:00Z,19.585,19.61,19.425,19.56,5703400
2022-10-13T13:00:00Z,19.4,19.525,19.035,19.495,5701400
2022-10-13T14:00:00Z,19.49,19.54,19.34,19.455,3311000
2022-10-13T15:00:00Z,19.45,19.65,19.45,19.63,4299200
2022-10-13T16:00:00Z,19.63,19.71,19.56,19.655,1589200
2022-10-13T17:00:00Z,19.65,19.86,19.64,19.85,3227000
2022-10-13T18:00:00Z,19.85,19.93,19.705,19.825,4330000
2022-10-13T19:00:00Z,19.82,19.85,19.66,19.725,4239000
2022-10-14T13:00:00Z,19.83,20.09,19.8,19.92,4703800
2022-10-14T14:00:00Z,19.905,19.985,19.74,19.825,3051600
2022-10-14T15:00:00Z,19.835,19.85,19.615,19.655,1915400
2022-10-14T16:00:00Z,19.65,19.74,19.5,19.71,3604000
2022-10-14T17:00:00Z,19.705,19.815,19.645,19.74,1737800
2022-10-14T18:00:00Z,19.735,19.74,19.455,19.46,2252200
2022-10-14T19:00:00Z,19.46,19.595,19.34,19.545,5263400
2022-10-17T13:00:00Z,19.65,19.735,19.46,19.605,2592800
2022-10-17T14:00:00Z,19.615,19.615,19.43,19.56,2311800
2022-10-17T15:00:00Z,19.565,19.905,19.565,19.835,3598000
2022-10-17T16:00:00Z,19.835,19.92,19.825,19.87,2140800
2022-10-17T17:00:00Z,19.87,19.91,19.775,19.785,1902000
2022-10-17T18:00:00Z,19.785,19.795,19.705,19.76,2135200
2022-10-17T19:00:00Z,19.76,19.815,19.72,19.745,3363200
2022-10-18T13:00:00Z,19.98,20.085,19.88,19.96,4670400
2022-10-18T14:00:00Z,19.96,20.18,19.88,20.15,8185600
2022-10-18T15:00:00Z,20.145,20.16,20,20.05,3559600
2022-10-18T16:00:00Z,20.04,20.23,20.01,20.205,3833600
2022-10-18T17:00:00Z,20.205,20.34,20.19,20.31,3000800
2022-10-18T18:00:00Z,20.31,20.53,20.305,20.445,6106200
2022-10-18T19:00:00Z,20.435,20.725,20.4,20.675,9258200
2022-10-19T13:00:00Z,20.685,20.83,20.59,20.64,4823400
2022-10-19T14:00:00Z,20.64,20.8,20.605,20.705,3677800
2022-10-19T15:00:00Z,20.705,20.75,20.59,20.625,3533400
2022-10-19T16:00:00Z,20.63,20.665,20.59,20.625,2266200
2022-10-19T17:00:00Z,20.63,20.65,20.515,20.525,1504600
2022-10-19T18:00:00Z,20.525,20.68,20.5,20.675,2451400
2022-10-19T19:00:00Z,20.675,20.895,20.655,20.85,4131400
2022-10-20T13:00:00Z,20.95,21.525,20.85,21.385,12306800
2022-10-20T14:00:00Z,21.38,21.475,21.325,21.43,6945600
2022-10-20T15:00:00Z,21.43,21.625,21.425,21.5,9276000
2022-10-20T16:00:00Z,21.495,21.57,21.425,21.555,3880000
2022-10-20T17:00:00Z,21.55,21.71,21.5,21.7,7979400
2022-10-20T18:00:00Z,21.7,21.775,21.65,21.74,7261200
2022-10-20T19:00:00Z,21.745,21.84,21.665,21.7,15601400
2022-10-21T13:00:00Z,21.71,22.21,21.585,22.145,12873200
2022-10-21T14:00:00Z,22.135,22.33,22,22.085,13835200
2022-10-21T15:00:00Z,22.085,22.25,22.035,22.145,7816400
2022-10-21T16:00:00Z,22.145,22.205,22.02,22.045,4754400
2022-10-21T17:00:00Z,22.04,22.24,22.025,22.2,3855400
2022-10-21T18:00:00Z,22.2,22.34,22.18,22.27,6474000
2022-10-21T19:00:00Z,22.265,22.47,22.23,22.335,9844000
2022-10-24T13:00:00Z,21.81,21.84,21.215,21.26,13513400
2022-10-24T14:00:00Z,21.265,21.355,21.085,21.17,7329000
2022-10-24T15:00:00Z,21.175,21.245,21.03,21.04,3742600
2022-10-24T16:00:00Z,21.04,21.065,20.67,20.725,9276200
2022-10-24T17:00:00Z,20.725,20.725,20.41,20.57,12146800
2022-10-24T18:00:00Z,20.57,20.605,20.26,20.28,11558600
2022-10-24T19:00:00Z,20.28,20.33,20.145,20.15,13187200
2022-10-25T13:00:00Z,20.05,20.06,19.585,19.87,12164400
2022-10-25T14:00:00Z,19.87,20.235,19.835,20,9593600
2022-10-25T15:00:00Z,19.995,20.125,19.99,20.055,2739800
2022-10-25T16:00:00Z,20.045,20.2,19.955,19.975,2852200
2022-10-25T17:00:00Z,19.975,20.015,19.905,19.955,2435800
2022-10-25T18:00:00Z,19.955,20.035,19.835,19.84,2573800
2022-10-25T19:00:00Z,19.84,19.87,19.72,19.72,5854800
2022-10-26T13:00:00Z,19.555,19.57,18.59,19.23,17395000
2022-10-26T14:00:00Z,19.235,19.45,19.075,19.165,8510400
2022-10-26T15:00:00Z,19.165,19.415,19.16,19.375,6572000
2022-10-26T16:00:00Z,19.38,19.415,19.15,19.205,4530400
2022-10-26T17:00:00Z,19.21,19.28,19.075,19.2,5509200
2022-10-26T18:00:00Z,19.2,19.2,18.965,18.995,8846800
2022-10-26T19:00:00Z,19,19.05,18.915,19.05,8078600
2022-10-27T13:00:00Z,19.25,19.445,19.16,19.425,5525600
2022-10-27T14:00:00Z,19.425,19.5,19.16,19.25,6060000
2022-10-27T15:00:00Z,19.24,19.365,19.2,19.355,2880600
2022-10-27T16:00:00Z,19.355,19.55,19.34,19.385,3688600
2022-10-27T17:00:00Z,19.385,19.495,19.35,19.355,3539400
2022-10-27T18:00:00Z,19.355,19.415,19.185,19.23,4212800
2022-10-27T19:00:00Z,19.23,19.7,19.225,19.37,11550800
2022-10-28T13:00:00Z,19.12,19.42,18.975,19.145,7275400
2022-10-28T14:00:00Z,19.15,19.225,19.025,19.2,4763200
2022-10-28T15:00:00Z,19.205,19.395,19.17,19.32,4877200
2022-10-28T16:00:00Z,19.325,19.45,19.29,19.415,3431600
2022-10-28T17:00:00Z,19.42,19.445,19.29,19.295,3430000
2022-10-28T18:00:00Z,19.295,19.37,19.255,19.305,5253400
2022-10-28T19:00:00Z,19.3,19.4,19.26,19.37,7215400
2022-10-31T13:00:00Z,18.33,18.9,18.26,18.775,35195800
2022-10-31T14:00:00Z,18.77,19.165,18.68,18.77,15802600
2022-10-31T15:00:00Z,18.76,18.805,18.405,18.42,7776000
2022-10-31T16:00:00Z,18.42,18.485,18.005,18.1,10241200
2022-10-31T17:00:00Z,18.1,18.45,18.07,18.395,9653400
2022-10-31T18:00:00Z,18.405,18.55,18.305,18.315,7501000
2022-10-31T19:00:00Z,18.315,18.65,18.185,18.535,8995200
2022-11-01T13:00:00Z,18.7,18.945,18.45,18.535,11745800
2022-11-01T14:00:00Z,18.55,18.71,18.465,18.635,5642000
2022-11-01T15:00:00Z,18.635,18.76,18.57,18.69,4258000
2022-11-01T16:00:00Z,18.695,18.73,18.54,18.67,3011800
2022-11-01T17:00:00Z,18.675,18.825,18.65,18.825,3242000
2022-11-01T18:00:00Z,18.825,19.13,18.815,19.05,8130800
2022-11-01T19:00:00Z,19.05,19.4,18.885,18.92,10671800
2022-11-03T13:00:00Z,19.5,19.515,18.6,19.08,22603400
2022-11-03T14:00:00Z,19.085,19.365,19.015,19.265,11783000
2022-11-03T15:00:00Z,19.275,19.4,19.24,19.37,5340000
2022-11-03T16:00:00Z,19.365,19.415,19.21,19.28,3456800
2022-11-03T17:00:00Z,19.285,19.415,19.23,19.235,3685800
2022-11-03T18:00:00Z,19.235,19.385,19.185,19.345,4795400
2022-11-03T19:00:00Z,19.345,19.395,19.255,19.35,5868400
2022-11-04T13:00:00Z,19.48,19.7,19.405,19.52,8736800
2022-11-04T14:00:00Z,19.52,19.66,19.42,19.655,11979600
2022-11-04T15:00:00Z,19.66,19.99,19.655,19.82,6569600
2022-11-04T16:00:00Z,19.815,19.92,19.755,19.815,3362600
2022-11-04T17:00:00Z,19.82,19.875,19.715,19.78,9238000
2022-11-04T18:00:00Z,19.78,19.825,19.615,19.69,5433200
2022-11-04T19:00:00Z,19.695,19.775,19.615,19.7,6692800
2022-11-07T13:00:00Z,19.455,19.58,19.175,19.51,6416400
2022-11-07T14:00:00Z,19.52,19.595,18.915,19.005,6549800
2022-11-07T15:00:00Z,19.02,19.185,18.93,18.995,8945400
2022-11-07T16:00:00Z,18.995,19.055,18.9,18.97,3994800
2022-11-07T17:00:00Z,18.965,18.99,18.81,18.88,4482400
2022-11-07T18:00:00Z,18.87,18.975,18.81,18.845,4129600
2022-11-07T19:00:00Z,18.845,18.915,18.82,18.87,4511200
2022-11-07T20:00:00Z,18.87,18.94,18.82,18.94,4152600
2022-11-08T13:00:00Z,18.89,18.97,18.66,18.895,2918600
2022-11-08T14:00:00Z,18.895,18.985,18.77,18.89,3702200
2022-11-08T15:00:00Z,18.885,19.015,18.78,18.945,4403800
2022-11-08T16:00:00Z,18.945,19.15,18.875,19.035,2950200
2022-11-08T17:00:00Z,19.035,19.04,18.865,18.96,2936000
2022-11-08T18:00:00Z,18.96,19.02,18.82,18.975,2358800
2022-11-08T19:00:00Z,18.975,19.05,18.83,18.995,3508000
2022-11-08T20:00:00Z,18.995,19.11,18.955,18.995,3319800
2022-11-09T13:00:00Z,18.82,19.065,18.7,19.03,4004800
2022-11-09T14:00:00Z,19.035,19.15,18.92,19.1,4453400
2022-11-09T15:00:00Z,19.09,19.28,19.075,19.14,3528600
2022-11-09T16:00:00Z,19.135,19.245,19.095,19.11,1859800
2022-11-09T17:00:00Z,19.11,19.17,18.89,18.915,3921600
2022-11-09T18:00:00Z,18.915,18.96,18.76,18.785,5132800
2022-11-09T19:00:00Z,18.78,18.795,18.46,18.485,6186600
2022-11-09T20:00:00Z,18.475,18.73,18.475,18.575,4917800
2022-11-10T13:00:00Z,18.5,18.84,18.285,18.405,27548400
2022-11-10T14:00:00Z,18.405,18.495,18.01,18.225,14395400
2022-11-10T15:00:00Z,18.225,18.3,18.08,18.22,7395000
2022-11-10T16:00:00Z,18.22,18.255,17.98,18.04,7960800
2022-11-10T17:00:00Z,18.045,18.08,17.835,17.995,6770200
2022-11-10T18:00:00Z,17.995,18.15,17.905,17.97,21698400
2022-11-10T19:00:00Z,17.975,18.045,17.835,17.935,34088800
2022-11-10T20:00:00Z,17.945,18.215,17.895,18.145,6395800
2022-11-11T13:00:00Z,18.155,18.325,17.88,18.21,16311200
2022-11-11T14:00:00Z,18.2,18.315,17.955,18.045,4545200
2022-11-11T15:00:00Z,18.04,18.2,17.975,18.125,13306800
2022-11-11T16:00:00Z,18.12,18.14,17.975,18.01,8003600
2022-11-11T17:00:00Z,18.01,18.075,17.91,17.91,4273000
2022-11-11T18:00:00Z,17.91,18.045,17.68,17.91,46687400
2022-11-11T19:00:00Z,17.915,17.975,17.765,17.84,5767200
2022-11-11T20:00:00Z,17.835,17.85,17.715,17.82,6814400
2022-11-14T13:00:00Z,18,18.21,17.955,18.12,5796600
2022-11-14T14:00:00Z,18.12,18.16,17.825,17.92,10517200
2022-11-14T15:00:00Z,17.93,18.13,17.875,18.095,12186800
2022-11-14T16:00:00Z,18.1,18.125,17.995,18.07,2186000
2022-11-14T17:00:00Z,18.065,18.115,17.975,18,2067000
2022-11-14T18:00:00Z,18,18.045,17.96,18.02,2629800
2022-11-14T19:00:00Z,18.025,18.4,18.02,18.285,4253400
2022-11-14T20:00:00Z,18.28,18.36,18.165,18.225,4509400
2022-11-16T13:00:00Z,17.88,18.02,17.78,17.825,5990600
2022-11-16T14:00:00Z,17.825,17.975,17.75,17.835,5869200
2022-11-16T15:00:00Z,17.84,17.875,17.765,17.77,2503200
2022-11-16T16:00:00Z,17.765,17.795,17.705,17.715,4066000
2022-11-16T17:00:00Z,17.715,17.855,17.61,17.715,7487400
2022-11-16T18:00:00Z,17.72,17.72,17.535,17.545,5115600
2022-11-16T19:00:00Z,17.55,17.81,17.535,17.725,7113200
2022-11-16T20:00:00Z,17.72,17.735,17.6,17.68,3871400
2022-11-17T13:00:00Z,17.51,17.61,17.085,17.14,7491400
2022-11-17T14:00:00Z,17.145,17.215,17.06,17.1,8998000
2022-11-17T15:00:00Z,17.095,17.185,17,17.02,6365400
2022-11-17T16:00:00Z,17.02,17.035,16.82,16.92,6208600
2022-11-17T17:00:00Z,16.92,17.1,16.92,16.98,11813200
2022-11-17T18:00:00Z,16.985,17.055,16.91,16.935,8083800
2022-11-17T19:00:00Z,16.935,17.125,16.925,17.11,5201800
2022-11-17T20:00:00Z,17.11,17.22,17.01,17.175,7354600
2022-11-18T13:00:00Z,17.285,17.65,17.285,17.55,12145000
2022-11-18T14:00:00Z,17.545,17.565,17.055,17.26,8041800
2022-11-18T15:00:00Z,17.26,17.39,17.18,17.36,2519400
2022-11-18T16:00:00Z,17.36,17.37,17.175,17.185,1801600
2022-11-18T17:00:00Z,17.185,17.3,17.085,17.185,3491200
2022-11-18T18:00:00Z,17.18,17.295,17.105,17.175,3998200
2022-11-18T19:00:00Z,17.17,17.245,17.17,17.205,2327600
2022-11-18T20:00:00Z,17.21,17.215,17.05,17.1,6488600
2022-11-21T13:00:00Z,17.265,17.71,17.265,17.545,4000800
2022-11-21T14:00:00Z,17.545,17.56,17.195,17.225,2571800
2022-11-21T15:00:00Z,17.225,17.28,17.105,17.195,7927400
2022-11-21T16:00:00Z,17.2,17.355,17.125,17.315,1514400
2022-11-21T17:00:00Z,17.315,17.5,17.31,17.405,15967400
2022-11-21T18:00:00Z,17.4,17.61,17.395,17.515,3224400
2022-11-21T19:00:00Z,17.515,17.585,17.48,17.58,2579800
2022-11-21T20:00:00Z,17.575,17.63,17.555,17.59,2670200
2022-11-22T13:00:00Z,17.295,17.455,17.145,17.195,2863400
2022-11-22T14:00:00Z,17.195,17.32,17.05,17.17,2665200
2022-11-22T15:00:00Z,17.17,17.28,17.165,17.175,1657200
2022-11-22T16:00:00Z,17.185,17.195,17.015,17.12,1358600
2022-11-22T17:00:00Z,17.115,17.21,17.015,17.13,4251600
2022-11-22T18:00:00Z,17.13,17.22,17.11,17.16,2058600
2022-11-22T19:00:00Z,17.165,17.165,16.93,16.975,2496800
2022-11-22T20:00:00Z,16.975,17.07,16.91,16.955,5532600
2022-11-23T13:00:00Z,16.9,17.1,16.755,17.015,3386600
2022-11-23T14:00:00Z,17.02,17.095,16.95,17.03,3255600
2022-11-23T15:00:00Z,17.035,17.24,17.03,17.12,3318600
2022-11-23T16:00:00Z,17.12,17.195,17.005,17.045,2745400
2022-11-23T17:00:00Z,17.05,17.2,17.045,17.19,1529800
2022-11-23T18:00:00Z,17.19,17.225,17.075,17.12,2328200
2022-11-23T19:00:00Z,17.12,17.265,17.09,17.22,4743000
2022-11-23T20:00:00Z,17.225,17.25,17.155,17.225,3377800
2022-11-24T13:00:00Z,17.295,17.495,17.175,17.415,4202200
2022-11-24T14:00:00Z,17.415,17.915,17.35,17.75,5430200
2022-11-24T15:00:00Z,17.76,17.975,17.67,17.685,3671200
2022-11-24T16:00:00Z,17.685,17.795,17.605,17.615,2796400
2022-11-24T17:00:00Z,17.62,17.73,17.56,17.625,1517000
2022-11-24T18:00:00Z,17.625,17.7,17.52,17.58,1255600
2022-11-24T19:00:00Z,17.585,17.59,17.51,17.555,858600
2022-11-24T20:00:00Z,17.555,17.585,17.505,17.565,1049000
2022-11-25T13:00:00Z,17.555,17.615,17.185,17.3,3430600
2022-11-25T14:00:00Z,17.295,17.385,17.285,17.305,1998600
2022-11-25T15:00:00Z,17.3,17.345,17.255,17.3,788000
2022-11-25T16:00:00Z,17.3,17.4,17.155,17.155,2599600
2022-11-25T17:00:00Z,17.16,17.225,17.045,17.19,1977400
2022-11-25T18:00:00Z,17.18,17.225,16.96,17.05,2396800
2022-11-25T19:00:00Z,17.055,17.14,17.005,17.03,2105200
2022-11-25T20:00:00Z,17.035,17.175,17.03,17.12,2209800
2022-11-28T13:00:00Z,17.195,17.25,17.05,17.205,2392000
2022-11-28T14:00:00Z,17.2,17.31,17.13,17.17,1762600
2022-11-28T15:00:00Z,17.17,17.27,17.145,17.25,1066800
2022-11-28T16:00:00Z,17.25,17.265,17.2,17.225,622200
2022-11-28T17:00:00Z,17.23,17.295,17.2,17.26,1115400
2022-11-28T18:00:00Z,17.26,17.335,17.26,17.275,1326600
2022-11-28T19:00:00Z,17.285,17.39,17.265,17.385,2190000
2022-11-28T20:00:00Z,17.385,17.6,17.385,17.465,3913400
2022-11-29T13:00:00Z,17.5,17.575,17.295,17.395,2293200
2022-11-29T14:00:00Z,17.405,17.735,17.385,17.63,3103200
2022-11-29T15:00:00Z,17.635,17.715,17.56,17.64,1753000
2022-11-29T16:00:00Z,17.645,17.775,17.59,17.77,3273200
2022-11-29T17:00:00Z,17.775,17.865,17.72,17.8,1756800
2022-11-29T18:00:00Z,17.795,17.8,17.705,17.775,1402000
2022-11-29T19:00:00Z,17.775,17.785,17.58,17.58,1807200
2022-11-29T20:00:00Z,17.585,17.695,17.575,17.69,1706200
2022-11-30T13:00:00Z,17.71,17.905,17.575,17.665,3847200
2022-11-30T14:00:00Z,17.665,17.825,17.615,17.72,2273200
2022-11-30T15:00:00Z,17.72,17.77,17.67,17.685,1178200
2022-11-30T16:00:00Z,17.685,17.69,17.605,17.625,1600400
2022-11-30T17:00:00Z,17.62,17.63,17.35,17.465,2202800
2022-11-30T18:00:00Z,17.465,17.65,17.46,17.59,1672400
2022-11-30T19:00:00Z,17.59,17.675,17.545,17.64,1939000
2022-11-30T20:00:00Z,17.64,17.76,17.615,17.715,2391400
2022-12-01T13:00:00Z,17.56,17.56,17.36,17.525,2766600
2022-12-01T14:00:00Z,17.53,17.72,17.51,17.665,1864400
2022-12-01T15:00:00Z,17.675,17.685,17.39,17.485,2074600
2022-12-01T16:00:00Z,17.485,17.57,17.44,17.5,1226600
2022-12-01T17:00:00Z,17.505,17.535,17.42,17.49,1015400
2022-12-01T18:00:00Z,17.49,17.58,17.45,17.58,1733000
2022-12-01T19:00:00Z,17.58,17.6,17.5,17.525,1326000
2022-12-01T20:00:00Z,17.525,17.78,17.51,17.7,3895000
2022-12-02T13:00:00Z,17.765,17.85,17.555,17.825,7624200
2022-12-02T14:00:00Z,17.825,18.36,17.815,18.33,4600400
2022-12-02T15:00:00Z,18.33,18.335,18.005,18.015,2795600
2022-12-02T16:00:00Z,18.01,18.21,17.965,18.17,1999000
2022-12-02T17:00:00Z,18.17,18.345,18.17,18.25,3510800
2022-12-02T18:00:00Z,18.25,18.26,18.095,18.095,1995600
2022-12-02T19:00:00Z,18.095,18.165,18.085,18.11,1409400
2022-12-02T20:00:00Z,18.11,18.115,18,18.065,1891800
2022-12-05T13:00:00Z,17.975,17.98,17.67,17.725,3013200
2022-12-05T14:00:00Z,17.725,17.79,17.6,17.625,2211600
2022-12-05T15:00:00Z,17.625,17.78,17.58,17.72,1909600
2022-12-05T16:00:00Z,17.715,17.74,17.55,17.58,2248000
2022-12-05T17:00:00Z,17.585,17.685,17.555,17.67,2695600
2022-12-05T18:00:00Z,17.67,17.685,17.61,17.655,2321200
2022-12-05T19:00:00Z,17.65,17.655,17.51,17.565,2179800
2022-12-05T20:00:00Z,17.57,17.635,17.515,17.6,2516200
2022-12-06T13:00:00Z,17.695,17.72,17.545,17.675,1582000
2022-12-06T14:00:00Z,17.675,17.725,17.6,17.675,2026000
2022-12-06T15:00:00Z,17.67,17.715,17.575,17.665,1696800
2022-12-06T16:00:00Z,17.66,17.675,17.59,17.595,905200
2022-12-06T17:00:00Z,17.6,17.705,17.595,17.655,1352200
2022-12-06T18:00:00Z,17.65,17.655,17.545,17.62,1606200
2022-12-06T19:00:00Z,17.615,17.735,17.55,17.605,1952400
2022-12-06T20:00:00Z,17.605,17.76,17.57,17.73,2237000
2022-12-07T13:00:00Z,17.8,17.945,17.765,17.86,2268800
2022-12-07T14:00:00Z,17.86,17.94,17.74,17.905,1312800
2022-12-07T15:00:00Z,17.91,17.97,17.845,17.91,1495000
2022-12-07T16:00:00Z,17.91,17.91,17.755,17.8,1010200
2022-12-07T17:00:00Z,17.8,17.85,17.775,17.82,714000
2022-12-07T18:00:00Z,17.82,17.9,17.795,17.815,1058800
2022-12-07T19:00:00Z,17.815,17.85,17.805,17.825,828200
2022-12-07T20:00:00Z,17.82,17.86,17.77,17.78,1840200
2022-12-08T13:00:00Z,17.74,17.905,17.61,17.85,2299800
2022-12-08T14:00:00Z,17.86,17.98,17.825,17.885,3431600
2022-12-08T15:00:00Z,17.88,17.9,17.61,17.63,3112000
2022-12-08T16:00:00Z,17.63,17.765,17.56,17.74,2765400
2022-12-08T17:00:00Z,17.74,17.74,17.515,17.625,2501000
2022-12-08T18:00:00Z,17.625,17.63,17.56,17.585,1839400
2022-12-08T19:00:00Z,17.59,17.645,17.555,17.56,3011800
2022-12-08T20:00:00Z,17.56,17.59,17.405,17.46,3325400
2022-12-09T13:00:00Z,17.545,17.575,17.36,17.47,2319000
2022-12-09T14:00:00Z,17.48,17.57,17.295,17.44,3184400
2022-12-09T15:00:00Z,17.45,17.52,17.425,17.48,736200
2022-12-09T16:00:00Z,17.48,17.57,17.45,17.545,597600
2022-12-09T17:00:00Z,17.54,17.59,17.435,17.465,1197600
2022-12-09T18:00:00Z,17.465,17.545,17.465,17.54,565400
2022-12-09T19:00:00Z,17.54,17.58,17.475,17.495,1191000
2022-12-09T20:00:00Z,17.49,17.55,17.425,17.5,2988000
2022-12-12T13:00:00Z,17.45,17.695,17.09,17.09,4229600
2022-12-12T14:00:00Z,17.095,17.115,16.62,16.785,13432400
2022-12-12T15:00:00Z,16.785,16.94,16.65,16.735,6412800
2022-12-12T16:00:00Z,16.74,17.015,16.69,16.775,6789800
2022-12-12T17:00:00Z,16.77,16.83,16.725,16.8,2991400
2022-12-12T18:00:00Z,16.8,16.8,16.645,16.685,4026000
2022-12-12T19:00:00Z,16.685,16.7,16.605,16.66,3578400
2022-12-12T20:00:00Z,16.66,17.07,16.655,17.03,8986000
2022-12-13T13:00:00Z,16.905,16.975,16.54,16.59,4142200
2022-12-13T14:00:00Z,16.58,16.68,16.38,16.535,4898200
2022-12-13T15:00:00Z,16.54,16.595,16.5,16.54,3065600
2022-12-13T16:00:00Z,16.54,16.58,16.39,16.435,3763600
2022-12-13T17:00:00Z,16.435,16.485,16.325,16.415,4040200
2022-12-13T18:00:00Z,16.415,16.465,16.345,16.38,3054000
2022-12-13T19:00:00Z,16.38,16.425,16.01,16.085,6418000
2022-12-13T20:00:00Z,16.08,16.16,15.955,15.99,7670200
2022-12-14T13:00:00Z,15.75,15.77,15.405,15.685,12349800
2022-12-14T14:00:00Z,15.685,15.785,15.23,15.255,10337000
2022-12-14T15:00:00Z,15.26,15.36,15.125,15.36,11189200
2022-12-14T16:00:00Z,15.355,15.435,15.21,15.25,8169800
2022-12-14T17:00:00Z,15.245,15.34,15.15,15.305,7302000
2022-12-14T18:00:00Z,15.31,15.535,15.285,15.43,9426400
2022-12-14T19:00:00Z,15.43,15.665,15.365,15.58,9074800
2022-12-14T20:00:00Z,15.58,15.635,15.45,15.525,7903200
2022-12-15T13:00:00Z,15.36,16.075,15.255,15.825,9399600
2022-12-15T14:00:00Z,15.82,16.265,15.785,16.005,7706200
2022-12-15T15:00:00Z,16,16.03,15.78,15.87,4005600
2022-12-15T16:00:00Z,15.87,15.9,15.8,15.86,5214400
2022-12-15T17:00:00Z,15.86,16.07,15.765,15.975,7446000
2022-12-15T18:00:00Z,15.975,15.99,15.82,15.97,3299600
2022-12-15T19:00:00Z,15.975,16.1,15.91,16.095,49992800
2022-12-15T20:00:00Z,16.1,16.12,15.855,15.91,4884800
2022-12-16T13:00:00Z,16,16.195,15.89,16.015,7501000
2022-12-16T14:00:00Z,16.01,16.38,15.975,16.295,7813600
2022-12-16T15:00:00Z,16.295,16.335,16.11,16.17,3160800
2022-12-16T16:00:00Z,16.175,16.28,16.05,16.225,1919400
2022-12-16T17:00:00Z,16.23,16.265,16.16,16.215,2443600
2022-12-16T18:00:00Z,16.22,16.27,16.17,16.18,3190800
2022-12-16T19:00:00Z,16.185,16.25,16.165,16.21,2645200
2022-12-16T20:00:00Z,16.215,16.35,16.185,16.21,3001600
2022-12-19T13:00:00Z,16.355,16.575,16.255,16.475,6647200
2022-12-19T14:00:00Z,16.475,16.525,16.28,16.41,8038400
2022-12-19T15:00:00Z,16.41,16.5,16.4,16.49,2931600
2022-12-19T16:00:00Z,16.485,16.675,16.475,16.635,3302800
2022-12-19T17:00:00Z,16.635,16.685,16.555,16.595,1757200
2022-12-19T18:00:00Z,16.59,16.725,16.535,16.565,2050400
2022-12-19T19:00:00Z,16.565,16.565,16.35,16.39,2387000
2022-12-19T20:00:00Z,16.385,16.505,16.375,16.435,2359800
2022-12-20T13:00:00Z,16.47,16.95,16.315,16.77,4919200
2022-12-20T14:00:00Z,16.77,17.025,16.765,16.89,4495200
2022-12-20T15:00:00Z,16.895,16.995,16.82,16.975,2748000
2022-12-20T16:00:00Z,16.98,16.985,16.79,16.91,2380200
2022-12-20T17:00:00Z,16.905,16.96,16.89,16.895,2103400
2022-12-20T18:00:00Z,16.89,17.08,16.885,16.98,2637800
2022-12-20T19:00:00Z,16.98,16.995,16.87,16.925,2454400
2022-12-20T20:00:00Z,16.925,16.97,16.87,16.9,2792400
2022-12-21T13:00:00Z,17.05,17.23,16.93,16.95,3391000
2022-12-21T14:00:00Z,16.955,17.125,16.87,17.025,3056000
2022-12-21T15:00:00Z,17.025,17.135,16.925,17.03,1419000
2022-12-21T16:00:00Z,17.03,17.115,16.94,16.95,2360200
2022-12-21T17:00:00Z,16.955,17.11,16.95,17.095,1132800
2022-12-21T18:00:00Z,17.09,17.125,17.02,17.09,1593200
2022-12-21T19:00:00Z,17.085,17.105,17.025,17.06,1251400
2022-12-21T20:00:00Z,17.055,17.065,16.98,17.01,1494600
2022-12-22T13:00:00Z,17.16,17.215,16.955,17.085,2485800
2022-12-22T14:00:00Z,17.09,17.425,17.045,17.205,3429800
2022-12-22T15:00:00Z,17.205,17.245,17.115,17.12,1283400
2022-12-22T16:00:00Z,17.125,17.24,17.095,17.205,777000
2022-12-22T17:00:00Z,17.2,17.25,17.125,17.125,1043800
2022-12-22T18:00:00Z,17.13,17.17,17.005,17.015,1552000
2022-12-22T19:00:00Z,17.015,17.145,17.015,17.115,1393000
2022-12-22T20:00:00Z,17.11,17.225,17.095,17.2,1578800
2022-12-23T13:00:00Z,17.265,17.57,17.265,17.47,3096800
2022-12-23T14:00:00Z,17.48,17.665,17.445,17.665,3233600
2022-12-23T15:00:00Z,17.665,17.82,17.635,17.735,2902800
2022-12-23T16:00:00Z,17.735,17.75,17.625,17.68,1182200
2022-12-23T17:00:00Z,17.685,17.705,17.56,17.58,2012000
2022-12-23T18:00:00Z,17.585,17.645,17.56,17.575,1157800
2022-12-23T19:00:00Z,17.58,17.64,17.555,17.605,1021400
2022-12-23T20:00:00Z,17.605,17.665,17.59,17.64,1451800
2022-12-26T13:00:00Z,17.785,17.785,17.405,17.48,1744000
2022-12-26T14:00:00Z,17.47,17.535,17.37,17.5,1028000
2022-12-26T15:00:00Z,17.495,17.54,17.38,17.44,803800
2022-12-26T16:00:00Z,17.44,17.49,17.4,17.44,571200
2022-12-26T17:00:00Z,17.445,17.475,17.39,17.475,626000
2022-12-26T18:00:00Z,17.47,17.7,17.465,17.685,1327200
2022-12-26T19:00:00Z,17.69,17.7,17.63,17.63,1213000
2022-12-26T20:00:00Z,17.63,17.655,17.58,17.64,870000
2022-12-27T13:00:00Z,17.725,17.725,17.035,17.125,3182800
2022-12-27T14:00:00Z,17.13,17.25,17.1,17.14,2490600
2022-12-27T15:00:00Z,17.15,17.34,17.135,17.135,1464400
2022-12-27T16:00:00Z,17.13,17.175,17.075,17.115,1087600
2022-12-27T17:00:00Z,17.115,17.115,16.985,17.05,1922800
2022-12-27T18:00:00Z,17.045,17.14,17.025,17.07,1622000
2022-12-27T19:00:00Z,17.07,17.09,16.995,17.01,1189000
2022-12-27T20:00:00Z,17.015,17.095,16.95,17.06,3391800
2022-12-28T13:00:00Z,17.05,17.13,16.81,17.085,4520400
2022-12-28T14:00:00Z,17.095,17.275,17.03,17.13,3051400
2022-12-28T15:00:00Z,17.13,17.175,17.045,17.16,1560400
2022-12-28T16:00:00Z,17.16,17.25,17.115,17.23,1602600
2022-12-28T17:00:00Z,17.23,17.31,17.15,17.295,2036800
2022-12-28T18:00:00Z,17.295,17.4,17.245,17.275,3266800
2022-12-28T19:00:00Z,17.28,17.365,17.28,17.32,1624400
2022-12-28T20:00:00Z,17.315,17.39,17.3,17.375,1835600
2022-12-29T13:00:00Z,17.415,17.52,17.36,17.43,1712000
2022-12-29T14:00:00Z,17.425,17.455,17.24,17.29,2283600
2022-12-29T15:00:00Z,17.295,17.345,17.215,17.295,1045000
2022-12-29T16:00:00Z,17.295,17.365,17.28,17.305,775400
2022-12-29T17:00:00Z,17.3,17.335,17.2,17.29,1329800
2022-12-29T18:00:00Z,17.295,17.41,17.29,17.38,1998000
2022-12-29T19:00:00Z,17.385,17.435,17.36,17.38,1958600
2022-12-29T20:00:00Z,17.385,17.455,17.37,17.37,1978200
2023-01-02T13:00:00Z,17.11,17.11,16.525,16.71,6793800
2023-01-02T14:00:00Z,16.715,16.76,16.61,16.72,2484000
2023-01-02T15:00:00Z,16.72,16.835,16.655,16.78,1668800
2023-01-02T16:00:00Z,16.775,16.785,16.65,16.685,2044000
2023-01-02T17:00:00Z,16.685,16.755,16.57,16.57,2071200
2023-01-02T18:00:00Z,16.575,16.625,16.53,16.54,1854400
2023-01-02T19:00:00Z,16.535,16.63,16.45,16.62,2008800
2023-01-02T20:00:00Z,16.615,16.635,16.54,16.63,2657600
2023-01-03T13:00:00Z,16.63,16.7,16.265,16.305,3882800
2023-01-03T14:00:00Z,16.31,16.54,16.255,16.455,3287600
2023-01-03T15:00:00Z,16.46,16.54,16.35,16.51,2343600
2023-01-03T16:00:00Z,16.51,16.545,16.385,16.43,1451600
2023-01-03T17:00:00Z,16.425,16.515,16.375,16.435,1347400
2023-01-03T18:00:00Z,16.43,16.445,16.35,16.35,1210000
2023-01-03T19:00:00Z,16.35,16.38,16.275,16.29,2376800
2023-01-03T20:00:00Z,16.29,16.34,16.21,16.28,4176400
2023-01-04T13:00:00Z,16.415,16.595,16.375,16.5,2062000
2023-01-04T14:00:00Z,16.495,16.515,16.355,16.37,2862200
2023-01-04T15:00:00Z,16.37,16.445,16.28,16.39,2615800
2023-01-04T16:00:00Z,16.385,16.615,16.375,16.455,2469200
2023-01-04T17:00:00Z,16.46,16.57,16.36,16.565,2525200
2023-01-04T18:00:00Z,16.565,16.63,16.515,16.595,1842000
2023-01-04T19:00:00Z,16.595,16.62,16.48,16.55,2157800
2023-01-04T20:00:00Z,16.55,16.58,16.47,16.535,1726600
2023-01-05T13:00:00Z,16.645,16.76,16.54,16.72,3053200
2023-01-05T14:00:00Z,16.715,16.895,16.705,16.87,3882600
2023-01-05T15:00:00Z,16.865,16.97,16.82,16.93,3074600
2023-01-05T16:00:00Z,16.93,17.115,16.92,17.05,3103000
2023-01-05T17:00:00Z,17.05,17.2,16.995,17.145,3446800
2023-01-05T18:00:00Z,17.14,17.16,17.06,17.12,2930000
2023-01-05T19:00:00Z,17.115,17.215,17.07,17.215,3913800
2023-01-05T20:00:00Z,17.215,17.37,17.21,17.25,7403600
2023-01-06T13:00:00Z,17.325,17.635,17.29,17.555,4392200
2023-01-06T14:00:00Z,17.555,17.565,17.255,17.275,5050000
2023-01-06T15:00:00Z,17.275,17.465,17.22,17.41,3193600
2023-01-06T16:00:00Z,17.41,17.41,17.3,17.38,3264400
2023-01-06T17:00:00Z,17.385,17.5,17.355,17.44,2006000
2023-01-06T18:00:00Z,17.44,17.445,17.36,17.37,2482000
2023-01-06T19:00:00Z,17.365,17.435,17.315,17.405,3497800
2023-01-06T20:00:00Z,17.405,17.485,17.4,17.485,3159600
2023-01-09T13:00:00Z,17.365,17.475,17.24,17.355,2169400
2023-01-09T14:00:00Z,17.355,17.41,17.245,17.345,2367400
2023-01-09T15:00:00Z,17.335,17.435,17.275,17.4,1711800
2023-01-09T16:00:00Z,17.4,17.525,17.305,17.47,2804600
2023-01-09T17:00:00Z,17.465,17.48,17.365,17.415,1268800
2023-01-09T18:00:00Z,17.41,17.495,17.375,17.415,1791200
2023-01-09T19:00:00Z,17.42,17.435,17.335,17.335,1334800
2023-01-09T20:00:00Z,17.335,17.395,17.245,17.32,4821000
2023-01-10T13:00:00Z,17.25,17.35,17.165,17.305,1179800
2023-01-10T14:00:00Z,17.305,17.505,17.275,17.38,3684200
2023-01-10T15:00:00Z,17.385,17.395,17.27,17.365,1984800
2023-01-10T16:00:00Z,17.365,17.425,17.335,17.4,1059600
2023-01-10T17:00:00Z,17.4,17.445,17.35,17.415,947600
2023-01-10T18:00:00Z,17.415,17.62,17.405,17.6,2519000
2023-01-10T19:00:00Z,17.605,17.705,17.59,17.685,2619800
2023-01-10T20:00:00Z,17.685,17.74,17.595,17.655,3262600
2023-01-11T13:00:00Z,17.65,17.83,17.555,17.645,4055600
2023-01-11T14:00:00Z,17.645,17.84,17.53,17.77,4102600
2023-01-11T15:00:00Z,17.77,17.87,17.675,17.74,3179000
2023-01-11T16:00:00Z,17.745,17.75,17.685,17.71,1036400
2023-01-11T17:00:00Z,17.705,17.79,17.685,17.77,2438600
2023-01-11T18:00:00Z,17.775,17.85,17.715,17.81,2977400
2023-01-11T19:00:00Z,17.81,17.82,17.715,17.725,2377000
2023-01-11T20:00:00Z,17.73,17.925,17.715,17.875,5301800
2023-01-12T13:00:00Z,17.785,17.855,17.505,17.685,4584800
2023-01-12T14:00:00Z,17.68,17.775,17.64,17.67,1748000
2023-01-12T15:00:00Z,17.67,17.85,17.65,17.825,1891800
2023-01-12T16:00:00Z,17.83,17.93,17.765,17.835,1973600
2023-01-12T17:00:00Z,17.83,17.935,17.76,17.825,1577800
2023-01-12T18:00:00Z,17.825,17.855,17.775,17.825,1259200
2023-01-12T19:00:00Z,17.825,17.845,17.72,17.76,1445600
2023-01-12T20:00:00Z,17.76,17.8,17.67,17.755,3032800
2023-01-13T13:00:00Z,17.75,17.785,17.475,17.73,2790400
2023-01-13T14:00:00Z,17.735,17.775,17.615,17.72,1551800
2023-01-13T15:00:00Z,17.72,17.845,17.675,17.82,2675000
2023-01-13T16:00:00Z,17.82,17.835,17.755,17.755,1159600
2023-01-13T17:00:00Z,17.76,17.78,17.7,17.77,1380600
2023-01-13T18:00:00Z,17.775,17.925,17.755,17.82,2573200
2023-01-13T19:00:00Z,17.82,17.92,17.805,17.815,2777400
2023-01-13T20:00:00Z,17.82,17.86,17.77,17.81,3853600
2023-01-16T13:00:00Z,17.83,18.06,17.765,18.01,3153800
2023-01-16T14:00:00Z,18.005,18.02,17.73,17.9,3962800
2023-01-16T15:00:00Z,17.895,17.905,17.66,17.865,2685000
2023-01-16T16:00:00Z,17.865,17.89,17.76,17.855,1188400
2023-01-16T17:00:00Z,17.855,17.865,17.76,17.82,730600
2023-01-16T18:00:00Z,17.82,17.845,17.73,17.815,1948000
2023-01-16T19:00:00Z,17.82,17.89,17.805,17.84,1444400
2023-01-16T20:00:00Z,17.835,17.85,17.765,17.805,1981800
2023-01-17T13:00:00Z,17.895,18.395,17.77,18.31,7927400
2023-01-17T14:00:00Z,18.3,18.425,18.235,18.295,4660600
2023-01-17T15:00:00Z,18.295,18.39,18.265,18.37,4455400
2023-01-17T16:00:00Z,18.37,18.565,18.36,18.53,5243200
2023-01-17T17:00:00Z,18.535,18.545,18.445,18.505,3428400
2023-01-17T18:00:00Z,18.505,18.53,18.415,18.44,2826600
2023-01-17T19:00:00Z,18.44,18.625,18.44,18.6,6342200
2023-01-17T20:00:00Z,18.6,18.815,18.585,18.81,10534200
2023-01-18T13:00:00Z,19.025,19.165,18.945,19.1,6149200
2023-01-18T14:00:00Z,19.1,19.3,19.095,19.175,7967400
2023-01-18T15:00:00Z,19.18,19.435,19.17,19.345,6647000
2023-01-18T16:00:00Z,19.35,19.41,19.26,19.3,6620200
2023-01-18T17:00:00Z,19.3,19.345,19.255,19.285,4242200
2023-01-18T18:00:00Z,19.28,19.32,19.205,19.28,3966600
2023-01-18T19:00:00Z,19.285,19.29,19.185,19.22,2577400
2023-01-18T20:00:00Z,19.215,19.215,19.125,19.125,5127600
2023-01-19T13:00:00Z,19,19.025,18.775,18.985,4497000
2023-01-19T14:00:00Z,18.99,19.07,18.89,18.9,3088400
2023-01-19T15:00:00Z,18.9,19,18.875,18.965,1463000
2023-01-19T16:00:00Z,18.965,19.03,18.915,18.985,3046400
2023-01-19T17:00:00Z,18.98,19.2,18.965,19.17,4287400
2023-01-19T18:00:00Z,19.17,19.405,19.135,19.34,6697600
2023-01-19T19:00:00Z,19.34,19.52,19.31,19.51,10322000
2023-01-19T20:00:00Z,19.505,19.66,19.505,19.63,9136400
2023-01-20T13:00:00Z,19.605,20.1,19.555,19.995,13270600
2023-01-20T14:00:00Z,19.985,20.025,19.87,19.955,10783400
2023-01-20T15:00:00Z,19.95,20.15,19.925,20.09,9806600
2023-01-20T16:00:00Z,20.09,20.1,19.965,19.985,4392400
2023-01-20T17:00:00Z,19.99,20.045,19.935,20.01,3460600
2023-01-20T18:00:00Z,20.005,20.05,19.915,20.04,4478000
2023-01-20T19:00:00Z,20.04,20.075,19.965,20.06,4656800
2023-01-20T20:00:00Z,20.055,20.14,20,20.085,5997200
2023-01-23T13:00:00Z,20.035,20.625,20.025,20.45,13956600
2023-01-23T14:00:00Z,20.445,20.57,20.395,20.49,6573800
2023-01-23T15:00:00Z,20.485,20.575,20.38,20.41,4997200
2023-01-23T16:00:00Z,20.41,20.49,20.205,20.315,5478800
2023-01-23T17:00:00Z,20.31,20.395,20.25,20.39,3941400
2023-01-23T18:00:00Z,20.385,20.4,20.235,20.265,2844200
2023-01-23T19:00:00Z,20.265,20.32,20.07,20.095,3046600
2023-01-23T20:00:00Z,20.095,20.16,19.565,19.815,10746200
2023-01-24T13:00:00Z,19.885,20.195,19.65,19.825,10600600
2023-01-24T14:00:00Z,19.82,19.995,19.735,19.74,5124400
2023-01-24T15:00:00Z,19.74,19.89,19.7,19.765,2329800
2023-01-24T16:00:00Z,19.76,19.88,19.705,19.845,2215800
2023-01-24T17:00:00Z,19.84,19.845,19.65,19.72,2485400
2023-01-24T18:00:00Z,19.725,19.745,19.655,19.665,1882000
2023-01-24T19:00:00Z,19.665,19.835,19.64,19.79,3233000
2023-01-24T20:00:00Z,19.785,19.85,19.7,19.75,2952800
2023-01-25T13:00:00Z,19.705,19.975,19.435,19.84,5557800
2023-01-25T14:00:00Z,19.85,19.98,19.7,19.865,3731800
2023-01-25T15:00:00Z,19.87,20.25,19.8,20.245,2572800
2023-01-25T16:00:00Z,20.24,20.465,20.195,20.27,6071000
2023-01-25T17:00:00Z,20.27,20.39,20.21,20.265,3073800
2023-01-25T18:00:00Z,20.265,20.375,20.245,20.33,1664800
2023-01-25T19:00:00Z,20.33,20.495,20.305,20.385,3466000
2023-01-25T20:00:00Z,20.39,20.425,20.36,20.4,1996800
2023-01-26T13:00:00Z,20.39,20.55,20.315,20.47,2736200
2023-01-26T14:00:00Z,20.47,20.74,20.405,20.515,6801400
2023-01-26T15:00:00Z,20.52,20.535,20.385,20.425,3352000
2023-01-26T16:00:00Z,20.435,20.485,20.37,20.43,1529600
2023-01-26T17:00:00Z,20.435,20.44,20.285,20.38,3329000
2023-01-26T18:00:00Z,20.375,20.47,20.345,20.395,1201200
2023-01-26T19:00:00Z,20.395,20.415,20.34,20.365,2229400
2023-01-26T20:00:00Z,20.37,20.415,20.33,20.345,3354800
2023-01-27T13:00:00Z,20.46,20.48,20.15,20.255,5939800
2023-01-27T14:00:00Z,20.255,20.275,20.06,20.09,2373400
2023-01-27T15:00:00Z,20.095,20.12,19.845,19.92,3627800
2023-01-27T16:00:00Z,19.92,20.05,19.865,20,1868200
2023-01-27T17:00:00Z,19.995,20.085,19.98,20.05,2202400
2023-01-27T18:00:00Z,20.055,20.15,20,20.15,1473600
2023-01-27T19:00:00Z,20.145,20.175,20.055,20.095,1953400
2023-01-27T20:00:00Z,20.1,20.235,20.06,20.095,3152800
2023-01-30T13:00:00Z,20.2,20.315,20.075,20.175,3212000
2023-01-30T14:00:00Z,20.185,20.26,20.03,20.095,3701200
2023-01-30T15:00:00Z,20.1,20.155,20.06,20.095,2263400
2023-01-30T16:00:00Z,20.095,20.195,20.065,20.175,1998600
2023-01-30T17:00:00Z,20.175,20.26,20.125,20.2,3237800
2023-01-30T18:00:00Z,20.205,20.24,20.145,20.195,3102400
2023-01-30T19:00:00Z,20.2,20.34,20.195,20.32,3191000
2023-01-30T20:00:00Z,20.325,20.455,20.325,20.435,5014000
2023-01-31T13:00:00Z,20.475,20.6,20.21,20.395,6885800
2023-01-31T14:00:00Z,20.39,20.495,20.3,20.465,2927000
2023-01-31T15:00:00Z,20.465,20.525,20.385,20.47,3376600
2023-01-31T16:00:00Z,20.47,20.47,20.385,20.4,1969800
2023-01-31T17:00:00Z,20.405,20.455,20.39,20.41,2154600
2023-01-31T18:00:00Z,20.405,20.47,20.365,20.41,2753600
2023-01-31T19:00:00Z,20.41,20.45,20.375,20.415,2447200
2023-01-31T20:00:00Z,20.415,20.485,20.405,20.415,2204200
2023-02-01T13:00:00Z,20.375,20.525,20.305,20.34,4628600
2023-02-01T14:00:00Z,20.35,20.445,20.305,20.33,2938600
2023-02-01T15:00:00Z,20.33,20.345,20.155,20.17,2635600
2023-02-01T16:00:00Z,20.17,20.305,20.16,20.225,2237600
2023-02-01T17:00:00Z,20.225,20.26,19.925,19.98,3210600
2023-02-01T18:00:00Z,19.985,20.095,19.97,20.04,1787600
2023-02-01T19:00:00Z,20.04,20.155,19.98,20.05,2957600
2023-02-01T20:00:00Z,20.055,20.21,20.015,20.065,3207600
2023-02-02T13:00:00Z,20.005,20.575,19.83,20.4,7538400
2023-02-02T14:00:00Z,20.395,20.46,20,20.01,5356800
2023-02-02T15:00:00Z,20.01,20.1,19.81,20.02,4002400
2023-02-02T16:00:00Z,20.02,20.085,19.94,20.075,2230800
2023-02-02T17:00:00Z,20.08,20.14,20.055,20.07,1433800
2023-02-02T18:00:00Z,20.07,20.1,19.89,19.905,2689600
2023-02-02T19:00:00Z,19.905,19.945,19.645,19.695,6175200
2023-02-02T20:00:00Z,19.695,19.785,19.625,19.68,4612600
2023-02-03T13:00:00Z,19.825,19.915,19.565,19.72,4349000
2023-02-03T14:00:00Z,19.715,19.97,19.71,19.885,4518800
2023-02-03T15:00:00Z,19.875,19.895,19.775,19.8,1673200
2023-02-03T16:00:00Z,19.795,19.845,19.755,19.77,1239600
2023-02-03T17:00:00Z,19.775,19.83,19.725,19.77,1956000
2023-02-03T18:00:00Z,19.77,19.78,19.64,19.715,1572000
2023-02-03T19:00:00Z,19.715,19.725,19.45,19.52,4389400
2023-02-03T20:00:00Z,19.52,19.63,19.485,19.575,2229400
2023-02-06T13:00:00Z,19.535,19.585,19.38,19.425,3174800
2023-02-06T14:00:00Z,19.425,19.52,19.36,19.46,3270000
2023-02-06T15:00:00Z,19.46,19.515,19.31,19.415,4850000
2023-02-06T16:00:00Z,19.415,19.55,19.38,19.515,3741800
2023-02-06T17:00:00Z,19.51,19.625,19.465,19.62,2108800
2023-02-06T18:00:00Z,19.615,19.82,19.6,19.815,3049400
2023-02-06T19:00:00Z,19.815,19.86,19.685,19.69,3111600
2023-02-06T20:00:00Z,19.69,19.775,19.645,19.72,2409200
2023-02-07T13:00:00Z,19.795,19.84,19.575,19.625,2254000
2023-02-07T14:00:00Z,19.625,19.675,19.51,19.56,2513000
2023-02-07T15:00:00Z,19.565,19.565,19.395,19.41,2114200
2023-02-07T16:00:00Z,19.41,19.49,19.39,19.405,1729200
2023-02-07T17:00:00Z,19.405,19.47,19.315,19.445,2076800
2023-02-07T18:00:00Z,19.445,19.445,19.23,19.395,4096400
2023-02-07T19:00:00Z,19.39,19.51,19.375,19.435,2997600
2023-02-07T20:00:00Z,19.435,19.46,19.37,19.44,3790800
2023-02-08T13:00:00Z,19.585,19.83,19.455,19.625,3603600
2023-02-08T14:00:00Z,19.62,19.755,19.575,19.625,5026200
2023-02-08T15:00:00Z,19.62,19.67,19.6,19.645,2645800
2023-02-08T16:00:00Z,19.65,19.735,19.605,19.665,3597200
2023-02-08T17:00:00Z,19.67,19.75,19.62,19.715,4708800
2023-02-08T18:00:00Z,19.715,19.95,19.715,19.86,6824800
2023-02-08T19:00:00Z,19.86,19.975,19.805,19.88,9014400
2023-02-08T20:00:00Z,19.88,19.94,19.8,19.925,5730800
2023-02-09T13:00:00Z,19.965,20.035,19.81,19.995,2438800
2023-02-09T14:00:00Z,19.995,20.035,19.585,19.63,3380400
2023-02-09T15:00:00Z,19.63,19.72,19.615,19.68,1281200
2023-02-09T16:00:00Z,19.685,19.765,19.585,19.68,1089600
2023-02-09T17:00:00Z,19.68,19.815,19.675,19.75,684000
2023-02-09T18:00:00Z,19.75,19.785,19.67,19.71,2258400
2023-02-09T19:00:00Z,19.705,19.74,19.63,19.68,1487000
2023-02-09T20:00:00Z,19.68,19.885,19.565,19.865,5507600
2023-02-10T13:00:00Z,19.675,19.845,19.47,19.75,5284400
2023-02-10T14:00:00Z,19.745,19.935,19.725,19.915,4601600
2023-02-10T15:00:00Z,19.915,19.985,19.81,19.89,2931000
2023-02-10T16:00:00Z,19.89,19.955,19.83,19.87,1559800
2023-02-10T17:00:00Z,19.865,19.95,19.855,19.935,1817200
2023-02-10T18:00:00Z,19.93,20,19.865,19.875,3081600
2023-02-10T19:00:00Z,19.88,20.065,19.86,20.06,3557400
2023-02-10T20:00:00Z,20.06,20.305,20.055,20.3,4824400
2023-02-13T13:00:00Z,20.365,20.365,20.015,20.07,4962800
2023-02-13T14:00:00Z,20.075,20.405,20.03,20.355,4555600
2023-02-13T15:00:00Z,20.35,20.57,20.31,20.345,3913000
2023-02-13T16:00:00Z,20.345,20.365,20.25,20.325,1804600
2023-02-13T17:00:00Z,20.325,20.38,20.265,20.315,3155800
2023-02-13T18:00:00Z,20.315,20.37,20.225,20.355,2132000
2023-02-13T19:00:00Z,20.355,20.36,20.265,20.295,4212400
2023-02-13T20:00:00Z,20.3,20.32,20.24,20.3,4147200
2023-02-14T13:00:00Z,21.14,21.375,20.94,21.2,33701200
2023-02-14T14:00:00Z,21.205,21.255,21.12,21.195,10606400
2023-02-14T15:00:00Z,21.195,21.235,21.04,21.16,7764600
2023-02-14T16:00:00Z,21.16,21.275,21.1,21.27,6159400
2023-02-14T17:00:00Z,21.27,21.29,21.16,21.175,25074200
2023-02-14T18:00:00Z,21.175,21.2,20.975,21,13430000
2023-02-14T19:00:00Z,21,21.015,20.685,20.74,11030000
2023-02-14T20:00:00Z,20.74,20.885,20.625,20.81,6891600
2023-02-15T13:00:00Z,20.89,21.055,20.59,20.745,5110200
2023-02-15T14:00:00Z,20.745,20.95,20.7,20.91,3899600
2023-02-15T15:00:00Z,20.91,21.05,20.86,20.975,6224600
2023-02-15T16:00:00Z,20.97,21.01,20.85,20.885,2510600
2023-02-15T17:00:00Z,20.885,20.92,20.785,20.915,2485200
2023-02-15T18:00:00Z,20.91,21.04,20.875,20.965,3881600
2023-02-15T19:00:00Z,20.965,21.09,20.955,21.02,17753600
2023-02-15T20:00:00Z,21.015,21.05,20.905,20.945,3697200
2023-02-16T13:00:00Z,20.825,20.93,20.75,20.82,6684200
2023-02-16T14:00:00Z,20.82,20.965,20.685,20.81,7670600
2023-02-16T15:00:00Z,20.815,20.99,20.76,20.895,3268000
2023-02-16T16:00:00Z,20.89,20.93,20.84,20.85,7761200
2023-02-16T17:00:00Z,20.85,20.905,20.805,20.885,2667200
2023-02-16T18:00:00Z,20.89,21.08,20.885,21.055,3673200
2023-02-16T19:00:00Z,21.055,21.235,20.995,21.215,4310400
2023-02-16T20:00:00Z,21.21,21.295,21.145,21.25,4437600
2023-02-17T13:00:00Z,21.175,21.185,20.99,21.095,3985400
2023-02-17T14:00:00Z,21.09,21.275,21.04,21.26,3241200
2023-02-17T15:00:00Z,21.26,21.475,21.26,21.43,9316600
2023-02-17T16:00:00Z,21.435,21.445,21.35,21.415,2260400
2023-02-17T17:00:00Z,21.415,21.475,21.4,21.415,2250200
2023-02-17T18:00:00Z,21.415,21.475,21.38,21.425,3046000
2023-02-17T19:00:00Z,21.42,21.49,21.36,21.47,9322200
2023-02-17T20:00:00Z,21.47,21.565,21.4,21.47,6810000
2023-02-22T16:00:00Z,21.4,21.405,20.83,20.86,7993200
2023-02-22T17:00:00Z,20.87,21.045,20.855,20.965,3745400
2023-02-22T18:00:00Z,20.96,20.99,20.91,20.95,1895200
2023-02-22T19:00:00Z,20.95,21.025,20.855,20.885,2857800
2023-02-22T20:00:00Z,20.88,20.95,20.87,20.885,2841000
2023-02-23T13:00:00Z,20.95,21.085,20.84,20.985,3536400
2023-02-23T14:00:00Z,20.98,21.3,20.98,21.2,6373600
2023-02-23T15:00:00Z,21.2,21.29,20.92,20.995,3834400
2023-02-23T16:00:00Z,20.99,21.02,20.875,20.91,10577400
2023-02-23T17:00:00Z,20.905,20.99,20.865,20.945,5260400
2023-02-23T18:00:00Z,20.95,20.98,20.855,20.96,3561200
2023-02-23T19:00:00Z,20.96,21.095,20.94,21.05,4409400
2023-02-23T20:00:00Z,21.045,21.19,21.035,21.065,4315600
2023-02-24T13:00:00Z,20.68,20.765,20.485,20.585,3534200
2023-02-24T14:00:00Z,20.58,20.59,20.3,20.335,3505600
2023-02-24T15:00:00Z,20.335,20.39,20.195,20.205,3049400
2023-02-24T16:00:00Z,20.205,20.32,20.18,20.24,2717200
2023-02-24T17:00:00Z,20.24,20.28,20.12,20.16,2177800
2023-02-24T18:00:00Z,20.165,20.22,20.13,20.2,2747600
2023-02-24T19:00:00Z,20.195,20.3,20.175,20.28,2214000
2023-02-24T20:00:00Z,20.28,20.29,20.23,20.24,2512200
2023-02-27T13:00:00Z,20.245,20.37,20.05,20.055,2673400
2023-02-27T14:00:00Z,20.055,20.25,20.055,20.13,2077800
2023-02-27T15:00:00Z,20.13,20.19,19.925,19.94,3232600
2023-02-27T16:00:00Z,19.945,20.055,19.86,20.04,2546200
2023-02-27T17:00:00Z,20.04,20.08,19.95,19.975,1948800
2023-02-27T18:00:00Z,19.98,20.065,19.95,19.975,1456000
2023-02-27T19:00:00Z,19.975,19.99,19.875,19.96,2452000
2023-02-27T20:00:00Z,19.96,19.985,19.875,19.9,4163400
2023-02-28T13:00:00Z,20.07,20.395,19.96,20.225,4129800
2023-02-28T14:00:00Z,20.235,20.29,20.115,20.175,3961400
2023-02-28T15:00:00Z,20.175,20.25,20.105,20.11,3389200
2023-02-28T16:00:00Z,20.11,20.23,19.95,20.075,3770400
2023-02-28T17:00:00Z,20.075,20.235,19.975,20.205,3095800
2023-02-28T18:00:00Z,20.205,20.23,20.075,20.22,2495400
2023-02-28T19:00:00Z,20.22,20.28,20.16,20.225,2738600
2023-02-28T20:00:00Z,20.22,20.28,20.165,20.185,2859400
2023-03-01T13:00:00Z,20.15,20.15,19.205,19.465,16548000
2023-03-01T14:00:00Z,19.465,19.555,19.335,19.435,7367600
2023-03-01T15:00:00Z,19.44,19.455,19.185,19.315,6626000
2023-03-01T16:00:00Z,19.315,19.59,19.295,19.475,4018200
2023-03-01T17:00:00Z,19.485,19.58,19.4,19.44,3479400
2023-03-01T18:00:00Z,19.44,19.48,19.285,19.295,4603800
2023-03-01T19:00:00Z,19.295,19.425,19.285,19.415,3955800
2023-03-01T20:00:00Z,19.42,19.51,19.315,19.5,5011600
2023-03-02T13:00:00Z,19.5,19.54,19.29,19.32,3670000
2023-03-02T14:00:00Z,19.31,19.36,18.985,19.105,6185200
2023-03-02T15:00:00Z,19.105,19.11,18.94,19.035,2864800
2023-03-02T16:00:00Z,19.035,19.08,18.925,18.935,2777800
2023-03-02T17:00:00Z,18.93,19.045,18.9,18.98,2657200
2023-03-02T18:00:00Z,18.98,19.07,18.91,18.915,3473200
2023-03-02T19:00:00Z,18.915,19.005,18.89,18.935,3818400
2023-03-02T20:00:00Z,18.93,18.94,18.685,18.685,5736000
2023-03-03T13:00:00Z,18.85,18.96,18.665,18.895,4778400
2023-03-03T14:00:00Z,18.9,19.045,18.795,19,7853800
2023-03-03T15:00:00Z,18.99,19.16,18.935,18.975,4187800
2023-03-03T16:00:00Z,18.975,19.125,18.975,19.085,4893600
2023-03-03T17:00:00Z,19.09,19.09,18.99,19.055,2161200
2023-03-03T18:00:00Z,19.06,19.08,18.85,18.925,3204600
2023-03-03T19:00:00Z,18.93,18.96,18.835,18.855,2366800
2023-03-03T20:00:00Z,18.855,18.96,18.84,18.895,2788000
2023-03-06T13:00:00Z,18.935,19.26,18.935,19.07,2615600
2023-03-06T14:00:00Z,19.07,19.25,19.025,19.16,2162600
2023-03-06T15:00:00Z,19.16,19.505,19.115,19.39,2764800
2023-03-06T16:00:00Z,19.39,19.48,19.36,19.44,1706200
2023-03-06T17:00:00Z,19.44,19.44,19.31,19.39,2028800
2023-03-06T18:00:00Z,19.39,19.41,19.26,19.315,1932400
2023-03-06T19:00:00Z,19.32,19.415,19.265,19.365,2070400
2023-03-06T20:00:00Z,19.365,19.425,19.32,19.4,2344000
2023-03-07T13:00:00Z,19.5,19.58,19.25,19.56,2945000
2023-03-07T14:00:00Z,19.555,19.675,19.445,19.49,6701000
2023-03-07T15:00:00Z,19.49,19.575,19.39,19.41,4082800
2023-03-07T16:00:00Z,19.41,19.595,19.4,19.555,2966200
2023-03-07T17:00:00Z,19.55,19.71,19.535,19.59,3916000
2023-03-07T18:00:00Z,19.595,19.685,19.54,19.68,5247600
2023-03-07T19:00:00Z,19.685,19.775,19.68,19.725,4153200
2023-03-07T20:00:00Z,19.725,19.89,19.725,19.835,5159600
2023-03-08T13:00:00Z,19.85,19.965,19.785,19.89,2383400
2023-03-08T14:00:00Z,19.885,20.06,19.835,20.06,3879200
2023-03-08T15:00:00Z,20.06,20.19,19.96,20.115,4625200
2023-03-08T16:00:00Z,20.115,20.13,20,20.07,2475600
2023-03-08T17:00:00Z,20.07,20.09,19.965,19.99,1790600
2023-03-08T18:00:00Z,19.99,20.035,19.945,19.955,1999400
2023-03-08T19:00:00Z,19.96,20.035,19.955,20.01,1985800
2023-03-08T20:00:00Z,20.01,20.055,19.975,19.99,2960400
2023-03-09T13:00:00Z,19.965,20.095,19.82,19.945,1941200
2023-03-09T14:00:00Z,19.94,20.09,19.805,19.81,2806800
2023-03-09T15:00:00Z,19.81,19.91,19.755,19.79,2182800
2023-03-09T16:00:00Z,19.79,19.83,19.755,19.79,934000
2023-03-09T17:00:00Z,19.79,19.81,19.675,19.68,1748200
2023-03-09T18:00:00Z,19.68,19.755,19.625,19.71,4327800
2023-03-09T19:00:00Z,19.715,19.795,19.65,19.765,3007800
2023-03-09T20:00:00Z,19.765,19.77,19.59,19.61,4154600
2023-03-10T13:00:00Z,19.5,19.53,19.165,19.21,4778600
2023-03-10T14:00:00Z,19.215,19.34,19.15,19.28,5204200
2023-03-10T15:00:00Z,19.28,19.36,19.215,19.295,2208400
2023-03-10T16:00:00Z,19.3,19.335,19.2,19.21,2991000
2023-03-10T17:00:00Z,19.215,19.25,19.185,19.22,1064600
2023-03-10T18:00:00Z,19.225,19.24,19.01,19.04,3089400
2023-03-10T19:00:00Z,19.05,19.205,19.04,19.14,1711400
2023-03-10T20:00:00Z,19.14,19.185,19.125,19.125,1986600
2023-03-13T13:00:00Z,19.065,19.105,18.895,19.035,3869200
2023-03-13T14:00:00Z,19.025,19.285,19.005,19.24,3101400
2023-03-13T15:00:00Z,19.235,19.245,19.085,19.125,1827000
2023-03-13T16:00:00Z,19.12,19.2,19.08,19.175,1769600
2023-03-13T17:00:00Z,19.175,19.285,19.13,19.26,1347200
2023-03-13T18:00:00Z,19.26,19.26,19.08,19.14,1679400
2023-03-13T19:00:00Z,19.14,19.17,19.05,19.06,2298800
2023-03-14T13:00:00Z,18.96,19.07,18.725,18.925,3760200
2023-03-14T14:00:00Z,18.925,19.03,18.87,18.885,2340000
2023-03-14T15:00:00Z,18.885,18.935,18.785,18.8,1544400
2023-03-14T16:00:00Z,18.8,18.91,18.8,18.84,1554200
2023-03-14T17:00:00Z,18.845,18.87,18.685,18.82,2859000
2023-03-14T18:00:00Z,18.82,18.84,18.745,18.765,3339600
2023-03-14T19:00:00Z,18.765,18.81,18.615,18.73,4828400
2023-03-15T13:00:00Z,18.42,18.565,18.375,18.465,3626000
2023-03-15T14:00:00Z,18.465,18.585,18.42,18.515,2344400
2023-03-15T15:00:00Z,18.515,18.645,18.48,18.62,2484000
2023-03-15T16:00:00Z,18.625,18.72,18.55,18.715,1621400
2023-03-15T17:00:00Z,18.72,18.895,18.69,18.79,4476000
2023-03-15T18:00:00Z,18.795,18.86,18.7,18.785,3421800
2023-03-15T19:00:00Z,18.79,18.845,18.675,18.775,2460400
2023-03-16T13:00:00Z,18.835,19.03,18.71,19.02,2456200
2023-03-16T14:00:00Z,19.02,19.05,18.65,18.855,3064800
2023-03-16T15:00:00Z,18.86,18.92,18.78,18.89,3131800
2023-03-16T16:00:00Z,18.89,18.915,18.805,18.895,1839000
2023-03-16T17:00:00Z,18.89,18.985,18.88,18.97,2159600
2023-03-16T18:00:00Z,18.975,19.04,18.965,18.985,7169400
2023-03-16T19:00:00Z,18.985,19.08,18.93,18.995,3185800
2023-03-17T13:00:00Z,18.8,19.06,18.72,18.78,4865000
2023-03-17T14:00:00Z,18.79,18.84,18.675,18.73,2169200
2023-03-17T15:00:00Z,18.725,18.83,18.685,18.795,1752400
2023-03-17T16:00:00Z,18.795,18.84,18.725,18.76,7934400
2023-03-17T17:00:00Z,18.76,18.815,18.725,18.735,1307000
2023-03-17T18:00:00Z,18.735,18.785,18.705,18.755,1529000
2023-03-17T19:00:00Z,18.755,18.805,18.7,18.755,2545000
2023-03-20T13:00:00Z,18.655,19.04,18.61,18.695,5121800
2023-03-20T14:00:00Z,18.695,18.75,18.57,18.695,3429200
2023-03-20T15:00:00Z,18.685,18.705,18.44,18.445,2824800
2023-03-20T16:00:00Z,18.45,18.495,18.39,18.475,1824400
2023-03-20T17:00:00Z,18.47,18.495,18.35,18.45,2208200
2023-03-20T18:00:00Z,18.45,18.55,18.41,18.51,1556800
2023-03-20T19:00:00Z,18.515,18.59,18.485,18.525,2341000
2023-03-21T13:00:00Z,18.655,18.86,18.64,18.745,2726600
2023-03-21T14:00:00Z,18.75,18.855,18.645,18.81,4499400
2023-03-21T15:00:00Z,18.805,18.885,18.71,18.73,2036600
2023-03-21T16:00:00Z,18.725,18.78,18.71,18.75,1521400
2023-03-21T17:00:00Z,18.745,18.855,18.745,18.82,1581000
2023-03-21T18:00:00Z,18.82,18.825,18.745,18.785,1713800
2023-03-21T19:00:00Z,18.79,18.815,18.7,18.725,2290400
2023-03-22T13:00:00Z,18.77,18.94,18.725,18.77,2207800
2023-03-22T14:00:00Z,18.765,18.83,18.7,18.805,7539600
2023-03-22T15:00:00Z,18.8,18.925,18.775,18.895,4845200
2023-03-22T16:00:00Z,18.895,18.91,18.825,18.83,848800
2023-03-22T17:00:00Z,18.83,18.885,18.795,18.855,992600
2023-03-22T18:00:00Z,18.87,19.125,18.81,18.98,3151200
2023-03-22T19:00:00Z,18.98,18.98,18.75,18.81,2144200
2023-03-23T13:00:00Z,18.86,19.07,18.85,18.995,2104400
2023-03-23T14:00:00Z,18.99,19.01,18.76,18.83,2976000
2023-03-23T15:00:00Z,18.83,18.91,18.785,18.9,2057000
2023-03-23T16:00:00Z,18.9,18.94,18.77,18.79,1395400
2023-03-23T17:00:00Z,18.79,18.8,18.545,18.56,3548400
2023-03-23T18:00:00Z,18.565,18.655,18.39,18.475,4214400
2023-03-23T19:00:00Z,18.475,18.63,18.415,18.56,4496600
2023-03-24T13:00:00Z,18.665,18.795,18.525,18.67,3239600
2023-03-24T14:00:00Z,18.67,18.73,18.55,18.65,2855400
2023-03-24T15:00:00Z,18.645,18.965,18.605,18.935,2159800
2023-03-24T16:00:00Z,18.935,18.95,18.815,18.82,1222400
2023-03-24T17:00:00Z,18.82,18.9,18.755,18.77,1453000
2023-03-24T18:00:00Z,18.77,18.85,18.765,18.78,1151000
2023-03-24T19:00:00Z,18.78,18.865,18.73,18.75,1461800
2023-03-27T13:00:00Z,18.99,19.025,18.805,18.96,2430000
2023-03-27T14:00:00Z,18.96,19.075,18.93,18.93,2047000
2023-03-27T15:00:00Z,18.925,18.94,18.795,18.805,1543600
2023-03-27T16:00:00Z,18.81,18.92,18.775,18.81,1464600
2023-03-27T17:00:00Z,18.81,18.835,18.74,18.745,1502400
2023-03-27T18:00:00Z,18.74,18.875,18.715,18.825,1684200
2023-03-27T19:00:00Z,18.825,18.86,18.78,18.815,2039600
2023-03-28T13:00:00Z,18.805,18.955,18.755,18.85,2702600
2023-03-28T14:00:00Z,18.85,18.965,18.85,18.935,2206200
2023-03-28T15:00:00Z,18.93,18.95,18.83,18.86,2196800
2023-03-28T16:00:00Z,18.86,19.04,18.86,19.02,1723600
2023-03-28T17:00:00Z,19.025,19.025,18.88,18.905,1390000
2023-03-28T18:00:00Z,18.905,18.95,18.87,18.935,1362400
2023-03-28T19:00:00Z,18.935,19,18.89,18.91,2073200
2023-03-29T13:00:00Z,19.02,19.12,18.87,18.94,2198400
2023-03-29T14:00:00Z,18.94,19,18.905,18.97,876400
2023-03-29T15:00:00Z,18.965,19.05,18.95,18.965,1075800
2023-03-29T16:00:00Z,18.96,19.045,18.95,18.96,1695800
2023-03-29T17:00:00Z,18.965,18.985,18.905,18.975,1106200
2023-03-29T18:00:00Z,18.975,18.995,18.825,18.94,1540200
2023-03-29T19:00:00Z,18.945,19.215,18.93,19.155,2796800
2023-03-30T13:00:00Z,19.475,19.595,19.35,19.37,4065400
2023-03-30T14:00:00Z,19.37,19.46,19.2,19.43,2481800
2023-03-30T15:00:00Z,19.43,19.52,19.415,19.515,5779200
2023-03-30T16:00:00Z,19.51,19.59,19.475,19.49,3959200
2023-03-30T17:00:00Z,19.495,19.505,19.345,19.465,2344200
2023-03-30T18:00:00Z,19.46,19.465,19.39,19.41,3060200
2023-03-30T19:00:00Z,19.41,19.53,19.395,19.48,3091200
2023-03-31T13:00:00Z,19.58,19.76,19.54,19.665,2282200
2023-03-31T14:00:00Z,19.665,19.725,19.63,19.645,1818600
2023-03-31T15:00:00Z,19.645,19.665,19.39,19.485,1860600
2023-03-31T16:00:00Z,19.485,19.545,19.43,19.45,751200
2023-03-31T17:00:00Z,19.45,19.47,19.285,19.35,1330200
2023-03-31T18:00:00Z,19.355,19.49,19.285,19.445,1619400
2023-03-31T19:00:00Z,19.45,19.68,19.425,19.57,4043000
2023-04-03T13:00:00Z,19.605,19.64,19.165,19.185,2341600
2023-04-03T14:00:00Z,19.2,19.305,19.12,19.205,4051800
2023-04-03T15:00:00Z,19.21,19.225,19.105,19.195,2858200
2023-04-03T16:00:00Z,19.19,19.21,19.145,19.185,1208400
2023-04-03T17:00:00Z,19.18,19.225,19.14,19.19,2511000
2023-04-03T18:00:00Z,19.19,19.245,19.185,19.22,1094800
2023-04-03T19:00:00Z,19.22,19.355,19.215,19.31,2148000
2023-04-04T13:00:00Z,19.45,19.515,19.365,19.485,1397200
2023-04-04T14:00:00Z,19.485,19.74,19.485,19.59,2498600
2023-04-04T15:00:00Z,19.595,19.67,19.515,19.6,1582000
2023-04-04T16:00:00Z,19.595,19.645,19.485,19.54,2015400
2023-04-04T17:00:00Z,19.535,19.58,19.515,19.53,1276600
2023-04-04T18:00:00Z,19.535,19.565,19.47,19.51,1093400
2023-04-04T19:00:00Z,19.505,19.675,19.475,19.64,4591000
2023-04-05T13:00:00Z,19.675,19.84,19.58,19.71,2920200
2023-04-05T14:00:00Z,19.71,19.79,19.415,19.52,1993000
2023-04-05T15:00:00Z,19.51,19.69,19.5,19.685,1376800
2023-04-05T16:00:00Z,19.68,19.695,19.525,19.56,1892200
2023-04-05T17:00:00Z,19.55,19.625,19.54,19.62,1711600
2023-04-05T18:00:00Z,19.62,19.715,19.535,19.545,1903600
2023-04-05T19:00:00Z,19.545,19.66,19.51,19.625,2599000
2023-04-06T13:00:00Z,19.62,19.67,19.45,19.475,2762400
2023-04-06T14:00:00Z,19.47,19.56,19.465,19.52,1260800
2023-04-06T15:00:00Z,19.52,19.605,19.485,19.605,969600
2023-04-06T16:00:00Z,19.605,19.64,19.565,19.605,875600
2023-04-06T17:00:00Z,19.605,19.625,19.54,19.565,976400
2023-04-06T18:00:00Z,19.565,19.645,19.535,19.6,1872200
2023-04-06T19:00:00Z,19.6,19.635,19.425,19.495,2948600
2023-04-10T13:00:00Z,19.675,19.845,19.64,19.68,11886400
2023-04-10T14:00:00Z,19.675,19.75,19.625,19.705,1719000
2023-04-10T15:00:00Z,19.71,19.76,19.65,19.665,1395000
2023-04-10T16:00:00Z,19.665,19.705,19.64,19.65,793600
2023-04-10T17:00:00Z,19.645,19.68,19.6,19.605,862400
2023-04-10T18:00:00Z,19.605,19.63,19.545,19.57,994800
2023-04-10T19:00:00Z,19.57,19.585,19.485,19.51,2051200
2023-04-11T13:00:00Z,19.65,20.015,19.625,19.705,4847000
2023-04-11T14:00:00Z,19.705,19.925,19.695,19.84,3744000
2023-04-11T15:00:00Z,19.83,19.87,19.725,19.795,1269800
2023-04-11T16:00:00Z,19.805,19.825,19.71,19.8,1355000
2023-04-11T17:00:00Z,19.795,19.99,19.785,19.965,2731600
2023-04-11T18:00:00Z,19.975,20.065,19.94,20.005,5044400
2023-04-11T19:00:00Z,20.015,20.05,19.885,19.925,4995600
2023-04-12T13:00:00Z,20.03,20.72,20.005,20.495,11972800
2023-04-12T14:00:00Z,20.495,20.795,20.47,20.72,12874400
2023-04-12T15:00:00Z,20.72,21.06,20.665,21.005,17976800
2023-04-12T16:00:00Z,21,21.3,20.99,21.28,17114800
2023-04-12T17:00:00Z,21.28,21.585,21.23,21.4,37057800
2023-04-12T18:00:00Z,21.4,21.625,21.365,21.505,14772600
2023-04-12T19:00:00Z,21.505,21.545,21.34,21.38,11845800
2023-04-13T13:00:00Z,21.32,21.62,21.2,21.565,8133400
2023-04-13T14:00:00Z,21.565,21.695,21.48,21.53,6864200
2023-04-13T15:00:00Z,21.53,21.62,21.485,21.515,3611600
2023-04-13T16:00:00Z,21.515,21.54,21.45,21.505,2970800
2023-04-13T17:00:00Z,21.505,21.56,21.49,21.545,3254200
2023-04-13T18:00:00Z,21.545,21.555,21.37,21.38,3656600
2023-04-13T19:00:00Z,21.385,21.385,21.26,21.35,4641000
2023-04-14T13:00:00Z,21.31,21.525,21.075,21.49,16896400
2023-04-14T14:00:00Z,21.48,21.62,21.35,21.52,6305000
2023-04-14T15:00:00Z,21.52,21.525,21.395,21.46,2452400
2023-04-14T16:00:00Z,21.455,21.6,21.43,21.595,2760000
2023-04-14T17:00:00Z,21.6,21.635,21.53,21.535,2224800
2023-04-14T18:00:00Z,21.535,21.64,21.535,21.635,4808800
2023-04-14T19:00:00Z,21.64,21.745,21.585,21.725,4362400
2023-04-17T13:00:00Z,21.685,21.71,21.55,21.65,3544600
2023-04-17T14:00:00Z,21.65,21.71,21.51,21.53,3159200
2023-04-17T15:00:00Z,21.53,21.595,21.52,21.56,2148400
2023-04-17T16:00:00Z,21.56,21.65,21.535,21.625,2002000
2023-04-17T17:00:00Z,21.625,21.825,21.6,21.8,3092600
2023-04-17T18:00:00Z,21.8,21.875,21.75,21.76,4009000
2023-04-17T19:00:00Z,21.76,21.83,21.705,21.775,3595600
2023-04-18T13:00:00Z,21.775,21.775,21.515,21.685,2864000
2023-04-18T14:00:00Z,21.68,21.815,21.61,21.765,2107200
2023-04-18T15:00:00Z,21.76,21.78,21.625,21.645,1189800
2023-04-18T16:00:00Z,21.645,21.695,21.605,21.62,830400
2023-04-18T17:00:00Z,21.625,21.71,21.585,21.64,1418000
2023-04-18T18:00:00Z,21.64,21.715,21.61,21.69,1749400
2023-04-18T19:00:00Z,21.69,21.835,21.675,21.76,5185400
2023-04-19T13:00:00Z,21.695,21.76,21.465,21.54,4005000
2023-04-19T14:00:00Z,21.54,21.685,21.54,21.62,5970800
2023-04-19T15:00:00Z,21.615,21.625,21.505,21.525,1372800
2023-04-19T16:00:00Z,21.525,21.565,21.51,21.545,1047600
2023-04-19T17:00:00Z,21.54,21.57,21.48,21.515,1502800
2023-04-19T18:00:00Z,21.51,21.55,21.42,21.495,2054200
2023-04-19T19:00:00Z,21.49,21.545,21.475,21.5,3144800
2023-04-20T13:00:00Z,21.49,21.54,21.355,21.485,2158400
2023-04-20T14:00:00Z,21.48,21.7,21.48,21.665,2121600
2023-04-20T15:00:00Z,21.67,21.695,21.575,21.59,7571000
2023-04-20T16:00:00Z,21.595,21.665,21.57,21.665,960000
2023-04-20T17:00:00Z,21.665,21.73,21.62,21.665,1440600
2023-04-20T18:00:00Z,21.665,21.71,21.585,21.68,1287400
2023-04-20T19:00:00Z,21.68,21.8,21.645,21.72,2617600
2023-04-24T13:00:00Z,21.71,21.795,21.525,21.735,9321600
2023-04-24T14:00:00Z,21.735,22.02,21.73,21.86,3243200
2023-04-24T15:00:00Z,21.87,21.91,21.805,21.815,1324600
2023-04-24T16:00:00Z,21.82,21.83,21.725,21.73,721400
2023-04-24T17:00:00Z,21.73,21.765,21.7,21.705,1149400
2023-04-24T18:00:00Z,21.705,21.75,21.7,21.715,806200
2023-04-24T19:00:00Z,21.715,21.77,21.7,21.7,1212200
2023-04-25T13:00:00Z,21.5,21.665,21.46,21.51,10383800
2023-04-25T14:00:00Z,21.505,21.61,21.48,21.53,1947200
2023-04-25T15:00:00Z,21.525,21.6,21.455,21.49,2427600
2023-04-25T16:00:00Z,21.49,21.585,21.475,21.495,1194800
2023-04-25T17:00:00Z,21.495,21.545,21.4,21.435,1423200
2023-04-25T18:00:00Z,21.435,21.45,21.365,21.425,2157800
2023-04-25T19:00:00Z,21.425,21.53,21.395,21.485,2396400
2023-04-26T13:00:00Z,21.63,21.63,21.38,21.395,10789800
2023-04-26T14:00:00Z,21.395,21.43,21.325,21.37,2205400
2023-04-26T15:00:00Z,21.37,21.4,21.31,21.39,1614800
2023-04-26T16:00:00Z,21.385,21.4,21.345,21.365,682800
2023-04-26T17:00:00Z,21.36,21.385,21.27,21.295,2048800
2023-04-26T18:00:00Z,21.285,21.33,21.26,21.32,1348400
2023-04-26T19:00:00Z,21.32,21.365,21.29,21.305,2374800
2023-04-27T13:00:00Z,21.335,21.6,21.275,21.51,1800000
2023-04-27T14:00:00Z,21.51,21.58,21.475,21.505,1228000
2023-04-27T15:00:00Z,21.5,21.53,21.365,21.365,1175800
2023-04-27T16:00:00Z,21.365,21.41,21.33,21.36,858000
2023-04-27T17:00:00Z,21.36,21.46,21.32,21.43,1374400
2023-04-27T18:00:00Z,21.43,21.465,21.335,21.335,1247800
2023-04-27T19:00:00Z,21.335,21.37,21.26,21.3,2536600
2023-04-28T13:00:00Z,21.505,21.515,21.175,21.305,5987200
2023-04-28T14:00:00Z,21.3,21.65,21.28,21.38,3065000
2023-04-28T15:00:00Z,21.38,21.545,21.34,21.475,1073000
2023-04-28T16:00:00Z,21.48,21.58,21.45,21.56,967200
2023-04-28T17:00:00Z,21.565,21.58,21.5,21.555,968200
2023-04-28T18:00:00Z,21.55,21.575,21.43,21.45,1562200
2023-04-28T19:00:00Z,21.445,21.46,21.35,21.375,2231200
2023-05-02T13:00:00Z,21.38,21.38,21.06,21.105,9224200
2023-05-02T14:00:00Z,21.095,21.11,20.965,21.025,4033200
2023-05-02T15:00:00Z,21.02,21.035,20.86,20.92,3666200
2023-05-02T16:00:00Z,20.925,21.025,20.905,20.945,1029400
2023-05-02T17:00:00Z,20.945,20.965,20.885,20.94,1336400
2023-05-02T18:00:00Z,20.935,20.94,20.86,20.88,1571200
2023-05-02T19:00:00Z,20.88,20.975,20.86,20.945,1916800
2023-05-03T13:00:00Z,21.03,21.06,20.805,20.86,1648600
2023-05-03T14:00:00Z,20.865,20.925,20.805,20.865,1261400
2023-05-03T15:00:00Z,20.865,20.885,20.78,20.885,1234200
2023-05-03T16:00:00Z,20.88,20.925,20.835,20.835,810600
2023-05-03T17:00:00Z,20.84,20.89,20.8,20.845,1340800
2023-05-03T18:00:00Z,20.84,20.94,20.83,20.905,1458200
2023-05-03T19:00:00Z,20.905,20.93,20.81,20.81,1837800
2023-05-04T13:00:00Z,21,21.225,20.95,20.96,2720000
2023-05-04T14:00:00Z,20.965,21.085,20.85,20.865,2235200
2023-05-04T15:00:00Z,20.865,20.9,20.77,20.82,1173000
2023-05-04T16:00:00Z,20.815,20.995,20.815,20.985,983800
2023-05-04T17:00:00Z,20.99,21.205,20.945,21.135,2763800
2023-05-04T18:00:00Z,21.135,21.15,21.065,21.105,1398000
2023-05-04T19:00:00Z,21.11,21.14,20.98,21.09,2055400
2023-05-05T13:00:00Z,21.095,21.35,21.095,21.18,1381400
2023-05-05T14:00:00Z,21.175,21.27,21.12,21.245,873200
2023-05-05T15:00:00Z,21.245,21.345,21.185,21.31,1165200
2023-05-05T16:00:00Z,21.315,21.48,21.275,21.43,1737000
2023-05-05T17:00:00Z,21.44,21.555,21.405,21.535,1566000
2023-05-05T18:00:00Z,21.54,21.615,21.5,21.575,2073000
2023-05-05T19:00:00Z,21.575,21.655,21.535,21.615,3420600
2023-05-08T13:00:00Z,21.72,21.89,21.555,21.655,2618600
2023-05-08T14:00:00Z,21.66,21.745,21.575,21.735,1917400
2023-05-08T15:00:00Z,21.73,21.735,21.555,21.685,1239600
2023-05-08T16:00:00Z,21.68,21.785,21.635,21.695,852400
2023-05-08T17:00:00Z,21.7,21.745,21.6,21.67,1111200
2023-05-08T18:00:00Z,21.675,21.695,21.555,21.575,2669400
2023-05-08T19:00:00Z,21.58,21.605,21.48,21.525,3978800
2023-05-09T13:00:00Z,21.495,21.565,21.335,21.55,2745400
2023-05-09T14:00:00Z,21.56,21.705,21.44,21.525,2163200
2023-05-09T15:00:00Z,21.525,21.56,21.425,21.49,4311400
2023-05-09T16:00:00Z,21.5,21.62,21.47,21.56,1674600
2023-05-09T17:00:00Z,21.565,21.585,21.55,21.575,1067000
2023-05-09T18:00:00Z,21.58,21.655,21.4,21.41,2866600
2023-05-09T19:00:00Z,21.41,21.47,21.37,21.39,3040600
2023-05-10T13:00:00Z,21.5,21.5,21.3,21.44,2217400
2023-05-10T14:00:00Z,21.445,21.48,21.34,21.37,1215600
2023-05-10T15:00:00Z,21.37,21.61,21.355,21.58,1730600
2023-05-10T16:00:00Z,21.58,21.63,21.565,21.6,1422200
2023-05-10T17:00:00Z,21.6,21.675,21.525,21.635,5882800
2023-05-10T18:00:00Z,21.64,21.795,21.615,21.77,2951600
2023-05-10T19:00:00Z,21.77,21.8,21.7,21.8,3488400
2023-05-11T13:00:00Z,21.71,21.925,21.535,21.915,4009200
2023-05-11T14:00:00Z,21.905,22.125,21.885,21.985,5859800
2023-05-11T15:00:00Z,21.99,22.035,21.825,21.87,2611600
2023-05-11T16:00:00Z,21.875,21.89,21.83,21.845,921200
2023-05-11T17:00:00Z,21.845,22.045,21.845,21.995,1368000
2023-05-11T18:00:00Z,21.995,22.31,21.985,22.13,5466800
2023-05-11T19:00:00Z,22.13,22.195,22.09,22.175,4340200
2023-05-12T13:00:00Z,22.025,22.25,21.95,22.21,3363800
2023-05-12T14:00:00Z,22.195,22.345,22.145,22.31,2922000
2023-05-12T15:00:00Z,22.305,22.32,22.115,22.12,2051600
2023-05-12T16:00:00Z,22.12,22.2,22.05,22.14,1317600
2023-05-12T17:00:00Z,22.145,22.145,22.06,22.095,2919200
2023-05-12T18:00:00Z,22.09,22.1,22.025,22.065,1505600
2023-05-12T19:00:00Z,22.06,22.1,22.005,22.1,8536800
2023-05-15T13:00:00Z,22.245,22.425,22.08,22.265,3087400
2023-05-15T14:00:00Z,22.265,22.34,22.155,22.215,3508800
2023-05-15T15:00:00Z,22.215,22.235,22.085,22.15,958000
2023-05-15T16:00:00Z,22.15,22.195,22.06,22.06,909800
2023-05-15T17:00:00Z,22.06,22.115,22.015,22.1,1081400
2023-05-15T18:00:00Z,22.105,22.21,22.095,22.175,1503400
2023-05-15T19:00:00Z,22.175,22.255,22.08,22.225,3951200
2023-05-16T13:00:00Z,22.22,22.37,21.61,21.9,13085800
2023-05-16T14:00:00Z,21.9,21.975,21.7,21.755,4782600
2023-05-16T15:00:00Z,21.75,21.825,21.62,21.66,3323400
2023-05-16T16:00:00Z,21.665,21.665,21.535,21.62,3732600
2023-05-16T17:00:00Z,21.615,21.71,21.56,21.6,3102600
2023-05-16T18:00:00Z,21.6,21.735,21.575,21.635,3436400
2023-05-16T19:00:00Z,21.64,21.655,21.465,21.535,7981400
2023-05-17T13:00:00Z,21.625,21.925,21.605,21.66,3931600
2023-05-17T14:00:00Z,21.66,21.735,21.565,21.6,2324000
2023-05-17T15:00:00Z,21.6,21.64,21.54,21.56,1978000
2023-05-17T16:00:00Z,21.555,21.665,21.545,21.635,1455200
2023-05-17T17:00:00Z,21.64,21.64,21.575,21.605,2197600
2023-05-17T18:00:00Z,21.6,21.605,21.465,21.49,2296200
2023-05-17T19:00:00Z,21.49,21.57,21.48,21.54,4602600
2023-05-18T13:00:00Z,21.55,21.585,21.4,21.53,2410200
2023-05-18T14:00:00Z,21.53,21.61,21.41,21.45,2680400
2023-05-18T15:00:00Z,21.46,21.55,21.41,21.475,2647200
2023-05-18T16:00:00Z,21.475,21.495,21.41,21.45,1347600
2023-05-18T17:00:00Z,21.45,21.495,21.43,21.455,1105000
2023-05-18T18:00:00Z,21.455,21.66,21.445,21.555,3912400
2023-05-18T19:00:00Z,21.555,21.565,21.505,21.555,2994600
2023-05-19T13:00:00Z,21.67,21.705,21.495,21.645,3946200
2023-05-19T14:00:00Z,21.645,21.69,21.55,21.63,3401600
2023-05-19T15:00:00Z,21.635,21.85,21.575,21.775,5197200
2023-05-19T16:00:00Z,21.775,21.845,21.755,21.8,6364400
2023-05-19T17:00:00Z,21.805,21.925,21.78,21.89,26806600
2023-05-19T18:00:00Z,21.89,22.015,21.87,21.955,8088200
2023-05-19T19:00:00Z,21.95,22.06,21.89,22.045,7335600
2023-05-22T13:00:00Z,22.025,22.305,21.925,22.025,4652200
2023-05-22T14:00:00Z,22.025,22.09,21.985,22.01,2381000
2023-05-22T15:00:00Z,22.01,22.02,21.805,21.86,1906800
2023-05-22T16:00:00Z,21.86,21.875,21.785,21.815,824000
2023-05-22T17:00:00Z,21.82,21.905,21.815,21.855,1154000
2023-05-22T18:00:00Z,21.855,21.885,21.785,21.815,1148800
2023-05-22T19:00:00Z,21.82,21.845,21.72,21.795,2222400
2023-05-23T13:00:00Z,21.74,21.935,21.67,21.825,2699800
2023-05-23T14:00:00Z,21.825,22.235,21.78,22.2,3493000
2023-05-23T15:00:00Z,22.2,22.295,22.15,22.24,3371000
2023-05-23T16:00:00Z,22.24,22.245,22.125,22.185,1488400
2023-05-23T17:00:00Z,22.19,22.315,22.185,22.22,2002800
2023-05-23T18:00:00Z,22.225,22.31,22.125,22.225,6122800
2023-05-23T19:00:00Z,22.22,22.315,22.19,22.265,3504800
2023-05-24T13:00:00Z,22.24,22.295,22.08,22.23,3892800
2023-05-24T14:00:00Z,22.23,22.43,22.23,22.285,3131000
2023-05-24T15:00:00Z,22.29,22.415,22.26,22.4,2188600
2023-05-24T16:00:00Z,22.4,22.41,22.28,22.29,2609400
2023-05-24T17:00:00Z,22.29,22.49,22.28,22.335,3018400
2023-05-24T18:00:00Z,22.33,22.355,22.22,22.325,3169000
2023-05-24T19:00:00Z,22.325,22.38,22.305,22.305,1948400
2023-05-25T13:00:00Z,22.5,22.7,22.4,22.625,5415400
2023-05-25T14:00:00Z,22.625,22.645,22.335,22.48,4557600
2023-05-25T15:00:00Z,22.485,22.55,22.37,22.485,2588200
2023-05-25T16:00:00Z,22.48,22.55,22.475,22.48,886400
2023-05-25T17:00:00Z,22.485,22.545,22.365,22.39,3052400
2023-05-25T18:00:00Z,22.39,22.455,22.35,22.41,2322600
2023-05-25T19:00:00Z,22.41,22.43,22.35,22.365,2629200
2023-05-26T13:00:00Z,22.625,22.66,22.445,22.5,3194000
2023-05-26T14:00:00Z,22.505,22.575,22.3,22.365,3269000
2023-05-26T15:00:00Z,22.365,22.385,22.075,22.28,2304600
2023-05-26T16:00:00Z,22.28,22.33,22.19,22.325,1302800
2023-05-26T17:00:00Z,22.325,22.405,22.295,22.4,1757800
2023-05-26T18:00:00Z,22.4,22.41,22.19,22.19,2686800
2023-05-26T19:00:00Z,22.195,22.29,22.1,22.155,3278000
2023-05-29T13:00:00Z,22.28,22.28,22.005,22.155,1519600
2023-05-29T14:00:00Z,22.155,22.195,22.105,22.19,664400
2023-05-29T15:00:00Z,22.19,22.22,22.145,22.155,456200
2023-05-29T16:00:00Z,22.155,22.2,22.1,22.14,578000
2023-05-29T17:00:00Z,22.145,22.155,22.09,22.125,436800
2023-05-29T18:00:00Z,22.13,22.225,22.11,22.17,710000
2023-05-29T19:00:00Z,22.17,22.2,22.15,22.165,1371600
2023-05-30T13:00:00Z,22.4,22.43,22.105,22.255,7125800
2023-05-30T14:00:00Z,22.255,22.275,22.125,22.165,6165800
2023-05-30T15:00:00Z,22.17,22.255,22.12,22.19,2633200
2023-05-30T16:00:00Z,22.185,22.27,22.15,22.25,2509600
2023-05-30T17:00:00Z,22.255,22.275,22.19,22.255,5835400
2023-05-30T18:00:00Z,22.26,22.355,22.235,22.305,7707000
2023-05-30T19:00:00Z,22.31,22.43,22.3,22.375,2734200
2023-05-31T13:00:00Z,22.37,22.5,22.26,22.37,4246600
2023-05-31T14:00:00Z,22.365,22.46,22.325,22.38,2772800
2023-05-31T15:00:00Z,22.385,22.485,22.375,22.48,4520400
2023-05-31T16:00:00Z,22.48,22.54,22.4,22.46,2824600
2023-05-31T17:00:00Z,22.46,22.57,22.425,22.515,2525000
2023-05-31T18:00:00Z,22.505,22.56,22.475,22.485,3185000
2023-05-31T19:00:00Z,22.485,22.5,22.38,22.405,3943000
2023-06-01T13:00:00Z,22.395,22.405,22.17,22.18,3094200
2023-06-01T14:00:00Z,22.185,22.36,22.13,22.325,2687200
2023-06-01T15:00:00Z,22.33,22.515,22.255,22.465,3068800
2023-06-01T16:00:00Z,22.465,22.48,22.315,22.33,2158600
2023-06-01T17:00:00Z,22.325,22.455,22.305,22.365,1751600
2023-06-01T18:00:00Z,22.36,22.435,22.35,22.365,2024800
2023-06-01T19:00:00Z,22.365,22.41,22.31,22.37,3491200
2023-06-02T13:00:00Z,22.355,22.37,22.125,22.165,4029000
2023-06-02T14:00:00Z,22.16,22.195,22.1,22.185,1905800
2023-06-02T15:00:00Z,22.185,22.27,22.13,22.225,1857200
2023-06-02T16:00:00Z,22.225,22.24,22.13,22.225,1241200
2023-06-02T17:00:00Z,22.23,22.245,22.15,22.155,1013800
2023-06-02T18:00:00Z,22.15,22.25,22.09,22.245,2427400
2023-06-02T19:00:00Z,22.245,22.475,22.22,22.435,5285800
2023-06-05T13:00:00Z,22.3,22.38,22.075,22.26,6088000
2023-06-05T14:00:00Z,22.275,22.46,22.18,22.38,3758400
2023-06-05T15:00:00Z,22.38,22.5,22.355,22.46,2317400
2023-06-05T16:00:00Z,22.46,22.52,22.395,22.4,2286800
2023-06-05T17:00:00Z,22.4,22.425,22.375,22.4,2049800
2023-06-05T18:00:00Z,22.4,22.495,22.38,22.48,1199200
2023-06-05T19:00:00Z,22.48,22.645,22.465,22.545,8024000
2023-06-06T13:00:00Z,22.515,22.65,22.48,22.545,2299800
2023-06-06T14:00:00Z,22.54,22.645,22.51,22.585,1690000
2023-06-06T15:00:00Z,22.585,22.715,22.55,22.68,2216400
2023-06-06T16:00:00Z,22.68,22.77,22.67,22.73,2908400
2023-06-06T17:00:00Z,22.73,23.08,22.71,22.76,3868000
2023-06-06T18:00:00Z,22.76,22.8,22.645,22.765,4384000
2023-06-06T19:00:00Z,22.765,22.835,22.715,22.745,3942600
2023-06-07T13:00:00Z,22.865,22.945,22.765,22.87,2692200
2023-06-07T14:00:00Z,22.87,22.94,22.8,22.85,2116800
2023-06-07T15:00:00Z,22.855,22.93,22.83,22.835,1406800
2023-06-07T16:00:00Z,22.83,22.865,22.805,22.83,1049800
2023-06-07T17:00:00Z,22.835,22.85,22.77,22.845,1197400
2023-06-07T18:00:00Z,22.845,22.92,22.81,22.845,3733800
2023-06-07T19:00:00Z,22.84,22.89,22.78,22.78,6697600
2023-06-09T13:00:00Z,22.87,23.05,22.87,22.965,3149200
2023-06-09T14:00:00Z,22.97,23.185,22.965,23.14,3295400
2023-06-09T15:00:00Z,23.14,23.325,23.095,23.3,5062800
2023-06-09T16:00:00Z,23.3,23.755,23.275,23.48,3943800
2023-06-09T17:00:00Z,23.475,23.57,23.46,23.53,2791600
2023-06-09T18:00:00Z,23.535,23.63,23.48,23.585,3384600
2023-06-09T19:00:00Z,23.585,23.87,23.585,23.84,9002000
2023-06-12T13:00:00Z,24.035,24.33,23.985,24.24,34325000
2023-06-12T14:00:00Z,24.235,24.75,24.235,24.71,10653200
2023-06-12T15:00:00Z,24.71,24.87,24.55,24.57,8683800
2023-06-12T16:00:00Z,24.565,24.595,24.5,24.55,5360600
2023-06-12T17:00:00Z,24.55,24.665,24.55,24.635,3254400
2023-06-12T18:00:00Z,24.63,24.7,24.6,24.69,5013000
2023-06-12T19:00:00Z,24.69,24.855,24.675,24.8,6936200
2023-06-13T13:00:00Z,24.59,24.745,24.425,24.62,4745200
2023-06-13T14:00:00Z,24.615,24.705,24.535,24.63,3518600
2023-06-13T15:00:00Z,24.62,24.645,24.46,24.495,2401400
2023-06-13T16:00:00Z,24.495,24.52,24.27,24.35,3327600
2023-06-13T17:00:00Z,24.345,24.415,24.215,24.27,3512000
2023-06-13T18:00:00Z,24.27,24.39,24.225,24.255,3168200
2023-06-13T19:00:00Z,24.255,24.335,24.195,24.275,3036600
2023-06-14T13:00:00Z,24.4,24.425,24.205,24.265,2627200
2023-06-14T14:00:00Z,24.27,24.34,24.245,24.325,2082800
2023-06-14T15:00:00Z,24.33,24.335,24.265,24.265,1757000
2023-06-14T16:00:00Z,24.27,24.335,24.235,24.255,2299400
2023-06-14T17:00:00Z,24.245,24.325,24.24,24.26,2823000
2023-06-14T18:00:00Z,24.265,24.28,24.05,24.265,5524200
2023-06-14T19:00:00Z,24.26,24.5,24.105,24.305,5751800
2023-06-15T13:00:00Z,24.45,25.035,24.35,24.9,6654000
2023-06-15T14:00:00Z,24.9,25,24.835,24.84,5542200
2023-06-15T15:00:00Z,24.84,24.935,24.77,24.795,5219200
2023-06-15T16:00:00Z,24.79,24.93,24.79,24.885,3782200
2023-06-15T17:00:00Z,24.885,24.95,24.84,24.93,3607600
2023-06-15T18:00:00Z,24.93,25.12,24.89,25.095,7311800
2023-06-15T19:00:00Z,25.09,25.095,24.95,24.965,6413200
2023-06-16T13:00:00Z,24.92,24.92,24.7,24.81,3171000
2023-06-16T14:00:00Z,24.81,24.955,24.77,24.775,2370000
2023-06-16T15:00:00Z,24.77,24.85,24.725,24.805,2053800
2023-06-16T16:00:00Z,24.8,24.805,24.71,24.785,2307200
2023-06-16T17:00:00Z,24.785,24.805,24.715,24.755,1555400
2023-06-16T18:00:00Z,24.76,24.76,24.625,24.685,3687200
2023-06-16T19:00:00Z,24.69,24.715,24.63,24.65,2450200
2023-06-19T13:00:00Z,24.785,24.95,24.76,24.845,1029600
2023-06-19T14:00:00Z,24.845,24.98,24.845,24.96,1068400
2023-06-19T15:00:00Z,24.955,25.03,24.925,25.015,1225800
2023-06-19T16:00:00Z,25.02,25.165,25.015,25.11,2128600
2023-06-19T17:00:00Z,25.11,25.205,25.105,25.12,1508400
2023-06-19T18:00:00Z,25.13,25.17,25.105,25.13,1418400
2023-06-19T19:00:00Z,25.135,25.235,25.115,25.19,1915000
2023-06-20T13:00:00Z,25.145,25.145,24.975,25.06,1679800
2023-06-20T14:00:00Z,25.065,25.095,24.975,25.03,2310600
2023-06-20T15:00:00Z,25.03,25.085,24.995,25.04,1918000
2023-06-20T16:00:00Z,25.04,25.07,25.02,25.045,3116400
2023-06-20T17:00:00Z,25.045,25.05,25.025,25.045,2324200
2023-06-20T18:00:00Z,25.045,25.06,24.995,25.045,1634000
2023-06-20T19:00:00Z,25.045,25.23,24.99,25.18,2332000
2023-06-21T13:00:00Z,25.1,25.295,25.07,25.27,2766400
2023-06-21T14:00:00Z,25.265,25.38,25.205,25.355,1477600
2023-06-21T15:00:00Z,25.355,25.685,25.355,25.665,3033800
2023-06-21T16:00:00Z,25.67,25.885,25.64,25.86,3777400
2023-06-21T17:00:00Z,25.86,25.89,25.73,25.84,2728200
2023-06-21T18:00:00Z,25.835,25.94,25.835,25.875,4152800
2023-06-21T19:00:00Z,25.875,25.985,25.815,25.985,6560000
2023-06-22T13:00:00Z,25.82,25.93,25.47,25.665,4478000
2023-06-22T14:00:00Z,25.665,25.735,25.5,25.555,1909800
2023-06-22T15:00:00Z,25.55,25.655,25.43,25.655,2123800
2023-06-22T16:00:00Z,25.65,25.65,25.45,25.48,1489800
2023-06-22T17:00:00Z,25.475,25.54,25.33,25.475,2509400
2023-06-22T18:00:00Z,25.47,25.625,25.42,25.585,2109400
2023-06-22T19:00:00Z,25.58,25.59,25.505,25.545,1887400
2023-06-23T13:00:00Z,25.555,25.57,25.28,25.365,2044800
2023-06-23T14:00:00Z,25.365,25.4,25.285,25.355,1657800
2023-06-23T15:00:00Z,25.345,25.55,25.345,25.47,2572600
2023-06-23T16:00:00Z,25.47,25.47,25.285,25.355,1233400
2023-06-23T17:00:00Z,25.36,25.415,25.34,25.405,808200
2023-06-23T18:00:00Z,25.41,25.425,25.325,25.395,1207400
2023-06-23T19:00:00Z,25.395,25.565,25.36,25.48,2612200
2023-06-26T13:00:00Z,25.37,25.38,25.225,25.255,2968800
2023-06-26T14:00:00Z,25.255,25.38,25.225,25.245,1490800
2023-06-26T15:00:00Z,25.245,25.29,25.23,25.25,814600
2023-06-26T16:00:00Z,25.25,25.32,25.23,25.295,1351200
2023-06-26T17:00:00Z,25.295,25.545,25.295,25.52,2921400
2023-06-26T18:00:00Z,25.525,25.68,25.505,25.585,2238800
2023-06-26T19:00:00Z,25.58,25.695,25.535,25.65,3378200
2023-06-27T13:00:00Z,25.585,25.74,25.22,25.295,4855000
2023-06-27T14:00:00Z,25.29,25.535,25.14,25.18,5533400
2023-06-27T15:00:00Z,25.18,25.21,24.935,25.03,3884600
2023-06-27T16:00:00Z,25.025,25.13,24.985,25.05,1649800
2023-06-27T17:00:00Z,25.06,25.145,25.005,25.1,1335800
2023-06-27T18:00:00Z,25.095,25.1,24.98,25,2231600
2023-06-27T19:00:00Z,25,25.125,24.98,25,3872200
2023-06-28T13:00:00Z,25.055,25.1,24.76,24.945,2246400
2023-06-28T14:00:00Z,24.945,24.99,24.785,24.815,2087800
2023-06-28T15:00:00Z,24.815,24.915,24.795,24.85,1917600
2023-06-28T16:00:00Z,24.85,24.91,24.815,24.825,1213000
2023-06-28T17:00:00Z,24.82,24.875,24.63,24.645,2208000
2023-06-28T18:00:00Z,24.645,24.81,24.615,24.775,1795400
2023-06-28T19:00:00Z,24.78,24.81,24.65,24.725,2176000
2023-06-29T13:00:00Z,24.78,24.905,24.61,24.865,1928200
2023-06-29T14:00:00Z,24.86,24.86,24.735,24.82,1161800
2023-06-29T15:00:00Z,24.82,25.085,24.815,25.085,1481400
2023-06-29T16:00:00Z,25.085,25.1,24.93,24.94,1994800
2023-06-29T17:00:00Z,24.935,24.945,24.785,24.8,1791800
2023-06-29T18:00:00Z,24.795,24.91,24.75,24.91,2476200
2023-06-29T19:00:00Z,24.91,25.08,24.905,25.025,3244600
2023-06-30T13:00:00Z,25.2,25.4,25.1,25.16,3440000
2023-06-30T14:00:00Z,25.16,25.225,25.01,25.07,2198200
2023-06-30T15:00:00Z,25.07,25.1,24.745,24.805,3777000
2023-06-30T16:00:00Z,24.805,24.855,24.605,24.8,3055200
2023-06-30T17:00:00Z,24.8,24.8,24.465,24.62,4066400
2023-06-30T18:00:00Z,24.62,24.885,24.56,24.855,2659400
2023-06-30T19:00:00Z,24.85,24.875,24.6,24.75,3487000
2023-07-03T13:00:00Z,24.78,25.065,24.76,25.01,11859600
2023-07-03T14:00:00Z,25.01,25.25,24.975,25.23,4515400
2023-07-03T15:00:00Z,25.225,25.245,24.99,25.04,1903800
2023-07-03T16:00:00Z,25.035,25.175,25.01,25.165,971600
2023-07-03T17:00:00Z,25.175,25.2,24.955,24.97,1716400
2023-07-03T18:00:00Z,24.975,25.175,24.965,25.165,971000
2023-07-03T19:00:00Z,25.165,25.245,25.105,25.195,2202800
2023-07-04T13:00:00Z,25.195,25.225,25.035,25.14,1107200
2023-07-04T14:00:00Z,25.14,25.18,25.03,25.04,782400
2023-07-04T15:00:00Z,25.04,25.095,25.03,25.04,713400
2023-07-04T16:00:00Z,25.04,25.07,24.98,25.045,837400
2023-07-04T17:00:00Z,25.045,25.105,24.945,24.95,1118000
2023-07-04T18:00:00Z,24.945,25,24.915,24.99,655000
2023-07-04T19:00:00Z,25,25.075,24.985,25.045,1179800
2023-07-05T13:00:00Z,25,25.005,24.83,24.855,1918200
2023-07-05T14:00:00Z,24.855,24.95,24.84,24.845,1399600
2023-07-05T15:00:00Z,24.84,24.865,24.705,24.705,1502000
2023-07-05T16:00:00Z,24.705,24.9,24.7,24.86,1733800
2023-07-05T17:00:00Z,24.865,24.93,24.845,24.91,915800
2023-07-05T18:00:00Z,24.905,24.96,24.815,24.865,944800
2023-07-05T19:00:00Z,24.855,24.895,24.805,24.835,1269600
2023-07-06T13:00:00Z,24.765,24.79,24.515,24.555,1659200
2023-07-06T14:00:00Z,24.555,24.695,24.515,24.58,1893200
2023-07-06T15:00:00Z,24.585,24.64,24.38,24.43,3367000
2023-07-06T16:00:00Z,24.425,24.53,24.32,24.415,4446800
2023-07-06T17:00:00Z,24.41,24.53,24.41,24.465,1301000
2023-07-06T18:00:00Z,24.46,24.515,24.4,24.42,1385600
2023-07-06T19:00:00Z,24.42,24.565,24.325,24.515,2916000
2023-07-07T13:00:00Z,24.52,25.06,24.52,25.02,3025400
2023-07-07T14:00:00Z,25.03,25.14,24.86,24.89,2518200
2023-07-07T15:00:00Z,24.89,25.065,24.885,24.98,2040000
2023-07-07T16:00:00Z,24.985,25.105,24.95,25.055,3976600
2023-07-07T17:00:00Z,25.06,25.16,25.03,25.11,2811000
2023-07-07T18:00:00Z,25.11,25.155,24.995,25.035,2438800
2023-07-07T19:00:00Z,25.035,25.075,25,25.025,3849800
2023-07-10T13:00:00Z,24.995,25.025,24.705,24.735,2812000
2023-07-10T14:00:00Z,24.735,24.95,24.665,24.72,1791200
2023-07-10T15:00:00Z,24.72,24.745,24.545,24.645,2922000
2023-07-10T16:00:00Z,24.65,24.67,24.565,24.585,1173800
2023-07-10T17:00:00Z,24.58,24.645,24.555,24.585,984400
2023-07-10T18:00:00Z,24.595,24.595,24.5,24.52,2494000
2023-07-10T19:00:00Z,24.52,24.53,24.395,24.48,3702600
2023-07-11T13:00:00Z,24.5,24.51,23.94,24,5114600
2023-07-11T14:00:00Z,23.995,24.08,23.975,23.99,3026000
2023-07-11T15:00:00Z,23.985,24.09,23.955,24.03,3018200
2023-07-11T16:00:00Z,24.03,24.265,24.02,24.235,2601800
2023-07-11T17:00:00Z,24.235,24.245,24.105,24.125,2113600
2023-07-11T18:00:00Z,24.125,24.16,24.06,24.085,2039000
2023-07-11T19:00:00Z,24.085,24.24,24.085,24.195,3891600
2023-07-12T13:00:00Z,24.47,24.47,24.195,24.295,3537600
2023-07-12T14:00:00Z,24.29,24.335,24.17,24.23,2433800
2023-07-12T15:00:00Z,24.23,24.24,24.02,24.14,1773800
2023-07-12T16:00:00Z,24.14,24.16,24.07,24.105,854200
2023-07-12T17:00:00Z,24.105,24.115,23.885,23.985,3709800
2023-07-12T18:00:00Z,23.985,24.02,23.93,24.005,1601000
2023-07-12T19:00:00Z,24.005,24.01,23.68,23.74,6440800
2023-07-13T13:00:00Z,23.93,24.19,23.795,24.165,2552600
2023-07-13T14:00:00Z,24.155,24.16,23.985,24.065,2834400
2023-07-13T15:00:00Z,24.065,24.135,23.99,24.11,1321200
2023-07-13T16:00:00Z,24.105,24.15,24.035,24.115,1618400
2023-07-13T17:00:00Z,24.115,24.13,24.03,24.11,1059200
2023-07-13T18:00:00Z,24.105,24.155,24.04,24.08,1562800
2023-07-13T19:00:00Z,24.08,24.09,24.015,24.025,1913800
2023-07-14T13:00:00Z,23.98,24.225,23.955,24.2,11246800
2023-07-14T14:00:00Z,24.2,24.355,23.855,23.965,5122000
2023-07-14T15:00:00Z,23.955,23.99,23.89,23.935,1166800
2023-07-14T16:00:00Z,23.94,23.97,23.85,23.96,1325800
2023-07-14T17:00:00Z,23.965,23.965,23.88,23.91,903800
2023-07-14T18:00:00Z,23.905,23.925,23.725,23.765,1911000
2023-07-14T19:00:00Z,23.76,23.83,23.705,23.73,2681800
2023-07-17T13:00:00Z,23.9,23.94,23.73,23.915,1494600
2023-07-17T14:00:00Z,23.915,24.025,23.875,23.94,1452600
2023-07-17T15:00:00Z,23.94,23.985,23.88,23.955,808000
2023-07-17T16:00:00Z,23.955,24,23.94,23.965,874000
2023-07-17T17:00:00Z,23.965,24.095,23.93,24.065,983800
2023-07-17T18:00:00Z,24.06,24.065,24.005,24.03,1685000
2023-07-17T19:00:00Z,24.03,24.085,23.975,24.02,1927400
2023-07-18T13:00:00Z,24.05,24.16,23.92,24.135,1558800
2023-07-18T14:00:00Z,24.13,24.225,24.08,24.12,1277000
2023-07-18T15:00:00Z,24.12,24.16,24.05,24.155,644400
2023-07-18T16:00:00Z,24.155,24.2,24.05,24.05,946000
2023-07-18T17:00:00Z,24.05,24.145,24,24.07,1111000
2023-07-18T18:00:00Z,24.07,24.145,24.05,24.09,727600
2023-07-18T19:00:00Z,24.09,24.14,24.005,24.1,1502200
2023-07-19T13:00:00Z,24.2,24.2,23.88,24.03,2558200
2023-07-19T14:00:00Z,24.03,24.045,23.855,23.875,1671200
2023-07-19T15:00:00Z,23.87,23.925,23.8,23.805,1822600
2023-07-19T16:00:00Z,23.805,23.845,23.78,23.805,880000
2023-07-19T17:00:00Z,23.805,23.9,23.745,23.82,1921400
2023-07-19T18:00:00Z,23.83,24,23.805,23.9,1883800
2023-07-19T19:00:00Z,23.905,23.93,23.66,23.695,3577200
2023-07-20T13:00:00Z,23.78,23.9,23.7,23.875,1108600
2023-07-20T14:00:00Z,23.88,23.975,23.84,23.91,1945600
2023-07-20T15:00:00Z,23.91,23.95,23.795,23.865,1335200
2023-07-20T16:00:00Z,23.865,23.895,23.805,23.88,2154000
2023-07-20T17:00:00Z,23.88,23.925,23.865,23.885,1166400
2023-07-20T18:00:00Z,23.885,23.915,23.86,23.905,2163000
2023-07-20T19:00:00Z,23.9,24.025,23.88,23.925,2065800
2023-07-21T13:00:00Z,23.975,24.28,23.975,24.25,2004800
2023-07-21T14:00:00Z,24.25,24.425,24.23,24.29,2775600
2023-07-21T15:00:00Z,24.295,24.4,24.285,24.395,1678800
2023-07-21T16:00:00Z,24.39,24.41,24.31,24.35,1070600
2023-07-21T17:00:00Z,24.34,24.35,24.225,24.245,1136200
2023-07-21T18:00:00Z,24.235,24.37,24.225,24.295,1342400
2023-07-21T19:00:00Z,24.305,24.305,24.185,24.225,3103800
2023-07-24T13:00:00Z,24.12,24.425,24.1,24.3,14489000
2023-07-24T14:00:00Z,24.3,24.41,24.105,24.35,2799600
2023-07-24T15:00:00Z,24.355,24.385,24.23,24.23,2555800
2023-07-24T16:00:00Z,24.23,24.24,24.105,24.13,1357400
2023-07-24T17:00:00Z,24.125,24.175,23.59,23.615,4431400
2023-07-24T18:00:00Z,23.615,23.81,23.605,23.76,3760600
2023-07-24T19:00:00Z,23.765,23.905,23.735,23.835,3662800
2023-07-25T13:00:00Z,24.13,24.13,23.755,23.825,3778800
2023-07-25T14:00:00Z,23.83,23.885,23.7,23.735,3289400
2023-07-25T15:00:00Z,23.735,23.845,23.725,23.84,1774200
2023-07-25T16:00:00Z,23.835,23.86,23.79,23.79,1106000
2023-07-25T17:00:00Z,23.785,23.845,23.78,23.81,1089000
2023-07-25T18:00:00Z,23.81,23.885,23.74,23.76,2921000
2023-07-25T19:00:00Z,23.765,23.785,23.65,23.67,4732600
2023-07-26T13:00:00Z,23.705,23.865,23.535,23.685,9092000
2023-07-26T14:00:00Z,23.675,23.74,23.645,23.71,1498200
2023-07-26T15:00:00Z,23.705,23.705,23.575,23.605,1659200
2023-07-26T16:00:00Z,23.6,23.76,23.56,23.7,2756400
2023-07-26T17:00:00Z,23.695,23.715,23.6,23.62,1814600
2023-07-26T18:00:00Z,23.625,23.77,23.6,23.67,2091000
2023-07-26T19:00:00Z,23.665,23.9,23.635,23.835,3463200
2023-07-27T13:00:00Z,23.86,23.88,23.535,23.585,3045000
2023-07-27T14:00:00Z,23.585,23.615,23.45,23.55,3959200
2023-07-27T15:00:00Z,23.545,23.635,23.52,23.605,1278400
2023-07-27T16:00:00Z,23.605,23.62,23.56,23.585,985800
2023-07-27T17:00:00Z,23.59,23.6,23.55,23.555,3668800
2023-07-27T18:00:00Z,23.55,23.555,23.455,23.455,3096200
2023-07-27T19:00:00Z,23.455,23.49,23.325,23.405,4872400
2023-07-28T13:00:00Z,23.565,23.715,23.445,23.485,2480800
2023-07-28T14:00:00Z,23.485,23.525,23.43,23.515,2816200
2023-07-28T15:00:00Z,23.515,23.585,23.49,23.575,840000
2023-07-28T16:00:00Z,23.575,23.615,23.515,23.535,714000
2023-07-28T17:00:00Z,23.545,23.58,23.515,23.575,1133800
2023-07-28T18:00:00Z,23.565,23.585,23.505,23.53,1363400
2023-07-28T19:00:00Z,23.53,23.785,23.515,23.605,3232200
2023-07-31T13:00:00Z,23.8,24.04,23.74,23.86,3095400
2023-07-31T14:00:00Z,23.865,23.945,23.805,23.86,1696800
2023-07-31T15:00:00Z,23.86,23.95,23.85,23.9,1040600
2023-07-31T16:00:00Z,23.9,23.96,23.88,23.94,999200
2023-07-31T17:00:00Z,23.94,24.07,23.865,24.025,1936000
2023-07-31T18:00:00Z,24.03,24.1,23.99,24.065,3731800
2023-07-31T19:00:00Z,24.06,24.16,24.04,24.115,3531200
2023-08-01T13:00:00Z,23.96,24.015,23.835,23.93,2185800
2023-08-01T14:00:00Z,23.94,23.955,23.655,23.68,3522800
2023-08-01T15:00:00Z,23.68,23.72,23.535,23.56,6225800
2023-08-01T16:00:00Z,23.56,23.67,23.47,23.615,3283400
2023-08-01T17:00:00Z,23.615,23.65,23.59,23.625,1751400
2023-08-01T18:00:00Z,23.62,23.65,23.58,23.625,1933600
2023-08-01T19:00:00Z,23.625,23.79,23.62,23.665,4820000
2023-08-02T13:00:00Z,23.63,23.755,23.55,23.695,1754800
2023-08-02T14:00:00Z,23.695,23.79,23.55,23.595,1367400
2023-08-02T15:00:00Z,23.595,23.77,23.595,23.705,1021000
2023-08-02T16:00:00Z,23.7,23.735,23.65,23.69,767400
2023-08-02T17:00:00Z,23.69,23.765,23.685,23.74,871400
2023-08-02T18:00:00Z,23.74,23.785,23.675,23.7,1178000
2023-08-02T19:00:00Z,23.695,23.88,23.695,23.75,2654800
2023-08-03T13:00:00Z,23.95,23.99,23.715,23.795,2830200
2023-08-03T14:00:00Z,23.79,23.86,23.67,23.765,1982200
2023-08-03T15:00:00Z,23.755,23.93,23.75,23.9,2322800
2023-08-03T16:00:00Z,23.9,23.93,23.835,23.85,1622600
2023-08-03T17:00:00Z,23.85,23.95,23.825,23.89,1745400
2023-08-03T18:00:00Z,23.89,23.91,23.855,23.87,1299400
2023-08-03T19:00:00Z,23.865,23.88,23.73,23.835,2983000
2023-08-04T13:00:00Z,23.75,23.785,23.525,23.65,5271400
2023-08-04T14:00:00Z,23.65,23.91,23.635,23.88,3084200
2023-08-04T15:00:00Z,23.88,23.965,23.825,23.955,1780200
2023-08-04T16:00:00Z,23.95,23.98,23.905,23.95,1416000
2023-08-04T17:00:00Z,23.95,23.97,23.89,23.9,1267400
2023-08-04T18:00:00Z,23.9,23.92,23.74,23.765,3907000
2023-08-04T19:00:00Z,23.765,23.77,23.62,23.7,4713200
2023-08-07T13:00:00Z,23.81,24,23.595,23.68,2668000
2023-08-07T14:00:00Z,23.675,23.755,23.63,23.67,1821800
2023-08-07T15:00:00Z,23.665,23.705,23.625,23.69,960800
2023-08-07T16:00:00Z,23.69,23.75,23.66,23.715,1182800
2023-08-07T17:00:00Z,23.71,23.745,23.685,23.715,1045600
2023-08-07T18:00:00Z,23.715,23.725,23.65,23.685,1324200
2023-08-07T19:00:00Z,23.685,23.72,23.635,23.7,1483000
2023-08-08T13:00:00Z,23.615,23.615,23.18,23.425,5175000
2023-08-08T14:00:00Z,23.425,23.49,23.305,23.475,5308400
2023-08-08T15:00:00Z,23.475,23.695,23.46,23.545,2515600
2023-08-08T16:00:00Z,23.545,23.625,23.495,23.535,1370000
2023-08-08T17:00:00Z,23.53,23.585,23.49,23.555,2621000
2023-08-08T18:00:00Z,23.56,23.575,23.455,23.5,2178000
2023-08-08T19:00:00Z,23.5,23.52,23.44,23.46,2980800
2023-08-09T13:00:00Z,23.5,23.575,23.305,23.42,2796200
2023-08-09T14:00:00Z,23.415,23.435,23.275,23.29,2292000
2023-08-09T15:00:00Z,23.285,23.38,23.255,23.28,1537600
2023-08-09T16:00:00Z,23.27,23.355,23.265,23.345,1246400
2023-08-09T17:00:00Z,23.345,23.405,23.275,23.33,1741000
2023-08-09T18:00:00Z,23.325,23.35,23.305,23.315,1300000
2023-08-09T19:00:00Z,23.315,23.34,23.275,23.3,2716800
2023-08-10T13:00:00Z,23.55,23.65,23.365,23.635,7217000
2023-08-10T14:00:00Z,23.64,23.64,23.46,23.525,4560400
2023-08-10T15:00:00Z,23.525,23.62,23.505,23.585,2161000
2023-08-10T16:00:00Z,23.59,23.635,23.5,23.595,1809600
2023-08-10T17:00:00Z,23.595,23.605,23.44,23.455,2287600
2023-08-10T18:00:00Z,23.445,23.53,23.445,23.49,1297600
2023-08-10T19:00:00Z,23.5,23.52,23.365,23.475,2655200
2023-08-11T13:00:00Z,23.59,23.735,23.52,23.675,2290000
2023-08-11T14:00:00Z,23.675,23.785,23.655,23.765,2646400
2023-08-11T15:00:00Z,23.77,23.805,23.72,23.745,2544000
2023-08-11T16:00:00Z,23.745,23.83,23.715,23.755,1868200
2023-08-11T17:00:00Z,23.755,23.78,23.585,23.665,2215000
2023-08-11T18:00:00Z,23.66,23.765,23.63,23.735,1814000
2023-08-11T19:00:00Z,23.74,23.775,23.69,23.725,2618000
2023-08-14T13:00:00Z,23.845,23.845,23.625,23.705,2018400
2023-08-14T14:00:00Z,23.7,23.725,23.58,23.59,1414200
2023-08-14T15:00:00Z,23.59,23.685,23.575,23.635,844800
2023-08-14T16:00:00Z,23.635,23.665,23.56,23.58,825200
2023-08-14T17:00:00Z,23.58,23.67,23.575,23.615,1123000
2023-08-14T18:00:00Z,23.62,23.63,23.475,23.495,2218000
2023-08-14T19:00:00Z,23.49,23.545,23.47,23.53,2500200
2023-08-15T13:00:00Z,23.57,23.67,23.51,23.615,2565200
2023-08-15T14:00:00Z,23.615,23.65,23.435,23.46,2286400
2023-08-15T15:00:00Z,23.47,23.59,23.47,23.545,1475800
2023-08-15T16:00:00Z,23.55,23.565,23.425,23.47,2104200
2023-08-15T17:00:00Z,23.465,23.525,23.4,23.49,2327000
2023-08-15T18:00:00Z,23.5,23.5,23.4,23.46,1892000
2023-08-15T19:00:00Z,23.455,23.485,23.34,23.375,2846200
2023-08-16T13:00:00Z,23.405,23.785,23.405,23.695,4411800
2023-08-16T14:00:00Z,23.685,23.835,23.635,23.79,3399400
2023-08-16T15:00:00Z,23.78,23.865,23.7,23.845,2484000
2023-08-16T16:00:00Z,23.85,23.86,23.7,23.72,1823000
2023-08-16T17:00:00Z,23.72,23.815,23.675,23.79,1985400
2023-08-16T18:00:00Z,23.795,23.805,23.545,23.575,2233800
2023-08-16T19:00:00Z,23.575,23.665,23.5,23.575,3753800
2023-08-17T13:00:00Z,23.755,23.815,23.59,23.635,2931600
2023-08-17T14:00:00Z,23.63,23.8,23.625,23.675,2776600
2023-08-17T15:00:00Z,23.67,23.74,23.635,23.71,1575000
2023-08-17T16:00:00Z,23.71,23.85,23.69,23.83,1486000
2023-08-17T17:00:00Z,23.825,23.835,23.675,23.685,1616800
2023-08-17T18:00:00Z,23.68,23.79,23.655,23.765,2939400
2023-08-17T19:00:00Z,23.76,23.8,23.71,23.73,2353600
2023-08-18T13:00:00Z,23.79,23.8,23.665,23.75,1654400
2023-08-18T14:00:00Z,23.755,23.875,23.745,23.84,2202000
2023-08-18T15:00:00Z,23.84,24.06,23.83,23.97,2153000
2023-08-18T16:00:00Z,23.96,24.01,23.94,23.95,2539000
2023-08-18T17:00:00Z,23.95,23.98,23.88,23.925,983800
2023-08-18T18:00:00Z,23.92,23.945,23.875,23.905,1342600
2023-08-18T19:00:00Z,23.9,23.92,23.85,23.875,3779600
2023-08-21T13:00:00Z,24,24.025,23.75,23.87,2614600
2023-08-21T14:00:00Z,23.865,23.875,23.73,23.76,1706600
2023-08-21T15:00:00Z,23.755,23.775,23.675,23.735,1038000
2023-08-21T16:00:00Z,23.735,23.76,23.695,23.74,835200
2023-08-21T17:00:00Z,23.745,23.75,23.655,23.695,1678000
2023-08-21T18:00:00Z,23.7,23.76,23.69,23.745,1008800
2023-08-21T19:00:00Z,23.74,23.92,23.74,23.875,5324800
2023-08-22T13:00:00Z,23.6,23.75,23.54,23.725,2453000
2023-08-22T14:00:00Z,23.725,23.78,23.68,23.735,1542800
2023-08-22T15:00:00Z,23.74,23.835,23.705,23.79,984200
2023-08-22T16:00:00Z,23.795,23.835,23.74,23.78,945000
2023-08-22T17:00:00Z,23.785,23.935,23.73,23.885,2066000
2023-08-22T18:00:00Z,23.885,23.965,23.86,23.96,2038000
2023-08-22T19:00:00Z,23.955,24.04,23.95,23.995,3186400
2023-08-23T13:00:00Z,24.055,24.24,23.9,23.93,3134800
2023-08-23T14:00:00Z,23.93,24.02,23.815,24.02,2678400
2023-08-23T15:00:00Z,24.015,24.085,23.98,24.035,1863200
2023-08-23T16:00:00Z,24.035,24.06,23.93,23.99,1552800
2023-08-23T17:00:00Z,23.99,24.1,23.985,24.015,1369200
2023-08-23T18:00:00Z,24.015,24.085,23.975,24.045,1607200
2023-08-23T19:00:00Z,24.045,24.145,24.015,24.045,1654800
2023-08-24T13:00:00Z,24.05,24.05,23.865,24.01,2349800
2023-08-24T14:00:00Z,24.01,24.02,23.895,23.91,1265800
2023-08-24T15:00:00Z,23.915,23.92,23.705,23.75,1527200
2023-08-24T16:00:00Z,23.745,23.825,23.735,23.775,773400
2023-08-24T17:00:00Z,23.78,23.79,23.665,23.73,1028200
2023-08-24T18:00:00Z,23.735,23.755,23.685,23.72,1050000
2023-08-24T19:00:00Z,23.72,23.77,23.695,23.72,2378600
2023-08-25T13:00:00Z,23.805,23.85,23.585,23.65,1390400
2023-08-25T14:00:00Z,23.665,23.685,23.415,23.45,2255400
2023-08-25T15:00:00Z,23.465,23.53,23.205,23.24,2654600
2023-08-25T16:00:00Z,23.245,23.41,23.24,23.385,2263400
2023-08-25T17:00:00Z,23.385,23.395,23.325,23.375,1301800
2023-08-25T18:00:00Z,23.37,23.445,23.35,23.42,1805400
2023-08-25T19:00:00Z,23.425,23.565,23.42,23.5,4926000
2023-08-28T13:00:00Z,23.58,23.785,23.475,23.655,2188600
2023-08-28T14:00:00Z,23.665,23.75,23.61,23.71,1454800
2023-08-28T15:00:00Z,23.715,23.865,23.705,23.835,1782800
2023-08-28T16:00:00Z,23.83,23.85,23.775,23.79,812200
2023-08-28T17:00:00Z,23.79,23.825,23.785,23.82,970800
2023-08-28T18:00:00Z,23.82,23.975,23.805,23.96,1719400
2023-08-28T19:00:00Z,23.96,24.25,23.935,24.14,4510000
2023-08-29T13:00:00Z,24.265,24.575,24.24,24.42,3985600
2023-08-29T14:00:00Z,24.42,24.62,24.42,24.54,3692600
2023-08-29T15:00:00Z,24.545,24.57,24.4,24.405,1995400
2023-08-29T16:00:00Z,24.405,24.43,24.165,24.275,2752600
2023-08-29T17:00:00Z,24.27,24.325,24.2,24.215,1282000
2023-08-29T18:00:00Z,24.205,24.325,24.18,24.315,2046200
2023-08-29T19:00:00Z,24.315,24.325,24.25,24.28,1950800
2023-08-30T13:00:00Z,24.35,24.44,24.12,24.18,1689400
2023-08-30T14:00:00Z,24.175,24.205,24.09,24.135,1861400
2023-08-30T15:00:00Z,24.14,24.185,24.085,24.11,1222200
2023-08-30T16:00:00Z,24.115,24.14,24.005,24.055,936000
2023-08-30T17:00:00Z,24.06,24.09,24.03,24.06,570800
2023-08-30T18:00:00Z,24.06,24.105,23.9,24.015,1899000
2023-08-30T19:00:00Z,24.015,24.02,23.935,23.975,1339800
2023-08-31T13:00:00Z,23.975,23.99,23.52,23.635,3168800
2023-08-31T14:00:00Z,23.625,23.68,23.51,23.535,2961800
2023-08-31T15:00:00Z,23.535,23.685,23.52,23.635,2401400
2023-08-31T16:00:00Z,23.64,23.65,23.575,23.625,861200
2023-08-31T17:00:00Z,23.62,23.64,23.54,23.64,2077400
2023-08-31T18:00:00Z,23.64,23.765,23.625,23.665,2409200
2023-08-31T19:00:00Z,23.66,23.765,23.61,23.705,3644200
2023-09-01T13:00:00Z,23.615,23.85,23.595,23.75,2387000
2023-09-01T14:00:00Z,23.755,23.82,23.725,23.785,1656200
2023-09-01T15:00:00Z,23.785,23.785,23.67,23.72,981600
2023-09-01T16:00:00Z,23.725,23.735,23.665,23.69,844800
2023-09-01T17:00:00Z,23.695,23.76,23.655,23.745,784800
2023-09-01T18:00:00Z,23.74,23.79,23.725,23.74,888800
2023-09-01T19:00:00Z,23.745,23.8,23.655,23.725,1784000
2023-09-04T13:00:00Z,23.75,23.85,23.68,23.785,1144000
2023-09-04T14:00:00Z,23.78,23.795,23.61,23.65,1449200
2023-09-04T15:00:00Z,23.65,23.665,23.59,23.665,952800
2023-09-04T16:00:00Z,23.66,23.77,23.65,23.705,785600
2023-09-04T17:00:00Z,23.71,23.735,23.655,23.66,484400
2023-09-04T18:00:00Z,23.66,23.685,23.63,23.64,532800
2023-09-04T19:00:00Z,23.635,23.675,23.63,23.655,1197000
2023-09-05T13:00:00Z,23.675,23.68,23.505,23.63,2488200
2023-09-05T14:00:00Z,23.62,23.785,23.6,23.775,1776800
2023-09-05T15:00:00Z,23.775,23.875,23.765,23.865,3700800
2023-09-05T16:00:00Z,23.865,23.9,23.72,23.75,1507800
2023-09-05T17:00:00Z,23.75,23.75,23.6,23.65,1298400
2023-09-05T18:00:00Z,23.65,23.695,23.61,23.64,1287200
2023-09-05T19:00:00Z,23.645,23.655,23.6,23.6,1508200
2023-09-06T13:00:00Z,23.61,23.725,23.59,23.675,1578800
2023-09-06T14:00:00Z,23.67,23.71,23.57,23.605,2222600
2023-09-06T15:00:00Z,23.61,23.635,23.56,23.61,1483600
2023-09-06T16:00:00Z,23.61,23.625,23.475,23.52,1939600
2023-09-06T17:00:00Z,23.52,23.56,23.5,23.55,1049800
2023-09-06T18:00:00Z,23.55,23.56,23.385,23.42,1695600
2023-09-06T19:00:00Z,23.42,23.49,23.415,23.47,2216000
2023-09-08T13:00:00Z,23.425,23.51,23.15,23.23,3924200
2023-09-08T14:00:00Z,23.23,23.34,23.22,23.25,2138200
2023-09-08T15:00:00Z,23.245,23.42,23.225,23.41,1854000
2023-09-08T16:00:00Z,23.4,23.41,23.34,23.36,939600
2023-09-08T17:00:00Z,23.37,23.465,23.35,23.375,1280600
2023-09-08T18:00:00Z,23.375,23.38,23.28,23.29,1320600
2023-09-08T19:00:00Z,23.285,23.345,23.27,23.29,2560600
2023-09-11T13:00:00Z,23.54,23.565,23.42,23.475,2076600
2023-09-11T14:00:00Z,23.475,23.63,23.475,23.545,2275400
2023-09-11T15:00:00Z,23.545,23.585,23.475,23.58,1096000
2023-09-11T16:00:00Z,23.575,23.62,23.575,23.62,903200
2023-09-11T17:00:00Z,23.615,23.685,23.605,23.655,1405400
2023-09-11T18:00:00Z,23.655,23.75,23.645,23.695,1710000
2023-09-11T19:00:00Z,23.695,23.77,23.615,23.685,2948600
2023-09-12T13:00:00Z,23.595,23.75,23.58,23.75,2355200
2023-09-12T14:00:00Z,23.74,23.81,23.695,23.725,1788800
2023-09-12T15:00:00Z,23.73,23.74,23.645,23.68,1815000
2023-09-12T16:00:00Z,23.685,23.69,23.615,23.65,1478000
2023-09-12T17:00:00Z,23.65,23.745,23.635,23.68,1665000
2023-09-12T18:00:00Z,23.68,23.705,23.63,23.64,1516400
2023-09-12T19:00:00Z,23.64,23.65,23.545,23.6,2708200
2023-09-13T13:00:00Z,23.675,23.945,23.6,23.915,3406200
2023-09-13T14:00:00Z,23.91,23.95,23.785,23.895,1405600
2023-09-13T15:00:00Z,23.895,23.925,23.83,23.845,1049600
2023-09-13T16:00:00Z,23.845,23.86,23.8,23.835,1118600
2023-09-13T17:00:00Z,23.835,23.85,23.745,23.76,1461000
2023-09-13T18:00:00Z,23.77,23.775,23.68,23.705,1855200
2023-09-13T19:00:00Z,23.71,23.715,23.565,23.61,2318400
2023-09-14T13:00:00Z,23.745,23.845,23.63,23.7,1812800
2023-09-14T14:00:00Z,23.7,23.72,23.625,23.68,1650800
2023-09-14T15:00:00Z,23.675,23.68,23.595,23.64,997600
2023-09-14T16:00:00Z,23.645,23.645,23.6,23.63,438800
2023-09-14T17:00:00Z,23.635,23.695,23.63,23.66,1718200
2023-09-14T18:00:00Z,23.665,23.78,23.615,23.705,2629400
2023-09-14T19:00:00Z,23.72,23.96,23.68,23.73,3994600
2023-09-15T13:00:00Z,23.71,23.825,23.555,23.605,1660200
2023-09-15T14:00:00Z,23.615,23.795,23.61,23.785,1620800
2023-09-15T15:00:00Z,23.79,23.85,23.75,23.78,1401600
2023-09-15T16:00:00Z,23.78,23.83,23.755,23.765,974200
2023-09-15T17:00:00Z,23.77,23.84,23.73,23.81,1556400
2023-09-15T18:00:00Z,23.81,23.815,23.745,23.79,1305600
2023-09-15T19:00:00Z,23.795,23.81,23.725,23.775,4590800
2023-09-18T13:00:00Z,23.82,23.86,23.735,23.81,3091600
2023-09-18T14:00:00Z,23.81,24.055,23.79,23.985,4599400
2023-09-18T15:00:00Z,23.985,24.035,23.95,23.99,2018000
2023-09-18T16:00:00Z,23.99,23.995,23.91,23.955,1585600
2023-09-18T17:00:00Z,23.95,23.995,23.93,23.94,1021400
2023-09-18T18:00:00Z,23.94,23.94,23.785,23.8,1707000
2023-09-18T19:00:00Z,23.795,23.815,23.695,23.695,3855600
2023-09-19T13:00:00Z,23.675,23.885,23.575,23.625,3045200
2023-09-19T14:00:00Z,23.625,23.725,23.565,23.655,3753000
2023-09-19T15:00:00Z,23.655,23.67,23.6,23.625,1038200
2023-09-19T16:00:00Z,23.63,23.685,23.615,23.68,905200
2023-09-19T17:00:00Z,23.675,23.74,23.61,23.695,1635000
2023-09-19T18:00:00Z,23.695,23.71,23.585,23.59,1437400
2023-09-19T19:00:00Z,23.6,23.625,23.535,23.625,2408400
2023-09-20T13:00:00Z,23.66,23.805,23.635,23.77,1715400
2023-09-20T14:00:00Z,23.77,23.965,23.76,23.95,1730400
2023-09-20T15:00:00Z,23.945,24.025,23.915,23.99,1184200
2023-09-20T16:00:00Z,23.99,24.1,23.95,24.065,1805400
2023-09-20T17:00:00Z,24.065,24.125,24.015,24.095,1645800
2023-09-20T18:00:00Z,24.085,24.125,23.98,23.985,1808600
2023-09-20T19:00:00Z,23.985,24.09,23.86,23.885,3154800
2023-09-21T13:00:00Z,23.66,23.695,23.375,23.375,4634600
2023-09-21T14:00:00Z,23.38,23.485,23.355,23.39,1738600
2023-09-21T15:00:00Z,23.39,23.47,23.355,23.4,1348200
2023-09-21T16:00:00Z,23.4,23.45,23.38,23.39,848800
2023-09-21T17:00:00Z,23.395,23.46,23.38,23.42,907000
2023-09-21T18:00:00Z,23.415,23.43,23.305,23.345,2097400
2023-09-21T19:00:00Z,23.345,23.395,23.235,23.365,3420600
2023-09-22T13:00:00Z,23.38,23.565,23.38,23.5,2156800
2023-09-22T14:00:00Z,23.5,23.53,23.45,23.47,860400
2023-09-22T15:00:00Z,23.47,23.47,23.315,23.42,1272400
2023-09-22T16:00:00Z,23.425,23.465,23.385,23.415,492400
2023-09-22T17:00:00Z,23.405,23.425,23.315,23.33,1068600
2023-09-22T18:00:00Z,23.33,23.375,23.3,23.375,836600
2023-09-22T19:00:00Z,23.37,23.41,23.355,23.37,1746200
2023-09-25T13:00:00Z,23.31,23.385,23.26,23.295,7165800
2023-09-25T14:00:00Z,23.295,23.365,23.24,23.25,1384200
2023-09-25T15:00:00Z,23.25,23.325,23.21,23.24,1428200
2023-09-25T16:00:00Z,23.235,23.3,23.225,23.245,1084200
2023-09-25T17:00:00Z,23.245,23.28,23.23,23.245,887200
2023-09-25T18:00:00Z,23.245,23.255,23.13,23.135,1633600
2023-09-25T19:00:00Z,23.135,23.185,23.085,23.175,2998600
2023-09-26T13:00:00Z,23.015,23.11,22.935,23.025,8964000
2023-09-26T14:00:00Z,23.03,23.055,22.925,23.035,2218800
2023-09-26T15:00:00Z,23.025,23.035,22.955,22.985,977800
2023-09-26T16:00:00Z,22.985,23.02,22.94,22.96,1038200
2023-09-26T17:00:00Z,22.965,22.965,22.835,22.915,2028800
2023-09-26T18:00:00Z,22.915,23.025,22.81,22.825,1936600
2023-09-26T19:00:00Z,22.825,22.93,22.785,22.905,3419400
2023-09-27T13:00:00Z,23.075,23.255,22.985,23.005,2344800
2023-09-27T14:00:00Z,23,23.02,22.865,22.905,1605400
2023-09-27T15:00:00Z,22.905,22.97,22.885,22.91,2338200
2023-09-27T16:00:00Z,22.91,22.98,22.9,22.94,1001000
2023-09-27T17:00:00Z,22.93,22.965,22.81,22.93,4315400
2023-09-27T18:00:00Z,22.925,23.08,22.895,23.06,3781600
2023-09-27T19:00:00Z,23.055,23.135,22.955,23.015,5089600
2023-09-28T13:00:00Z,23.145,23.435,23.115,23.435,1709400
2023-09-28T14:00:00Z,23.415,23.68,23.345,23.67,3860400
2023-09-28T15:00:00Z,23.67,23.7,23.585,23.69,2082400
2023-09-28T16:00:00Z,23.69,23.745,23.58,23.59,1929600
2023-09-28T17:00:00Z,23.59,23.7,23.555,23.695,2261800
2023-09-28T18:00:00Z,23.7,23.81,23.625,23.785,4513600
2023-09-28T19:00:00Z,23.785,23.9,23.745,23.77,5625800
2023-09-29T13:00:00Z,23.92,23.945,23.65,23.71,1956000
2023-09-29T14:00:00Z,23.71,23.72,23.615,23.65,1325800
2023-09-29T15:00:00Z,23.655,23.655,23.575,23.605,750800
2023-09-29T16:00:00Z,23.605,23.645,23.575,23.595,464800
2023-09-29T17:00:00Z,23.6,23.645,23.565,23.57,709800
2023-09-29T18:00:00Z,23.57,23.655,23.55,23.62,1214400
2023-09-29T19:00:00Z,23.62,23.64,23.58,23.625,1684200
2023-10-02T13:00:00Z,23.585,23.675,23.53,23.6,1420800
2023-10-02T14:00:00Z,23.595,23.64,23.485,23.555,1374800
2023-10-02T15:00:00Z,23.56,23.645,23.55,23.575,851200
2023-10-02T16:00:00Z,23.57,23.605,23.52,23.555,1284600
2023-10-02T17:00:00Z,23.55,23.58,23.515,23.56,701200
2023-10-02T18:00:00Z,23.56,23.565,23.45,23.49,1042800
2023-10-02T19:00:00Z,23.495,23.565,23.48,23.555,1590800
2023-10-03T13:00:00Z,23.54,23.56,23.395,23.525,1834400
2023-10-03T14:00:00Z,23.53,23.53,23.41,23.425,1391000
2023-10-03T15:00:00Z,23.42,23.43,23.325,23.355,1548600
2023-10-03T16:00:00Z,23.355,23.435,23.34,23.38,585000
2023-10-03T17:00:00Z,23.38,23.395,23.285,23.3,928400
2023-10-03T18:00:00Z,23.305,23.335,23.19,23.205,1649200
2023-10-03T19:00:00Z,23.2,23.255,23.16,23.2,2461800
2023-10-04T13:00:00Z,23.3,23.39,23.13,23.155,1687600
2023-10-04T14:00:00Z,23.15,23.27,23.09,23.235,2273600
2023-10-04T15:00:00Z,23.23,23.325,23.205,23.315,1432800
2023-10-04T16:00:00Z,23.315,23.535,23.29,23.345,2754400
2023-10-04T17:00:00Z,23.355,23.395,23.29,23.325,1301600
2023-10-04T18:00:00Z,23.325,23.365,23.295,23.345,2288600
2023-10-04T19:00:00Z,23.35,23.49,23.325,23.42,3003000
2023-10-05T13:00:00Z,23.39,23.92,23.3,23.785,5477600
2023-10-05T14:00:00Z,23.785,23.79,23.46,23.49,2315400
2023-10-05T15:00:00Z,23.5,23.535,23.42,23.485,1324000
2023-10-05T16:00:00Z,23.485,23.57,23.465,23.475,1080000
2023-10-05T17:00:00Z,23.475,23.49,23.38,23.42,1123400
2023-10-05T18:00:00Z,23.42,23.57,23.42,23.55,1314800
2023-10-05T19:00:00Z,23.545,23.57,23.41,23.455,1632800
2023-10-06T13:00:00Z,23.47,23.9,23.355,23.725,8279000
2023-10-06T14:00:00Z,23.725,23.795,23.56,23.775,4454000
2023-10-06T15:00:00Z,23.78,24.27,23.77,24.225,8715600
2023-10-06T16:00:00Z,24.23,24.28,24.18,24.225,3020200
2023-10-06T17:00:00Z,24.22,24.48,24.215,24.435,3979200
2023-10-06T18:00:00Z,24.435,24.615,24.41,24.515,4876800
2023-10-06T19:00:00Z,24.515,24.52,24.365,24.39,5803000
2023-10-09T13:00:00Z,24.27,24.455,24.26,24.335,2065200
2023-10-09T14:00:00Z,24.32,24.345,24.205,24.205,4210400
2023-10-09T15:00:00Z,24.205,24.205,24.115,24.14,1790800
2023-10-09T16:00:00Z,24.14,24.2,24.125,24.165,1042000
2023-10-09T17:00:00Z,24.17,24.3,24.16,24.3,2022800
2023-10-09T18:00:00Z,24.3,24.365,24.14,24.29,4701200
2023-10-09T19:00:00Z,24.3,24.325,24.175,24.305,2210400
2023-10-10T13:00:00Z,24.325,24.47,24.235,24.355,3116000
2023-10-10T14:00:00Z,24.36,24.565,24.31,24.355,4115600
2023-10-10T15:00:00Z,24.355,24.44,24.25,24.38,1815200
2023-10-10T16:00:00Z,24.38,24.385,24.31,24.34,611000
2023-10-10T17:00:00Z,24.335,24.385,24.27,24.335,2971200
2023-10-10T18:00:00Z,24.33,24.37,24.285,24.35,1616800
2023-10-10T19:00:00Z,24.355,24.355,24.24,24.325,3571800
2023-10-11T13:00:00Z,24.26,24.43,24.255,24.305,2673600
2023-10-11T14:00:00Z,24.305,24.375,24.27,24.32,2996800
2023-10-11T15:00:00Z,24.325,24.41,24.29,24.385,1174600
2023-10-11T16:00:00Z,24.38,24.41,24.335,24.375,756400
2023-10-11T17:00:00Z,24.38,24.46,24.355,24.43,947600
2023-10-11T18:00:00Z,24.43,24.52,24.41,24.48,1913600
2023-10-11T19:00:00Z,24.485,24.575,24.48,24.535,3360600
2023-10-13T13:00:00Z,24.545,24.615,24.325,24.61,1881400
2023-10-13T14:00:00Z,24.615,24.665,24.46,24.59,3486400
2023-10-13T15:00:00Z,24.595,24.62,24.465,24.51,1561000
2023-10-13T16:00:00Z,24.495,24.555,24.48,24.515,1378200
2023-10-13T17:00:00Z,24.52,24.535,24.33,24.505,2983400
2023-10-13T18:00:00Z,24.505,24.54,24.41,24.505,4224200
2023-10-13T19:00:00Z,24.51,24.58,24.425,24.46,4394400
2023-10-16T13:00:00Z,24.68,24.815,24.59,24.73,2408000
2023-10-16T14:00:00Z,24.725,24.845,24.63,24.815,1554000
2023-10-16T15:00:00Z,24.825,24.92,24.815,24.92,1991400
2023-10-16T16:00:00Z,24.915,24.995,24.9,24.965,1532800
2023-10-16T17:00:00Z,24.96,24.975,24.875,24.92,1644400
2023-10-16T18:00:00Z,24.925,24.93,24.885,24.915,1505200
2023-10-16T19:00:00Z,24.92,24.96,24.9,24.92,3438200
2023-10-17T13:00:00Z,24.8,24.91,24.635,24.91,2418000
2023-10-17T14:00:00Z,24.905,24.97,24.875,24.965,1856000
2023-10-17T15:00:00Z,24.96,25.14,24.89,25.09,2779800
2023-10-17T16:00:00Z,25.095,25.11,24.985,24.985,1219200
2023-10-17T17:00:00Z,24.985,25.025,24.785,24.785,1395400
2023-10-17T18:00:00Z,24.8,24.84,24.61,24.615,2531800
2023-10-17T19:00:00Z,24.615,24.725,24.6,24.715,2069400
2023-10-18T13:00:00Z,24.53,24.76,24.45,24.58,3380200
2023-10-18T14:00:00Z,24.58,24.75,24.53,24.575,2513600
2023-10-18T15:00:00Z,24.565,24.795,24.55,24.77,3461400
2023-10-18T16:00:00Z,24.77,24.815,24.66,24.675,1933400
2023-10-18T17:00:00Z,24.675,24.85,24.665,24.835,3425800
2023-10-18T18:00:00Z,24.835,24.84,24.55,24.565,3066400
2023-10-18T19:00:00Z,24.565,24.625,24.47,24.52,3743400
2023-10-19T13:00:00Z,24.56,24.79,24.48,24.735,2172200
2023-10-19T14:00:00Z,24.735,24.825,24.68,24.82,1200400
2023-10-19T15:00:00Z,24.815,24.98,24.805,24.95,2636600
2023-10-19T16:00:00Z,24.955,25.025,24.865,24.965,1625000
2023-10-19T17:00:00Z,24.97,25.06,24.935,24.965,1453600
2023-10-19T18:00:00Z,24.965,25.035,24.9,24.965,1919600
2023-10-19T19:00:00Z,24.965,24.99,24.825,24.85,2948000
2023-10-20T13:00:00Z,24.685,25.105,24.65,24.96,3604800
2023-10-20T14:00:00Z,24.96,24.98,24.71,24.755,2532800
2023-10-20T15:00:00Z,24.755,24.85,24.755,24.825,1039800
2023-10-20T16:00:00Z,24.82,24.83,24.715,24.77,2005200
2023-10-20T17:00:00Z,24.775,24.875,24.755,24.855,3798400
2023-10-20T18:00:00Z,24.855,24.875,24.71,24.77,1613400
2023-10-20T19:00:00Z,24.775,24.81,24.575,24.69,2806800
2023-10-23T13:00:00Z,24.64,24.76,24.415,24.625,2756800
2023-10-23T14:00:00Z,24.625,24.66,24.51,24.66,1763400
2023-10-23T15:00:00Z,24.655,24.895,24.655,24.795,2100200
2023-10-23T16:00:00Z,24.8,24.81,24.695,24.805,1286600
2023-10-23T17:00:00Z,24.805,24.845,24.705,24.75,2055400
2023-10-23T18:00:00Z,24.755,24.825,24.735,24.76,1246400
2023-10-23T19:00:00Z,24.755,24.775,24.595,24.63,2865200
2023-10-24T13:00:00Z,24.75,24.92,24.635,24.84,3298200
2023-10-24T14:00:00Z,24.835,24.875,24.68,24.775,2799400
2023-10-24T15:00:00Z,24.775,24.82,24.69,24.73,1378800
2023-10-24T16:00:00Z,24.73,24.74,24.465,24.495,2378600
2023-10-24T17:00:00Z,24.5,24.545,24.4,24.445,1470200
2023-10-24T18:00:00Z,24.45,24.485,24.355,24.405,1572600
2023-10-24T19:00:00Z,24.4,24.595,24.4,24.57,2187400
2023-10-25T13:00:00Z,24.54,24.82,24.505,24.6,2444200
2023-10-25T14:00:00Z,24.615,24.635,24.475,24.58,1751800
2023-10-25T15:00:00Z,24.585,24.72,24.565,24.61,1391000
2023-10-25T16:00:00Z,24.6,24.61,24.48,24.495,1048800
2023-10-25T17:00:00Z,24.495,24.545,24.445,24.52,1161400
2023-10-25T18:00:00Z,24.525,24.57,24.445,24.535,1623200
2023-10-25T19:00:00Z,24.535,24.58,24.505,24.57,1535400
2023-10-26T13:00:00Z,24.57,24.7,24.48,24.58,1587600
2023-10-26T14:00:00Z,24.57,24.665,24.56,24.61,1338200
2023-10-26T15:00:00Z,24.615,24.675,24.555,24.655,887200
2023-10-26T16:00:00Z,24.65,24.675,24.615,24.66,864000
2023-10-26T17:00:00Z,24.66,24.735,24.57,24.65,2100600
2023-10-26T18:00:00Z,24.65,24.895,24.65,24.895,3616800
2023-10-26T19:00:00Z,24.895,25.1,24.89,25.045,5895400
2023-10-27T13:00:00Z,24.95,25.03,24.73,24.835,2643800
2023-10-27T14:00:00Z,24.825,24.825,24.68,24.7,1672600
2023-10-27T15:00:00Z,24.695,24.735,24.615,24.655,1298400
2023-10-27T16:00:00Z,24.655,24.69,24.46,24.485,2161600
2023-10-27T17:00:00Z,24.485,24.55,24.37,24.46,3755800
2023-10-27T18:00:00Z,24.455,24.465,24.265,24.385,3540400
2023-10-27T19:00:00Z,24.385,24.49,24.365,24.425,2757600
2023-10-30T13:00:00Z,24.5,24.61,24.415,24.455,1872600
2023-10-30T14:00:00Z,24.46,24.465,24.215,24.42,4098200
2023-10-30T15:00:00Z,24.42,24.545,24.195,24.305,2572000
2023-10-30T16:00:00Z,24.3,24.36,24.145,24.24,1324600
2023-10-30T17:00:00Z,24.24,24.295,24.225,24.25,1363600
2023-10-30T18:00:00Z,24.245,24.28,24.17,24.21,1994800
2023-10-30T19:00:00Z,24.21,24.255,24.11,24.175,3129400
2023-10-31T13:00:00Z,24.24,24.29,23.89,24.225,3060600
2023-10-31T14:00:00Z,24.225,24.365,24.175,24.265,1367400
2023-10-31T15:00:00Z,24.255,24.4,24.24,24.375,1154800
2023-10-31T16:00:00Z,24.375,24.425,24.27,24.375,1319000
2023-10-31T17:00:00Z,24.375,24.39,24.22,24.26,1186200
2023-10-31T18:00:00Z,24.26,24.26,24.115,24.215,1317000
2023-10-31T19:00:00Z,24.215,24.24,24.155,24.185,1775800
2023-11-01T13:00:00Z,24.18,24.345,24.11,24.29,2140800
2023-11-01T14:00:00Z,24.295,24.37,24.185,24.21,2776000
2023-11-01T15:00:00Z,24.21,24.225,24.04,24.15,4475800
2023-11-01T16:00:00Z,24.145,24.175,24.07,24.155,913200
2023-11-01T17:00:00Z,24.155,24.2,24.105,24.17,1311600
2023-11-01T18:00:00Z,24.175,24.29,24.075,24.245,3153000
2023-11-01T19:00:00Z,24.245,24.37,24.195,24.355,2936400
2023-11-03T13:00:00Z,24.475,24.845,24.425,24.72,4171400
2023-11-03T14:00:00Z,24.74,24.76,24.615,24.76,1744600
2023-11-03T15:00:00Z,24.75,24.92,24.735,24.875,1505400
2023-11-03T16:00:00Z,24.865,25.05,24.865,25,2614200
2023-11-03T17:00:00Z,25.015,25.17,25,25.155,4042200
2023-11-03T18:00:00Z,25.165,25.23,25.01,25.06,4136800
2023-11-03T19:00:00Z,25.06,25.12,24.975,25.075,3951800
2023-11-06T13:00:00Z,25.145,25.2,25.055,25.095,1101800
2023-11-06T14:00:00Z,25.11,25.19,25,25.19,1942000
2023-11-06T15:00:00Z,25.19,25.325,25.12,25.31,1336600
2023-11-06T16:00:00Z,25.305,25.315,25.17,25.24,810600
2023-11-06T17:00:00Z,25.245,25.25,25.18,25.205,691000
2023-11-06T18:00:00Z,25.21,25.215,25.11,25.185,1356000
2023-11-06T19:00:00Z,25.185,25.315,25.135,25.305,1909800
2023-11-06T20:00:00Z,25.305,25.325,25.205,25.23,1712000
2023-11-07T13:00:00Z,25.225,25.35,25.08,25.3,1449600
2023-11-07T14:00:00Z,25.305,25.57,25.1,25.325,9619600
2023-11-07T15:00:00Z,25.335,25.405,25.205,25.235,3783000
2023-11-07T16:00:00Z,25.225,25.24,25.08,25.22,2065800
2023-11-07T17:00:00Z,25.22,25.25,25.065,25.175,1520200
2023-11-07T18:00:00Z,25.17,25.27,25.125,25.245,1587400
2023-11-07T19:00:00Z,25.245,25.465,25.24,25.44,3855000
2023-11-07T20:00:00Z,25.435,25.595,25.42,25.55,3129400
2023-11-08T13:00:00Z,25.54,25.795,25.54,25.655,2130800
2023-11-08T14:00:00Z,25.655,25.69,25.51,25.555,2482800
2023-11-08T15:00:00Z,25.555,25.77,25.535,25.755,1501600
2023-11-08T16:00:00Z,25.755,25.78,25.69,25.715,1108400
2023-11-08T17:00:00Z,25.715,25.725,25.625,25.685,1390800
2023-11-08T18:00:00Z,25.68,25.87,25.65,25.74,3581000
2023-11-08T19:00:00Z,25.745,25.8,25.7,25.755,2223400
2023-11-08T20:00:00Z,25.75,25.84,25.74,25.83,2715200
2023-11-09T13:00:00Z,25.5,25.68,24.935,25.14,12816400
2023-11-09T14:00:00Z,25.14,25.325,25.01,25.105,8284400
2023-11-09T15:00:00Z,25.105,25.105,24.75,24.81,12125000
2023-11-09T16:00:00Z,24.82,25.025,24.72,24.94,5345400
2023-11-09T17:00:00Z,24.94,24.945,24.79,24.8,4080800
2023-11-09T18:00:00Z,24.795,24.84,24.61,24.815,4889600
2023-11-09T19:00:00Z,24.815,24.83,24.675,24.73,8223200
2023-11-09T20:00:00Z,24.73,24.87,24.7,24.855,5072600
2023-11-10T13:00:00Z,24.885,25.035,24.73,24.97,3095400
2023-11-10T14:00:00Z,24.96,25.13,24.87,25.095,3128000
2023-11-10T15:00:00Z,25.095,25.15,25.05,25.105,1420600
2023-11-10T16:00:00Z,25.105,25.19,25.03,25.045,1531800
2023-11-10T17:00:00Z,25.05,25.15,25.035,25.09,1687200
2023-11-10T18:00:00Z,25.09,25.14,25,25.12,1382400
2023-11-10T19:00:00Z,25.125,25.135,25.01,25.07,1117000
2023-11-10T20:00:00Z,25.075,25.195,25.045,25.09,3079200
2023-11-13T13:00:00Z,25.05,25.11,24.955,25.075,1405400
2023-11-13T14:00:00Z,25.075,25.095,24.925,24.965,1124600
2023-11-13T15:00:00Z,24.98,25.05,24.915,25.025,885800
2023-11-13T16:00:00Z,25.03,25.08,25,25.05,760600
2023-11-13T17:00:00Z,25.05,25.08,24.99,25.06,516000
2023-11-13T18:00:00Z,25.05,25.07,24.98,24.99,664400
2023-11-13T19:00:00Z,24.995,25.145,24.995,25.105,793400
2023-11-13T20:00:00Z,25.1,25.12,24.965,25.05,1656200
2023-11-14T13:00:00Z,25.09,25.47,24.99,25.21,9136800
2023-11-14T14:00:00Z,25.215,25.315,25.06,25.09,6671200
2023-11-14T15:00:00Z,25.085,25.2,25.01,25.13,4979800
2023-11-14T16:00:00Z,25.14,25.21,25.015,25.02,4965600
2023-11-14T17:00:00Z,25.02,25.11,24.985,25.08,3132400
2023-11-14T18:00:00Z,25.075,25.11,25.05,25.1,2122000
2023-11-14T19:00:00Z,25.1,25.11,25.04,25.055,2164800
2023-11-14T20:00:00Z,25.055,25.145,25.055,25.135,2575200
2023-11-16T13:00:00Z,25.15,25.24,24.93,24.96,10610600
2023-11-16T14:00:00Z,24.96,25.065,24.935,25,3185000
2023-11-16T15:00:00Z,24.995,25.18,24.99,25.15,5394000
2023-11-16T16:00:00Z,25.15,25.175,25.055,25.09,1844600
2023-11-16T17:00:00Z,25.095,25.135,25.06,25.095,1603400
2023-11-16T18:00:00Z,25.095,25.145,25.015,25.09,2980800
2023-11-16T19:00:00Z,25.09,25.16,25.08,25.145,2859800
2023-11-16T20:00:00Z,25.145,25.155,25.07,25.125,3534800
2023-11-17T13:00:00Z,25.14,25.305,25.11,25.275,5420600
2023-11-17T14:00:00Z,25.27,25.42,25.265,25.37,3297400
2023-11-17T15:00:00Z,25.37,25.48,25.355,25.405,2126600
2023-11-17T16:00:00Z,25.405,25.41,25.305,25.37,992600
2023-11-17T17:00:00Z,25.36,25.395,25.29,25.36,1982400
2023-11-17T18:00:00Z,25.36,25.39,25.29,25.325,1719600
2023-11-17T19:00:00Z,25.33,25.4,25.295,25.375,2908800
2023-11-17T20:00:00Z,25.375,25.39,25.3,25.35,3195200
2023-11-20T13:00:00Z,25.47,25.475,25.145,25.255,1850000
2023-11-20T14:00:00Z,25.255,25.395,25.205,25.335,2542600
2023-11-20T15:00:00Z,25.335,25.415,25.325,25.4,1008400
2023-11-20T16:00:00Z,25.4,25.44,25.365,25.41,764400
2023-11-20T17:00:00Z,25.41,25.45,25.38,25.445,986200
2023-11-20T18:00:00Z,25.445,25.65,25.43,25.58,2140200
2023-11-20T19:00:00Z,25.575,25.625,25.51,25.595,1984800
2023-11-20T20:00:00Z,25.6,25.61,25.465,25.505,2303000
2023-11-21T13:00:00Z,25.465,25.71,25.465,25.63,3115000
2023-11-21T14:00:00Z,25.64,25.71,25.585,25.62,3334600
2023-11-21T15:00:00Z,25.615,25.64,25.47,25.5,1499000
2023-11-21T16:00:00Z,25.5,25.575,25.485,25.52,868200
2023-11-21T17:00:00Z,25.525,25.595,25.475,25.585,1307800
2023-11-21T18:00:00Z,25.585,25.6,25.385,25.465,1868200
2023-11-21T19:00:00Z,25.46,25.58,25.45,25.57,4821000
2023-11-21T20:00:00Z,25.575,25.69,25.51,25.66,2419400
2023-11-22T13:00:00Z,25.3,25.625,25.3,25.55,2697600
2023-11-22T14:00:00Z,25.555,25.665,25.515,25.63,1851600
2023-11-22T15:00:00Z,25.64,25.66,25.555,25.56,1114200
2023-11-22T16:00:00Z,25.555,25.68,25.54,25.595,1655000
2023-11-22T17:00:00Z,25.595,25.635,25.43,25.47,1135400
2023-11-22T18:00:00Z,25.47,25.59,25.46,25.55,1362400
2023-11-22T19:00:00Z,25.55,25.575,25.41,25.46,1871200
2023-11-22T20:00:00Z,25.46,25.49,25.36,25.4,2704200
2023-11-23T13:00:00Z,25.4,25.655,25.4,25.625,1268800
2023-11-23T14:00:00Z,25.635,25.74,25.61,25.645,1591600
2023-11-23T15:00:00Z,25.65,25.69,25.565,25.59,813800
2023-11-23T16:00:00Z,25.59,25.61,25.54,25.585,670800
2023-11-23T17:00:00Z,25.58,25.59,25.48,25.52,703000
2023-11-23T18:00:00Z,25.53,25.57,25.5,25.525,558000
2023-11-23T19:00:00Z,25.535,25.55,25.475,25.485,814800
2023-11-23T20:00:00Z,25.49,25.525,25.455,25.455,1024000
2023-11-24T13:00:00Z,25.535,25.625,25.425,25.535,1330400
2023-11-24T14:00:00Z,25.535,25.64,25.48,25.535,958400
2023-11-24T15:00:00Z,25.535,25.55,25.455,25.47,676200
2023-11-24T16:00:00Z,25.47,25.485,25.37,25.375,1198400
2023-11-24T17:00:00Z,25.37,25.51,25.35,25.5,732000
2023-11-24T18:00:00Z,25.5,25.51,25.39,25.39,650200
2023-11-24T19:00:00Z,25.395,25.47,25.365,25.465,783400
2023-11-24T20:00:00Z,25.455,25.48,25.425,25.44,1128200
2023-11-27T13:00:00Z,25.575,25.815,25.535,25.77,2447000
2023-11-27T14:00:00Z,25.76,25.98,25.75,25.955,4395200
2023-11-27T15:00:00Z,25.965,25.975,25.85,25.87,3490600
2023-11-27T16:00:00Z,25.865,25.905,25.83,25.875,1506000
2023-11-27T17:00:00Z,25.875,25.925,25.815,25.915,1807000
2023-11-27T18:00:00Z,25.92,25.95,25.885,25.885,2269600
2023-11-27T19:00:00Z,25.885,25.92,25.84,25.895,2114800
2023-11-27T20:00:00Z,25.895,25.99,25.855,25.945,2650400
2023-11-28T13:00:00Z,25.985,26.12,25.98,26.02,2283600
2023-11-28T14:00:00Z,26.03,26.185,26.01,26.17,2425400
2023-11-28T15:00:00Z,26.17,26.32,26.16,26.31,2653200
2023-11-28T16:00:00Z,26.31,26.315,26.23,26.305,1427000
2023-11-28T17:00:00Z,26.31,26.375,26.3,26.365,1987600
2023-11-28T18:00:00Z,26.365,26.38,26.31,26.31,2607600
2023-11-28T19:00:00Z,26.31,26.4,26.3,26.385,1581200
2023-11-28T20:00:00Z,26.385,26.4,26.285,26.325,2423000
2023-11-29T13:00:00Z,26.385,26.515,26.275,26.28,2350200
2023-11-29T14:00:00Z,26.28,26.285,26.18,26.22,3191200
2023-11-29T15:00:00Z,26.22,26.34,26.18,26.3,4442800
2023-11-29T16:00:00Z,26.3,26.4,26.285,26.38,2149600
2023-11-29T17:00:00Z,26.385,26.485,26.335,26.465,2205800
2023-11-29T18:00:00Z,26.47,26.49,26.39,26.49,1264200
2023-11-29T19:00:00Z,26.49,26.525,26.415,26.45,2154600
2023-11-29T20:00:00Z,26.45,26.45,26.34,26.4,1601200
2023-11-30T13:00:00Z,26.365,26.685,26.365,26.6,3653200
2023-11-30T14:00:00Z,26.6,26.66,26.56,26.64,1864800
2023-11-30T15:00:00Z,26.64,26.825,26.62,26.815,5232800
2023-11-30T16:00:00Z,26.81,26.965,26.795,26.925,2626600
2023-11-30T17:00:00Z,26.92,27.095,26.89,27.08,2489400
2023-11-30T18:00:00Z,27.075,27.16,27.045,27.125,4825800
2023-11-30T19:00:00Z,27.125,27.19,27.07,27.095,3896200
2023-11-30T20:00:00Z,27.1,27.18,27.08,27.125,3083600
2023-12-01T13:00:00Z,27.175,27.4,27.16,27.18,2865600
2023-12-01T14:00:00Z,27.19,27.21,26.975,27.12,2136000
2023-12-01T15:00:00Z,27.12,27.18,27.02,27.04,1818200
2023-12-01T16:00:00Z,27.035,27.105,26.94,27.015,2482200
2023-12-01T17:00:00Z,27.015,27.1,27.005,27.075,1590400
2023-12-01T18:00:00Z,27.08,27.15,27.055,27.1,2022800
2023-12-01T19:00:00Z,27.1,27.115,27.01,27.07,1532200
2023-12-01T20:00:00Z,27.07,27.25,27.06,27.135,2932800
2023-12-04T13:00:00Z,27.15,27.405,27.105,27.36,2171200
2023-12-04T14:00:00Z,27.35,27.375,27.245,27.275,1271200
2023-12-04T15:00:00Z,27.285,27.32,27.165,27.185,1274000
2023-12-04T16:00:00Z,27.185,27.2,27.11,27.15,1716200
2023-12-04T17:00:00Z,27.14,27.16,27.015,27.11,1425400
2023-12-04T18:00:00Z,27.11,27.14,27.03,27.105,1356000
2023-12-04T19:00:00Z,27.105,27.155,26.98,27.08,1916600
2023-12-04T20:00:00Z,27.08,27.125,27.045,27.125,1132400
2023-12-05T13:00:00Z,27.08,27.27,27.025,27.195,1724400
2023-12-05T14:00:00Z,27.195,27.23,27.005,27.175,1604800
2023-12-05T15:00:00Z,27.195,27.22,27.065,27.15,1480000
2023-12-05T16:00:00Z,27.15,27.175,27.09,27.12,388800
2023-12-05T17:00:00Z,27.12,27.195,27.1,27.195,1241400
2023-12-05T18:00:00Z,27.19,27.21,27.14,27.145,1711200
2023-12-05T19:00:00Z,27.145,27.2,27.105,27.185,1352400
2023-12-05T20:00:00Z,27.18,27.205,27.075,27.095,1202200
2023-12-06T13:00:00Z,27.19,27.24,26.705,26.75,3459000
2023-12-06T14:00:00Z,26.755,26.815,26.69,26.72,1895200
2023-12-06T15:00:00Z,26.72,26.77,26.655,26.67,1239200
2023-12-06T16:00:00Z,26.67,26.695,26.53,26.54,2407000
2023-12-06T17:00:00Z,26.535,26.57,26.45,26.525,2807400
2023-12-06T18:00:00Z,26.51,26.6,26.51,26.56,1291400
2023-12-06T19:00:00Z,26.565,26.59,26.505,26.51,870800
2023-12-06T20:00:00Z,26.505,26.6,26.48,26.53,1634800
2023-12-07T13:00:00Z,26.5,26.72,26.5,26.685,1037200
2023-12-07T14:00:00Z,26.7,26.765,26.615,26.705,1492200
2023-12-07T15:00:00Z,26.7,26.77,26.665,26.745,1627000
2023-12-07T16:00:00Z,26.745,26.84,26.685,26.83,1426400
2023-12-07T17:00:00Z,26.835,26.875,26.775,26.865,911400
2023-12-07T18:00:00Z,26.865,26.92,26.83,26.88,968400
2023-12-07T19:00:00Z,26.875,26.92,26.85,26.89,747600
2023-12-07T20:00:00Z,26.89,26.945,26.83,26.89,1514600
2023-12-08T13:00:00Z,26.95,27.185,26.83,26.95,2597400
2023-12-08T14:00:00Z,26.94,27.215,26.855,27.13,1900200
2023-12-08T15:00:00Z,27.14,27.3,27.125,27.175,3175000
2023-12-08T16:00:00Z,27.175,27.195,27.055,27.175,1558000
2023-12-08T17:00:00Z,27.17,27.21,27.06,27.185,2752000
2023-12-08T18:00:00Z,27.19,27.205,27.1,27.1,859000
2023-12-08T19:00:00Z,27.095,27.225,27.075,27.215,2971600
2023-12-08T20:00:00Z,27.215,27.245,27.175,27.225,3156600
2023-12-11T13:00:00Z,27.225,27.275,27.035,27.14,2092600
2023-12-11T14:00:00Z,27.14,27.21,27.06,27.17,826000
2023-12-11T15:00:00Z,27.17,27.255,27.13,27.225,820200
2023-12-11T16:00:00Z,27.225,27.255,27.185,27.235,797200
2023-12-11T17:00:00Z,27.24,27.355,27.22,27.265,1038000
2023-12-11T18:00:00Z,27.265,27.33,27.25,27.305,735600
2023-12-11T19:00:00Z,27.3,27.305,27.17,27.275,1558000
2023-12-11T20:00:00Z,27.275,27.285,27.1,27.175,2486400
2023-12-12T13:00:00Z,26.9,26.9,26.455,26.46,5793800
2023-12-12T14:00:00Z,26.465,26.665,26.345,26.625,4305400
2023-12-12T15:00:00Z,26.625,26.675,26.52,26.66,1408800
2023-12-12T16:00:00Z,26.655,26.7,26.6,26.605,1656400
2023-12-12T17:00:00Z,26.6,26.62,26.465,26.515,1588800
2023-12-12T18:00:00Z,26.51,26.545,26.365,26.395,2568000
2023-12-12T19:00:00Z,26.39,26.425,26.33,26.4,2345400
2023-12-12T20:00:00Z,26.395,26.415,26.205,26.25,2882600
2023-12-13T13:00:00Z,26.235,26.345,26.065,26.21,4183200
2023-12-13T14:00:00Z,26.21,26.265,26.105,26.115,2255600
2023-12-13T15:00:00Z,26.12,26.12,25.82,25.885,3758800
2023-12-13T16:00:00Z,25.88,25.945,25.835,25.94,2250000
2023-12-13T17:00:00Z,25.935,26.04,25.875,25.905,2046800
2023-12-13T18:00:00Z,25.905,26.01,25.865,25.955,3243400
2023-12-13T19:00:00Z,25.955,26.39,25.95,26.28,10176600
2023-12-13T20:00:00Z,26.28,26.63,26.265,26.51,6292200
2023-12-14T13:00:00Z,26.75,26.78,26.2,26.36,6085400
2023-12-14T14:00:00Z,26.365,26.55,26.345,26.495,3868200
2023-12-14T15:00:00Z,26.5,26.59,26.485,26.52,2324600
2023-12-14T16:00:00Z,26.525,26.62,26.41,26.58,3475000
2023-12-14T17:00:00Z,26.575,26.615,26.515,26.615,13179400
2023-12-14T18:00:00Z,26.61,26.66,26.555,26.6,1425200
2023-12-14T19:00:00Z,26.6,26.66,26.565,26.6,2118200
2023-12-14T20:00:00Z,26.6,26.67,26.57,26.64,2244200
2023-12-15T13:00:00Z,26.625,26.775,26.41,26.74,2259400
2023-12-15T14:00:00Z,26.745,26.825,26.625,26.73,1535400
2023-12-15T15:00:00Z,26.73,26.9,26.73,26.825,2379200
2023-12-15T16:00:00Z,26.83,26.965,26.8,26.92,1871800
2023-12-15T17:00:00Z,26.915,27.05,26.9,27.045,1863400
2023-12-15T18:00:00Z,27.05,27.12,27.035,27.055,4052600
2023-12-15T19:00:00Z,27.06,27.175,27.02,27.17,3763000
2023-12-15T20:00:00Z,27.17,27.29,27.025,27.11,6559000
2023-12-18T13:00:00Z,27.335,27.515,27.25,27.375,2824000
2023-12-18T14:00:00Z,27.385,27.385,27.085,27.125,1868000
2023-12-18T15:00:00Z,27.12,27.28,27.12,27.15,1213600
2023-12-18T16:00:00Z,27.15,27.235,27.125,27.205,1048800
2023-12-18T17:00:00Z,27.205,27.29,27.185,27.215,1319600
2023-12-18T18:00:00Z,27.205,27.225,27.165,27.205,1007400
2023-12-18T19:00:00Z,27.205,27.255,27.18,27.25,1186200
2023-12-18T20:00:00Z,27.25,27.34,27.195,27.28,3282800
2023-12-19T13:00:00Z,27.285,27.42,27.215,27.265,1542800
2023-12-19T14:00:00Z,27.265,27.305,27.205,27.27,1268600
2023-12-19T15:00:00Z,27.27,27.325,27.15,27.295,1611600
2023-12-19T16:00:00Z,27.29,27.34,27.225,27.3,1490800
2023-12-19T17:00:00Z,27.3,27.385,27.285,27.35,1020600
2023-12-19T18:00:00Z,27.35,27.45,27.27,27.33,2167400
2023-12-19T19:00:00Z,27.33,27.43,27.3,27.36,2031000
2023-12-19T20:00:00Z,27.365,27.46,27.34,27.41,2617800
2023-12-20T13:00:00Z,27.425,27.485,27.275,27.44,1495400
2023-12-20T14:00:00Z,27.45,27.5,27.21,27.235,2258200
2023-12-20T15:00:00Z,27.23,27.285,27.175,27.245,894200
2023-12-20T16:00:00Z,27.25,27.29,27.155,27.175,1033400
2023-12-20T17:00:00Z,27.17,27.185,27.105,27.14,1930200
2023-12-20T18:00:00Z,27.145,27.22,27.12,27.205,1005800
2023-12-20T19:00:00Z,27.2,27.255,27.075,27.115,2163400
2023-12-20T20:00:00Z,27.115,27.18,27.03,27.16,3132600
2023-12-21T13:00:00Z,27.4,27.4,27.1,27.185,5329000
2023-12-21T14:00:00Z,27.18,27.23,27.07,27.145,989400
2023-12-21T15:00:00Z,27.145,27.17,27.075,27.11,1125600
2023-12-21T16:00:00Z,27.11,27.16,27,27.005,932400
2023-12-21T17:00:00Z,27.015,27.14,26.955,26.99,3034600
2023-12-21T18:00:00Z,26.995,27.05,26.945,26.985,1010400
2023-12-21T19:00:00Z,26.98,27.06,26.975,27.025,983000
2023-12-21T20:00:00Z,27.025,27.13,27,27.1,5366800
2023-12-22T13:00:00Z,27.25,27.27,27.035,27.095,5448000
2023-12-22T14:00:00Z,27.095,27.18,27.075,27.09,929000
2023-12-22T15:00:00Z,27.095,27.24,27.07,27.235,1513600
2023-12-22T16:00:00Z,27.23,27.31,27.13,27.185,1979400
2023-12-22T17:00:00Z,27.185,27.235,27.16,27.17,987000
2023-12-22T18:00:00Z,27.17,27.195,27.11,27.18,826200
2023-12-22T19:00:00Z,27.18,27.19,27.135,27.16,704200
2023-12-22T20:00:00Z,27.165,27.185,27.125,27.15,958200
2023-12-26T13:00:00Z,27.22,27.32,27.15,27.32,1073600
2023-12-26T14:00:00Z,27.32,27.32,27.205,27.275,931200
2023-12-26T15:00:00Z,27.275,27.33,27.25,27.32,518000
2023-12-26T16:00:00Z,27.32,27.39,27.315,27.375,553800
2023-12-26T17:00:00Z,27.375,27.42,27.355,27.365,531000
2023-12-26T18:00:00Z,27.375,27.395,27.33,27.345,682600
2023-12-26T19:00:00Z,27.34,27.37,27.3,27.365,691800
2023-12-26T20:00:00Z,27.365,27.48,27.34,27.455,2048200
2023-12-27T13:00:00Z,27.4,27.435,27.325,27.395,438400
2023-12-27T14:00:00Z,27.395,27.485,27.335,27.35,985800
2023-12-27T15:00:00Z,27.355,27.485,27.345,27.445,726400
2023-12-27T16:00:00Z,27.455,27.48,27.405,27.455,543000
2023-12-27T17:00:00Z,27.455,27.48,27.365,27.37,704400
2023-12-27T18:00:00Z,27.37,27.4,27.29,27.31,846600
2023-12-27T19:00:00Z,27.3,27.39,27.3,27.355,848200
2023-12-27T20:00:00Z,27.36,27.385,27.335,27.36,702600
2023-12-28T13:00:00Z,27.43,27.535,27.345,27.46,1006200
2023-12-28T14:00:00Z,27.47,27.47,27.385,27.445,558800
2023-12-28T15:00:00Z,27.44,27.52,27.425,27.5,2637800
2023-12-28T16:00:00Z,27.495,27.59,27.465,27.555,940200
2023-12-28T17:00:00Z,27.55,27.58,27.52,27.545,406400
2023-12-28T18:00:00Z,27.55,27.64,27.51,27.615,2493000
2023-12-28T19:00:00Z,27.61,27.64,27.585,27.63,565400
2023-12-28T20:00:00Z,27.62,27.64,27.6,27.63,675000
2024-01-02T13:00:00Z,27.56,27.64,27.48,27.6,1323200
2024-01-02T14:00:00Z,27.605,27.64,27.5,27.545,1223000
2024-01-02T15:00:00Z,27.54,27.56,27.365,27.42,1918600
2024-01-02T16:00:00Z,27.415,27.43,27.285,27.36,2529400
2024-01-02T17:00:00Z,27.36,27.5,27.34,27.37,1638600
2024-01-02T18:00:00Z,27.365,27.39,27.285,27.305,1409600
2024-01-02T19:00:00Z,27.305,27.335,27.23,27.23,1718600
2024-01-02T20:00:00Z,27.225,27.355,27.225,27.35,2342200
2024-01-03T13:00:00Z,27.34,27.535,27.29,27.405,6675000
2024-01-03T14:00:00Z,27.4,27.53,27.33,27.34,1371800
2024-01-03T15:00:00Z,27.33,27.445,27.25,27.33,1419800
2024-01-03T16:00:00Z,27.33,27.41,27.25,27.39,1299400
2024-01-03T17:00:00Z,27.38,27.48,27.315,27.475,645400
2024-01-03T18:00:00Z,27.48,27.5,27.35,27.42,1181200
2024-01-03T19:00:00Z,27.42,27.495,27.365,27.43,1011200
2024-01-03T20:00:00Z,27.43,27.48,27.395,27.425,1342600
2024-01-04T13:00:00Z,27.375,27.45,27.29,27.315,6451000
2024-01-04T14:00:00Z,27.315,27.32,27.105,27.24,2238600
2024-01-04T15:00:00Z,27.24,27.335,27.24,27.275,1150200
2024-01-04T16:00:00Z,27.28,27.285,27.13,27.195,732600
2024-01-04T17:00:00Z,27.195,27.245,27.135,27.155,944800
2024-01-04T18:00:00Z,27.155,27.2,27.125,27.15,871000
2024-01-04T19:00:00Z,27.14,27.15,27.06,27.13,1069600
2024-01-04T20:00:00Z,27.13,27.175,27.06,27.125,1205200
2024-01-05T13:00:00Z,27.09,27.32,27,27.275,7270600
2024-01-05T14:00:00Z,27.275,27.445,27.23,27.4,937200
2024-01-05T15:00:00Z,27.405,27.565,27.405,27.485,1112200
2024-01-05T16:00:00Z,27.495,27.515,27.45,27.48,731200
2024-01-05T17:00:00Z,27.47,27.48,27.4,27.405,627000
2024-01-05T18:00:00Z,27.405,27.495,27.395,27.46,1612600
2024-01-05T19:00:00Z,27.46,27.5,27.425,27.44,1177400
2024-01-05T20:00:00Z,27.44,27.465,27.41,27.43,663800
2024-01-08T13:00:00Z,27.525,27.62,27.39,27.605,8747800
2024-01-08T14:00:00Z,27.605,27.74,27.6,27.63,1556600
2024-01-08T15:00:00Z,27.64,27.68,27.605,27.63,1089600
2024-01-08T16:00:00Z,27.63,27.685,27.55,27.585,1003200
2024-01-08T17:00:00Z,27.575,27.6,27.54,27.565,504000
2024-01-08T18:00:00Z,27.57,27.66,27.555,27.62,817600
2024-01-08T19:00:00Z,27.615,27.715,27.6,27.645,900000
2024-01-08T20:00:00Z,27.64,27.695,27.55,27.66,1874800
2024-01-09T13:00:00Z,27.545,27.575,27.215,27.39,2498200
2024-01-09T14:00:00Z,27.41,27.445,27.24,27.27,2026800
2024-01-09T15:00:00Z,27.265,27.375,27.26,27.34,3055800
2024-01-09T16:00:00Z,27.335,27.37,27.295,27.335,534600
2024-01-09T17:00:00Z,27.335,27.355,27.25,27.26,1049400
2024-01-09T18:00:00Z,27.26,27.28,27.14,27.2,1505400
2024-01-09T19:00:00Z,27.2,27.31,27.2,27.3,1448200
2024-01-09T20:00:00Z,27.3,27.345,27.26,27.29,1112600
2024-01-10T13:00:00Z,27.085,27.32,27.085,27.21,1655600
2024-01-10T14:00:00Z,27.205,27.335,27.17,27.225,1234200
2024-01-10T15:00:00Z,27.225,27.24,27.135,27.205,1195200
2024-01-10T16:00:00Z,27.215,27.25,27.145,27.245,790600
2024-01-10T17:00:00Z,27.24,27.26,27.2,27.25,860200
2024-01-10T18:00:00Z,27.245,27.255,27.185,27.215,865400
2024-01-10T19:00:00Z,27.215,27.295,27.19,27.265,853600
2024-01-10T20:00:00Z,27.27,27.28,27.225,27.25,1401400
2024-01-11T13:00:00Z,27.2,27.34,27.11,27.23,1838200
2024-01-11T14:00:00Z,27.23,27.425,27.22,27.345,3184400
2024-01-11T15:00:00Z,27.345,27.37,27.23,27.245,2007400
2024-01-11T16:00:00Z,27.25,27.285,27.195,27.25,1070000
2024-01-11T17:00:00Z,27.245,27.285,27.175,27.215,885400
2024-01-11T18:00:00Z,27.22,27.35,27.2,27.34,750000
2024-01-11T19:00:00Z,27.345,27.4,27.31,27.35,1378400
2024-01-11T20:00:00Z,27.355,27.4,27.305,27.36,1394600
2024-01-12T13:00:00Z,27.4,27.4,27.155,27.29,1742800
2024-01-12T14:00:00Z,27.29,27.45,27.265,27.36,1289200
2024-01-12T15:00:00Z,27.365,27.445,27.34,27.4,609600
2024-01-12T16:00:00Z,27.395,27.495,27.37,27.475,707800
2024-01-12T17:00:00Z,27.47,27.57,27.41,27.555,1323400
2024-01-12T18:00:00Z,27.555,27.6,27.53,27.555,718200
2024-01-12T19:00:00Z,27.555,27.585,27.5,27.53,856400
2024-01-12T20:00:00Z,27.53,27.55,27.46,27.49,1238600
2024-01-15T13:00:00Z,27.55,27.69,27.5,27.625,1205000
2024-01-15T14:00:00Z,27.62,27.795,27.605,27.76,3930200
2024-01-15T15:00:00Z,27.76,27.825,27.71,27.81,1516200
2024-01-15T16:00:00Z,27.805,27.875,27.8,27.855,1334800
2024-01-15T17:00:00Z,27.865,27.95,27.845,27.94,2225600
2024-01-15T18:00:00Z,27.935,27.95,27.865,27.925,954600
2024-01-15T19:00:00Z,27.915,27.985,27.88,27.95,1350200
2024-01-15T20:00:00Z,27.955,28.05,27.95,28.045,2688800
2024-01-16T13:00:00Z,27.98,28.035,27.915,28.02,2186400
2024-01-16T14:00:00Z,28.02,28.235,27.98,28.035,3508600
2024-01-16T15:00:00Z,28.035,28.08,27.945,28.04,1707200
2024-01-16T16:00:00Z,28.03,28.095,27.935,28.065,1928400
2024-01-16T17:00:00Z,28.065,28.085,27.925,27.985,1582400
2024-01-16T18:00:00Z,27.99,28.02,27.95,27.985,1279800
2024-01-16T19:00:00Z,27.985,28,27.925,27.975,1542200
2024-01-16T20:00:00Z,27.97,27.985,27.885,27.915,2315000
2024-01-17T13:00:00Z,27.905,28.05,27.815,27.96,2441200
2024-01-17T14:00:00Z,27.95,27.995,27.865,27.98,2505200
2024-01-17T15:00:00Z,27.975,28.035,27.905,27.945,2323200
2024-01-17T16:00:00Z,27.945,28,27.9,27.91,1348000
2024-01-17T17:00:00Z,27.91,27.95,27.815,27.91,1949000
2024-01-17T18:00:00Z,27.915,27.94,27.825,27.895,1331200
2024-01-17T19:00:00Z,27.895,27.98,27.865,27.93,1492000
2024-01-17T20:00:00Z,27.925,27.98,27.905,27.945,2186000
2024-01-18T13:00:00Z,28.025,28.055,27.8,27.92,2629800
2024-01-18T14:00:00Z,27.915,27.95,27.685,27.76,2561000
2024-01-18T15:00:00Z,27.76,27.81,27.725,27.745,1166000
2024-01-18T16:00:00Z,27.735,27.77,27.655,27.69,1122800
2024-01-18T17:00:00Z,27.69,27.77,27.63,27.66,1920600
2024-01-18T18:00:00Z,27.66,27.74,27.65,27.73,916600
2024-01-18T19:00:00Z,27.73,27.78,27.7,27.715,1220400
2024-01-18T20:00:00Z,27.71,27.77,27.705,27.735,941600
2024-01-19T13:00:00Z,27.765,27.84,27.71,27.825,806200
2024-01-19T14:00:00Z,27.835,27.835,27.65,27.765,1633800
2024-01-19T15:00:00Z,27.765,27.825,27.69,27.69,4183800
2024-01-19T16:00:00Z,27.69,27.73,27.64,27.68,1023000
2024-01-19T17:00:00Z,27.685,27.835,27.67,27.82,1607200
2024-01-19T18:00:00Z,27.82,28.085,27.8,27.99,4604800
2024-01-19T19:00:00Z,27.995,28.175,27.97,28.105,1892600
2024-01-19T20:00:00Z,28.105,28.115,27.875,27.935,3411400
2024-01-22T13:00:00Z,28.035,28.065,27.825,27.945,1331800
2024-01-22T14:00:00Z,27.94,27.975,27.85,27.945,994000
2024-01-22T15:00:00Z,27.945,28,27.91,27.96,818400
2024-01-22T16:00:00Z,27.96,27.965,27.84,27.895,755200
2024-01-22T17:00:00Z,27.895,27.935,27.805,27.82,1427600
2024-01-22T18:00:00Z,27.825,27.835,27.74,27.835,1879800
2024-01-22T19:00:00Z,27.83,27.855,27.68,27.76,1588800
2024-01-22T20:00:00Z,27.76,27.86,27.755,27.8,1728800
2024-01-23T13:00:00Z,27.905,27.95,27.775,27.905,909000
2024-01-23T14:00:00Z,27.895,28.085,27.82,28.055,3194000
2024-01-23T15:00:00Z,28.06,28.14,27.955,28.09,2152400
2024-01-23T16:00:00Z,28.095,28.095,28,28.085,1341800
2024-01-23T17:00:00Z,28.08,28.095,28.02,28.055,897600
2024-01-23T18:00:00Z,28.055,28.275,28.055,28.22,3056600
2024-01-23T19:00:00Z,28.22,28.295,28.145,28.255,2686400
2024-01-23T20:00:00Z,28.255,28.295,28.16,28.245,2138000
2024-01-24T13:00:00Z,28.34,28.52,28.34,28.445,1853200
2024-01-24T14:00:00Z,28.455,28.48,28.295,28.31,1469000
2024-01-24T15:00:00Z,28.3,28.315,28.22,28.3,1138000
2024-01-24T16:00:00Z,28.31,28.375,28.235,28.315,1334400
2024-01-24T17:00:00Z,28.31,28.385,28.29,28.385,918400
2024-01-24T18:00:00Z,28.39,28.4,28.26,28.28,1259000
2024-01-24T19:00:00Z,28.28,28.32,28.22,28.265,2519600
2024-01-24T20:00:00Z,28.275,28.31,28.235,28.235,1170200
2024-01-25T13:00:00Z,28.375,28.5,28.295,28.455,1774400
2024-01-25T14:00:00Z,28.455,28.485,28.28,28.43,2541200
2024-01-25T15:00:00Z,28.445,28.445,28.265,28.315,1137400
2024-01-25T16:00:00Z,28.315,28.365,28.265,28.325,1397000
2024-01-25T17:00:00Z,28.32,28.35,28.28,28.335,1004800
2024-01-25T18:00:00Z,28.335,28.355,28.28,28.295,829200
2024-01-25T19:00:00Z,28.295,28.355,28.275,28.3,814600
2024-01-25T20:00:00Z,28.3,28.355,28.27,28.285,1490400
2024-01-26T13:00:00Z,28.32,28.42,28.275,28.34,2445600
2024-01-26T14:00:00Z,28.335,28.47,28.295,28.4,4774200
2024-01-26T15:00:00Z,28.4,28.425,28.335,28.355,2474200
2024-01-26T16:00:00Z,28.35,28.4,28.315,28.39,462400
2024-01-26T17:00:00Z,28.39,28.495,28.37,28.39,1102800
2024-01-26T18:00:00Z,28.395,28.47,28.385,28.435,1121600
2024-01-26T19:00:00Z,28.43,28.45,28.395,28.43,1332400
2024-01-26T20:00:00Z,28.425,28.475,28.385,28.41,1676600
2024-01-29T13:00:00Z,28.48,28.495,28.3,28.4,1067200
2024-01-29T14:00:00Z,28.405,28.515,28.19,28.23,2604200
2024-01-29T15:00:00Z,28.23,28.25,28.125,28.16,1005400
2024-01-29T16:00:00Z,28.165,28.2,28.115,28.14,564400
2024-01-29T17:00:00Z,28.135,28.195,28.03,28.11,1673800
2024-01-29T18:00:00Z,28.11,28.18,28.085,28.175,954800
2024-01-29T19:00:00Z,28.185,28.23,28.145,28.2,1294000
2024-01-29T20:00:00Z,28.2,28.265,28.165,28.265,1098400
2024-01-30T13:00:00Z,28.245,28.25,28.135,28.205,958800
2024-01-30T14:00:00Z,28.205,28.215,27.985,28.09,1605200
2024-01-30T15:00:00Z,28.1,28.165,27.975,28.165,1577000
2024-01-30T16:00:00Z,28.155,28.195,28.115,28.175,1462800
2024-01-30T17:00:00Z,28.18,28.2,28.055,28.08,1149800
2024-01-30T18:00:00Z,28.075,28.15,28.06,28.15,911800
2024-01-30T19:00:00Z,28.15,28.185,28.105,28.13,961000
2024-01-30T20:00:00Z,28.13,28.16,28.095,28.115,1206800
2024-01-31T13:00:00Z,28.2,28.42,28.06,28.37,1635600
2024-01-31T14:00:00Z,28.375,28.385,28.185,28.21,1727200
2024-01-31T15:00:00Z,28.21,28.295,28.2,28.235,926600
2024-01-31T16:00:00Z,28.23,28.29,28.195,28.23,798600
2024-01-31T17:00:00Z,28.23,28.25,28.155,28.155,625800
2024-01-31T18:00:00Z,28.155,28.32,28.13,28.315,2352800
2024-01-31T19:00:00Z,28.315,28.375,28.205,28.35,1518600
2024-01-31T20:00:00Z,28.35,28.36,28.15,28.27,2132800
2024-02-01T13:00:00Z,28.225,28.57,28.15,28.475,2437600
2024-02-01T14:00:00Z,28.475,28.735,28.39,28.66,4607000
2024-02-01T15:00:00Z,28.655,28.79,28.55,28.555,3339200
2024-02-01T16:00:00Z,28.55,28.645,28.41,28.61,1921400
2024-02-01T17:00:00Z,28.615,28.69,28.56,28.66,2283200
2024-02-01T18:00:00Z,28.66,28.775,28.615,28.76,1921600
2024-02-01T19:00:00Z,28.765,28.83,28.74,28.795,1738200
2024-02-01T20:00:00Z,28.79,28.855,28.755,28.79,2318400
2024-02-02T13:00:00Z,28.85,28.935,28.655,28.675,2164600
2024-02-02T14:00:00Z,28.675,28.81,28.65,28.755,1824600
2024-02-02T15:00:00Z,28.75,28.775,28.57,28.62,2272600
2024-02-02T16:00:00Z,28.625,28.655,28.58,28.61,1011600
2024-02-02T17:00:00Z,28.6,28.675,28.58,28.675,1365200
2024-02-02T18:00:00Z,28.665,28.675,28.595,28.64,1384800
2024-02-02T19:00:00Z,28.64,28.805,28.625,28.805,1915000
2024-02-02T20:00:00Z,28.805,28.845,28.715,28.83,1583000
2024-02-05T13:00:00Z,28.865,29.045,28.8,29.005,1623600
2024-02-05T14:00:00Z,29.005,29.02,28.85,28.86,1109400
2024-02-05T15:00:00Z,28.86,28.86,28.675,28.705,2134000
2024-02-05T16:00:00Z,28.705,28.865,28.675,28.84,1344000
2024-02-05T17:00:00Z,28.84,28.95,28.825,28.88,1695400
2024-02-05T18:00:00Z,28.875,28.88,28.73,28.835,1784400
2024-02-05T19:00:00Z,28.835,29.09,28.82,29.06,2094600
2024-02-05T20:00:00Z,29.06,29.14,28.985,29.1,1682400
2024-02-06T13:00:00Z,29.21,29.47,29.2,29.36,2208000
2024-02-06T14:00:00Z,29.365,29.435,29.255,29.355,1447600
2024-02-06T15:00:00Z,29.36,29.71,29.345,29.615,2131400
2024-02-06T16:00:00Z,29.615,29.705,29.545,29.56,1906200
2024-02-06T17:00:00Z,29.565,29.62,29.505,29.555,966000
2024-02-06T18:00:00Z,29.56,29.685,29.515,29.665,1141200
2024-02-06T19:00:00Z,29.675,29.865,29.665,29.775,2114800
2024-02-06T20:00:00Z,29.78,29.82,29.685,29.79,2911400
2024-02-07T13:00:00Z,29.785,29.9,29.63,29.74,1847000
2024-02-07T14:00:00Z,29.75,29.86,29.615,29.775,2183200
2024-02-07T15:00:00Z,29.765,29.835,29.62,29.65,1571800
2024-02-07T16:00:00Z,29.65,29.715,29.55,29.68,1592000
2024-02-07T17:00:00Z,29.68,29.73,29.56,29.575,1575400
2024-02-07T18:00:00Z,29.565,29.65,29.335,29.5,2798400
2024-02-07T19:00:00Z,29.495,29.625,29.475,29.575,1650200
2024-02-07T20:00:00Z,29.575,29.705,29.56,29.64,1939200
2024-02-08T13:00:00Z,29.73,29.865,29.59,29.745,2006400
2024-02-08T14:00:00Z,29.74,29.745,29.39,29.46,4683800
2024-02-08T15:00:00Z,29.45,29.52,29.3,29.4,2476000
2024-02-08T16:00:00Z,29.4,29.445,29.195,29.21,1053400
2024-02-08T17:00:00Z,29.21,29.25,29.15,29.24,1382600
2024-02-08T18:00:00Z,29.235,29.34,29.13,29.33,2824600
2024-02-08T19:00:00Z,29.33,29.35,29.245,29.265,1843800
2024-02-08T20:00:00Z,29.26,29.405,29.255,29.375,3303200
2024-02-09T13:00:00Z,29.25,29.29,27.65,28.73,21550200
2024-02-09T14:00:00Z,28.715,28.865,28.445,28.765,6679600
2024-02-09T15:00:00Z,28.76,28.81,28.66,28.705,1811400
2024-02-09T16:00:00Z,28.705,28.915,28.62,28.905,2867800
2024-02-09T17:00:00Z,28.91,28.985,28.67,28.7,2397000
2024-02-09T18:00:00Z,28.695,28.74,28.59,28.73,2686400
2024-02-09T19:00:00Z,28.725,28.87,28.69,28.83,1841000
2024-02-09T20:00:00Z,28.825,28.905,28.745,28.785,6640600
2024-02-14T16:00:00Z,28.68,29.03,28.54,28.955,5390200
2024-02-14T17:00:00Z,28.95,29.055,28.88,28.885,2458400
2024-02-14T18:00:00Z,28.88,28.89,28.765,28.86,1974800
2024-02-14T19:00:00Z,28.855,29.04,28.81,28.995,2598200
2024-02-14T20:00:00Z,28.995,29.19,28.98,29.09,3367400
2024-02-15T13:00:00Z,29.175,29.295,29.07,29.17,2131800
2024-02-15T14:00:00Z,29.175,29.245,29.07,29.185,2188600
2024-02-15T15:00:00Z,29.185,29.195,29.005,29.1,2563200
2024-02-15T16:00:00Z,29.1,29.16,29.035,29.14,1133800
2024-02-15T17:00:00Z,29.135,29.2,29.125,29.155,1166400
2024-02-15T18:00:00Z,29.165,29.2,29.125,29.175,1343000
2024-02-15T19:00:00Z,29.17,29.2,29.13,29.175,1530600
2024-02-15T20:00:00Z,29.175,29.265,29.14,29.155,2439000
2024-02-16T13:00:00Z,29.29,29.4,29,29.11,2159800
2024-02-16T14:00:00Z,29.105,29.175,28.76,28.8,3521000
2024-02-16T15:00:00Z,28.795,29.01,28.78,28.905,3743400
2024-02-16T16:00:00Z,28.9,28.91,28.705,28.825,1916400
2024-02-16T17:00:00Z,28.83,28.87,28.8,28.86,844400
2024-02-16T18:00:00Z,28.865,28.98,28.82,28.91,1346800
2024-02-16T19:00:00Z,28.9,28.935,28.865,28.895,1078400
2024-02-16T20:00:00Z,28.895,28.945,28.835,28.85,1825800
2024-02-19T13:00:00Z,28.96,29.015,28.8,28.88,1624400
2024-02-19T14:00:00Z,28.88,29.075,28.86,29.065,1889200
2024-02-19T15:00:00Z,29.06,29.16,29.005,29.12,1535600
2024-02-19T16:00:00Z,29.12,29.19,29.105,29.175,1576200
2024-02-19T17:00:00Z,29.175,29.185,29.095,29.12,1003600
2024-02-19T18:00:00Z,29.115,29.315,29.115,29.305,2229800
2024-02-19T19:00:00Z,29.31,29.475,29.28,29.445,3966200
2024-02-19T20:00:00Z,29.45,29.525,29.43,29.495,2865000
2024-02-20T13:00:00Z,29.43,29.94,29.37,29.87,5429600
2024-02-20T14:00:00Z,29.86,29.92,29.755,29.9,2850400
2024-02-20T15:00:00Z,29.905,29.955,29.845,29.915,3400200
2024-02-20T16:00:00Z,29.915,29.92,29.585,29.6,2960800
2024-02-20T17:00:00Z,29.6,29.735,29.585,29.69,2810200
2024-02-20T18:00:00Z,29.7,29.7,29.56,29.585,4925200
2024-02-20T19:00:00Z,29.58,29.615,29.485,29.51,1926000
2024-02-20T20:00:00Z,29.51,29.585,29.48,29.585,3515000
2024-02-21T13:00:00Z,29.66,29.77,29.53,29.55,2087200
2024-02-21T14:00:00Z,29.555,29.625,29.53,29.585,1637600
2024-02-21T15:00:00Z,29.575,29.645,29.56,29.6,1163600
2024-02-21T16:00:00Z,29.6,29.685,29.59,29.66,868600
2024-02-21T17:00:00Z,29.66,29.7,29.59,29.61,1473400
2024-02-21T18:00:00Z,29.61,29.695,29.595,29.65,1293800
2024-02-21T19:00:00Z,29.65,29.735,29.615,29.73,1953000
2024-02-21T20:00:00Z,29.73,29.795,29.645,29.675,33518000
2024-02-22T13:00:00Z,29.345,29.38,29.125,29.14,2572000
2024-02-22T14:00:00Z,29.13,29.215,28.96,29.005,2462800
2024-02-22T15:00:00Z,28.995,29.135,28.985,29.125,2988400
2024-02-22T16:00:00Z,29.13,29.29,29.125,29.26,1738600
2024-02-22T17:00:00Z,29.255,29.265,29.12,29.14,2625200
2024-02-22T18:00:00Z,29.14,29.25,29.11,29.225,1870800
2024-02-22T19:00:00Z,29.22,29.245,29.155,29.16,1424400
2024-02-22T20:00:00Z,29.165,29.175,28.985,29.045,2402400
2024-02-23T13:00:00Z,29.065,29.13,28.625,28.675,4129600
2024-02-23T14:00:00Z,28.675,28.815,28.57,28.76,4311800
2024-02-23T15:00:00Z,28.76,28.9,28.725,28.775,2012200
2024-02-23T16:00:00Z,28.78,28.82,28.705,28.82,2125200
2024-02-23T17:00:00Z,28.82,28.83,28.74,28.765,1272800
2024-02-23T18:00:00Z,28.76,28.79,28.705,28.72,1386400
2024-02-23T19:00:00Z,28.715,28.74,28.595,28.635,1524200
2024-02-23T20:00:00Z,28.64,28.785,28.635,28.69,2150800
2024-02-26T13:00:00Z,28.705,28.885,28.625,28.84,965000
2024-02-26T14:00:00Z,28.84,29.005,28.785,28.97,2451800
2024-02-26T15:00:00Z,28.975,29,28.93,28.98,800000
2024-02-26T16:00:00Z,28.985,28.99,28.91,28.94,634200
2024-02-26T17:00:00Z,28.94,29.095,28.925,29.025,1812000
2024-02-26T18:00:00Z,29.02,29.07,28.98,29.04,900600
2024-02-26T19:00:00Z,29.04,29.045,28.91,28.93,2134600
2024-02-26T20:00:00Z,28.94,29.02,28.93,28.96,1728600
2024-02-27T13:00:00Z,29.095,29.24,29,29.125,1338600
2024-02-27T14:00:00Z,29.115,29.195,29.015,29.135,1875000
2024-02-27T15:00:00Z,29.145,29.25,29.145,29.205,782600
2024-02-27T16:00:00Z,29.205,29.28,29.18,29.225,663800
2024-02-27T17:00:00Z,29.235,29.3,29.2,29.24,987000
2024-02-27T18:00:00Z,29.24,29.325,29.23,29.315,1268400
2024-02-27T19:00:00Z,29.32,29.345,29.275,29.34,1285400
2024-02-27T20:00:00Z,29.345,29.375,29.26,29.36,2174800
2024-02-28T13:00:00Z,29.29,29.49,29.205,29.38,1504200
2024-02-28T14:00:00Z,29.375,29.445,29.315,29.36,1336200
2024-02-28T15:00:00Z,29.36,29.45,29.34,29.43,763200
2024-02-28T16:00:00Z,29.43,29.45,29.305,29.39,1932600
2024-02-28T17:00:00Z,29.39,29.475,29.37,29.415,1538800
2024-02-28T18:00:00Z,29.42,29.57,29.39,29.455,1802000
2024-02-28T19:00:00Z,29.45,29.465,29.315,29.315,1144400
2024-02-28T20:00:00Z,29.315,29.405,29.3,29.365,998400
2024-02-29T13:00:00Z,29.375,29.46,29.175,29.185,2248000
2024-02-29T14:00:00Z,29.19,29.275,29.005,29.12,2340200
2024-02-29T15:00:00Z,29.12,29.18,29.03,29.1,1188600
2024-02-29T16:00:00Z,29.105,29.155,29.09,29.13,3424200
2024-02-29T17:00:00Z,29.125,29.13,29.03,29.065,715200
2024-02-29T18:00:00Z,29.07,29.145,29.025,29.035,1612600
2024-02-29T19:00:00Z,29.035,29.07,28.85,28.95,1637400
2024-02-29T20:00:00Z,28.95,29.02,28.875,28.985,1404600
2024-03-01T13:00:00Z,28.975,29.14,28.925,29.11,1693000
2024-03-01T14:00:00Z,29.1,29.125,28.915,28.955,1680400
2024-03-01T15:00:00Z,28.955,29.16,28.94,29.155,1083400
2024-03-01T16:00:00Z,29.16,29.18,29.015,29.03,727000
2024-03-01T17:00:00Z,29.03,29.065,28.96,28.98,804800
2024-03-01T18:00:00Z,28.98,29.045,28.945,28.98,1011200
2024-03-01T19:00:00Z,28.98,29.05,28.945,29.03,992000
2024-03-01T20:00:00Z,29.03,29.05,28.975,29.015,1178400
2024-03-04T13:00:00Z,29.01,29.105,28.785,28.835,1684800
2024-03-04T14:00:00Z,28.825,28.875,28.735,28.82,1709000
2024-03-04T15:00:00Z,28.82,28.84,28.76,28.8,954400
2024-03-04T16:00:00Z,28.795,28.885,28.78,28.85,1361200
2024-03-04T17:00:00Z,28.85,28.865,28.775,28.8,943800
2024-03-04T18:00:00Z,28.8,28.85,28.77,28.81,1544200
2024-03-04T19:00:00Z,28.81,28.9,28.805,28.87,1623600
2024-03-04T20:00:00Z,28.87,29,28.845,28.85,1834400
2024-03-05T13:00:00Z,28.9,29.015,28.845,28.89,1381200
2024-03-05T14:00:00Z,28.89,29.095,28.845,29.08,1441200
2024-03-05T15:00:00Z,29.08,29.185,29.04,29.105,1528400
2024-03-05T16:00:00Z,29.1,29.12,28.98,29.06,781800
2024-03-05T17:00:00Z,29.06,29.145,29.025,29.055,853800
2024-03-05T18:00:00Z,29.065,29.095,29.035,29.075,705400
2024-03-05T19:00:00Z,29.075,29.1,28.97,29,784000
2024-03-05T20:00:00Z,29,29.11,28.99,29.075,1134000
2024-03-06T13:00:00Z,29.11,29.25,29.05,29.215,1347000
2024-03-06T14:00:00Z,29.2,29.205,29.05,29.09,1194800
2024-03-06T15:00:00Z,29.08,29.175,29.065,29.125,640600
2024-03-06T16:00:00Z,29.125,29.36,29.115,29.32,1100800
2024-03-06T17:00:00Z,29.32,29.42,29.285,29.34,1395200
2024-03-06T18:00:00Z,29.33,29.415,29.325,29.41,1361200
2024-03-06T19:00:00Z,29.405,29.505,29.39,29.445,1910600
2024-03-06T20:00:00Z,29.445,29.475,29.42,29.44,1857200
2024-03-07T13:00:00Z,29.47,29.555,29.41,29.425,1342000
2024-03-07T14:00:00Z,29.425,29.465,29.31,29.32,1134000
2024-03-07T15:00:00Z,29.32,29.39,29.25,29.36,1456600
2024-03-07T16:00:00Z,29.36,29.395,29.28,29.3,1334200
2024-03-07T17:00:00Z,29.3,29.315,29.22,29.23,1531000
2024-03-07T18:00:00Z,29.23,29.31,29.17,29.18,1866600
2024-03-07T19:00:00Z,29.18,29.235,29.14,29.175,2033000
2024-03-07T20:00:00Z,29.175,29.2,29.125,29.125,2057400
2024-03-08T13:00:00Z,28.505,28.64,28.015,28.5,15928200
2024-03-08T14:00:00Z,28.5,28.595,28.405,28.52,6112200
2024-03-08T15:00:00Z,28.515,29.065,28.515,28.925,5339400
2024-03-08T16:00:00Z,28.935,28.945,28.77,28.865,2708800
2024-03-08T17:00:00Z,28.865,28.875,28.79,28.83,1546800
2024-03-08T18:00:00Z,28.83,29.085,28.815,29.005,2171400
2024-03-08T19:00:00Z,29.005,29.025,28.915,28.94,1697400
2024-03-08T20:00:00Z,28.94,28.94,28.71,28.8,2786200
2024-03-11T13:00:00Z,28.85,28.85,28.475,28.595,4782600
2024-03-11T14:00:00Z,28.6,28.85,28.45,28.685,4515200
2024-03-11T15:00:00Z,28.685,28.845,28.62,28.78,2714000
2024-03-11T16:00:00Z,28.775,28.785,28.63,28.64,1292000
2024-03-11T17:00:00Z,28.645,28.725,28.595,28.62,2057000
2024-03-11T18:00:00Z,28.625,28.645,28.53,28.645,2800000
2024-03-11T19:00:00Z,28.64,28.67,28.54,28.54,4658000
2024-03-12T13:00:00Z,28.505,28.6,28.315,28.455,2613800
2024-03-12T14:00:00Z,28.465,28.545,28.39,28.505,2828800
2024-03-12T15:00:00Z,28.505,28.695,28.48,28.62,2408800
2024-03-12T16:00:00Z,28.625,28.665,28.56,28.64,1176200
2024-03-12T17:00:00Z,28.64,28.815,28.555,28.79,2138400
2024-03-12T18:00:00Z,28.785,28.98,28.765,28.89,2247000
2024-03-12T19:00:00Z,28.895,29.055,28.85,28.905,3206400
2024-03-13T13:00:00Z,28.755,28.87,28.655,28.825,1670800
2024-03-13T14:00:00Z,28.835,28.86,28.63,28.645,4211400
2024-03-13T15:00:00Z,28.645,28.73,28.59,28.675,2444800
2024-03-13T16:00:00Z,28.67,28.675,28.44,28.485,2745600
2024-03-13T17:00:00Z,28.485,28.68,28.465,28.64,2776800
2024-03-13T18:00:00Z,28.635,28.635,28.525,28.54,1693000
2024-03-13T19:00:00Z,28.535,28.59,28.475,28.5,3232200
2024-03-14T13:00:00Z,28.475,28.5,28.295,28.395,3891600
2024-03-14T14:00:00Z,28.395,28.535,28.375,28.515,2228000
2024-03-14T15:00:00Z,28.515,28.675,28.47,28.63,1998200
2024-03-14T16:00:00Z,28.625,28.645,28.49,28.5,1557600
2024-03-14T17:00:00Z,28.495,28.52,28.45,28.495,2065200
2024-03-14T18:00:00Z,28.495,28.53,28.43,28.46,2122000
2024-03-14T19:00:00Z,28.46,28.47,28.31,28.36,2603000
2024-03-15T13:00:00Z,28.41,28.7,28.41,28.535,1878600
2024-03-15T14:00:00Z,28.535,28.545,28.385,28.46,2535000
2024-03-15T15:00:00Z,28.465,28.49,28.41,28.45,5593800
2024-03-15T16:00:00Z,28.45,28.5,28.415,28.44,1098400
2024-03-15T17:00:00Z,28.445,28.49,28.425,28.46,2786000
2024-03-15T18:00:00Z,28.465,28.7,28.465,28.695,2232800
2024-03-15T19:00:00Z,28.69,28.76,28.62,28.63,1978400
2024-03-18T13:00:00Z,28.65,28.89,28.515,28.565,1973600
2024-03-18T14:00:00Z,28.555,28.58,28.335,28.375,1527800
2024-03-18T15:00:00Z,28.385,28.4,28.285,28.325,1163000
2024-03-18T16:00:00Z,28.325,28.375,28.21,28.245,2032800
2024-03-18T17:00:00Z,28.235,28.255,28.155,28.195,1484000
2024-03-18T18:00:00Z,28.195,28.225,27.93,27.975,4524000
2024-03-18T19:00:00Z,27.98,28.035,27.91,27.99,3371000
2024-03-19T13:00:00Z,28.12,28.215,27.62,27.735,5632400
2024-03-19T14:00:00Z,27.735,27.8,27.565,27.69,3104400
2024-03-19T15:00:00Z,27.685,27.79,27.61,27.78,1446400
2024-03-19T16:00:00Z,27.79,27.85,27.75,27.845,1213800
2024-03-19T17:00:00Z,27.84,27.96,27.84,27.95,1648000
2024-03-19T18:00:00Z,27.955,27.975,27.86,27.87,1747400
2024-03-19T19:00:00Z,27.875,27.965,27.81,27.875,3906200
2024-03-20T13:00:00Z,27.915,28.145,27.85,28.125,1573000
2024-03-20T14:00:00Z,28.115,28.125,27.97,28.1,1389200
2024-03-20T15:00:00Z,28.095,28.2,28.04,28.175,1509800
2024-03-20T16:00:00Z,28.165,28.25,27.705,27.78,4747400
2024-03-20T17:00:00Z,27.78,28,27.78,27.91,2767000
2024-03-20T18:00:00Z,27.925,28.135,27.925,28.11,2238200
2024-03-20T19:00:00Z,28.11,28.24,28.07,28.13,2027000
2024-03-21T13:00:00Z,28.3,28.5,28.145,28.16,2472200
2024-03-21T14:00:00Z,28.16,28.16,27.99,28.015,1789000
2024-03-21T15:00:00Z,28.005,28.11,27.9,27.91,1136400
2024-03-21T16:00:00Z,27.91,27.94,27.8,27.845,1938000
2024-03-21T17:00:00Z,27.845,27.945,27.8,27.875,1382400
2024-03-21T18:00:00Z,27.87,27.905,27.815,27.86,2399000
2024-03-21T19:00:00Z,27.86,27.875,27.73,27.76,4365000
2024-03-22T13:00:00Z,27.835,27.99,27.685,27.76,1832400
2024-03-22T14:00:00Z,27.76,27.785,27.625,27.75,1728600
2024-03-22T15:00:00Z,27.745,27.77,27.695,27.71,951800
2024-03-22T16:00:00Z,27.71,27.735,27.655,27.695,1092600
2024-03-22T17:00:00Z,27.695,27.7,27.63,27.675,1377800
2024-03-22T18:00:00Z,27.675,27.83,27.63,27.775,2187200
2024-03-22T19:00:00Z,27.775,27.78,27.68,27.73,2431600
2024-03-25T13:00:00Z,27.715,27.93,27.635,27.885,2382000
2024-03-25T14:00:00Z,27.89,28.065,27.85,27.975,2227000
2024-03-25T15:00:00Z,27.975,28.015,27.93,27.985,860400
2024-03-25T16:00:00Z,27.985,27.99,27.89,27.925,1119200
2024-03-25T17:00:00Z,27.92,27.96,27.825,27.835,1247800
2024-03-25T18:00:00Z,27.835,27.88,27.805,27.81,1317400
2024-03-25T19:00:00Z,27.81,27.83,27.755,27.76,1716400
2024-03-26T13:00:00Z,27.845,27.985,27.76,27.865,1495600
2024-03-26T14:00:00Z,27.865,28.145,27.85,28.035,3023800
2024-03-26T15:00:00Z,28.04,28.115,28.005,28.055,1303400
2024-03-26T16:00:00Z,28.065,28.165,28.06,28.13,1180800
2024-03-26T17:00:00Z,28.13,28.215,28.13,28.165,1955000
2024-03-26T18:00:00Z,28.17,28.18,27.96,28.05,2675200
2024-03-26T19:00:00Z,28.05,28.075,27.955,27.995,2137400
2024-03-27T13:00:00Z,28.085,28.12,27.855,27.925,1110000
2024-03-27T14:00:00Z,27.915,27.925,27.785,27.82,854000
2024-03-27T15:00:00Z,27.825,27.84,27.7,27.71,1469800
2024-03-27T16:00:00Z,27.71,27.775,27.67,27.71,1530400
2024-03-27T17:00:00Z,27.71,27.845,27.685,27.835,1807000
2024-03-27T18:00:00Z,27.835,27.935,27.785,27.92,4492000
2024-03-27T19:00:00Z,27.925,27.975,27.84,27.945,3021200
2024-03-28T13:00:00Z,27.88,28.15,27.825,28.1,2039000
2024-03-28T14:00:00Z,28.105,28.4,28.105,28.39,2710800
2024-03-28T15:00:00Z,28.395,28.44,28.305,28.385,1614600
2024-03-28T16:00:00Z,28.385,28.395,28.24,28.315,2646200
2024-03-28T17:00:00Z,28.31,28.375,28.23,28.33,1438000
2024-03-28T18:00:00Z,28.325,28.405,28.275,28.335,1856800
2024-03-28T19:00:00Z,28.335,28.42,28.29,28.34,2156200
2024-04-01T13:00:00Z,28.35,28.46,28.18,28.23,1521400
2024-04-01T14:00:00Z,28.225,28.225,28.105,28.16,1130600
2024-04-01T15:00:00Z,28.165,28.175,28.055,28.085,885600
2024-04-01T16:00:00Z,28.09,28.16,28.085,28.095,795000
2024-04-01T17:00:00Z,28.09,28.105,27.97,28.005,1565600
2024-04-01T18:00:00Z,28,28.02,27.915,27.925,1825000
2024-04-01T19:00:00Z,27.935,28.005,27.855,28,1600600
2024-04-02T13:00:00Z,28.025,28.17,27.94,28.02,1312000
2024-04-02T14:00:00Z,28.015,28.135,27.925,27.98,1626800
2024-04-02T15:00:00Z,27.985,28,27.885,27.915,1884800
2024-04-02T16:00:00Z,27.915,28.035,27.91,27.975,825600
2024-04-02T17:00:00Z,27.97,28.035,27.905,28.025,712200
2024-04-02T18:00:00Z,28.02,28.045,27.98,28.01,716400
2024-04-02T19:00:00Z,28.015,28.08,27.95,28.015,1808800
2024-04-03T13:00:00Z,28.045,28.11,27.86,27.925,1378600
2024-04-03T14:00:00Z,27.93,27.97,27.825,27.905,1578200
2024-04-03T15:00:00Z,27.905,28.075,27.855,28.07,1927400
2024-04-03T16:00:00Z,28.065,28.16,28.045,28.08,1993800
2024-04-03T17:00:00Z,28.08,28.32,28.05,28.25,1770200
2024-04-03T18:00:00Z,28.255,28.285,28.205,28.25,1499400
2024-04-03T19:00:00Z,28.25,28.305,28.165,28.21,1880800
2024-04-04T13:00:00Z,28.275,28.86,28.275,28.805,5798600
2024-04-04T14:00:00Z,28.795,28.83,28.655,28.695,3569800
2024-04-04T15:00:00Z,28.69,28.955,28.595,28.905,4269600
2024-04-04T16:00:00Z,28.905,28.975,28.835,28.845,1696400
2024-04-04T17:00:00Z,28.85,28.885,28.68,28.68,1242600
2024-04-04T18:00:00Z,28.68,28.75,28.48,28.53,2384400
2024-04-04T19:00:00Z,28.52,28.52,28.295,28.35,3121000
2024-04-05T13:00:00Z,28.45,28.53,28.35,28.44,1451000
2024-04-05T14:00:00Z,28.425,28.525,28.225,28.465,2423600
2024-04-05T15:00:00Z,28.46,28.52,28.285,28.4,1079200
2024-04-05T16:00:00Z,28.405,28.495,28.355,28.48,868400
2024-04-05T17:00:00Z,28.48,28.48,28.335,28.39,1519400
2024-04-05T18:00:00Z,28.39,28.495,28.37,28.485,1189000
2024-04-05T19:00:00Z,28.49,28.54,28.45,28.51,1306200
2024-04-08T13:00:00Z,28.75,29.075,28.63,28.97,3722000
2024-04-08T14:00:00Z,28.975,29.165,28.975,29.095,2721000
2024-04-08T15:00:00Z,29.095,29.295,29.09,29.285,2598800
2024-04-08T16:00:00Z,29.29,29.42,29.1,29.11,2850400
2024-04-08T17:00:00Z,29.105,29.18,29.08,29.095,1530200
2024-04-08T18:00:00Z,29.095,29.135,28.965,29.01,2204800
2024-04-08T19:00:00Z,29.015,29.07,28.99,29.035,2455200
2024-04-09T13:00:00Z,29.125,29.385,29.09,29.21,2208200
2024-04-09T14:00:00Z,29.22,29.32,29.18,29.275,1461400
2024-04-09T15:00:00Z,29.275,29.29,29.19,29.225,825800
2024-04-09T16:00:00Z,29.225,29.235,29.155,29.16,616600
2024-04-09T17:00:00Z,29.165,29.22,29.135,29.215,592400
2024-04-09T18:00:00Z,29.215,29.23,29.16,29.225,712200
2024-04-09T19:00:00Z,29.22,29.285,29.105,29.235,1770800
2024-04-10T13:00:00Z,29.17,29.25,28.925,29.04,2011800
2024-04-10T14:00:00Z,29.03,29.045,28.87,28.885,1727000
2024-04-10T15:00:00Z,28.89,28.91,28.705,28.725,1926800
2024-04-10T16:00:00Z,28.725,28.84,28.72,28.77,1118400
2024-04-10T17:00:00Z,28.76,28.88,28.675,28.78,1623400
2024-04-10T18:00:00Z,28.78,28.82,28.725,28.725,1186400
2024-04-10T19:00:00Z,28.725,28.875,28.665,28.76,2682000
2024-04-11T13:00:00Z,28.75,28.88,28.67,28.75,1385800
2024-04-11T14:00:00Z,28.765,28.835,28.685,28.81,1603400
2024-04-11T15:00:00Z,28.815,28.925,28.745,28.87,1817000
2024-04-11T16:00:00Z,28.865,28.9,28.81,28.875,1141400
2024-04-11T17:00:00Z,28.875,28.98,28.815,28.93,1191800
2024-04-11T18:00:00Z,28.94,29.035,28.865,28.895,1513200
2024-04-11T19:00:00Z,28.895,28.97,28.85,28.95,2015200
2024-04-12T13:00:00Z,28.87,28.925,28.68,28.71,1685800
2024-04-12T14:00:00Z,28.7,28.8,28.61,28.64,1217000
2024-04-12T15:00:00Z,28.635,28.74,28.615,28.71,688200
2024-04-12T16:00:00Z,28.72,28.74,28.6,28.6,663400
2024-04-12T17:00:00Z,28.605,28.65,28.505,28.525,1208000
2024-04-12T18:00:00Z,28.525,28.56,28.425,28.445,2629600
2024-04-12T19:00:00Z,28.45,28.49,28.41,28.47,1626000
2024-04-15T13:00:00Z,28.63,28.67,28.32,28.38,2013400
2024-04-15T14:00:00Z,28.38,28.44,28.255,28.265,1650600
2024-04-15T15:00:00Z,28.27,28.355,28.225,28.305,1243800
2024-04-15T16:00:00Z,28.31,28.335,28.25,28.315,1538200
2024-04-15T17:00:00Z,28.31,28.35,28.135,28.23,1860000
2024-04-15T18:00:00Z,28.225,28.275,28.15,28.215,1363800
2024-04-15T19:00:00Z,28.21,28.235,28.105,28.15,2548800
2024-04-16T13:00:00Z,28.23,28.4,27.54,27.91,5059000
2024-04-16T14:00:00Z,27.92,28.04,27.83,27.83,2698900
2024-04-16T15:00:00Z,27.83,28.06,27.78,28.01,2109100
2024-04-16T16:00:00Z,28,28.16,27.96,28.04,3785000
2024-04-16T17:00:00Z,28.04,28.05,27.9,27.95,2137100
2024-04-16T18:00:00Z,27.95,28.09,27.85,28,2266300
2024-04-16T19:00:00Z,28.01,28.04,27.91,27.95,2991600
2024-04-17T13:00:00Z,28,28.12,27.86,28.01,2313800
2024-04-17T14:00:00Z,28.01,28.01,27.8,27.81,2756100
2024-04-17T15:00:00Z,27.82,28.17,27.81,27.94,3123600
2024-04-17T16:00:00Z,27.93,28,27.78,27.96,2069400
2024-04-17T17:00:00Z,27.96,28.03,27.84,27.95,2454700
2024-04-17T18:00:00Z,27.95,27.96,27.85,27.86,1548400
2024-04-17T19:00:00Z,27.87,28.06,27.86,28,2261600
2024-04-18T13:00:00Z,28.15,28.23,28,28.19,1725600
2024-04-18T14:00:00Z,28.19,28.22,28,28.03,1648400
2024-04-18T15:00:00Z,28.04,28.08,27.87,27.89,2481100
2024-04-18T16:00:00Z,27.87,27.91,27.72,27.78,1874300
2024-04-18T17:00:00Z,27.77,27.85,27.7,27.77,1441700
2024-04-18T18:00:00Z,27.78,27.86,27.72,27.77,2110100
2024-04-18T19:00:00Z,27.76,27.9,27.73,27.87,2668200
2024-04-19T13:00:00Z,28.02,28.02,27.8,27.86,1141800
2024-04-19T14:00:00Z,27.86,27.95,27.76,27.9,1634900
2024-04-19T15:00:00Z,27.9,27.98,27.86,27.92,913200
2024-04-19T16:00:00Z,27.92,27.98,27.84,27.92,1061600
2024-04-19T17:00:00Z,27.93,27.93,27.83,27.86,1060900
2024-04-19T18:00:00Z,27.86,27.87,27.76,27.8,2313300
2024-04-19T19:00:00Z,27.8,27.83,27.66,27.72,2903000
2024-04-22T13:00:00Z,27.8,28.05,27.64,27.67,2398100
2024-04-22T14:00:00Z,27.66,27.75,27.51,27.52,2232300
2024-04-22T15:00:00Z,27.53,27.6,27.3,27.39,2968300
2024-04-22T16:00:00Z,27.41,27.59,27.34,27.49,2862300
2024-04-22T17:00:00Z,27.48,27.53,27.35,27.37,1716100
2024-04-22T18:00:00Z,27.37,27.43,27.3,27.35,2295700
2024-04-22T19:00:00Z,27.36,27.36,27.24,27.34,4023800
2024-04-23T13:00:00Z,27.37,27.39,27.01,27.3,4125500
2024-04-23T14:00:00Z,27.29,27.36,27.2,27.23,2006700
2024-04-23T15:00:00Z,27.23,27.45,27.23,27.39,1679600
2024-04-23T16:00:00Z,27.39,27.5,27.37,27.4,1775200
2024-04-23T17:00:00Z,27.4,27.53,27.37,27.44,2376900
2024-04-23T18:00:00Z,27.45,27.66,27.4,27.62,3008100
2024-04-23T19:00:00Z,27.61,27.73,27.56,27.64,4065300
2024-04-24T13:00:00Z,27.6,27.62,27.38,27.61,2350400
2024-04-24T14:00:00Z,27.6,27.67,27.44,27.51,1865800
2024-04-24T15:00:00Z,27.52,27.52,27.43,27.47,836500
2024-04-24T16:00:00Z,27.47,27.63,27.47,27.59,1322300
2024-04-24T17:00:00Z,27.59,27.62,27.48,27.56,809400
2024-04-24T18:00:00Z,27.56,27.62,27.46,27.56,1261200
2024-04-24T19:00:00Z,27.56,27.59,27.5,27.58,1106600
2024-04-25T13:00:00Z,27.54,27.6,27.34,27.45,1262400
2024-04-25T14:00:00Z,27.45,27.59,27.41,27.5,1463000
2024-04-25T15:00:00Z,27.49,27.65,27.48,27.57,1257800
2024-04-25T16:00:00Z,27.57,27.58,27.43,27.45,829800
2024-04-25T17:00:00Z,27.45,27.46,27.34,27.37,1287700
2024-04-25T18:00:00Z,27.37,27.4,27.23,27.31,1327700
2024-04-25T19:00:00Z,27.31,27.42,27.26,27.27,1781600
2024-04-26T13:00:00Z,27.51,27.7,27.44,27.59,2194500
2024-04-26T14:00:00Z,27.61,27.65,27.52,27.57,1388100
2024-04-26T15:00:00Z,27.57,27.64,27.55,27.64,956200
2024-04-26T16:00:00Z,27.63,27.64,27.51,27.52,1294600
2024-04-26T17:00:00Z,27.51,27.58,27.47,27.56,1202500
2024-04-26T18:00:00Z,27.56,27.63,27.51,27.62,1415800
2024-04-26T19:00:00Z,27.61,27.64,27.53,27.57,1631100
2024-04-29T13:00:00Z,27.57,27.62,27.38,27.59,1134700
2024-04-29T14:00:00Z,27.59,27.63,27.51,27.58,797900
2024-04-29T15:00:00Z,27.59,27.66,27.52,27.54,1187000
2024-04-29T16:00:00Z,27.53,27.59,27.5,27.56,744300
2024-04-29T17:00:00Z,27.55,27.57,27.53,27.53,715000
2024-04-29T18:00:00Z,27.53,27.57,27.52,27.53,1037600
2024-04-29T19:00:00Z,27.52,27.55,27.48,27.55,1222100
2024-04-30T13:00:00Z,27.5,27.74,27.43,27.6,2535600
2024-04-30T14:00:00Z,27.62,27.68,27.57,27.62,1140200
2024-04-30T15:00:00Z,27.63,27.68,27.5,27.59,984200
2024-04-30T16:00:00Z,27.58,27.58,27.48,27.49,606200
2024-04-30T17:00:00Z,27.49,27.54,27.46,27.49,781000
2024-04-30T18:00:00Z,27.49,27.53,27.43,27.45,995500
2024-04-30T19:00:00Z,27.45,27.52,27.42,27.49,1788800
2024-05-02T13:00:00Z,27.54,27.63,27.4,27.45,2412300
2024-05-02T14:00:00Z,27.45,27.52,27.38,27.5,2207500
2024-05-02T15:00:00Z,27.49,27.62,27.48,27.57,2573100
2024-05-02T16:00:00Z,27.56,27.62,27.5,27.55,941800
2024-05-02T17:00:00Z,27.56,27.67,27.54,27.58,1466400
2024-05-02T18:00:00Z,27.58,27.74,27.54,27.74,1831600
2024-05-02T19:00:00Z,27.74,27.78,27.66,27.71,1612900
2024-05-03T13:00:00Z,28.02,28.21,27.9,28.18,3185800
2024-05-03T14:00:00Z,28.18,28.35,28.16,28.31,2927000
2024-05-03T15:00:00Z,28.32,28.35,28.18,28.23,2592600
2024-05-03T16:00:00Z,28.23,28.32,28.19,28.22,1245300
2024-05-03T17:00:00Z,28.23,28.28,28.19,28.22,1326200
2024-05-03T18:00:00Z,28.22,28.31,28.22,28.3,1231600
2024-05-03T19:00:00Z,28.3,28.36,28.23,28.27,2166800
2024-05-06T13:00:00Z,28.3,28.44,28.16,28.33,1986700
2024-05-06T14:00:00Z,28.32,28.37,28.22,28.26,1394200
2024-05-06T15:00:00Z,28.26,28.34,28.18,28.31,1523100
2024-05-06T16:00:00Z,28.32,28.33,28.23,28.31,818600
2024-05-06T17:00:00Z,28.31,28.34,28.27,28.3,987100
2024-05-06T18:00:00Z,28.3,28.34,28.24,28.32,1022200
2024-05-06T19:00:00Z,28.32,28.39,28.29,28.39,1146300
2024-05-07T13:00:00Z,28.48,28.66,28.38,28.41,2730100
2024-05-07T14:00:00Z,28.42,28.55,28.35,28.51,2139700
2024-05-07T15:00:00Z,28.52,28.56,28.42,28.44,1413100
2024-05-07T16:00:00Z,28.44,28.53,28.43,28.53,1179800
2024-05-07T17:00:00Z,28.52,28.55,28.46,28.47,781300
2024-05-07T18:00:00Z,28.47,28.5,28.41,28.44,684000
2024-05-07T19:00:00Z,28.44,28.48,28.4,28.42,1734700
2024-05-08T13:00:00Z,28.27,28.44,28.01,28.43,1903000
2024-05-08T14:00:00Z,28.43,28.45,28.31,28.42,915500
2024-05-08T15:00:00Z,28.42,28.5,28.3,28.39,2663600
2024-05-08T16:00:00Z,28.38,28.46,28.35,28.43,1789500
2024-05-08T17:00:00Z,28.43,28.46,28.4,28.43,1218100
2024-05-08T18:00:00Z,28.43,28.45,28.36,28.43,1487100
2024-05-08T19:00:00Z,28.42,28.52,28.38,28.4,2327200
2024-05-09T13:00:00Z,28.26,28.29,27.24,27.26,19862300
2024-05-09T14:00:00Z,27.28,27.34,27.11,27.32,9379700
2024-05-09T15:00:00Z,27.31,27.32,27.13,27.16,5078100
2024-05-09T16:00:00Z,27.15,27.17,27.05,27.1,4079300
2024-05-09T17:00:00Z,27.09,27.23,27.07,27.21,3985100
2024-05-09T18:00:00Z,27.2,27.31,27.2,27.22,4938300
2024-05-09T19:00:00Z,27.22,27.22,27.1,27.21,6074000
2024-05-10T13:00:00Z,27.35,27.68,27.35,27.63,5652300
2024-05-10T14:00:00Z,27.63,27.75,27.56,27.59,3710400
2024-05-10T15:00:00Z,27.58,27.65,27.47,27.53,3804000
2024-05-10T16:00:00Z,27.51,27.67,27.51,27.64,900400
2024-05-10T17:00:00Z,27.64,27.7,27.59,27.6,1376000
2024-05-10T18:00:00Z,27.6,27.64,27.55,27.59,2095300
2024-05-10T19:00:00Z,27.57,27.64,27.55,27.63,3558100
2024-05-13T13:00:00Z,27.65,27.97,27.65,27.91,2192500
2024-05-13T14:00:00Z,27.92,27.92,27.78,27.82,1472100
2024-05-13T15:00:00Z,27.81,27.88,27.73,27.77,1382300
2024-05-13T16:00:00Z,27.77,27.82,27.73,27.79,924400
2024-05-13T17:00:00Z,27.79,27.8,27.7,27.76,2266800
2024-05-13T18:00:00Z,27.77,27.83,27.74,27.83,1727700
2024-05-13T19:00:00Z,27.83,27.86,27.79,27.84,2484800
2024-05-14T13:00:00Z,27.87,28.04,27.83,28.01,2229400
2024-05-14T14:00:00Z,28.02,28.07,27.97,28.01,1768600
2024-05-14T15:00:00Z,28.01,28.07,27.98,28.01,911200
2024-05-14T16:00:00Z,28.01,28.02,27.91,27.92,1179000
2024-05-14T17:00:00Z,27.91,28.04,27.9,28,1059400
2024-05-14T18:00:00Z,28.01,28.05,27.92,27.96,1504800
2024-05-14T19:00:00Z,27.95,28.06,27.93,28.05,2846200
2024-05-15T13:00:00Z,27.75,27.79,27.52,27.58,4841700
2024-05-15T14:00:00Z,27.58,27.63,27.38,27.58,3299300
2024-05-15T15:00:00Z,27.59,27.67,27.51,27.56,2634200
2024-05-15T16:00:00Z,27.56,27.62,27.52,27.57,1607200
2024-05-15T17:00:00Z,27.57,27.58,27.44,27.53,2061400
2024-05-15T18:00:00Z,27.52,27.68,27.5,27.63,1741700
2024-05-15T19:00:00Z,27.63,27.77,27.6,27.71,2368500
2024-05-16T13:00:00Z,27.85,27.96,27.66,27.66,1461200
2024-05-16T14:00:00Z,27.66,27.82,27.65,27.82,1725800
2024-05-16T15:00:00Z,27.81,27.84,27.71,27.72,898500
2024-05-16T16:00:00Z,27.73,27.78,27.69,27.75,998400
2024-05-16T17:00:00Z,27.75,27.77,27.65,27.68,1055300
2024-05-16T18:00:00Z,27.69,27.78,27.65,27.76,1141800
2024-05-16T19:00:00Z,27.76,27.77,27.68,27.72,1407400
2024-05-17T13:00:00Z,27.7,27.82,27.54,27.65,3625400
2024-05-17T14:00:00Z,27.65,27.76,27.65,27.7,1233800
2024-05-17T15:00:00Z,27.69,27.75,27.67,27.74,1018600
2024-05-17T16:00:00Z,27.74,27.78,27.7,27.76,470300
2024-05-17T17:00:00Z,27.75,27.8,27.7,27.74,619300
2024-05-17T18:00:00Z,27.73,27.75,27.68,27.71,4621000
2024-05-17T19:00:00Z,27.71,27.8,27.65,27.75,3359100
2024-05-20T13:00:00Z,27.65,27.87,27.62,27.86,1817400
2024-05-20T14:00:00Z,27.85,28,27.82,27.9,2286400
2024-05-20T15:00:00Z,27.9,28.05,27.87,27.95,1423400
2024-05-20T16:00:00Z,27.94,28,27.92,27.99,711500
2024-05-20T17:00:00Z,27.98,28.03,27.85,27.88,1412200
2024-05-20T18:00:00Z,27.87,27.93,27.82,27.87,3865200
2024-05-20T19:00:00Z,27.87,27.97,27.86,27.95,3292900
2024-05-21T13:00:00Z,27.95,28.09,27.89,27.97,1514400
2024-05-21T14:00:00Z,27.98,28.13,27.96,27.98,2162200
2024-05-21T15:00:00Z,27.99,28.03,27.95,28,866100
2024-05-21T16:00:00Z,28,28,27.88,27.94,942400
2024-05-21T17:00:00Z,27.94,27.98,27.91,27.95,926700
2024-05-21T18:00:00Z,27.95,27.98,27.89,27.89,917500
2024-05-21T19:00:00Z,27.89,27.95,27.88,27.94,912100
2024-05-22T13:00:00Z,27.82,27.92,27.69,27.77,1553600
2024-05-22T14:00:00Z,27.77,27.84,27.7,27.76,1312300
2024-05-22T15:00:00Z,27.77,27.84,27.68,27.73,1742600
2024-05-22T16:00:00Z,27.72,27.77,27.66,27.67,932200
2024-05-22T17:00:00Z,27.66,27.7,27.62,27.67,1173000
2024-05-22T18:00:00Z,27.67,27.68,27.48,27.49,4116700
2024-05-22T19:00:00Z,27.5,27.57,27.41,27.5,2791900
2024-05-23T13:00:00Z,27.5,27.56,27.31,27.33,2101100
2024-05-23T14:00:00Z,27.32,27.33,27.17,27.21,3272600
2024-05-23T15:00:00Z,27.21,27.23,27.1,27.16,2156700
2024-05-23T16:00:00Z,27.16,27.22,27.05,27.06,3203600
2024-05-23T17:00:00Z,27.06,27.06,26.84,26.87,5290500
2024-05-23T18:00:00Z,26.87,26.94,26.78,26.89,3987500
2024-05-23T19:00:00Z,26.89,26.97,26.85,26.94,2891400
2024-05-24T13:00:00Z,27.01,27.11,26.8,26.85,3873400
2024-05-24T14:00:00Z,26.86,26.99,26.85,26.96,2573100
2024-05-24T15:00:00Z,26.96,27,26.95,26.98,1069800
2024-05-24T16:00:00Z,26.98,27.03,26.94,26.95,1092100
2024-05-24T17:00:00Z,26.94,27.05,26.94,27.05,903400
2024-05-24T18:00:00Z,27.03,27.05,26.97,26.99,1589700
2024-05-24T19:00:00Z,27,27.14,26.98,27.11,1683700
2024-05-27T13:00:00Z,27.14,27.25,27.08,27.19,2700800
2024-05-27T14:00:00Z,27.19,27.22,27.11,27.17,4644300
2024-05-27T15:00:00Z,27.17,27.28,27.17,27.26,4349900
2024-05-27T16:00:00Z,27.25,27.29,27.23,27.27,9032300
2024-05-27T17:00:00Z,27.26,27.35,27.26,27.32,2640800
2024-05-27T18:00:00Z,27.32,27.47,27.31,27.39,2040200
2024-05-27T19:00:00Z,27.39,27.43,27.33,27.38,4398000
2024-05-28T13:00:00Z,27.55,27.59,27.43,27.52,4413900
2024-05-28T14:00:00Z,27.52,27.62,27.51,27.56,3834300
2024-05-28T15:00:00Z,27.56,27.59,27.54,27.58,1402300
2024-05-28T16:00:00Z,27.57,27.59,27.44,27.44,16395000
2024-05-28T17:00:00Z,27.44,27.47,27.4,27.43,4496200
2024-05-28T18:00:00Z,27.43,27.45,27.31,27.38,1367900
2024-05-28T19:00:00Z,27.37,27.39,27.29,27.29,2044900
2024-05-29T13:00:00Z,27.47,27.47,27.12,27.17,3719700
2024-05-29T14:00:00Z,27.17,27.27,27.14,27.23,9295200
2024-05-29T15:00:00Z,27.24,27.32,27.21,27.3,2453200
2024-05-29T16:00:00Z,27.31,27.33,27.27,27.3,2301300
2024-05-29T17:00:00Z,27.29,27.33,27.21,27.26,2299300
2024-05-29T18:00:00Z,27.26,27.4,27.24,27.35,1650200
2024-05-29T19:00:00Z,27.35,27.45,27.34,27.39,1860000
2024-05-31T13:00:00Z,27.38,27.5,27.28,27.37,2202000
2024-05-31T14:00:00Z,27.37,27.4,27.24,27.24,2192600
2024-05-31T15:00:00Z,27.25,27.3,27.22,27.26,1208500
2024-05-31T16:00:00Z,27.26,27.31,27.22,27.29,978800
2024-05-31T17:00:00Z,27.3,27.31,27.21,27.26,1321700
2024-05-31T18:00:00Z,27.26,27.3,27.22,27.24,1336900
2024-05-31T19:00:00Z,27.25,27.26,27.16,27.24,2262500
2024-06-03T13:00:00Z,27.18,27.39,27.14,27.2,5492000
2024-06-03T14:00:00Z,27.2,27.28,27.15,27.22,3537000
2024-06-03T15:00:00Z,27.22,27.24,27.08,27.14,3470800
2024-06-03T16:00:00Z,27.13,27.17,27.07,27.16,1416900
2024-06-03T17:00:00Z,27.16,27.24,27.14,27.21,8756200
2024-06-03T18:00:00Z,27.21,27.24,27.13,27.14,1794100
2024-06-03T19:00:00Z,27.15,27.19,27.11,27.18,1997500
2024-06-04T13:00:00Z,27.15,27.19,26.98,27.14,1755100
2024-06-04T14:00:00Z,27.14,27.19,27.08,27.1,3197400
2024-06-04T15:00:00Z,27.1,27.18,27.1,27.1,1344800
2024-06-04T16:00:00Z,27.1,27.15,27.1,27.12,1668300
2024-06-04T17:00:00Z,27.12,27.12,27.01,27.08,2869400
2024-06-04T18:00:00Z,27.09,27.23,27.07,27.21,3017000
2024-06-04T19:00:00Z,27.2,27.25,27.16,27.24,3129600
2024-06-05T13:00:00Z,27.25,27.33,27.17,27.27,2041800
2024-06-05T14:00:00Z,27.27,27.33,27.15,27.28,2689000
2024-06-05T15:00:00Z,27.28,27.35,27.27,27.28,1802200
2024-06-05T16:00:00Z,27.28,27.3,27.22,27.28,1129500
2024-06-05T17:00:00Z,27.28,27.4,27.26,27.3,2324000
2024-06-05T18:00:00Z,27.3,27.33,27.22,27.26,1560200
2024-06-05T19:00:00Z,27.26,27.29,27.21,27.22,1306100
2024-06-06T13:00:00Z,27.3,27.69,27.2,27.53,2292700
2024-06-06T14:00:00Z,27.53,27.58,27.45,27.5,1784600
2024-06-06T15:00:00Z,27.5,27.7,27.49,27.64,2095500
2024-06-06T16:00:00Z,27.62,27.64,27.56,27.6,791400
2024-06-06T17:00:00Z,27.6,27.66,27.56,27.57,1125800
2024-06-06T18:00:00Z,27.57,27.72,27.51,27.66,2794500
2024-06-06T19:00:00Z,27.66,27.72,27.61,27.7,1486000
2024-06-07T13:00:00Z,27.5,27.68,27.45,27.49,3329600
2024-06-07T14:00:00Z,27.48,27.53,27.35,27.4,1295900
2024-06-07T15:00:00Z,27.4,27.45,27.36,27.39,692000
2024-06-07T16:00:00Z,27.38,27.44,27.32,27.38,720000
2024-06-07T17:00:00Z,27.38,27.38,27.26,27.28,1320100
2024-06-07T18:00:00Z,27.3,27.37,27.23,27.27,1740300
2024-06-07T19:00:00Z,27.26,27.28,27.08,27.18,3154100
2024-06-10T13:00:00Z,27.25,27.29,27.1,27.22,2113700
2024-06-10T14:00:00Z,27.22,27.35,27.11,27.28,3115100
2024-06-10T15:00:00Z,27.27,27.29,27.18,27.24,1147300
2024-06-10T16:00:00Z,27.24,27.3,27.19,27.26,1085000
2024-06-10T17:00:00Z,27.27,27.31,27.18,27.24,1112000
2024-06-10T18:00:00Z,27.25,27.31,27.16,27.22,1776800
2024-06-10T19:00:00Z,27.21,27.27,27.16,27.21,1382900
2024-06-11T13:00:00Z,27.36,27.46,27.25,27.32,1578100
2024-06-11T14:00:00Z,27.33,27.6,27.32,27.53,1702300
2024-06-11T15:00:00Z,27.53,27.54,27.45,27.54,782400
2024-06-11T16:00:00Z,27.53,27.54,27.39,27.39,811500
2024-06-11T17:00:00Z,27.41,27.51,27.39,27.49,736200
2024-06-11T18:00:00Z,27.5,27.57,27.44,27.55,1620000
2024-06-11T19:00:00Z,27.57,27.57,27.45,27.51,1931700
2024-06-12T13:00:00Z,27.3,27.3,26.6,26.67,2850800
2024-06-12T14:00:00Z,26.66,26.76,26.59,26.71,2634400
2024-06-12T15:00:00Z,26.72,26.73,26.54,26.66,2347600
2024-06-12T16:00:00Z,26.66,26.73,26.55,26.68,1084700
2024-06-12T17:00:00Z,26.68,26.68,26.6,26.66,1478000
2024-06-12T18:00:00Z,26.66,26.67,26.46,26.53,3357300
2024-06-12T19:00:00Z,26.53,26.64,26.47,26.64,3113200
2024-06-13T13:00:00Z,26.62,26.74,26.51,26.69,1973000
2024-06-13T14:00:00Z,26.69,26.77,26.52,26.62,2529700
2024-06-13T15:00:00Z,26.61,26.79,26.58,26.78,1705900
2024-06-13T16:00:00Z,26.77,26.78,26.65,26.73,1011000
2024-06-13T17:00:00Z,26.73,26.78,26.72,26.75,865700
2024-06-13T18:00:00Z,26.75,26.8,26.74,26.76,1703300
2024-06-13T19:00:00Z,26.76,26.8,26.73,26.77,1686800
2024-06-14T13:00:00Z,26.55,26.55,26.32,26.35,1690000
2024-06-14T14:00:00Z,26.35,26.49,26.31,26.47,1006100
2024-06-14T15:00:00Z,26.46,26.66,26.43,26.49,1879300
2024-06-14T16:00:00Z,26.49,26.52,26.47,26.48,332800
2024-06-14T17:00:00Z,26.48,26.52,26.34,26.36,1219200
2024-06-14T18:00:00Z,26.36,26.49,26.34,26.44,1111000
2024-06-14T19:00:00Z,26.43,26.48,26.41,26.45,2048800
2024-06-17T13:00:00Z,26.45,26.47,26.25,26.33,1765100
2024-06-17T14:00:00Z,26.33,26.36,26.22,26.25,1364100
2024-06-17T15:00:00Z,26.24,26.39,26.22,26.39,930600
2024-06-17T16:00:00Z,26.39,26.47,26.33,26.47,1123200
2024-06-17T17:00:00Z,26.46,26.47,26.4,26.44,1266300
2024-06-17T18:00:00Z,26.44,26.48,26.39,26.44,1352300
2024-06-17T19:00:00Z,26.45,26.46,26.39,26.45,1398800
2024-06-18T13:00:00Z,26.38,26.45,26.2,26.4,4442700
2024-06-18T14:00:00Z,26.41,26.44,26.23,26.27,2708200
2024-06-18T15:00:00Z,26.27,26.28,26.13,26.14,2173700
2024-06-18T16:00:00Z,26.14,26.25,26.11,26.22,2329100
2024-06-18T17:00:00Z,26.23,26.26,26.16,26.16,2542500
2024-06-18T18:00:00Z,26.16,26.19,26.1,26.11,2769100
2024-06-18T19:00:00Z,26.11,26.14,26.06,26.08,3212000
2024-06-19T13:00:00Z,26.09,26.24,26.03,26.09,1670300
2024-06-19T14:00:00Z,26.09,26.19,26.05,26.16,1304700
2024-06-19T15:00:00Z,26.16,26.27,26.14,26.23,1584800
2024-06-19T16:00:00Z,26.25,26.26,26.16,26.16,942500
2024-06-19T17:00:00Z,26.16,26.21,26.12,26.17,1615400
2024-06-19T18:00:00Z,26.17,26.29,26.17,26.28,1303600
2024-06-19T19:00:00Z,26.27,26.34,26.18,26.33,2274000
2024-06-20T13:00:00Z,26.38,26.61,26.34,26.6,2782900
2024-06-20T14:00:00Z,26.6,26.63,26.37,26.41,2825600
2024-06-20T15:00:00Z,26.4,26.42,26.3,26.39,1941500
2024-06-20T16:00:00Z,26.39,26.4,26.27,26.35,1990600
2024-06-20T17:00:00Z,26.35,26.43,26.34,26.41,958100
2024-06-20T18:00:00Z,26.4,26.46,26.37,26.44,1210500
2024-06-20T19:00:00Z,26.44,26.46,26.33,26.42,2753300
2024-06-21T13:00:00Z,26.4,26.57,26.28,26.53,2015700
2024-06-21T14:00:00Z,26.52,26.6,26.46,26.49,1985800
2024-06-21T15:00:00Z,26.49,26.52,26.4,26.4,1406500
2024-06-21T16:00:00Z,26.4,26.52,26.39,26.48,5997900
2024-06-21T17:00:00Z,26.48,26.59,26.47,26.51,10111100
2024-06-21T18:00:00Z,26.51,26.61,26.47,26.61,1527600
2024-06-21T19:00:00Z,26.6,26.62,26.56,26.6,1554100
2024-06-24T13:00:00Z,26.61,27.04,26.5,26.95,3511500
2024-06-24T14:00:00Z,26.96,26.97,26.86,26.93,1165500
2024-06-24T15:00:00Z,26.92,26.95,26.76,26.78,946300
2024-06-24T16:00:00Z,26.79,26.82,26.77,26.8,686300
2024-06-24T17:00:00Z,26.8,26.9,26.74,26.78,888500
2024-06-24T18:00:00Z,26.77,26.85,26.76,26.82,1674700
2024-06-24T19:00:00Z,26.83,26.87,26.78,26.85,2684800
2024-06-25T13:00:00Z,26.81,26.89,26.7,26.79,1429700
2024-06-25T14:00:00Z,26.79,26.8,26.65,26.73,1091900
2024-06-25T15:00:00Z,26.73,26.81,26.7,26.79,1175300
2024-06-25T16:00:00Z,26.79,26.88,26.77,26.86,685000
2024-06-25T17:00:00Z,26.87,26.95,26.78,26.89,1502000
2024-06-25T18:00:00Z,26.9,26.93,26.81,26.84,1198000
2024-06-25T19:00:00Z,26.84,26.9,26.8,26.83,1935900
2024-06-26T13:00:00Z,26.9,26.9,26.54,26.55,3158100
2024-06-26T14:00:00Z,26.56,26.6,26.47,26.52,1991900
2024-06-26T15:00:00Z,26.53,26.65,26.52,26.62,1398600
2024-06-26T16:00:00Z,26.62,26.68,26.6,26.63,1092200
2024-06-26T17:00:00Z,26.63,26.67,26.58,26.65,986900
2024-06-26T18:00:00Z,26.65,26.69,26.55,26.55,1376700
2024-06-26T19:00:00Z,26.55,26.63,26.55,26.6,2904800
2024-06-27T13:00:00Z,26.79,26.82,26.58,26.62,2159600
2024-06-27T14:00:00Z,26.63,26.66,26.42,26.44,2364600
2024-06-27T15:00:00Z,26.43,26.55,26.41,26.55,2930500
2024-06-27T16:00:00Z,26.54,26.56,26.5,26.52,947000
2024-06-27T17:00:00Z,26.52,26.56,26.5,26.56,1481300
2024-06-27T18:00:00Z,26.55,26.66,26.52,26.64,2224500
2024-06-27T19:00:00Z,26.64,26.69,26.54,26.6,3439400
2024-06-28T13:00:00Z,26.7,26.74,26.47,26.49,2066500
2024-06-28T14:00:00Z,26.48,26.6,26.46,26.58,1705200
2024-06-28T15:00:00Z,26.59,26.68,26.53,26.61,1461000
2024-06-28T16:00:00Z,26.61,26.62,26.5,26.56,1570600
2024-06-28T17:00:00Z,26.56,26.63,26.53,26.6,2190900
2024-06-28T18:00:00Z,26.61,26.64,26.52,26.58,1785100
2024-06-28T19:00:00Z,26.59,26.63,26.54,26.63,2018400
2024-07-01T13:00:00Z,26.74,26.8,26.58,26.62,2257400
2024-07-01T14:00:00Z,26.64,26.68,26.52,26.6,2532000
2024-07-01T15:00:00Z,26.61,26.64,26.57,26.59,2326600
2024-07-01T16:00:00Z,26.59,26.63,26.48,26.49,2526500
2024-07-01T17:00:00Z,26.49,26.54,26.48,26.5,1844500
2024-07-01T18:00:00Z,26.51,26.51,26.37,26.39,3298400
2024-07-01T19:00:00Z,26.37,26.39,26.32,26.37,3821800
2024-07-02T13:00:00Z,26.42,26.56,26.38,26.55,2225400
2024-07-02T14:00:00Z,26.55,26.55,26.4,26.47,1302200
2024-07-02T15:00:00Z,26.46,26.49,26.4,26.49,1148600
2024-07-02T16:00:00Z,26.5,26.5,26.38,26.41,1449100
2024-07-02T17:00:00Z,26.41,26.46,26.41,26.43,922400
2024-07-02T18:00:00Z,26.43,26.48,26.41,26.47,1704500
2024-07-02T19:00:00Z,26.46,26.55,26.44,26.54,2321300
2024-07-03T13:00:00Z,26.55,26.66,26.48,26.57,2490600
2024-07-03T14:00:00Z,26.57,26.67,26.55,26.63,1826400
2024-07-03T15:00:00Z,26.62,26.68,26.56,26.66,1322200
2024-07-03T16:00:00Z,26.67,26.77,26.64,26.75,2008000
2024-07-03T17:00:00Z,26.75,26.77,26.7,26.74,1570900
2024-07-03T18:00:00Z,26.74,26.88,26.71,26.82,1770200
2024-07-03T19:00:00Z,26.82,26.84,26.67,26.7,2019800
2024-07-04T13:00:00Z,26.9,26.97,26.82,26.86,1168100
2024-07-04T14:00:00Z,26.86,26.94,26.78,26.8,880700
2024-07-04T15:00:00Z,26.8,26.86,26.8,26.8,474900
2024-07-04T16:00:00Z,26.81,26.83,26.76,26.81,2504600
2024-07-04T17:00:00Z,26.8,26.83,26.73,26.76,695200
2024-07-04T18:00:00Z,26.76,26.81,26.71,26.8,1659100
2024-07-04T19:00:00Z,26.79,26.85,26.61,26.72,2245300
2024-07-05T13:00:00Z,26.85,26.87,26.55,26.63,1196500
2024-07-05T14:00:00Z,26.61,26.66,26.53,26.56,1238700
2024-07-05T15:00:00Z,26.55,26.65,26.55,26.63,1215200
2024-07-05T16:00:00Z,26.63,26.7,26.61,26.67,1212300
2024-07-05T17:00:00Z,26.67,26.76,26.63,26.7,1506100
2024-07-05T18:00:00Z,26.69,26.7,26.64,26.69,1471400
2024-07-05T19:00:00Z,26.68,26.72,26.57,26.66,2847000
2024-07-08T13:00:00Z,26.69,26.69,26.36,26.45,2886000
2024-07-08T14:00:00Z,26.45,26.5,26.28,26.29,3241500
2024-07-08T15:00:00Z,26.29,26.38,26.28,26.34,2006800
2024-07-08T16:00:00Z,26.34,26.39,26.31,26.35,1152600
2024-07-08T17:00:00Z,26.35,26.36,26.26,26.32,2369400
2024-07-08T18:00:00Z,26.33,26.33,26.26,26.29,1811800
2024-07-08T19:00:00Z,26.29,26.29,26.19,26.24,4767200
2024-07-09T13:00:00Z,26.28,26.28,25.99,26.15,4085500
2024-07-09T14:00:00Z,26.15,26.21,26.08,26.11,3022300
2024-07-09T15:00:00Z,26.11,26.15,26.05,26.15,2018400
2024-07-09T16:00:00Z,26.15,26.2,26.13,26.15,1176000
2024-07-09T17:00:00Z,26.15,26.22,26.15,26.18,2062200
2024-07-09T18:00:00Z,26.18,26.23,26.16,26.17,1501700
2024-07-09T19:00:00Z,26.16,26.19,26.12,26.17,2398100
2024-07-10T13:00:00Z,26.32,26.48,26.24,26.38,5630600
2024-07-10T14:00:00Z,26.39,26.5,26.37,26.46,2371700
2024-07-10T15:00:00Z,26.46,26.5,26.36,26.39,1992000
2024-07-10T16:00:00Z,26.39,26.48,26.35,26.43,1966900
2024-07-10T17:00:00Z,26.44,26.56,26.42,26.51,1502200
2024-07-10T18:00:00Z,26.52,26.62,26.49,26.5,1809000
2024-07-10T19:00:00Z,26.5,26.62,26.5,26.6,2699300
2024-07-11T13:00:00Z,26.63,26.84,26.51,26.53,3483700
2024-07-11T14:00:00Z,26.52,26.59,26.34,26.43,4183600
2024-07-11T15:00:00Z,26.43,26.5,26.37,26.4,1822500
2024-07-11T16:00:00Z,26.41,26.42,26.32,26.35,1887900
2024-07-11T17:00:00Z,26.36,26.44,26.35,26.4,1425500
2024-07-11T18:00:00Z,26.39,26.42,26.37,26.39,1252000
2024-07-11T19:00:00Z,26.39,26.55,26.34,26.55,3495600
2024-07-12T13:00:00Z,26.57,26.57,26.4,26.54,1674300
2024-07-12T14:00:00Z,26.55,26.6,26.48,26.53,1517100
2024-07-12T15:00:00Z,26.52,26.64,26.52,26.62,1293800
2024-07-12T16:00:00Z,26.62,26.67,26.6,26.67,1192200
2024-07-12T17:00:00Z,26.67,26.72,26.63,26.7,1485400
2024-07-12T18:00:00Z,26.69,26.73,26.65,26.7,1594000
2024-07-12T19:00:00Z,26.71,26.77,26.69,26.77,2487600
2024-07-15T13:00:00Z,26.85,26.95,26.78,26.83,1476700
2024-07-15T14:00:00Z,26.83,26.92,26.69,26.87,1418900
2024-07-15T15:00:00Z,26.87,26.95,26.85,26.91,2009300
2024-07-15T16:00:00Z,26.91,26.93,26.84,26.87,1122500
2024-07-15T17:00:00Z,26.87,26.89,26.84,26.86,1146300
2024-07-15T18:00:00Z,26.86,26.95,26.86,26.93,1096100
2024-07-15T19:00:00Z,26.94,26.99,26.9,26.98,1769400
2024-07-16T13:00:00Z,26.99,27.14,26.95,27.07,1490900
2024-07-16T14:00:00Z,27.07,27.14,27.02,27.08,1487600
2024-07-16T15:00:00Z,27.09,27.14,26.95,26.99,1372100
2024-07-16T16:00:00Z,26.98,27.02,26.91,26.95,732000
2024-07-16T17:00:00Z,26.95,27,26.91,26.96,775000
2024-07-16T18:00:00Z,26.96,27.01,26.93,26.96,1027100
2024-07-16T19:00:00Z,26.96,27.06,26.95,27.03,2586900
2024-07-17T13:00:00Z,27.15,27.15,26.97,27.1,1663000
2024-07-17T14:00:00Z,27.09,27.17,27.03,27.1,760600
2024-07-17T15:00:00Z,27.1,27.18,27.09,27.13,1073800
2024-07-17T16:00:00Z,27.13,27.2,27.09,27.18,813200
2024-07-17T17:00:00Z,27.2,27.29,27.13,27.26,1043200
2024-07-17T18:00:00Z,27.27,27.38,27.25,27.34,1192400
2024-07-17T19:00:00Z,27.36,27.39,27.3,27.35,1617800
2024-07-18T13:00:00Z,27.34,27.63,27.32,27.36,1884900
2024-07-18T14:00:00Z,27.38,27.39,27.2,27.28,1811800
2024-07-18T15:00:00Z,27.28,27.37,27.23,27.34,2236900
2024-07-18T16:00:00Z,27.32,27.34,27.21,27.23,591500
2024-07-18T17:00:00Z,27.23,27.3,27.21,27.28,534800
2024-07-18T18:00:00Z,27.28,27.29,27.14,27.23,1299900
2024-07-18T19:00:00Z,27.24,27.25,27.15,27.2,1224000
2024-07-19T13:00:00Z,27.19,27.43,27.19,27.33,2405700
2024-07-19T14:00:00Z,27.33,27.34,27.16,27.22,1268000
2024-07-19T15:00:00Z,27.22,27.27,27.16,27.19,1368600
2024-07-19T16:00:00Z,27.19,27.24,27.15,27.17,1418800
2024-07-19T17:00:00Z,27.17,27.19,27.1,27.12,685600
2024-07-19T18:00:00Z,27.13,27.17,26.99,27.03,1760800
2024-07-19T19:00:00Z,27.04,27.14,27.02,27.03,2518300
2024-07-22T13:00:00Z,27.17,27.25,27.02,27.08,1772500
2024-07-22T14:00:00Z,27.07,27.31,27.06,27.28,2353200
2024-07-22T15:00:00Z,27.28,27.31,27.18,27.28,1998800
2024-07-22T16:00:00Z,27.28,27.3,27.22,27.24,944900
2024-07-22T17:00:00Z,27.24,27.28,27.19,27.19,904300
2024-07-22T18:00:00Z,27.19,27.24,27.15,27.16,1029200
2024-07-22T19:00:00Z,27.15,27.17,27.1,27.11,1376600
2024-07-23T13:00:00Z,27.15,27.19,27.09,27.15,1652400
2024-07-23T14:00:00Z,27.15,27.2,27.11,27.15,1386900
2024-07-23T15:00:00Z,27.16,27.22,27.14,27.17,839200
2024-07-23T16:00:00Z,27.17,27.2,27.11,27.14,718800
2024-07-23T17:00:00Z,27.15,27.17,27.05,27.05,2063900
2024-07-23T18:00:00Z,27.06,27.06,26.98,26.98,1086500
2024-07-23T19:00:00Z,26.98,27.01,26.93,27.01,1976000
2024-07-24T13:00:00Z,27.05,27.08,26.83,26.89,1491000
2024-07-24T14:00:00Z,26.88,26.93,26.81,26.88,1199900
2024-07-24T15:00:00Z,26.88,26.93,26.85,26.88,1299700
2024-07-24T16:00:00Z,26.87,26.95,26.83,26.93,842300
2024-07-24T17:00:00Z,26.92,26.96,26.89,26.9,968500
2024-07-24T18:00:00Z,26.9,26.94,26.85,26.92,1985700
2024-07-24T19:00:00Z,26.91,26.94,26.87,26.89,972900
2024-07-25T13:00:00Z,26.84,26.87,26.72,26.84,1057900
2024-07-25T14:00:00Z,26.83,26.87,26.77,26.86,1224900
2024-07-25T15:00:00Z,26.84,27.05,26.84,27.02,2615200
2024-07-25T16:00:00Z,27.01,27.03,26.94,27,612200
2024-07-25T17:00:00Z,27.02,27.03,26.88,26.95,1026400
2024-07-25T18:00:00Z,26.96,26.97,26.84,26.86,2802000
2024-07-25T19:00:00Z,26.86,26.93,26.85,26.9,1408100
2024-07-26T13:00:00Z,26.89,26.96,26.73,26.74,1462500
2024-07-26T14:00:00Z,26.74,26.88,26.72,26.84,1095800
2024-07-26T15:00:00Z,26.85,26.91,26.84,26.86,828500
2024-07-26T16:00:00Z,26.87,26.95,26.84,26.94,979600
2024-07-26T17:00:00Z,26.94,26.98,26.9,26.96,458800
2024-07-26T18:00:00Z,26.97,27.16,26.96,27.1,2197200
2024-07-26T19:00:00Z,27.1,27.16,27.01,27.11,2310400
2024-07-29T13:00:00Z,27.21,27.21,27.01,27.01,1105300
2024-07-29T14:00:00Z,27.01,27.15,26.97,26.98,1894700
2024-07-29T15:00:00Z,26.98,27,26.94,26.97,9400000
2024-07-29T16:00:00Z,26.97,27.07,26.96,27.05,823900
2024-07-29T17:00:00Z,27.05,27.16,27.04,27.12,1390800
2024-07-29T18:00:00Z,27.11,27.11,27.01,27.07,868000
2024-07-29T19:00:00Z,27.08,27.15,27.06,27.15,1519200
2024-07-30T13:00:00Z,27.16,27.19,27.04,27.08,892700
2024-07-30T14:00:00Z,27.08,27.12,26.99,27.02,1439100
2024-07-30T15:00:00Z,27,27.03,26.96,26.98,1334800
2024-07-30T16:00:00Z,26.97,27.01,26.94,26.96,786900
2024-07-30T17:00:00Z,26.95,26.96,26.87,26.88,1078500
2024-07-30T18:00:00Z,26.89,26.91,26.86,26.91,871000
2024-07-30T19:00:00Z,26.91,26.95,26.87,26.94,1425000
2024-07-31T13:00:00Z,27,27.05,26.71,26.73,1882700
2024-07-31T14:00:00Z,26.73,26.81,26.65,26.68,1813400
2024-07-31T15:00:00Z,26.66,26.73,26.57,26.59,2374400
2024-07-31T16:00:00Z,26.59,26.7,26.58,26.67,922700
2024-07-31T17:00:00Z,26.66,26.7,26.62,26.65,1178100
2024-07-31T18:00:00Z,26.64,26.71,26.61,26.65,1811300
2024-07-31T19:00:00Z,26.63,26.66,26.51,26.52,4314700
2024-08-01T13:00:00Z,26.65,26.72,26.45,26.47,3369700
2024-08-01T14:00:00Z,26.48,26.57,26.43,26.52,2691500
2024-08-01T15:00:00Z,26.51,26.59,26.49,26.51,2587800
2024-08-01T16:00:00Z,26.52,26.52,26.22,26.24,3629400
2024-08-01T17:00:00Z,26.24,26.38,26.22,26.36,1555500
2024-08-01T18:00:00Z,26.35,26.4,26.27,26.28,2191600
2024-08-01T19:00:00Z,26.27,26.42,26.25,26.33,4562300
2024-08-02T13:00:00Z,26.5,26.59,26.26,26.26,1534200
2024-08-02T14:00:00Z,26.26,26.37,26.25,26.25,1667000
2024-08-02T15:00:00Z,26.25,26.26,26.06,26.17,2594600
2024-08-02T16:00:00Z,26.17,26.27,26.11,26.27,3004800
2024-08-02T17:00:00Z,26.27,26.32,26.22,26.24,2808900
2024-08-02T18:00:00Z,26.24,26.28,26.2,26.27,2360000
2024-08-02T19:00:00Z,26.27,26.27,26.19,26.21,3618800
2024-08-05T13:00:00Z,26,26.15,25.6,26.07,5201000
2024-08-05T14:00:00Z,26.07,26.24,26.05,26.18,3783600
2024-08-05T15:00:00Z,26.19,26.29,26.15,26.25,2170000
2024-08-05T16:00:00Z,26.25,26.31,26.21,26.26,3082300
2024-08-05T17:00:00Z,26.26,26.33,26.23,26.26,1247200
2024-08-05T18:00:00Z,26.28,26.28,26.19,26.21,1454600
2024-08-05T19:00:00Z,26.22,26.25,26.17,26.22,1389000
2024-08-06T13:00:00Z,26.4,26.58,26.37,26.41,1897000
2024-08-06T14:00:00Z,26.42,26.54,26.34,26.51,2288400
2024-08-06T15:00:00Z,26.51,26.67,26.51,26.64,1291400
2024-08-06T16:00:00Z,26.64,26.8,26.63,26.7,1892200
2024-08-06T17:00:00Z,26.71,26.75,26.64,26.72,1059200
2024-08-06T18:00:00Z,26.73,26.81,26.7,26.73,1499200
2024-08-06T19:00:00Z,26.74,26.74,26.62,26.65,3608700
2024-08-07T13:00:00Z,26.85,26.95,26.64,26.72,2709700
2024-08-07T14:00:00Z,26.71,26.72,26.55,26.56,1495300
2024-08-07T15:00:00Z,26.56,26.57,26.36,26.38,1648500
2024-08-07T16:00:00Z,26.38,26.4,26.23,26.24,2003300
2024-08-07T17:00:00Z,26.26,26.34,26.19,26.25,1915300
2024-08-07T18:00:00Z,26.24,26.32,26.19,26.29,2472600
2024-08-07T19:00:00Z,26.29,26.36,26.2,26.3,4490400
2024-08-08T13:00:00Z,26.16,26.22,25.39,25.99,13425400
2024-08-08T14:00:00Z,25.99,26.23,25.93,26.11,3356300
2024-08-08T15:00:00Z,26.11,26.21,26.01,26.21,1985600
2024-08-08T16:00:00Z,26.21,26.37,26.13,26.27,1992200
2024-08-08T17:00:00Z,26.27,26.34,26.16,26.2,2182900
2024-08-08T18:00:00Z,26.2,26.37,26.19,26.24,3654200
2024-08-08T19:00:00Z,26.24,26.24,26.08,26.11,4804500
2024-08-09T13:00:00Z,26.3,26.52,26.25,26.47,2130600
2024-08-09T14:00:00Z,26.47,26.53,26.41,26.47,1264800
2024-08-09T15:00:00Z,26.48,26.51,26.41,26.43,1049100
2024-08-09T16:00:00Z,26.43,26.51,26.43,26.47,988800
2024-08-09T17:00:00Z,26.47,26.63,26.46,26.54,1762600
2024-08-09T18:00:00Z,26.54,26.58,26.47,26.55,2228400
2024-08-09T19:00:00Z,26.54,26.55,26.48,26.5,2096400
2024-08-12T13:00:00Z,26.62,26.83,26.55,26.73,1909800
2024-08-12T14:00:00Z,26.73,26.91,26.64,26.9,2081600
2024-08-12T15:00:00Z,26.91,26.91,26.77,26.87,1130400
2024-08-12T16:00:00Z,26.86,26.98,26.85,26.96,1153600
2024-08-12T17:00:00Z,26.97,27.05,26.95,27.05,1519100
2024-08-12T18:00:00Z,27.05,27.08,26.96,27.06,2320300
2024-08-12T19:00:00Z,27.07,27.12,27.04,27.1,3775100
2024-08-13T13:00:00Z,27.2,27.27,27.13,27.23,1788900
2024-08-13T14:00:00Z,27.23,27.41,27.22,27.4,1640900
2024-08-13T15:00:00Z,27.4,27.43,27.35,27.38,1092700
2024-08-13T16:00:00Z,27.38,27.51,27.38,27.45,1484900
2024-08-13T17:00:00Z,27.47,27.53,27.44,27.51,1755000
2024-08-13T18:00:00Z,27.51,27.53,27.46,27.5,1278200
2024-08-13T19:00:00Z,27.5,27.53,27.44,27.46,2022100
2024-08-14T13:00:00Z,27.47,27.72,27.4,27.71,3018600
2024-08-14T14:00:00Z,27.71,27.91,27.69,27.9,2125700
2024-08-14T15:00:00Z,27.9,28.06,27.86,28.05,3262700
2024-08-14T16:00:00Z,28.04,28.06,27.9,27.96,1743800
2024-08-14T17:00:00Z,27.98,28.15,27.94,28.13,2371000
2024-08-14T18:00:00Z,28.14,28.14,27.99,28.09,2240400
2024-08-14T19:00:00Z,28.1,28.12,27.94,27.97,2958600
2024-08-15T13:00:00Z,27.99,28.11,27.93,28.04,1409900
2024-08-15T14:00:00Z,28.06,28.29,28.02,28.25,2289500
2024-08-15T15:00:00Z,28.26,28.34,28.24,28.32,998500
2024-08-15T16:00:00Z,28.33,28.44,28.3,28.31,1321000
2024-08-15T17:00:00Z,28.31,28.36,28.22,28.28,1616300
2024-08-15T18:00:00Z,28.29,28.29,28.19,28.2,1313200
2024-08-15T19:00:00Z,28.21,28.23,28.09,28.14,1567800
2024-08-16T13:00:00Z,28.3,28.45,28.25,28.38,2018900
2024-08-16T14:00:00Z,28.38,28.49,28.35,28.48,2363000
2024-08-16T15:00:00Z,28.48,28.58,28.36,28.45,2346000
2024-08-16T16:00:00Z,28.44,28.49,28.4,28.49,1171500
2024-08-16T17:00:00Z,28.49,28.49,28.33,28.45,1391900
2024-08-16T18:00:00Z,28.47,28.49,28.39,28.47,1538800
2024-08-16T19:00:00Z,28.47,28.48,28.33,28.38,5765400
2024-08-19T13:00:00Z,28.4,28.72,28.31,28.71,2356500
2024-08-19T14:00:00Z,28.71,28.91,28.7,28.89,2360100
2024-08-19T15:00:00Z,28.9,29.1,28.85,29,3611700
2024-08-19T16:00:00Z,29,29.04,28.93,28.96,1835000
2024-08-19T17:00:00Z,28.95,29.17,28.95,29.08,2689000
2024-08-19T18:00:00Z,29.08,29.15,29.07,29.08,2273900
2024-08-19T19:00:00Z,29.09,29.14,29.01,29.13,3185500
2024-08-20T13:00:00Z,29.17,29.29,29.05,29.14,3218600
2024-08-20T14:00:00Z,29.14,29.27,29.05,29.23,1889900
2024-08-20T15:00:00Z,29.23,29.3,29.17,29.21,1796800
2024-08-20T16:00:00Z,29.21,29.28,29.18,29.22,1053400
2024-08-20T17:00:00Z,29.21,29.28,29.16,29.27,1387600
2024-08-20T18:00:00Z,29.27,29.3,29.2,29.25,1847700
2024-08-20T19:00:00Z,29.26,29.29,29.21,29.21,2612200
2024-08-21T13:00:00Z,29.31,29.34,29.11,29.24,2003000
2024-08-21T14:00:00Z,29.23,29.27,29.13,29.18,1958700
2024-08-21T15:00:00Z,29.17,29.24,29.14,29.19,901500
2024-08-21T16:00:00Z,29.18,29.26,29.16,29.17,1871900
2024-08-21T17:00:00Z,29.18,29.23,29.13,29.16,1815400
2024-08-21T18:00:00Z,29.16,29.22,29.07,29.12,8333000
2024-08-21T19:00:00Z,29.12,29.16,29.09,29.12,3302900
2024-08-22T13:00:00Z,28.61,28.61,28.32,28.36,2028000
2024-08-22T14:00:00Z,28.36,28.39,28.2,28.22,2341400
2024-08-22T15:00:00Z,28.21,28.28,28.07,28.1,2031600
2024-08-22T16:00:00Z,28.09,28.11,27.98,28,1438700
2024-08-22T17:00:00Z,27.99,28.03,27.91,27.94,1369100
2024-08-22T18:00:00Z,27.94,28,27.87,27.98,2810900
2024-08-22T19:00:00Z,27.98,28.05,27.96,28.01,2342000
2024-08-23T13:00:00Z,28.15,28.49,28.14,28.33,1709700
2024-08-23T14:00:00Z,28.35,28.47,28.31,28.39,1345400
2024-08-23T15:00:00Z,28.4,28.44,28.36,28.39,960400
2024-08-23T16:00:00Z,28.39,28.42,28.32,28.35,1097100
2024-08-23T17:00:00Z,28.35,28.36,28.26,28.29,1155500
2024-08-23T18:00:00Z,28.3,28.33,28.25,28.31,2489700
2024-08-23T19:00:00Z,28.31,28.35,28.25,28.26,1564600
2024-08-26T13:00:00Z,28.22,28.35,28.1,28.34,1395600
2024-08-26T14:00:00Z,28.34,28.4,28.25,28.3,1183100
2024-08-26T15:00:00Z,28.3,28.34,28.26,28.29,758100
2024-08-26T16:00:00Z,28.28,28.38,28.28,28.35,761700
2024-08-26T17:00:00Z,28.33,28.45,28.33,28.4,1751600
2024-08-26T18:00:00Z,28.39,28.42,28.33,28.35,1016000
2024-08-26T19:00:00Z,28.35,28.39,28.31,28.33,1080500
2024-08-27T13:00:00Z,28.38,28.38,28.15,28.17,852800
2024-08-27T14:00:00Z,28.17,28.25,28.15,28.21,721100
2024-08-27T15:00:00Z,28.21,28.26,28.09,28.11,938000
2024-08-27T16:00:00Z,28.1,28.12,28.07,28.07,424500
2024-08-27T17:00:00Z,28.08,28.14,28.07,28.11,1145700
2024-08-27T18:00:00Z,28.1,28.11,28.01,28.06,1125300
2024-08-27T19:00:00Z,28.06,28.1,28.05,28.08,857600
2024-08-28T13:00:00Z,28,28.11,27.89,28.04,1365900
2024-08-28T14:00:00Z,28.04,28.19,28.04,28.17,1088400
2024-08-28T15:00:00Z,28.17,28.17,27.98,27.98,1030400
2024-08-28T16:00:00Z,27.99,28.07,27.98,28.04,641400
2024-08-28T17:00:00Z,28.04,28.09,28,28.04,902600
2024-08-28T18:00:00Z,28.04,28.11,28.01,28.11,1183100
2024-08-28T19:00:00Z,28.1,28.2,28.1,28.18,2166600
2024-08-29T13:00:00Z,28.1,28.19,28.02,28.18,1421600
2024-08-29T14:00:00Z,28.18,28.3,28.16,28.25,1865000
2024-08-29T15:00:00Z,28.25,28.29,28.21,28.25,1327300
2024-08-29T16:00:00Z,28.26,28.38,28.24,28.35,1557300
2024-08-29T17:00:00Z,28.36,28.51,28.35,28.49,1829000
2024-08-29T18:00:00Z,28.48,28.56,28.35,28.37,2058000
2024-08-29T19:00:00Z,28.39,28.39,28.24,28.28,2092600
2024-08-30T13:00:00Z,28.2,28.25,28.03,28.18,3606900
2024-08-30T14:00:00Z,28.18,28.27,28.11,28.13,3942300
2024-08-30T15:00:00Z,28.14,28.21,28.12,28.13,1770900
2024-08-30T16:00:00Z,28.14,28.14,27.98,28.03,1497900
2024-08-30T17:00:00Z,28.03,28.07,28,28.05,947500
2024-08-30T18:00:00Z,28.05,28.09,28.02,28.07,886600
2024-08-30T19:00:00Z,28.08,28.09,28,28.08,2560700
2024-09-02T13:00:00Z,28.38,28.54,28.15,28.18,1568600
2024-09-02T14:00:00Z,28.19,28.41,28.16,28.34,1451400
2024-09-02T15:00:00Z,28.35,28.39,28.27,28.37,1237600
2024-09-02T16:00:00Z,28.37,28.37,28.17,28.26,1632100
2024-09-02T17:00:00Z,28.25,28.42,28.24,28.4,1342700
2024-09-02T18:00:00Z,28.41,28.42,28.35,28.38,1149200
2024-09-02T19:00:00Z,28.37,28.5,28.33,28.45,1933300
2024-09-03T13:00:00Z,28.44,28.67,28.38,28.58,1916200
2024-09-03T14:00:00Z,28.57,28.74,28.5,28.7,1213400
2024-09-03T15:00:00Z,28.7,28.77,28.61,28.66,1365600
2024-09-03T16:00:00Z,28.65,28.7,28.58,28.62,2343600
2024-09-03T17:00:00Z,28.6,28.77,28.6,28.68,1692100
2024-09-03T18:00:00Z,28.67,28.71,28.61,28.7,1700400
2024-09-03T19:00:00Z,28.7,28.71,28.55,28.57,2642500
2024-09-04T13:00:00Z,28.75,29.08,28.72,29.05,2194000
2024-09-04T14:00:00Z,29.05,29.13,29.02,29.12,2196200
2024-09-04T15:00:00Z,29.12,29.19,29.05,29.1,1974900
2024-09-04T16:00:00Z,29.1,29.12,28.98,29,1289300
2024-09-04T17:00:00Z,29.01,29.01,28.84,28.89,1248600
2024-09-04T18:00:00Z,28.89,29.05,28.88,29.02,1674400
2024-09-04T19:00:00Z,29.03,29.15,29,29.08,2800900
2024-09-05T13:00:00Z,29.06,29.15,28.9,28.95,1018600
2024-09-05T14:00:00Z,28.93,29.03,28.92,28.95,765800
2024-09-05T15:00:00Z,28.95,29.1,28.94,29.03,619900
2024-09-05T16:00:00Z,29.03,29.12,29.02,29.12,777800
2024-09-05T17:00:00Z,29.12,29.18,29.09,29.12,803500
2024-09-05T18:00:00Z,29.12,29.18,29.08,29.1,741600
2024-09-05T19:00:00Z,29.09,29.27,29.09,29.23,2295100
2024-09-06T13:00:00Z,29.24,29.29,29.12,29.22,1290600
2024-09-06T14:00:00Z,29.22,29.24,28.92,28.97,1211400
2024-09-06T15:00:00Z,28.96,29.04,28.92,28.94,717800
2024-09-06T16:00:00Z,28.93,28.94,28.85,28.89,658400
2024-09-06T17:00:00Z,28.88,28.95,28.86,28.87,896900
2024-09-06T18:00:00Z,28.86,28.87,28.77,28.85,1145000
2024-09-06T19:00:00Z,28.84,28.89,28.76,28.8,2277300
2024-09-09T13:00:00Z,28.86,28.99,28.71,28.93,1920300
2024-09-09T14:00:00Z,28.94,29.04,28.92,29.01,973500
2024-09-09T15:00:00Z,29,29.02,28.92,28.94,897600
2024-09-09T16:00:00Z,28.94,29.03,28.91,28.96,2570700
2024-09-09T17:00:00Z,28.96,29.04,28.95,29,4563100
2024-09-09T18:00:00Z,29,29.12,28.99,29.1,973000
2024-09-09T19:00:00Z,29.1,29.13,29.05,29.1,1299700
2024-09-10T13:00:00Z,29.08,29.14,28.77,28.77,2622300
2024-09-10T14:00:00Z,28.77,28.82,28.69,28.73,2419400
2024-09-10T15:00:00Z,28.72,28.73,28.6,28.61,2279200
2024-09-10T16:00:00Z,28.6,28.64,28.53,28.6,1484700
2024-09-10T17:00:00Z,28.61,28.74,28.58,28.61,2006400
2024-09-10T18:00:00Z,28.61,28.82,28.59,28.78,2532700
2024-09-10T19:00:00Z,28.8,28.8,28.67,28.76,2855800
2024-09-11T13:00:00Z,28.9,28.98,28.71,28.75,1651700
2024-09-11T14:00:00Z,28.75,28.85,28.67,28.76,1397600
2024-09-11T15:00:00Z,28.75,28.82,28.73,28.82,585700
2024-09-11T16:00:00Z,28.82,28.86,28.77,28.86,711100
2024-09-11T17:00:00Z,28.84,28.89,28.81,28.82,890300
2024-09-11T18:00:00Z,28.81,28.84,28.76,28.78,821500
2024-09-11T19:00:00Z,28.77,28.81,28.72,28.76,1288600
2024-09-12T13:00:00Z,28.4,28.45,28.17,28.21,1906100
2024-09-12T14:00:00Z,28.21,28.25,28.02,28.07,1464800
2024-09-12T15:00:00Z,28.07,28.19,28.04,28.16,1058400
2024-09-12T16:00:00Z,28.16,28.19,28.11,28.13,659800
2024-09-12T17:00:00Z,28.12,28.23,28.11,28.23,1265800
2024-09-12T18:00:00Z,28.23,28.28,28.2,28.28,1040500
2024-09-12T19:00:00Z,28.28,28.28,28.2,28.26,991500
2024-09-13T13:00:00Z,28.3,28.48,28.25,28.42,1547200
2024-09-13T14:00:00Z,28.41,28.63,28.36,28.59,1766800
2024-09-13T15:00:00Z,28.59,28.6,28.5,28.5,908500
2024-09-13T16:00:00Z,28.5,28.52,28.34,28.39,957300
2024-09-13T17:00:00Z,28.38,28.43,28.31,28.37,899600
2024-09-13T18:00:00Z,28.36,28.4,28.31,28.39,806100
2024-09-13T19:00:00Z,28.38,28.48,28.37,28.47,1191000
2024-09-16T13:00:00Z,28.5,28.62,28.39,28.57,1402400
2024-09-16T14:00:00Z,28.57,28.62,28.49,28.56,1323000
2024-09-16T15:00:00Z,28.56,28.7,28.52,28.55,2527300
2024-09-16T16:00:00Z,28.55,28.63,28.55,28.57,785600
2024-09-16T17:00:00Z,28.57,28.64,28.55,28.63,567400
2024-09-16T18:00:00Z,28.63,28.65,28.55,28.59,604300
2024-09-16T19:00:00Z,28.59,28.6,28.54,28.57,1029200
2024-09-17T13:00:00Z,28.57,28.61,28.25,28.37,1582400
2024-09-17T14:00:00Z,28.37,28.48,28.31,28.32,1564100
2024-09-17T15:00:00Z,28.32,28.41,28.3,28.35,959200
2024-09-17T16:00:00Z,28.36,28.43,28.25,28.38,707200
2024-09-17T17:00:00Z,28.38,28.44,28.33,28.43,543500
2024-09-17T18:00:00Z,28.42,28.45,28.33,28.35,622800
2024-09-17T19:00:00Z,28.36,28.39,28.33,28.38,955800
2024-09-18T13:00:00Z,28.27,28.38,28.14,28.21,1524400
2024-09-18T14:00:00Z,28.2,28.28,28.18,28.26,957400
2024-09-18T15:00:00Z,28.24,28.3,28.22,28.27,580900
2024-09-18T16:00:00Z,28.26,28.35,28.24,28.32,607600
2024-09-18T17:00:00Z,28.32,28.43,28.3,28.37,850200
2024-09-18T18:00:00Z,28.38,28.54,28.32,28.33,1817600
2024-09-18T19:00:00Z,28.35,28.35,28.22,28.28,1238800
2024-09-19T13:00:00Z,28.36,28.44,28.08,28.13,2457100
2024-09-19T14:00:00Z,28.16,28.17,28,28.09,1249300
2024-09-19T15:00:00Z,28.1,28.15,28.08,28.13,757200
2024-09-19T16:00:00Z,28.14,28.17,28.09,28.15,1385600
2024-09-19T17:00:00Z,28.15,28.15,28.03,28.05,2322500
2024-09-19T18:00:00Z,28.05,28.07,27.96,27.99,1901100
2024-09-19T19:00:00Z,27.98,28.04,27.96,28,2949600
2024-09-20T13:00:00Z,27.9,27.95,27.7,27.74,2989600
2024-09-20T14:00:00Z,27.74,27.75,27.6,27.62,2474200
2024-09-20T15:00:00Z,27.62,27.67,27.59,27.64,1661400
2024-09-20T16:00:00Z,27.64,27.71,27.62,27.64,1033800
2024-09-20T17:00:00Z,27.63,27.67,27.54,27.56,1620100
2024-09-20T18:00:00Z,27.56,27.59,27.46,27.46,2283500
2024-09-20T19:00:00Z,27.47,27.58,27.46,27.54,2709200
2024-09-23T13:00:00Z,27.5,27.54,27.27,27.45,2592400
2024-09-23T14:00:00Z,27.45,27.55,27.4,27.52,1115900
2024-09-23T15:00:00Z,27.52,27.55,27.46,27.49,945200
2024-09-23T16:00:00Z,27.48,27.51,27.38,27.38,1969600
2024-09-23T17:00:00Z,27.38,27.44,27.32,27.34,1731900
2024-09-23T18:00:00Z,27.34,27.36,27.28,27.32,1384500
2024-09-23T19:00:00Z,27.31,27.4,27.31,27.35,1363400
2024-09-24T13:00:00Z,27.7,27.92,27.51,27.81,5598400
2024-09-24T14:00:00Z,27.8,27.82,27.43,27.44,2111200
2024-09-24T15:00:00Z,27.45,27.52,27.37,27.5,1236800
2024-09-24T16:00:00Z,27.49,27.63,27.48,27.61,811500
2024-09-24T17:00:00Z,27.6,27.62,27.49,27.53,1481700
2024-09-24T18:00:00Z,27.53,27.57,27.51,27.57,747100
2024-09-24T19:00:00Z,27.56,27.57,27.44,27.45,1564100
2024-09-25T13:00:00Z,27.5,27.56,27.4,27.48,1597900
2024-09-25T14:00:00Z,27.48,27.51,27.34,27.4,2154100
2024-09-25T15:00:00Z,27.41,27.43,27.28,27.3,2312400
2024-09-25T16:00:00Z,27.3,27.35,27.28,27.3,2211700
2024-09-25T17:00:00Z,27.3,27.32,27.27,27.28,952900
2024-09-25T18:00:00Z,27.28,27.32,27.26,27.28,1272700
2024-09-25T19:00:00Z,27.28,27.3,27.21,27.26,1716400
2024-09-26T13:00:00Z,27.45,27.54,27.28,27.42,2313900
2024-09-26T14:00:00Z,27.42,27.5,27.36,27.41,1547200
2024-09-26T15:00:00Z,27.41,27.52,27.35,27.5,2180200
2024-09-26T16:00:00Z,27.51,27.59,27.49,27.55,871400
2024-09-26T17:00:00Z,27.54,27.66,27.49,27.61,1323400
2024-09-26T18:00:00Z,27.61,27.63,27.49,27.51,1323800
2024-09-26T19:00:00Z,27.49,27.57,27.45,27.53,1871100
2024-09-27T13:00:00Z,27.48,27.62,27.39,27.48,2256200
2024-09-27T14:00:00Z,27.47,27.53,27.34,27.45,2536300
2024-09-27T15:00:00Z,27.45,27.48,27.36,27.37,1166500
2024-09-27T16:00:00Z,27.38,27.38,27.3,27.32,1079000
2024-09-27T17:00:00Z,27.31,27.35,27.26,27.31,1477600
2024-09-27T18:00:00Z,27.31,27.33,27.2,27.21,1806300
2024-09-27T19:00:00Z,27.21,27.33,27.21,27.33,2053000
2024-09-30T13:00:00Z,27.31,27.39,27.21,27.29,1873200
2024-09-30T14:00:00Z,27.28,27.48,27.26,27.45,1948600
2024-09-30T15:00:00Z,27.44,27.48,27.36,27.39,1686400
2024-09-30T16:00:00Z,27.38,27.42,27.32,27.33,599700
2024-09-30T17:00:00Z,27.32,27.35,27.24,27.25,1329200
2024-09-30T18:00:00Z,27.26,27.3,27.18,27.26,2415900
2024-09-30T19:00:00Z,27.27,27.3,27.24,27.28,1687000
2024-10-01T13:00:00Z,27.1,27.17,26.88,27.01,3832000
2024-10-01T14:00:00Z,26.99,27.17,26.97,27.17,1709800
2024-10-01T15:00:00Z,27.17,27.25,27.09,27.22,1427300
2024-10-01T16:00:00Z,27.21,27.24,27.13,27.14,1103300
2024-10-01T17:00:00Z,27.13,27.15,26.99,27.1,1872700
2024-10-01T18:00:00Z,27.1,27.14,27.06,27.1,1504000
2024-10-01T19:00:00Z,27.1,27.13,27.05,27.11,3076500
2024-10-02T13:00:00Z,27.3,27.52,27.23,27.36,1881600
2024-10-02T14:00:00Z,27.36,27.43,27.25,27.28,1706600
2024-10-02T15:00:00Z,27.28,27.39,27.25,27.38,975700
2024-10-02T16:00:00Z,27.37,27.39,27.28,27.3,932200
2024-10-02T17:00:00Z,27.3,27.33,27.25,27.29,1449700
2024-10-02T18:00:00Z,27.3,27.33,27.21,27.24,1766100
2024-10-02T19:00:00Z,27.23,27.28,27.21,27.26,1543500
2024-10-03T13:00:00Z,27.11,27.12,26.9,26.97,2433600
2024-10-03T14:00:00Z,26.97,26.98,26.85,26.86,3313700
2024-10-03T15:00:00Z,26.86,26.91,26.85,26.88,1806700
2024-10-03T16:00:00Z,26.88,26.92,26.85,26.87,1173800
2024-10-03T17:00:00Z,26.86,26.87,26.81,26.87,1950500
2024-10-03T18:00:00Z,26.86,26.92,26.8,26.83,2913000
2024-10-03T19:00:00Z,26.82,26.9,26.75,26.86,4425100
2024-10-04T13:00:00Z,27,27.04,26.89,27,1882500
2024-10-04T14:00:00Z,27,27,26.85,26.85,1470500
2024-10-04T15:00:00Z,26.85,26.87,26.77,26.82,1804000
2024-10-04T16:00:00Z,26.84,26.86,26.8,26.82,1697400
2024-10-04T17:00:00Z,26.82,26.85,26.77,26.79,914700
2024-10-04T18:00:00Z,26.78,26.9,26.77,26.9,1630100
2024-10-04T19:00:00Z,26.88,26.95,26.87,26.95,1275600
2024-10-07T13:00:00Z,27.05,27.12,26.92,27.01,1425800
2024-10-07T14:00:00Z,27,27.11,26.92,26.93,1448800
2024-10-07T15:00:00Z,26.92,26.94,26.85,26.87,905800
2024-10-07T16:00:00Z,26.87,26.96,26.83,26.93,933900
2024-10-07T17:00:00Z,26.93,26.99,26.91,26.98,851700
2024-10-07T18:00:00Z,26.98,27.01,26.89,26.92,990100
2024-10-07T19:00:00Z,26.92,26.97,26.9,26.93,1101100
2024-10-08T13:00:00Z,26.9,26.99,26.78,26.87,2035000
2024-10-08T14:00:00Z,26.86,26.93,26.82,26.9,1718800
2024-10-08T15:00:00Z,26.9,26.95,26.86,26.89,960700
2024-10-08T16:00:00Z,26.89,26.93,26.87,26.9,1290100
2024-10-08T17:00:00Z,26.89,26.93,26.85,26.9,914600
2024-10-08T18:00:00Z,26.9,26.95,26.86,26.88,1308000
2024-10-08T19:00:00Z,26.87,26.97,26.85,26.95,2406900
2024-10-09T13:00:00Z,26.8,26.91,26.71,26.74,2421800
2024-10-09T14:00:00Z,26.73,26.74,26.5,26.6,4019000
2024-10-09T15:00:00Z,26.6,26.63,26.5,26.52,2755300
2024-10-09T16:00:00Z,26.51,26.54,26.45,26.5,1993900
2024-10-09T17:00:00Z,26.5,26.54,26.48,26.51,1269100
2024-10-09T18:00:00Z,26.5,26.52,26.35,26.38,2243700
2024-10-09T19:00:00Z,26.37,26.48,26.36,26.44,3034500
2024-10-10T13:00:00Z,26.64,26.64,26.43,26.44,2158200
2024-10-10T14:00:00Z,26.44,26.48,26.35,26.39,1980400
2024-10-10T15:00:00Z,26.39,26.44,26.35,26.37,1415400
2024-10-10T16:00:00Z,26.37,26.37,26.25,26.27,2693200
2024-10-10T17:00:00Z,26.27,26.34,26.22,26.34,2163200
2024-10-10T18:00:00Z,26.32,26.34,26.19,26.22,3747400
2024-10-10T19:00:00Z,26.21,26.26,26.2,26.26,3896600
2024-10-11T13:00:00Z,26.28,26.36,26.17,26.24,2214100
2024-10-11T14:00:00Z,26.24,26.33,26.22,26.26,1116300
2024-10-11T15:00:00Z,26.26,26.31,26.23,26.24,1403900
2024-10-11T16:00:00Z,26.24,26.33,26.23,26.31,1950700
2024-10-11T17:00:00Z,26.3,26.46,26.3,26.4,2220700
2024-10-11T18:00:00Z,26.39,26.41,26.33,26.34,916200
2024-10-11T19:00:00Z,26.33,26.41,26.3,26.35,1458600
2024-10-14T13:00:00Z,26.41,26.53,26.33,26.42,1327700
2024-10-14T14:00:00Z,26.42,26.48,26.32,26.4,1566200
2024-10-14T15:00:00Z,26.39,26.43,26.28,26.4,1952500
2024-10-14T16:00:00Z,26.41,26.44,26.36,26.4,785500
2024-10-14T17:00:00Z,26.4,26.56,26.38,26.56,1592000
2024-10-14T18:00:00Z,26.55,26.57,26.51,26.54,1951400
2024-10-14T19:00:00Z,26.54,26.58,26.51,26.58,1550100
2024-10-15T13:00:00Z,26.67,26.74,26.42,26.47,2612100
2024-10-15T14:00:00Z,26.46,26.58,26.43,26.56,2307400
2024-10-15T15:00:00Z,26.55,26.57,26.44,26.45,1060500
2024-10-15T16:00:00Z,26.44,26.52,26.42,26.5,1096700
2024-10-15T17:00:00Z,26.5,26.53,26.47,26.51,1407800
2024-10-15T18:00:00Z,26.51,26.53,26.43,26.48,1804400
2024-10-15T19:00:00Z,26.48,26.52,26.44,26.47,3026200
2024-10-16T13:00:00Z,26.5,26.58,26.36,26.55,2152300
2024-10-16T14:00:00Z,26.55,26.73,26.52,26.71,4440400
2024-10-16T15:00:00Z,26.73,26.81,26.64,26.75,4480700
2024-10-16T16:00:00Z,26.75,26.86,26.75,26.86,3420000
2024-10-16T17:00:00Z,26.86,26.95,26.82,26.84,3670600
2024-10-16T18:00:00Z,26.84,26.86,26.73,26.76,1970100
2024-10-16T19:00:00Z,26.76,26.85,26.73,26.75,3483000
2024-10-17T13:00:00Z,26.68,26.7,26.5,26.67,2453300
2024-10-17T14:00:00Z,26.69,26.83,26.66,26.8,1425300
2024-10-17T15:00:00Z,26.81,26.83,26.7,26.7,763800
2024-10-17T16:00:00Z,26.7,26.78,26.68,26.76,881300
2024-10-17T17:00:00Z,26.76,26.82,26.74,26.77,577500
2024-10-17T18:00:00Z,26.76,26.78,26.7,26.7,1049200
2024-10-17T19:00:00Z,26.71,26.74,26.68,26.72,4380900
2024-10-18T13:00:00Z,26.77,26.97,26.68,26.7,2158800
2024-10-18T14:00:00Z,26.69,26.8,26.63,26.71,2979100
2024-10-18T15:00:00Z,26.71,26.73,26.63,26.7,1478000
2024-10-18T16:00:00Z,26.69,26.71,26.65,26.69,1064300
2024-10-18T17:00:00Z,26.7,26.72,26.63,26.66,1326400
2024-10-18T18:00:00Z,26.66,26.72,26.65,26.7,2056500
2024-10-18T19:00:00Z,26.7,26.77,26.68,26.69,1905200
2024-10-21T13:00:00Z,26.69,26.87,26.57,26.77,1621500
2024-10-21T14:00:00Z,26.76,26.8,26.64,26.76,1332800
2024-10-21T15:00:00Z,26.76,26.89,26.73,26.85,3092200
2024-10-21T16:00:00Z,26.85,26.96,26.8,26.94,2555500
2024-10-21T17:00:00Z,26.95,26.96,26.62,26.64,12306400
2024-10-21T18:00:00Z,26.64,26.65,26.56,26.57,1593100
2024-10-21T19:00:00Z,26.58,26.9,26.54,26.58,3703200
2024-10-22T13:00:00Z,26.55,26.6,26.39,26.4,2505100
2024-10-22T14:00:00Z,26.41,26.5,26.37,26.44,1273700
2024-10-22T15:00:00Z,26.44,26.46,26.37,26.45,3752500
2024-10-22T16:00:00Z,26.44,26.48,26.38,26.39,1797100
2024-10-22T17:00:00Z,26.4,26.4,26.31,26.37,2912500
2024-10-22T18:00:00Z,26.37,26.38,26.27,26.29,3501300
2024-10-22T19:00:00Z,26.3,26.36,26.28,26.31,9517900
2024-10-23T13:00:00Z,26.3,26.32,26.18,26.25,2052700
2024-10-23T14:00:00Z,26.25,26.27,26.16,26.2,2250200
2024-10-23T15:00:00Z,26.19,26.35,26.19,26.35,2323400
2024-10-23T16:00:00Z,26.33,26.35,26.23,26.27,696100
2024-10-23T17:00:00Z,26.26,26.3,26.24,26.28,1042000
2024-10-23T18:00:00Z,26.27,26.29,26.24,26.29,874100
2024-10-23T19:00:00Z,26.29,26.44,26.28,26.41,1389600
2024-10-24T13:00:00Z,26.41,26.41,26.25,26.35,937200
2024-10-24T14:00:00Z,26.35,26.44,26.32,26.41,1154600
2024-10-24T15:00:00Z,26.42,26.44,26.34,26.34,568000
2024-10-24T16:00:00Z,26.36,26.36,26.26,26.35,517000
2024-10-24T17:00:00Z,26.36,26.46,26.34,26.41,1961500
2024-10-24T18:00:00Z,26.42,26.45,26.34,26.38,747500
2024-10-24T19:00:00Z,26.37,26.46,26.36,26.4,1350400
2024-10-25T13:00:00Z,26.36,26.5,26.3,26.35,1099300
2024-10-25T14:00:00Z,26.33,26.45,26.33,26.41,948200
2024-10-25T15:00:00Z,26.41,26.44,26.3,26.33,1346400
2024-10-25T16:00:00Z,26.31,26.4,26.29,26.36,837500
2024-10-25T17:00:00Z,26.36,26.38,26.26,26.27,1131500
2024-10-25T18:00:00Z,26.27,26.33,26.25,26.31,829400
2024-10-25T19:00:00Z,26.32,26.34,26.27,26.33,1001900
2024-10-28T13:00:00Z,26.5,26.55,26.35,26.37,1995800
2024-10-28T14:00:00Z,26.39,26.46,26.31,26.44,1577600
2024-10-28T15:00:00Z,26.44,26.49,26.42,26.43,503900
2024-10-28T16:00:00Z,26.45,26.48,26.35,26.36,1102700
2024-10-28T17:00:00Z,26.36,26.37,26.27,26.29,2096800
2024-10-28T18:00:00Z,26.29,26.3,26.21,26.23,2305000
2024-10-28T19:00:00Z,26.22,26.28,26.19,26.27,4201800
2024-10-29T13:00:00Z,26.37,26.45,26.32,26.35,1370500
2024-10-29T14:00:00Z,26.35,26.38,26.3,26.32,1135100
2024-10-29T15:00:00Z,26.32,26.37,26.29,26.31,2137900
2024-10-29T16:00:00Z,26.32,26.38,26.28,26.35,821600
2024-10-29T17:00:00Z,26.35,26.38,26.3,26.31,767900
2024-10-29T18:00:00Z,26.31,26.34,26.19,26.2,2497200
2024-10-29T19:00:00Z,26.2,26.22,26.15,26.22,3035000
2024-10-30T13:00:00Z,26.18,26.38,26.09,26.35,1637600
2024-10-30T14:00:00Z,26.33,26.35,26.23,26.27,1376100
2024-10-30T15:00:00Z,26.27,26.31,26.22,26.25,1933200
2024-10-30T16:00:00Z,26.25,26.31,26.23,26.29,748300
2024-10-30T17:00:00Z,26.3,26.36,26.29,26.34,973800
2024-10-30T18:00:00Z,26.35,26.39,26.34,26.37,1006200
2024-10-30T19:00:00Z,26.37,26.37,26.3,26.32,2041500
2024-10-31T13:00:00Z,26.33,26.45,26.26,26.34,1730100
2024-10-31T14:00:00Z,26.33,26.46,26.33,26.35,1522300
2024-10-31T15:00:00Z,26.35,26.36,26.29,26.33,1110800
2024-10-31T16:00:00Z,26.32,26.35,26.3,26.34,428900
2024-10-31T17:00:00Z,26.34,26.35,26.26,26.29,704800
2024-10-31T18:00:00Z,26.29,26.31,26.23,26.29,996100
2024-10-31T19:00:00Z,26.29,26.3,26.23,26.26,1526600
2024-11-01T13:00:00Z,26.35,26.4,26.22,26.26,1504300
2024-11-01T14:00:00Z,26.25,26.29,26.12,26.19,1912400
2024-11-01T15:00:00Z,26.2,26.23,26.17,26.21,1121900
2024-11-01T16:00:00Z,26.21,26.23,26.11,26.16,1708700
2024-11-01T17:00:00Z,26.16,26.16,26.08,26.1,2631700
2024-11-01T18:00:00Z,26.11,26.14,26.07,26.08,1389600
2024-11-01T19:00:00Z,26.07,26.08,26.01,26.06,2667400
2024-11-04T13:00:00Z,26.27,26.38,26.18,26.33,1578900
2024-11-04T14:00:00Z,26.34,26.4,26.32,26.38,1022400
2024-11-04T15:00:00Z,26.38,26.42,26.32,26.38,1410100
2024-11-04T16:00:00Z,26.37,26.38,26.26,26.27,941700
2024-11-04T17:00:00Z,26.29,26.31,26.22,26.23,1145600
2024-11-04T18:00:00Z,26.23,26.25,26.15,26.2,1298300
2024-11-04T19:00:00Z,26.19,26.21,26.15,26.16,834600
2024-11-04T20:00:00Z,26.16,26.26,26.15,26.24,2271200
2024-11-05T13:00:00Z,26.27,26.29,26.12,26.2,2301400
2024-11-05T14:00:00Z,26.21,26.24,26.06,26.11,1545200
2024-11-05T15:00:00Z,26.11,26.17,26.1,26.16,770800
2024-11-05T16:00:00Z,26.16,26.2,26.11,26.17,1215500
2024-11-05T17:00:00Z,26.15,26.22,26.11,26.18,1490300
2024-11-05T18:00:00Z,26.18,26.25,26.18,26.19,1732900
2024-11-05T19:00:00Z,26.19,26.23,26.16,26.19,1411100
2024-11-05T20:00:00Z,26.19,26.26,26.18,26.26,2536900
2024-11-06T13:00:00Z,26.1,26.15,25.94,26.14,2327800
2024-11-06T14:00:00Z,26.14,26.2,26.06,26.11,1075900
2024-11-06T15:00:00Z,26.13,26.32,26.12,26.29,1802400
2024-11-06T16:00:00Z,26.31,26.33,26.19,26.24,1329300
2024-11-06T17:00:00Z,26.25,26.35,26.21,26.32,988800
2024-11-06T18:00:00Z,26.33,26.37,26.29,26.32,910100
2024-11-06T19:00:00Z,26.32,26.34,26.27,26.29,1384400
2024-11-06T20:00:00Z,26.28,26.34,26.26,26.31,899800
2024-11-07T13:00:00Z,26.3,26.6,26.26,26.57,1955300
2024-11-07T14:00:00Z,26.56,26.64,26.32,26.34,1745700
2024-11-07T15:00:00Z,26.33,26.39,26.28,26.32,703900
2024-11-07T16:00:00Z,26.31,26.33,26.23,26.24,812400
2024-11-07T17:00:00Z,26.24,26.35,26.13,26.17,1611100
2024-11-07T18:00:00Z,26.16,26.32,26.16,26.23,1445700
2024-11-07T19:00:00Z,26.23,26.25,26.15,26.19,1128200
2024-11-07T20:00:00Z,26.19,26.25,26.18,26.21,1246000
2024-11-08T13:00:00Z,26.1,26.13,25.94,26.02,2818100
2024-11-08T14:00:00Z,26.02,26.11,26,26.04,1344000
2024-11-08T15:00:00Z,26.03,26.06,25.96,25.97,1559600
2024-11-08T16:00:00Z,25.97,26.01,25.92,25.96,1983700
2024-11-08T17:00:00Z,25.95,25.99,25.94,25.97,1237700
2024-11-08T18:00:00Z,25.98,26,25.9,25.97,2297400
2024-11-08T19:00:00Z,25.96,26.06,25.94,26.04,1773000
2024-11-08T20:00:00Z,26.04,26.06,25.95,26.02,1621900
2024-11-11T13:00:00Z,26.1,26.1,25.96,26.04,1815800
2024-11-11T14:00:00Z,26.04,26.06,25.95,25.97,997100
2024-11-11T15:00:00Z,25.97,26.05,25.96,26.02,835900
2024-11-11T16:00:00Z,26.02,26.06,26,26.03,696900
2024-11-11T17:00:00Z,26.04,26.09,26.01,26.04,1581300
2024-11-11T18:00:00Z,26.05,26.07,26,26.01,840300
2024-11-11T19:00:00Z,26.01,26.07,25.98,26.04,1008300
2024-11-11T20:00:00Z,26.05,26.08,25.98,26.02,1709200
2024-11-12T13:00:00Z,26.01,26.09,25.93,25.95,1865600
2024-11-12T14:00:00Z,25.94,26.01,25.91,25.97,1309800
2024-11-12T15:00:00Z,25.98,25.98,25.87,25.91,1709300
2024-11-12T16:00:00Z,25.91,25.92,25.86,25.88,867800
2024-11-12T17:00:00Z,25.88,25.9,25.8,25.83,2050900
2024-11-12T18:00:00Z,25.82,25.89,25.82,25.85,1856000
2024-11-12T19:00:00Z,25.85,25.92,25.83,25.9,1158800
2024-11-12T20:00:00Z,25.89,25.93,25.84,25.9,2420200
2024-11-13T13:00:00Z,25.99,26.05,25.92,26.02,1629300
2024-11-13T14:00:00Z,26.03,26.07,25.88,25.96,2330900
2024-11-13T15:00:00Z,25.96,26.01,25.9,25.92,3068200
2024-11-13T16:00:00Z,25.92,25.95,25.9,25.94,1299900
2024-11-13T17:00:00Z,25.92,26.03,25.92,25.99,1332600
2024-11-13T18:00:00Z,26,26.02,25.95,25.96,1766700
2024-11-13T19:00:00Z,25.97,25.99,25.95,25.97,9032500
2024-11-13T20:00:00Z,25.98,25.99,25.95,25.99,5015600
2024-11-14T13:00:00Z,25.78,25.79,24.79,25.28,24734500
2024-11-14T14:00:00Z,25.28,25.32,25.06,25.3,12431000
2024-11-14T15:00:00Z,25.3,25.37,25.21,25.25,3388400
2024-11-14T16:00:00Z,25.25,25.32,25.22,25.24,5055300
2024-11-14T17:00:00Z,25.22,25.35,25.2,25.33,6851500
2024-11-14T18:00:00Z,25.33,25.56,25.32,25.5,4985500
2024-11-14T19:00:00Z,25.5,25.54,25.32,25.35,5936300
2024-11-14T20:00:00Z,25.33,25.39,25.18,25.27,12219400
2024-11-18T13:00:00Z,25.38,25.81,25.34,25.69,4405000
2024-11-18T14:00:00Z,25.69,25.8,25.55,25.75,3221100
2024-11-18T15:00:00Z,25.76,25.78,25.61,25.7,3399400
2024-11-18T16:00:00Z,25.69,25.71,25.53,25.55,2749300
2024-11-18T17:00:00Z,25.53,25.66,25.51,25.64,1312600
2024-11-18T18:00:00Z,25.65,25.66,25.55,25.58,1643500
2024-11-18T19:00:00Z,25.58,25.66,25.56,25.64,1710500
2024-11-18T20:00:00Z,25.64,25.7,25.61,25.7,2601100
2024-11-19T13:00:00Z,25.77,25.8,25.64,25.79,1834500
2024-11-19T14:00:00Z,25.79,25.94,25.74,25.87,2076500
2024-11-19T15:00:00Z,25.87,25.87,25.76,25.81,1545300
2024-11-19T16:00:00Z,25.81,25.95,25.8,25.92,1102900
2024-11-19T17:00:00Z,25.92,25.93,25.81,25.84,1646200
2024-11-19T18:00:00Z,25.82,25.84,25.75,25.84,13255800
2024-11-19T19:00:00Z,25.83,25.87,25.8,25.86,4246800
2024-11-19T20:00:00Z,25.86,25.88,25.82,25.85,2368200
2024-11-21T13:00:00Z,25.8,25.85,25.63,25.67,2283200
2024-11-21T14:00:00Z,25.67,25.73,25.62,25.64,2303100
2024-11-21T15:00:00Z,25.65,25.66,25.53,25.56,2598400
2024-11-21T16:00:00Z,25.55,25.58,25.44,25.45,5515600
2024-11-21T17:00:00Z,25.45,25.57,25.43,25.52,2454800
2024-11-21T18:00:00Z,25.51,25.52,25.35,25.37,2891100
2024-11-21T19:00:00Z,25.38,25.44,25.35,25.43,2854700
2024-11-21T20:00:00Z,25.42,25.45,25.23,25.3,8365600
2024-11-22T13:00:00Z,25.46,25.52,25.27,25.27,1881000
2024-11-22T14:00:00Z,25.27,25.34,25.22,25.3,1815100
2024-11-22T15:00:00Z,25.28,25.43,25.27,25.39,1312400
2024-11-22T16:00:00Z,25.39,25.42,25.36,25.39,1552400
2024-11-22T17:00:00Z,25.38,25.42,25.36,25.4,961900
2024-11-22T18:00:00Z,25.4,25.41,25.36,25.36,755700
2024-11-22T19:00:00Z,25.36,25.44,25.36,25.43,1381500
2024-11-22T20:00:00Z,25.42,25.57,25.41,25.57,2151500
2024-11-25T13:00:00Z,25.79,25.84,25.6,25.66,2897700
2024-11-25T14:00:00Z,25.66,25.72,25.6,25.7,2318000
2024-11-25T15:00:00Z,25.69,25.81,25.65,25.73,1533400
2024-11-25T16:00:00Z,25.73,25.76,25.66,25.69,2220600
2024-11-25T17:00:00Z,25.69,25.82,25.68,25.74,16505600
2024-11-25T18:00:00Z,25.75,25.78,25.69,25.73,1019100
2024-11-25T19:00:00Z,25.74,25.83,25.73,25.79,2551800
2024-11-25T20:00:00Z,25.79,25.79,25.67,25.73,2043200
2024-11-26T13:00:00Z,25.36,25.42,25.27,25.29,1511000
2024-11-26T14:00:00Z,25.29,25.33,25.21,25.32,2170200
2024-11-26T15:00:00Z,25.31,25.47,25.3,25.4,2615900
2024-11-26T16:00:00Z,25.41,25.43,25.34,25.4,1947700
2024-11-26T17:00:00Z,25.4,25.54,25.39,25.54,1574600
2024-11-26T18:00:00Z,25.53,25.67,25.5,25.64,2703800
2024-11-26T19:00:00Z,25.65,25.78,25.6,25.75,3308900
2024-11-26T20:00:00Z,25.74,25.75,25.6,25.62,4401500
2024-11-27T13:00:00Z,25.71,25.78,25.58,25.59,1451800
2024-11-27T14:00:00Z,25.59,25.76,25.56,25.68,1416700
2024-11-27T15:00:00Z,25.67,25.68,25.49,25.52,1337100
2024-11-27T16:00:00Z,25.51,25.54,25.13,25.19,2874100
2024-11-27T17:00:00Z,25.2,25.36,25.11,25.26,3966600
2024-11-27T18:00:00Z,25.25,25.28,25.17,25.21,2818600
2024-11-27T19:00:00Z,25.2,25.33,25.19,25.29,1825200
2024-11-27T20:00:00Z,25.28,25.33,25.17,25.24,3873400
2024-11-28T13:00:00Z,25.19,25.21,24.88,24.89,2546100
2024-11-28T14:00:00Z,24.9,24.93,24.75,24.87,3419300
2024-11-28T15:00:00Z,24.86,24.9,24.75,24.87,3368800
2024-11-28T16:00:00Z,24.86,24.89,24.78,24.8,1562400
2024-11-28T17:00:00Z,24.81,24.83,24.68,24.7,3235400
2024-11-28T18:00:00Z,24.7,24.75,24.68,24.71,2220700
2024-11-28T19:00:00Z,24.71,24.73,24.6,24.65,2625800
2024-11-28T20:00:00Z,24.64,24.69,24.41,24.45,6557300
2024-11-29T13:00:00Z,24.52,24.65,24.32,24.38,3242200
2024-11-29T14:00:00Z,24.38,24.51,24.33,24.46,4403200
2024-11-29T15:00:00Z,24.46,24.71,24.44,24.69,2990400
2024-11-29T16:00:00Z,24.71,24.75,24.59,24.68,2011000
2024-11-29T17:00:00Z,24.67,24.7,24.59,24.61,1729500
2024-11-29T18:00:00Z,24.61,24.62,24.54,24.56,1590600
2024-11-29T19:00:00Z,24.56,24.68,24.55,24.65,2112700
2024-11-29T20:00:00Z,24.66,24.84,24.6,24.84,1846300
2024-12-02T13:00:00Z,24.8,24.92,24.62,24.74,2769300
2024-12-02T14:00:00Z,24.74,24.77,24.6,24.64,3234100
2024-12-02T15:00:00Z,24.63,24.64,24.5,24.55,2180300
2024-12-02T16:00:00Z,24.54,24.58,24.46,24.58,1805500
2024-12-02T17:00:00Z,24.56,24.72,24.55,24.69,2491000
2024-12-02T18:00:00Z,24.69,24.71,24.58,24.61,1863800
2024-12-02T19:00:00Z,24.61,24.61,24.54,24.57,2664200
2024-12-02T20:00:00Z,24.57,24.61,24.53,24.56,2582100
2024-12-03T13:00:00Z,24.71,24.84,24.65,24.8,2132600
2024-12-03T14:00:00Z,24.78,24.89,24.74,24.88,2561900
2024-12-03T15:00:00Z,24.88,24.9,24.78,24.85,1833600
2024-12-03T16:00:00Z,24.86,24.88,24.76,24.87,2755600
2024-12-03T17:00:00Z,24.88,24.89,24.81,24.84,1620300
2024-12-03T18:00:00Z,24.84,24.85,24.72,24.79,1880600
2024-12-03T19:00:00Z,24.78,24.88,24.75,24.81,3073800
2024-12-03T20:00:00Z,24.81,24.86,24.76,24.86,3575700
2024-12-04T13:00:00Z,24.89,25.24,24.8,25.13,3290400
2024-12-04T14:00:00Z,25.13,25.27,25.1,25.23,2095400
2024-12-04T15:00:00Z,25.22,25.33,25.12,25.32,3426900
2024-12-04T16:00:00Z,25.31,25.32,25.21,25.25,1263400
2024-12-04T17:00:00Z,25.25,25.26,25.18,25.24,1564700
2024-12-04T18:00:00Z,25.24,25.33,25.22,25.3,1310200
2024-12-04T19:00:00Z,25.31,25.31,25.08,25.12,3176700
2024-12-04T20:00:00Z,25.12,25.21,25.09,25.21,1573700
2024-12-05T13:00:00Z,25.39,25.49,25.27,25.35,1645800
2024-12-05T14:00:00Z,25.36,25.46,25.35,25.45,2105000
2024-12-05T15:00:00Z,25.46,25.57,25.38,25.43,1929400
2024-12-05T16:00:00Z,25.43,25.46,25.35,25.35,1186700
2024-12-05T17:00:00Z,25.36,25.38,25.28,25.37,1045200
2024-12-05T18:00:00Z,25.37,25.4,25.35,25.36,698900
2024-12-05T19:00:00Z,25.37,25.42,25.36,25.39,1000900
2024-12-05T20:00:00Z,25.4,25.6,25.36,25.5,6591900
2024-12-06T13:00:00Z,25.25,25.35,24.72,24.9,7876800
2024-12-06T14:00:00Z,24.9,24.95,24.68,24.75,3762000
2024-12-06T15:00:00Z,24.75,24.77,24.62,24.68,5398000
2024-12-06T16:00:00Z,24.68,24.69,24.52,24.54,2204600
2024-12-06T17:00:00Z,24.53,24.68,24.5,24.66,3197900
2024-12-06T18:00:00Z,24.65,24.66,24.58,24.62,2417100
2024-12-06T19:00:00Z,24.62,24.7,24.6,24.67,2419800
2024-12-06T20:00:00Z,24.66,24.78,24.66,24.74,4546000
2024-12-09T13:00:00Z,24.84,24.89,24.66,24.88,1909800
2024-12-09T14:00:00Z,24.86,24.89,24.7,24.7,1433200
2024-12-09T15:00:00Z,24.7,24.76,24.67,24.72,1012600
2024-12-09T16:00:00Z,24.72,24.78,24.62,24.64,1716200
2024-12-09T17:00:00Z,24.64,24.7,24.55,24.56,1803600
2024-12-09T18:00:00Z,24.55,24.56,24.42,24.46,4885200
2024-12-09T19:00:00Z,24.45,24.56,24.45,24.56,1587200
2024-12-09T20:00:00Z,24.55,24.64,24.55,24.57,1971900
2024-12-10T13:00:00Z,24.78,24.82,24.52,24.72,4226100
2024-12-10T14:00:00Z,24.71,24.83,24.7,24.81,1685700
2024-12-10T15:00:00Z,24.82,24.86,24.8,24.82,1101200
2024-12-10T16:00:00Z,24.82,24.82,24.7,24.76,1996800
2024-12-10T17:00:00Z,24.76,24.8,24.7,24.77,747700
2024-12-10T18:00:00Z,24.76,24.78,24.73,24.73,571500
2024-12-10T19:00:00Z,24.73,24.84,24.72,24.83,1018300
2024-12-10T20:00:00Z,24.83,24.92,24.81,24.85,2220500
2024-12-11T13:00:00Z,24.9,24.93,24.71,24.73,1391100
2024-12-11T14:00:00Z,24.73,24.86,24.71,24.79,2865100
2024-12-11T15:00:00Z,24.8,24.85,24.67,24.84,1461200
2024-12-11T16:00:00Z,24.84,24.9,24.79,24.85,1235400
2024-12-11T17:00:00Z,24.84,24.95,24.84,24.93,1276200
2024-12-11T18:00:00Z,24.94,24.94,24.85,24.88,1068200
2024-12-11T19:00:00Z,24.88,25.65,24.87,25.48,11848400
2024-12-11T20:00:00Z,25.5,25.55,25.19,25.27,5111200
2024-12-12T13:00:00Z,25.05,25.09,24.88,24.91,2019500
2024-12-12T14:00:00Z,24.9,24.99,24.8,24.89,2616300
2024-12-12T15:00:00Z,24.89,24.9,24.69,24.71,2687400
2024-12-12T16:00:00Z,24.71,24.88,24.71,24.78,1926600
2024-12-12T17:00:00Z,24.79,24.8,24.63,24.67,1670300
2024-12-12T18:00:00Z,24.66,24.76,24.63,24.75,1041500
2024-12-12T19:00:00Z,24.74,24.76,24.59,24.7,3621500
2024-12-12T20:00:00Z,24.7,24.9,24.7,24.81,2392900
2024-12-13T13:00:00Z,24.85,24.99,24.83,24.88,1329200
2024-12-13T14:00:00Z,24.88,24.92,24.63,24.65,3400600
2024-12-13T15:00:00Z,24.65,24.67,24.57,24.62,1257800
2024-12-13T16:00:00Z,24.6,24.66,24.58,24.65,891000
2024-12-13T17:00:00Z,24.64,24.68,24.59,24.63,929300
2024-12-13T18:00:00Z,24.63,24.67,24.6,24.64,1770000
2024-12-13T19:00:00Z,24.64,24.66,24.55,24.55,1502900
2024-12-13T20:00:00Z,24.55,24.59,24.5,24.54,4529300
2024-12-16T13:00:00Z,24.52,24.6,24.47,24.51,1375100
2024-12-16T14:00:00Z,24.52,24.52,24.38,24.43,1760600
2024-12-16T15:00:00Z,24.43,24.44,24.36,24.4,1050900
2024-12-16T16:00:00Z,24.42,24.47,24.4,24.45,568300
2024-12-16T17:00:00Z,24.46,24.47,24.32,24.35,1095800
2024-12-16T18:00:00Z,24.35,24.38,24.26,24.28,1766800
2024-12-16T19:00:00Z,24.29,24.29,24.23,24.27,2001200
2024-12-16T20:00:00Z,24.27,24.3,24.13,24.16,3910700
2024-12-17T13:00:00Z,24.25,24.32,24.01,24.31,3738200
2024-12-17T14:00:00Z,24.31,24.37,24.23,24.27,3107200
2024-12-17T15:00:00Z,24.28,24.33,24.2,24.27,2891200
2024-12-17T16:00:00Z,24.28,24.48,24.21,24.38,3614700
2024-12-17T17:00:00Z,24.38,24.42,24.24,24.41,1945300
2024-12-17T18:00:00Z,24.4,24.49,24.32,24.34,3129700
2024-12-17T19:00:00Z,24.36,24.42,24.33,24.37,3150800
2024-12-17T20:00:00Z,24.37,24.48,24.36,24.45,3684600
2024-12-18T13:00:00Z,24.4,24.4,24.2,24.23,2285100
2024-12-18T14:00:00Z,24.24,24.38,24.04,24.06,4824400
2024-12-18T15:00:00Z,24.06,24.06,23.86,23.94,3462700
2024-12-18T16:00:00Z,23.95,23.98,23.9,23.94,1877100
2024-12-18T17:00:00Z,23.94,24.06,23.92,24,2785500
2024-12-18T18:00:00Z,24.01,24.08,23.92,23.94,2392500
2024-12-18T19:00:00Z,23.95,23.97,23.82,23.83,3412100
2024-12-18T20:00:00Z,23.84,23.94,23.73,23.85,5942700
2024-12-19T13:00:00Z,23.81,24.05,23.8,23.99,2130900
2024-12-19T14:00:00Z,24,24.05,23.91,24.02,1997300
2024-12-19T15:00:00Z,24.02,24.02,23.88,23.96,1405800
2024-12-19T16:00:00Z,23.96,24.01,23.91,23.94,1254900
2024-12-19T17:00:00Z,23.94,23.98,23.91,23.94,1437300
2024-12-19T18:00:00Z,23.95,23.95,23.84,23.91,2354200
2024-12-19T19:00:00Z,23.91,23.91,23.75,23.77,1482700
2024-12-19T20:00:00Z,23.78,23.92,23.76,23.87,2867700
2024-12-20T13:00:00Z,23.92,24.05,23.9,23.96,1071900
2024-12-20T14:00:00Z,23.96,24.06,23.95,24,1526500
2024-12-20T15:00:00Z,24.01,24.01,23.91,23.94,2849700
2024-12-20T16:00:00Z,23.94,23.96,23.89,23.92,13447700
2024-12-20T17:00:00Z,23.92,23.96,23.87,23.94,3008400
2024-12-20T18:00:00Z,23.94,24.11,23.89,24.07,4569200
2024-12-20T19:00:00Z,24.07,24.14,24.05,24.06,3524400
2024-12-20T20:00:00Z,24.06,24.08,23.98,23.98,2493800
2024-12-23T13:00:00Z,24.07,24.13,23.95,24.07,1140800
2024-12-23T14:00:00Z,24.07,24.13,23.94,23.95,1478000
2024-12-23T15:00:00Z,23.95,24,23.88,23.97,1599800
2024-12-23T16:00:00Z,23.96,24.04,23.96,24.02,1066400
2024-12-23T17:00:00Z,24.02,24.02,23.91,23.94,1216200
2024-12-23T18:00:00Z,23.93,24,23.88,24,1439100
2024-12-23T19:00:00Z,24,24.02,23.94,24.02,1266200
2024-12-23T20:00:00Z,24.01,24.02,23.94,24,1876200
2024-12-26T13:00:00Z,23.95,24.19,23.93,24.17,3003200
2024-12-26T14:00:00Z,24.18,24.29,24.13,24.21,1411500
2024-12-26T15:00:00Z,24.23,24.32,24.17,24.28,1210800
2024-12-26T16:00:00Z,24.28,24.39,24.26,24.31,1470300
2024-12-26T17:00:00Z,24.3,24.4,24.28,24.36,1639300
2024-12-26T18:00:00Z,24.36,24.37,24.26,24.29,840700
2024-12-26T19:00:00Z,24.29,24.35,24.26,24.26,1401500
2024-12-26T20:00:00Z,24.28,24.29,24.17,24.2,2714000
2024-12-27T13:00:00Z,24.34,24.37,24.22,24.23,1098500
2024-12-27T14:00:00Z,24.25,24.29,24.19,24.23,1115000
2024-12-27T15:00:00Z,24.24,24.34,24.21,24.25,1231200
2024-12-27T16:00:00Z,24.25,24.3,24.24,24.25,691700
2024-12-27T17:00:00Z,24.25,24.29,24.22,24.25,1093100
2024-12-27T18:00:00Z,24.27,24.28,24.21,24.22,1293800
2024-12-27T19:00:00Z,24.23,24.24,24.12,24.14,1310400
2024-12-27T20:00:00Z,24.14,24.19,24.11,24.11,1458300
2024-12-30T13:00:00Z,24.1,24.32,24.09,24.26,15364800
2024-12-30T14:00:00Z,24.26,24.33,24.18,24.22,1678500
2024-12-30T15:00:00Z,24.22,24.3,24.19,24.21,1080600
2024-12-30T16:00:00Z,24.22,24.24,24.15,24.2,1240700
2024-12-30T17:00:00Z,24.2,24.23,24.17,24.19,783000
2024-12-30T18:00:00Z,24.2,24.2,24.15,24.2,766000
2024-12-30T19:00:00Z,24.21,24.23,24.13,24.17,1930800
2024-12-30T20:00:00Z,24.16,24.21,24.12,24.17,2037000
2025-01-02T13:00:00Z,24.17,24.28,23.95,24.01,1988900
2025-01-02T14:00:00Z,24.02,24.04,23.84,23.91,2582700
2025-01-02T15:00:00Z,23.91,24.07,23.89,24.04,1180900
2025-01-02T16:00:00Z,24.05,24.08,23.92,23.95,1205800
2025-01-02T17:00:00Z,23.95,23.97,23.85,23.86,1457800
2025-01-02T18:00:00Z,23.86,23.93,23.84,23.92,1349400
2025-01-02T19:00:00Z,23.92,23.94,23.88,23.88,1305200
2025-01-02T20:00:00Z,23.89,23.97,23.85,23.96,2149500
2025-01-03T13:00:00Z,23.92,24.06,23.9,23.93,984600
2025-01-03T14:00:00Z,23.93,23.93,23.78,23.84,1444300
2025-01-03T15:00:00Z,23.83,23.86,23.78,23.84,1191500
2025-01-03T16:00:00Z,23.85,23.86,23.77,23.78,1115900
2025-01-03T17:00:00Z,23.78,23.82,23.69,23.71,1822300
2025-01-03T18:00:00Z,23.71,23.77,23.69,23.71,1469800
2025-01-03T19:00:00Z,23.73,23.8,23.68,23.73,1948600
2025-01-03T20:00:00Z,23.75,23.79,23.7,23.73,1753400
2025-01-06T13:00:00Z,23.98,24.03,23.84,23.86,1753500
2025-01-06T14:00:00Z,23.87,24,23.81,23.98,1308400
2025-01-06T15:00:00Z,23.98,24.03,23.83,23.89,1398500
2025-01-06T16:00:00Z,23.9,23.97,23.87,23.95,807200
2025-01-06T17:00:00Z,23.95,24.05,23.94,23.98,1303100
2025-01-06T18:00:00Z,23.98,24,23.9,23.96,877900
2025-01-06T19:00:00Z,23.95,24,23.93,23.95,853800
2025-01-06T20:00:00Z,23.96,24,23.92,24,1681900
2025-01-07T13:00:00Z,24.14,24.21,24.02,24.21,1212800
2025-01-07T14:00:00Z,24.21,24.32,24.12,24.2,1849900
2025-01-07T15:00:00Z,24.19,24.38,24.11,24.3,1751000
2025-01-07T16:00:00Z,24.31,24.36,24.28,24.3,1271000
2025-01-07T17:00:00Z,24.3,24.32,24.21,24.22,1865200
2025-01-07T18:00:00Z,24.23,24.3,24.22,24.25,1830200
2025-01-07T19:00:00Z,24.26,24.26,24.21,24.23,1799800
2025-01-07T20:00:00Z,24.23,24.3,24.18,24.28,2226700
2025-01-08T13:00:00Z,24.23,24.27,24,24.05,1867500
2025-01-08T14:00:00Z,24.03,24.07,23.95,24.03,2084700
2025-01-08T15:00:00Z,24.02,24.2,23.99,24.17,1684800
2025-01-08T16:00:00Z,24.18,24.23,24.13,24.21,1077600
2025-01-08T17:00:00Z,24.22,24.22,24.15,24.17,2750700
2025-01-08T18:00:00Z,24.18,24.2,24.15,24.16,1555300
2025-01-08T19:00:00Z,24.17,24.2,24.06,24.08,1532300
2025-01-08T20:00:00Z,24.08,24.18,24.08,24.13,1676400
2025-01-09T13:00:00Z,24.16,24.22,24.01,24.04,854300
2025-01-09T14:00:00Z,24.04,24.08,23.99,24.06,816600
2025-01-09T15:00:00Z,24.07,24.1,24.01,24.08,438500
2025-01-09T16:00:00Z,24.08,24.12,24.04,24.11,474600
2025-01-09T17:00:00Z,24.11,24.17,24.09,24.13,1074200
2025-01-09T18:00:00Z,24.13,24.2,24.11,24.17,887800
2025-01-09T19:00:00Z,24.16,24.25,24.12,24.22,1710100
2025-01-09T20:00:00Z,24.23,24.27,24.19,24.27,904400
2025-01-10T13:00:00Z,24.25,24.39,24.15,24.25,3653200
2025-01-10T14:00:00Z,24.25,24.38,24.24,24.33,2532400
2025-01-10T15:00:00Z,24.31,24.44,24.28,24.37,2454800
2025-01-10T16:00:00Z,24.39,24.39,24.27,24.32,3112900
2025-01-10T17:00:00Z,24.32,24.34,24.26,24.32,1259100
2025-01-10T18:00:00Z,24.33,24.33,24.27,24.3,732900
2025-01-10T19:00:00Z,24.31,24.32,24.18,24.2,725800
2025-01-10T20:00:00Z,24.18,24.22,24.13,24.2,1354900
2025-01-13T13:00:00Z,24.21,24.43,24.21,24.34,1991600
2025-01-13T14:00:00Z,24.34,24.38,24.28,24.29,974100
2025-01-13T15:00:00Z,24.3,24.36,24.27,24.34,818300
2025-01-13T16:00:00Z,24.34,24.39,24.31,24.32,710100
2025-01-13T17:00:00Z,24.32,24.32,24.22,24.24,801300
2025-01-13T18:00:00Z,24.25,24.3,24.19,24.19,949600
2025-01-13T19:00:00Z,24.19,24.22,24.16,24.18,1020100
2025-01-13T20:00:00Z,24.18,24.25,24.17,24.22,1416400
2025-01-14T13:00:00Z,24.25,24.46,24.17,24.4,2103500
2025-01-14T14:00:00Z,24.4,24.4,24.18,24.23,1581500
2025-01-14T15:00:00Z,24.23,24.42,24.22,24.41,1473100
2025-01-14T16:00:00Z,24.4,24.48,24.37,24.46,1760000
2025-01-14T17:00:00Z,24.46,24.56,24.41,24.51,2424200
2025-01-14T18:00:00Z,24.51,24.57,24.48,24.54,2642100
2025-01-14T19:00:00Z,24.54,24.63,24.53,24.61,1598200
2025-01-14T20:00:00Z,24.62,24.67,24.57,24.65,2257500
2025-01-15T13:00:00Z,24.91,25,24.75,24.95,2502800
2025-01-15T14:00:00Z,24.94,24.96,24.82,24.91,2376600
2025-01-15T15:00:00Z,24.91,24.95,24.85,24.87,1301700
2025-01-15T16:00:00Z,24.87,24.94,24.86,24.94,948200
2025-01-15T17:00:00Z,24.94,25.04,24.9,25.02,1562300
2025-01-15T18:00:00Z,25.03,25.1,25.02,25.06,1612400
2025-01-15T19:00:00Z,25.06,25.22,25.05,25.15,2553800
2025-01-15T20:00:00Z,25.15,25.37,25.13,25.32,4860600
2025-01-16T13:00:00Z,25.28,25.46,25.11,25.42,1707800
2025-01-16T14:00:00Z,25.42,25.45,25.28,25.33,1012600
2025-01-16T15:00:00Z,25.33,25.35,25.25,25.32,752100
2025-01-16T16:00:00Z,25.3,25.39,25.25,25.38,1697000
2025-01-16T17:00:00Z,25.36,25.39,25.33,25.38,1153100
2025-01-16T18:00:00Z,25.38,25.39,25.27,25.36,2113000
2025-01-16T19:00:00Z,25.35,25.42,25.32,25.41,1239500
2025-01-16T20:00:00Z,25.41,25.43,25.35,25.38,2000900
2025-01-17T13:00:00Z,25.44,25.49,25.19,25.3,1115000
2025-01-17T14:00:00Z,25.3,25.34,25.22,25.32,1670300
2025-01-17T15:00:00Z,25.31,25.38,25.28,25.31,699900
2025-01-17T16:00:00Z,25.3,25.35,25.28,25.29,1698900
2025-01-17T17:00:00Z,25.3,25.34,25.28,25.32,753500
2025-01-17T18:00:00Z,25.32,25.33,25.28,25.33,767600
2025-01-17T19:00:00Z,25.33,25.35,25.3,25.32,912500
2025-01-17T20:00:00Z,25.32,25.43,25.24,25.32,1512600
2025-01-20T13:00:00Z,25.35,25.49,25.26,25.46,2207600
2025-01-20T14:00:00Z,25.44,25.6,25.42,25.54,1952300
2025-01-20T15:00:00Z,25.53,25.56,25.38,25.39,1252900
2025-01-20T16:00:00Z,25.4,25.48,25.35,25.44,884900
2025-01-20T17:00:00Z,25.44,25.48,25.37,25.41,598600
2025-01-20T18:00:00Z,25.41,25.45,25.36,25.37,659600
2025-01-20T19:00:00Z,25.37,25.44,25.32,25.39,673100
2025-01-20T20:00:00Z,25.39,25.51,25.38,25.5,1473800
2025-01-21T13:00:00Z,25.45,25.66,25.45,25.6,1457700
2025-01-21T14:00:00Z,25.6,25.68,25.45,25.58,1641400
2025-01-21T15:00:00Z,25.58,25.62,25.55,25.56,584400
2025-01-21T16:00:00Z,25.55,25.65,25.55,25.62,498900
2025-01-21T17:00:00Z,25.63,25.64,25.56,25.61,872200
2025-01-21T18:00:00Z,25.62,25.73,25.6,25.7,1145300
2025-01-21T19:00:00Z,25.7,25.75,25.66,25.66,1212400
2025-01-21T20:00:00Z,25.67,25.72,25.62,25.69,2006200
2025-01-22T13:00:00Z,25.58,25.78,25.57,25.73,1792400
2025-01-22T14:00:00Z,25.73,25.85,25.7,25.78,1646700
2025-01-22T15:00:00Z,25.77,25.96,25.76,25.95,1987400
2025-01-22T16:00:00Z,25.95,26.14,25.93,26.1,3250600
2025-01-22T17:00:00Z,26.1,26.12,26.01,26.03,1208700
2025-01-22T18:00:00Z,26.02,26.22,26.02,26.2,1544200
2025-01-22T19:00:00Z,26.19,26.27,26.11,26.26,3222900
2025-01-22T20:00:00Z,26.25,26.28,26.12,26.14,2817100
2025-01-23T13:00:00Z,26.24,27.07,26.24,26.91,8347300
2025-01-23T14:00:00Z,26.92,26.99,26.72,26.77,3859500
2025-01-23T15:00:00Z,26.78,26.85,26.68,26.7,1882600
2025-01-23T16:00:00Z,26.72,26.8,26.62,26.78,1954900
2025-01-23T17:00:00Z,26.78,27.05,26.77,27.01,3439200
2025-01-23T18:00:00Z,27.01,27.02,26.81,26.85,2314000
2025-01-23T19:00:00Z,26.84,26.88,26.75,26.79,2955300
2025-01-23T20:00:00Z,26.8,26.84,26.74,26.77,3107100
2025-01-24T13:00:00Z,26.71,26.85,26.51,26.8,1810500
2025-01-24T14:00:00Z,26.8,26.8,26.61,26.63,1025100
2025-01-24T15:00:00Z,26.63,26.7,26.54,26.66,871000
2025-01-24T16:00:00Z,26.67,26.68,26.61,26.64,470000
2025-01-24T17:00:00Z,26.64,26.73,26.6,26.63,813100
2025-01-24T18:00:00Z,26.63,26.66,26.51,26.62,767600
2025-01-24T19:00:00Z,26.62,26.66,26.56,26.63,1156300
2025-01-24T20:00:00Z,26.61,26.69,26.6,26.69,977500
2025-01-27T13:00:00Z,26.57,27.06,26.55,27.03,2437400
2025-01-27T14:00:00Z,27.02,27.27,27.02,27.18,2317500
2025-01-27T15:00:00Z,27.16,27.27,27.14,27.2,1540100
2025-01-27T16:00:00Z,27.19,27.29,27.18,27.28,1178100
2025-01-27T17:00:00Z,27.28,27.44,27.26,27.43,2701700
2025-01-27T18:00:00Z,27.43,27.53,27.4,27.44,2905700
2025-01-27T19:00:00Z,27.45,27.63,27.44,27.61,2842500
2025-01-27T20:00:00Z,27.61,27.7,27.55,27.69,3718400
2025-01-28T13:00:00Z,27.69,27.7,27.35,27.43,2048300
2025-01-28T14:00:00Z,27.43,27.53,27.41,27.44,1068600
2025-01-28T15:00:00Z,27.44,27.47,27.32,27.44,1438600
2025-01-28T16:00:00Z,27.44,27.47,27.36,27.43,942200
2025-01-28T17:00:00Z,27.41,27.54,27.38,27.54,1252300
2025-01-28T18:00:00Z,27.54,27.63,27.48,27.5,2072900
2025-01-28T19:00:00Z,27.51,27.6,27.47,27.6,1592100
2025-01-28T20:00:00Z,27.58,27.6,27.47,27.5,1474000
2025-01-29T13:00:00Z,27.6,27.75,27.55,27.58,1670900
2025-01-29T14:00:00Z,27.6,27.6,27.42,27.5,1546300
2025-01-29T15:00:00Z,27.48,27.53,27.47,27.5,651100
2025-01-29T16:00:00Z,27.49,27.51,27.44,27.47,936500
2025-01-29T17:00:00Z,27.46,27.49,27.38,27.43,1425300
2025-01-29T18:00:00Z,27.43,27.48,27.41,27.44,906400
2025-01-29T19:00:00Z,27.43,27.46,27.36,27.37,1095000
2025-01-29T20:00:00Z,27.37,27.47,27.35,27.39,2412100
2025-01-30T13:00:00Z,27.37,27.67,27.28,27.51,2419100
2025-01-30T14:00:00Z,27.51,27.66,27.48,27.64,2298000
2025-01-30T15:00:00Z,27.64,27.75,27.56,27.74,1704400
2025-01-30T16:00:00Z,27.73,27.83,27.7,27.77,1645000
2025-01-30T17:00:00Z,27.77,27.78,27.63,27.73,1563500
2025-01-30T18:00:00Z,27.73,27.92,27.71,27.87,1909100
2025-01-30T19:00:00Z,27.87,27.94,27.83,27.89,1559200
2025-01-30T20:00:00Z,27.89,27.9,27.7,27.74,4014100
2025-01-31T13:00:00Z,27.74,27.99,27.71,27.81,1805300
2025-01-31T14:00:00Z,27.83,28,27.74,27.87,1868600
2025-01-31T15:00:00Z,27.87,27.9,27.76,27.8,1479900
2025-01-31T16:00:00Z,27.81,27.84,27.76,27.79,590200
2025-01-31T17:00:00Z,27.79,27.83,27.74,27.8,707700
2025-01-31T18:00:00Z,27.8,27.84,27.72,27.82,5732200
2025-01-31T19:00:00Z,27.81,27.84,27.68,27.72,3339000
2025-01-31T20:00:00Z,27.71,27.78,27.66,27.7,1808100
2025-02-03T13:00:00Z,27.6,27.72,27.36,27.53,2033500
2025-02-03T14:00:00Z,27.53,27.72,27.52,27.56,1854000
2025-02-03T15:00:00Z,27.56,27.66,27.47,27.63,1355700
2025-02-03T16:00:00Z,27.64,27.7,27.56,27.58,1495400
2025-02-03T17:00:00Z,27.58,27.67,27.57,27.62,1527700
2025-02-03T18:00:00Z,27.63,27.72,27.6,27.62,941100
2025-02-03T19:00:00Z,27.62,27.69,27.61,27.68,945600
2025-02-03T20:00:00Z,27.67,27.69,27.6,27.66,1465500
2025-02-04T13:00:00Z,27.58,27.78,27.47,27.52,1412900
2025-02-04T14:00:00Z,27.51,27.78,27.51,27.76,1730500
2025-02-04T15:00:00Z,27.76,28.03,27.74,27.97,3664900
2025-02-04T16:00:00Z,27.96,28.05,27.88,27.88,1576100
2025-02-04T17:00:00Z,27.87,27.97,27.82,27.95,1330600
2025-02-04T18:00:00Z,27.94,28.08,27.86,28.06,1375300
2025-02-04T19:00:00Z,28.06,28.07,27.91,27.93,1828700
2025-02-04T20:00:00Z,27.94,27.94,27.86,27.89,1360500
2025-02-05T13:00:00Z,27.82,28.12,27.82,27.87,2021900
2025-02-05T14:00:00Z,27.87,27.87,27.59,27.73,1445600
2025-02-05T15:00:00Z,27.74,27.92,27.72,27.83,934900
2025-02-05T16:00:00Z,27.83,27.9,27.76,27.89,787700
2025-02-05T17:00:00Z,27.89,27.98,27.84,27.97,944000
2025-02-05T18:00:00Z,27.97,28.05,27.93,27.96,1038000
2025-02-05T19:00:00Z,27.96,27.98,27.9,27.94,1545900
2025-02-05T20:00:00Z,27.95,27.95,27.79,27.8,2566000
2025-02-06T13:00:00Z,27.83,27.87,27.58,27.81,1978200
2025-02-06T14:00:00Z,27.81,27.93,27.7,27.83,2377800
2025-02-06T15:00:00Z,27.83,27.91,27.75,27.82,1270200
2025-02-06T16:00:00Z,27.84,27.93,27.82,27.93,828800
2025-02-06T17:00:00Z,27.93,28.03,27.89,27.94,1272600
2025-02-06T18:00:00Z,27.95,28.11,27.93,28.11,1210900
2025-02-06T19:00:00Z,28.11,28.19,28.04,28.09,1699200
2025-02-06T20:00:00Z,28.09,28.18,28.07,28.15,1816100
2025-02-07T13:00:00Z,28.15,28.28,28.1,28.19,1282700
2025-02-07T14:00:00Z,28.18,28.19,27.98,28.08,976600
2025-02-07T15:00:00Z,28.07,28.26,28.04,28.19,1658000
2025-02-07T16:00:00Z,28.17,28.17,28.03,28.03,1529200
2025-02-07T17:00:00Z,28.03,28.08,27.83,27.88,2041400
2025-02-07T18:00:00Z,27.87,27.95,27.71,27.76,1502700
2025-02-07T19:00:00Z,27.75,27.87,27.67,27.77,2703800
2025-02-07T20:00:00Z,27.77,27.82,27.71,27.8,1871500
2025-02-10T13:00:00Z,27.88,28.1,27.8,28.02,1074300
2025-02-10T14:00:00Z,28.02,28.03,27.83,27.91,1019000
2025-02-10T15:00:00Z,27.91,28,27.86,27.96,1277800
2025-02-10T16:00:00Z,27.94,27.96,27.81,27.91,1477600
2025-02-10T17:00:00Z,27.92,27.95,27.85,27.94,980500
2025-02-10T18:00:00Z,27.94,27.96,27.85,27.86,1130800
2025-02-10T19:00:00Z,27.85,27.87,27.82,27.83,1133700
2025-02-10T20:00:00Z,27.83,27.89,27.8,27.88,1379900
2025-02-11T13:00:00Z,27.86,28.22,27.86,28.09,2501800
2025-02-11T14:00:00Z,28.11,28.13,27.89,27.96,2841500
2025-02-11T15:00:00Z,27.96,28.05,27.9,28.02,1515600
2025-02-11T16:00:00Z,28.02,28.05,27.92,27.98,1792300
2025-02-11T17:00:00Z,27.98,28,27.93,27.99,2853900
2025-02-11T18:00:00Z,27.99,28.1,27.96,28.07,2704600
2025-02-11T19:00:00Z,28.07,28.1,27.98,28,1482800
2025-02-11T20:00:00Z,28,28.1,28,28.1,1603600
2025-02-12T13:00:00Z,27.65,27.98,27.61,27.65,3085700
2025-02-12T14:00:00Z,27.65,27.76,27.61,27.65,1293400
2025-02-12T15:00:00Z,27.63,27.69,27.5,27.55,1685900
2025-02-12T16:00:00Z,27.55,27.62,27.5,27.56,1190000
2025-02-12T17:00:00Z,27.55,27.6,27.5,27.54,1039000
2025-02-12T18:00:00Z,27.57,27.69,27.51,27.56,2572100
2025-02-12T19:00:00Z,27.58,27.58,27.51,27.54,1894900
2025-02-12T20:00:00Z,27.54,27.65,27.54,27.57,3186800
2025-02-13T13:00:00Z,27.59,27.59,27.37,27.39,1184300
2025-02-13T14:00:00Z,27.39,27.46,27.28,27.4,1296700
2025-02-13T15:00:00Z,27.4,27.5,27.37,27.46,1118400
2025-02-13T16:00:00Z,27.45,27.48,27.4,27.4,955100
2025-02-13T17:00:00Z,27.41,27.45,27.34,27.34,4289500
2025-02-13T18:00:00Z,27.35,27.4,27.3,27.33,1003000
2025-02-13T19:00:00Z,27.33,27.36,27.28,27.31,5894900
2025-02-13T20:00:00Z,27.31,27.42,27.29,27.42,1705900
2025-02-14T13:00:00Z,27.56,27.93,27.56,27.93,2060300
2025-02-14T14:00:00Z,27.93,28.08,27.88,28.02,6393900
2025-02-14T15:00:00Z,28,28.31,27.98,28.14,3815000
2025-02-14T16:00:00Z,28.14,28.25,28.11,28.24,2001900
2025-02-14T17:00:00Z,28.24,28.29,28.19,28.27,2012000
2025-02-14T18:00:00Z,28.27,28.34,28.23,28.28,2975300
2025-02-14T19:00:00Z,28.28,28.82,28.26,28.8,6362700
2025-02-14T20:00:00Z,28.81,28.98,28.68,28.78,6556800
2025-02-17T13:00:00Z,28.74,28.98,28.71,28.94,3213200
2025-02-17T14:00:00Z,28.93,29.35,28.91,29.32,3946600
2025-02-17T15:00:00Z,29.31,29.5,29.3,29.39,2059100
2025-02-17T16:00:00Z,29.38,29.44,29.33,29.34,1763100
2025-02-17T17:00:00Z,29.35,29.39,29.22,29.25,1489200
2025-02-17T18:00:00Z,29.26,29.32,29.21,29.3,2016100
2025-02-17T19:00:00Z,29.3,29.35,29.14,29.33,2492000
2025-02-17T20:00:00Z,29.32,29.38,29.24,29.25,2644100
2025-02-18T13:00:00Z,29.02,29.43,29,29.34,2445300
2025-02-18T14:00:00Z,29.35,29.48,29.3,29.43,9808200
2025-02-18T15:00:00Z,29.45,29.54,29.36,29.47,1887400
2025-02-18T16:00:00Z,29.46,29.63,29.43,29.5,1786200
2025-02-18T17:00:00Z,29.49,29.59,29.48,29.55,1654900
2025-02-18T18:00:00Z,29.55,29.62,29.41,29.42,3065100
2025-02-18T19:00:00Z,29.43,29.49,29.38,29.38,2492500
2025-02-18T20:00:00Z,29.39,29.43,29.32,29.4,2077900
2025-02-19T13:00:00Z,29.28,29.29,29.05,29.13,2391100
2025-02-19T14:00:00Z,29.13,29.15,28.88,28.95,2282200
2025-02-19T15:00:00Z,28.95,29.09,28.94,29.01,1937700
2025-02-19T16:00:00Z,29.03,29.05,28.91,28.91,1398500
2025-02-19T17:00:00Z,28.91,28.95,28.78,28.85,1848500
2025-02-19T18:00:00Z,28.84,28.88,28.76,28.79,3943200
2025-02-19T19:00:00Z,28.79,28.84,28.73,28.74,2030600
2025-02-19T20:00:00Z,28.73,28.8,28.66,28.75,5538100
2025-02-20T13:00:00Z,28.1,28.1,27.8,27.96,14779800
2025-02-20T14:00:00Z,27.96,28.19,27.95,28.11,7678700
2025-02-20T15:00:00Z,28.09,28.21,28.06,28.2,19871500
2025-02-20T16:00:00Z,28.2,28.31,28.07,28.22,13692000
2025-02-20T17:00:00Z,28.22,28.28,28.1,28.12,8146000
2025-02-20T18:00:00Z,28.12,28.19,27.93,27.93,8791600
2025-02-20T19:00:00Z,27.93,27.96,27.79,27.86,9516800
2025-02-20T20:00:00Z,27.85,28.06,27.85,27.95,3369600
2025-02-21T13:00:00Z,28,28.05,27.87,27.87,1641800
2025-02-21T14:00:00Z,27.89,27.9,27.72,27.73,1940500
2025-02-21T15:00:00Z,27.73,27.8,27.64,27.7,1663900
2025-02-21T16:00:00Z,27.69,27.74,27.64,27.69,1261500
2025-02-21T17:00:00Z,27.69,27.94,27.68,27.86,1641900
2025-02-21T18:00:00Z,27.86,27.93,27.79,27.9,1382600
2025-02-21T19:00:00Z,27.9,27.94,27.83,27.85,1914700
2025-02-21T20:00:00Z,27.86,28,27.82,28,3621900
2025-02-24T13:00:00Z,28,28.19,27.97,28.05,1821300
2025-02-24T14:00:00Z,28.06,28.22,28,28.11,1675100
2025-02-24T15:00:00Z,28.12,28.13,27.95,28,1588300
2025-02-24T16:00:00Z,27.98,28.05,27.93,27.96,1254600
2025-02-24T17:00:00Z,27.95,27.97,27.81,27.86,8058700
2025-02-24T18:00:00Z,27.87,27.89,27.8,27.81,5554700
2025-02-24T19:00:00Z,27.82,27.88,27.68,27.69,2831100
2025-02-24T20:00:00Z,27.68,27.83,27.63,27.81,3355400
2025-02-25T13:00:00Z,27.82,28.09,27.82,27.97,1709600
2025-02-25T14:00:00Z,27.97,28.23,27.95,28.19,2524700
2025-02-25T15:00:00Z,28.21,28.26,28.09,28.23,2039000
2025-02-25T16:00:00Z,28.25,28.28,28.16,28.18,1644600
2025-02-25T17:00:00Z,28.19,28.26,28.17,28.23,1369300
2025-02-25T18:00:00Z,28.23,28.33,28.18,28.29,2930900
2025-02-25T19:00:00Z,28.28,28.3,28.22,28.26,1069500
2025-02-25T20:00:00Z,28.25,28.33,28.18,28.19,1827600
2025-02-26T13:00:00Z,28.48,28.5,28.16,28.17,3090700
2025-02-26T14:00:00Z,28.16,28.29,27.93,28,1205200
2025-02-26T15:00:00Z,28.02,28.14,27.96,28.1,1459900
2025-02-26T16:00:00Z,28.09,28.12,28,28.04,4766100
2025-02-26T17:00:00Z,28.04,28.07,28,28,2872300
2025-02-26T18:00:00Z,28.02,28.08,27.94,28.02,1709400
2025-02-26T19:00:00Z,28.02,28.07,27.97,28,2469100
2025-02-26T20:00:00Z,28,28.14,27.99,28.14,3815000
2025-02-27T13:00:00Z,28.03,28.27,28.01,28.19,1856100
2025-02-27T14:00:00Z,28.17,28.2,27.9,27.9,1860700
2025-02-27T15:00:00Z,27.9,28.05,27.87,28.01,14595300
2025-02-27T16:00:00Z,28.01,28.04,27.98,28.03,1545600
2025-02-27T17:00:00Z,28.03,28.08,27.97,28.03,2097800
2025-02-27T18:00:00Z,28.03,28.14,28.01,28.09,2611400
2025-02-27T19:00:00Z,28.09,28.11,28.04,28.05,1647400
2025-02-27T20:00:00Z,28.05,28.06,27.94,27.95,3231100
2025-02-28T13:00:00Z,27.95,28.02,27.77,27.77,1216500
2025-02-28T14:00:00Z,27.78,27.85,27.6,27.64,2288100
2025-02-28T15:00:00Z,27.65,27.8,27.63,27.75,1912400
2025-02-28T16:00:00Z,27.76,27.79,27.5,27.52,2540400
2025-02-28T17:00:00Z,27.54,27.65,27.37,27.42,4477300
2025-02-28T18:00:00Z,27.42,27.43,27.22,27.22,3234300
2025-02-28T19:00:00Z,27.23,27.36,27.21,27.27,2441200
2025-02-28T20:00:00Z,27.28,27.3,27.2,27.25,2556800
2025-03-05T16:00:00Z,27.31,27.65,27.25,27.57,3779800
2025-03-05T17:00:00Z,27.57,27.65,27.49,27.65,1867900
2025-03-05T18:00:00Z,27.64,27.88,27.59,27.83,2972800
2025-03-05T19:00:00Z,27.84,27.91,27.76,27.79,2583400
2025-03-05T20:00:00Z,27.81,27.94,27.7,27.86,4356900
2025-03-06T13:00:00Z,27.92,27.95,27.59,27.72,1870800
2025-03-06T14:00:00Z,27.72,27.72,27.48,27.6,1937300
2025-03-06T15:00:00Z,27.61,27.9,27.59,27.73,5285100
2025-03-06T16:00:00Z,27.73,27.85,27.53,27.58,1632900
2025-03-06T17:00:00Z,27.59,27.66,27.55,27.58,1117600
2025-03-06T18:00:00Z,27.58,27.76,27.57,27.7,1497900
2025-03-06T19:00:00Z,27.7,27.71,27.58,27.62,1657200
2025-03-06T20:00:00Z,27.62,27.81,27.6,27.71,1874100
2025-03-07T13:00:00Z,27.63,27.71,27.5,27.65,1428100
2025-03-07T14:00:00Z,27.67,28.03,27.65,27.85,2329900
2025-03-07T15:00:00Z,27.84,28,27.81,27.95,1172200
2025-03-07T16:00:00Z,27.96,27.96,27.86,27.9,1303800
2025-03-07T17:00:00Z,27.89,28.13,27.87,28.01,1926600
2025-03-07T18:00:00Z,28.02,28.18,27.99,28.14,1544200
2025-03-07T19:00:00Z,28.14,28.25,28.09,28.18,3206900
2025-03-07T20:00:00Z,28.19,28.19,28.01,28.08,2096500
2025-03-10T13:00:00Z,27.96,27.97,27.69,27.72,2271400
2025-03-10T14:00:00Z,27.72,27.83,27.64,27.79,2017600
2025-03-10T15:00:00Z,27.8,28,27.78,27.88,1326900
2025-03-10T16:00:00Z,27.87,27.94,27.85,27.89,840500
2025-03-10T17:00:00Z,27.9,27.9,27.73,27.74,1753200
2025-03-10T18:00:00Z,27.74,27.86,27.74,27.75,2265500
2025-03-10T19:00:00Z,27.77,27.92,27.75,27.89,1810500
2025-03-11T13:00:00Z,28,28.07,27.65,27.72,3301500
2025-03-11T14:00:00Z,27.72,27.8,27.62,27.66,4596700
2025-03-11T15:00:00Z,27.64,27.76,27.6,27.7,2121400
2025-03-11T16:00:00Z,27.68,27.72,27.62,27.65,1512900
2025-03-11T17:00:00Z,27.65,27.67,27.51,27.54,1932800
2025-03-11T18:00:00Z,27.55,27.71,27.53,27.71,1917700
2025-03-11T19:00:00Z,27.71,27.78,27.65,27.69,2798400
2025-03-12T13:00:00Z,27.1,27.2,26.99,27.11,1306600
2025-03-12T14:00:00Z,27.11,27.16,26.97,27.04,1242200
2025-03-12T15:00:00Z,27.06,27.15,27.04,27.1,1679000
2025-03-12T16:00:00Z,27.1,27.13,27.01,27.02,899800
2025-03-12T17:00:00Z,27.01,27.06,26.95,26.99,2182200
2025-03-12T18:00:00Z,26.99,27.1,26.95,26.97,2912100
2025-03-12T19:00:00Z,26.96,27.07,26.96,27.06,3167300
2025-03-13T13:00:00Z,27.05,27.09,26.74,26.85,2896800
2025-03-13T14:00:00Z,26.85,27.24,26.84,27.18,1896200
2025-03-13T15:00:00Z,27.19,27.35,27.15,27.32,1724300
2025-03-13T16:00:00Z,27.32,27.44,27.29,27.38,1565700
2025-03-13T17:00:00Z,27.4,27.47,27.35,27.42,1739700
2025-03-13T18:00:00Z,27.42,27.54,27.4,27.53,2475400
2025-03-13T19:00:00Z,27.53,27.62,27.5,27.54,3633100
2025-03-14T13:00:00Z,27.53,27.83,27.53,27.79,3579100
2025-03-14T14:00:00Z,27.79,28,27.76,27.95,2944100
2025-03-14T15:00:00Z,27.97,28.09,27.9,28,2416300
2025-03-14T16:00:00Z,27.99,28.04,27.89,27.94,1724100
2025-03-14T17:00:00Z,27.93,27.96,27.82,27.85,3107000
2025-03-14T18:00:00Z,27.85,27.95,27.82,27.91,2113500
2025-03-14T19:00:00Z,27.91,28.06,27.84,27.9,4391700
2025-03-17T13:00:00Z,27.87,28.1,27.84,27.98,1564800
2025-03-17T14:00:00Z,27.99,28.29,27.98,28.22,2206900
2025-03-17T15:00:00Z,28.22,28.4,28.11,28.3,2542300
2025-03-17T16:00:00Z,28.29,28.36,28.21,28.29,1725500
2025-03-17T17:00:00Z,28.31,28.34,28.25,28.29,1356500
2025-03-17T18:00:00Z,28.29,28.52,28.26,28.49,3627400
2025-03-17T19:00:00Z,28.49,28.56,28.4,28.44,4603800
2025-03-18T13:00:00Z,28.46,28.58,28.4,28.49,2081600
2025-03-18T14:00:00Z,28.47,28.54,28.36,28.41,2709800
2025-03-18T15:00:00Z,28.42,28.55,28.37,28.45,1717100
2025-03-18T16:00:00Z,28.45,28.53,28.44,28.47,1382800
2025-03-18T17:00:00Z,28.47,28.65,28.46,28.6,2435400
2025-03-18T18:00:00Z,28.59,28.62,28.49,28.58,2305500
2025-03-18T19:00:00Z,28.58,28.64,28.44,28.51,2399300
2025-03-19T13:00:00Z,28.51,28.71,28.41,28.59,1909200
2025-03-19T14:00:00Z,28.58,28.74,28.49,28.49,1723700
2025-03-19T15:00:00Z,28.5,28.59,28.39,28.52,2588300
2025-03-19T16:00:00Z,28.51,28.56,28.43,28.45,1377300
2025-03-19T17:00:00Z,28.45,28.51,28.39,28.41,1492600
2025-03-19T18:00:00Z,28.41,28.53,28.39,28.5,3663700
2025-03-19T19:00:00Z,28.5,28.6,28.41,28.45,2759200
2025-03-20T13:00:00Z,28.36,28.48,28.2,28.32,2152700
2025-03-20T14:00:00Z,28.33,28.35,28.22,28.29,1839000
2025-03-20T15:00:00Z,28.3,28.36,28.11,28.18,1986600
2025-03-20T16:00:00Z,28.18,28.28,28.14,28.23,980300
2025-03-20T17:00:00Z,28.23,28.26,28.16,28.19,1038100
2025-03-20T18:00:00Z,28.19,28.24,28.16,28.19,1570100
2025-03-20T19:00:00Z,28.19,28.25,28.12,28.2,2659800
2025-03-21T13:00:00Z,28.35,28.48,28.29,28.4,3989200
2025-03-21T14:00:00Z,28.41,28.46,28.3,28.34,12498600
2025-03-21T15:00:00Z,28.35,28.38,28.29,28.36,11772900
2025-03-21T16:00:00Z,28.36,28.37,28.23,28.35,9634100
2025-03-21T17:00:00Z,28.33,28.37,28.07,28.18,12093100
2025-03-21T18:00:00Z,28.18,28.22,28.1,28.17,1784900
2025-03-21T19:00:00Z,28.17,28.3,28.16,28.3,2425000
2025-03-24T13:00:00Z,28.44,28.44,28.1,28.14,1812900
2025-03-24T14:00:00Z,28.13,28.28,28.11,28.25,1751000
2025-03-24T15:00:00Z,28.27,28.33,28.21,28.28,903100
2025-03-24T16:00:00Z,28.28,28.3,28.24,28.27,719100
2025-03-24T17:00:00Z,28.27,28.28,28.09,28.12,1752300
2025-03-24T18:00:00Z,28.12,28.34,28.1,28.26,2858400
2025-03-24T19:00:00Z,28.27,28.36,28.24,28.27,1650400
2025-03-25T13:00:00Z,28.36,28.49,28.35,28.44,1528600
2025-03-25T14:00:00Z,28.44,28.59,28.4,28.43,1965100
2025-03-25T15:00:00Z,28.42,28.73,28.41,28.67,2581000
2025-03-25T16:00:00Z,28.66,28.75,28.52,28.59,2616800
2025-03-25T17:00:00Z,28.58,28.67,28.51,28.55,1992300
2025-03-25T18:00:00Z,28.54,28.6,28.52,28.52,1438700
2025-03-25T19:00:00Z,28.52,28.55,28.46,28.5,1749400
2025-03-26T13:00:00Z,28.5,28.64,28.37,28.56,1115200
2025-03-26T14:00:00Z,28.56,28.7,28.53,28.66,1317000
2025-03-26T15:00:00Z,28.66,28.77,28.65,28.73,1219600
2025-03-26T16:00:00Z,28.72,28.87,28.72,28.8,1411900
2025-03-26T17:00:00Z,28.78,28.81,28.7,28.81,1377500
2025-03-26T18:00:00Z,28.79,28.83,28.76,28.78,1434300
2025-03-26T19:00:00Z,28.77,28.82,28.76,28.8,1573300
2025-03-27T13:00:00Z,28.82,28.85,28.55,28.57,1974000
2025-03-27T14:00:00Z,28.58,28.67,28.48,28.62,2338400
2025-03-27T15:00:00Z,28.6,28.73,28.57,28.7,1099500
2025-03-27T16:00:00Z,28.71,28.8,28.66,28.74,1166500
2025-03-27T17:00:00Z,28.74,28.82,28.62,28.67,1061200
2025-03-27T18:00:00Z,28.66,28.78,28.64,28.68,1213900
2025-03-27T19:00:00Z,28.68,28.72,28.56,28.62,3455300
2025-03-28T13:00:00Z,28.69,28.89,28.63,28.74,2410800
2025-03-28T14:00:00Z,28.73,28.77,28.53,28.54,1828900
2025-03-28T15:00:00Z,28.55,28.72,28.53,28.67,1217500
2025-03-28T16:00:00Z,28.67,28.78,28.63,28.63,759000
2025-03-28T17:00:00Z,28.63,28.74,28.62,28.73,717500
2025-03-28T18:00:00Z,28.74,28.98,28.73,28.78,2174700
2025-03-28T19:00:00Z,28.77,28.79,28.66,28.67,1719900
2025-03-31T13:00:00Z,28.5,28.51,27.95,28.08,4238400
2025-03-31T14:00:00Z,28.09,28.11,28,28.08,1819800
2025-03-31T15:00:00Z,28.07,28.1,27.98,28.06,1365000
2025-03-31T16:00:00Z,28.05,28.17,28.02,28.14,1073300
2025-03-31T17:00:00Z,28.13,28.15,28.09,28.13,1255100
2025-03-31T18:00:00Z,28.14,28.35,28.13,28.18,2514500
2025-03-31T19:00:00Z,28.18,28.24,28.13,28.22,2244200
2025-04-01T13:00:00Z,28.17,28.2,28.01,28.14,1145000
2025-04-01T14:00:00Z,28.14,28.44,28.1,28.25,4171200
2025-04-01T15:00:00Z,28.25,28.42,28.24,28.42,957300
2025-04-01T16:00:00Z,28.42,28.49,28.38,28.42,2287300
2025-04-01T17:00:00Z,28.43,28.56,28.38,28.55,1715800
2025-04-01T18:00:00Z,28.55,28.58,28.32,28.37,1377000
2025-04-01T19:00:00Z,28.37,28.45,28.26,28.31,1514300
2025-04-02T13:00:00Z,28.4,28.55,28.21,28.21,1373700
2025-04-02T14:00:00Z,28.21,28.32,28.12,28.28,1346600
2025-04-02T15:00:00Z,28.28,28.28,28.15,28.18,1163600
2025-04-02T16:00:00Z,28.18,28.25,28.17,28.24,559400
2025-04-02T17:00:00Z,28.23,28.29,28.2,28.26,791000
2025-04-02T18:00:00Z,28.26,28.36,28.25,28.26,1291400
2025-04-02T19:00:00Z,28.27,28.36,28.25,28.3,1393700
2025-04-03T13:00:00Z,28.26,28.63,28.22,28.51,2108500
2025-04-03T14:00:00Z,28.51,28.69,28.48,28.59,2104000
2025-04-03T15:00:00Z,28.59,28.6,28.37,28.41,1293600
2025-04-03T16:00:00Z,28.42,28.57,28.37,28.51,1403500
2025-04-03T17:00:00Z,28.49,28.55,28.39,28.42,2255900
2025-04-03T18:00:00Z,28.42,28.46,28.38,28.43,1350600
2025-04-03T19:00:00Z,28.43,28.49,28.39,28.44,2528100
2025-04-04T13:00:00Z,28.2,28.33,27.95,28.01,2943300
2025-04-04T14:00:00Z,28.02,28.05,27.78,27.9,3860000
2025-04-04T15:00:00Z,27.9,28.1,27.83,27.9,2574300
2025-04-04T16:00:00Z,27.91,28.02,27.84,27.99,848200
2025-04-04T17:00:00Z,27.99,28.03,27.91,27.95,727400
2025-04-04T18:00:00Z,27.94,28,27.9,27.95,1340800
2025-04-04T19:00:00Z,27.94,28.06,27.89,27.96,1770400
2025-04-07T13:00:00Z,27.88,27.88,27.36,27.54,4033900
2025-04-07T14:00:00Z,27.54,28.27,27.5,27.88,4788400
2025-04-07T15:00:00Z,27.87,27.96,27.5,27.67,2666400
2025-04-07T16:00:00Z,27.67,27.7,27.53,27.62,1084100
2025-04-07T17:00:00Z,27.64,27.78,27.6,27.71,1276900
2025-04-07T18:00:00Z,27.72,27.8,27.51,27.52,1254600
2025-04-07T19:00:00Z,27.52,27.72,27.52,27.68,2085400
2025-04-08T13:00:00Z,28.03,28.21,27.74,27.79,5724900
2025-04-08T14:00:00Z,27.79,27.83,27.67,27.68,1714400
2025-04-08T15:00:00Z,27.69,27.77,27.58,27.69,1620200
2025-04-08T16:00:00Z,27.69,27.71,27.47,27.56,1802300
2025-04-08T17:00:00Z,27.57,27.71,27.52,27.63,3090100
2025-04-08T18:00:00Z,27.63,27.73,27.55,27.59,2183600
2025-04-08T19:00:00Z,27.6,27.6,27.4,27.58,3102100
2025-04-09T13:00:00Z,27.5,27.55,27.23,27.45,3048300
2025-04-09T14:00:00Z,27.46,27.55,27.27,27.29,2566700
2025-04-09T15:00:00Z,27.28,27.38,27.12,27.14,2890000
2025-04-09T16:00:00Z,27.13,27.26,27.09,27.22,2594500
2025-04-09T17:00:00Z,27.21,28.1,27.11,27.83,6550400
2025-04-09T18:00:00Z,27.84,27.92,27.6,27.62,3549800
2025-04-09T19:00:00Z,27.63,27.83,27.58,27.72,3041300
2025-04-10T13:00:00Z,27.71,27.72,27.25,27.51,2487100
2025-04-10T14:00:00Z,27.51,27.64,27.41,27.43,2063300
2025-04-10T15:00:00Z,27.41,27.49,27.34,27.37,1001600
2025-04-10T16:00:00Z,27.37,27.41,27.14,27.36,1778800
2025-04-10T17:00:00Z,27.36,27.41,27.22,27.33,1944300
2025-04-10T18:00:00Z,27.33,27.5,27.3,27.43,4065600
2025-04-10T19:00:00Z,27.41,27.48,27.32,27.43,2536600
2025-04-11T13:00:00Z,27.73,27.85,27.42,27.65,1771800
2025-04-11T14:00:00Z,27.65,27.75,27.58,27.73,2698300
2025-04-11T15:00:00Z,27.73,27.83,27.63,27.71,918200
2025-04-11T16:00:00Z,27.71,27.81,27.67,27.79,877200
2025-04-11T17:00:00Z,27.78,27.84,27.66,27.76,1924300
2025-04-11T18:00:00Z,27.77,27.78,27.7,27.72,1274600
2025-04-11T19:00:00Z,27.71,27.9,27.71,27.82,3120900
2025-04-14T13:00:00Z,27.97,28.13,27.87,28.02,1926600
2025-04-14T14:00:00Z,28.01,28.09,27.92,27.96,1631400
2025-04-14T15:00:00Z,27.95,27.99,27.87,27.96,1403000
2025-04-14T16:00:00Z,27.96,28.01,27.89,27.91,1113800
2025-04-14T17:00:00Z,27.91,28,27.89,27.94,1180500
2025-04-14T18:00:00Z,27.92,28.15,27.91,28.14,2376000
2025-04-14T19:00:00Z,28.14,28.21,28.03,28.09,2054700
2025-04-15T13:00:00Z,28.03,28.12,27.92,27.96,1282400
2025-04-15T14:00:00Z,27.96,28.03,27.84,27.97,1870100
2025-04-15T15:00:00Z,27.96,28.04,27.89,28.01,1006400
2025-04-15T16:00:00Z,28.01,28.08,27.96,27.98,1501600
2025-04-15T17:00:00Z,27.98,28.05,27.88,27.89,10998400
2025-04-15T18:00:00Z,27.9,27.97,27.87,27.87,1445700
2025-04-15T19:00:00Z,27.87,27.87,27.7,27.74,5362100
2025-04-16T13:00:00Z,27.78,27.89,27.63,27.64,2803500
2025-04-16T14:00:00Z,27.64,27.66,27.44,27.48,2395500
2025-04-16T15:00:00Z,27.47,27.52,27.42,27.51,1447900
2025-04-16T16:00:00Z,27.5,27.54,27.38,27.51,2147200
2025-04-16T17:00:00Z,27.52,27.65,27.39,27.4,3713100
2025-04-16T18:00:00Z,27.41,27.72,27.39,27.67,3284000
2025-04-16T19:00:00Z,27.67,27.73,27.56,27.67,3919400
2025-04-17T13:00:00Z,27.68,27.78,27.35,27.49,3177600
2025-04-17T14:00:00Z,27.49,27.51,27.31,27.36,1759900
2025-04-17T15:00:00Z,27.36,27.51,27.35,27.38,1651200
2025-04-17T16:00:00Z,27.38,27.49,27.38,27.43,887700
2025-04-17T17:00:00Z,27.44,27.47,27.37,27.38,1235900
2025-04-17T18:00:00Z,27.38,27.44,27.3,27.35,2443200
2025-04-17T19:00:00Z,27.34,27.42,27.31,27.4,2172200
2025-04-22T13:00:00Z,27.4,27.52,27.35,27.4,1514600
2025-04-22T14:00:00Z,27.4,27.57,27.38,27.55,1237400
2025-04-22T15:00:00Z,27.55,27.79,27.53,27.76,2551300
2025-04-22T16:00:00Z,27.75,27.83,27.64,27.69,1283300
2025-04-22T17:00:00Z,27.68,27.77,27.65,27.75,1488100
2025-04-22T18:00:00Z,27.74,27.92,27.73,27.81,2579800
2025-04-22T19:00:00Z,27.8,27.82,27.72,27.78,1942800
2025-04-23T13:00:00Z,27.99,28.09,27.86,28.05,1408000
2025-04-23T14:00:00Z,28.05,28.13,28.01,28.06,3105500
2025-04-23T15:00:00Z,28.06,28.22,28.02,28.19,1837900
2025-04-23T16:00:00Z,28.2,28.21,28.06,28.09,779700
2025-04-23T17:00:00Z,28.09,28.1,27.97,28.03,1007000
2025-04-23T18:00:00Z,28.04,28.11,28,28.06,2433500
2025-04-23T19:00:00Z,28.06,28.12,28,28.06,1127500
2025-04-24T13:00:00Z,28.04,28.06,27.12,27.39,9106100
2025-04-24T14:00:00Z,27.39,27.51,27.04,27.44,6495000
2025-04-24T15:00:00Z,27.44,27.61,27.35,27.58,3499100
2025-04-24T16:00:00Z,27.58,27.59,27.41,27.43,2886300
2025-04-24T17:00:00Z,27.42,27.5,27.39,27.43,2898100
2025-04-24T18:00:00Z,27.44,27.59,27.32,27.49,4335400
2025-04-24T19:00:00Z,27.49,27.79,27.47,27.73,4684100
2025-04-25T13:00:00Z,27.7,27.96,27.52,27.73,4126100
2025-04-25T14:00:00Z,27.74,27.98,27.72,27.97,2090300
2025-04-25T15:00:00Z,27.98,27.98,27.89,27.97,990500
2025-04-25T16:00:00Z,27.97,28,27.88,27.92,1325000
2025-04-25T17:00:00Z,27.92,27.97,27.86,27.94,2075600
2025-04-25T18:00:00Z,27.94,28.12,27.92,28.04,2583000
2025-04-25T19:00:00Z,28.02,28.08,27.97,28.04,2681400
2025-04-28T13:00:00Z,28.01,28.1,27.85,28.07,1561400
2025-04-28T14:00:00Z,28.09,28.21,28.06,28.13,1665800
2025-04-28T15:00:00Z,28.14,28.16,27.9,28.07,1782000
2025-04-28T16:00:00Z,28.09,28.11,28.03,28.07,888900
2025-04-28T17:00:00Z,28.06,28.2,27.98,28.19,1626200
2025-04-28T18:00:00Z,28.19,28.35,28.17,28.34,1847300
2025-04-28T19:00:00Z,28.34,28.41,28.23,28.3,3080100
2025-04-29T13:00:00Z,28.37,28.43,28.23,28.34,938100
2025-04-29T14:00:00Z,28.34,28.62,28.32,28.6,1053000
2025-04-29T15:00:00Z,28.59,28.72,28.58,28.6,3086300
2025-04-29T16:00:00Z,28.6,28.66,28.58,28.61,1016900
2025-04-29T17:00:00Z,28.61,28.69,28.6,28.66,1327100
2025-04-29T18:00:00Z,28.67,28.69,28.6,28.65,1736200
2025-04-29T19:00:00Z,28.66,28.67,28.49,28.5,2058200
2025-04-30T13:00:00Z,28.41,28.7,28.36,28.47,1542200
2025-04-30T14:00:00Z,28.47,28.61,28.46,28.58,1285700
2025-04-30T15:00:00Z,28.57,28.76,28.56,28.71,1535000
2025-04-30T16:00:00Z,28.71,28.75,28.63,28.73,1145900
2025-04-30T17:00:00Z,28.74,28.84,28.71,28.8,1822300
2025-04-30T18:00:00Z,28.8,28.87,28.77,28.87,2216300
2025-04-30T19:00:00Z,28.87,28.91,28.8,28.84,2114700
2025-05-02T13:00:00Z,28.9,29.03,28.73,28.85,2038900
2025-05-02T14:00:00Z,28.85,29.05,28.77,29.02,1498200
2025-05-02T15:00:00Z,29.01,29.05,28.84,28.88,1114800
2025-05-02T16:00:00Z,28.88,28.93,28.85,28.92,1095700
2025-05-02T17:00:00Z,28.92,29.01,28.86,28.95,1215200
2025-05-02T18:00:00Z,28.95,29.02,28.92,28.98,1176200
2025-05-02T19:00:00Z,28.98,29.04,28.94,28.94,1646900
2025-05-05T13:00:00Z,29.16,29.45,29.01,29.16,5185700
2025-05-05T14:00:00Z,29.18,29.18,29.07,29.15,1451200
2025-05-05T15:00:00Z,29.16,29.26,29.11,29.17,1085500
2025-05-05T16:00:00Z,29.18,29.19,29.04,29.05,965600
2025-05-05T17:00:00Z,29.06,29.17,29.04,29.15,945500
2025-05-05T18:00:00Z,29.14,29.19,29.1,29.17,1396900
2025-05-05T19:00:00Z,29.17,29.17,29.08,29.09,6659300
2025-05-06T13:00:00Z,29.12,29.2,28.83,29.06,2873800
2025-05-06T14:00:00Z,29.04,29.17,29,29.11,2089900
2025-05-06T15:00:00Z,29.1,29.19,29.01,29.04,2293500
2025-05-06T16:00:00Z,29.03,29.12,28.94,28.97,1962900
2025-05-06T17:00:00Z,28.97,29,28.9,28.95,2509500
2025-05-06T18:00:00Z,28.94,29.01,28.9,28.91,2669900
2025-05-06T19:00:00Z,28.9,28.94,28.8,28.87,2797600
2025-05-07T13:00:00Z,28.96,29.09,28.86,28.96,1075000
2025-05-07T14:00:00Z,28.94,29.08,28.84,29.05,1965900
2025-05-07T15:00:00Z,29.05,29.25,29.05,29.12,7362900
2025-05-07T16:00:00Z,29.12,29.23,29.09,29.22,1862400
2025-05-07T17:00:00Z,29.21,29.29,29.18,29.27,8093400
2025-05-07T18:00:00Z,29.27,29.35,29.23,29.31,7149100
2025-05-07T19:00:00Z,29.3,29.33,29.19,29.24,1813400
2025-05-08T13:00:00Z,29.5,30.04,29.44,29.99,4493400
2025-05-08T14:00:00Z,29.99,30.03,29.61,29.68,9857400
2025-05-08T15:00:00Z,29.68,29.81,29.61,29.64,3044400
2025-05-08T16:00:00Z,29.64,29.65,29.54,29.63,803300
2025-05-08T17:00:00Z,29.62,29.67,29.52,29.58,1321400
2025-05-08T18:00:00Z,29.58,29.66,29.53,29.57,5242100
2025-05-08T19:00:00Z,29.57,29.6,29.46,29.47,2502400
2025-05-09T13:00:00Z,29.48,29.78,29.46,29.77,1523600
2025-05-09T14:00:00Z,29.77,30,29.7,29.76,4393600
2025-05-09T15:00:00Z,29.78,29.82,29.66,29.69,1338200
2025-05-09T16:00:00Z,29.68,29.77,29.63,29.67,1518400
2025-05-09T17:00:00Z,29.68,29.74,29.59,29.67,1326200
2025-05-09T18:00:00Z,29.64,29.7,29.46,29.5,6074300
2025-05-09T19:00:00Z,29.52,29.6,29.5,29.59,2288000
2025-05-12T13:00:00Z,29.52,29.68,28.94,28.97,3559200
2025-05-12T14:00:00Z,28.95,29.07,28.87,29.03,2221300
2025-05-12T15:00:00Z,29.03,29.09,28.99,29.07,994100
2025-05-12T16:00:00Z,29.06,29.2,29.04,29.14,1607300
2025-05-12T17:00:00Z,29.14,29.15,28.98,28.99,2828900
2025-05-12T18:00:00Z,28.98,29.09,28.97,29.05,5637900
2025-05-12T19:00:00Z,29.04,29.16,28.99,29.07,1832300
2025-05-13T13:00:00Z,29.11,29.47,29.07,29.36,1601400
2025-05-13T14:00:00Z,29.36,29.57,29.32,29.53,2313200
2025-05-13T15:00:00Z,29.52,29.64,29.45,29.47,2623100
2025-05-13T16:00:00Z,29.47,29.48,29.32,29.38,1022700
2025-05-13T17:00:00Z,29.37,29.4,29.28,29.3,809600
2025-05-13T18:00:00Z,29.3,29.45,29.3,29.35,1374200
2025-05-13T19:00:00Z,29.36,29.71,29.35,29.55,3926400
2025-05-14T13:00:00Z,29.62,29.75,29.53,29.67,7155400
2025-05-14T14:00:00Z,29.69,29.73,29.57,29.66,1738500
2025-05-14T15:00:00Z,29.67,29.92,29.61,29.85,1483400
2025-05-14T16:00:00Z,29.84,29.88,29.72,29.74,1325000
2025-05-14T17:00:00Z,29.74,29.84,29.73,29.81,978800
2025-05-14T18:00:00Z,29.8,29.85,29.68,29.74,2305400
2025-05-14T19:00:00Z,29.73,29.79,29.65,29.7,3074600
2025-05-15T13:00:00Z,29.76,29.91,29.62,29.77,5504500
2025-05-15T14:00:00Z,29.77,29.81,29.45,29.51,4299500
2025-05-15T15:00:00Z,29.5,29.57,29.43,29.52,5402100
2025-05-15T16:00:00Z,29.51,29.57,29.45,29.5,1631800
2025-05-15T17:00:00Z,29.5,29.51,29.22,29.28,5768000
2025-05-15T18:00:00Z,29.29,29.37,29.17,29.3,11013100
2025-05-15T19:00:00Z,29.29,29.43,29.27,29.32,3709200
2025-05-16T13:00:00Z,25.55,26,25.02,25.66,66675100
2025-05-16T14:00:00Z,25.66,25.95,25.6,25.8,29444700
2025-05-16T15:00:00Z,25.79,25.9,25.71,25.77,12331300
2025-05-16T16:00:00Z,25.78,25.84,25.7,25.8,7130100
2025-05-16T17:00:00Z,25.79,25.8,25.75,25.79,4722900
2025-05-16T18:00:00Z,25.78,25.8,25.62,25.77,11629100
2025-05-16T19:00:00Z,25.75,25.86,25.65,25.75,12940800
2025-05-19T13:00:00Z,25.65,25.7,25.17,25.32,14053300
2025-05-19T14:00:00Z,25.31,25.5,25.3,25.41,6522500
2025-05-19T15:00:00Z,25.41,25.49,25.35,25.39,4993200
2025-05-19T16:00:00Z,25.4,25.43,25.22,25.23,5200000
2025-05-19T17:00:00Z,25.23,25.26,25.17,25.2,6725500
2025-05-19T18:00:00Z,25.2,25.21,25.03,25.04,7985500
2025-05-19T19:00:00Z,25.05,25.13,25.01,25.11,10964300
2025-05-20T13:00:00Z,25.09,25.37,25.09,25.32,5044600
2025-05-20T14:00:00Z,25.32,25.35,25.22,25.31,2967400
2025-05-20T15:00:00Z,25.31,25.46,25.31,25.43,3140700
2025-05-20T16:00:00Z,25.41,25.61,25.41,25.59,3777700
2025-05-20T17:00:00Z,25.58,25.59,25.43,25.46,3244200
2025-05-20T18:00:00Z,25.45,25.51,25.42,25.45,2679400
2025-05-20T19:00:00Z,25.46,25.67,25.45,25.62,4337200
2025-05-21T13:00:00Z,25.58,25.66,25.45,25.51,4312600
2025-05-21T14:00:00Z,25.53,25.54,25.25,25.36,3558600
2025-05-21T15:00:00Z,25.36,25.43,25.3,25.32,2753700
2025-05-21T16:00:00Z,25.31,25.36,25.23,25.33,3659400
2025-05-21T17:00:00Z,25.34,25.34,25.17,25.3,4994100
2025-05-21T18:00:00Z,25.31,25.37,25.28,25.32,4753600
2025-05-21T19:00:00Z,25.32,25.42,25.31,25.33,6463200
2025-05-22T13:00:00Z,25.2,25.34,25.1,25.25,6256700
2025-05-22T14:00:00Z,25.25,25.36,25.2,25.32,13127000
2025-05-22T15:00:00Z,25.32,25.42,25.3,25.32,17655300
2025-05-22T16:00:00Z,25.32,25.33,25.2,25.21,3698200
2025-05-22T17:00:00Z,25.2,25.39,25.16,25.35,5330200
2025-05-22T18:00:00Z,25.36,25.41,25.11,25.12,6070400
2025-05-22T19:00:00Z,25.12,25.27,25.11,25.16,5330800
2025-05-23T13:00:00Z,25.07,25.09,24.67,24.73,7182200
2025-05-23T14:00:00Z,24.74,24.84,24.54,24.62,5986200
2025-05-23T15:00:00Z,24.62,24.66,24.52,24.55,3525800
2025-05-23T16:00:00Z,24.54,24.7,24.53,24.58,2919600
2025-05-23T17:00:00Z,24.57,24.62,24.52,24.57,2748700
2025-05-23T18:00:00Z,24.57,24.6,24.45,24.47,5466600
2025-05-23T19:00:00Z,24.46,24.59,24.44,24.54,4577300
2025-05-26T13:00:00Z,24.51,24.71,24.5,24.62,2581800
2025-05-26T14:00:00Z,24.6,24.68,24.55,24.67,1575200
2025-05-26T15:00:00Z,24.66,24.74,24.62,24.66,1120700
2025-05-26T16:00:00Z,24.65,24.71,24.64,24.67,925700
2025-05-26T17:00:00Z,24.67,24.71,24.65,24.66,1003700
2025-05-26T18:00:00Z,24.66,24.7,24.61,24.66,886100
2025-05-26T19:00:00Z,24.66,24.71,24.63,24.65,1326600
2025-05-27T13:00:00Z,24.92,25.21,24.89,25.05,4892200
2025-05-27T14:00:00Z,25.06,25.16,24.92,24.95,5076900
2025-05-27T15:00:00Z,24.95,24.98,24.8,24.84,4197500
2025-05-27T16:00:00Z,24.85,24.89,24.73,24.74,2481300
2025-05-27T17:00:00Z,24.75,24.79,24.68,24.76,3755000
2025-05-27T18:00:00Z,24.75,24.79,24.68,24.7,2550300
2025-05-27T19:00:00Z,24.7,24.72,24.55,24.62,4494600
2025-05-28T13:00:00Z,24.6,24.65,24.23,24.26,4844400
2025-05-28T14:00:00Z,24.26,24.35,24.23,24.26,3218400
2025-05-28T15:00:00Z,24.26,24.27,24.21,24.22,2808300
2025-05-28T16:00:00Z,24.22,24.23,24.18,24.2,2747800
2025-05-28T17:00:00Z,24.19,24.25,24.14,24.14,5035900
2025-05-28T18:00:00Z,24.14,24.17,24.07,24.13,4525600
2025-05-28T19:00:00Z,24.14,24.16,24.1,24.14,4960900
2025-05-29T13:00:00Z,24.03,24.07,23.74,23.78,10334000
2025-05-29T14:00:00Z,23.78,23.85,23.71,23.78,6076500
2025-05-29T15:00:00Z,23.78,23.78,23.65,23.67,4330400
2025-05-29T16:00:00Z,23.68,23.74,23.65,23.73,3790100
2025-05-29T17:00:00Z,23.73,23.81,23.71,23.79,4651100
2025-05-29T18:00:00Z,23.78,23.8,23.64,23.64,4350100
2025-05-29T19:00:00Z,23.64,23.72,23.64,23.68,4939500
2025-05-30T13:00:00Z,23.75,23.83,23.4,23.44,5673700
2025-05-30T14:00:00Z,23.45,23.48,23.36,23.4,2989500
2025-05-30T15:00:00Z,23.4,23.46,23.38,23.44,1821200
2025-05-30T16:00:00Z,23.44,23.46,23.36,23.4,2375200
2025-05-30T17:00:00Z,23.39,23.45,23.35,23.37,5498900
2025-05-30T18:00:00Z,23.37,23.53,23.37,23.46,8887200
2025-05-30T19:00:00Z,23.47,23.5,23.4,23.42,5664500
2025-06-02T13:00:00Z,23.52,23.6,23.16,23.23,6218400
2025-06-02T14:00:00Z,23.22,23.45,23.18,23.31,5147700
2025-06-02T15:00:00Z,23.31,23.36,23.24,23.31,4456600
2025-06-02T16:00:00Z,23.32,23.33,23.25,23.32,2423000
2025-06-02T17:00:00Z,23.32,23.33,23.23,23.26,2934100
2025-06-02T18:00:00Z,23.25,23.38,23.23,23.31,4462000
2025-06-02T19:00:00Z,23.31,23.32,23.24,23.29,8384900
2025-06-03T13:00:00Z,22.97,23,22.78,22.89,5196500
2025-06-03T14:00:00Z,22.89,23.05,22.83,23.03,3236900
2025-06-03T15:00:00Z,23.04,23.08,22.96,23.01,2360600
2025-06-03T16:00:00Z,23,23.01,22.92,22.93,1649200
2025-06-03T17:00:00Z,22.94,22.99,22.87,22.98,2044900
2025-06-03T18:00:00Z,22.96,23,22.92,22.93,2166700
2025-06-03T19:00:00Z,22.93,22.98,22.91,22.97,2303800
2025-06-04T13:00:00Z,23.06,23.13,22.78,22.84,5952700
2025-06-04T14:00:00Z,22.84,22.84,22.52,22.52,5926700
2025-06-04T15:00:00Z,22.52,22.55,22.5,22.52,3432500
2025-06-04T16:00:00Z,22.52,22.53,22.42,22.47,4362200
2025-06-04T17:00:00Z,22.47,22.52,22.41,22.41,4201100
2025-06-04T18:00:00Z,22.41,22.46,22.36,22.42,4471600
2025-06-04T19:00:00Z,22.42,22.44,22.38,22.41,6216800
2025-06-05T13:00:00Z,22.4,22.53,22.24,22.51,6705500
2025-06-05T14:00:00Z,22.49,22.52,22.38,22.46,4650900
2025-06-05T15:00:00Z,22.46,22.49,22.42,22.43,6371900
2025-06-05T16:00:00Z,22.43,22.44,22.4,22.44,1858600
2025-06-05T17:00:00Z,22.43,22.51,22.39,22.42,9131200
2025-06-05T18:00:00Z,22.42,22.42,22.3,22.35,3821400
2025-06-05T19:00:00Z,22.34,22.39,22.28,22.3,4327500
2025-06-06T13:00:00Z,22.35,22.35,21.97,22.02,8015000
2025-06-06T14:00:00Z,22.02,22.05,21.94,21.95,4393300
2025-06-06T15:00:00Z,21.95,22,21.79,21.81,8327600
2025-06-06T16:00:00Z,21.81,21.92,21.7,21.81,8787500
2025-06-06T17:00:00Z,21.8,21.87,21.76,21.85,9475200
2025-06-06T18:00:00Z,21.85,21.85,21.73,21.75,5513400
2025-06-06T19:00:00Z,21.74,21.82,21.71,21.79,8343200
2025-06-09T13:00:00Z,21.71,21.91,21.47,21.56,10170200
2025-06-09T14:00:00Z,21.55,21.59,21.47,21.57,3477700
2025-06-09T15:00:00Z,21.57,21.74,21.56,21.74,4801600
2025-06-09T16:00:00Z,21.74,21.79,21.71,21.74,2300600
2025-06-09T17:00:00Z,21.74,21.89,21.7,21.86,3695300
2025-06-09T18:00:00Z,21.87,22,21.84,21.93,10359700
2025-06-09T19:00:00Z,21.93,21.93,21.68,21.73,7430900
2025-06-10T13:00:00Z,21.88,21.91,21.3,21.48,12507600
2025-06-10T14:00:00Z,21.48,21.69,21.47,21.59,6920600
2025-06-10T15:00:00Z,21.6,21.67,21.56,21.63,7561100
2025-06-10T16:00:00Z,21.64,21.68,21.56,21.61,2097500
2025-06-10T17:00:00Z,21.6,21.72,21.58,21.66,3222600
2025-06-10T18:00:00Z,21.66,21.66,21.57,21.62,3651900
2025-06-10T19:00:00Z,21.62,21.64,21.58,21.58,3573100
2025-06-11T13:00:00Z,21.5,21.67,21.41,21.67,4131900
2025-06-11T14:00:00Z,21.67,21.83,21.54,21.57,4094500
2025-06-11T15:00:00Z,21.57,21.6,21.52,21.56,1863700
2025-06-11T16:00:00Z,21.58,21.59,21.51,21.55,3293300
2025-06-11T17:00:00Z,21.55,21.73,21.54,21.65,4103600
2025-06-11T18:00:00Z,21.64,21.65,21.47,21.48,5127700
2025-06-11T19:00:00Z,21.49,21.51,21.41,21.45,6671700
2025-06-12T13:00:00Z,21.39,21.39,21.04,21.26,8577700
2025-06-12T14:00:00Z,21.26,21.36,21.2,21.26,3841100
2025-06-12T15:00:00Z,21.26,21.47,21.25,21.44,3160700
2025-06-12T16:00:00Z,21.44,21.48,21.37,21.38,2189300
2025-06-12T17:00:00Z,21.38,21.41,21.33,21.38,2118700
2025-06-12T18:00:00Z,21.38,21.43,21.36,21.42,2808100
2025-06-12T19:00:00Z,21.42,21.5,21.41,21.46,3926500
2025-06-13T13:00:00Z,21.38,21.52,21.24,21.5,8927700
2025-06-13T14:00:00Z,21.52,21.57,21.3,21.41,4913500
2025-06-13T15:00:00Z,21.41,21.5,21.39,21.46,2581700
2025-06-13T16:00:00Z,21.46,21.54,21.4,21.52,2035300
2025-06-13T17:00:00Z,21.52,21.65,21.5,21.63,3885500
2025-06-13T18:00:00Z,21.64,21.64,21.51,21.55,2974600
2025-06-13T19:00:00Z,21.56,21.64,21.5,21.62,3808000
2025-06-16T13:00:00Z,21.78,22.06,21.7,22.03,6864900
2025-06-16T14:00:00Z,22.03,22.09,21.9,22.09,4493400
2025-06-16T15:00:00Z,22.09,22.13,22.03,22.06,4785600
2025-06-16T16:00:00Z,22.06,22.1,21.99,22.03,3201100
2025-06-16T17:00:00Z,22.05,22.08,21.99,22.06,4006400
2025-06-16T18:00:00Z,22.06,22.17,22.04,22.1,4891900
2025-06-16T19:00:00Z,22.11,22.13,22.05,22.06,3245100
2025-06-17T13:00:00Z,22.02,22.07,21.78,21.8,3359400
2025-06-17T14:00:00Z,21.8,21.84,21.71,21.76,5264500
2025-06-17T15:00:00Z,21.75,21.85,21.74,21.79,4116200
2025-06-17T16:00:00Z,21.79,21.86,21.75,21.85,3001700
2025-06-17T17:00:00Z,21.85,21.96,21.84,21.92,3810400
2025-06-17T18:00:00Z,21.91,21.97,21.85,21.97,4238400
2025-06-17T19:00:00Z,21.97,21.97,21.86,21.92,6635200
2025-06-18T13:00:00Z,21.93,21.93,21.76,21.78,3248700
2025-06-18T14:00:00Z,21.78,21.99,21.77,21.93,4606300
2025-06-18T15:00:00Z,21.93,21.97,21.87,21.9,2430300
2025-06-18T16:00:00Z,21.89,21.9,21.83,21.88,2046300
2025-06-18T17:00:00Z,21.88,21.98,21.87,21.94,3034900
2025-06-18T18:00:00Z,21.93,21.95,21.83,21.84,4320700
2025-06-18T19:00:00Z,21.83,21.86,21.71,21.71,6271700
2025-06-20T13:00:00Z,21.8,21.81,21.51,21.53,4035700
2025-06-20T14:00:00Z,21.53,21.59,21.51,21.58,2617400
2025-06-20T15:00:00Z,21.57,21.59,21.52,21.54,2077900
2025-06-20T16:00:00Z,21.55,21.59,21.47,21.48,3347300
2025-06-20T17:00:00Z,21.48,21.5,21.39,21.41,2791500
2025-06-20T18:00:00Z,21.4,21.44,21.37,21.38,2769500
2025-06-20T19:00:00Z,21.39,21.42,21.36,21.41,3231100
2025-06-23T13:00:00Z,21.35,21.37,21.07,21.09,7670900
2025-06-23T14:00:00Z,21.09,21.15,21.08,21.12,4339500
2025-06-23T15:00:00Z,21.13,21.15,21.07,21.1,3551100
2025-06-23T16:00:00Z,21.1,21.13,21.02,21.05,1968800
2025-06-23T17:00:00Z,21.06,21.1,21.02,21.08,3480500
2025-06-23T18:00:00Z,21.09,21.12,21.07,21.1,1904700
2025-06-23T19:00:00Z,21.09,21.1,21.06,21.06,3483800
2025-06-24T13:00:00Z,21.23,21.35,21.07,21.3,2936000
2025-06-24T14:00:00Z,21.3,21.51,21.29,21.48,2579600
2025-06-24T15:00:00Z,21.48,21.67,21.47,21.65,2644100
2025-06-24T16:00:00Z,21.65,21.65,21.54,21.55,2001900
2025-06-24T17:00:00Z,21.54,21.61,21.53,21.59,1486400
2025-06-24T18:00:00Z,21.59,21.62,21.47,21.5,2821300
2025-06-24T19:00:00Z,21.49,21.54,21.43,21.44,2527300
2025-06-25T13:00:00Z,21.36,21.37,21.14,21.24,3305100
2025-06-25T14:00:00Z,21.23,21.24,21.15,21.15,1772900
2025-06-25T15:00:00Z,21.15,21.27,21.1,21.26,2471100
2025-06-25T16:00:00Z,21.26,21.37,21.25,21.32,1324600
2025-06-25T17:00:00Z,21.31,21.34,21.27,21.28,4433400
2025-06-25T18:00:00Z,21.28,21.34,21.25,21.31,3115300
2025-06-25T19:00:00Z,21.31,21.33,21.29,21.3,1571300
2025-06-26T13:00:00Z,21.29,21.42,21.23,21.31,7075200
2025-06-26T14:00:00Z,21.31,21.37,21.29,21.36,6397700
2025-06-26T15:00:00Z,21.35,21.45,21.35,21.42,2393900
2025-06-26T16:00:00Z,21.41,21.44,21.39,21.4,6249300
2025-06-26T17:00:00Z,21.4,21.45,21.39,21.43,1728500
2025-06-26T18:00:00Z,21.43,21.49,21.42,21.45,2102300
2025-06-26T19:00:00Z,21.45,21.58,21.45,21.55,3627700
2025-06-27T13:00:00Z,21.57,21.73,21.41,21.72,8423800
2025-06-27T14:00:00Z,21.71,21.77,21.6,21.62,3805800
2025-06-27T15:00:00Z,21.62,21.72,21.6,21.69,1674200
2025-06-27T16:00:00Z,21.68,21.73,21.64,21.66,1404700
2025-06-27T17:00:00Z,21.67,21.69,21.57,21.64,3418300
2025-06-27T18:00:00Z,21.63,21.71,21.62,21.69,2125100
2025-06-27T19:00:00Z,21.69,21.76,21.68,21.76,4165900
2025-06-30T13:00:00Z,21.74,21.75,21.55,21.75,3343000
2025-06-30T14:00:00Z,21.75,21.91,21.69,21.89,2824900
2025-06-30T15:00:00Z,21.89,21.9,21.77,21.84,3080300
2025-06-30T16:00:00Z,21.85,21.87,21.81,21.87,1152200
2025-06-30T17:00:00Z,21.87,21.98,21.85,21.98,2827400
2025-06-30T18:00:00Z,21.98,22.25,21.97,22.22,4458400
2025-06-30T19:00:00Z,22.22,22.24,22.13,22.17,7011900
2025-07-01T13:00:00Z,22.21,22.51,22.11,22.38,6805300
2025-07-01T14:00:00Z,22.38,22.44,22.21,22.26,2639000
2025-07-01T15:00:00Z,22.26,22.27,22.06,22.08,2381600
2025-07-01T16:00:00Z,22.08,22.18,22.08,22.16,2271000
2025-07-01T17:00:00Z,22.15,22.21,22.13,22.18,2560800
2025-07-01T18:00:00Z,22.18,22.21,22.02,22.06,7317100
2025-07-01T19:00:00Z,22.05,22.06,21.9,21.96,5158000
2025-07-02T13:00:00Z,21.91,21.95,21.6,21.63,5041100
2025-07-02T14:00:00Z,21.62,21.76,21.58,21.73,3579700
2025-07-02T15:00:00Z,21.73,21.97,21.69,21.87,3282700
2025-07-02T16:00:00Z,21.86,21.96,21.84,21.93,2035700
2025-07-02T17:00:00Z,21.93,21.99,21.89,21.95,1309200
2025-07-02T18:00:00Z,21.95,22.03,21.91,22.03,1593200
2025-07-02T19:00:00Z,22.03,22.07,21.95,22,3251400
2025-07-03T13:00:00Z,22.03,22.5,21.94,22.43,5005400
2025-07-03T14:00:00Z,22.43,22.51,22.26,22.29,3365600
2025-07-03T15:00:00Z,22.28,22.32,22.17,22.21,2488300
2025-07-03T16:00:00Z,22.21,22.35,22.2,22.34,1794200
2025-07-03T17:00:00Z,22.34,22.35,22.25,22.3,1717300
2025-07-03T18:00:00Z,22.31,22.32,22.25,22.28,5426800
2025-07-03T19:00:00Z,22.27,22.33,22.23,22.33,5279800
2025-07-04T13:00:00Z,22.27,22.49,22.17,22.49,3959300
2025-07-04T14:00:00Z,22.49,22.49,22.37,22.4,1495000
2025-07-04T15:00:00Z,22.41,22.54,22.37,22.4,2521600
2025-07-04T16:00:00Z,22.4,22.45,22.36,22.36,953100
2025-07-04T17:00:00Z,22.36,22.47,22.33,22.44,1351700
2025-07-04T18:00:00Z,22.44,22.49,22.42,22.46,1707100
2025-07-04T19:00:00Z,22.46,22.46,22.41,22.43,1537100
2025-07-07T13:00:00Z,22.44,22.48,22.2,22.21,4115800
2025-07-07T14:00:00Z,22.2,22.21,22.06,22.1,2317900
2025-07-07T15:00:00Z,22.1,22.14,22.03,22.09,1791600
2025-07-07T16:00:00Z,22.1,22.1,22.02,22.03,1502300
2025-07-07T17:00:00Z,22.03,22.12,21.99,22.09,2471000
2025-07-07T18:00:00Z,22.08,22.15,22.08,22.15,1323900
2025-07-07T19:00:00Z,22.15,22.19,22.12,22.15,2317900
2025-07-08T13:00:00Z,22.06,22.26,22.02,22.19,3916700
2025-07-08T14:00:00Z,22.2,22.24,22.1,22.14,1923100
2025-07-08T15:00:00Z,22.14,22.22,22.1,22.13,3172200
2025-07-08T16:00:00Z,22.14,22.14,22.02,22.03,1589400
2025-07-08T17:00:00Z,22.05,22.11,22.03,22.1,1499100
2025-07-08T18:00:00Z,22.1,22.15,22.07,22.09,2178900
2025-07-08T19:00:00Z,22.09,22.1,22,22.02,2382300
2025-07-09T13:00:00Z,22.01,22.05,21.85,21.86,4631400
2025-07-09T14:00:00Z,21.85,21.89,21.73,21.74,4171600
2025-07-09T15:00:00Z,21.74,21.79,21.72,21.77,1160000
2025-07-09T16:00:00Z,21.77,21.78,21.6,21.63,7404200
2025-07-09T17:00:00Z,21.63,21.64,21.46,21.49,2781500
2025-07-09T18:00:00Z,21.48,21.55,21.44,21.46,2246000
2025-07-09T19:00:00Z,21.46,21.49,21.39,21.49,5024200
2025-07-10T13:00:00Z,21.2,21.47,21.16,21.43,6700800
2025-07-10T14:00:00Z,21.41,21.53,21.38,21.49,5009800
2025-07-10T15:00:00Z,21.47,21.51,21.31,21.34,2909000
2025-07-10T16:00:00Z,21.33,21.42,21.32,21.33,1548300
2025-07-10T17:00:00Z,21.32,21.37,21.27,21.27,2081100
2025-07-10T18:00:00Z,21.27,21.31,21.18,21.18,2969200
2025-07-10T19:00:00Z,21.19,21.23,21.17,21.21,3931700
2025-07-11T13:00:00Z,21.18,21.2,20.82,20.94,10437900
2025-07-11T14:00:00Z,20.94,21.07,20.91,21,2715500
2025-07-11T15:00:00Z,21,21.03,20.95,21.01,1475700
2025-07-11T16:00:00Z,21.01,21.03,20.98,21.01,1374100
2025-07-11T17:00:00Z,21.01,21.04,20.96,21.01,2192900
2025-07-11T18:00:00Z,21.01,21.17,21,21.15,2378100
2025-07-11T19:00:00Z,21.14,21.16,21.09,21.14,3092200
2025-07-14T13:00:00Z,21.12,21.13,20.86,20.91,6666000
2025-07-14T14:00:00Z,20.91,20.94,20.81,20.83,3075200
2025-07-14T15:00:00Z,20.83,20.86,20.76,20.83,3469400
2025-07-14T16:00:00Z,20.82,20.85,20.79,20.83,1791500
2025-07-14T17:00:00Z,20.82,20.83,20.73,20.77,2629300
2025-07-14T18:00:00Z,20.76,20.79,20.66,20.68,3441500
2025-07-14T19:00:00Z,20.68,20.72,20.62,20.69,4425300
2025-07-15T13:00:00Z,20.75,21.02,20.71,20.97,7841500
2025-07-15T14:00:00Z,20.97,20.98,20.77,20.83,6848200
2025-07-15T15:00:00Z,20.83,20.89,20.76,20.88,2132800
2025-07-15T16:00:00Z,20.88,20.97,20.86,20.89,2651400
2025-07-15T17:00:00Z,20.88,21.06,20.87,21.02,2755800
2025-07-15T18:00:00Z,21.01,21.06,20.92,20.96,2660700
2025-07-15T19:00:00Z,20.95,21,20.93,20.99,3433300
2025-07-16T13:00:00Z,20.99,20.99,20.45,20.49,8020300
2025-07-16T14:00:00Z,20.48,20.54,20.33,20.35,5815600
2025-07-16T15:00:00Z,20.35,20.36,20.17,20.26,6099600
2025-07-16T16:00:00Z,20.27,20.38,20.24,20.37,5835700
2025-07-16T17:00:00Z,20.38,20.81,20.37,20.79,13488100
2025-07-16T18:00:00Z,20.79,20.86,20.69,20.82,7201600
2025-07-16T19:00:00Z,20.83,20.86,20.76,20.83,5892500
2025-07-17T13:00:00Z,20.84,20.9,20.58,20.68,5001100
2025-07-17T14:00:00Z,20.67,20.8,20.61,20.76,2784500
2025-07-17T15:00:00Z,20.75,20.79,20.69,20.74,2023100
2025-07-17T16:00:00Z,20.73,20.78,20.67,20.68,2893200
2025-07-17T17:00:00Z,20.69,20.75,20.66,20.67,3824000
2025-07-17T18:00:00Z,20.66,20.82,20.58,20.79,5031100
2025-07-17T19:00:00Z,20.79,20.82,20.74,20.8,3688600
2025-07-18T13:00:00Z,20.6,20.82,20.54,20.76,3725100
2025-07-18T14:00:00Z,20.76,20.78,20.61,20.64,2715300
2025-07-18T15:00:00Z,20.63,20.69,20.48,20.48,2353500
2025-07-18T16:00:00Z,20.49,20.5,20.35,20.35,2534400
2025-07-18T17:00:00Z,20.35,20.38,20.2,20.24,4672800
2025-07-18T18:00:00Z,20.24,20.43,20.23,20.37,14290100
2025-07-18T19:00:00Z,20.36,20.38,20.26,20.26,5357600
2025-07-21T13:00:00Z,20.36,20.41,20.12,20.15,4237200
2025-07-21T14:00:00Z,20.15,20.2,20.08,20.16,5077400
2025-07-21T15:00:00Z,20.17,20.18,20.09,20.1,5774900
2025-07-21T16:00:00Z,20.1,20.16,20.03,20.12,3699400
2025-07-21T17:00:00Z,20.13,20.15,19.96,19.98,5210000
2025-07-21T18:00:00Z,19.99,19.99,19.92,19.97,3087400
2025-07-21T19:00:00Z,19.97,20,19.86,19.86,11724800
2025-07-22T13:00:00Z,19.99,20.15,19.91,20.12,5252000
2025-07-22T14:00:00Z,20.11,20.18,20.05,20.1,2976100
2025-07-22T15:00:00Z,20.1,20.13,19.98,19.99,2273000
2025-07-22T16:00:00Z,19.98,20,19.87,19.91,2942900
2025-07-22T17:00:00Z,19.92,19.96,19.88,19.93,2676700
2025-07-22T18:00:00Z,19.92,19.94,19.88,19.92,3738600
2025-07-22T19:00:00Z,19.92,19.94,19.87,19.9,1924600
2025-07-23T13:00:00Z,19.95,20.04,19.87,20.02,3748300
2025-07-23T14:00:00Z,20.02,20.1,19.99,20.08,4129600
2025-07-23T15:00:00Z,20.08,20.2,20.08,20.2,4847100
2025-07-23T16:00:00Z,20.19,20.27,20.18,20.24,6137000
2025-07-23T17:00:00Z,20.23,20.42,20.23,20.36,7054200
2025-07-23T18:00:00Z,20.37,20.42,20.31,20.34,3394900
2025-07-23T19:00:00Z,20.34,20.35,20.21,20.29,4070400
2025-07-24T13:00:00Z,20.19,20.19,19.9,20.03,7213200
2025-07-24T14:00:00Z,20.04,20.05,20,20.03,2716300
2025-07-24T15:00:00Z,20.03,20.04,19.91,20.03,4501000
2025-07-24T16:00:00Z,20.02,20.23,20.02,20.16,8915500
2025-07-24T17:00:00Z,20.15,20.16,19.99,20.02,8319300
2025-07-24T18:00:00Z,20.01,20.05,19.97,20.03,2803100
2025-07-24T19:00:00Z,20.02,20.11,19.99,20.09,7193400
2025-07-25T13:00:00Z,20.19,20.38,20.14,20.29,10375500
2025-07-25T14:00:00Z,20.29,20.47,20.26,20.28,8405400
2025-07-25T15:00:00Z,20.28,20.3,20.18,20.21,1567700
2025-07-25T16:00:00Z,20.22,20.29,20.18,20.24,7269700
2025-07-25T17:00:00Z,20.24,20.28,20.18,20.19,2023500
2025-07-25T18:00:00Z,20.2,20.2,20.13,20.19,2004800
2025-07-25T19:00:00Z,20.19,20.33,20.17,20.28,4405300
2025-07-28T13:00:00Z,20.26,20.36,20.06,20.11,5954500
2025-07-28T14:00:00Z,20.1,20.18,20.06,20.14,3832500
2025-07-28T15:00:00Z,20.13,20.14,20.04,20.07,1299000
2025-07-28T16:00:00Z,20.07,20.09,20.04,20.06,1026800
2025-07-28T17:00:00Z,20.05,20.06,19.97,20,5726700
2025-07-28T18:00:00Z,19.99,20.03,19.96,20.01,1867500
2025-07-28T19:00:00Z,20.01,20.04,19.96,19.97,2663700
2025-07-29T13:00:00Z,20.03,20.06,19.96,20,11544300
2025-07-29T14:00:00Z,20,20.03,19.98,20,2891400
2025-07-29T15:00:00Z,19.99,20.03,19.99,20.02,1951500
2025-07-29T16:00:00Z,20.03,20.06,20.02,20.03,7248900
2025-07-29T17:00:00Z,20.03,20.03,19.96,19.96,1616700
2025-07-29T18:00:00Z,19.97,20,19.94,19.98,4314600
2025-07-29T19:00:00Z,19.98,19.98,19.88,19.95,5198300
2025-07-30T13:00:00Z,19.91,20.1,19.79,19.94,10221600
2025-07-30T14:00:00Z,19.93,19.97,19.84,19.9,19672400
2025-07-30T15:00:00Z,19.9,19.9,19.77,19.79,20665900
2025-07-30T16:00:00Z,19.79,19.84,19.72,19.8,3132200
2025-07-30T17:00:00Z,19.79,19.85,19.73,19.74,3385500
2025-07-30T18:00:00Z,19.73,19.94,19.62,19.79,12116200
2025-07-30T19:00:00Z,19.79,19.9,19.76,19.86,7927500
2025-07-31T13:00:00Z,19.83,19.83,19.6,19.71,6008400
2025-07-31T14:00:00Z,19.69,19.8,19.68,19.69,3819700
2025-07-31T15:00:00Z,19.69,19.79,19.67,19.73,2367900
2025-07-31T16:00:00Z,19.73,19.8,19.72,19.74,1487200
2025-07-31T17:00:00Z,19.75,19.76,19.63,19.68,5248100
2025-07-31T18:00:00Z,19.67,19.72,19.65,19.71,2731400
2025-07-31T19:00:00Z,19.7,19.78,19.63,19.78,3598000
2025-08-01T13:00:00Z,19.9,20,19.71,19.81,6077600
2025-08-01T14:00:00Z,19.82,19.84,19.71,19.73,1660900
2025-08-01T15:00:00Z,19.73,19.76,19.64,19.7,2015500
2025-08-01T16:00:00Z,19.7,19.75,19.65,19.66,3433700
2025-08-01T17:00:00Z,19.66,19.67,19.6,19.64,3699400
2025-08-01T18:00:00Z,19.64,19.65,18.35,18.37,25981000
2025-08-01T19:00:00Z,18.36,18.74,18.12,18.4,40657000
2025-08-04T13:00:00Z,18.54,18.93,18.46,18.9,17824000
2025-08-04T14:00:00Z,18.9,19.02,18.84,18.88,9342200
2025-08-04T15:00:00Z,18.89,18.89,18.73,18.8,5373100
2025-08-04T16:00:00Z,18.8,18.88,18.74,18.84,3450800
2025-08-04T17:00:00Z,18.84,18.88,18.78,18.81,2411100
2025-08-04T18:00:00Z,18.8,18.93,18.76,18.88,4779000
2025-08-04T19:00:00Z,18.88,18.9,18.76,18.85,6213700
2025-08-05T13:00:00Z,18.78,18.91,18.7,18.87,9662100
2025-08-05T14:00:00Z,18.87,18.89,18.58,18.71,7126500
2025-08-05T15:00:00Z,18.72,18.8,18.67,18.76,2251500
2025-08-05T16:00:00Z,18.76,18.79,18.72,18.73,3032600
2025-08-05T17:00:00Z,18.73,18.78,18.71,18.73,3820700
2025-08-05T18:00:00Z,18.72,18.82,18.7,18.74,5238200
2025-08-05T19:00:00Z,18.74,18.77,18.66,18.68,3889100
2025-08-06T13:00:00Z,18.82,18.96,18.76,18.85,5603500
2025-08-06T14:00:00Z,18.85,18.94,18.8,18.88,3634100
2025-08-06T15:00:00Z,18.89,18.93,18.78,18.8,4837600
2025-08-06T16:00:00Z,18.8,18.83,18.73,18.74,2293900
2025-08-06T17:00:00Z,18.73,18.8,18.73,18.78,2594300
2025-08-06T18:00:00Z,18.78,18.86,18.76,18.84,8638000
2025-08-06T19:00:00Z,18.84,18.84,18.73,18.78,3482200
2025-08-07T13:00:00Z,18.82,18.82,18.66,18.73,2814300
2025-08-07T14:00:00Z,18.73,18.83,18.71,18.82,3174600
2025-08-07T15:00:00Z,18.83,18.93,18.82,18.92,6533400
2025-08-07T16:00:00Z,18.92,18.98,18.88,18.97,2623100
2025-08-07T17:00:00Z,18.96,19.04,18.93,18.95,2572600
2025-08-07T18:00:00Z,18.95,18.99,18.89,18.91,4776000
2025-08-07T19:00:00Z,18.91,18.93,18.88,18.91,4896800
2025-08-08T13:00:00Z,18.95,19.13,18.93,19.07,13102400
2025-08-08T14:00:00Z,19.07,19.19,19.05,19.17,2308200
2025-08-08T15:00:00Z,19.17,19.23,19.12,19.14,2543400
2025-08-08T16:00:00Z,19.15,19.23,19.13,19.18,1614900
2025-08-08T17:00:00Z,19.18,19.21,19.1,19.12,3149000
2025-08-08T18:00:00Z,19.13,19.17,18.87,18.88,6755000
2025-08-08T19:00:00Z,18.88,18.94,18.81,18.89,5810100
2025-08-11T13:00:00Z,18.93,19.05,18.76,19.03,3991900
2025-08-11T14:00:00Z,19.02,19.15,18.99,19.04,3602200
2025-08-11T15:00:00Z,19.05,19.08,19,19.08,1603400
2025-08-11T16:00:00Z,19.08,19.12,19.02,19.02,2069000
2025-08-11T17:00:00Z,19.03,19.05,18.98,19.03,1888900
2025-08-11T18:00:00Z,19.03,19.07,19.02,19.06,3691800
2025-08-11T19:00:00Z,19.05,19.1,19.01,19.08,3091800
2025-08-12T13:00:00Z,19.26,19.53,19.22,19.46,4129700
2025-08-12T14:00:00Z,19.45,19.51,19.22,19.22,4327500
2025-08-12T15:00:00Z,19.22,19.33,19.22,19.28,2390500
2025-08-12T16:00:00Z,19.27,19.35,19.25,19.33,2244000
2025-08-12T17:00:00Z,19.33,19.34,19.21,19.26,3187000
2025-08-12T18:00:00Z,19.26,19.33,19.24,19.28,4504200
2025-08-12T19:00:00Z,19.28,19.35,19.26,19.33,2632700
2025-08-13T13:00:00Z,19.28,19.4,19.24,19.39,3549800
2025-08-13T14:00:00Z,19.39,19.59,19.37,19.52,4993400
2025-08-13T15:00:00Z,19.53,19.54,19.45,19.47,2313500
2025-08-13T16:00:00Z,19.46,19.49,19.42,19.46,2100000
2025-08-13T17:00:00Z,19.47,19.5,19.43,19.46,3101600
2025-08-13T18:00:00Z,19.45,19.47,19.32,19.33,5879200
2025-08-13T19:00:00Z,19.33,19.36,19.26,19.34,6521900
2025-08-14T13:00:00Z,19.16,19.34,19.07,19.24,3923300
2025-08-14T14:00:00Z,19.25,19.81,19.24,19.72,9373300
2025-08-14T15:00:00Z,19.72,19.96,19.55,19.85,7075100
2025-08-14T16:00:00Z,19.85,19.96,19.74,19.84,6302300
2025-08-14T17:00:00Z,19.84,19.85,19.62,19.68,9620800
2025-08-14T18:00:00Z,19.69,19.78,19.65,19.76,5815600
2025-08-14T19:00:00Z,19.76,19.93,19.75,19.85,23864100
2025-08-15T13:00:00Z,19.03,20.11,19.02,20.11,34174700
2025-08-15T14:00:00Z,20.36,20.46,19.79,20.04,21409800
2025-08-15T15:00:00Z,20.04,20.04,19.81,19.97,20775500
2025-08-15T16:00:00Z,19.97,20.12,19.81,19.88,10885500
2025-08-15T17:00:00Z,19.89,20.25,19.87,20.1,10031900
2025-08-15T18:00:00Z,20.1,20.35,20.06,20.27,11884700
2025-08-15T19:00:00Z,20.27,20.8,20.26,20.52,15410100
2025-08-18T13:00:00Z,20.57,20.75,20.15,20.33,15299800
2025-08-18T14:00:00Z,20.34,20.99,20.34,20.95,10175100
2025-08-18T15:00:00Z,20.96,21.15,20.9,21,6389500
2025-08-18T16:00:00Z,21,21.05,20.87,20.89,4223000
2025-08-18T17:00:00Z,20.89,20.99,20.78,20.96,5240100
2025-08-18T18:00:00Z,20.95,21.18,20.94,21.16,6955800
2025-08-18T19:00:00Z,21.15,21.17,21.07,21.15,6658000
2025-08-19T13:00:00Z,20.8,20.93,20.6,20.9,12586600
2025-08-19T14:00:00Z,20.91,20.93,20.14,20.17,12387800
2025-08-19T15:00:00Z,20.17,20.28,20.04,20.16,6453400
2025-08-19T16:00:00Z,20.16,20.36,20.15,20.29,4015600
2025-08-19T17:00:00Z,20.29,20.3,20,20.01,5637800
2025-08-19T18:00:00Z,20.01,20.02,19.69,19.85,7678900
2025-08-19T19:00:00Z,19.84,19.97,19.79,19.85,6207600
2025-08-20T13:00:00Z,19.77,19.98,19.53,19.74,10232900
2025-08-20T14:00:00Z,19.74,19.89,19.64,19.69,4279400
2025-08-20T15:00:00Z,19.69,19.88,19.67,19.87,2366500
2025-08-20T16:00:00Z,19.87,20.03,19.78,19.94,3886800
2025-08-20T17:00:00Z,19.93,20.03,19.63,19.85,8058200
2025-08-20T18:00:00Z,19.83,19.94,19.8,19.89,3583900
2025-08-20T19:00:00Z,19.89,19.92,19.81,19.9,3466800
2025-08-21T13:00:00Z,19.67,19.8,19.51,19.73,6638700
2025-08-21T14:00:00Z,19.72,19.79,19.55,19.64,4540400
2025-08-21T15:00:00Z,19.65,19.71,19.53,19.55,2211400
2025-08-21T16:00:00Z,19.55,19.6,19.46,19.6,4326600
2025-08-21T17:00:00Z,19.6,19.68,19.59,19.62,2728300
2025-08-21T18:00:00Z,19.63,19.77,19.61,19.74,3511600
2025-08-21T19:00:00Z,19.74,19.8,19.69,19.74,8812300
2025-08-22T13:00:00Z,19.69,20.29,19.62,20.26,6936200
2025-08-22T14:00:00Z,20.25,20.56,20.25,20.37,8346700
2025-08-22T15:00:00Z,20.37,20.37,20.28,20.32,3156100
2025-08-22T16:00:00Z,20.3,20.39,20.3,20.39,2781100
2025-08-22T17:00:00Z,20.39,20.49,20.35,20.48,3478300
2025-08-22T18:00:00Z,20.48,20.66,20.47,20.63,4838800
2025-08-22T19:00:00Z,20.63,20.7,20.53,20.56,5468400
2025-08-25T13:00:00Z,20.49,20.57,20.29,20.31,4961100
2025-08-25T14:00:00Z,20.32,20.4,20.25,20.33,4006300
2025-08-25T15:00:00Z,20.34,20.38,20.25,20.3,2217000
2025-08-25T16:00:00Z,20.31,20.33,20.07,20.09,2790200
2025-08-25T17:00:00Z,20.1,20.15,20.06,20.12,2780500
2025-08-25T18:00:00Z,20.12,20.16,20.09,20.1,2367300
2025-08-25T19:00:00Z,20.1,20.15,20.07,20.12,2982900
2025-08-26T13:00:00Z,20.06,20.42,20.03,20.32,4622700
2025-08-26T14:00:00Z,20.31,20.33,19.93,20.02,4362300
2025-08-26T15:00:00Z,20.01,20.15,19.97,20.11,2961100
2025-08-26T16:00:00Z,20.11,20.17,20.08,20.1,1503300
2025-08-26T17:00:00Z,20.11,20.3,20.09,20.28,5545600
2025-08-26T18:00:00Z,20.28,20.3,20.16,20.18,3479500
2025-08-26T19:00:00Z,20.18,20.27,20.18,20.24,2053200
2025-08-27T13:00:00Z,19.98,20.15,19.93,20.11,14899900
2025-08-27T14:00:00Z,20.1,20.5,20.07,20.41,6267000
2025-08-27T15:00:00Z,20.43,20.48,20.36,20.44,2525700
2025-08-27T16:00:00Z,20.44,20.46,20.37,20.43,1584300
2025-08-27T17:00:00Z,20.42,20.54,20.4,20.54,3624700
2025-08-27T18:00:00Z,20.53,20.58,20.5,20.54,5066600
2025-08-27T19:00:00Z,20.54,20.7,20.54,20.62,6142200
2025-08-28T13:00:00Z,20.86,21.13,20.83,21.1,7130800
2025-08-28T14:00:00Z,21.1,21.24,21.04,21.23,4739600
2025-08-28T15:00:00Z,21.23,21.31,21.18,21.22,3420200
2025-08-28T16:00:00Z,21.23,21.24,21.18,21.19,1754800
2025-08-28T17:00:00Z,21.2,21.23,21.15,21.17,4190600
2025-08-28T18:00:00Z,21.17,21.19,21.11,21.12,2542800
2025-08-28T19:00:00Z,21.13,21.17,21.08,21.13,3401900
2025-08-29T13:00:00Z,21.12,21.24,21.07,21.15,2822300
2025-08-29T14:00:00Z,21.15,21.23,21.12,21.22,2737500
2025-08-29T15:00:00Z,21.21,21.26,21.14,21.16,1835100
2025-08-29T16:00:00Z,21.16,21.18,21.11,21.11,5466400
2025-08-29T17:00:00Z,21.12,21.19,21.08,21.17,1860400
2025-08-29T18:00:00Z,21.18,21.28,21.13,21.26,3750200
2025-08-29T19:00:00Z,21.27,21.4,21.25,21.39,6002100
2025-09-01T13:00:00Z,21.4,21.53,21.24,21.26,3792200
2025-09-01T14:00:00Z,21.26,21.27,21.13,21.19,3713400
2025-09-01T15:00:00Z,21.19,21.28,21.08,21.11,2280000
2025-09-01T16:00:00Z,21.11,21.12,21.01,21.02,1832200
2025-09-01T17:00:00Z,21.02,21.07,20.96,21.05,1816400
2025-09-01T18:00:00Z,21.05,21.1,21.02,21.05,1212800
2025-09-01T19:00:00Z,21.05,21.09,21.03,21.09,1139700
2025-09-02T13:00:00Z,20.14,20.48,20.08,20.36,12914400
2025-09-02T14:00:00Z,20.35,20.67,20.35,20.6,6861000
2025-09-02T15:00:00Z,20.6,20.61,20.22,20.33,5727100
2025-09-02T16:00:00Z,20.33,20.45,20.32,20.43,2621400
2025-09-02T17:00:00Z,20.44,20.45,20.34,20.41,2405100
2025-09-02T18:00:00Z,20.42,20.49,20.34,20.45,4673500
2025-09-02T19:00:00Z,20.45,20.54,20.43,20.48,7252700
2025-09-03T13:00:00Z,20.41,20.55,20.17,20.25,4876900
2025-09-03T14:00:00Z,20.25,20.38,20.25,20.3,3692600
2025-09-03T15:00:00Z,20.29,20.31,20.12,20.13,3264000
2025-09-03T16:00:00Z,20.12,20.15,20.08,20.13,3067800
2025-09-03T17:00:00Z,20.13,20.17,20.12,20.15,2015900
2025-09-03T18:00:00Z,20.15,20.18,20.12,20.14,2053000
2025-09-03T19:00:00Z,20.14,20.4,20.13,20.29,6048600
2025-09-04T13:00:00Z,20.3,20.34,20.13,20.16,4871500
2025-09-04T14:00:00Z,20.16,20.19,20.04,20.18,3426800
2025-09-04T15:00:00Z,20.19,20.2,20.12,20.14,2374800
2025-09-04T16:00:00Z,20.12,20.15,20.11,20.11,1222800
2025-09-04T17:00:00Z,20.12,20.55,20.1,20.41,10187700
2025-09-04T18:00:00Z,20.42,20.47,20.33,20.36,2886700
2025-09-04T19:00:00Z,20.37,20.47,20.35,20.47,3097800
2025-09-05T13:00:00Z,20.81,21.38,20.77,21.31,14691600
2025-09-05T14:00:00Z,21.31,21.44,21.18,21.2,8619900
2025-09-05T15:00:00Z,21.21,21.29,21.14,21.18,3302100
2025-09-05T16:00:00Z,21.19,21.21,21.15,21.19,1808100
2025-09-05T17:00:00Z,21.2,21.23,21.17,21.23,2356600
2025-09-05T18:00:00Z,21.23,21.29,21.17,21.18,2316100
2025-09-05T19:00:00Z,21.18,21.18,21.09,21.14,4718800
2025-09-08T13:00:00Z,21.14,21.28,20.92,20.97,3749000
2025-09-08T14:00:00Z,20.96,21,20.77,20.82,3752900
2025-09-08T15:00:00Z,20.82,20.87,20.77,20.78,2182000
2025-09-08T16:00:00Z,20.78,20.81,20.66,20.76,10499000
2025-09-08T17:00:00Z,20.75,20.9,20.73,20.83,3831100
2025-09-08T18:00:00Z,20.83,20.93,20.79,20.91,8042200
2025-09-08T19:00:00Z,20.91,21.05,20.9,20.96,5853700
2025-09-09T13:00:00Z,21.1,21.16,20.93,21.03,5350100
2025-09-09T14:00:00Z,21.04,21.15,20.97,21.09,2869300
2025-09-09T15:00:00Z,21.09,21.13,21.05,21.09,1802800
2025-09-09T16:00:00Z,21.09,21.12,21.03,21.04,1693200
2025-09-09T17:00:00Z,21.05,21.12,21.03,21.09,1968700
2025-09-09T18:00:00Z,21.1,21.44,21.09,21.32,7535900
2025-09-09T19:00:00Z,21.33,21.42,21.28,21.36,7833800
2025-09-10T13:00:00Z,21.3,22.22,21.3,22.16,24448000
2025-09-10T14:00:00Z,22.16,22.27,22.06,22.18,13511900
2025-09-10T15:00:00Z,22.18,22.2,22.02,22.02,3073800
2025-09-10T16:00:00Z,22.02,22.11,21.99,22.09,4810100
2025-09-10T17:00:00Z,22.09,22.11,21.97,22.09,4959100
2025-09-10T18:00:00Z,22.09,22.11,22.03,22.03,5910700
2025-09-10T19:00:00Z,22.04,22.15,22.02,22.06,8568300
2025-09-11T13:00:00Z,22.09,22.42,22.04,22.41,6000400
2025-09-11T14:00:00Z,22.42,22.55,22.38,22.45,7469100
2025-09-11T15:00:00Z,22.45,22.52,22.33,22.47,4423800
2025-09-11T16:00:00Z,22.47,22.5,22.45,22.48,3000200
2025-09-11T17:00:00Z,22.48,22.54,22.46,22.48,2683500
2025-09-11T18:00:00Z,22.49,22.49,22.26,22.34,8465900
2025-09-11T19:00:00Z,22.33,22.36,22.18,22.22,7156200
2025-09-12T13:00:00Z,22.04,22.26,21.89,22.13,12905600
2025-09-12T14:00:00Z,22.13,22.37,22.13,22.23,7436700
2025-09-12T15:00:00Z,22.23,22.35,22.2,22.26,2320500
2025-09-12T16:00:00Z,22.25,22.33,22.22,22.29,2978500
2025-09-12T17:00:00Z,22.29,22.33,22.25,22.32,3170200
2025-09-12T18:00:00Z,22.31,22.37,22.29,22.32,4132600
2025-09-12T19:00:00Z,22.3,22.38,22.3,22.34,4399800
2025-09-15T13:00:00Z,22.32,22.4,22.06,22.13,6781100
2025-09-15T14:00:00Z,22.13,22.13,21.96,22.03,5370800
2025-09-15T15:00:00Z,22.03,22.16,22.02,22.08,4692700
2025-09-15T16:00:00Z,22.08,22.14,22.04,22.07,3167200
2025-09-15T17:00:00Z,22.06,22.12,22.02,22.1,3468000
2025-09-15T18:00:00Z,22.1,22.17,22.07,22.11,3765400
2025-09-15T19:00:00Z,22.1,22.11,21.82,21.82,6046400
2025-09-16T13:00:00Z,21.95,22.14,21.83,22.07,3893200
2025-09-16T14:00:00Z,22.08,22.08,21.93,21.96,2860200
2025-09-16T15:00:00Z,21.97,21.97,21.87,21.87,4412200
2025-09-16T16:00:00Z,21.88,21.92,21.86,21.87,1441400
2025-09-16T17:00:00Z,21.87,21.95,21.82,21.9,1958700
2025-09-16T18:00:00Z,21.89,21.9,21.82,21.88,2133100
2025-09-16T19:00:00Z,21.88,22.05,21.86,22,4643100
2025-09-17T13:00:00Z,21.96,22.2,21.88,22.16,2612200
2025-09-17T14:00:00Z,22.16,22.17,22.04,22.07,2125200
2025-09-17T15:00:00Z,22.08,22.13,21.72,21.79,4102200
2025-09-17T16:00:00Z,21.79,21.87,21.77,21.79,4145000
2025-09-17T17:00:00Z,21.79,21.81,21.67,21.7,6679300
2025-09-17T18:00:00Z,21.69,21.83,21.67,21.79,7721900
2025-09-17T19:00:00Z,21.78,21.83,21.69,21.72,7712000
2025-09-18T13:00:00Z,22.05,22.59,22.03,22.26,13330600
2025-09-18T14:00:00Z,22.25,22.43,22.2,22.29,4773900
2025-09-18T15:00:00Z,22.29,22.3,22.2,22.2,2458500
2025-09-18T16:00:00Z,22.21,22.33,22.2,22.28,3090200
2025-09-18T17:00:00Z,22.28,22.29,22.06,22.09,3324400
2025-09-18T18:00:00Z,22.09,22.17,22.05,22.15,2793800
2025-09-18T19:00:00Z,22.15,22.18,22.1,22.11,4009200
2025-09-19T13:00:00Z,22.1,22.2,21.92,22.08,4771100
2025-09-19T14:00:00Z,22.08,22.1,21.95,22,2187100
2025-09-19T15:00:00Z,22,22.01,21.87,21.99,10470500
2025-09-19T16:00:00Z,22,22.05,21.95,22.01,2231500
2025-09-19T17:00:00Z,22.02,22.06,21.96,22,2178500
2025-09-19T18:00:00Z,22,22.01,21.77,21.79,3416800
2025-09-19T19:00:00Z,21.81,21.86,21.65,21.69,5687300
2025-09-22T13:00:00Z,21.6,21.71,21.52,21.6,3516000
2025-09-22T14:00:00Z,21.6,21.62,21.35,21.37,6518800
2025-09-22T15:00:00Z,21.38,21.65,21.36,21.61,3511100
2025-09-22T16:00:00Z,21.62,21.69,21.58,21.69,1576000
2025-09-22T17:00:00Z,21.68,21.86,21.66,21.76,3192900
2025-09-22T18:00:00Z,21.76,21.79,21.58,21.64,2856600
2025-09-22T19:00:00Z,21.64,21.64,21.5,21.55,5698200
2025-09-23T13:00:00Z,21.64,21.68,21.52,21.62,2338500
2025-09-23T14:00:00Z,21.61,21.72,21.55,21.71,3546500
2025-09-23T15:00:00Z,21.7,22.1,21.7,22.08,6463100
2025-09-23T16:00:00Z,22.08,22.1,22.05,22.07,1744200
2025-09-23T17:00:00Z,22.06,22.11,21.97,22.04,34757700
2025-09-23T18:00:00Z,22.04,22.07,21.97,22.02,23510400
2025-09-23T19:00:00Z,22.02,22.15,22.01,22.13,9172100
2025-09-24T13:00:00Z,22.15,22.67,22.08,22.66,7805400
2025-09-24T14:00:00Z,22.66,22.73,22.35,22.36,6614900
2025-09-24T15:00:00Z,22.35,22.37,22.22,22.23,2725400
2025-09-24T16:00:00Z,22.23,22.25,22.15,22.21,3924800
2025-09-24T17:00:00Z,22.21,22.22,22.11,22.18,2312500
2025-09-24T18:00:00Z,22.18,22.21,22.16,22.18,1319900
2025-09-24T19:00:00Z,22.18,22.21,22.13,22.16,1969300
2025-09-25T13:00:00Z,22.17,22.17,21.85,22,3986800
2025-09-25T14:00:00Z,21.99,22.1,21.93,22.05,4224800
2025-09-25T15:00:00Z,22.04,22.09,22,22.03,1966000
2025-09-25T16:00:00Z,22.03,22.07,22,22.01,1904300
2025-09-25T17:00:00Z,22.01,22.03,21.77,21.78,5575400
2025-09-25T18:00:00Z,21.78,21.85,21.73,21.8,5722300
2025-09-25T19:00:00Z,21.8,21.83,21.74,21.79,2960100
2025-09-26T13:00:00Z,21.81,22.13,21.8,21.96,3401500
2025-09-26T14:00:00Z,21.96,22.06,21.9,21.94,1890800
2025-09-26T15:00:00Z,21.94,21.98,21.9,21.91,850000
2025-09-26T16:00:00Z,21.91,21.95,21.9,21.93,691500
2025-09-26T17:00:00Z,21.94,21.99,21.9,21.99,1120900
2025-09-26T18:00:00Z,21.99,22.18,21.99,22.15,2556800
2025-09-26T19:00:00Z,22.15,22.15,22.05,22.13,2666900
2025-09-29T13:00:00Z,22.34,22.46,22.23,22.36,4317100
2025-09-29T14:00:00Z,22.35,22.38,22.27,22.29,1631900
2025-09-29T15:00:00Z,22.29,22.32,22.23,22.27,1118800
2025-09-29T16:00:00Z,22.27,22.29,22.13,22.19,1914500
2025-09-29T17:00:00Z,22.19,22.21,22.04,22.06,1757900
2025-09-29T18:00:00Z,22.07,22.12,22.04,22.07,1859600
2025-09-29T19:00:00Z,22.06,22.13,22,22.08,3167300
2025-09-30T13:00:00Z,22.13,22.32,22.13,22.25,4069900
2025-09-30T14:00:00Z,22.26,22.27,21.98,22.03,3070600
2025-09-30T15:00:00Z,22.02,22.07,21.96,22.03,1763900
2025-09-30T16:00:00Z,22.03,22.15,22.03,22.1,1694900
2025-09-30T17:00:00Z,22.1,22.14,22.05,22.08,1125600
2025-09-30T18:00:00Z,22.08,22.08,21.95,22.01,2947500
2025-09-30T19:00:00Z,22.01,22.1,21.97,22,6592800
2025-10-01T13:00:00Z,22.1,22.19,21.8,21.84,4137000
2025-10-01T14:00:00Z,21.82,21.97,21.8,21.86,2453700
2025-10-01T15:00:00Z,21.86,21.92,21.74,21.78,2788900
2025-10-01T16:00:00Z,21.77,21.86,21.75,21.79,1384300
2025-10-01T17:00:00Z,21.79,21.81,21.75,21.8,1375500
2025-10-01T18:00:00Z,21.79,21.92,21.31,21.84,13337600
2025-10-01T19:00:00Z,21.84,21.95,21.83,21.9,5495000
2025-10-02T13:00:00Z,21.89,22.3,21.83,22.2,5859300
2025-10-02T14:00:00Z,22.2,22.21,21.76,21.85,5319500
2025-10-02T15:00:00Z,21.85,21.9,21.62,21.72,5196900
2025-10-02T16:00:00Z,21.71,21.94,21.66,21.89,4072100
2025-10-02T17:00:00Z,21.9,21.96,21.85,21.95,1933200
2025-10-02T18:00:00Z,21.95,21.96,21.86,21.92,2654400
2025-10-02T19:00:00Z,21.91,21.94,21.83,21.83,2210500
2025-10-03T13:00:00Z,21.84,21.85,21.71,21.8,2496800
2025-10-03T14:00:00Z,21.8,21.88,21.72,21.8,2288900
2025-10-03T15:00:00Z,21.8,21.9,21.75,21.86,1352800
2025-10-03T16:00:00Z,21.86,21.98,21.83,21.84,1839300
2025-10-03T17:00:00Z,21.84,21.84,21.71,21.73,1400300
2025-10-03T18:00:00Z,21.73,21.73,21.5,21.56,3101900
2025-10-03T19:00:00Z,21.56,21.63,21.55,21.6,1738800
2025-10-06T13:00:00Z,21.64,21.66,21.36,21.41,3868200
2025-10-06T14:00:00Z,21.41,21.58,21.37,21.54,2726600
2025-10-06T15:00:00Z,21.54,21.56,21.37,21.41,1184400
2025-10-06T16:00:00Z,21.42,21.49,21.38,21.48,1412900
2025-10-06T17:00:00Z,21.48,21.5,21.33,21.35,1926800
2025-10-06T18:00:00Z,21.36,21.4,21.33,21.38,1100700
2025-10-06T19:00:00Z,21.38,21.47,21.34,21.44,2585800
2025-10-07T13:00:00Z,21.31,21.35,21.16,21.17,3591000
2025-10-07T14:00:00Z,21.18,21.22,21.13,21.16,2170500
2025-10-07T15:00:00Z,21.15,21.22,21.07,21.14,2556900
2025-10-07T16:00:00Z,21.15,21.18,21.09,21.12,1227200
2025-10-07T17:00:00Z,21.12,21.17,21.11,21.12,1951300
2025-10-07T18:00:00Z,21.12,21.31,21.11,21.28,2978400
2025-10-07T19:00:00Z,21.29,21.35,21.25,21.28,2168800
2025-10-08T13:00:00Z,21.19,21.36,21.17,21.19,2490300
2025-10-08T14:00:00Z,21.18,21.32,21.15,21.31,1165300
2025-10-08T15:00:00Z,21.31,21.34,21.19,21.23,1524200
2025-10-08T16:00:00Z,21.22,21.3,21.18,21.28,1734800
2025-10-08T17:00:00Z,21.27,21.28,21.16,21.18,1367100
2025-10-08T18:00:00Z,21.16,21.18,21.07,21.11,2696500
2025-10-08T19:00:00Z,21.1,21.15,21.09,21.1,2075100
2025-10-09T13:00:00Z,21.23,21.34,21.21,21.24,2807200
2025-10-09T14:00:00Z,21.22,21.22,21.02,21.02,1819200
2025-10-09T15:00:00Z,21.02,21.25,21.01,21.23,1301500
2025-10-09T16:00:00Z,21.22,21.23,21.13,21.13,684800
2025-10-09T17:00:00Z,21.12,21.16,21.05,21.08,1118600
2025-10-09T18:00:00Z,21.08,21.14,21.03,21.13,1446100
2025-10-09T19:00:00Z,21.13,21.16,21.1,21.15,1398000
2025-10-10T13:00:00Z,21.25,21.28,21.01,21.08,2408200
2025-10-10T14:00:00Z,21.08,21.18,21.01,21.02,2972100
2025-10-10T15:00:00Z,21.01,21.04,20.87,20.94,3400200
2025-10-10T16:00:00Z,20.94,20.97,20.8,20.83,5822100
2025-10-10T17:00:00Z,20.82,20.84,20.75,20.8,5162100
2025-10-10T18:00:00Z,20.8,20.82,20.69,20.73,3045800
2025-10-10T19:00:00Z,20.74,20.75,20.63,20.71,4760200
2025-10-13T13:00:00Z,20.76,20.97,20.73,20.94,2673600
2025-10-13T14:00:00Z,20.94,20.94,20.78,20.82,1431800
2025-10-13T15:00:00Z,20.82,20.93,20.79,20.9,793600
2025-10-13T16:00:00Z,20.9,20.94,20.87,20.89,3084800
2025-10-13T17:00:00Z,20.89,20.89,20.81,20.88,785600
2025-10-13T18:00:00Z,20.87,20.9,20.82,20.84,902700
2025-10-13T19:00:00Z,20.83,20.9,20.82,20.88,2843400
2025-10-14T13:00:00Z,20.8,20.94,20.71,20.91,2170400
2025-10-14T14:00:00Z,20.91,21.16,20.89,20.98,2255500
2025-10-14T15:00:00Z,20.99,21.02,20.91,21.02,1797700
2025-10-14T16:00:00Z,21.01,21.08,20.95,21.05,883800
2025-10-14T17:00:00Z,21.05,21.06,20.96,20.98,1068700
2025-10-14T18:00:00Z,20.97,20.99,20.77,20.84,3066700
2025-10-14T19:00:00Z,20.84,20.85,20.67,20.74,3229600
2025-10-15T13:00:00Z,20.7,20.7,20.36,20.46,8586800
2025-10-15T14:00:00Z,20.44,20.56,20.4,20.46,6575500
2025-10-15T15:00:00Z,20.46,20.46,20.29,20.34,3794900
2025-10-15T16:00:00Z,20.34,20.39,20.31,20.35,5469600
2025-10-15T17:00:00Z,20.35,20.4,20.23,20.35,5863900
2025-10-15T18:00:00Z,20.34,20.42,20.32,20.36,6561400
2025-10-15T19:00:00Z,20.36,20.41,20.29,20.35,9041600
2025-10-16T13:00:00Z,20.29,20.32,20.02,20.28,7062300
2025-10-16T14:00:00Z,20.28,20.59,20.2,20.54,3876700
2025-10-16T15:00:00Z,20.54,20.61,20.41,20.43,2810100
2025-10-16T16:00:00Z,20.43,20.58,20.35,20.55,2703300
2025-10-16T17:00:00Z,20.54,20.56,20.39,20.43,1259100
2025-10-16T18:00:00Z,20.42,20.45,20.36,20.4,2257300
2025-10-16T19:00:00Z,20.4,20.41,20.34,20.39,1831500
2025-10-17T13:00:00Z,20.37,20.46,20.16,20.43,2562200
2025-10-17T14:00:00Z,20.43,20.44,20.32,20.4,1901400
2025-10-17T15:00:00Z,20.4,20.48,20.3,20.48,2394900
2025-10-17T16:00:00Z,20.47,20.52,20.39,20.45,2451400
2025-10-17T17:00:00Z,20.43,20.45,20.38,20.4,7859800
2025-10-17T18:00:00Z,20.4,20.59,20.38,20.5,18119500
2025-10-17T19:00:00Z,20.49,20.64,20.47,20.64,19265600
2025-10-20T13:00:00Z,20.71,20.85,20.51,20.77,4633200
2025-10-20T14:00:00Z,20.76,20.84,20.73,20.79,1911800
2025-10-20T15:00:00Z,20.78,20.91,20.78,20.9,1881100
2025-10-20T16:00:00Z,20.89,20.9,20.8,20.82,2782800
2025-10-20T17:00:00Z,20.82,20.87,20.78,20.84,1316900
2025-10-20T18:00:00Z,20.83,20.89,20.8,20.85,1850000
2025-10-20T19:00:00Z,20.84,20.85,20.75,20.8,2326800
2025-10-21T13:00:00Z,20.76,20.76,20.4,20.6,4406800
2025-10-21T14:00:00Z,20.6,20.73,20.52,20.65,2264000
2025-10-21T15:00:00Z,20.65,20.66,20.56,20.62,1111000
2025-10-21T16:00:00Z,20.61,20.64,20.51,20.51,921500
2025-10-21T17:00:00Z,20.52,20.56,20.44,20.48,2427200
2025-10-21T18:00:00Z,20.49,20.52,20.37,20.4,2152500
2025-10-21T19:00:00Z,20.41,20.53,20.37,20.46,3985500
2025-10-22T13:00:00Z,20.59,20.71,20.51,20.55,1997300
2025-10-22T14:00:00Z,20.54,20.6,20.48,20.59,2477200
2025-10-22T15:00:00Z,20.59,20.69,20.56,20.61,1899200
2025-10-22T16:00:00Z,20.61,20.65,20.56,20.59,1678100
2025-10-22T17:00:00Z,20.59,20.63,20.55,20.56,1177100
2025-10-22T18:00:00Z,20.56,20.64,20.55,20.61,1049100
2025-10-22T19:00:00Z,20.6,20.67,20.58,20.65,2095300
2025-10-23T13:00:00Z,20.74,20.85,20.55,20.63,2001800
2025-10-23T14:00:00Z,20.63,20.69,20.59,20.63,1838800
2025-10-23T15:00:00Z,20.63,20.64,20.56,20.61,807200
2025-10-23T16:00:00Z,20.61,20.63,20.59,20.6,456900
2025-10-23T17:00:00Z,20.6,20.66,20.59,20.66,609600
2025-10-23T18:00:00Z,20.65,20.69,20.64,20.65,673200
2025-10-23T19:00:00Z,20.65,20.69,20.62,20.67,3504500
2025-10-24T13:00:00Z,20.73,20.95,20.71,20.8,4925200
2025-10-24T14:00:00Z,20.8,20.8,20.59,20.59,2146400
2025-10-24T15:00:00Z,20.6,20.71,20.56,20.59,2069900
2025-10-24T16:00:00Z,20.59,20.63,20.48,20.51,1849400
2025-10-24T17:00:00Z,20.51,20.56,20.48,20.51,1961000
2025-10-24T18:00:00Z,20.51,20.58,20.47,20.55,4505800
2025-10-24T19:00:00Z,20.55,20.55,20.5,20.53,3401300
2025-10-27T13:00:00Z,20.72,20.85,20.65,20.72,3451300
2025-10-27T14:00:00Z,20.72,20.73,20.57,20.64,2899200
2025-10-27T15:00:00Z,20.64,20.69,20.61,20.66,1306500
2025-10-27T16:00:00Z,20.67,20.71,20.64,20.7,1952900
2025-10-27T17:00:00Z,20.69,20.77,20.66,20.68,2047600
2025-10-27T18:00:00Z,20.69,20.88,20.68,20.87,2944600
2025-10-27T19:00:00Z,20.87,20.88,20.79,20.87,4200500
2025-10-28T13:00:00Z,20.84,20.93,20.8,20.92,2726000
2025-10-28T14:00:00Z,20.92,21.01,20.87,20.98,2999600
2025-10-28T15:00:00Z,20.98,21,20.93,20.98,1099600
2025-10-28T16:00:00Z,20.96,21.04,20.95,21.02,1577900
2025-10-28T17:00:00Z,21.04,21.05,20.98,21.03,940400
2025-10-28T18:00:00Z,21.03,21.08,20.98,21,2940700
2025-10-28T19:00:00Z,20.99,21.06,20.92,21.06,3700100
2025-10-29T13:00:00Z,21.04,21.28,21.04,21.28,2054800
2025-10-29T14:00:00Z,21.28,21.35,21.24,21.32,2535100
2025-10-29T15:00:00Z,21.34,21.41,21.31,21.37,1980000
2025-10-29T16:00:00Z,21.35,21.44,21.35,21.44,1526000
2025-10-29T17:00:00Z,21.43,21.45,21.37,21.4,1635200
2025-10-29T18:00:00Z,21.41,21.41,21.24,21.33,3269400
2025-10-29T19:00:00Z,21.33,21.33,21.2,21.25,2536500
2025-10-30T13:00:00Z,21.02,21.59,20.99,21.56,4066100
2025-10-30T14:00:00Z,21.55,21.75,21.55,21.72,4865700
2025-10-30T15:00:00Z,21.72,21.73,21.59,21.66,2355300
2025-10-30T16:00:00Z,21.65,21.75,21.65,21.7,2493000
2025-10-30T17:00:00Z,21.69,21.82,21.68,21.82,2571300
2025-10-30T18:00:00Z,21.83,21.84,21.73,21.75,3235700
2025-10-30T19:00:00Z,21.74,21.76,21.64,21.69,5747600
2025-10-31T13:00:00Z,21.76,21.99,21.75,21.89,4614700
2025-10-31T14:00:00Z,21.9,22.04,21.86,22.01,4469800
2025-10-31T15:00:00Z,22.02,22.06,21.98,22,2737500
2025-10-31T16:00:00Z,22.01,22.08,21.95,22.07,2841600
2025-10-31T17:00:00Z,22.07,22.18,22.06,22.09,4744300
2025-10-31T18:00:00Z,22.09,22.1,21.98,22.03,3360100
2025-10-31T19:00:00Z,22.02,22.05,21.91,21.96,4363200
2025-11-03T13:00:00Z,21.99,22.14,21.87,21.93,2657200
2025-11-03T14:00:00Z,21.93,22.05,21.84,22,2636600
2025-11-03T15:00:00Z,22.01,22.1,21.95,21.97,1807500
2025-11-03T16:00:00Z,21.97,22,21.89,21.97,5237400
2025-11-03T17:00:00Z,21.97,22,21.71,21.87,3898500
2025-11-03T18:00:00Z,21.87,21.95,21.82,21.94,1879500
2025-11-03T19:00:00Z,21.94,22.01,21.93,22,1564600
2025-11-03T20:00:00Z,22,22.12,21.99,22.09,1921200
2025-11-04T13:00:00Z,21.97,22.2,21.96,22.06,1916700
2025-11-04T14:00:00Z,22.07,22.27,22.04,22.27,2453800
2025-11-04T15:00:00Z,22.26,22.34,22.23,22.34,1415100
2025-11-04T16:00:00Z,22.33,22.35,22.26,22.28,1610600
2025-11-04T17:00:00Z,22.28,22.38,22.27,22.33,1752000
2025-11-04T18:00:00Z,22.34,22.35,22.22,22.23,2014200
2025-11-04T19:00:00Z,22.23,22.33,22.19,22.3,2955800
2025-11-04T20:00:00Z,22.31,22.33,22.26,22.31,1641400
2025-11-05T13:00:00Z,22.27,22.33,22.21,22.24,1518100
2025-11-05T14:00:00Z,22.26,22.36,22.24,22.31,2716400
2025-11-05T15:00:00Z,22.31,22.56,22.29,22.45,2943200
2025-11-05T16:00:00Z,22.46,22.55,22.44,22.53,2638300
2025-11-05T17:00:00Z,22.53,22.57,22.47,22.54,1660500
2025-11-05T18:00:00Z,22.55,22.56,22.49,22.52,1810500
2025-11-05T19:00:00Z,22.52,22.61,22.52,22.6,1829200
2025-11-05T20:00:00Z,22.6,22.7,22.57,22.69,4116400
2025-11-06T13:00:00Z,22.61,22.7,22.52,22.67,2414100
2025-11-06T14:00:00Z,22.66,22.74,22.65,22.7,2791500
2025-11-06T15:00:00Z,22.7,22.82,22.69,22.74,3168600
2025-11-06T16:00:00Z,22.75,22.79,22.7,22.74,3811400
2025-11-06T17:00:00Z,22.75,22.79,22.72,22.78,2503100
2025-11-06T18:00:00Z,22.78,22.85,22.72,22.79,2189900
2025-11-06T19:00:00Z,22.78,22.89,22.77,22.87,1725400
2025-11-06T20:00:00Z,22.87,22.9,22.78,22.86,2695100
2025-11-07T13:00:00Z,22.82,22.87,22.57,22.6,1811000
2025-11-07T14:00:00Z,22.59,22.79,22.59,22.73,2468500
2025-11-07T15:00:00Z,22.73,22.83,22.68,22.77,1757300
2025-11-07T16:00:00Z,22.78,22.81,22.73,22.76,1575900
2025-11-07T17:00:00Z,22.76,22.77,22.67,22.71,2397300
2025-11-07T18:00:00Z,22.71,22.83,22.7,22.76,1488500
2025-11-07T19:00:00Z,22.76,22.83,22.74,22.8,1357500
2025-11-07T20:00:00Z,22.8,22.92,22.78,22.92,1850900
2025-11-10T13:00:00Z,22.91,22.99,22.6,22.77,4205300
2025-11-10T14:00:00Z,22.77,22.9,22.7,22.85,2704900
2025-11-10T15:00:00Z,22.86,22.89,22.8,22.85,1234600
2025-11-10T16:00:00Z,22.86,22.88,22.78,22.79,1212800
2025-11-10T17:00:00Z,22.79,22.88,22.78,22.87,1632400
2025-11-10T18:00:00Z,22.87,22.88,22.83,22.87,1287900
2025-11-10T19:00:00Z,22.86,22.87,22.78,22.78,2165900
2025-11-10T20:00:00Z,22.79,22.82,22.7,22.79,2798500
2025-11-11T13:00:00Z,22.85,23.33,22.85,23.28,4859700
2025-11-11T14:00:00Z,23.29,23.5,23.27,23.49,4771600
2025-11-11T15:00:00Z,23.48,23.59,23.23,23.24,4673900
2025-11-11T16:00:00Z,23.25,23.4,23.18,23.36,2442000
2025-11-11T17:00:00Z,23.36,23.44,23.34,23.42,1945900
2025-11-11T18:00:00Z,23.43,23.5,23.25,23.25,2718400
2025-11-11T19:00:00Z,23.26,23.47,23.25,23.47,2585100
2025-11-11T20:00:00Z,23.47,23.55,23.45,23.54,4155100
2025-11-12T13:00:00Z,23.47,23.52,23.16,23.16,6297500
2025-11-12T14:00:00Z,23.18,23.34,22.69,22.81,5094600
2025-11-12T15:00:00Z,22.83,22.9,22.71,22.76,4727100
2025-11-12T16:00:00Z,22.76,22.8,22.62,22.66,3296200
2025-11-12T17:00:00Z,22.66,22.83,22.55,22.77,4932200
2025-11-12T18:00:00Z,22.77,22.89,22.66,22.74,8389500
2025-11-12T19:00:00Z,22.75,22.82,22.67,22.72,7317700
2025-11-12T20:00:00Z,22.73,22.87,22.72,22.84,6026800
2025-11-13T13:00:00Z,21.3,22.27,21.29,22.03,24476800
2025-11-13T14:00:00Z,22.04,22.32,21.79,22.14,10070000
2025-11-13T15:00:00Z,22.16,22.67,22.06,22.59,6290500
2025-11-13T16:00:00Z,22.58,22.68,22.29,22.38,5727500
2025-11-13T17:00:00Z,22.38,22.47,22.27,22.3,4079500
2025-11-13T18:00:00Z,22.3,22.7,22.3,22.57,5864600
2025-11-13T19:00:00Z,22.57,22.59,22.43,22.47,4485500
2025-11-13T20:00:00Z,22.47,22.56,22.39,22.53,3568700
2025-11-14T13:00:00Z,22.35,22.35,22.11,22.32,4030900
2025-11-14T14:00:00Z,22.32,23.06,22.27,23.05,7702400
2025-11-14T15:00:00Z,23.06,23.08,22.83,22.91,4366400
2025-11-14T16:00:00Z,22.92,22.92,22.76,22.81,2330100
2025-11-14T17:00:00Z,22.81,22.84,22.72,22.76,2192100
2025-11-14T18:00:00Z,22.76,22.82,22.7,22.82,2574600
2025-11-14T19:00:00Z,22.82,22.85,22.68,22.72,3081000
2025-11-14T20:00:00Z,22.72,22.72,22.35,22.48,6399500
2025-11-17T13:00:00Z,22.44,22.62,22.31,22.38,2640400
2025-11-17T14:00:00Z,22.36,22.48,22.28,22.39,4300700
2025-11-17T15:00:00Z,22.38,22.42,22.32,22.36,1666100
2025-11-17T16:00:00Z,22.35,22.45,22.32,22.44,1412100
2025-11-17T17:00:00Z,22.44,22.45,22.36,22.43,1296900
2025-11-17T18:00:00Z,22.43,22.45,22.36,22.41,1473000
2025-11-17T19:00:00Z,22.41,22.42,22.36,22.4,1501100
2025-11-17T20:00:00Z,22.4,22.55,22.4,22.52,2375600
2025-11-18T13:00:00Z,22.3,22.39,22.07,22.14,4224100
2025-11-18T14:00:00Z,22.14,22.19,22.03,22.08,3039600
2025-11-18T15:00:00Z,22.06,22.16,22.01,22.07,2121300
2025-11-18T16:00:00Z,22.06,22.1,22.04,22.07,1242200
2025-11-18T17:00:00Z,22.06,22.12,22.02,22.08,1677300
2025-11-18T18:00:00Z,22.07,22.08,21.98,22.07,2408100
2025-11-18T19:00:00Z,22.07,22.14,22.05,22.07,4818400
2025-11-18T20:00:00Z,22.06,22.07,21.88,21.93,3266900
2025-11-19T13:00:00Z,21.87,21.92,21.73,21.8,1556800
2025-11-19T14:00:00Z,21.8,21.85,21.74,21.81,1572900
2025-11-19T15:00:00Z,21.8,21.81,21.66,21.67,2070400
2025-11-19T16:00:00Z,21.67,21.68,21.55,21.58,2531600
2025-11-19T17:00:00Z,21.58,21.68,21.57,21.62,2743800
2025-11-19T18:00:00Z,21.62,21.68,21.6,21.62,1364400
2025-11-19T19:00:00Z,21.61,21.68,21.59,21.67,5065400
2025-11-19T20:00:00Z,21.67,21.7,21.63,21.65,2292500
2025-11-21T13:00:00Z,21.58,21.67,21.48,21.63,5571800
2025-11-21T14:00:00Z,21.63,21.65,21.5,21.53,2225800
2025-11-21T15:00:00Z,21.55,21.57,21.43,21.55,1846700
2025-11-21T16:00:00Z,21.54,21.62,21.49,21.62,1350400
2025-11-21T17:00:00Z,21.62,21.7,21.6,21.68,2539100
2025-11-21T18:00:00Z,21.69,21.74,21.63,21.65,1583000
2025-11-21T19:00:00Z,21.66,21.84,21.63,21.81,1898900
2025-11-21T20:00:00Z,21.81,21.96,21.76,21.95,3272700
2025-11-24T13:00:00Z,21.95,22.18,21.85,22.08,3097500
2025-11-24T14:00:00Z,22.08,22.2,21.96,22.14,3800400
2025-11-24T15:00:00Z,22.14,22.15,22.07,22.1,1719000
2025-11-24T16:00:00Z,22.1,22.13,22.02,22.02,1837200
2025-11-24T17:00:00Z,22.02,22.06,21.98,21.99,1302600
2025-11-24T18:00:00Z,21.99,22,21.95,21.95,1396600
2025-11-24T19:00:00Z,21.94,22.02,21.92,21.92,2177300
2025-11-24T20:00:00Z,21.92,21.95,21.9,21.95,1863900
2025-11-25T13:00:00Z,21.9,22.12,21.85,21.9,2784100
2025-11-25T14:00:00Z,21.92,22.08,21.9,22.04,1909300
2025-11-25T15:00:00Z,22.04,22.09,21.94,21.94,1857600
2025-11-25T16:00:00Z,21.95,21.95,21.88,21.88,1161600
2025-11-25T17:00:00Z,21.88,21.94,21.88,21.9,907000
2025-11-25T18:00:00Z,21.9,21.96,21.86,21.93,1883700
2025-11-25T19:00:00Z,21.94,21.99,21.88,21.9,5832500
2025-11-25T20:00:00Z,21.89,21.95,21.88,21.93,2094800
2025-11-26T13:00:00Z,21.97,22.25,21.96,22.23,2067700
2025-11-26T14:00:00Z,22.23,22.37,22.18,22.32,1931800
2025-11-26T15:00:00Z,22.33,22.34,22.12,22.19,2412200
2025-11-26T16:00:00Z,22.18,22.25,22.16,22.18,773200
2025-11-26T17:00:00Z,22.18,22.34,22.16,22.32,1376700
2025-11-26T18:00:00Z,22.32,22.33,22.21,22.28,1419300
2025-11-26T19:00:00Z,22.28,22.3,22.24,22.28,2082000
2025-11-26T20:00:00Z,22.28,22.3,22.22,22.25,1263700
2025-11-27T13:00:00Z,22.28,22.3,22.1,22.12,1222300
2025-11-27T14:00:00Z,22.12,22.2,22.04,22.16,1108800
2025-11-27T15:00:00Z,22.14,22.22,22.14,22.2,431800
2025-11-27T16:00:00Z,22.21,22.33,22.18,22.24,835200
2025-11-27T17:00:00Z,22.24,22.26,22.2,22.21,560900
2025-11-27T18:00:00Z,22.22,22.27,22.18,22.2,783400
2025-11-27T19:00:00Z,22.18,22.2,22.13,22.17,1722100
2025-11-27T20:00:00Z,22.18,22.2,22.14,22.18,892600
2025-11-28T13:00:00Z,22.19,22.42,22.17,22.32,1941900
2025-11-28T14:00:00Z,22.32,22.49,22.31,22.48,2031200
2025-11-28T15:00:00Z,22.48,22.63,22.42,22.63,2444600
2025-11-28T16:00:00Z,22.63,22.65,22.54,22.59,1649400
2025-11-28T17:00:00Z,22.6,22.69,22.52,22.53,2257000
2025-11-28T18:00:00Z,22.53,22.57,22.5,22.55,1576900
2025-11-28T19:00:00Z,22.55,22.56,22.44,22.52,2368400
2025-11-28T20:00:00Z,22.51,22.54,22.45,22.48,1927900
2025-12-01T13:00:00Z,22.51,22.53,22.13,22.28,2312700
2025-12-01T14:00:00Z,22.27,22.36,22.19,22.3,2181700
2025-12-01T15:00:00Z,22.3,22.31,22.13,22.25,2750600
2025-12-01T16:00:00Z,22.25,22.27,22.21,22.24,788500
2025-12-01T17:00:00Z,22.23,22.28,22.18,22.21,878800
2025-12-01T18:00:00Z,22.21,22.23,22.18,22.18,836700
2025-12-01T19:00:00Z,22.18,22.19,22.12,22.17,1388800
2025-12-01T20:00:00Z,22.17,22.23,22.14,22.19,2048000
2025-12-02T13:00:00Z,22.29,22.39,22.21,22.33,2784900
2025-12-02T14:00:00Z,22.34,22.56,22.33,22.45,3651600
2025-12-02T15:00:00Z,22.45,22.47,22.38,22.4,1509200
2025-12-02T16:00:00Z,22.4,22.42,22.34,22.39,1870000
2025-12-02T17:00:00Z,22.39,22.46,22.33,22.36,1926900
2025-12-02T18:00:00Z,22.36,22.42,22.33,22.37,2010400
2025-12-02T19:00:00Z,22.36,22.6,22.35,22.54,2902700
2025-12-02T20:00:00Z,22.55,22.59,22.49,22.51,2470400
2025-12-03T13:00:00Z,22.59,22.7,22.42,22.42,2198000
2025-12-03T14:00:00Z,22.42,22.44,22.28,22.3,2428000
2025-12-03T15:00:00Z,22.31,22.44,22.28,22.42,1952600
2025-12-03T16:00:00Z,22.42,22.55,22.39,22.45,2460100
2025-12-03T17:00:00Z,22.46,22.49,22.42,22.44,1819900
2025-12-03T18:00:00Z,22.45,22.48,22.4,22.44,2019100
2025-12-03T19:00:00Z,22.44,22.44,22.25,22.29,3130500
2025-12-03T20:00:00Z,22.31,22.36,22.29,22.31,2259800
2025-12-04T13:00:00Z,22.41,22.71,22.41,22.65,2470600
2025-12-04T14:00:00Z,22.65,22.67,22.54,22.59,2358100
2025-12-04T15:00:00Z,22.59,22.74,22.58,22.71,3112600
2025-12-04T16:00:00Z,22.72,22.81,22.71,22.78,2370100
2025-12-04T17:00:00Z,22.79,22.84,22.74,22.82,1870500
2025-12-04T18:00:00Z,22.82,22.86,22.71,22.74,4844600
2025-12-04T19:00:00Z,22.75,22.84,22.74,22.81,3230100
2025-12-04T20:00:00Z,22.81,22.9,22.76,22.82,3906200
2025-12-05T13:00:00Z,22.75,22.9,22.7,22.75,1552100
2025-12-05T14:00:00Z,22.76,22.77,22.7,22.75,2523700
2025-12-05T15:00:00Z,22.77,22.77,22.43,22.47,3619000
2025-12-05T16:00:00Z,22.48,22.64,22.14,22.29,6532300
2025-12-05T17:00:00Z,22.3,22.34,21.91,21.92,4340800
2025-12-05T18:00:00Z,21.93,21.93,21.26,21.28,11551200
2025-12-05T19:00:00Z,21.28,21.53,21.26,21.51,8742500
2025-12-05T20:00:00Z,21.51,21.52,21.17,21.27,9124800
2025-12-08T13:00:00Z,21.63,21.72,21.42,21.58,3764900
2025-12-08T14:00:00Z,21.58,21.73,21.56,21.68,3963300
2025-12-08T15:00:00Z,21.68,21.69,21.55,21.59,3368700
2025-12-08T16:00:00Z,21.59,21.7,21.56,21.68,2571100
2025-12-08T17:00:00Z,21.67,21.72,21.59,21.68,2430600
2025-12-08T18:00:00Z,21.67,21.77,21.67,21.67,2463400
2025-12-08T19:00:00Z,21.67,21.75,21.67,21.74,2201700
2025-12-08T20:00:00Z,21.74,21.77,21.6,21.64,3850100
2025-12-09T13:00:00Z,21.47,21.47,21.12,21.23,3206400
2025-12-09T14:00:00Z,21.23,21.34,21.18,21.29,3078000
2025-12-09T15:00:00Z,21.29,21.57,21.25,21.51,2855300
2025-12-09T16:00:00Z,21.51,21.57,21.44,21.46,1637000
2025-12-09T17:00:00Z,21.46,21.51,21.42,21.46,1710900
2025-12-09T18:00:00Z,21.46,21.58,21.46,21.56,1402800
2025-12-09T19:00:00Z,21.56,21.72,21.52,21.68,2527800
2025-12-09T20:00:00Z,21.68,21.7,21.47,21.52,2084100
2025-12-10T13:00:00Z,21.5,21.57,21.32,21.46,1960900
2025-12-10T14:00:00Z,21.45,21.47,21.37,21.45,1171300
2025-12-10T15:00:00Z,21.46,21.52,21.4,21.52,1839400
2025-12-10T16:00:00Z,21.52,21.55,21.45,21.52,968900
2025-12-10T17:00:00Z,21.51,21.52,21.46,21.48,1311500
2025-12-10T18:00:00Z,21.48,21.49,21.45,21.45,873100
2025-12-10T19:00:00Z,21.46,21.55,21.4,21.52,2141400
2025-12-10T20:00:00Z,21.53,21.7,21.53,21.65,2451800
2025-12-11T13:00:00Z,21.48,21.59,21.43,21.56,1751600
2025-12-11T14:00:00Z,21.56,21.66,21.53,21.57,1398100
2025-12-11T15:00:00Z,21.57,21.66,21.55,21.63,3453700
2025-12-11T16:00:00Z,21.63,21.72,21.62,21.67,1642200
2025-12-11T17:00:00Z,21.67,21.74,21.66,21.71,1423500
2025-12-11T18:00:00Z,21.72,21.79,21.7,21.78,1242200
2025-12-11T19:00:00Z,21.78,21.82,21.68,21.69,1542300
2025-12-11T20:00:00Z,21.69,21.76,21.62,21.63,2171200
2025-12-12T13:00:00Z,21.68,21.86,21.64,21.82,2024100
2025-12-12T14:00:00Z,21.82,21.92,21.73,21.9,2884900
2025-12-12T15:00:00Z,21.89,21.9,21.7,21.74,2756000
2025-12-12T16:00:00Z,21.74,21.85,21.68,21.85,2099600
2025-12-12T17:00:00Z,21.85,21.99,21.81,21.92,2294000
2025-12-12T18:00:00Z,21.92,21.95,21.88,21.89,1347600
2025-12-12T19:00:00Z,21.9,21.92,21.85,21.89,1424700
2025-12-12T20:00:00Z,21.87,21.9,21.71,21.75,3565900
2025-12-15T13:00:00Z,21.91,22,21.8,21.88,1453800
2025-12-15T14:00:00Z,21.88,21.99,21.87,21.94,1621800
2025-12-15T15:00:00Z,21.94,22.03,21.93,22.01,1818000
2025-12-15T16:00:00Z,22.02,22.03,21.95,21.97,3503000
2025-12-15T17:00:00Z,21.96,21.98,21.88,21.89,1641100
2025-12-15T18:00:00Z,21.89,21.94,21.84,21.94,1318300
2025-12-15T19:00:00Z,21.93,21.94,21.9,21.93,1432500
2025-12-15T20:00:00Z,21.93,22.04,21.88,22.03,2578900
2025-12-16T13:00:00Z,21.94,21.96,21.61,21.84,3113800
2025-12-16T14:00:00Z,21.85,21.91,21.76,21.78,1475300
2025-12-16T15:00:00Z,21.8,21.82,21.75,21.81,1722100
2025-12-16T16:00:00Z,21.81,22.01,21.78,22.01,1849500
2025-12-16T17:00:00Z,22,22.14,21.91,21.92,2764500
2025-12-16T18:00:00Z,21.92,21.99,21.82,21.84,2152000
2025-12-16T19:00:00Z,21.83,21.84,21.67,21.73,4656200
2025-12-16T20:00:00Z,21.72,21.77,21.68,21.71,2403000
2025-12-17T13:00:00Z,21.73,21.74,21.28,21.31,5897500
2025-12-17T14:00:00Z,21.31,21.65,21.31,21.5,3276400
2025-12-17T15:00:00Z,21.49,21.53,21.41,21.46,4045800
2025-12-17T16:00:00Z,21.46,21.51,21.42,21.5,2188500
2025-12-17T17:00:00Z,21.49,21.57,21.47,21.54,1231300
2025-12-17T18:00:00Z,21.54,21.59,21.5,21.55,1866000
2025-12-17T19:00:00Z,21.56,21.61,21.5,21.5,2268000
2025-12-17T20:00:00Z,21.5,21.58,21.47,21.55,2583600
2025-12-18T13:00:00Z,21.49,21.72,21.47,21.67,4112500
2025-12-18T14:00:00Z,21.67,21.68,21.58,21.65,2473400
2025-12-18T15:00:00Z,21.65,21.8,21.61,21.75,1276700
2025-12-18T16:00:00Z,21.76,21.81,21.68,21.68,930500
2025-12-18T17:00:00Z,21.68,21.73,21.61,21.66,1383700
2025-12-18T18:00:00Z,21.67,21.7,21.65,21.66,838500
2025-12-18T19:00:00Z,21.66,21.67,21.58,21.61,1886300
2025-12-18T20:00:00Z,21.61,21.69,21.6,21.6,2161800
2025-12-19T13:00:00Z,21.59,21.64,21.43,21.61,3052700
2025-12-19T14:00:00Z,21.61,21.65,21.44,21.47,4606400
2025-12-19T15:00:00Z,21.47,21.53,21.41,21.47,6775700
2025-12-19T16:00:00Z,21.47,21.52,21.47,21.52,11897300
2025-12-19T17:00:00Z,21.51,21.52,21.47,21.49,2079100
2025-12-19T18:00:00Z,21.49,21.5,21.47,21.5,1818900
2025-12-19T19:00:00Z,21.49,21.57,21.49,21.5,1971600
2025-12-19T20:00:00Z,21.49,21.59,21.46,21.55,2450300
2025-12-22T13:00:00Z,21.44,21.53,21.37,21.48,3828900
2025-12-22T14:00:00Z,21.49,21.55,21.39,21.42,2533300
2025-12-22T15:00:00Z,21.42,21.47,21.35,21.36,1404100
2025-12-22T16:00:00Z,21.36,21.37,21.22,21.34,2679200
2025-12-22T17:00:00Z,21.34,21.36,21.26,21.32,1393900
2025-12-22T18:00:00Z,21.32,21.32,21.22,21.26,1318900
2025-12-22T19:00:00Z,21.25,21.33,21.23,21.28,1245200
2025-12-22T20:00:00Z,21.29,21.32,21.27,21.32,1390400
2025-12-23T13:00:00Z,21.34,21.57,21.31,21.53,1840800
2025-12-23T14:00:00Z,21.52,21.59,21.38,21.58,1329200
2025-12-23T15:00:00Z,21.57,21.61,21.53,21.55,1193100
2025-12-23T16:00:00Z,21.55,21.63,21.55,21.59,965400
2025-12-23T17:00:00Z,21.58,21.61,21.55,21.59,759700
2025-12-23T18:00:00Z,21.59,21.7,21.57,21.68,2660000
2025-12-23T19:00:00Z,21.68,21.74,21.67,21.71,2290700
2025-12-23T20:00:00Z,21.71,21.72,21.63,21.72,1989000
2025-12-26T13:00:00Z,21.5,21.7,21.45,21.52,2184800
2025-12-26T14:00:00Z,21.52,21.7,21.51,21.63,1093900
2025-12-26T15:00:00Z,21.65,21.75,21.64,21.73,890100
2025-12-26T16:00:00Z,21.73,21.75,21.66,21.7,789200
2025-12-26T17:00:00Z,21.7,21.78,21.69,21.77,603700
2025-12-26T18:00:00Z,21.77,21.78,21.74,21.76,655900
2025-12-26T19:00:00Z,21.76,21.89,21.76,21.83,1350900
2025-12-26T20:00:00Z,21.82,21.85,21.78,21.8,903600
2025-12-29T13:00:00Z,21.75,21.88,21.71,21.75,1630000
2025-12-29T14:00:00Z,21.75,21.78,21.69,21.72,860700
2025-12-29T15:00:00Z,21.71,21.72,21.61,21.66,1009600
2025-12-29T16:00:00Z,21.67,21.7,21.63,21.66,898400
2025-12-29T17:00:00Z,21.66,21.7,21.63,21.67,631400
2025-12-29T18:00:00Z,21.67,21.69,21.6,21.64,985500
2025-12-29T19:00:00Z,21.62,21.68,21.62,21.67,886300
2025-12-29T20:00:00Z,21.67,21.69,21.63,21.67,916800
2025-12-30T13:00:00Z,21.77,22.13,21.77,21.95,1986800
2025-12-30T14:00:00Z,21.95,22.01,21.9,21.9,1158900
2025-12-30T15:00:00Z,21.9,22,21.86,21.96,981400
2025-12-30T16:00:00Z,21.96,22.09,21.95,22.05,1103100
2025-12-30T17:00:00Z,22.05,22.08,22,22.08,920700
2025-12-30T18:00:00Z,22.08,22.09,22.01,22.02,715700
2025-12-30T19:00:00Z,22.01,22.06,22,22.05,1074500
2025-12-30T20:00:00Z,22.04,22.06,21.84,21.98,2449700
2026-01-02T13:00:00Z,22.05,22.2,21.88,21.9,2773900
2026-01-02T14:00:00Z,21.89,22,21.87,21.9,1754700
2026-01-02T15:00:00Z,21.91,21.93,21.72,21.74,1511800
2026-01-02T16:00:00Z,21.74,21.74,21.65,21.69,997400
2026-01-02T17:00:00Z,21.69,21.74,21.64,21.65,1786700
2026-01-02T18:00:00Z,21.66,21.72,21.64,21.68,914000
2026-01-02T19:00:00Z,21.68,21.71,21.64,21.68,2070700
2026-01-02T20:00:00Z,21.67,21.7,21.63,21.68,1556600
2026-01-05T13:00:00Z,21.68,21.75,21.58,21.74,1406400
2026-01-05T14:00:00Z,21.73,21.77,21.65,21.69,947200
2026-01-05T15:00:00Z,21.68,21.95,21.68,21.92,1749400
2026-01-05T16:00:00Z,21.92,21.94,21.87,21.91,951600
2026-01-05T17:00:00Z,21.91,21.96,21.87,21.94,941100
2026-01-05T18:00:00Z,21.95,21.96,21.88,21.93,1361400
2026-01-05T19:00:00Z,21.92,21.95,21.86,21.9,811600
2026-01-05T20:00:00Z,21.91,21.92,21.87,21.89,829900
2026-01-06T13:00:00Z,21.92,22.13,21.92,22.07,1440000
2026-01-06T14:00:00Z,22.05,22.11,21.98,22.01,1299700
2026-01-06T15:00:00Z,22.01,22.12,22.01,22.08,1090900
2026-01-06T16:00:00Z,22.08,22.08,22,22.03,1022100
2026-01-06T17:00:00Z,22.04,22.07,22.02,22.06,857800
2026-01-06T18:00:00Z,22.05,22.15,22.05,22.13,2925800
2026-01-06T19:00:00Z,22.13,22.16,22,22.05,13743200
2026-01-06T20:00:00Z,22.06,22.11,22.01,22.05,4621900
2026-01-07T13:00:00Z,22.08,22.08,21.85,21.86,1532600
2026-01-07T14:00:00Z,21.86,21.89,21.75,21.8,2190400
2026-01-07T15:00:00Z,21.79,21.82,21.67,21.72,1565100
2026-01-07T16:00:00Z,21.74,21.78,21.65,21.73,2300400
2026-01-07T17:00:00Z,21.72,21.75,21.64,21.67,2601100
2026-01-07T18:00:00Z,21.67,21.74,21.65,21.67,1631100
2026-01-07T19:00:00Z,21.67,21.73,21.67,21.71,1196100
2026-01-07T20:00:00Z,21.71,21.8,21.68,21.75,12919600
2026-01-08T13:00:00Z,21.7,21.8,21.64,21.73,1882800
2026-01-08T14:00:00Z,21.71,21.78,21.63,21.69,2542300
2026-01-08T15:00:00Z,21.71,21.84,21.7,21.81,2075100
2026-01-08T16:00:00Z,21.81,21.87,21.79,21.86,1494200
2026-01-08T17:00:00Z,21.87,21.89,21.78,21.78,1287900
2026-01-08T18:00:00Z,21.79,21.79,21.64,21.71,2655500
2026-01-08T19:00:00Z,21.71,21.75,21.7,21.71,4794900
2026-01-08T20:00:00Z,21.71,21.88,21.71,21.87,4782300
2026-01-09T13:00:00Z,21.82,21.9,21.7,21.84,2290300
2026-01-09T14:00:00Z,21.84,21.84,21.68,21.73,3173700
2026-01-09T15:00:00Z,21.73,21.78,21.69,21.76,1984600
2026-01-09T16:00:00Z,21.76,21.81,21.71,21.79,1528300
2026-01-09T17:00:00Z,21.79,21.85,21.78,21.79,1602100
2026-01-09T18:00:00Z,21.8,21.87,21.78,21.87,2421500
2026-01-09T19:00:00Z,21.86,21.88,21.8,21.86,2716400
2026-01-09T20:00:00Z,21.86,21.9,21.82,21.87,2815700
2026-01-12T13:00:00Z,21.85,21.85,21.59,21.63,2117800
2026-01-12T14:00:00Z,21.62,21.81,21.59,21.8,2618400
2026-01-12T15:00:00Z,21.8,21.88,21.76,21.85,2124500
2026-01-12T16:00:00Z,21.85,21.89,21.82,21.83,1108700
2026-01-12T17:00:00Z,21.82,21.88,21.82,21.88,1094100
2026-01-12T18:00:00Z,21.87,22.01,21.75,21.78,3004500
2026-01-12T19:00:00Z,21.78,21.85,21.77,21.83,822300
2026-01-12T20:00:00Z,21.83,21.91,21.81,21.9,1675900
2026-01-13T13:00:00Z,21.78,21.82,21.63,21.71,2732000
2026-01-13T14:00:00Z,21.72,21.8,21.7,21.75,4151200
2026-01-13T15:00:00Z,21.75,21.77,21.6,21.62,8548900
2026-01-13T16:00:00Z,21.63,21.64,21.47,21.53,2748500
2026-01-13T17:00:00Z,21.53,21.55,21.44,21.53,2595800
2026-01-13T18:00:00Z,21.53,21.54,21.42,21.42,2334700
2026-01-13T19:00:00Z,21.43,21.44,21.33,21.34,2919000
2026-01-13T20:00:00Z,21.33,21.42,21.05,21.18,10688000
2026-01-14T13:00:00Z,21.3,21.39,21.19,21.31,3375900
2026-01-14T14:00:00Z,21.31,21.32,21.15,21.27,3445800
2026-01-14T15:00:00Z,21.27,21.37,21.22,21.26,2121000
2026-01-14T16:00:00Z,21.26,21.3,21.23,21.24,1515000
2026-01-14T17:00:00Z,21.24,21.29,21.23,21.28,1040800
2026-01-14T18:00:00Z,21.28,21.31,21.25,21.3,1601500
2026-01-14T19:00:00Z,21.3,21.43,21.28,21.42,2800800
2026-01-14T20:00:00Z,21.42,21.48,21.37,21.45,3513200
2026-01-15T13:00:00Z,21.5,21.6,21.39,21.43,1536000
2026-01-15T14:00:00Z,21.43,21.47,21.34,21.37,2345500
2026-01-15T15:00:00Z,21.36,21.51,21.35,21.45,2906800
2026-01-15T16:00:00Z,21.45,21.5,21.42,21.46,1375800
2026-01-15T17:00:00Z,21.46,21.48,21.37,21.39,1740200
2026-01-15T18:00:00Z,21.38,21.55,21.38,21.54,2294800
2026-01-15T19:00:00Z,21.54,21.66,21.43,21.44,3844200
2026-01-15T20:00:00Z,21.43,21.47,21.37,21.39,2265900
2026-01-16T13:00:00Z,21.46,21.54,21.37,21.42,17102000
2026-01-16T14:00:00Z,21.41,21.44,21.25,21.42,21532700
2026-01-16T15:00:00Z,21.42,21.44,21.28,21.31,1520800
2026-01-16T16:00:00Z,21.31,21.41,21.3,21.36,4353200
2026-01-16T17:00:00Z,21.37,21.49,21.35,21.45,1774800
2026-01-16T18:00:00Z,21.45,21.46,21.41,21.43,1108000
2026-01-16T19:00:00Z,21.43,21.46,21.41,21.43,1447200
2026-01-16T20:00:00Z,21.43,21.45,21.27,21.33,3273000
2026-01-19T13:00:00Z,21.36,21.49,21.3,21.33,1615100
2026-01-19T14:00:00Z,21.33,21.37,21.28,21.34,1264300
2026-01-19T15:00:00Z,21.35,21.46,21.34,21.42,1416400
2026-01-19T16:00:00Z,21.43,21.48,21.37,21.38,1209200
2026-01-19T17:00:00Z,21.38,21.39,21.32,21.34,863900
2026-01-19T18:00:00Z,21.34,21.34,21.26,21.31,1228600
2026-01-19T19:00:00Z,21.31,21.33,21.29,21.3,987700
2026-01-19T20:00:00Z,21.3,21.32,21.25,21.27,1524800
2026-01-20T13:00:00Z,21.28,21.3,21.12,21.19,2311700
2026-01-20T14:00:00Z,21.19,21.57,21.12,21.46,3843300
2026-01-20T15:00:00Z,21.46,21.53,21.35,21.5,2450100
2026-01-20T16:00:00Z,21.5,21.56,21.47,21.53,2638500
2026-01-20T17:00:00Z,21.52,21.57,21.47,21.47,1645800
2026-01-20T18:00:00Z,21.47,21.57,21.46,21.46,1490100
2026-01-20T19:00:00Z,21.46,21.6,21.44,21.56,1221500
2026-01-20T20:00:00Z,21.56,21.59,21.48,21.49,3258000
2026-01-21T13:00:00Z,21.69,21.91,21.63,21.88,5083000
2026-01-21T14:00:00Z,21.89,21.95,21.72,21.84,5731300
2026-01-21T15:00:00Z,21.84,21.94,21.77,21.92,3637100
2026-01-21T16:00:00Z,21.91,22.02,21.84,22,4872400
2026-01-21T17:00:00Z,21.99,22.09,21.94,22.05,3594500
2026-01-21T18:00:00Z,22.04,22.38,21.99,22.24,6868200
2026-01-21T19:00:00Z,22.24,22.4,22.21,22.36,7489500
2026-01-21T20:00:00Z,22.36,22.56,22.28,22.41,11300300
2026-01-22T13:00:00Z,22.5,22.79,22.45,22.64,3106800
2026-01-22T14:00:00Z,22.64,22.94,22.63,22.91,5656100
2026-01-22T15:00:00Z,22.92,23.35,22.84,23.27,6857100
2026-01-22T16:00:00Z,23.27,23.32,23.09,23.31,4867900
2026-01-22T17:00:00Z,23.31,23.43,23.05,23.35,6118500
2026-01-22T18:00:00Z,23.34,23.45,23.28,23.35,4825700
2026-01-22T19:00:00Z,23.34,23.49,23.28,23.44,5695700
2026-01-22T20:00:00Z,23.44,23.47,23.31,23.39,6751300
2026-01-23T13:00:00Z,23.45,23.73,23.43,23.6,6132900
2026-01-23T14:00:00Z,23.61,23.83,23.58,23.74,8599400
2026-01-23T15:00:00Z,23.75,24.3,23.72,24.16,8691000
2026-01-23T16:00:00Z,24.17,24.22,24.05,24.05,3672000
2026-01-23T17:00:00Z,24.05,24.09,23.84,23.87,4116400
2026-01-23T18:00:00Z,23.86,24.05,23.76,23.95,15626700
2026-01-23T19:00:00Z,23.96,24.15,23.93,24.04,4274200
2026-01-23T20:00:00Z,24.04,24.59,24.03,24.18,16028100
2026-01-26T13:00:00Z,24.4,24.66,23.96,24.03,11575400
2026-01-26T14:00:00Z,24.03,24.38,23.89,24.18,8541800
2026-01-26T15:00:00Z,24.2,24.3,24.1,24.26,3742900
2026-01-26T16:00:00Z,24.25,24.27,24.11,24.17,4062900
2026-01-26T17:00:00Z,24.17,24.5,24.15,24.33,3299500
2026-01-26T18:00:00Z,24.33,24.36,24.19,24.25,2257000
2026-01-26T19:00:00Z,24.24,24.27,24.15,24.24,2921600
2026-01-26T20:00:00Z,24.25,24.49,24.24,24.41,3821600
2026-01-27T13:00:00Z,24.63,24.86,24.57,24.86,4139100
2026-01-27T14:00:00Z,24.85,25.04,24.84,25.01,5397400
2026-01-27T15:00:00Z,25.01,25.05,24.92,24.97,3705000
2026-01-27T16:00:00Z,24.96,25.08,24.9,25.05,2785100
2026-01-27T17:00:00Z,25.05,25.07,24.7,24.72,4615000
2026-01-27T18:00:00Z,24.7,24.78,24.63,24.67,4750900
2026-01-27T19:00:00Z,24.68,24.78,24.62,24.73,2363000
2026-01-27T20:00:00Z,24.73,24.84,24.63,24.76,4903200
2026-01-28T13:00:00Z,24.75,25.39,24.72,25.25,7363200
2026-01-28T14:00:00Z,25.25,25.53,25.06,25.49,7071600
2026-01-28T15:00:00Z,25.5,25.52,25.18,25.21,4064600
2026-01-28T16:00:00Z,25.21,25.3,25.2,25.23,1851700
2026-01-28T17:00:00Z,25.23,25.3,25.21,25.27,2073900
2026-01-28T18:00:00Z,25.25,25.27,25.07,25.17,3402100
2026-01-28T19:00:00Z,25.16,25.31,24.99,25.27,3856500
2026-01-28T20:00:00Z,25.28,25.47,25.19,25.4,5349600
2026-01-29T13:00:00Z,25.5,25.87,25.49,25.81,4416000
2026-01-29T14:00:00Z,25.82,25.9,25.55,25.57,7967200
2026-01-29T15:00:00Z,25.56,25.75,25.04,25.06,10167300
2026-01-29T16:00:00Z,25.06,25.29,25.06,25.18,7485000
2026-01-29T17:00:00Z,25.18,25.36,25.17,25.24,3009900
2026-01-29T18:00:00Z,25.24,25.34,25.19,25.25,3978000
2026-01-29T19:00:00Z,25.25,25.4,25.23,25.38,3785200
2026-01-29T20:00:00Z,25.38,25.54,25.36,25.42,6157600
2026-01-30T13:00:00Z,25.32,25.64,25.2,25.49,3033900
2026-01-30T14:00:00Z,25.47,25.54,25.2,25.23,2874900
2026-01-30T15:00:00Z,25.25,25.53,25.23,25.43,1617500
2026-01-30T16:00:00Z,25.41,25.43,25.25,25.27,1761100
2026-01-30T17:00:00Z,25.26,25.31,24.84,24.92,2746900
2026-01-30T18:00:00Z,24.9,25.07,24.76,25.02,2991000
2026-01-30T19:00:00Z,25.04,25.16,25,25.11,2729800
2026-01-30T20:00:00Z,25.13,25.15,25,25.13,2841400
2026-02-02T13:00:00Z,25.15,25.42,25.14,25.33,2077200
2026-02-02T14:00:00Z,25.36,25.45,25.2,25.36,2695700
2026-02-02T15:00:00Z,25.34,25.44,25.31,25.34,1372500
2026-02-02T16:00:00Z,25.34,25.43,25.25,25.36,1986800
2026-02-02T17:00:00Z,25.34,25.42,25.28,25.35,1126900
2026-02-02T18:00:00Z,25.35,25.36,25.23,25.24,1632700
2026-02-02T19:00:00Z,25.23,25.27,25.14,25.18,1868600
2026-02-02T20:00:00Z,25.18,25.35,25.18,25.34,2813400
2026-02-03T13:00:00Z,25.48,25.85,25.47,25.8,2982900
2026-02-03T14:00:00Z,25.8,26.09,25.77,26.02,4563800
2026-02-03T15:00:00Z,26,26.03,25.84,25.87,2026700
2026-02-03T16:00:00Z,25.88,25.95,25.82,25.86,1399000
2026-02-03T17:00:00Z,25.85,25.86,25.69,25.81,4912600
2026-02-03T18:00:00Z,25.81,25.83,25.65,25.67,7569000
2026-02-03T19:00:00Z,25.68,25.76,25.65,25.73,4351700
2026-02-03T20:00:00Z,25.73,25.78,25.67,25.7,3898700
2026-02-04T13:00:00Z,25.32,25.37,25,25.15,3776300
2026-02-04T14:00:00Z,25.16,25.19,24.97,25.14,3169800
2026-02-04T15:00:00Z,25.13,25.42,25.1,25.27,2245200
2026-02-04T16:00:00Z,25.25,25.29,25.1,25.18,2303800
2026-02-04T17:00:00Z,25.16,25.2,24.87,24.9,2461900
2026-02-04T18:00:00Z,24.9,25.16,24.88,25.07,3237300
2026-02-04T19:00:00Z,25.06,25.12,24.87,25.05,3017900
2026-02-04T20:00:00Z,25.06,25.12,25,25.02,3155400
2026-02-05T13:00:00Z,25.1,25.25,24.84,24.92,2995000
2026-02-05T14:00:00Z,24.94,25.2,24.92,25.01,2717200
2026-02-05T15:00:00Z,25.01,25.07,24.73,24.94,2611900
2026-02-05T16:00:00Z,24.95,25.02,24.89,25,6684300
2026-02-05T17:00:00Z,24.98,25,24.77,24.81,2195300
2026-02-05T18:00:00Z,24.82,24.88,24.72,24.76,7568500
2026-02-05T19:00:00Z,24.76,24.79,24.53,24.56,3489500
2026-02-05T20:00:00Z,24.56,24.58,24.19,24.42,8000200
2026-02-06T13:00:00Z,24.44,24.55,23.81,23.88,6348900
2026-02-06T14:00:00Z,23.89,24.17,23.84,23.97,7657100
2026-02-06T15:00:00Z,23.96,24.23,23.91,24.17,1784800
2026-02-06T16:00:00Z,24.16,24.37,24.12,24.31,3265600
2026-02-06T17:00:00Z,24.3,24.35,24.19,24.26,1464500
2026-02-06T18:00:00Z,24.25,24.28,24.1,24.14,1699300
2026-02-06T19:00:00Z,24.15,24.17,24.1,24.11,1553800
2026-02-06T20:00:00Z,24.11,24.38,24.1,24.2,9441600
2026-02-09T13:00:00Z,24.34,24.44,24.27,24.3,1358400
2026-02-09T14:00:00Z,24.32,24.57,24.24,24.48,2430600
2026-02-09T15:00:00Z,24.46,24.6,24.38,24.45,2133300
2026-02-09T16:00:00Z,24.46,24.83,24.42,24.8,2199900
2026-02-09T17:00:00Z,24.8,24.91,24.77,24.85,1672500
2026-02-09T18:00:00Z,24.84,24.92,24.74,24.91,1464100
2026-02-09T19:00:00Z,24.92,24.94,24.84,24.86,1688500
2026-02-09T20:00:00Z,24.88,24.93,24.75,24.92,2985600
2026-02-10T13:00:00Z,24.82,25.17,24.73,25,2903100
2026-02-10T14:00:00Z,24.99,25.3,24.96,25.25,5166900
2026-02-10T15:00:00Z,25.26,25.42,25.2,25.37,2448300
2026-02-10T16:00:00Z,25.38,25.4,25.08,25.09,3871100
2026-02-10T17:00:00Z,25.1,25.12,24.87,24.9,2274700
2026-02-10T18:00:00Z,24.92,24.99,24.76,24.87,2260700
2026-02-10T19:00:00Z,24.86,24.93,24.68,24.85,3754700
2026-02-10T20:00:00Z,24.83,25.03,24.82,24.85,2451500
2026-02-11T13:00:00Z,25.04,25.04,24.74,24.9,3980100
2026-02-11T14:00:00Z,24.9,25.22,24.83,24.91,4924100
2026-02-11T15:00:00Z,24.9,24.95,24.76,24.88,1999800
2026-02-11T16:00:00Z,24.88,25.09,24.84,24.99,3194800
2026-02-11T17:00:00Z,24.98,25.05,24.85,25.01,2326500
2026-02-11T18:00:00Z,25.01,25.02,24.89,24.93,1954300
2026-02-11T19:00:00Z,24.92,25.1,24.92,24.97,3029700
2026-02-11T20:00:00Z,24.98,25.08,24.92,24.97,4369300
2026-02-12T13:00:00Z,26.08,26.89,25.84,25.91,22777000
2026-02-12T14:00:00Z,25.9,26.01,24.53,25.15,16202100
2026-02-12T15:00:00Z,25.16,25.58,24.98,25.43,16152600
2026-02-12T16:00:00Z,25.42,25.85,25.32,25.75,13541000
2026-02-12T17:00:00Z,25.73,25.97,25.6,25.84,10704900
2026-02-12T18:00:00Z,25.83,25.83,25.31,25.59,4122000
2026-02-12T19:00:00Z,25.59,25.93,25.58,25.79,15302600
2026-02-12T20:00:00Z,25.79,26.04,25.73,25.94,8509400
2026-02-13T13:00:00Z,25.5,25.59,24.78,24.8,8223600
2026-02-13T14:00:00Z,24.8,24.86,24.53,24.7,5768300
2026-02-13T15:00:00Z,24.7,25,24.62,24.91,13007400
2026-02-13T16:00:00Z,24.91,25.08,24.83,25.03,23078800
2026-02-13T17:00:00Z,25.03,25.25,25.01,25.14,1966300
2026-02-13T18:00:00Z,25.15,25.37,25.1,25.33,2236700
2026-02-13T19:00:00Z,25.33,25.38,25.1,25.32,2739500
2026-02-13T20:00:00Z,25.32,25.48,25.26,25.43,2562800
2026-02-18T16:00:00Z,25.41,25.78,25.35,25.57,6023000
2026-02-18T17:00:00Z,25.57,25.67,25.38,25.55,3919800
2026-02-18T18:00:00Z,25.57,25.67,25.43,25.65,4602600
2026-02-18T19:00:00Z,25.66,25.73,25.55,25.71,5523700
2026-02-18T20:00:00Z,25.72,25.8,25.6,25.73,16118100
2026-02-19T13:00:00Z,25.73,26.07,25.56,25.94,3702100
2026-02-19T14:00:00Z,25.95,26.14,25.9,26.12,3120200
2026-02-19T15:00:00Z,26.12,26.45,26.1,26.42,4806300
2026-02-19T16:00:00Z,26.43,26.59,26.36,26.58,3505500
2026-02-19T17:00:00Z,26.57,26.59,26.42,26.5,2631100
2026-02-19T18:00:00Z,26.51,26.59,26.45,26.58,2557300
2026-02-19T19:00:00Z,26.58,26.59,26.33,26.37,2307300
2026-02-19T20:00:00Z,26.37,26.46,26.34,26.4,6725100
2026-02-20T13:00:00Z,26.36,26.39,26.16,26.23,3514800
2026-02-20T14:00:00Z,26.24,26.53,26.23,26.47,2189700
2026-02-20T15:00:00Z,26.47,26.65,26.43,26.56,2519400
2026-02-20T16:00:00Z,26.57,26.6,26.52,26.57,836200
2026-02-20T17:00:00Z,26.57,26.77,26.57,26.76,3551900
2026-02-20T18:00:00Z,26.77,26.99,26.76,26.91,4925300
2026-02-20T19:00:00Z,26.91,27.15,26.9,27.07,4048300
2026-02-20T20:00:00Z,27.07,27.08,26.9,26.99,15134400
2026-02-23T13:00:00Z,26.99,27.04,26.67,26.88,3025300
2026-02-23T14:00:00Z,26.86,27.33,26.86,27.21,4769300
2026-02-23T15:00:00Z,27.2,27.23,26.91,26.97,8369800
2026-02-23T16:00:00Z,26.96,26.99,26.88,26.96,22207500
2026-02-23T17:00:00Z,26.96,26.96,26.83,26.91,5442400
2026-02-23T18:00:00Z,26.91,27.09,26.86,26.89,4065700
2026-02-23T19:00:00Z,26.89,27.01,26.74,26.98,4534600
2026-02-23T20:00:00Z,26.99,27,26.88,26.94,18127000
2026-02-24T13:00:00Z,26.77,26.96,26.69,26.71,4334700
2026-02-24T14:00:00Z,26.69,26.96,26.66,26.89,2233300
2026-02-24T15:00:00Z,26.89,27.28,26.85,27.22,3681200
2026-02-24T16:00:00Z,27.22,27.3,27.07,27.13,2405800
2026-02-24T17:00:00Z,27.13,27.38,27.12,27.28,4064400
2026-02-24T18:00:00Z,27.28,27.33,27.13,27.21,2184200
2026-02-24T19:00:00Z,27.2,27.22,27.02,27.11,1667800
2026-02-24T20:00:00Z,27.11,27.11,26.84,27.04,2993500
2026-02-25T13:00:00Z,27.31,27.77,27.28,27.52,6048700
2026-02-25T14:00:00Z,27.52,27.66,27.47,27.53,3070800
2026-02-25T15:00:00Z,27.53,27.65,27.35,27.61,2787700
2026-02-25T16:00:00Z,27.61,27.62,27.51,27.62,1475200
2026-02-25T17:00:00Z,27.62,27.79,27.58,27.78,2964800
2026-02-25T18:00:00Z,27.77,27.81,27.63,27.67,4640400
2026-02-25T19:00:00Z,27.67,27.68,27.53,27.54,3535700
2026-02-25T20:00:00Z,27.55,27.63,27.53,27.57,2787300
2026-02-26T13:00:00Z,27.52,27.73,27.32,27.46,3211800
2026-02-26T14:00:00Z,27.45,27.53,27.22,27.43,3190100
2026-02-26T15:00:00Z,27.42,27.45,27.18,27.36,1888800
2026-02-26T16:00:00Z,27.36,27.5,27.35,27.43,1659700
2026-02-26T17:00:00Z,27.43,27.43,27.15,27.19,4932100
2026-02-26T18:00:00Z,27.19,27.35,26.98,27.28,3758100
2026-02-26T19:00:00Z,27.28,27.37,27.21,27.27,1971000
2026-02-26T20:00:00Z,27.28,27.4,27.25,27.32,1964200
2026-02-27T13:00:00Z,27.09,27.12,26.87,26.97,1750000
2026-02-27T14:00:00Z,26.97,27.14,26.92,26.96,1678400
2026-02-27T15:00:00Z,26.97,27.14,26.94,27.1,1676600
2026-02-27T16:00:00Z,27.09,27.21,27.05,27.18,1275300
2026-02-27T17:00:00Z,27.18,27.25,27.06,27.16,1705900
2026-02-27T18:00:00Z,27.15,27.18,27.1,27.17,1364100
2026-02-27T19:00:00Z,27.17,27.17,26.93,27.1,2262300
2026-02-27T20:00:00Z,27.1,27.12,27.02,27.03,4318600