time,open,high,low,close,Volume
2020-09-23T17:00:00Z,26.26705719,26.26705719,26.02704388,26.07504654,105723.30122602
2020-09-23T18:00:00Z,26.07504654,26.08464707,25.84463376,25.87343536,264256.17262109
2020-09-23T19:00:00Z,25.88303589,25.92143802,25.70062577,25.7678295,302587.37937102
2020-09-24T13:00:00Z,25.69102524,26.05584548,25.65262311,26.03664441,185093.89781146
2020-09-24T14:00:00Z,26.02704388,26.30545932,25.99824228,26.28625826,180406.65785563
2020-09-24T15:00:00Z,26.28625826,26.42066572,26.19985347,26.39186412,97286.26930552
2020-09-24T16:00:00Z,26.41106518,26.49746998,26.31505986,26.46866838,115514.42468931
2020-09-24T17:00:00Z,26.45906785,26.66067903,26.40146465,26.5646737,284775.86753885
2020-09-24T18:00:00Z,26.57427424,26.5934753,26.30545932,26.32466039,139992.23334755
2020-09-24T19:00:00Z,26.31505986,26.35346199,26.17105187,26.24785613,181344.10584679
2020-09-25T13:00:00Z,26.11344867,26.19985347,25.84463376,25.92143802,293942.0256747
2020-09-25T14:00:00Z,25.91183749,25.91183749,25.7390279,25.7966311,290504.71637376
2020-09-25T15:00:00Z,25.80623163,26.06544601,25.77743003,25.91183749,231966.29736979
2020-09-25T16:00:00Z,25.91183749,26.1230492,25.88303589,25.98864175,117180.99889583
2020-09-25T17:00:00Z,25.97904122,26.10384814,25.94063909,25.96944068,89370.04182455
2020-09-25T18:00:00Z,25.96944068,26.02704388,25.90223695,25.93103855,116451.87268048
2020-09-25T19:00:00Z,25.93103855,26.04624494,25.87343536,26.01744335,133221.77563357
2020-09-28T13:00:00Z,26.51667104,27.98555253,26.49746998,27.5055259,2123944.66531992
2020-09-28T14:00:00Z,27.5055259,27.64953389,27.31351525,27.4767243,764228.43457664
2020-09-28T15:00:00Z,27.4767243,27.71673762,27.24631152,27.67833549,769123.99630829
2020-09-28T16:00:00Z,27.67833549,27.86074561,27.08310246,27.15990673,820162.83138292
2020-09-28T17:00:00Z,27.16950726,27.19830886,26.42066572,26.66067903,747250.20984773
2020-09-28T18:00:00Z,26.66067903,27.20790939,26.66067903,27.0350998,492680.99980203
2020-09-28T19:00:00Z,27.04470033,27.092703,26.67027956,26.68948063,632048.26782214
2020-09-29T13:00:00Z,26.83348862,26.91989341,26.50707051,26.6222769,549240.36193575
2020-09-29T14:00:00Z,26.6222769,26.71828223,26.40146465,26.45906785,251444.38340848
2020-09-29T15:00:00Z,26.43986678,26.50707051,26.19025293,26.2382556,206134.39716876
2020-09-29T16:00:00Z,26.24785613,26.36306252,26.16145134,26.28625826,135200.83250381
2020-09-29T17:00:00Z,26.28625826,26.32466039,26.06544601,26.21905453,175719.41789979
2020-09-29T18:00:00Z,26.2382556,26.34386145,26.10384814,26.10384814,187281.27645752
2020-09-29T19:00:00Z,26.1230492,26.14225027,25.95023962,26.00784281,229883.07961165
2020-09-30T13:00:00Z,26.25745666,26.35346199,25.93103855,26.22865506,349668.10070516
2020-09-30T14:00:00Z,26.22865506,26.47826891,26.11344867,26.27665773,648505.68811151
2020-09-30T15:00:00Z,26.27665773,26.48786944,26.22865506,26.43026625,341960.19500001
2020-09-30T16:00:00Z,26.43986678,26.68948063,26.43026625,26.55507317,224675.03521628
2020-09-30T17:00:00Z,26.55507317,26.60307583,26.43026625,26.49746998,213217.33754646
2020-09-30T18:00:00Z,26.48786944,26.79508649,26.46866838,26.75668436,689961.72149866
2020-09-30T19:00:00Z,26.75668436,26.84308915,26.5934753,26.78548595,552156.86679716
2020-10-01T13:00:00Z,26.88149128,27.04470033,26.2382556,26.34386145,361646.60281451
2020-10-01T14:00:00Z,26.32466039,26.39186412,26.1806524,26.34386145,470703.05245357
2020-10-01T15:00:00Z,26.34386145,26.40146465,26.14225027,26.21905453,195509.9866022
2020-10-01T16:00:00Z,26.22865506,26.35346199,26.16145134,26.26705719,167907.35130674
2020-10-01T17:00:00Z,26.27665773,26.60307583,26.27665773,26.51667104,216029.68151996
2020-10-01T18:00:00Z,26.52627157,26.77588542,26.37266305,26.67027956,291025.52081329
2020-10-01T19:00:00Z,26.67027956,26.75668436,26.52627157,26.71828223,294150.34745052
2020-10-02T13:00:00Z,26.5934753,27.5055259,26.43026625,27.45752324,707981.55510664
2020-10-02T14:00:00Z,27.46712377,27.79354188,27.38071898,27.51512643,994423.99685201
2020-10-02T15:00:00Z,27.51512643,27.65913442,27.28471365,27.29431418,563302.08180325
2020-10-02T16:00:00Z,27.28471365,27.5343275,27.22711045,27.36151791,374145.9093634
2020-10-02T17:00:00Z,27.38071898,27.55352856,27.17910779,27.40952057,295087.79544168
2020-10-02T18:00:00Z,27.40952057,27.5343275,27.36151791,27.41912111,301024.9660524
2020-10-02T19:00:00Z,27.40952057,27.4479227,27.22711045,27.26551258,503617.89303231
2020-10-05T13:00:00Z,27.31351525,27.39992004,26.74708382,26.79508649,431434.39771248
2020-10-05T14:00:00Z,26.80468702,27.19830886,26.80468702,27.16950726,417893.48228451
2020-10-05T15:00:00Z,27.17910779,27.42872164,27.092703,27.40952057,328940.08401159
2020-10-05T16:00:00Z,27.40952057,27.5343275,27.19830886,27.21750992,373104.30048433
2020-10-05T17:00:00Z,27.23671099,27.42872164,27.18870832,27.31351525,247069.62611637
2020-10-05T18:00:00Z,27.31351525,27.33271631,27.19830886,27.26551258,251861.02696011
2020-10-05T19:00:00Z,27.26551258,27.43832217,27.21750992,27.33271631,319253.1214362
2020-10-06T13:00:00Z,27.52472696,27.70713708,27.39031951,27.66873495,308941.19353337
2020-10-06T14:00:00Z,27.66873495,27.83194401,27.55352856,27.77434081,496534.95265461
2020-10-06T15:00:00Z,27.75513975,27.81274294,27.49592537,27.58233016,336023.02438929
2020-10-06T16:00:00Z,27.58233016,27.75513975,27.5055259,27.70713708,161970.18069602
2020-10-06T17:00:00Z,27.69753655,27.71673762,27.51512643,27.68793602,112910.40249163
2020-10-06T18:00:00Z,27.67833549,27.76474028,27.19830886,27.32311578,191447.71197381
2020-10-06T19:00:00Z,27.29431418,27.65913442,27.17910779,27.39992004,257589.87579502
2020-10-07T13:00:00Z,27.62073229,27.75513975,27.37111844,27.51512643,313836.75526502
2020-10-07T14:00:00Z,27.5055259,27.52472696,27.24631152,27.5055259,357376.00641031
2020-10-07T15:00:00Z,27.5055259,27.62073229,27.35191738,27.46712377,332377.39331253
2020-10-07T16:00:00Z,27.46712377,27.60153123,27.40952057,27.46712377,220821.0823637
2020-10-07T17:00:00Z,27.4767243,27.72633815,27.34231684,27.67833549,269880.86056809
2020-10-07T18:00:00Z,27.67833549,27.71673762,27.46712377,27.4767243,178010.95743376
2020-10-07T19:00:00Z,27.4767243,27.54392803,27.39992004,27.49592537,232903.74536096
2020-10-08T13:00:00Z,27.33271631,28.03355519,27.30391471,27.96635146,483306.51989037
2020-10-08T14:00:00Z,27.9471504,28.60958715,27.87034614,28.57118502,1882916.37070218
2020-10-08T15:00:00Z,28.57118502,28.87840206,28.4175765,28.83999993,893804.57913345
2020-10-08T16:00:00Z,28.84960046,29.23362177,28.82079887,29.19521964,1170351.73652762
2020-10-08T17:00:00Z,29.20482017,29.37762976,29.12801591,29.33922763,887034.12141947
2020-10-08T18:00:00Z,29.33922763,29.6848468,29.33922763,29.52163775,923490.43218706
2020-10-08T19:00:00Z,29.53123828,29.7136484,29.46403455,29.60804254,1094835.09279475
2020-10-09T13:00:00Z,29.48323561,29.61764307,29.04161112,29.32002656,652672.12362781
2020-10-09T14:00:00Z,29.3008255,30.04006651,29.14721697,30.03046597,854327.60261655
2020-10-09T15:00:00Z,30.03046597,30.91371497,29.95366171,30.88491337,1650845.91244448
2020-10-09T16:00:00Z,30.88491337,30.88491337,29.98246331,30.24167769,1386173.09627176
2020-10-09T17:00:00Z,30.24167769,30.43368834,30.13607183,30.36648461,523720.94439844
2020-10-09T18:00:00Z,30.37608515,30.41448728,30.23207716,30.41448728,441538.0038395
2020-10-09T19:00:00Z,30.41448728,30.45288941,30.14567236,30.14567236,476223.57951266
2020-10-13T13:00:00Z,30.24167769,30.66410112,29.76165106,30.07846864,564135.36890651
2020-10-13T14:00:00Z,30.07846864,30.35688408,29.81925426,29.93446065,575280.58391261
2020-10-13T15:00:00Z,29.93446065,29.99206384,29.60804254,29.90565905,518721.22177888
2020-10-13T16:00:00Z,29.88645798,30.08806917,29.73284946,30.05926757,347897.36561074
2020-10-13T17:00:00Z,30.0688681,30.46248994,30.0688681,30.46248994,787456.31257999
2020-10-13T18:00:00Z,30.46248994,30.67370166,30.28007982,30.31848195,735792.51217792
2020-10-13T19:00:00Z,30.32808248,30.5104926,30.28007982,30.50089207,432996.81103109
2020-10-14T13:00:00Z,30.5680958,31.4225432,30.42408781,30.71210379,1260867.54811915
2020-10-14T14:00:00Z,30.72170432,30.79850858,30.46248994,30.72170432,570280.86129305
2020-10-14T15:00:00Z,30.73130485,30.86571231,30.5968974,30.67370166,305399.72334452
2020-10-14T16:00:00Z,30.66410112,30.93291604,30.5968974,30.93291604,382582.9412839
2020-10-14T17:00:00Z,30.91371497,30.99051923,30.63529953,30.78890805,417997.64317242
2020-10-14T18:00:00Z,30.77930752,30.79850858,30.50089207,30.64490006,412893.75966496
2020-10-14T19:00:00Z,30.65450059,30.72170432,30.50089207,30.57769633,383728.71105088
2020-10-15T13:00:00Z,30.35688408,30.5104926,30.16487343,30.28007982,343939.25187026
2020-10-15T14:00:00Z,30.28007982,30.58729686,30.27047929,30.33768302,518304.57822725
2020-10-15T15:00:00Z,30.32808248,30.57769633,30.31848195,30.52969367,437684.05098692
2020-10-15T16:00:00Z,30.52009314,30.52969367,30.19367503,30.46248994,257902.35845874
2020-10-15T17:00:00Z,30.46248994,31.0097203,30.40488674,30.55849527,494139.25223274
2020-10-15T18:00:00Z,30.55849527,30.72170432,30.47209047,30.5104926,302795.70114683
2020-10-15T19:00:00Z,30.5104926,30.55849527,30.31848195,30.36648461,489347.85138899
2020-10-16T13:00:00Z,30.34728355,30.42408781,29.99206384,30.14567236,478931.76259825
2020-10-16T14:00:00Z,30.1264713,30.26087876,29.85765639,30.0688681,494868.37844809
2020-10-16T15:00:00Z,30.0688681,30.0688681,29.6848468,29.84805585,770269.76607527
2020-10-16T16:00:00Z,29.84805585,29.95366171,29.73284946,29.95366171,713293.76038992
2020-10-16T17:00:00Z,29.95366171,30.02086544,29.72324893,29.76165106,444558.66958881
2020-10-16T18:00:00Z,29.76165106,29.86725692,29.6560452,29.72324893,403206.79708957
2020-10-16T19:00:00Z,29.72324893,29.77125159,29.50243668,29.50243668,751624.96713984
2020-10-19T13:00:00Z,29.75205053,29.90565905,29.48323561,29.84805585,544344.80020411
2020-10-19T14:00:00Z,29.83845532,30.28968035,29.81925426,30.23207716,318940.63877248
2020-10-19T15:00:00Z,30.23207716,30.43368834,30.18407449,30.36648461,308941.19353337
2020-10-19T16:00:00Z,30.34728355,30.52009314,30.24167769,30.32808248,247798.75233172
2020-10-19T17:00:00Z,30.30888142,30.38568568,30.0688681,30.0688681,279776.14491929
2020-10-19T18:00:00Z,30.0688681,30.08806917,29.70404786,29.78085213,494035.09134483
2020-10-19T19:00:00Z,29.77125159,29.86725692,29.6848468,29.83845532,400081.97045235
2020-10-20T13:00:00Z,29.95366171,30.99051923,29.95366171,30.77930752,937968.79560619
2020-10-20T14:00:00Z,30.78890805,30.96171764,30.62569899,30.76010645,875263.94108594
2020-10-20T15:00:00Z,30.76010645,30.85611178,30.58729686,30.64490006,744646.18765005
2020-10-20T16:00:00Z,30.65450059,30.78890805,30.38568568,30.67370166,580176.14564425
2020-10-20T17:00:00Z,30.67370166,30.75050592,30.48169101,30.5680958,424455.61822268
2020-10-20T18:00:00Z,30.55849527,30.61609846,30.42408781,30.52009314,310711.92862779
2020-10-20T19:00:00Z,30.52969367,30.65450059,30.43368834,30.60649793,406539.94550261
2020-10-21T13:00:00Z,30.42408781,30.89451391,30.16487343,30.85611178,600279.19701038
2020-10-21T14:00:00Z,30.84651124,30.9521171,30.63529953,30.86571231,430913.59327294
2020-10-21T15:00:00Z,30.85611178,30.99051923,30.58729686,30.91371497,402269.3490984
2020-10-21T16:00:00Z,30.9233155,31.26893468,30.89451391,31.10572562,372271.01338107
2020-10-21T17:00:00Z,31.09612509,31.24973361,30.9521171,30.99051923,213946.46376181
2020-10-21T18:00:00Z,30.9809187,31.08652456,30.90411444,30.99051923,137596.53292568
2020-10-21T19:00:00Z,30.99051923,31.00011977,30.76010645,30.81770965,294254.50833842
2020-10-22T13:00:00Z,30.65450059,31.41294267,30.5680958,31.36494,717460.19590621
2020-10-22T14:00:00Z,31.35533947,31.67215705,31.26893468,31.60495332,867660.19626869
2020-10-22T15:00:00Z,31.60495332,31.98897462,31.56655119,31.8641677,622569.62702257
2020-10-22T16:00:00Z,31.88336876,31.98897462,31.79696397,31.88336876,277172.12272161
2020-10-22T17:00:00Z,31.88336876,32.11378155,31.88336876,32.02737675,344355.89542189
2020-10-22T18:00:00Z,32.03697729,32.22898794,32.02737675,32.17138474,406123.30195098
2020-10-22T19:00:00Z,32.17138474,32.25778954,32.09458048,32.18098528,567051.87376792
2020-10-23T13:00:00Z,32.29619167,33.2178428,32.17138474,32.88182416,2292476.98195411
2020-10-23T14:00:00Z,32.88182416,33.01623161,32.50740338,32.7762183,1039109.01776429
2020-10-23T15:00:00Z,32.76661776,32.78581883,32.43059912,32.46900125,661942.44265157
2020-10-23T16:00:00Z,32.45940072,32.58420764,32.43059912,32.49780285,438725.659866
2020-10-23T17:00:00Z,32.50740338,32.59380818,32.2769906,32.38259646,503097.08859277
2020-10-23T18:00:00Z,32.39219699,32.50740338,32.36339539,32.42099859,336023.02438929
2020-10-23T19:00:00Z,32.42099859,32.59380818,32.36339539,32.58420764,487785.43807038
2020-10-26T13:00:00Z,32.39219699,33.02583214,32.36339539,32.95862842,943697.6444411
2020-10-26T14:00:00Z,32.94902788,33.47705718,32.94902788,33.22744333,1040983.91374662
2020-10-26T15:00:00Z,33.22744333,33.43865505,33.131438,33.40985345,418205.96494824
2020-10-26T16:00:00Z,33.40985345,33.59226357,33.08343534,33.27544599,727980.44558486
2020-10-26T17:00:00Z,33.26584546,33.28504652,32.7186151,33.03543268,749333.42760588
2020-10-26T18:00:00Z,33.01623161,33.12183747,32.7186151,32.85302256,987341.0564743
2020-10-26T19:00:00Z,32.86262309,33.41945398,32.79541936,33.16984013,1537623.02728913
2020-10-27T13:00:00Z,33.9858854,34.82113174,32.7186151,33.09303587,3873118.455949
2020-10-27T14:00:00Z,33.08343534,33.36185079,32.94902788,33.00663108,695482.24855775
2020-10-27T15:00:00Z,32.99703055,33.05463374,32.37299593,32.59380818,977029.12857147
2020-10-27T16:00:00Z,32.60340871,32.63221031,32.18098528,32.26739007,986924.41292267
2020-10-27T17:00:00Z,32.26739007,32.35379486,32.09458048,32.12338208,698711.23608288
2020-10-27T18:00:00Z,32.11378155,32.248189,31.70095865,31.72976024,1503666.57783132
2020-10-27T19:00:00Z,31.72976024,32.03697729,31.68175758,31.96017303,1107855.20378317
2020-10-28T13:00:00Z,31.0097203,31.58575225,30.71210379,31.24973361,1920518.45123676
2020-10-28T14:00:00Z,31.24013308,31.46094533,30.90411444,31.00011977,1094626.77101893
2020-10-28T15:00:00Z,31.00011977,31.19213042,30.83691071,31.18252988,636423.02511425
2020-10-28T16:00:00Z,31.17292935,31.31693734,31.0385219,31.08652456,427684.60574781
2020-10-28T17:00:00Z,31.08652456,31.12492669,30.80810911,31.07692403,361854.92459033
2020-10-28T18:00:00Z,31.09612509,31.09612509,30.89451391,31.0385219,297171.01319983
2020-10-28T19:00:00Z,31.0385219,31.06732349,30.72170432,30.73130485,486639.6683034
2020-10-29T13:00:00Z,30.71210379,31.04812243,29.95366171,30.58729686,939843.69158853
2020-10-29T14:00:00Z,30.62569899,31.0385219,30.43368834,30.9521171,968383.77487516
2020-10-29T15:00:00Z,30.96171764,31.00011977,30.37608515,30.66410112,535595.28561988
2020-10-29T16:00:00Z,30.67370166,31.20173095,30.63529953,31.20173095,597466.85303688
2020-10-29T17:00:00Z,31.19213042,31.48974693,30.81770965,31.46094533,863389.59986449
2020-10-29T18:00:00Z,31.4801464,32.02737675,31.40334213,32.02737675,974737.58903751
2020-10-29T19:00:00Z,32.01777622,32.01777622,31.62415438,31.93137143,1024214.01079353
2020-10-30T13:00:00Z,31.67215705,31.98897462,31.23053255,31.49934746,679233.1500442
2020-10-30T14:00:00Z,31.48974693,31.74896131,30.94251657,31.01932083,648297.3663357
2020-10-30T15:00:00Z,30.97131817,31.14412775,30.76970698,30.90411444,431642.71948829
2020-10-30T16:00:00Z,30.90411444,31.0385219,30.67370166,30.72170432,406123.30195098
2020-10-30T17:00:00Z,30.72170432,30.82731018,30.62569899,30.80810911,322065.4654097
2020-10-30T18:00:00Z,30.81770965,30.91371497,30.5680958,30.63529953,527574.89725101
2020-10-30T19:00:00Z,30.63529953,30.67370166,30.45288941,30.62569899,364042.30323639
2020-11-03T13:00:00Z,31.37454054,31.57615172,30.93291604,31.11532616,502992.92770487
2020-11-03T14:00:00Z,31.14412775,31.44174427,30.89451391,31.34573894,535178.64206825
2020-11-03T15:00:00Z,31.35533947,31.56655119,31.23053255,31.53774959,504451.18013557
2020-11-03T16:00:00Z,31.52814906,31.52814906,31.07692403,31.31693734,532053.81543103
2020-11-03T17:00:00Z,31.32653787,31.34573894,30.99051923,31.05772296,410810.54190681
2020-11-03T18:00:00Z,31.05772296,31.40334213,30.99051923,31.04812243,451849.93174233
2020-11-03T19:00:00Z,31.04812243,31.28813574,31.0097203,31.05772296,373729.26581177
2020-11-03T20:00:00Z,31.05772296,31.36494,31.02892136,31.20173095,462786.82497261
2020-11-04T13:00:00Z,31.59535279,31.8353661,31.05772296,31.06732349,284255.06309931
2020-11-04T14:00:00Z,31.06732349,31.21133148,30.62569899,30.9521171,677462.41494977
2020-11-04T15:00:00Z,30.96171764,31.13452722,30.69290272,30.76970698,458099.58501677
2020-11-04T16:00:00Z,30.77930752,30.79850858,30.52969367,30.67370166,584446.74204846
2020-11-04T17:00:00Z,30.66410112,30.69290272,30.48169101,30.58729686,379666.4364225
2020-11-04T18:00:00Z,30.58729686,30.91371497,30.58729686,30.76010645,502784.60592905
2020-11-04T19:00:00Z,30.76010645,30.85611178,30.67370166,30.79850858,547365.46595342
2020-11-04T20:00:00Z,30.78890805,30.82731018,30.57769633,30.65450059,451329.12730279
2020-11-05T13:00:00Z,30.99051923,31.13452722,30.73130485,30.90411444,211238.28067622
2020-11-05T14:00:00Z,30.90411444,30.90411444,30.28007982,30.36648461,1194517.06252214
2020-11-05T15:00:00Z,30.38568568,30.85611178,30.33768302,30.73130485,402581.83176213
2020-11-05T16:00:00Z,30.73130485,30.81770965,30.57769633,30.70250325,605383.08051785
2020-11-05T17:00:00Z,30.71210379,30.79850858,30.44328887,30.76970698,319982.24765155
2020-11-05T18:00:00Z,30.76970698,31.0097203,30.68330219,30.99051923,757353.81597475
2020-11-05T19:00:00Z,31.00011977,31.13452722,30.89451391,31.04812243,569760.05685351
2020-11-05T20:00:00Z,31.02892136,31.22093202,30.9809187,31.22093202,421539.11336127
2020-11-06T13:00:00Z,30.76970698,31.30733681,30.60649793,31.02892136,332377.39331253
2020-11-06T14:00:00Z,31.0385219,31.04812243,30.5104926,30.5968974,485389.73764851
2020-11-06T15:00:00Z,30.60649793,30.68330219,30.48169101,30.49129154,261860.47219922
2020-11-06T16:00:00Z,30.50089207,30.64490006,30.38568568,30.5968974,528199.86257846
2020-11-06T17:00:00Z,30.58729686,30.58729686,30.42408781,30.47209047,195718.30837802
2020-11-06T18:00:00Z,30.47209047,30.50089207,30.34728355,30.45288941,445912.76113161
2020-11-06T19:00:00Z,30.45288941,30.54889473,30.43368834,30.49129154,492472.67802622
2020-11-06T20:00:00Z,30.48169101,30.65450059,30.46248994,30.58729686,506951.04144535
2020-11-09T13:00:00Z,31.46094533,33.12183747,31.44174427,32.2769906,1179726.21643928
2020-11-09T14:00:00Z,32.28659113,32.92022629,32.20978687,32.70901457,1061920.25221601
2020-11-09T15:00:00Z,32.69941404,32.78581883,32.34419433,32.51700392,494451.73489646
2020-11-09T16:00:00Z,32.51700392,32.73781617,32.19058581,32.68021297,448100.13977766
2020-11-09T17:00:00Z,32.68021297,32.83382149,32.68021297,32.82422096,508096.81121233
2020-11-09T18:00:00Z,32.83382149,32.83382149,32.68021297,32.80501989,426226.35331711
2020-11-09T19:00:00Z,32.82422096,33.07383481,32.75701723,33.05463374,571530.79194794
2020-11-09T20:00:00Z,33.04503321,33.1026364,32.85302256,32.96822895,599550.07079503
2020-11-10T13:00:00Z,32.82422096,33.42905451,32.7474167,33.15063907,506013.59345418
2020-11-10T14:00:00Z,33.15063907,33.87067901,33.12183747,33.84187742,689336.75617121
2020-11-10T15:00:00Z,33.83227688,34.4563115,33.80347528,34.41790937,921303.05354101
2020-11-10T16:00:00Z,34.39870831,34.75392801,34.37950724,34.50431416,1010881.41714138
2020-11-10T17:00:00Z,34.50431416,34.74432748,34.50431416,34.71552588,564239.52979442
2020-11-10T18:00:00Z,34.70592535,34.88833547,34.4851131,34.88833547,885055.06454923
2020-11-10T19:00:00Z,34.88833547,35.09954719,34.80193068,35.08034612,831203.8855011
2020-11-10T20:00:00Z,35.09954719,35.52197062,35.07074559,35.51237009,1065045.07885323
2020-11-11T13:00:00Z,35.12834878,35.23395464,34.39870831,34.77312908,637360.47310542
2020-11-11T14:00:00Z,34.78272961,35.32995997,34.52351523,35.04194399,595383.63527873
2020-11-11T15:00:00Z,35.03234346,35.19555251,34.43711044,34.53311576,377583.21866435
2020-11-11T16:00:00Z,34.56191736,34.8691344,34.4851131,34.83073227,190406.10309474
2020-11-11T17:00:00Z,34.81153121,34.84993334,34.60992002,34.60992002,683399.58556049
2020-11-11T18:00:00Z,34.62912109,34.87873494,34.55231683,34.85953387,245715.53457357
2020-11-11T19:00:00Z,34.8691344,34.99394133,34.66752322,34.73472695,311545.21573105
2020-11-11T20:00:00Z,34.73472695,34.76352854,34.55231683,34.60992002,312274.3419464
2020-11-12T13:00:00Z,34.67712375,34.81153121,34.19709712,34.4275099,290921.35992539
2020-11-12T14:00:00Z,34.41790937,34.49471363,34.09149126,34.18749659,482994.03722664
2020-11-12T15:00:00Z,34.17789606,34.22589872,33.84187742,34.19709712,348209.84827446
2020-11-12T16:00:00Z,34.17789606,34.22589872,34.014687,34.08189073,209780.02824552
2020-11-12T17:00:00Z,34.08189073,34.18749659,33.72667102,33.9858854,376020.80534574
2020-11-12T18:00:00Z,33.9858854,34.02428753,33.78427422,33.89948061,328210.95779624
2020-11-12T19:00:00Z,33.90908114,33.91868168,33.51545931,33.56346197,348938.97448981
2020-11-12T20:00:00Z,33.55386144,33.85147795,33.50585877,33.50585877,389561.7207737
2020-11-13T13:00:00Z,34.06268966,34.13949393,33.72667102,33.87067901,113014.56337954
2020-11-13T14:00:00Z,33.87067901,34.23549925,33.6594673,34.22589872,238736.75508378
2020-11-13T15:00:00Z,34.22589872,34.36990671,33.93788274,33.96668434,233737.03246422
2020-11-13T16:00:00Z,33.96668434,34.40830884,33.94748327,34.38910777,148533.42615596
2020-11-13T17:00:00Z,34.38910777,34.41790937,34.20669765,34.36030618,137388.21114987
2020-11-13T18:00:00Z,34.37950724,34.52351523,34.35070564,34.38910777,175615.25701189
2020-11-13T19:00:00Z,34.38910777,34.55231683,34.31230351,34.43711044,139471.42890802
2020-11-13T20:00:00Z,34.4275099,34.56191736,34.36030618,34.44671097,142804.57732105
2020-11-16T13:00:00Z,34.64832215,35.7523834,34.64832215,35.32995997,656421.91559247
2020-11-16T14:00:00Z,35.3107589,35.97319565,35.3107589,35.82918766,712460.47328666
2020-11-16T15:00:00Z,35.82918766,36.05960045,35.61797595,35.93479352,434455.06346179
2020-11-16T16:00:00Z,35.95399459,36.17480684,35.91559246,36.09800258,333731.48485533
2020-11-16T17:00:00Z,36.10760311,36.2516111,35.96359512,36.24201057,340397.7816814
2020-11-16T18:00:00Z,36.23241003,36.43402122,36.1652063,36.37641802,548927.87927203
2020-11-16T19:00:00Z,36.37641802,36.45322228,36.2804127,36.44362175,594133.70462385
2020-11-16T20:00:00Z,36.44362175,36.74123826,36.38601855,36.664434,944947.57509599
2020-11-17T13:00:00Z,36.33801589,36.95244998,36.11720364,36.34761642,590279.75177127
2020-11-17T14:00:00Z,36.32841536,36.59723027,36.17480684,36.57802921,641422.74773381
2020-11-17T15:00:00Z,36.57802921,36.94284944,36.48202388,36.93324891,594029.54373594
2020-11-17T16:00:00Z,36.92364838,37.29806915,36.89484678,37.15406116,532574.61987057
2020-11-17T17:00:00Z,37.15406116,37.34607181,36.87564572,37.06765637,497159.91798205
2020-11-17T18:00:00Z,37.05805584,37.29806915,37.00045264,37.22126489,800997.22800795
2020-11-17T19:00:00Z,37.22126489,37.48047927,37.22126489,37.45167767,483514.84166618
2020-11-17T20:00:00Z,37.44207714,37.65328886,37.33647128,37.65328886,612674.34267136
2020-11-18T13:00:00Z,37.43247661,37.81649791,36.96205051,37.29806915,406539.94550261
2020-11-18T14:00:00Z,37.30766968,37.4900798,37.01005317,37.45167767,398102.91358211
2020-11-18T15:00:00Z,37.46127821,37.52848193,36.84684412,37.1060585,427684.60574781
2020-11-18T16:00:00Z,37.1060585,37.58608513,36.94284944,37.33647128,242069.90349681
2020-11-18T17:00:00Z,37.31727022,37.40367501,37.18286276,37.27886809,220196.11703626
2020-11-18T18:00:00Z,37.27886809,37.91250324,37.27886809,37.61488673,427997.08841153
2020-11-18T19:00:00Z,37.59568566,37.62448726,37.22126489,37.33647128,217383.77306276
2020-11-18T20:00:00Z,37.32687075,37.39407448,36.92364838,37.19246329,265089.45972435
2020-11-19T13:00:00Z,37.14446063,37.80689738,37.01005317,37.78769631,471119.6960052
2020-11-19T14:00:00Z,37.79729685,37.82609844,37.01005317,37.66288939,473515.39642707
2020-11-19T15:00:00Z,37.67248992,37.73009312,37.42287607,37.59568566,613715.95155044
2020-11-19T16:00:00Z,37.58608513,37.65328886,37.24046596,37.37487341,616007.4910844
2020-11-19T17:00:00Z,37.36527288,37.75889472,37.30766968,37.71089205,306337.17133568
2020-11-19T18:00:00Z,37.70129152,37.87410111,37.66288939,37.79729685,356334.39753124
2020-11-19T19:00:00Z,37.79729685,37.84529951,37.61488673,37.70129152,343210.1256549
2020-11-19T20:00:00Z,37.69169099,37.71089205,37.44207714,37.68209046,303108.18381055
2020-11-20T13:00:00Z,37.45167767,37.5188814,37.1348601,37.20206383,294775.31277796
2020-11-20T14:00:00Z,37.19246329,37.25006649,36.74123826,37.01005317,341647.71233629
2020-11-20T15:00:00Z,37.01005317,37.03885477,36.6932356,36.7220372,214258.94642553
2020-11-20T16:00:00Z,36.73163773,36.91404785,36.67403453,36.75083879,206967.68427202
2020-11-20T17:00:00Z,36.7220372,36.81804252,36.58762974,36.6356324,147491.81727689
2020-11-20T18:00:00Z,36.6356324,36.7220372,36.48202388,36.52042601,148533.42615596
2020-11-20T19:00:00Z,36.51082548,36.65483347,36.46282281,36.51082548,265818.5859397
2020-11-20T20:00:00Z,36.50122495,36.55882814,36.2804127,36.41482015,381749.65418064
2020-11-23T13:00:00Z,36.76043933,36.96205051,36.62603187,36.84684412,257798.19757083
2020-11-23T14:00:00Z,36.82764305,36.91404785,36.6932356,36.73163773,169678.08640116
2020-11-23T15:00:00Z,36.73163773,37.28846862,36.55882814,37.25966702,237903.46798052
2020-11-23T16:00:00Z,37.28846862,37.39407448,37.1060585,37.16366169,194051.7341715
2020-11-23T17:00:00Z,37.14446063,37.24046596,37.02925424,37.08685743,119785.02109352
2020-11-23T18:00:00Z,37.0772569,37.21166436,36.96205051,37.17326223,123951.45660981
2020-11-23T19:00:00Z,37.16366169,37.16366169,36.80844199,37.03885477,171657.14327141
2020-11-23T20:00:00Z,37.03885477,37.39407448,37.01965371,37.36527288,343835.09098235
2020-11-24T13:00:00Z,37.33647128,38.61334212,37.33647128,38.13331549,743917.0614347
2020-11-24T14:00:00Z,38.12371495,38.42133147,38.05651123,38.35412774,412997.92055287
2020-11-24T15:00:00Z,38.35412774,38.56533945,38.12371495,38.38292933,339876.97724187
2020-11-24T16:00:00Z,38.3733288,38.85335543,38.20051922,38.75735011,614861.72131742
2020-11-24T17:00:00Z,38.77655117,38.98776289,38.60374158,38.94936076,339668.65546605
2020-11-24T18:00:00Z,38.93976023,39.11256981,38.88215703,38.98776289,386124.41147276
2020-11-24T19:00:00Z,38.98776289,38.99736342,38.77655117,38.85335543,433725.93724644
2020-11-24T20:00:00Z,38.86295596,38.91095863,38.53653786,38.55573892,911824.41274143
2020-11-25T13:00:00Z,38.59414105,39.10296928,38.32532614,38.60374158,534032.87230127
2020-11-25T14:00:00Z,38.59414105,38.63254318,38.12371495,38.41173093,866826.90916544
2020-11-25T15:00:00Z,38.41173093,38.65174425,38.28692401,38.36372827,430184.46705759
2020-11-25T16:00:00Z,38.35412774,38.76695064,38.23892135,38.72854851,612570.18178346
2020-11-25T17:00:00Z,38.73814904,39.02616502,38.71894798,38.99736342,459453.67655957
2020-11-25T18:00:00Z,39.00696395,39.35258313,38.94936076,39.29497993,466744.93871309
2020-11-25T19:00:00Z,39.29497993,39.30458046,38.94936076,39.02616502,552677.6712367
2020-11-25T20:00:00Z,39.02616502,39.19897461,38.74774957,38.74774957,506742.71966953
2020-11-26T13:00:00Z,38.69974691,38.69974691,38.13331549,38.30612507,216654.64684741
2020-11-26T14:00:00Z,38.32532614,38.70934744,38.18131815,38.52693732,285713.31553002
2020-11-26T15:00:00Z,38.54613839,38.73814904,38.44053253,38.67094531,165928.2944365
2020-11-26T16:00:00Z,38.67094531,38.67094531,38.58454052,38.61334212,135617.47605544
2020-11-26T17:00:00Z,38.61334212,38.7861517,38.50773626,38.52693732,219466.99082091
2020-11-26T18:00:00Z,38.52693732,38.74774957,38.49813573,38.69974691,199051.45679105
2020-11-26T19:00:00Z,38.70934744,38.92055916,38.59414105,38.9013581,186447.98935426
2020-11-26T20:00:00Z,38.91095863,39.13177088,38.66134478,39.08376821,212488.21133111
2020-11-27T13:00:00Z,38.89175756,39.39098526,38.67094531,39.29497993,223529.26544929
2020-11-27T14:00:00Z,39.2853794,39.61179751,39.18937407,39.40058579,332585.71508835
2020-11-27T15:00:00Z,39.44858845,39.68860177,39.33338206,39.51579218,204155.34029852
2020-11-27T16:00:00Z,39.52539271,39.56379484,39.16057248,39.45818899,411435.50723425
2020-11-27T17:00:00Z,39.46778952,39.55419431,38.96856182,39.02616502,560489.73782975
2020-11-27T18:00:00Z,39.00696395,39.41978686,38.99736342,39.34298259,262381.27663876
2020-11-27T19:00:00Z,39.34298259,39.34298259,38.80535277,38.94936076,162699.30691137
2020-11-27T20:00:00Z,38.93976023,38.98776289,38.61334212,38.73814904,234986.96311911
2020-11-30T13:00:00Z,38.85335543,38.8725565,38.12371495,38.22932081,291129.6817012
2020-11-30T14:00:00Z,38.23892135,38.61334212,38.05651123,38.31572561,617465.7435151
2020-11-30T15:00:00Z,38.31572561,38.54613839,37.69169099,37.79729685,718189.32212157
2020-11-30T16:00:00Z,37.80689738,37.84529951,37.4900798,37.5188814,534345.35496499
2020-11-30T17:00:00Z,37.53808247,37.97010643,37.40367501,37.85490004,483098.19811455
2020-11-30T18:00:00Z,37.85490004,37.85490004,37.60528619,37.66288939,423830.65289524
2020-11-30T19:00:00Z,37.64368832,38.23892135,37.547683,38.20051922,698190.43164334
2020-11-30T20:00:00Z,38.21011975,38.30612507,37.78769631,37.85490004,1061816.0913281
2020-12-01T13:00:00Z,38.69014638,39.35258313,38.49813573,39.29497993,727355.48025742
2020-12-01T14:00:00Z,39.314181,39.98621828,39.07416768,39.96701721,922136.34064427
2020-12-01T15:00:00Z,39.96701721,40.15902787,39.74620496,40.09182414,506638.55878162
2020-12-01T16:00:00Z,40.10142467,40.47584544,39.99581881,40.38944065,643610.12637986
2020-12-01T17:00:00Z,40.38944065,40.75426089,40.1398268,40.72545929,959530.09940303
2020-12-01T18:00:00Z,40.70625822,41.10948059,40.65825556,40.87906781,674754.23186418
2020-12-01T19:00:00Z,40.86946728,41.080679,40.46624491,40.47584544,835057.83835368
2020-12-01T20:00:00Z,40.47584544,40.51424757,39.94781615,39.97661775,1141707.49235308
2020-12-02T13:00:00Z,40.6102529,40.86946728,40.33183745,40.51424757,497159.91798205
2020-12-02T14:00:00Z,40.5238481,40.5526497,40.01501988,40.20703053,405706.65839935
2020-12-02T15:00:00Z,40.20703053,40.38944065,40.00541934,40.00541934,291754.64702865
2020-12-02T16:00:00Z,39.99581881,40.62945396,39.98621828,40.5238481,397477.94825466
2020-12-02T17:00:00Z,40.51424757,40.5238481,40.13022627,40.28383479,260714.70243224
2020-12-02T18:00:00Z,40.27423426,40.41824225,40.14942733,40.26463372,204988.62740178
2020-12-02T19:00:00Z,40.26463372,40.64865503,40.21663106,40.62945396,236861.85910144
2020-12-02T20:00:00Z,40.62945396,40.77346195,40.5526497,40.72545929,240924.13372983
2020-12-03T13:00:00Z,40.50464704,40.93667101,40.27423426,40.68705716,280921.91468627
2020-12-03T14:00:00Z,40.68705716,41.04227687,40.51424757,40.86946728,255090.01448524
2020-12-03T15:00:00Z,40.86946728,41.76231681,40.85986675,41.57030616,416747.71251753
2020-12-03T16:00:00Z,41.57990669,41.57990669,41.0518774,41.27268965,378833.14931924
2020-12-03T17:00:00Z,41.28229018,41.38789604,40.71585876,40.74466035,362063.24636614
2020-12-03T18:00:00Z,40.70625822,40.89826888,40.22623159,40.22623159,493305.96512948
2020-12-03T19:00:00Z,40.23583213,40.41824225,40.03422094,40.08222361,712772.95595038
2020-12-03T20:00:00Z,40.08222361,40.32223692,39.74620496,39.76540603,596529.40504572
2020-12-04T13:00:00Z,40.1110252,40.28383479,39.33338206,39.64059911,338939.5292507
2020-12-04T14:00:00Z,39.63099857,40.05342201,39.45818899,39.7558055,306441.33222359
2020-12-04T15:00:00Z,39.74620496,39.87101189,39.59259644,39.65980017,206342.71894457
2020-12-04T16:00:00Z,39.64059911,39.89981349,39.60219698,39.84221029,178427.60098539
2020-12-04T17:00:00Z,39.83260976,39.92861508,39.71740337,39.7558055,131451.04053915
2020-12-04T18:00:00Z,39.73660443,39.99581881,39.71740337,39.87101189,159261.99761042
2020-12-04T19:00:00Z,39.84221029,40.22623159,39.78460709,40.22623159,255819.14070059
2020-12-04T20:00:00Z,40.21663106,40.45664438,40.15902787,40.24543266,678087.38027722
2020-12-07T13:00:00Z,40.43744331,41.32069231,39.98621828,41.10948059,450391.67931162
2020-12-07T14:00:00Z,41.11908113,41.66631148,41.03267633,41.17668432,649651.45787849
2020-12-07T15:00:00Z,41.18628485,41.48390136,41.09027953,41.34949391,304462.27535335
2020-12-07T16:00:00Z,41.34949391,41.57030616,41.34949391,41.51270296,262172.95486294
2020-12-07T17:00:00Z,41.5223035,42.03113172,41.48390136,41.81992001,459037.03300794
2020-12-07T18:00:00Z,41.80071894,42.01193066,41.72391468,41.96392799,477577.67105546
2020-12-07T19:00:00Z,41.96392799,41.98312906,41.64711042,41.68551255,610799.44668903
2020-12-07T20:00:00Z,41.66631148,41.81992001,41.14788272,41.29189071,959113.4558514
2020-12-08T13:00:00Z,41.18628485,41.57990669,40.90786941,41.4935019,364875.59033964
2020-12-08T14:00:00Z,41.4935019,41.8487216,41.24388805,41.8487216,382166.29773227
2020-12-08T15:00:00Z,41.8487216,42.00233013,41.53190403,41.68551255,622465.46613466
2020-12-08T16:00:00Z,41.68551255,41.78151788,41.4935019,41.51270296,200613.87010966
2020-12-08T17:00:00Z,41.50310243,41.70471361,41.23428752,41.25348858,343835.09098235
2020-12-08T18:00:00Z,41.25348858,41.64711042,41.15748326,41.51270296,344251.73453398
2020-12-08T19:00:00Z,41.51270296,41.76231681,41.21508645,41.60870829,369042.02585594
2020-12-08T20:00:00Z,41.59910776,41.74311574,41.33029284,41.4935019,415393.62097474
2020-12-09T13:00:00Z,41.67591202,41.8775232,41.22468698,41.4935019,263110.40285411
2020-12-09T14:00:00Z,41.4935019,41.4935019,41.13828219,41.42629817,168532.31663418
2020-12-09T15:00:00Z,41.44549923,41.47430083,41.00387473,41.17668432,235195.28489492
2020-12-09T16:00:00Z,41.16708379,41.44549923,41.04227687,41.17668432,296858.53053611
2020-12-09T17:00:00Z,41.18628485,41.19588539,40.71585876,40.98467367,413414.5641045
2020-12-09T18:00:00Z,40.98467367,41.13828219,40.90786941,40.9942742,180510.81874354
2020-12-09T19:00:00Z,41.00387473,41.23428752,40.88866834,41.17668432,216758.80773531
2020-12-09T20:00:00Z,41.15748326,41.21508645,40.9942742,41.15748326,178948.40542492
2020-12-10T13:00:00Z,41.38789604,42.01193066,41.38789604,41.8775232,250298.6136415
2020-12-10T14:00:00Z,41.85832214,41.89672427,41.47430083,41.86792267,366542.16454616
2020-12-10T15:00:00Z,41.88712373,42.25194397,41.67591202,42.16553918,606216.3676211
2020-12-10T16:00:00Z,42.16553918,42.19434078,41.88712373,41.99272959,289150.62483096
2020-12-10T17:00:00Z,42.00233013,42.16553918,42.00233013,42.09833545,273734.81342066
2020-12-10T18:00:00Z,42.10793598,42.45355516,42.09833545,42.28074557,370500.27828664
2020-12-10T19:00:00Z,42.2903461,42.30954717,42.04073226,42.22314237,308941.19353337
2020-12-10T20:00:00Z,42.21354184,42.3767509,42.13673758,42.3191477,275922.19206672
2020-12-11T13:00:00Z,41.72391468,42.38635143,41.58950722,42.28074557,728605.41091231
2020-12-11T14:00:00Z,42.27114504,42.41515303,41.75271628,41.81992001,445704.43935579
2020-12-11T15:00:00Z,41.81992001,42.24234344,41.75271628,42.22314237,377583.21866435
2020-12-11T16:00:00Z,42.23274291,42.42475356,42.07913439,42.39595196,348209.84827446
2020-12-11T17:00:00Z,42.40555249,43.01998658,42.2903461,42.93358179,484556.45054525
2020-12-11T18:00:00Z,42.93358179,43.00078552,42.7319706,42.90478019,387686.82479137
2020-12-11T19:00:00Z,42.89517966,43.01038605,42.77997327,42.95278285,367062.9689857
2020-12-11T20:00:00Z,42.95278285,43.01038605,42.56876155,42.62636474,361854.92459033
2020-12-14T13:00:00Z,43.06798924,43.25039936,42.68396794,43.07758978,333627.32396742
2020-12-14T14:00:00Z,43.08719031,43.24079883,42.8183754,42.91438072,313628.4334892
2020-12-14T15:00:00Z,42.92398125,43.03918765,42.54956048,42.63596528,304983.07979289
2020-12-14T16:00:00Z,42.62636474,42.97198392,42.54956048,42.90478019,190718.58575846
2020-12-14T17:00:00Z,42.92398125,43.01998658,42.59756315,42.7319706,161970.18069602
2020-12-14T18:00:00Z,42.74157114,42.94318232,42.71276954,42.72237007,226758.25297442
2020-12-14T19:00:00Z,42.72237007,42.7607722,42.38635143,42.48235676,492160.19536249
2020-12-14T20:00:00Z,42.48235676,42.53035942,42.15593865,42.20394131,547573.78772924
2020-12-15T13:00:00Z,42.3767509,43.1447935,42.3767509,43.08719031,403519.27975329
2020-12-15T14:00:00Z,43.09679084,43.2023967,42.79917433,42.97198392,271651.59566252
2020-12-15T15:00:00Z,42.97198392,43.16399457,42.74157114,43.06798924,239257.55952331
2020-12-15T16:00:00Z,43.06798924,43.19279617,43.02958711,43.06798924,233841.19335213
2020-12-15T17:00:00Z,43.08719031,43.29840203,43.04878818,43.26960043,254048.40560616
2020-12-15T18:00:00Z,43.26960043,43.32720362,43.12559244,43.25039936,238840.91597168
2020-12-15T19:00:00Z,43.2311983,43.28880149,42.82797593,42.90478019,348001.52649864
2020-12-15T20:00:00Z,42.91438072,42.91438072,42.54956048,42.63596528,567780.99998327
2020-12-16T13:00:00Z,42.72237007,42.90478019,42.14633811,42.30954717,251965.18784802
2020-12-16T14:00:00Z,42.29994664,42.55916102,42.23274291,42.26154451,249465.32653824
2020-12-16T15:00:00Z,42.28074557,42.45355516,42.05993332,42.14633811,500597.22728299
2020-12-16T16:00:00Z,42.13673758,42.18474024,41.81031947,41.89672427,221237.72591533
2020-12-16T17:00:00Z,41.9063248,42.2903461,41.9063248,42.24234344,321128.01741853
2020-12-16T18:00:00Z,42.24234344,42.90478019,42.19434078,42.8183754,702148.54538383
2020-12-16T19:00:00Z,42.8183754,43.34640469,42.75117167,43.15439404,631319.14160679
2020-12-16T20:00:00Z,43.16399457,43.45201055,42.94318232,43.39440735,884117.61655806
2020-12-17T13:00:00Z,43.27920096,43.68242333,43.21199723,43.35600522,231133.01026653
2020-12-17T14:00:00Z,43.34640469,43.74002653,43.12559244,43.2599999,270505.82589553
2020-12-17T15:00:00Z,43.25039936,43.33680416,42.92398125,43.2023967,323940.36139203
2020-12-17T16:00:00Z,43.2023967,43.24079883,42.92398125,42.98158445,312274.3419464
2020-12-17T17:00:00Z,42.96238339,42.98158445,42.7319706,42.82797593,334252.28929487
2020-12-17T18:00:00Z,42.8183754,42.8183754,42.2903461,42.3479493,550386.13170273
2020-12-17T19:00:00Z,42.35754983,42.48235676,42.30954717,42.3479493,386749.3768002
2020-12-17T20:00:00Z,42.35754983,42.59756315,42.33834877,42.38635143,481535.78479594
2020-12-18T13:00:00Z,42.66476687,42.7607722,42.08873492,42.39595196,437684.05098692
2020-12-18T14:00:00Z,42.40555249,43.10639137,42.39595196,42.74157114,439038.14252972
2020-12-18T15:00:00Z,42.7319706,42.92398125,42.44395462,42.57836208,300608.32250077
2020-12-18T16:00:00Z,42.57836208,42.66476687,42.44395462,42.49195729,245194.73013403
2020-12-18T17:00:00Z,42.49195729,42.57836208,42.3479493,42.45355516,159991.12382578
2020-12-18T18:00:00Z,42.45355516,42.66476687,42.44395462,42.60716368,193739.25150778
2020-12-18T19:00:00Z,42.60716368,42.61676421,42.42475356,42.47275622,193010.12529242
2020-12-18T20:00:00Z,42.47275622,42.53995995,41.96392799,42.08873492,543615.67398875
2020-12-21T13:00:00Z,41.38789604,42.01193066,41.32069231,41.9351264,567364.35643164
2020-12-21T14:00:00Z,41.95432746,42.24234344,41.74311574,41.98312906,230195.56227537
2020-12-21T15:00:00Z,41.96392799,42.06953385,41.72391468,41.8775232,234778.64134329
2020-12-21T16:00:00Z,41.8775232,41.95432746,41.57990669,41.73351521,159991.12382578
2020-12-21T17:00:00Z,41.74311574,41.82952054,41.56070563,41.65671095,140408.87689918
2020-12-21T18:00:00Z,41.69511308,42.19434078,41.67591202,42.04073226,241028.29461774
2020-12-21T19:00:00Z,42.04073226,42.11753652,41.91592533,41.91592533,185927.18491472
2020-12-21T20:00:00Z,41.94472693,42.04073226,41.57990669,41.71431415,463411.79030005
2020-12-22T13:00:00Z,41.76231681,42.77037273,41.76231681,42.53035942,332481.55420044
2020-12-22T14:00:00Z,42.52075889,42.57836208,42.01193066,42.25194397,256339.94514013
2020-12-22T15:00:00Z,42.25194397,42.65516634,42.18474024,42.51115835,166969.90331557
2020-12-22T16:00:00Z,42.51115835,42.64556581,42.14633811,42.36715036,232174.61914561
2020-12-22T17:00:00Z,42.41515303,42.703169,42.39595196,42.67436741,191343.55108591
2020-12-22T18:00:00Z,42.65516634,42.72237007,42.51115835,42.52075889,205717.75361713
2020-12-22T19:00:00Z,42.52075889,42.68396794,42.51115835,42.58796261,214883.91175298
2020-12-22T20:00:00Z,42.58796261,42.67436741,42.46315569,42.60716368,220716.92147579
2020-12-23T14:00:00Z,43.27920096,43.27920096,43.19279617,43.25039936,6145.49238654
2020-12-23T15:00:00Z,43.25039936,43.36560575,42.99118498,43.36560575,180823.30140726
2020-12-23T16:00:00Z,43.37520629,43.49041268,43.2599999,43.49041268,168844.79929791
2020-12-23T17:00:00Z,43.49041268,43.57681747,43.41360842,43.53841534,132805.13208194
2020-12-23T18:00:00Z,43.55761641,43.586418,43.38480682,43.51921428,178948.40542492
2020-12-23T19:00:00Z,43.50001321,43.62482013,43.50001321,43.56721694,123847.29572191
2020-12-23T20:00:00Z,43.56721694,43.65362173,43.44241002,43.48081215,179990.014304
2020-12-28T13:00:00Z,43.71122493,44.45046594,43.65362173,44.37366168,426434.67509292
2020-12-28T14:00:00Z,44.36406114,44.63287606,44.17205049,44.28725688,396436.33937559
2020-12-28T15:00:00Z,44.28725688,44.53687073,44.17205049,44.23925422,211863.24600366
2020-12-28T16:00:00Z,44.23925422,44.45046594,44.17205049,44.20085209,225716.64409535
2020-12-28T17:00:00Z,44.18165103,44.30645795,44.07604517,44.07604517,187385.43734542
2020-12-28T18:00:00Z,44.0856457,44.37366168,44.07604517,44.30645795,168948.96018581
2020-12-28T19:00:00Z,44.32565901,44.36406114,44.22005316,44.26805582,190822.74664637
2020-12-28T20:00:00Z,44.27765635,44.28725688,44.07604517,44.09524623,203842.85763479
2020-12-29T13:00:00Z,44.46006647,44.73848192,44.45046594,44.53687073,135929.95871917
2020-12-29T14:00:00Z,44.53687073,44.53687073,43.94163771,44.01844197,193010.12529242
2020-12-29T15:00:00Z,44.10484676,44.27765635,44.03764304,44.09524623,172490.43037466
2020-12-29T16:00:00Z,44.10484676,44.15284943,43.84563238,44.14324889,130930.23609961
2020-12-29T17:00:00Z,44.15284943,44.15284943,43.87443398,44.1144473,106764.91010509
2020-12-29T18:00:00Z,44.1144473,44.45046594,44.09524623,44.35446061,189364.49421566
2020-12-29T19:00:00Z,44.35446061,44.38326221,44.15284943,44.32565901,148845.90881968
2020-12-29T20:00:00Z,44.32565901,44.36406114,44.14324889,44.25845529,152074.89634481
2020-12-30T13:00:00Z,44.47926754,44.58487339,44.29685742,44.32565901,177490.15299422
2020-12-30T14:00:00Z,44.29685742,44.35446061,43.98003984,44.0280425,243319.8341517
2020-12-30T15:00:00Z,44.03764304,44.06644463,43.69202386,43.69202386,164053.39845416
2020-12-30T16:00:00Z,43.69202386,43.72082546,43.46161108,43.50001321,231549.65381816
2020-12-30T17:00:00Z,43.49041268,43.72082546,43.45201055,43.6152196,218425.38194183
2020-12-30T18:00:00Z,43.6152196,43.63442067,43.44241002,43.46161108,204155.34029852
2020-12-30T19:00:00Z,43.46161108,43.47121161,43.2023967,43.28880149,279255.34047976
2020-12-30T20:00:00Z,43.28880149,43.43280948,43.25039936,43.25039936,290088.07282213
2021-01-04T13:00:00Z,43.586418,44.0280425,43.00078552,43.18319563,387166.02035183
2021-01-04T14:00:00Z,43.1735951,43.39440735,43.00078552,43.10639137,345397.50430096
2021-01-04T15:00:00Z,43.12559244,43.1735951,42.72237007,42.7319706,261235.50687178
2021-01-04T16:00:00Z,42.71276954,42.80877486,42.32874823,42.53035942,389978.36432533
2021-01-04T17:00:00Z,42.53995995,42.75117167,42.39595196,42.74157114,199572.26123059
2021-01-04T18:00:00Z,42.74157114,42.94318232,42.703169,42.7895738,200405.54833385
2021-01-04T19:00:00Z,42.80877486,42.83757646,42.53035942,42.62636474,209363.38469389
2021-01-04T20:00:00Z,42.62636474,42.65516634,42.36715036,42.55916102,342897.64299118
2021-01-05T13:00:00Z,42.38635143,42.42475356,41.61830882,41.63750989,367896.25608896
2021-01-05T14:00:00Z,41.62790935,42.18474024,41.53190403,41.68551255,541949.09978224
2021-01-05T15:00:00Z,41.70471361,41.88712373,41.60870829,41.63750989,269985.021456
2021-01-05T16:00:00Z,41.65671095,42.02153119,41.42629817,41.83912107,397477.94825466
2021-01-05T17:00:00Z,41.85832214,42.11753652,41.70471361,41.75271628,349043.13537772
2021-01-05T18:00:00Z,41.74311574,41.96392799,41.61830882,41.8775232,320294.73031527
2021-01-05T19:00:00Z,41.8775232,42.10793598,41.70471361,41.71431415,305295.56245661
2021-01-05T20:00:00Z,41.72391468,41.81031947,41.59910776,41.80071894,699440.36229823
2021-01-06T13:00:00Z,41.96392799,43.1735951,41.9351264,42.77037273,671525.24433905
2021-01-06T14:00:00Z,42.7607722,43.27920096,42.49195729,43.2599999,300191.67894915
2021-01-06T15:00:00Z,43.27920096,43.42320895,43.07758978,43.2311983,300608.32250077
2021-01-06T16:00:00Z,43.16399457,43.35600522,43.03918765,43.2023967,150095.83947457
2021-01-06T17:00:00Z,43.24079883,43.29840203,43.05838871,43.18319563,173115.39570211
2021-01-06T18:00:00Z,43.18319563,43.48081215,43.16399457,43.46161108,259777.25444107
2021-01-06T19:00:00Z,43.40400788,43.52881481,43.18319563,43.25039936,197697.36524826
2021-01-06T20:00:00Z,43.27920096,43.42320895,42.77997327,42.94318232,459870.3201112
2021-01-07T13:00:00Z,42.92398125,43.78802919,42.48235676,43.6728228,423726.49200733
2021-01-07T14:00:00Z,43.68242333,44.4984686,43.6728228,44.18165103,593508.7392964
2021-01-07T15:00:00Z,44.18165103,44.48886807,44.04724357,44.37366168,348522.33093818
2021-01-07T16:00:00Z,44.36406114,44.39286274,43.80723025,43.82643132,249986.13097778
2021-01-07T17:00:00Z,43.84563238,44.1144473,43.79762972,43.86483345,269985.021456
2021-01-07T18:00:00Z,43.89363505,44.15284943,43.75922759,44.09524623,167178.22509139
2021-01-07T19:00:00Z,44.09524623,44.27765635,44.01844197,44.27765635,160095.28471368
2021-01-07T20:00:00Z,44.27765635,44.44086541,44.22965369,44.43126487,261235.50687178
2021-01-08T13:00:00Z,44.84408777,45.31451387,44.60407446,44.60407446,299670.87450961
2021-01-08T14:00:00Z,44.63287606,44.84408777,43.94163771,43.98964037,186343.82846635
2021-01-08T15:00:00Z,44.00884144,44.19125156,43.83603185,44.14324889,194989.18216266
2021-01-08T16:00:00Z,44.17205049,44.35446061,44.03764304,44.07604517,126451.31791959
2021-01-08T17:00:00Z,44.0568441,44.09524623,43.79762972,43.97043931,277901.24893696
2021-01-08T18:00:00Z,43.96083878,43.98964037,43.46161108,43.50961374,310711.92862779
2021-01-08T19:00:00Z,43.52881481,43.76882812,43.52881481,43.7016244,328835.92312368
2021-01-08T20:00:00Z,43.71122493,44.09524623,43.71122493,44.0568441,401227.74021933
2021-01-11T13:00:00Z,43.46161108,43.6728228,43.07758978,43.13519297,254465.04915779
2021-01-11T14:00:00Z,43.13519297,43.56721694,43.13519297,43.56721694,140200.55512337
2021-01-11T15:00:00Z,43.55761641,43.62482013,43.2311983,43.31760309,160303.6064895
2021-01-11T16:00:00Z,43.31760309,43.40400788,42.99118498,43.29840203,200926.35277339
2021-01-11T17:00:00Z,43.29840203,43.35600522,43.00078552,43.01998658,391853.26030766
2021-01-11T18:00:00Z,43.01998658,43.08719031,42.56876155,42.63596528,646734.95301709
2021-01-11T19:00:00Z,42.62636474,42.75117167,42.3479493,42.38635143,457995.42412887
2021-01-11T20:00:00Z,42.3767509,43.01998658,42.03113172,43.01038605,847348.82312675
2021-01-12T13:00:00Z,42.86637806,43.53841534,42.77997327,43.22159777,806517.75506705
2021-01-12T14:00:00Z,43.24079883,43.53841534,42.98158445,43.39440735,645589.1832501
2021-01-12T15:00:00Z,43.36560575,43.68242333,43.19279617,43.57681747,402269.3490984
2021-01-12T16:00:00Z,43.54801587,43.6728228,43.40400788,43.47121161,340918.58612094
2021-01-12T17:00:00Z,43.50001321,43.66322226,43.29840203,43.59601854,317690.70811759
2021-01-12T18:00:00Z,43.586418,43.76882812,43.42320895,43.6152196,854535.92439236
2021-01-12T19:00:00Z,43.62482013,43.6440212,43.41360842,43.54801587,440808.87762414
2021-01-12T20:00:00Z,43.55761641,43.586418,43.32720362,43.52881481,405498.33662353
2021-01-13T13:00:00Z,43.31760309,43.92243665,43.2023967,43.38480682,204988.62740178
2021-01-13T14:00:00Z,43.39440735,43.39440735,42.74157114,42.7607722,333210.68041579
2021-01-13T15:00:00Z,42.7895738,42.7895738,42.05993332,42.33834877,481848.26745966
2021-01-13T16:00:00Z,42.3191477,42.58796261,42.23274291,42.23274291,373208.46137224
2021-01-13T17:00:00Z,42.22314237,42.38635143,41.83912107,42.10793598,510700.83341001
2021-01-13T18:00:00Z,42.10793598,43.08719031,42.07913439,43.01998658,1703863.80438935
2021-01-13T19:00:00Z,43.02958711,43.33680416,42.85677753,43.08719031,757249.65508684
2021-01-13T20:00:00Z,43.10639137,43.2599999,42.94318232,43.1735951,465807.49072192
2021-01-14T13:00:00Z,43.16399457,43.48081215,42.58796261,42.7895738,323315.39606459
2021-01-14T14:00:00Z,42.7895738,43.2023967,42.74157114,43.15439404,263943.68995737
2021-01-14T15:00:00Z,43.13519297,43.50001321,43.07758978,43.49041268,318419.83433294
2021-01-14T16:00:00Z,43.49041268,43.89363505,43.44241002,43.79762972,324565.32671948
2021-01-14T17:00:00Z,43.80723025,43.91283611,43.55761641,43.78802919,220300.27792416
2021-01-14T18:00:00Z,43.77842866,44.21045262,43.77842866,44.19125156,507888.48943651
2021-01-14T19:00:00Z,44.19125156,44.35446061,44.16244996,44.35446061,407894.0370454
2021-01-14T20:00:00Z,44.35446061,44.35446061,44.00884144,44.07604517,312066.02017059
2021-01-15T13:00:00Z,43.50961374,43.68242333,43.01998658,43.22159777,358938.41972892
2021-01-15T14:00:00Z,43.2023967,43.43280948,42.59756315,42.64556581,475494.45329731
2021-01-15T15:00:00Z,42.66476687,42.703169,42.35754983,42.45355516,298941.74829426
2021-01-15T16:00:00Z,42.45355516,42.54956048,42.23274291,42.32874823,282484.32800489
2021-01-15T17:00:00Z,42.3479493,42.52075889,42.12713705,42.49195729,199572.26123059
2021-01-15T18:00:00Z,42.50155782,42.59756315,42.25194397,42.26154451,147700.1390527
2021-01-15T19:00:00Z,42.28074557,42.32874823,42.20394131,42.20394131,193218.44706824
2021-01-15T20:00:00Z,42.21354184,42.23274291,41.95432746,42.06953385,374875.03557876
2021-01-18T13:00:00Z,42.09833545,42.39595196,41.71431415,42.05033279,303420.66647427
2021-01-18T14:00:00Z,42.05033279,42.92398125,42.00233013,42.77997327,353209.57089401
2021-01-18T15:00:00Z,42.80877486,42.86637806,42.41515303,42.62636474,199468.10034268
2021-01-18T16:00:00Z,42.61676421,42.61676421,42.24234344,42.30954717,153741.47055133
2021-01-18T17:00:00Z,42.29994664,42.3767509,41.96392799,42.14633811,187593.75912124
2021-01-18T18:00:00Z,42.15593865,42.17513971,41.72391468,41.75271628,215092.23352879
2021-01-18T19:00:00Z,41.77191734,42.09833545,41.71431415,41.98312906,214571.42908926
2021-01-18T20:00:00Z,41.98312906,42.23274291,41.81992001,42.05033279,279047.01870394
2021-01-19T13:00:00Z,42.43435409,42.60716368,42.16553918,42.17513971,261860.47219922
2021-01-19T14:00:00Z,42.17513971,42.2903461,41.47430083,41.56070563,332273.23242463
2021-01-19T15:00:00Z,41.57030616,41.66631148,41.09988006,41.13828219,346126.63051631
2021-01-19T16:00:00Z,41.13828219,41.48390136,41.13828219,41.4070971,259256.45000153
2021-01-19T17:00:00Z,41.42629817,41.42629817,40.9942742,41.22468698,768707.35275666
2021-01-19T18:00:00Z,41.22468698,41.28229018,40.91746994,41.09988006,257277.39313129
2021-01-19T19:00:00Z,41.09988006,41.09988006,40.85026621,41.03267633,377583.21866435
2021-01-19T20:00:00Z,41.04227687,41.21508645,41.00387473,41.21508645,358417.61528939
2021-01-20T13:00:00Z,41.42629817,41.60870829,40.98467367,41.0518774,260193.8979927
2021-01-20T14:00:00Z,41.0518774,41.18628485,40.43744331,40.67745663,318836.47788457
2021-01-20T15:00:00Z,40.70625822,40.81186408,40.21663106,40.36063905,296650.20876029
2021-01-20T16:00:00Z,40.35103852,40.53344864,40.1686284,40.43744331,304253.95357753
2021-01-20T17:00:00Z,40.43744331,40.62945396,40.37984012,40.37984012,742979.61344353
2021-01-20T18:00:00Z,40.37984012,40.51424757,40.10142467,40.1398268,384145.35460251
2021-01-20T19:00:00Z,40.1398268,40.19743,40.05342201,40.08222361,367271.29076151
2021-01-20T20:00:00Z,40.08222361,40.26463372,40.08222361,40.25503319,422893.20490407
2021-01-21T13:00:00Z,40.1686284,40.35103852,39.74620496,39.93821562,276338.83561835
2021-01-21T14:00:00Z,39.92861508,40.02462041,39.36218366,39.38138473,287796.53328816
2021-01-21T15:00:00Z,39.37178419,39.54459378,39.17977354,39.23737674,412581.27700124
2021-01-21T16:00:00Z,39.2277762,39.52539271,39.07416768,39.48699058,266964.35570668
2021-01-21T17:00:00Z,39.48699058,39.84221029,39.26617833,39.76540603,303941.47091381
2021-01-21T18:00:00Z,39.7558055,39.83260976,39.30458046,39.39098526,531428.85010359
2021-01-21T19:00:00Z,39.38138473,39.46778952,39.17017301,39.21817567,311649.37661896
2021-01-21T20:00:00Z,39.19897461,39.40058579,39.17977354,39.29497993,253423.44027872
2021-01-22T13:00:00Z,38.59414105,38.9013581,38.25812241,38.430932,727459.64114533
2021-01-22T14:00:00Z,38.430932,39.00696395,38.30612507,38.71894798,696523.85743683
2021-01-22T15:00:00Z,38.69014638,38.83415437,38.51733679,38.83415437,469557.28268659
2021-01-22T16:00:00Z,38.8149533,39.24697727,38.8149533,39.00696395,572884.88349073
2021-01-22T17:00:00Z,39.01656449,39.08376821,38.42133147,38.47893466,470390.56978985
2021-01-22T18:00:00Z,38.50773626,38.69974691,38.36372827,38.54613839,362271.56814196
2021-01-22T19:00:00Z,38.53653786,38.66134478,38.4021304,38.62294265,438413.17720227
2021-01-22T20:00:00Z,38.61334212,39.03576555,38.61334212,38.93976023,464036.7556275
2021-01-26T13:00:00Z,38.4021304,39.14137141,38.4021304,39.07416768,439038.14252972
2021-01-26T14:00:00Z,39.07416768,39.55419431,38.61334212,38.62294265,507992.65032442
2021-01-26T15:00:00Z,38.61334212,38.73814904,38.31572561,38.41173093,467786.54759216
2021-01-26T16:00:00Z,38.42133147,38.430932,37.82609844,37.91250324,541011.65179107
2021-01-26T17:00:00Z,37.91250324,38.16211709,37.77809578,38.02770963,501847.15793788
2021-01-26T18:00:00Z,38.02770963,38.05651123,37.59568566,37.63408779,463724.27296377
2021-01-26T19:00:00Z,37.65328886,37.82609844,37.45167767,37.67248992,602779.05832016
2021-01-26T20:00:00Z,37.68209046,37.73009312,37.35567235,37.44207714,587571.56868568
2021-01-27T13:00:00Z,37.49968034,37.80689738,37.24046596,37.67248992,359355.06328055
2021-01-27T14:00:00Z,37.65328886,37.69169099,36.84684412,37.15406116,552677.6712367
2021-01-27T15:00:00Z,37.15406116,37.53808247,37.14446063,37.34607181,502784.60592905
2021-01-27T16:00:00Z,37.36527288,37.44207714,37.00045264,37.00045264,239778.36396285
2021-01-27T17:00:00Z,36.99085211,37.91250324,36.97165104,37.65328886,488827.04694946
2021-01-27T18:00:00Z,37.65328886,37.9605059,37.46127821,37.70129152,350813.87047214
2021-01-27T19:00:00Z,37.68209046,37.81649791,37.45167767,37.53808247,417476.83873288
2021-01-27T20:00:00Z,37.53808247,37.72049259,37.36527288,37.48047927,836828.5734481
2021-01-28T13:00:00Z,37.49968034,38.62294265,37.45167767,38.430932,486847.99007922
2021-01-28T14:00:00Z,38.4597336,38.66134478,38.21972028,38.46933413,411747.98989798
2021-01-28T15:00:00Z,38.44053253,39.08376821,38.4021304,38.97816236,611111.92935275
2021-01-28T16:00:00Z,38.95896129,39.27577887,38.94936076,39.21817567,285088.35020257
2021-01-28T17:00:00Z,39.2277762,39.26617833,38.8725565,38.93976023,435496.67234087
2021-01-28T18:00:00Z,38.93976023,39.26617833,38.91095863,39.11256981,394978.08694488
2021-01-28T19:00:00Z,39.09336875,39.17977354,38.92055916,39.00696395,212592.37221902
2021-01-28T20:00:00Z,38.98776289,39.20857514,38.89175756,39.13177088,273318.16986903
2021-01-29T13:00:00Z,38.47893466,38.99736342,38.36372827,38.63254318,517158.80846027
2021-01-29T14:00:00Z,38.63254318,38.63254318,38.20051922,38.49813573,302066.57493148
2021-01-29T15:00:00Z,38.50773626,38.69974691,38.23892135,38.3445272,174052.84369328
2021-01-29T16:00:00Z,38.36372827,38.45013306,38.00850856,38.14291602,204988.62740178
2021-01-29T17:00:00Z,38.16211709,38.21972028,37.67248992,37.76849525,316544.93835061
2021-01-29T18:00:00Z,37.77809578,37.89330217,37.56688406,37.84529951,318211.51255713
2021-01-29T19:00:00Z,37.82609844,37.99890803,37.61488673,37.77809578,271339.11299879
2021-01-29T20:00:00Z,37.76849525,38.04691069,37.61488673,37.70129152,464349.23829122
2021-02-01T13:00:00Z,38.24852188,38.49813573,38.04691069,38.3445272,290608.87726166
2021-02-01T14:00:00Z,38.30612507,38.83415437,38.27732348,38.76695064,441121.36028787
2021-02-01T15:00:00Z,38.76695064,39.15097194,38.65174425,38.80535277,598195.97925223
2021-02-01T16:00:00Z,38.80535277,39.14137141,38.68054585,39.00696395,364250.6250122
2021-02-01T17:00:00Z,39.01656449,39.21817567,38.72854851,38.95896129,681108.04602653
2021-02-01T18:00:00Z,38.96856182,39.49659112,38.95896129,39.38138473,557052.42852881
2021-02-01T19:00:00Z,39.38138473,39.50619165,39.11256981,39.38138473,637985.43843286
2021-02-01T20:00:00Z,39.38138473,39.41018632,39.08376821,39.17017301,610174.48136159
2021-02-02T13:00:00Z,39.87101189,40.14942733,38.82455383,39.58299591,697357.14454009
2021-02-02T14:00:00Z,39.58299591,39.93821562,39.2565778,39.41018632,534032.87230127
2021-02-02T15:00:00Z,39.41978686,39.54459378,38.68054585,38.72854851,376645.77067318
2021-02-02T16:00:00Z,38.72854851,38.79575224,38.35412774,38.45013306,459870.3201112
2021-02-02T17:00:00Z,38.46933413,38.68054585,38.24852188,38.60374158,532782.94164638
2021-02-02T18:00:00Z,38.59414105,39.05496662,38.42133147,38.8437549,566843.55199211
2021-02-02T19:00:00Z,38.83415437,39.2277762,38.69014638,39.21817567,429559.50173014
2021-02-02T20:00:00Z,39.2277762,39.62139804,39.19897461,39.41018632,2793386.69190082
2021-02-03T13:00:00Z,40.70625822,41.39749657,40.14942733,40.59105183,2924004.44533671
2021-02-03T14:00:00Z,40.5814513,40.73505982,40.20703053,40.51424757,888179.89118645
2021-02-03T15:00:00Z,40.49504651,40.65825556,39.83260976,40.10142467,956509.43365371
2021-02-03T16:00:00Z,40.1110252,40.24543266,40.00541934,40.1398268,418205.96494824
2021-02-03T17:00:00Z,40.1110252,40.15902787,39.44858845,39.67900124,500180.58373137
2021-02-03T18:00:00Z,39.6982023,39.7270039,39.47739005,39.48699058,349043.13537772
2021-02-03T19:00:00Z,39.47739005,39.50619165,39.08376821,39.40058579,943905.96621692
2021-02-03T20:00:00Z,39.39098526,39.6694007,38.99736342,39.29497993,1200245.91135704
2021-02-04T13:00:00Z,39.2565778,39.6694007,39.03576555,39.39098526,606841.33294855
2021-02-04T14:00:00Z,39.39098526,39.64059911,39.11256981,39.32378153,409873.09391564
2021-02-04T15:00:00Z,39.34298259,39.58299591,39.2853794,39.55419431,323107.07428877
2021-02-04T16:00:00Z,39.55419431,39.67900124,39.42938739,39.59259644,179365.04897655
2021-02-04T17:00:00Z,39.60219698,40.02462041,39.48699058,40.00541934,339668.65546605
2021-02-04T18:00:00Z,40.02462041,40.07262307,39.65019964,39.88061242,376020.80534574
2021-02-04T19:00:00Z,39.88061242,39.88061242,39.59259644,39.65980017,273526.49164485
2021-02-04T20:00:00Z,39.6694007,39.71740337,39.41018632,39.64059911,343522.60831863
2021-02-05T13:00:00Z,39.55419431,39.95741668,39.45818899,39.6982023,222487.65657022
2021-02-05T14:00:00Z,39.6982023,40.12062574,39.6982023,39.89021295,410498.05924309
2021-02-05T15:00:00Z,39.89021295,40.27423426,39.68860177,40.18782946,436017.4767804
2021-02-05T16:00:00Z,40.18782946,40.38944065,40.09182414,40.20703053,350918.03136005
2021-02-05T17:00:00Z,40.21663106,40.30303585,39.99581881,40.1686284,634027.32469238
2021-02-05T18:00:00Z,40.1686284,40.1686284,39.7558055,39.82300922,368312.89964059
2021-02-05T19:00:00Z,39.83260976,39.95741668,39.76540603,39.81340869,325815.25737437
2021-02-05T20:00:00Z,39.80380816,39.91901455,39.71740337,39.89981349,393623.99540209
2021-02-08T13:00:00Z,39.89981349,40.02462041,39.34298259,39.59259644,359771.70683218
2021-02-08T14:00:00Z,39.60219698,39.85181082,39.43898792,39.63099857,249881.97008987
2021-02-08T15:00:00Z,39.65980017,39.7558055,39.44858845,39.60219698,222383.49568231
2021-02-08T16:00:00Z,39.61179751,39.71740337,39.30458046,39.36218366,288733.98127933
2021-02-08T17:00:00Z,39.36218366,39.41978686,39.16057248,39.29497993,264881.13794853
2021-02-08T18:00:00Z,39.29497993,39.29497993,38.60374158,38.61334212,792976.83963908
2021-02-08T19:00:00Z,38.60374158,38.93015969,38.54613839,38.73814904,348834.8136019
2021-02-08T20:00:00Z,38.73814904,38.80535277,38.49813573,38.71894798,492680.99980203
2021-02-09T13:00:00Z,38.38292933,38.55573892,38.20051922,38.36372827,253006.79672709
2021-02-09T14:00:00Z,38.35412774,38.55573892,38.11411442,38.53653786,353834.53622146
2021-02-09T15:00:00Z,38.52693732,39.2277762,38.39252987,39.13177088,431746.8803762
2021-02-09T16:00:00Z,39.15097194,39.76540603,39.06456715,39.68860177,410914.70279472
2021-02-09T17:00:00Z,39.70780283,39.88061242,39.53499325,39.71740337,301754.09226776
2021-02-09T18:00:00Z,39.74620496,39.74620496,39.41978686,39.60219698,264985.29883644
2021-02-09T19:00:00Z,39.59259644,39.71740337,39.51579218,39.59259644,361334.12015079
2021-02-09T20:00:00Z,39.60219698,39.63099857,39.32378153,39.36218366,498722.33130066
2021-02-10T13:00:00Z,39.23737674,39.49659112,38.79575224,38.9013581,380291.40174994
2021-02-10T14:00:00Z,38.91095863,38.94936076,38.59414105,38.68054585,283421.77599605
2021-02-10T15:00:00Z,38.68054585,39.05496662,38.54613839,38.63254318,335606.38083766
2021-02-10T16:00:00Z,38.62294265,38.8725565,38.59414105,38.69014638,168740.63841
2021-02-10T17:00:00Z,38.69974691,38.73814904,38.56533945,38.63254318,130617.75343589
2021-02-10T18:00:00Z,38.65174425,38.72854851,38.51733679,38.62294265,199780.58300641
2021-02-10T19:00:00Z,38.63254318,38.83415437,38.49813573,38.73814904,247069.62611637
2021-02-10T20:00:00Z,38.73814904,38.79575224,38.52693732,38.58454052,269776.69968018
2021-02-11T13:00:00Z,39.14137141,39.36218366,38.82455383,39.17017301,107389.87543254
2021-02-11T14:00:00Z,39.17017301,39.45818899,39.05496662,39.33338206,279880.3058072
2021-02-11T15:00:00Z,39.34298259,39.49659112,39.15097194,39.19897461,169365.60373744
2021-02-11T16:00:00Z,39.19897461,39.43898792,39.11256981,39.35258313,130721.91432379
2021-02-11T17:00:00Z,39.36218366,39.40058579,38.80535277,39.09336875,264776.97706063
2021-02-11T18:00:00Z,39.11256981,39.11256981,38.86295596,38.93015969,147908.46082852
2021-02-11T19:00:00Z,38.93015969,39.01656449,38.72854851,38.9013581,414560.33387148
2021-02-11T20:00:00Z,38.91095863,39.01656449,38.82455383,38.98776289,344355.89542189
2021-02-12T13:00:00Z,38.97816236,39.06456715,38.30612507,38.52693732,155199.72298204
2021-02-12T14:00:00Z,38.54613839,38.98776289,38.47893466,38.93015969,172594.59126257
2021-02-12T15:00:00Z,38.92055916,39.35258313,38.92055916,39.2565778,320503.05209109
2021-02-12T16:00:00Z,39.2853794,39.2853794,39.08376821,39.11256981,89890.84626409
2021-02-12T17:00:00Z,39.09336875,39.14137141,38.99736342,39.13177088,116660.1944563
2021-02-12T18:00:00Z,39.13177088,39.13177088,38.9013581,39.03576555,203426.21408316
2021-02-12T19:00:00Z,39.03576555,39.04536608,38.93976023,38.99736342,233320.38891259
2021-02-12T20:00:00Z,39.00696395,39.14137141,38.95896129,39.14137141,159782.80204996
2021-02-17T16:00:00Z,38.91095863,39.30458046,38.80535277,39.2277762,567780.99998327
2021-02-17T17:00:00Z,39.19897461,39.65019964,39.12217035,39.63099857,322586.26984924
2021-02-17T18:00:00Z,39.64059911,39.77500656,39.42938739,39.48699058,334564.77195859
2021-02-17T19:00:00Z,39.49659112,39.62139804,39.314181,39.41018632,224675.03521628
2021-02-17T20:00:00Z,39.41018632,39.54459378,39.2853794,39.54459378,293837.86478679
2021-02-18T13:00:00Z,38.93015969,39.2277762,38.68054585,38.94936076,330919.14088183
2021-02-18T14:00:00Z,38.96856182,39.56379484,38.86295596,39.48699058,340606.10345722
2021-02-18T15:00:00Z,39.48699058,39.55419431,39.08376821,39.13177088,321440.50008226
2021-02-18T16:00:00Z,39.13177088,39.20857514,38.82455383,38.86295596,253735.92294244
2021-02-18T17:00:00Z,38.85335543,38.91095863,38.70934744,38.71894798,136450.7631587
2021-02-18T18:00:00Z,38.71894798,38.88215703,38.56533945,38.7861517,297379.33497565
2021-02-18T19:00:00Z,38.77655117,38.86295596,38.66134478,38.69014638,166240.77710022
2021-02-18T20:00:00Z,38.69014638,38.93015969,38.60374158,38.88215703,542886.5477734
2021-02-19T13:00:00Z,38.95896129,39.52539271,38.8437549,39.51579218,312482.66372222
2021-02-19T14:00:00Z,39.48699058,39.76540603,39.01656449,39.7270039,640693.62151846
2021-02-19T15:00:00Z,39.73660443,39.7558055,39.42938739,39.53499325,250611.09630522
2021-02-19T16:00:00Z,39.53499325,39.64059911,39.15097194,39.17017301,261443.82864759
2021-02-19T17:00:00Z,39.18937407,39.21817567,38.79575224,39.00696395,625173.64922025
2021-02-19T18:00:00Z,38.98776289,39.2853794,38.92055916,39.18937407,245507.21279776
2021-02-19T19:00:00Z,39.18937407,39.21817567,39.02616502,39.15097194,289463.10749468
2021-02-19T20:00:00Z,39.14137141,39.19897461,39.02616502,39.15097194,283213.45422024
2021-02-22T13:00:00Z,38.08531282,38.08531282,37.40367501,37.69169099,516846.32579655
2021-02-22T14:00:00Z,37.70129152,38.21011975,37.45167767,37.70129152,746833.5662961
2021-02-22T15:00:00Z,37.71089205,37.75889472,37.25006649,37.56688406,592987.93485686
2021-02-22T16:00:00Z,37.547683,37.70129152,37.4900798,37.56688406,362792.3725815
2021-02-22T17:00:00Z,37.55728353,38.32532614,37.49968034,37.97970697,724647.29717183
2021-02-22T18:00:00Z,37.9893075,38.02770963,37.42287607,37.48047927,634652.29001983
2021-02-22T19:00:00Z,37.48047927,37.60528619,37.39407448,37.5764846,467786.54759216
2021-02-22T20:00:00Z,37.5764846,37.72049259,37.39407448,37.52848193,384457.83726624
2021-02-23T13:00:00Z,37.5764846,38.54613839,37.5764846,38.32532614,351334.67491168
2021-02-23T14:00:00Z,38.36372827,38.46933413,37.84529951,38.3445272,547365.46595342
2021-02-23T15:00:00Z,38.33492667,38.97816236,38.32532614,38.7861517,525804.16215659
2021-02-23T16:00:00Z,38.80535277,39.16057248,38.62294265,38.93976023,576426.35367959
2021-02-23T17:00:00Z,38.93015969,39.24697727,38.8149533,39.21817567,483723.16344199
2021-02-23T18:00:00Z,39.21817567,39.38138473,38.93015969,38.93976023,933177.39476245
2021-02-23T19:00:00Z,38.93015969,39.18937407,38.77655117,39.12217035,458412.0676805
2021-02-23T20:00:00Z,39.14137141,39.19897461,38.62294265,38.66134478,847452.98401466
2021-02-24T13:00:00Z,38.76695064,39.09336875,38.430932,38.52693732,315503.32947153
2021-02-24T14:00:00Z,38.52693732,38.56533945,37.77809578,37.82609844,307795.42376639
2021-02-24T15:00:00Z,37.81649791,37.97010643,37.73009312,37.86450057,423622.33111942
2021-02-24T16:00:00Z,37.87410111,38.16211709,37.84529951,37.97010643,248215.39588335
2021-02-24T17:00:00Z,37.97010643,38.09491336,37.87410111,37.9893075,220716.92147579
2021-02-24T18:00:00Z,37.97970697,38.09491336,37.82609844,37.88370164,203217.89230735
2021-02-24T19:00:00Z,37.87410111,37.89330217,37.64368832,37.83569898,283421.77599605
2021-02-24T20:00:00Z,37.83569898,37.94130484,37.74929418,37.77809578,281026.07557418
2021-02-25T13:00:00Z,37.86450057,38.20051922,37.77809578,37.9029027,195718.30837802
2021-02-25T14:00:00Z,37.87410111,38.16211709,37.78769631,38.14291602,163532.59401463
2021-02-25T15:00:00Z,38.11411442,38.15251655,37.63408779,37.71089205,271443.2738867
2021-02-25T16:00:00Z,37.71089205,37.83569898,37.44207714,37.46127821,226966.57475024
2021-02-25T17:00:00Z,37.47087874,37.60528619,37.32687075,37.39407448,253840.08383035
2021-02-25T18:00:00Z,37.38447394,37.42287607,37.0772569,37.1060585,285921.63730583
2021-02-25T19:00:00Z,37.11565903,37.35567235,36.90444731,36.96205051,310816.0895157
2021-02-25T20:00:00Z,36.94284944,37.1348601,36.6068308,36.76043933,350605.54869633
2021-02-26T13:00:00Z,36.81804252,36.95244998,36.2804127,36.91404785,493201.80424157
2021-02-26T14:00:00Z,36.91404785,37.17326223,36.71243666,36.76043933,352167.96201494
2021-02-26T15:00:00Z,36.76043933,36.76043933,36.11720364,36.20360843,348522.33093818
2021-02-26T16:00:00Z,36.21320897,36.42442068,36.06920098,36.21320897,226654.09208652
2021-02-26T17:00:00Z,36.23241003,36.54922761,36.12680417,36.42442068,126555.4788075
2021-02-26T18:00:00Z,36.47242335,36.67403453,36.33801589,36.38601855,149679.19592294
2021-02-26T19:00:00Z,36.39561909,36.45322228,35.97319565,35.99239672,327481.83158089
2021-02-26T20:00:00Z,36.00199725,36.12680417,35.81958713,35.98279618,567676.83909536
2021-03-01T13:00:00Z,36.06920098,36.39561909,35.45476689,35.59877488,470078.08712612
2021-03-01T14:00:00Z,35.61797595,35.99239672,35.23395464,35.94439405,420497.5044822
2021-03-01T15:00:00Z,35.95399459,36.18440737,35.79078553,36.04039938,299670.87450961
2021-03-01T16:00:00Z,36.04039938,36.17480684,35.85798926,35.94439405,388936.75544626
2021-03-01T17:00:00Z,35.96359512,36.20360843,35.87719033,35.91559246,331127.46265764
2021-03-01T18:00:00Z,35.91559246,36.1940079,35.73318234,36.1652063,443829.54337346
2021-03-01T19:00:00Z,36.1652063,36.52042601,35.81958713,35.81958713,607778.78093972
2021-03-01T20:00:00Z,35.8099866,35.86758979,35.55077222,35.60837541,632152.42871005
2021-03-02T13:00:00Z,34.57151789,35.04194399,33.92828221,35.00354186,1169518.44942436
2021-03-02T14:00:00Z,35.04194399,35.66597861,34.93633813,35.32995997,507159.36322116
2021-03-02T15:00:00Z,35.32035944,35.81958713,35.27235677,35.70438074,417268.51695707
2021-03-02T16:00:00Z,35.70438074,35.97319565,35.64677754,35.93479352,480806.65858059
2021-03-02T17:00:00Z,35.91559246,36.2228095,35.89639139,35.97319565,334148.12840696
2021-03-02T18:00:00Z,35.98279618,36.71243666,35.98279618,36.62603187,441954.64739113
2021-03-02T19:00:00Z,36.6356324,36.90444731,36.26121163,36.80844199,374250.07025131
2021-03-02T20:00:00Z,36.82764305,37.03885477,36.53962708,36.54922761,408831.48503657
2021-03-03T13:00:00Z,36.58762974,37.01965371,36.31881483,36.81804252,328315.11868414
2021-03-03T14:00:00Z,36.81804252,36.86604518,36.17480684,36.2516111,416956.03429335
2021-03-03T15:00:00Z,36.24201057,36.31881483,35.79078553,35.80038607,393311.51273837
2021-03-03T16:00:00Z,35.80038607,35.86758979,35.40676423,35.59877488,581217.75452333
2021-03-03T17:00:00Z,35.58917435,35.63717701,35.08994665,35.18595198,585071.7073759
2021-03-03T18:00:00Z,35.18595198,35.25315571,34.8691344,35.25315571,594966.9917271
2021-03-03T19:00:00Z,35.22435411,36.80844199,35.04194399,36.46282281,1650845.91244448
2021-03-03T20:00:00Z,36.44362175,36.61643134,36.04999991,36.14600524,855785.85504725
2021-03-04T13:00:00Z,36.48202388,37.58608513,36.48202388,37.11565903,427476.283972
2021-03-04T14:00:00Z,37.1348601,37.62448726,37.01005317,37.45167767,747979.33606308
2021-03-04T15:00:00Z,37.41327554,38.03731016,37.23086542,37.91250324,707460.7506671
2021-03-04T16:00:00Z,37.91250324,37.95090537,37.50928087,37.58608513,442579.61271857
2021-03-04T17:00:00Z,37.59568566,37.75889472,37.12525956,37.24046596,527470.73636311
2021-03-04T18:00:00Z,37.18286276,37.42287607,37.05805584,37.23086542,667567.13059857
2021-03-04T19:00:00Z,37.24046596,37.44207714,37.01965371,37.22126489,550698.61436646
2021-03-04T20:00:00Z,37.21166436,37.25966702,37.00045264,37.18286276,663609.01685809
2021-03-05T13:00:00Z,37.33647128,38.21011975,37.1348601,38.17171762,682045.4940177
2021-03-05T14:00:00Z,38.16211709,38.58454052,38.14291602,38.42133147,612257.69911973
2021-03-05T15:00:00Z,38.430932,38.49813573,38.12371495,38.45013306,345709.98696468
2021-03-05T16:00:00Z,38.44053253,38.56533945,38.13331549,38.53653786,440079.75140879
2021-03-05T17:00:00Z,38.53653786,38.73814904,38.47893466,38.62294265,414143.69031985
2021-03-05T18:00:00Z,38.61334212,38.83415437,38.51733679,38.63254318,493722.60868111
2021-03-05T19:00:00Z,38.64214372,38.8725565,38.52693732,38.80535277,467057.42137681
2021-03-05T20:00:00Z,38.79575224,39.03576555,38.76695064,38.8437549,407060.74994214
2021-03-08T13:00:00Z,38.29652454,38.62294265,37.97010643,38.57493999,448516.78332929
2021-03-08T14:00:00Z,38.57493999,39.15097194,38.47893466,38.57493999,531012.20655196
2021-03-08T15:00:00Z,38.59414105,38.65174425,38.14291602,38.28692401,355292.78865216
2021-03-08T16:00:00Z,38.28692401,38.36372827,37.9605059,38.02770963,365917.19921872
2021-03-08T17:00:00Z,38.00850856,38.3733288,37.9605059,38.31572561,322273.78718552
2021-03-08T18:00:00Z,38.32532614,38.47893466,37.34607181,37.52848193,682670.45934514
2021-03-08T19:00:00Z,37.5188814,37.99890803,37.41327554,37.73969365,447266.8526744
2021-03-08T20:00:00Z,37.71089205,37.72049259,37.34607181,37.49968034,761416.09060314
2021-03-09T13:00:00Z,37.25966702,37.49968034,36.77003986,37.00045264,230508.04493909
2021-03-09T14:00:00Z,37.00045264,37.53808247,36.83724359,37.08685743,324044.52227994
2021-03-09T15:00:00Z,37.09645797,37.80689738,37.06765637,37.80689738,289046.46394305
2021-03-09T16:00:00Z,37.81649791,37.85490004,37.59568566,37.73009312,254360.88826989
2021-03-09T17:00:00Z,37.73969365,37.97970697,37.547683,37.5764846,260298.05888061
2021-03-09T18:00:00Z,37.58608513,37.73009312,37.29806915,37.41327554,222279.33479441
2021-03-09T19:00:00Z,37.41327554,37.61488673,37.37487341,37.41327554,175511.09612398
2021-03-09T20:00:00Z,37.42287607,37.73009312,37.33647128,37.38447394,222383.49568231
2021-03-10T13:00:00Z,37.61488673,37.9317043,37.43247661,37.65328886,157803.74517972
2021-03-10T14:00:00Z,37.64368832,37.75889472,37.38447394,37.67248992,296858.53053611
2021-03-10T15:00:00Z,37.66288939,37.70129152,37.29806915,37.59568566,469244.80002287
2021-03-10T16:00:00Z,37.58608513,37.65328886,37.28846862,37.44207714,270714.14767135
2021-03-10T17:00:00Z,37.52848193,37.70129152,37.17326223,37.28846862,381645.49329274
2021-03-10T18:00:00Z,37.30766968,37.92210377,37.21166436,37.83569898,269047.57346483
2021-03-10T19:00:00Z,37.81649791,38.38292933,37.75889472,38.24852188,391853.26030766
2021-03-10T20:00:00Z,38.27732348,38.27732348,38.02770963,38.15251655,264360.333509
2021-03-11T13:00:00Z,38.41173093,38.93976023,38.41173093,38.62294265,197072.39992081
2021-03-11T14:00:00Z,38.64214372,38.88215703,37.92210377,37.9605059,369042.02585594
2021-03-11T15:00:00Z,37.97010643,38.04691069,37.63408779,37.66288939,265089.45972435
2021-03-11T16:00:00Z,37.66288939,37.88370164,37.55728353,37.74929418,291754.64702865
2021-03-11T17:00:00Z,37.76849525,38.12371495,37.63408779,38.06611176,255194.17537315
2021-03-11T18:00:00Z,38.06611176,38.14291602,37.9317043,38.06611176,268005.96458576
2021-03-11T19:00:00Z,38.07571229,38.18131815,37.78769631,37.9317043,262172.95486294
2021-03-11T20:00:00Z,37.94130484,38.11411442,37.89330217,37.9893075,228945.63162048
2021-03-12T13:00:00Z,37.82609844,38.21011975,37.62448726,37.73009312,183010.68005331
2021-03-12T14:00:00Z,37.73009312,37.94130484,37.50928087,37.9317043,303941.47091381
2021-03-12T15:00:00Z,37.94130484,38.08531282,37.71089205,37.78769631,139367.26802011
2021-03-12T16:00:00Z,37.77809578,37.97010643,37.77809578,37.83569898,94057.28178039
2021-03-12T17:00:00Z,37.84529951,37.97010643,37.64368832,37.69169099,148220.94349224
2021-03-12T18:00:00Z,37.69169099,37.79729685,37.5764846,37.74929418,163636.75490254
2021-03-12T19:00:00Z,37.73969365,37.85490004,37.5188814,37.60528619,186135.50669054
2021-03-12T20:00:00Z,37.61488673,37.83569898,37.5188814,37.72049259,299670.87450961
2021-03-15T13:00:00Z,37.53808247,37.59568566,36.96205051,37.39407448,345605.82607677
2021-03-15T14:00:00Z,37.37487341,37.76849525,37.20206383,37.66288939,429038.69729061
2021-03-15T15:00:00Z,37.65328886,37.87410111,37.44207714,37.45167767,346647.43495585
2021-03-15T16:00:00Z,37.45167767,37.76849525,37.35567235,37.60528619,263527.04640574
2021-03-15T17:00:00Z,37.60528619,37.94130484,37.59568566,37.84529951,312899.30727385
2021-03-15T18:00:00Z,37.84529951,38.09491336,37.74929418,38.09491336,332481.55420044
2021-03-15T19:00:00Z,38.10451389,38.32532614,38.09491336,38.21972028,520804.43953703
2021-03-16T13:00:00Z,38.27732348,38.27732348,37.75889472,37.80689738,332898.19775207
2021-03-16T14:00:00Z,37.77809578,37.82609844,37.41327554,37.49968034,321128.01741853
2021-03-16T15:00:00Z,37.50928087,37.68209046,37.21166436,37.28846862,370708.60006246
2021-03-16T16:00:00Z,37.29806915,37.29806915,36.98125158,37.01965371,224779.19610418
2021-03-16T17:00:00Z,37.00045264,37.18286276,36.95244998,37.1060585,248632.03943498
2021-03-16T18:00:00Z,37.1060585,37.24046596,36.90444731,36.99085211,313940.91615292
2021-03-16T19:00:00Z,36.98125158,37.26926755,36.91404785,37.1060585,556323.30231346
2021-03-17T13:00:00Z,36.90444731,37.36527288,36.6356324,37.01005317,478410.95815872
2021-03-17T14:00:00Z,37.03885477,37.18286276,36.86604518,37.01965371,344564.2171977
2021-03-17T15:00:00Z,37.01005317,37.50928087,37.01005317,37.35567235,423309.8484557
2021-03-17T16:00:00Z,37.34607181,37.73969365,37.31727022,37.66288939,394561.44339326
2021-03-17T17:00:00Z,37.67248992,37.87410111,37.61488673,37.86450057,281755.20178953
2021-03-17T18:00:00Z,37.85490004,38.15251655,37.76849525,38.09491336,521846.04841611
2021-03-17T19:00:00Z,38.09491336,38.22932081,37.97010643,38.05651123,404873.37129609
2021-03-18T13:00:00Z,38.30612507,38.80535277,38.0181091,38.430932,550698.61436646
2021-03-18T14:00:00Z,38.45013306,38.97816236,38.19091868,38.91095863,560489.73782975
2021-03-18T15:00:00Z,38.91095863,39.50619165,38.88215703,39.43898792,691107.49126564
2021-03-18T16:00:00Z,39.45818899,39.62139804,39.26617833,39.38138473,553823.44100368
2021-03-18T17:00:00Z,39.39098526,39.67900124,39.37178419,39.62139804,404665.04952027
2021-03-18T18:00:00Z,39.62139804,39.67900124,39.16057248,39.27577887,698398.75341916
2021-03-18T19:00:00Z,39.27577887,39.56379484,39.11256981,39.15097194,887242.44319529
2021-03-19T13:00:00Z,39.19897461,39.34298259,38.59414105,39.16057248,633923.16380447
2021-03-19T14:00:00Z,39.14137141,39.24697727,38.67094531,38.86295596,553198.47567623
2021-03-19T15:00:00Z,38.85335543,38.86295596,38.44053253,38.73814904,244361.44303078
2021-03-19T16:00:00Z,38.73814904,39.17017301,38.61334212,39.14137141,243111.51237589
2021-03-19T17:00:00Z,39.15097194,39.15097194,38.82455383,38.9013581,203634.53585898
2021-03-19T18:00:00Z,38.91095863,39.01656449,38.79575224,38.96856182,211863.24600366
2021-03-19T19:00:00Z,38.95896129,38.98776289,38.7861517,38.96856182,257694.03668292
2021-03-22T13:00:00Z,38.4021304,38.45013306,37.87410111,37.88370164,296546.04787239
2021-03-22T14:00:00Z,37.88370164,37.9029027,37.53808247,37.58608513,409873.09391564
2021-03-22T15:00:00Z,37.58608513,37.74929418,37.48047927,37.64368832,523200.1399589
2021-03-22T16:00:00Z,37.63408779,37.65328886,37.38447394,37.46127821,463515.95118796
2021-03-22T17:00:00Z,37.46127821,37.85490004,37.37487341,37.80689738,684024.55088794
2021-03-22T18:00:00Z,37.80689738,38.53653786,37.79729685,38.49813573,876618.03262873
2021-03-22T19:00:00Z,38.48853519,38.55573892,38.25812241,38.38292933,616111.65197231
2021-03-23T13:00:00Z,37.9893075,38.12371495,37.68209046,38.0181091,302587.37937102
2021-03-23T14:00:00Z,38.03731016,38.25812241,37.77809578,38.21011975,276651.31828207
2021-03-23T15:00:00Z,38.21972028,38.50773626,38.15251655,38.49813573,393623.99540209
2021-03-23T16:00:00Z,38.50773626,38.57493999,38.23892135,38.29652454,319044.79966039
2021-03-23T17:00:00Z,38.30612507,38.3733288,37.9317043,37.9605059,450391.67931162
2021-03-23T18:00:00Z,37.97010643,38.05651123,37.73969365,37.75889472,291025.52081329
2021-03-23T19:00:00Z,37.76849525,37.89330217,37.49968034,37.67248992,431955.20215201
2021-03-24T13:00:00Z,37.65328886,37.75889472,37.05805584,37.47087874,338210.40303535
2021-03-24T14:00:00Z,37.47087874,37.73969365,37.34607181,37.71089205,175927.73967561
2021-03-24T15:00:00Z,37.70129152,38.12371495,37.64368832,38.10451389,284150.9022114
2021-03-24T16:00:00Z,38.10451389,38.21011975,37.97970697,38.16211709,203947.0185227
2021-03-24T17:00:00Z,38.15251655,38.15251655,37.9317043,38.15251655,233528.7106884
2021-03-24T18:00:00Z,38.15251655,38.20051922,37.72049259,37.77809578,284463.38487513
2021-03-24T19:00:00Z,37.78769631,37.84529951,37.29806915,37.43247661,482473.23278711
2021-03-25T13:00:00Z,37.05805584,37.64368832,36.87564572,37.5188814,303628.98825009
2021-03-25T14:00:00Z,37.50928087,37.5764846,37.18286276,37.33647128,233841.19335213
2021-03-25T15:00:00Z,37.32687075,37.92210377,37.18286276,37.89330217,139679.75068383
2021-03-25T16:00:00Z,37.89330217,37.95090537,37.5764846,37.63408779,229987.24049955
2021-03-25T17:00:00Z,37.63408779,37.92210377,37.5764846,37.70129152,227695.70096559
2021-03-25T18:00:00Z,37.68209046,38.0181091,37.68209046,37.97010643,269985.021456
2021-03-25T19:00:00Z,37.9893075,38.16211709,37.95090537,38.05651123,224050.06988883
2021-03-26T13:00:00Z,38.21011975,39.13177088,38.06611176,39.12217035,483202.35900246
2021-03-26T14:00:00Z,39.10296928,39.60219698,39.06456715,39.47739005,979737.31165706
2021-03-26T15:00:00Z,39.45818899,39.84221029,39.45818899,39.6982023,479660.88881361
2021-03-26T16:00:00Z,39.6982023,39.83260976,39.63099857,39.6982023,325606.93559855
2021-03-26T17:00:00Z,39.68860177,39.80380816,39.27577887,39.36218366,383624.55016298
2021-03-26T18:00:00Z,39.34298259,39.36218366,38.98776289,39.17977354,527679.05813892
2021-03-26T19:00:00Z,39.18937407,39.40058579,39.04536608,39.314181,370396.11739874
2021-03-29T13:00:00Z,39.80380816,39.80380816,38.62294265,38.69974691,499972.26195555
2021-03-29T14:00:00Z,38.68054585,38.99736342,38.21011975,38.21972028,449037.58776883
2021-03-29T15:00:00Z,38.21972028,38.3445272,38.04691069,38.13331549,430809.43238503
2021-03-29T16:00:00Z,38.11411442,38.26772294,38.06611176,38.20051922,310920.25040361
2021-03-29T17:00:00Z,38.20051922,38.36372827,37.99890803,38.02770963,336543.82882883
2021-03-29T18:00:00Z,38.03731016,38.16211709,37.9317043,37.9605059,317586.54722968
2021-03-29T19:00:00Z,37.97010643,38.25812241,37.97010643,38.21972028,439350.62519344
2021-03-30T13:00:00Z,38.21011975,38.8149533,37.87410111,38.65174425,354563.66243681
2021-03-30T14:00:00Z,38.69014638,38.91095863,38.53653786,38.68054585,310295.28507616
2021-03-30T15:00:00Z,38.68054585,38.94936076,38.58454052,38.80535277,288421.49861561
2021-03-30T16:00:00Z,38.8149533,38.8725565,38.63254318,38.72854851,159366.15849833
2021-03-30T17:00:00Z,38.72854851,38.77655117,38.50773626,38.62294265,201655.47898874
2021-03-30T18:00:00Z,38.64214372,38.77655117,38.58454052,38.67094531,222904.30012185
2021-03-30T19:00:00Z,38.66134478,38.74774957,38.61334212,38.63254318,193947.57328359
2021-03-31T13:00:00Z,38.430932,38.57493999,38.16211709,38.24852188,256652.42780385
2021-03-31T14:00:00Z,38.24852188,38.3445272,37.99890803,38.10451389,327690.1533567
2021-03-31T15:00:00Z,38.08531282,38.16211709,37.70129152,37.76849525,355501.11042798
2021-03-31T16:00:00Z,37.77809578,37.87410111,37.547683,37.73969365,214154.78553763
2021-03-31T17:00:00Z,37.73969365,37.91250324,37.60528619,37.91250324,179469.20986446
2021-03-31T18:00:00Z,37.9029027,38.28692401,37.89330217,38.21972028,284255.06309931
2021-03-31T19:00:00Z,38.21972028,38.28692401,38.09491336,38.14291602,294150.34745052
2021-04-01T13:00:00Z,38.53653786,38.53653786,37.11565903,37.20206383,759228.71195708
2021-04-01T14:00:00Z,37.19246329,37.22126489,36.82764305,37.14446063,704544.2458057
2021-04-01T15:00:00Z,37.15406116,37.25966702,36.91404785,37.25966702,382478.780396
2021-04-01T16:00:00Z,37.25966702,37.30766968,37.06765637,37.26926755,487681.27718248
2021-04-01T17:00:00Z,37.26926755,37.27886809,36.92364838,37.12525956,568718.44797444
2021-04-01T18:00:00Z,37.12525956,37.27886809,36.95244998,37.0484553,388936.75544626
2021-04-01T19:00:00Z,37.0484553,37.24046596,36.86604518,36.97165104,507367.68499698
2021-04-05T13:00:00Z,37.50928087,37.84529951,37.27886809,37.43247661,353001.2491182
2021-04-05T14:00:00Z,37.43247661,37.62448726,37.32687075,37.38447394,127284.60502285
2021-04-05T15:00:00Z,37.40367501,37.47087874,37.30766968,37.35567235,97598.75196924
2021-04-05T16:00:00Z,37.35567235,37.36527288,37.0772569,37.0772569,144575.31241548
2021-04-05T17:00:00Z,37.06765637,37.14446063,36.89484678,37.02925424,189885.2986552
2021-04-05T18:00:00Z,37.0484553,37.25006649,36.97165104,37.1348601,186135.50669054
2021-04-05T19:00:00Z,37.12525956,37.38447394,37.08685743,37.23086542,171552.9823835
2021-04-06T13:00:00Z,37.39407448,37.53808247,37.14446063,37.25966702,175615.25701189
2021-04-06T14:00:00Z,37.25006649,37.31727022,37.0484553,37.17326223,160824.41092904
2021-04-06T15:00:00Z,37.19246329,37.19246329,36.89484678,36.89484678,213738.141986
2021-04-06T16:00:00Z,36.90444731,37.1060585,36.88524625,36.88524625,151137.44835365
2021-04-06T17:00:00Z,36.89484678,37.00045264,36.76043933,36.94284944,249361.16565033
2021-04-06T18:00:00Z,36.97165104,37.0772569,36.90444731,36.95244998,132700.97119404
2021-04-06T19:00:00Z,36.94284944,37.03885477,36.86604518,37.01005317,158220.38873135
2021-04-07T13:00:00Z,36.98125158,37.36527288,36.79884146,37.01965371,383312.06749926
2021-04-07T14:00:00Z,36.98125158,36.99085211,36.65483347,36.71243666,271443.2738867
2021-04-07T15:00:00Z,36.70283613,36.85644465,36.49162441,36.54922761,418414.28672405
2021-04-07T16:00:00Z,36.56842867,37.15406116,36.54922761,37.1060585,365083.91211546
2021-04-07T17:00:00Z,37.11565903,37.29806915,37.06765637,37.15406116,353834.53622146
2021-04-07T18:00:00Z,37.15406116,37.25006649,36.96205051,36.96205051,402061.02732259
2021-04-07T19:00:00Z,36.97165104,37.05805584,36.89484678,37.0484553,489243.69050109
2021-04-08T13:00:00Z,37.15406116,37.24046596,36.62603187,36.7220372,231237.17115444
2021-04-08T14:00:00Z,36.71243666,36.74123826,36.49162441,36.49162441,353834.53622146
2021-04-08T15:00:00Z,36.49162441,36.62603187,36.34761642,36.61643134,503305.41036859
2021-04-08T16:00:00Z,36.6068308,36.84684412,36.53962708,36.74123826,392686.54741092
2021-04-08T17:00:00Z,36.74123826,37.01005317,36.73163773,36.86604518,285400.83286629
2021-04-08T18:00:00Z,36.87564572,36.96205051,36.74123826,36.77964039,218946.18638137
2021-04-08T19:00:00Z,36.77964039,36.89484678,36.70283613,36.81804252,219987.79526044
2021-04-09T13:00:00Z,36.71243666,37.12525956,36.55882814,36.97165104,287692.37240026
2021-04-09T14:00:00Z,36.98125158,37.08685743,36.77964039,37.0772569,286650.76352118
2021-04-09T15:00:00Z,37.0772569,37.1060585,36.80844199,36.93324891,197801.52613616
2021-04-09T16:00:00Z,36.92364838,36.94284944,36.70283613,36.77964039,133638.4191852
2021-04-09T17:00:00Z,36.77003986,36.78924092,36.39561909,36.40521962,207905.13226318
2021-04-09T18:00:00Z,36.40521962,36.58762974,36.30921429,36.43402122,277901.24893696
2021-04-09T19:00:00Z,36.43402122,36.54922761,36.36681749,36.39561909,484868.93320898
2021-04-12T13:00:00Z,36.36681749,36.77964039,36.36681749,36.6068308,225404.16143163
2021-04-12T14:00:00Z,36.59723027,36.6932356,36.49162441,36.62603187,129055.34011728
2021-04-12T15:00:00Z,36.6356324,36.80844199,36.54922761,36.61643134,214779.75086507
2021-04-12T16:00:00Z,36.62603187,36.70283613,36.57802921,36.6068308,119680.86020561
2021-04-12T17:00:00Z,36.6068308,36.87564572,36.59723027,36.87564572,152283.21812063
2021-04-12T18:00:00Z,36.86604518,36.97165104,36.77003986,36.97165104,375291.67913038
2021-04-12T19:00:00Z,36.95244998,37.18286276,36.94284944,37.1348601,415706.10363846
2021-04-13T13:00:00Z,37.20206383,37.20206383,36.29961376,36.38601855,479452.56703779
2021-04-13T14:00:00Z,36.38601855,36.53962708,36.34761642,36.48202388,697357.14454009
2021-04-13T15:00:00Z,36.48202388,36.83724359,36.47242335,36.76043933,393936.47806581
2021-04-13T16:00:00Z,36.75083879,36.88524625,36.71243666,36.81804252,216446.32507159
2021-04-13T17:00:00Z,36.82764305,36.98125158,36.77003986,36.91404785,304462.27535335
2021-04-13T18:00:00Z,36.88524625,36.95244998,36.76043933,36.79884146,218321.22105392
2021-04-13T19:00:00Z,36.78924092,36.84684412,36.64523293,36.77003986,341751.8732242
2021-04-14T13:00:00Z,36.87564572,37.47087874,36.50122495,37.37487341,653088.76717944
2021-04-14T14:00:00Z,37.38447394,37.82609844,37.38447394,37.76849525,505909.43256627
2021-04-14T15:00:00Z,37.76849525,37.87410111,37.34607181,37.80689738,628819.28029701
2021-04-14T16:00:00Z,37.81649791,38.03731016,37.70129152,38.03731016,433517.61547063
2021-04-14T17:00:00Z,38.02770963,38.09491336,37.74929418,37.79729685,498514.00952485
2021-04-14T18:00:00Z,37.79729685,37.91250324,37.63408779,37.75889472,460807.76810237
2021-04-14T19:00:00Z,37.73969365,37.75889472,37.30766968,37.4900798,615695.00842068
2021-04-15T13:00:00Z,37.44207714,38.11411442,37.24046596,37.5188814,538824.27314501
2021-04-15T14:00:00Z,37.50928087,37.59568566,37.08685743,37.12525956,273005.68720531
2021-04-15T15:00:00Z,37.1348601,37.24046596,37.06765637,37.16366169,180510.81874354
2021-04-15T16:00:00Z,37.17326223,37.43247661,37.15406116,37.18286276,210092.51090924
2021-04-15T17:00:00Z,37.17326223,37.22126489,36.89484678,37.11565903,230924.68849072
2021-04-15T18:00:00Z,37.12525956,37.1348601,36.87564572,37.05805584,236132.73288609
2021-04-15T19:00:00Z,37.06765637,37.09645797,36.94284944,37.05805584,225716.64409535
2021-04-16T13:00:00Z,37.1060585,37.37487341,36.94284944,37.11565903,261964.63308713
2021-04-16T14:00:00Z,37.11565903,37.33647128,37.01965371,37.1060585,164678.36378161
2021-04-16T15:00:00Z,37.09645797,37.34607181,37.06765637,37.20206383,118222.60777491
2021-04-16T16:00:00Z,37.17326223,37.25966702,37.06765637,37.12525956,66871.29003655
2021-04-16T17:00:00Z,37.12525956,37.36527288,37.08685743,37.33647128,96869.62575389
2021-04-16T18:00:00Z,37.34607181,37.52848193,37.29806915,37.33647128,174781.96990863
2021-04-16T19:00:00Z,37.29806915,37.38447394,37.20206383,37.32687075,133117.61474567
2021-04-19T13:00:00Z,37.14446063,37.42287607,37.06765637,37.28846862,271651.59566252
2021-04-19T14:00:00Z,37.25966702,37.32687075,37.02925424,37.05805584,177906.79654585
2021-04-19T15:00:00Z,37.05805584,37.24046596,37.0484553,37.18286276,184156.44982029
2021-04-19T16:00:00Z,37.16366169,37.18286276,36.76043933,36.77964039,262902.08107829
2021-04-19T17:00:00Z,36.77964039,36.90444731,36.76043933,36.83724359,191656.03374963
2021-04-19T18:00:00Z,36.81804252,36.92364838,36.71243666,36.78924092,260818.86332015
2021-04-19T19:00:00Z,36.77003986,36.86604518,36.68363506,36.86604518,257173.23224339
2021-04-20T13:00:00Z,36.81804252,37.08685743,36.6068308,36.83724359,348314.00916237
2021-04-20T14:00:00Z,36.85644465,37.01005317,36.57802921,36.84684412,269880.86056809
2021-04-20T15:00:00Z,36.82764305,36.94284944,36.64523293,36.78924092,169990.56906489
2021-04-20T16:00:00Z,36.80844199,36.87564572,36.61643134,36.62603187,104994.17501067
2021-04-20T17:00:00Z,36.6356324,36.76043933,36.58762974,36.7220372,140929.68133872
2021-04-20T18:00:00Z,36.7220372,36.78924092,36.64523293,36.68363506,113639.52870698
2021-04-20T19:00:00Z,36.6932356,36.77003986,36.59723027,36.77003986,115410.26380141
2021-04-22T13:00:00Z,36.88524625,36.99085211,36.30921429,36.30921429,528199.86257846
2021-04-22T14:00:00Z,36.30921429,36.75083879,36.29961376,36.35721696,362063.24636614
2021-04-22T15:00:00Z,36.35721696,36.38601855,36.15560577,36.21320897,273838.97430857
2021-04-22T16:00:00Z,36.18440737,36.29961376,36.14600524,36.21320897,237070.18087726
2021-04-22T17:00:00Z,36.2228095,36.2516111,35.87719033,35.97319565,612466.02089555
2021-04-22T18:00:00Z,35.99239672,36.2516111,35.90599192,36.1940079,297483.49586355
2021-04-22T19:00:00Z,36.1940079,36.1940079,35.89639139,36.01159778,310399.44596407
2021-04-23T13:00:00Z,36.27081216,36.84684412,36.12680417,36.6932356,403206.79708957
2021-04-23T14:00:00Z,36.7220372,36.91404785,36.58762974,36.77003986,272380.72187787
2021-04-23T15:00:00Z,36.77964039,36.91404785,36.58762974,36.77964039,334460.61107068
2021-04-23T16:00:00Z,36.77964039,36.82764305,36.62603187,36.74123826,312066.02017059
2021-04-23T17:00:00Z,36.77003986,36.79884146,36.664434,36.71243666,309670.31974872
2021-04-23T18:00:00Z,36.7220372,36.89484678,36.67403453,36.85644465,240819.97284192
2021-04-23T19:00:00Z,36.85644465,36.91404785,36.75083879,36.78924092,461328.5725419
2021-04-26T13:00:00Z,36.91404785,37.33647128,36.77003986,37.1348601,497576.56153368
2021-04-26T14:00:00Z,37.1348601,37.1348601,36.7220372,36.91404785,253319.27939081
2021-04-26T15:00:00Z,36.93324891,37.01005317,36.7220372,36.76043933,171032.17794396
2021-04-26T16:00:00Z,36.77003986,36.87564572,36.68363506,36.74123826,171032.17794396
2021-04-26T17:00:00Z,36.75083879,36.80844199,36.56842867,36.74123826,175094.45257235
2021-04-26T18:00:00Z,36.74123826,36.81804252,36.39561909,36.43402122,493826.76956901
2021-04-26T19:00:00Z,36.43402122,36.51082548,36.1940079,36.44362175,477994.31460709
2021-04-27T13:00:00Z,36.61643134,36.80844199,36.30921429,36.77003986,261860.47219922
2021-04-27T14:00:00Z,36.77964039,36.80844199,36.38601855,36.41482015,348418.17005027
2021-04-27T15:00:00Z,36.41482015,36.41482015,36.04039938,36.13640471,508617.61565186
2021-04-27T16:00:00Z,36.13640471,36.30921429,36.05960045,36.06920098,317899.0298934
2021-04-27T17:00:00Z,36.06920098,36.13640471,35.93479352,36.13640471,524033.42706216
2021-04-27T18:00:00Z,36.12680417,36.17480684,35.87719033,35.87719033,401019.41844351
2021-04-27T19:00:00Z,35.87719033,36.15560577,35.86758979,36.04999991,1128374.89870093
2021-04-28T13:00:00Z,36.97165104,38.11411442,36.76043933,38.11411442,2412366.16393553
2021-04-28T14:00:00Z,38.11411442,38.67094531,38.11411442,38.42133147,1633659.36593976
2021-04-28T15:00:00Z,38.430932,39.32378153,38.42133147,39.14137141,1504187.38227085
2021-04-28T16:00:00Z,39.13177088,39.7270039,39.10296928,39.27577887,1338779.89227389
2021-04-28T17:00:00Z,39.27577887,39.34298259,38.75735011,38.8725565,1258992.65213682
2021-04-28T18:00:00Z,38.86295596,39.33338206,38.80535277,38.98776289,924011.2366266
2021-04-28T19:00:00Z,38.97816236,39.314181,38.97816236,39.12217035,810684.19058334
2021-04-29T13:00:00Z,38.98776289,39.23737674,37.97010643,38.03731016,917240.77891262
2021-04-29T14:00:00Z,38.04691069,38.05651123,37.58608513,37.69169099,716835.23057877
2021-04-29T15:00:00Z,37.69169099,37.75889472,37.32687075,37.32687075,488931.20783737
2021-04-29T16:00:00Z,37.32687075,37.68209046,37.26926755,37.66288939,424143.13555896
2021-04-29T17:00:00Z,37.65328886,37.95090537,37.58608513,37.68209046,526533.28837194
2021-04-29T18:00:00Z,37.68209046,38.05651123,37.66288939,37.75889472,662254.92531529
2021-04-29T19:00:00Z,37.75889472,37.80689738,37.59568566,37.65328886,453204.02328512
2021-04-30T13:00:00Z,37.40367501,37.58608513,37.00045264,37.46127821,462266.02053307
2021-04-30T14:00:00Z,37.47087874,37.4900798,36.94284944,37.18286276,503201.24948068
2021-04-30T15:00:00Z,37.16366169,37.52848193,37.01005317,37.36527288,534553.67674081
2021-04-30T16:00:00Z,37.35567235,37.41327554,37.12525956,37.29806915,285713.31553002
2021-04-30T17:00:00Z,37.28846862,37.30766968,36.96205051,37.03885477,287692.37240026
2021-04-30T18:00:00Z,37.03885477,37.33647128,36.97165104,37.20206383,361021.63748707
2021-04-30T19:00:00Z,37.17326223,37.22126489,36.99085211,37.08685743,390603.32965277
2021-05-03T13:00:00Z,37.05805584,37.61488673,36.83724359,37.25966702,538511.79048129
2021-05-03T14:00:00Z,37.26926755,37.83569898,37.14446063,37.79729685,591113.03887453
2021-05-03T15:00:00Z,37.79729685,37.87410111,37.34607181,37.35567235,668087.9350381
2021-05-03T16:00:00Z,37.35567235,37.45167767,37.16366169,37.20206383,538824.27314501
2021-05-03T17:00:00Z,37.20206383,37.41327554,37.06765637,37.38447394,587050.76424614
2021-05-03T18:00:00Z,37.36527288,37.64368832,37.32687075,37.5764846,486847.99007922
2021-05-03T19:00:00Z,37.5764846,37.61488673,37.44207714,37.53808247,400081.97045235
2021-05-04T13:00:00Z,37.9029027,37.9029027,36.87564572,36.92364838,465599.16894611
2021-05-04T14:00:00Z,36.92364838,37.08685743,36.77003986,36.81804252,399561.16601281
2021-05-04T15:00:00Z,36.79884146,37.16366169,36.6356324,37.16366169,324461.16583157
2021-05-04T16:00:00Z,37.16366169,37.30766968,37.08685743,37.18286276,124472.26104935
2021-05-04T17:00:00Z,37.18286276,37.20206383,36.87564572,36.90444731,181135.78407098
2021-05-04T18:00:00Z,36.89484678,36.99085211,36.79884146,36.83724359,136138.28049498
2021-05-04T19:00:00Z,36.80844199,36.84684412,36.71243666,36.81804252,184677.25425983
2021-05-05T13:00:00Z,36.82764305,37.17326223,36.56842867,37.05805584,567780.99998327
2021-05-05T14:00:00Z,37.05805584,37.50928087,36.97165104,37.40367501,332273.23242463
2021-05-05T15:00:00Z,37.40367501,37.49968034,37.29806915,37.39407448,175927.73967561
2021-05-05T16:00:00Z,37.38447394,37.40367501,37.06765637,37.28846862,130513.59254798
2021-05-05T17:00:00Z,37.30766968,37.60528619,37.27886809,37.42287607,230820.52760281
2021-05-05T18:00:00Z,37.43247661,37.50928087,37.39407448,37.48047927,163115.950463
2021-05-05T19:00:00Z,37.48047927,37.67248992,37.36527288,37.58608513,169261.44284954
2021-05-06T13:00:00Z,37.66288939,37.73969365,36.74123826,36.86604518,813496.53455684
2021-05-06T14:00:00Z,36.86604518,37.06765637,36.77964039,36.86604518,330085.85377857
2021-05-06T15:00:00Z,36.89484678,37.15406116,36.87564572,37.11565903,226862.41386233
2021-05-06T16:00:00Z,37.1060585,37.1060585,36.88524625,37.01005317,222904.30012185
2021-05-06T17:00:00Z,37.01005317,37.1348601,36.97165104,37.0772569,175094.45257235
2021-05-06T18:00:00Z,37.08685743,37.09645797,36.94284944,37.00045264,209780.02824552
2021-05-06T19:00:00Z,37.01965371,37.22126489,36.99085211,37.15406116,390082.52521324
2021-05-07T13:00:00Z,37.547683,37.68209046,37.14446063,37.547683,361854.92459033
2021-05-07T14:00:00Z,37.53808247,37.56688406,37.19246329,37.47087874,496118.30910298
2021-05-07T15:00:00Z,37.47087874,37.5188814,37.27886809,37.30766968,156449.65363692
2021-05-07T16:00:00Z,37.30766968,37.38447394,37.1060585,37.1348601,228424.82718094
2021-05-07T17:00:00Z,37.1348601,37.23086542,37.05805584,37.11565903,306545.4931115
2021-05-07T18:00:00Z,37.11565903,37.23086542,36.99085211,37.18286276,333835.64574324
2021-05-07T19:00:00Z,37.20206383,37.44207714,37.16366169,37.40367501,440913.03851205
2021-05-10T13:00:00Z,36.70283613,36.94284944,36.54922761,36.71243666,417685.1605087
2021-05-10T14:00:00Z,36.7220372,36.94284944,36.58762974,36.664434,365917.19921872
2021-05-10T15:00:00Z,36.68363506,36.86604518,36.6068308,36.79884146,145512.76040665
2021-05-10T16:00:00Z,36.80844199,36.94284944,36.77003986,36.86604518,136346.60227079
2021-05-10T17:00:00Z,36.86604518,36.96205051,36.74123826,36.77964039,193426.76884405
2021-05-10T18:00:00Z,36.77964039,37.00045264,36.77003986,36.92364838,472682.10932381
2021-05-10T19:00:00Z,36.94284944,36.95244998,36.7220372,36.7220372,280713.59291046
2021-05-11T13:00:00Z,36.6356324,36.88524625,36.27081216,36.83724359,444350.347813
2021-05-11T14:00:00Z,36.84684412,36.93324891,36.52042601,36.74123826,239361.72041122
2021-05-11T15:00:00Z,36.75083879,36.93324891,36.6932356,36.83724359,144366.99063967
2021-05-11T16:00:00Z,36.83724359,36.87564572,36.70283613,36.74123826,91765.74224642
2021-05-11T17:00:00Z,36.75083879,36.84684412,36.6932356,36.78924092,110723.02384557
2021-05-11T18:00:00Z,36.80844199,36.82764305,36.6068308,36.67403453,130930.23609961
2021-05-11T19:00:00Z,36.65483347,36.82764305,36.6068308,36.65483347,131555.20142705
2021-05-12T13:00:00Z,36.57802921,36.82764305,36.2516111,36.45322228,416956.03429335
2021-05-12T14:00:00Z,36.44362175,36.55882814,36.29001323,36.46282281,237903.46798052
2021-05-12T15:00:00Z,36.47242335,36.53962708,36.38601855,36.46282281,114264.49403442
2021-05-12T16:00:00Z,36.47242335,36.6068308,36.45322228,36.53002654,136450.7631587
2021-05-12T17:00:00Z,36.53002654,36.6068308,36.41482015,36.51082548,100306.93505483
2021-05-12T18:00:00Z,36.50122495,36.57802921,36.41482015,36.48202388,105306.65767439
2021-05-12T19:00:00Z,36.48202388,36.48202388,35.88679086,35.97319565,1138895.14837958
2021-05-13T13:00:00Z,36.21320897,36.83724359,36.21320897,36.73163773,430601.11060922
2021-05-13T14:00:00Z,36.73163773,37.05805584,36.73163773,36.94284944,457891.26324096
2021-05-13T15:00:00Z,36.93324891,37.19246329,36.89484678,37.0772569,364458.94678801
2021-05-13T16:00:00Z,37.09645797,37.25006649,37.02925424,37.23086542,171865.46504722
2021-05-13T17:00:00Z,37.24046596,37.26926755,36.81804252,36.90444731,207280.16693574
2021-05-13T18:00:00Z,36.93324891,37.16366169,36.91404785,37.0772569,331127.46265764
2021-05-13T19:00:00Z,37.0772569,37.16366169,36.91404785,36.98125158,279776.14491929
2021-05-14T13:00:00Z,37.41327554,37.69169099,37.14446063,37.53808247,513200.69471979
2021-05-14T14:00:00Z,37.547683,37.73009312,37.47087874,37.66288939,476015.25773685
2021-05-14T15:00:00Z,37.69169099,37.71089205,37.43247661,37.5764846,295504.43899331
2021-05-14T16:00:00Z,37.5764846,37.60528619,37.32687075,37.48047927,179052.56631283
2021-05-14T17:00:00Z,37.47087874,37.47087874,37.25006649,37.25006649,137179.88937405
2021-05-14T18:00:00Z,37.24046596,37.99890803,37.24046596,37.97970697,461641.05520562
2021-05-14T19:00:00Z,37.99890803,37.99890803,37.66288939,37.76849525,560385.57694185
2021-05-17T13:00:00Z,37.91250324,37.94130484,37.45167767,37.62448726,299045.90918216
2021-05-17T14:00:00Z,37.63408779,37.63408779,37.21166436,37.22126489,281963.52356535
2021-05-17T15:00:00Z,37.20206383,37.36527288,37.11565903,37.25966702,173323.71747792
2021-05-17T16:00:00Z,37.25006649,37.47087874,37.12525956,37.46127821,662775.72975483
2021-05-17T17:00:00Z,37.46127821,37.70129152,37.46127821,37.5764846,154783.07943041
2021-05-17T18:00:00Z,37.5764846,37.91250324,37.547683,37.87410111,139888.07245965
2021-05-17T19:00:00Z,37.84529951,38.0181091,37.76849525,37.95090537,370604.43917455
2021-05-18T13:00:00Z,37.63408779,38.45013306,37.52848193,38.28692401,406852.42816633
2021-05-18T14:00:00Z,38.28692401,38.32532614,38.04691069,38.23892135,210821.63712459
2021-05-18T15:00:00Z,38.23892135,38.3445272,38.07571229,38.10451389,183010.68005331
2021-05-18T16:00:00Z,38.11411442,38.33492667,38.08531282,38.24852188,146971.01283735
2021-05-18T17:00:00Z,38.24852188,38.39252987,38.23892135,38.3733288,134575.86717637
2021-05-18T18:00:00Z,38.3733288,38.3733288,38.04691069,38.12371495,143117.05998478
2021-05-18T19:00:00Z,38.12371495,38.27732348,38.08531282,38.08531282,126659.63969541
2021-05-19T13:00:00Z,37.82609844,38.72854851,37.73009312,38.59414105,416747.71251753
2021-05-19T14:00:00Z,38.59414105,39.17017301,38.59414105,39.10296928,526116.64482031
2021-05-19T15:00:00Z,39.08376821,39.17017301,38.89175756,38.92055916,251027.73985685
2021-05-19T16:00:00Z,38.91095863,39.18937407,38.91095863,39.07416768,293525.38212307
2021-05-19T17:00:00Z,39.07416768,39.26617833,39.07416768,39.12217035,282484.32800489
2021-05-19T18:00:00Z,39.14137141,39.314181,38.99736342,39.24697727,653922.0542827
2021-05-19T19:00:00Z,39.2277762,39.48699058,39.17017301,39.39098526,429767.82350596
2021-05-20T13:00:00Z,39.50619165,39.77500656,39.09336875,39.34298259,371854.36982944
2021-05-20T14:00:00Z,39.33338206,39.71740337,39.32378153,39.55419431,228008.18362931
2021-05-20T15:00:00Z,39.52539271,39.56379484,39.27577887,39.32378153,179677.53164028
2021-05-20T16:00:00Z,39.34298259,39.41018632,39.23737674,39.40058579,84474.48009291
2021-05-20T17:00:00Z,39.39098526,39.43898792,39.314181,39.37178419,154158.11410296
2021-05-20T18:00:00Z,39.38138473,39.40058579,39.15097194,39.17017301,178948.40542492
2021-05-20T19:00:00Z,39.17017301,39.36218366,39.14137141,39.27577887,199259.77856687
2021-05-21T13:00:00Z,39.17017301,39.17017301,38.8149533,38.8149533,110306.38029394
2021-05-21T14:00:00Z,38.83415437,39.2565778,38.71894798,39.07416768,122493.20417911
2021-05-21T15:00:00Z,39.07416768,39.11256981,38.83415437,38.91095863,115826.90735304
2021-05-21T16:00:00Z,38.89175756,39.18937407,38.88215703,39.16057248,113431.20693117
2021-05-21T17:00:00Z,39.16057248,39.23737674,39.08376821,39.16057248,171657.14327141
2021-05-21T18:00:00Z,39.16057248,39.26617833,39.13177088,39.26617833,115722.74646513
2021-05-21T19:00:00Z,39.26617833,39.47739005,39.17017301,39.39098526,163949.23756626
2021-05-24T13:00:00Z,39.65019964,39.77500656,39.27577887,39.59259644,304878.91890498
2021-05-24T14:00:00Z,39.61179751,39.65019964,39.27577887,39.46778952,140929.68133872
2021-05-24T15:00:00Z,39.47739005,39.55419431,39.13177088,39.15097194,119785.02109352
2021-05-24T16:00:00Z,39.16057248,39.41978686,39.12217035,39.41018632,160199.44560159
2021-05-24T17:00:00Z,39.41018632,39.47739005,39.32378153,39.35258313,112181.27627628
2021-05-24T18:00:00Z,39.36218366,39.38138473,38.97816236,39.00696395,382895.42394763
2021-05-24T19:00:00Z,38.98776289,39.14137141,38.96856182,39.05496662,246340.49990102
2021-05-25T13:00:00Z,39.14137141,39.36218366,38.9013581,38.97816236,192385.15996498
2021-05-25T14:00:00Z,38.97816236,39.07416768,38.73814904,38.8725565,705273.37202105
2021-05-25T15:00:00Z,38.89175756,39.01656449,38.73814904,38.96856182,228320.66629303
2021-05-25T16:00:00Z,38.97816236,39.03576555,38.80535277,38.97816236,98119.55640878
2021-05-25T17:00:00Z,38.96856182,38.97816236,38.69974691,38.71894798,168740.63841
2021-05-25T18:00:00Z,38.72854851,38.92055916,38.70934744,38.80535277,451849.93174233
2021-05-25T19:00:00Z,38.8149533,38.8437549,38.60374158,38.68054585,320190.56942737
2021-05-26T13:00:00Z,38.97816236,39.40058579,38.7861517,39.40058579,224154.23077674
2021-05-26T14:00:00Z,39.40058579,39.55419431,39.12217035,39.27577887,257277.39313129
2021-05-26T15:00:00Z,39.2853794,39.41018632,39.17017301,39.2565778,129992.78810844
2021-05-26T16:00:00Z,39.27577887,39.34298259,39.17017301,39.314181,101452.70482181
2021-05-26T17:00:00Z,39.34298259,39.36218366,39.19897461,39.2565778,125618.03081633
2021-05-26T18:00:00Z,39.24697727,39.35258313,39.19897461,39.27577887,91974.06402224
2021-05-26T19:00:00Z,39.27577887,39.36218366,39.17017301,39.17977354,135929.95871917
2021-05-27T13:00:00Z,39.18937407,39.314181,38.93015969,39.08376821,274151.45697229
2021-05-27T14:00:00Z,39.08376821,39.10296928,38.58454052,38.67094531,238736.75508378
2021-05-27T15:00:00Z,38.69014638,38.76695064,38.51733679,38.51733679,203113.73141944
2021-05-27T16:00:00Z,38.51733679,38.69974691,38.44053253,38.69974691,210300.83268505
2021-05-27T17:00:00Z,38.69974691,38.94936076,38.67094531,38.85335543,282484.32800489
2021-05-27T18:00:00Z,38.86295596,38.99736342,38.8149533,38.91095863,279255.34047976
2021-05-27T19:00:00Z,38.91095863,39.18937407,38.85335543,39.18937407,346022.4696284
2021-05-28T13:00:00Z,38.85335543,39.15097194,38.69014638,39.11256981,339356.17280233
2021-05-28T14:00:00Z,39.12217035,39.26617833,38.8149533,39.09336875,329252.56667531
2021-05-28T15:00:00Z,39.10296928,39.20857514,39.00696395,39.10296928,178427.60098539
2021-05-28T16:00:00Z,39.11256981,39.11256981,38.89175756,39.00696395,208321.77581481
2021-05-28T17:00:00Z,39.01656449,39.07416768,38.88215703,39.04536608,252798.47495128
2021-05-28T18:00:00Z,39.04536608,39.15097194,38.93015969,39.00696395,288733.98127933
2021-05-28T19:00:00Z,39.01656449,39.30458046,38.96856182,39.26617833,288942.30305515
2021-05-31T13:00:00Z,39.27577887,39.59259644,39.07416768,39.58299591,358105.13262566
2021-05-31T14:00:00Z,39.58299591,39.7558055,39.38138473,39.44858845,308107.90643011
2021-05-31T15:00:00Z,39.45818899,39.51579218,39.29497993,39.41018632,195718.30837802
2021-05-31T16:00:00Z,39.41018632,39.56379484,39.41018632,39.45818899,157282.94074018
2021-05-31T17:00:00Z,39.45818899,39.59259644,39.45818899,39.47739005,236236.893774
2021-05-31T18:00:00Z,39.47739005,39.57339538,39.45818899,39.50619165,227695.70096559
2021-05-31T19:00:00Z,39.50619165,39.65980017,39.47739005,39.56379484,310399.44596407
2021-06-01T13:00:00Z,39.77500656,40.5526497,39.64059911,40.48544597,956092.79010208
2021-06-01T14:00:00Z,40.47584544,40.9942742,40.47584544,40.9942742,503826.21480812
2021-06-01T15:00:00Z,40.9942742,41.15748326,40.78306248,41.09027953,514867.26892631
2021-06-01T16:00:00Z,41.09988006,41.18628485,40.97507314,41.15748326,447162.6917865
2021-06-01T17:00:00Z,41.15748326,41.18628485,40.9942742,41.11908113,448100.13977766
2021-06-01T18:00:00Z,41.10948059,41.4358987,41.09988006,41.39749657,563197.92091535
2021-06-01T19:00:00Z,41.39749657,41.39749657,40.82146462,41.12868166,546115.53529853
2021-06-02T13:00:00Z,41.38789604,41.94472693,41.19588539,41.89672427,594029.54373594
2021-06-02T14:00:00Z,41.88712373,42.01193066,41.56070563,41.60870829,432788.48925527
2021-06-02T15:00:00Z,41.60870829,41.65671095,41.32069231,41.39749657,249881.97008987
2021-06-02T16:00:00Z,41.37829551,41.5223035,41.33029284,41.4358987,258110.68023455
2021-06-02T17:00:00Z,41.44549923,41.65671095,41.42629817,41.55110509,224258.39166465
2021-06-02T18:00:00Z,41.55110509,41.9351264,41.5223035,41.76231681,700898.61472894
2021-06-02T19:00:00Z,41.79111841,41.88712373,41.71431415,41.77191734,388415.95100672
2021-06-04T13:00:00Z,41.59910776,42.88557912,41.57030616,42.88557912,800476.42356842
2021-06-04T14:00:00Z,42.89517966,43.08719031,42.67436741,43.04878818,698815.39697079
2021-06-04T15:00:00Z,43.04878818,43.05838871,42.84717699,42.89517966,323419.5569525
2021-06-04T16:00:00Z,42.90478019,42.92398125,42.71276954,42.82797593,223216.78278557
2021-06-04T17:00:00Z,42.82797593,43.06798924,42.7607722,43.04878818,258006.51934665
2021-06-04T18:00:00Z,43.05838871,43.29840203,43.00078552,43.26960043,485806.38120014
2021-06-04T19:00:00Z,43.26960043,43.27920096,42.80877486,42.98158445,390395.00787696
2021-06-07T13:00:00Z,43.06798924,43.73042599,42.87597859,43.48081215,621736.33991931
2021-06-07T14:00:00Z,43.49041268,43.87443398,43.2599999,43.86483345,402685.99265003
2021-06-07T15:00:00Z,43.86483345,43.88403451,43.586418,43.69202386,483827.3243299
2021-06-07T16:00:00Z,43.69202386,44.38326221,43.65362173,44.0856457,688190.98640423
2021-06-07T17:00:00Z,44.0856457,44.17205049,43.86483345,43.93203718,938281.27826992
2021-06-07T18:00:00Z,43.93203718,44.16244996,43.87443398,44.01844197,473411.23553916
2021-06-07T19:00:00Z,44.0280425,44.0568441,43.75922759,43.82643132,644026.76993149
2021-06-08T13:00:00Z,43.79762972,43.86483345,43.01038605,43.44241002,642568.51750079
2021-06-08T14:00:00Z,43.45201055,43.79762972,43.34640469,43.57681747,336856.31149255
2021-06-08T15:00:00Z,43.54801587,43.96083878,43.42320895,43.85523292,342585.16032746
2021-06-08T16:00:00Z,43.86483345,43.87443398,43.53841534,43.81683079,249465.32653824
2021-06-08T17:00:00Z,43.82643132,43.98003984,43.6440212,43.73042599,221966.85213068
2021-06-08T18:00:00Z,43.73042599,43.88403451,43.48081215,43.82643132,533928.71141336
2021-06-08T19:00:00Z,43.82643132,43.97043931,43.74962706,43.79762972,551219.41880599
2021-06-09T13:00:00Z,43.71122493,43.71122493,43.16399457,43.40400788,508409.29387605
2021-06-09T14:00:00Z,43.43280948,43.56721694,43.27920096,43.43280948,499347.29662811
2021-06-09T15:00:00Z,43.44241002,44.09524623,43.42320895,43.96083878,508200.97210024
2021-06-09T16:00:00Z,43.95123824,44.21045262,43.74962706,43.94163771,445912.76113161
2021-06-09T17:00:00Z,43.94163771,44.12404783,43.78802919,43.88403451,319253.1214362
2021-06-09T18:00:00Z,43.88403451,43.95123824,43.48081215,43.52881481,353730.37533355
2021-06-09T19:00:00Z,43.50961374,43.62482013,43.35600522,43.35600522,309149.51530918
2021-06-10T13:00:00Z,43.53841534,44.0280425,43.50961374,43.59601854,324565.32671948
2021-06-10T14:00:00Z,43.59601854,43.86483345,43.49041268,43.586418,254985.85359733
2021-06-10T15:00:00Z,43.57681747,43.82643132,43.43280948,43.78802919,176344.38322724
2021-06-10T16:00:00Z,43.78802919,43.83603185,43.55761641,43.82643132,156970.45807646
2021-06-10T17:00:00Z,43.81683079,44.04724357,43.81683079,43.96083878,213217.33754646
2021-06-10T18:00:00Z,43.98003984,44.13364836,43.79762972,43.88403451,186656.31113007
2021-06-10T19:00:00Z,43.86483345,43.88403451,43.63442067,43.63442067,181760.74939842
2021-06-11T13:00:00Z,43.68242333,43.68242333,43.19279617,43.22159777,243840.63859124
2021-06-11T14:00:00Z,43.22159777,43.34640469,43.02958711,43.12559244,350293.06603261
2021-06-11T15:00:00Z,43.13519297,43.16399457,42.92398125,42.98158445,393103.19096255
2021-06-11T16:00:00Z,42.95278285,43.06798924,42.68396794,43.04878818,499138.97485229
2021-06-11T17:00:00Z,43.01998658,43.16399457,42.89517966,43.15439404,602570.73654435
2021-06-11T18:00:00Z,43.15439404,43.29840203,43.01998658,43.25039936,204884.46651387
2021-06-11T19:00:00Z,43.2599999,43.33680416,43.07758978,43.29840203,295296.1172175
2021-06-14T13:00:00Z,43.53841534,43.77842866,43.2023967,43.21199723,197801.52613616
2021-06-14T14:00:00Z,43.24079883,43.48081215,43.05838871,43.45201055,327898.47513252
2021-06-14T15:00:00Z,43.45201055,43.52881481,43.1447935,43.1735951,333002.35863998
2021-06-14T16:00:00Z,43.15439404,43.2023967,43.01998658,43.12559244,148950.06970759
2021-06-14T17:00:00Z,43.11599191,43.2023967,43.01998658,43.19279617,180927.46229516
2021-06-14T18:00:00Z,43.21199723,43.40400788,43.16399457,43.25039936,425913.87065338
2021-06-14T19:00:00Z,43.25039936,43.39440735,42.97198392,43.39440735,231966.29736979
2021-06-15T13:00:00Z,43.2311983,43.43280948,42.55916102,42.93358179,546844.66151388
2021-06-15T14:00:00Z,42.91438072,43.05838871,42.77997327,42.99118498,263839.52906946
2021-06-15T15:00:00Z,42.98158445,43.01038605,42.68396794,42.77997327,231445.49293026
2021-06-15T16:00:00Z,42.77997327,42.99118498,42.7319706,42.96238339,277380.44449742
2021-06-15T17:00:00Z,42.95278285,43.22159777,42.88557912,43.19279617,315815.81213526
2021-06-15T18:00:00Z,43.2023967,43.21199723,43.03918765,43.10639137,277901.24893696
2021-06-15T19:00:00Z,43.10639137,43.25039936,43.06798924,43.21199723,193843.41239568
2021-06-16T13:00:00Z,43.43280948,43.55761641,42.91438072,42.93358179,222591.81745813
2021-06-16T14:00:00Z,42.92398125,43.46161108,42.92398125,43.45201055,595696.11794246
2021-06-16T15:00:00Z,43.45201055,43.84563238,43.41360842,43.69202386,228633.14895676
2021-06-16T16:00:00Z,43.69202386,44.469667,43.65362173,44.45046594,536845.21627477
2021-06-16T17:00:00Z,44.45046594,44.4984686,43.91283611,44.27765635,980049.79432079
2021-06-16T18:00:00Z,44.27765635,44.28725688,43.47121161,43.98003984,1055774.75982947
2021-06-16T19:00:00Z,43.98964037,44.23925422,43.80723025,43.91283611,829537.31129458
2021-06-17T13:00:00Z,44.01844197,44.93049257,43.98003984,44.10484676,668400.41770183
2021-06-17T14:00:00Z,44.10484676,44.24885475,43.6728228,43.79762972,413206.24232868
2021-06-17T15:00:00Z,43.80723025,43.85523292,43.34640469,43.38480682,311961.85928268
2021-06-17T16:00:00Z,43.37520629,43.6152196,43.2311983,43.51921428,223529.26544929
2021-06-17T17:00:00Z,43.53841534,43.65362173,43.2311983,43.41360842,268005.96458576
2021-06-17T18:00:00Z,43.42320895,43.52881481,43.00078552,43.04878818,343105.964767
2021-06-17T19:00:00Z,43.04878818,43.29840203,42.99118498,43.01038605,285400.83286629
2021-06-18T13:00:00Z,43.05838871,43.1447935,42.29994664,42.48235676,629548.40651236
2021-06-18T14:00:00Z,42.49195729,42.61676421,42.27114504,42.53995995,236757.69821353
2021-06-18T15:00:00Z,42.53995995,42.67436741,42.41515303,42.57836208,159470.31938624
2021-06-18T16:00:00Z,42.58796261,42.62636474,42.3479493,42.41515303,123951.45660981
2021-06-18T17:00:00Z,42.41515303,42.55916102,42.3191477,42.53035942,224154.23077674
2021-06-18T18:00:00Z,42.53035942,42.84717699,42.53035942,42.60716368,374041.7484755
2021-06-18T19:00:00Z,42.60716368,42.71276954,42.16553918,42.33834877,652151.31918827
2021-06-21T13:00:00Z,42.00233013,42.39595196,41.74311574,42.03113172,573405.68793027
2021-06-21T14:00:00Z,42.00233013,42.49195729,41.96392799,42.27114504,515804.71691748
2021-06-21T15:00:00Z,42.26154451,42.38635143,42.12713705,42.30954717,562468.79469999
2021-06-21T16:00:00Z,42.28074557,42.38635143,42.03113172,42.15593865,229778.91872374
2021-06-21T17:00:00Z,42.13673758,42.15593865,41.81992001,41.97352853,477994.31460709
2021-06-21T18:00:00Z,41.96392799,42.27114504,41.95432746,42.18474024,276859.64005789
2021-06-21T19:00:00Z,42.18474024,42.23274291,42.04073226,42.13673758,428309.57107525
2021-06-22T13:00:00Z,41.59910776,41.94472693,41.37829551,41.58950722,514346.46448677
2021-06-22T14:00:00Z,41.59910776,41.9063248,41.56070563,41.72391468,431434.39771248
2021-06-22T15:00:00Z,41.70471361,42.23274291,41.62790935,42.16553918,277901.24893696
2021-06-22T16:00:00Z,42.16553918,42.22314237,41.97352853,42.19434078,290817.19903748
2021-06-22T17:00:00Z,42.19434078,42.24234344,41.79111841,41.8487216,315399.16858363
2021-06-22T18:00:00Z,41.8487216,41.9063248,41.60870829,41.66631148,258319.00201037
2021-06-22T19:00:00Z,41.69511308,42.17513971,41.69511308,42.00233013,482056.58923548
2021-06-23T13:00:00Z,41.76231681,42.47275622,41.71431415,42.42475356,233216.22802468
2021-06-23T14:00:00Z,42.43435409,42.57836208,42.19434078,42.30954717,157387.10162809
2021-06-23T15:00:00Z,42.2903461,42.43435409,41.99272959,42.02153119,209259.22380598
2021-06-23T16:00:00Z,41.99272959,42.01193066,41.48390136,41.57030616,265089.45972435
2021-06-23T17:00:00Z,41.57030616,41.70471361,41.56070563,41.63750989,327794.31424461
2021-06-23T18:00:00Z,41.64711042,41.68551255,41.42629817,41.59910776,206446.87983248
2021-06-23T19:00:00Z,41.60870829,41.76231681,41.45509977,41.47430083,223529.26544929
2021-06-24T13:00:00Z,41.77191734,42.01193066,41.47430083,41.56070563,391436.61675603
2021-06-24T14:00:00Z,41.57030616,41.63750989,41.07107846,41.26308911,524137.58795007
2021-06-24T15:00:00Z,41.27268965,41.4647003,41.18628485,41.45509977,179781.69252818
2021-06-24T16:00:00Z,41.45509977,41.53190403,41.29189071,41.45509977,196864.078145
2021-06-24T17:00:00Z,41.45509977,41.60870829,41.31109178,41.33029284,213321.49843437
2021-06-24T18:00:00Z,41.33029284,41.44549923,41.17668432,41.24388805,348834.8136019
2021-06-24T19:00:00Z,41.23428752,41.39749657,41.12868166,41.37829551,351542.9966875
2021-06-25T13:00:00Z,41.39749657,41.64711042,41.21508645,41.28229018,172386.26948676
2021-06-25T14:00:00Z,41.27268965,41.36869497,40.93667101,40.9654726,240819.97284192
2021-06-25T15:00:00Z,40.95587207,41.00387473,40.76386142,40.95587207,208738.41936644
2021-06-25T16:00:00Z,40.94627154,40.95587207,40.72545929,40.80226355,157803.74517972
2021-06-25T17:00:00Z,40.81186408,40.82146462,40.40864171,40.59105183,364042.30323639
2021-06-25T18:00:00Z,40.59105183,40.6390545,40.07262307,40.08222361,465599.16894611
2021-06-25T19:00:00Z,40.10142467,40.5238481,40.02462041,40.41824225,532157.97631894
2021-06-28T13:00:00Z,40.37984012,40.5814513,39.85181082,39.98621828,420289.18270638
2021-06-28T14:00:00Z,39.97661775,39.99581881,39.47739005,39.62139804,414872.8165352
2021-06-28T15:00:00Z,39.63099857,39.84221029,39.52539271,39.81340869,511742.44228909
2021-06-28T16:00:00Z,39.79420763,39.99581881,39.74620496,39.98621828,189364.49421566
2021-06-28T17:00:00Z,39.97661775,40.1686284,39.82300922,40.05342201,227487.37918978
2021-06-28T18:00:00Z,40.05342201,40.18782946,39.87101189,40.1686284,204988.62740178
2021-06-28T19:00:00Z,40.1686284,40.28383479,39.93821562,40.00541934,421851.596025
2021-06-29T13:00:00Z,40.07262307,40.19743,39.45818899,39.47739005,289879.75104631
2021-06-29T14:00:00Z,39.45818899,39.81340869,39.43898792,39.80380816,232903.74536096
2021-06-29T15:00:00Z,39.83260976,40.01501988,39.7270039,39.92861508,199572.26123059
2021-06-29T16:00:00Z,39.92861508,39.98621828,39.67900124,39.7270039,162803.46779928
2021-06-29T17:00:00Z,39.73660443,39.81340869,39.58299591,39.64059911,191343.55108591
2021-06-29T18:00:00Z,39.63099857,39.71740337,39.55419431,39.67900124,170094.72995279
2021-06-29T19:00:00Z,39.67900124,39.77500656,39.62139804,39.67900124,238736.75508378
2021-06-30T13:00:00Z,39.50619165,39.78460709,39.39098526,39.48699058,211967.40689157
2021-06-30T14:00:00Z,39.49659112,39.64059911,39.11256981,39.17977354,309982.80241244
2021-06-30T15:00:00Z,39.17977354,39.52539271,39.09336875,39.40058579,251652.70518429
2021-06-30T16:00:00Z,39.40058579,39.56379484,39.36218366,39.49659112,113431.20693117
2021-06-30T17:00:00Z,39.50619165,39.50619165,39.23737674,39.40058579,188635.36800031
2021-06-30T18:00:00Z,39.37178419,39.40058579,39.05496662,39.09336875,290608.87726166
2021-06-30T19:00:00Z,39.09336875,39.18937407,38.99736342,39.00696395,358313.45440148
2021-07-01T13:00:00Z,38.98776289,39.16057248,38.60374158,38.75735011,336439.66794092
2021-07-01T14:00:00Z,38.75735011,38.83415437,38.38292933,38.59414105,236341.0546619
2021-07-01T15:00:00Z,38.59414105,38.86295596,38.430932,38.8437549,376749.93156109
2021-07-01T16:00:00Z,38.83415437,38.92055916,38.66134478,38.70934744,160095.28471368
2021-07-01T17:00:00Z,38.70934744,38.74774957,38.45013306,38.50773626,299045.90918216
2021-07-01T18:00:00Z,38.51733679,38.62294265,38.41173093,38.46933413,515596.39514166
2021-07-01T19:00:00Z,38.49813573,38.92055916,38.46933413,38.8437549,478306.79727081
2021-07-02T13:00:00Z,39.36218366,39.39098526,38.83415437,39.02616502,281130.23646209
2021-07-02T14:00:00Z,39.01656449,39.08376821,38.76695064,38.85335543,249881.97008987
2021-07-02T15:00:00Z,38.86295596,38.93976023,38.62294265,38.67094531,186135.50669054
2021-07-02T16:00:00Z,38.67094531,38.75735011,38.57493999,38.67094531,193635.09061987
2021-07-02T17:00:00Z,38.66134478,38.83415437,38.66134478,38.7861517,197697.36524826
2021-07-02T18:00:00Z,38.77655117,39.12217035,38.73814904,38.93976023,713814.56482946
2021-07-02T19:00:00Z,38.94936076,39.314181,38.8437549,39.2853794,725584.74516299
2021-07-05T13:00:00Z,39.29497993,39.29497993,38.86295596,38.95896129,155824.68830948
2021-07-05T14:00:00Z,38.95896129,39.07416768,38.80535277,38.86295596,86245.21518733
2021-07-05T15:00:00Z,38.88215703,39.17017301,38.77655117,38.93976023,616424.13463603
2021-07-05T16:00:00Z,38.92055916,39.11256981,38.91095863,39.06456715,43226.76848157
2021-07-05T17:00:00Z,39.06456715,39.08376821,38.8725565,38.8725565,75204.16106915
2021-07-05T18:00:00Z,38.88215703,39.03576555,38.75735011,38.88215703,85620.24985989
2021-07-05T19:00:00Z,38.91095863,39.03576555,38.86295596,38.98776289,95411.37332318
2021-07-06T13:00:00Z,38.69974691,38.8725565,38.430932,38.63254318,1024943.13700888
2021-07-06T14:00:00Z,38.62294265,38.64214372,38.31572561,38.4597336,303004.02292265
2021-07-06T15:00:00Z,38.48853519,38.82455383,38.45013306,38.69974691,157282.94074018
2021-07-06T16:00:00Z,38.68054585,38.72854851,38.45013306,38.50773626,131451.04053915
2021-07-06T17:00:00Z,38.51733679,38.63254318,38.41173093,38.430932,125513.86992842
2021-07-06T18:00:00Z,38.45013306,38.49813573,38.23892135,38.3733288,277797.08804905
2021-07-06T19:00:00Z,38.36372827,38.4021304,38.22932081,38.23892135,225195.83965581
2021-07-07T13:00:00Z,38.32532614,38.51733679,38.18131815,38.30612507,252173.50962383
2021-07-07T14:00:00Z,38.33492667,38.38292933,38.14291602,38.33492667,164470.04200579
2021-07-07T15:00:00Z,38.32532614,38.50773626,38.27732348,38.41173093,171240.49971978
2021-07-07T16:00:00Z,38.39252987,38.59414105,38.27732348,38.51733679,140513.03778709
2021-07-07T17:00:00Z,38.53653786,38.69974691,38.430932,38.68054585,210404.99357296
2021-07-07T18:00:00Z,38.69014638,38.74774957,38.57493999,38.64214372,285817.47641792
2021-07-07T19:00:00Z,38.63254318,38.69974691,38.47893466,38.49813573,203842.85763479
2021-07-08T13:00:00Z,37.92210377,38.25812241,37.74929418,37.9605059,349043.13537772
2021-07-08T14:00:00Z,37.97010643,38.04691069,37.65328886,37.9893075,477890.15371918
2021-07-08T15:00:00Z,38.00850856,38.36372827,37.97010643,38.28692401,126451.31791959
2021-07-08T16:00:00Z,38.26772294,38.26772294,38.00850856,38.16211709,86245.21518733
2021-07-08T17:00:00Z,38.17171762,38.20051922,37.91250324,37.97010643,170928.01705605
2021-07-08T18:00:00Z,37.97970697,37.9893075,37.68209046,37.9605059,206342.71894457
2021-07-08T19:00:00Z,37.9317043,38.27732348,37.86450057,38.14291602,557573.23296835
2021-07-12T13:00:00Z,38.35412774,39.09336875,38.30612507,38.94936076,540907.49090316
2021-07-12T14:00:00Z,38.93976023,39.03576555,38.76695064,38.88215703,468307.3520317
2021-07-12T15:00:00Z,38.88215703,39.27577887,38.8149533,39.23737674,680274.75892327
2021-07-12T16:00:00Z,39.23737674,39.68860177,39.18937407,39.62139804,679649.79359583
2021-07-12T17:00:00Z,39.63099857,40.06302254,39.59259644,39.92861508,712668.79506247
2021-07-12T18:00:00Z,39.94781615,39.95741668,39.71740337,39.7270039,384978.64170577
2021-07-12T19:00:00Z,39.74620496,39.74620496,39.54459378,39.57339538,414664.49475938
2021-07-13T13:00:00Z,39.47739005,39.54459378,39.17017301,39.27577887,310816.0895157
2021-07-13T14:00:00Z,39.27577887,39.41978686,39.07416768,39.2565778,488514.56428574
2021-07-13T15:00:00Z,39.23737674,39.57339538,39.18937407,39.54459378,554552.56721903
2021-07-13T16:00:00Z,39.54459378,39.61179751,39.43898792,39.48699058,152387.37900854
2021-07-13T17:00:00Z,39.48699058,39.92861508,39.48699058,39.86141136,246236.33901311
2021-07-13T18:00:00Z,39.87101189,39.93821562,39.71740337,39.81340869,293525.38212307
2021-07-13T19:00:00Z,39.82300922,39.89981349,39.55419431,39.64059911,654026.2151706
2021-07-14T13:00:00Z,40.13022627,40.83106515,39.86141136,40.48544597,714752.01282062
2021-07-14T14:00:00Z,40.45664438,40.50464704,39.80380816,39.81340869,388415.95100672
2021-07-14T15:00:00Z,39.78460709,39.87101189,39.52539271,39.7270039,232799.58447305
2021-07-14T16:00:00Z,39.71740337,39.93821562,39.70780283,39.73660443,165511.65088487
2021-07-14T17:00:00Z,39.74620496,39.92861508,39.61179751,39.78460709,208009.29315109
2021-07-14T18:00:00Z,39.78460709,39.93821562,39.6982023,39.90941402,277276.28360952
2021-07-14T19:00:00Z,39.91901455,39.91901455,39.62139804,39.68860177,210404.99357296
2021-07-15T13:00:00Z,39.62139804,39.89021295,39.40058579,39.52539271,266547.71215505
2021-07-15T14:00:00Z,39.52539271,39.64059911,39.41978686,39.51579218,260506.38065642
2021-07-15T15:00:00Z,39.53499325,39.53499325,39.04536608,39.11256981,195509.9866022
2021-07-15T16:00:00Z,39.08376821,39.13177088,38.94936076,39.02616502,238632.59419587
2021-07-15T17:00:00Z,39.01656449,39.02616502,38.82455383,38.82455383,222279.33479441
2021-07-15T18:00:00Z,38.82455383,39.01656449,38.74774957,38.99736342,279776.14491929
2021-07-15T19:00:00Z,38.98776289,39.23737674,38.96856182,39.08376821,398936.20068537
2021-07-16T13:00:00Z,39.21817567,39.38138473,38.98776289,39.10296928,235507.76755865
2021-07-16T14:00:00Z,39.10296928,39.32378153,38.92055916,39.06456715,322377.94807342
2021-07-16T15:00:00Z,39.07416768,39.10296928,38.93015969,38.96856182,96452.98220226
2021-07-16T16:00:00Z,38.95896129,38.96856182,38.8149533,38.83415437,127805.40946239
2021-07-16T17:00:00Z,38.83415437,38.9013581,38.70934744,38.73814904,123118.16950655
2021-07-16T18:00:00Z,38.71894798,38.73814904,38.4597336,38.50773626,171657.14327141
2021-07-16T19:00:00Z,38.49813573,38.53653786,38.25812241,38.33492667,332585.71508835
2021-07-19T13:00:00Z,37.86450057,38.28692401,37.78769631,38.09491336,396332.17848768
2021-07-19T14:00:00Z,38.07571229,38.28692401,37.95090537,38.08531282,191656.03374963
2021-07-19T15:00:00Z,38.08531282,38.30612507,38.05651123,38.22932081,124576.42193726
2021-07-19T16:00:00Z,38.21972028,38.22932081,37.94130484,38.00850856,91974.06402224
2021-07-19T17:00:00Z,38.00850856,38.07571229,37.83569898,37.91250324,141033.84222663
2021-07-19T18:00:00Z,37.91250324,38.11411442,37.87410111,37.91250324,194572.53861103
2021-07-19T19:00:00Z,37.91250324,38.18131815,37.87410111,38.02770963,403623.4406412
2021-07-20T13:00:00Z,38.14291602,38.3445272,37.85490004,38.28692401,188427.0462245
2021-07-20T14:00:00Z,38.27732348,38.30612507,38.05651123,38.09491336,241236.61639355
2021-07-20T15:00:00Z,38.09491336,38.22932081,38.02770963,38.16211709,769957.28341155
2021-07-20T16:00:00Z,38.16211709,38.28692401,38.02770963,38.21972028,388520.11189463
2021-07-20T17:00:00Z,38.24852188,38.25812241,38.07571229,38.20051922,159886.96293787
2021-07-20T18:00:00Z,38.20051922,38.62294265,38.20051922,38.57493999,301233.28782822
2021-07-20T19:00:00Z,38.57493999,38.66134478,38.46933413,38.55573892,232278.78003352
2021-07-21T13:00:00Z,38.58454052,39.26617833,38.45013306,39.13177088,332481.55420044
2021-07-21T14:00:00Z,39.12217035,39.17017301,38.7861517,38.9013581,185823.02402681
2021-07-21T15:00:00Z,38.91095863,39.14137141,38.91095863,39.09336875,129263.66189309
2021-07-21T16:00:00Z,39.08376821,39.17977354,38.95896129,39.04536608,122805.68684283
2021-07-21T17:00:00Z,39.01656449,39.13177088,38.91095863,38.98776289,134575.86717637
2021-07-21T18:00:00Z,38.96856182,39.13177088,38.93976023,39.12217035,161032.73270485
2021-07-21T19:00:00Z,39.12217035,39.23737674,38.96856182,38.97816236,288733.98127933
2021-07-22T13:00:00Z,39.32378153,39.32378153,38.72854851,38.82455383,315607.49035944
2021-07-22T14:00:00Z,38.80535277,38.83415437,38.60374158,38.68054585,210925.7980125
2021-07-22T15:00:00Z,38.68054585,38.68054585,38.45013306,38.59414105,130409.43166007
2021-07-22T16:00:00Z,38.57493999,38.83415437,38.55573892,38.58454052,161136.89359276
2021-07-22T17:00:00Z,38.59414105,38.66134478,38.46933413,38.65174425,176448.54411515
2021-07-22T18:00:00Z,38.64214372,38.75735011,38.54613839,38.57493999,208634.25847853
2021-07-22T19:00:00Z,38.59414105,38.63254318,38.50773626,38.56533945,240507.4901782
2021-07-23T13:00:00Z,38.48853519,38.91095863,38.48853519,38.63254318,297171.01319983
2021-07-23T14:00:00Z,38.63254318,38.74774957,38.54613839,38.58454052,145825.24307037
2021-07-23T15:00:00Z,38.59414105,38.72854851,38.33492667,38.4021304,171552.9823835
2021-07-23T16:00:00Z,38.3733288,38.4597336,38.21011975,38.23892135,72391.81709565
2021-07-23T17:00:00Z,38.23892135,38.39252987,38.19091868,38.33492667,98327.87818459
2021-07-23T18:00:00Z,38.3445272,38.3733288,38.06611176,38.27732348,181448.2667347
2021-07-23T19:00:00Z,38.27732348,38.68054585,38.16211709,38.25812241,129680.30544472
2021-07-26T13:00:00Z,38.35412774,39.40058579,38.27732348,39.40058579,428622.05373898
2021-07-26T14:00:00Z,39.40058579,39.64059911,39.26617833,39.42938739,303212.34469846
2021-07-26T15:00:00Z,39.42938739,39.57339538,39.37178419,39.41978686,159261.99761042
2021-07-26T16:00:00Z,39.41978686,39.41978686,39.2277762,39.27577887,113535.36781907
2021-07-26T17:00:00Z,39.27577887,39.36218366,39.12217035,39.24697727,166761.58153976
2021-07-26T18:00:00Z,39.24697727,39.314181,39.08376821,39.11256981,159991.12382578
2021-07-26T19:00:00Z,39.11256981,39.27577887,39.10296928,39.19897461,160095.28471368
2021-07-27T13:00:00Z,38.93015969,39.2565778,38.77655117,39.04536608,322898.75251296
2021-07-27T14:00:00Z,39.05496662,39.35258313,38.88215703,39.34298259,203530.37497107
2021-07-27T15:00:00Z,39.35258313,39.62139804,39.23737674,39.32378153,267485.16014622
2021-07-27T16:00:00Z,39.314181,39.314181,38.98776289,39.06456715,103223.43991624
2021-07-27T17:00:00Z,39.05496662,39.23737674,39.03576555,39.16057248,146033.56484618
2021-07-27T18:00:00Z,39.14137141,39.34298259,39.14137141,39.30458046,216238.00329578
2021-07-27T19:00:00Z,39.2853794,39.42938739,39.27577887,39.42938739,253319.27939081
2021-07-28T13:00:00Z,39.70780283,40.33183745,39.62139804,40.15902787,1364403.47069912
2021-07-28T14:00:00Z,40.1398268,40.17822893,38.64214372,38.8725565,1474189.04655352
2021-07-28T15:00:00Z,38.8725565,39.73660443,38.86295596,39.7270039,1598973.79026659
2021-07-28T16:00:00Z,39.73660443,39.89021295,39.62139804,39.79420763,332585.71508835
2021-07-28T17:00:00Z,39.80380816,39.93821562,39.59259644,39.82300922,418622.60849987
2021-07-28T18:00:00Z,39.80380816,40.21663106,39.6982023,39.96701721,602049.93210481
2021-07-28T19:00:00Z,39.96701721,40.03422094,39.79420763,40.02462041,750479.19737286
2021-07-29T13:00:00Z,39.96701721,40.13022627,39.37178419,39.38138473,296754.3696482
2021-07-29T14:00:00Z,39.38138473,39.63099857,39.17977354,39.48699058,516533.84313283
2021-07-29T15:00:00Z,39.48699058,39.83260976,39.41018632,39.74620496,2974209.99330808
2021-07-29T16:00:00Z,39.74620496,39.82300922,39.53499325,39.64059911,2279873.51451731
2021-07-29T17:00:00Z,39.65019964,39.73660443,39.51579218,39.56379484,145304.43863083
2021-07-29T18:00:00Z,39.56379484,39.76540603,39.42938739,39.63099857,346959.91761957
2021-07-29T19:00:00Z,39.63099857,39.67900124,39.44858845,39.56379484,247590.4305559
2021-07-30T13:00:00Z,39.12217035,39.79420763,39.11256981,39.60219698,405290.01484772
2021-07-30T14:00:00Z,39.60219698,39.62139804,38.89175756,39.11256981,456120.52814653
2021-07-30T15:00:00Z,39.11256981,39.38138473,39.02616502,39.21817567,317794.8690055
2021-07-30T16:00:00Z,39.20857514,39.30458046,39.07416768,39.11256981,193114.28618033
2021-07-30T17:00:00Z,39.11256981,39.23737674,38.91095863,39.23737674,253110.957615
2021-07-30T18:00:00Z,39.2277762,39.24697727,38.82455383,38.96856182,363417.33790894
2021-07-30T19:00:00Z,38.95896129,39.11256981,38.82455383,38.8437549,400290.29222816
2021-08-02T13:00:00Z,39.46778952,40.08222361,39.33338206,40.07262307,379666.4364225
2021-08-02T14:00:00Z,40.08222361,40.15902787,39.60219698,39.6694007,392999.03007464
2021-08-02T15:00:00Z,39.6694007,39.83260976,39.41018632,39.41978686,283421.77599605
2021-08-02T16:00:00Z,39.42938739,39.65019964,39.29497993,39.52539271,218008.7383902
2021-08-02T17:00:00Z,39.51579218,39.68860177,39.47739005,39.59259644,149366.71325922
2021-08-02T18:00:00Z,39.60219698,39.63099857,39.18937407,39.20857514,549865.3272632
2021-08-02T19:00:00Z,39.17977354,39.32378153,38.94936076,39.04536608,613195.1471109
2021-08-03T13:00:00Z,39.09336875,39.46778952,38.52693732,38.57493999,330294.17555439
2021-08-03T14:00:00Z,38.65174425,38.74774957,38.39252987,38.61334212,284775.86753885
2021-08-03T15:00:00Z,38.63254318,38.96856182,38.62294265,38.93976023,247590.4305559
2021-08-03T16:00:00Z,38.92055916,39.15097194,38.8437549,39.08376821,190406.10309474
2021-08-03T17:00:00Z,39.10296928,39.21817567,38.94936076,38.95896129,162178.50247183
2021-08-03T18:00:00Z,38.94936076,39.17017301,38.86295596,38.88215703,669546.18746881
2021-08-03T19:00:00Z,38.9013581,39.27577887,38.8725565,39.23737674,1242118.58829582
2021-08-04T13:00:00Z,38.83415437,39.19897461,38.69974691,38.93976023,332377.39331253
2021-08-04T14:00:00Z,38.92055916,38.92055916,38.52693732,38.71894798,343835.09098235
2021-08-04T15:00:00Z,38.69974691,38.71894798,38.4021304,38.4597336,449662.55309627
2021-08-04T16:00:00Z,38.44053253,38.58454052,38.41173093,38.52693732,218217.06016602
2021-08-04T17:00:00Z,38.52693732,38.88215703,38.52693732,38.86295596,406123.30195098
2021-08-04T18:00:00Z,38.8725565,38.93976023,38.64214372,38.77655117,313940.91615292
2021-08-04T19:00:00Z,38.76695064,38.8149533,38.65174425,38.77655117,294358.66922633
2021-08-05T13:00:00Z,38.31572561,38.52693732,37.66288939,37.75889472,740167.26947003
2021-08-05T14:00:00Z,37.75889472,38.32532614,37.75889472,38.11411442,743500.41788307
2021-08-05T15:00:00Z,38.11411442,38.16211709,37.78769631,38.00850856,827558.25442434
2021-08-05T16:00:00Z,38.03731016,38.05651123,37.77809578,37.97010643,249048.68298661
2021-08-05T17:00:00Z,37.99890803,38.11411442,37.83569898,38.06611176,371021.08272618
2021-08-05T18:00:00Z,38.08531282,38.09491336,37.74929418,37.9029027,315919.97302316
2021-08-05T19:00:00Z,37.91250324,37.9317043,37.77809578,37.87410111,273943.13519648
2021-08-06T13:00:00Z,37.94130484,38.42133147,37.87410111,38.38292933,409873.09391564
2021-08-06T14:00:00Z,38.3733288,38.93015969,38.25812241,38.86295596,636214.70333844
2021-08-06T15:00:00Z,38.86295596,39.314181,38.7861517,39.2277762,638506.2428724
2021-08-06T16:00:00Z,39.2565778,39.26617833,38.93015969,38.96856182,486431.34652759
2021-08-06T17:00:00Z,38.97816236,39.24697727,38.96856182,39.10296928,315711.65124735
2021-08-06T18:00:00Z,39.11256981,39.30458046,39.10296928,39.2565778,385186.96348159
2021-08-06T19:00:00Z,39.2565778,39.29497993,39.05496662,39.10296928,436850.76388366
2021-08-09T13:00:00Z,39.15097194,39.55419431,39.09336875,39.44858845,328315.11868414
2021-08-09T14:00:00Z,39.43898792,39.48699058,38.97816236,39.06456715,209259.22380598
2021-08-09T15:00:00Z,39.05496662,39.41018632,38.99736342,39.29497993,172802.91303839
2021-08-09T16:00:00Z,39.30458046,39.36218366,39.15097194,39.314181,97182.10841761
2021-08-09T17:00:00Z,39.30458046,39.43898792,39.26617833,39.2853794,136346.60227079
2021-08-09T18:00:00Z,39.2853794,39.36218366,39.21817567,39.2277762,113743.68959489
2021-08-09T19:00:00Z,39.2277762,39.29497993,39.08376821,39.13177088,189052.01155194
2021-08-10T13:00:00Z,39.08376821,39.29497993,38.59414105,38.66134478,301754.09226776
2021-08-10T14:00:00Z,38.65174425,38.76695064,38.35412774,38.74774957,636735.50777797
2021-08-10T15:00:00Z,38.75735011,38.93015969,38.67094531,38.82455383,250923.57896894
2021-08-10T16:00:00Z,38.83415437,38.93015969,38.75735011,38.85335543,103431.76169205
2021-08-10T17:00:00Z,38.85335543,38.88215703,38.67094531,38.71894798,126867.96147122
2021-08-10T18:00:00Z,38.72854851,38.7861517,38.53653786,38.56533945,133013.45385776
2021-08-10T19:00:00Z,38.59414105,38.64214372,38.31572561,38.44053253,362479.88991777
2021-08-11T13:00:00Z,38.3445272,38.4597336,37.97970697,38.19091868,282276.00622907
2021-08-11T14:00:00Z,38.18131815,38.35412774,37.95090537,38.33492667,201863.80076455
2021-08-11T15:00:00Z,38.3445272,38.77655117,38.24852188,38.76695064,297171.01319983
2021-08-11T16:00:00Z,38.77655117,39.04536608,38.73814904,39.00696395,199572.26123059
2021-08-11T17:00:00Z,39.02616502,39.06456715,38.80535277,38.82455383,229362.27517211
2021-08-11T18:00:00Z,38.82455383,38.85335543,38.66134478,38.68054585,705898.33734849
2021-08-11T19:00:00Z,38.69014638,38.72854851,38.4597336,38.4597336,641631.06950962
2021-08-12T13:00:00Z,38.4021304,38.72854851,38.30612507,38.48853519,347064.07850748
2021-08-12T14:00:00Z,38.46933413,38.50773626,38.03731016,38.14291602,227070.73563815
2021-08-12T15:00:00Z,38.15251655,38.44053253,38.06611176,38.4021304,229883.07961165
2021-08-12T16:00:00Z,38.4021304,38.73814904,38.36372827,38.63254318,154574.75765459
2021-08-12T17:00:00Z,38.61334212,38.72854851,38.61334212,38.64214372,322690.43073714
2021-08-12T18:00:00Z,38.63254318,38.68054585,38.36372827,38.4597336,175823.5787877
2021-08-12T19:00:00Z,38.4597336,38.52693732,38.21011975,38.21011975,216967.12951113
2021-08-13T13:00:00Z,38.42133147,38.56533945,38.16211709,38.25812241,179052.56631283
2021-08-13T14:00:00Z,38.25812241,38.41173093,38.00850856,38.35412774,321128.01741853
2021-08-13T15:00:00Z,38.36372827,38.66134478,38.3445272,38.58454052,230091.40138746
2021-08-13T16:00:00Z,38.59414105,38.7861517,38.56533945,38.73814904,231966.29736979
2021-08-13T17:00:00Z,38.75735011,38.85335543,38.67094531,38.69014638,236966.01998935
2021-08-13T18:00:00Z,38.68054585,39.00696395,38.60374158,38.97816236,392374.0647472
2021-08-13T19:00:00Z,38.96856182,39.14137141,38.8725565,39.01656449,470390.56978985
2021-08-16T13:00:00Z,39.15097194,39.67900124,38.97816236,39.19897461,437267.40743529
2021-08-16T14:00:00Z,39.17017301,39.38138473,39.03576555,39.24697727,405602.49751144
2021-08-16T15:00:00Z,39.27577887,39.38138473,39.03576555,39.20857514,352376.28379076
2021-08-16T16:00:00Z,39.18937407,39.21817567,38.82455383,38.89175756,216967.12951113
2021-08-16T17:00:00Z,38.91095863,39.05496662,38.7861517,38.91095863,200926.35277339
2021-08-16T18:00:00Z,38.91095863,39.04536608,38.8437549,38.96856182,176240.22233933
2021-08-16T19:00:00Z,38.95896129,39.12217035,38.8437549,38.95896129,509242.58097931
2021-08-17T13:00:00Z,38.96856182,39.09336875,38.55573892,38.8725565,446121.08290742
2021-08-17T14:00:00Z,38.8725565,39.38138473,38.83415437,39.05496662,505076.14546301
2021-08-17T15:00:00Z,39.06456715,39.32378153,38.73814904,38.79575224,340606.10345722
2021-08-17T16:00:00Z,38.82455383,38.8725565,38.35412774,38.3733288,282484.32800489
2021-08-17T17:00:00Z,38.36372827,38.66134478,38.3445272,38.46933413,328419.27957205
2021-08-17T18:00:00Z,38.47893466,38.71894798,38.45013306,38.68054585,336752.15060464
2021-08-17T19:00:00Z,38.65174425,38.7861517,38.49813573,38.75735011,389770.04254951
2021-08-18T13:00:00Z,38.88215703,39.08376821,38.50773626,39.05496662,334981.41551022
2021-08-18T14:00:00Z,39.07416768,39.15097194,38.70934744,38.96856182,293317.06034726
2021-08-18T15:00:00Z,38.99736342,39.08376821,38.8149533,38.86295596,284671.70665094
2021-08-18T16:00:00Z,38.8725565,38.99736342,38.68054585,38.96856182,132180.1667545
2021-08-18T17:00:00Z,38.98776289,39.30458046,38.94936076,39.10296928,262381.27663876
2021-08-18T18:00:00Z,39.12217035,39.19897461,38.77655117,38.79575224,302170.73581939
2021-08-18T19:00:00Z,38.80535277,38.94936076,38.430932,38.59414105,393103.19096255
2021-08-19T13:00:00Z,38.16211709,38.89175756,38.03731016,38.79575224,376749.93156109
2021-08-19T14:00:00Z,38.8149533,38.8437549,38.13331549,38.28692401,381124.6888532
2021-08-19T15:00:00Z,38.29652454,38.38292933,38.08531282,38.3445272,223945.90900092
2021-08-19T16:00:00Z,38.32532614,38.52693732,38.24852188,38.46933413,168428.15574628
2021-08-19T17:00:00Z,38.47893466,38.68054585,38.3445272,38.57493999,151345.77012946
2021-08-19T18:00:00Z,38.55573892,38.75735011,38.52693732,38.72854851,217175.45128694
2021-08-19T19:00:00Z,38.73814904,38.82455383,38.46933413,38.61334212,229466.43606002
2021-08-20T13:00:00Z,38.29652454,38.83415437,38.11411442,38.30612507,311232.73306733
2021-08-20T14:00:00Z,38.30612507,38.3733288,38.14291602,38.33492667,241444.93816937
2021-08-20T15:00:00Z,38.33492667,38.50773626,38.19091868,38.39252987,213529.82021018
2021-08-20T16:00:00Z,38.38292933,38.61334212,38.36372827,38.52693732,109368.93230278
2021-08-20T17:00:00Z,38.51733679,38.62294265,38.41173093,38.62294265,114368.65492233
2021-08-20T18:00:00Z,38.61334212,38.74774957,38.60374158,38.73814904,195509.9866022
2021-08-20T19:00:00Z,38.75735011,38.8149533,38.60374158,38.69014638,283838.41954768
2021-08-23T13:00:00Z,38.4597336,38.7861517,38.45013306,38.69974691,253006.79672709
2021-08-23T14:00:00Z,38.69974691,38.80535277,38.44053253,38.70934744,283317.61510815
2021-08-23T15:00:00Z,38.71894798,38.74774957,38.51733679,38.58454052,224258.39166465
2021-08-23T16:00:00Z,38.59414105,38.93976023,38.54613839,38.93976023,184573.09337192
2021-08-23T17:00:00Z,38.93976023,39.10296928,38.8725565,39.01656449,184885.57603565
2021-08-23T18:00:00Z,38.98776289,39.13177088,38.93976023,39.08376821,187385.43734542
2021-08-23T19:00:00Z,39.07416768,39.17017301,38.98776289,39.12217035,367167.12987361
2021-08-24T13:00:00Z,39.27577887,40.00541934,39.17977354,39.80380816,383937.0328267
2021-08-24T14:00:00Z,39.81340869,40.00541934,39.6694007,39.68860177,336856.31149255
2021-08-24T15:00:00Z,39.68860177,39.96701721,39.63099857,39.80380816,154470.59676668
2021-08-24T16:00:00Z,39.81340869,39.87101189,39.55419431,39.65980017,162282.66335974
2021-08-24T17:00:00Z,39.65019964,39.74620496,39.41978686,39.46778952,263110.40285411
2021-08-24T18:00:00Z,39.46778952,39.82300922,39.46778952,39.76540603,214571.42908926
2021-08-24T19:00:00Z,39.76540603,39.78460709,39.50619165,39.50619165,167907.35130674
2021-08-25T13:00:00Z,39.65980017,39.71740337,39.314181,39.54459378,225300.00054372
2021-08-25T14:00:00Z,39.53499325,39.68860177,39.33338206,39.33338206,210404.99357296
2021-08-25T15:00:00Z,39.35258313,39.54459378,39.24697727,39.35258313,163428.43312672
2021-08-25T16:00:00Z,39.36218366,39.38138473,39.27577887,39.36218366,97911.23463296
2021-08-25T17:00:00Z,39.33338206,39.53499325,39.2853794,39.50619165,114056.17225861
2021-08-25T18:00:00Z,39.50619165,39.80380816,39.47739005,39.7270039,268005.96458576
2021-08-25T19:00:00Z,39.74620496,39.92861508,39.6982023,39.79420763,230820.52760281
2021-08-26T13:00:00Z,39.6982023,40.19743,39.49659112,39.81340869,334564.77195859
2021-08-26T14:00:00Z,39.81340869,40.08222361,39.7270039,39.93821562,282380.16711698
2021-08-26T15:00:00Z,39.93821562,39.94781615,39.64059911,39.85181082,152074.89634481
2021-08-26T16:00:00Z,39.86141136,39.95741668,39.74620496,39.79420763,139471.42890802
2021-08-26T17:00:00Z,39.80380816,39.83260976,39.63099857,39.6694007,208634.25847853
2021-08-26T18:00:00Z,39.6694007,39.71740337,39.45818899,39.53499325,169990.56906489
2021-08-26T19:00:00Z,39.53499325,39.61179751,39.32378153,39.45818899,286338.28085746
2021-08-27T13:00:00Z,39.42938739,39.64059911,39.18937407,39.43898792,203009.57053153
2021-08-27T14:00:00Z,39.44858845,39.6694007,39.37178419,39.57339538,180406.65785563
2021-08-27T15:00:00Z,39.57339538,39.93821562,39.55419431,39.91901455,221133.56502742
2021-08-27T16:00:00Z,39.92861508,40.09182414,39.87101189,39.95741668,252902.63583918
2021-08-27T17:00:00Z,39.95741668,39.99581881,39.85181082,39.95741668,92078.22491015
2021-08-27T18:00:00Z,39.94781615,39.99581881,39.7558055,39.7558055,201447.15721292
2021-08-27T19:00:00Z,39.76540603,39.92861508,39.70780283,39.76540603,209675.86735761
2021-08-30T13:00:00Z,40.1110252,40.18782946,39.50619165,39.58299591,294254.50833842
2021-08-30T14:00:00Z,39.56379484,39.82300922,39.36218366,39.82300922,269047.57346483
2021-08-30T15:00:00Z,39.82300922,40.02462041,39.70780283,39.80380816,209050.90203016
2021-08-30T16:00:00Z,39.81340869,39.95741668,39.71740337,39.89021295,136346.60227079
2021-08-30T17:00:00Z,39.88061242,39.89021295,39.56379484,39.57339538,172594.59126257
2021-08-30T18:00:00Z,39.57339538,39.6982023,39.53499325,39.64059911,127388.76591076
2021-08-30T19:00:00Z,39.64059911,39.6694007,39.48699058,39.60219698,173844.52191746
2021-08-31T13:00:00Z,39.89981349,40.61985343,39.60219698,40.25503319,610382.8031374
2021-08-31T14:00:00Z,40.29343532,40.88866834,40.26463372,40.78306248,630902.49805516
2021-08-31T15:00:00Z,40.77346195,40.85026621,40.36063905,40.41824225,570593.34395677
2021-08-31T16:00:00Z,40.40864171,40.54304917,39.98621828,40.10142467,542782.38688549
2021-08-31T17:00:00Z,40.08222361,40.10142467,39.77500656,39.89021295,274463.93963602
2021-08-31T18:00:00Z,39.89021295,40.21663106,39.78460709,40.06302254,500388.90550718
2021-08-31T19:00:00Z,40.05342201,40.1110252,39.89021295,39.97661775,268630.9299132
2021-09-01T13:00:00Z,40.57185077,40.70625822,40.10142467,40.17822893,398415.39624583
2021-09-01T14:00:00Z,40.1686284,40.49504651,40.13022627,40.39904118,245298.89102194
2021-09-01T15:00:00Z,40.39904118,40.43744331,39.87101189,39.99581881,314670.04236827
2021-09-01T16:00:00Z,39.98621828,40.20703053,39.94781615,39.98621828,189885.2986552
2021-09-01T17:00:00Z,39.99581881,40.32223692,39.98621828,40.22623159,175198.61346026
2021-09-01T18:00:00Z,40.22623159,40.30303585,40.05342201,40.06302254,121243.27352422
2021-09-01T19:00:00Z,40.05342201,40.20703053,40.03422094,40.10142467,177385.99210631
2021-09-02T13:00:00Z,39.64059911,39.81340869,38.35412774,38.70934744,929740.08546151
2021-09-02T14:00:00Z,38.70934744,39.19897461,38.65174425,39.09336875,494660.05667227
2021-09-02T15:00:00Z,39.11256981,39.18937407,38.93976023,38.94936076,237174.34176516
2021-09-02T16:00:00Z,38.94936076,38.97816236,38.65174425,38.67094531,218217.06016602
2021-09-02T17:00:00Z,38.67094531,38.73814904,38.4021304,38.4021304,277067.9618337
2021-09-02T18:00:00Z,38.42133147,38.51733679,38.07571229,38.17171762,342689.32121537
2021-09-02T19:00:00Z,38.17171762,38.17171762,37.82609844,38.03731016,653192.92806735
2021-09-03T13:00:00Z,38.26772294,38.26772294,37.66288939,37.79729685,435809.15500459
2021-09-03T14:00:00Z,37.79729685,37.86450057,37.25966702,37.35567235,777561.02822879
2021-09-03T15:00:00Z,37.34607181,37.37487341,36.89484678,37.17326223,722980.72296531
2021-09-03T16:00:00Z,37.17326223,37.25006649,36.90444731,36.98125158,530699.72388824
2021-09-03T17:00:00Z,36.98125158,37.1060585,36.77003986,36.91404785,464349.23829122
2021-09-03T18:00:00Z,36.91404785,37.23086542,36.88524625,37.21166436,587154.92513405
2021-09-03T19:00:00Z,37.19246329,37.23086542,36.93324891,37.01965371,476848.54484011
2021-09-06T13:00:00Z,37.11565903,37.59568566,37.1060585,37.547683,243736.47770333
2021-09-06T14:00:00Z,37.547683,37.77809578,37.39407448,37.66288939,233632.87157631
2021-09-06T15:00:00Z,37.67248992,37.70129152,37.5188814,37.5764846,146346.04750991
2021-09-06T16:00:00Z,37.56688406,37.81649791,37.53808247,37.74929418,105202.49678648
2021-09-06T17:00:00Z,37.74929418,37.78769631,37.59568566,37.63408779,93119.83378922
2021-09-06T18:00:00Z,37.63408779,37.72049259,37.46127821,37.65328886,92703.19023759
2021-09-06T19:00:00Z,37.66288939,37.69169099,37.47087874,37.4900798,152699.86167226
2021-09-08T13:00:00Z,37.52848193,37.52848193,36.59723027,36.68363506,398207.07447001
2021-09-08T14:00:00Z,36.67403453,36.71243666,36.2228095,36.46282281,373416.78314805
2021-09-08T15:00:00Z,36.46282281,36.54922761,36.09800258,36.32841536,314878.36414409
2021-09-08T16:00:00Z,36.33801589,36.36681749,36.02119832,36.15560577,250611.09630522
2021-09-08T17:00:00Z,36.14600524,36.2516111,36.04999991,36.15560577,372271.01338107
2021-09-08T18:00:00Z,36.1652063,36.2228095,36.02119832,36.07880151,252381.83139965
2021-09-08T19:00:00Z,36.08840204,36.09800258,35.77158447,35.84838873,594446.18728757
2021-09-09T13:00:00Z,35.7523834,36.13640471,35.56997328,35.71398127,625173.64922025
2021-09-09T14:00:00Z,35.70438074,35.85798926,35.55077222,35.56997328,575384.74480051
2021-09-09T15:00:00Z,35.56037275,35.56997328,35.14754985,35.26275624,389145.07722207
2021-09-09T16:00:00Z,35.24355517,35.74278287,35.15715038,35.55077222,447579.33533812
2021-09-09T17:00:00Z,35.54117169,35.56037275,35.23395464,35.29155784,266651.87304296
2021-09-09T18:00:00Z,35.28195731,35.38756316,35.16675091,35.28195731,288525.65950352
2021-09-09T19:00:00Z,35.28195731,36.11720364,35.06114506,35.7235818,862556.31276123
2021-09-10T13:00:00Z,36.45322228,36.73163773,35.63717701,35.7235818,638714.56464822
2021-09-10T14:00:00Z,35.73318234,35.81958713,35.46436742,35.67557914,253110.957615
2021-09-10T15:00:00Z,35.65637808,35.85798926,35.61797595,35.70438074,127076.28324704
2021-09-10T16:00:00Z,35.70438074,35.77158447,35.65637808,35.68517967,115097.78113768
2021-09-10T17:00:00Z,35.68517967,35.73318234,35.30115837,35.50276955,219362.829933
2021-09-10T18:00:00Z,35.52197062,35.67557914,35.49316902,35.63717701,197593.20436035
2021-09-10T19:00:00Z,35.63717701,35.69478021,35.40676423,35.51237009,302899.86203474
2021-09-13T13:00:00Z,35.88679086,35.88679086,35.42596529,35.67557914,577155.47989494
2021-09-13T14:00:00Z,35.67557914,35.8099866,35.52197062,35.70438074,387582.66390346
2021-09-13T15:00:00Z,35.73318234,35.98279618,35.57957382,35.80038607,643818.44815568
2021-09-13T16:00:00Z,35.8099866,35.98279618,35.77158447,35.8099866,185510.54136309
2021-09-13T17:00:00Z,35.8099866,35.87719033,35.64677754,35.70438074,193426.76884405
2021-09-13T18:00:00Z,35.68517967,35.79078553,35.64677754,35.73318234,163011.78957509
2021-09-13T19:00:00Z,35.73318234,35.74278287,35.64677754,35.70438074,223112.62189766
2021-09-14T13:00:00Z,35.68517967,35.94439405,35.55077222,35.69478021,295816.92165703
2021-09-14T14:00:00Z,35.68517967,35.69478021,35.37796263,35.43556583,330502.4973302
2021-09-14T15:00:00Z,35.41636476,35.8387882,35.41636476,35.80038607,277797.08804905
2021-09-14T16:00:00Z,35.781185,35.95399459,35.7235818,35.84838873,268005.96458576
2021-09-14T17:00:00Z,35.84838873,35.90599192,35.70438074,35.76198394,185093.89781146
2021-09-14T18:00:00Z,35.74278287,35.781185,35.56997328,35.56997328,149262.55237131
2021-09-14T19:00:00Z,35.58917435,35.60837541,35.40676423,35.58917435,228216.50540513
2021-09-15T13:00:00Z,35.52197062,35.62757648,35.11874825,35.25315571,393936.47806581
2021-09-15T14:00:00Z,35.25315571,35.27235677,34.77312908,34.81153121,386853.53768811
2021-09-15T15:00:00Z,34.81153121,34.97474026,34.73472695,34.97474026,168532.31663418
2021-09-15T16:00:00Z,34.97474026,35.10914772,34.87873494,35.05154452,140617.198675
2021-09-15T17:00:00Z,35.06114506,35.12834878,34.85953387,35.01314239,294462.83011424
2021-09-15T18:00:00Z,35.01314239,35.08994665,34.90753653,34.9267376,311336.89395524
2021-09-15T19:00:00Z,34.93633813,34.96513973,34.71552588,34.79233014,446746.04823487
2021-09-16T13:00:00Z,34.4851131,34.91713707,34.33150458,34.81153121,442475.45183066
2021-09-16T14:00:00Z,34.82113174,35.08994665,34.76352854,35.01314239,285296.67197839
2021-09-16T15:00:00Z,35.01314239,35.15715038,34.81153121,34.93633813,208842.58025435
2021-09-16T16:00:00Z,34.93633813,35.00354186,34.76352854,34.90753653,143325.38176059
2021-09-16T17:00:00Z,34.897936,35.17635145,34.81153121,35.11874825,168011.51219465
2021-09-16T18:00:00Z,35.11874825,35.16675091,34.88833547,34.93633813,205301.1100655
2021-09-16T19:00:00Z,34.94593866,35.05154452,34.91713707,35.05154452,161449.37625648
2021-09-17T13:00:00Z,35.03234346,35.12834878,34.70592535,34.85953387,279151.17959185
2021-09-17T14:00:00Z,34.85953387,34.99394133,34.56191736,34.64832215,252277.67051174
2021-09-17T15:00:00Z,34.63872162,34.75392801,34.53311576,34.73472695,235716.08933446
2021-09-17T16:00:00Z,34.72512641,34.76352854,34.53311576,34.54271629,141971.29021779
2021-09-17T17:00:00Z,34.54271629,34.57151789,34.40830884,34.4851131,183427.32360494
2021-09-17T18:00:00Z,34.47551257,34.5139147,34.41790937,34.4563115,146762.69106154
2021-09-17T19:00:00Z,34.4563115,34.4563115,34.22589872,34.27390138,198530.65235152
2021-09-20T13:00:00Z,34.11069233,34.11069233,33.38105185,33.40025292,362479.88991777
2021-09-20T14:00:00Z,33.40025292,33.48665771,33.2178428,33.27544599,167074.06420348
2021-09-20T15:00:00Z,33.27544599,33.32344865,32.98743001,33.05463374,162490.98513555
2021-09-20T16:00:00Z,33.05463374,33.1890412,32.85302256,32.97782948,259464.77177735
2021-09-20T17:00:00Z,32.96822895,33.29464706,32.96822895,33.25624493,229570.59694792
2021-09-20T18:00:00Z,33.25624493,33.27544599,33.04503321,33.11223694,206134.39716876
2021-09-20T19:00:00Z,33.11223694,33.47705718,33.00663108,33.38105185,255298.33626105
2021-09-21T13:00:00Z,33.37145132,33.6306657,33.20824226,33.50585877,376854.092449
2021-09-21T14:00:00Z,33.52505984,33.73627156,33.37145132,33.41945398,311336.89395524
2021-09-21T15:00:00Z,33.41945398,33.59226357,33.24664439,33.52505984,261027.18509596
2021-09-21T16:00:00Z,33.53466037,33.67866836,33.44825558,33.45785611,204363.66207433
2021-09-21T17:00:00Z,33.46745664,33.6594673,33.41945398,33.43865505,180823.30140726
2021-09-21T18:00:00Z,33.45785611,33.52505984,33.29464706,33.41945398,117076.83800792
2021-09-21T19:00:00Z,33.41945398,33.45785611,33.1890412,33.1890412,137388.21114987
2021-09-22T13:00:00Z,33.41945398,33.90908114,33.35225025,33.75547262,429767.82350596
2021-09-22T14:00:00Z,33.76507315,33.88988008,33.46745664,33.67866836,246340.49990102
2021-09-22T15:00:00Z,33.68826889,34.08189073,33.6594673,34.0434886,212904.85488274
2021-09-22T16:00:00Z,34.05308913,34.11069233,33.93788274,33.93788274,219883.63437253
2021-09-22T17:00:00Z,33.94748327,34.0722902,33.90908114,33.95708381,221966.85213068
2021-09-22T18:00:00Z,33.96668434,34.1010918,33.62106517,33.76507315,463828.43385168
2021-09-22T19:00:00Z,33.77467369,33.93788274,33.70746996,33.81307582,285713.31553002
2021-09-23T13:00:00Z,33.95708381,34.4563115,33.88988008,34.41790937,354459.5015489
2021-09-23T14:00:00Z,34.43711044,34.61952056,34.31230351,34.60992002,491743.55181087
2021-09-23T15:00:00Z,34.60992002,34.98434079,34.55231683,34.91713707,347064.07850748
2021-09-23T16:00:00Z,34.91713707,34.98434079,34.71552588,34.84993334,252902.63583918
2021-09-23T17:00:00Z,34.84033281,35.14754985,34.82113174,34.82113174,473827.87909079
2021-09-23T18:00:00Z,34.82113174,34.9555392,34.66752322,34.74432748,335293.89817394
2021-09-23T19:00:00Z,34.73472695,34.75392801,34.61952056,34.69632482,165928.2944365
2021-09-24T13:00:00Z,34.32190405,34.58111843,34.22589872,34.52351523,156657.97541274
2021-09-24T14:00:00Z,34.53311576,34.62912109,34.17789606,34.22589872,275297.22673927
2021-09-24T15:00:00Z,34.25470032,34.41790937,34.17789606,34.25470032,266235.22949133
2021-09-24T16:00:00Z,34.26430085,34.39870831,33.95708381,33.97628487,509034.25920349
2021-09-24T17:00:00Z,33.97628487,34.08189073,33.90908114,33.93788274,468099.03025588
2021-09-24T18:00:00Z,33.94748327,34.02428753,33.80347528,33.97628487,416018.58630218
2021-09-24T19:00:00Z,33.97628487,33.97628487,33.55386144,33.75547262,447162.6917865
2021-09-27T13:00:00Z,33.69786943,34.57151789,33.69786943,34.50431416,365917.19921872
2021-09-27T14:00:00Z,34.50431416,35.08034612,34.44671097,35.05154452,580801.1109717
2021-09-27T15:00:00Z,35.02274292,35.05154452,34.80193068,34.94593866,300920.8051645
2021-09-27T16:00:00Z,34.94593866,35.14754985,34.90753653,35.04194399,308212.06731802
2021-09-27T17:00:00Z,35.05154452,35.10914772,34.82113174,34.93633813,359980.028608
2021-09-27T18:00:00Z,34.9267376,35.06114506,34.70592535,34.99394133,409143.96770029
2021-09-27T19:00:00Z,34.99394133,35.3683621,34.87873494,35.06114506,428830.37551479
2021-09-28T13:00:00Z,34.71552588,35.68517967,34.69632482,35.67557914,550177.80992692
2021-09-28T14:00:00Z,35.66597861,35.66597861,35.11874825,35.24355517,595591.95705455
2021-09-28T15:00:00Z,35.24355517,35.32995997,35.00354186,35.26275624,377166.57511272
2021-09-28T16:00:00Z,35.25315571,35.38756316,35.04194399,35.06114506,266547.71215505
2021-09-28T17:00:00Z,35.06114506,35.07074559,34.71552588,34.72512641,267589.32103413
2021-09-28T18:00:00Z,34.71552588,35.01314239,34.65792269,34.97474026,422997.36579198
2021-09-28T19:00:00Z,34.96513973,34.99394133,34.63872162,34.65792269,388520.11189463
2021-09-29T13:00:00Z,34.79233014,35.40676423,34.70592535,34.98434079,408727.32414866
2021-09-29T14:00:00Z,34.97474026,35.42596529,34.91713707,35.16675091,232070.4582577
2021-09-29T15:00:00Z,35.18595198,35.32995997,35.01314239,35.21475358,226341.60942279
2021-09-29T16:00:00Z,35.22435411,35.29155784,35.01314239,35.20515304,160720.25004113
2021-09-29T17:00:00Z,35.18595198,35.24355517,34.83073227,34.96513973,253735.92294244
2021-09-29T18:00:00Z,34.96513973,35.18595198,34.9267376,34.9555392,202592.92697991
2021-09-29T19:00:00Z,34.9555392,35.09954719,34.79233014,34.9267376,237382.66354098
2021-09-30T13:00:00Z,35.04194399,35.15715038,34.70592535,34.78272961,329669.21022694
2021-09-30T14:00:00Z,34.77312908,34.9555392,34.35070564,34.36990671,415706.10363846
2021-09-30T15:00:00Z,34.37950724,34.46591203,34.08189073,34.13949393,587675.72957359
2021-09-30T16:00:00Z,34.13949393,34.22589872,33.83227688,34.03388807,496639.11354251
2021-09-30T17:00:00Z,34.03388807,34.14909446,33.92828221,34.0722902,389874.20343742
2021-09-30T18:00:00Z,34.06268966,34.27390138,34.03388807,34.09149126,385707.76792113
2021-09-30T19:00:00Z,34.0722902,34.43711044,34.00508647,34.06268966,416435.22985381
2021-10-01T13:00:00Z,34.23549925,34.79233014,34.12989339,34.14909446,304253.95357753
2021-10-01T14:00:00Z,34.14909446,34.56191736,34.14909446,34.46591203,389770.04254951
2021-10-01T15:00:00Z,34.4563115,34.98434079,34.4563115,34.84993334,473932.0399787
2021-10-01T16:00:00Z,34.8691344,35.01314239,34.79233014,34.82113174,308212.06731802
2021-10-01T17:00:00Z,34.81153121,35.25315571,34.81153121,35.15715038,433830.09813435
2021-10-01T18:00:00Z,35.16675091,35.17635145,34.98434079,35.06114506,401956.86643468
2021-10-01T19:00:00Z,35.06114506,35.3107589,34.98434079,35.09954719,500388.90550718
2021-10-04T13:00:00Z,35.04194399,35.04194399,34.1010918,34.65792269,941197.78313132
2021-10-04T14:00:00Z,34.65792269,34.88833547,34.36990671,34.43711044,535074.48118035
2021-10-04T15:00:00Z,34.41790937,34.53311576,34.13949393,34.30270298,529241.47145753
2021-10-04T16:00:00Z,34.31230351,34.33150458,34.15869499,34.19709712,348938.97448981
2021-10-04T17:00:00Z,34.19709712,34.28350191,34.12029286,34.17789606,363729.82057266
2021-10-04T18:00:00Z,34.17789606,34.34110511,34.16829552,34.34110511,284671.70665094
2021-10-04T19:00:00Z,34.34110511,34.37950724,34.11069233,34.26430085,349251.45715353
2021-10-05T13:00:00Z,34.46591203,34.84993334,34.28350191,34.57151789,591842.16508988
2021-10-05T14:00:00Z,34.57151789,34.94593866,34.57151789,34.78272961,656005.27204084
2021-10-05T15:00:00Z,34.78272961,35.38756316,34.75392801,35.3683621,624652.84478072
2021-10-05T16:00:00Z,35.35876157,35.55077222,35.30115837,35.44516636,482056.58923548
2021-10-05T17:00:00Z,35.43556583,35.52197062,35.3107589,35.3395605,319044.79966039
2021-10-05T18:00:00Z,35.3395605,35.34916103,34.96513973,35.16675091,484452.28965735
2021-10-05T19:00:00Z,35.16675091,35.37796263,35.06114506,35.26275624,573093.20526655
2021-10-06T13:00:00Z,34.56191736,35.23395464,34.46591203,34.77312908,547261.30506551
2021-10-06T14:00:00Z,34.78272961,34.81153121,34.50431416,34.62912109,426018.03154129
2021-10-06T15:00:00Z,34.62912109,34.77312908,34.47551257,34.70592535,349251.45715353
2021-10-06T16:00:00Z,34.73472695,34.79233014,34.58111843,34.72512641,171448.82149559
2021-10-06T17:00:00Z,34.73472695,35.08994665,34.62912109,35.07074559,324044.52227994
2021-10-06T18:00:00Z,35.07074559,35.17635145,34.97474026,35.04194399,269151.73435274
2021-10-06T19:00:00Z,35.04194399,35.30115837,35.03234346,35.24355517,321961.30452179
2021-10-07T13:00:00Z,35.37796263,35.42596529,34.96513973,35.09954719,451120.80552698
2021-10-07T14:00:00Z,35.09954719,35.21475358,34.94593866,34.96513973,379874.75819831
2021-10-07T15:00:00Z,34.96513973,35.18595198,34.77312908,35.14754985,288317.3377277
2021-10-07T16:00:00Z,35.14754985,35.19555251,34.99394133,35.11874825,284046.7413235
2021-10-07T17:00:00Z,35.10914772,35.17635145,35.00354186,35.07074559,483202.35900246
2021-10-07T18:00:00Z,35.07074559,35.27235677,35.05154452,35.09954719,417372.67784498
2021-10-07T19:00:00Z,35.09954719,35.21475358,34.9555392,35.01314239,472369.62666009
2021-10-08T13:00:00Z,35.15715038,36.36681749,35.12834878,36.2228095,954842.85944719
2021-10-08T14:00:00Z,36.24201057,36.35721696,36.11720364,36.30921429,1023068.24102654
2021-10-08T15:00:00Z,36.30921429,36.62603187,36.2804127,36.53002654,783185.71617579
2021-10-08T16:00:00Z,36.53962708,36.57802921,36.14600524,36.21320897,574759.77947307
2021-10-08T17:00:00Z,36.21320897,36.29001323,35.96359512,35.98279618,639339.52997566
2021-10-08T18:00:00Z,35.98279618,36.01159778,35.64677754,35.64677754,413310.40321659
2021-10-08T19:00:00Z,35.65637808,35.67557914,35.50276955,35.62757648,525700.00126868
2021-10-11T13:00:00Z,35.56037275,35.56037275,35.07074559,35.28195731,398727.87890955
2021-10-11T14:00:00Z,35.29155784,35.29155784,35.04194399,35.07074559,307274.61932685
2021-10-11T15:00:00Z,35.07074559,35.18595198,34.87873494,34.93633813,383624.55016298
2021-10-11T16:00:00Z,34.93633813,34.96513973,34.71552588,34.78272961,185927.18491472
2021-10-11T17:00:00Z,34.78272961,34.79233014,34.37950724,34.46591203,309878.64152453
2021-10-11T18:00:00Z,34.47551257,34.60992002,34.39870831,34.55231683,308107.90643011
2021-10-11T19:00:00Z,34.55231683,34.60031949,34.43711044,34.59071896,458516.2285684
2021-10-13T13:00:00Z,34.84033281,34.84993334,34.014687,34.0434886,552573.51034879
2021-10-13T14:00:00Z,34.0434886,34.20669765,33.80347528,34.12989339,574863.94036098
2021-10-13T15:00:00Z,34.12029286,34.52351523,34.12029286,34.4563115,320086.40853946
2021-10-13T16:00:00Z,34.44671097,34.52351523,34.29310245,34.49471363,319878.08676364
2021-10-13T17:00:00Z,34.50431416,34.55231683,34.30270298,34.47551257,427580.4448599
2021-10-13T18:00:00Z,34.4851131,34.63872162,34.38910777,34.49471363,573509.84881818
2021-10-13T19:00:00Z,34.50431416,34.60031949,34.41790937,34.56191736,402061.02732259
2021-10-14T13:00:00Z,34.67712375,34.84033281,34.39870831,34.55231683,364042.30323639
2021-10-14T14:00:00Z,34.54271629,34.74432748,34.44671097,34.59071896,330814.97999392
2021-10-14T15:00:00Z,34.60031949,34.62912109,34.33150458,34.35070564,320711.3738669
2021-10-14T16:00:00Z,34.35070564,34.36990671,34.26430085,34.36030618,178010.95743376
2021-10-14T17:00:00Z,34.35070564,34.5139147,34.32190405,34.50431416,166449.09887604
2021-10-14T18:00:00Z,34.50431416,34.55231683,34.44671097,34.4563115,184052.28893239
2021-10-14T19:00:00Z,34.4563115,34.66752322,34.37950724,34.66752322,289150.62483096
2021-10-15T13:00:00Z,34.70592535,35.23395464,34.53311576,35.23395464,500493.06639509
2021-10-15T14:00:00Z,35.22435411,35.73318234,35.18595198,35.7235818,496639.11354251
2021-10-15T15:00:00Z,35.73318234,36.31881483,35.60837541,36.30921429,1572100.28118648
2021-10-15T16:00:00Z,36.29961376,36.42442068,36.1652063,36.38601855,603195.70187179
2021-10-15T17:00:00Z,36.38601855,36.42442068,36.2516111,36.32841536,556739.94586509
2021-10-15T18:00:00Z,36.32841536,36.53962708,36.31881483,36.34761642,587571.56868568
2021-10-15T19:00:00Z,36.34761642,36.36681749,36.03079885,36.08840204,577988.7669982
2021-10-18T13:00:00Z,36.01,37.11,36.01,37.11,137000
2021-10-18T14:00:00Z,36.72,37.17,36.44,36.55,1088600
2021-10-18T15:00:00Z,36.56,36.77,36.48,36.71,556500
2021-10-18T16:00:00Z,36.71,37.39,36.63,36.69,1070600
2021-10-18T17:00:00Z,36.7,36.95,36.66,36.76,525800
2021-10-18T18:00:00Z,36.76,36.8,36.34,36.61,407400
2021-10-18T19:00:00Z,36.63,36.69,36.43,36.56,383400
2021-10-19T13:00:00Z,35.76,35.81,35.15,35.38,688800
2021-10-19T14:00:00Z,35.38,35.86,35.35,35.7,516700
2021-10-19T15:00:00Z,35.71,35.73,35.37,35.38,491500
2021-10-19T16:00:00Z,35.39,35.41,35.23,35.3,389900
2021-10-19T17:00:00Z,35.31,35.48,35.26,35.28,300800
2021-10-19T18:00:00Z,35.28,35.31,34.73,34.75,501200
2021-10-19T19:00:00Z,34.76,35.27,34.62,34.87,625900
2021-10-20T13:00:00Z,35.11,35.55,35.05,35.39,175000
2021-10-20T14:00:00Z,35.38,35.98,35.37,35.81,324500
2021-10-20T15:00:00Z,35.82,36.25,35.79,35.93,380600
2021-10-20T16:00:00Z,35.92,35.95,35.77,35.89,393300
2021-10-20T17:00:00Z,35.89,35.95,35.63,35.84,444700
2021-10-20T18:00:00Z,35.84,36.11,35.73,36,391200
2021-10-20T19:00:00Z,36,36.1,35.91,36.09,319000
2021-10-21T13:00:00Z,35.18,36.15,35.12,35.95,999500
2021-10-21T14:00:00Z,35.95,36.42,35.6,35.74,928400
2021-10-21T15:00:00Z,35.75,35.91,35.54,35.78,259300
2021-10-21T16:00:00Z,35.8,35.9,35.55,35.76,220800
2021-10-21T17:00:00Z,35.75,35.78,35,35.07,412900
2021-10-21T18:00:00Z,35.11,35.67,34.92,35.48,577000
2021-10-21T19:00:00Z,35.49,35.69,35.4,35.66,283400
2021-10-22T13:00:00Z,35.15,35.17,34.09,34.14,431500
2021-10-22T14:00:00Z,34.15,34.31,33.24,33.53,374800
2021-10-22T15:00:00Z,33.51,33.99,33.27,33.9,403300
2021-10-22T16:00:00Z,33.91,34.57,33.76,34.12,482800
2021-10-22T17:00:00Z,34.13,34.71,34.06,34.54,386100
2021-10-22T18:00:00Z,34.57,35.12,34.3,34.91,754500
2021-10-22T19:00:00Z,34.92,35.1,34.6,34.72,585800
2021-10-25T13:00:00Z,35.29,35.88,35.19,35.87,684700
2021-10-25T14:00:00Z,35.87,35.96,35.56,35.6,390400
2021-10-25T15:00:00Z,35.63,35.82,35.51,35.76,322100
2021-10-25T16:00:00Z,35.76,35.86,35.64,35.66,219800
2021-10-25T17:00:00Z,35.66,35.75,35.43,35.53,261300
2021-10-25T18:00:00Z,35.53,35.85,35.47,35.76,287300
2021-10-25T19:00:00Z,35.76,35.85,35.66,35.75,263300
2021-10-26T13:00:00Z,35.25,35.36,34.7,34.76,416700
2021-10-26T14:00:00Z,34.75,35.3,34.7,34.96,330200
2021-10-26T15:00:00Z,34.97,35.19,34.89,35.06,139400
2021-10-26T16:00:00Z,35.06,35.17,34.95,35.15,122600
2021-10-26T17:00:00Z,35.16,35.47,35.13,35.31,302800
2021-10-26T18:00:00Z,35.32,35.45,35.17,35.21,183000
2021-10-26T19:00:00Z,35.22,35.32,35.06,35.09,336000
2021-10-27T13:00:00Z,35.5,36.28,35.44,35.58,1501700
2021-10-27T14:00:00Z,35.61,35.96,35.58,35.69,1109300
2021-10-27T15:00:00Z,35.71,35.85,35.4,35.52,230900
2021-10-27T16:00:00Z,35.54,35.77,35.46,35.51,508400
2021-10-27T17:00:00Z,35.5,35.52,35.16,35.39,855800
2021-10-27T18:00:00Z,35.39,35.59,35.2,35.22,315700
2021-10-27T19:00:00Z,35.22,35.38,34.98,35.06,630600
2021-10-28T13:00:00Z,34.87,35.27,34.74,35.16,292200
2021-10-28T14:00:00Z,35.15,35.32,34.81,34.86,866500
2021-10-28T15:00:00Z,34.86,34.88,34.47,34.7,194700
2021-10-28T16:00:00Z,34.68,34.98,34.68,34.82,147200
2021-10-28T17:00:00Z,34.84,35.48,34.84,35.21,151600
2021-10-28T18:00:00Z,35.2,35.32,34.91,35,255600
2021-10-28T19:00:00Z,35.01,35.4,34.89,35.2,310100
2021-10-29T13:00:00Z,35.15,35.4,34.66,34.71,280200
2021-10-29T14:00:00Z,34.68,35.2,34.67,35.12,92500
2021-10-29T15:00:00Z,35.12,35.13,34.81,34.87,108300
2021-10-29T16:00:00Z,34.89,34.93,34.47,34.9,233500
2021-10-29T17:00:00Z,34.91,35.07,34.79,34.81,175400
2021-10-29T18:00:00Z,34.83,34.96,34.57,34.7,304700
2021-10-29T19:00:00Z,34.71,34.76,34.41,34.6,245800
2021-11-01T13:00:00Z,35.1,35.59,34.83,35.48,214200
2021-11-01T14:00:00Z,35.48,35.59,35.4,35.46,215700
2021-11-01T15:00:00Z,35.45,36.12,35.33,36.12,352300
2021-11-01T16:00:00Z,36.12,36.33,36.08,36.3,348900
2021-11-01T17:00:00Z,36.3,36.47,36.15,36.4,338700
2021-11-01T18:00:00Z,36.41,36.46,35.93,36.03,388700
2021-11-01T19:00:00Z,36.02,36.19,35.94,35.96,437600
2021-11-03T13:00:00Z,36.09,36.15,35.73,36.08,411700
2021-11-03T14:00:00Z,36.09,36.45,36.04,36.33,292500
2021-11-03T15:00:00Z,36.33,36.96,36.23,36.95,275100
2021-11-03T16:00:00Z,36.95,36.97,36.51,36.53,285000
2021-11-03T17:00:00Z,36.53,36.67,36.38,36.47,282500
2021-11-03T18:00:00Z,36.49,36.84,36.23,36.7,454600
2021-11-03T19:00:00Z,36.66,36.76,36.44,36.44,437400
2021-11-04T13:00:00Z,36.41,36.59,35.52,35.68,320200
2021-11-04T14:00:00Z,35.68,35.68,35.21,35.25,232300
2021-11-04T15:00:00Z,35.24,35.42,35.11,35.37,206000
2021-11-04T16:00:00Z,35.37,35.37,34.93,34.96,297200
2021-11-04T17:00:00Z,34.96,35.1,34.85,34.87,245600
2021-11-04T18:00:00Z,34.86,35.02,34.72,34.89,376000
2021-11-04T19:00:00Z,34.88,35.08,34.83,34.88,193600
2021-11-05T13:00:00Z,34.68,34.84,34.26,34.81,418800
2021-11-05T14:00:00Z,34.82,34.94,34.19,34.36,278700
2021-11-05T15:00:00Z,34.37,34.53,34.11,34.15,196800
2021-11-05T16:00:00Z,34.16,34.32,34.13,34.26,215900
2021-11-05T17:00:00Z,34.25,34.36,34.02,34.25,254100
2021-11-05T18:00:00Z,34.26,34.34,34.14,34.14,187600
2021-11-05T19:00:00Z,34.15,34.47,34.04,34.39,431200
2021-11-08T13:00:00Z,33.92,34.34,33.92,34.27,126000
2021-11-08T14:00:00Z,34.26,34.78,34.19,34.75,211700
2021-11-08T15:00:00Z,34.75,34.79,34.22,34.32,156000
2021-11-08T16:00:00Z,34.32,34.42,34.2,34.39,115600
2021-11-08T17:00:00Z,34.37,34.57,34.28,34.37,158500
2021-11-08T18:00:00Z,34.37,34.44,34.17,34.19,127500
2021-11-08T19:00:00Z,34.18,34.26,34.07,34.23,126000
2021-11-08T20:00:00Z,34.22,34.29,34.14,34.24,114600
2021-11-09T13:00:00Z,34.25,34.65,34.18,34.45,74500
2021-11-09T14:00:00Z,34.49,34.72,34.24,34.28,169300
2021-11-09T15:00:00Z,34.26,34.44,34.2,34.3,178700
2021-11-09T16:00:00Z,34.29,34.43,34.24,34.38,117600
2021-11-09T17:00:00Z,34.37,34.41,34.09,34.23,368300
2021-11-09T18:00:00Z,34.24,34.37,34.08,34.09,146100
2021-11-09T19:00:00Z,34.09,34.1,33.5,33.7,976300
2021-11-09T20:00:00Z,33.69,34.06,33.6,33.83,290700
2021-11-10T13:00:00Z,33.76,34.09,33.63,33.85,139700
2021-11-10T14:00:00Z,33.83,34.2,33.79,34.13,593800
2021-11-10T15:00:00Z,34.14,35.03,34.07,35,917600
2021-11-10T16:00:00Z,35.01,35.66,35,35.41,623600
2021-11-10T17:00:00Z,35.41,35.46,35.07,35.26,435600
2021-11-10T18:00:00Z,35.29,35.3,34.94,35,204900
2021-11-10T19:00:00Z,35.02,35.08,34.75,34.76,234300
2021-11-10T20:00:00Z,34.74,35.01,34.74,34.96,225900
2021-11-11T14:00:00Z,35.41,35.51,34.97,35.14,393700
2021-11-11T15:00:00Z,35.14,35.49,34.81,34.9,394500
2021-11-11T16:00:00Z,34.9,35.03,34.74,34.79,261500
2021-11-11T17:00:00Z,34.8,34.9,34.65,34.7,153400
2021-11-11T18:00:00Z,34.69,34.83,34.55,34.8,174000
2021-11-11T19:00:00Z,34.79,34.79,34.6,34.63,193800
2021-11-11T20:00:00Z,34.62,34.82,34.6,34.71,190500
2021-11-12T13:00:00Z,34.57,35.2,34.57,34.96,262000
2021-11-12T14:00:00Z,34.97,35.09,34.31,34.4,120800
2021-11-12T15:00:00Z,34.39,34.55,34.25,34.39,91900
2021-11-12T16:00:00Z,34.44,34.65,34.36,34.59,81700
2021-11-12T17:00:00Z,34.6,34.7,34.33,34.48,116500
2021-11-12T18:00:00Z,34.5,34.91,34.48,34.82,126900
2021-11-12T19:00:00Z,34.83,34.96,34.77,34.94,169600
2021-11-12T20:00:00Z,34.96,35.05,34.89,34.97,232900
2021-11-16T13:00:00Z,35,35.14,34.72,34.76,149000
2021-11-16T14:00:00Z,34.75,34.82,34.16,34.18,159200
2021-11-16T15:00:00Z,34.19,34.19,33.9,33.95,219700
2021-11-16T16:00:00Z,33.95,34.34,33.94,34.26,272100
2021-11-16T17:00:00Z,34.26,34.34,34.09,34.28,158300
2021-11-16T18:00:00Z,34.28,34.52,34.26,34.36,293100
2021-11-16T19:00:00Z,34.37,34.53,34.29,34.29,166800
2021-11-16T20:00:00Z,34.28,34.36,34.15,34.16,175800
2021-11-17T13:00:00Z,34.74,34.94,34.42,34.47,400100
2021-11-17T14:00:00Z,34.44,34.44,33.98,34.02,171800
2021-11-17T15:00:00Z,34.02,34.46,34.01,34.45,134900
2021-11-17T16:00:00Z,34.45,34.51,34.16,34.37,110300
2021-11-17T17:00:00Z,34.37,34.53,34.26,34.26,171000
2021-11-17T18:00:00Z,34.28,34.31,34.06,34.16,247300
2021-11-17T19:00:00Z,34.17,34.5,34.17,34.45,139600
2021-11-17T20:00:00Z,34.47,34.51,34.26,34.35,153200
2021-11-18T13:00:00Z,34.75,34.75,34.25,34.37,109200
2021-11-18T14:00:00Z,34.36,34.5,34.2,34.25,172400
2021-11-18T15:00:00Z,34.22,34.27,33.96,34,255700
2021-11-18T16:00:00Z,34.01,34.21,33.98,34.11,134600
2021-11-18T17:00:00Z,34.11,34.35,34.08,34.21,156600
2021-11-18T18:00:00Z,34.2,34.45,34.12,34.27,193800
2021-11-18T19:00:00Z,34.27,34.38,34.18,34.38,192600
2021-11-18T20:00:00Z,34.37,34.49,34.26,34.33,162900
2021-11-19T13:00:00Z,34.32,34.55,34.02,34.45,157000
2021-11-19T14:00:00Z,34.44,34.57,34.01,34.02,167900
2021-11-19T15:00:00Z,34.02,34.3,33.93,34.23,161100
2021-11-19T16:00:00Z,34.23,34.4,34.12,34.19,114200
2021-11-19T17:00:00Z,34.19,34.32,34.15,34.26,123100
2021-11-19T18:00:00Z,34.27,34.34,34.05,34.09,113700
2021-11-19T19:00:00Z,34.09,34.18,34.03,34.14,161200
2021-11-19T20:00:00Z,34.15,34.19,34.09,34.14,143900
2021-11-22T13:00:00Z,34.17,34.26,33.85,34.24,153500
2021-11-22T14:00:00Z,34.24,34.5,34.24,34.38,118300
2021-11-22T15:00:00Z,34.37,34.82,34.32,34.78,107000
2021-11-22T16:00:00Z,34.77,34.83,34.51,34.52,114000
2021-11-22T17:00:00Z,34.53,34.61,34.32,34.38,116500
2021-11-22T18:00:00Z,34.37,34.4,33.91,34.01,265500
2021-11-22T19:00:00Z,34.01,34.13,33.91,33.97,173600
2021-11-22T20:00:00Z,33.95,34.02,33.82,33.82,318800
2021-11-23T13:00:00Z,33.9,34.15,33.66,34,248000
2021-11-23T14:00:00Z,34.03,34.31,33.96,34.3,111700
2021-11-23T15:00:00Z,34.3,34.3,34,34.08,198600
2021-11-23T16:00:00Z,34.09,34.2,33.88,34.16,173500
2021-11-23T17:00:00Z,34.16,34.29,34.05,34.19,136900
2021-11-23T18:00:00Z,34.19,34.55,34.19,34.42,245000
2021-11-23T19:00:00Z,34.42,34.43,34.2,34.22,128200
2021-11-23T20:00:00Z,34.23,34.31,34.05,34.12,1207900
2021-11-24T13:00:00Z,34,34.38,33.89,34.01,106800
2021-11-24T14:00:00Z,34.04,34.47,34.01,34.47,229800
2021-11-24T15:00:00Z,34.46,34.66,34.39,34.54,137200
2021-11-24T16:00:00Z,34.54,34.65,34.47,34.54,90600
2021-11-24T17:00:00Z,34.54,34.59,34.48,34.53,98600
2021-11-24T18:00:00Z,34.52,34.67,34.5,34.62,136100
2021-11-24T19:00:00Z,34.62,34.86,34.53,34.8,270900
2021-11-24T20:00:00Z,34.8,34.95,34.79,34.85,217900
2021-11-25T13:00:00Z,34.86,35.46,34.79,35.05,246600
2021-11-25T14:00:00Z,35.03,35.41,35.01,35.37,216900
2021-11-25T15:00:00Z,35.38,35.84,35.35,35.73,263800
2021-11-25T16:00:00Z,35.74,35.81,35.54,35.69,275500
2021-11-25T17:00:00Z,35.68,35.71,35.38,35.52,335200
2021-11-25T18:00:00Z,35.55,35.56,35.37,35.41,343700
2021-11-25T19:00:00Z,35.41,35.54,35.35,35.43,328200
2021-11-25T20:00:00Z,35.44,35.52,35.15,35.19,264200
2021-11-26T13:00:00Z,34.87,35.08,34.17,34.65,551500
2021-11-26T14:00:00Z,34.62,34.71,33.8,33.82,484300
2021-11-26T15:00:00Z,33.81,33.94,33.67,33.82,253900
2021-11-26T16:00:00Z,33.83,33.86,33.66,33.8,236500
2021-11-26T17:00:00Z,33.8,33.99,33.76,33.87,211900
2021-11-26T18:00:00Z,33.89,34.15,33.84,34.08,191900
2021-11-26T19:00:00Z,34.09,34.1,33.95,34.01,172200
2021-11-26T20:00:00Z,34.01,34.24,33.97,34.15,224900
2021-11-29T13:00:00Z,34.6,34.65,34.21,34.52,131100
2021-11-29T14:00:00Z,34.5,34.54,33.33,33.72,588400
2021-11-29T15:00:00Z,33.74,33.77,33.34,33.72,523200
2021-11-29T16:00:00Z,33.72,33.82,33.61,33.68,187500
2021-11-29T17:00:00Z,33.69,34.09,33.6,34.04,403000
2021-11-29T18:00:00Z,34.03,34.07,33.82,34.05,156600
2021-11-29T19:00:00Z,34.05,34.05,33.76,33.92,122400
2021-11-29T20:00:00Z,33.92,33.97,33.62,33.65,117800
2021-11-30T13:00:00Z,33.68,34.02,33.41,34.02,335600
2021-11-30T14:00:00Z,34.01,34.02,33.37,33.38,273400
2021-11-30T15:00:00Z,33.36,33.53,33.1,33.1,196600
2021-11-30T16:00:00Z,33.1,33.3,32.89,33.06,179100
2021-11-30T17:00:00Z,33.05,33.05,32.71,32.78,529400
2021-11-30T18:00:00Z,32.81,33.05,32.63,32.97,550000
2021-11-30T19:00:00Z,32.98,33.07,32.78,33,671300
2021-11-30T20:00:00Z,33,33.19,32.84,33.03,848200
2021-12-01T13:00:00Z,33.38,33.51,33.04,33.12,400300
2021-12-01T14:00:00Z,33.12,33.4,33.05,33.34,239900
2021-12-01T15:00:00Z,33.34,33.49,33.24,33.37,214200
2021-12-01T16:00:00Z,33.36,33.37,32.95,33.03,209000
2021-12-01T17:00:00Z,33.01,33.23,32.81,32.82,245600
2021-12-01T18:00:00Z,32.83,32.93,32.56,32.64,243800
2021-12-01T19:00:00Z,32.61,32.82,32.51,32.6,141900
2021-12-01T20:00:00Z,32.61,32.82,32.5,32.66,191100
2021-12-02T13:00:00Z,33.22,33.46,32.88,33.26,160600
2021-12-02T14:00:00Z,33.29,33.6,33.23,33.57,292900
2021-12-02T15:00:00Z,33.57,33.76,33.47,33.58,246900
2021-12-02T16:00:00Z,33.58,33.62,33.41,33.59,242000
2021-12-02T17:00:00Z,33.59,33.83,33.53,33.75,175800
2021-12-02T18:00:00Z,33.73,33.78,33.36,33.46,118500
2021-12-02T19:00:00Z,33.45,33.59,33.41,33.46,122400
2021-12-02T20:00:00Z,33.49,33.62,33.42,33.62,159900
2021-12-03T13:00:00Z,33.75,34.19,33.61,34.12,327500
2021-12-03T14:00:00Z,34.11,34.46,33.94,34,696500
2021-12-03T15:00:00Z,33.98,34.23,33.84,34.06,281700
2021-12-03T16:00:00Z,34.06,34.26,33.86,33.87,209900
2021-12-03T17:00:00Z,33.85,34.09,33.79,33.94,125100
2021-12-03T18:00:00Z,33.93,34,33.72,33.78,100600
2021-12-03T19:00:00Z,33.77,33.8,33.5,33.52,150700
2021-12-03T20:00:00Z,33.52,33.65,33.38,33.59,139600
2021-12-06T13:00:00Z,33.6,33.75,33.39,33.55,313100
2021-12-06T14:00:00Z,33.55,33.78,33.13,33.75,579100
2021-12-06T15:00:00Z,33.77,34.28,33.75,34.24,425800
2021-12-06T16:00:00Z,34.25,34.27,34.07,34.13,267200
2021-12-06T17:00:00Z,34.11,34.25,34.03,34.2,128700
2021-12-06T18:00:00Z,34.21,34.23,33.91,33.94,200600
2021-12-06T19:00:00Z,33.95,33.99,33.77,33.84,169700
2021-12-06T20:00:00Z,33.85,33.86,33.71,33.73,260100
2021-12-07T13:00:00Z,34.01,34.14,33.55,33.56,332800
2021-12-07T14:00:00Z,33.56,33.58,33.27,33.35,399700
2021-12-07T15:00:00Z,33.37,33.54,33.27,33.42,115900
2021-12-07T16:00:00Z,33.42,33.47,33.26,33.27,134500
2021-12-07T17:00:00Z,33.27,33.31,32.93,33,177000
2021-12-07T18:00:00Z,33,33.21,32.98,33.1,224500
2021-12-07T19:00:00Z,33.08,33.16,33.05,33.13,241400
2021-12-07T20:00:00Z,33.13,33.24,33.07,33.13,150100
2021-12-08T13:00:00Z,33.29,33.42,33.08,33.23,205100
2021-12-08T14:00:00Z,33.2,33.24,32.91,33.09,232900
2021-12-08T15:00:00Z,33.08,33.13,32.76,32.76,221300
2021-12-08T16:00:00Z,32.77,32.96,32.73,32.86,159800
2021-12-08T17:00:00Z,32.87,32.99,32.82,32.93,199600
2021-12-08T18:00:00Z,32.93,33.07,32.9,32.96,156200
2021-12-08T19:00:00Z,32.96,33.03,32.92,33,120800
2021-12-08T20:00:00Z,33,33.08,32.94,32.95,137800
2021-12-09T15:00:00Z,32.21,32.23,32.2,32.22,9800
2021-12-09T16:00:00Z,32.12,32.15,31.98,32,196500
2021-12-09T17:00:00Z,31.99,32.03,31.81,31.93,288200
2021-12-09T18:00:00Z,31.92,32.16,31.92,32.12,230600
2021-12-09T19:00:00Z,32.1,32.15,31.9,32.01,201500
2021-12-09T20:00:00Z,32.01,32.04,31.88,31.98,273600
2021-12-10T13:00:00Z,32.28,32.47,32.15,32.25,273100
2021-12-10T14:00:00Z,32.27,32.31,31.82,31.85,402800
2021-12-10T15:00:00Z,31.85,31.86,31.53,31.56,731500
2021-12-10T16:00:00Z,31.56,31.77,31.42,31.75,546100
2021-12-10T17:00:00Z,31.75,31.89,31.55,31.65,776200
2021-12-10T18:00:00Z,31.65,31.71,31.59,31.7,422800
2021-12-10T19:00:00Z,31.68,31.77,31.58,31.76,416500
2021-12-10T20:00:00Z,31.76,32.08,31.74,32.08,519700
2021-12-13T13:00:00Z,31.99,32.65,31.99,32.61,264600
2021-12-13T14:00:00Z,32.61,32.7,32.24,32.27,273300
2021-12-13T15:00:00Z,32.26,32.46,31.89,31.92,227500
2021-12-13T16:00:00Z,31.94,31.95,31.64,31.75,383800
2021-12-13T17:00:00Z,31.74,31.9,31.66,31.88,228800
2021-12-13T18:00:00Z,31.89,32.01,31.83,31.91,215700
2021-12-13T19:00:00Z,31.92,31.94,31.83,31.92,403400
2021-12-13T20:00:00Z,31.92,31.94,31.65,31.65,257400
2021-12-14T13:00:00Z,31.7,32.43,31.7,32.34,336300
2021-12-14T14:00:00Z,32.33,32.65,32.02,32.64,489600
2021-12-14T15:00:00Z,32.65,32.79,32.07,32.08,394200
2021-12-14T16:00:00Z,32.09,32.12,31.64,31.65,333100
2021-12-14T17:00:00Z,31.65,31.75,31.6,31.64,287300
2021-12-14T18:00:00Z,31.64,31.82,31.58,31.65,287600
2021-12-14T19:00:00Z,31.64,31.69,31.53,31.66,255200
2021-12-14T20:00:00Z,31.66,31.68,31.54,31.59,268700
2021-12-15T13:00:00Z,31.7,31.78,31.32,31.58,194300
2021-12-15T14:00:00Z,31.59,31.84,31.35,31.44,435700
2021-12-15T15:00:00Z,31.45,31.81,31.4,31.66,312700
2021-12-15T16:00:00Z,31.66,32.23,31.66,32.13,479700
2021-12-15T17:00:00Z,32.12,32.2,31.95,32.1,237700
2021-12-15T18:00:00Z,32.11,32.16,32,32.1,254100
2021-12-15T19:00:00Z,32.1,32.27,31.83,31.89,390600
2021-12-15T20:00:00Z,31.9,32.08,31.8,31.8,283900
2021-12-16T13:00:00Z,32.07,32.33,31.98,32.08,335700
2021-12-16T14:00:00Z,32.06,32.14,31.84,32.06,313400
2021-12-16T15:00:00Z,32.04,32.29,31.96,32.25,393200
2021-12-16T16:00:00Z,32.23,32.51,32.23,32.25,360900
2021-12-16T17:00:00Z,32.25,32.42,32.19,32.21,394600
2021-12-16T18:00:00Z,32.22,32.27,32.19,32.22,274000
2021-12-16T19:00:00Z,32.22,32.23,32.1,32.22,377900
2021-12-16T20:00:00Z,32.22,32.32,32.15,32.26,348200
2021-12-17T13:00:00Z,32.05,32.28,31.9,31.94,255800
2021-12-17T14:00:00Z,31.95,31.98,31.52,31.6,619600
2021-12-17T15:00:00Z,31.6,31.85,31.53,31.78,199000
2021-12-17T16:00:00Z,31.75,31.83,31.65,31.69,205500
2021-12-17T17:00:00Z,31.68,31.79,31.6,31.66,210000
2021-12-17T18:00:00Z,31.66,31.71,31.5,31.61,299800
2021-12-17T19:00:00Z,31.61,31.65,31.52,31.56,511200
2021-12-17T20:00:00Z,31.56,31.61,31.43,31.46,521300
2021-12-20T13:00:00Z,31.05,31.2,30.63,30.75,367400
2021-12-20T14:00:00Z,30.73,30.93,30.5,30.72,180900
2021-12-20T15:00:00Z,30.75,30.81,30.38,30.41,213300
2021-12-20T16:00:00Z,30.42,30.6,30.36,30.54,140300
2021-12-20T17:00:00Z,30.54,30.6,30.41,30.42,142600
2021-12-20T18:00:00Z,30.43,30.63,30.41,30.57,159800
2021-12-20T19:00:00Z,30.57,30.63,30.49,30.52,145800
2021-12-20T20:00:00Z,30.52,30.62,30.49,30.58,250100
2021-12-21T13:00:00Z,30.75,30.86,30.65,30.76,110700
2021-12-21T14:00:00Z,30.75,30.77,30.51,30.67,128700
2021-12-21T15:00:00Z,30.67,30.81,30.65,30.68,90800
2021-12-21T16:00:00Z,30.67,30.79,30.65,30.73,61600
2021-12-21T17:00:00Z,30.73,30.74,30.55,30.6,74000
2021-12-21T18:00:00Z,30.6,30.63,30.41,30.47,156100
2021-12-21T19:00:00Z,30.47,30.52,30.43,30.47,137400
2021-12-21T20:00:00Z,30.47,30.51,30.34,30.37,173500
2021-12-22T13:00:00Z,30.42,30.51,30.07,30.12,283700
2021-12-22T14:00:00Z,30.12,30.21,29.92,30.05,226700
2021-12-22T15:00:00Z,30.05,30.28,30.05,30.28,106800
2021-12-22T16:00:00Z,30.28,30.39,30.24,30.28,94200
2021-12-22T17:00:00Z,30.29,30.3,30.11,30.2,148600
2021-12-22T18:00:00Z,30.22,30.3,30.18,30.28,177600
2021-12-22T19:00:00Z,30.29,30.33,30.17,30.29,252100
2021-12-22T20:00:00Z,30.3,30.35,30.23,30.28,292000
2021-12-23T13:00:00Z,30.29,30.41,30.15,30.18,66400
2021-12-23T14:00:00Z,30.17,30.66,30.16,30.59,140300
2021-12-23T15:00:00Z,30.59,30.68,30.45,30.58,85700
2021-12-23T16:00:00Z,30.58,30.68,30.51,30.57,153600
2021-12-23T17:00:00Z,30.56,30.63,30.46,30.55,96800
2021-12-23T18:00:00Z,30.55,30.56,30.45,30.52,89400
2021-12-23T19:00:00Z,30.53,30.6,30.49,30.49,91200
2021-12-23T20:00:00Z,30.5,30.57,30.44,30.54,103200
2021-12-27T13:00:00Z,30.6,30.78,30.48,30.74,109600
2021-12-27T14:00:00Z,30.74,30.78,30.43,30.61,121100
2021-12-27T15:00:00Z,30.61,30.84,30.57,30.78,114400
2021-12-27T16:00:00Z,30.78,30.78,30.63,30.64,115100
2021-12-27T17:00:00Z,30.64,30.68,30.6,30.6,63400
2021-12-27T18:00:00Z,30.61,30.69,30.6,30.67,54000
2021-12-27T19:00:00Z,30.67,30.7,30.65,30.66,148700
2021-12-27T20:00:00Z,30.67,30.76,30.66,30.73,126200
2021-12-28T13:00:00Z,30.89,30.9,30.62,30.63,66000
2021-12-28T14:00:00Z,30.62,30.83,30.47,30.76,149100
2021-12-28T15:00:00Z,30.77,30.8,30.6,30.62,117400
2021-12-28T16:00:00Z,30.61,30.75,30.56,30.68,76100
2021-12-28T17:00:00Z,30.69,30.79,30.67,30.79,74600
2021-12-28T18:00:00Z,30.79,30.82,30.7,30.73,56800
2021-12-28T19:00:00Z,30.74,30.81,30.71,30.77,75900
2021-12-28T20:00:00Z,30.77,30.81,30.74,30.76,65800
2021-12-29T13:00:00Z,30.63,30.79,30.62,30.78,66000
2021-12-29T14:00:00Z,30.78,30.86,30.54,30.55,236400
2021-12-29T15:00:00Z,30.54,30.55,30.3,30.48,224200
2021-12-29T16:00:00Z,30.49,30.5,30.37,30.37,80000
2021-12-29T17:00:00Z,30.38,30.39,30.22,30.24,151400
2021-12-29T18:00:00Z,30.23,30.45,30.23,30.43,114500
2021-12-29T19:00:00Z,30.42,30.49,30.39,30.41,113800
2021-12-29T20:00:00Z,30.4,30.43,30.29,30.32,165000
2021-12-30T13:00:00Z,30.75,30.75,30.03,30.18,221600
2021-12-30T14:00:00Z,30.18,30.3,30.04,30.06,236100
2021-12-30T15:00:00Z,30.06,30.12,29.86,29.87,238100
2021-12-30T16:00:00Z,29.86,30.1,29.84,30.08,188700
2021-12-30T17:00:00Z,30.08,30.11,30.01,30.06,128200
2021-12-30T18:00:00Z,30.06,30.21,30.06,30.18,143500
2021-12-30T19:00:00Z,30.17,30.19,30.13,30.13,140400
2021-12-30T20:00:00Z,30.14,30.15,29.93,29.95,215500
2022-01-03T13:00:00Z,30.15,30.71,30.15,30.46,260800
2022-01-03T14:00:00Z,30.46,30.5,30.08,30.39,528700
2022-01-03T15:00:00Z,30.39,30.67,30.37,30.61,332700
2022-01-03T16:00:00Z,30.6,30.72,30.54,30.67,175200
2022-01-03T17:00:00Z,30.67,30.69,30.49,30.53,154700
2022-01-03T18:00:00Z,30.53,30.74,30.5,30.56,1278400
2022-01-03T19:00:00Z,30.54,30.55,30.43,30.51,339100
2022-01-03T20:00:00Z,30.51,30.7,30.48,30.7,344100
2022-01-04T13:00:00Z,30.74,31.17,30.66,31.1,276400
2022-01-04T14:00:00Z,31.1,31.11,30.73,31.01,366900
2022-01-04T15:00:00Z,31.01,31.72,30.97,31.65,458100
2022-01-04T16:00:00Z,31.6,31.62,31.28,31.39,169800
2022-01-04T17:00:00Z,31.39,31.49,31.28,31.29,150200
2022-01-04T18:00:00Z,31.3,31.34,31.13,31.15,117300
2022-01-04T19:00:00Z,31.15,31.16,30.95,31.02,278000
2022-01-04T20:00:00Z,31.02,31.16,30.98,31.14,177900
2022-01-05T13:00:00Z,30.98,31.26,30.91,31.15,206200
2022-01-05T14:00:00Z,31.16,31.3,31.07,31.27,171500
2022-01-05T15:00:00Z,31.29,31.35,31.08,31.25,103000
2022-01-05T16:00:00Z,31.25,31.27,31.15,31.24,119500
2022-01-05T17:00:00Z,31.24,31.24,30.92,30.95,185600
2022-01-05T18:00:00Z,30.96,30.98,30.82,30.88,166500
2022-01-05T19:00:00Z,30.89,30.94,30.72,30.84,148000
2022-01-05T20:00:00Z,30.85,30.85,30.67,30.82,308800
2022-01-06T13:00:00Z,30.82,31.14,30.82,31.05,286300
2022-01-06T14:00:00Z,31.06,31.38,30.91,31.02,478000
2022-01-06T15:00:00Z,31.03,31.17,30.87,30.91,229500
2022-01-06T16:00:00Z,30.9,31.25,30.88,31.23,236600
2022-01-06T17:00:00Z,31.24,31.46,31.21,31.39,335100
2022-01-06T18:00:00Z,31.39,31.39,31.23,31.24,281600
2022-01-06T19:00:00Z,31.23,31.26,31,31.06,376900
2022-01-06T20:00:00Z,31.05,31.17,31,31.1,272900
2022-01-07T13:00:00Z,31.23,31.37,31,31.35,220400
2022-01-07T14:00:00Z,31.36,31.44,31.15,31.27,163100
2022-01-07T15:00:00Z,31.27,31.27,31.05,31.12,229100
2022-01-07T16:00:00Z,31.13,31.3,31,31.27,144900
2022-01-07T17:00:00Z,31.24,31.34,31.19,31.26,85900
2022-01-07T18:00:00Z,31.27,31.38,31.24,31.25,283800
2022-01-07T19:00:00Z,31.26,31.33,31.19,31.21,243100
2022-01-07T20:00:00Z,31.21,31.34,31.1,31.23,496600
2022-01-10T13:00:00Z,31.25,31.8,31.07,31.62,239500
2022-01-10T14:00:00Z,31.62,31.73,31.41,31.69,847300
2022-01-10T15:00:00Z,31.69,31.79,31.27,31.54,642900
2022-01-10T16:00:00Z,31.52,31.64,31.5,31.61,175500
2022-01-10T17:00:00Z,31.62,31.63,31.46,31.57,144100
2022-01-10T18:00:00Z,31.57,31.71,31.55,31.64,195200
2022-01-10T19:00:00Z,31.65,31.77,31.63,31.74,223100
2022-01-10T20:00:00Z,31.73,31.77,31.62,31.66,380500
2022-01-11T13:00:00Z,31.67,31.7,31.32,31.45,385300
2022-01-11T14:00:00Z,31.45,31.55,31.28,31.4,269900
2022-01-11T15:00:00Z,31.41,31.48,31.05,31.26,411700
2022-01-11T16:00:00Z,31.26,31.39,31.23,31.33,202900
2022-01-11T17:00:00Z,31.32,31.34,31.16,31.31,210500
2022-01-11T18:00:00Z,31.3,31.36,31.24,31.34,227600
2022-01-11T19:00:00Z,31.34,31.37,31.25,31.3,260500
2022-01-11T20:00:00Z,31.3,31.42,31.18,31.35,569400
2022-01-12T13:00:00Z,31.4,31.66,31.29,31.34,225000
2022-01-12T14:00:00Z,31.33,31.38,30.85,31.17,789000
2022-01-12T15:00:00Z,31.15,31.18,30.57,30.59,687700
2022-01-12T16:00:00Z,30.58,30.78,30.51,30.68,312600
2022-01-12T17:00:00Z,30.68,30.74,30.59,30.68,307800
2022-01-12T18:00:00Z,30.69,30.72,30.45,30.48,345000
2022-01-12T19:00:00Z,30.48,30.59,30.36,30.57,575200
2022-01-12T20:00:00Z,30.57,30.68,30.55,30.6,478300
2022-01-13T13:00:00Z,30.58,30.89,30.21,30.74,219900
2022-01-13T14:00:00Z,30.73,31.36,30.7,31.36,590900
2022-01-13T15:00:00Z,31.34,31.74,31.26,31.74,636300
2022-01-13T16:00:00Z,31.74,32.13,31.72,32.03,377500
2022-01-13T17:00:00Z,32.03,32.09,31.74,31.88,271400
2022-01-13T18:00:00Z,31.89,31.91,31.73,31.76,161400
2022-01-13T19:00:00Z,31.76,31.78,31.63,31.76,228200
2022-01-13T20:00:00Z,31.76,31.86,31.48,31.5,696400
2022-01-14T13:00:00Z,31.62,32.02,31.55,31.9,181600
2022-01-14T14:00:00Z,31.9,31.9,31.55,31.78,198600
2022-01-14T15:00:00Z,31.77,32.02,31.74,31.97,241200
2022-01-14T16:00:00Z,31.97,32,31.74,31.78,138100
2022-01-14T17:00:00Z,31.79,31.8,31.61,31.73,102000
2022-01-14T18:00:00Z,31.74,31.8,31.61,31.78,128800
2022-01-14T19:00:00Z,31.78,31.8,31.65,31.7,127900
2022-01-14T20:00:00Z,31.71,31.86,31.67,31.86,156000
2022-01-17T13:00:00Z,31.78,32.03,31.1,31.14,220900
2022-01-17T14:00:00Z,31.14,31.55,31.07,31.44,279900
2022-01-17T15:00:00Z,31.43,31.5,31.35,31.4,125700
2022-01-17T16:00:00Z,31.38,31.44,31.25,31.29,146100
2022-01-17T17:00:00Z,31.29,31.6,31.25,31.57,173800
2022-01-17T18:00:00Z,31.57,31.8,31.57,31.78,249000
2022-01-17T19:00:00Z,31.75,31.79,31.59,31.69,338300
2022-01-17T20:00:00Z,31.73,31.82,31.68,31.78,211800
2022-01-18T13:00:00Z,31.48,31.69,31.28,31.52,342800
2022-01-18T14:00:00Z,31.51,31.69,31.38,31.54,371200
2022-01-18T15:00:00Z,31.54,31.71,31.4,31.46,591900
2022-01-18T16:00:00Z,31.46,31.66,31.32,31.63,407000
2022-01-18T17:00:00Z,31.63,31.64,31.16,31.25,335400
2022-01-18T18:00:00Z,31.27,31.46,31.2,31.44,468300
2022-01-18T19:00:00Z,31.44,31.66,31.41,31.64,303700
2022-01-18T20:00:00Z,31.64,31.65,31.46,31.55,327300
2022-01-19T13:00:00Z,31.33,32.05,31.33,31.9,310000
2022-01-19T14:00:00Z,31.9,32.04,31.56,31.68,407500
2022-01-19T15:00:00Z,31.68,31.9,31.5,31.88,162500
2022-01-19T16:00:00Z,31.9,32.07,31.84,32.04,219300
2022-01-19T17:00:00Z,32.03,32.03,31.78,31.88,110300
2022-01-19T18:00:00Z,31.89,32.01,31.83,31.99,115000
2022-01-19T19:00:00Z,31.99,32.05,31.7,31.77,323700
2022-01-19T20:00:00Z,31.76,31.82,31.59,31.6,201800
2022-01-20T13:00:00Z,31.55,31.85,31.19,31.25,429300
2022-01-20T14:00:00Z,31.26,31.4,31.11,31.28,338300
2022-01-20T15:00:00Z,31.27,31.45,31.19,31.37,416100
2022-01-20T16:00:00Z,31.36,31.4,31.2,31.29,140100
2022-01-20T17:00:00Z,31.29,31.43,31.2,31.25,403400
2022-01-20T18:00:00Z,31.25,31.39,31.24,31.32,234700
2022-01-20T19:00:00Z,31.3,31.33,31.22,31.25,157800
2022-01-20T20:00:00Z,31.24,31.26,31.15,31.19,200200
2022-01-21T13:00:00Z,31.16,31.7,31.11,31.54,252600
2022-01-21T14:00:00Z,31.52,32.1,31.48,31.86,548100
2022-01-21T15:00:00Z,31.85,31.9,31.56,31.6,401900
2022-01-21T16:00:00Z,31.6,31.66,31.4,31.56,346200
2022-01-21T17:00:00Z,31.55,31.72,31.55,31.61,151400
2022-01-21T18:00:00Z,31.62,31.64,31.41,31.49,195600
2022-01-21T19:00:00Z,31.5,31.64,31.47,31.47,147300
2022-01-21T20:00:00Z,31.48,31.57,31.38,31.53,147200
2022-01-24T13:00:00Z,31.7,31.93,31.37,31.43,255800
2022-01-24T14:00:00Z,31.41,31.46,31.01,31.03,152300
2022-01-24T15:00:00Z,31.03,31.3,31.01,31.1,181800
2022-01-24T16:00:00Z,31.09,31.12,30.93,31.06,195000
2022-01-24T17:00:00Z,31.07,31.1,30.83,30.94,179000
2022-01-24T18:00:00Z,30.95,30.99,30.82,30.85,158600
2022-01-24T19:00:00Z,30.84,31.08,30.81,31.04,322900
2022-01-24T20:00:00Z,31.05,31.35,31.04,31.33,435800
2022-01-25T13:00:00Z,30.95,31.75,30.95,31.73,246500
2022-01-25T14:00:00Z,31.73,32.02,31.65,31.91,574100
2022-01-25T15:00:00Z,31.91,32.63,31.77,32.37,887700
2022-01-25T16:00:00Z,32.37,32.59,32.27,32.37,596400
2022-01-25T17:00:00Z,32.36,32.68,32.31,32.66,500800
2022-01-25T18:00:00Z,32.67,33.21,32.63,32.98,1231800
2022-01-25T19:00:00Z,32.98,33.04,32.89,32.93,885200
2022-01-25T20:00:00Z,32.93,33.41,32.88,33.27,1000900
2022-01-26T13:00:00Z,33.5,33.63,33.02,33.2,834700
2022-01-26T14:00:00Z,33.22,33.41,32.96,33.39,447700
2022-01-26T15:00:00Z,33.39,33.4,33.12,33.37,167100
2022-01-26T16:00:00Z,33.41,33.44,33.26,33.35,120600
2022-01-26T17:00:00Z,33.35,33.4,33.23,33.3,200400
2022-01-26T18:00:00Z,33.31,33.34,33.21,33.31,324700
2022-01-26T19:00:00Z,33.3,33.45,33.14,33.3,426300
2022-01-26T20:00:00Z,33.3,33.4,33.03,33.35,846200
2022-01-27T13:00:00Z,33.53,34.54,33.43,34.44,703700
2022-01-27T14:00:00Z,34.44,34.82,34.34,34.41,780700
2022-01-27T15:00:00Z,34.41,34.6,34.26,34.49,815300
2022-01-27T16:00:00Z,34.48,34.5,34.09,34.36,348300
2022-01-27T17:00:00Z,34.35,34.36,34.06,34.08,268900
2022-01-27T18:00:00Z,34.09,34.1,33.86,33.97,406600
2022-01-27T19:00:00Z,33.96,33.99,33.86,33.87,341600
2022-01-27T20:00:00Z,33.88,33.92,33.7,33.75,494900
2022-01-28T13:00:00Z,33.56,33.63,33.2,33.34,285800
2022-01-28T14:00:00Z,33.35,33.57,33.22,33.37,158200
2022-01-28T15:00:00Z,33.36,33.61,33.15,33.35,311100
2022-01-28T16:00:00Z,33.34,33.46,33.1,33.19,310800
2022-01-28T17:00:00Z,33.19,33.25,33.01,33.07,339300
2022-01-28T18:00:00Z,33.06,33.25,33.04,33.13,251500
2022-01-28T19:00:00Z,33.12,33.17,32.96,33.04,347900
2022-01-28T20:00:00Z,33.04,33.07,32.91,33.04,547500
2022-01-31T13:00:00Z,33,33.12,32.57,32.84,314800
2022-01-31T14:00:00Z,32.84,32.93,32.44,32.65,426000
2022-01-31T15:00:00Z,32.64,32.7,32.32,32.44,228300
2022-01-31T16:00:00Z,32.42,32.59,32.2,32.53,521400
2022-01-31T17:00:00Z,32.54,32.76,32.49,32.68,449900
2022-01-31T18:00:00Z,32.69,32.95,32.67,32.93,455200
2022-01-31T19:00:00Z,32.94,33.14,32.9,33.08,529100
2022-01-31T20:00:00Z,33.07,33.18,32.95,33.17,746300
2022-02-01T13:00:00Z,32.98,33.6,32.64,32.74,660400
2022-02-01T14:00:00Z,32.7,32.95,32.54,32.88,424500
2022-02-01T15:00:00Z,32.87,33.1,32.72,32.96,403800
2022-02-01T16:00:00Z,32.96,32.98,32.81,32.96,267100
2022-02-01T17:00:00Z,32.95,32.96,32.63,32.67,506200
2022-02-01T18:00:00Z,32.66,32.8,32.55,32.76,518700
2022-02-01T19:00:00Z,32.75,32.83,32.65,32.72,472600
2022-02-01T20:00:00Z,32.73,32.87,32.67,32.74,706000
2022-02-02T13:00:00Z,31.8,32.14,31.35,31.94,3131600
2022-02-02T14:00:00Z,31.92,32.11,31.72,31.84,1392400
2022-02-02T15:00:00Z,31.86,32.03,31.81,32,466400
2022-02-02T16:00:00Z,31.98,31.98,31.53,31.66,557200
2022-02-02T17:00:00Z,31.66,31.9,31.59,31.89,492600
2022-02-02T18:00:00Z,31.89,32.33,31.87,32.32,765800
2022-02-02T19:00:00Z,32.32,32.35,31.93,31.94,526700
2022-02-02T20:00:00Z,31.95,31.96,31.79,31.81,471900
2022-02-03T13:00:00Z,31.87,32.05,31.54,31.59,278100
2022-02-03T14:00:00Z,31.58,31.78,31.32,31.47,594200
2022-02-03T15:00:00Z,31.49,31.8,31.45,31.73,347100
2022-02-03T16:00:00Z,31.74,31.91,31.73,31.74,206000
2022-02-03T17:00:00Z,31.72,32.11,31.64,32.11,176800
2022-02-03T18:00:00Z,32.11,32.22,32.04,32.2,338000
2022-02-03T19:00:00Z,32.21,32.26,32.04,32.1,265700
2022-02-03T20:00:00Z,32.1,32.12,31.91,31.95,396800
2022-02-04T13:00:00Z,31.8,32,31.67,31.87,238700
2022-02-04T14:00:00Z,31.87,32.13,31.85,32.05,342100
2022-02-04T15:00:00Z,32.06,32.18,31.91,32.12,224400
2022-02-04T16:00:00Z,32.11,32.48,32.1,32.19,557600
2022-02-04T17:00:00Z,32.19,32.34,32.15,32.28,142000
2022-02-04T18:00:00Z,32.28,32.34,32.18,32.22,166400
2022-02-04T19:00:00Z,32.22,32.27,32.19,32.2,130200
2022-02-04T20:00:00Z,32.21,32.41,32.18,32.32,279500
2022-02-07T13:00:00Z,32.24,32.57,32.14,32.28,207300
2022-02-07T14:00:00Z,32.27,32.5,32.2,32.49,356200
2022-02-07T15:00:00Z,32.49,32.52,32.3,32.48,216600
2022-02-07T16:00:00Z,32.48,32.64,32.43,32.55,181800
2022-02-07T17:00:00Z,32.55,32.69,32.51,32.59,173400
2022-02-07T18:00:00Z,32.6,32.62,32.47,32.56,156900
2022-02-07T19:00:00Z,32.56,32.57,32.41,32.49,174600
2022-02-07T20:00:00Z,32.48,32.54,32.31,32.39,249900
2022-02-08T13:00:00Z,32.25,32.36,32.03,32.19,346200
2022-02-08T14:00:00Z,32.19,32.35,32.12,32.28,308900
2022-02-08T15:00:00Z,32.25,32.27,32.11,32.17,166200
2022-02-08T16:00:00Z,32.18,32.28,32.01,32.26,176900
2022-02-08T17:00:00Z,32.25,32.34,32.2,32.31,137700
2022-02-08T18:00:00Z,32.3,32.43,32.3,32.4,145400
2022-02-08T19:00:00Z,32.4,32.51,32.38,32.49,140500
2022-02-08T20:00:00Z,32.48,32.51,32.37,32.41,277100
2022-02-09T13:00:00Z,32.36,32.4,31.97,32.01,460400
2022-02-09T14:00:00Z,32.01,32.07,31.54,31.57,623500
2022-02-09T15:00:00Z,31.57,31.82,31.53,31.67,383700
2022-02-09T16:00:00Z,31.66,31.75,31.46,31.48,337600
2022-02-09T17:00:00Z,31.48,31.8,31.43,31.66,494400
2022-02-09T18:00:00Z,31.68,31.84,31.59,31.69,428900
2022-02-09T19:00:00Z,31.69,31.75,31.6,31.68,343400
2022-02-09T20:00:00Z,31.68,31.93,31.65,31.73,670000
2022-02-10T13:00:00Z,31.86,32.32,31.69,32.2,506600
2022-02-10T14:00:00Z,32.19,32.6,32.05,32.46,546600
2022-02-10T15:00:00Z,32.47,32.65,32.23,32.3,344400
2022-02-10T16:00:00Z,32.29,32.41,32.23,32.33,250200
2022-02-10T17:00:00Z,32.33,32.39,32.22,32.26,178600
2022-02-10T18:00:00Z,32.26,32.45,32.24,32.36,267600
2022-02-10T19:00:00Z,32.34,32.36,32.22,32.32,258300
2022-02-10T20:00:00Z,32.31,32.33,32.09,32.1,451600
2022-02-11T13:00:00Z,31.65,32.25,31.64,32.14,703700
2022-02-11T14:00:00Z,32.15,32.65,32.12,32.56,627100
2022-02-11T15:00:00Z,32.57,32.81,32.47,32.51,494700
2022-02-11T16:00:00Z,32.52,32.55,32.34,32.5,328400
2022-02-11T17:00:00Z,32.5,32.53,32.41,32.53,224300
2022-02-11T18:00:00Z,32.53,32.6,32.01,32.11,970500
2022-02-11T19:00:00Z,32.11,32.15,31.8,31.87,989700
2022-02-11T20:00:00Z,31.88,32.04,31.7,31.87,617600
2022-02-14T13:00:00Z,32.07,32.17,31.89,31.91,177000
2022-02-14T14:00:00Z,31.91,32.13,31.85,31.96,306700
2022-02-14T15:00:00Z,31.96,31.96,31.72,31.8,242600
2022-02-14T16:00:00Z,31.8,31.89,31.56,31.61,230700
2022-02-14T17:00:00Z,31.61,31.93,31.58,31.93,189200
2022-02-14T18:00:00Z,31.92,32.02,31.89,31.92,235000
2022-02-14T19:00:00Z,31.92,32.08,31.82,32.08,346000
2022-02-14T20:00:00Z,32.08,32.16,32.01,32.11,318500
2022-02-15T13:00:00Z,32.19,32.75,32.17,32.49,456100
2022-02-15T14:00:00Z,32.48,32.5,32.26,32.28,278900
2022-02-15T15:00:00Z,32.28,32.35,32.17,32.21,368200
2022-02-15T16:00:00Z,32.21,32.24,32.08,32.08,191200
2022-02-15T17:00:00Z,32.08,32.36,32.05,32.3,195900
2022-02-15T18:00:00Z,32.31,32.45,32.28,32.43,184100
2022-02-15T19:00:00Z,32.43,32.46,32.03,32.09,488500
2022-02-15T20:00:00Z,32.09,32.13,31.98,32.08,761300
2022-02-16T13:00:00Z,32.11,32.21,32,32.1,129200
2022-02-16T14:00:00Z,32.11,32.67,32.08,32.46,361400
2022-02-16T15:00:00Z,32.45,32.52,32.12,32.22,329400
2022-02-16T16:00:00Z,32.22,32.41,32.15,32.4,375800
2022-02-16T17:00:00Z,32.4,32.48,32.34,32.43,280200
2022-02-16T18:00:00Z,32.44,32.54,32.43,32.53,291500
2022-02-16T19:00:00Z,32.53,32.55,32.41,32.51,321000
2022-02-16T20:00:00Z,32.51,32.55,32.33,32.44,447900
2022-02-17T13:00:00Z,32.4,32.41,32.19,32.34,115300
2022-02-17T14:00:00Z,32.33,32.66,32.15,32.16,323800
2022-02-17T15:00:00Z,32.17,32.2,32.01,32.2,188500
2022-02-17T16:00:00Z,32.19,32.25,32.15,32.22,85300
2022-02-17T17:00:00Z,32.22,32.27,32.15,32.16,79200
2022-02-17T18:00:00Z,32.17,32.27,32.14,32.22,112500
2022-02-17T19:00:00Z,32.22,32.23,31.94,31.96,173000
2022-02-17T20:00:00Z,31.96,32.03,31.83,31.97,396500
2022-02-18T13:00:00Z,32.09,32.18,31.87,31.9,134400
2022-02-18T14:00:00Z,31.91,31.96,31.72,31.9,223000
2022-02-18T15:00:00Z,31.92,31.92,31.75,31.89,191200
2022-02-18T16:00:00Z,31.89,31.89,31.7,31.76,140300
2022-02-18T17:00:00Z,31.76,31.8,31.68,31.73,152700
2022-02-18T18:00:00Z,31.73,31.87,31.72,31.86,121900
2022-02-18T19:00:00Z,31.87,32,31.84,31.99,132500
2022-02-18T20:00:00Z,31.99,32.12,31.96,32.12,559400
2022-02-21T13:00:00Z,31.88,31.96,31.48,31.57,231300
2022-02-21T14:00:00Z,31.58,31.97,31.57,31.91,309400
2022-02-21T15:00:00Z,31.91,31.91,31.7,31.76,135500
2022-02-21T16:00:00Z,31.75,31.8,31.73,31.76,71000
2022-02-21T17:00:00Z,31.77,31.86,31.7,31.78,112600
2022-02-21T18:00:00Z,31.78,31.79,31.68,31.76,101600
2022-02-21T19:00:00Z,31.76,31.76,31.59,31.63,106000
2022-02-21T20:00:00Z,31.62,31.72,31.48,31.72,187100
2022-02-22T13:00:00Z,32.04,32.04,31.74,31.96,181000
2022-02-22T14:00:00Z,31.95,31.97,31.65,31.83,227100
2022-02-22T15:00:00Z,31.82,31.9,31.7,31.77,181000
2022-02-22T16:00:00Z,31.76,31.78,31.67,31.72,109000
2022-02-22T17:00:00Z,31.73,31.74,31.6,31.61,123800
2022-02-22T18:00:00Z,31.61,31.66,31.52,31.65,197400
2022-02-22T19:00:00Z,31.66,31.79,31.56,31.77,200400
2022-02-22T20:00:00Z,31.76,31.78,31.56,31.61,171200
2022-02-23T13:00:00Z,31.38,31.84,31.35,31.74,306200
2022-02-23T14:00:00Z,31.74,32.05,31.69,31.84,627000
2022-02-23T15:00:00Z,31.81,31.92,31.71,31.89,378600
2022-02-23T16:00:00Z,31.89,32.22,31.83,32.15,498500
2022-02-23T17:00:00Z,32.15,32.15,31.81,31.83,343400
2022-02-23T18:00:00Z,31.82,31.89,31.76,31.79,357100
2022-02-23T19:00:00Z,31.78,31.82,31.54,31.59,866200
2022-02-23T20:00:00Z,31.58,31.61,31.37,31.4,464500
2022-02-24T13:00:00Z,30.62,30.81,30.36,30.66,644900
2022-02-24T14:00:00Z,30.65,30.71,30.19,30.44,600100
2022-02-24T15:00:00Z,30.44,30.56,30.25,30.27,498600
2022-02-24T16:00:00Z,30.25,30.36,30.05,30.1,303600
2022-02-24T17:00:00Z,30.1,30.14,29.71,29.79,303700
2022-02-24T18:00:00Z,29.79,29.94,29.7,29.87,365800
2022-02-24T19:00:00Z,29.85,30.22,29.71,30.15,683300
2022-02-24T20:00:00Z,30.14,30.32,30.11,30.21,485700
2022-02-25T13:00:00Z,30.03,30.5,30.03,30.45,343200
2022-02-25T14:00:00Z,30.45,30.73,30.31,30.55,449700
2022-02-25T15:00:00Z,30.54,30.71,30.42,30.67,312400
2022-02-25T16:00:00Z,30.67,30.83,30.6,30.83,298200
2022-02-25T17:00:00Z,30.83,30.86,30.72,30.8,300500
2022-02-25T18:00:00Z,30.8,30.81,30.69,30.71,360700
2022-02-25T19:00:00Z,30.71,30.71,30.59,30.67,351300
2022-02-25T20:00:00Z,30.67,30.79,30.62,30.69,487200
2022-03-02T16:00:00Z,30.6,30.81,30.47,30.65,563400
2022-03-02T17:00:00Z,30.64,31,30.61,30.91,360100
2022-03-02T18:00:00Z,30.92,31.03,30.83,30.96,245400
2022-03-02T19:00:00Z,30.96,30.99,30.81,30.81,209000
2022-03-02T20:00:00Z,30.83,30.85,30.73,30.81,248500
2022-03-03T13:00:00Z,30.83,31.24,30.67,31.22,1539500
2022-03-03T14:00:00Z,31.22,31.39,31.12,31.17,366100
2022-03-03T15:00:00Z,31.15,31.27,31.04,31.04,99100
2022-03-03T16:00:00Z,31.05,31.15,31.01,31.1,122500
2022-03-03T17:00:00Z,31.1,31.25,31.02,31.17,232600
2022-03-03T18:00:00Z,31.18,31.22,31.1,31.12,179500
2022-03-03T19:00:00Z,31.13,31.23,31.1,31.19,151900
2022-03-03T20:00:00Z,31.19,31.2,30.99,31.09,206700
2022-03-04T13:00:00Z,31.09,31.12,30.8,30.82,126900
2022-03-04T14:00:00Z,30.87,30.88,30.34,30.46,381700
2022-03-04T15:00:00Z,30.47,30.52,30.27,30.3,223100
2022-03-04T16:00:00Z,30.29,30.43,30.25,30.39,189700
2022-03-04T17:00:00Z,30.42,30.45,30.36,30.43,215900
2022-03-04T18:00:00Z,30.44,30.54,30.24,30.3,262600
2022-03-04T19:00:00Z,30.28,30.37,30.24,30.29,193000
2022-03-04T20:00:00Z,30.28,30.52,30.28,30.46,338700
2022-03-07T13:00:00Z,30.23,30.45,30.06,30.37,270200
2022-03-07T14:00:00Z,30.36,30.39,29.93,30.07,368400
2022-03-07T15:00:00Z,30.05,30.2,29.99,30.07,265100
2022-03-07T16:00:00Z,30.06,30.14,29.94,29.99,215700
2022-03-07T17:00:00Z,29.98,30.03,29.93,29.99,209900
2022-03-07T18:00:00Z,29.98,29.99,29.77,29.81,259900
2022-03-07T19:00:00Z,29.82,29.84,29.63,29.63,391600
2022-03-07T20:00:00Z,29.64,29.67,29.51,29.52,360100
2022-03-08T13:00:00Z,29.71,30.01,29.58,29.77,332600
2022-03-08T14:00:00Z,29.76,29.78,29.42,29.73,451600
2022-03-08T15:00:00Z,29.72,29.72,29.36,29.44,281200
2022-03-08T16:00:00Z,29.43,29.48,29.26,29.37,297900
2022-03-08T17:00:00Z,29.36,30,29.36,29.94,334900
2022-03-08T18:00:00Z,29.94,30.12,29.57,29.61,299100
2022-03-08T19:00:00Z,29.61,29.69,29.53,29.66,295100
2022-03-08T20:00:00Z,29.67,29.75,29.54,29.63,276800
2022-03-09T13:00:00Z,29.93,31.11,29.8,31.09,408500
2022-03-09T14:00:00Z,31.07,32.21,31.03,31.98,1575600
2022-03-09T15:00:00Z,31.99,32.92,31.99,32.49,1322700
2022-03-09T16:00:00Z,32.47,32.68,32.14,32.2,1018300
2022-03-09T17:00:00Z,32.18,32.63,32.15,32.61,587900
2022-03-09T18:00:00Z,32.63,32.7,32.28,32.36,481400
2022-03-09T19:00:00Z,32.35,32.38,31.98,32.05,686800
2022-03-09T20:00:00Z,32.05,32.32,32.05,32.27,569800
2022-03-10T13:00:00Z,31.84,32.4,31.78,32,338000
2022-03-10T14:00:00Z,31.99,32.53,31.84,32.45,438900
2022-03-10T15:00:00Z,32.45,32.51,32.24,32.34,201400
2022-03-10T16:00:00Z,32.33,32.33,32.05,32.15,156900
2022-03-10T17:00:00Z,32.13,32.13,31.94,31.98,225300
2022-03-10T18:00:00Z,31.98,32.07,31.78,32.04,192300
2022-03-10T19:00:00Z,32.03,32.09,31.94,32.07,112300
2022-03-10T20:00:00Z,32.08,32.18,31.97,32.14,206500
2022-03-11T13:00:00Z,32.31,32.66,32.23,32.29,206800
2022-03-11T14:00:00Z,32.29,32.56,32.18,32.34,255100
2022-03-11T15:00:00Z,32.35,32.52,32.25,32.41,248900
2022-03-11T16:00:00Z,32.41,32.49,32.25,32.3,168700
2022-03-11T17:00:00Z,32.3,32.49,32.3,32.45,115000
2022-03-11T18:00:00Z,32.45,32.56,32.39,32.49,271900
2022-03-11T19:00:00Z,32.51,32.76,32.33,32.5,399700
2022-03-11T20:00:00Z,32.51,32.51,32.15,32.29,638200
2022-03-14T13:00:00Z,32.38,33.85,32.38,33.81,1175700
2022-03-14T14:00:00Z,33.81,34.29,33.8,34.07,1007600
2022-03-14T15:00:00Z,34.08,34.2,33.92,33.94,588000
2022-03-14T16:00:00Z,33.93,34.12,33.85,33.88,628700
2022-03-14T17:00:00Z,33.88,33.95,33.47,33.67,706700
2022-03-14T18:00:00Z,33.67,33.73,33.54,33.57,655400
2022-03-14T19:00:00Z,33.57,33.62,33.36,33.55,793100
2022-03-15T13:00:00Z,33.24,33.67,33.22,33.25,427400
2022-03-15T14:00:00Z,33.25,33.76,33.04,33.67,733300
2022-03-15T15:00:00Z,33.67,33.88,33.44,33.46,693800
2022-03-15T16:00:00Z,33.49,33.67,33.43,33.66,227500
2022-03-15T17:00:00Z,33.65,33.66,33.49,33.64,280200
2022-03-15T18:00:00Z,33.66,33.66,33.3,33.49,547300
2022-03-15T19:00:00Z,33.49,33.5,33.24,33.31,564600
2022-03-16T13:00:00Z,33.3,33.89,33.25,33.88,548000
2022-03-16T14:00:00Z,33.88,34.2,33.7,33.83,390700
2022-03-16T15:00:00Z,33.83,33.88,33.21,33.49,2120800
2022-03-16T16:00:00Z,33.51,33.71,33.36,33.51,257300
2022-03-16T17:00:00Z,33.51,33.55,33.24,33.41,335700
2022-03-16T18:00:00Z,33.42,33.79,33.24,33.74,552000
2022-03-16T19:00:00Z,33.74,34.11,33.72,34,747500
2022-03-17T13:00:00Z,34.04,34.53,33.84,34.19,375600
2022-03-17T14:00:00Z,34.18,34.18,33.84,34.04,354000
2022-03-17T15:00:00Z,34.02,34.33,33.99,34.22,336300
2022-03-17T16:00:00Z,34.21,34.42,34.21,34.39,225600
2022-03-17T17:00:00Z,34.38,34.52,34.27,34.45,449600
2022-03-17T18:00:00Z,34.45,34.64,34.4,34.55,667100
2022-03-17T19:00:00Z,34.54,34.76,34.53,34.6,631700
2022-03-18T13:00:00Z,34.34,35.43,34.34,35.29,2471600
2022-03-18T14:00:00Z,35.29,35.82,35.2,35.38,942400
2022-03-18T15:00:00Z,35.37,35.52,35.08,35.22,522800
2022-03-18T16:00:00Z,35.21,35.34,35.01,35.32,794300
2022-03-18T17:00:00Z,35.32,35.44,35.16,35.4,297000
2022-03-18T18:00:00Z,35.39,35.41,35.09,35.13,508100
2022-03-18T19:00:00Z,35.13,35.3,34.93,34.98,868200
2022-03-21T13:00:00Z,34.94,35.76,34.94,35.47,447400
2022-03-21T14:00:00Z,35.45,35.85,35.39,35.66,375400
2022-03-21T15:00:00Z,35.67,35.87,35.56,35.81,326400
2022-03-21T16:00:00Z,35.8,35.93,35.54,35.76,460300
2022-03-21T17:00:00Z,35.76,35.9,35.67,35.76,573100
2022-03-21T18:00:00Z,35.75,35.86,35.66,35.66,460900
2022-03-21T19:00:00Z,35.67,35.87,35.67,35.85,1068700
2022-03-22T13:00:00Z,36,36.49,35.87,36.4,387300
2022-03-22T14:00:00Z,36.37,36.38,36.04,36.13,267100
2022-03-22T15:00:00Z,36.13,36.18,35.88,35.9,238600
2022-03-22T16:00:00Z,35.9,36.1,35.84,35.93,268500
2022-03-22T17:00:00Z,35.93,36.15,35.78,35.9,393400
2022-03-22T18:00:00Z,35.9,36.02,35.84,35.86,337400
2022-03-22T19:00:00Z,35.85,36.09,35.85,36.07,414500
2022-03-23T13:00:00Z,36.04,36.24,35.52,36.09,260700
2022-03-23T14:00:00Z,36.11,36.47,36.06,36.17,345700
2022-03-23T15:00:00Z,36.18,36.41,36.17,36.21,130900
2022-03-23T16:00:00Z,36.2,36.35,36.17,36.17,136900
2022-03-23T17:00:00Z,36.17,36.37,36.12,36.27,251300
2022-03-23T18:00:00Z,36.27,36.29,36.13,36.18,140700
2022-03-23T19:00:00Z,36.19,36.42,36.18,36.22,279700
2022-03-24T13:00:00Z,36.03,36.39,35.8,35.99,431300
2022-03-24T14:00:00Z,35.99,36.2,35.72,35.89,826200
2022-03-24T15:00:00Z,35.86,36.1,35.86,35.89,385100
2022-03-24T16:00:00Z,35.89,36,35.89,36,190900
2022-03-24T17:00:00Z,36,36,35.76,35.8,303200
2022-03-24T18:00:00Z,35.8,35.86,35.74,35.8,348300
2022-03-24T19:00:00Z,35.8,35.85,35.71,35.79,381200
2022-03-25T13:00:00Z,35.79,36.32,35.64,36.3,722300
2022-03-25T14:00:00Z,36.23,36.57,36.04,36.49,370800
2022-03-25T15:00:00Z,36.48,36.57,36.21,36.41,239800
2022-03-25T16:00:00Z,36.43,36.54,36.36,36.5,204300
2022-03-25T17:00:00Z,36.51,36.64,36.42,36.64,206800
2022-03-25T18:00:00Z,36.63,36.84,36.57,36.71,355300
2022-03-25T19:00:00Z,36.71,36.89,36.6,36.84,315900
2022-03-28T13:00:00Z,36.99,37.07,36.05,36.17,435000
2022-03-28T14:00:00Z,36.17,36.28,35.97,36.19,301000
2022-03-28T15:00:00Z,36.19,36.28,36.07,36.07,267900
2022-03-28T16:00:00Z,36.08,36.27,36,36.23,165100
2022-03-28T17:00:00Z,36.23,36.33,36.2,36.3,235100
2022-03-28T18:00:00Z,36.31,36.39,36.09,36.38,439300
2022-03-28T19:00:00Z,36.38,36.46,36.28,36.33,481300
2022-03-29T13:00:00Z,36.98,37.15,36.36,36.46,569200
2022-03-29T14:00:00Z,36.46,36.66,36.35,36.53,215300
2022-03-29T15:00:00Z,36.53,36.64,36.38,36.5,162700
2022-03-29T16:00:00Z,36.51,36.59,36.44,36.49,96600
2022-03-29T17:00:00Z,36.47,36.61,36.41,36.58,167400
2022-03-29T18:00:00Z,36.59,36.66,36.48,36.54,329400
2022-03-29T19:00:00Z,36.55,36.67,36.51,36.57,600100
2022-03-30T13:00:00Z,36.57,36.65,36.24,36.61,229000
2022-03-30T14:00:00Z,36.61,36.71,36.38,36.39,320200
2022-03-30T15:00:00Z,36.38,36.69,36.37,36.47,371400
2022-03-30T16:00:00Z,36.48,36.57,36.34,36.46,323600
2022-03-30T17:00:00Z,36.47,36.63,36.44,36.54,324400
2022-03-30T18:00:00Z,36.54,36.72,36.5,36.7,355300
2022-03-30T19:00:00Z,36.71,36.95,36.65,36.91,322100
2022-03-31T13:00:00Z,36.89,37.17,36.78,36.95,325200
2022-03-31T14:00:00Z,36.95,36.97,36.6,36.63,184100
2022-03-31T15:00:00Z,36.64,36.66,36.42,36.42,329600
2022-03-31T16:00:00Z,36.43,36.53,36.28,36.36,322000
2022-03-31T17:00:00Z,36.37,36.66,36.35,36.55,284800
2022-03-31T18:00:00Z,36.56,36.57,36.34,36.49,647100
2022-03-31T19:00:00Z,36.5,36.52,36.18,36.25,1567400
2022-04-01T13:00:00Z,36.97,37.36,36.81,37.17,466900
2022-04-01T14:00:00Z,37.17,37.29,36.96,36.99,407200
2022-04-01T15:00:00Z,36.99,37.07,36.86,36.96,479500
2022-04-01T16:00:00Z,36.95,36.97,36.82,36.88,317000
2022-04-01T17:00:00Z,36.88,36.95,36.78,36.92,378600
2022-04-01T18:00:00Z,36.91,36.96,36.73,36.76,594900
2022-04-01T19:00:00Z,36.75,36.77,36.54,36.72,402800
2022-04-04T13:00:00Z,36.8,36.8,36.13,36.44,190600
2022-04-04T14:00:00Z,36.44,36.66,36.37,36.38,98500
2022-04-04T15:00:00Z,36.39,36.48,36.29,36.36,82700
2022-04-04T16:00:00Z,36.36,36.38,36.25,36.34,93800
2022-04-04T17:00:00Z,36.34,36.35,36.27,36.28,73800
2022-04-04T18:00:00Z,36.28,36.44,36.24,36.41,151000
2022-04-04T19:00:00Z,36.42,36.42,36.26,36.39,213900
2022-04-05T13:00:00Z,36.23,36.23,35.28,35.55,548700
2022-04-05T14:00:00Z,35.53,35.73,35.42,35.66,473900
2022-04-05T15:00:00Z,35.64,35.83,35.52,35.76,215000
2022-04-05T16:00:00Z,35.75,35.8,35.56,35.71,160400
2022-04-05T17:00:00Z,35.7,35.81,35.44,35.51,278000
2022-04-05T18:00:00Z,35.51,35.6,35.45,35.48,295600
2022-04-05T19:00:00Z,35.49,35.61,35.36,35.5,392400
2022-04-06T13:00:00Z,35.3,35.42,34.84,35.06,359400
2022-04-06T14:00:00Z,35.05,35.36,34.94,35.13,535300
2022-04-06T15:00:00Z,35.14,35.26,34.97,35.22,580200
2022-04-06T16:00:00Z,35.22,35.51,35.16,35.5,757500
2022-04-06T17:00:00Z,35.51,35.55,35.17,35.21,184100
2022-04-06T18:00:00Z,35.21,35.5,34.99,35.43,417000
2022-04-06T19:00:00Z,35.42,35.5,35.16,35.42,267400
2022-04-07T13:00:00Z,35.07,35.22,34.89,35.01,238300
2022-04-07T14:00:00Z,35.01,35.46,34.86,35.42,348100
2022-04-07T15:00:00Z,35.41,35.58,35.3,35.31,321000
2022-04-07T16:00:00Z,35.3,35.46,35.26,35.33,220300
2022-04-07T17:00:00Z,35.33,35.74,35.33,35.72,448600
2022-04-07T18:00:00Z,35.72,36.07,35.66,36.05,659700
2022-04-07T19:00:00Z,36.05,36.36,35.93,36.15,1260700
2022-04-08T13:00:00Z,36.3,36.56,36.02,36.1,408300
2022-04-08T14:00:00Z,36.1,36.51,36.09,36.49,209500
2022-04-08T15:00:00Z,36.49,36.59,36.39,36.39,219600
2022-04-08T16:00:00Z,36.4,36.58,36.35,36.53,123400
2022-04-08T17:00:00Z,36.53,36.53,36.21,36.38,187900
2022-04-08T18:00:00Z,36.37,36.45,35.92,35.94,466800
2022-04-08T19:00:00Z,35.93,35.94,35.61,35.87,488000
2022-04-11T13:00:00Z,35.69,35.93,35.47,35.8,362500
2022-04-11T14:00:00Z,35.8,35.95,35.71,35.77,271100
2022-04-11T15:00:00Z,35.78,35.83,35.67,35.8,144900
2022-04-11T16:00:00Z,35.78,35.99,35.78,35.8,100700
2022-04-11T17:00:00Z,35.8,35.99,35.8,35.98,83200
2022-04-11T18:00:00Z,35.98,35.99,35.83,35.91,97400
2022-04-11T19:00:00Z,35.92,35.96,35.76,35.93,143400
2022-04-12T13:00:00Z,35.85,35.87,35.38,35.43,333800
2022-04-12T14:00:00Z,35.43,35.43,35.27,35.32,344300
2022-04-12T15:00:00Z,35.31,35.53,35.24,35.32,531100
2022-04-12T16:00:00Z,35.3,35.46,35.15,35.44,319100
2022-04-12T17:00:00Z,35.44,35.5,35.26,35.31,126300
2022-04-12T18:00:00Z,35.31,35.4,35.1,35.13,170100
2022-04-12T19:00:00Z,35.13,35.35,35.02,35.22,262300
2022-04-13T13:00:00Z,35.14,35.39,34.8,35.13,430500
2022-04-13T14:00:00Z,35.13,35.19,34.98,35.16,183900
2022-04-13T15:00:00Z,35.18,35.26,35.04,35.12,136200
2022-04-13T16:00:00Z,35.14,35.19,35.03,35.14,134000
2022-04-13T17:00:00Z,35.13,35.24,34.99,35.05,325300
2022-04-13T18:00:00Z,35.04,35.2,35.01,35.13,315900
2022-04-13T19:00:00Z,35.13,35.23,35,35.15,320800
2022-04-14T13:00:00Z,34.89,35.34,34.85,35.09,240400
2022-04-14T14:00:00Z,35.09,35.34,35.05,35.19,179500
2022-04-14T15:00:00Z,35.2,35.26,35.03,35.08,192600
2022-04-14T16:00:00Z,35.07,35.12,34.81,34.84,261400
2022-04-14T17:00:00Z,34.84,34.9,34.77,34.81,286100
2022-04-14T18:00:00Z,34.83,34.9,34.71,34.74,219100
2022-04-14T19:00:00Z,34.74,34.79,34.57,34.69,315000
2022-04-18T13:00:00Z,34.92,35.54,34.92,35.3,576300
2022-04-18T14:00:00Z,35.29,35.39,35.16,35.21,304500
2022-04-18T15:00:00Z,35.21,35.4,35.2,35.34,173400
2022-04-18T16:00:00Z,35.35,35.49,35.24,35.39,174800
2022-04-18T17:00:00Z,35.4,35.48,35.32,35.42,194400
2022-04-18T18:00:00Z,35.41,35.42,35.2,35.2,226400
2022-04-18T19:00:00Z,35.2,35.31,35.09,35.15,360800
2022-04-19T13:00:00Z,35.2,35.57,35.2,35.39,456100
2022-04-19T14:00:00Z,35.39,35.44,35.13,35.28,312400
2022-04-19T15:00:00Z,35.28,35.29,34.79,34.79,302400
2022-04-19T16:00:00Z,34.79,35,34.78,34.89,261700
2022-04-19T17:00:00Z,34.89,35.01,34.85,34.9,305200
2022-04-19T18:00:00Z,34.9,35.15,34.89,35.06,344800
2022-04-19T19:00:00Z,35.06,35.36,35.06,35.25,423500
2022-04-20T13:00:00Z,35.02,35.46,35,35.34,230300
2022-04-20T14:00:00Z,35.35,35.52,35.18,35.37,280700
2022-04-20T15:00:00Z,35.38,35.47,35.13,35.13,397800
2022-04-20T16:00:00Z,35.15,35.15,34.99,35.08,288600
2022-04-20T17:00:00Z,35.07,35.07,34.86,35.01,417800
2022-04-20T18:00:00Z,35.01,35.15,34.92,35.07,495200
2022-04-20T19:00:00Z,35.07,35.16,34.96,35.09,474200
2022-04-22T13:00:00Z,34.02,34.43,34.02,34.34,400800
2022-04-22T14:00:00Z,34.35,34.58,34.3,34.32,1141900
2022-04-22T15:00:00Z,34.31,34.34,34.14,34.26,507800
2022-04-22T16:00:00Z,34.26,34.34,34.17,34.19,248100
2022-04-22T17:00:00Z,34.2,34.36,34.12,34.21,551100
2022-04-22T18:00:00Z,34.22,34.39,34.11,34.11,252200
2022-04-22T19:00:00Z,34.1,34.18,33.95,34.01,363500
2022-04-25T13:00:00Z,33.88,33.88,33.46,33.55,234200
2022-04-25T14:00:00Z,33.52,33.78,33.21,33.21,987500
2022-04-25T15:00:00Z,33.2,33.44,33.2,33.41,275900
2022-04-25T16:00:00Z,33.4,33.49,33.32,33.49,352800
2022-04-25T17:00:00Z,33.48,33.55,33.35,33.36,373100
2022-04-25T18:00:00Z,33.37,33.66,33.34,33.57,422300
2022-04-25T19:00:00Z,33.58,33.72,33.51,33.7,315000
2022-04-26T13:00:00Z,32.62,32.81,31.9,32.51,2603100
2022-04-26T14:00:00Z,32.52,32.67,32.11,32.23,1047300
2022-04-26T15:00:00Z,32.23,32.23,31.91,32.03,1077200
2022-04-26T16:00:00Z,32.03,32.08,31.92,32.08,977900
2022-04-26T17:00:00Z,32.08,32.13,31.92,31.94,583500
2022-04-26T18:00:00Z,31.94,32.15,31.87,32.11,732000
2022-04-26T19:00:00Z,32.12,32.2,32,32.1,1537200
2022-04-27T13:00:00Z,32.34,32.34,31.74,31.88,842400
2022-04-27T14:00:00Z,31.88,31.92,31.63,31.82,493700
2022-04-27T15:00:00Z,31.81,31.9,31.67,31.8,655500
2022-04-27T16:00:00Z,31.8,32.04,31.7,31.74,848100
2022-04-27T17:00:00Z,31.74,31.84,31.63,31.81,420500
2022-04-27T18:00:00Z,31.82,31.98,31.76,31.87,706600
2022-04-27T19:00:00Z,31.88,31.94,31.7,31.75,1153400
2022-04-28T13:00:00Z,32.11,32.16,31.31,31.34,706100
2022-04-28T14:00:00Z,31.33,31.42,31.11,31.28,1171300
2022-04-28T15:00:00Z,31.28,31.4,31.08,31.1,430700
2022-04-28T16:00:00Z,31.11,31.38,31.03,31.37,217900
2022-04-28T17:00:00Z,31.36,31.46,31.21,31.32,493200
2022-04-28T18:00:00Z,31.32,31.67,31.3,31.66,717700
2022-04-28T19:00:00Z,31.66,32.08,31.49,31.58,1344600
2022-04-29T13:00:00Z,31.88,32.93,31.87,32.76,585600
2022-04-29T14:00:00Z,32.74,32.8,32.21,32.61,492000
2022-04-29T15:00:00Z,32.61,32.74,32.36,32.39,461200
2022-04-29T16:00:00Z,32.38,32.59,32.32,32.58,485500
2022-04-29T17:00:00Z,32.57,32.74,32.53,32.58,422200
2022-04-29T18:00:00Z,32.58,32.64,32.01,32.24,750600
2022-04-29T19:00:00Z,32.24,32.31,31.71,31.82,738500
2022-05-02T13:00:00Z,31.34,31.9,31.18,31.36,824300
2022-05-02T14:00:00Z,31.36,31.79,31.32,31.73,424900
2022-05-02T15:00:00Z,31.74,31.74,31.36,31.45,370700
2022-05-02T16:00:00Z,31.45,31.78,31.27,31.3,444500
2022-05-02T17:00:00Z,31.31,31.67,31.26,31.44,290300
2022-05-02T18:00:00Z,31.45,31.56,31.36,31.44,435900
2022-05-02T19:00:00Z,31.43,31.74,31.41,31.43,870000
2022-05-03T13:00:00Z,31.55,32.03,31.52,31.77,336400
2022-05-03T14:00:00Z,31.79,31.95,31.6,31.82,337700
2022-05-03T15:00:00Z,31.83,31.91,31.62,31.67,189400
2022-05-03T16:00:00Z,31.68,31.8,31.55,31.78,231500
2022-05-03T17:00:00Z,31.78,31.9,31.74,31.88,260700
2022-05-03T18:00:00Z,31.88,31.9,31.69,31.81,390000
2022-05-03T19:00:00Z,31.81,31.93,31.7,31.8,417400
2022-05-04T13:00:00Z,31.71,31.97,31.63,31.89,326900
2022-05-04T14:00:00Z,31.89,32.29,31.85,32.28,396800
2022-05-04T15:00:00Z,32.28,32.28,32.05,32.2,325600
2022-05-04T16:00:00Z,32.2,32.23,31.99,32.06,174100
2022-05-04T17:00:00Z,32.06,32.13,31.93,32.08,229000
2022-05-04T18:00:00Z,32.09,32.37,31.84,32.2,469900
2022-05-04T19:00:00Z,32.21,32.5,32.16,32.32,463600
2022-05-05T13:00:00Z,32.25,32.43,31.83,32.01,154200
2022-05-05T14:00:00Z,32,32.05,31.54,31.72,536300
2022-05-05T15:00:00Z,31.72,31.84,31.51,31.67,222900
2022-05-05T16:00:00Z,31.66,31.81,31.6,31.72,197600
2022-05-05T17:00:00Z,31.74,31.99,31.59,31.96,305200
2022-05-05T18:00:00Z,31.98,32.27,31.94,32.12,374600
2022-05-05T19:00:00Z,32.12,32.24,31.97,32.02,307700
2022-05-06T13:00:00Z,32.04,32.55,31.99,32.33,258500
2022-05-06T14:00:00Z,32.31,32.75,32.26,32.72,237200
2022-05-06T15:00:00Z,32.71,33.19,32.57,33.02,583100
2022-05-06T16:00:00Z,33.02,33.15,32.92,33.09,284300
2022-05-06T17:00:00Z,33.08,33.11,32.76,32.85,161900
2022-05-06T18:00:00Z,32.85,33.01,32.79,32.9,219900
2022-05-06T19:00:00Z,32.87,33.08,32.83,33,248400
2022-05-09T13:00:00Z,32.6,32.84,32.4,32.55,274100
2022-05-09T14:00:00Z,32.55,32.75,32.48,32.62,323600
2022-05-09T15:00:00Z,32.61,32.96,32.59,32.93,274000
2022-05-09T16:00:00Z,32.92,33.4,32.86,33.16,240400
2022-05-09T17:00:00Z,33.16,33.28,33.12,33.24,141600
2022-05-09T18:00:00Z,33.25,33.31,33.02,33.12,201800
2022-05-09T19:00:00Z,33.13,33.24,33.05,33.11,165400
2022-05-10T13:00:00Z,33.43,33.53,33.06,33.19,192100
2022-05-10T14:00:00Z,33.21,33.21,32.85,32.92,140500
2022-05-10T15:00:00Z,32.9,33.14,32.78,33.04,136800
2022-05-10T16:00:00Z,33.05,33.16,32.89,32.92,106500
2022-05-10T17:00:00Z,32.95,33.15,32.9,32.99,143200
2022-05-10T18:00:00Z,32.99,33.09,32.89,32.93,136500
2022-05-10T19:00:00Z,32.94,33.01,32.55,32.76,358500
2022-05-11T13:00:00Z,32.5,32.98,32.26,32.98,394000
2022-05-11T14:00:00Z,32.97,32.99,32.66,32.8,357900
2022-05-11T15:00:00Z,32.81,32.89,32.56,32.89,289100
2022-05-11T16:00:00Z,32.89,33.01,32.76,32.77,191400
2022-05-11T17:00:00Z,32.77,32.83,32.62,32.67,199000
2022-05-11T18:00:00Z,32.68,32.81,32.58,32.62,626400
2022-05-11T19:00:00Z,32.62,32.85,32.5,32.84,822700
2022-05-12T13:00:00Z,32.67,32.96,32.28,32.84,323200
2022-05-12T14:00:00Z,32.83,32.98,32.66,32.69,261100
2022-05-12T15:00:00Z,32.71,32.87,32.6,32.62,179600
2022-05-12T16:00:00Z,32.63,32.76,32.5,32.73,232600
2022-05-12T17:00:00Z,32.73,32.75,32.53,32.57,107400
2022-05-12T18:00:00Z,32.58,32.59,32.4,32.45,256900
2022-05-12T19:00:00Z,32.45,32.75,32.39,32.67,267000
2022-05-13T13:00:00Z,32.64,32.78,32.24,32.45,383300
2022-05-13T14:00:00Z,32.46,32.69,32.38,32.57,594300
2022-05-13T15:00:00Z,32.58,32.71,32.46,32.67,298800
2022-05-13T16:00:00Z,32.67,32.91,32.64,32.75,265800
2022-05-13T17:00:00Z,32.76,32.8,32.67,32.75,153500
2022-05-13T18:00:00Z,32.75,32.83,32.66,32.82,140700
2022-05-13T19:00:00Z,32.82,32.85,32.7,32.7,192100
2022-05-16T13:00:00Z,32.71,33.14,32.58,33.08,183900
2022-05-16T14:00:00Z,33.08,33.28,33.02,33.28,234800
2022-05-16T15:00:00Z,33.28,33.43,33.17,33.36,200100
2022-05-16T16:00:00Z,33.35,33.5,33.35,33.46,117500
2022-05-16T17:00:00Z,33.47,33.6,33.39,33.5,185100
2022-05-16T18:00:00Z,33.49,33.55,33.39,33.44,258400
2022-05-16T19:00:00Z,33.44,33.46,33.32,33.41,217300
2022-05-17T13:00:00Z,33.85,34,33.42,33.62,275800
2022-05-17T14:00:00Z,33.61,33.86,33.61,33.66,398300
2022-05-17T15:00:00Z,33.65,33.82,33.6,33.7,225100
2022-05-17T16:00:00Z,33.7,33.9,33.64,33.88,232000
2022-05-17T17:00:00Z,33.87,33.98,33.78,33.78,208200
2022-05-17T18:00:00Z,33.77,33.94,33.66,33.85,364300
2022-05-17T19:00:00Z,33.83,33.93,33.71,33.76,267200
2022-05-18T13:00:00Z,33.93,33.93,33.47,33.63,367500
2022-05-18T14:00:00Z,33.63,33.84,33.6,33.74,401300
2022-05-18T15:00:00Z,33.75,33.75,33.38,33.4,273200
2022-05-18T16:00:00Z,33.41,33.44,33.24,33.31,282700
2022-05-18T17:00:00Z,33.31,33.31,32.9,32.94,350300
2022-05-18T18:00:00Z,32.94,33.09,32.84,33.03,581700
2022-05-18T19:00:00Z,33.04,33.33,32.98,33.2,753300
2022-05-19T13:00:00Z,32.92,33.11,32.69,32.85,248500
2022-05-19T14:00:00Z,32.87,32.93,32.77,32.77,221900
2022-05-19T15:00:00Z,32.76,32.84,32.57,32.78,287600
2022-05-19T16:00:00Z,32.77,32.96,32.76,32.94,194700
2022-05-19T17:00:00Z,32.95,33.11,32.83,33.07,296000
2022-05-19T18:00:00Z,33.07,33.09,32.88,32.91,256500
2022-05-19T19:00:00Z,32.93,32.99,32.8,32.84,552300
2022-05-20T13:00:00Z,33.07,33.07,32.69,32.87,527500
2022-05-20T14:00:00Z,32.87,33.14,32.64,33.08,447400
2022-05-20T15:00:00Z,33.08,33.24,32.96,33.2,394700
2022-05-20T16:00:00Z,33.2,33.25,33.05,33.16,335700
2022-05-20T17:00:00Z,33.16,33.17,32.96,33.14,323400
2022-05-20T18:00:00Z,33.14,33.18,33.04,33.16,364700
2022-05-20T19:00:00Z,33.15,33.18,32.93,33.06,467600
2022-05-23T13:00:00Z,33.27,33.46,33.14,33.37,239800
2022-05-23T14:00:00Z,33.36,33.91,33.29,33.91,258900
2022-05-23T15:00:00Z,33.91,34.19,33.81,34.18,264900
2022-05-23T16:00:00Z,34.18,34.2,34.02,34.12,175700
2022-05-23T17:00:00Z,34.12,34.12,33.96,34.02,167700
2022-05-23T18:00:00Z,34.02,34.1,33.94,34.01,225000
2022-05-23T19:00:00Z,34.02,34.1,33.91,33.98,303800
2022-05-24T13:00:00Z,33.7,34.18,33.59,34,358500
2022-05-24T14:00:00Z,33.99,34.04,33.71,33.87,252400
2022-05-24T15:00:00Z,33.87,33.92,33.62,33.89,239200
2022-05-24T16:00:00Z,33.89,33.98,33.76,33.82,185500
2022-05-24T17:00:00Z,33.83,34.01,33.77,33.98,221800
2022-05-24T18:00:00Z,33.98,34.13,33.68,33.8,630400
2022-05-24T19:00:00Z,33.81,34.33,33.8,34.24,483300
2022-05-25T13:00:00Z,34.05,34.09,33.47,33.5,205200
2022-05-25T14:00:00Z,33.48,33.52,33.04,33.2,547800
2022-05-25T15:00:00Z,33.2,33.3,33.07,33.25,495400
2022-05-25T16:00:00Z,33.25,33.39,33.21,33.33,329900
2022-05-25T17:00:00Z,33.33,33.55,33.3,33.53,293800
2022-05-25T18:00:00Z,33.53,33.58,33.39,33.49,314500
2022-05-25T19:00:00Z,33.49,33.7,33.43,33.49,340300
2022-05-26T13:00:00Z,33.41,33.53,33.3,33.44,128900
2022-05-26T14:00:00Z,33.43,33.54,33.35,33.38,127800
2022-05-26T15:00:00Z,33.37,33.56,33.35,33.54,127600
2022-05-26T16:00:00Z,33.53,33.58,33.48,33.52,75600
2022-05-26T17:00:00Z,33.51,33.54,33.43,33.5,87700
2022-05-26T18:00:00Z,33.49,33.6,33.47,33.49,145700
2022-05-26T19:00:00Z,33.48,33.52,33.4,33.4,199900
2022-05-27T13:00:00Z,33.37,33.53,33.08,33.51,185200
2022-05-27T14:00:00Z,33.5,33.7,33.35,33.7,156100
2022-05-27T15:00:00Z,33.71,33.88,33.63,33.81,158100
2022-05-27T16:00:00Z,33.8,33.93,33.77,33.83,89700
2022-05-27T17:00:00Z,33.83,33.91,33.8,33.89,136100
2022-05-27T18:00:00Z,33.89,34.02,33.87,33.98,132800
2022-05-27T19:00:00Z,33.98,34,33.66,33.73,191100
2022-05-30T13:00:00Z,33.8,33.84,33.58,33.65,109800
2022-05-30T14:00:00Z,33.66,33.66,33.16,33.26,89700
2022-05-30T15:00:00Z,33.24,33.54,33.23,33.38,171300
2022-05-30T16:00:00Z,33.38,33.47,33.36,33.43,55800
2022-05-30T17:00:00Z,33.43,33.43,33.35,33.36,47600
2022-05-30T18:00:00Z,33.34,33.49,33.34,33.4,88800
2022-05-30T19:00:00Z,33.41,33.57,33.35,33.56,108900
2022-05-31T13:00:00Z,33.77,33.78,33.32,33.65,232300
2022-05-31T14:00:00Z,33.65,33.75,33.52,33.72,214600
2022-05-31T15:00:00Z,33.73,33.96,33.5,33.95,334300
2022-05-31T16:00:00Z,33.94,33.95,33.81,33.85,142300
2022-05-31T17:00:00Z,33.85,33.87,33.71,33.85,187200
2022-05-31T18:00:00Z,33.85,33.85,33.5,33.6,473200
2022-05-31T19:00:00Z,33.61,33.63,33.42,33.52,455400
2022-06-01T13:00:00Z,33.73,33.75,33.45,33.52,148300
2022-06-01T14:00:00Z,33.51,33.58,33.05,33.37,179600
2022-06-01T15:00:00Z,33.36,33.38,33.01,33.03,168900
2022-06-01T16:00:00Z,33.05,33.05,32.82,32.87,225900
2022-06-01T17:00:00Z,32.89,33.06,32.86,32.92,172700
2022-06-01T18:00:00Z,32.92,33.03,32.85,32.85,207600
2022-06-01T19:00:00Z,32.85,33.03,32.82,32.9,279000
2022-06-02T13:00:00Z,32.92,33.21,32.35,32.43,258600
2022-06-02T14:00:00Z,32.42,32.59,32.27,32.43,304000
2022-06-02T15:00:00Z,32.43,32.62,32.43,32.5,141000
2022-06-02T16:00:00Z,32.5,32.64,32.49,32.59,180200
2022-06-02T17:00:00Z,32.59,32.73,32.45,32.72,245600
2022-06-02T18:00:00Z,32.72,32.72,32.42,32.42,315800
2022-06-02T19:00:00Z,32.42,32.6,32.39,32.6,388000
2022-06-03T13:00:00Z,32.32,32.46,32.2,32.31,231800
2022-06-03T14:00:00Z,32.31,32.32,31.95,32.01,311600
2022-06-03T15:00:00Z,32,32.28,31.94,32.25,224900
2022-06-03T16:00:00Z,32.26,32.34,32.23,32.28,158600
2022-06-03T17:00:00Z,32.29,32.29,32.12,32.13,87700
2022-06-03T18:00:00Z,32.12,32.15,32.07,32.13,94700
2022-06-03T19:00:00Z,32.12,32.18,32.04,32.13,155000
2022-06-06T13:00:00Z,32.42,32.45,32.25,32.4,122200
2022-06-06T14:00:00Z,32.4,32.44,31.99,32.02,130100
2022-06-06T15:00:00Z,32.03,32.13,31.95,32.1,115400
2022-06-06T16:00:00Z,32.1,32.11,31.97,32.08,76900
2022-06-06T17:00:00Z,32.08,32.24,32.02,32.24,105200
2022-06-06T18:00:00Z,32.25,32.27,32.09,32.17,205000
2022-06-06T19:00:00Z,32.17,32.23,32.11,32.12,225900
2022-06-07T13:00:00Z,31.9,32.23,31.62,31.79,384200
2022-06-07T14:00:00Z,31.78,31.84,31.64,31.71,244600
2022-06-07T15:00:00Z,31.72,31.92,31.7,31.83,383500
2022-06-07T16:00:00Z,31.83,31.92,31.81,31.86,112500
2022-06-07T17:00:00Z,31.87,31.9,31.72,31.79,133300
2022-06-07T18:00:00Z,31.78,31.89,31.77,31.84,136300
2022-06-07T19:00:00Z,31.84,31.91,31.77,31.77,258300
2022-06-08T13:00:00Z,31.63,31.91,31.63,31.84,141000
2022-06-08T14:00:00Z,31.83,31.85,31.6,31.74,136100
2022-06-08T15:00:00Z,31.73,31.78,31.69,31.72,112400
2022-06-08T16:00:00Z,31.72,31.8,31.56,31.62,123900
2022-06-08T17:00:00Z,31.61,31.66,31.56,31.62,90800
2022-06-08T18:00:00Z,31.62,31.67,31.41,31.48,192500
2022-06-08T19:00:00Z,31.48,31.64,31.23,31.33,501800
2022-06-09T13:00:00Z,31.47,31.48,31.22,31.39,186800
2022-06-09T14:00:00Z,31.39,31.58,31.3,31.38,252500
2022-06-09T15:00:00Z,31.39,31.47,31.34,31.44,164500
2022-06-09T16:00:00Z,31.43,31.69,31.43,31.68,323800
2022-06-09T17:00:00Z,31.67,31.69,31.48,31.57,113600
2022-06-09T18:00:00Z,31.56,31.7,31.49,31.6,712600
2022-06-09T19:00:00Z,31.58,31.61,31.37,31.49,656600
2022-06-10T13:00:00Z,31.36,31.4,30.75,30.85,415200
2022-06-10T14:00:00Z,30.86,30.94,30.7,30.84,248600
2022-06-10T15:00:00Z,30.84,30.95,30.77,30.94,345500
2022-06-10T16:00:00Z,30.93,31.25,30.93,31.18,558600
2022-06-10T17:00:00Z,31.18,31.3,31.06,31.15,488800
2022-06-10T18:00:00Z,31.14,31.32,31.11,31.11,444300
2022-06-10T19:00:00Z,31.11,31.3,31.02,31.26,628900
2022-06-13T13:00:00Z,30.72,31.06,30.58,30.65,470500
2022-06-13T14:00:00Z,30.65,30.72,30.53,30.7,268200
2022-06-13T15:00:00Z,30.71,30.8,30.64,30.7,689500
2022-06-13T16:00:00Z,30.7,30.79,30.55,30.57,262700
2022-06-13T17:00:00Z,30.57,30.57,30.41,30.43,310700
2022-06-13T18:00:00Z,30.44,30.53,30.35,30.41,319900
2022-06-13T19:00:00Z,30.41,30.46,30.29,30.3,733100
2022-06-14T13:00:00Z,30.41,30.84,30.41,30.78,239400
2022-06-14T14:00:00Z,30.79,30.8,30.44,30.51,360600
2022-06-14T15:00:00Z,30.52,30.57,30.4,30.44,209100
2022-06-14T16:00:00Z,30.43,30.43,30.2,30.29,200900
2022-06-14T17:00:00Z,30.29,30.45,30.2,30.21,129200
2022-06-14T18:00:00Z,30.21,30.25,30.06,30.11,172900
2022-06-14T19:00:00Z,30.11,30.33,30.08,30.22,201600
2022-06-15T13:00:00Z,30.44,30.87,30.44,30.85,334700
2022-06-15T14:00:00Z,30.85,30.88,30.67,30.86,241400
2022-06-15T15:00:00Z,30.88,30.89,30.62,30.64,118200
2022-06-15T16:00:00Z,30.65,30.67,30.53,30.55,127300
2022-06-15T17:00:00Z,30.55,30.65,30.48,30.6,233600
2022-06-15T18:00:00Z,30.6,30.79,30.3,30.61,451900
2022-06-15T19:00:00Z,30.61,30.68,30.41,30.48,326600
2022-06-17T13:00:00Z,30.09,30.44,29.93,30.08,323700
2022-06-17T14:00:00Z,30.08,30.09,29.36,29.53,891100
2022-06-17T15:00:00Z,29.52,29.77,29.5,29.72,258000
2022-06-17T16:00:00Z,29.72,29.89,29.66,29.88,198000
2022-06-17T17:00:00Z,29.88,30,29.83,29.88,226700
2022-06-17T18:00:00Z,29.88,30.1,29.86,29.98,224800
2022-06-17T19:00:00Z,29.99,30.24,29.95,30.1,220400
2022-06-20T13:00:00Z,30.14,30.63,30.14,30.4,129600
2022-06-20T14:00:00Z,30.4,30.76,30.4,30.71,202000
2022-06-20T15:00:00Z,30.7,30.8,30.7,30.73,93800
2022-06-20T16:00:00Z,30.71,30.84,30.71,30.8,93100
2022-06-20T17:00:00Z,30.78,30.98,30.77,30.96,141600
2022-06-20T18:00:00Z,30.95,30.97,30.71,30.73,107800
2022-06-20T19:00:00Z,30.71,30.99,30.6,30.99,114200
2022-06-21T13:00:00Z,30.76,30.77,30.49,30.67,225000
2022-06-21T14:00:00Z,30.66,30.68,30.36,30.46,158700
2022-06-21T15:00:00Z,30.46,30.62,30.37,30.41,127300
2022-06-21T16:00:00Z,30.41,30.46,30.32,30.41,107400
2022-06-21T17:00:00Z,30.41,30.48,30.28,30.29,169300
2022-06-21T18:00:00Z,30.27,30.7,30.25,30.7,330500
2022-06-21T19:00:00Z,30.7,31.04,30.62,30.9,1054600
2022-06-22T13:00:00Z,30.51,30.75,30.39,30.61,320300
2022-06-22T14:00:00Z,30.61,30.74,30.56,30.59,178800
2022-06-22T15:00:00Z,30.59,30.68,30.53,30.62,110700
2022-06-22T16:00:00Z,30.62,30.63,30.37,30.38,88000
2022-06-22T17:00:00Z,30.38,30.48,30.32,30.37,188300
2022-06-22T18:00:00Z,30.37,30.51,30.34,30.5,137400
2022-06-22T19:00:00Z,30.5,30.53,30.24,30.26,242900
2022-06-23T13:00:00Z,30.34,30.43,29.61,29.7,374000
2022-06-23T14:00:00Z,29.68,29.87,29.64,29.86,245900
2022-06-23T15:00:00Z,29.86,29.99,29.62,29.71,314600
2022-06-23T16:00:00Z,29.7,29.72,29.6,29.64,171500
2022-06-23T17:00:00Z,29.63,29.73,29.54,29.63,257800
2022-06-23T18:00:00Z,29.63,29.66,29.55,29.58,243800
2022-06-23T19:00:00Z,29.59,29.67,29.51,29.67,379200
2022-06-24T13:00:00Z,29.68,29.84,29.5,29.71,227200
2022-06-24T14:00:00Z,29.71,29.91,29.69,29.72,266400
2022-06-24T15:00:00Z,29.72,29.78,29.65,29.67,147300
2022-06-24T16:00:00Z,29.65,29.7,29.62,29.69,105300
2022-06-24T17:00:00Z,29.69,29.71,29.53,29.53,140600
2022-06-24T18:00:00Z,29.54,29.66,29.48,29.49,186900
2022-06-24T19:00:00Z,29.49,29.56,29.44,29.56,172100
2022-06-27T13:00:00Z,29.58,29.81,29.51,29.76,148300
2022-06-27T14:00:00Z,29.76,29.89,29.73,29.89,128500
2022-06-27T15:00:00Z,29.89,30,29.8,29.81,77400
2022-06-27T16:00:00Z,29.81,29.88,29.74,29.8,88600
2022-06-27T17:00:00Z,29.8,29.84,29.73,29.83,104900
2022-06-27T18:00:00Z,29.83,29.91,29.79,29.85,75500
2022-06-27T19:00:00Z,29.85,29.88,29.77,29.87,131500
2022-06-28T13:00:00Z,30,30.32,29.96,30.16,157400
2022-06-28T14:00:00Z,30.14,30.21,30.01,30.21,122600
2022-06-28T15:00:00Z,30.21,30.32,29.91,29.91,229500
2022-06-28T16:00:00Z,29.9,29.94,29.82,29.85,109600
2022-06-28T17:00:00Z,29.84,29.84,29.68,29.73,111600
2022-06-28T18:00:00Z,29.74,29.84,29.65,29.79,113100
2022-06-28T19:00:00Z,29.79,29.89,29.74,29.8,123600
2022-06-29T13:00:00Z,29.9,30.09,29.62,29.64,223600
2022-06-29T14:00:00Z,29.64,29.68,29.45,29.48,217700
2022-06-29T15:00:00Z,29.48,29.48,29.27,29.3,199400
2022-06-29T16:00:00Z,29.3,29.32,29.2,29.29,195200
2022-06-29T17:00:00Z,29.29,29.31,29.21,29.3,160000
2022-06-29T18:00:00Z,29.3,29.35,29.24,29.26,179600
2022-06-29T19:00:00Z,29.25,29.31,29.22,29.27,295600
2022-06-30T13:00:00Z,29.11,29.18,28.71,28.95,490700
2022-06-30T14:00:00Z,28.94,29.13,28.91,29.13,235400
2022-06-30T15:00:00Z,29.13,29.14,28.98,29.12,205000
2022-06-30T16:00:00Z,29.13,29.19,29.08,29.12,219100
2022-06-30T17:00:00Z,29.12,29.13,28.93,29,258800
2022-06-30T18:00:00Z,29.01,29.01,28.77,28.78,317100
2022-06-30T19:00:00Z,28.78,28.89,28.74,28.76,788000
2022-07-01T13:00:00Z,28.7,29.03,28.51,28.74,333500
2022-07-01T14:00:00Z,28.75,28.84,28.53,28.79,268100
2022-07-01T15:00:00Z,28.8,29.02,28.79,28.82,248200
2022-07-01T16:00:00Z,28.83,28.96,28.78,28.86,121500
2022-07-01T17:00:00Z,28.86,29.02,28.81,28.98,135900
2022-07-01T18:00:00Z,28.98,29.24,28.96,29.16,204300
2022-07-01T19:00:00Z,29.16,29.27,29.13,29.14,226400
2022-07-04T13:00:00Z,28.92,29.09,28.83,28.85,97500
2022-07-04T14:00:00Z,28.84,28.98,28.77,28.9,114700
2022-07-04T15:00:00Z,28.9,29.02,28.9,28.9,65800
2022-07-04T16:00:00Z,28.91,28.98,28.83,28.96,47200
2022-07-04T17:00:00Z,28.96,29.02,28.85,28.85,114700
2022-07-04T18:00:00Z,28.85,28.85,28.79,28.8,70600
2022-07-04T19:00:00Z,28.8,28.81,28.65,28.75,141200
2022-07-05T13:00:00Z,28.6,28.73,28.13,28.33,495900
2022-07-05T14:00:00Z,28.32,28.53,28.29,28.35,461800
2022-07-05T15:00:00Z,28.35,28.35,28.05,28.1,1832000
2022-07-05T16:00:00Z,28.11,28.32,28.09,28.24,437800
2022-07-05T17:00:00Z,28.23,28.48,28.23,28.42,197800
2022-07-05T18:00:00Z,28.43,28.6,28.4,28.56,298900
2022-07-05T19:00:00Z,28.56,28.77,28.54,28.64,557600
2022-07-06T13:00:00Z,28.55,29.07,28.47,28.77,285200
2022-07-06T14:00:00Z,28.77,28.89,28.48,28.56,421100
2022-07-06T15:00:00Z,28.56,28.59,28.4,28.58,239300
2022-07-06T16:00:00Z,28.58,28.58,28.41,28.44,95400
2022-07-06T17:00:00Z,28.43,28.49,28.34,28.38,186900
2022-07-06T18:00:00Z,28.38,28.48,28.3,28.37,246500
2022-07-06T19:00:00Z,28.36,28.55,28.33,28.48,213300
2022-07-07T13:00:00Z,28.67,28.8,28.5,28.61,341900
2022-07-07T14:00:00Z,28.61,28.64,28.33,28.34,447600
2022-07-07T15:00:00Z,28.33,28.57,28.32,28.47,319900
2022-07-07T16:00:00Z,28.47,28.47,28.38,28.45,273700
2022-07-07T17:00:00Z,28.44,28.45,28.33,28.38,309800
2022-07-07T18:00:00Z,28.37,28.67,28.37,28.64,454600
2022-07-07T19:00:00Z,28.65,28.65,28.5,28.56,257900
2022-07-08T13:00:00Z,28.55,28.78,28.54,28.54,152500
2022-07-08T14:00:00Z,28.53,28.63,28.36,28.57,403300
2022-07-08T15:00:00Z,28.58,28.65,28.52,28.58,257900
2022-07-08T16:00:00Z,28.59,28.63,28.45,28.46,175600
2022-07-08T17:00:00Z,28.46,28.5,28.39,28.43,204900
2022-07-08T18:00:00Z,28.44,28.57,28.42,28.54,281700
2022-07-08T19:00:00Z,28.54,28.56,28.4,28.49,336500
2022-07-11T13:00:00Z,28.29,28.46,28.17,28.27,377700
2022-07-11T14:00:00Z,28.26,28.32,28.15,28.16,211700
2022-07-11T15:00:00Z,28.16,28.2,28.13,28.15,121200
2022-07-11T16:00:00Z,28.14,28.18,28.03,28.09,263900
2022-07-11T17:00:00Z,28.09,28.11,27.91,27.97,264900
2022-07-11T18:00:00Z,27.97,27.99,27.76,27.79,436200
2022-07-11T19:00:00Z,27.78,27.91,27.73,27.88,415400
2022-07-12T13:00:00Z,27.96,28.07,27.6,27.61,304000
2022-07-12T14:00:00Z,27.6,27.75,27.54,27.7,407500
2022-07-12T15:00:00Z,27.7,27.9,27.65,27.83,433100
2022-07-12T16:00:00Z,27.83,27.94,27.73,27.89,192300
2022-07-12T17:00:00Z,27.88,27.88,27.76,27.83,117400
2022-07-12T18:00:00Z,27.82,27.82,27.74,27.78,161800
2022-07-12T19:00:00Z,27.76,27.8,27.64,27.68,212900
2022-07-13T13:00:00Z,27.7,27.76,27.43,27.51,578300
2022-07-13T14:00:00Z,27.51,27.57,27.31,27.56,674500
2022-07-13T15:00:00Z,27.55,27.6,27.4,27.4,133400
2022-07-13T16:00:00Z,27.41,27.57,27.39,27.56,2173800
2022-07-13T17:00:00Z,27.54,27.65,27.5,27.58,266600
2022-07-13T18:00:00Z,27.57,27.6,27.42,27.48,237400
2022-07-13T19:00:00Z,27.48,27.48,27.18,27.31,634700
2022-07-14T13:00:00Z,27.15,27.24,26.76,26.92,744500
2022-07-14T14:00:00Z,26.91,26.93,26.68,26.82,433100
2022-07-14T15:00:00Z,26.82,26.93,26.79,26.93,169200
2022-07-14T16:00:00Z,26.92,26.96,26.75,26.8,143500
2022-07-14T17:00:00Z,26.8,26.84,26.56,26.64,335700
2022-07-14T18:00:00Z,26.63,26.95,26.62,26.91,472200
2022-07-14T19:00:00Z,26.92,26.95,26.84,26.86,430200
2022-07-15T13:00:00Z,26.98,26.98,26.65,26.83,408700
2022-07-15T14:00:00Z,26.85,27.3,26.84,27.17,389000
2022-07-15T15:00:00Z,27.16,27.26,27.14,27.2,98900
2022-07-15T16:00:00Z,27.2,27.22,27.13,27.14,207400
2022-07-15T17:00:00Z,27.15,27.29,27.11,27.26,264300
2022-07-15T18:00:00Z,27.26,27.29,27.14,27.16,359200
2022-07-15T19:00:00Z,27.17,27.17,27.02,27.11,737400
2022-07-18T13:00:00Z,27.3,27.5,27.17,27.35,222500
2022-07-18T14:00:00Z,27.34,27.57,27.32,27.57,197600
2022-07-18T15:00:00Z,27.55,27.58,27.47,27.49,144900
2022-07-18T16:00:00Z,27.48,27.59,27.43,27.52,107500
2022-07-18T17:00:00Z,27.52,27.56,27.34,27.35,147500
2022-07-18T18:00:00Z,27.34,27.56,27.33,27.53,313600
2022-07-18T19:00:00Z,27.51,27.51,27.39,27.46,368300
2022-07-19T13:00:00Z,27.63,27.81,27.32,27.69,345200
2022-07-19T14:00:00Z,27.69,28.13,27.67,28.08,367000
2022-07-19T15:00:00Z,28.08,28.14,28.03,28.04,150000
2022-07-19T16:00:00Z,28.04,28.16,28.03,28.15,147900
2022-07-19T17:00:00Z,28.14,28.26,28.13,28.26,136700
2022-07-19T18:00:00Z,28.25,28.29,28.19,28.24,216300
2022-07-19T19:00:00Z,28.24,28.43,28.23,28.43,337000
2022-07-20T13:00:00Z,28.4,28.56,28.22,28.37,194400
2022-07-20T14:00:00Z,28.35,28.5,28.26,28.39,193600
2022-07-20T15:00:00Z,28.4,28.4,28.12,28.26,157400
2022-07-20T16:00:00Z,28.25,28.35,28.2,28.29,151400
2022-07-20T17:00:00Z,28.28,28.31,28.05,28.06,210000
2022-07-20T18:00:00Z,28.05,28.22,28.05,28.21,308700
2022-07-20T19:00:00Z,28.21,28.3,28.14,28.3,514600
2022-07-21T13:00:00Z,28.07,28.28,27.93,28.16,267200
2022-07-21T14:00:00Z,28.16,28.17,27.92,28.05,596300
2022-07-21T15:00:00Z,28.04,28.49,28.02,28.37,241200
2022-07-21T16:00:00Z,28.37,28.49,28.34,28.44,119000
2022-07-21T17:00:00Z,28.44,28.46,28.22,28.26,84900
2022-07-21T18:00:00Z,28.27,28.35,28.23,28.27,76100
2022-07-21T19:00:00Z,28.27,28.35,28.26,28.3,337200
2022-07-22T13:00:00Z,28.43,28.44,27.66,27.68,476100
2022-07-22T14:00:00Z,27.68,27.86,27.61,27.77,787400
2022-07-22T15:00:00Z,27.76,27.78,27.44,27.46,399200
2022-07-22T16:00:00Z,27.47,27.53,27.34,27.52,296400
2022-07-22T17:00:00Z,27.52,27.52,27.35,27.4,269100
2022-07-22T18:00:00Z,27.41,27.41,27.28,27.35,317900
2022-07-22T19:00:00Z,27.35,27.5,27.35,27.47,318200
2022-07-25T13:00:00Z,27.65,27.89,27.65,27.89,276600
2022-07-25T14:00:00Z,27.89,28.07,27.81,27.89,414900
2022-07-25T15:00:00Z,27.89,27.99,27.86,27.95,185500
2022-07-25T16:00:00Z,27.95,28.07,27.95,28,105600
2022-07-25T17:00:00Z,27.99,28.05,27.85,27.9,202800
2022-07-25T18:00:00Z,27.91,27.96,27.86,27.94,170100
2022-07-25T19:00:00Z,27.93,28,27.88,28,272900
2022-07-26T13:00:00Z,28,28.18,27.8,28.12,228200
2022-07-26T14:00:00Z,28.13,28.22,28,28.16,278800
2022-07-26T15:00:00Z,28.16,28.18,27.84,27.94,218800
2022-07-26T16:00:00Z,27.94,27.99,27.88,27.95,97500
2022-07-26T17:00:00Z,27.94,28.02,27.86,27.87,166200
2022-07-26T18:00:00Z,27.87,27.87,27.68,27.69,357100
2022-07-26T19:00:00Z,27.69,27.92,27.68,27.89,257100
2022-07-27T13:00:00Z,28.17,28.17,27.78,27.85,254600
2022-07-27T14:00:00Z,27.84,27.92,27.72,27.81,354300
2022-07-27T15:00:00Z,27.8,27.88,27.77,27.86,347300
2022-07-27T16:00:00Z,27.85,27.93,27.8,27.8,118900
2022-07-27T17:00:00Z,27.8,27.84,27.76,27.79,192100
2022-07-27T18:00:00Z,27.78,27.95,27.73,27.88,367400
2022-07-27T19:00:00Z,27.88,27.92,27.8,27.87,302200
2022-07-28T13:00:00Z,27.53,28.03,26.97,27.99,2026700
2022-07-28T14:00:00Z,27.98,28.08,27.72,27.8,580000
2022-07-28T15:00:00Z,27.8,28.1,27.8,27.97,310600
2022-07-28T16:00:00Z,27.97,27.97,27.84,27.91,211200
2022-07-28T17:00:00Z,27.92,28.14,27.89,28,279600
2022-07-28T18:00:00Z,28,28.3,27.95,28.22,331700
2022-07-28T19:00:00Z,28.22,28.53,28.17,28.39,707500
2022-07-29T13:00:00Z,28.53,28.53,28.18,28.32,345600
2022-07-29T14:00:00Z,28.31,28.86,28.24,28.66,680800
2022-07-29T15:00:00Z,28.67,28.8,28.56,28.56,288300
2022-07-29T16:00:00Z,28.56,28.69,28.46,28.64,217800
2022-07-29T17:00:00Z,28.64,28.76,28.62,28.67,247800
2022-07-29T18:00:00Z,28.66,28.7,28.62,28.66,343800
2022-07-29T19:00:00Z,28.66,28.66,28.35,28.39,460100
2022-08-01T13:00:00Z,28.29,28.33,27.85,27.85,250700
2022-08-01T14:00:00Z,27.85,27.97,27.62,27.85,381900
2022-08-01T15:00:00Z,27.86,27.86,27.67,27.72,680100
2022-08-01T16:00:00Z,27.7,27.84,27.69,27.76,304700
2022-08-01T17:00:00Z,27.75,27.79,27.56,27.6,510000
2022-08-01T18:00:00Z,27.6,27.68,27.51,27.65,380400
2022-08-01T19:00:00Z,27.65,27.79,27.59,27.72,732200
2022-08-02T13:00:00Z,27.72,27.98,27.58,27.76,252400
2022-08-02T14:00:00Z,27.75,28.03,27.62,27.98,551300
2022-08-02T15:00:00Z,27.99,28.16,27.95,28.09,400800
2022-08-02T16:00:00Z,28.09,28.12,27.98,27.99,213100
2022-08-02T17:00:00Z,27.99,28,27.76,27.79,267700
2022-08-02T18:00:00Z,27.78,27.98,27.7,27.95,470900
2022-08-02T19:00:00Z,27.94,27.94,27.71,27.74,485300
2022-08-03T13:00:00Z,27.86,28.26,27.78,28.13,515500
2022-08-03T14:00:00Z,28.13,28.27,27.99,28.19,504800
2022-08-03T15:00:00Z,28.2,28.43,28.17,28.31,564800
2022-08-03T16:00:00Z,28.31,28.39,28.22,28.25,250400
2022-08-03T17:00:00Z,28.24,28.47,28.2,28.38,304100
2022-08-03T18:00:00Z,28.38,28.42,28.34,28.37,372400
2022-08-03T19:00:00Z,28.37,28.39,28.25,28.29,447100
2022-08-04T13:00:00Z,28.55,28.73,28.44,28.45,237900
2022-08-04T14:00:00Z,28.46,28.56,28.34,28.5,210800
2022-08-04T15:00:00Z,28.5,28.61,28.41,28.54,115800
2022-08-04T16:00:00Z,28.53,28.66,28.52,28.63,98900
2022-08-04T17:00:00Z,28.64,28.77,28.61,28.66,120300
2022-08-04T18:00:00Z,28.67,28.71,28.5,28.62,320100
2022-08-04T19:00:00Z,28.62,28.8,28.61,28.65,197500
2022-08-05T13:00:00Z,28.83,29.09,28.49,28.82,257400
2022-08-05T14:00:00Z,28.82,29.35,28.76,29.33,654600
2022-08-05T15:00:00Z,29.33,29.34,29,29.02,371400
2022-08-05T16:00:00Z,29.01,29.24,29.01,29.22,131700
2022-08-05T17:00:00Z,29.21,29.31,29.19,29.21,181100
2022-08-05T18:00:00Z,29.21,29.23,29.07,29.12,240600
2022-08-05T19:00:00Z,29.13,29.29,29.1,29.29,362000
2022-08-08T13:00:00Z,29.39,29.5,29.19,29.37,374000
2022-08-08T14:00:00Z,29.37,29.42,29.18,29.41,233700
2022-08-08T15:00:00Z,29.41,29.63,29.35,29.4,274800
2022-08-08T16:00:00Z,29.41,29.53,29.35,29.49,154800
2022-08-08T17:00:00Z,29.49,29.51,29.3,29.36,295400
2022-08-08T18:00:00Z,29.36,29.36,29.21,29.24,358000
2022-08-08T19:00:00Z,29.26,29.4,29.21,29.4,343700
2022-08-09T13:00:00Z,29.46,29.88,29.44,29.56,426400
2022-08-09T14:00:00Z,29.53,29.59,29.31,29.54,360900
2022-08-09T15:00:00Z,29.53,29.73,29.48,29.68,202700
2022-08-09T16:00:00Z,29.68,29.69,29.51,29.56,209500
2022-08-09T17:00:00Z,29.56,29.64,29.37,29.45,320000
2022-08-09T18:00:00Z,29.45,29.59,29.44,29.55,255500
2022-08-09T19:00:00Z,29.53,29.74,29.52,29.56,352000
2022-08-10T13:00:00Z,29.9,30.44,29.66,30.2,767900
2022-08-10T14:00:00Z,30.2,30.23,29.7,30.21,433800
2022-08-10T15:00:00Z,30.22,30.27,30.06,30.13,94400
2022-08-10T16:00:00Z,30.14,30.16,29.97,30.04,160200
2022-08-10T17:00:00Z,30.04,30.11,29.91,29.99,210800
2022-08-10T18:00:00Z,29.99,30.02,29.84,29.95,237900
2022-08-10T19:00:00Z,29.95,30.16,29.94,30.11,257600
2022-08-11T13:00:00Z,30.46,30.53,30.11,30.14,169100
2022-08-11T14:00:00Z,30.16,30.64,30.1,30.61,284700
2022-08-11T15:00:00Z,30.61,30.61,30.37,30.42,204800
2022-08-11T16:00:00Z,30.42,30.59,30.39,30.54,139100
2022-08-11T17:00:00Z,30.55,30.57,30.52,30.56,168100
2022-08-11T18:00:00Z,30.55,30.59,30.39,30.41,236100
2022-08-11T19:00:00Z,30.41,30.47,30.34,30.47,377200
2022-08-12T13:00:00Z,30.52,30.77,30.42,30.46,228800
2022-08-12T14:00:00Z,30.46,30.56,30.35,30.4,127100
2022-08-12T15:00:00Z,30.4,30.48,30.3,30.39,112300
2022-08-12T16:00:00Z,30.39,30.4,30.31,30.32,78700
2022-08-12T17:00:00Z,30.34,30.39,30.32,30.35,47700
2022-08-12T18:00:00Z,30.34,30.4,30.33,30.34,82400
2022-08-12T19:00:00Z,30.34,30.47,30.33,30.41,189900
2022-08-15T13:00:00Z,30.08,30.08,29.64,29.8,345600
2022-08-15T14:00:00Z,29.79,29.96,29.6,29.89,235600
2022-08-15T15:00:00Z,29.88,29.91,29.74,29.81,229500
2022-08-15T16:00:00Z,29.81,29.83,29.68,29.72,150300
2022-08-15T17:00:00Z,29.72,29.79,29.64,29.68,244900
2022-08-15T18:00:00Z,29.69,29.86,29.68,29.75,149900
2022-08-15T19:00:00Z,29.76,29.86,29.68,29.78,291200
2022-08-16T13:00:00Z,29.87,29.99,29.6,29.95,534600
2022-08-16T14:00:00Z,29.96,30.06,29.79,29.79,297800
2022-08-16T15:00:00Z,29.8,29.99,29.76,29.93,132100
2022-08-16T16:00:00Z,29.93,30.03,29.91,29.99,78000
2022-08-16T17:00:00Z,30,30.12,29.95,30.08,98400
2022-08-16T18:00:00Z,30.09,30.14,29.91,29.96,151000
2022-08-16T19:00:00Z,29.96,30.1,29.94,30,250600
2022-08-17T13:00:00Z,29.8,30.18,29.8,30.04,183200
2022-08-17T14:00:00Z,30.03,30.15,29.95,30.05,136900
2022-08-17T15:00:00Z,30.05,30.22,29.95,30,122800
2022-08-17T16:00:00Z,29.99,30.14,29.99,30.08,126100
2022-08-17T17:00:00Z,30.08,30.1,29.97,30.05,192500
2022-08-17T18:00:00Z,30.06,30.27,30.03,30.09,292100
2022-08-17T19:00:00Z,30.1,30.18,30,30.11,190100
2022-08-18T13:00:00Z,30.19,30.26,30,30.13,164000
2022-08-18T14:00:00Z,30.13,30.23,30.1,30.16,157900
2022-08-18T15:00:00Z,30.14,30.21,30.13,30.17,185400
2022-08-18T16:00:00Z,30.16,30.2,30.13,30.14,144900
2022-08-18T17:00:00Z,30.15,30.24,30.14,30.22,111300
2022-08-18T18:00:00Z,30.22,30.33,30.2,30.32,190700
2022-08-18T19:00:00Z,30.32,30.47,30.29,30.3,478300
2022-08-19T13:00:00Z,30.29,30.36,29.96,29.97,387400
2022-08-19T14:00:00Z,29.98,30.15,29.94,30.02,337700
2022-08-19T15:00:00Z,30.02,30.05,29.87,29.96,161600
2022-08-19T16:00:00Z,29.94,30.05,29.89,30.04,165800
2022-08-19T17:00:00Z,30.03,30.07,30,30.06,155300
2022-08-19T18:00:00Z,30.07,30.07,29.88,29.94,184700
2022-08-19T19:00:00Z,29.94,30.08,29.91,30,354100
2022-08-22T13:00:00Z,29.77,29.83,29.44,29.7,300200
2022-08-22T14:00:00Z,29.7,29.85,29.51,29.65,173700
2022-08-22T15:00:00Z,29.65,29.72,29.45,29.52,187600
2022-08-22T16:00:00Z,29.52,29.65,29.5,29.6,125800
2022-08-22T17:00:00Z,29.61,29.65,29.52,29.59,117000
2022-08-22T18:00:00Z,29.59,29.67,29.54,29.64,142200
2022-08-22T19:00:00Z,29.65,29.71,29.58,29.71,163800
2022-08-23T13:00:00Z,29.5,29.92,29.5,29.7,192700
2022-08-23T14:00:00Z,29.7,29.83,29.69,29.76,191000
2022-08-23T15:00:00Z,29.76,29.8,29.63,29.64,268400
2022-08-23T16:00:00Z,29.64,29.66,29.56,29.57,98200
2022-08-23T17:00:00Z,29.57,29.64,29.56,29.59,108300
2022-08-23T18:00:00Z,29.59,29.74,29.59,29.74,130700
2022-08-23T19:00:00Z,29.73,29.8,29.67,29.77,231100
2022-08-24T13:00:00Z,29.81,29.98,29.7,29.7,169300
2022-08-24T14:00:00Z,29.71,29.97,29.68,29.87,282100
2022-08-24T15:00:00Z,29.87,29.99,29.85,29.9,144900
2022-08-24T16:00:00Z,29.89,29.9,29.8,29.83,108400
2022-08-24T17:00:00Z,29.82,29.97,29.8,29.94,153500
2022-08-24T18:00:00Z,29.94,29.95,29.81,29.85,213900
2022-08-24T19:00:00Z,29.86,29.92,29.81,29.85,170300
2022-08-25T13:00:00Z,29.94,30.17,29.85,29.94,254600
2022-08-25T14:00:00Z,29.95,30.4,29.93,30.34,425600
2022-08-25T15:00:00Z,30.34,30.4,30.2,30.4,166700
2022-08-25T16:00:00Z,30.4,30.4,30.21,30.28,165500
2022-08-25T17:00:00Z,30.27,30.33,30.22,30.32,159000
2022-08-25T18:00:00Z,30.32,30.34,30.25,30.32,161400
2022-08-25T19:00:00Z,30.32,30.39,30.28,30.29,216100
2022-08-26T13:00:00Z,30.38,30.65,30.3,30.6,249000
2022-08-26T14:00:00Z,30.57,30.62,30.29,30.36,150200
2022-08-26T15:00:00Z,30.35,30.35,30.23,30.3,108300
2022-08-26T16:00:00Z,30.29,30.33,30.18,30.33,94000
2022-08-26T17:00:00Z,30.32,30.32,30.1,30.18,141200
2022-08-26T18:00:00Z,30.19,30.2,30.11,30.19,100500
2022-08-26T19:00:00Z,30.19,30.22,29.97,30.05,415400
2022-08-29T13:00:00Z,29.98,30.19,29.84,29.85,213200
2022-08-29T14:00:00Z,29.84,30.16,29.8,30.08,269200
2022-08-29T15:00:00Z,30.09,30.25,30.08,30.24,150400
2022-08-29T16:00:00Z,30.24,30.25,30.03,30.13,189000
2022-08-29T17:00:00Z,30.13,30.18,30.04,30.12,150200
2022-08-29T18:00:00Z,30.12,30.12,30.01,30.06,135800
2022-08-29T19:00:00Z,30.06,30.14,29.99,30.03,210200
2022-08-30T13:00:00Z,30.15,30.27,30,30.08,291300
2022-08-30T14:00:00Z,30.08,30.32,29.99,30.31,356000
2022-08-30T15:00:00Z,30.31,30.33,30.1,30.1,198900
2022-08-30T16:00:00Z,30.1,30.14,30.03,30.05,169500
2022-08-30T17:00:00Z,30.05,30.13,29.93,30.11,258600
2022-08-30T18:00:00Z,30.11,30.12,29.98,30.02,200700
2022-08-30T19:00:00Z,30.01,30.15,29.94,30.13,281700
2022-08-31T13:00:00Z,30.05,30.33,29.97,30.02,245500
2022-08-31T14:00:00Z,30.02,30.16,29.95,29.95,431200
2022-08-31T15:00:00Z,29.95,29.96,29.81,29.84,249400
2022-08-31T16:00:00Z,29.83,29.86,29.69,29.75,241300
2022-08-31T17:00:00Z,29.75,29.78,29.63,29.68,202100
2022-08-31T18:00:00Z,29.67,29.7,29.52,29.6,306600
2022-08-31T19:00:00Z,29.6,29.74,29.32,29.59,749900
2022-09-01T13:00:00Z,29.43,29.69,29.04,29.14,526100
2022-09-01T14:00:00Z,29.13,29.15,28.8,28.92,363000
2022-09-01T15:00:00Z,28.93,29.1,28.86,28.9,269700
2022-09-01T16:00:00Z,28.9,29.03,28.9,29.03,113400
2022-09-01T17:00:00Z,29.02,29.26,29.02,29.23,111800
2022-09-01T18:00:00Z,29.23,29.43,29.2,29.35,173700
2022-09-01T19:00:00Z,29.35,29.64,29.33,29.56,413300
2022-09-02T13:00:00Z,29.59,29.85,29.59,29.68,294600
2022-09-02T14:00:00Z,29.7,30.08,29.66,29.98,172200
2022-09-02T15:00:00Z,29.98,30,29.88,30,148100
2022-09-02T16:00:00Z,29.99,30.06,29.68,29.73,284400
2022-09-02T17:00:00Z,29.72,29.72,29.54,29.62,141100
2022-09-02T18:00:00Z,29.62,29.77,29.6,29.65,116900
2022-09-02T19:00:00Z,29.66,29.7,29.47,29.49,198100
2022-09-05T13:00:00Z,29.63,29.88,29.63,29.82,161500
2022-09-05T14:00:00Z,29.8,29.86,29.64,29.83,180800
2022-09-05T15:00:00Z,29.83,29.84,29.65,29.73,217200
2022-09-05T16:00:00Z,29.73,29.88,29.72,29.85,66000
2022-09-05T17:00:00Z,29.84,29.98,29.84,29.92,52400
2022-09-05T18:00:00Z,29.93,30.01,29.88,29.89,66600
2022-09-05T19:00:00Z,29.89,30.02,29.82,29.98,292900
2022-09-06T13:00:00Z,29.77,29.99,29.63,29.68,219900
2022-09-06T14:00:00Z,29.65,29.8,29.5,29.57,368100
2022-09-06T15:00:00Z,29.57,29.71,29.53,29.65,204800
2022-09-06T16:00:00Z,29.65,29.75,29.6,29.68,209600
2022-09-06T17:00:00Z,29.69,29.78,29.57,29.75,219000
2022-09-06T18:00:00Z,29.73,29.81,29.65,29.66,235200
2022-09-06T19:00:00Z,29.67,29.81,29.66,29.72,258400
2022-09-08T13:00:00Z,29.99,29.99,29.28,29.6,656700
2022-09-08T14:00:00Z,29.6,29.77,29.53,29.72,232500
2022-09-08T15:00:00Z,29.72,29.79,29.51,29.59,213100
2022-09-08T16:00:00Z,29.59,29.62,29.29,29.55,280200
2022-09-08T17:00:00Z,29.56,29.65,29.5,29.61,132600
2022-09-08T18:00:00Z,29.61,29.75,29.55,29.6,169600
2022-09-08T19:00:00Z,29.59,29.64,29.54,29.55,242700
2022-09-09T13:00:00Z,29.77,30.09,29.74,30.09,152400
2022-09-09T14:00:00Z,30.1,30.36,30.08,30.36,363700
2022-09-09T15:00:00Z,30.35,30.37,30.27,30.32,159100
2022-09-09T16:00:00Z,30.31,30.32,30.08,30.22,321300
2022-09-09T17:00:00Z,30.23,30.37,30.19,30.35,103700
2022-09-09T18:00:00Z,30.36,30.36,30.15,30.2,229100
2022-09-09T19:00:00Z,30.21,30.21,30.03,30.13,212100
2022-09-12T13:00:00Z,30.19,30.97,30.19,30.96,379900
2022-09-12T14:00:00Z,30.92,30.94,30.66,30.69,192800
2022-09-12T15:00:00Z,30.69,30.74,30.58,30.6,99700
2022-09-12T16:00:00Z,30.58,30.62,30.52,30.58,63800
2022-09-12T17:00:00Z,30.56,30.64,30.48,30.58,83800
2022-09-12T18:00:00Z,30.58,30.58,30.47,30.52,106000
2022-09-12T19:00:00Z,30.51,30.54,30.44,30.49,194100
2022-09-13T13:00:00Z,30.4,30.54,30.1,30.41,449400
2022-09-13T14:00:00Z,30.42,30.52,30.15,30.28,364000
2022-09-13T15:00:00Z,30.28,30.34,30.2,30.23,252600
2022-09-13T16:00:00Z,30.23,30.3,30.18,30.25,114700
2022-09-13T17:00:00Z,30.25,30.29,30.22,30.23,120200
2022-09-13T18:00:00Z,30.23,30.3,30.13,30.25,362000
2022-09-13T19:00:00Z,30.25,30.25,30.04,30.16,318700
2022-09-14T13:00:00Z,30.09,30.22,29.87,30.07,216000
2022-09-14T14:00:00Z,30.07,30.25,29.98,30.19,195400
2022-09-14T15:00:00Z,30.2,30.25,30.11,30.11,131600
2022-09-14T16:00:00Z,30.12,30.24,30.09,30.19,98700
2022-09-14T17:00:00Z,30.19,30.2,30.01,30.05,69600
2022-09-14T18:00:00Z,30.05,30.14,29.98,30.06,190200
2022-09-14T19:00:00Z,30.06,30.08,29.89,29.93,211100
2022-09-15T13:00:00Z,29.94,30.37,29.83,30.33,161000
2022-09-15T14:00:00Z,30.31,30.35,29.96,29.97,289000
2022-09-15T15:00:00Z,29.96,30.18,29.95,30.11,112500
2022-09-15T16:00:00Z,30.12,30.13,29.96,29.98,107100
2022-09-15T17:00:00Z,29.98,30.13,29.96,30,102800
2022-09-15T18:00:00Z,30,30.04,29.9,29.93,122900
2022-09-15T19:00:00Z,29.93,29.96,29.76,29.8,432300
2022-09-16T13:00:00Z,29.73,29.86,29.5,29.66,170500
2022-09-16T14:00:00Z,29.65,29.88,29.53,29.57,361900
2022-09-16T15:00:00Z,29.57,29.81,29.49,29.75,436400
2022-09-16T16:00:00Z,29.74,29.75,29.6,29.61,239400
2022-09-16T17:00:00Z,29.62,29.67,29.54,29.67,314300
2022-09-16T18:00:00Z,29.66,29.67,29.49,29.58,448500
2022-09-16T19:00:00Z,29.58,29.74,29.47,29.72,1155600
2022-09-19T13:00:00Z,29.45,29.8,29.29,29.7,577900
2022-09-19T14:00:00Z,29.7,29.99,29.49,29.9,405400
2022-09-19T15:00:00Z,29.89,30.14,29.75,29.99,394000
2022-09-19T16:00:00Z,29.98,30.08,29.94,30.05,281200
2022-09-19T17:00:00Z,30.05,30.26,30,30.25,636700
2022-09-19T18:00:00Z,30.26,30.31,30.13,30.29,369100
2022-09-19T19:00:00Z,30.31,30.66,30.3,30.45,605900
2022-09-20T13:00:00Z,30.36,31.12,30.36,31,369100
2022-09-20T14:00:00Z,31,31.34,30.9,31.3,408300
2022-09-20T15:00:00Z,31.3,31.59,31.29,31.53,360300
2022-09-20T16:00:00Z,31.53,31.56,31.37,31.49,235600
2022-09-20T17:00:00Z,31.47,31.6,31.3,31.32,215300
2022-09-20T18:00:00Z,31.3,31.4,31.25,31.36,243600
2022-09-20T19:00:00Z,31.35,31.47,31.25,31.26,408200
2022-09-21T13:00:00Z,31.28,31.46,31.01,31.05,203600
2022-09-21T14:00:00Z,31.05,31.19,30.86,30.88,273600
2022-09-21T15:00:00Z,30.9,31.11,30.75,31.06,229700
2022-09-21T16:00:00Z,31.07,31.16,30.92,31.14,191300
2022-09-21T17:00:00Z,31.14,31.16,30.97,31.05,260300
2022-09-21T18:00:00Z,31.05,31.38,30.81,31.18,395400
2022-09-21T19:00:00Z,31.17,31.23,30.86,31.04,250400
2022-09-22T13:00:00Z,31.45,31.57,30.73,30.73,248000
2022-09-22T14:00:00Z,30.76,31.17,30.74,31.16,392600
2022-09-22T15:00:00Z,31.16,31.2,30.94,31.05,131800
2022-09-22T16:00:00Z,31.04,31.17,31.01,31.17,84100
2022-09-22T17:00:00Z,31.16,31.44,31.11,31.39,210700
2022-09-22T18:00:00Z,31.38,31.41,31.25,31.38,290900
2022-09-22T19:00:00Z,31.39,31.73,31.37,31.6,626100
2022-09-23T13:00:00Z,31.02,31.26,30.86,30.9,256100
2022-09-23T14:00:00Z,30.88,30.96,30.71,30.82,216600
2022-09-23T15:00:00Z,30.8,30.88,30.63,30.79,190100
2022-09-23T16:00:00Z,30.78,31.21,30.75,31.18,218400
2022-09-23T17:00:00Z,31.18,31.22,30.97,31.19,257300
2022-09-23T18:00:00Z,31.2,31.2,30.89,30.9,357000
2022-09-23T19:00:00Z,30.94,31.2,30.93,31.08,315200
2022-09-26T13:00:00Z,30.8,30.88,30.42,30.51,239800
2022-09-26T14:00:00Z,30.49,30.5,30.17,30.43,249600
2022-09-26T15:00:00Z,30.42,30.44,30.15,30.28,164500
2022-09-26T16:00:00Z,30.27,30.34,30.2,30.32,134100
2022-09-26T17:00:00Z,30.29,30.33,30.13,30.15,131800
2022-09-26T18:00:00Z,30.15,30.26,30.1,30.23,231100
2022-09-26T19:00:00Z,30.19,30.39,30.18,30.3,404400
2022-09-27T13:00:00Z,30.68,30.68,30.05,30.3,289400
2022-09-27T14:00:00Z,30.31,30.43,30.14,30.25,150300
2022-09-27T15:00:00Z,30.25,30.29,30.06,30.15,236200
2022-09-27T16:00:00Z,30.15,30.32,30.05,30.28,181500
2022-09-27T17:00:00Z,30.25,30.3,30.1,30.17,243600
2022-09-27T18:00:00Z,30.16,30.35,30.06,30.33,179000
2022-09-27T19:00:00Z,30.32,30.33,30.09,30.21,278800
2022-09-28T13:00:00Z,30.05,30.33,29.94,30.23,156000
2022-09-28T14:00:00Z,30.24,30.5,30.14,30.29,107500
2022-09-28T15:00:00Z,30.3,30.42,30.16,30.35,108700
2022-09-28T16:00:00Z,30.36,30.51,30.24,30.31,95800
2022-09-28T17:00:00Z,30.31,30.41,30.21,30.29,120800
2022-09-28T18:00:00Z,30.29,30.4,30.22,30.29,197200
2022-09-28T19:00:00Z,30.31,30.39,30.19,30.19,201100
2022-09-29T13:00:00Z,30,30.03,29.62,29.73,286000
2022-09-29T14:00:00Z,29.74,30.01,29.55,30.01,365900
2022-09-29T15:00:00Z,29.99,30.14,29.85,30.02,316400
2022-09-29T16:00:00Z,30.03,30.11,29.87,29.95,359300
2022-09-29T17:00:00Z,29.95,30.1,29.94,30.07,337600
2022-09-29T18:00:00Z,30.07,30.11,29.91,30.01,368100
2022-09-29T19:00:00Z,30.01,30.41,30,30.22,389500
2022-09-30T13:00:00Z,30.09,30.49,30.02,30.47,168600
2022-09-30T14:00:00Z,30.45,30.49,30.24,30.27,175200
2022-09-30T15:00:00Z,30.26,30.36,30.18,30.3,254600
2022-09-30T16:00:00Z,30.3,30.38,30.2,30.24,186400
2022-09-30T17:00:00Z,30.24,30.42,30.19,30.29,168000
2022-09-30T18:00:00Z,30.28,30.41,30.28,30.33,217300
2022-09-30T19:00:00Z,30.33,30.47,30.28,30.38,379700
2022-10-03T13:00:00Z,31.27,31.38,30.7,31.22,478500
2022-10-03T14:00:00Z,31.22,31.79,31.18,31.7,802600
2022-10-03T15:00:00Z,31.7,31.9,31.59,31.73,356200
2022-10-03T16:00:00Z,31.72,31.91,31.71,31.72,190800
2022-10-03T17:00:00Z,31.73,31.85,31.66,31.75,194100
2022-10-03T18:00:00Z,31.74,32.22,31.74,32.14,430900
2022-10-03T19:00:00Z,32.14,32.16,31.9,31.9,249000
2022-10-04T13:00:00Z,32.35,32.52,31.98,32.06,244000
2022-10-04T14:00:00Z,32.06,32.23,31.99,32.14,363000
2022-10-04T15:00:00Z,32.14,32.14,31.95,32.08,184000
2022-10-04T16:00:00Z,32.09,32.24,32.01,32.13,128400
2022-10-04T17:00:00Z,32.13,32.24,32.02,32.16,252500
2022-10-04T18:00:00Z,32.17,32.26,32.12,32.18,227700
2022-10-04T19:00:00Z,32.2,32.2,32.02,32.07,180400
2022-10-05T13:00:00Z,31.86,32.29,31.86,32.25,136100
2022-10-05T14:00:00Z,32.25,32.28,32.06,32.2,119000
2022-10-05T15:00:00Z,32.22,32.35,32.08,32.22,347300
2022-10-05T16:00:00Z,32.23,32.3,32.16,32.22,168800
2022-10-05T17:00:00Z,32.22,32.27,32.11,32.11,153100
2022-10-05T18:00:00Z,32.11,32.27,32.11,32.2,171300
2022-10-05T19:00:00Z,32.21,32.23,32.08,32.2,277300
2022-10-06T13:00:00Z,32.3,32.44,32.09,32.39,127600
2022-10-06T14:00:00Z,32.4,32.52,32.24,32.47,143800
2022-10-06T15:00:00Z,32.45,32.52,32.2,32.22,138700
2022-10-06T16:00:00Z,32.22,32.41,32.16,32.36,135200
2022-10-06T17:00:00Z,32.36,32.37,32.17,32.24,190100
2022-10-06T18:00:00Z,32.24,32.24,31.9,31.92,270200
2022-10-06T19:00:00Z,31.92,32,31.87,31.96,291500
2022-10-07T13:00:00Z,31.71,31.92,31.42,31.46,154200
2022-10-07T14:00:00Z,31.45,31.5,31.24,31.45,157800
2022-10-07T15:00:00Z,31.47,31.51,31.32,31.35,115300
2022-10-07T16:00:00Z,31.34,31.53,31.33,31.53,90200
2022-10-07T17:00:00Z,31.53,31.64,31.42,31.47,182900
2022-10-07T18:00:00Z,31.47,31.6,31.4,31.58,170800
2022-10-07T19:00:00Z,31.58,31.67,31.43,31.48,208500
2022-10-10T13:00:00Z,31.78,31.78,31.19,31.28,313200
2022-10-10T14:00:00Z,31.28,31.35,31.17,31.34,149200
2022-10-10T15:00:00Z,31.35,31.37,31.23,31.29,88900
2022-10-10T16:00:00Z,31.29,31.34,31.19,31.34,141700
2022-10-10T17:00:00Z,31.33,31.35,31.24,31.28,141600
2022-10-10T18:00:00Z,31.28,31.32,31.17,31.18,245700
2022-10-10T19:00:00Z,31.18,31.32,31.1,31.28,324300
2022-10-11T13:00:00Z,31.13,31.31,30.87,30.99,319700
2022-10-11T14:00:00Z,30.99,31.01,30.7,30.82,240600
2022-10-11T15:00:00Z,30.8,31.06,30.8,30.84,227300
2022-10-11T16:00:00Z,30.85,31,30.8,30.83,185000
2022-10-11T17:00:00Z,30.84,30.91,30.69,30.71,242300
2022-10-11T18:00:00Z,30.72,30.73,30.44,30.47,252700
2022-10-11T19:00:00Z,30.47,30.48,30.34,30.43,262700
2022-10-13T13:00:00Z,30.33,30.37,29.9,30,506200
2022-10-13T14:00:00Z,29.99,30.09,29.94,30.02,336300
2022-10-13T15:00:00Z,30,30.35,29.97,30.32,277000
2022-10-13T16:00:00Z,30.34,30.44,30.23,30.39,137900
2022-10-13T17:00:00Z,30.39,30.52,30.34,30.43,150400
2022-10-13T18:00:00Z,30.43,30.52,30.33,30.5,229000
2022-10-13T19:00:00Z,30.5,30.53,30.28,30.31,396800
2022-10-14T13:00:00Z,30.35,30.81,30.35,30.7,496400
2022-10-14T14:00:00Z,30.69,30.78,30.37,30.42,422600
2022-10-14T15:00:00Z,30.43,30.47,30.22,30.28,457600
2022-10-14T16:00:00Z,30.28,30.43,30.22,30.38,285200
2022-10-14T17:00:00Z,30.37,30.41,30.31,30.39,184100
2022-10-14T18:00:00Z,30.38,30.42,30.23,30.24,194800
2022-10-14T19:00:00Z,30.25,30.3,30.01,30.07,307000
2022-10-17T13:00:00Z,30.37,30.43,30.17,30.3,287900
2022-10-17T14:00:00Z,30.31,30.58,30.26,30.54,179300
2022-10-17T15:00:00Z,30.52,30.7,30.5,30.67,174600
2022-10-17T16:00:00Z,30.67,30.69,30.54,30.57,166400
2022-10-17T17:00:00Z,30.57,30.57,30.42,30.44,283800
2022-10-17T18:00:00Z,30.43,30.53,30.4,30.5,122900
2022-10-17T19:00:00Z,30.5,30.55,30.38,30.39,205100
2022-10-18T13:00:00Z,30.69,30.99,30.61,30.7,486500
2022-10-18T14:00:00Z,30.7,30.82,30.54,30.69,277700
2022-10-18T15:00:00Z,30.69,30.69,30.47,30.69,350700
2022-10-18T16:00:00Z,30.68,30.73,30.62,30.7,98600
2022-10-18T17:00:00Z,30.7,30.85,30.65,30.75,117800
2022-10-18T18:00:00Z,30.77,30.85,30.61,30.75,185300
2022-10-18T19:00:00Z,30.73,30.87,30.65,30.8,216700
2022-10-19T13:00:00Z,30.83,31.03,30.75,30.84,226200
2022-10-19T14:00:00Z,30.84,30.93,30.77,30.79,314000
2022-10-19T15:00:00Z,30.82,30.83,30.73,30.74,136700
2022-10-19T16:00:00Z,30.74,30.79,30.67,30.69,134800
2022-10-19T17:00:00Z,30.68,30.71,30.61,30.65,134500
2022-10-19T18:00:00Z,30.65,30.74,30.59,30.74,166100
2022-10-19T19:00:00Z,30.74,30.88,30.69,30.78,172100
2022-10-20T13:00:00Z,31.17,31.34,31.06,31.19,255100
2022-10-20T14:00:00Z,31.19,31.32,31.08,31.17,186500
2022-10-20T15:00:00Z,31.17,31.21,30.98,30.99,162700
2022-10-20T16:00:00Z,30.99,31.09,30.93,31.02,198200
2022-10-20T17:00:00Z,31.01,31.12,30.99,31.12,127800
2022-10-20T18:00:00Z,31.12,31.22,31.02,31.16,172500
2022-10-20T19:00:00Z,31.15,31.21,31.08,31.14,320200
2022-10-21T13:00:00Z,31.22,31.64,31.22,31.54,310300
2022-10-21T14:00:00Z,31.56,31.99,31.54,31.88,224800
2022-10-21T15:00:00Z,31.88,31.88,31.64,31.71,167500
2022-10-21T16:00:00Z,31.71,31.81,31.65,31.67,205400
2022-10-21T17:00:00Z,31.67,31.74,31.56,31.59,324300
2022-10-21T18:00:00Z,31.59,31.81,31.55,31.8,347800
2022-10-21T19:00:00Z,31.79,32.05,31.77,32,361200
2022-10-24T13:00:00Z,30.92,31.13,30.38,30.38,404000
2022-10-24T14:00:00Z,30.38,30.54,30.26,30.37,269700
2022-10-24T15:00:00Z,30.35,30.38,30.16,30.17,267300
2022-10-24T16:00:00Z,30.17,30.19,30.07,30.13,132000
2022-10-24T17:00:00Z,30.13,30.19,29.96,30.15,241400
2022-10-24T18:00:00Z,30.16,30.27,30.13,30.2,240600
2022-10-24T19:00:00Z,30.2,30.38,30.18,30.26,172500
2022-10-25T13:00:00Z,30.19,30.3,29.89,30.22,254800
2022-10-25T14:00:00Z,30.19,30.34,30.07,30.3,183600
2022-10-25T15:00:00Z,30.29,30.45,30.29,30.37,162600
2022-10-25T16:00:00Z,30.36,30.45,30.14,30.16,251400
2022-10-25T17:00:00Z,30.15,30.26,30.09,30.18,254300
2022-10-25T18:00:00Z,30.17,30.23,30,30.02,236700
2022-10-25T19:00:00Z,30.02,30.18,29.94,30.09,358800
2022-10-26T13:00:00Z,28.3,28.78,27.42,28.13,3850800
2022-10-26T14:00:00Z,28.14,28.44,28.14,28.35,1310900
2022-10-26T15:00:00Z,28.35,28.61,28.35,28.38,1168100
2022-10-26T16:00:00Z,28.39,28.44,28.29,28.35,708000
2022-10-26T17:00:00Z,28.34,28.49,28.32,28.43,1124700
2022-10-26T18:00:00Z,28.43,28.49,28.18,28.28,1200000
2022-10-26T19:00:00Z,28.28,28.6,28.27,28.4,2412300
2022-10-27T13:00:00Z,28.45,28.95,28.43,28.92,544100
2022-10-27T14:00:00Z,28.92,29,28.61,28.74,255300
2022-10-27T15:00:00Z,28.73,28.87,28.71,28.84,205100
2022-10-27T16:00:00Z,28.83,29,28.81,29,744500
2022-10-27T17:00:00Z,28.99,29.09,28.83,28.87,521500
2022-10-27T18:00:00Z,28.86,29.03,28.78,29.01,500300
2022-10-27T19:00:00Z,29.01,29.41,28.98,29.13,881700
2022-10-28T13:00:00Z,28.4,28.72,28,28.67,782500
2022-10-28T14:00:00Z,28.68,28.78,28.57,28.68,365800
2022-10-28T15:00:00Z,28.68,28.87,28.63,28.81,382200
2022-10-28T16:00:00Z,28.84,29,28.78,28.97,315500
2022-10-28T17:00:00Z,28.97,28.97,28.82,28.88,305800
2022-10-28T18:00:00Z,28.87,28.91,28.72,28.83,284500
2022-10-28T19:00:00Z,28.81,28.9,28.67,28.73,491600
2022-10-31T13:00:00Z,28.94,29.9,28.57,29.69,918100
2022-10-31T14:00:00Z,29.71,30.02,29.65,30.01,438600
2022-10-31T15:00:00Z,30.01,30.06,29.75,29.78,268300
2022-10-31T16:00:00Z,29.78,29.82,29.33,29.38,240200
2022-10-31T17:00:00Z,29.39,29.57,29.38,29.55,353900
2022-10-31T18:00:00Z,29.57,29.71,29.55,29.62,256200
2022-10-31T19:00:00Z,29.62,29.87,29.58,29.69,449100
2022-11-01T13:00:00Z,29.8,30,29.7,29.7,331900
2022-11-01T14:00:00Z,29.72,29.73,29.3,29.37,378600
2022-11-01T15:00:00Z,29.37,29.48,29.22,29.27,229500
2022-11-01T16:00:00Z,29.29,29.38,29.21,29.3,200200
2022-11-01T17:00:00Z,29.3,29.5,29.3,29.5,581300
2022-11-01T18:00:00Z,29.5,29.58,29.37,29.43,1306600
2022-11-01T19:00:00Z,29.41,29.62,29.28,29.54,640300
2022-11-03T13:00:00Z,29.06,29.18,28.63,28.82,594100
2022-11-03T14:00:00Z,28.85,29.07,28.71,28.98,370800
2022-11-03T15:00:00Z,28.97,29.18,28.95,29.16,720000
2022-11-03T16:00:00Z,29.16,29.25,29.07,29.2,284900
2022-11-03T17:00:00Z,29.2,29.38,29.13,29.28,141900
2022-11-03T18:00:00Z,29.27,29.33,29.2,29.32,135200
2022-11-03T19:00:00Z,29.32,29.33,29.21,29.29,207700
2022-11-04T13:00:00Z,29.58,29.96,29.49,29.68,404600
2022-11-04T14:00:00Z,29.69,29.93,29.48,29.89,277800
2022-11-04T15:00:00Z,29.89,29.96,29.81,29.84,136100
2022-11-04T16:00:00Z,29.84,29.91,29.76,29.8,147800
2022-11-04T17:00:00Z,29.8,29.95,29.72,29.88,380900
2022-11-04T18:00:00Z,29.89,29.9,29.75,29.83,304100
2022-11-04T19:00:00Z,29.82,29.88,29.69,29.8,491300
2022-11-07T13:00:00Z,29.58,30.15,29.57,30.06,121700
2022-11-07T14:00:00Z,30.06,30.19,29.57,29.63,538000
2022-11-07T15:00:00Z,29.63,29.96,29.62,29.84,637900
2022-11-07T16:00:00Z,29.84,30.3,29.81,30.29,417300
2022-11-07T17:00:00Z,30.29,30.43,30.26,30.37,2460000
2022-11-07T18:00:00Z,30.37,30.65,30.27,30.64,662700
2022-11-07T19:00:00Z,30.63,30.77,30.53,30.54,784300
2022-11-07T20:00:00Z,30.54,30.74,30.52,30.65,822400
2022-11-08T13:00:00Z,31.12,31.85,31.04,31.21,495600
2022-11-08T14:00:00Z,31.2,31.33,30.97,31.02,489200
2022-11-08T15:00:00Z,31.02,31.32,30.96,31.23,283300
2022-11-08T16:00:00Z,31.24,31.44,31.17,31.25,198000
2022-11-08T17:00:00Z,31.25,31.27,31.08,31.13,173200
2022-11-08T18:00:00Z,31.12,31.18,31,31.12,264800
2022-11-08T19:00:00Z,31.13,31.16,30.84,30.95,318000
2022-11-08T20:00:00Z,30.95,31.2,30.91,31.17,302500
2022-11-09T13:00:00Z,30.67,30.84,30.38,30.75,360300
2022-11-09T14:00:00Z,30.74,30.82,30.52,30.66,376700
2022-11-09T15:00:00Z,30.7,30.89,30.5,30.52,261100
2022-11-09T16:00:00Z,30.52,30.52,30.28,30.29,332900
2022-11-09T17:00:00Z,30.28,30.28,29.77,29.83,487500
2022-11-09T18:00:00Z,29.83,29.85,29.38,29.51,778600
2022-11-09T19:00:00Z,29.51,29.55,29.14,29.2,531600
2022-11-09T20:00:00Z,29.21,29.33,29.03,29.27,374200
2022-11-10T13:00:00Z,29.01,29.03,28.65,28.7,832200
2022-11-10T14:00:00Z,28.7,28.78,28.3,28.38,670500
2022-11-10T15:00:00Z,28.37,28.53,28.25,28.45,415200
2022-11-10T16:00:00Z,28.44,28.52,28.25,28.4,563800
2022-11-10T17:00:00Z,28.42,28.45,28.11,28.33,299500
2022-11-10T18:00:00Z,28.33,28.49,28.13,28.17,412700
2022-11-10T19:00:00Z,28.14,28.24,28.01,28.08,272900
2022-11-10T20:00:00Z,28.07,28.24,27.95,28.1,272800
2022-11-11T13:00:00Z,28.18,28.89,27.84,28.69,367600
2022-11-11T14:00:00Z,28.72,28.84,28.45,28.68,286200
2022-11-11T15:00:00Z,28.67,28.97,28.57,28.81,415300
2022-11-11T16:00:00Z,28.81,28.87,28.51,28.75,278100
2022-11-11T17:00:00Z,28.75,28.98,28.72,28.72,250600
2022-11-11T18:00:00Z,28.72,29.13,28.59,29.05,325100
2022-11-11T19:00:00Z,29.06,29.13,28.81,28.81,447700
2022-11-11T20:00:00Z,28.83,29,28.73,29,236300
2022-11-14T13:00:00Z,29,29.16,28.79,28.83,243600
2022-11-14T14:00:00Z,28.82,28.97,28.39,28.52,374900
2022-11-14T15:00:00Z,28.53,28.83,28.43,28.82,217200
2022-11-14T16:00:00Z,28.82,28.9,28.71,28.74,287200
2022-11-14T17:00:00Z,28.74,28.86,28.72,28.79,172300
2022-11-14T18:00:00Z,28.78,28.84,28.67,28.78,225900
2022-11-14T19:00:00Z,28.79,29.18,28.68,29.02,336500
2022-11-14T20:00:00Z,29.01,29.11,28.83,28.92,239500
2022-11-16T13:00:00Z,28.78,28.97,28.46,28.65,198000
2022-11-16T14:00:00Z,28.65,28.67,28.33,28.36,309700
2022-11-16T15:00:00Z,28.36,28.39,28.14,28.14,242700
2022-11-16T16:00:00Z,28.14,28.22,28.08,28.2,166900
2022-11-16T17:00:00Z,28.21,28.27,28.09,28.14,147000
2022-11-16T18:00:00Z,28.15,28.15,27.9,27.9,314500
2022-11-16T19:00:00Z,27.91,28.05,27.8,28.02,352000
2022-11-16T20:00:00Z,28.03,28.06,27.84,28,289600
2022-11-17T13:00:00Z,27.79,27.93,27.59,27.72,193300
2022-11-17T14:00:00Z,27.72,28.01,27.61,27.82,326400
2022-11-17T15:00:00Z,27.82,28.24,27.82,28,400700
2022-11-17T16:00:00Z,28,28.05,27.68,27.77,213800
2022-11-17T17:00:00Z,27.76,27.8,27.59,27.61,252500
2022-11-17T18:00:00Z,27.62,27.8,27.57,27.59,252700
2022-11-17T19:00:00Z,27.59,27.85,27.59,27.83,251600
2022-11-17T20:00:00Z,27.81,27.95,27.77,27.94,349800
2022-11-18T13:00:00Z,28.16,28.36,27.96,28.36,154800
2022-11-18T14:00:00Z,28.34,28.58,28.08,28.25,282600
2022-11-18T15:00:00Z,28.25,28.29,28.09,28.21,119500
2022-11-18T16:00:00Z,28.22,28.22,27.85,27.85,126500
2022-11-18T17:00:00Z,27.85,28.01,27.71,27.89,167000
2022-11-18T18:00:00Z,27.88,27.97,27.74,27.74,295400
2022-11-18T19:00:00Z,27.74,27.94,27.74,27.93,217100
2022-11-18T20:00:00Z,27.94,28.05,27.85,27.88,619600
2022-11-21T13:00:00Z,28.13,28.27,28,28.2,124400
2022-11-21T14:00:00Z,28.2,28.2,27.84,27.86,84100
2022-11-21T15:00:00Z,27.87,27.95,27.61,27.68,115400
2022-11-21T16:00:00Z,27.68,27.94,27.61,27.9,116600
2022-11-21T17:00:00Z,27.89,28,27.8,27.83,139100
2022-11-21T18:00:00Z,27.83,27.99,27.82,27.82,150100
2022-11-21T19:00:00Z,27.83,27.92,27.79,27.86,173000
2022-11-21T20:00:00Z,27.86,27.98,27.82,27.88,136100
2022-11-22T13:00:00Z,28,28.3,28,28.15,124800
2022-11-22T14:00:00Z,28.16,28.22,27.86,27.99,136000
2022-11-22T15:00:00Z,27.98,28.19,27.98,28.12,137700
2022-11-22T16:00:00Z,28.11,28.11,27.83,27.9,166400
2022-11-22T17:00:00Z,27.91,28,27.88,27.99,82600
2022-11-22T18:00:00Z,27.99,28.12,27.98,28.03,107200
2022-11-22T19:00:00Z,28.02,28.05,27.74,27.76,209600
2022-11-22T20:00:00Z,27.77,27.93,27.76,27.87,101400
2022-11-23T13:00:00Z,27.75,27.94,27.66,27.73,159600
2022-11-23T14:00:00Z,27.73,27.87,27.68,27.81,148000
2022-11-23T15:00:00Z,27.81,27.97,27.8,27.9,89500
2022-11-23T16:00:00Z,27.91,27.97,27.72,27.77,139300
2022-11-23T17:00:00Z,27.78,27.88,27.74,27.85,60800
2022-11-23T18:00:00Z,27.84,27.91,27.76,27.79,68200
2022-11-23T19:00:00Z,27.85,28.09,27.78,28.04,120100
2022-11-23T20:00:00Z,28.04,28.09,27.95,28.04,158800
2022-11-24T13:00:00Z,28.11,28.3,27.99,28.29,44000
2022-11-24T14:00:00Z,28.3,28.81,28.16,28.8,184200
2022-11-24T15:00:00Z,28.84,29,28.52,28.52,137000
2022-11-24T16:00:00Z,28.52,28.7,28.51,28.57,71400
2022-11-24T17:00:00Z,28.57,28.7,28.53,28.67,43300
2022-11-24T18:00:00Z,28.65,28.73,28.61,28.66,47100
2022-11-24T19:00:00Z,28.66,28.72,28.6,28.65,30500
2022-11-24T20:00:00Z,28.65,28.66,28.54,28.58,51500
2022-11-25T13:00:00Z,28.44,28.53,28.31,28.39,132800
2022-11-25T14:00:00Z,28.4,28.4,27.98,28,314000
2022-11-25T15:00:00Z,28,28.2,27.99,28.2,266100
2022-11-25T16:00:00Z,28.2,28.27,28.08,28.08,272700
2022-11-25T17:00:00Z,28.08,28.09,27.92,28.04,128600
2022-11-25T18:00:00Z,28.05,28.05,27.81,27.84,116200
2022-11-25T19:00:00Z,27.85,27.94,27.8,27.81,115100
2022-11-25T20:00:00Z,27.81,27.92,27.75,27.85,640500
2022-11-28T13:00:00Z,27.71,27.97,27.7,27.82,144900
2022-11-28T14:00:00Z,27.79,27.87,27.59,27.67,151800
2022-11-28T15:00:00Z,27.66,27.73,27.58,27.63,110200
2022-11-28T16:00:00Z,27.64,27.67,27.57,27.58,101000
2022-11-28T17:00:00Z,27.58,27.61,27.52,27.55,141500
2022-11-28T18:00:00Z,27.55,27.59,27.45,27.45,157500
2022-11-28T19:00:00Z,27.45,27.49,27.4,27.41,143600
2022-11-28T20:00:00Z,27.41,27.52,27.38,27.52,163200
2022-11-29T13:00:00Z,27.47,27.6,27.12,27.28,216000
2022-11-29T14:00:00Z,27.29,27.85,27.26,27.85,394600
2022-11-29T15:00:00Z,27.85,28.19,27.85,28.04,383600
2022-11-29T16:00:00Z,28.05,28.06,27.75,27.89,198100
2022-11-29T17:00:00Z,27.89,27.92,27.82,27.86,151200
2022-11-29T18:00:00Z,27.85,27.87,27.7,27.71,188600
2022-11-29T19:00:00Z,27.72,27.72,27.52,27.52,163900
2022-11-29T20:00:00Z,27.53,27.67,27.52,27.63,264300
2022-11-30T13:00:00Z,27.56,27.82,27.53,27.75,206300
2022-11-30T14:00:00Z,27.73,27.81,27.43,27.49,201100
2022-11-30T15:00:00Z,27.49,27.62,27.45,27.58,94200
2022-11-30T16:00:00Z,27.57,27.65,27.5,27.54,69500
2022-11-30T17:00:00Z,27.55,27.55,27.26,27.41,192300
2022-11-30T18:00:00Z,27.42,27.55,27.39,27.5,145500
2022-11-30T19:00:00Z,27.5,27.53,27.39,27.43,128300
2022-11-30T20:00:00Z,27.43,27.6,27.43,27.59,302600
2022-12-01T13:00:00Z,27.65,27.65,27.39,27.45,216200
2022-12-01T14:00:00Z,27.45,27.66,27.45,27.58,146200
2022-12-01T15:00:00Z,27.57,27.57,27.22,27.33,259500
2022-12-01T16:00:00Z,27.33,27.42,27.32,27.39,188700
2022-12-01T17:00:00Z,27.39,27.57,27.33,27.49,126700
2022-12-01T18:00:00Z,27.49,27.67,27.47,27.65,160800
2022-12-01T19:00:00Z,27.65,27.78,27.6,27.73,185500
2022-12-01T20:00:00Z,27.73,27.79,27.68,27.78,216000
2022-12-02T13:00:00Z,27.89,27.89,27.44,27.65,157300
2022-12-02T14:00:00Z,27.63,28.43,27.62,28.4,337200
2022-12-02T15:00:00Z,28.4,28.45,28.03,28.07,517400
2022-12-02T16:00:00Z,28.06,28.22,27.98,28.14,65900
2022-12-02T17:00:00Z,28.14,28.27,28.06,28.11,61100
2022-12-02T18:00:00Z,28.1,28.13,27.88,27.88,78100
2022-12-02T19:00:00Z,27.9,27.97,27.82,27.87,72900
2022-12-02T20:00:00Z,27.87,27.87,27.76,27.78,120300
2022-12-05T13:00:00Z,27.76,27.89,27.53,27.54,144000
2022-12-05T14:00:00Z,27.53,27.58,27.37,27.41,183800
2022-12-05T15:00:00Z,27.4,27.49,27.3,27.4,294300
2022-12-05T16:00:00Z,27.4,27.4,27.26,27.29,172500
2022-12-05T17:00:00Z,27.29,27.35,27.26,27.29,110300
2022-12-05T18:00:00Z,27.29,27.29,27.22,27.23,160300
2022-12-05T19:00:00Z,27.24,27.25,27.18,27.23,143700
2022-12-05T20:00:00Z,27.23,27.27,27.19,27.24,181400
2022-12-06T13:00:00Z,27.4,27.58,27.26,27.57,89900
2022-12-06T14:00:00Z,27.57,27.65,27.31,27.45,81500
2022-12-06T15:00:00Z,27.46,27.62,27.41,27.59,86800
2022-12-06T16:00:00Z,27.59,27.63,27.44,27.49,97700
2022-12-06T17:00:00Z,27.49,27.61,27.48,27.55,61200
2022-12-06T18:00:00Z,27.54,27.62,27.46,27.6,62200
2022-12-06T19:00:00Z,27.6,27.64,27.55,27.6,78100
2022-12-06T20:00:00Z,27.6,27.84,27.57,27.81,99000
2022-12-07T13:00:00Z,27.65,28,27.65,27.82,148700
2022-12-07T14:00:00Z,27.82,28.03,27.68,27.88,108900
2022-12-07T15:00:00Z,27.89,28.15,27.82,27.93,140600
2022-12-07T16:00:00Z,27.93,27.96,27.7,27.8,210600
2022-12-07T17:00:00Z,27.8,27.8,27.7,27.72,153800
2022-12-07T18:00:00Z,27.72,27.8,27.67,27.71,99300
2022-12-07T19:00:00Z,27.7,27.8,27.68,27.8,95000
2022-12-07T20:00:00Z,27.78,28.05,27.78,27.92,353500
2022-12-08T13:00:00Z,27.69,27.8,27.47,27.65,191000
2022-12-08T14:00:00Z,27.66,27.75,27.55,27.72,110500
2022-12-08T15:00:00Z,27.72,27.74,27.38,27.42,120600
2022-12-08T16:00:00Z,27.43,27.46,27.32,27.4,146700
2022-12-08T17:00:00Z,27.4,27.41,27.31,27.39,116300
2022-12-08T18:00:00Z,27.4,27.4,27.31,27.33,105700
2022-12-08T19:00:00Z,27.34,27.39,27.29,27.3,110500
2022-12-08T20:00:00Z,27.31,27.31,27.15,27.2,173400
2022-12-09T13:00:00Z,27.23,27.41,27.2,27.23,232000
2022-12-09T14:00:00Z,27.25,27.33,27.17,27.23,135000
2022-12-09T15:00:00Z,27.23,27.26,27.14,27.24,109200
2022-12-09T16:00:00Z,27.24,27.4,27.24,27.35,71100
2022-12-09T17:00:00Z,27.36,27.39,27.23,27.26,84100
2022-12-09T18:00:00Z,27.26,27.34,27.26,27.34,68500
2022-12-09T19:00:00Z,27.33,27.37,27.22,27.23,203900
2022-12-09T20:00:00Z,27.22,27.24,27.09,27.12,290900
2022-12-12T13:00:00Z,27.05,27.2,26.78,26.81,290000
2022-12-12T14:00:00Z,26.81,26.85,26.4,26.57,518400
2022-12-12T15:00:00Z,26.58,26.74,26.58,26.65,299100
2022-12-12T16:00:00Z,26.65,26.76,26.6,26.63,446600
2022-12-12T17:00:00Z,26.63,26.92,26.63,26.85,178400
2022-12-12T18:00:00Z,26.85,26.85,26.74,26.79,188200
2022-12-12T19:00:00Z,26.79,26.87,26.75,26.84,191400
2022-12-12T20:00:00Z,26.85,26.86,26.75,26.76,1280500
2022-12-13T13:00:00Z,26.95,27.04,26.62,26.68,184400
2022-12-13T14:00:00Z,26.7,26.8,26.46,26.61,218600
2022-12-13T15:00:00Z,26.64,26.78,26.5,26.55,194600
2022-12-13T16:00:00Z,26.54,26.58,26.37,26.47,210400
2022-12-13T17:00:00Z,26.47,26.53,26.32,26.4,191000
2022-12-13T18:00:00Z,26.41,26.47,26.26,26.31,243300
2022-12-13T19:00:00Z,26.32,26.36,25.93,26.09,639400
2022-12-13T20:00:00Z,26.09,26.09,25.91,25.91,283400
2022-12-14T13:00:00Z,25.78,26.01,25.57,25.94,211800
2022-12-14T14:00:00Z,25.94,25.99,25.65,25.65,737000
2022-12-14T15:00:00Z,25.67,25.77,25.66,25.76,432100
2022-12-14T16:00:00Z,25.76,25.77,25.61,25.71,176500
2022-12-14T17:00:00Z,25.71,25.85,25.61,25.83,217400
2022-12-14T18:00:00Z,25.83,25.96,25.78,25.87,642100
2022-12-14T19:00:00Z,25.88,25.96,25.76,25.9,545500
2022-12-14T20:00:00Z,25.9,25.98,25.76,25.8,347600
2022-12-15T13:00:00Z,25.76,26,25.52,25.89,160600
2022-12-15T14:00:00Z,25.89,26.26,25.85,26.01,189200
2022-12-15T15:00:00Z,26,26.01,25.66,25.9,314900
2022-12-15T16:00:00Z,25.91,25.98,25.85,25.98,144600
2022-12-15T17:00:00Z,25.99,26.25,25.94,26.14,166700
2022-12-15T18:00:00Z,26.14,26.15,25.9,25.91,182700
2022-12-15T19:00:00Z,25.92,25.93,25.79,25.84,239900
2022-12-15T20:00:00Z,25.84,25.88,25.58,25.67,355700
2022-12-16T13:00:00Z,25.68,25.99,25.64,25.84,252500
2022-12-16T14:00:00Z,25.84,26.12,25.79,26.07,395200
2022-12-16T15:00:00Z,26.07,26.1,25.86,25.9,231800
2022-12-16T16:00:00Z,25.9,25.92,25.84,25.88,143900
2022-12-16T17:00:00Z,25.89,25.94,25.82,25.86,148300
2022-12-16T18:00:00Z,25.86,25.94,25.84,25.91,92700
2022-12-16T19:00:00Z,25.91,26.02,25.85,25.97,601600
2022-12-16T20:00:00Z,25.96,26,25.87,25.9,220500
2022-12-19T13:00:00Z,26.25,26.62,26.19,26.47,159000
2022-12-19T14:00:00Z,26.48,26.65,26.4,26.41,194800
2022-12-19T15:00:00Z,26.41,26.74,26.41,26.55,199100
2022-12-19T16:00:00Z,26.53,26.68,26.48,26.64,140400
2022-12-19T17:00:00Z,26.64,26.7,26.61,26.69,100600
2022-12-19T18:00:00Z,26.69,26.8,26.62,26.68,146100
2022-12-19T19:00:00Z,26.67,26.69,26.52,26.56,156400
2022-12-19T20:00:00Z,26.55,26.69,26.54,26.64,175100
2022-12-20T13:00:00Z,26.71,27.52,26.71,27.2,261200
2022-12-20T14:00:00Z,27.21,27.63,27.21,27.52,264900
2022-12-20T15:00:00Z,27.53,27.68,27.31,27.58,230600
2022-12-20T16:00:00Z,27.59,27.59,27.32,27.48,200200
2022-12-20T17:00:00Z,27.48,27.5,27.29,27.4,136400
2022-12-20T18:00:00Z,27.4,27.54,27.38,27.47,112500
2022-12-20T19:00:00Z,27.48,27.49,27.36,27.4,121300
2022-12-20T20:00:00Z,27.4,27.5,27.36,27.49,136900
2022-12-21T13:00:00Z,27.3,27.56,27.12,27.23,231300
2022-12-21T14:00:00Z,27.24,27.52,27.11,27.5,248400
2022-12-21T15:00:00Z,27.49,27.56,27.37,27.46,195400
2022-12-21T16:00:00Z,27.46,27.56,27.24,27.24,202900
2022-12-21T17:00:00Z,27.25,27.44,27.23,27.41,111600
2022-12-21T18:00:00Z,27.41,27.46,27.33,27.45,151200
2022-12-21T19:00:00Z,27.46,27.62,27.43,27.55,129000
2022-12-21T20:00:00Z,27.56,27.6,27.44,27.56,154500
2022-12-22T13:00:00Z,27.53,27.74,27.48,27.55,57900
2022-12-22T14:00:00Z,27.56,27.79,27.44,27.44,133100
2022-12-22T15:00:00Z,27.44,27.54,27.38,27.46,143700
2022-12-22T16:00:00Z,27.45,27.72,27.44,27.71,94400
2022-12-22T17:00:00Z,27.69,27.76,27.6,27.6,71600
2022-12-22T18:00:00Z,27.6,27.6,27.34,27.46,78400
2022-12-22T19:00:00Z,27.45,27.67,27.44,27.63,200200
2022-12-22T20:00:00Z,27.63,27.82,27.59,27.77,95100
2022-12-23T13:00:00Z,28.07,28.24,27.87,28.07,147800
2022-12-23T14:00:00Z,28.08,28.32,28.05,28.14,189200
2022-12-23T15:00:00Z,28.15,28.46,28.07,28.28,127500
2022-12-23T16:00:00Z,28.28,28.32,28.18,28.31,67400
2022-12-23T17:00:00Z,28.3,28.31,28.12,28.17,73700
2022-12-23T18:00:00Z,28.16,28.23,28.11,28.2,45600
2022-12-23T19:00:00Z,28.2,28.22,28.13,28.2,49400
2022-12-23T20:00:00Z,28.2,28.31,28.16,28.31,66400
2022-12-26T13:00:00Z,28.26,28.28,27.74,27.86,56500
2022-12-26T14:00:00Z,27.86,27.95,27.67,27.86,47100
2022-12-26T15:00:00Z,27.87,28,27.84,27.87,32800
2022-12-26T16:00:00Z,27.89,27.91,27.76,27.8,100300
2022-12-26T17:00:00Z,27.82,27.89,27.74,27.86,23700
2022-12-26T18:00:00Z,27.88,27.92,27.8,27.86,18700
2022-12-26T19:00:00Z,27.88,27.97,27.84,27.87,31200
2022-12-26T20:00:00Z,27.91,27.96,27.85,27.95,54800
2022-12-27T13:00:00Z,27.9,27.97,27.64,27.67,58800
2022-12-27T14:00:00Z,27.67,27.8,27.54,27.7,167500
2022-12-27T15:00:00Z,27.71,27.95,27.71,27.8,53300
2022-12-27T16:00:00Z,27.8,27.85,27.7,27.79,42300
2022-12-27T17:00:00Z,27.81,27.81,27.64,27.78,79400
2022-12-27T18:00:00Z,27.77,28.04,27.74,28,165800
2022-12-27T19:00:00Z,27.99,28.06,27.87,27.94,237200
2022-12-27T20:00:00Z,27.96,28.07,27.76,27.9,314300
2022-12-28T13:00:00Z,27.92,28.36,27.86,28.36,72100
2022-12-28T14:00:00Z,28.39,28.45,28.25,28.3,140000
2022-12-28T15:00:00Z,28.31,28.36,28.16,28.2,49100
2022-12-28T16:00:00Z,28.21,28.37,28.21,28.29,77500
2022-12-28T17:00:00Z,28.3,28.44,28.23,28.43,99200
2022-12-28T18:00:00Z,28.44,28.52,28.36,28.38,115500
2022-12-28T19:00:00Z,28.38,28.41,28.31,28.34,91800
2022-12-28T20:00:00Z,28.35,28.45,28.31,28.45,84700
2022-12-29T13:00:00Z,28.44,28.62,28.31,28.39,71500
2022-12-29T14:00:00Z,28.39,28.43,28.12,28.22,81000
2022-12-29T15:00:00Z,28.22,28.29,28.16,28.21,75400
2022-12-29T16:00:00Z,28.21,28.33,28.16,28.22,72900
2022-12-29T17:00:00Z,28.21,28.24,28.05,28.15,165500
2022-12-29T18:00:00Z,28.16,28.27,28.16,28.23,80700
2022-12-29T19:00:00Z,28.22,28.26,28.17,28.2,170300
2022-12-29T20:00:00Z,28.2,28.4,28.17,28.4,399400
2023-01-02T13:00:00Z,28.1,28.11,27.72,27.73,64400
2023-01-02T14:00:00Z,27.74,27.81,27.53,27.69,103200
2023-01-02T15:00:00Z,27.7,27.83,27.58,27.77,123700
2023-01-02T16:00:00Z,27.74,27.8,27.59,27.72,104300
2023-01-02T17:00:00Z,27.73,27.74,27.56,27.58,101100
2023-01-02T18:00:00Z,27.59,27.77,27.54,27.71,79600
2023-01-02T19:00:00Z,27.72,27.79,27.67,27.67,100000
2023-01-02T20:00:00Z,27.66,27.91,27.61,27.76,127400
2023-01-03T13:00:00Z,27.66,27.91,27.46,27.5,99700
2023-01-03T14:00:00Z,27.5,27.85,27.43,27.7,129600
2023-01-03T15:00:00Z,27.7,27.86,27.48,27.83,103400
2023-01-03T16:00:00Z,27.84,27.86,27.56,27.63,110200
2023-01-03T17:00:00Z,27.63,27.79,27.53,27.62,86400
2023-01-03T18:00:00Z,27.62,27.71,27.57,27.63,73400
2023-01-03T19:00:00Z,27.65,27.66,27.36,27.57,258000
2023-01-03T20:00:00Z,27.57,27.61,27.36,27.41,273900
2023-01-04T13:00:00Z,27.5,27.95,27.47,27.86,162600
2023-01-04T14:00:00Z,27.85,28.41,27.72,28.01,423600
2023-01-04T15:00:00Z,28.03,28.24,27.89,28.13,182900
2023-01-04T16:00:00Z,28.14,28.25,28.07,28.2,216500
2023-01-04T17:00:00Z,28.22,28.27,28.13,28.2,139700
2023-01-04T18:00:00Z,28.19,28.2,28.02,28.06,166200
2023-01-04T19:00:00Z,28.07,28.12,27.9,28.09,153600
2023-01-04T20:00:00Z,28.09,28.19,28.03,28.16,188300
2023-01-05T13:00:00Z,28.25,28.45,27.93,28.44,124500
2023-01-05T14:00:00Z,28.43,28.66,28.38,28.57,261100
2023-01-05T15:00:00Z,28.56,28.65,28.48,28.6,266800
2023-01-05T16:00:00Z,28.6,28.62,28.45,28.52,98600
2023-01-05T17:00:00Z,28.52,28.64,28.43,28.63,182900
2023-01-05T18:00:00Z,28.62,28.62,28.36,28.42,1592200
2023-01-05T19:00:00Z,28.42,28.56,28.41,28.55,455100
2023-01-05T20:00:00Z,28.55,28.67,28.47,28.62,316100
2023-01-06T13:00:00Z,28.59,29.24,28.46,29.11,466600
2023-01-06T14:00:00Z,29.13,29.19,28.89,28.89,252800
2023-01-06T15:00:00Z,28.9,29.25,28.84,29.15,428400
2023-01-06T16:00:00Z,29.15,29.18,29.06,29.12,66600
2023-01-06T17:00:00Z,29.12,29.18,29.03,29.1,129700
2023-01-06T18:00:00Z,29.1,29.18,29.04,29.1,147300
2023-01-06T19:00:00Z,29.1,29.34,29.05,29.32,321700
2023-01-06T20:00:00Z,29.32,29.34,29.17,29.25,142000
2023-01-09T13:00:00Z,29.25,29.36,28.92,29.06,134100
2023-01-09T14:00:00Z,29.06,29.14,28.9,28.96,78700
2023-01-09T15:00:00Z,28.97,29.31,28.84,29.26,110500
2023-01-09T16:00:00Z,29.25,29.4,29.08,29.34,141400
2023-01-09T17:00:00Z,29.34,29.4,29.14,29.22,645200
2023-01-09T18:00:00Z,29.21,29.37,29.2,29.26,267000
2023-01-09T19:00:00Z,29.26,29.33,29.19,29.23,201000
2023-01-09T20:00:00Z,29.24,29.29,29.02,29.11,393200
2023-01-10T13:00:00Z,28.9,29.41,28.74,29.37,125700
2023-01-10T14:00:00Z,29.37,29.56,29.26,29.51,168700
2023-01-10T15:00:00Z,29.5,29.83,29.4,29.8,468900
2023-01-10T16:00:00Z,29.79,29.86,29.7,29.81,120800
2023-01-10T17:00:00Z,29.81,30.05,29.74,30,208700
2023-01-10T18:00:00Z,30.02,30.19,29.95,30.17,373200
2023-01-10T19:00:00Z,30.17,30.31,30.14,30.24,383000
2023-01-10T20:00:00Z,30.24,30.38,30.24,30.3,380200
2023-01-11T13:00:00Z,30.54,31.1,30.24,31.02,251400
2023-01-11T14:00:00Z,31.01,31.27,30.84,31.19,402200
2023-01-11T15:00:00Z,31.2,31.31,30.88,30.94,364500
2023-01-11T16:00:00Z,30.95,31.22,30.94,31.14,207200
2023-01-11T17:00:00Z,31.14,31.4,31.08,31.38,265300
2023-01-11T18:00:00Z,31.38,31.38,31.19,31.31,236300
2023-01-11T19:00:00Z,31.31,31.49,31.28,31.33,351600
2023-01-11T20:00:00Z,31.33,31.59,31.3,31.5,309300
2023-01-12T13:00:00Z,30.79,30.89,30.17,30.35,819500
2023-01-12T14:00:00Z,30.33,30.52,30.24,30.28,629800
2023-01-12T15:00:00Z,30.28,30.84,30.21,30.73,298800
2023-01-12T16:00:00Z,30.74,30.98,30.73,30.88,269300
2023-01-12T17:00:00Z,30.89,30.93,30.7,30.78,222600
2023-01-12T18:00:00Z,30.79,30.79,30.56,30.71,118000
2023-01-12T19:00:00Z,30.71,30.76,30.47,30.55,230300
2023-01-12T20:00:00Z,30.54,30.56,30.39,30.43,272200
2023-01-13T13:00:00Z,30.17,30.34,29.73,29.98,418500
2023-01-13T14:00:00Z,29.97,30.15,29.74,30.13,165400
2023-01-13T15:00:00Z,30.13,30.13,29.85,30.02,96500
2023-01-13T16:00:00Z,30.03,30.06,29.88,30.03,79400
2023-01-13T17:00:00Z,30.02,30.05,29.94,29.97,75800
2023-01-13T18:00:00Z,29.98,30.11,29.88,30.04,151100
2023-01-13T19:00:00Z,30.05,30.11,29.89,29.94,140400
2023-01-13T20:00:00Z,29.94,30.02,29.84,29.94,147000
2023-01-16T13:00:00Z,29.6,29.71,29.11,29.38,251200
2023-01-16T14:00:00Z,29.38,29.39,28.99,29.13,304100
2023-01-16T15:00:00Z,29.12,29.16,28.9,29.05,287700
2023-01-16T16:00:00Z,29.05,29.07,28.96,28.99,91300
2023-01-16T17:00:00Z,28.99,29.06,28.85,28.88,146300
2023-01-16T18:00:00Z,28.89,28.89,28.7,28.79,193800
2023-01-16T19:00:00Z,28.8,28.84,28.75,28.81,117500
2023-01-16T20:00:00Z,28.82,28.84,28.63,28.7,305200
2023-01-17T13:00:00Z,28.55,29.13,28.44,28.93,222600
2023-01-17T14:00:00Z,28.94,29.07,28.85,28.99,120100
2023-01-17T15:00:00Z,28.98,29.11,28.93,29.03,124500
2023-01-17T16:00:00Z,29.04,29.19,29,29.15,181300
2023-01-17T17:00:00Z,29.16,29.16,28.96,29.09,116400
2023-01-17T18:00:00Z,29.09,29.19,28.93,28.95,126000
2023-01-17T19:00:00Z,28.94,28.99,28.87,28.89,306100
2023-01-17T20:00:00Z,28.88,28.92,28.7,28.82,689300
2023-01-18T13:00:00Z,29.12,29.42,28.95,29.23,195900
2023-01-18T14:00:00Z,29.25,29.56,29.25,29.41,207500
2023-01-18T15:00:00Z,29.43,29.67,29.36,29.57,175000
2023-01-18T16:00:00Z,29.57,29.61,29.24,29.33,83300
2023-01-18T17:00:00Z,29.33,29.64,29.16,29.56,240900
2023-01-18T18:00:00Z,29.57,29.72,29.47,29.65,299500
2023-01-18T19:00:00Z,29.67,29.8,29.65,29.75,271300
2023-01-18T20:00:00Z,29.76,29.8,29.54,29.68,302400
2023-01-19T13:00:00Z,29.3,29.49,29.15,29.45,151800
2023-01-19T14:00:00Z,29.47,29.51,29.2,29.23,84200
2023-01-19T15:00:00Z,29.22,29.39,29.2,29.21,81100
2023-01-19T16:00:00Z,29.21,29.24,29.02,29.04,191300
2023-01-19T17:00:00Z,29.03,29.22,29,29.14,474100
2023-01-19T18:00:00Z,29.14,29.29,29.07,29.28,103500
2023-01-19T19:00:00Z,29.28,29.47,29.21,29.44,86000
2023-01-19T20:00:00Z,29.45,29.48,29.22,29.29,264800
2023-01-20T13:00:00Z,29.55,29.92,29.07,29.25,411300
2023-01-20T14:00:00Z,29.25,29.25,29.07,29.11,217300
2023-01-20T15:00:00Z,29.1,29.25,29.1,29.23,96300
2023-01-20T16:00:00Z,29.23,29.32,29.15,29.17,126300
2023-01-20T17:00:00Z,29.18,29.36,29.15,29.33,86200
2023-01-20T18:00:00Z,29.34,29.34,29.19,29.25,97800
2023-01-20T19:00:00Z,29.25,29.28,29.16,29.17,164500
2023-01-20T20:00:00Z,29.18,29.23,29.16,29.23,520700
2023-01-23T13:00:00Z,28.42,28.65,28.3,28.37,1271300
2023-01-23T14:00:00Z,28.36,28.42,28.1,28.33,769900
2023-01-23T15:00:00Z,28.33,28.55,28.26,28.52,249300
2023-01-23T16:00:00Z,28.51,28.58,28.31,28.37,177200
2023-01-23T17:00:00Z,28.37,28.41,28.26,28.26,178400
2023-01-23T18:00:00Z,28.26,28.28,28.14,28.26,285700
2023-01-23T19:00:00Z,28.26,28.27,28.07,28.1,369600
2023-01-23T20:00:00Z,28.11,28.16,28.04,28.12,267500
2023-01-24T13:00:00Z,28.1,28.45,28.1,28.42,168400
2023-01-24T14:00:00Z,28.42,28.74,28.42,28.63,400400
2023-01-24T15:00:00Z,28.62,28.7,28.51,28.54,100800
2023-01-24T16:00:00Z,28.53,28.54,28.37,28.45,153000
2023-01-24T17:00:00Z,28.45,28.49,28.41,28.43,42000
2023-01-24T18:00:00Z,28.43,28.58,28.41,28.54,44400
2023-01-24T19:00:00Z,28.54,28.7,28.53,28.6,254500
2023-01-24T20:00:00Z,28.6,28.67,28.58,28.64,169000
2023-01-25T13:00:00Z,28.83,28.97,28.55,28.74,211900
2023-01-25T14:00:00Z,28.74,28.74,28.53,28.59,170500
2023-01-25T15:00:00Z,28.6,28.91,28.54,28.89,148400
2023-01-25T16:00:00Z,28.89,28.93,28.75,28.75,133400
2023-01-25T17:00:00Z,28.75,28.85,28.71,28.75,57700
2023-01-25T18:00:00Z,28.76,28.91,28.72,28.8,181900
2023-01-25T19:00:00Z,28.81,28.93,28.78,28.88,56400
2023-01-25T20:00:00Z,28.89,28.96,28.8,28.87,88700
2023-01-26T13:00:00Z,28.99,29.15,28.86,28.92,157600
2023-01-26T14:00:00Z,28.93,29.13,28.91,28.98,109100
2023-01-26T15:00:00Z,28.98,29.07,28.91,28.96,86400
2023-01-26T16:00:00Z,28.95,29.02,28.91,28.98,72700
2023-01-26T17:00:00Z,28.98,29.07,28.89,29.03,93900
2023-01-26T18:00:00Z,29.04,29.13,29.02,29.08,100500
2023-01-26T19:00:00Z,29.08,29.11,29,29.03,120200
2023-01-26T20:00:00Z,29.05,29.25,29.02,29.15,227500
2023-01-27T13:00:00Z,28.61,28.83,28.54,28.73,225400
2023-01-27T14:00:00Z,28.73,28.73,28.3,28.32,229500
2023-01-27T15:00:00Z,28.32,28.38,28.2,28.29,105000
2023-01-27T16:00:00Z,28.29,28.58,28.24,28.52,170700
2023-01-27T17:00:00Z,28.52,28.6,28.48,28.6,55200
2023-01-27T18:00:00Z,28.59,28.59,28.51,28.57,81000
2023-01-27T19:00:00Z,28.58,28.61,28.53,28.59,123700
2023-01-27T20:00:00Z,28.6,28.74,28.59,28.7,285400
2023-01-30T13:00:00Z,28.69,28.77,28.5,28.71,140400
2023-01-30T14:00:00Z,28.72,28.77,28.61,28.69,125500
2023-01-30T15:00:00Z,28.69,28.73,28.59,28.68,79800
2023-01-30T16:00:00Z,28.67,28.74,28.65,28.7,125500
2023-01-30T17:00:00Z,28.7,28.8,28.68,28.78,58500
2023-01-30T18:00:00Z,28.78,28.78,28.53,28.55,154500
2023-01-30T19:00:00Z,28.55,28.58,28.48,28.54,58200
2023-01-30T20:00:00Z,28.54,28.57,28.35,28.36,284800
2023-01-31T13:00:00Z,28.47,28.94,28.47,28.88,212700
2023-01-31T14:00:00Z,28.89,29.36,28.78,29.32,517000
2023-01-31T15:00:00Z,29.33,29.33,29.02,29.14,265600
2023-01-31T16:00:00Z,29.14,29.15,28.9,28.94,175100
2023-01-31T17:00:00Z,28.95,29,28.92,28.95,137300
2023-01-31T18:00:00Z,28.95,29.08,28.83,28.86,454000
2023-01-31T19:00:00Z,28.86,28.97,28.78,28.9,307100
2023-01-31T20:00:00Z,28.9,28.96,28.85,28.96,287800
2023-02-01T13:00:00Z,28.84,29.02,28.67,28.78,140600
2023-02-01T14:00:00Z,28.78,28.79,28.61,28.63,176900
2023-02-01T15:00:00Z,28.65,28.68,28.4,28.52,146400
2023-02-01T16:00:00Z,28.52,28.53,28.22,28.25,227400
2023-02-01T17:00:00Z,28.24,28.34,28,28.12,318700
2023-02-01T18:00:00Z,28.12,28.14,27.81,27.86,665200
2023-02-01T19:00:00Z,27.84,27.87,27.6,27.61,789100
2023-02-01T20:00:00Z,27.6,27.71,27.4,27.4,855300
2023-02-02T13:00:00Z,27,28.52,26.62,28.44,2319600
2023-02-02T14:00:00Z,28.42,28.45,27.2,27.46,1334500
2023-02-02T15:00:00Z,27.46,27.65,27.26,27.59,751000
2023-02-02T16:00:00Z,27.59,27.67,27.42,27.62,346800
2023-02-02T17:00:00Z,27.62,27.69,27.47,27.55,280600
2023-02-02T18:00:00Z,27.55,27.68,27.26,27.41,491700
2023-02-02T19:00:00Z,27.42,27.65,27.39,27.48,402600
2023-02-02T20:00:00Z,27.48,27.52,27.31,27.5,483100
2023-02-03T13:00:00Z,27.1,27.42,27.01,27.17,385900
2023-02-03T14:00:00Z,27.16,27.43,27.09,27.13,453700
2023-02-03T15:00:00Z,27.13,27.37,27.05,27.27,298200
2023-02-03T16:00:00Z,27.27,27.36,27.14,27.33,197000
2023-02-03T17:00:00Z,27.34,27.43,27.32,27.39,259300
2023-02-03T18:00:00Z,27.4,27.4,27.22,27.37,213600
2023-02-03T19:00:00Z,27.38,27.4,27.08,27.14,361600
2023-02-03T20:00:00Z,27.12,27.18,27.06,27.17,197600
2023-02-06T13:00:00Z,27.1,27.28,27.05,27.18,128300
2023-02-06T14:00:00Z,27.21,27.34,27.1,27.26,195800
2023-02-06T15:00:00Z,27.27,27.53,27.22,27.49,296600
2023-02-06T16:00:00Z,27.5,27.56,27.32,27.51,109600
2023-02-06T17:00:00Z,27.51,27.61,27.46,27.56,95200
2023-02-06T18:00:00Z,27.56,27.68,27.53,27.63,236900
2023-02-06T19:00:00Z,27.62,27.77,27.57,27.58,201300
2023-02-06T20:00:00Z,27.58,27.63,27.48,27.62,116500
2023-02-07T13:00:00Z,28,28.05,27.73,27.78,148300
2023-02-07T14:00:00Z,27.77,28.15,27.76,27.95,184800
2023-02-07T15:00:00Z,27.96,27.96,27.62,27.74,224400
2023-02-07T16:00:00Z,27.76,27.84,27.67,27.76,114800
2023-02-07T17:00:00Z,27.76,27.87,27.7,27.8,92400
2023-02-07T18:00:00Z,27.81,27.82,27.54,27.72,167600
2023-02-07T19:00:00Z,27.72,27.89,27.7,27.81,248700
2023-02-07T20:00:00Z,27.8,27.86,27.48,27.73,228300
2023-02-08T13:00:00Z,27.81,27.98,27.65,27.7,225100
2023-02-08T14:00:00Z,27.72,28.06,27.62,27.97,259600
2023-02-08T15:00:00Z,27.97,28.09,27.83,27.99,127400
2023-02-08T16:00:00Z,27.98,28.33,27.85,28.25,225300
2023-02-08T17:00:00Z,28.26,28.39,28.26,28.35,192000
2023-02-08T18:00:00Z,28.36,28.73,28.36,28.7,348100
2023-02-08T19:00:00Z,28.69,28.88,28.68,28.82,293400
2023-02-08T20:00:00Z,28.81,28.98,28.69,28.95,293800
2023-02-09T13:00:00Z,28.92,29.35,28.83,29.34,210200
2023-02-09T14:00:00Z,29.34,29.35,28.81,28.82,157900
2023-02-09T15:00:00Z,28.82,28.96,28.81,28.88,92500
2023-02-09T16:00:00Z,28.9,28.96,28.72,28.92,114100
2023-02-09T17:00:00Z,28.92,29.04,28.89,28.93,135900
2023-02-09T18:00:00Z,28.94,28.95,28.7,28.76,117600
2023-02-09T19:00:00Z,28.75,28.81,28.64,28.71,94600
2023-02-09T20:00:00Z,28.71,28.82,28.6,28.7,271300
2023-02-10T13:00:00Z,28.31,28.87,28.31,28.69,175500
2023-02-10T14:00:00Z,28.68,28.97,28.53,28.92,174600
2023-02-10T15:00:00Z,28.93,28.93,28.66,28.72,194500
2023-02-10T16:00:00Z,28.72,28.8,28.69,28.8,93500
2023-02-10T17:00:00Z,28.8,28.92,28.7,28.74,146100
2023-02-10T18:00:00Z,28.72,28.83,28.68,28.76,93100
2023-02-10T19:00:00Z,28.75,28.85,28.74,28.83,74500
2023-02-10T20:00:00Z,28.85,28.94,28.75,28.77,223700
2023-02-13T13:00:00Z,28.7,28.79,28.51,28.52,122600
2023-02-13T14:00:00Z,28.51,28.95,28.51,28.92,160900
2023-02-13T15:00:00Z,28.92,29,28.78,28.91,165500
2023-02-13T16:00:00Z,28.92,29.04,28.9,29.04,99600
2023-02-13T17:00:00Z,29.03,29.08,28.92,29.01,117700
2023-02-13T18:00:00Z,29.01,29.02,28.74,28.78,280000
2023-02-13T19:00:00Z,28.78,28.81,28.7,28.76,106100
2023-02-13T20:00:00Z,28.76,28.86,28.74,28.82,152000
2023-02-14T13:00:00Z,28.83,28.88,28.09,28.2,758600
2023-02-14T14:00:00Z,28.2,28.59,28.2,28.59,560200
2023-02-14T15:00:00Z,28.57,28.6,28.18,28.18,225200
2023-02-14T16:00:00Z,28.18,28.46,28.16,28.41,301300
2023-02-14T17:00:00Z,28.41,28.72,28.32,28.65,478600
2023-02-14T18:00:00Z,28.65,28.8,28.48,28.58,344100
2023-02-14T19:00:00Z,28.59,28.77,28.58,28.67,278300
2023-02-14T20:00:00Z,28.69,29.01,28.62,28.81,425000
2023-02-15T13:00:00Z,28.55,28.68,28.31,28.46,303100
2023-02-15T14:00:00Z,28.46,28.95,28.44,28.66,389400
2023-02-15T15:00:00Z,28.66,28.75,28.54,28.62,141300
2023-02-15T16:00:00Z,28.62,28.65,28.53,28.53,65800
2023-02-15T17:00:00Z,28.54,28.85,28.49,28.82,693900
2023-02-15T18:00:00Z,28.83,29.1,28.78,29,387300
2023-02-15T19:00:00Z,29,29.19,28.98,29.13,481300
2023-02-15T20:00:00Z,29.12,29.56,29.02,29.52,773300
2023-02-16T13:00:00Z,29.47,29.47,29.02,29.15,222100
2023-02-16T14:00:00Z,29.15,29.29,28.94,29.27,345100
2023-02-16T15:00:00Z,29.26,29.4,29.15,29.29,250400
2023-02-16T16:00:00Z,29.31,29.38,29.17,29.17,167000
2023-02-16T17:00:00Z,29.19,29.41,29.19,29.4,208500
2023-02-16T18:00:00Z,29.4,29.55,29.4,29.5,187400
2023-02-16T19:00:00Z,29.51,29.74,29.46,29.74,268100
2023-02-16T20:00:00Z,29.73,29.79,29.61,29.63,371400
2023-02-17T13:00:00Z,29.55,29.78,29.27,29.69,175400
2023-02-17T14:00:00Z,29.69,29.75,29.46,29.73,204100
2023-02-17T15:00:00Z,29.74,30.11,29.73,29.91,290200
2023-02-17T16:00:00Z,29.92,30,29.87,30,230800
2023-02-17T17:00:00Z,30,30.07,29.9,29.93,287600
2023-02-17T18:00:00Z,29.93,29.95,29.81,29.87,181100
2023-02-17T19:00:00Z,29.88,29.92,29.73,29.82,259000
2023-02-17T20:00:00Z,29.81,29.83,29.63,29.72,334600
2023-02-22T16:00:00Z,28.87,29.55,28.54,29.18,390400
2023-02-22T17:00:00Z,29.18,29.27,29.06,29.19,150400
2023-02-22T18:00:00Z,29.19,29.23,29.11,29.22,172200
2023-02-22T19:00:00Z,29.23,29.6,29.2,29.57,377400
2023-02-22T20:00:00Z,29.58,29.58,29.34,29.4,187300
2023-02-23T13:00:00Z,29.5,29.5,29.18,29.34,123700
2023-02-23T14:00:00Z,29.34,29.99,29.34,29.99,213700
2023-02-23T15:00:00Z,29.98,30.2,29.7,29.73,350500
2023-02-23T16:00:00Z,29.72,29.76,29.5,29.57,188600
2023-02-23T17:00:00Z,29.58,29.84,29.57,29.76,186400
2023-02-23T18:00:00Z,29.77,29.77,29.61,29.67,163200
2023-02-23T19:00:00Z,29.65,29.78,29.6,29.76,165400
2023-02-23T20:00:00Z,29.76,29.88,29.76,29.77,158000
2023-02-24T13:00:00Z,29.69,29.69,29.19,29.4,268500
2023-02-24T14:00:00Z,29.4,29.41,29.07,29.1,175200
2023-02-24T15:00:00Z,29.1,29.18,28.81,28.84,120600
2023-02-24T16:00:00Z,28.83,29.03,28.83,28.97,111900
2023-02-24T17:00:00Z,28.97,29.13,28.93,28.99,290800
2023-02-24T18:00:00Z,28.99,29.07,28.98,29.05,117700
2023-02-24T19:00:00Z,29.05,29.14,29.05,29.14,298400
2023-02-24T20:00:00Z,29.15,29.2,29.01,29.04,219600
2023-02-27T13:00:00Z,29.06,29.36,29.06,29.23,101800
2023-02-27T14:00:00Z,29.24,29.44,29.24,29.25,130700
2023-02-27T15:00:00Z,29.26,29.26,28.87,28.9,122700
2023-02-27T16:00:00Z,28.93,29.08,28.92,29.07,47800
2023-02-27T17:00:00Z,29.07,29.09,28.95,28.97,477900
2023-02-27T18:00:00Z,28.95,29,28.85,28.88,69300
2023-02-27T19:00:00Z,28.87,28.89,28.6,28.78,407900
2023-02-27T20:00:00Z,28.78,28.81,28.47,28.6,1407500
2023-02-28T13:00:00Z,28.7,28.89,28.49,28.76,432200
2023-02-28T14:00:00Z,28.75,28.8,28.45,28.46,237400
2023-02-28T15:00:00Z,28.44,28.49,28.28,28.3,301100
2023-02-28T16:00:00Z,28.31,28.48,28.22,28.39,213700
2023-02-28T17:00:00Z,28.39,28.55,28.26,28.48,160800
2023-02-28T18:00:00Z,28.48,28.57,28.43,28.52,197800
2023-02-28T19:00:00Z,28.53,28.55,28.38,28.44,191400
2023-02-28T20:00:00Z,28.43,28.5,28.28,28.31,223300
2023-03-01T13:00:00Z,28.09,28.31,27.79,27.9,328300
2023-03-01T14:00:00Z,27.9,27.96,27.63,27.75,206200
2023-03-01T15:00:00Z,27.76,27.78,27.5,27.63,381800
2023-03-01T16:00:00Z,27.63,27.76,27.46,27.63,237200
2023-03-01T17:00:00Z,27.63,27.8,27.56,27.72,247500
2023-03-01T18:00:00Z,27.71,27.74,27.53,27.61,221800
2023-03-01T19:00:00Z,27.6,27.79,27.58,27.78,193200
2023-03-01T20:00:00Z,27.77,27.87,27.65,27.74,400400
2023-03-02T13:00:00Z,27.8,28.05,27.7,27.78,181100
2023-03-02T14:00:00Z,27.79,27.83,27.3,27.35,251400
2023-03-02T15:00:00Z,27.36,27.39,27.24,27.33,156700
2023-03-02T16:00:00Z,27.34,27.36,27.29,27.3,100300
2023-03-02T17:00:00Z,27.31,27.37,27.26,27.34,97100
2023-03-02T18:00:00Z,27.34,27.39,27.24,27.25,214600
2023-03-02T19:00:00Z,27.26,27.29,27.14,27.26,190800
2023-03-02T20:00:00Z,27.25,27.31,27.07,27.1,327800
2023-03-03T13:00:00Z,27.11,27.2,27.04,27.1,82400
2023-03-03T14:00:00Z,27.09,27.18,26.91,27.12,153600
2023-03-03T15:00:00Z,27.11,27.12,26.98,27.07,102500
2023-03-03T16:00:00Z,27.07,27.09,26.96,26.99,73400
2023-03-03T17:00:00Z,26.98,27.02,26.94,27,63300
2023-03-03T18:00:00Z,27,27.02,26.83,26.84,126200
2023-03-03T19:00:00Z,26.84,26.94,26.81,26.87,147500
2023-03-03T20:00:00Z,26.87,26.94,26.85,26.94,346900
2023-03-06T13:00:00Z,27.04,27.23,26.82,26.83,159600
2023-03-06T14:00:00Z,26.83,26.91,26.7,26.81,238000
2023-03-06T15:00:00Z,26.81,27.29,26.81,27.14,278100
2023-03-06T16:00:00Z,27.14,27.24,27.08,27.11,188300
2023-03-06T17:00:00Z,27.1,27.13,27.03,27.04,194100
2023-03-06T18:00:00Z,27.04,27.04,26.89,26.95,219000
2023-03-06T19:00:00Z,26.96,27.06,26.94,26.96,219500
2023-03-06T20:00:00Z,26.96,27.1,26.92,27.07,411400
2023-03-07T13:00:00Z,26.86,27.16,26.82,27.04,151000
2023-03-07T14:00:00Z,27.03,27.07,26.85,26.88,150700
2023-03-07T15:00:00Z,26.88,26.89,26.71,26.75,244800
2023-03-07T16:00:00Z,26.74,26.9,26.74,26.85,92100
2023-03-07T17:00:00Z,26.85,27.01,26.84,26.95,83500
2023-03-07T18:00:00Z,26.95,27.06,26.9,27.05,130800
2023-03-07T19:00:00Z,27.05,27.24,27.05,27.22,251100
2023-03-07T20:00:00Z,27.22,27.38,27.21,27.32,267900
2023-03-08T13:00:00Z,27.44,27.95,27.44,27.75,587300
2023-03-08T14:00:00Z,27.76,27.85,27.55,27.65,284700
2023-03-08T15:00:00Z,27.64,27.96,27.55,27.82,541800
2023-03-08T16:00:00Z,27.83,27.84,27.67,27.76,120600
2023-03-08T17:00:00Z,27.76,27.84,27.72,27.76,180300
2023-03-08T18:00:00Z,27.76,27.78,27.62,27.65,139200
2023-03-08T19:00:00Z,27.65,27.69,27.49,27.51,190300
2023-03-08T20:00:00Z,27.51,27.51,27.36,27.4,638400
2023-03-09T13:00:00Z,27.41,27.6,27.3,27.37,104000
2023-03-09T14:00:00Z,27.35,27.48,27.2,27.22,282100
2023-03-09T15:00:00Z,27.21,27.34,27.12,27.31,183700
2023-03-09T16:00:00Z,27.32,27.34,27.21,27.34,108400
2023-03-09T17:00:00Z,27.34,27.35,27.21,27.28,112700
2023-03-09T18:00:00Z,27.28,27.35,27.19,27.35,170000
2023-03-09T19:00:00Z,27.35,27.56,27.27,27.52,236600
2023-03-09T20:00:00Z,27.53,27.56,27.22,27.25,203800
2023-03-10T13:00:00Z,27.13,27.26,26.85,26.87,219200
2023-03-10T14:00:00Z,26.87,26.94,26.71,26.91,208800
2023-03-10T15:00:00Z,26.91,27.02,26.79,27.01,160200
2023-03-10T16:00:00Z,27.01,27.15,26.85,26.87,148800
2023-03-10T17:00:00Z,26.88,26.91,26.8,26.8,91700
2023-03-10T18:00:00Z,26.8,26.82,26.54,26.61,239600
2023-03-10T19:00:00Z,26.61,26.74,26.55,26.67,228000
2023-03-10T20:00:00Z,26.65,26.69,26.59,26.63,197000
2023-03-13T13:00:00Z,26.5,26.57,26.07,26.3,399600
2023-03-13T14:00:00Z,26.31,26.45,26.06,26.34,447100
2023-03-13T15:00:00Z,26.33,26.4,26.15,26.2,147300
2023-03-13T16:00:00Z,26.19,26.39,26.19,26.29,142700
2023-03-13T17:00:00Z,26.3,26.5,26.18,26.47,241700
2023-03-13T18:00:00Z,26.47,26.52,26.35,26.45,78200
2023-03-13T19:00:00Z,26.44,26.45,26.3,26.36,226800
2023-03-14T13:00:00Z,26.43,26.7,26.19,26.35,194200
2023-03-14T14:00:00Z,26.35,26.59,26.33,26.44,111600
2023-03-14T15:00:00Z,26.44,26.5,26.4,26.48,84800
2023-03-14T16:00:00Z,26.49,26.65,26.49,26.51,168100
2023-03-14T17:00:00Z,26.5,26.52,26.32,26.34,105600
2023-03-14T18:00:00Z,26.35,26.36,26.25,26.29,129000
2023-03-14T19:00:00Z,26.29,26.35,26.21,26.35,235500
2023-03-15T13:00:00Z,26.1,26.38,25.95,26.01,673100
2023-03-15T14:00:00Z,26,26.11,25.9,26.05,706000
2023-03-15T15:00:00Z,26.05,26.29,26.04,26.22,253200
2023-03-15T16:00:00Z,26.22,26.25,26.04,26.11,245200
2023-03-15T17:00:00Z,26.11,26.35,26.1,26.35,366500
2023-03-15T18:00:00Z,26.35,26.54,26.23,26.39,640200
2023-03-15T19:00:00Z,26.39,26.46,26.28,26.46,304000
2023-03-16T13:00:00Z,26.42,26.56,26.3,26.41,178300
2023-03-16T14:00:00Z,26.4,26.48,26.07,26.39,441600
2023-03-16T15:00:00Z,26.38,26.52,26.3,26.49,99300
2023-03-16T16:00:00Z,26.48,26.65,26.41,26.63,128200
2023-03-16T17:00:00Z,26.63,27.16,26.63,27.03,424000
2023-03-16T18:00:00Z,27.02,27.08,26.7,26.74,579300
2023-03-16T19:00:00Z,26.75,26.78,26.63,26.75,154800
2023-03-17T13:00:00Z,26.6,26.63,26.1,26.14,365200
2023-03-17T14:00:00Z,26.15,26.19,25.86,25.93,843600
2023-03-17T15:00:00Z,25.92,26.04,25.8,26.03,495200
2023-03-17T16:00:00Z,26.04,26.07,25.89,25.89,348400
2023-03-17T17:00:00Z,25.89,25.9,25.7,25.73,632400
2023-03-17T18:00:00Z,25.72,25.93,25.7,25.88,420800
2023-03-17T19:00:00Z,25.88,25.89,25.57,25.64,905700
2023-03-20T13:00:00Z,25.8,26.05,25.71,25.91,289800
2023-03-20T14:00:00Z,25.91,26.04,25.73,25.87,436700
2023-03-20T15:00:00Z,25.86,25.86,25.56,25.58,430900
2023-03-20T16:00:00Z,25.57,25.62,25.51,25.59,246800
2023-03-20T17:00:00Z,25.59,25.6,25.47,25.57,243000
2023-03-20T18:00:00Z,25.57,25.69,25.51,25.69,267600
2023-03-20T19:00:00Z,25.68,25.77,25.63,25.72,275100
2023-03-21T13:00:00Z,25.65,26.29,25.65,26.27,270400
2023-03-21T14:00:00Z,26.27,26.49,26.15,26.46,262000
2023-03-21T15:00:00Z,26.45,26.45,26.3,26.33,72000
2023-03-21T16:00:00Z,26.33,26.4,26.32,26.34,77600
2023-03-21T17:00:00Z,26.33,26.41,26.33,26.36,59500
2023-03-21T18:00:00Z,26.37,26.37,26.17,26.21,141200
2023-03-21T19:00:00Z,26.21,26.26,26.05,26.05,201600
2023-03-22T13:00:00Z,25.93,26.16,25.83,26.1,129500
2023-03-22T14:00:00Z,26.1,26.19,26.03,26.07,102100
2023-03-22T15:00:00Z,26.07,26.18,26.05,26.12,70900
2023-03-22T16:00:00Z,26.13,26.16,26.04,26.12,64900
2023-03-22T17:00:00Z,26.12,26.15,26.05,26.11,57400
2023-03-22T18:00:00Z,26.11,26.42,26.05,26.2,202100
2023-03-22T19:00:00Z,26.19,26.2,25.88,25.94,264000
2023-03-23T13:00:00Z,26,26.25,26,26.07,147500
2023-03-23T14:00:00Z,26.07,26.12,25.68,25.76,110800
2023-03-23T15:00:00Z,25.77,25.82,25.68,25.74,90700
2023-03-23T16:00:00Z,25.73,25.78,25.61,25.69,156900
2023-03-23T17:00:00Z,25.68,25.73,25.57,25.59,286000
2023-03-23T18:00:00Z,25.59,25.64,25.27,25.38,550300
2023-03-23T19:00:00Z,25.39,25.55,25.32,25.52,281900
2023-03-24T13:00:00Z,25.62,25.71,25.4,25.67,244600
2023-03-24T14:00:00Z,25.67,25.7,25.46,25.56,207600
2023-03-24T15:00:00Z,25.57,25.99,25.47,25.96,121100
2023-03-24T16:00:00Z,25.95,25.98,25.8,25.85,66300
2023-03-24T17:00:00Z,25.85,26,25.85,25.9,95800
2023-03-24T18:00:00Z,25.9,26,25.88,25.92,74700
2023-03-24T19:00:00Z,25.92,25.99,25.82,25.86,127500
2023-03-27T13:00:00Z,26,26.19,25.87,26.12,182300
2023-03-27T14:00:00Z,26.12,26.44,26.12,26.22,228400
2023-03-27T15:00:00Z,26.21,26.27,26.11,26.15,119500
2023-03-27T16:00:00Z,26.15,26.31,26.14,26.26,115500
2023-03-27T17:00:00Z,26.25,26.29,26.05,26.08,117000
2023-03-27T18:00:00Z,26.08,26.24,26,26.21,183200
2023-03-27T19:00:00Z,26.21,26.22,26.07,26.15,199600
2023-03-28T13:00:00Z,26.11,26.37,25.95,26.21,160500
2023-03-28T14:00:00Z,26.2,26.4,26.18,26.28,139500
2023-03-28T15:00:00Z,26.28,26.43,26.15,26.18,232200
2023-03-28T16:00:00Z,26.17,26.21,26.09,26.2,165400
2023-03-28T17:00:00Z,26.19,26.2,26.03,26.09,71000
2023-03-28T18:00:00Z,26.07,26.11,25.93,25.98,213200
2023-03-28T19:00:00Z,25.97,26,25.93,25.98,204100
2023-03-29T13:00:00Z,26.08,26.13,25.8,25.93,231100
2023-03-29T14:00:00Z,25.93,26.08,25.66,25.74,266200
2023-03-29T15:00:00Z,25.73,25.93,25.72,25.87,132600
2023-03-29T16:00:00Z,25.85,25.88,25.72,25.77,99600
2023-03-29T17:00:00Z,25.76,25.81,25.68,25.79,114300
2023-03-29T18:00:00Z,25.77,25.8,25.59,25.76,168900
2023-03-29T19:00:00Z,25.75,26.08,25.66,25.94,273100
2023-03-30T13:00:00Z,26.3,26.67,25.94,26.55,257400
2023-03-30T14:00:00Z,26.57,26.65,26.34,26.5,147700
2023-03-30T15:00:00Z,26.5,26.61,26.47,26.54,109200
2023-03-30T16:00:00Z,26.55,26.61,26.51,26.56,112600
2023-03-30T17:00:00Z,26.55,26.6,26.45,26.56,76100
2023-03-30T18:00:00Z,26.54,26.6,26.52,26.58,83000
2023-03-30T19:00:00Z,26.56,26.78,26.56,26.68,186400
2023-03-31T13:00:00Z,26.74,27.03,26.67,26.86,199400
2023-03-31T14:00:00Z,26.86,27.06,26.85,26.96,214600
2023-03-31T15:00:00Z,26.96,26.97,26.65,26.83,147200
2023-03-31T16:00:00Z,26.84,26.91,26.71,26.75,81100
2023-03-31T17:00:00Z,26.76,26.78,26.52,26.59,52100
2023-03-31T18:00:00Z,26.56,26.78,26.54,26.71,81200
2023-03-31T19:00:00Z,26.7,26.94,26.7,26.87,163600
2023-04-03T13:00:00Z,26.85,26.85,26.28,26.29,262600
2023-04-03T14:00:00Z,26.3,26.41,26.25,26.38,253100
2023-04-03T15:00:00Z,26.4,26.46,26.35,26.4,131100
2023-04-03T16:00:00Z,26.4,26.4,26.23,26.24,111300
2023-04-03T17:00:00Z,26.26,26.42,26.22,26.29,280500
2023-04-03T18:00:00Z,26.28,26.3,26.21,26.23,708300
2023-04-03T19:00:00Z,26.24,26.33,26.21,26.28,257200
2023-04-04T13:00:00Z,26.37,26.64,26.37,26.49,190200
2023-04-04T14:00:00Z,26.49,26.71,26.47,26.54,151300
2023-04-04T15:00:00Z,26.54,26.61,26.43,26.54,95000
2023-04-04T16:00:00Z,26.54,26.66,26.54,26.6,137300
2023-04-04T17:00:00Z,26.59,26.61,26.53,26.57,86500
2023-04-04T18:00:00Z,26.58,26.64,26.45,26.5,121300
2023-04-04T19:00:00Z,26.49,26.62,26.47,26.52,180700
2023-04-05T13:00:00Z,26.79,26.85,26.5,26.55,89000
2023-04-05T14:00:00Z,26.54,26.65,26.23,26.34,125000
2023-04-05T15:00:00Z,26.33,26.41,26.24,26.4,113100
2023-04-05T16:00:00Z,26.38,26.44,26.23,26.24,113900
2023-04-05T17:00:00Z,26.24,26.35,26.21,26.28,405400
2023-04-05T18:00:00Z,26.29,26.34,26.16,26.17,248000
2023-04-05T19:00:00Z,26.17,26.29,26.14,26.22,126600
2023-04-06T13:00:00Z,26.2,26.36,26.01,26.02,163400
2023-04-06T14:00:00Z,26.01,26.13,25.98,26.06,135300
2023-04-06T15:00:00Z,26.06,26.15,25.95,26.09,116600
2023-04-06T16:00:00Z,26.11,26.2,26.04,26.07,154500
2023-04-06T17:00:00Z,26.07,26.09,26,26.02,153900
2023-04-06T18:00:00Z,26.03,26.09,25.94,26.05,408000
2023-04-06T19:00:00Z,26.05,26.06,25.94,26,275900
2023-04-10T13:00:00Z,26.04,26.23,25.91,26.15,243600
2023-04-10T14:00:00Z,26.15,26.22,26.06,26.14,128700
2023-04-10T15:00:00Z,26.13,26.3,26.13,26.19,126600
2023-04-10T16:00:00Z,26.2,26.2,26.11,26.11,96100
2023-04-10T17:00:00Z,26.1,26.18,26.1,26.13,84600
2023-04-10T18:00:00Z,26.13,26.18,26.1,26.1,92300
2023-04-10T19:00:00Z,26.1,26.2,26.07,26.13,633100
2023-04-11T13:00:00Z,26.3,26.9,26.27,26.75,417800
2023-04-11T14:00:00Z,26.74,26.96,26.73,26.9,526200
2023-04-11T15:00:00Z,26.9,27.02,26.73,26.8,228600
2023-04-11T16:00:00Z,26.8,26.93,26.71,26.9,163500
2023-04-11T17:00:00Z,26.88,27.23,26.88,27.06,239600
2023-04-11T18:00:00Z,27.05,27.17,27.01,27.07,204300
2023-04-11T19:00:00Z,27.08,27.21,27.07,27.15,278600
2023-04-12T13:00:00Z,27.27,27.56,27.07,27.09,337800
2023-04-12T14:00:00Z,27.09,27.33,27.05,27.18,307000
2023-04-12T15:00:00Z,27.16,27.41,27.06,27.34,239600
2023-04-12T16:00:00Z,27.34,27.48,27.26,27.44,186500
2023-04-12T17:00:00Z,27.45,27.65,27.42,27.54,330500
2023-04-12T18:00:00Z,27.54,27.62,27.38,27.5,452100
2023-04-12T19:00:00Z,27.49,27.5,27.22,27.26,485400
2023-04-13T13:00:00Z,27.47,27.48,27.1,27.21,267400
2023-04-13T14:00:00Z,27.21,27.58,27.21,27.46,442700
2023-04-13T15:00:00Z,27.46,27.67,27.33,27.62,214500
2023-04-13T16:00:00Z,27.62,27.71,27.48,27.63,249900
2023-04-13T17:00:00Z,27.64,27.64,27.49,27.55,368600
2023-04-13T18:00:00Z,27.55,27.67,27.5,27.62,210200
2023-04-13T19:00:00Z,27.62,27.66,27.36,27.36,370100
2023-04-14T13:00:00Z,27.51,27.65,27.12,27.5,259300
2023-04-14T14:00:00Z,27.49,28.02,27.4,27.47,464100
2023-04-14T15:00:00Z,27.47,27.58,27.35,27.55,217700
2023-04-14T16:00:00Z,27.55,27.59,27.41,27.57,205500
2023-04-14T17:00:00Z,27.57,27.61,27.5,27.56,262300
2023-04-14T18:00:00Z,27.55,27.66,27.54,27.6,153600
2023-04-14T19:00:00Z,27.6,27.89,27.54,27.88,302200
2023-04-17T13:00:00Z,27.79,27.79,27.26,27.33,235900
2023-04-17T14:00:00Z,27.33,27.34,27.12,27.22,143700
2023-04-17T15:00:00Z,27.22,27.29,27.17,27.28,54400
2023-04-17T16:00:00Z,27.29,27.35,27.24,27.3,67700
2023-04-17T17:00:00Z,27.3,27.48,27.27,27.46,57100
2023-04-17T18:00:00Z,27.47,27.5,27.39,27.41,134000
2023-04-17T19:00:00Z,27.41,27.54,27.41,27.5,86700
2023-04-18T13:00:00Z,27.71,28,27.15,27.22,187500
2023-04-18T14:00:00Z,27.21,27.31,27.13,27.28,133600
2023-04-18T15:00:00Z,27.29,27.29,27.13,27.2,125100
2023-04-18T16:00:00Z,27.21,27.25,27.13,27.13,94800
2023-04-18T17:00:00Z,27.13,27.21,27.1,27.11,98900
2023-04-18T18:00:00Z,27.1,27.11,26.95,27.01,243200
2023-04-18T19:00:00Z,27.01,27.16,27,27.07,234500
2023-04-19T13:00:00Z,26.9,27.08,26.87,26.88,79800
2023-04-19T14:00:00Z,26.89,26.97,26.86,26.94,53000
2023-04-19T15:00:00Z,26.93,26.98,26.87,26.89,53100
2023-04-19T16:00:00Z,26.9,27.15,26.88,27.07,89800
2023-04-19T17:00:00Z,27.06,27.24,27.05,27.13,97500
2023-04-19T18:00:00Z,27.14,27.17,27.01,27.08,58400
2023-04-19T19:00:00Z,27.08,27.15,27.02,27.11,134500
2023-04-20T13:00:00Z,27.1,27.12,26.77,26.89,124400
2023-04-20T14:00:00Z,26.89,27.13,26.75,26.87,445300
2023-04-20T15:00:00Z,26.86,26.92,26.74,26.74,187200
2023-04-20T16:00:00Z,26.74,26.95,26.72,26.93,432000
2023-04-20T17:00:00Z,26.92,27.01,26.89,26.96,123500
2023-04-20T18:00:00Z,26.97,27.01,26.81,26.98,126800
2023-04-20T19:00:00Z,26.99,27.11,26.98,27.08,209500
2023-04-24T13:00:00Z,26.96,27.11,26.6,26.74,232300
2023-04-24T14:00:00Z,26.73,26.98,26.73,26.74,316100
2023-04-24T15:00:00Z,26.73,26.88,26.63,26.79,295300
2023-04-24T16:00:00Z,26.78,26.81,26.73,26.74,124100
2023-04-24T17:00:00Z,26.74,26.83,26.69,26.71,255800
2023-04-24T18:00:00Z,26.72,26.72,26.59,26.61,257300
2023-04-24T19:00:00Z,26.6,26.74,26.58,26.74,439200
2023-04-25T13:00:00Z,26.16,26.77,26.03,26.44,1004900
2023-04-25T14:00:00Z,26.44,26.85,26.36,26.7,354400
2023-04-25T15:00:00Z,26.7,27.04,26.67,26.84,483600
2023-04-25T16:00:00Z,26.85,26.98,26.84,26.92,116800
2023-04-25T17:00:00Z,26.92,26.93,26.7,26.74,291700
2023-04-25T18:00:00Z,26.74,26.82,26.71,26.72,209200
2023-04-25T19:00:00Z,26.73,26.89,26.66,26.76,361400
2023-04-26T13:00:00Z,26.44,26.71,26.35,26.36,182200
2023-04-26T14:00:00Z,26.35,26.57,26.31,26.53,101500
2023-04-26T15:00:00Z,26.53,26.6,26.47,26.55,80800
2023-04-26T16:00:00Z,26.54,26.6,26.49,26.57,64000
2023-04-26T17:00:00Z,26.57,26.62,26.46,26.46,299900
2023-04-26T18:00:00Z,26.46,26.47,26.23,26.25,497100
2023-04-26T19:00:00Z,26.25,26.25,26.16,26.21,261500
2023-04-27T13:00:00Z,26.23,26.68,26.23,26.6,170800
2023-04-27T14:00:00Z,26.6,26.68,26.53,26.62,95600
2023-04-27T15:00:00Z,26.63,26.65,26.4,26.4,72300
2023-04-27T16:00:00Z,26.41,26.56,26.37,26.45,84600
2023-04-27T17:00:00Z,26.44,26.6,26.39,26.57,57400
2023-04-27T18:00:00Z,26.59,26.6,26.46,26.47,117300
2023-04-27T19:00:00Z,26.46,26.58,26.42,26.52,169500
2023-04-28T13:00:00Z,26.6,26.65,26.23,26.4,227200
2023-04-28T14:00:00Z,26.38,26.67,26.29,26.45,210000
2023-04-28T15:00:00Z,26.44,26.69,26.37,26.62,116700
2023-04-28T16:00:00Z,26.62,26.74,26.61,26.73,91100
2023-04-28T17:00:00Z,26.72,26.77,26.64,26.77,87500
2023-04-28T18:00:00Z,26.76,26.86,26.72,26.75,85700
2023-04-28T19:00:00Z,26.74,26.79,26.67,26.72,103500
2023-05-02T13:00:00Z,26.6,26.76,26.42,26.54,493100
2023-05-02T14:00:00Z,26.51,26.51,26.09,26.3,349000
2023-05-02T15:00:00Z,26.29,26.39,26.16,26.31,220700
2023-05-02T16:00:00Z,26.31,26.6,26.29,26.47,245500
2023-05-02T17:00:00Z,26.47,26.49,26.36,26.44,128200
2023-05-02T18:00:00Z,26.44,26.56,26.37,26.53,200000
2023-05-02T19:00:00Z,26.52,26.59,26.46,26.59,353600
2023-05-03T13:00:00Z,26.43,26.56,26.25,26.3,84100
2023-05-03T14:00:00Z,26.3,26.4,26.25,26.3,98200
2023-05-03T15:00:00Z,26.28,26.35,26.22,26.33,155100
2023-05-03T16:00:00Z,26.34,26.45,26.31,26.36,128600
2023-05-03T17:00:00Z,26.37,26.42,26.31,26.36,162300
2023-05-03T18:00:00Z,26.35,26.64,26.33,26.62,311100
2023-05-03T19:00:00Z,26.6,26.69,26.54,26.63,268100
2023-05-04T13:00:00Z,26.55,27.1,26.55,26.98,159600
2023-05-04T14:00:00Z,27,27.09,26.62,26.74,270000
2023-05-04T15:00:00Z,26.73,26.8,26.63,26.67,168700
2023-05-04T16:00:00Z,26.67,26.88,26.62,26.88,171500
2023-05-04T17:00:00Z,26.88,27.35,26.84,27.19,218400
2023-05-04T18:00:00Z,27.19,27.23,27.05,27.14,193100
2023-05-04T19:00:00Z,27.13,27.31,26.89,26.89,334200
2023-05-05T13:00:00Z,27.3,27.35,27.01,27.3,264400
2023-05-05T14:00:00Z,27.27,27.49,27.2,27.39,182600
2023-05-05T15:00:00Z,27.41,27.57,27.34,27.54,179100
2023-05-05T16:00:00Z,27.55,27.84,27.49,27.78,160100
2023-05-05T17:00:00Z,27.78,28.08,27.78,28.05,170800
2023-05-05T18:00:00Z,28.04,28.26,27.93,28.02,332400
2023-05-05T19:00:00Z,28.01,28.11,27.93,28.01,547500
2023-05-08T13:00:00Z,28.2,28.4,28.04,28.3,340500
2023-05-08T14:00:00Z,28.3,28.62,28.15,28.56,387200
2023-05-08T15:00:00Z,28.55,28.58,28.21,28.41,285200
2023-05-08T16:00:00Z,28.41,28.58,28.33,28.46,324800
2023-05-08T17:00:00Z,28.45,28.53,28.37,28.5,328100
2023-05-08T18:00:00Z,28.5,28.56,28.38,28.49,223900
2023-05-08T19:00:00Z,28.49,28.64,28.48,28.6,221600
2023-05-09T13:00:00Z,28.41,28.9,28.12,28.87,184100
2023-05-09T14:00:00Z,28.88,29.02,28.79,28.79,264200
2023-05-09T15:00:00Z,28.78,28.97,28.76,28.94,766700
2023-05-09T16:00:00Z,28.94,29.06,28.8,28.9,331500
2023-05-09T17:00:00Z,28.88,29.03,28.83,28.9,206100
2023-05-09T18:00:00Z,28.89,28.97,28.86,28.89,167300
2023-05-09T19:00:00Z,28.88,28.99,28.85,28.95,239800
2023-05-10T13:00:00Z,28.63,29.1,28.62,28.91,238300
2023-05-10T14:00:00Z,28.92,29.1,28.85,28.96,189700
2023-05-10T15:00:00Z,28.98,29.2,28.98,29.17,171500
2023-05-10T16:00:00Z,29.17,29.27,29.13,29.14,93100
2023-05-10T17:00:00Z,29.15,29.19,29.09,29.16,57900
2023-05-10T18:00:00Z,29.16,29.29,29.14,29.25,135300
2023-05-10T19:00:00Z,29.26,29.48,29.23,29.47,178800
2023-05-11T13:00:00Z,28.93,29.83,28.93,29.81,269700
2023-05-11T14:00:00Z,29.81,29.83,29.67,29.71,624100
2023-05-11T15:00:00Z,29.7,29.81,29.64,29.75,252100
2023-05-11T16:00:00Z,29.74,29.75,29.67,29.73,86100
2023-05-11T17:00:00Z,29.74,29.94,29.69,29.94,257800
2023-05-11T18:00:00Z,29.94,30.08,29.84,29.87,303000
2023-05-11T19:00:00Z,29.83,30.03,29.83,29.93,346300
2023-05-12T13:00:00Z,29.84,30,29.56,29.98,287900
2023-05-12T14:00:00Z,29.97,30.13,29.94,30.04,222000
2023-05-12T15:00:00Z,30.03,30.07,29.97,30,169300
2023-05-12T16:00:00Z,30,30.09,29.9,30.04,134500
2023-05-12T17:00:00Z,30.03,30.12,29.95,30.12,97300
2023-05-12T18:00:00Z,30.12,30.28,30.08,30.26,142800
2023-05-12T19:00:00Z,30.26,30.26,30.11,30.24,245500
2023-05-15T13:00:00Z,30.39,30.59,30.07,30.11,381900
2023-05-15T14:00:00Z,30.11,30.13,29.94,29.99,223000
2023-05-15T15:00:00Z,29.98,30.04,29.85,29.96,128000
2023-05-15T16:00:00Z,29.96,30.03,29.85,29.92,114400
2023-05-15T17:00:00Z,29.93,29.93,29.8,29.9,83000
2023-05-15T18:00:00Z,29.9,30.04,29.89,29.95,139000
2023-05-15T19:00:00Z,29.96,30.07,29.82,29.94,250000
2023-05-16T13:00:00Z,29.81,30.4,29.75,30.39,339800
2023-05-16T14:00:00Z,30.36,30.37,29.94,30.07,126100
2023-05-16T15:00:00Z,30.07,30.19,30,30.13,132200
2023-05-16T16:00:00Z,30.13,30.15,29.85,29.99,138800
2023-05-16T17:00:00Z,30,30,29.88,29.93,91700
2023-05-16T18:00:00Z,29.92,30,29.91,29.94,68200
2023-05-16T19:00:00Z,29.95,29.99,29.78,29.8,102900
2023-05-17T13:00:00Z,29.8,30.06,29.65,29.82,136600
2023-05-17T14:00:00Z,29.81,29.99,29.75,29.97,105900
2023-05-17T15:00:00Z,29.97,30.06,29.9,30,99300
2023-05-17T16:00:00Z,30.01,30.13,29.97,30.04,84200
2023-05-17T17:00:00Z,30.04,30.04,29.94,29.98,147000
2023-05-17T18:00:00Z,29.97,30.02,29.9,29.91,160100
2023-05-17T19:00:00Z,29.9,30.05,29.9,29.97,128400
2023-05-18T13:00:00Z,29.99,30.23,29.86,30.21,232800
2023-05-18T14:00:00Z,30.21,30.36,29.77,29.87,318600
2023-05-18T15:00:00Z,29.87,29.94,29.74,29.77,89700
2023-05-18T16:00:00Z,29.79,29.84,29.69,29.74,65000
2023-05-18T17:00:00Z,29.75,29.94,29.71,29.94,113300
2023-05-18T18:00:00Z,29.94,29.99,29.88,29.97,90000
2023-05-18T19:00:00Z,29.98,30.19,29.89,30.18,184700
2023-05-19T13:00:00Z,30.1,30.18,29.82,29.92,97400
2023-05-19T14:00:00Z,29.91,30.22,29.9,30.17,116300
2023-05-19T15:00:00Z,30.17,30.19,29.99,30.01,129800
2023-05-19T16:00:00Z,30.01,30.08,29.86,29.92,128400
2023-05-19T17:00:00Z,29.91,30.05,29.9,29.95,108400
2023-05-19T18:00:00Z,29.94,30.07,29.9,29.95,65600
2023-05-19T19:00:00Z,29.95,30.07,29.92,30.03,77100
2023-05-22T13:00:00Z,30,30.31,29.85,29.9,126700
2023-05-22T14:00:00Z,29.89,29.93,29.73,29.76,91600
2023-05-22T15:00:00Z,29.78,29.85,29.71,29.79,56500
2023-05-22T16:00:00Z,29.79,29.85,29.73,29.76,57200
2023-05-22T17:00:00Z,29.77,29.85,29.75,29.81,51400
2023-05-22T18:00:00Z,29.81,29.84,29.76,29.82,41600
2023-05-22T19:00:00Z,29.82,29.87,29.74,29.87,60500
2023-05-23T13:00:00Z,29.78,29.92,29.71,29.87,68900
2023-05-23T14:00:00Z,29.88,29.93,29.8,29.91,77200
2023-05-23T15:00:00Z,29.91,30.07,29.91,30.04,90800
2023-05-23T16:00:00Z,30.04,30.04,29.84,29.91,87100
2023-05-23T17:00:00Z,29.9,29.96,29.82,29.84,108300
2023-05-23T18:00:00Z,29.83,29.88,29.54,29.65,174200
2023-05-23T19:00:00Z,29.66,29.69,29.56,29.59,91900
2023-05-24T13:00:00Z,29.37,29.62,29.26,29.35,69600
2023-05-24T14:00:00Z,29.35,29.57,29.35,29.48,95500
2023-05-24T15:00:00Z,29.47,29.54,29.41,29.45,58800
2023-05-24T16:00:00Z,29.44,29.44,29.2,29.25,123900
2023-05-24T17:00:00Z,29.25,29.4,29.22,29.36,61700
2023-05-24T18:00:00Z,29.34,29.48,29.34,29.41,80000
2023-05-24T19:00:00Z,29.41,29.56,29.37,29.46,67300
2023-05-25T13:00:00Z,29.78,29.96,29.54,29.65,142500
2023-05-25T14:00:00Z,29.66,29.71,29.37,29.58,128100
2023-05-25T15:00:00Z,29.58,29.63,29.32,29.45,167100
2023-05-25T16:00:00Z,29.45,29.54,29.3,29.31,200800
2023-05-25T17:00:00Z,29.29,29.37,29.22,29.26,412700
2023-05-25T18:00:00Z,29.25,29.28,29.04,29.07,527600
2023-05-25T19:00:00Z,29.06,29.22,28.91,29.2,842200
2023-05-26T13:00:00Z,29.34,29.57,29.06,29.28,193100
2023-05-26T14:00:00Z,29.29,29.35,28.95,29.11,425200
2023-05-26T15:00:00Z,29.12,29.2,28.78,28.99,410600
2023-05-26T16:00:00Z,28.98,29.04,28.83,28.94,175600
2023-05-26T17:00:00Z,28.95,29.14,28.94,29.09,172900
2023-05-26T18:00:00Z,29.09,29.16,29.01,29.03,148400
2023-05-26T19:00:00Z,29.03,29.21,29.01,29.19,366200
2023-05-29T13:00:00Z,29.22,29.22,28.87,28.96,61900
2023-05-29T14:00:00Z,28.96,29.18,28.95,29.18,45100
2023-05-29T15:00:00Z,29.18,29.3,29.06,29.24,68800
2023-05-29T16:00:00Z,29.24,29.24,29.07,29.15,37000
2023-05-29T17:00:00Z,29.15,29.15,29.04,29.13,58600
2023-05-29T18:00:00Z,29.13,29.5,29.12,29.43,122200
2023-05-29T19:00:00Z,29.43,29.45,29.25,29.31,104100
2023-05-30T13:00:00Z,29.51,29.57,28.92,28.97,119500
2023-05-30T14:00:00Z,28.98,29.09,28.86,28.92,312500
2023-05-30T15:00:00Z,28.92,28.96,28.78,28.87,136600
2023-05-30T16:00:00Z,28.86,28.92,28.83,28.9,78300
2023-05-30T17:00:00Z,28.91,28.93,28.76,28.8,323200
2023-05-30T18:00:00Z,28.8,28.88,28.75,28.82,76700
2023-05-30T19:00:00Z,28.83,28.89,28.77,28.85,127500
2023-05-31T13:00:00Z,28.82,28.92,28.55,28.76,114500
2023-05-31T14:00:00Z,28.75,28.91,28.71,28.73,111900
2023-05-31T15:00:00Z,28.73,28.83,28.67,28.73,68600
2023-05-31T16:00:00Z,28.73,28.81,28.68,28.78,70300
2023-05-31T17:00:00Z,28.78,28.98,28.71,28.92,656200
2023-05-31T18:00:00Z,28.93,29.02,28.86,28.89,131400
2023-05-31T19:00:00Z,28.89,28.9,28.79,28.79,104800
2023-06-01T13:00:00Z,28.53,28.97,28.5,28.81,285000
2023-06-01T14:00:00Z,28.8,29.1,28.73,29.05,274800
2023-06-01T15:00:00Z,29.05,29.33,29.02,29.26,228100
2023-06-01T16:00:00Z,29.25,29.31,29.17,29.18,129700
2023-06-01T17:00:00Z,29.18,29.29,29.13,29.18,100000
2023-06-01T18:00:00Z,29.18,29.23,29.11,29.18,119300
2023-06-01T19:00:00Z,29.18,29.27,29.11,29.14,117800
2023-06-02T13:00:00Z,29.37,29.77,29.32,29.65,187600
2023-06-02T14:00:00Z,29.66,29.77,29.52,29.74,109700
2023-06-02T15:00:00Z,29.74,29.91,29.69,29.89,128400
2023-06-02T16:00:00Z,29.89,29.9,29.66,29.68,116200
2023-06-02T17:00:00Z,29.68,29.69,29.61,29.67,61900
2023-06-02T18:00:00Z,29.68,29.8,29.64,29.77,151100
2023-06-02T19:00:00Z,29.77,29.86,29.65,29.83,165300
2023-06-05T13:00:00Z,29.71,29.86,29.6,29.62,125200
2023-06-05T14:00:00Z,29.64,29.65,29.35,29.43,100100
2023-06-05T15:00:00Z,29.42,29.53,29.38,29.53,56100
2023-06-05T16:00:00Z,29.52,29.57,29.47,29.49,35600
2023-06-05T17:00:00Z,29.5,29.58,29.48,29.57,63900
2023-06-05T18:00:00Z,29.58,29.69,29.54,29.69,82800
2023-06-05T19:00:00Z,29.66,29.83,29.66,29.78,157600
2023-06-06T13:00:00Z,29.77,30,29.77,29.94,142100
2023-06-06T14:00:00Z,29.94,30.1,29.92,30.08,129500
2023-06-06T15:00:00Z,30.08,30.28,30.03,30.17,188100
2023-06-06T16:00:00Z,30.18,30.36,30.15,30.34,222600
2023-06-06T17:00:00Z,30.34,30.37,30.26,30.34,164800
2023-06-06T18:00:00Z,30.33,30.4,30.25,30.4,164400
2023-06-06T19:00:00Z,30.39,30.4,30.3,30.36,299400
2023-06-07T13:00:00Z,30.5,30.95,30.46,30.7,296300
2023-06-07T14:00:00Z,30.71,30.83,30.45,30.45,183800
2023-06-07T15:00:00Z,30.46,30.7,30.45,30.5,88000
2023-06-07T16:00:00Z,30.52,30.57,30.35,30.4,88600
2023-06-07T17:00:00Z,30.39,30.45,30.31,30.36,79000
2023-06-07T18:00:00Z,30.38,30.56,30.35,30.51,282700
2023-06-07T19:00:00Z,30.52,30.6,30.48,30.52,124000
2023-06-09T13:00:00Z,30.85,31.06,30.66,30.95,206000
2023-06-09T14:00:00Z,30.96,31.21,30.94,31.04,235200
2023-06-09T15:00:00Z,31.05,31.1,30.87,31,322200
2023-06-09T16:00:00Z,31.02,31.1,30.94,31.02,166400
2023-06-09T17:00:00Z,31.03,31.09,30.95,31,157100
2023-06-09T18:00:00Z,31,31.02,30.82,30.93,151800
2023-06-09T19:00:00Z,30.94,31.01,30.87,30.94,223100
2023-06-12T13:00:00Z,30.86,30.95,30.35,30.36,417800
2023-06-12T14:00:00Z,30.38,30.74,30.36,30.67,282200
2023-06-12T15:00:00Z,30.7,30.72,30.3,30.3,378200
2023-06-12T16:00:00Z,30.3,30.45,30.16,30.44,191400
2023-06-12T17:00:00Z,30.45,30.53,30.27,30.28,158600
2023-06-12T18:00:00Z,30.26,30.35,30.18,30.2,406200
2023-06-12T19:00:00Z,30.21,30.21,29.81,29.81,568700
2023-06-13T13:00:00Z,29.54,30.34,29.54,29.94,836200
2023-06-13T14:00:00Z,29.96,30.37,29.94,30.23,385400
2023-06-13T15:00:00Z,30.22,30.25,30.06,30.12,257600
2023-06-13T16:00:00Z,30.13,30.33,30.12,30.19,165800
2023-06-13T17:00:00Z,30.2,30.33,30.02,30.32,539700
2023-06-13T18:00:00Z,30.33,30.49,30.25,30.26,336100
2023-06-13T19:00:00Z,30.25,30.34,30.17,30.22,305800
2023-06-14T13:00:00Z,30.13,30.17,29.67,30.04,578700
2023-06-14T14:00:00Z,30.05,30.18,29.99,30.07,365000
2023-06-14T15:00:00Z,30.08,30.11,29.76,29.79,441100
2023-06-14T16:00:00Z,29.81,29.99,29.78,29.93,477600
2023-06-14T17:00:00Z,29.93,30.03,29.76,29.86,669000
2023-06-14T18:00:00Z,29.85,29.86,29.5,29.66,903700
2023-06-14T19:00:00Z,29.65,30.13,29.48,30.03,1196400
2023-06-15T13:00:00Z,29.99,30.58,29.94,30.37,356200
2023-06-15T14:00:00Z,30.36,30.54,30.34,30.39,123300
2023-06-15T15:00:00Z,30.39,30.5,30.27,30.44,95500
2023-06-15T16:00:00Z,30.44,30.68,30.4,30.68,181300
2023-06-15T17:00:00Z,30.68,30.7,30.61,30.67,185500
2023-06-15T18:00:00Z,30.68,30.89,30.65,30.88,281000
2023-06-15T19:00:00Z,30.88,30.99,30.73,30.85,307600
2023-06-16T13:00:00Z,30.59,30.69,30.34,30.6,191900
2023-06-16T14:00:00Z,30.61,30.83,30.58,30.78,136800
2023-06-16T15:00:00Z,30.76,30.84,30.72,30.76,63900
2023-06-16T16:00:00Z,30.76,30.83,30.71,30.81,65600
2023-06-16T17:00:00Z,30.83,30.83,30.74,30.75,70200
2023-06-16T18:00:00Z,30.74,30.77,30.68,30.76,93600
2023-06-16T19:00:00Z,30.76,30.78,30.62,30.66,100700
2023-06-19T13:00:00Z,30.45,30.76,30.36,30.64,143600
2023-06-19T14:00:00Z,30.64,30.68,30.59,30.61,62000
2023-06-19T15:00:00Z,30.64,30.79,30.62,30.77,39600
2023-06-19T16:00:00Z,30.77,30.79,30.7,30.78,39600
2023-06-19T17:00:00Z,30.78,30.9,30.73,30.78,78400
2023-06-19T18:00:00Z,30.8,30.92,30.77,30.88,64000
2023-06-19T19:00:00Z,30.88,30.99,30.81,30.91,105300
2023-06-20T13:00:00Z,30.84,30.85,30.6,30.64,80800
2023-06-20T14:00:00Z,30.66,30.7,30.53,30.6,169400
2023-06-20T15:00:00Z,30.6,30.66,30.58,30.64,78200
2023-06-20T16:00:00Z,30.62,30.82,30.6,30.78,111700
2023-06-20T17:00:00Z,30.78,30.92,30.78,30.89,93800
2023-06-20T18:00:00Z,30.91,31.05,30.9,30.94,167900
2023-06-20T19:00:00Z,30.96,30.96,30.86,30.89,189200
2023-06-21T13:00:00Z,30.94,31.03,30.77,30.89,126200
2023-06-21T14:00:00Z,30.87,31.18,30.85,31.1,124500
2023-06-21T15:00:00Z,31.12,31.23,31.06,31.13,127600
2023-06-21T16:00:00Z,31.14,31.38,31.11,31.37,113300
2023-06-21T17:00:00Z,31.37,31.39,31.25,31.35,76700
2023-06-21T18:00:00Z,31.35,31.45,31.34,31.37,128600
2023-06-21T19:00:00Z,31.36,31.45,31.17,31.19,377500
2023-06-22T13:00:00Z,31.2,31.23,30.73,30.77,156600
2023-06-22T14:00:00Z,30.76,30.85,30.69,30.79,104800
2023-06-22T15:00:00Z,30.79,30.8,30.65,30.75,80500
2023-06-22T16:00:00Z,30.78,30.78,30.68,30.74,41900
2023-06-22T17:00:00Z,30.74,30.83,30.66,30.74,88500
2023-06-22T18:00:00Z,30.72,30.9,30.68,30.8,108300
2023-06-22T19:00:00Z,30.8,30.82,30.68,30.71,61500
2023-06-23T13:00:00Z,30.37,30.7,30.37,30.61,114300
2023-06-23T14:00:00Z,30.6,30.7,30.46,30.63,110000
2023-06-23T15:00:00Z,30.62,30.77,30.6,30.68,79700
2023-06-23T16:00:00Z,30.67,30.81,30.62,30.68,85800
2023-06-23T17:00:00Z,30.7,30.83,30.7,30.77,56700
2023-06-23T18:00:00Z,30.77,30.78,30.64,30.74,60900
2023-06-23T19:00:00Z,30.73,30.83,30.7,30.77,98800
2023-06-26T13:00:00Z,30.7,30.92,30.57,30.6,59400
2023-06-26T14:00:00Z,30.6,30.61,30.31,30.45,87200
2023-06-26T15:00:00Z,30.46,30.58,30.4,30.54,138900
2023-06-26T16:00:00Z,30.54,30.63,30.41,30.54,60900
2023-06-26T17:00:00Z,30.55,30.69,30.51,30.69,53300
2023-06-26T18:00:00Z,30.67,30.88,30.67,30.86,221900
2023-06-26T19:00:00Z,30.87,30.98,30.82,30.82,192800
2023-06-27T13:00:00Z,31,31.07,30.7,30.87,153500
2023-06-27T14:00:00Z,30.85,30.88,30.61,30.66,98100
2023-06-27T15:00:00Z,30.67,30.7,30.44,30.49,191300
2023-06-27T16:00:00Z,30.48,30.72,30.39,30.58,161700
2023-06-27T17:00:00Z,30.58,30.66,30.54,30.57,80700
2023-06-27T18:00:00Z,30.57,30.65,30.53,30.6,87500
2023-06-27T19:00:00Z,30.6,30.62,30.5,30.53,177300
2023-06-28T13:00:00Z,30.79,30.79,30.45,30.53,110400
2023-06-28T14:00:00Z,30.53,30.56,30.36,30.42,80300
2023-06-28T15:00:00Z,30.41,30.61,30.39,30.46,104000
2023-06-28T16:00:00Z,30.47,30.5,30.41,30.47,116100
2023-06-28T17:00:00Z,30.48,30.52,30.29,30.33,79000
2023-06-28T18:00:00Z,30.33,30.45,30.28,30.37,80800
2023-06-28T19:00:00Z,30.38,30.47,30.19,30.3,176800
2023-06-29T13:00:00Z,30.4,30.74,30.26,30.47,81600
2023-06-29T14:00:00Z,30.46,30.46,30.33,30.38,52600
2023-06-29T15:00:00Z,30.39,30.6,30.39,30.6,63000
2023-06-29T16:00:00Z,30.62,30.64,30.53,30.55,82400
2023-06-29T17:00:00Z,30.53,30.58,30.47,30.48,47700
2023-06-29T18:00:00Z,30.49,30.55,30.47,30.47,88400
2023-06-29T19:00:00Z,30.49,30.64,30.47,30.58,212700
2023-06-30T13:00:00Z,30.77,31.1,30.72,30.86,117000
2023-06-30T14:00:00Z,30.89,31.06,30.87,30.98,160000
2023-06-30T15:00:00Z,30.99,31.05,30.91,30.98,131400
2023-06-30T16:00:00Z,30.98,31.01,30.9,30.98,103200
2023-06-30T17:00:00Z,30.98,30.99,30.71,30.79,92800
2023-06-30T18:00:00Z,30.79,30.95,30.74,30.91,92000
2023-06-30T19:00:00Z,30.9,30.94,30.7,30.72,117200
2023-07-03T13:00:00Z,30.66,31.25,30.66,30.98,495000
2023-07-03T14:00:00Z,31,31.28,30.89,31.22,614400
2023-07-03T15:00:00Z,31.25,31.93,31.23,31.88,656300
2023-07-03T16:00:00Z,31.89,31.91,31.75,31.8,277900
2023-07-03T17:00:00Z,31.8,31.95,31.64,31.72,481200
2023-07-03T18:00:00Z,31.72,31.88,31.5,31.71,472200
2023-07-03T19:00:00Z,31.7,31.75,31.5,31.52,411100
2023-07-04T13:00:00Z,31.39,31.49,30.95,31.08,84800
2023-07-04T14:00:00Z,31.08,31.37,30.95,30.96,210300
2023-07-04T15:00:00Z,30.96,31.03,30.81,30.81,93900
2023-07-04T16:00:00Z,30.81,30.99,30.8,30.9,123000
2023-07-04T17:00:00Z,30.88,30.92,30.79,30.82,114100
2023-07-04T18:00:00Z,30.82,30.87,30.74,30.78,139700
2023-07-04T19:00:00Z,30.77,30.91,30.77,30.82,210100
2023-07-05T13:00:00Z,30.7,30.72,30.23,30.41,287100
2023-07-05T14:00:00Z,30.41,30.67,30.4,30.52,178000
2023-07-05T15:00:00Z,30.51,30.52,30.26,30.31,272300
2023-07-05T16:00:00Z,30.3,30.48,30.2,30.47,249000
2023-07-05T17:00:00Z,30.48,30.61,30.42,30.54,203700
2023-07-05T18:00:00Z,30.53,30.58,30.37,30.43,191000
2023-07-05T19:00:00Z,30.42,30.48,30.37,30.4,189700
2023-07-06T13:00:00Z,30.24,30.37,29.69,29.75,293200
2023-07-06T14:00:00Z,29.75,29.88,29.71,29.79,191500
2023-07-06T15:00:00Z,29.8,29.89,29.74,29.77,93300
2023-07-06T16:00:00Z,29.78,29.86,29.71,29.78,139900
2023-07-06T17:00:00Z,29.79,29.9,29.78,29.84,77400
2023-07-06T18:00:00Z,29.85,29.89,29.8,29.82,80900
2023-07-06T19:00:00Z,29.83,29.84,29.74,29.76,167200
2023-07-07T13:00:00Z,30.05,30.11,29.69,30.01,146100
2023-07-07T14:00:00Z,30.04,30.3,29.94,29.98,110600
2023-07-07T15:00:00Z,29.96,30.12,29.94,30.11,51800
2023-07-07T16:00:00Z,30.12,30.16,29.98,30.08,78900
2023-07-07T17:00:00Z,30.09,30.13,30.03,30.07,51300
2023-07-07T18:00:00Z,30.06,30.19,30.02,30.16,177500
2023-07-07T19:00:00Z,30.16,30.17,29.93,29.94,342300
2023-07-10T13:00:00Z,29.87,30,29.62,29.67,112500
2023-07-10T14:00:00Z,29.67,29.77,29.59,29.64,101700
2023-07-10T15:00:00Z,29.64,29.75,29.61,29.73,84300
2023-07-10T16:00:00Z,29.73,29.73,29.56,29.58,100300
2023-07-10T17:00:00Z,29.56,29.66,29.55,29.62,105500
2023-07-10T18:00:00Z,29.61,29.65,29.54,29.59,213700
2023-07-10T19:00:00Z,29.59,29.62,29.55,29.61,153600
2023-07-11T13:00:00Z,29.65,29.65,29.07,29.21,218400
2023-07-11T14:00:00Z,29.21,29.35,29.16,29.2,150600
2023-07-11T15:00:00Z,29.2,29.41,29.16,29.26,94000
2023-07-11T16:00:00Z,29.26,29.49,29.22,29.43,76800
2023-07-11T17:00:00Z,29.43,29.53,29.42,29.43,55400
2023-07-11T18:00:00Z,29.43,29.47,29.37,29.46,80100
2023-07-11T19:00:00Z,29.45,29.52,29.4,29.45,135800
2023-07-12T13:00:00Z,29.5,29.86,29.42,29.74,181000
2023-07-12T14:00:00Z,29.74,29.87,29.57,29.67,142000
2023-07-12T15:00:00Z,29.66,29.66,29.39,29.5,165200
2023-07-12T16:00:00Z,29.51,29.54,29.42,29.42,53500
2023-07-12T17:00:00Z,29.45,29.45,29.19,29.33,213100
2023-07-12T18:00:00Z,29.35,29.42,29.28,29.37,75100
2023-07-12T19:00:00Z,29.38,29.4,29.14,29.19,196300
2023-07-13T13:00:00Z,29.35,29.74,29.18,29.7,153200
2023-07-13T14:00:00Z,29.72,29.76,29.62,29.65,115600
2023-07-13T15:00:00Z,29.65,29.68,29.54,29.66,68300
2023-07-13T16:00:00Z,29.67,29.76,29.64,29.76,214800
2023-07-13T17:00:00Z,29.76,29.79,29.71,29.78,50300
2023-07-13T18:00:00Z,29.77,29.81,29.7,29.76,63000
2023-07-13T19:00:00Z,29.76,29.77,29.59,29.66,139600
2023-07-14T13:00:00Z,29.7,29.76,29.59,29.73,174100
2023-07-14T14:00:00Z,29.69,29.78,29.46,29.57,174200
2023-07-14T15:00:00Z,29.57,29.66,29.55,29.56,55300
2023-07-14T16:00:00Z,29.56,29.59,29.45,29.56,68800
2023-07-14T17:00:00Z,29.55,29.64,29.51,29.59,79200
2023-07-14T18:00:00Z,29.58,29.61,29.51,29.54,83800
2023-07-14T19:00:00Z,29.54,29.6,29.45,29.48,177900
2023-07-17T13:00:00Z,29.3,29.91,29.3,29.87,218900
2023-07-17T14:00:00Z,29.87,29.96,29.74,29.86,87100
2023-07-17T15:00:00Z,29.86,29.93,29.79,29.84,46300
2023-07-17T16:00:00Z,29.84,29.89,29.81,29.86,47600
2023-07-17T17:00:00Z,29.86,30.06,29.83,30,79600
2023-07-17T18:00:00Z,29.98,30.13,29.94,30,212100
2023-07-17T19:00:00Z,30,30.15,29.98,30.04,160800
2023-07-18T13:00:00Z,29.86,30.13,29.8,30.04,178900
2023-07-18T14:00:00Z,30.04,30.05,29.9,29.99,85200
2023-07-18T15:00:00Z,29.98,30,29.82,29.98,77700
2023-07-18T16:00:00Z,29.99,29.99,29.78,29.78,116800
2023-07-18T17:00:00Z,29.78,29.81,29.6,29.78,269500
2023-07-18T18:00:00Z,29.77,29.83,29.69,29.69,102500
2023-07-18T19:00:00Z,29.69,29.73,29.61,29.65,153000
2023-07-19T13:00:00Z,29.91,29.91,29.53,29.9,133400
2023-07-19T14:00:00Z,29.89,29.91,29.58,29.63,72300
2023-07-19T15:00:00Z,29.61,29.63,29.5,29.51,81100
2023-07-19T16:00:00Z,29.53,29.58,29.5,29.58,42700
2023-07-19T17:00:00Z,29.58,29.68,29.54,29.61,53500
2023-07-19T18:00:00Z,29.62,29.81,29.58,29.76,103400
2023-07-19T19:00:00Z,29.71,29.76,29.53,29.56,144100
2023-07-20T13:00:00Z,29.65,29.98,29.51,29.71,188000
2023-07-20T14:00:00Z,29.71,29.74,29.54,29.72,116200
2023-07-20T15:00:00Z,29.71,29.73,29.54,29.65,88900
2023-07-20T16:00:00Z,29.63,29.66,29.56,29.61,103900
2023-07-20T17:00:00Z,29.6,29.63,29.55,29.57,124000
2023-07-20T18:00:00Z,29.57,29.63,29.54,29.57,260200
2023-07-20T19:00:00Z,29.57,29.73,29.56,29.72,217700
2023-07-21T13:00:00Z,29.29,29.75,29.19,29.75,360500
2023-07-21T14:00:00Z,29.75,29.92,29.71,29.86,180800
2023-07-21T15:00:00Z,29.86,30.05,29.86,29.98,127100
2023-07-21T16:00:00Z,29.98,30.05,29.96,29.97,77000
2023-07-21T17:00:00Z,29.97,29.98,29.73,29.75,132100
2023-07-21T18:00:00Z,29.75,29.98,29.74,29.94,107900
2023-07-21T19:00:00Z,29.94,30.03,29.89,30.02,167200
2023-07-24T13:00:00Z,29.9,30.04,29.76,29.83,137200
2023-07-24T14:00:00Z,29.86,30.04,29.63,29.92,211900
2023-07-24T15:00:00Z,29.89,30.2,29.89,30.11,265500
2023-07-24T16:00:00Z,30.08,30.13,30.02,30.11,120800
2023-07-24T17:00:00Z,30.09,30.14,29.68,29.74,323400
2023-07-24T18:00:00Z,29.75,29.89,29.68,29.86,419000
2023-07-24T19:00:00Z,29.86,29.99,29.75,29.78,326700
2023-07-25T13:00:00Z,30.15,30.18,29.71,29.75,114600
2023-07-25T14:00:00Z,29.75,29.83,29.51,29.52,254400
2023-07-25T15:00:00Z,29.53,29.58,29.41,29.52,150600
2023-07-25T16:00:00Z,29.52,29.57,29.34,29.35,290300
2023-07-25T17:00:00Z,29.35,29.43,29.31,29.33,191400
2023-07-25T18:00:00Z,29.33,29.43,29.25,29.29,377300
2023-07-25T19:00:00Z,29.31,29.52,29.24,29.52,563000
2023-07-26T13:00:00Z,29.1,29.59,28.89,29.51,648900
2023-07-26T14:00:00Z,29.53,29.56,29.32,29.51,305200
2023-07-26T15:00:00Z,29.52,29.52,29.33,29.44,157400
2023-07-26T16:00:00Z,29.45,29.57,29.38,29.47,135000
2023-07-26T17:00:00Z,29.49,29.58,29.35,29.37,140300
2023-07-26T18:00:00Z,29.4,29.55,29.32,29.45,138100
2023-07-26T19:00:00Z,29.46,29.5,29.33,29.39,175400
2023-07-27T13:00:00Z,29.42,29.67,28.95,29.07,285400
2023-07-27T14:00:00Z,29.07,29.1,28.97,29.09,106100
2023-07-27T15:00:00Z,29.08,29.24,29.07,29.1,118400
2023-07-27T16:00:00Z,29.11,29.13,29.06,29.07,34600
2023-07-27T17:00:00Z,29.08,29.09,28.88,28.9,168400
2023-07-27T18:00:00Z,28.88,28.94,28.81,28.88,252700
2023-07-27T19:00:00Z,28.89,28.92,28.54,28.6,423800
2023-07-28T13:00:00Z,28.51,28.92,28.51,28.72,145500
2023-07-28T14:00:00Z,28.72,28.74,28.33,28.45,234500
2023-07-28T15:00:00Z,28.44,28.64,28.36,28.53,129500
2023-07-28T16:00:00Z,28.53,28.54,28.37,28.43,85500
2023-07-28T17:00:00Z,28.42,28.78,28.4,28.77,346800
2023-07-28T18:00:00Z,28.77,29.01,28.58,28.9,786400
2023-07-28T19:00:00Z,28.9,28.93,28.82,28.84,298200
2023-07-31T13:00:00Z,28.83,29,28.74,28.94,121200
2023-07-31T14:00:00Z,28.94,28.99,28.77,28.85,73700
2023-07-31T15:00:00Z,28.83,28.87,28.59,28.6,174200
2023-07-31T16:00:00Z,28.6,28.64,28.52,28.59,150700
2023-07-31T17:00:00Z,28.58,28.74,28.54,28.69,67300
2023-07-31T18:00:00Z,28.69,28.76,28.65,28.67,80700
2023-07-31T19:00:00Z,28.67,28.75,28.62,28.72,131100
2023-08-01T13:00:00Z,28.56,28.68,28.4,28.51,185400
2023-08-01T14:00:00Z,28.52,28.58,28.38,28.43,127900
2023-08-01T15:00:00Z,28.43,28.53,28.39,28.41,108700
2023-08-01T16:00:00Z,28.41,28.47,28.31,28.46,157600
2023-08-01T17:00:00Z,28.45,28.67,28.42,28.67,177100
2023-08-01T18:00:00Z,28.67,28.67,28.5,28.55,142300
2023-08-01T19:00:00Z,28.56,28.74,28.52,28.58,247500
2023-08-02T13:00:00Z,28.52,28.65,28.45,28.52,79800
2023-08-02T14:00:00Z,28.55,28.56,28.31,28.35,149300
2023-08-02T15:00:00Z,28.35,28.46,28.33,28.38,80300
2023-08-02T16:00:00Z,28.38,28.44,28.32,28.37,76300
2023-08-02T17:00:00Z,28.37,28.44,28.35,28.4,56200
2023-08-02T18:00:00Z,28.39,28.46,28.38,28.44,66700
2023-08-02T19:00:00Z,28.44,28.58,28.41,28.44,176600
2023-08-03T13:00:00Z,28.59,28.85,28.4,28.41,263700
2023-08-03T14:00:00Z,28.39,28.55,28.34,28.46,126200
2023-08-03T15:00:00Z,28.48,28.6,28.48,28.55,56700
2023-08-03T16:00:00Z,28.54,28.54,28.41,28.41,61200
2023-08-03T17:00:00Z,28.41,28.69,28.36,28.6,250500
2023-08-03T18:00:00Z,28.6,28.65,28.52,28.56,110800
2023-08-03T19:00:00Z,28.55,28.59,28.34,28.38,294500
2023-08-04T13:00:00Z,28.28,28.34,28.05,28.05,407700
2023-08-04T14:00:00Z,28.06,28.24,27.89,28.16,340600
2023-08-04T15:00:00Z,28.15,28.28,28.1,28.26,88100
2023-08-04T16:00:00Z,28.26,28.35,28.24,28.32,87400
2023-08-04T17:00:00Z,28.32,28.34,28.24,28.25,75100
2023-08-04T18:00:00Z,28.24,28.29,27.98,28.02,328800
2023-08-04T19:00:00Z,28.02,28.04,27.8,27.81,361500
2023-08-07T13:00:00Z,27.85,28.05,27.82,27.96,135800
2023-08-07T14:00:00Z,27.95,27.97,27.76,27.82,99500
2023-08-07T15:00:00Z,27.81,27.87,27.75,27.77,62900
2023-08-07T16:00:00Z,27.78,27.84,27.73,27.82,50900
2023-08-07T17:00:00Z,27.82,27.84,27.76,27.83,38700
2023-08-07T18:00:00Z,27.84,27.86,27.75,27.77,73600
2023-08-07T19:00:00Z,27.79,27.81,27.75,27.78,79000
2023-08-08T13:00:00Z,27.61,27.66,27.4,27.47,255700
2023-08-08T14:00:00Z,27.46,27.61,27.42,27.59,187800
2023-08-08T15:00:00Z,27.6,27.67,27.51,27.53,169300
2023-08-08T16:00:00Z,27.53,27.67,27.51,27.63,109100
2023-08-08T17:00:00Z,27.63,27.69,27.6,27.64,103900
2023-08-08T18:00:00Z,27.63,27.64,27.57,27.6,105400
2023-08-08T19:00:00Z,27.61,27.65,27.52,27.52,150600
2023-08-09T13:00:00Z,27.5,27.52,27.29,27.34,219700
2023-08-09T14:00:00Z,27.33,27.34,27.01,27.06,367400
2023-08-09T15:00:00Z,27.04,27.1,26.9,26.92,242900
2023-08-09T16:00:00Z,26.92,27,26.87,26.96,234300
2023-08-09T17:00:00Z,26.95,27.05,26.94,27.01,128800
2023-08-09T18:00:00Z,27.01,27.06,26.97,27.02,177200
2023-08-09T19:00:00Z,27.03,27.14,27.02,27.05,195400
2023-08-10T13:00:00Z,27.15,27.48,27.15,27.45,304300
2023-08-10T14:00:00Z,27.44,27.46,27.23,27.33,122600
2023-08-10T15:00:00Z,27.33,27.35,27.24,27.34,51300
2023-08-10T16:00:00Z,27.34,27.35,27.25,27.27,41100
2023-08-10T17:00:00Z,27.28,27.29,27.18,27.22,59700
2023-08-10T18:00:00Z,27.21,27.34,27.21,27.29,58200
2023-08-10T19:00:00Z,27.29,27.29,27.01,27.05,254900
2023-08-11T13:00:00Z,27.05,27.27,26.92,27.22,125500
2023-08-11T14:00:00Z,27.24,27.3,27.18,27.19,82400
2023-08-11T15:00:00Z,27.18,27.33,27.14,27.21,174300
2023-08-11T16:00:00Z,27.22,27.42,27.2,27.27,264600
2023-08-11T17:00:00Z,27.27,27.29,27.06,27.14,217000
2023-08-11T18:00:00Z,27.14,27.25,27.1,27.23,202700
2023-08-11T19:00:00Z,27.23,27.24,27.07,27.18,326400
2023-08-14T13:00:00Z,27.2,27.27,26.96,27.08,142100
2023-08-14T14:00:00Z,27.06,27.12,27,27.01,112200
2023-08-14T15:00:00Z,27,27.11,26.98,27.09,80200
2023-08-14T16:00:00Z,27.1,27.11,27.06,27.08,54000
2023-08-14T17:00:00Z,27.08,27.16,27.07,27.11,120400
2023-08-14T18:00:00Z,27.11,27.11,26.98,27.03,94700
2023-08-14T19:00:00Z,27.04,27.06,26.98,26.99,93000
2023-08-15T13:00:00Z,27.24,27.25,27.01,27.13,64100
2023-08-15T14:00:00Z,27.14,27.14,26.97,26.98,194000
2023-08-15T15:00:00Z,26.98,27.2,26.98,27,215200
2023-08-15T16:00:00Z,27.01,27.07,26.98,27.06,136300
2023-08-15T17:00:00Z,27.06,27.12,27.03,27.11,116000
2023-08-15T18:00:00Z,27.12,27.13,27.05,27.1,123400
2023-08-15T19:00:00Z,27.1,27.11,26.86,26.93,494700
2023-08-16T13:00:00Z,26.89,27.02,26.78,26.82,213800
2023-08-16T14:00:00Z,26.81,27.02,26.79,26.94,191600
2023-08-16T15:00:00Z,26.95,26.95,26.8,26.83,103700
2023-08-16T16:00:00Z,26.83,26.86,26.71,26.78,191800
2023-08-16T17:00:00Z,26.78,26.84,26.72,26.74,169200
2023-08-16T18:00:00Z,26.75,26.8,26.65,26.66,167100
2023-08-16T19:00:00Z,26.67,26.73,26.57,26.58,279900
2023-08-17T13:00:00Z,26.7,26.76,26.44,26.45,234100
2023-08-17T14:00:00Z,26.45,26.53,26.33,26.35,145000
2023-08-17T15:00:00Z,26.33,26.43,26.32,26.41,142600
2023-08-17T16:00:00Z,26.39,26.47,26.36,26.45,84500
2023-08-17T17:00:00Z,26.45,26.45,26.31,26.33,127600
2023-08-17T18:00:00Z,26.31,26.37,26.3,26.36,690600
2023-08-17T19:00:00Z,26.35,26.4,26.28,26.3,282900
2023-08-18T13:00:00Z,26.52,26.65,26.38,26.6,291300
2023-08-18T14:00:00Z,26.61,26.64,26.45,26.58,216200
2023-08-18T15:00:00Z,26.58,26.64,26.55,26.56,66200
2023-08-18T16:00:00Z,26.57,26.6,26.52,26.55,48100
2023-08-18T17:00:00Z,26.56,26.56,26.41,26.46,96800
2023-08-18T18:00:00Z,26.45,26.51,26.41,26.49,80400
2023-08-18T19:00:00Z,26.48,26.5,26.41,26.42,233100
2023-08-21T13:00:00Z,26.52,26.52,26.29,26.37,127300
2023-08-21T14:00:00Z,26.37,26.38,26.27,26.34,154900
2023-08-21T15:00:00Z,26.33,26.35,26.21,26.23,167900
2023-08-21T16:00:00Z,26.23,26.32,26.22,26.27,147100
2023-08-21T17:00:00Z,26.27,26.29,26.23,26.23,100300
2023-08-21T18:00:00Z,26.23,26.36,26.23,26.33,204900
2023-08-21T19:00:00Z,26.34,26.39,26.31,26.35,155100
2023-08-22T13:00:00Z,26.41,26.58,26.38,26.47,148400
2023-08-22T14:00:00Z,26.49,26.62,26.46,26.54,149300
2023-08-22T15:00:00Z,26.54,26.65,26.5,26.56,113300
2023-08-22T16:00:00Z,26.55,26.62,26.55,26.58,86200
2023-08-22T17:00:00Z,26.58,26.64,26.52,26.63,102400
2023-08-22T18:00:00Z,26.62,26.67,26.58,26.64,104300
2023-08-22T19:00:00Z,26.63,26.71,26.62,26.69,135700
2023-08-23T13:00:00Z,26.7,26.75,26.58,26.75,136700
2023-08-23T14:00:00Z,26.76,26.77,26.62,26.72,110200
2023-08-23T15:00:00Z,26.73,26.85,26.71,26.8,92300
2023-08-23T16:00:00Z,26.81,26.88,26.75,26.78,88600
2023-08-23T17:00:00Z,26.8,26.84,26.75,26.83,100900
2023-08-23T18:00:00Z,26.83,26.88,26.8,26.84,108800
2023-08-23T19:00:00Z,26.85,27.02,26.84,26.85,332800
2023-08-24T13:00:00Z,27.03,27.03,26.73,26.83,144400
2023-08-24T14:00:00Z,26.86,26.86,26.71,26.77,63400
2023-08-24T15:00:00Z,26.79,26.79,26.65,26.65,66100
2023-08-24T16:00:00Z,26.66,26.75,26.63,26.69,66900
2023-08-24T17:00:00Z,26.68,26.73,26.66,26.72,73400
2023-08-24T18:00:00Z,26.74,26.8,26.68,26.79,87700
2023-08-24T19:00:00Z,26.79,26.85,26.71,26.73,299200
2023-08-25T13:00:00Z,26.91,26.91,26.61,26.73,150800
2023-08-25T14:00:00Z,26.74,26.86,26.57,26.58,301600
2023-08-25T15:00:00Z,26.59,26.64,26.52,26.54,329100
2023-08-25T16:00:00Z,26.52,26.78,26.47,26.76,204600
2023-08-25T17:00:00Z,26.76,26.8,26.7,26.78,103400
2023-08-25T18:00:00Z,26.77,26.83,26.73,26.82,176000
2023-08-25T19:00:00Z,26.81,26.86,26.72,26.75,351200
2023-08-28T13:00:00Z,26.9,26.9,26.6,26.69,144300
2023-08-28T14:00:00Z,26.69,26.9,26.67,26.88,308700
2023-08-28T15:00:00Z,26.88,27.06,26.86,26.98,158100
2023-08-28T16:00:00Z,26.99,27.04,26.97,26.99,97800
2023-08-28T17:00:00Z,27,27.01,26.86,26.92,107600
2023-08-28T18:00:00Z,26.91,26.94,26.85,26.91,92700
2023-08-28T19:00:00Z,26.91,27.25,26.9,27.21,298700
2023-08-29T13:00:00Z,27.32,27.58,27.22,27.53,450200
2023-08-29T14:00:00Z,27.54,27.77,27.54,27.75,291800
2023-08-29T15:00:00Z,27.77,27.84,27.66,27.74,218100
2023-08-29T16:00:00Z,27.74,27.83,27.71,27.78,265500
2023-08-29T17:00:00Z,27.78,27.97,27.77,27.95,226500
2023-08-29T18:00:00Z,27.95,28.02,27.9,27.98,457700
2023-08-29T19:00:00Z,27.98,28.12,27.98,28.06,445800
2023-08-30T13:00:00Z,28.09,28.14,27.79,27.82,64900
2023-08-30T14:00:00Z,27.82,27.82,27.66,27.69,66300
2023-08-30T15:00:00Z,27.69,27.74,27.62,27.62,51000
2023-08-30T16:00:00Z,27.62,27.69,27.61,27.67,57500
2023-08-30T17:00:00Z,27.66,27.67,27.61,27.63,42200
2023-08-30T18:00:00Z,27.62,27.65,27.48,27.65,240700
2023-08-30T19:00:00Z,27.65,27.66,27.54,27.54,311400
2023-08-31T13:00:00Z,27.53,27.63,27.23,27.26,125900
2023-08-31T14:00:00Z,27.25,27.26,27.04,27.06,155000
2023-08-31T15:00:00Z,27.07,27.25,27.02,27.18,156300
2023-08-31T16:00:00Z,27.18,27.22,27.12,27.17,95900
2023-08-31T17:00:00Z,27.17,27.21,26.98,27.13,316500
2023-08-31T18:00:00Z,27.14,27.44,27.1,27.36,649700
2023-08-31T19:00:00Z,27.35,27.42,27.21,27.33,506400
2023-09-01T13:00:00Z,27.45,27.49,27.28,27.34,133000
2023-09-01T14:00:00Z,27.36,27.48,27.31,27.36,84700
2023-09-01T15:00:00Z,27.36,27.37,27.19,27.3,234200
2023-09-01T16:00:00Z,27.29,27.41,27.26,27.3,115200
2023-09-01T17:00:00Z,27.31,27.36,27.28,27.31,44300
2023-09-01T18:00:00Z,27.32,27.35,27.22,27.23,67300
2023-09-01T19:00:00Z,27.23,27.42,27.23,27.42,280400
2023-09-04T13:00:00Z,27.29,27.52,27.21,27.51,162600
2023-09-04T14:00:00Z,27.52,27.55,27.33,27.38,84200
2023-09-04T15:00:00Z,27.38,27.42,27.3,27.42,94400
2023-09-04T16:00:00Z,27.41,27.49,27.35,27.48,78200
2023-09-04T17:00:00Z,27.49,27.51,27.44,27.44,78500
2023-09-04T18:00:00Z,27.45,27.45,27.35,27.35,66800
2023-09-04T19:00:00Z,27.36,27.38,27.27,27.31,182400
2023-09-05T13:00:00Z,27.15,27.35,26.84,27.03,201900
2023-09-05T14:00:00Z,27.03,27.12,26.98,27.1,160800
2023-09-05T15:00:00Z,27.09,27.13,27.07,27.1,70000
2023-09-05T16:00:00Z,27.1,27.17,27.07,27.14,62600
2023-09-05T17:00:00Z,27.13,27.13,26.96,27.03,189100
2023-09-05T18:00:00Z,27.02,27.05,26.97,26.98,185400
2023-09-05T19:00:00Z,26.97,27.06,26.91,26.94,198600
2023-09-06T13:00:00Z,26.88,27.06,26.81,26.93,223000
2023-09-06T14:00:00Z,26.94,27.07,26.88,26.9,362600
2023-09-06T15:00:00Z,26.9,26.91,26.77,26.82,146100
2023-09-06T16:00:00Z,26.84,26.85,26.73,26.74,151900
2023-09-06T17:00:00Z,26.73,26.77,26.72,26.75,72500
2023-09-06T18:00:00Z,26.76,26.76,26.65,26.67,142000
2023-09-06T19:00:00Z,26.68,26.72,26.64,26.66,283500
2023-09-08T13:00:00Z,26.65,26.73,26.41,26.51,296200
2023-09-08T14:00:00Z,26.51,26.62,26.48,26.5,224300
2023-09-08T15:00:00Z,26.5,26.6,26.48,26.48,152300
2023-09-08T16:00:00Z,26.48,26.53,26.42,26.49,214900
2023-09-08T17:00:00Z,26.5,26.61,26.49,26.55,117400
2023-09-08T18:00:00Z,26.57,26.58,26.51,26.54,172800
2023-09-08T19:00:00Z,26.56,26.6,26.47,26.5,281900
2023-09-11T13:00:00Z,26.63,26.99,26.57,26.67,87700
2023-09-11T14:00:00Z,26.69,26.77,26.65,26.69,134200
2023-09-11T15:00:00Z,26.68,26.72,26.63,26.69,126900
2023-09-11T16:00:00Z,26.7,26.77,26.67,26.7,136300
2023-09-11T17:00:00Z,26.7,26.77,26.68,26.72,124400
2023-09-11T18:00:00Z,26.73,26.94,26.71,26.92,167400
2023-09-11T19:00:00Z,26.91,26.95,26.87,26.92,218200
2023-09-12T13:00:00Z,27.03,27.06,26.81,26.87,150200
2023-09-12T14:00:00Z,26.87,26.92,26.83,26.9,124100
2023-09-12T15:00:00Z,26.9,26.93,26.68,26.72,398500
2023-09-12T16:00:00Z,26.73,26.8,26.7,26.77,129100
2023-09-12T17:00:00Z,26.77,26.95,26.76,26.93,482200
2023-09-12T18:00:00Z,26.93,26.95,26.89,26.89,190700
2023-09-12T19:00:00Z,26.89,27.13,26.89,27.08,384300
2023-09-13T13:00:00Z,27.13,27.25,26.93,27.25,234400
2023-09-13T14:00:00Z,27.25,27.29,27.08,27.22,250500
2023-09-13T15:00:00Z,27.21,27.24,27.11,27.16,167900
2023-09-13T16:00:00Z,27.16,27.25,27.15,27.22,637200
2023-09-13T17:00:00Z,27.23,27.32,27.22,27.28,144900
2023-09-13T18:00:00Z,27.28,27.29,27.1,27.15,288100
2023-09-13T19:00:00Z,27.15,27.15,27,27.13,455200
2023-09-14T13:00:00Z,27.1,27.15,26.94,27.08,464800
2023-09-14T14:00:00Z,27.09,27.25,27.01,27.22,271500
2023-09-14T15:00:00Z,27.22,27.25,27.14,27.16,112300
2023-09-14T16:00:00Z,27.16,27.19,27.05,27.08,167500
2023-09-14T17:00:00Z,27.07,27.19,27.05,27.18,359700
2023-09-14T18:00:00Z,27.18,27.18,27.1,27.15,141900
2023-09-14T19:00:00Z,27.16,27.18,27.09,27.12,373200
2023-09-15T13:00:00Z,27.08,27.09,26.9,26.98,122500
2023-09-15T14:00:00Z,26.99,27.08,26.95,26.99,163300
2023-09-15T15:00:00Z,26.98,26.99,26.9,26.92,132600
2023-09-15T16:00:00Z,26.92,27,26.76,26.77,291500
2023-09-15T17:00:00Z,26.77,26.77,26.63,26.66,466600
2023-09-15T18:00:00Z,26.66,26.67,26.47,26.47,711600
2023-09-15T19:00:00Z,26.48,26.52,26.35,26.35,1033200
2023-09-18T13:00:00Z,26.29,26.59,26.18,26.26,625800
2023-09-18T14:00:00Z,26.27,26.57,26.27,26.47,308800
2023-09-18T15:00:00Z,26.46,26.54,26.44,26.48,134200
2023-09-18T16:00:00Z,26.48,26.49,26.44,26.48,160400
2023-09-18T17:00:00Z,26.49,26.59,26.48,26.53,138200
2023-09-18T18:00:00Z,26.53,26.54,26.45,26.51,195400
2023-09-18T19:00:00Z,26.51,26.58,26.4,26.54,297300
2023-09-19T13:00:00Z,26.6,26.75,26.5,26.52,231700
2023-09-19T14:00:00Z,26.52,26.52,26.37,26.45,243000
2023-09-19T15:00:00Z,26.44,26.46,26.36,26.42,165000
2023-09-19T16:00:00Z,26.42,26.46,26.37,26.44,159400
2023-09-19T17:00:00Z,26.44,26.49,26.41,26.45,132400
2023-09-19T18:00:00Z,26.45,26.46,26.31,26.31,238200
2023-09-19T19:00:00Z,26.32,26.38,26.28,26.36,291600
2023-09-20T13:00:00Z,26.34,26.62,26.28,26.61,109300
2023-09-20T14:00:00Z,26.63,26.78,26.6,26.71,118300
2023-09-20T15:00:00Z,26.71,26.74,26.65,26.67,81400
2023-09-20T16:00:00Z,26.66,26.84,26.66,26.8,195400
2023-09-20T17:00:00Z,26.79,26.83,26.74,26.82,111200
2023-09-20T18:00:00Z,26.81,26.95,26.76,26.85,258300
2023-09-20T19:00:00Z,26.85,26.86,26.68,26.72,314300
2023-09-21T13:00:00Z,26.4,26.55,26.18,26.19,589800
2023-09-21T14:00:00Z,26.2,26.28,26.19,26.25,358600
2023-09-21T15:00:00Z,26.25,26.29,26.2,26.21,238500
2023-09-21T16:00:00Z,26.22,26.26,26.21,26.24,125400
2023-09-21T17:00:00Z,26.23,26.28,26.22,26.23,128300
2023-09-21T18:00:00Z,26.24,26.24,26.2,26.24,175600
2023-09-21T19:00:00Z,26.24,26.25,26.12,26.16,424800
2023-09-22T13:00:00Z,26.2,26.34,26.09,26.13,168300
2023-09-22T14:00:00Z,26.15,26.25,26.1,26.23,196900
2023-09-22T15:00:00Z,26.23,26.29,26.16,26.28,120100
2023-09-22T16:00:00Z,26.29,26.35,26.27,26.29,182100
2023-09-22T17:00:00Z,26.3,26.36,26.27,26.29,225100
2023-09-22T18:00:00Z,26.3,26.41,26.27,26.37,307900
2023-09-22T19:00:00Z,26.36,26.45,26.25,26.27,434000
2023-09-25T13:00:00Z,26.08,26.3,26.08,26.24,129200
2023-09-25T14:00:00Z,26.25,26.29,26.21,26.22,147900
2023-09-25T15:00:00Z,26.21,26.29,26.17,26.29,232100
2023-09-25T16:00:00Z,26.28,26.37,26.19,26.21,146500
2023-09-25T17:00:00Z,26.2,26.25,26.17,26.2,96800
2023-09-25T18:00:00Z,26.19,26.23,26.16,26.17,87000
2023-09-25T19:00:00Z,26.17,26.19,26.11,26.15,200400
2023-09-26T13:00:00Z,26.02,26.13,25.94,26.07,237700
2023-09-26T14:00:00Z,26.05,26.1,25.96,26.1,159900
2023-09-26T15:00:00Z,26.09,26.1,26.01,26.04,83600
2023-09-26T16:00:00Z,26.04,26.07,26,26.03,110300
2023-09-26T17:00:00Z,26.02,26.03,25.93,25.98,236200
2023-09-26T18:00:00Z,25.97,25.99,25.94,25.95,118500
2023-09-26T19:00:00Z,25.95,26,25.89,25.92,373900
2023-09-27T13:00:00Z,25.88,26.06,25.87,25.88,122600
2023-09-27T14:00:00Z,25.88,25.91,25.77,25.81,132600
2023-09-27T15:00:00Z,25.81,25.86,25.78,25.78,94300
2023-09-27T16:00:00Z,25.78,25.88,25.77,25.82,82800
2023-09-27T17:00:00Z,25.82,25.82,25.61,25.65,177100
2023-09-27T18:00:00Z,25.64,25.72,25.61,25.68,117800
2023-09-27T19:00:00Z,25.67,25.76,25.56,25.57,248900
2023-09-28T13:00:00Z,25.61,25.73,25.58,25.65,81600
2023-09-28T14:00:00Z,25.65,25.85,25.64,25.85,82300
2023-09-28T15:00:00Z,25.84,25.97,25.78,25.95,112100
2023-09-28T16:00:00Z,25.95,26.02,25.92,25.95,111000
2023-09-28T17:00:00Z,25.95,25.97,25.87,25.92,114100
2023-09-28T18:00:00Z,25.93,26.08,25.89,26.02,178300
2023-09-28T19:00:00Z,26.03,26.03,25.92,25.96,252600
2023-09-29T13:00:00Z,26.2,26.36,26.06,26.2,97900
2023-09-29T14:00:00Z,26.21,26.23,26.06,26.14,120400
2023-09-29T15:00:00Z,26.17,26.2,26.03,26.06,59400
2023-09-29T16:00:00Z,26.06,26.11,26.02,26.04,58800
2023-09-29T17:00:00Z,26.06,26.09,26.02,26.06,53600
2023-09-29T18:00:00Z,26.06,26.12,26.03,26.09,60400
2023-09-29T19:00:00Z,26.1,26.12,26.02,26.07,136600
2023-10-02T13:00:00Z,26.04,26.22,26,26.04,120000
2023-10-02T14:00:00Z,26.01,26.08,25.88,25.94,196000
2023-10-02T15:00:00Z,25.96,26.04,25.95,26.01,139300
2023-10-02T16:00:00Z,25.99,26.03,25.93,25.93,699600
2023-10-02T17:00:00Z,25.94,25.99,25.91,25.93,105800
2023-10-02T18:00:00Z,25.92,25.95,25.88,25.92,176100
2023-10-02T19:00:00Z,25.93,25.98,25.9,25.95,239700
2023-10-03T13:00:00Z,25.85,25.94,25.76,25.8,266500
2023-10-03T14:00:00Z,25.8,25.91,25.76,25.82,228200
2023-10-03T15:00:00Z,25.81,25.87,25.76,25.8,205500
2023-10-03T16:00:00Z,25.78,25.86,25.77,25.77,175600
2023-10-03T17:00:00Z,25.78,25.81,25.71,25.74,235600
2023-10-03T18:00:00Z,25.73,25.76,25.67,25.67,320500
2023-10-03T19:00:00Z,25.67,25.75,25.6,25.72,450900
2023-10-04T13:00:00Z,25.76,25.97,25.67,25.69,877600
2023-10-04T14:00:00Z,25.68,25.88,25.64,25.87,294900
2023-10-04T15:00:00Z,25.86,26.04,25.84,26.01,169000
2023-10-04T16:00:00Z,26.03,26.11,25.99,26.08,153300
2023-10-04T17:00:00Z,26.09,26.13,25.99,26.07,291600
2023-10-04T18:00:00Z,26.07,26.15,26.04,26.12,202900
2023-10-04T19:00:00Z,26.13,26.16,26.06,26.06,354200
2023-10-05T13:00:00Z,26.04,26.87,26.04,26.85,817300
2023-10-05T14:00:00Z,26.84,26.91,26.39,26.41,1003500
2023-10-05T15:00:00Z,26.42,26.52,26.35,26.48,360000
2023-10-05T16:00:00Z,26.46,26.57,26.46,26.52,134500
2023-10-05T17:00:00Z,26.5,26.58,26.48,26.58,165500
2023-10-05T18:00:00Z,26.58,26.74,26.58,26.72,178600
2023-10-05T19:00:00Z,26.74,26.76,26.68,26.7,305500
2023-10-06T13:00:00Z,26.54,27.02,26.51,26.69,623200
2023-10-06T14:00:00Z,26.69,26.87,26.64,26.8,538300
2023-10-06T15:00:00Z,26.81,27.11,26.78,27.08,407500
2023-10-06T16:00:00Z,27.08,27.11,26.97,27.03,156700
2023-10-06T17:00:00Z,27.03,27.24,27.03,27.21,363300
2023-10-06T18:00:00Z,27.2,27.32,27.19,27.3,290900
2023-10-06T19:00:00Z,27.31,27.36,27.2,27.25,357900
2023-10-09T13:00:00Z,27.1,27.22,26.97,27,223500
2023-10-09T14:00:00Z,27,27.06,26.92,27.01,723600
2023-10-09T15:00:00Z,26.99,27.16,26.97,27.11,192000
2023-10-09T16:00:00Z,27.11,27.18,27.09,27.14,92700
2023-10-09T17:00:00Z,27.14,27.24,27.11,27.24,160600
2023-10-09T18:00:00Z,27.23,27.43,27.2,27.38,273100
2023-10-09T19:00:00Z,27.39,27.41,27.34,27.41,231600
2023-10-10T13:00:00Z,27.5,27.68,27.34,27.65,243700
2023-10-10T14:00:00Z,27.68,27.74,27.61,27.67,200900
2023-10-10T15:00:00Z,27.66,27.75,27.58,27.73,177300
2023-10-10T16:00:00Z,27.73,27.8,27.7,27.75,134800
2023-10-10T17:00:00Z,27.74,27.78,27.67,27.74,575900
2023-10-10T18:00:00Z,27.73,27.82,27.72,27.79,179200
2023-10-10T19:00:00Z,27.79,27.89,27.75,27.84,397700
2023-10-11T13:00:00Z,27.4,27.83,27.36,27.63,351000
2023-10-11T14:00:00Z,27.64,27.82,27.6,27.75,176500
2023-10-11T15:00:00Z,27.75,27.77,27.63,27.7,195800
2023-10-11T16:00:00Z,27.68,27.74,27.62,27.7,130100
2023-10-11T17:00:00Z,27.72,27.81,27.7,27.8,167600
2023-10-11T18:00:00Z,27.8,27.92,27.77,27.83,128800
2023-10-11T19:00:00Z,27.83,27.97,27.81,27.92,265200
2023-10-13T13:00:00Z,28.1,28.1,27.55,27.77,331100
2023-10-13T14:00:00Z,27.74,27.75,27.6,27.72,176700
2023-10-13T15:00:00Z,27.74,27.76,27.58,27.58,95400
2023-10-13T16:00:00Z,27.58,27.71,27.58,27.69,65900
2023-10-13T17:00:00Z,27.69,27.71,27.41,27.5,195500
2023-10-13T18:00:00Z,27.48,27.54,27.45,27.48,138500
2023-10-13T19:00:00Z,27.47,27.62,27.45,27.6,199500
2023-10-16T13:00:00Z,27.59,27.67,27.44,27.54,172700
2023-10-16T14:00:00Z,27.55,27.7,27.44,27.63,126100
2023-10-16T15:00:00Z,27.64,27.67,27.56,27.63,58400
2023-10-16T16:00:00Z,27.63,27.68,27.57,27.64,116700
2023-10-16T17:00:00Z,27.65,27.68,27.48,27.56,183100
2023-10-16T18:00:00Z,27.57,27.59,27.49,27.56,94100
2023-10-16T19:00:00Z,27.55,27.57,27.49,27.51,199200
2023-10-17T13:00:00Z,27.26,27.27,27,27.03,250500
2023-10-17T14:00:00Z,27.03,27.17,26.99,27.03,185300
2023-10-17T15:00:00Z,27.04,27.05,26.95,27.02,100800
2023-10-17T16:00:00Z,27.02,27.04,26.83,26.84,134300
2023-10-17T17:00:00Z,26.83,26.88,26.67,26.68,239200
2023-10-17T18:00:00Z,26.69,26.73,26.59,26.62,289800
2023-10-17T19:00:00Z,26.64,26.91,26.62,26.89,626300
2023-10-18T13:00:00Z,26.64,26.81,26.46,26.74,233400
2023-10-18T14:00:00Z,26.74,26.8,26.61,26.68,210400
2023-10-18T15:00:00Z,26.66,26.79,26.66,26.72,127500
2023-10-18T16:00:00Z,26.71,26.76,26.67,26.69,98200
2023-10-18T17:00:00Z,26.7,26.85,26.7,26.79,222600
2023-10-18T18:00:00Z,26.79,26.79,26.6,26.63,268200
2023-10-18T19:00:00Z,26.65,26.72,26.61,26.61,311900
2023-10-19T13:00:00Z,26.52,26.78,26.5,26.74,350900
2023-10-19T14:00:00Z,26.73,26.91,26.69,26.81,316100
2023-10-19T15:00:00Z,26.81,27.12,26.8,27,292700
2023-10-19T16:00:00Z,27,27.12,26.99,27.09,317300
2023-10-19T17:00:00Z,27.1,27.15,26.97,27.04,342900
2023-10-19T18:00:00Z,27.03,27.1,26.86,26.89,262100
2023-10-19T19:00:00Z,26.89,26.98,26.78,26.85,467600
2023-10-20T13:00:00Z,26.38,26.62,26.31,26.41,234000
2023-10-20T14:00:00Z,26.4,26.44,26.14,26.17,222000
2023-10-20T15:00:00Z,26.17,26.28,26.17,26.24,126000
2023-10-20T16:00:00Z,26.23,26.29,26.12,26.27,343400
2023-10-20T17:00:00Z,26.25,26.35,26.24,26.32,121600
2023-10-20T18:00:00Z,26.31,26.36,26.19,26.24,158600
2023-10-20T19:00:00Z,26.23,26.25,26.1,26.12,321900
2023-10-23T13:00:00Z,26.11,26.27,26.01,26.25,363200
2023-10-23T14:00:00Z,26.25,26.67,26.24,26.65,713300
2023-10-23T15:00:00Z,26.64,26.83,26.61,26.82,530400
2023-10-23T16:00:00Z,26.82,26.94,26.77,26.94,206400
2023-10-23T17:00:00Z,26.93,27.01,26.91,26.93,210900
2023-10-23T18:00:00Z,26.93,26.96,26.81,26.86,296600
2023-10-23T19:00:00Z,26.85,26.9,26.72,26.8,607100
2023-10-24T13:00:00Z,26.99,27.54,26.86,27.5,1188100
2023-10-24T14:00:00Z,27.52,27.54,27.05,27.09,824900
2023-10-24T15:00:00Z,27.09,27.24,27.05,27.22,450100
2023-10-24T16:00:00Z,27.23,27.25,27.09,27.13,248100
2023-10-24T17:00:00Z,27.13,27.27,27.04,27.23,322100
2023-10-24T18:00:00Z,27.23,27.48,27.21,27.46,494600
2023-10-24T19:00:00Z,27.46,27.71,27.32,27.64,1068600
2023-10-25T13:00:00Z,27.63,28.44,27,27.66,1392600
2023-10-25T14:00:00Z,27.66,28.03,27.03,27.73,1415200
2023-10-25T15:00:00Z,27.73,27.87,27.55,27.58,308800
2023-10-25T16:00:00Z,27.59,27.63,27.26,27.28,275400
2023-10-25T17:00:00Z,27.26,27.52,27.2,27.24,469500
2023-10-25T18:00:00Z,27.24,27.28,27.05,27.11,484800
2023-10-25T19:00:00Z,27.11,27.35,27,27.08,468800
2023-10-26T13:00:00Z,26.99,27.22,26.61,27.07,572000
2023-10-26T14:00:00Z,27.07,27.46,27.04,27.2,394900
2023-10-26T15:00:00Z,27.19,27.26,27.12,27.23,358500
2023-10-26T16:00:00Z,27.22,27.26,27.08,27.2,165200
2023-10-26T17:00:00Z,27.19,27.49,27.17,27.39,537200
2023-10-26T18:00:00Z,27.4,27.67,27.39,27.66,300500
2023-10-26T19:00:00Z,27.64,27.82,27.64,27.78,465200
2023-10-27T13:00:00Z,27.84,27.85,27.51,27.69,253000
2023-10-27T14:00:00Z,27.68,27.72,27.57,27.62,193300
2023-10-27T15:00:00Z,27.62,27.65,27.54,27.64,68100
2023-10-27T16:00:00Z,27.63,27.64,27.31,27.33,243800
2023-10-27T17:00:00Z,27.33,27.34,27.18,27.25,470900
2023-10-27T18:00:00Z,27.24,27.29,27.02,27.05,414700
2023-10-27T19:00:00Z,27.05,27.25,26.99,27.11,431800
2023-10-30T13:00:00Z,27.12,27.27,27.01,27.02,156100
2023-10-30T14:00:00Z,27.01,27.09,26.9,27.03,144600
2023-10-30T15:00:00Z,27.04,27.11,26.82,26.92,113700
2023-10-30T16:00:00Z,26.9,26.92,26.73,26.8,228900
2023-10-30T17:00:00Z,26.81,26.91,26.8,26.87,88000
2023-10-30T18:00:00Z,26.89,26.93,26.81,26.91,134300
2023-10-30T19:00:00Z,26.92,26.94,26.79,26.8,208400
2023-10-31T13:00:00Z,26.86,26.96,26.69,26.71,321800
2023-10-31T14:00:00Z,26.71,26.91,26.68,26.85,84600
2023-10-31T15:00:00Z,26.87,26.96,26.85,26.96,72000
2023-10-31T16:00:00Z,26.94,26.95,26.85,26.85,76600
2023-10-31T17:00:00Z,26.84,26.92,26.83,26.89,259900
2023-10-31T18:00:00Z,26.89,26.9,26.76,26.86,202400
2023-10-31T19:00:00Z,26.86,26.95,26.83,26.85,359500
2023-11-01T13:00:00Z,26.99,27.38,26.92,27.27,269400
2023-11-01T14:00:00Z,27.29,27.36,27.18,27.24,225800
2023-11-01T15:00:00Z,27.22,27.35,27.17,27.35,296900
2023-11-01T16:00:00Z,27.35,27.35,27.22,27.31,78200
2023-11-01T17:00:00Z,27.32,27.44,27.28,27.43,209200
2023-11-01T18:00:00Z,27.43,27.44,27.25,27.34,483700
2023-11-01T19:00:00Z,27.34,27.4,27.23,27.28,528500
2023-11-03T13:00:00Z,27.78,27.96,27.67,27.74,875700
2023-11-03T14:00:00Z,27.77,27.87,27.62,27.86,1715500
2023-11-03T15:00:00Z,27.86,27.88,27.76,27.83,655200
2023-11-03T16:00:00Z,27.84,27.86,27.8,27.82,426300
2023-11-03T17:00:00Z,27.84,27.86,27.78,27.84,270200
2023-11-03T18:00:00Z,27.85,27.85,27.78,27.85,428400
2023-11-03T19:00:00Z,27.85,27.86,27.73,27.76,527500
2023-11-06T13:00:00Z,27.85,27.95,27.67,27.76,161800
2023-11-06T14:00:00Z,27.76,27.84,27.64,27.7,451200
2023-11-06T15:00:00Z,27.7,27.76,27.59,27.76,470400
2023-11-06T16:00:00Z,27.74,27.77,27.62,27.67,287500
2023-11-06T17:00:00Z,27.68,27.71,27.64,27.69,87200
2023-11-06T18:00:00Z,27.7,27.71,27.65,27.71,144000
2023-11-06T19:00:00Z,27.71,27.76,27.68,27.73,204700
2023-11-06T20:00:00Z,27.75,27.77,27.57,27.76,332600
2023-11-07T13:00:00Z,27.78,27.94,27.71,27.87,468800
2023-11-07T14:00:00Z,27.88,28.19,27.83,28.17,575600
2023-11-07T15:00:00Z,28.19,28.19,28.07,28.13,417700
2023-11-07T16:00:00Z,28.15,28.22,28.13,28.22,432300
2023-11-07T17:00:00Z,28.2,28.27,28.18,28.24,209100
2023-11-07T18:00:00Z,28.22,28.48,28.22,28.43,374100
2023-11-07T19:00:00Z,28.42,28.49,28.4,28.46,204700
2023-11-07T20:00:00Z,28.46,28.58,28.43,28.52,287200
2023-11-08T13:00:00Z,28.6,28.9,28.6,28.82,276700
2023-11-08T14:00:00Z,28.83,28.93,28.55,28.58,287000
2023-11-08T15:00:00Z,28.58,28.68,28.53,28.66,194600
2023-11-08T16:00:00Z,28.67,28.81,28.66,28.77,109500
2023-11-08T17:00:00Z,28.77,28.79,28.68,28.72,149000
2023-11-08T18:00:00Z,28.71,29,28.7,28.94,437300
2023-11-08T19:00:00Z,28.95,29.17,28.93,29.13,308900
2023-11-08T20:00:00Z,29.13,29.3,29.12,29.29,597200
2023-11-09T13:00:00Z,29.4,29.54,29.14,29.16,273800
2023-11-09T14:00:00Z,29.17,29.55,29.15,29.45,329000
2023-11-09T15:00:00Z,29.42,29.49,29.31,29.35,194800
2023-11-09T16:00:00Z,29.36,29.42,29.32,29.38,122300
2023-11-09T17:00:00Z,29.37,29.41,29.25,29.28,131300
2023-11-09T18:00:00Z,29.29,29.36,29.15,29.28,276600
2023-11-09T19:00:00Z,29.27,29.29,29.02,29.12,235000
2023-11-09T20:00:00Z,29.11,29.33,29.06,29.32,219800
2023-11-10T13:00:00Z,29.52,29.55,29.08,29.47,237300
2023-11-10T14:00:00Z,29.47,29.74,29.38,29.66,434600
2023-11-10T15:00:00Z,29.66,29.89,29.63,29.87,462800
2023-11-10T16:00:00Z,29.87,30.08,29.83,29.93,688500
2023-11-10T17:00:00Z,29.93,29.98,29.87,29.91,149000
2023-11-10T18:00:00Z,29.9,29.96,29.88,29.92,270700
2023-11-10T19:00:00Z,29.93,29.96,29.89,29.91,163700
2023-11-10T20:00:00Z,29.9,29.91,29.84,29.85,450700
2023-11-13T13:00:00Z,29.78,29.78,29.54,29.71,252900
2023-11-13T14:00:00Z,29.71,29.9,29.67,29.71,136700
2023-11-13T15:00:00Z,29.71,29.83,29.68,29.79,102600
2023-11-13T16:00:00Z,29.81,29.96,29.79,29.88,216400
2023-11-13T17:00:00Z,29.87,29.96,29.87,29.94,147600
2023-11-13T18:00:00Z,29.95,29.99,29.9,29.93,176600
2023-11-13T19:00:00Z,29.94,29.98,29.87,29.97,145100
2023-11-13T20:00:00Z,29.98,30.07,29.98,30.04,286900
2023-11-14T13:00:00Z,30.24,30.71,29.75,30.45,422800
2023-11-14T14:00:00Z,30.45,30.55,30.32,30.49,389700
2023-11-14T15:00:00Z,30.47,30.53,30.38,30.44,289800
2023-11-14T16:00:00Z,30.44,30.69,30.44,30.65,265400
2023-11-14T17:00:00Z,30.65,30.65,30.5,30.64,275600
2023-11-14T18:00:00Z,30.64,30.76,30.59,30.73,220100
2023-11-14T19:00:00Z,30.71,30.75,30.67,30.74,210900
2023-11-14T20:00:00Z,30.74,31.02,30.73,31,711600
2023-11-16T13:00:00Z,30.94,31.4,30.59,31.26,355000
2023-11-16T14:00:00Z,31.24,31.69,31.17,31.63,624400
2023-11-16T15:00:00Z,31.63,31.85,31.58,31.84,600100
2023-11-16T16:00:00Z,31.85,31.85,31.66,31.75,178500
2023-11-16T17:00:00Z,31.74,31.9,31.72,31.89,219700
2023-11-16T18:00:00Z,31.87,31.96,31.82,31.89,239400
2023-11-16T19:00:00Z,31.88,32.04,31.87,31.96,260900
2023-11-16T20:00:00Z,31.95,32.02,31.88,31.99,391200
2023-11-17T13:00:00Z,31.85,31.94,31.15,31.27,720800
2023-11-17T14:00:00Z,31.28,31.46,31.04,31.12,599400
2023-11-17T15:00:00Z,31.12,31.33,31.09,31.32,435200
2023-11-17T16:00:00Z,31.33,31.36,31.26,31.3,170500
2023-11-17T17:00:00Z,31.3,31.32,31.01,31.05,429000
2023-11-17T18:00:00Z,31.05,31.14,30.94,30.98,381700
2023-11-17T19:00:00Z,31,31.09,30.92,31.02,410500
2023-11-17T20:00:00Z,31.01,31.09,30.96,31,408300
2023-11-20T13:00:00Z,30.91,30.95,30.49,30.73,269800
2023-11-20T14:00:00Z,30.72,30.86,30.69,30.8,223800
2023-11-20T15:00:00Z,30.81,30.84,30.73,30.78,178900
2023-11-20T16:00:00Z,30.78,30.9,30.77,30.82,457400
2023-11-20T17:00:00Z,30.82,30.87,30.73,30.78,327200
2023-11-20T18:00:00Z,30.76,30.95,30.76,30.92,379300
2023-11-20T19:00:00Z,30.9,30.97,30.85,30.92,268400
2023-11-20T20:00:00Z,30.92,31.04,30.88,30.94,515300
2023-11-21T13:00:00Z,30.86,30.96,30.78,30.9,70800
2023-11-21T14:00:00Z,30.9,31.16,30.9,31.03,401500
2023-11-21T15:00:00Z,31.02,31.03,30.87,30.96,153700
2023-11-21T16:00:00Z,30.97,31,30.91,30.91,73100
2023-11-21T17:00:00Z,30.91,30.94,30.82,30.87,94400
2023-11-21T18:00:00Z,30.87,30.9,30.66,30.67,239500
2023-11-21T19:00:00Z,30.67,30.76,30.65,30.76,273800
2023-11-21T20:00:00Z,30.73,30.87,30.73,30.84,249800
2023-11-22T13:00:00Z,30.91,31.25,30.77,31.23,204800
2023-11-22T14:00:00Z,31.23,31.3,31,31.08,203300
2023-11-22T15:00:00Z,31.08,31.14,31.01,31.03,168700
2023-11-22T16:00:00Z,31.03,31.15,30.98,31.12,152000
2023-11-22T17:00:00Z,31.13,31.14,30.91,30.98,121200
2023-11-22T18:00:00Z,30.99,31.13,30.96,31.11,121700
2023-11-22T19:00:00Z,31.11,31.14,30.92,31,143900
2023-11-22T20:00:00Z,31.01,31.05,30.94,31.02,171500
2023-11-23T13:00:00Z,31.01,31.23,30.81,31.21,230100
2023-11-23T14:00:00Z,31.21,31.28,31.2,31.22,113700
2023-11-23T15:00:00Z,31.24,31.25,31.03,31.03,96700
2023-11-23T16:00:00Z,31.03,31.08,30.91,31.06,57800
2023-11-23T17:00:00Z,31.06,31.06,30.98,30.99,12000
2023-11-23T18:00:00Z,30.99,31.04,30.89,30.97,34100
2023-11-23T19:00:00Z,30.96,31,30.95,30.96,24500
2023-11-23T20:00:00Z,30.96,31,30.95,30.99,34900
2023-11-24T13:00:00Z,30.9,30.9,30.67,30.69,51500
2023-11-24T14:00:00Z,30.69,30.77,30.54,30.7,200400
2023-11-24T15:00:00Z,30.68,30.79,30.62,30.79,95900
2023-11-24T16:00:00Z,30.77,30.79,30.68,30.69,62500
2023-11-24T17:00:00Z,30.7,30.76,30.65,30.71,99700
2023-11-24T18:00:00Z,30.71,30.79,30.64,30.64,97900
2023-11-24T19:00:00Z,30.66,30.72,30.63,30.7,72600
2023-11-24T20:00:00Z,30.7,30.74,30.63,30.67,144200
2023-11-27T13:00:00Z,30.74,30.94,30.41,30.43,119200
2023-11-27T14:00:00Z,30.43,30.7,30.37,30.68,358600
2023-11-27T15:00:00Z,30.69,30.69,30.52,30.52,85500
2023-11-27T16:00:00Z,30.52,30.56,30.44,30.5,108000
2023-11-27T17:00:00Z,30.5,30.54,30.43,30.54,126800
2023-11-27T18:00:00Z,30.52,30.62,30.5,30.53,133600
2023-11-27T19:00:00Z,30.54,30.56,30.46,30.53,144100
2023-11-27T20:00:00Z,30.52,30.63,30.5,30.58,124600
2023-11-28T13:00:00Z,30.5,30.66,30.46,30.56,70200
2023-11-28T14:00:00Z,30.55,30.68,30.44,30.64,146200
2023-11-28T15:00:00Z,30.66,30.76,30.63,30.75,142400
2023-11-28T16:00:00Z,30.75,30.87,30.68,30.86,90400
2023-11-28T17:00:00Z,30.87,30.9,30.75,30.85,125800
2023-11-28T18:00:00Z,30.85,30.87,30.35,30.66,718500
2023-11-28T19:00:00Z,30.67,30.7,30.62,30.7,120800
2023-11-28T20:00:00Z,30.7,30.7,30.64,30.7,89800
2023-11-29T13:00:00Z,30.55,30.74,30.42,30.54,256000
2023-11-29T14:00:00Z,30.53,30.7,30.46,30.7,113400
2023-11-29T15:00:00Z,30.7,30.9,30.67,30.86,323000
2023-11-29T16:00:00Z,30.88,30.9,30.78,30.84,139800
2023-11-29T17:00:00Z,30.85,30.85,30.81,30.85,71400
2023-11-29T18:00:00Z,30.85,30.85,30.79,30.85,103300
2023-11-29T19:00:00Z,30.85,30.85,30.77,30.82,87900
2023-11-29T20:00:00Z,30.83,30.83,30.73,30.77,125600
2023-11-30T13:00:00Z,30.7,30.95,30.64,30.95,195300
2023-11-30T14:00:00Z,30.92,31.05,30.89,30.98,187000
2023-11-30T15:00:00Z,31,31.1,30.94,31.05,222600
2023-11-30T16:00:00Z,31.05,31.21,31.05,31.14,140000
2023-11-30T17:00:00Z,31.14,31.18,31.07,31.15,122600
2023-11-30T18:00:00Z,31.15,31.15,31.11,31.15,195100
2023-11-30T19:00:00Z,31.15,31.24,31.09,31.15,238500
2023-11-30T20:00:00Z,31.14,31.16,30.93,30.93,183900
2023-12-01T13:00:00Z,30.99,31.1,30.72,30.91,147300
2023-12-01T14:00:00Z,30.92,30.95,30.76,30.78,110300
2023-12-01T15:00:00Z,30.79,30.82,30.64,30.69,287300
2023-12-01T16:00:00Z,30.69,30.7,30.56,30.64,356200
2023-12-01T17:00:00Z,30.65,30.75,30.63,30.69,227800
2023-12-01T18:00:00Z,30.7,30.77,30.63,30.69,110800
2023-12-01T19:00:00Z,30.7,30.77,30.68,30.72,78200
2023-12-01T20:00:00Z,30.71,30.75,30.64,30.72,267500
2023-12-04T13:00:00Z,30.6,30.74,30.53,30.7,65300
2023-12-04T14:00:00Z,30.68,31.08,30.67,31.03,125100
2023-12-04T15:00:00Z,31.03,31.1,30.96,31.08,286400
2023-12-04T16:00:00Z,31.07,31.1,30.99,31.03,100800
2023-12-04T17:00:00Z,31.03,31.15,31,31.05,162600
2023-12-04T18:00:00Z,31.03,31.08,30.98,31.01,108500
2023-12-04T19:00:00Z,31.02,31.03,30.97,31,433000
2023-12-04T20:00:00Z,31.01,31.04,30.92,30.99,315700
2023-12-05T13:00:00Z,30.98,31.36,30.93,31.23,131900
2023-12-05T14:00:00Z,31.24,31.28,31.08,31.28,52400
2023-12-05T15:00:00Z,31.29,31.45,31.21,31.33,94400
2023-12-05T16:00:00Z,31.33,31.35,31.14,31.16,96900
2023-12-05T17:00:00Z,31.17,31.2,31,31.08,139400
2023-12-05T18:00:00Z,31.07,31.14,31.06,31.12,221800
2023-12-05T19:00:00Z,31.11,31.15,31.08,31.08,176800
2023-12-05T20:00:00Z,31.1,31.12,31.04,31.07,126600
2023-12-06T13:00:00Z,31.12,31.2,31,31,143200
2023-12-06T14:00:00Z,31,31.19,30.83,30.87,144100
2023-12-06T15:00:00Z,30.86,31.03,30.82,30.89,128700
2023-12-06T16:00:00Z,30.89,30.94,30.65,30.72,220700
2023-12-06T17:00:00Z,30.7,30.8,30.65,30.65,129500
2023-12-06T18:00:00Z,30.65,30.73,30.6,30.7,134100
2023-12-06T19:00:00Z,30.71,30.83,30.64,30.72,144200
2023-12-06T20:00:00Z,30.71,30.74,30.62,30.66,153400
2023-12-07T13:00:00Z,30.66,30.79,30.63,30.75,52700
2023-12-07T14:00:00Z,30.74,30.88,30.67,30.7,67800
2023-12-07T15:00:00Z,30.7,30.71,30.59,30.62,66800
2023-12-07T16:00:00Z,30.63,30.66,30.53,30.62,107900
2023-12-07T17:00:00Z,30.62,30.66,30.56,30.58,176900
2023-12-07T18:00:00Z,30.59,30.76,30.55,30.74,223200
2023-12-07T19:00:00Z,30.72,30.79,30.68,30.7,107200
2023-12-07T20:00:00Z,30.69,30.72,30.55,30.59,148600
2023-12-08T13:00:00Z,30.65,30.81,30.63,30.67,68900
2023-12-08T14:00:00Z,30.68,31.06,30.56,30.9,101900
2023-12-08T15:00:00Z,30.9,30.98,30.88,30.91,73400
2023-12-08T16:00:00Z,30.91,30.91,30.77,30.82,69800
2023-12-08T17:00:00Z,30.81,30.94,30.64,30.88,114700
2023-12-08T18:00:00Z,30.88,30.93,30.86,30.91,101300
2023-12-08T19:00:00Z,30.93,31.16,30.91,31.15,113800
2023-12-08T20:00:00Z,31.15,31.22,31.11,31.14,116300
2023-12-11T13:00:00Z,31.1,31.16,30.89,30.99,93000
2023-12-11T14:00:00Z,31.02,31.14,30.95,31,160400
2023-12-11T15:00:00Z,30.99,31.15,30.96,31.12,53300
2023-12-11T16:00:00Z,31.11,31.15,31,31.01,47700
2023-12-11T17:00:00Z,31.01,31.06,30.95,31.03,56000
2023-12-11T18:00:00Z,31.02,31.09,31,31.03,37300
2023-12-11T19:00:00Z,31.04,31.06,30.86,31.02,86700
2023-12-11T20:00:00Z,31,31.07,30.98,31.07,89400
2023-12-12T13:00:00Z,31.17,31.17,30.87,30.87,32900
2023-12-12T14:00:00Z,30.91,30.95,30.73,30.77,35900
2023-12-12T15:00:00Z,30.74,30.81,30.63,30.77,92700
2023-12-12T16:00:00Z,30.75,30.8,30.69,30.7,68700
2023-12-12T17:00:00Z,30.69,30.72,30.59,30.6,100500
2023-12-12T18:00:00Z,30.61,30.66,30.6,30.63,49600
2023-12-12T19:00:00Z,30.63,30.78,30.6,30.76,68900
2023-12-12T20:00:00Z,30.75,30.79,30.69,30.79,104000
2023-12-13T13:00:00Z,30.77,30.96,30.68,30.93,45300
2023-12-13T14:00:00Z,30.93,31.1,30.88,31,67200
2023-12-13T15:00:00Z,31.01,31.07,30.86,30.92,44300
2023-12-13T16:00:00Z,30.92,30.95,30.84,30.85,70600
2023-12-13T17:00:00Z,30.85,30.93,30.85,30.89,57100
2023-12-13T18:00:00Z,30.9,30.97,30.86,30.95,223500
2023-12-13T19:00:00Z,30.97,31.55,30.95,31.52,329800
2023-12-13T20:00:00Z,31.52,31.82,31.51,31.82,572200
2023-12-14T13:00:00Z,31.8,32.05,31.75,32,212700
2023-12-14T14:00:00Z,32.02,32.43,32.01,32.21,242700
2023-12-14T15:00:00Z,32.21,32.26,32.12,32.2,246300
2023-12-14T16:00:00Z,32.2,32.22,32.06,32.1,113100
2023-12-14T17:00:00Z,32.1,32.11,32.02,32.1,88700
2023-12-14T18:00:00Z,32.11,32.14,31.81,31.82,124700
2023-12-14T19:00:00Z,31.81,31.84,31.64,31.78,326400
2023-12-14T20:00:00Z,31.78,31.87,31.72,31.81,321600
2023-12-15T13:00:00Z,31.9,32.03,31.65,31.79,178600
2023-12-15T14:00:00Z,31.79,31.82,31.48,31.58,188000
2023-12-15T15:00:00Z,31.59,31.71,31.54,31.62,115800
2023-12-15T16:00:00Z,31.62,31.66,31.54,31.59,123300
2023-12-15T17:00:00Z,31.61,31.71,31.51,31.68,114600
2023-12-15T18:00:00Z,31.66,31.73,31.57,31.61,122000
2023-12-15T19:00:00Z,31.61,31.69,31.52,31.69,309400
2023-12-15T20:00:00Z,31.7,31.83,31.49,31.56,431800
2023-12-18T13:00:00Z,31.59,31.89,31.57,31.68,86000
2023-12-18T14:00:00Z,31.7,31.73,31.31,31.46,125200
2023-12-18T15:00:00Z,31.46,31.63,31.41,31.62,68900
2023-12-18T16:00:00Z,31.62,31.7,31.56,31.67,76300
2023-12-18T17:00:00Z,31.67,31.85,31.65,31.74,131500
2023-12-18T18:00:00Z,31.74,31.86,31.66,31.83,119800
2023-12-18T19:00:00Z,31.83,31.91,31.66,31.83,196400
2023-12-18T20:00:00Z,31.83,31.91,31.68,31.91,308200
2023-12-19T13:00:00Z,31.65,32.28,31.65,32.24,228000
2023-12-19T14:00:00Z,32.25,32.48,32.25,32.41,395800
2023-12-19T15:00:00Z,32.39,32.4,32.23,32.37,222900
2023-12-19T16:00:00Z,32.35,32.36,32.09,32.21,160900
2023-12-19T17:00:00Z,32.2,32.26,32.15,32.2,97500
2023-12-19T18:00:00Z,32.2,32.4,32.14,32.35,167300
2023-12-19T19:00:00Z,32.36,32.39,32.19,32.24,180000
2023-12-19T20:00:00Z,32.24,32.24,32.02,32.07,292100
2023-12-20T13:00:00Z,32,32.15,31.94,32.01,108800
2023-12-20T14:00:00Z,32.02,32.02,31.46,31.56,156700
2023-12-20T15:00:00Z,31.57,31.71,31.56,31.66,92100
2023-12-20T16:00:00Z,31.68,31.79,31.63,31.64,69300
2023-12-20T17:00:00Z,31.64,31.7,31.6,31.63,77300
2023-12-20T18:00:00Z,31.65,31.82,31.25,31.64,1418000
2023-12-20T19:00:00Z,31.63,31.66,31.4,31.42,299200
2023-12-20T20:00:00Z,31.43,31.55,31.35,31.43,404200
2023-12-21T13:00:00Z,31.49,31.79,31.33,31.53,162000
2023-12-21T14:00:00Z,31.52,31.53,31.26,31.4,225300
2023-12-21T15:00:00Z,31.4,31.72,31.3,31.61,381300
2023-12-21T16:00:00Z,31.62,31.76,31.55,31.6,168200
2023-12-21T17:00:00Z,31.63,31.7,31.54,31.58,108600
2023-12-21T18:00:00Z,31.56,31.7,31.49,31.58,141800
2023-12-21T19:00:00Z,31.59,31.7,31.58,31.64,170200
2023-12-21T20:00:00Z,31.63,31.67,31.54,31.57,166000
2023-12-22T13:00:00Z,31.39,31.64,31.36,31.6,142300
2023-12-22T14:00:00Z,31.62,31.75,31.45,31.64,130400
2023-12-22T15:00:00Z,31.65,31.88,31.51,31.84,162400
2023-12-22T16:00:00Z,31.83,31.96,31.83,31.91,108200
2023-12-22T17:00:00Z,31.92,31.96,31.81,31.82,100700
2023-12-22T18:00:00Z,31.83,31.86,31.76,31.82,102300
2023-12-22T19:00:00Z,31.83,31.83,31.65,31.78,157400
2023-12-22T20:00:00Z,31.78,31.79,31.66,31.66,154300
2023-12-26T13:00:00Z,31.55,31.8,31.55,31.72,48200
2023-12-26T14:00:00Z,31.72,31.74,31.54,31.63,56900
2023-12-26T15:00:00Z,31.62,31.69,31.59,31.66,51100
2023-12-26T16:00:00Z,31.66,31.75,31.65,31.69,53700
2023-12-26T17:00:00Z,31.69,31.73,31.64,31.66,53900
2023-12-26T18:00:00Z,31.66,31.74,31.65,31.72,64400
2023-12-26T19:00:00Z,31.72,31.8,31.69,31.79,65800
2023-12-26T20:00:00Z,31.8,31.87,31.71,31.71,168000
2023-12-27T13:00:00Z,31.7,31.74,31.56,31.69,65100
2023-12-27T14:00:00Z,31.71,31.82,31.65,31.79,38900
2023-12-27T15:00:00Z,31.79,32.06,31.76,32.06,218300
2023-12-27T16:00:00Z,32.06,32.16,32,32.13,131700
2023-12-27T17:00:00Z,32.14,32.19,32.06,32.1,100200
2023-12-27T18:00:00Z,32.1,32.15,32.01,32.03,100400
2023-12-27T19:00:00Z,32.02,32.11,32.01,32.01,101800
2023-12-27T20:00:00Z,32.01,32.08,31.98,32.02,150700
2023-12-28T13:00:00Z,32.23,32.23,31.97,32.02,43400
2023-12-28T14:00:00Z,32.05,32.08,31.95,32.05,49600
2023-12-28T15:00:00Z,32.02,32.17,32,32.17,91400
2023-12-28T16:00:00Z,32.17,32.18,32.1,32.14,48400
2023-12-28T17:00:00Z,32.13,32.16,32.03,32.06,78000
2023-12-28T18:00:00Z,32.07,32.18,32.04,32.16,197300
2023-12-28T19:00:00Z,32.15,32.2,32.14,32.15,59200
2023-12-28T20:00:00Z,32.17,32.22,32.13,32.17,91300
2024-01-02T13:00:00Z,32.29,32.29,31.86,32,184300
2024-01-02T14:00:00Z,31.99,32.18,31.93,31.99,96900
2024-01-02T15:00:00Z,32,32.03,31.76,31.82,271400
2024-01-02T16:00:00Z,31.82,31.92,31.8,31.92,95100
2024-01-02T17:00:00Z,31.92,31.95,31.78,31.85,164200
2024-01-02T18:00:00Z,31.85,31.93,31.83,31.91,190000
2024-01-02T19:00:00Z,31.91,31.91,31.81,31.89,177100
2024-01-02T20:00:00Z,31.89,32.03,31.88,31.98,159100
2024-01-03T13:00:00Z,31.95,32.27,31.95,32.05,87900
2024-01-03T14:00:00Z,32.03,32.34,32,32.27,125700
2024-01-03T15:00:00Z,32.25,32.34,32.04,32.12,95800
2024-01-03T16:00:00Z,32.13,32.2,32.12,32.18,49200
2024-01-03T17:00:00Z,32.19,32.25,32.12,32.25,64200
2024-01-03T18:00:00Z,32.22,32.26,32.14,32.17,63900
2024-01-03T19:00:00Z,32.19,32.26,32.12,32.13,87400
2024-01-03T20:00:00Z,32.13,32.18,32.02,32.17,149600
2024-01-04T13:00:00Z,32,32.09,31.79,31.82,67000
2024-01-04T14:00:00Z,31.8,31.82,31.26,31.73,229400
2024-01-04T15:00:00Z,31.73,31.99,31.73,31.98,111900
2024-01-04T16:00:00Z,31.98,32,31.9,31.94,101400
2024-01-04T17:00:00Z,31.92,31.94,31.73,31.76,89000
2024-01-04T18:00:00Z,31.74,31.85,31.73,31.79,93500
2024-01-04T19:00:00Z,31.78,31.92,31.71,31.92,160300
2024-01-04T20:00:00Z,31.92,31.97,31.79,31.79,359600
2024-01-05T13:00:00Z,31.6,31.91,31.54,31.87,106300
2024-01-05T14:00:00Z,31.86,32.23,31.78,32.18,148900
2024-01-05T15:00:00Z,32.17,32.25,32.1,32.2,114200
2024-01-05T16:00:00Z,32.2,32.21,32.12,32.18,50500
2024-01-05T17:00:00Z,32.18,32.19,31.97,32.01,114900
2024-01-05T18:00:00Z,32.01,32.11,31.99,32.07,87600
2024-01-05T19:00:00Z,32.08,32.12,32.01,32.06,109100
2024-01-05T20:00:00Z,32.07,32.15,32.04,32.11,108900
2024-01-08T13:00:00Z,32.05,32.27,31.93,32.15,208700
2024-01-08T14:00:00Z,32.13,32.22,31.86,31.87,132000
2024-01-08T15:00:00Z,31.91,32.04,31.81,31.99,76900
2024-01-08T16:00:00Z,32,32.03,31.84,31.95,134400
2024-01-08T17:00:00Z,31.96,32.02,31.92,31.98,43400
2024-01-08T18:00:00Z,31.99,32.22,31.97,32.08,320800
2024-01-08T19:00:00Z,32.08,32.14,32,32,65600
2024-01-08T20:00:00Z,32,32.1,31.9,31.97,164900
2024-01-09T13:00:00Z,31.74,31.86,31.5,31.65,105300
2024-01-09T14:00:00Z,31.66,31.7,31.48,31.49,112000
2024-01-09T15:00:00Z,31.49,31.63,31.4,31.48,147000
2024-01-09T16:00:00Z,31.49,31.56,31.44,31.44,70200
2024-01-09T17:00:00Z,31.44,31.47,31.31,31.32,117500
2024-01-09T18:00:00Z,31.31,31.32,31.09,31.1,361100
2024-01-09T19:00:00Z,31.09,31.11,30.98,31.09,389200
2024-01-09T20:00:00Z,31.09,31.11,31.01,31.01,202300
2024-01-10T13:00:00Z,30.99,31.15,30.79,30.81,98600
2024-01-10T14:00:00Z,30.83,30.83,30.52,30.53,167000
2024-01-10T15:00:00Z,30.54,30.55,30.36,30.45,361600
2024-01-10T16:00:00Z,30.44,30.48,30.35,30.43,133700
2024-01-10T17:00:00Z,30.43,30.45,30.33,30.41,180600
2024-01-10T18:00:00Z,30.4,30.45,30.32,30.33,256200
2024-01-10T19:00:00Z,30.33,30.51,30.33,30.5,408100
2024-01-10T20:00:00Z,30.51,30.57,30.43,30.55,671600
2024-01-11T13:00:00Z,30.61,30.71,30.4,30.57,221000
2024-01-11T14:00:00Z,30.57,30.79,30.55,30.57,180500
2024-01-11T15:00:00Z,30.57,30.62,30.33,30.44,280300
2024-01-11T16:00:00Z,30.44,30.47,30.29,30.3,125800
2024-01-11T17:00:00Z,30.31,30.36,30.2,30.31,317200
2024-01-11T18:00:00Z,30.31,30.51,30.3,30.47,134400
2024-01-11T19:00:00Z,30.46,30.64,30.46,30.54,178900
2024-01-11T20:00:00Z,30.56,30.62,30.52,30.57,211600
2024-01-12T13:00:00Z,30.6,30.95,30.37,30.52,182700
2024-01-12T14:00:00Z,30.54,30.75,30.52,30.66,221000
2024-01-12T15:00:00Z,30.64,30.78,30.38,30.41,182500
2024-01-12T16:00:00Z,30.41,30.46,30.39,30.39,60500
2024-01-12T17:00:00Z,30.38,30.48,30.3,30.46,95000
2024-01-12T18:00:00Z,30.45,30.48,30.3,30.34,320400
2024-01-12T19:00:00Z,30.33,30.38,30.23,30.29,453400
2024-01-12T20:00:00Z,30.29,30.31,30.16,30.23,215400
2024-01-15T13:00:00Z,30.35,30.4,29.91,30.06,236200
2024-01-15T14:00:00Z,30.07,30.07,29.95,29.98,118600
2024-01-15T15:00:00Z,29.98,30.12,29.91,30.1,141400
2024-01-15T16:00:00Z,30.1,30.23,30.09,30.23,202400
2024-01-15T17:00:00Z,30.22,30.49,30.21,30.41,99200
2024-01-15T18:00:00Z,30.4,30.4,30.22,30.25,118900
2024-01-15T19:00:00Z,30.26,30.42,30.22,30.26,211000
2024-01-15T20:00:00Z,30.28,30.39,30.27,30.32,136800
2024-01-16T13:00:00Z,30.05,30.21,29.77,29.89,356800
2024-01-16T14:00:00Z,29.91,29.97,29.61,29.63,411800
2024-01-16T15:00:00Z,29.62,29.78,29.55,29.74,488900
2024-01-16T16:00:00Z,29.74,29.83,29.63,29.83,367200
2024-01-16T17:00:00Z,29.82,29.86,29.68,29.74,490200
2024-01-16T18:00:00Z,29.74,29.87,29.73,29.83,267800
2024-01-16T19:00:00Z,29.84,29.87,29.8,29.83,267200
2024-01-16T20:00:00Z,29.83,29.86,29.74,29.86,327300
2024-01-17T13:00:00Z,29.81,29.96,29.68,29.71,181400
2024-01-17T14:00:00Z,29.71,29.94,29.7,29.84,148700
2024-01-17T15:00:00Z,29.85,30.1,29.84,29.93,249200
2024-01-17T16:00:00Z,29.95,30.1,29.95,29.98,159000
2024-01-17T17:00:00Z,29.98,30.08,29.88,30.08,184400
2024-01-17T18:00:00Z,30.07,30.07,29.93,30,132900
2024-01-17T19:00:00Z,30,30.1,29.96,30.03,284900
2024-01-17T20:00:00Z,30.03,30.14,29.94,30.1,291200
2024-01-18T13:00:00Z,30.1,30.2,29.9,29.98,100500
2024-01-18T14:00:00Z,29.98,30.06,29.82,30.04,148400
2024-01-18T15:00:00Z,30.06,30.14,29.92,29.99,201300
2024-01-18T16:00:00Z,29.99,30.06,29.95,29.96,160700
2024-01-18T17:00:00Z,29.96,30.01,29.91,29.97,186300
2024-01-18T18:00:00Z,29.98,30.02,29.88,29.94,155100
2024-01-18T19:00:00Z,29.93,30.01,29.91,29.98,139400
2024-01-18T20:00:00Z,29.95,30.16,29.95,30.1,282800
2024-01-19T13:00:00Z,30.12,30.2,29.98,30.09,101700
2024-01-19T14:00:00Z,30.09,30.09,29.9,29.98,124900
2024-01-19T15:00:00Z,29.99,30,29.88,29.93,138100
2024-01-19T16:00:00Z,29.92,29.95,29.84,29.85,154600
2024-01-19T17:00:00Z,29.84,30.05,29.84,30.03,195100
2024-01-19T18:00:00Z,30.02,30.21,30.01,30.17,223300
2024-01-19T19:00:00Z,30.17,30.33,30.15,30.29,280800
2024-01-19T20:00:00Z,30.29,30.34,30.21,30.28,211900
2024-01-22T13:00:00Z,29.75,30,29.66,29.84,172900
2024-01-22T14:00:00Z,29.83,29.95,29.7,29.95,152100
2024-01-22T15:00:00Z,29.94,29.99,29.87,29.92,151400
2024-01-22T16:00:00Z,29.91,29.96,29.82,29.88,226400
2024-01-22T17:00:00Z,29.88,29.9,29.78,29.85,196700
2024-01-22T18:00:00Z,29.83,29.86,29.55,29.61,535000
2024-01-22T19:00:00Z,29.61,29.81,29.53,29.81,196700
2024-01-22T20:00:00Z,29.8,30,29.8,29.99,416600
2024-01-23T13:00:00Z,30,30.14,29.78,29.87,161200
2024-01-23T14:00:00Z,29.85,29.88,29.6,29.62,209100
2024-01-23T15:00:00Z,29.62,29.72,29.51,29.54,159500
2024-01-23T16:00:00Z,29.53,29.69,29.51,29.68,133700
2024-01-23T17:00:00Z,29.67,29.83,29.61,29.82,233400
2024-01-23T18:00:00Z,29.8,29.88,29.75,29.85,142200
2024-01-23T19:00:00Z,29.85,29.87,29.72,29.84,158100
2024-01-23T20:00:00Z,29.84,29.86,29.72,29.79,200600
2024-01-24T13:00:00Z,29.76,29.96,29.75,29.8,58100
2024-01-24T14:00:00Z,29.81,29.88,29.69,29.75,113800
2024-01-24T15:00:00Z,29.75,29.77,29.58,29.71,254700
2024-01-24T16:00:00Z,29.74,29.75,29.54,29.61,95300
2024-01-24T17:00:00Z,29.59,29.64,29.52,29.58,87400
2024-01-24T18:00:00Z,29.56,29.6,29.43,29.46,118300
2024-01-24T19:00:00Z,29.44,29.48,29.35,29.47,108300
2024-01-24T20:00:00Z,29.48,29.52,29.36,29.5,297100
2024-01-25T13:00:00Z,29.7,29.7,29.47,29.5,137200
2024-01-25T14:00:00Z,29.47,29.58,29.41,29.51,118300
2024-01-25T15:00:00Z,29.51,29.55,29.41,29.5,88100
2024-01-25T16:00:00Z,29.47,29.5,29.39,29.45,213700
2024-01-25T17:00:00Z,29.43,29.5,29.38,29.46,78900
2024-01-25T18:00:00Z,29.45,29.51,29.4,29.4,86600
2024-01-25T19:00:00Z,29.4,29.42,29.16,29.3,380300
2024-01-25T20:00:00Z,29.3,29.31,29.1,29.19,384000
2024-01-26T13:00:00Z,29.02,29.34,29.02,29.11,119500
2024-01-26T14:00:00Z,29.14,29.4,29.05,29.39,200700
2024-01-26T15:00:00Z,29.36,29.36,29.18,29.21,192800
2024-01-26T16:00:00Z,29.22,29.36,29.15,29.35,261900
2024-01-26T17:00:00Z,29.35,29.67,29.35,29.56,557400
2024-01-26T18:00:00Z,29.55,29.57,29.4,29.43,77200
2024-01-26T19:00:00Z,29.43,29.47,29.4,29.44,109700
2024-01-26T20:00:00Z,29.43,29.47,29.41,29.47,187300
2024-01-29T13:00:00Z,29.5,29.5,29.17,29.3,82200
2024-01-29T14:00:00Z,29.3,29.34,29.11,29.22,91500
2024-01-29T15:00:00Z,29.21,29.24,29.02,29.06,117600
2024-01-29T16:00:00Z,29.07,29.1,29.01,29.04,90300
2024-01-29T17:00:00Z,29.03,29.04,28.88,28.95,136500
2024-01-29T18:00:00Z,28.95,28.98,28.89,28.94,135700
2024-01-29T19:00:00Z,28.94,28.96,28.87,28.96,193200
2024-01-29T20:00:00Z,28.96,29.08,28.91,29.02,347800
2024-01-30T13:00:00Z,29.04,29.13,28.88,29.08,153200
2024-01-30T14:00:00Z,29.09,29.1,28.91,29,115000
2024-01-30T15:00:00Z,29,29.07,28.9,29.07,203900
2024-01-30T16:00:00Z,29.08,29.2,29.01,29.19,182400
2024-01-30T17:00:00Z,29.2,29.38,29.18,29.21,348800
2024-01-30T18:00:00Z,29.21,29.23,29.15,29.21,259100
2024-01-30T19:00:00Z,29.21,29.29,29.18,29.18,303500
2024-01-30T20:00:00Z,29.18,29.32,29.16,29.18,616100
2024-01-31T13:00:00Z,28.67,28.8,28.12,28.63,2445100
2024-01-31T14:00:00Z,28.63,28.85,28.42,28.46,1494200
2024-01-31T15:00:00Z,28.45,28.63,28.3,28.37,1135400
2024-01-31T16:00:00Z,28.36,28.57,28.33,28.52,644100
2024-01-31T17:00:00Z,28.52,28.66,28.51,28.61,374100
2024-01-31T18:00:00Z,28.6,28.74,28.55,28.67,289800
2024-01-31T19:00:00Z,28.68,28.75,28.56,28.68,512700
2024-01-31T20:00:00Z,28.68,28.71,28.39,28.62,833100
2024-02-01T13:00:00Z,28.72,28.76,28.55,28.57,202800
2024-02-01T14:00:00Z,28.57,28.7,28.51,28.55,1553000
2024-02-01T15:00:00Z,28.55,28.64,28.45,28.47,154000
2024-02-01T16:00:00Z,28.47,28.56,28.31,28.55,256000
2024-02-01T17:00:00Z,28.55,28.96,28.55,28.85,670100
2024-02-01T18:00:00Z,28.87,29.3,28.82,29.02,933800
2024-02-01T19:00:00Z,29.02,29.17,29,29.13,436900
2024-02-01T20:00:00Z,29.15,29.18,29.04,29.15,540900
2024-02-02T13:00:00Z,29.11,29.5,28.91,28.94,253900
2024-02-02T14:00:00Z,28.93,29.14,28.76,29.09,428700
2024-02-02T15:00:00Z,29.09,29.11,28.89,29.03,192800
2024-02-02T16:00:00Z,29.03,29.04,28.82,28.83,124200
2024-02-02T17:00:00Z,28.83,29.02,28.82,29.01,145300
2024-02-02T18:00:00Z,29.01,29.06,28.9,28.95,174800
2024-02-02T19:00:00Z,28.97,29.05,28.94,29.02,110600
2024-02-02T20:00:00Z,29.01,29.04,28.94,28.98,137000
2024-02-05T13:00:00Z,28.85,29.25,28.85,29.19,126500
2024-02-05T14:00:00Z,29.22,29.23,28.93,29.02,101500
2024-02-05T15:00:00Z,29.02,29.02,28.75,28.93,300600
2024-02-05T16:00:00Z,28.93,28.93,28.75,28.8,126400
2024-02-05T17:00:00Z,28.81,28.91,28.79,28.87,54200
2024-02-05T18:00:00Z,28.87,28.92,28.85,28.9,70100
2024-02-05T19:00:00Z,28.9,29.1,28.89,29.1,131200
2024-02-05T20:00:00Z,29.1,29.14,29.03,29.09,103800
2024-02-06T13:00:00Z,29.15,29.55,29.15,29.42,380500
2024-02-06T14:00:00Z,29.45,29.5,29.22,29.48,133600
2024-02-06T15:00:00Z,29.48,29.59,29.44,29.51,180700
2024-02-06T16:00:00Z,29.52,29.58,29.36,29.36,285900
2024-02-06T17:00:00Z,29.37,29.42,29.24,29.4,163000
2024-02-06T18:00:00Z,29.42,29.76,29.35,29.66,229000
2024-02-06T19:00:00Z,29.68,29.76,29.59,29.69,253000
2024-02-06T20:00:00Z,29.71,29.79,29.63,29.75,235600
2024-02-07T13:00:00Z,29.82,29.82,29.43,29.45,113200
2024-02-07T14:00:00Z,29.44,29.47,29.23,29.36,183900
2024-02-07T15:00:00Z,29.36,29.38,29.24,29.24,98700
2024-02-07T16:00:00Z,29.25,29.28,29.05,29.14,193300
2024-02-07T17:00:00Z,29.15,29.17,29.1,29.14,51500
2024-02-07T18:00:00Z,29.14,29.18,28.93,29.02,100400
2024-02-07T19:00:00Z,29,29.14,28.9,29.14,195300
2024-02-07T20:00:00Z,29.14,29.22,29.09,29.2,280900
2024-02-08T13:00:00Z,29.06,29.14,28.59,28.59,316000
2024-02-08T14:00:00Z,28.61,28.63,28.47,28.56,182500
2024-02-08T15:00:00Z,28.56,28.63,28.5,28.6,97200
2024-02-08T16:00:00Z,28.6,28.61,28.37,28.37,146100
2024-02-08T17:00:00Z,28.38,28.45,28.35,28.43,133300
2024-02-08T18:00:00Z,28.43,28.58,28.42,28.57,183700
2024-02-08T19:00:00Z,28.59,28.61,28.47,28.55,244500
2024-02-08T20:00:00Z,28.55,28.57,28.46,28.5,182900
2024-02-09T13:00:00Z,28.34,28.68,28.34,28.65,100000
2024-02-09T14:00:00Z,28.65,28.7,28.38,28.65,140200
2024-02-09T15:00:00Z,28.64,28.65,28.5,28.52,101200
2024-02-09T16:00:00Z,28.52,28.57,28.39,28.46,144800
2024-02-09T17:00:00Z,28.47,28.56,28.45,28.54,105900
2024-02-09T18:00:00Z,28.55,28.59,28.5,28.58,57600
2024-02-09T19:00:00Z,28.59,28.65,28.53,28.64,88100
2024-02-09T20:00:00Z,28.65,28.71,28.61,28.69,186500
2024-02-14T16:00:00Z,28.39,28.63,28.39,28.45,162100
2024-02-14T17:00:00Z,28.45,28.5,28.35,28.35,177600
2024-02-14T18:00:00Z,28.35,28.35,28.16,28.17,209600
2024-02-14T19:00:00Z,28.18,28.3,28.15,28.23,140700
2024-02-14T20:00:00Z,28.24,28.31,28.2,28.2,163500
2024-02-15T13:00:00Z,28.44,28.52,28.31,28.44,77000
2024-02-15T14:00:00Z,28.47,28.47,28.27,28.44,126900
2024-02-15T15:00:00Z,28.43,28.52,28.36,28.49,176300
2024-02-15T16:00:00Z,28.48,28.51,28.4,28.47,166800
2024-02-15T17:00:00Z,28.47,28.55,28.45,28.53,206500
2024-02-15T18:00:00Z,28.54,28.55,28.42,28.44,127300
2024-02-15T19:00:00Z,28.45,28.55,28.33,28.52,475000
2024-02-15T20:00:00Z,28.52,28.62,28.49,28.57,410700
2024-02-16T13:00:00Z,28.48,28.85,28.48,28.65,153400
2024-02-16T14:00:00Z,28.66,29.04,28.63,28.87,114800
2024-02-16T15:00:00Z,28.87,29.16,28.87,29.06,167200
2024-02-16T16:00:00Z,29.06,29.08,28.99,29,97400
2024-02-16T17:00:00Z,28.99,29.14,28.96,29.13,98600
2024-02-16T18:00:00Z,29.12,29.21,29.1,29.19,188000
2024-02-16T19:00:00Z,29.18,29.23,29.06,29.13,364800
2024-02-16T20:00:00Z,29.12,29.14,29.06,29.08,300800
2024-02-19T13:00:00Z,29.35,29.36,28.83,28.98,83900
2024-02-19T14:00:00Z,28.98,29.14,28.98,29.13,154200
2024-02-19T15:00:00Z,29.13,29.19,29.02,29.04,105600
2024-02-19T16:00:00Z,29.05,29.16,29.02,29.16,61500
2024-02-19T17:00:00Z,29.15,29.3,29.11,29.11,135600
2024-02-19T18:00:00Z,29.12,29.21,29.1,29.13,98400
2024-02-19T19:00:00Z,29.15,29.22,29.11,29.14,197500
2024-02-19T20:00:00Z,29.14,29.21,29.09,29.09,374500
2024-02-20T13:00:00Z,28.99,29.45,28.95,29.34,145400
2024-02-20T14:00:00Z,29.34,29.69,29.19,29.67,240300
2024-02-20T15:00:00Z,29.69,29.69,29.51,29.62,158000
2024-02-20T16:00:00Z,29.62,29.64,29.28,29.3,138900
2024-02-20T17:00:00Z,29.3,29.42,29.27,29.37,156400
2024-02-20T18:00:00Z,29.38,29.39,29.24,29.28,100500
2024-02-20T19:00:00Z,29.28,29.32,29.22,29.26,242600
2024-02-20T20:00:00Z,29.26,29.41,29.26,29.31,298200
2024-02-21T13:00:00Z,29.36,29.45,29.14,29.24,186600
2024-02-21T14:00:00Z,29.25,29.27,28.88,28.88,294200
2024-02-21T15:00:00Z,28.9,28.99,28.8,28.95,214900
2024-02-21T16:00:00Z,28.95,29.03,28.93,28.99,61800
2024-02-21T17:00:00Z,28.97,29.02,28.86,28.9,141600
2024-02-21T18:00:00Z,28.92,28.99,28.88,28.95,134500
2024-02-21T19:00:00Z,28.96,29,28.91,28.97,90400
2024-02-21T20:00:00Z,28.95,29.08,28.95,28.97,254200
2024-02-22T13:00:00Z,29,29.04,28.89,28.98,181500
2024-02-22T14:00:00Z,28.98,29,28.88,28.9,81500
2024-02-22T15:00:00Z,28.92,28.93,28.73,28.78,149200
2024-02-22T16:00:00Z,28.77,28.83,28.7,28.79,157700
2024-02-22T17:00:00Z,28.78,28.82,28.72,28.73,180600
2024-02-22T18:00:00Z,28.74,28.89,28.71,28.87,116400
2024-02-22T19:00:00Z,28.87,29,28.86,28.99,229200
2024-02-22T20:00:00Z,29,29.02,28.8,28.85,210200
2024-02-23T13:00:00Z,29,29,28.8,28.8,43800
2024-02-23T14:00:00Z,28.8,28.8,28.62,28.62,114300
2024-02-23T15:00:00Z,28.63,28.63,28.42,28.46,115300
2024-02-23T16:00:00Z,28.46,28.46,28.33,28.38,108400
2024-02-23T17:00:00Z,28.4,28.43,28.33,28.39,135500
2024-02-23T18:00:00Z,28.41,28.58,28.41,28.52,129400
2024-02-23T19:00:00Z,28.51,28.54,28.33,28.36,133700
2024-02-23T20:00:00Z,28.34,28.47,28.34,28.4,151800
2024-02-26T13:00:00Z,28.52,28.57,28.42,28.5,33000
2024-02-26T14:00:00Z,28.52,28.54,28.36,28.41,102100
2024-02-26T15:00:00Z,28.42,28.5,28.36,28.41,112800
2024-02-26T16:00:00Z,28.42,28.52,28.37,28.5,154400
2024-02-26T17:00:00Z,28.5,28.59,28.47,28.48,143700
2024-02-26T18:00:00Z,28.48,28.56,28.46,28.54,715700
2024-02-26T19:00:00Z,28.53,28.6,28.44,28.45,267000
2024-02-26T20:00:00Z,28.45,28.57,28.43,28.54,461300
2024-02-27T13:00:00Z,28.51,28.75,28.45,28.7,150100
2024-02-27T14:00:00Z,28.7,28.81,28.63,28.8,157900
2024-02-27T15:00:00Z,28.81,28.87,28.74,28.75,76600
2024-02-27T16:00:00Z,28.75,28.77,28.67,28.77,113000
2024-02-27T17:00:00Z,28.77,28.87,28.74,28.84,115200
2024-02-27T18:00:00Z,28.82,28.94,28.79,28.86,321600
2024-02-27T19:00:00Z,28.85,29.02,28.84,28.95,242600
2024-02-27T20:00:00Z,28.95,28.97,28.83,28.87,226600
2024-02-28T13:00:00Z,28.69,29.21,28.62,29.11,175600
2024-02-28T14:00:00Z,29.09,29.09,28.8,28.83,134600
2024-02-28T15:00:00Z,28.83,29.1,28.81,29.07,80600
2024-02-28T16:00:00Z,29.09,29.15,29.04,29.13,71900
2024-02-28T17:00:00Z,29.13,29.13,28.97,29.03,107300
2024-02-28T18:00:00Z,29.04,29.11,29.01,29.04,135300
2024-02-28T19:00:00Z,29.03,29.1,28.92,29.1,141800
2024-02-28T20:00:00Z,29.11,29.11,28.95,28.95,152600
2024-02-29T13:00:00Z,28.89,28.9,28.67,28.69,373600
2024-02-29T14:00:00Z,28.69,28.78,28.39,28.45,259700
2024-02-29T15:00:00Z,28.44,28.58,28.42,28.54,155700
2024-02-29T16:00:00Z,28.54,28.55,28.4,28.54,161700
2024-02-29T17:00:00Z,28.54,28.56,28.47,28.48,118900
2024-02-29T18:00:00Z,28.47,28.56,28.45,28.53,81400
2024-02-29T19:00:00Z,28.52,28.54,28.46,28.5,183900
2024-02-29T20:00:00Z,28.51,28.56,28.45,28.5,175000
2024-03-01T13:00:00Z,28.44,28.7,28.42,28.44,189700
2024-03-01T14:00:00Z,28.44,28.53,28.37,28.42,155200
2024-03-01T15:00:00Z,28.43,28.68,28.41,28.67,93000
2024-03-01T16:00:00Z,28.66,28.68,28.52,28.56,112600
2024-03-01T17:00:00Z,28.56,28.64,28.41,28.41,130200
2024-03-01T18:00:00Z,28.41,28.6,28.41,28.58,160900
2024-03-01T19:00:00Z,28.59,28.59,28.51,28.56,154700
2024-03-01T20:00:00Z,28.56,28.71,28.53,28.56,248800
2024-03-04T13:00:00Z,28.71,28.71,28.5,28.65,169300
2024-03-04T14:00:00Z,28.64,28.66,28.38,28.43,138800
2024-03-04T15:00:00Z,28.43,28.52,28.36,28.52,94000
2024-03-04T16:00:00Z,28.53,28.74,28.52,28.66,152100
2024-03-04T17:00:00Z,28.67,28.7,28.59,28.61,115900
2024-03-04T18:00:00Z,28.62,28.66,28.54,28.55,109500
2024-03-04T19:00:00Z,28.56,28.6,28.51,28.55,186000
2024-03-04T20:00:00Z,28.56,28.58,28.44,28.44,177900
2024-03-05T13:00:00Z,28.51,28.55,28.11,28.12,188500
2024-03-05T14:00:00Z,28.12,28.25,27.97,28.14,422400
2024-03-05T15:00:00Z,28.16,28.36,28.16,28.26,273100
2024-03-05T16:00:00Z,28.26,28.27,28.1,28.16,138300
2024-03-05T17:00:00Z,28.16,28.22,28.08,28.08,209300
2024-03-05T18:00:00Z,28.1,28.3,28.05,28.26,193300
2024-03-05T19:00:00Z,28.26,28.46,28.22,28.31,268000
2024-03-05T20:00:00Z,28.32,28.46,28.28,28.4,296900
2024-03-06T13:00:00Z,28.48,28.57,28.33,28.55,54700
2024-03-06T14:00:00Z,28.54,28.57,28.39,28.44,48900
2024-03-06T15:00:00Z,28.42,28.67,28.41,28.49,85600
2024-03-06T16:00:00Z,28.48,28.71,28.47,28.7,61000
2024-03-06T17:00:00Z,28.69,28.7,28.51,28.51,64200
2024-03-06T18:00:00Z,28.52,28.54,28.47,28.48,92900
2024-03-06T19:00:00Z,28.48,28.49,28.38,28.4,126600
2024-03-06T20:00:00Z,28.4,28.42,28.18,28.2,482800
2024-03-07T13:00:00Z,28.21,28.3,28.09,28.15,90200
2024-03-07T14:00:00Z,28.13,28.22,28.1,28.15,131500
2024-03-07T15:00:00Z,28.15,28.25,28.13,28.19,89200
2024-03-07T16:00:00Z,28.19,28.19,28.14,28.14,46700
2024-03-07T17:00:00Z,28.13,28.18,28.12,28.16,98900
2024-03-07T18:00:00Z,28.16,28.17,28.12,28.12,81000
2024-03-07T19:00:00Z,28.12,28.15,28.11,28.12,86500
2024-03-07T20:00:00Z,28.12,28.22,28.12,28.22,123300
2024-03-08T13:00:00Z,28.16,28.54,28.14,28.44,229700
2024-03-08T14:00:00Z,28.44,28.69,28.39,28.63,206900
2024-03-08T15:00:00Z,28.64,28.69,28.61,28.67,89000
2024-03-08T16:00:00Z,28.65,28.71,28.47,28.49,72400
2024-03-08T17:00:00Z,28.49,28.6,28.43,28.55,73000
2024-03-08T18:00:00Z,28.56,28.56,28.48,28.52,82200
2024-03-08T19:00:00Z,28.52,28.54,28.44,28.51,79900
2024-03-08T20:00:00Z,28.52,28.53,28.39,28.49,195900
2024-03-11T13:00:00Z,28.53,28.64,28.42,28.44,81000
2024-03-11T14:00:00Z,28.45,28.55,28.42,28.48,66800
2024-03-11T15:00:00Z,28.46,28.56,28.45,28.53,67700
2024-03-11T16:00:00Z,28.52,28.58,28.49,28.56,86600
2024-03-11T17:00:00Z,28.55,28.64,28.46,28.47,117100
2024-03-11T18:00:00Z,28.47,28.58,28.45,28.56,84000
2024-03-11T19:00:00Z,28.56,28.6,28.47,28.49,242400
2024-03-12T13:00:00Z,28.61,28.79,28.6,28.62,173900
2024-03-12T14:00:00Z,28.62,28.71,28.51,28.52,149200
2024-03-12T15:00:00Z,28.53,28.66,28.48,28.62,175500
2024-03-12T16:00:00Z,28.63,28.64,28.49,28.54,130700
2024-03-12T17:00:00Z,28.56,28.56,28.39,28.53,249700
2024-03-12T18:00:00Z,28.53,28.64,28.46,28.51,232400
2024-03-12T19:00:00Z,28.52,28.62,28.49,28.56,290500
2024-03-13T13:00:00Z,28.54,28.72,28.5,28.72,123500
2024-03-13T14:00:00Z,28.72,28.76,28.63,28.73,125000
2024-03-13T15:00:00Z,28.73,28.8,28.69,28.75,84700
2024-03-13T16:00:00Z,28.75,28.8,28.71,28.76,89200
2024-03-13T17:00:00Z,28.76,28.8,28.68,28.77,120900
2024-03-13T18:00:00Z,28.75,28.77,28.63,28.66,110400
2024-03-13T19:00:00Z,28.68,28.7,28.6,28.68,138400
2024-03-14T13:00:00Z,28.59,28.72,28.5,28.56,105400
2024-03-14T14:00:00Z,28.56,28.76,28.56,28.69,90500
2024-03-14T15:00:00Z,28.68,28.74,28.61,28.65,105300
2024-03-14T16:00:00Z,28.65,28.67,28.57,28.6,91900
2024-03-14T17:00:00Z,28.6,28.63,28.47,28.54,138200
2024-03-14T18:00:00Z,28.54,28.62,28.52,28.61,133200
2024-03-14T19:00:00Z,28.6,28.61,28.5,28.56,141400
2024-03-15T13:00:00Z,28.7,28.89,28.54,28.55,209600
2024-03-15T14:00:00Z,28.55,28.59,28.4,28.47,161900
2024-03-15T15:00:00Z,28.47,28.49,28.41,28.43,137200
2024-03-15T16:00:00Z,28.42,28.44,28.33,28.38,134900
2024-03-15T17:00:00Z,28.38,28.44,28.36,28.4,136800
2024-03-15T18:00:00Z,28.42,28.69,28.39,28.67,185500
2024-03-15T19:00:00Z,28.68,28.77,28.66,28.72,281200
2024-03-18T13:00:00Z,28.7,28.88,28.57,28.62,133100
2024-03-18T14:00:00Z,28.6,28.69,28.54,28.6,117400
2024-03-18T15:00:00Z,28.6,28.67,28.52,28.56,83100
2024-03-18T16:00:00Z,28.53,28.62,28.51,28.61,154100
2024-03-18T17:00:00Z,28.59,28.62,28.52,28.59,117900
2024-03-18T18:00:00Z,28.59,28.78,28.58,28.61,243800
2024-03-18T19:00:00Z,28.63,28.78,28.54,28.7,341900
2024-03-19T13:00:00Z,28.61,28.67,28.41,28.45,171100
2024-03-19T14:00:00Z,28.45,28.49,28.33,28.42,128000
2024-03-19T15:00:00Z,28.4,28.41,28.31,28.35,64800
2024-03-19T16:00:00Z,28.34,28.38,28.3,28.36,122500
2024-03-19T17:00:00Z,28.37,28.4,28.33,28.36,73700
2024-03-19T18:00:00Z,28.36,28.38,28.27,28.38,159000
2024-03-19T19:00:00Z,28.38,28.41,28.29,28.29,301800
2024-03-20T13:00:00Z,28.32,28.45,28.24,28.42,176000
2024-03-20T14:00:00Z,28.4,28.42,28.25,28.34,111400
2024-03-20T15:00:00Z,28.34,28.42,28.34,28.4,61500
2024-03-20T16:00:00Z,28.4,28.53,28.39,28.41,147900
2024-03-20T17:00:00Z,28.43,28.51,28.39,28.47,104400
2024-03-20T18:00:00Z,28.48,28.66,28.42,28.65,248000
2024-03-20T19:00:00Z,28.65,28.7,28.57,28.61,202600
2024-03-21T13:00:00Z,28.6,28.65,28.24,28.25,122200
2024-03-21T14:00:00Z,28.25,28.34,28.18,28.26,291700
2024-03-21T15:00:00Z,28.26,28.38,28.22,28.33,267200
2024-03-21T16:00:00Z,28.32,28.34,28.25,28.32,126100
2024-03-21T17:00:00Z,28.32,28.37,28.3,28.33,173600
2024-03-21T18:00:00Z,28.34,28.38,28.32,28.35,209100
2024-03-21T19:00:00Z,28.33,28.35,28.24,28.26,220500
2024-03-22T13:00:00Z,28.26,28.26,28.06,28.15,153300
2024-03-22T14:00:00Z,28.14,28.15,28.06,28.07,238100
2024-03-22T15:00:00Z,28.07,28.11,28.06,28.1,377100
2024-03-22T16:00:00Z,28.1,28.12,28.05,28.06,375500
2024-03-22T17:00:00Z,28.06,28.09,28.04,28.05,197300
2024-03-22T18:00:00Z,28.05,28.09,28,28.02,631800
2024-03-22T19:00:00Z,28.03,28.09,28,28.01,232300
2024-03-25T13:00:00Z,28.01,28.09,27.97,28.02,184000
2024-03-25T14:00:00Z,28.03,28.08,28.01,28.04,200300
2024-03-25T15:00:00Z,28.04,28.14,28.03,28.12,142000
2024-03-25T16:00:00Z,28.13,28.14,28.05,28.1,132300
2024-03-25T17:00:00Z,28.12,28.12,28.05,28.05,130900
2024-03-25T18:00:00Z,28.06,28.11,28.05,28.08,190700
2024-03-25T19:00:00Z,28.08,28.11,28.05,28.09,166100
2024-03-26T13:00:00Z,28,28.2,28,28.2,177700
2024-03-26T14:00:00Z,28.2,28.44,28.2,28.27,332400
2024-03-26T15:00:00Z,28.27,28.29,28.14,28.22,151700
2024-03-26T16:00:00Z,28.22,28.23,28.16,28.19,63900
2024-03-26T17:00:00Z,28.19,28.32,28.12,28.12,271100
2024-03-26T18:00:00Z,28.12,28.17,28.08,28.14,396500
2024-03-26T19:00:00Z,28.13,28.21,28.11,28.15,532100
2024-03-27T13:00:00Z,28.09,28.19,28.06,28.13,91000
2024-03-27T14:00:00Z,28.13,28.33,28.05,28.19,413000
2024-03-27T15:00:00Z,28.21,28.22,28.09,28.1,167800
2024-03-27T16:00:00Z,28.1,28.21,28.1,28.15,131000
2024-03-27T17:00:00Z,28.16,28.23,28.15,28.16,197100
2024-03-27T18:00:00Z,28.17,28.37,28.16,28.31,234100
2024-03-27T19:00:00Z,28.32,28.38,28.29,28.37,279600
2024-03-28T13:00:00Z,28.3,28.6,28.24,28.56,235300
2024-03-28T14:00:00Z,28.58,28.7,28.58,28.62,176600
2024-03-28T15:00:00Z,28.63,28.64,28.55,28.55,232300
2024-03-28T16:00:00Z,28.56,28.6,28.48,28.48,144900
2024-03-28T17:00:00Z,28.49,28.59,28.48,28.53,150300
2024-03-28T18:00:00Z,28.54,28.56,28.5,28.51,186500
2024-03-28T19:00:00Z,28.52,28.56,28.46,28.51,289100
2024-04-01T13:00:00Z,28.55,28.8,28.55,28.61,161000
2024-04-01T14:00:00Z,28.62,28.62,28.4,28.4,136300
2024-04-01T15:00:00Z,28.42,28.42,28.21,28.22,105400
2024-04-01T16:00:00Z,28.22,28.32,28.22,28.22,71000
2024-04-01T17:00:00Z,28.24,28.24,28.13,28.16,239900
2024-04-01T18:00:00Z,28.15,28.19,28.12,28.13,152400
2024-04-01T19:00:00Z,28.15,28.28,28.11,28.22,245300
2024-04-02T13:00:00Z,28.33,28.33,28.1,28.11,286200
2024-04-02T14:00:00Z,28.1,28.24,28.04,28.13,182200
2024-04-02T15:00:00Z,28.13,28.13,27.98,27.99,168400
2024-04-02T16:00:00Z,27.99,28.09,27.98,28.04,154900
2024-04-02T17:00:00Z,28.04,28.04,27.97,28,149900
2024-04-02T18:00:00Z,28,28.12,28,28.09,131200
2024-04-02T19:00:00Z,28.09,28.21,28.08,28.17,231100
2024-04-03T13:00:00Z,28.03,28.13,27.93,27.98,115400
2024-04-03T14:00:00Z,27.99,28.08,27.87,27.88,202300
2024-04-03T15:00:00Z,27.9,27.95,27.86,27.95,135700
2024-04-03T16:00:00Z,27.95,27.96,27.87,27.87,149500
2024-04-03T17:00:00Z,27.87,28.08,27.86,28.07,174400
2024-04-03T18:00:00Z,28.06,28.11,28.05,28.09,174600
2024-04-03T19:00:00Z,28.07,28.11,28.01,28.1,195200
2024-04-04T13:00:00Z,28.15,28.67,28.15,28.61,426900
2024-04-04T14:00:00Z,28.65,28.97,28.61,28.82,467000
2024-04-04T15:00:00Z,28.81,29.17,28.74,29.17,343000
2024-04-04T16:00:00Z,29.17,29.18,29.01,29.06,437600
2024-04-04T17:00:00Z,29.08,29.09,28.92,28.93,242300
2024-04-04T18:00:00Z,28.92,28.99,28.68,28.7,289600
2024-04-04T19:00:00Z,28.7,28.8,28.62,28.72,568500
2024-04-05T13:00:00Z,28.81,28.81,28.54,28.6,107300
2024-04-05T14:00:00Z,28.59,28.6,28.33,28.43,171900
2024-04-05T15:00:00Z,28.42,28.5,28.22,28.42,308900
2024-04-05T16:00:00Z,28.42,28.45,28.28,28.34,134100
2024-04-05T17:00:00Z,28.34,28.37,28.17,28.18,229500
2024-04-05T18:00:00Z,28.18,28.23,28.14,28.16,193900
2024-04-05T19:00:00Z,28.16,28.19,28.11,28.14,273100
2024-04-08T13:00:00Z,28.08,28.37,28.05,28.31,190200
2024-04-08T14:00:00Z,28.31,28.41,28.29,28.36,218200
2024-04-08T15:00:00Z,28.37,28.47,28.37,28.43,122200
2024-04-08T16:00:00Z,28.43,28.47,28.27,28.27,133400
2024-04-08T17:00:00Z,28.27,28.31,28.26,28.31,95500
2024-04-08T18:00:00Z,28.31,28.31,28.18,28.21,145500
2024-04-08T19:00:00Z,28.22,28.28,28.19,28.28,236500
2024-04-09T13:00:00Z,28.31,28.48,28.29,28.44,187500
2024-04-09T14:00:00Z,28.46,28.5,28.3,28.33,147700
2024-04-09T15:00:00Z,28.34,28.41,28.31,28.35,145000
2024-04-09T16:00:00Z,28.37,28.44,28.35,28.36,112600
2024-04-09T17:00:00Z,28.36,28.38,28.31,28.36,151100
2024-04-09T18:00:00Z,28.36,28.36,28.24,28.31,206300
2024-04-09T19:00:00Z,28.33,28.37,28.27,28.28,298900
2024-04-10T13:00:00Z,28.24,28.25,27.92,27.96,192000
2024-04-10T14:00:00Z,27.94,27.97,27.73,27.74,378300
2024-04-10T15:00:00Z,27.74,27.74,27.39,27.44,595300
2024-04-10T16:00:00Z,27.44,27.52,27.43,27.47,225700
2024-04-10T17:00:00Z,27.49,27.54,27.4,27.42,285700
2024-04-10T18:00:00Z,27.42,27.47,27.32,27.33,350600
2024-04-10T19:00:00Z,27.33,27.36,27.21,27.28,552500
2024-04-11T13:00:00Z,27.29,27.32,27.11,27.2,284100
2024-04-11T14:00:00Z,27.2,27.29,27.14,27.28,173700
2024-04-11T15:00:00Z,27.27,27.37,27.25,27.34,203200
2024-04-11T16:00:00Z,27.34,27.34,27.23,27.24,197700
2024-04-11T17:00:00Z,27.25,27.38,27.21,27.33,299700
2024-04-11T18:00:00Z,27.33,27.39,27.3,27.32,279400
2024-04-11T19:00:00Z,27.32,27.33,27.26,27.31,311700
2024-04-12T13:00:00Z,27.32,27.32,27.14,27.22,210200
2024-04-12T14:00:00Z,27.18,27.23,27.03,27.03,231300
2024-04-12T15:00:00Z,27.03,27.11,26.97,27.07,170200
2024-04-12T16:00:00Z,27.07,27.19,27.02,27.17,158900
2024-04-12T17:00:00Z,27.16,27.2,27.09,27.17,123900
2024-04-12T18:00:00Z,27.16,27.16,27.02,27.08,179400
2024-04-12T19:00:00Z,27.07,27.1,27.01,27.05,212100
2024-04-15T13:00:00Z,27.07,27.18,26.97,27.14,189000
2024-04-15T14:00:00Z,27.15,27.23,27.02,27.07,206600
2024-04-15T15:00:00Z,27.06,27.17,27.01,27.08,280600
2024-04-15T16:00:00Z,27.08,27.13,27.02,27.1,133800
2024-04-15T17:00:00Z,27.1,27.15,26.96,27.08,241900
2024-04-15T18:00:00Z,27.06,27.16,26.95,27.02,726400
2024-04-15T19:00:00Z,27,27.05,26.94,26.98,268800
2024-04-16T13:00:00Z,26.89,27.04,26.77,26.88,287900
2024-04-16T14:00:00Z,26.88,26.96,26.83,26.85,270500
2024-04-16T15:00:00Z,26.85,27,26.81,26.91,402100
2024-04-16T16:00:00Z,26.91,26.93,26.81,26.83,256200
2024-04-16T17:00:00Z,26.82,26.86,26.74,26.82,243000
2024-04-16T18:00:00Z,26.83,26.99,26.82,26.89,231500
2024-04-16T19:00:00Z,26.91,26.96,26.79,26.79,318200
2024-04-17T13:00:00Z,26.9,26.97,26.7,26.74,209800
2024-04-17T14:00:00Z,26.74,26.8,26.65,26.66,226900
2024-04-17T15:00:00Z,26.68,26.79,26.63,26.72,184300
2024-04-17T16:00:00Z,26.73,26.73,26.6,26.69,236400
2024-04-17T17:00:00Z,26.69,26.83,26.66,26.71,269400
2024-04-17T18:00:00Z,26.71,26.77,26.66,26.68,241500
2024-04-17T19:00:00Z,26.67,26.78,26.67,26.71,371000
2024-04-18T13:00:00Z,26.87,27,26.79,26.94,178600
2024-04-18T14:00:00Z,26.94,26.95,26.8,26.84,220300
2024-04-18T15:00:00Z,26.87,26.87,26.61,26.61,215800
2024-04-18T16:00:00Z,26.61,26.65,26.5,26.52,212600
2024-04-18T17:00:00Z,26.52,26.63,26.48,26.63,200400
2024-04-18T18:00:00Z,26.63,26.7,26.54,26.6,349400
2024-04-18T19:00:00Z,26.6,26.68,26.59,26.59,360900
2024-04-19T13:00:00Z,26.59,27.06,26.59,27.05,393600
2024-04-19T14:00:00Z,27.05,27.17,26.93,27.15,509500
2024-04-19T15:00:00Z,27.15,27.28,27.15,27.26,362100
2024-04-19T16:00:00Z,27.26,27.29,27.14,27.14,230200
2024-04-19T17:00:00Z,27.15,27.23,27.12,27.19,302400
2024-04-19T18:00:00Z,27.19,27.19,27.09,27.13,293000
2024-04-19T19:00:00Z,27.13,27.32,27.02,27.21,840800
2024-04-22T13:00:00Z,26.91,27.05,26.48,26.56,323300
2024-04-22T14:00:00Z,26.55,26.63,26.36,26.37,269500
2024-04-22T15:00:00Z,26.38,26.61,26.35,26.49,341000
2024-04-22T16:00:00Z,26.51,26.67,26.45,26.67,206500
2024-04-22T17:00:00Z,26.65,26.68,26.55,26.59,294300
2024-04-22T18:00:00Z,26.6,26.77,26.6,26.71,444100
2024-04-22T19:00:00Z,26.71,26.77,26.64,26.76,457000
2024-04-23T13:00:00Z,26.51,26.74,26.51,26.64,225000
2024-04-23T14:00:00Z,26.63,26.74,26.61,26.67,166900
2024-04-23T15:00:00Z,26.66,26.99,26.66,26.96,286000
2024-04-23T16:00:00Z,26.97,27.12,26.94,26.99,293900
2024-04-23T17:00:00Z,26.97,27.1,26.95,26.97,253100
2024-04-23T18:00:00Z,26.96,27.14,26.95,27.14,337400
2024-04-23T19:00:00Z,27.14,27.24,27.07,27.1,837000
2024-04-24T13:00:00Z,27.1,27.1,26.96,27.09,283200
2024-04-24T14:00:00Z,27.11,27.16,26.98,27.02,256000
2024-04-24T15:00:00Z,27.02,27.12,26.98,27.06,135200
2024-04-24T16:00:00Z,27.06,27.16,27.05,27.15,177900
2024-04-24T17:00:00Z,27.14,27.21,27.07,27.08,144300
2024-04-24T18:00:00Z,27.08,27.18,27.04,27.16,167000
2024-04-24T19:00:00Z,27.17,27.19,27.09,27.12,215600
2024-04-25T13:00:00Z,27.2,27.21,26.78,26.87,168800
2024-04-25T14:00:00Z,26.87,26.91,26.57,26.6,724400
2024-04-25T15:00:00Z,26.6,26.87,26.59,26.82,440300
2024-04-25T16:00:00Z,26.81,26.83,26.7,26.71,254000
2024-04-25T17:00:00Z,26.73,26.77,26.69,26.69,265600
2024-04-25T18:00:00Z,26.69,26.72,26.51,26.55,460700
2024-04-25T19:00:00Z,26.55,26.59,26.5,26.54,566800
2024-04-26T13:00:00Z,26.68,26.92,26.55,26.88,290800
2024-04-26T14:00:00Z,26.88,26.92,26.78,26.89,198400
2024-04-26T15:00:00Z,26.9,27.14,26.88,27.11,469800
2024-04-26T16:00:00Z,27.12,27.18,27.08,27.12,320000
2024-04-26T17:00:00Z,27.14,27.18,27.07,27.15,222300
2024-04-26T18:00:00Z,27.15,27.43,27.14,27.4,424400
2024-04-26T19:00:00Z,27.4,27.5,27.36,27.44,670100
2024-04-29T13:00:00Z,27.45,27.59,27.3,27.51,183200
2024-04-29T14:00:00Z,27.51,27.98,27.51,27.93,683600
2024-04-29T15:00:00Z,27.91,28.09,27.65,27.73,448900
2024-04-29T16:00:00Z,27.73,27.91,27.73,27.9,259400
2024-04-29T17:00:00Z,27.91,28.16,27.91,28.03,787600
2024-04-29T18:00:00Z,28.03,28.14,27.85,27.96,932000
2024-04-29T19:00:00Z,27.96,28.09,27.91,28,874300
2024-04-30T13:00:00Z,28.71,29.54,28.7,28.99,3426400
2024-04-30T14:00:00Z,28.98,29.25,28.8,29.14,860000
2024-04-30T15:00:00Z,29.14,29.18,28.85,28.9,580900
2024-04-30T16:00:00Z,28.88,29,28.85,28.92,596800
2024-04-30T17:00:00Z,28.92,28.96,28.83,28.93,318900
2024-04-30T18:00:00Z,28.91,29,28.85,28.9,313300
2024-04-30T19:00:00Z,28.9,28.96,28.85,28.94,898300
2024-05-02T13:00:00Z,28.9,29.25,28.79,28.85,652700
2024-05-02T14:00:00Z,28.88,29.25,28.81,29.2,392200
2024-05-02T15:00:00Z,29.22,29.29,29.18,29.28,278600
2024-05-02T16:00:00Z,29.28,29.38,29.2,29.32,308100
2024-05-02T17:00:00Z,29.31,29.58,29.3,29.55,1090600
2024-05-02T18:00:00Z,29.56,29.63,29.5,29.61,481200
2024-05-02T19:00:00Z,29.62,29.64,29.5,29.55,614500
2024-05-03T13:00:00Z,30.23,30.68,29.99,30.12,1151000
2024-05-03T14:00:00Z,30.12,30.19,29.83,29.95,647400
2024-05-03T15:00:00Z,29.94,30.04,29.74,29.81,316600
2024-05-03T16:00:00Z,29.8,29.83,29.63,29.66,244100
2024-05-03T17:00:00Z,29.65,29.69,29.58,29.63,216200
2024-05-03T18:00:00Z,29.64,29.72,29.6,29.69,317000
2024-05-03T19:00:00Z,29.69,29.83,29.66,29.69,851500
2024-05-06T13:00:00Z,29.74,30.4,29.74,30.23,844400
2024-05-06T14:00:00Z,30.23,30.27,29.84,29.96,353300
2024-05-06T15:00:00Z,29.96,30.1,29.83,30.03,816500
2024-05-06T16:00:00Z,30.03,30.07,29.95,30,167900
2024-05-06T17:00:00Z,30,30.01,29.78,29.92,272600
2024-05-06T18:00:00Z,29.92,29.97,29.7,29.74,357900
2024-05-06T19:00:00Z,29.74,29.78,29.59,29.67,447300
2024-05-07T13:00:00Z,29.7,30.15,29.67,29.84,468200
2024-05-07T14:00:00Z,29.85,30.02,29.8,29.95,233100
2024-05-07T15:00:00Z,29.97,30,29.72,29.75,246300
2024-05-07T16:00:00Z,29.73,29.86,29.69,29.77,205700
2024-05-07T17:00:00Z,29.76,29.78,29.69,29.72,111900
2024-05-07T18:00:00Z,29.72,29.74,29.59,29.61,480400
2024-05-07T19:00:00Z,29.62,29.63,29.45,29.45,729900
2024-05-08T13:00:00Z,29.27,29.47,29.1,29.23,342000
2024-05-08T14:00:00Z,29.23,29.26,29.01,29.03,246600
2024-05-08T15:00:00Z,29.01,29.24,29.01,29.2,237900
2024-05-08T16:00:00Z,29.21,29.28,29.18,29.22,186700
2024-05-08T17:00:00Z,29.22,29.23,29.09,29.1,208800
2024-05-08T18:00:00Z,29.1,29.25,29.07,29.2,241500
2024-05-08T19:00:00Z,29.22,29.34,29.11,29.18,488100
2024-05-09T13:00:00Z,29,29.02,28.59,28.76,415200
2024-05-09T14:00:00Z,28.75,28.85,28.66,28.78,240700
2024-05-09T15:00:00Z,28.76,28.83,28.72,28.79,191200
2024-05-09T16:00:00Z,28.79,28.82,28.68,28.71,246800
2024-05-09T17:00:00Z,28.71,28.71,28.55,28.69,313300
2024-05-09T18:00:00Z,28.69,28.77,28.65,28.75,350100
2024-05-09T19:00:00Z,28.75,28.76,28.67,28.69,266200
2024-05-10T13:00:00Z,28.6,28.86,28.51,28.85,473600
2024-05-10T14:00:00Z,28.85,28.85,28.64,28.65,242100
2024-05-10T15:00:00Z,28.67,28.67,28.52,28.59,188100
2024-05-10T16:00:00Z,28.61,28.73,28.6,28.62,92300
2024-05-10T17:00:00Z,28.65,28.65,28.54,28.6,93000
2024-05-10T18:00:00Z,28.58,28.67,28.56,28.62,180800
2024-05-10T19:00:00Z,28.61,28.75,28.56,28.62,312600
2024-05-13T13:00:00Z,28.45,28.74,28.32,28.7,244000
2024-05-13T14:00:00Z,28.69,28.72,28.4,28.42,229800
2024-05-13T15:00:00Z,28.41,28.53,28.34,28.39,164700
2024-05-13T16:00:00Z,28.39,28.44,28.35,28.36,136900
2024-05-13T17:00:00Z,28.37,28.49,28.34,28.43,213800
2024-05-13T18:00:00Z,28.41,28.7,28.38,28.67,257000
2024-05-13T19:00:00Z,28.68,28.68,28.46,28.52,323100
2024-05-14T13:00:00Z,28.51,28.68,28.4,28.6,183200
2024-05-14T14:00:00Z,28.62,28.62,28.44,28.56,201600
2024-05-14T15:00:00Z,28.56,28.59,28.48,28.59,149700
2024-05-14T16:00:00Z,28.59,28.64,28.54,28.56,123100
2024-05-14T17:00:00Z,28.58,28.6,28.41,28.44,215500
2024-05-14T18:00:00Z,28.47,28.63,28.47,28.58,277400
2024-05-14T19:00:00Z,28.58,28.63,28.51,28.6,328900
2024-05-15T13:00:00Z,28.59,28.59,27.85,28.14,1522500
2024-05-15T14:00:00Z,28.14,28.17,27.9,28.05,707000
2024-05-15T15:00:00Z,28.06,28.1,27.97,28.02,394700
2024-05-15T16:00:00Z,28.03,28.05,27.95,27.98,335300
2024-05-15T17:00:00Z,27.98,27.98,27.88,27.95,454800
2024-05-15T18:00:00Z,27.97,28.07,27.94,27.97,572900
2024-05-15T19:00:00Z,27.96,28.1,27.92,28.06,1171300
2024-05-16T13:00:00Z,28.29,28.36,27.96,27.96,271200
2024-05-16T14:00:00Z,27.98,28.07,27.88,28.06,355100
2024-05-16T15:00:00Z,28.07,28.08,27.99,28.05,200700
2024-05-16T16:00:00Z,28.06,28.09,28,28.08,219500
2024-05-16T17:00:00Z,28.08,28.1,27.92,27.94,267300
2024-05-16T18:00:00Z,27.96,27.99,27.88,27.95,344800
2024-05-16T19:00:00Z,27.96,28.02,27.92,28.02,371900
2024-05-17T13:00:00Z,27.93,28.02,27.61,27.63,588500
2024-05-17T14:00:00Z,27.63,27.79,27.63,27.72,486000
2024-05-17T15:00:00Z,27.71,27.78,27.69,27.77,352900
2024-05-17T16:00:00Z,27.77,27.82,27.72,27.72,282100
2024-05-17T17:00:00Z,27.72,27.72,27.62,27.63,436900
2024-05-17T18:00:00Z,27.65,27.67,27.55,27.55,487200
2024-05-17T19:00:00Z,27.55,27.8,27.55,27.7,759200
2024-05-20T13:00:00Z,27.63,27.73,27.54,27.7,286800
2024-05-20T14:00:00Z,27.7,27.95,27.59,27.9,355900
2024-05-20T15:00:00Z,27.9,28.13,27.78,28.06,663800
2024-05-20T16:00:00Z,28.06,28.14,27.98,28.1,347600
2024-05-20T17:00:00Z,28.1,28.11,27.78,27.81,381000
2024-05-20T18:00:00Z,27.81,27.85,27.73,27.8,363900
2024-05-20T19:00:00Z,27.8,27.85,27.75,27.78,498400
2024-05-21T13:00:00Z,27.85,27.85,27.51,27.51,379100
2024-05-21T14:00:00Z,27.51,27.82,27.49,27.65,791500
2024-05-21T15:00:00Z,27.64,27.71,27.54,27.68,309800
2024-05-21T16:00:00Z,27.67,27.86,27.64,27.86,515100
2024-05-21T17:00:00Z,27.86,28.07,27.82,28.04,556700
2024-05-21T18:00:00Z,28.05,28.11,27.9,28.1,951800
2024-05-21T19:00:00Z,28.1,28.19,28.03,28.14,715600
2024-05-22T13:00:00Z,27.81,28.28,27.78,28.25,779900
2024-05-22T14:00:00Z,28.24,28.34,27.94,28.01,799400
2024-05-22T15:00:00Z,28,28.16,27.99,28.14,532600
2024-05-22T16:00:00Z,28.13,28.28,28.05,28.07,488000
2024-05-22T17:00:00Z,28.07,28.18,28.03,28.15,561000
2024-05-22T18:00:00Z,28.17,28.18,28.01,28.09,706400
2024-05-22T19:00:00Z,28.09,28.11,27.99,28.07,908400
2024-05-23T13:00:00Z,27.96,28.09,27.89,27.99,473900
2024-05-23T14:00:00Z,28,28.02,27.82,27.9,533800
2024-05-23T15:00:00Z,27.9,27.98,27.88,27.94,342900
2024-05-23T16:00:00Z,27.96,28,27.91,28,288000
2024-05-23T17:00:00Z,28,28.17,27.99,28.02,567400
2024-05-23T18:00:00Z,28.03,28.06,27.9,28.05,687100
2024-05-23T19:00:00Z,28.06,28.19,28.05,28.15,997500
2024-05-24T13:00:00Z,27.97,28.03,27.61,27.72,914900
2024-05-24T14:00:00Z,27.72,27.94,27.64,27.9,688000
2024-05-24T15:00:00Z,27.89,27.94,27.7,27.79,549500
2024-05-24T16:00:00Z,27.79,27.92,27.75,27.85,479900
2024-05-24T17:00:00Z,27.85,27.96,27.84,27.94,483400
2024-05-24T18:00:00Z,27.94,28.02,27.88,28.01,624300
2024-05-24T19:00:00Z,28.01,28.17,27.99,28.16,854400
2024-05-27T13:00:00Z,27.95,27.95,27.75,27.83,503400
2024-05-27T14:00:00Z,27.82,27.84,27.65,27.79,424200
2024-05-27T15:00:00Z,27.8,27.8,27.72,27.75,293100
2024-05-27T16:00:00Z,27.76,27.89,27.73,27.86,216100
2024-05-27T17:00:00Z,27.85,27.9,27.69,27.7,349800
2024-05-27T18:00:00Z,27.71,27.77,27.62,27.64,354500
2024-05-27T19:00:00Z,27.63,27.7,27.62,27.69,482600
2024-05-28T13:00:00Z,27.67,28.02,27.67,27.9,336800
2024-05-28T14:00:00Z,27.89,28.03,27.82,27.93,314200
2024-05-28T15:00:00Z,27.93,28,27.88,27.96,226200
2024-05-28T16:00:00Z,27.97,28,27.89,27.92,310000
2024-05-28T17:00:00Z,27.92,27.99,27.84,27.9,526000
2024-05-28T18:00:00Z,27.88,27.98,27.86,27.95,411300
2024-05-28T19:00:00Z,27.97,27.99,27.78,27.99,827500
2024-05-29T13:00:00Z,27.67,27.75,27.4,27.48,637400
2024-05-29T14:00:00Z,27.48,27.48,27.22,27.37,825200
2024-05-29T15:00:00Z,27.36,27.5,27.31,27.47,472000
2024-05-29T16:00:00Z,27.47,27.6,27.43,27.59,457300
2024-05-29T17:00:00Z,27.59,27.63,27.53,27.56,528800
2024-05-29T18:00:00Z,27.56,27.73,27.55,27.72,610600
2024-05-29T19:00:00Z,27.72,27.77,27.57,27.75,909100
2024-05-31T13:00:00Z,27.59,27.95,27.35,27.78,1585000
2024-05-31T14:00:00Z,27.79,28.04,27.78,28.02,1313000
2024-05-31T15:00:00Z,28.02,28.27,27.92,28.2,1806200
2024-05-31T16:00:00Z,28.18,28.22,27.99,28.13,1293500
2024-05-31T17:00:00Z,28.14,28.34,28.13,28.25,1018200
2024-05-31T18:00:00Z,28.25,28.26,27.95,27.97,1336300
2024-05-31T19:00:00Z,27.97,28.17,27.93,28.15,2212700
2024-06-03T13:00:00Z,27.82,28.09,27.71,27.82,500100
2024-06-03T14:00:00Z,27.82,28.02,27.74,27.98,277500
2024-06-03T15:00:00Z,27.97,27.99,27.76,27.81,175800
2024-06-03T16:00:00Z,27.82,27.86,27.58,27.61,224500
2024-06-03T17:00:00Z,27.6,27.69,27.51,27.64,351200
2024-06-03T18:00:00Z,27.63,27.74,27.61,27.7,248600
2024-06-03T19:00:00Z,27.69,27.89,27.68,27.8,593800
2024-06-04T13:00:00Z,27.62,27.85,27.49,27.57,450900
2024-06-04T14:00:00Z,27.57,27.63,27.47,27.55,1189700
2024-06-04T15:00:00Z,27.54,27.56,27.44,27.45,155200
2024-06-04T16:00:00Z,27.45,27.46,27.27,27.32,313400
2024-06-04T17:00:00Z,27.32,27.34,27.22,27.29,410900
2024-06-04T18:00:00Z,27.27,27.39,27.25,27.26,640900
2024-06-04T19:00:00Z,27.26,27.32,27.17,27.22,385000
2024-06-05T13:00:00Z,27.2,27.24,26.92,26.95,264800
2024-06-05T14:00:00Z,26.94,26.94,26.74,26.83,357000
2024-06-05T15:00:00Z,26.81,26.97,26.74,26.93,539500
2024-06-05T16:00:00Z,26.95,26.95,26.76,26.84,361800
2024-06-05T17:00:00Z,26.85,26.94,26.8,26.92,1287500
2024-06-05T18:00:00Z,26.92,26.93,26.81,26.88,517700
2024-06-05T19:00:00Z,26.87,26.91,26.82,26.83,502400
2024-06-06T13:00:00Z,26.82,27.33,26.8,27.31,378100
2024-06-06T14:00:00Z,27.32,27.32,27.03,27.13,509900
2024-06-06T15:00:00Z,27.13,27.33,27.13,27.26,274700
2024-06-06T16:00:00Z,27.26,27.33,27.16,27.3,325200
2024-06-06T17:00:00Z,27.3,27.52,27.29,27.46,775300
2024-06-06T18:00:00Z,27.47,27.48,27.35,27.35,459800
2024-06-06T19:00:00Z,27.35,27.49,27.33,27.49,538700
2024-06-07T13:00:00Z,27.24,27.47,27.22,27.37,683500
2024-06-07T14:00:00Z,27.36,27.43,27.11,27.17,919500
2024-06-07T15:00:00Z,27.16,27.3,27.13,27.16,632100
2024-06-07T16:00:00Z,27.16,27.25,26.99,27.14,794100
2024-06-07T17:00:00Z,27.14,27.44,27.11,27.33,829500
2024-06-07T18:00:00Z,27.33,27.38,27.14,27.16,887100
2024-06-07T19:00:00Z,27.15,27.22,27.03,27.17,656000
2024-06-10T13:00:00Z,27.18,27.24,26.98,27.08,1777300
2024-06-10T14:00:00Z,27.08,27.14,26.99,27.05,605300
2024-06-10T15:00:00Z,27.05,27.07,26.98,27.04,349400
2024-06-10T16:00:00Z,27.03,27.07,26.98,27,138800
2024-06-10T17:00:00Z,26.99,27.03,26.93,26.93,195600
2024-06-10T18:00:00Z,26.93,27.06,26.93,27.04,299200
2024-06-10T19:00:00Z,27.04,27.07,26.98,27.06,200400
2024-06-11T13:00:00Z,27.07,27.22,26.96,27.11,263700
2024-06-11T14:00:00Z,27.11,27.18,27.04,27.07,176300
2024-06-11T15:00:00Z,27.07,27.13,26.99,27.1,355200
2024-06-11T16:00:00Z,27.09,27.14,27.04,27.05,221800
2024-06-11T17:00:00Z,27.05,27.15,27,27.02,328600
2024-06-11T18:00:00Z,27.02,27.1,27,27.05,232800
2024-06-11T19:00:00Z,27.05,27.1,27.01,27.02,314900
2024-06-12T13:00:00Z,27.11,27.14,26.84,26.87,637800
2024-06-12T14:00:00Z,26.85,26.87,26.7,26.75,435600
2024-06-12T15:00:00Z,26.75,26.89,26.62,26.86,420900
2024-06-12T16:00:00Z,26.84,26.99,26.79,26.91,367200
2024-06-12T17:00:00Z,26.91,26.98,26.84,26.93,507000
2024-06-12T18:00:00Z,26.95,27.01,26.84,27,451000
2024-06-12T19:00:00Z,27,27.03,26.91,26.95,426200
2024-06-13T13:00:00Z,27.03,27.03,26.87,26.91,107400
2024-06-13T14:00:00Z,26.91,27.07,26.85,26.91,196300
2024-06-13T15:00:00Z,26.91,27.02,26.81,26.98,603400
2024-06-13T16:00:00Z,27,27,26.82,26.86,124400
2024-06-13T17:00:00Z,26.86,26.96,26.86,26.91,107400
2024-06-13T18:00:00Z,26.91,26.93,26.85,26.9,162300
2024-06-13T19:00:00Z,26.9,26.99,26.89,26.97,394800
2024-06-14T13:00:00Z,26.81,26.9,26.71,26.83,155500
2024-06-14T14:00:00Z,26.82,26.96,26.8,26.96,135200
2024-06-14T15:00:00Z,26.96,27.04,26.88,26.95,94000
2024-06-14T16:00:00Z,26.94,27.01,26.89,26.97,110700
2024-06-14T17:00:00Z,26.96,26.99,26.83,26.85,112500
2024-06-14T18:00:00Z,26.83,27.08,26.81,27.02,216500
2024-06-14T19:00:00Z,27,27.08,26.99,27.08,318000
2024-06-17T13:00:00Z,26.96,27.26,26.96,27.09,209000
2024-06-17T14:00:00Z,27.1,27.27,27.07,27.25,273900
2024-06-17T15:00:00Z,27.25,27.32,27.16,27.29,196800
2024-06-17T16:00:00Z,27.26,27.37,27.24,27.37,150100
2024-06-17T17:00:00Z,27.37,27.38,27.23,27.34,308800
2024-06-17T18:00:00Z,27.32,27.51,27.32,27.35,336200
2024-06-17T19:00:00Z,27.35,27.47,27.28,27.47,679800
2024-06-18T13:00:00Z,27.5,27.69,27.33,27.67,848100
2024-06-18T14:00:00Z,27.69,27.78,27.41,27.43,406600
2024-06-18T15:00:00Z,27.43,27.5,27.37,27.43,326600
2024-06-18T16:00:00Z,27.4,27.47,27.38,27.4,865300
2024-06-18T17:00:00Z,27.4,27.43,27.35,27.38,102000
2024-06-18T18:00:00Z,27.37,27.45,27.36,27.39,191400
2024-06-18T19:00:00Z,27.39,27.58,27.36,27.56,360900
2024-06-19T13:00:00Z,27.44,27.49,27.17,27.29,98900
2024-06-19T14:00:00Z,27.26,27.38,27.23,27.32,61900
2024-06-19T15:00:00Z,27.32,27.51,27.3,27.43,50600
2024-06-19T16:00:00Z,27.43,27.51,27.42,27.45,59800
2024-06-19T17:00:00Z,27.43,27.5,27.36,27.48,179200
2024-06-19T18:00:00Z,27.45,27.64,27.44,27.56,79400
2024-06-19T19:00:00Z,27.57,27.72,27.46,27.62,233100
2024-06-20T13:00:00Z,27.9,28,27.56,27.65,166700
2024-06-20T14:00:00Z,27.65,27.68,27.42,27.47,214500
2024-06-20T15:00:00Z,27.47,27.51,27.35,27.39,198800
2024-06-20T16:00:00Z,27.39,27.5,27.35,27.42,178700
2024-06-20T17:00:00Z,27.42,27.51,27.42,27.49,71600
2024-06-20T18:00:00Z,27.47,27.56,27.45,27.55,54500
2024-06-20T19:00:00Z,27.54,27.61,27.47,27.59,320900
2024-06-21T13:00:00Z,27.4,27.47,27.28,27.4,476200
2024-06-21T14:00:00Z,27.4,27.59,27.35,27.47,770500
2024-06-21T15:00:00Z,27.47,27.52,27.31,27.4,877700
2024-06-21T16:00:00Z,27.4,27.42,27.32,27.36,422300
2024-06-21T17:00:00Z,27.36,27.43,27.32,27.39,535100
2024-06-21T18:00:00Z,27.39,27.45,27.33,27.44,725000
2024-06-21T19:00:00Z,27.45,27.49,27.39,27.43,510900
2024-06-24T13:00:00Z,27.6,28,27.4,27.98,410100
2024-06-24T14:00:00Z,27.95,28.23,27.93,28.21,716600
2024-06-24T15:00:00Z,28.22,28.24,27.97,28.03,497300
2024-06-24T16:00:00Z,28.02,28.08,27.93,28.02,392300
2024-06-24T17:00:00Z,28.02,28.07,27.96,28.04,382600
2024-06-24T18:00:00Z,28.03,28.05,27.9,27.91,514300
2024-06-24T19:00:00Z,27.92,27.98,27.89,27.96,463500
2024-06-25T13:00:00Z,27.81,27.85,27.62,27.66,459900
2024-06-25T14:00:00Z,27.66,27.68,27.5,27.57,342800
2024-06-25T15:00:00Z,27.56,27.76,27.56,27.76,406600
2024-06-25T16:00:00Z,27.76,27.84,27.67,27.83,276600
2024-06-25T17:00:00Z,27.84,27.84,27.75,27.81,202000
2024-06-25T18:00:00Z,27.82,27.86,27.75,27.84,273400
2024-06-25T19:00:00Z,27.86,27.91,27.8,27.89,493600
2024-06-26T13:00:00Z,27.64,27.74,27.31,27.31,577700
2024-06-26T14:00:00Z,27.31,27.4,27.04,27.1,837100
2024-06-26T15:00:00Z,27.09,27.29,27.05,27.26,489300
2024-06-26T16:00:00Z,27.26,27.36,27.22,27.24,463200
2024-06-26T17:00:00Z,27.23,27.37,27.22,27.37,927400
2024-06-26T18:00:00Z,27.36,27.47,27.34,27.39,496300
2024-06-26T19:00:00Z,27.38,27.54,27.38,27.5,633000
2024-06-27T13:00:00Z,27.52,27.52,27.25,27.46,303000
2024-06-27T14:00:00Z,27.47,27.54,27.32,27.32,154700
2024-06-27T15:00:00Z,27.32,27.44,27.3,27.44,152600
2024-06-27T16:00:00Z,27.42,27.54,27.33,27.36,363500
2024-06-27T17:00:00Z,27.37,27.54,27.32,27.51,389200
2024-06-27T18:00:00Z,27.51,27.8,27.5,27.78,277600
2024-06-27T19:00:00Z,27.78,27.79,27.71,27.71,378200
2024-06-28T13:00:00Z,27.68,27.69,27.4,27.45,262900
2024-06-28T14:00:00Z,27.43,27.56,27.42,27.56,218300
2024-06-28T15:00:00Z,27.55,27.61,27.5,27.54,183900
2024-06-28T16:00:00Z,27.54,27.59,27.49,27.54,144900
2024-06-28T17:00:00Z,27.53,27.66,27.52,27.64,189000
2024-06-28T18:00:00Z,27.64,27.69,27.54,27.58,234600
2024-06-28T19:00:00Z,27.58,27.6,27.44,27.57,601400
2024-07-01T13:00:00Z,27.5,27.59,27.26,27.44,253900
2024-07-01T14:00:00Z,27.46,27.52,27.37,27.46,195100
2024-07-01T15:00:00Z,27.46,27.56,27.44,27.49,205700
2024-07-01T16:00:00Z,27.49,27.5,27.4,27.41,191100
2024-07-01T17:00:00Z,27.41,27.47,27.38,27.4,208500
2024-07-01T18:00:00Z,27.4,27.43,27.28,27.29,274200
2024-07-01T19:00:00Z,27.29,27.38,27.25,27.37,362600
2024-07-02T13:00:00Z,27.36,27.45,27.2,27.37,287300
2024-07-02T14:00:00Z,27.39,27.48,27.28,27.3,245100
2024-07-02T15:00:00Z,27.31,27.36,27.27,27.33,214800
2024-07-02T16:00:00Z,27.33,27.39,27.26,27.28,188200
2024-07-02T17:00:00Z,27.29,27.45,27.28,27.4,172000
2024-07-02T18:00:00Z,27.4,27.43,27.37,27.42,173400
2024-07-02T19:00:00Z,27.41,27.54,27.4,27.51,315000
2024-07-03T13:00:00Z,27.54,27.55,27.29,27.32,214200
2024-07-03T14:00:00Z,27.34,27.51,27.33,27.49,221000
2024-07-03T15:00:00Z,27.48,27.57,27.45,27.52,202500
2024-07-03T16:00:00Z,27.52,27.76,27.51,27.68,206400
2024-07-03T17:00:00Z,27.7,27.7,27.51,27.61,153800
2024-07-03T18:00:00Z,27.59,27.63,27.53,27.59,156200
2024-07-03T19:00:00Z,27.59,27.67,27.55,27.59,214900
2024-07-04T13:00:00Z,27.8,28,27.72,27.89,222300
2024-07-04T14:00:00Z,27.86,27.95,27.71,27.72,57600
2024-07-04T15:00:00Z,27.73,27.81,27.71,27.74,45700
2024-07-04T16:00:00Z,27.74,27.82,27.7,27.81,112600
2024-07-04T17:00:00Z,27.8,27.86,27.72,27.78,101800
2024-07-04T18:00:00Z,27.77,27.77,27.55,27.66,79400
2024-07-04T19:00:00Z,27.65,27.75,27.61,27.61,215800
2024-07-05T13:00:00Z,27.65,27.68,27.23,27.26,236400
2024-07-05T14:00:00Z,27.26,27.32,27.18,27.22,258500
2024-07-05T15:00:00Z,27.21,27.26,27.19,27.23,153100
2024-07-05T16:00:00Z,27.23,27.29,27.2,27.22,154400
2024-07-05T17:00:00Z,27.22,27.36,27.14,27.34,358000
2024-07-05T18:00:00Z,27.33,27.45,27.31,27.43,399000
2024-07-05T19:00:00Z,27.42,27.44,27.17,27.2,1513200
2024-07-08T13:00:00Z,27.55,27.55,27.03,27.08,1112200
2024-07-08T14:00:00Z,27.08,27.15,26.82,26.88,958900
2024-07-08T15:00:00Z,26.88,26.91,26.72,26.74,510800
2024-07-08T16:00:00Z,26.75,26.8,26.65,26.67,331300
2024-07-08T17:00:00Z,26.66,26.74,26.62,26.7,362900
2024-07-08T18:00:00Z,26.71,26.75,26.6,26.66,652200
2024-07-08T19:00:00Z,26.67,26.77,26.57,26.6,1188400
2024-07-09T13:00:00Z,26.56,26.65,26.3,26.37,683000
2024-07-09T14:00:00Z,26.37,26.54,26.34,26.53,770700
2024-07-09T15:00:00Z,26.52,26.64,26.38,26.61,836600
2024-07-09T16:00:00Z,26.6,26.7,26.54,26.63,520500
2024-07-09T17:00:00Z,26.62,26.73,26.55,26.7,816600
2024-07-09T18:00:00Z,26.7,26.74,26.58,26.59,688100
2024-07-09T19:00:00Z,26.6,26.69,26.58,26.67,794900
2024-07-10T13:00:00Z,26.85,27.05,26.76,26.95,317700
2024-07-10T14:00:00Z,26.94,27.2,26.91,27.18,488100
2024-07-10T15:00:00Z,27.18,27.26,27.13,27.21,241800
2024-07-10T16:00:00Z,27.2,27.37,27.14,27.32,324700
2024-07-10T17:00:00Z,27.32,27.63,27.3,27.57,526500
2024-07-10T18:00:00Z,27.58,27.65,27.4,27.59,779900
2024-07-10T19:00:00Z,27.59,27.79,27.59,27.64,828400
2024-07-11T13:00:00Z,27.86,28.26,27.86,28.21,444400
2024-07-11T14:00:00Z,28.23,28.27,28.11,28.19,791300
2024-07-11T15:00:00Z,28.18,28.2,28.13,28.13,253700
2024-07-11T16:00:00Z,28.14,28.38,28.12,28.3,742600
2024-07-11T17:00:00Z,28.29,28.58,28.27,28.48,823800
2024-07-11T18:00:00Z,28.46,28.5,28.36,28.49,469900
2024-07-11T19:00:00Z,28.49,28.53,28.43,28.45,597800
2024-07-12T13:00:00Z,28.64,28.65,28.38,28.49,184700
2024-07-12T14:00:00Z,28.51,28.55,28.41,28.44,92400
2024-07-12T15:00:00Z,28.45,28.48,28.39,28.41,79800
2024-07-12T16:00:00Z,28.41,28.52,28.36,28.5,129600
2024-07-12T17:00:00Z,28.49,28.49,28.41,28.43,87300
2024-07-12T18:00:00Z,28.42,28.5,28.42,28.49,90900
2024-07-12T19:00:00Z,28.48,28.54,28.47,28.54,137900
2024-07-15T13:00:00Z,28.47,28.49,28.26,28.26,206200
2024-07-15T14:00:00Z,28.26,28.29,28.1,28.16,205600
2024-07-15T15:00:00Z,28.16,28.32,28.14,28.24,156900
2024-07-15T16:00:00Z,28.24,28.28,28.19,28.24,108900
2024-07-15T17:00:00Z,28.24,28.25,28.19,28.2,68800
2024-07-15T18:00:00Z,28.2,28.4,28.18,28.36,721900
2024-07-15T19:00:00Z,28.36,28.46,28.33,28.42,336500
2024-07-16T13:00:00Z,28.34,28.47,28.34,28.45,75100
2024-07-16T14:00:00Z,28.42,28.56,28.42,28.54,118800
2024-07-16T15:00:00Z,28.54,28.58,28.43,28.48,117400
2024-07-16T16:00:00Z,28.47,28.54,28.44,28.51,74500
2024-07-16T17:00:00Z,28.5,28.59,28.48,28.54,146200
2024-07-16T18:00:00Z,28.56,28.67,28.54,28.63,187100
2024-07-16T19:00:00Z,28.63,28.7,28.57,28.57,230100
2024-07-17T13:00:00Z,28.61,28.84,28.53,28.81,223100
2024-07-17T14:00:00Z,28.8,28.99,28.8,28.93,387500
2024-07-17T15:00:00Z,28.93,29.04,28.87,28.88,801000
2024-07-17T16:00:00Z,28.87,28.9,28.76,28.82,437600
2024-07-17T17:00:00Z,28.84,29.12,28.82,29.09,837100
2024-07-17T18:00:00Z,29.11,29.15,29.04,29.13,349500
2024-07-17T19:00:00Z,29.13,29.13,29,29.05,390100
2024-07-18T13:00:00Z,29.09,29.09,28.88,28.89,275500
2024-07-18T14:00:00Z,28.91,28.97,28.76,28.95,235100
2024-07-18T15:00:00Z,28.94,29,28.89,28.98,112300
2024-07-18T16:00:00Z,28.97,28.99,28.87,28.89,75600
2024-07-18T17:00:00Z,28.89,28.93,28.84,28.93,72700
2024-07-18T18:00:00Z,28.93,28.99,28.87,28.97,214200
2024-07-18T19:00:00Z,28.97,29.02,28.9,28.94,227500
2024-07-19T13:00:00Z,29.09,29.19,28.91,29.07,106600
2024-07-19T14:00:00Z,29.09,29.14,29.02,29.06,87200
2024-07-19T15:00:00Z,29.05,29.1,29,29.1,84900
2024-07-19T16:00:00Z,29.1,29.13,29.03,29.13,102600
2024-07-19T17:00:00Z,29.11,29.2,29.1,29.16,2781300
2024-07-19T18:00:00Z,29.16,29.2,29.12,29.12,1736900
2024-07-19T19:00:00Z,29.12,29.15,29.02,29.11,521500
2024-07-22T13:00:00Z,28.62,28.64,28.43,28.56,271100
2024-07-22T14:00:00Z,28.58,28.78,28.52,28.71,394100
2024-07-22T15:00:00Z,28.72,28.79,28.65,28.77,195600
2024-07-22T16:00:00Z,28.77,28.79,28.68,28.78,133100
2024-07-22T17:00:00Z,28.78,28.85,28.71,28.72,158400
2024-07-22T18:00:00Z,28.71,28.73,28.6,28.66,202000
2024-07-22T19:00:00Z,28.65,28.84,28.63,28.69,416800
2024-07-23T13:00:00Z,28.7,28.88,28.5,28.53,111500
2024-07-23T14:00:00Z,28.52,28.57,28.34,28.36,301700
2024-07-23T15:00:00Z,28.37,28.55,28.35,28.42,235500
2024-07-23T16:00:00Z,28.42,28.46,28.37,28.41,143500
2024-07-23T17:00:00Z,28.42,28.43,28.24,28.26,409900
2024-07-23T18:00:00Z,28.28,28.37,28.23,28.32,499400
2024-07-23T19:00:00Z,28.31,28.47,28.19,28.26,669500
2024-07-24T13:00:00Z,28.73,29.17,28.35,28.45,1957700
2024-07-24T14:00:00Z,28.43,28.46,28.14,28.28,770500
2024-07-24T15:00:00Z,28.27,28.42,28.25,28.32,537800
2024-07-24T16:00:00Z,28.3,28.38,28.25,28.29,658700
2024-07-24T17:00:00Z,28.28,28.41,28.25,28.39,666700
2024-07-24T18:00:00Z,28.38,28.43,28.33,28.38,687700
2024-07-24T19:00:00Z,28.38,28.53,28.25,28.39,1055000
2024-07-25T13:00:00Z,28.38,28.41,28.1,28.24,417200
2024-07-25T14:00:00Z,28.23,28.3,28.18,28.23,230800
2024-07-25T15:00:00Z,28.24,28.27,28.03,28.06,334100
2024-07-25T16:00:00Z,28.05,28.2,27.97,28.09,737700
2024-07-25T17:00:00Z,28.1,28.1,27.95,27.96,1131800
2024-07-25T18:00:00Z,27.96,27.99,27.63,27.63,861200
2024-07-25T19:00:00Z,27.64,27.8,27.6,27.75,515000
2024-07-26T13:00:00Z,27.73,27.76,27.53,27.62,354500
2024-07-26T14:00:00Z,27.59,27.77,27.57,27.74,263100
2024-07-26T15:00:00Z,27.73,27.86,27.73,27.86,131200
2024-07-26T16:00:00Z,27.86,28.01,27.84,27.94,230600
2024-07-26T17:00:00Z,27.95,28.13,27.91,28.07,217300
2024-07-26T18:00:00Z,28.09,28.12,28.01,28.07,113900
2024-07-26T19:00:00Z,28.07,28.25,28.02,28.25,298600
2024-07-29T13:00:00Z,27.92,28.13,27.92,28.13,262600
2024-07-29T14:00:00Z,28.13,28.17,28,28.07,156000
2024-07-29T15:00:00Z,28.08,28.22,28.07,28.17,2410000
2024-07-29T16:00:00Z,28.18,28.28,28.18,28.26,77300
2024-07-29T17:00:00Z,28.27,28.27,28.17,28.24,75700
2024-07-29T18:00:00Z,28.24,28.36,28.16,28.34,117200
2024-07-29T19:00:00Z,28.35,28.55,28.3,28.54,420200
2024-07-30T13:00:00Z,28.32,28.68,28.26,28.66,310100
2024-07-30T14:00:00Z,28.64,28.92,28.59,28.89,500400
2024-07-30T15:00:00Z,28.89,28.91,28.81,28.81,182500
2024-07-30T16:00:00Z,28.8,28.86,28.74,28.8,269600
2024-07-30T17:00:00Z,28.81,28.96,28.76,28.91,451000
2024-07-30T18:00:00Z,28.91,29.02,28.81,28.86,660100
2024-07-30T19:00:00Z,28.85,28.97,28.81,28.9,456500
2024-07-31T13:00:00Z,28.85,28.91,28.64,28.71,152900
2024-07-31T14:00:00Z,28.71,28.79,28.65,28.71,148000
2024-07-31T15:00:00Z,28.72,28.72,28.57,28.62,182200
2024-07-31T16:00:00Z,28.62,28.75,28.6,28.69,1152600
2024-07-31T17:00:00Z,28.69,28.74,28.57,28.64,167700
2024-07-31T18:00:00Z,28.64,28.8,28.61,28.71,385100
2024-07-31T19:00:00Z,28.71,28.75,28.55,28.55,441900
2024-08-01T13:00:00Z,28.79,29.13,28.66,28.98,843200
2024-08-01T14:00:00Z,29,29.35,28.97,29.23,1059200
2024-08-01T15:00:00Z,29.23,29.25,28.86,28.93,371100
2024-08-01T16:00:00Z,28.93,29.23,28.89,29.19,654400
2024-08-01T17:00:00Z,29.19,29.24,29.03,29.03,407000
2024-08-01T18:00:00Z,29.03,29.06,28.88,28.91,425200
2024-08-01T19:00:00Z,28.89,29.41,28.89,29.22,945500
2024-08-02T13:00:00Z,29.01,29.12,28.77,28.83,204700
2024-08-02T14:00:00Z,28.84,28.9,28.74,28.82,134200
2024-08-02T15:00:00Z,28.8,28.82,28.64,28.7,268600
2024-08-02T16:00:00Z,28.71,28.72,28.39,28.47,273800
2024-08-02T17:00:00Z,28.46,28.46,28.24,28.25,160900
2024-08-02T18:00:00Z,28.25,28.3,28.09,28.28,402800
2024-08-02T19:00:00Z,28.28,28.36,28.25,28.26,585100
2024-08-05T13:00:00Z,27.71,28.18,27.63,27.94,466500
2024-08-05T14:00:00Z,27.93,28.05,27.84,27.95,249200
2024-08-05T15:00:00Z,27.96,28.21,27.91,28.03,277800
2024-08-05T16:00:00Z,28.04,28.37,27.99,28.36,200800
2024-08-05T17:00:00Z,28.36,28.63,28.35,28.52,424900
2024-08-05T18:00:00Z,28.53,28.57,28.4,28.48,219100
2024-08-05T19:00:00Z,28.48,28.54,28.39,28.44,227600
2024-08-06T13:00:00Z,28.4,28.49,28.27,28.33,213000
2024-08-06T14:00:00Z,28.33,28.56,28.27,28.33,406700
2024-08-06T15:00:00Z,28.35,28.49,28.34,28.43,223700
2024-08-06T16:00:00Z,28.41,28.48,28.32,28.34,218600
2024-08-06T17:00:00Z,28.32,28.42,28.32,28.36,229400
2024-08-06T18:00:00Z,28.36,28.54,28.36,28.42,270400
2024-08-06T19:00:00Z,28.43,28.59,28.33,28.42,542600
2024-08-07T13:00:00Z,28.51,28.85,28.43,28.52,269900
2024-08-07T14:00:00Z,28.5,28.5,28.21,28.25,97700
2024-08-07T15:00:00Z,28.27,28.27,28.11,28.18,112400
2024-08-07T16:00:00Z,28.19,28.2,28.03,28.05,83400
2024-08-07T17:00:00Z,28.05,28.13,28,28.05,155000
2024-08-07T18:00:00Z,28.06,28.21,28.03,28.19,315900
2024-08-07T19:00:00Z,28.19,28.26,28.14,28.26,255400
2024-08-08T13:00:00Z,28,28.45,28,28.26,130600
2024-08-08T14:00:00Z,28.26,28.41,28.22,28.37,114100
2024-08-08T15:00:00Z,28.37,28.38,28.27,28.35,76800
2024-08-08T16:00:00Z,28.33,28.44,28.32,28.37,212700
2024-08-08T17:00:00Z,28.39,28.4,28.24,28.3,196900
2024-08-08T18:00:00Z,28.3,28.38,28.27,28.3,129400
2024-08-08T19:00:00Z,28.29,28.33,28.25,28.33,168000
2024-08-09T13:00:00Z,28.21,28.67,28.21,28.52,111700
2024-08-09T14:00:00Z,28.52,28.6,28.37,28.54,94200
2024-08-09T15:00:00Z,28.54,28.61,28.49,28.54,70700
2024-08-09T16:00:00Z,28.54,28.64,28.52,28.6,86200
2024-08-09T17:00:00Z,28.6,28.84,28.56,28.71,215900
2024-08-09T18:00:00Z,28.71,28.82,28.68,28.78,144500
2024-08-09T19:00:00Z,28.77,28.81,28.68,28.7,200900
2024-08-12T13:00:00Z,28.83,28.9,28.74,28.74,118200
2024-08-12T14:00:00Z,28.75,29.07,28.74,28.95,374800
2024-08-12T15:00:00Z,28.94,28.98,28.85,28.95,93600
2024-08-12T16:00:00Z,28.95,29.05,28.93,28.95,404900
2024-08-12T17:00:00Z,28.95,29.07,28.94,29,231900
2024-08-12T18:00:00Z,29.01,29.1,28.95,29.09,192900
2024-08-12T19:00:00Z,29.1,29.13,28.99,29.05,291500
2024-08-13T13:00:00Z,29.1,29.19,29.01,29.07,128500
2024-08-13T14:00:00Z,29.06,29.4,29.04,29.36,279000
2024-08-13T15:00:00Z,29.34,29.55,29.31,29.46,236800
2024-08-13T16:00:00Z,29.46,29.55,29.43,29.48,111200
2024-08-13T17:00:00Z,29.49,29.54,29.44,29.49,176000
2024-08-13T18:00:00Z,29.49,29.49,29.31,29.33,149900
2024-08-13T19:00:00Z,29.33,29.36,29.26,29.3,228700
2024-08-14T13:00:00Z,29.3,29.7,29.11,29.63,265400
2024-08-14T14:00:00Z,29.65,29.95,29.65,29.94,401500
2024-08-14T15:00:00Z,29.93,30.07,29.91,30.04,305500
2024-08-14T16:00:00Z,30.04,30.1,29.96,30.08,206400
2024-08-14T17:00:00Z,30.09,30.23,30.05,30.2,280600
2024-08-14T18:00:00Z,30.22,30.29,30.15,30.26,291800
2024-08-14T19:00:00Z,30.27,30.27,30.03,30.04,338100
2024-08-15T13:00:00Z,30,30.15,29.78,30.1,335300
2024-08-15T14:00:00Z,30.1,30.25,30.08,30.18,130100
2024-08-15T15:00:00Z,30.18,30.4,30.13,30.14,313200
2024-08-15T16:00:00Z,30.15,30.26,30.04,30.09,200700
2024-08-15T17:00:00Z,30.09,30.16,29.97,29.99,266000
2024-08-15T18:00:00Z,29.99,30.06,29.93,29.99,227600
2024-08-15T19:00:00Z,29.99,30.09,29.93,29.93,280200
2024-08-16T13:00:00Z,30.01,30.38,30.01,30.33,172700
2024-08-16T14:00:00Z,30.35,30.7,30.33,30.63,316300
2024-08-16T15:00:00Z,30.61,30.63,30.4,30.56,234500
2024-08-16T16:00:00Z,30.58,30.64,30.45,30.53,154900
2024-08-16T17:00:00Z,30.54,30.55,30.36,30.43,158600
2024-08-16T18:00:00Z,30.42,30.46,30.38,30.44,135100
2024-08-16T19:00:00Z,30.42,30.43,30.22,30.26,336900
2024-08-19T13:00:00Z,30.26,30.62,30.24,30.52,215700
2024-08-19T14:00:00Z,30.53,30.72,30.52,30.72,178000
2024-08-19T15:00:00Z,30.71,30.77,30.61,30.75,209500
2024-08-19T16:00:00Z,30.76,30.83,30.74,30.8,140600
2024-08-19T17:00:00Z,30.8,30.95,30.69,30.89,338600
2024-08-19T18:00:00Z,30.89,30.96,30.78,30.86,315900
2024-08-19T19:00:00Z,30.85,30.93,30.72,30.74,314700
2024-08-20T13:00:00Z,30.7,30.91,30.5,30.67,210300
2024-08-20T14:00:00Z,30.68,30.77,30.59,30.69,186600
2024-08-20T15:00:00Z,30.69,30.88,30.69,30.86,138700
2024-08-20T16:00:00Z,30.87,31.05,30.85,30.96,286500
2024-08-20T17:00:00Z,30.95,30.96,30.79,30.89,227900
2024-08-20T18:00:00Z,30.87,31.18,30.85,31.14,577200
2024-08-20T19:00:00Z,31.13,31.14,31.01,31.07,348500
2024-08-21T13:00:00Z,30.85,31.13,30.84,30.94,215300
2024-08-21T14:00:00Z,30.95,31.17,30.8,31.15,253100
2024-08-21T15:00:00Z,31.14,31.32,31.08,31.2,507700
2024-08-21T16:00:00Z,31.22,31.27,31.1,31.15,254100
2024-08-21T17:00:00Z,31.15,31.17,30.88,30.95,236400
2024-08-21T18:00:00Z,30.96,31.06,30.96,30.99,152400
2024-08-21T19:00:00Z,30.99,31,30.88,30.93,390800
2024-08-22T13:00:00Z,31,31,30.71,30.92,150500
2024-08-22T14:00:00Z,30.91,31,30.84,30.96,247500
2024-08-22T15:00:00Z,30.97,30.99,30.76,30.82,1201800
2024-08-22T16:00:00Z,30.8,30.9,30.75,30.78,221600
2024-08-22T17:00:00Z,30.79,31.02,30.78,30.95,420400
2024-08-22T18:00:00Z,30.95,30.99,30.75,30.99,335100
2024-08-22T19:00:00Z,30.99,31.07,30.85,30.85,497500
2024-08-23T13:00:00Z,31.1,31.36,30.98,31.25,126600
2024-08-23T14:00:00Z,31.23,31.55,31.21,31.51,194900
2024-08-23T15:00:00Z,31.51,31.62,31.45,31.58,399800
2024-08-23T16:00:00Z,31.57,31.62,31.47,31.58,195700
2024-08-23T17:00:00Z,31.59,31.61,31.36,31.41,745700
2024-08-23T18:00:00Z,31.41,31.5,31.39,31.48,250700
2024-08-23T19:00:00Z,31.48,31.51,31.33,31.4,172700
2024-08-26T13:00:00Z,31.24,31.44,30.9,31.41,544700
2024-08-26T14:00:00Z,31.41,31.54,31.22,31.37,906100
2024-08-26T15:00:00Z,31.37,31.43,31.25,31.32,170900
2024-08-26T16:00:00Z,31.31,31.47,31.31,31.34,132700
2024-08-26T17:00:00Z,31.33,31.43,31.3,31.34,1074400
2024-08-26T18:00:00Z,31.32,31.33,31.2,31.27,164800
2024-08-26T19:00:00Z,31.26,31.28,31.16,31.27,361200
2024-08-27T13:00:00Z,31.19,31.38,31.06,31.22,155900
2024-08-27T14:00:00Z,31.22,31.24,31.14,31.18,67500
2024-08-27T15:00:00Z,31.16,31.33,31.15,31.16,617300
2024-08-27T16:00:00Z,31.17,31.25,31.17,31.22,84000
2024-08-27T17:00:00Z,31.21,31.27,31.15,31.24,62500
2024-08-27T18:00:00Z,31.23,31.27,31.15,31.18,640700
2024-08-27T19:00:00Z,31.18,31.25,31.17,31.25,292700
2024-08-28T13:00:00Z,31.18,31.23,31,31.01,101300
2024-08-28T14:00:00Z,31.01,31.3,31,31.3,163400
2024-08-28T15:00:00Z,31.29,31.3,31.14,31.18,116000
2024-08-28T16:00:00Z,31.17,31.2,31.14,31.15,173800
2024-08-28T17:00:00Z,31.15,31.22,31.13,31.14,123200
2024-08-28T18:00:00Z,31.14,31.42,31.13,31.42,176500
2024-08-28T19:00:00Z,31.41,31.56,31.41,31.5,354700
2024-08-29T13:00:00Z,31.17,31.4,31.17,31.36,113400
2024-08-29T14:00:00Z,31.38,31.46,31.33,31.36,113200
2024-08-29T15:00:00Z,31.35,31.45,31.29,31.44,82200
2024-08-29T16:00:00Z,31.44,31.56,31.43,31.47,133400
2024-08-29T17:00:00Z,31.47,31.51,31.43,31.46,60600
2024-08-29T18:00:00Z,31.45,31.52,31.38,31.43,165400
2024-08-29T19:00:00Z,31.43,31.47,31.32,31.4,225800
2024-08-30T13:00:00Z,31.33,31.34,31.07,31.27,103600
2024-08-30T14:00:00Z,31.28,31.51,31.25,31.47,172100
2024-08-30T15:00:00Z,31.46,31.53,31.38,31.45,146800
2024-08-30T16:00:00Z,31.44,31.46,31.28,31.32,136000
2024-08-30T17:00:00Z,31.32,31.41,31.32,31.34,164800
2024-08-30T18:00:00Z,31.34,31.37,31.27,31.29,248000
2024-08-30T19:00:00Z,31.3,31.3,31.21,31.24,280200
2024-09-02T13:00:00Z,31.24,31.34,31.05,31.13,151800
2024-09-02T14:00:00Z,31.12,31.24,31.08,31.19,69000
2024-09-02T15:00:00Z,31.19,31.29,31.16,31.2,63600
2024-09-02T16:00:00Z,31.19,31.2,31.12,31.18,51000
2024-09-02T17:00:00Z,31.17,31.2,31.13,31.14,595100
2024-09-02T18:00:00Z,31.13,31.23,31.08,31.19,139900
2024-09-02T19:00:00Z,31.18,31.32,31.17,31.28,265700
2024-09-03T13:00:00Z,31.39,31.48,31.2,31.28,159100
2024-09-03T14:00:00Z,31.28,31.54,31.2,31.42,311100
2024-09-03T15:00:00Z,31.42,31.46,31.33,31.36,181400
2024-09-03T16:00:00Z,31.37,31.47,31.36,31.42,184800
2024-09-03T17:00:00Z,31.42,31.55,31.41,31.42,195700
2024-09-03T18:00:00Z,31.42,31.5,31.36,31.45,163200
2024-09-03T19:00:00Z,31.45,31.48,31.37,31.45,261500
2024-09-04T13:00:00Z,31.51,31.94,31.51,31.94,293000
2024-09-04T14:00:00Z,31.93,31.97,31.85,31.92,250700
2024-09-04T15:00:00Z,31.93,31.98,31.82,31.91,479200
2024-09-04T16:00:00Z,31.92,31.92,31.79,31.84,166300
2024-09-04T17:00:00Z,31.84,31.84,31.6,31.73,285700
2024-09-04T18:00:00Z,31.72,31.74,31.59,31.72,484400
2024-09-04T19:00:00Z,31.72,31.93,31.71,31.84,426200
2024-09-05T13:00:00Z,31.64,31.73,31.5,31.56,383700
2024-09-05T14:00:00Z,31.57,31.58,31.35,31.45,257000
2024-09-05T15:00:00Z,31.45,31.53,31.44,31.48,127900
2024-09-05T16:00:00Z,31.47,31.61,31.47,31.55,155800
2024-09-05T17:00:00Z,31.54,31.59,31.48,31.49,200500
2024-09-05T18:00:00Z,31.49,31.55,31.44,31.52,247600
2024-09-05T19:00:00Z,31.51,31.58,31.49,31.58,322100
2024-09-06T13:00:00Z,31.48,31.66,31.39,31.45,148000
2024-09-06T14:00:00Z,31.44,31.57,31.3,31.32,139200
2024-09-06T15:00:00Z,31.31,31.42,31.25,31.27,121400
2024-09-06T16:00:00Z,31.25,31.35,31.21,31.24,152900
2024-09-06T17:00:00Z,31.25,31.3,31.1,31.11,194400
2024-09-06T18:00:00Z,31.11,31.17,31.06,31.15,235800
2024-09-06T19:00:00Z,31.15,31.2,31.12,31.16,300800
2024-09-09T13:00:00Z,31.06,31.22,31,31.18,137800
2024-09-09T14:00:00Z,31.18,31.31,31.15,31.23,74900
2024-09-09T15:00:00Z,31.22,31.27,31.2,31.24,76300
2024-09-09T16:00:00Z,31.23,31.31,31.22,31.27,72400
2024-09-09T17:00:00Z,31.27,31.32,31.23,31.23,61700
2024-09-09T18:00:00Z,31.24,31.34,31.16,31.33,158200
2024-09-09T19:00:00Z,31.33,31.36,31.27,31.3,204500
2024-09-10T13:00:00Z,31.05,31.18,30.96,31.06,173000
2024-09-10T14:00:00Z,31.05,31.22,31.03,31.05,154600
2024-09-10T15:00:00Z,31.05,31.18,31.03,31.11,110600
2024-09-10T16:00:00Z,31.11,31.13,31.01,31.11,74400
2024-09-10T17:00:00Z,31.1,31.23,31.1,31.22,130500
2024-09-10T18:00:00Z,31.21,31.28,31.2,31.25,166600
2024-09-10T19:00:00Z,31.26,31.32,31.18,31.22,393200
2024-09-11T13:00:00Z,31.05,31.19,30.73,30.93,344400
2024-09-11T14:00:00Z,30.92,31.07,30.85,30.98,297500
2024-09-11T15:00:00Z,30.97,31.03,30.93,30.99,123700
2024-09-11T16:00:00Z,30.99,31.04,30.95,30.98,128600
2024-09-11T17:00:00Z,30.98,31.09,30.98,31,128400
2024-09-11T18:00:00Z,30.99,31.01,30.89,30.91,152600
2024-09-11T19:00:00Z,30.92,30.97,30.81,30.95,346600
2024-09-12T13:00:00Z,30.75,30.79,30.51,30.57,279200
2024-09-12T14:00:00Z,30.57,30.65,30.46,30.51,219500
2024-09-12T15:00:00Z,30.51,30.63,30.42,30.61,150000
2024-09-12T16:00:00Z,30.62,30.65,30.48,30.52,185500
2024-09-12T17:00:00Z,30.52,30.64,30.52,30.61,221700
2024-09-12T18:00:00Z,30.62,30.69,30.58,30.68,224900
2024-09-12T19:00:00Z,30.67,30.76,30.64,30.68,266200
2024-09-13T13:00:00Z,30.77,31,30.72,30.95,88100
2024-09-13T14:00:00Z,30.94,31.13,30.86,31.08,169400
2024-09-13T15:00:00Z,31.07,31.07,30.98,31.01,112900
2024-09-13T16:00:00Z,31.02,31.02,30.76,30.83,156500
2024-09-13T17:00:00Z,30.82,30.83,30.7,30.73,135200
2024-09-13T18:00:00Z,30.73,30.76,30.61,30.76,209500
2024-09-13T19:00:00Z,30.76,30.86,30.74,30.86,196400
2024-09-16T13:00:00Z,30.74,30.85,30.65,30.75,41400
2024-09-16T14:00:00Z,30.74,30.8,30.59,30.63,101300
2024-09-16T15:00:00Z,30.64,30.66,30.57,30.59,67900
2024-09-16T16:00:00Z,30.58,30.69,30.58,30.65,93800
2024-09-16T17:00:00Z,30.64,30.69,30.61,30.65,113600
2024-09-16T18:00:00Z,30.65,30.72,30.65,30.68,81800
2024-09-16T19:00:00Z,30.69,30.79,30.65,30.75,257800
2024-09-17T13:00:00Z,30.61,30.68,30.34,30.39,272000
2024-09-17T14:00:00Z,30.38,30.6,30.38,30.46,98600
2024-09-17T15:00:00Z,30.48,30.57,30.46,30.54,67800
2024-09-17T16:00:00Z,30.54,30.59,30.45,30.55,115700
2024-09-17T17:00:00Z,30.57,30.59,30.5,30.58,89800
2024-09-17T18:00:00Z,30.58,30.6,30.52,30.59,87800
2024-09-17T19:00:00Z,30.58,30.62,30.56,30.59,141700
2024-09-18T13:00:00Z,30.66,30.66,30.41,30.56,107300
2024-09-18T14:00:00Z,30.54,30.65,30.5,30.6,162400
2024-09-18T15:00:00Z,30.6,30.7,30.55,30.69,150100
2024-09-18T16:00:00Z,30.67,30.7,30.57,30.63,107400
2024-09-18T17:00:00Z,30.63,30.66,30.52,30.57,70800
2024-09-18T18:00:00Z,30.56,30.74,30.5,30.54,172300
2024-09-18T19:00:00Z,30.54,30.57,30.38,30.44,368400
2024-09-19T13:00:00Z,30.41,30.45,30.27,30.35,145100
2024-09-19T14:00:00Z,30.35,30.39,30.21,30.25,200500
2024-09-19T15:00:00Z,30.26,30.39,30.26,30.35,118800
2024-09-19T16:00:00Z,30.32,30.42,30.28,30.37,99600
2024-09-19T17:00:00Z,30.36,30.37,30.25,30.29,164600
2024-09-19T18:00:00Z,30.28,30.34,30.26,30.33,249600
2024-09-19T19:00:00Z,30.31,30.35,30.27,30.28,317200
2024-09-20T13:00:00Z,30.13,30.34,30,30.14,113400
2024-09-20T14:00:00Z,30.12,30.12,29.75,29.78,329900
2024-09-20T15:00:00Z,29.78,29.9,29.76,29.81,131300
2024-09-20T16:00:00Z,29.81,29.83,29.7,29.72,149500
2024-09-20T17:00:00Z,29.71,29.76,29.63,29.64,215200
2024-09-20T18:00:00Z,29.65,29.71,29.58,29.61,288300
2024-09-20T19:00:00Z,29.61,29.65,29.53,29.53,284700
2024-09-23T13:00:00Z,29.55,29.58,28.7,28.73,336600
2024-09-23T14:00:00Z,28.73,28.87,28.56,28.8,270200
2024-09-23T15:00:00Z,28.8,29.08,28.74,29.02,297000
2024-09-23T16:00:00Z,29.01,29.08,28.94,28.97,247600
2024-09-23T17:00:00Z,28.97,29.04,28.94,28.97,146900
2024-09-23T18:00:00Z,28.97,28.98,28.76,28.88,480600
2024-09-23T19:00:00Z,28.87,28.97,28.82,28.89,383600
2024-09-24T13:00:00Z,29.2,29.2,28.84,29.07,205600
2024-09-24T14:00:00Z,29.07,29.14,28.9,28.91,187600
2024-09-24T15:00:00Z,28.92,28.99,28.81,28.93,144200
2024-09-24T16:00:00Z,28.93,29.1,28.93,29.07,139100
2024-09-24T17:00:00Z,29.07,29.1,28.99,29.06,114100
2024-09-24T18:00:00Z,29.06,29.11,28.98,29.04,199200
2024-09-24T19:00:00Z,29.03,29.11,28.86,28.86,409600
2024-09-25T13:00:00Z,29.04,29.16,28.95,28.99,97700
2024-09-25T14:00:00Z,29.01,29.25,28.91,29.24,173700
2024-09-25T15:00:00Z,29.24,29.36,29.21,29.29,653400
2024-09-25T16:00:00Z,29.29,29.3,29.17,29.24,190900
2024-09-25T17:00:00Z,29.24,29.33,29.17,29.31,256000
2024-09-25T18:00:00Z,29.32,29.33,29.1,29.19,391700
2024-09-25T19:00:00Z,29.19,29.2,28.95,29.08,822200
2024-09-26T13:00:00Z,29.31,29.4,29.05,29.09,199000
2024-09-26T14:00:00Z,29.09,29.21,29.08,29.09,253800
2024-09-26T15:00:00Z,29.1,29.12,28.92,28.97,453200
2024-09-26T16:00:00Z,28.97,29.18,28.92,29.1,353000
2024-09-26T17:00:00Z,29.1,29.16,28.98,29.04,312400
2024-09-26T18:00:00Z,29.06,29.09,28.88,28.98,502600
2024-09-26T19:00:00Z,28.98,29.01,28.88,28.93,421100
2024-09-27T13:00:00Z,28.91,29,28.8,28.96,142900
2024-09-27T14:00:00Z,28.96,29.13,28.95,29.04,144200
2024-09-27T15:00:00Z,29.04,29.08,28.92,28.95,85200
2024-09-27T16:00:00Z,28.96,28.96,28.67,28.7,620700
2024-09-27T17:00:00Z,28.71,28.72,28.58,28.67,221600
2024-09-27T18:00:00Z,28.67,28.7,28.53,28.6,219600
2024-09-27T19:00:00Z,28.61,28.72,28.61,28.69,303300
2024-09-30T13:00:00Z,28.75,28.76,28.5,28.57,128400
2024-09-30T14:00:00Z,28.57,28.78,28.5,28.61,160800
2024-09-30T15:00:00Z,28.6,28.66,28.51,28.53,62400
2024-09-30T16:00:00Z,28.52,28.58,28.51,28.53,88300
2024-09-30T17:00:00Z,28.52,28.58,28.45,28.46,171600
2024-09-30T18:00:00Z,28.47,28.5,28.36,28.46,197000
2024-09-30T19:00:00Z,28.46,28.47,28.35,28.39,2363600
2024-10-01T13:00:00Z,28.4,28.46,28.18,28.28,191100
2024-10-01T14:00:00Z,28.27,28.56,28.22,28.55,172500
2024-10-01T15:00:00Z,28.55,28.73,28.48,28.68,135500
2024-10-01T16:00:00Z,28.67,28.73,28.59,28.64,146200
2024-10-01T17:00:00Z,28.63,28.63,28.45,28.58,667300
2024-10-01T18:00:00Z,28.58,28.7,28.55,28.6,159200
2024-10-01T19:00:00Z,28.6,28.6,28.46,28.54,236000
2024-10-02T13:00:00Z,28.81,29.21,28.72,29.13,602000
2024-10-02T14:00:00Z,29.13,29.21,29.12,29.13,318200
2024-10-02T15:00:00Z,29.14,29.18,29.03,29.18,183200
2024-10-02T16:00:00Z,29.17,29.19,29.05,29.05,106700
2024-10-02T17:00:00Z,29.05,29.13,29.04,29.1,151700
2024-10-02T18:00:00Z,29.1,29.18,29.01,29.13,258000
2024-10-02T19:00:00Z,29.12,29.13,29.02,29.06,257900
2024-10-03T13:00:00Z,29.09,29.09,28.69,28.75,459800
2024-10-03T14:00:00Z,28.74,28.74,28.27,28.27,368700
2024-10-03T15:00:00Z,28.28,28.42,28.25,28.36,205600
2024-10-03T16:00:00Z,28.36,28.47,28.32,28.37,278700
2024-10-03T17:00:00Z,28.37,28.42,28.31,28.34,188500
2024-10-03T18:00:00Z,28.34,28.46,28.29,28.37,903900
2024-10-03T19:00:00Z,28.36,28.55,28.36,28.48,615900
2024-10-04T13:00:00Z,28.25,28.67,28.25,28.67,275700
2024-10-04T14:00:00Z,28.67,28.75,28.59,28.73,201900
2024-10-04T15:00:00Z,28.73,28.73,28.57,28.63,146300
2024-10-04T16:00:00Z,28.62,28.7,28.58,28.65,97400
2024-10-04T17:00:00Z,28.65,28.72,28.57,28.59,222200
2024-10-04T18:00:00Z,28.59,28.74,28.57,28.65,829500
2024-10-04T19:00:00Z,28.66,28.69,28.57,28.57,256800
2024-10-07T13:00:00Z,28.65,28.84,28.51,28.78,156300
2024-10-07T14:00:00Z,28.79,28.88,28.65,28.65,134500
2024-10-07T15:00:00Z,28.65,28.75,28.65,28.71,406700
2024-10-07T16:00:00Z,28.71,28.72,28.65,28.7,171100
2024-10-07T17:00:00Z,28.7,28.8,28.66,28.77,171200
2024-10-07T18:00:00Z,28.76,28.79,28.61,28.65,180500
2024-10-07T19:00:00Z,28.64,28.73,28.62,28.71,205100
2024-10-08T13:00:00Z,28.69,28.69,28.33,28.55,175100
2024-10-08T14:00:00Z,28.55,28.57,28.41,28.53,116300
2024-10-08T15:00:00Z,28.53,28.58,28.43,28.44,121100
2024-10-08T16:00:00Z,28.45,28.55,28.41,28.52,208000
2024-10-08T17:00:00Z,28.54,28.65,28.48,28.57,280700
2024-10-08T18:00:00Z,28.57,28.68,28.52,28.57,210400
2024-10-08T19:00:00Z,28.57,28.61,28.54,28.6,285800
2024-10-09T13:00:00Z,28.61,28.7,28.38,28.62,213100
2024-10-09T14:00:00Z,28.62,28.7,28.55,28.68,181200
2024-10-09T15:00:00Z,28.69,28.74,28.53,28.6,247300
2024-10-09T16:00:00Z,28.6,28.65,28.38,28.47,299400
2024-10-09T17:00:00Z,28.47,28.51,28.39,28.48,230100
2024-10-09T18:00:00Z,28.47,28.5,28.38,28.38,229800
2024-10-09T19:00:00Z,28.39,28.54,28.39,28.51,324700
2024-10-10T13:00:00Z,28.32,28.48,28.28,28.36,546200
2024-10-10T14:00:00Z,28.35,28.43,28.29,28.33,215500
2024-10-10T15:00:00Z,28.32,28.43,28.32,28.39,150700
2024-10-10T16:00:00Z,28.39,28.45,28.38,28.42,157800
2024-10-10T17:00:00Z,28.41,28.52,28.39,28.51,195600
2024-10-10T18:00:00Z,28.52,28.59,28.46,28.5,215000
2024-10-10T19:00:00Z,28.51,28.6,28.5,28.56,167900
2024-10-11T13:00:00Z,28.74,28.83,28.56,28.67,478100
2024-10-11T14:00:00Z,28.67,28.85,28.6,28.67,330300
2024-10-11T15:00:00Z,28.67,28.77,28.57,28.58,182700
2024-10-11T16:00:00Z,28.58,28.64,28.52,28.64,3145300
2024-10-11T17:00:00Z,28.63,28.75,28.61,28.72,123100
2024-10-11T18:00:00Z,28.72,28.76,28.58,28.59,107000
2024-10-11T19:00:00Z,28.59,28.63,28.57,28.61,140300
2024-10-14T13:00:00Z,28.6,28.77,28.54,28.64,136900
2024-10-14T14:00:00Z,28.64,28.83,28.61,28.8,264800
2024-10-14T15:00:00Z,28.8,28.83,28.68,28.81,133000
2024-10-14T16:00:00Z,28.81,28.89,28.78,28.87,82500
2024-10-14T17:00:00Z,28.87,28.99,28.85,28.94,115900
2024-10-14T18:00:00Z,28.94,29.07,28.89,28.92,214200
2024-10-14T19:00:00Z,28.92,28.97,28.86,28.97,218000
2024-10-15T13:00:00Z,28.9,29.06,28.69,28.72,222400
2024-10-15T14:00:00Z,28.71,29.05,28.71,29.01,265700
2024-10-15T15:00:00Z,29.02,29.05,28.93,28.95,136500
2024-10-15T16:00:00Z,28.95,29.04,28.89,29.04,136800
2024-10-15T17:00:00Z,29.03,29.06,28.94,28.96,209900
2024-10-15T18:00:00Z,28.96,29,28.84,28.93,266500
2024-10-15T19:00:00Z,28.93,29.01,28.87,28.89,535600
2024-10-16T13:00:00Z,29,29,28.74,28.82,147800
2024-10-16T14:00:00Z,28.81,29.07,28.79,29.06,155400
2024-10-16T15:00:00Z,29.06,29.15,28.91,28.97,660100
2024-10-16T16:00:00Z,28.97,29.13,28.97,29.11,434500
2024-10-16T17:00:00Z,29.11,29.21,29.1,29.21,220300
2024-10-16T18:00:00Z,29.21,29.23,29.06,29.08,242900
2024-10-16T19:00:00Z,29.08,29.13,29.02,29.13,265500
2024-10-17T13:00:00Z,29.04,29.08,28.58,28.9,397600
2024-10-17T14:00:00Z,28.9,28.99,28.87,28.97,156500
2024-10-17T15:00:00Z,28.97,29.09,28.9,28.9,177300
2024-10-17T16:00:00Z,28.9,28.92,28.79,28.91,102500
2024-10-17T17:00:00Z,28.91,28.96,28.74,28.82,292800
2024-10-17T18:00:00Z,28.82,28.86,28.75,28.84,541700
2024-10-17T19:00:00Z,28.85,28.99,28.81,28.91,713300
2024-10-18T13:00:00Z,28.88,28.88,28.38,28.38,259300
2024-10-18T14:00:00Z,28.38,28.5,28.32,28.37,154400
2024-10-18T15:00:00Z,28.37,28.44,28.28,28.44,135300
2024-10-18T16:00:00Z,28.44,28.44,28.34,28.37,162400
2024-10-18T17:00:00Z,28.37,28.37,28.27,28.3,180800
2024-10-18T18:00:00Z,28.3,28.44,28.28,28.42,164900
2024-10-18T19:00:00Z,28.41,28.62,28.34,28.62,616200
2024-10-21T13:00:00Z,28.65,28.78,28.51,28.58,70200
2024-10-21T14:00:00Z,28.58,28.58,28.38,28.54,136000
2024-10-21T15:00:00Z,28.56,28.56,28.41,28.46,111000
2024-10-21T16:00:00Z,28.46,28.59,28.37,28.54,186700
2024-10-21T17:00:00Z,28.54,28.55,28.39,28.41,115300
2024-10-21T18:00:00Z,28.41,28.5,28.38,28.43,188500
2024-10-21T19:00:00Z,28.43,28.47,28.33,28.42,347200
2024-10-22T13:00:00Z,28.45,28.49,28.23,28.32,350100
2024-10-22T14:00:00Z,28.33,28.37,28.21,28.29,109400
2024-10-22T15:00:00Z,28.29,28.31,28.23,28.31,124400
2024-10-22T16:00:00Z,28.31,28.39,28.3,28.32,108000
2024-10-22T17:00:00Z,28.32,28.32,28.14,28.19,183600
2024-10-22T18:00:00Z,28.19,28.22,28.12,28.13,268000
2024-10-22T19:00:00Z,28.13,28.3,28.13,28.24,435200
2024-10-23T13:00:00Z,28.18,28.3,28.1,28.28,108800
2024-10-23T14:00:00Z,28.27,28.3,28.13,28.27,180800
2024-10-23T15:00:00Z,28.27,28.35,28.22,28.34,106000
2024-10-23T16:00:00Z,28.35,28.38,28.25,28.3,110500
2024-10-23T17:00:00Z,28.3,28.41,28.29,28.38,169300
2024-10-23T18:00:00Z,28.37,28.48,28.34,28.43,213300
2024-10-23T19:00:00Z,28.43,28.48,28.41,28.43,274500
2024-10-24T13:00:00Z,28.41,28.66,28.38,28.59,170100
2024-10-24T14:00:00Z,28.58,28.74,28.51,28.74,133600
2024-10-24T15:00:00Z,28.74,28.77,28.67,28.69,189500
2024-10-24T16:00:00Z,28.7,28.7,28.54,28.65,161200
2024-10-24T17:00:00Z,28.66,28.85,28.63,28.73,311500
2024-10-24T18:00:00Z,28.73,28.78,28.66,28.67,212000
2024-10-24T19:00:00Z,28.66,28.79,28.65,28.75,282200
2024-10-25T13:00:00Z,28.63,28.8,28.52,28.56,117000
2024-10-25T14:00:00Z,28.56,28.68,28.56,28.65,99600
2024-10-25T15:00:00Z,28.65,28.7,28.5,28.5,159300
2024-10-25T16:00:00Z,28.52,28.68,28.51,28.61,152800
2024-10-25T17:00:00Z,28.6,28.67,28.53,28.53,214300
2024-10-25T18:00:00Z,28.53,28.6,28.52,28.55,99500
2024-10-25T19:00:00Z,28.55,28.64,28.51,28.56,250800
2024-10-28T13:00:00Z,28.75,28.95,28.62,28.87,154400
2024-10-28T14:00:00Z,28.88,28.89,28.73,28.81,117500
2024-10-28T15:00:00Z,28.81,28.87,28.77,28.84,129300
2024-10-28T16:00:00Z,28.84,28.88,28.82,28.84,107100
2024-10-28T17:00:00Z,28.83,28.92,28.8,28.82,317200
2024-10-28T18:00:00Z,28.81,28.84,28.75,28.8,179300
2024-10-28T19:00:00Z,28.81,28.88,28.77,28.87,270100
2024-10-29T13:00:00Z,29.24,29.39,28.37,28.46,1570700
2024-10-29T14:00:00Z,28.46,28.47,28.18,28.36,1090700
2024-10-29T15:00:00Z,28.36,28.44,28.24,28.26,464700
2024-10-29T16:00:00Z,28.26,28.35,28.19,28.19,688100
2024-10-29T17:00:00Z,28.19,28.24,28.12,28.17,588300
2024-10-29T18:00:00Z,28.18,28.21,27.96,27.97,1186800
2024-10-29T19:00:00Z,27.97,27.98,27.66,27.71,1813700
2024-10-30T13:00:00Z,27.6,28.07,27.55,27.97,1442100
2024-10-30T14:00:00Z,27.97,28.04,27.87,27.98,384800
2024-10-30T15:00:00Z,27.99,28.06,27.9,28.02,669600
2024-10-30T16:00:00Z,28.02,28.06,27.81,27.91,906300
2024-10-30T17:00:00Z,27.91,27.97,27.82,27.82,543400
2024-10-30T18:00:00Z,27.81,27.86,27.78,27.81,255400
2024-10-30T19:00:00Z,27.8,27.95,27.71,27.82,711100
2024-10-31T13:00:00Z,27.78,27.98,27.67,27.89,236300
2024-10-31T14:00:00Z,27.88,27.91,27.57,27.57,391000
2024-10-31T15:00:00Z,27.58,27.58,27.44,27.47,296100
2024-10-31T16:00:00Z,27.47,27.54,27.43,27.48,288900
2024-10-31T17:00:00Z,27.48,27.52,27.36,27.39,250400
2024-10-31T18:00:00Z,27.39,27.43,27.36,27.38,255300
2024-10-31T19:00:00Z,27.37,27.4,27.33,27.36,513200
2024-11-01T13:00:00Z,27.35,27.36,26.79,26.92,576400
2024-11-01T14:00:00Z,26.92,27,26.82,26.86,369600
2024-11-01T15:00:00Z,26.86,26.91,26.85,26.87,281000
2024-11-01T16:00:00Z,26.87,26.9,26.73,26.86,587900
2024-11-01T17:00:00Z,26.86,26.88,26.72,26.72,267600
2024-11-01T18:00:00Z,26.73,26.76,26.61,26.64,523000
2024-11-01T19:00:00Z,26.64,26.83,26.62,26.8,1345700
2024-11-04T13:00:00Z,27.05,27.08,26.93,27.05,225000
2024-11-04T14:00:00Z,27.05,27.19,26.96,27.18,756600
2024-11-04T15:00:00Z,27.18,27.2,27.01,27.07,201500
2024-11-04T16:00:00Z,27.07,27.17,27.01,27.06,304500
2024-11-04T17:00:00Z,27.06,27.13,26.97,26.99,173800
2024-11-04T18:00:00Z,26.98,27,26.88,26.9,225500
2024-11-04T19:00:00Z,26.9,26.92,26.81,26.83,319900
2024-11-04T20:00:00Z,26.83,26.92,26.78,26.89,393500
2024-11-05T13:00:00Z,26.8,26.95,26.72,26.76,446000
2024-11-05T14:00:00Z,26.75,26.87,26.67,26.74,1155800
2024-11-05T15:00:00Z,26.74,26.83,26.73,26.77,845200
2024-11-05T16:00:00Z,26.77,26.81,26.72,26.79,166600
2024-11-05T17:00:00Z,26.78,26.9,26.75,26.88,164000
2024-11-05T18:00:00Z,26.87,26.97,26.86,26.95,176400
2024-11-05T19:00:00Z,26.95,27,26.92,26.96,139800
2024-11-05T20:00:00Z,26.97,26.97,26.85,26.88,184200
2024-11-06T13:00:00Z,26.71,26.86,26.54,26.68,271200
2024-11-06T14:00:00Z,26.68,26.8,26.55,26.63,652400
2024-11-06T15:00:00Z,26.62,26.9,26.62,26.9,185400
2024-11-06T16:00:00Z,26.89,26.97,26.75,26.81,384700
2024-11-06T17:00:00Z,26.81,26.92,26.79,26.9,130400
2024-11-06T18:00:00Z,26.9,26.96,26.89,26.92,162800
2024-11-06T19:00:00Z,26.92,26.95,26.88,26.89,174700
2024-11-06T20:00:00Z,26.9,27.06,26.89,27.04,427000
2024-11-07T13:00:00Z,27,27.29,26.89,27.25,420800
2024-11-07T14:00:00Z,27.25,27.29,26.96,26.99,296300
2024-11-07T15:00:00Z,26.99,27.13,26.98,27,133000
2024-11-07T16:00:00Z,26.99,27.12,26.97,27,195400
2024-11-07T17:00:00Z,26.99,27.09,26.83,26.85,541700
2024-11-07T18:00:00Z,26.85,26.99,26.85,26.92,98200
2024-11-07T19:00:00Z,26.92,26.98,26.91,26.96,139300
2024-11-07T20:00:00Z,26.96,27.04,26.94,27.01,125400
2024-11-08T13:00:00Z,26.77,26.95,26.69,26.91,242300
2024-11-08T14:00:00Z,26.91,26.97,26.77,26.82,185700
2024-11-08T15:00:00Z,26.82,26.87,26.73,26.77,201300
2024-11-08T16:00:00Z,26.78,26.84,26.75,26.77,194600
2024-11-08T17:00:00Z,26.78,26.81,26.71,26.77,360300
2024-11-08T18:00:00Z,26.77,26.77,26.69,26.75,798300
2024-11-08T19:00:00Z,26.74,26.85,26.7,26.82,190200
2024-11-08T20:00:00Z,26.82,26.83,26.69,26.77,229100
2024-11-11T13:00:00Z,26.68,26.75,26.6,26.69,120700
2024-11-11T14:00:00Z,26.67,26.72,26.63,26.64,90200
2024-11-11T15:00:00Z,26.64,26.69,26.64,26.69,67500
2024-11-11T16:00:00Z,26.7,26.71,26.57,26.61,209800
2024-11-11T17:00:00Z,26.6,26.63,26.53,26.53,246600
2024-11-11T18:00:00Z,26.53,26.6,26.5,26.51,365900
2024-11-11T19:00:00Z,26.5,26.55,26.48,26.48,260400
2024-11-11T20:00:00Z,26.49,26.51,26.37,26.4,400100
2024-11-12T13:00:00Z,26.41,26.49,26.33,26.34,192500
2024-11-12T14:00:00Z,26.35,26.52,26.33,26.36,249200
2024-11-12T15:00:00Z,26.36,26.44,26.35,26.41,164500
2024-11-12T16:00:00Z,26.41,26.46,26.29,26.31,283600
2024-11-12T17:00:00Z,26.31,26.34,26.2,26.21,393200
2024-11-12T18:00:00Z,26.22,26.29,26.21,26.26,262500
2024-11-12T19:00:00Z,26.26,26.27,26.2,26.21,393000
2024-11-12T20:00:00Z,26.21,26.23,26.17,26.17,511800
2024-11-13T13:00:00Z,26.25,26.26,26.1,26.17,160800
2024-11-13T14:00:00Z,26.18,26.22,26.06,26.07,253300
2024-11-13T15:00:00Z,26.08,26.16,26.05,26.1,159800
2024-11-13T16:00:00Z,26.1,26.13,26.05,26.08,154600
2024-11-13T17:00:00Z,26.07,26.12,26.06,26.08,248900
2024-11-13T18:00:00Z,26.09,26.11,26.06,26.07,738900
2024-11-13T19:00:00Z,26.07,26.14,26.05,26.09,382700
2024-11-13T20:00:00Z,26.09,26.13,26.06,26.09,1737800
2024-11-14T13:00:00Z,26.05,26.13,25.8,25.92,347500
2024-11-14T14:00:00Z,25.93,25.99,25.82,25.89,316400
2024-11-14T15:00:00Z,25.9,25.93,25.84,25.87,263300
2024-11-14T16:00:00Z,25.87,25.91,25.82,25.85,459800
2024-11-14T17:00:00Z,25.84,25.85,25.77,25.79,271600
2024-11-14T18:00:00Z,25.79,25.83,25.73,25.78,348500
2024-11-14T19:00:00Z,25.79,25.79,25.69,25.75,812400
2024-11-14T20:00:00Z,25.74,25.79,25.67,25.68,972100
2024-11-18T13:00:00Z,25.65,25.82,25.65,25.71,220700
2024-11-18T14:00:00Z,25.72,25.74,25.55,25.58,465500
2024-11-18T15:00:00Z,25.57,25.61,25.47,25.54,308900
2024-11-18T16:00:00Z,25.53,25.55,25.43,25.48,317400
2024-11-18T17:00:00Z,25.46,25.55,25.43,25.53,214600
2024-11-18T18:00:00Z,25.52,25.54,25.41,25.41,1245200
2024-11-18T19:00:00Z,25.41,25.42,25.33,25.37,266600
2024-11-18T20:00:00Z,25.36,25.37,25.29,25.32,358300
2024-11-19T13:00:00Z,25.4,25.44,25.12,25.21,328400
2024-11-19T14:00:00Z,25.22,25.41,25.21,25.35,240100
2024-11-19T15:00:00Z,25.37,25.39,25.25,25.39,228400
2024-11-19T16:00:00Z,25.39,25.44,25.31,25.42,467200
2024-11-19T17:00:00Z,25.42,25.43,25.33,25.35,251800
2024-11-19T18:00:00Z,25.35,25.37,25.29,25.33,195800
2024-11-19T19:00:00Z,25.33,25.35,25.23,25.23,476000
2024-11-19T20:00:00Z,25.24,25.27,25.17,25.24,675700
2024-11-21T13:00:00Z,25.36,25.38,25.03,25.05,451600
2024-11-21T14:00:00Z,25.04,25.18,25.03,25.04,735200
2024-11-21T15:00:00Z,25.03,25.06,24.98,25.04,606800
2024-11-21T16:00:00Z,25.04,25.08,25.01,25.05,327000
2024-11-21T17:00:00Z,25.05,25.16,25.04,25.11,349300
2024-11-21T18:00:00Z,25.11,25.14,24.96,24.98,557200
2024-11-21T19:00:00Z,24.99,25.23,24.96,25.23,771700
2024-11-21T20:00:00Z,25.23,25.3,25.23,25.26,523600
2024-11-22T13:00:00Z,25.43,25.47,25.18,25.28,295200
2024-11-22T14:00:00Z,25.29,25.48,25.26,25.48,449800
2024-11-22T15:00:00Z,25.48,25.73,25.47,25.69,714900
2024-11-22T16:00:00Z,25.7,25.74,25.64,25.72,213500
2024-11-22T17:00:00Z,25.72,25.95,25.72,25.92,299200
2024-11-22T18:00:00Z,25.93,26.17,25.92,26.11,339200
2024-11-22T19:00:00Z,26.11,26.23,26.08,26.13,460200
2024-11-22T20:00:00Z,26.13,26.28,26.12,26.28,787700
2024-11-25T13:00:00Z,26.86,27.06,26.38,26.38,984700
2024-11-25T14:00:00Z,26.39,26.6,26.35,26.56,244200
2024-11-25T15:00:00Z,26.58,26.66,26.53,26.59,393600
2024-11-25T16:00:00Z,26.6,26.6,26.35,26.4,261700
2024-11-25T17:00:00Z,26.4,26.46,26.26,26.29,267800
2024-11-25T18:00:00Z,26.29,26.38,26.28,26.31,143800
2024-11-25T19:00:00Z,26.31,26.51,26.3,26.48,454000
2024-11-25T20:00:00Z,26.48,26.78,26.37,26.57,466100
2024-11-26T13:00:00Z,26.46,26.53,26.35,26.41,389800
2024-11-26T14:00:00Z,26.41,26.48,26.3,26.46,183100
2024-11-26T15:00:00Z,26.48,26.6,26.42,26.51,221500
2024-11-26T16:00:00Z,26.52,26.6,26.5,26.58,248200
2024-11-26T17:00:00Z,26.59,26.69,26.56,26.67,309900
2024-11-26T18:00:00Z,26.68,26.79,26.63,26.76,584400
2024-11-26T19:00:00Z,26.75,26.87,26.72,26.85,463600
2024-11-26T20:00:00Z,26.85,26.86,26.61,26.65,492700
2024-11-27T13:00:00Z,26.59,26.65,26.45,26.47,182600
2024-11-27T14:00:00Z,26.47,26.59,26.4,26.44,119100
2024-11-27T15:00:00Z,26.44,26.45,26.24,26.25,200200
2024-11-27T16:00:00Z,26.26,26.27,25.77,25.84,439600
2024-11-27T17:00:00Z,25.83,25.91,25.77,25.83,382300
2024-11-27T18:00:00Z,25.84,25.88,25.8,25.86,163000
2024-11-27T19:00:00Z,25.86,25.93,25.84,25.89,193000
2024-11-27T20:00:00Z,25.9,25.93,25.61,25.68,604100
2024-11-28T13:00:00Z,25.68,25.7,25.37,25.38,292100
2024-11-28T14:00:00Z,25.37,25.4,25.25,25.3,309800
2024-11-28T15:00:00Z,25.3,25.42,25.25,25.28,219900
2024-11-28T16:00:00Z,25.29,25.32,25.16,25.16,368600
2024-11-28T17:00:00Z,25.16,25.29,25.16,25.2,210900
2024-11-28T18:00:00Z,25.21,25.23,25.07,25.08,412300
2024-11-28T19:00:00Z,25.08,25.12,25.03,25.08,324700
2024-11-28T20:00:00Z,25.07,25.07,24.8,24.95,445900
2024-11-29T13:00:00Z,25.05,25.05,24.63,24.66,590700
2024-11-29T14:00:00Z,24.66,24.76,24.44,24.66,658100
2024-11-29T15:00:00Z,24.67,24.99,24.59,24.95,612700
2024-11-29T16:00:00Z,24.95,25.05,24.85,25.01,318700
2024-11-29T17:00:00Z,25.02,25.02,24.73,24.77,409400
2024-11-29T18:00:00Z,24.78,24.81,24.65,24.68,174100
2024-11-29T19:00:00Z,24.68,24.87,24.65,24.85,236100
2024-11-29T20:00:00Z,24.85,25.05,24.84,24.96,220400
2024-12-02T13:00:00Z,25.14,25.14,24.75,24.78,427800
2024-12-02T14:00:00Z,24.78,24.78,24.54,24.59,443600
2024-12-02T15:00:00Z,24.58,24.67,24.54,24.56,350600
2024-12-02T16:00:00Z,24.56,24.68,24.54,24.65,314600
2024-12-02T17:00:00Z,24.64,24.82,24.58,24.82,556700
2024-12-02T18:00:00Z,24.81,24.82,24.64,24.72,412900
2024-12-02T19:00:00Z,24.71,24.78,24.67,24.76,215400
2024-12-02T20:00:00Z,24.75,24.79,24.71,24.72,322000
2024-12-03T13:00:00Z,24.85,25.03,24.76,25,145200
2024-12-03T14:00:00Z,24.98,25.09,24.86,24.88,142100
2024-12-03T15:00:00Z,24.87,24.87,24.73,24.75,254100
2024-12-03T16:00:00Z,24.76,24.89,24.74,24.88,134600
2024-12-03T17:00:00Z,24.88,24.89,24.79,24.8,106100
2024-12-03T18:00:00Z,24.81,24.95,24.75,24.93,255500
2024-12-03T19:00:00Z,24.93,25.14,24.88,24.99,1204600
2024-12-03T20:00:00Z,25,25.16,24.98,25.16,624900
2024-12-04T13:00:00Z,25.05,25.18,25.02,25.03,170900
2024-12-04T14:00:00Z,25.03,25.12,24.93,25.09,211000
2024-12-04T15:00:00Z,25.09,25.27,25.05,25.24,106000
2024-12-04T16:00:00Z,25.24,25.35,25.19,25.25,209600
2024-12-04T17:00:00Z,25.25,25.32,25.23,25.26,180000
2024-12-04T18:00:00Z,25.28,25.33,25.24,25.29,183200
2024-12-04T19:00:00Z,25.31,25.37,25.26,25.28,250400
2024-12-04T20:00:00Z,25.28,25.46,25.23,25.46,422200
2024-12-05T13:00:00Z,25.6,25.85,25.56,25.78,98400
2024-12-05T14:00:00Z,25.77,25.84,25.68,25.74,133100
2024-12-05T15:00:00Z,25.73,25.83,25.66,25.67,145400
2024-12-05T16:00:00Z,25.67,25.71,25.63,25.69,97000
2024-12-05T17:00:00Z,25.68,25.69,25.57,25.64,169900
2024-12-05T18:00:00Z,25.65,25.7,25.61,25.66,163200
2024-12-05T19:00:00Z,25.66,25.72,25.64,25.7,161800
2024-12-05T20:00:00Z,25.7,25.82,25.64,25.77,268300
2024-12-06T13:00:00Z,25.7,25.72,25.53,25.67,76100
2024-12-06T14:00:00Z,25.7,25.71,25.57,25.62,244500
2024-12-06T15:00:00Z,25.64,25.64,25.33,25.36,171200
2024-12-06T16:00:00Z,25.36,25.4,25.28,25.29,72400
2024-12-06T17:00:00Z,25.29,25.33,25.24,25.29,107600
2024-12-06T18:00:00Z,25.29,25.34,25.25,25.3,87200
2024-12-06T19:00:00Z,25.3,25.42,25.25,25.39,476600
2024-12-06T20:00:00Z,25.4,25.47,25.29,25.34,677600
2024-12-09T13:00:00Z,25.34,25.59,25.32,25.56,76800
2024-12-09T14:00:00Z,25.56,25.64,25.46,25.47,149600
2024-12-09T15:00:00Z,25.46,25.6,25.44,25.44,197500
2024-12-09T16:00:00Z,25.45,25.47,25.36,25.39,165900
2024-12-09T17:00:00Z,25.38,25.45,25.34,25.36,250100
2024-12-09T18:00:00Z,25.36,25.37,25.22,25.22,324100
2024-12-09T19:00:00Z,25.22,25.28,25.14,25.14,314000
2024-12-09T20:00:00Z,25.15,25.23,25.12,25.17,447200
2024-12-10T13:00:00Z,25.2,25.2,24.72,25,525900
2024-12-10T14:00:00Z,25,25.08,24.89,24.92,283300
2024-12-10T15:00:00Z,24.92,25.21,24.9,25.18,308500
2024-12-10T16:00:00Z,25.19,25.29,25.11,25.27,183500
2024-12-10T17:00:00Z,25.27,25.32,25.23,25.27,166500
2024-12-10T18:00:00Z,25.28,25.35,25.22,25.32,165100
2024-12-10T19:00:00Z,25.32,25.43,25.32,25.38,253200
2024-12-10T20:00:00Z,25.38,25.49,25.34,25.4,641400
2024-12-11T13:00:00Z,25.51,25.66,25.21,25.21,134900
2024-12-11T14:00:00Z,25.22,25.34,25.04,25.06,247400
2024-12-11T15:00:00Z,25.07,25.07,24.86,24.93,437000
2024-12-11T16:00:00Z,24.92,25.08,24.92,25.06,378600
2024-12-11T17:00:00Z,25.05,25.16,25.03,25.12,331600
2024-12-11T18:00:00Z,25.11,25.12,25.01,25.01,306500
2024-12-11T19:00:00Z,25.01,25.84,24.98,25.6,993900
2024-12-11T20:00:00Z,25.62,25.78,25.5,25.59,1006600
2024-12-12T13:00:00Z,25.55,25.55,25.22,25.26,125500
2024-12-12T14:00:00Z,25.28,25.31,25.1,25.31,230800
2024-12-12T15:00:00Z,25.3,25.3,24.98,25.08,426400
2024-12-12T16:00:00Z,25.08,25.1,24.98,25,385600
2024-12-12T17:00:00Z,24.99,25,24.79,24.79,389800
2024-12-12T18:00:00Z,24.79,24.9,24.77,24.85,317400
2024-12-12T19:00:00Z,24.85,24.87,24.59,24.67,839300
2024-12-12T20:00:00Z,24.67,24.91,24.67,24.78,632900
2024-12-13T13:00:00Z,24.7,24.82,24.61,24.63,347600
2024-12-13T14:00:00Z,24.64,24.78,24.58,24.62,191200
2024-12-13T15:00:00Z,24.62,24.64,24.54,24.6,258500
2024-12-13T16:00:00Z,24.6,24.61,24.49,24.51,460700
2024-12-13T17:00:00Z,24.51,24.57,24.45,24.46,613000
2024-12-13T18:00:00Z,24.46,24.49,24.38,24.49,447100
2024-12-13T19:00:00Z,24.47,24.5,24.38,24.4,368400
2024-12-13T20:00:00Z,24.39,24.42,24.35,24.39,381000
2024-12-16T13:00:00Z,24.24,24.43,24.24,24.39,116800
2024-12-16T14:00:00Z,24.36,24.43,24.25,24.39,164700
2024-12-16T15:00:00Z,24.4,24.41,24.25,24.31,177400
2024-12-16T16:00:00Z,24.32,24.39,24.28,24.39,172700
2024-12-16T17:00:00Z,24.37,24.39,24.24,24.28,139700
2024-12-16T18:00:00Z,24.28,24.3,24.18,24.19,231700
2024-12-16T19:00:00Z,24.2,24.22,24.12,24.12,279000
2024-12-16T20:00:00Z,24.14,24.15,23.96,24.02,466600
2024-12-17T13:00:00Z,24.09,24.15,23.88,24.15,168400
2024-12-17T14:00:00Z,24.15,24.16,23.93,24.03,211500
2024-12-17T15:00:00Z,24.03,24.18,23.93,24.16,287600
2024-12-17T16:00:00Z,24.16,24.54,24.13,24.41,407100
2024-12-17T17:00:00Z,24.4,24.42,24.21,24.35,192200
2024-12-17T18:00:00Z,24.35,24.48,24.28,24.32,342100
2024-12-17T19:00:00Z,24.31,24.38,24.19,24.29,470800
2024-12-17T20:00:00Z,24.3,24.51,24.27,24.49,783100
2024-12-18T13:00:00Z,24.5,24.51,24.16,24.19,270700
2024-12-18T14:00:00Z,24.21,24.26,24.03,24.1,245500
2024-12-18T15:00:00Z,24.11,24.12,23.78,23.79,493900
2024-12-18T16:00:00Z,23.8,23.86,23.72,23.79,463000
2024-12-18T17:00:00Z,23.78,23.83,23.72,23.74,422000
2024-12-18T18:00:00Z,23.75,23.83,23.7,23.74,484500
2024-12-18T19:00:00Z,23.75,23.75,23.52,23.54,521400
2024-12-18T20:00:00Z,23.54,23.56,23.41,23.56,988500
2024-12-19T13:00:00Z,23.67,23.67,23.28,23.63,209600
2024-12-19T14:00:00Z,23.64,23.89,23.56,23.86,317700
2024-12-19T15:00:00Z,23.87,23.87,23.65,23.74,264300
2024-12-19T16:00:00Z,23.74,23.87,23.7,23.74,155500
2024-12-19T17:00:00Z,23.74,23.79,23.67,23.75,212100
2024-12-19T18:00:00Z,23.74,23.77,23.68,23.77,180900
2024-12-19T19:00:00Z,23.76,23.77,23.52,23.55,571500
2024-12-19T20:00:00Z,23.56,23.74,23.54,23.74,388900
2024-12-20T13:00:00Z,23.77,23.88,23.63,23.83,90200
2024-12-20T14:00:00Z,23.83,24,23.83,23.94,198100
2024-12-20T15:00:00Z,23.95,24.05,23.9,23.92,372800
2024-12-20T16:00:00Z,23.92,23.97,23.8,23.94,305200
2024-12-20T17:00:00Z,23.93,23.99,23.85,23.93,242600
2024-12-20T18:00:00Z,23.92,24.06,23.87,24.02,331200
2024-12-20T19:00:00Z,24.01,24.22,23.97,24.14,1095100
2024-12-20T20:00:00Z,24.15,24.16,24.02,24.1,1531200
2024-12-23T13:00:00Z,24,24.11,23.88,23.9,150900
2024-12-23T14:00:00Z,23.9,23.95,23.7,23.71,187000
2024-12-23T15:00:00Z,23.72,23.8,23.67,23.72,307400
2024-12-23T16:00:00Z,23.72,23.74,23.64,23.7,329300
2024-12-23T17:00:00Z,23.69,23.7,23.56,23.58,277500
2024-12-23T18:00:00Z,23.58,23.66,23.51,23.63,332000
2024-12-23T19:00:00Z,23.63,23.66,23.6,23.65,320800
2024-12-23T20:00:00Z,23.65,23.66,23.54,23.56,482100
2024-12-26T13:00:00Z,23.54,23.73,23.53,23.69,161300
2024-12-26T14:00:00Z,23.69,23.9,23.67,23.89,110700
2024-12-26T15:00:00Z,23.87,23.91,23.77,23.87,164500
2024-12-26T16:00:00Z,23.87,23.94,23.84,23.85,91100
2024-12-26T17:00:00Z,23.85,23.93,23.79,23.9,100100
2024-12-26T18:00:00Z,23.89,23.94,23.87,23.91,68800
2024-12-26T19:00:00Z,23.9,23.91,23.8,23.83,112000
2024-12-26T20:00:00Z,23.84,23.87,23.81,23.87,196000
2024-12-27T13:00:00Z,24,24,23.76,23.78,96800
2024-12-27T14:00:00Z,23.78,23.92,23.7,23.85,120800
2024-12-27T15:00:00Z,23.85,23.88,23.66,23.78,249600
2024-12-27T16:00:00Z,23.76,23.8,23.68,23.68,154100
2024-12-27T17:00:00Z,23.68,23.72,23.64,23.66,136200
2024-12-27T18:00:00Z,23.67,23.68,23.55,23.6,181900
2024-12-27T19:00:00Z,23.59,23.61,23.53,23.55,194600
2024-12-27T20:00:00Z,23.53,23.68,23.52,23.56,323600
2024-12-30T13:00:00Z,23.75,23.9,23.6,23.72,187600
2024-12-30T14:00:00Z,23.72,23.84,23.7,23.77,121300
2024-12-30T15:00:00Z,23.77,23.88,23.7,23.71,131500
2024-12-30T16:00:00Z,23.71,23.85,23.7,23.77,163800
2024-12-30T17:00:00Z,23.77,23.81,23.69,23.77,173200
2024-12-30T18:00:00Z,23.77,23.83,23.75,23.83,118600
2024-12-30T19:00:00Z,23.83,23.84,23.76,23.82,138700
2024-12-30T20:00:00Z,23.82,23.87,23.77,23.8,325000
2025-01-02T13:00:00Z,23.8,23.88,23.4,23.47,318300
2025-01-02T14:00:00Z,23.5,23.51,23.19,23.44,1008900
2025-01-02T15:00:00Z,23.46,23.81,23.41,23.79,147100
2025-01-02T16:00:00Z,23.77,23.89,23.58,23.61,537300
2025-01-02T17:00:00Z,23.63,23.63,23.36,23.37,602600
2025-01-02T18:00:00Z,23.36,23.57,23.35,23.56,297400
2025-01-02T19:00:00Z,23.56,23.81,23.54,23.7,729900
2025-01-02T20:00:00Z,23.7,23.86,23.61,23.84,446400
2025-01-03T13:00:00Z,23.76,23.95,23.67,23.68,148900
2025-01-03T14:00:00Z,23.68,23.72,23.54,23.61,137100
2025-01-03T15:00:00Z,23.61,23.62,23.43,23.43,125900
2025-01-03T16:00:00Z,23.45,23.46,23.35,23.35,134700
2025-01-03T17:00:00Z,23.35,23.42,23.25,23.28,230900
2025-01-03T18:00:00Z,23.28,23.37,23.26,23.33,123500
2025-01-03T19:00:00Z,23.33,23.36,23.26,23.26,158000
2025-01-03T20:00:00Z,23.26,23.34,23.22,23.22,261600
2025-01-06T13:00:00Z,23.6,23.77,23.44,23.63,140600
2025-01-06T14:00:00Z,23.63,23.83,23.57,23.81,131300
2025-01-06T15:00:00Z,23.83,23.91,23.75,23.87,158900
2025-01-06T16:00:00Z,23.85,23.95,23.81,23.91,135000
2025-01-06T17:00:00Z,23.92,24.01,23.9,24,142200
2025-01-06T18:00:00Z,24,24.03,23.92,23.94,162400
2025-01-06T19:00:00Z,23.94,23.99,23.9,23.94,175600
2025-01-06T20:00:00Z,23.95,23.97,23.85,23.94,310400
2025-01-07T13:00:00Z,24.27,24.3,24.06,24.28,163100
2025-01-07T14:00:00Z,24.29,24.37,24.02,24.18,323600
2025-01-07T15:00:00Z,24.19,24.38,24.1,24.22,240300
2025-01-07T16:00:00Z,24.24,24.32,24.21,24.25,141300
2025-01-07T17:00:00Z,24.25,24.28,24.13,24.17,197800
2025-01-07T18:00:00Z,24.18,24.29,24.15,24.21,472000
2025-01-07T19:00:00Z,24.21,24.38,24.13,24.36,811500
2025-01-07T20:00:00Z,24.37,24.38,24.21,24.34,658400
2025-01-08T13:00:00Z,24.38,24.38,23.98,24.02,125900
2025-01-08T14:00:00Z,24,24.08,23.87,24.01,148700
2025-01-08T15:00:00Z,24.01,24.15,23.96,24.15,134300
2025-01-08T16:00:00Z,24.13,24.33,24.11,24.2,299600
2025-01-08T17:00:00Z,24.22,24.22,24.1,24.19,190200
2025-01-08T18:00:00Z,24.19,24.24,24.04,24.11,152100
2025-01-08T19:00:00Z,24.1,24.13,24.04,24.05,138300
2025-01-08T20:00:00Z,24.05,24.14,24.05,24.07,234200
2025-01-09T13:00:00Z,24,24.14,23.87,24.09,163100
2025-01-09T14:00:00Z,24.11,24.12,24.01,24.04,68200
2025-01-09T15:00:00Z,24.03,24.09,24.01,24.05,49000
2025-01-09T16:00:00Z,24.04,24.06,23.99,23.99,55700
2025-01-09T17:00:00Z,24.01,24.08,23.99,24.07,57200
2025-01-09T18:00:00Z,24.05,24.12,24.04,24.1,52300
2025-01-09T19:00:00Z,24.1,24.16,24.04,24.11,101400
2025-01-09T20:00:00Z,24.11,24.13,24.09,24.13,93600
2025-01-10T13:00:00Z,24.05,24.05,23.73,23.93,162200
2025-01-10T14:00:00Z,23.93,24.02,23.76,23.78,199300
2025-01-10T15:00:00Z,23.78,23.87,23.66,23.76,184800
2025-01-10T16:00:00Z,23.78,24.04,23.77,24.01,382000
2025-01-10T17:00:00Z,24.01,24.07,23.92,24.04,261000
2025-01-10T18:00:00Z,24.03,24.03,23.83,23.86,147800
2025-01-10T19:00:00Z,23.85,23.9,23.71,23.71,293400
2025-01-10T20:00:00Z,23.71,23.78,23.66,23.76,354300
2025-01-13T13:00:00Z,23.81,23.99,23.76,23.96,140200
2025-01-13T14:00:00Z,23.96,24.11,23.92,24.06,161300
2025-01-13T15:00:00Z,24.06,24.19,24.03,24.17,3158800
2025-01-13T16:00:00Z,24.17,24.25,24.07,24.08,135800
2025-01-13T17:00:00Z,24.07,24.08,23.97,23.99,130100
2025-01-13T18:00:00Z,24,24.03,23.94,23.95,93100
2025-01-13T19:00:00Z,23.94,23.99,23.92,23.97,117500
2025-01-13T20:00:00Z,23.97,24,23.94,23.94,255600
2025-01-14T13:00:00Z,23.97,24.04,23.85,23.96,129300
2025-01-14T14:00:00Z,23.95,23.96,23.7,23.83,7641400
2025-01-14T15:00:00Z,23.81,23.95,23.79,23.91,438300
2025-01-14T16:00:00Z,23.9,23.93,23.85,23.9,145800
2025-01-14T17:00:00Z,23.89,23.94,23.85,23.88,127400
2025-01-14T18:00:00Z,23.9,23.95,23.87,23.94,207600
2025-01-14T19:00:00Z,23.92,24,23.92,23.96,307100
2025-01-14T20:00:00Z,23.96,24.08,23.95,24.08,200600
2025-01-15T13:00:00Z,24.19,24.5,24.18,24.47,183800
2025-01-15T14:00:00Z,24.48,24.51,24.31,24.4,183600
2025-01-15T15:00:00Z,24.4,24.55,24.34,24.41,358300
2025-01-15T16:00:00Z,24.4,24.49,24.39,24.47,152200
2025-01-15T17:00:00Z,24.47,24.54,24.44,24.49,214700
2025-01-15T18:00:00Z,24.5,24.63,24.48,24.59,335300
2025-01-15T19:00:00Z,24.59,24.78,24.55,24.74,404900
2025-01-15T20:00:00Z,24.74,25.04,24.73,25.01,710300
2025-01-16T13:00:00Z,24.96,25.04,24.81,24.91,180600
2025-01-16T14:00:00Z,24.91,24.97,24.79,24.8,484500
2025-01-16T15:00:00Z,24.81,24.85,24.67,24.71,85100
2025-01-16T16:00:00Z,24.71,24.8,24.65,24.77,145200
2025-01-16T17:00:00Z,24.76,24.78,24.68,24.75,93700
2025-01-16T18:00:00Z,24.76,24.86,24.74,24.83,313300
2025-01-16T19:00:00Z,24.83,24.89,24.79,24.88,239000
2025-01-16T20:00:00Z,24.89,25.08,24.86,25.03,311400
2025-01-17T13:00:00Z,25.05,25.13,24.75,24.76,185900
2025-01-17T14:00:00Z,24.75,24.93,24.71,24.84,186000
2025-01-17T15:00:00Z,24.83,24.97,24.83,24.89,259600
2025-01-17T16:00:00Z,24.9,24.97,24.87,24.91,355800
2025-01-17T17:00:00Z,24.93,24.94,24.85,24.92,460000
2025-01-17T18:00:00Z,24.93,24.95,24.85,24.88,138300
2025-01-17T19:00:00Z,24.9,24.91,24.85,24.85,138000
2025-01-17T20:00:00Z,24.86,24.95,24.78,24.84,309800
2025-01-20T13:00:00Z,24.9,25,24.61,24.78,250300
2025-01-20T14:00:00Z,24.76,25.02,24.74,24.91,125000
2025-01-20T15:00:00Z,24.9,24.93,24.85,24.86,88200
2025-01-20T16:00:00Z,24.86,24.96,24.86,24.9,107700
2025-01-20T17:00:00Z,24.91,24.93,24.84,24.91,84000
2025-01-20T18:00:00Z,24.91,24.93,24.82,24.84,129000
2025-01-20T19:00:00Z,24.86,24.86,24.81,24.86,47400
2025-01-20T20:00:00Z,24.85,25,24.84,25,451700
2025-01-21T13:00:00Z,24.97,25.1,24.84,24.99,981400
2025-01-21T14:00:00Z,25,25.05,24.94,24.99,176300
2025-01-21T15:00:00Z,24.98,25.1,24.98,25.01,178200
2025-01-21T16:00:00Z,25,25.08,25,25.02,97500
2025-01-21T17:00:00Z,25,25.06,24.99,25.01,116300
2025-01-21T18:00:00Z,25.01,25.09,25,25.05,131200
2025-01-21T19:00:00Z,25.05,25.21,25.05,25.16,218300
2025-01-21T20:00:00Z,25.16,25.23,25.09,25.13,437500
2025-01-22T13:00:00Z,24.93,25.16,24.85,24.89,227500
2025-01-22T14:00:00Z,24.88,25.11,24.87,25.01,323500
2025-01-22T15:00:00Z,25,25.04,24.85,24.91,268500
2025-01-22T16:00:00Z,24.9,24.92,24.79,24.85,233000
2025-01-22T17:00:00Z,24.85,25.05,24.84,24.96,398900
2025-01-22T18:00:00Z,24.95,25.06,24.94,25.04,252200
2025-01-22T19:00:00Z,25.04,25.34,25.02,25.31,441900
2025-01-22T20:00:00Z,25.31,25.34,25.21,25.34,474700
2025-01-23T13:00:00Z,25.03,25.1,24.83,24.91,666000
2025-01-23T14:00:00Z,24.89,24.91,24.53,24.53,450000
2025-01-23T15:00:00Z,24.54,24.67,24.4,24.61,579200
2025-01-23T16:00:00Z,24.61,24.68,24.52,24.62,249900
2025-01-23T17:00:00Z,24.61,24.69,24.48,24.68,390000
2025-01-23T18:00:00Z,24.68,24.69,24.53,24.58,582700
2025-01-23T19:00:00Z,24.58,24.59,24.49,24.54,462200
2025-01-23T20:00:00Z,24.54,24.58,24.49,24.53,1201400
2025-01-24T13:00:00Z,24.63,24.73,24.44,24.72,120300
2025-01-24T14:00:00Z,24.71,24.78,24.58,24.65,200800
2025-01-24T15:00:00Z,24.65,24.8,24.65,24.73,141100
2025-01-24T16:00:00Z,24.72,24.79,24.71,24.75,122200
2025-01-24T17:00:00Z,24.76,24.79,24.57,24.62,311400
2025-01-24T18:00:00Z,24.64,24.68,24.53,24.63,146500
2025-01-24T19:00:00Z,24.63,24.66,24.58,24.66,142200
2025-01-24T20:00:00Z,24.65,24.75,24.61,24.75,198700
2025-01-27T13:00:00Z,24.84,25.16,24.64,25.08,300100
2025-01-27T14:00:00Z,25.09,25.18,24.92,24.99,363200
2025-01-27T15:00:00Z,25,25.01,24.87,24.9,149900
2025-01-27T16:00:00Z,24.9,24.93,24.83,24.92,192400
2025-01-27T17:00:00Z,24.92,25,24.89,24.94,134100
2025-01-27T18:00:00Z,24.94,25.05,24.94,24.97,183800
2025-01-27T19:00:00Z,24.98,25.06,24.9,25.05,321600
2025-01-27T20:00:00Z,25.05,25.17,25.05,25.16,250500
2025-01-28T13:00:00Z,25.11,25.11,24.87,24.93,78000
2025-01-28T14:00:00Z,24.95,25.03,24.88,24.95,87000
2025-01-28T15:00:00Z,24.98,25.03,24.88,25.02,131300
2025-01-28T16:00:00Z,25.02,25.03,24.91,24.99,93300
2025-01-28T17:00:00Z,24.98,25,24.93,24.97,96400
2025-01-28T18:00:00Z,24.98,25.07,24.94,25.03,164900
2025-01-28T19:00:00Z,25.03,25.08,25.01,25.04,92600
2025-01-28T20:00:00Z,25.05,25.09,24.98,25.04,166500
2025-01-29T13:00:00Z,25.12,25.18,24.98,25.04,60600
2025-01-29T14:00:00Z,25.03,25.05,24.92,25.04,88800
2025-01-29T15:00:00Z,25.03,25.1,24.93,25.08,79100
2025-01-29T16:00:00Z,25.09,25.11,24.97,24.98,83500
2025-01-29T17:00:00Z,24.97,25.04,24.95,25,76900
2025-01-29T18:00:00Z,25.01,25.01,24.93,24.97,109800
2025-01-29T19:00:00Z,24.97,25.04,24.9,24.9,177700
2025-01-29T20:00:00Z,24.9,24.92,24.83,24.88,256900
2025-01-30T13:00:00Z,24.78,25.23,24.78,25.17,101700
2025-01-30T14:00:00Z,25.17,25.33,25.1,25.2,141700
2025-01-30T15:00:00Z,25.21,25.46,25.2,25.46,149100
2025-01-30T16:00:00Z,25.45,25.47,25.39,25.45,90300
2025-01-30T17:00:00Z,25.45,25.58,25.4,25.54,187900
2025-01-30T18:00:00Z,25.54,25.66,25.52,25.65,225300
2025-01-30T19:00:00Z,25.65,25.82,25.6,25.81,593900
2025-01-30T20:00:00Z,25.82,25.85,25.64,25.69,333600
2025-01-31T13:00:00Z,25.73,25.87,25.66,25.82,76600
2025-01-31T14:00:00Z,25.82,25.95,25.69,25.88,297100
2025-01-31T15:00:00Z,25.89,25.89,25.76,25.88,250200
2025-01-31T16:00:00Z,25.88,25.91,25.8,25.82,274600
2025-01-31T17:00:00Z,25.82,25.86,25.78,25.84,145500
2025-01-31T18:00:00Z,25.84,25.91,25.7,25.8,418300
2025-01-31T19:00:00Z,25.81,25.88,25.76,25.88,331000
2025-01-31T20:00:00Z,25.88,25.99,25.81,25.96,479900
2025-02-03T13:00:00Z,25.92,25.92,25.72,25.87,124100
2025-02-03T14:00:00Z,25.86,25.92,25.75,25.75,260100
2025-02-03T15:00:00Z,25.74,26,25.68,25.93,305100
2025-02-03T16:00:00Z,25.93,25.98,25.83,25.85,146900
2025-02-03T17:00:00Z,25.85,25.96,25.84,25.84,214200
2025-02-03T18:00:00Z,25.84,25.89,25.69,25.73,389600
2025-02-03T19:00:00Z,25.73,25.8,25.7,25.78,224900
2025-02-03T20:00:00Z,25.77,25.87,25.68,25.87,1029900
2025-02-04T13:00:00Z,25.84,25.92,25.57,25.6,147000
2025-02-04T14:00:00Z,25.61,25.75,25.56,25.68,243900
2025-02-04T15:00:00Z,25.69,25.88,25.69,25.83,164000
2025-02-04T16:00:00Z,25.83,25.89,25.65,25.65,314600
2025-02-04T17:00:00Z,25.65,25.69,25.61,25.68,272700
2025-02-04T18:00:00Z,25.68,25.76,25.67,25.72,199600
2025-02-04T19:00:00Z,25.71,25.75,25.48,25.54,458000
2025-02-04T20:00:00Z,25.53,25.58,25.46,25.5,276500
2025-02-05T13:00:00Z,26.41,26.84,26.33,26.7,2185300
2025-02-05T14:00:00Z,26.7,27.14,26.41,27.09,2725100
2025-02-05T15:00:00Z,27.11,27.29,27.05,27.28,1133300
2025-02-05T16:00:00Z,27.28,27.33,27.12,27.14,587100
2025-02-05T17:00:00Z,27.13,27.29,27.08,27.19,694600
2025-02-05T18:00:00Z,27.18,27.2,26.97,26.99,913900
2025-02-05T19:00:00Z,26.99,27.13,26.85,27.08,878600
2025-02-05T20:00:00Z,27.06,27.1,26.93,27.05,935300
2025-02-06T13:00:00Z,26.99,27.17,26.74,26.91,350600
2025-02-06T14:00:00Z,26.93,26.98,26.7,26.78,348400
2025-02-06T15:00:00Z,26.78,26.84,26.58,26.68,175700
2025-02-06T16:00:00Z,26.68,26.79,26.62,26.75,88300
2025-02-06T17:00:00Z,26.74,27.04,26.7,26.91,128200
2025-02-06T18:00:00Z,26.89,27.15,26.88,27.05,273900
2025-02-06T19:00:00Z,27.06,27.07,26.95,27.02,283100
2025-02-06T20:00:00Z,27.01,27.28,26.94,27.25,332600
2025-02-07T13:00:00Z,26.91,27.03,26.58,26.68,605000
2025-02-07T14:00:00Z,26.67,26.7,26.18,26.4,577800
2025-02-07T15:00:00Z,26.39,26.64,26.31,26.57,589900
2025-02-07T16:00:00Z,26.58,26.64,26.46,26.5,312800
2025-02-07T17:00:00Z,26.5,26.55,26.43,26.49,207000
2025-02-07T18:00:00Z,26.5,26.7,26.21,26.26,893900
2025-02-07T19:00:00Z,26.26,26.64,26.25,26.64,485900
2025-02-07T20:00:00Z,26.63,26.68,26.39,26.54,427500
2025-02-10T13:00:00Z,26.41,26.8,26.32,26.69,271300
2025-02-10T14:00:00Z,26.69,26.7,26.31,26.41,249100
2025-02-10T15:00:00Z,26.41,26.45,26.33,26.39,169100
2025-02-10T16:00:00Z,26.39,26.39,26.17,26.2,253900
2025-02-10T17:00:00Z,26.2,26.27,26.17,26.25,192800
2025-02-10T18:00:00Z,26.26,26.31,26.21,26.23,136400
2025-02-10T19:00:00Z,26.22,26.25,26.15,26.18,299200
2025-02-10T20:00:00Z,26.17,26.18,26.12,26.12,768800
2025-02-11T13:00:00Z,26.29,26.39,26.06,26.35,164700
2025-02-11T14:00:00Z,26.36,26.53,26.32,26.46,267800
2025-02-11T15:00:00Z,26.46,26.72,26.45,26.72,226600
2025-02-11T16:00:00Z,26.72,26.72,26.51,26.55,189700
2025-02-11T17:00:00Z,26.54,26.56,26.38,26.42,283400
2025-02-11T18:00:00Z,26.44,26.45,26.38,26.41,286900
2025-02-11T19:00:00Z,26.41,26.43,26.33,26.38,299800
2025-02-11T20:00:00Z,26.38,26.61,26.31,26.31,231200
2025-02-12T13:00:00Z,26.24,26.52,26.08,26.33,737100
2025-02-12T14:00:00Z,26.32,26.63,26.3,26.52,539700
2025-02-12T15:00:00Z,26.52,26.52,26.1,26.12,659600
2025-02-12T16:00:00Z,26.13,26.26,26.04,26.23,340600
2025-02-12T17:00:00Z,26.23,26.3,26.13,26.24,298900
2025-02-12T18:00:00Z,26.24,26.32,26.18,26.21,413800
2025-02-12T19:00:00Z,26.23,26.26,26.17,26.2,414200
2025-02-12T20:00:00Z,26.19,26.22,26.05,26.19,492200
2025-02-13T13:00:00Z,26,26.13,25.88,26.1,171200
2025-02-13T14:00:00Z,26.1,26.2,25.94,26.1,236300
2025-02-13T15:00:00Z,26.11,26.13,25.99,26,192300
2025-02-13T16:00:00Z,26,26.04,25.94,25.95,163600
2025-02-13T17:00:00Z,25.95,25.96,25.85,25.91,267000
2025-02-13T18:00:00Z,25.91,25.91,25.69,25.74,336300
2025-02-13T19:00:00Z,25.74,25.8,25.67,25.71,221900
2025-02-13T20:00:00Z,25.71,25.79,25.66,25.68,392900
2025-02-14T13:00:00Z,25.77,26.13,25.77,26.07,113400
2025-02-14T14:00:00Z,26.06,26.27,26.03,26.16,186000
2025-02-14T15:00:00Z,26.16,26.38,26.14,26.32,111300
2025-02-14T16:00:00Z,26.32,26.37,26.23,26.37,112400
2025-02-14T17:00:00Z,26.35,26.41,26.31,26.4,148800
2025-02-14T18:00:00Z,26.39,26.49,26.37,26.49,160200
2025-02-14T19:00:00Z,26.49,26.62,26.43,26.57,341800
2025-02-14T20:00:00Z,26.57,26.68,26.5,26.5,433100
2025-02-17T13:00:00Z,26.64,26.82,26.6,26.67,121500
2025-02-17T14:00:00Z,26.67,26.85,26.65,26.81,105800
2025-02-17T15:00:00Z,26.81,26.91,26.75,26.86,118200
2025-02-17T16:00:00Z,26.86,26.92,26.78,26.86,99100
2025-02-17T17:00:00Z,26.88,26.9,26.79,26.84,153800
2025-02-17T18:00:00Z,26.86,26.92,26.83,26.88,125100
2025-02-17T19:00:00Z,26.88,26.91,26.69,26.74,118400
2025-02-17T20:00:00Z,26.74,26.82,26.66,26.82,129700
2025-02-18T13:00:00Z,26.7,26.79,26.43,26.64,96100
2025-02-18T14:00:00Z,26.64,26.77,26.6,26.76,65800
2025-02-18T15:00:00Z,26.76,26.92,26.75,26.9,108300
2025-02-18T16:00:00Z,26.9,26.92,26.85,26.9,119900
2025-02-18T17:00:00Z,26.91,26.99,26.82,26.94,240200
2025-02-18T18:00:00Z,26.93,26.95,26.81,26.84,107800
2025-02-18T19:00:00Z,26.84,26.98,26.83,26.96,198500
2025-02-18T20:00:00Z,26.96,26.97,26.79,26.95,300900
2025-02-19T13:00:00Z,26.61,26.76,26.46,26.74,105100
2025-02-19T14:00:00Z,26.72,26.72,26.49,26.51,123800
2025-02-19T15:00:00Z,26.5,26.71,26.49,26.64,143500
2025-02-19T16:00:00Z,26.64,26.73,26.58,26.64,272300
2025-02-19T17:00:00Z,26.64,26.66,26.35,26.42,776800
2025-02-19T18:00:00Z,26.42,26.51,26.32,26.38,393800
2025-02-19T19:00:00Z,26.38,26.4,26.25,26.28,242300
2025-02-19T20:00:00Z,26.27,26.4,26.21,26.26,329800
2025-02-20T13:00:00Z,26.24,26.46,26.23,26.35,174500
2025-02-20T14:00:00Z,26.35,26.63,26.32,26.61,207200
2025-02-20T15:00:00Z,26.61,26.62,26.48,26.52,130100
2025-02-20T16:00:00Z,26.53,26.56,26.43,26.51,73700
2025-02-20T17:00:00Z,26.51,26.56,26.43,26.49,164400
2025-02-20T18:00:00Z,26.49,26.5,26.4,26.43,326500
2025-02-20T19:00:00Z,26.43,26.48,26.41,26.43,267800
2025-02-20T20:00:00Z,26.43,26.5,26.43,26.43,382600
2025-02-21T13:00:00Z,26.35,26.44,26.24,26.31,71200
2025-02-21T14:00:00Z,26.31,26.35,26.16,26.2,98700
2025-02-21T15:00:00Z,26.19,26.22,26.11,26.18,225700
2025-02-21T16:00:00Z,26.17,26.22,26.13,26.19,212700
2025-02-21T17:00:00Z,26.19,26.25,26.16,26.19,229300
2025-02-21T18:00:00Z,26.21,26.22,26.04,26.18,385800
2025-02-21T19:00:00Z,26.19,26.27,26.18,26.2,171400
2025-02-21T20:00:00Z,26.21,26.27,26.15,26.15,483700
2025-02-24T13:00:00Z,26.22,26.27,26.16,26.23,502500
2025-02-24T14:00:00Z,26.23,26.7,26.21,26.54,736400
2025-02-24T15:00:00Z,26.54,26.56,26.35,26.41,341500
2025-02-24T16:00:00Z,26.41,26.57,26.39,26.51,609800
2025-02-24T17:00:00Z,26.5,26.53,26.42,26.46,352100
2025-02-24T18:00:00Z,26.46,26.48,26.39,26.39,410000
2025-02-24T19:00:00Z,26.4,26.42,26.33,26.36,197900
2025-02-24T20:00:00Z,26.35,26.58,26.33,26.39,497900
2025-02-25T13:00:00Z,26.3,26.52,26.3,26.47,75800
2025-02-25T14:00:00Z,26.47,26.65,26.45,26.64,128100
2025-02-25T15:00:00Z,26.62,26.64,26.55,26.63,121200
2025-02-25T16:00:00Z,26.63,26.68,26.58,26.63,125600
2025-02-25T17:00:00Z,26.62,26.67,26.49,26.56,299800
2025-02-25T18:00:00Z,26.57,26.6,26.5,26.57,163300
2025-02-25T19:00:00Z,26.55,26.58,26.51,26.55,247400
2025-02-25T20:00:00Z,26.55,26.58,26.43,26.47,470600
2025-02-26T13:00:00Z,26.7,26.78,26.49,26.53,114800
2025-02-26T14:00:00Z,26.52,26.7,26.5,26.68,188900
2025-02-26T15:00:00Z,26.69,26.88,26.64,26.85,306300
2025-02-26T16:00:00Z,26.87,26.88,26.75,26.78,268000
2025-02-26T17:00:00Z,26.78,26.79,26.62,26.68,190800
2025-02-26T18:00:00Z,26.69,26.82,26.65,26.78,187400
2025-02-26T19:00:00Z,26.79,26.81,26.62,26.72,278200
2025-02-26T20:00:00Z,26.71,26.75,26.58,26.64,224300
2025-02-27T13:00:00Z,26.3,26.75,26.3,26.73,99300
2025-02-27T14:00:00Z,26.75,26.77,26.55,26.57,109400
2025-02-27T15:00:00Z,26.55,26.62,26.38,26.39,138700
2025-02-27T16:00:00Z,26.39,26.44,26.24,26.42,82500
2025-02-27T17:00:00Z,26.39,26.55,26.37,26.43,96500
2025-02-27T18:00:00Z,26.41,26.54,26.4,26.49,107600
2025-02-27T19:00:00Z,26.5,26.51,26.31,26.34,91900
2025-02-27T20:00:00Z,26.32,26.33,26.16,26.21,253000
2025-02-28T13:00:00Z,26.08,26.17,25.96,26.02,262500
2025-02-28T14:00:00Z,26.01,26.07,25.72,25.78,213100
2025-02-28T15:00:00Z,25.78,25.92,25.72,25.84,131900
2025-02-28T16:00:00Z,25.84,25.86,25.56,25.57,140800
2025-02-28T17:00:00Z,25.57,25.95,25.56,25.65,359900
2025-02-28T18:00:00Z,25.65,25.66,25.36,25.37,267000
2025-02-28T19:00:00Z,25.37,25.42,25.28,25.36,359200
2025-02-28T20:00:00Z,25.36,25.4,25.27,25.31,350900
2025-03-05T16:00:00Z,25.19,25.52,25.04,25.46,448000
2025-03-05T17:00:00Z,25.45,25.52,25.33,25.35,181000
2025-03-05T18:00:00Z,25.36,25.51,25.3,25.38,268900
2025-03-05T19:00:00Z,25.37,25.45,25.29,25.43,416400
2025-03-05T20:00:00Z,25.43,25.5,25.35,25.42,337800
2025-03-06T13:00:00Z,25.34,25.35,25.11,25.22,305200
2025-03-06T14:00:00Z,25.2,25.35,25.15,25.33,193000
2025-03-06T15:00:00Z,25.33,25.66,25.33,25.44,186200
2025-03-06T16:00:00Z,25.46,25.57,25.38,25.43,201500
2025-03-06T17:00:00Z,25.42,25.49,25.37,25.42,210200
2025-03-06T18:00:00Z,25.41,25.57,25.37,25.48,154800
2025-03-06T19:00:00Z,25.47,25.51,25.3,25.41,376400
2025-03-06T20:00:00Z,25.41,25.54,25.39,25.46,1050700
2025-03-07T13:00:00Z,25.23,25.37,25.15,25.35,114600
2025-03-07T14:00:00Z,25.35,25.75,25.35,25.68,630300
2025-03-07T15:00:00Z,25.68,25.89,25.67,25.85,247100
2025-03-07T16:00:00Z,25.84,25.85,25.71,25.74,118700
2025-03-07T17:00:00Z,25.75,25.95,25.73,25.86,308100
2025-03-07T18:00:00Z,25.85,25.94,25.81,25.82,179200
2025-03-07T19:00:00Z,25.81,26.14,25.81,26.07,1246200
2025-03-07T20:00:00Z,26.07,26.12,26,26.12,349200
2025-03-10T13:00:00Z,25.81,25.81,25.49,25.56,170000
2025-03-10T14:00:00Z,25.56,25.61,25.38,25.55,624000
2025-03-10T15:00:00Z,25.56,25.71,25.52,25.64,166600
2025-03-10T16:00:00Z,25.63,25.75,25.61,25.7,182700
2025-03-10T17:00:00Z,25.72,25.72,25.52,25.53,179300
2025-03-10T18:00:00Z,25.53,25.55,25.4,25.41,307900
2025-03-10T19:00:00Z,25.41,25.45,25.37,25.45,221200
2025-03-11T13:00:00Z,25.5,25.5,25.15,25.25,164400
2025-03-11T14:00:00Z,25.25,25.29,25.06,25.12,299400
2025-03-11T15:00:00Z,25.12,25.14,25.03,25.07,207000
2025-03-11T16:00:00Z,25.06,25.1,24.96,25.06,221500
2025-03-11T17:00:00Z,25.05,25.13,24.95,24.99,442000
2025-03-11T18:00:00Z,25,25.06,24.95,25.03,281100
2025-03-11T19:00:00Z,25.04,25.13,24.96,25.06,543800
2025-03-12T13:00:00Z,24.91,25.16,24.91,25.09,173600
2025-03-12T14:00:00Z,25.07,25.09,24.91,25.05,235300
2025-03-12T15:00:00Z,25.05,25.14,25.01,25.01,132600
2025-03-12T16:00:00Z,25.01,25.07,24.94,24.94,183200
2025-03-12T17:00:00Z,24.94,24.97,24.8,24.8,289500
2025-03-12T18:00:00Z,24.8,24.95,24.77,24.81,383400
2025-03-12T19:00:00Z,24.8,25,24.79,24.94,355700
2025-03-13T13:00:00Z,25.06,25.06,24.85,24.89,191600
2025-03-13T14:00:00Z,24.88,25.18,24.86,25.16,199700
2025-03-13T15:00:00Z,25.17,25.35,25.16,25.33,256200
2025-03-13T16:00:00Z,25.34,25.43,25.29,25.42,170200
2025-03-13T17:00:00Z,25.42,25.49,25.23,25.4,290400
2025-03-13T18:00:00Z,25.41,25.48,25.4,25.41,181700
2025-03-13T19:00:00Z,25.42,25.42,25.19,25.2,697800
2025-03-14T13:00:00Z,25.43,25.7,25.3,25.6,1075100
2025-03-14T14:00:00Z,25.58,25.86,25.42,25.72,474100
2025-03-14T15:00:00Z,25.73,25.8,25.7,25.78,223400
2025-03-14T16:00:00Z,25.77,25.99,25.75,25.96,523900
2025-03-14T17:00:00Z,25.96,26.01,25.92,25.98,163600
2025-03-14T18:00:00Z,25.96,26.19,25.91,26.15,626100
2025-03-14T19:00:00Z,26.15,26.25,26.06,26.06,695200
2025-03-17T13:00:00Z,26.18,26.35,26.1,26.31,140000
2025-03-17T14:00:00Z,26.32,26.54,26.23,26.49,474300
2025-03-17T15:00:00Z,26.49,26.69,26.48,26.62,193400
2025-03-17T16:00:00Z,26.62,26.67,26.49,26.66,218600
2025-03-17T17:00:00Z,26.65,26.82,26.65,26.8,206700
2025-03-17T18:00:00Z,26.8,26.81,26.72,26.79,164300
2025-03-17T19:00:00Z,26.79,26.84,26.69,26.74,384700
2025-03-18T13:00:00Z,26.51,27,26.51,26.73,410500
2025-03-18T14:00:00Z,26.73,26.81,26.69,26.76,96900
2025-03-18T15:00:00Z,26.76,26.9,26.75,26.79,242500
2025-03-18T16:00:00Z,26.79,26.82,26.66,26.76,99500
2025-03-18T17:00:00Z,26.76,26.86,26.7,26.81,114200
2025-03-18T18:00:00Z,26.8,26.87,26.62,26.7,516200
2025-03-18T19:00:00Z,26.7,26.75,26.56,26.57,728900
2025-03-19T13:00:00Z,26.88,26.88,26.55,26.81,171200
2025-03-19T14:00:00Z,26.81,27,26.76,26.92,361000
2025-03-19T15:00:00Z,26.93,26.98,26.76,26.77,178700
2025-03-19T16:00:00Z,26.77,26.94,26.75,26.87,195500
2025-03-19T17:00:00Z,26.86,26.95,26.8,26.9,260300
2025-03-19T18:00:00Z,26.9,27.22,26.89,27.16,966000
2025-03-19T19:00:00Z,27.16,27.19,26.96,27.02,370400
2025-03-20T13:00:00Z,26.81,27.03,26.76,26.91,137100
2025-03-20T14:00:00Z,26.91,26.93,26.7,26.78,267400
2025-03-20T15:00:00Z,26.78,26.88,26.56,26.63,227300
2025-03-20T16:00:00Z,26.62,26.71,26.61,26.67,145000
2025-03-20T17:00:00Z,26.68,26.75,26.61,26.64,183700
2025-03-20T18:00:00Z,26.63,26.74,26.56,26.72,430400
2025-03-20T19:00:00Z,26.71,26.82,26.66,26.8,648700
2025-03-21T13:00:00Z,26.54,26.78,26.54,26.68,186400
2025-03-21T14:00:00Z,26.7,26.85,26.6,26.75,141500
2025-03-21T15:00:00Z,26.76,26.77,26.66,26.71,143700
2025-03-21T16:00:00Z,26.72,26.74,26.62,26.72,302100
2025-03-21T17:00:00Z,26.71,26.74,26.56,26.62,308700
2025-03-21T18:00:00Z,26.61,26.61,26.5,26.5,541000
2025-03-21T19:00:00Z,26.5,26.88,26.49,26.77,215400
2025-03-24T13:00:00Z,26.98,26.99,26.64,26.69,276200
2025-03-24T14:00:00Z,26.68,26.78,26.65,26.73,251300
2025-03-24T15:00:00Z,26.72,26.72,26.6,26.64,71900
2025-03-24T16:00:00Z,26.64,26.68,26.57,26.6,83500
2025-03-24T17:00:00Z,26.6,26.6,26.47,26.53,235400
2025-03-24T18:00:00Z,26.53,26.67,26.52,26.64,186500
2025-03-24T19:00:00Z,26.63,26.71,26.59,26.6,179200
2025-03-25T13:00:00Z,26.7,27.09,26.66,26.94,171200
2025-03-25T14:00:00Z,26.94,27.1,26.89,27.01,201200
2025-03-25T15:00:00Z,27.01,27.13,26.99,27.04,197200
2025-03-25T16:00:00Z,27.02,27.15,26.96,27.02,444900
2025-03-25T17:00:00Z,27.03,27.27,27.01,27.13,549100
2025-03-25T18:00:00Z,27.13,27.29,27.07,27.18,546800
2025-03-25T19:00:00Z,27.18,27.4,27.06,27.13,232300
2025-03-26T13:00:00Z,27,27.34,26.98,27.28,156500
2025-03-26T14:00:00Z,27.26,27.34,27.14,27.21,293500
2025-03-26T15:00:00Z,27.2,27.47,27.18,27.43,451400
2025-03-26T16:00:00Z,27.45,27.53,27.36,27.4,499800
2025-03-26T17:00:00Z,27.4,27.41,27.2,27.3,519300
2025-03-26T18:00:00Z,27.3,27.33,27.19,27.26,167000
2025-03-26T19:00:00Z,27.24,27.46,27.21,27.38,223100
2025-03-27T13:00:00Z,27.25,27.38,27.15,27.2,90400
2025-03-27T14:00:00Z,27.2,27.24,27.04,27.05,57200
2025-03-27T15:00:00Z,27.07,27.24,27.04,27.24,161200
2025-03-27T16:00:00Z,27.24,27.27,27.15,27.17,132500
2025-03-27T17:00:00Z,27.18,27.45,27.15,27.3,308500
2025-03-27T18:00:00Z,27.29,27.45,27.29,27.42,364600
2025-03-27T19:00:00Z,27.41,27.55,27.27,27.55,827500
2025-03-28T13:00:00Z,27.46,27.77,27.46,27.62,452300
2025-03-28T14:00:00Z,27.62,27.62,27.21,27.33,378300
2025-03-28T15:00:00Z,27.33,27.46,27.27,27.45,83900
2025-03-28T16:00:00Z,27.45,27.54,27.3,27.31,341100
2025-03-28T17:00:00Z,27.31,27.32,27.17,27.3,164600
2025-03-28T18:00:00Z,27.31,27.48,27.23,27.32,309800
2025-03-28T19:00:00Z,27.3,27.44,27.28,27.42,391600
2025-03-31T13:00:00Z,27,27.08,26.66,26.76,214500
2025-03-31T14:00:00Z,26.75,26.94,26.75,26.86,140500
2025-03-31T15:00:00Z,26.85,26.87,26.63,26.69,83400
2025-03-31T16:00:00Z,26.67,26.72,26.62,26.68,74800
2025-03-31T17:00:00Z,26.68,26.68,26.51,26.56,210200
2025-03-31T18:00:00Z,26.56,26.79,26.56,26.66,652400
2025-03-31T19:00:00Z,26.66,26.85,26.65,26.75,442700
2025-04-01T13:00:00Z,26.65,26.93,26.5,26.88,247900
2025-04-01T14:00:00Z,26.87,27.31,26.84,27.22,346800
2025-04-01T15:00:00Z,27.22,27.34,27.08,27.15,252600
2025-04-01T16:00:00Z,27.16,27.26,27.14,27.22,333800
2025-04-01T17:00:00Z,27.22,27.24,27,27,272400
2025-04-01T18:00:00Z,27,27.04,26.73,26.85,286400
2025-04-01T19:00:00Z,26.85,26.98,26.81,26.81,271300
2025-04-02T13:00:00Z,26.68,27.17,26.58,27.06,193700
2025-04-02T14:00:00Z,27.06,27.21,26.92,27.11,286000
2025-04-02T15:00:00Z,27.1,27.22,27.05,27.18,257600
2025-04-02T16:00:00Z,27.18,27.29,27.12,27.23,167200
2025-04-02T17:00:00Z,27.25,27.3,27.16,27.29,248000
2025-04-02T18:00:00Z,27.29,27.33,27.24,27.28,266400
2025-04-02T19:00:00Z,27.29,27.31,27.19,27.2,189000
2025-04-03T13:00:00Z,26.98,27.49,26.95,27.36,143300
2025-04-03T14:00:00Z,27.34,27.57,27.32,27.41,247100
2025-04-03T15:00:00Z,27.41,27.59,27.34,27.5,304100
2025-04-03T16:00:00Z,27.5,27.65,27.42,27.59,275300
2025-04-03T17:00:00Z,27.59,27.82,27.55,27.63,334700
2025-04-03T18:00:00Z,27.62,27.81,27.62,27.79,422800
2025-04-03T19:00:00Z,27.79,27.82,27.56,27.65,776000
2025-04-04T13:00:00Z,27.01,27.12,26.74,26.8,192300
2025-04-04T14:00:00Z,26.79,26.79,26.41,26.47,333600
2025-04-04T15:00:00Z,26.45,26.69,26.41,26.46,229800
2025-04-04T16:00:00Z,26.47,26.56,26.41,26.48,150400
2025-04-04T17:00:00Z,26.48,26.52,26.35,26.41,322400
2025-04-04T18:00:00Z,26.42,26.65,26.35,26.59,577100
2025-04-04T19:00:00Z,26.61,26.84,26.54,26.63,545500
2025-04-07T13:00:00Z,26.45,26.45,25.93,26.14,243000
2025-04-07T14:00:00Z,26.12,26.96,26.06,26.58,447400
2025-04-07T15:00:00Z,26.55,26.63,26.18,26.33,285000
2025-04-07T16:00:00Z,26.3,26.32,26.08,26.19,100600
2025-04-07T17:00:00Z,26.19,26.54,26.19,26.46,207200
2025-04-07T18:00:00Z,26.46,26.55,26.14,26.24,211700
2025-04-07T19:00:00Z,26.22,26.47,26.21,26.43,512400
2025-04-08T13:00:00Z,26.75,26.87,26.47,26.5,166100
2025-04-08T14:00:00Z,26.52,26.63,26.18,26.2,156900
2025-04-08T15:00:00Z,26.2,26.43,26.08,26.42,154000
2025-04-08T16:00:00Z,26.41,26.41,26.02,26.09,170800
2025-04-08T17:00:00Z,26.09,26.18,25.95,26.13,246100
2025-04-08T18:00:00Z,26.13,26.17,26,26.04,164400
2025-04-08T19:00:00Z,26.04,26.1,25.82,26.02,467000
2025-04-09T13:00:00Z,25.75,26,25.59,25.88,336200
2025-04-09T14:00:00Z,25.89,26.21,25.89,25.97,345300
2025-04-09T15:00:00Z,25.95,26.04,25.82,25.87,225800
2025-04-09T16:00:00Z,25.88,26.09,25.85,26,138700
2025-04-09T17:00:00Z,26.01,26.9,25.89,26.78,698500
2025-04-09T18:00:00Z,26.82,26.85,26.41,26.43,237000
2025-04-09T19:00:00Z,26.42,26.72,26.39,26.68,274300
2025-04-10T13:00:00Z,26.35,26.6,26.25,26.4,111100
2025-04-10T14:00:00Z,26.42,26.53,26.32,26.34,108200
2025-04-10T15:00:00Z,26.34,26.48,26.3,26.32,108300
2025-04-10T16:00:00Z,26.33,26.35,26.13,26.27,142300
2025-04-10T17:00:00Z,26.28,26.35,26.05,26.22,228700
2025-04-10T18:00:00Z,26.22,26.37,26.18,26.24,215500
2025-04-10T19:00:00Z,26.24,26.47,26.21,26.44,521300
2025-04-11T13:00:00Z,26.3,26.75,26.3,26.64,288300
2025-04-11T14:00:00Z,26.62,26.7,26.4,26.57,1590800
2025-04-11T15:00:00Z,26.58,26.69,26.49,26.61,2045700
2025-04-11T16:00:00Z,26.62,26.8,26.57,26.76,77500
2025-04-11T17:00:00Z,26.76,26.8,26.59,26.64,114100
2025-04-11T18:00:00Z,26.64,26.66,26.48,26.51,523400
2025-04-11T19:00:00Z,26.51,26.59,26.49,26.55,507000
2025-04-14T13:00:00Z,26.9,27.05,26.59,26.62,422900
2025-04-14T14:00:00Z,26.62,26.73,26.51,26.52,202700
2025-04-14T15:00:00Z,26.53,26.64,26.35,26.38,170800
2025-04-14T16:00:00Z,26.39,26.58,26.33,26.56,199700
2025-04-14T17:00:00Z,26.56,26.71,26.5,26.68,259500
2025-04-14T18:00:00Z,26.68,26.91,26.64,26.76,584600
2025-04-14T19:00:00Z,26.75,26.92,26.62,26.85,1180300
2025-04-15T13:00:00Z,26.75,27.28,26.75,27.24,240000
2025-04-15T14:00:00Z,27.23,27.4,27.16,27.27,487000
2025-04-15T15:00:00Z,27.28,27.45,27.25,27.43,260100
2025-04-15T16:00:00Z,27.43,27.49,27.3,27.32,398600
2025-04-15T17:00:00Z,27.32,27.4,27.27,27.32,329000
2025-04-15T18:00:00Z,27.32,27.34,27.03,27.03,283000
2025-04-15T19:00:00Z,27.04,27.22,27.03,27.13,229600
2025-04-16T13:00:00Z,26.89,27.25,26.82,27.18,386000
2025-04-16T14:00:00Z,27.18,27.19,26.84,26.89,234500
2025-04-16T15:00:00Z,26.87,27.1,26.86,27.06,174200
2025-04-16T16:00:00Z,27.08,27.14,26.97,27.13,207900
2025-04-16T17:00:00Z,27.13,27.31,27.1,27.11,1684700
2025-04-16T18:00:00Z,27.12,27.37,27.1,27.27,446900
2025-04-16T19:00:00Z,27.27,27.33,27.19,27.26,393800
2025-04-17T13:00:00Z,27.4,27.4,27.01,27.33,223200
2025-04-17T14:00:00Z,27.33,27.48,27.26,27.41,334900
2025-04-17T15:00:00Z,27.4,27.56,27.39,27.44,321900
2025-04-17T16:00:00Z,27.44,27.52,27.35,27.44,156900
2025-04-17T17:00:00Z,27.44,27.48,27.31,27.35,205900
2025-04-17T18:00:00Z,27.35,27.37,27.16,27.22,1252400
2025-04-17T19:00:00Z,27.22,27.25,27.08,27.1,756600
2025-04-22T13:00:00Z,26.45,26.69,26.3,26.6,633100
2025-04-22T14:00:00Z,26.59,26.8,26.51,26.78,388600
2025-04-22T15:00:00Z,26.79,26.89,26.75,26.83,316100
2025-04-22T16:00:00Z,26.84,26.89,26.7,26.72,180300
2025-04-22T17:00:00Z,26.72,26.8,26.7,26.72,252400
2025-04-22T18:00:00Z,26.72,26.98,26.71,26.92,318600
2025-04-22T19:00:00Z,26.92,26.95,26.81,26.81,450500
2025-04-23T13:00:00Z,27.03,27.34,26.89,27.23,268000
2025-04-23T14:00:00Z,27.25,27.34,27.12,27.27,358900
2025-04-23T15:00:00Z,27.27,27.31,27.13,27.2,269900
2025-04-23T16:00:00Z,27.21,27.23,27.04,27.13,267100
2025-04-23T17:00:00Z,27.13,27.14,27,27.06,251100
2025-04-23T18:00:00Z,27.04,27.09,27,27.03,279900
2025-04-23T19:00:00Z,27.03,27.09,27,27,337400
2025-04-24T13:00:00Z,27.22,27.3,27.11,27.29,82300
2025-04-24T14:00:00Z,27.28,27.49,27.24,27.48,322900
2025-04-24T15:00:00Z,27.49,27.67,27.48,27.61,242400
2025-04-24T16:00:00Z,27.6,27.67,27.4,27.66,889300
2025-04-24T17:00:00Z,27.66,27.73,27.59,27.68,306300
2025-04-24T18:00:00Z,27.69,27.86,27.68,27.8,405100
2025-04-24T19:00:00Z,27.81,28.05,27.75,27.93,621600
2025-04-25T13:00:00Z,28.05,28.06,27.84,27.91,203900
2025-04-25T14:00:00Z,27.92,28.17,27.89,28.17,859100
2025-04-25T15:00:00Z,28.17,28.17,27.99,28.01,67200
2025-04-25T16:00:00Z,28,28.01,27.83,27.87,116200
2025-04-25T17:00:00Z,27.85,27.9,27.8,27.85,134000
2025-04-25T18:00:00Z,27.83,27.96,27.77,27.77,192900
2025-04-25T19:00:00Z,27.77,27.89,27.63,27.88,606000
2025-04-28T13:00:00Z,27.92,28.2,27.86,28.17,143400
2025-04-28T14:00:00Z,28.15,28.25,28.05,28.13,167600
2025-04-28T15:00:00Z,28.12,28.14,28.05,28.08,115900
2025-04-28T16:00:00Z,28.09,28.2,28.05,28.16,156500
2025-04-28T17:00:00Z,28.14,28.2,28.1,28.18,125100
2025-04-28T18:00:00Z,28.17,28.25,28.16,28.21,124500
2025-04-28T19:00:00Z,28.21,28.24,28.16,28.2,154500
2025-04-29T13:00:00Z,28.28,28.48,28.19,28.42,301900
2025-04-29T14:00:00Z,28.42,28.88,28.4,28.84,421000
2025-04-29T15:00:00Z,28.84,28.95,28.74,28.86,368700
2025-04-29T16:00:00Z,28.86,28.89,28.73,28.77,185700
2025-04-29T17:00:00Z,28.77,28.81,28.6,28.62,164500
2025-04-29T18:00:00Z,28.61,28.65,28.55,28.59,243600
2025-04-29T19:00:00Z,28.58,28.6,28.46,28.54,340200
2025-04-30T13:00:00Z,27.5,28.39,27.5,28.35,1419400
2025-04-30T14:00:00Z,28.35,29.01,28.28,28.75,1225900
2025-04-30T15:00:00Z,28.73,28.96,28.7,28.94,713000
2025-04-30T16:00:00Z,28.92,29.16,28.84,29.11,562300
2025-04-30T17:00:00Z,29.12,29.29,29.04,29.26,584000
2025-04-30T18:00:00Z,29.26,29.39,29.07,29.34,961900
2025-04-30T19:00:00Z,29.34,29.58,29.29,29.58,1147800
2025-05-02T13:00:00Z,29.2,29.46,29.13,29.37,378400
2025-05-02T14:00:00Z,29.37,29.39,29.19,29.37,478300
2025-05-02T15:00:00Z,29.38,29.43,29.14,29.24,272900
2025-05-02T16:00:00Z,29.24,29.3,29.09,29.26,377900
2025-05-02T17:00:00Z,29.27,29.37,29.17,29.2,616300
2025-05-02T18:00:00Z,29.2,29.21,29.01,29.09,498500
2025-05-02T19:00:00Z,29.08,29.21,29.07,29.13,475000
2025-05-05T13:00:00Z,29.09,29.35,29.03,29.18,456700
2025-05-05T14:00:00Z,29.18,29.18,28.83,28.96,149900
2025-05-05T15:00:00Z,28.96,29.05,28.9,28.95,144400
2025-05-05T16:00:00Z,28.95,28.98,28.56,28.56,259400
2025-05-05T17:00:00Z,28.56,28.61,28.43,28.54,274000
2025-05-05T18:00:00Z,28.54,28.63,28.4,28.55,722900
2025-05-05T19:00:00Z,28.55,28.67,28.5,28.65,354900
2025-05-06T13:00:00Z,28.71,28.88,28.48,28.87,196500
2025-05-06T14:00:00Z,28.9,28.92,28.68,28.69,134400
2025-05-06T15:00:00Z,28.7,28.85,28.62,28.63,145500
2025-05-06T16:00:00Z,28.62,28.77,28.61,28.72,177800
2025-05-06T17:00:00Z,28.73,28.8,28.71,28.76,134500
2025-05-06T18:00:00Z,28.76,28.8,28.59,28.64,192400
2025-05-06T19:00:00Z,28.64,28.64,28.34,28.45,754200
2025-05-07T13:00:00Z,28.43,28.78,28.36,28.56,228400
2025-05-07T14:00:00Z,28.56,28.72,28.54,28.61,218500
2025-05-07T15:00:00Z,28.63,28.66,28.55,28.61,138500
2025-05-07T16:00:00Z,28.61,28.64,28.4,28.52,1250900
2025-05-07T17:00:00Z,28.53,28.59,28.49,28.56,381800
2025-05-07T18:00:00Z,28.56,28.66,28.47,28.61,320400
2025-05-07T19:00:00Z,28.63,28.63,28.43,28.55,532100
2025-05-08T13:00:00Z,28.88,29.62,28.79,29.6,488900
2025-05-08T14:00:00Z,29.62,29.78,29.27,29.77,685100
2025-05-08T15:00:00Z,29.76,30.03,29.67,29.82,868900
2025-05-08T16:00:00Z,29.81,30.03,29.78,30.02,544000
2025-05-08T17:00:00Z,30.02,30.03,29.82,29.95,589000
2025-05-08T18:00:00Z,29.95,30.01,29.84,29.92,636200
2025-05-08T19:00:00Z,29.91,30.02,29.7,29.7,622500
2025-05-09T13:00:00Z,29.67,30.19,29.56,30.14,409400
2025-05-09T14:00:00Z,30.14,30.26,30,30.08,435200
2025-05-09T15:00:00Z,30.08,30.09,29.83,29.83,382000
2025-05-09T16:00:00Z,29.84,29.88,29.8,29.87,300200
2025-05-09T17:00:00Z,29.87,29.93,29.77,29.8,404100
2025-05-09T18:00:00Z,29.82,29.93,29.77,29.91,413700
2025-05-09T19:00:00Z,29.91,30.03,29.9,29.9,326900
2025-05-12T13:00:00Z,30,30.05,29.54,29.56,224200
2025-05-12T14:00:00Z,29.56,29.84,29.56,29.74,295200
2025-05-12T15:00:00Z,29.74,29.77,29.58,29.6,196200
2025-05-12T16:00:00Z,29.61,29.7,29.52,29.62,168200
2025-05-12T17:00:00Z,29.62,29.64,29.56,29.59,110000
2025-05-12T18:00:00Z,29.6,29.68,29.56,29.64,135600
2025-05-12T19:00:00Z,29.64,29.83,29.64,29.83,241200
2025-05-13T13:00:00Z,29.65,30.11,29.65,30,135000
2025-05-13T14:00:00Z,29.99,30.12,29.91,29.99,189300
2025-05-13T15:00:00Z,30,30.14,29.96,30.01,144300
2025-05-13T16:00:00Z,30,30.08,29.98,30.07,175600
2025-05-13T17:00:00Z,30.07,30.09,29.99,30.02,132700
2025-05-13T18:00:00Z,30.02,30.23,29.98,30.22,333100
2025-05-13T19:00:00Z,30.21,30.39,30.21,30.31,369500
2025-05-14T13:00:00Z,30.3,30.58,30.18,30.39,498800
2025-05-14T14:00:00Z,30.4,30.66,30.35,30.64,190400
2025-05-14T15:00:00Z,30.65,30.68,30.43,30.49,172700
2025-05-14T16:00:00Z,30.48,30.58,30.41,30.51,158700
2025-05-14T17:00:00Z,30.51,30.61,30.45,30.5,167700
2025-05-14T18:00:00Z,30.5,30.56,30.4,30.51,201500
2025-05-14T19:00:00Z,30.51,30.6,30.45,30.56,282800
2025-05-15T13:00:00Z,30.41,30.67,30.36,30.62,212800
2025-05-15T14:00:00Z,30.64,30.72,30.46,30.48,135100
2025-05-15T15:00:00Z,30.5,30.53,30.41,30.48,79900
2025-05-15T16:00:00Z,30.49,30.5,30.39,30.5,150400
2025-05-15T17:00:00Z,30.49,30.54,30.3,30.3,120700
2025-05-15T18:00:00Z,30.3,30.43,30.27,30.39,101300
2025-05-15T19:00:00Z,30.39,30.48,30.35,30.43,132500
2025-05-16T13:00:00Z,30.21,30.51,30.09,30.23,178300
2025-05-16T14:00:00Z,30.19,30.21,29.99,30.08,212500
2025-05-16T15:00:00Z,30.09,30.11,30,30.05,105200
2025-05-16T16:00:00Z,30.05,30.19,30.03,30.14,108600
2025-05-16T17:00:00Z,30.14,30.24,30.08,30.17,303000
2025-05-16T18:00:00Z,30.18,30.26,30.15,30.26,95100
2025-05-16T19:00:00Z,30.26,30.31,30.23,30.28,119400
2025-05-19T13:00:00Z,30.11,30.47,30.1,30.47,234300
2025-05-19T14:00:00Z,30.47,30.54,30.39,30.5,105300
2025-05-19T15:00:00Z,30.5,30.59,30.49,30.57,115200
2025-05-19T16:00:00Z,30.58,30.59,30.36,30.38,137700
2025-05-19T17:00:00Z,30.38,30.63,30.36,30.63,463200
2025-05-19T18:00:00Z,30.63,30.64,30.54,30.58,290600
2025-05-19T19:00:00Z,30.58,30.61,30.52,30.52,283000
2025-05-20T13:00:00Z,30.53,30.68,30.37,30.4,219100
2025-05-20T14:00:00Z,30.4,30.45,30.29,30.4,136200
2025-05-20T15:00:00Z,30.42,30.44,30.34,30.38,101800
2025-05-20T16:00:00Z,30.38,30.51,30.36,30.46,117100
2025-05-20T17:00:00Z,30.46,30.5,30.35,30.44,107900
2025-05-20T18:00:00Z,30.42,30.43,30.35,30.36,126600
2025-05-20T19:00:00Z,30.36,30.46,30.33,30.37,169600
2025-05-21T13:00:00Z,30.21,30.38,30.05,30.12,178900
2025-05-21T14:00:00Z,30.11,30.15,29.77,29.95,252900
2025-05-21T15:00:00Z,29.95,29.99,29.84,29.94,108200
2025-05-21T16:00:00Z,29.92,29.96,29.71,29.95,135100
2025-05-21T17:00:00Z,29.96,29.96,29.53,29.59,121900
2025-05-21T18:00:00Z,29.59,29.89,29.54,29.83,357900
2025-05-21T19:00:00Z,29.82,29.96,29.69,29.86,482900
2025-05-22T13:00:00Z,29.92,29.92,29.55,29.58,244900
2025-05-22T14:00:00Z,29.57,29.94,29.53,29.92,240400
2025-05-22T15:00:00Z,29.93,29.98,29.78,29.84,211000
2025-05-22T16:00:00Z,29.83,29.88,29.76,29.82,305500
2025-05-22T17:00:00Z,29.81,29.96,29.7,29.92,257000
2025-05-22T18:00:00Z,29.93,29.96,29.6,29.6,283400
2025-05-22T19:00:00Z,29.58,29.68,29.51,29.6,384700
2025-05-23T13:00:00Z,29.6,29.6,28.91,29.33,326900
2025-05-23T14:00:00Z,29.33,29.51,29.26,29.48,390500
2025-05-23T15:00:00Z,29.47,29.7,29.42,29.7,404800
2025-05-23T16:00:00Z,29.7,29.82,29.7,29.7,187100
2025-05-23T17:00:00Z,29.71,29.75,29.56,29.66,177600
2025-05-23T18:00:00Z,29.66,29.9,29.61,29.89,289900
2025-05-23T19:00:00Z,29.9,29.9,29.72,29.79,224900
2025-05-26T13:00:00Z,29.88,29.99,29.8,29.89,191200
2025-05-26T14:00:00Z,29.89,29.93,29.76,29.88,244900
2025-05-26T15:00:00Z,29.86,29.94,29.83,29.89,126100
2025-05-26T16:00:00Z,29.89,29.94,29.85,29.88,61000
2025-05-26T17:00:00Z,29.88,29.98,29.88,29.97,56700
2025-05-26T18:00:00Z,29.97,30.29,29.97,30.21,268900
2025-05-26T19:00:00Z,30.21,30.46,30.19,30.35,404400
2025-05-27T13:00:00Z,30.5,30.69,30.32,30.46,199500
2025-05-27T14:00:00Z,30.45,30.67,30.44,30.46,218500
2025-05-27T15:00:00Z,30.46,30.5,30.23,30.24,195600
2025-05-27T16:00:00Z,30.25,30.31,29.98,30.02,1246100
2025-05-27T17:00:00Z,30.01,30.19,29.97,30.17,301300
2025-05-27T18:00:00Z,30.16,30.22,30.05,30.08,249700
2025-05-27T19:00:00Z,30.06,30.19,30.01,30.13,470400
2025-05-28T13:00:00Z,30.24,30.33,29.93,30.02,202800
2025-05-28T14:00:00Z,30.02,30.1,29.97,30.02,204200
2025-05-28T15:00:00Z,30.02,30.08,29.95,29.97,264100
2025-05-28T16:00:00Z,29.97,30.01,29.93,29.99,87800
2025-05-28T17:00:00Z,30,30.08,29.97,29.99,156100
2025-05-28T18:00:00Z,30,30.03,29.94,29.97,148100
2025-05-28T19:00:00Z,29.97,29.99,29.83,29.88,875300
2025-05-29T13:00:00Z,29.81,29.9,29.64,29.73,210500
2025-05-29T14:00:00Z,29.75,30.02,29.72,29.94,189700
2025-05-29T15:00:00Z,29.94,29.98,29.82,29.83,71400
2025-05-29T16:00:00Z,29.83,29.88,29.79,29.87,96100
2025-05-29T17:00:00Z,29.85,29.99,29.84,29.96,189600
2025-05-29T18:00:00Z,29.96,30.05,29.88,29.89,157700
2025-05-29T19:00:00Z,29.89,29.99,29.85,29.92,234900
2025-05-30T13:00:00Z,29.73,29.85,29.41,29.45,901900
2025-05-30T14:00:00Z,29.46,29.6,29.38,29.6,222300
2025-05-30T15:00:00Z,29.59,29.65,29.57,29.6,226000
2025-05-30T16:00:00Z,29.6,29.63,29.52,29.61,263200
2025-05-30T17:00:00Z,29.61,29.73,29.6,29.67,274700
2025-05-30T18:00:00Z,29.67,29.76,29.61,29.65,228800
2025-05-30T19:00:00Z,29.65,29.74,29.63,29.68,273200
2025-06-02T13:00:00Z,30,30.1,29.41,29.46,199700
2025-06-02T14:00:00Z,29.45,29.63,29.35,29.58,543400
2025-06-02T15:00:00Z,29.58,29.6,29.46,29.46,133500
2025-06-02T16:00:00Z,29.47,29.55,29.27,29.27,308300
2025-06-02T17:00:00Z,29.27,29.36,29.18,29.34,426800
2025-06-02T18:00:00Z,29.32,29.41,29.22,29.39,217600
2025-06-02T19:00:00Z,29.39,29.47,29.31,29.39,218700
2025-06-03T13:00:00Z,29.38,29.62,29.25,29.34,108100
2025-06-03T14:00:00Z,29.34,29.55,29.23,29.49,140600
2025-06-03T15:00:00Z,29.5,29.56,29.43,29.55,118400
2025-06-03T16:00:00Z,29.55,29.68,29.47,29.62,136900
2025-06-03T17:00:00Z,29.63,29.73,29.61,29.71,202300
2025-06-03T18:00:00Z,29.7,29.75,29.58,29.63,266300
2025-06-03T19:00:00Z,29.62,29.85,29.61,29.85,320300
2025-06-04T13:00:00Z,29.74,29.98,29.62,29.72,127000
2025-06-04T14:00:00Z,29.71,29.79,29.39,29.4,235600
2025-06-04T15:00:00Z,29.4,29.45,29.27,29.32,185700
2025-06-04T16:00:00Z,29.32,29.4,29.23,29.24,148200
2025-06-04T17:00:00Z,29.24,29.25,29.07,29.09,229000
2025-06-04T18:00:00Z,29.09,29.2,28.95,29.07,644200
2025-06-04T19:00:00Z,29.08,29.15,29.02,29.13,234500
2025-06-05T13:00:00Z,29.19,29.22,28.85,28.94,124600
2025-06-05T14:00:00Z,28.92,29.02,28.79,28.96,201600
2025-06-05T15:00:00Z,28.97,29.04,28.92,29,257900
2025-06-05T16:00:00Z,29.01,29.1,28.98,29.05,244900
2025-06-05T17:00:00Z,29.05,29.06,28.81,28.88,407500
2025-06-05T18:00:00Z,28.87,28.9,28.76,28.83,908900
2025-06-05T19:00:00Z,28.82,28.85,28.74,28.8,500700
2025-06-06T13:00:00Z,28.77,29.05,28.7,28.73,504600
2025-06-06T14:00:00Z,28.75,28.79,28.58,28.62,163200
2025-06-06T15:00:00Z,28.62,28.71,28.6,28.65,121500
2025-06-06T16:00:00Z,28.65,28.69,28.57,28.58,90000
2025-06-06T17:00:00Z,28.57,28.76,28.57,28.62,109200
2025-06-06T18:00:00Z,28.62,28.73,28.57,28.65,195300
2025-06-06T19:00:00Z,28.65,28.76,28.6,28.7,260600
2025-06-09T13:00:00Z,28.75,28.85,28.4,28.43,1177200
2025-06-09T14:00:00Z,28.42,28.55,28.36,28.52,380700
2025-06-09T15:00:00Z,28.52,28.78,28.52,28.69,151600
2025-06-09T16:00:00Z,28.67,28.78,28.6,28.74,124900
2025-06-09T17:00:00Z,28.74,28.77,28.68,28.69,180300
2025-06-09T18:00:00Z,28.69,28.76,28.66,28.72,160300
2025-06-09T19:00:00Z,28.72,28.76,28.61,28.68,268100
2025-06-10T13:00:00Z,29,29,28.64,28.85,234200
2025-06-10T14:00:00Z,28.85,29.03,28.69,28.74,182200
2025-06-10T15:00:00Z,28.75,28.75,28.57,28.6,140900
2025-06-10T16:00:00Z,28.6,28.71,28.54,28.69,171000
2025-06-10T17:00:00Z,28.68,28.83,28.68,28.79,835500
2025-06-10T18:00:00Z,28.78,28.8,28.71,28.74,112900
2025-06-10T19:00:00Z,28.72,28.82,28.72,28.8,243600
2025-06-11T13:00:00Z,29.2,29.9,29.09,29.76,1223200
2025-06-11T14:00:00Z,29.74,30.05,29.74,29.92,1297100
2025-06-11T15:00:00Z,29.9,30.08,29.78,29.96,1210600
2025-06-11T16:00:00Z,29.97,30.07,29.88,30.06,412600
2025-06-11T17:00:00Z,30.06,30.35,30.05,30.2,711100
2025-06-11T18:00:00Z,30.2,30.23,30.1,30.16,490700
2025-06-11T19:00:00Z,30.16,30.23,30.02,30.19,1022200
2025-06-12T13:00:00Z,30,30.07,29.81,29.86,310600
2025-06-12T14:00:00Z,29.86,29.89,29.61,29.63,194300
2025-06-12T15:00:00Z,29.63,29.84,29.61,29.78,199000
2025-06-12T16:00:00Z,29.78,29.83,29.76,29.8,78200
2025-06-12T17:00:00Z,29.78,29.82,29.71,29.72,85600
2025-06-12T18:00:00Z,29.72,29.79,29.72,29.76,98600
2025-06-12T19:00:00Z,29.76,29.88,29.76,29.8,236900
2025-06-13T13:00:00Z,29.74,29.84,29.46,29.55,257500
2025-06-13T14:00:00Z,29.58,29.88,29.44,29.87,356600
2025-06-13T15:00:00Z,29.87,30.08,29.85,30,293700
2025-06-13T16:00:00Z,30,30.11,29.94,30.1,261700
2025-06-13T17:00:00Z,30.1,30.2,30.04,30.08,402800
2025-06-13T18:00:00Z,30.08,30.16,30.04,30.11,407800
2025-06-13T19:00:00Z,30.1,30.12,29.78,29.79,804900
2025-06-16T13:00:00Z,30.23,30.35,30,30.21,175700
2025-06-16T14:00:00Z,30.22,30.3,30.12,30.27,258700
2025-06-16T15:00:00Z,30.28,30.3,30.11,30.15,293700
2025-06-16T16:00:00Z,30.15,30.27,30.12,30.19,148600
2025-06-16T17:00:00Z,30.18,30.23,30.11,30.2,165200
2025-06-16T18:00:00Z,30.2,30.25,30.16,30.2,205600
2025-06-16T19:00:00Z,30.19,30.23,30.06,30.07,265200
2025-06-17T13:00:00Z,30.12,30.13,29.91,29.96,107300
2025-06-17T14:00:00Z,29.97,30.05,29.78,29.8,149800
2025-06-17T15:00:00Z,29.8,29.86,29.7,29.81,163600
2025-06-17T16:00:00Z,29.83,29.88,29.74,29.8,134500
2025-06-17T17:00:00Z,29.8,29.86,29.76,29.78,236500
2025-06-17T18:00:00Z,29.79,29.83,29.75,29.82,223200
2025-06-17T19:00:00Z,29.82,30.07,29.79,30.05,463100
2025-06-18T13:00:00Z,30.25,30.3,29.81,29.81,204700
2025-06-18T14:00:00Z,29.8,30.16,29.8,30.14,120700
2025-06-18T15:00:00Z,30.12,30.27,30.05,30.07,313200
2025-06-18T16:00:00Z,30.06,30.15,30,30.13,122000
2025-06-18T17:00:00Z,30.14,30.22,30.05,30.12,259400
2025-06-18T18:00:00Z,30.13,30.17,29.91,29.93,310900
2025-06-18T19:00:00Z,29.93,30.07,29.92,30.07,225700
2025-06-20T13:00:00Z,29.7,29.86,29.56,29.66,501100
2025-06-20T14:00:00Z,29.67,29.73,29.45,29.52,361900
2025-06-20T15:00:00Z,29.5,29.61,29.48,29.57,294800
2025-06-20T16:00:00Z,29.56,29.65,29.53,29.64,428800
2025-06-20T17:00:00Z,29.63,29.69,29.48,29.51,334700
2025-06-20T18:00:00Z,29.52,29.53,29.43,29.45,202400
2025-06-20T19:00:00Z,29.45,29.47,29.39,29.47,207300
2025-06-23T13:00:00Z,29.43,29.43,28.94,28.98,286700
2025-06-23T14:00:00Z,28.98,29.1,28.95,28.99,85100
2025-06-23T15:00:00Z,28.99,29.06,28.85,28.96,238900
2025-06-23T16:00:00Z,28.99,29.03,28.84,28.88,91200
2025-06-23T17:00:00Z,28.89,29.15,28.87,29.12,140300
2025-06-23T18:00:00Z,29.12,29.18,29.05,29.17,263800
2025-06-23T19:00:00Z,29.15,29.15,29.02,29.04,393100
2025-06-24T13:00:00Z,29.09,29.52,29.06,29.45,125500
2025-06-24T14:00:00Z,29.47,30.06,29.46,30.05,252600
2025-06-24T15:00:00Z,30.05,30.15,30.02,30.14,274600
2025-06-24T16:00:00Z,30.13,30.16,30.02,30.07,255100
2025-06-24T17:00:00Z,30.08,30.12,29.96,29.97,253700
2025-06-24T18:00:00Z,29.97,29.99,29.78,29.84,272500
2025-06-24T19:00:00Z,29.83,29.89,29.65,29.66,579000
2025-06-25T13:00:00Z,29.56,29.56,29.08,29.21,233100
2025-06-25T14:00:00Z,29.18,29.23,29.06,29.08,154100
2025-06-25T15:00:00Z,29.08,29.13,29.02,29.09,185000
2025-06-25T16:00:00Z,29.1,29.24,29.09,29.2,175800
2025-06-25T17:00:00Z,29.2,29.21,29.06,29.07,115000
2025-06-25T18:00:00Z,29.08,29.13,29.03,29.11,291500
2025-06-25T19:00:00Z,29.09,29.26,29.09,29.16,178600
2025-06-26T13:00:00Z,29.24,29.36,29.04,29.26,762800
2025-06-26T14:00:00Z,29.24,29.38,29.11,29.35,1309200
2025-06-26T15:00:00Z,29.35,29.4,29.21,29.32,161500
2025-06-26T16:00:00Z,29.32,29.35,29.24,29.28,106800
2025-06-26T17:00:00Z,29.27,29.28,29.18,29.25,196100
2025-06-26T18:00:00Z,29.25,29.31,29.19,29.24,229400
2025-06-26T19:00:00Z,29.24,29.26,29.14,29.22,494000
2025-06-27T13:00:00Z,28.95,29.29,28.9,29.18,327100
2025-06-27T14:00:00Z,29.19,29.3,29.16,29.21,149900
2025-06-27T15:00:00Z,29.21,29.24,29.06,29.17,120000
2025-06-27T16:00:00Z,29.17,29.27,29.15,29.24,98400
2025-06-27T17:00:00Z,29.24,29.29,29.15,29.24,191800
2025-06-27T18:00:00Z,29.24,29.32,29.1,29.17,383400
2025-06-27T19:00:00Z,29.16,29.23,29.1,29.1,423200
2025-06-30T13:00:00Z,29.02,29.33,28.9,29.3,103000
2025-06-30T14:00:00Z,29.3,29.56,29.3,29.53,686900
2025-06-30T15:00:00Z,29.53,29.59,29.44,29.56,150700
2025-06-30T16:00:00Z,29.55,29.63,29.49,29.52,257000
2025-06-30T17:00:00Z,29.53,29.67,29.42,29.62,322300
2025-06-30T18:00:00Z,29.62,29.79,29.61,29.75,327000
2025-06-30T19:00:00Z,29.76,29.81,29.53,29.71,478700
2025-07-01T13:00:00Z,29.6,29.79,29.53,29.66,395000
2025-07-01T14:00:00Z,29.68,30.05,29.65,29.95,2198400
2025-07-01T15:00:00Z,29.95,29.97,29.72,29.79,459500
2025-07-01T16:00:00Z,29.78,29.96,29.78,29.88,264000
2025-07-01T17:00:00Z,29.89,29.98,29.84,29.98,227500
2025-07-01T18:00:00Z,29.97,30.06,29.92,30.05,282400
2025-07-01T19:00:00Z,30.05,30.2,30.02,30.2,516000
2025-07-02T13:00:00Z,30.1,30.19,29.31,29.42,1569800
2025-07-02T14:00:00Z,29.41,29.65,29.38,29.54,547400
2025-07-02T15:00:00Z,29.52,29.73,29.5,29.62,352700
2025-07-02T16:00:00Z,29.62,29.7,29.58,29.58,427400
2025-07-02T17:00:00Z,29.58,29.65,29.46,29.46,416300
2025-07-02T18:00:00Z,29.45,29.57,29.45,29.55,1585300
2025-07-02T19:00:00Z,29.55,29.59,29.43,29.53,412400
2025-07-03T13:00:00Z,29.5,29.75,29.39,29.68,232700
2025-07-03T14:00:00Z,29.67,29.75,29.4,29.42,510000
2025-07-03T15:00:00Z,29.41,29.57,29.38,29.48,202000
2025-07-03T16:00:00Z,29.47,29.53,29.43,29.47,165800
2025-07-03T17:00:00Z,29.48,29.57,29.47,29.53,285100
2025-07-03T18:00:00Z,29.52,29.56,29.46,29.52,231200
2025-07-03T19:00:00Z,29.52,29.57,29.44,29.52,337600
2025-07-04T13:00:00Z,29.41,29.5,29.07,29.16,392200
2025-07-04T14:00:00Z,29.17,29.24,29.15,29.23,357600
2025-07-04T15:00:00Z,29.24,29.37,29.22,29.3,130500
2025-07-04T16:00:00Z,29.3,29.31,29.16,29.18,88300
2025-07-04T17:00:00Z,29.18,29.3,29.17,29.3,91300
2025-07-04T18:00:00Z,29.28,29.38,29.27,29.36,192900
2025-07-04T19:00:00Z,29.36,29.38,29.23,29.27,4224100
2025-07-07T13:00:00Z,29.24,29.48,29.16,29.33,153400
2025-07-07T14:00:00Z,29.32,29.35,29.15,29.16,158800
2025-07-07T15:00:00Z,29.16,29.22,29.08,29.13,3356100
2025-07-07T16:00:00Z,29.12,29.16,29.01,29.03,188100
2025-07-07T17:00:00Z,29.03,29.1,28.98,29.05,199200
2025-07-07T18:00:00Z,29.05,29.07,28.91,28.93,669200
2025-07-07T19:00:00Z,28.93,29.01,28.92,29,545000
2025-07-08T13:00:00Z,29,29.05,28.8,28.94,138900
2025-07-08T14:00:00Z,28.93,29.03,28.9,28.95,147900
2025-07-08T15:00:00Z,28.95,29.01,28.85,28.88,216400
2025-07-08T16:00:00Z,28.88,28.91,28.8,28.84,214600
2025-07-08T17:00:00Z,28.83,28.95,28.82,28.92,415300
2025-07-08T18:00:00Z,28.91,28.99,28.9,28.96,390400
2025-07-08T19:00:00Z,28.96,29.07,28.91,29.01,483500
2025-07-09T13:00:00Z,29,29.02,28.72,28.78,271300
2025-07-09T14:00:00Z,28.77,28.94,28.73,28.82,376000
2025-07-09T15:00:00Z,28.81,28.99,28.79,28.96,316200
2025-07-09T16:00:00Z,28.97,28.99,28.84,28.89,240000
2025-07-09T17:00:00Z,28.89,28.92,28.69,28.78,466200
2025-07-09T18:00:00Z,28.77,28.8,28.66,28.67,338200
2025-07-09T19:00:00Z,28.68,28.74,28.59,28.74,415500
2025-07-10T13:00:00Z,28.49,28.49,28.15,28.23,292600
2025-07-10T14:00:00Z,28.24,28.24,28,28.06,304800
2025-07-10T15:00:00Z,28.05,28.07,27.95,27.99,246900
2025-07-10T16:00:00Z,27.98,28.04,27.95,28,502300
2025-07-10T17:00:00Z,27.99,28.06,27.97,27.99,409300
2025-07-10T18:00:00Z,27.98,28,27.9,27.98,417700
2025-07-10T19:00:00Z,27.97,28.14,27.97,28.12,466600
2025-07-11T13:00:00Z,27.94,28.14,27.83,28.01,636900
2025-07-11T14:00:00Z,28,28.05,27.73,27.91,1661900
2025-07-11T15:00:00Z,27.91,27.92,27.74,27.75,384900
2025-07-11T16:00:00Z,27.74,27.75,27.69,27.72,310300
2025-07-11T17:00:00Z,27.73,27.79,27.6,27.65,491300
2025-07-11T18:00:00Z,27.64,27.74,27.6,27.72,588500
2025-07-11T19:00:00Z,27.72,27.8,27.7,27.71,618100
2025-07-14T13:00:00Z,27.8,27.8,27.34,27.39,692100
2025-07-14T14:00:00Z,27.4,27.43,27.14,27.3,581700
2025-07-14T15:00:00Z,27.28,27.39,27.25,27.27,300500
2025-07-14T16:00:00Z,27.27,27.39,27.23,27.39,192600
2025-07-14T17:00:00Z,27.37,27.44,27.32,27.34,218700
2025-07-14T18:00:00Z,27.34,27.41,27.28,27.29,196900
2025-07-14T19:00:00Z,27.29,27.34,27.23,27.26,384100
2025-07-15T13:00:00Z,27.18,27.48,27.12,27.32,573900
2025-07-15T14:00:00Z,27.32,27.34,27.19,27.27,415000
2025-07-15T15:00:00Z,27.26,27.31,27.13,27.26,318100
2025-07-15T16:00:00Z,27.25,27.42,27.22,27.38,1575200
2025-07-15T17:00:00Z,27.38,27.61,27.36,27.59,1267000
2025-07-15T18:00:00Z,27.57,27.65,27.44,27.46,594200
2025-07-15T19:00:00Z,27.46,27.6,27.42,27.59,539100
2025-07-16T13:00:00Z,27.73,27.84,27.21,27.27,418800
2025-07-16T14:00:00Z,27.28,27.61,27.25,27.55,459200
2025-07-16T15:00:00Z,27.55,27.58,27.4,27.55,350000
2025-07-16T16:00:00Z,27.55,27.56,27.41,27.48,279900
2025-07-16T17:00:00Z,27.49,27.7,27.48,27.66,332800
2025-07-16T18:00:00Z,27.66,27.7,27.57,27.63,509000
2025-07-16T19:00:00Z,27.62,27.76,27.59,27.65,794800
2025-07-17T13:00:00Z,27.8,27.86,27.63,27.73,403100
2025-07-17T14:00:00Z,27.72,27.95,27.71,27.92,472500
2025-07-17T15:00:00Z,27.91,27.97,27.87,27.95,272500
2025-07-17T16:00:00Z,27.94,27.95,27.81,27.89,294500
2025-07-17T17:00:00Z,27.9,27.94,27.87,27.93,283100
2025-07-17T18:00:00Z,27.94,28.12,27.9,28.09,416500
2025-07-17T19:00:00Z,28.09,28.19,28.06,28.06,696000
2025-07-18T13:00:00Z,27.6,27.6,26.96,26.96,655600
2025-07-18T14:00:00Z,26.98,27.07,26.85,26.86,786400
2025-07-18T15:00:00Z,26.86,27.02,26.86,26.93,709900
2025-07-18T16:00:00Z,26.92,26.92,26.77,26.84,757800
2025-07-18T17:00:00Z,26.84,26.89,26.67,26.74,433400
2025-07-18T18:00:00Z,26.74,26.77,26.58,26.65,728500
2025-07-18T19:00:00Z,26.66,26.67,26.36,26.4,1351500
2025-07-21T13:00:00Z,26.3,26.45,26.2,26.33,321000
2025-07-21T14:00:00Z,26.34,26.35,26.2,26.29,298900
2025-07-21T15:00:00Z,26.31,26.42,26.28,26.38,200900
2025-07-21T16:00:00Z,26.38,26.38,26.26,26.27,280600
2025-07-21T17:00:00Z,26.28,26.31,26.16,26.18,388700
2025-07-21T18:00:00Z,26.18,26.21,26.1,26.16,363200
2025-07-21T19:00:00Z,26.16,26.24,26.12,26.24,388500
2025-07-22T13:00:00Z,26.39,26.39,26.12,26.25,179800
2025-07-22T14:00:00Z,26.26,26.4,26.18,26.26,166400
2025-07-22T15:00:00Z,26.25,26.3,26.11,26.26,162200
2025-07-22T16:00:00Z,26.26,26.28,26.15,26.16,121800
2025-07-22T17:00:00Z,26.15,26.17,26.06,26.08,238400
2025-07-22T18:00:00Z,26.08,26.12,26.01,26.07,172800
2025-07-22T19:00:00Z,26.08,26.28,26.08,26.25,923800
2025-07-23T13:00:00Z,26.34,26.52,26.21,26.3,109300
2025-07-23T14:00:00Z,26.33,26.53,26.31,26.5,107700
2025-07-23T15:00:00Z,26.5,26.63,26.5,26.61,84900
2025-07-23T16:00:00Z,26.61,26.67,26.51,26.6,326600
2025-07-23T17:00:00Z,26.6,26.76,26.6,26.69,329100
2025-07-23T18:00:00Z,26.68,26.72,26.61,26.68,168900
2025-07-23T19:00:00Z,26.69,26.75,26.58,26.75,313200
2025-07-24T13:00:00Z,26.32,26.44,26.06,26.08,170900
2025-07-24T14:00:00Z,26.08,26.23,26.07,26.22,114500
2025-07-24T15:00:00Z,26.21,26.26,26.2,26.25,74000
2025-07-24T16:00:00Z,26.26,26.33,26.22,26.25,57300
2025-07-24T17:00:00Z,26.23,26.3,26.23,26.26,33800
2025-07-24T18:00:00Z,26.24,26.38,26.2,26.32,271000
2025-07-24T19:00:00Z,26.32,26.4,26.32,26.4,360300
2025-07-25T13:00:00Z,26.41,26.51,26.32,26.41,674800
2025-07-25T14:00:00Z,26.41,26.54,26.39,26.4,147900
2025-07-25T15:00:00Z,26.4,26.49,26.38,26.41,186200
2025-07-25T16:00:00Z,26.43,26.45,26.37,26.4,239700
2025-07-25T17:00:00Z,26.4,26.44,26.35,26.37,112900
2025-07-25T18:00:00Z,26.37,26.45,26.36,26.41,149100
2025-07-25T19:00:00Z,26.4,26.48,26.4,26.44,313300
2025-07-28T13:00:00Z,26.55,26.76,26.46,26.63,494600
2025-07-28T14:00:00Z,26.62,26.66,26.47,26.61,414800
2025-07-28T15:00:00Z,26.6,26.71,26.58,26.66,243200
2025-07-28T16:00:00Z,26.66,26.67,26.53,26.54,525300
2025-07-28T17:00:00Z,26.55,26.57,26.4,26.43,664400
2025-07-28T18:00:00Z,26.43,26.49,26.36,26.4,494400
2025-07-28T19:00:00Z,26.4,26.59,26.37,26.46,359400
2025-07-29T13:00:00Z,26.4,26.44,26.23,26.34,183800
2025-07-29T14:00:00Z,26.33,26.66,26.33,26.52,499600
2025-07-29T15:00:00Z,26.51,26.65,26.51,26.64,176300
2025-07-29T16:00:00Z,26.64,26.68,26.6,26.65,145400
2025-07-29T17:00:00Z,26.65,26.67,26.52,26.55,205300
2025-07-29T18:00:00Z,26.55,26.57,26.5,26.54,589000
2025-07-29T19:00:00Z,26.54,26.57,26.44,26.5,538300
2025-07-30T13:00:00Z,26,26.34,25.49,26.25,1790800
2025-07-30T14:00:00Z,26.25,26.47,26.14,26.37,816500
2025-07-30T15:00:00Z,26.38,26.42,26.24,26.24,542000
2025-07-30T16:00:00Z,26.25,26.34,26.16,26.31,521000
2025-07-30T17:00:00Z,26.31,26.42,26.3,26.36,432800
2025-07-30T18:00:00Z,26.36,26.68,26.2,26.53,844100
2025-07-30T19:00:00Z,26.54,26.74,26.47,26.56,867300
2025-07-31T13:00:00Z,26.2,26.48,26.14,26.37,302700
2025-07-31T14:00:00Z,26.36,26.51,26.3,26.33,221000
2025-07-31T15:00:00Z,26.33,26.46,26.32,26.45,144200
2025-07-31T16:00:00Z,26.44,26.47,26.33,26.37,220600
2025-07-31T17:00:00Z,26.35,26.38,26.24,26.27,227800
2025-07-31T18:00:00Z,26.26,26.35,26.24,26.35,239300
2025-07-31T19:00:00Z,26.35,26.39,26.27,26.32,255200
2025-08-01T13:00:00Z,26.6,26.85,26.4,26.48,217400
2025-08-01T14:00:00Z,26.48,26.6,26.41,26.51,368700
2025-08-01T15:00:00Z,26.52,26.53,26.27,26.37,349200
2025-08-01T16:00:00Z,26.36,26.37,26.22,26.23,180400
2025-08-01T17:00:00Z,26.22,26.29,26.17,26.26,403000
2025-08-01T18:00:00Z,26.26,26.29,26.07,26.09,374700
2025-08-01T19:00:00Z,26.06,26.14,25.87,25.92,502500
2025-08-04T13:00:00Z,26,26.43,26,26.17,214500
2025-08-04T14:00:00Z,26.19,26.33,26.13,26.24,262800
2025-08-04T15:00:00Z,26.25,26.29,26.17,26.23,188500
2025-08-04T16:00:00Z,26.22,26.25,26.14,26.19,170800
2025-08-04T17:00:00Z,26.19,26.33,26.17,26.31,108200
2025-08-04T18:00:00Z,26.3,26.43,26.22,26.27,233000
2025-08-04T19:00:00Z,26.26,26.33,26.18,26.28,382700
2025-08-05T13:00:00Z,26.4,26.69,26.21,26.62,129900
2025-08-05T14:00:00Z,26.62,26.64,26.34,26.42,93500
2025-08-05T15:00:00Z,26.42,26.53,26.41,26.51,51500
2025-08-05T16:00:00Z,26.53,26.53,26.37,26.41,284100
2025-08-05T17:00:00Z,26.41,26.45,26.35,26.36,353700
2025-08-05T18:00:00Z,26.35,26.48,26.32,26.34,363600
2025-08-05T19:00:00Z,26.35,26.37,26.22,26.22,227900
2025-08-06T13:00:00Z,26.26,26.55,26.23,26.47,165200
2025-08-06T14:00:00Z,26.49,26.49,26.27,26.3,82300
2025-08-06T15:00:00Z,26.3,26.44,26.28,26.44,64600
2025-08-06T16:00:00Z,26.41,26.52,26.29,26.29,85800
2025-08-06T17:00:00Z,26.29,26.39,26.29,26.36,77200
2025-08-06T18:00:00Z,26.35,26.41,26.33,26.4,126900
2025-08-06T19:00:00Z,26.41,26.43,26.31,26.32,197300
2025-08-07T13:00:00Z,26.28,26.58,26.24,26.55,236500
2025-08-07T14:00:00Z,26.53,26.67,26.5,26.66,168700
2025-08-07T15:00:00Z,26.66,26.74,26.64,26.69,123800
2025-08-07T16:00:00Z,26.7,26.82,26.68,26.8,126000
2025-08-07T17:00:00Z,26.81,26.82,26.65,26.69,100900
2025-08-07T18:00:00Z,26.7,26.75,26.66,26.69,99600
2025-08-07T19:00:00Z,26.69,26.8,26.68,26.73,231800
2025-08-08T13:00:00Z,26.28,26.72,26.28,26.64,133300
2025-08-08T14:00:00Z,26.61,26.82,26.61,26.8,118100
2025-08-08T15:00:00Z,26.8,26.87,26.68,26.69,91200
2025-08-08T16:00:00Z,26.7,26.8,26.68,26.69,68400
2025-08-08T17:00:00Z,26.68,26.74,26.67,26.73,78100
2025-08-08T18:00:00Z,26.73,26.79,26.62,26.74,257700
2025-08-08T19:00:00Z,26.74,26.78,26.69,26.69,202100
2025-08-11T13:00:00Z,26.63,26.87,26.63,26.8,74000
2025-08-11T14:00:00Z,26.81,26.96,26.72,26.83,122400
2025-08-11T15:00:00Z,26.83,26.85,26.72,26.83,86200
2025-08-11T16:00:00Z,26.83,26.85,26.71,26.72,133500
2025-08-11T17:00:00Z,26.71,26.91,26.67,26.9,318900
2025-08-11T18:00:00Z,26.88,26.9,26.78,26.79,146300
2025-08-11T19:00:00Z,26.79,26.89,26.69,26.8,313700
2025-08-12T13:00:00Z,26.81,27.42,26.81,27.27,301800
2025-08-12T14:00:00Z,27.27,27.34,27.06,27.09,154300
2025-08-12T15:00:00Z,27.11,27.23,27.04,27.13,151000
2025-08-12T16:00:00Z,27.14,27.34,27.1,27.3,236400
2025-08-12T17:00:00Z,27.3,27.36,27.27,27.34,138200
2025-08-12T18:00:00Z,27.34,27.34,27.23,27.26,270200
2025-08-12T19:00:00Z,27.27,27.3,27.16,27.19,498500
2025-08-13T13:00:00Z,27.06,27.3,27.05,27.1,125300
2025-08-13T14:00:00Z,27.11,27.19,27.02,27.07,680800
2025-08-13T15:00:00Z,27.09,27.1,26.85,26.87,196900
2025-08-13T16:00:00Z,26.88,26.88,26.76,26.86,219400
2025-08-13T17:00:00Z,26.86,26.97,26.82,26.97,350900
2025-08-13T18:00:00Z,26.97,27.02,26.83,26.85,295700
2025-08-13T19:00:00Z,26.84,27.03,26.79,27.02,720100
2025-08-14T13:00:00Z,26.7,27.1,26.7,27.06,147700
2025-08-14T14:00:00Z,27.05,27.34,27.05,27.28,133000
2025-08-14T15:00:00Z,27.29,27.3,27.13,27.22,114400
2025-08-14T16:00:00Z,27.23,27.25,27.1,27.13,88500
2025-08-14T17:00:00Z,27.14,27.15,26.97,27,150900
2025-08-14T18:00:00Z,27,27.03,26.9,26.97,314500
2025-08-14T19:00:00Z,26.98,27.08,26.93,27,713800
2025-08-15T13:00:00Z,26.9,27.1,26.78,27,101100
2025-08-15T14:00:00Z,27,27.04,26.82,26.89,192800
2025-08-15T15:00:00Z,26.88,27,26.84,26.9,116300
2025-08-15T16:00:00Z,26.91,26.91,26.78,26.82,215000
2025-08-15T17:00:00Z,26.82,26.9,26.8,26.83,131000
2025-08-15T18:00:00Z,26.84,26.97,26.83,26.92,196700
2025-08-15T19:00:00Z,26.93,27.01,26.84,26.96,343300
2025-08-18T13:00:00Z,27.08,27.39,27.08,27.22,94300
2025-08-18T14:00:00Z,27.22,27.35,27.17,27.31,354400
2025-08-18T15:00:00Z,27.32,27.43,27.29,27.38,108800
2025-08-18T16:00:00Z,27.37,27.37,27.27,27.3,176000
2025-08-18T17:00:00Z,27.29,27.32,27.14,27.21,231700
2025-08-18T18:00:00Z,27.22,27.32,27.18,27.31,281200
2025-08-18T19:00:00Z,27.31,27.35,27.14,27.2,312500
2025-08-19T13:00:00Z,26.87,27.04,26.51,26.53,254100
2025-08-19T14:00:00Z,26.54,26.59,26.27,26.42,259600
2025-08-19T15:00:00Z,26.41,26.64,26.41,26.53,476100
2025-08-19T16:00:00Z,26.53,26.55,26.41,26.52,195200
2025-08-19T17:00:00Z,26.52,26.63,26.4,26.42,260700
2025-08-19T18:00:00Z,26.41,26.41,26.27,26.3,245800
2025-08-19T19:00:00Z,26.29,26.31,25.98,26.02,803700
2025-08-20T13:00:00Z,26.08,26.29,25.8,26.25,237200
2025-08-20T14:00:00Z,26.25,26.31,26.04,26.09,200300
2025-08-20T15:00:00Z,26.1,26.42,26.06,26.36,211600
2025-08-20T16:00:00Z,26.36,26.47,26.33,26.45,134100
2025-08-20T17:00:00Z,26.46,26.5,26.24,26.48,521500
2025-08-20T18:00:00Z,26.48,26.5,26.37,26.46,224600
2025-08-20T19:00:00Z,26.46,26.59,26.38,26.57,704500
2025-08-21T13:00:00Z,26.38,26.68,26.31,26.53,162200
2025-08-21T14:00:00Z,26.53,26.73,26.5,26.61,180600
2025-08-21T15:00:00Z,26.63,26.71,26.5,26.55,174400
2025-08-21T16:00:00Z,26.55,26.57,26.4,26.5,300700
2025-08-21T17:00:00Z,26.5,26.62,26.49,26.59,181500
2025-08-21T18:00:00Z,26.58,26.69,26.58,26.62,258000
2025-08-21T19:00:00Z,26.62,26.64,26.49,26.54,530200
2025-08-22T13:00:00Z,26.65,26.89,26.5,26.84,65900
2025-08-22T14:00:00Z,26.87,27.21,26.87,27.19,256200
2025-08-22T15:00:00Z,27.19,27.25,27.15,27.17,100800
2025-08-22T16:00:00Z,27.16,27.26,27.13,27.19,172700
2025-08-22T17:00:00Z,27.2,27.28,27.15,27.24,147700
2025-08-22T18:00:00Z,27.23,27.33,27.22,27.29,129800
2025-08-22T19:00:00Z,27.29,27.34,27.18,27.18,276700
2025-08-25T13:00:00Z,27.14,27.39,27.14,27.25,61700
2025-08-25T14:00:00Z,27.25,27.4,27.19,27.31,148100
2025-08-25T15:00:00Z,27.32,27.46,27.32,27.4,179800
2025-08-25T16:00:00Z,27.39,27.45,27.33,27.36,154400
2025-08-25T17:00:00Z,27.35,27.45,27.32,27.42,176900
2025-08-25T18:00:00Z,27.42,27.51,27.39,27.41,231700
2025-08-25T19:00:00Z,27.4,27.47,27.33,27.44,409000
2025-08-26T13:00:00Z,27.42,27.64,27.37,27.43,168100
2025-08-26T14:00:00Z,27.45,27.54,27.35,27.51,237300
2025-08-26T15:00:00Z,27.52,27.58,27.44,27.44,121600
2025-08-26T16:00:00Z,27.45,27.54,27.42,27.48,116200
2025-08-26T17:00:00Z,27.49,27.57,27.48,27.57,106100
2025-08-26T18:00:00Z,27.58,27.59,27.52,27.54,130900
2025-08-26T19:00:00Z,27.55,27.64,27.53,27.62,207600
2025-08-27T13:00:00Z,27.55,27.59,27.31,27.41,126400
2025-08-27T14:00:00Z,27.4,27.49,27.24,27.24,107100
2025-08-27T15:00:00Z,27.25,27.48,27.15,27.42,257600
2025-08-27T16:00:00Z,27.42,27.49,27.39,27.4,122600
2025-08-27T17:00:00Z,27.41,27.6,27.38,27.57,183600
2025-08-27T18:00:00Z,27.57,27.65,27.55,27.6,401800
2025-08-27T19:00:00Z,27.6,27.81,27.58,27.74,413000
2025-08-28T13:00:00Z,27.8,28.22,27.72,28.22,309700
2025-08-28T14:00:00Z,28.22,28.54,28.19,28.51,341000
2025-08-28T15:00:00Z,28.52,28.6,28.48,28.55,192400
2025-08-28T16:00:00Z,28.53,28.56,28.38,28.47,296700
2025-08-28T17:00:00Z,28.47,28.48,28.35,28.37,172100
2025-08-28T18:00:00Z,28.38,28.39,28.13,28.13,625400
2025-08-28T19:00:00Z,28.13,28.25,27.97,28.24,1298100
2025-08-29T13:00:00Z,28.28,28.51,28.13,28.28,145200
2025-08-29T14:00:00Z,28.27,28.4,28.14,28.25,188700
2025-08-29T15:00:00Z,28.25,28.34,28.17,28.33,222600
2025-08-29T16:00:00Z,28.33,28.36,28.26,28.27,146800
2025-08-29T17:00:00Z,28.27,28.35,28.21,28.33,381600
2025-08-29T18:00:00Z,28.34,28.37,28.28,28.36,201400
2025-08-29T19:00:00Z,28.37,28.48,28.33,28.42,427100
2025-09-01T13:00:00Z,28.5,28.59,28.3,28.41,155500
2025-09-01T14:00:00Z,28.4,28.57,28.38,28.38,154700
2025-09-01T15:00:00Z,28.39,28.4,28.24,28.29,110900
2025-09-01T16:00:00Z,28.3,28.33,28.24,28.25,83300
2025-09-01T17:00:00Z,28.26,28.27,28.15,28.2,129000
2025-09-01T18:00:00Z,28.21,28.29,28.2,28.24,111500
2025-09-01T19:00:00Z,28.25,28.3,28.18,28.24,213200
2025-09-02T13:00:00Z,27.93,28.27,27.85,28.22,149800
2025-09-02T14:00:00Z,28.22,28.42,28.22,28.42,117700
2025-09-02T15:00:00Z,28.43,28.45,28.16,28.26,199600
2025-09-02T16:00:00Z,28.26,28.37,28.25,28.3,140400
2025-09-02T17:00:00Z,28.28,28.33,28.24,28.3,53500
2025-09-02T18:00:00Z,28.29,28.29,28.16,28.2,83800
2025-09-02T19:00:00Z,28.2,28.3,28.2,28.24,201800
2025-09-03T13:00:00Z,28.01,28.2,27.99,28.11,139600
2025-09-03T14:00:00Z,28.11,28.46,28.09,28.43,487100
2025-09-03T15:00:00Z,28.42,28.42,28.34,28.35,451300
2025-09-03T16:00:00Z,28.34,28.36,28.23,28.28,309200
2025-09-03T17:00:00Z,28.26,28.37,28.23,28.3,320800
2025-09-03T18:00:00Z,28.3,28.34,28.08,28.12,685100
2025-09-03T19:00:00Z,28.12,28.13,27.97,28.05,948000
2025-09-04T13:00:00Z,28.08,28.2,27.94,28.11,1055600
2025-09-04T14:00:00Z,28.12,28.15,27.99,28.12,337000
2025-09-04T15:00:00Z,28.12,28.16,28.05,28.08,368400
2025-09-04T16:00:00Z,28.08,28.19,28.07,28.17,142700
2025-09-04T17:00:00Z,28.15,28.39,28.14,28.34,327100
2025-09-04T18:00:00Z,28.33,28.36,28.18,28.31,501700
2025-09-04T19:00:00Z,28.32,28.39,28.21,28.25,764800
2025-09-05T13:00:00Z,28.5,29.39,28.25,29.38,626400
2025-09-05T14:00:00Z,29.36,29.37,28.75,28.84,1277600
2025-09-05T15:00:00Z,28.84,29.02,28.77,28.88,240600
2025-09-05T16:00:00Z,28.88,28.95,28.85,28.95,170600
2025-09-05T17:00:00Z,28.94,28.96,28.87,28.93,225300
2025-09-05T18:00:00Z,28.93,29.19,28.91,29.1,587900
2025-09-05T19:00:00Z,29.1,29.26,29.07,29.15,985600
2025-09-08T13:00:00Z,29.19,29.32,28.89,28.95,255300
2025-09-08T14:00:00Z,28.95,28.95,28.7,28.76,135900
2025-09-08T15:00:00Z,28.75,28.95,28.72,28.83,122900
2025-09-08T16:00:00Z,28.82,28.88,28.78,28.78,210000
2025-09-08T17:00:00Z,28.79,28.83,28.56,28.57,441200
2025-09-08T18:00:00Z,28.56,28.8,28.56,28.73,250300
2025-09-08T19:00:00Z,28.74,28.84,28.68,28.84,283200
2025-09-09T13:00:00Z,28.82,28.88,28.63,28.76,405600
2025-09-09T14:00:00Z,28.77,29.03,28.77,29,131300
2025-09-09T15:00:00Z,29,29,28.91,28.92,139100
2025-09-09T16:00:00Z,28.92,28.94,28.84,28.88,94500
2025-09-09T17:00:00Z,28.87,28.89,28.8,28.81,108000
2025-09-09T18:00:00Z,28.82,28.87,28.79,28.84,102300
2025-09-09T19:00:00Z,28.85,28.87,28.73,28.77,276200
2025-09-10T13:00:00Z,28.64,29.12,28.64,29.01,150800
2025-09-10T14:00:00Z,29.02,29.15,28.8,28.86,160200
2025-09-10T15:00:00Z,28.87,28.94,28.83,28.84,165500
2025-09-10T16:00:00Z,28.84,28.88,28.75,28.79,153100
2025-09-10T17:00:00Z,28.77,28.84,28.67,28.73,177100
2025-09-10T18:00:00Z,28.72,28.77,28.7,28.73,182500
2025-09-10T19:00:00Z,28.74,28.77,28.68,28.71,331400
2025-09-11T13:00:00Z,28.75,29.04,28.75,29.02,102400
2025-09-11T14:00:00Z,29.03,29.21,29,29.16,106400
2025-09-11T15:00:00Z,29.16,29.26,29.15,29.22,206300
2025-09-11T16:00:00Z,29.22,29.39,29.2,29.26,244700
2025-09-11T17:00:00Z,29.27,29.39,29.26,29.37,271000
2025-09-11T18:00:00Z,29.37,29.39,29.18,29.22,448600
2025-09-11T19:00:00Z,29.22,29.22,29.09,29.12,207000
2025-09-12T13:00:00Z,28.83,28.97,28.72,28.88,272900
2025-09-12T14:00:00Z,28.86,28.98,28.77,28.85,135400
2025-09-12T15:00:00Z,28.84,28.91,28.67,28.73,273300
2025-09-12T16:00:00Z,28.71,28.84,28.69,28.74,123800
2025-09-12T17:00:00Z,28.74,28.74,28.63,28.72,103100
2025-09-12T18:00:00Z,28.73,28.75,28.63,28.65,39600
2025-09-12T19:00:00Z,28.64,28.73,28.62,28.67,240300
2025-09-15T13:00:00Z,28.97,28.97,28.66,28.82,76800
2025-09-15T14:00:00Z,28.81,28.96,28.72,28.96,194500
2025-09-15T15:00:00Z,28.96,29,28.92,28.98,64300
2025-09-15T16:00:00Z,28.99,29.05,28.92,28.97,62500
2025-09-15T17:00:00Z,28.96,29.02,28.89,28.98,93400
2025-09-15T18:00:00Z,28.99,29.02,28.89,28.9,95100
2025-09-15T19:00:00Z,28.9,28.91,28.78,28.78,182400
2025-09-16T13:00:00Z,28.8,29.1,28.8,28.86,96700
2025-09-16T14:00:00Z,28.86,28.86,28.67,28.77,223900
2025-09-16T15:00:00Z,28.76,28.78,28.53,28.55,151400
2025-09-16T16:00:00Z,28.53,28.59,28.48,28.49,97300
2025-09-16T17:00:00Z,28.48,28.59,28.44,28.5,87200
2025-09-16T18:00:00Z,28.5,28.6,28.49,28.59,184000
2025-09-16T19:00:00Z,28.6,28.66,28.54,28.6,551000
2025-09-17T13:00:00Z,28.83,29.24,28.62,29.19,349200
2025-09-17T14:00:00Z,29.2,29.21,29,29.02,280700
2025-09-17T15:00:00Z,29.03,29.24,29.03,29.24,133700
2025-09-17T16:00:00Z,29.23,29.33,29.22,29.33,350800
2025-09-17T17:00:00Z,29.33,29.48,29.32,29.38,235800
2025-09-17T18:00:00Z,29.37,29.62,29.36,29.59,826100
2025-09-17T19:00:00Z,29.57,29.69,29.3,29.32,1498400
2025-09-18T13:00:00Z,29.43,29.57,29.1,29.18,210800
2025-09-18T14:00:00Z,29.18,29.33,29.12,29.15,154600
2025-09-18T15:00:00Z,29.15,29.3,29.11,29.27,377800
2025-09-18T16:00:00Z,29.27,29.41,29.24,29.28,196200
2025-09-18T17:00:00Z,29.28,29.31,29.22,29.28,153300
2025-09-18T18:00:00Z,29.28,29.34,29.27,29.31,59500
2025-09-18T19:00:00Z,29.31,29.33,29.26,29.31,217400
2025-09-19T13:00:00Z,29.28,29.58,29.19,29.23,164800
2025-09-19T14:00:00Z,29.23,29.36,29.23,29.27,144100
2025-09-19T15:00:00Z,29.28,29.35,29.23,29.33,131300
2025-09-19T16:00:00Z,29.33,29.35,29.25,29.32,148400
2025-09-19T17:00:00Z,29.3,29.36,29.28,29.35,182500
2025-09-19T18:00:00Z,29.34,29.34,29.24,29.25,268100
2025-09-19T19:00:00Z,29.26,29.28,29.18,29.25,549900
2025-09-22T13:00:00Z,28.8,28.89,28.51,28.8,314400
2025-09-22T14:00:00Z,28.81,28.86,28.67,28.79,420600
2025-09-22T15:00:00Z,28.79,28.95,28.74,28.86,598600
2025-09-22T16:00:00Z,28.87,28.95,28.82,28.87,287000
2025-09-22T17:00:00Z,28.87,28.96,28.82,28.94,210000
2025-09-22T18:00:00Z,28.94,28.95,28.76,28.78,403200
2025-09-22T19:00:00Z,28.77,28.9,28.72,28.89,295200
2025-09-23T13:00:00Z,28.86,29.18,28.79,29.08,104000
2025-09-23T14:00:00Z,29.09,29.18,29.03,29.11,437800
2025-09-23T15:00:00Z,29.1,29.27,29.09,29.27,163800
2025-09-23T16:00:00Z,29.27,29.35,29.24,29.28,322700
2025-09-23T17:00:00Z,29.28,29.31,29.11,29.16,1102200
2025-09-23T18:00:00Z,29.16,29.25,29.14,29.16,87100
2025-09-23T19:00:00Z,29.16,29.24,29.14,29.17,278100
2025-09-24T13:00:00Z,29.21,29.23,29.08,29.16,64200
2025-09-24T14:00:00Z,29.15,29.18,28.89,28.97,190400
2025-09-24T15:00:00Z,28.98,29.05,28.91,28.92,471200
2025-09-24T16:00:00Z,28.94,28.96,28.9,28.92,109500
2025-09-24T17:00:00Z,28.92,28.99,28.85,28.93,584300
2025-09-24T18:00:00Z,28.95,29.04,28.91,29.02,231100
2025-09-24T19:00:00Z,29.04,29.1,28.98,29.04,190700
2025-09-25T13:00:00Z,28.99,28.99,28.66,28.7,99300
2025-09-25T14:00:00Z,28.68,28.78,28.62,28.65,256700
2025-09-25T15:00:00Z,28.64,28.8,28.57,28.76,164900
2025-09-25T16:00:00Z,28.76,28.78,28.66,28.71,108000
2025-09-25T17:00:00Z,28.71,28.71,28.39,28.4,253800
2025-09-25T18:00:00Z,28.4,28.54,28.35,28.47,329700
2025-09-25T19:00:00Z,28.47,28.51,28.4,28.51,289600
2025-09-26T13:00:00Z,28.58,29.09,28.47,28.84,412300
2025-09-26T14:00:00Z,28.85,29.07,28.74,29,893400
2025-09-26T15:00:00Z,28.99,29.1,28.98,29.03,164600
2025-09-26T16:00:00Z,29.04,29.13,29.01,29.13,113000
2025-09-26T17:00:00Z,29.12,29.15,29,29.09,120100
2025-09-26T18:00:00Z,29.09,29.19,29.08,29.19,216100
2025-09-26T19:00:00Z,29.19,29.23,29.05,29.15,373500
2025-09-29T13:00:00Z,29.59,29.77,29.39,29.49,176600
2025-09-29T14:00:00Z,29.49,29.58,29.43,29.45,124700
2025-09-29T15:00:00Z,29.47,29.5,29.39,29.44,51700
2025-09-29T16:00:00Z,29.43,29.59,29.38,29.58,123200
2025-09-29T17:00:00Z,29.57,29.67,29.48,29.57,130100
2025-09-29T18:00:00Z,29.58,29.58,29.49,29.51,78200
2025-09-29T19:00:00Z,29.5,29.51,29.41,29.49,193300
2025-09-30T13:00:00Z,29.55,29.87,29.39,29.85,192200
2025-09-30T14:00:00Z,29.85,29.87,29.46,29.54,182800
2025-09-30T15:00:00Z,29.53,29.57,29.39,29.4,192300
2025-09-30T16:00:00Z,29.39,29.52,29.37,29.41,413100
2025-09-30T17:00:00Z,29.39,29.46,29.33,29.42,418200
2025-09-30T18:00:00Z,29.4,29.6,29.35,29.59,748100
2025-09-30T19:00:00Z,29.57,29.75,29.26,29.26,892600
2025-10-01T13:00:00Z,29.64,30,29.44,29.48,306600
2025-10-01T14:00:00Z,29.48,29.51,29.26,29.29,266900
2025-10-01T15:00:00Z,29.29,29.34,29.15,29.19,291800
2025-10-01T16:00:00Z,29.2,29.26,29.09,29.1,175900
2025-10-01T17:00:00Z,29.11,29.12,29.07,29.11,140000
2025-10-01T18:00:00Z,29.1,29.2,29.08,29.14,530000
2025-10-01T19:00:00Z,29.14,29.16,28.9,28.96,1423200
2025-10-02T13:00:00Z,29.08,29.16,28.88,28.97,257000
2025-10-02T14:00:00Z,28.97,28.97,28.72,28.83,251900
2025-10-02T15:00:00Z,28.83,28.87,28.75,28.78,141900
2025-10-02T16:00:00Z,28.78,28.84,28.75,28.82,134500
2025-10-02T17:00:00Z,28.81,28.85,28.69,28.83,211800
2025-10-02T18:00:00Z,28.83,28.84,28.75,28.77,236200
2025-10-02T19:00:00Z,28.77,29,28.74,28.97,1018200
2025-10-03T13:00:00Z,28.91,29.13,28.91,28.95,57800
2025-10-03T14:00:00Z,28.97,29.01,28.74,28.8,84900
2025-10-03T15:00:00Z,28.79,28.87,28.74,28.86,46200
2025-10-03T16:00:00Z,28.85,29,28.85,28.88,61000
2025-10-03T17:00:00Z,28.88,28.89,28.8,28.83,49500
2025-10-03T18:00:00Z,28.82,28.97,28.8,28.96,120400
2025-10-03T19:00:00Z,28.96,29.02,28.95,28.97,170900
2025-10-06T13:00:00Z,28.8,28.98,28.56,28.65,172200
2025-10-06T14:00:00Z,28.64,28.64,28.47,28.57,198600
2025-10-06T15:00:00Z,28.56,28.58,28.39,28.41,102600
2025-10-06T16:00:00Z,28.42,28.54,28.4,28.53,110000
2025-10-06T17:00:00Z,28.53,28.55,28.46,28.48,99400
2025-10-06T18:00:00Z,28.48,28.56,28.44,28.55,134300
2025-10-06T19:00:00Z,28.54,28.63,28.47,28.47,252500
2025-10-07T13:00:00Z,28.36,28.37,28.04,28.08,90900
2025-10-07T14:00:00Z,28.08,28.36,28.06,28.35,862700
2025-10-07T15:00:00Z,28.35,28.44,28.24,28.26,126400
2025-10-07T16:00:00Z,28.26,28.27,28.09,28.11,79200
2025-10-07T17:00:00Z,28.11,28.2,28.08,28.17,274900
2025-10-07T18:00:00Z,28.17,28.24,28.12,28.19,552000
2025-10-07T19:00:00Z,28.19,28.2,27.98,27.99,627500
2025-10-08T13:00:00Z,28.3,28.3,27.99,28.03,100800
2025-10-08T14:00:00Z,28.02,28.16,27.98,28.04,114500
2025-10-08T15:00:00Z,28.05,28.1,27.95,27.97,160500
2025-10-08T16:00:00Z,27.96,28.01,27.92,27.97,152500
2025-10-08T17:00:00Z,27.97,28.04,27.95,28.03,173000
2025-10-08T18:00:00Z,28.02,28.05,27.93,27.93,227900
2025-10-08T19:00:00Z,27.93,27.98,27.87,27.88,328800
2025-10-09T13:00:00Z,28,28.28,27.97,28.17,209700
2025-10-09T14:00:00Z,28.16,28.23,28.08,28.1,270700
2025-10-09T15:00:00Z,28.1,28.43,28.09,28.4,223100
2025-10-09T16:00:00Z,28.4,28.43,28.26,28.27,196800
2025-10-09T17:00:00Z,28.26,28.28,28.17,28.21,259600
2025-10-09T18:00:00Z,28.2,28.25,28.15,28.25,332200
2025-10-09T19:00:00Z,28.24,28.34,28.21,28.31,234800
2025-10-10T13:00:00Z,28.5,28.5,28.18,28.29,133800
2025-10-10T14:00:00Z,28.3,28.4,28.12,28.13,175200
2025-10-10T15:00:00Z,28.13,28.17,27.94,27.96,240000
2025-10-10T16:00:00Z,27.97,27.99,27.83,27.88,1243900
2025-10-10T17:00:00Z,27.88,27.98,27.85,27.96,101200
2025-10-10T18:00:00Z,27.96,27.97,27.88,27.92,205200
2025-10-10T19:00:00Z,27.92,27.96,27.72,27.72,1914500
2025-10-13T13:00:00Z,28.07,28.09,27.75,27.89,271800
2025-10-13T14:00:00Z,27.88,27.89,27.67,27.85,4470800
2025-10-13T15:00:00Z,27.85,27.87,27.77,27.78,445500
2025-10-13T16:00:00Z,27.79,27.89,27.75,27.86,353200
2025-10-13T17:00:00Z,27.85,27.89,27.71,27.74,2287100
2025-10-13T18:00:00Z,27.74,27.75,27.64,27.67,543400
2025-10-13T19:00:00Z,27.66,27.68,27.57,27.61,1054500
2025-10-14T13:00:00Z,26.95,27.41,26.92,27.23,1747700
2025-10-14T14:00:00Z,27.24,27.37,27.13,27.24,452100
2025-10-14T15:00:00Z,27.23,27.51,27.21,27.48,260200
2025-10-14T16:00:00Z,27.48,27.58,27.41,27.52,224400
2025-10-14T17:00:00Z,27.54,27.54,27.47,27.52,156800
2025-10-14T18:00:00Z,27.52,27.52,27.39,27.43,265100
2025-10-14T19:00:00Z,27.43,27.47,27.24,27.32,607600
2025-10-15T13:00:00Z,27.27,27.51,27.11,27.51,1065100
2025-10-15T14:00:00Z,27.52,27.76,27.47,27.74,708700
2025-10-15T15:00:00Z,27.73,27.8,27.53,27.57,355500
2025-10-15T16:00:00Z,27.57,27.68,27.57,27.61,321300
2025-10-15T17:00:00Z,27.6,27.83,27.5,27.79,397800
2025-10-15T18:00:00Z,27.79,27.82,27.72,27.8,730000
2025-10-15T19:00:00Z,27.8,27.94,27.7,27.87,811800
2025-10-16T13:00:00Z,27.52,27.89,27.52,27.88,266800
2025-10-16T14:00:00Z,27.88,28.02,27.78,27.96,231900
2025-10-16T15:00:00Z,27.96,28.14,27.94,28.1,223400
2025-10-16T16:00:00Z,28.11,28.17,27.96,28.17,434800
2025-10-16T17:00:00Z,28.18,28.24,28.11,28.14,325800
2025-10-16T18:00:00Z,28.15,28.15,28.03,28.08,254600
2025-10-16T19:00:00Z,28.09,28.15,28.02,28.15,253900
2025-10-17T13:00:00Z,27.84,28.17,27.68,28.11,147400
2025-10-17T14:00:00Z,28.11,28.16,27.96,28.12,378900
2025-10-17T15:00:00Z,28.12,28.21,28.06,28.17,356100
2025-10-17T16:00:00Z,28.17,28.18,28.12,28.17,880700
2025-10-17T17:00:00Z,28.18,28.25,28.15,28.2,258600
2025-10-17T18:00:00Z,28.2,28.28,28.1,28.11,768400
2025-10-17T19:00:00Z,28.11,28.2,28.03,28.2,850200
2025-10-20T13:00:00Z,28.44,28.66,28.35,28.54,367900
2025-10-20T14:00:00Z,28.55,28.78,28.55,28.76,666000
2025-10-20T15:00:00Z,28.76,28.89,28.74,28.88,319100
2025-10-20T16:00:00Z,28.88,28.91,28.79,28.81,251800
2025-10-20T17:00:00Z,28.82,28.86,28.8,28.83,248200
2025-10-20T18:00:00Z,28.83,28.97,28.81,28.94,448800
2025-10-20T19:00:00Z,28.94,29,28.9,29,1074600
2025-10-21T13:00:00Z,28.9,29.19,28.8,29.11,467100
2025-10-21T14:00:00Z,29.11,29.33,29.02,29.29,269900
2025-10-21T15:00:00Z,29.29,29.3,29.03,29.06,423500
2025-10-21T16:00:00Z,29.06,29.07,28.92,28.93,343100
2025-10-21T17:00:00Z,28.93,29,28.89,28.93,257000
2025-10-21T18:00:00Z,28.94,28.94,28.83,28.91,232600
2025-10-21T19:00:00Z,28.91,28.92,28.78,28.9,344000
2025-10-22T13:00:00Z,28.38,28.56,28.11,28.24,432000
2025-10-22T14:00:00Z,28.24,28.37,28.17,28.29,289000
2025-10-22T15:00:00Z,28.3,28.41,28.13,28.34,302100
2025-10-22T16:00:00Z,28.36,28.49,28.32,28.44,257200
2025-10-22T17:00:00Z,28.44,28.47,28.36,28.45,252400
2025-10-22T18:00:00Z,28.45,28.52,28.35,28.49,383600
2025-10-22T19:00:00Z,28.49,28.55,28.38,28.38,275600
2025-10-23T13:00:00Z,28.61,28.74,28.45,28.56,170500
2025-10-23T14:00:00Z,28.57,28.67,28.52,28.56,198900
2025-10-23T15:00:00Z,28.57,28.64,28.46,28.61,187500
2025-10-23T16:00:00Z,28.61,28.65,28.54,28.55,179400
2025-10-23T17:00:00Z,28.55,28.64,28.55,28.64,258100
2025-10-23T18:00:00Z,28.63,28.72,28.54,28.55,304700
2025-10-23T19:00:00Z,28.55,28.68,28.53,28.67,704300
2025-10-24T13:00:00Z,28.68,29.11,28.67,29.03,287600
2025-10-24T14:00:00Z,29.02,29.06,28.89,29.03,221500
2025-10-24T15:00:00Z,29.03,29.14,29,29.05,115300
2025-10-24T16:00:00Z,29.05,29.09,28.99,29.07,178000
2025-10-24T17:00:00Z,29.07,29.16,29.05,29.07,194500
2025-10-24T18:00:00Z,29.07,29.18,29,29.16,425200
2025-10-24T19:00:00Z,29.16,29.27,29.11,29.25,798400
2025-10-27T13:00:00Z,29.39,29.46,29.07,29.13,143700
2025-10-27T14:00:00Z,29.15,29.3,29.15,29.24,407400
2025-10-27T15:00:00Z,29.22,29.26,29.14,29.18,138000
2025-10-27T16:00:00Z,29.18,29.25,29.15,29.21,129700
2025-10-27T17:00:00Z,29.19,29.36,29.17,29.36,165200
2025-10-27T18:00:00Z,29.36,29.42,29.31,29.41,206100
2025-10-27T19:00:00Z,29.4,29.49,29.35,29.43,318800
2025-10-28T13:00:00Z,29.43,29.43,29.13,29.23,184200
2025-10-28T14:00:00Z,29.23,29.44,29.21,29.41,612400
2025-10-28T15:00:00Z,29.41,29.51,29.36,29.47,651000
2025-10-28T16:00:00Z,29.47,29.53,29.44,29.51,236600
2025-10-28T17:00:00Z,29.5,29.61,29.41,29.54,476700
2025-10-28T18:00:00Z,29.52,29.54,29.48,29.5,149800
2025-10-28T19:00:00Z,29.49,29.6,29.37,29.5,1246300
2025-10-29T13:00:00Z,29.85,30.38,29.7,29.97,2728300
2025-10-29T14:00:00Z,29.96,30.25,29.89,30.13,1328100
2025-10-29T15:00:00Z,30.12,30.14,29.99,30.07,560600
2025-10-29T16:00:00Z,30.07,30.2,29.98,30.14,712800
2025-10-29T17:00:00Z,30.14,30.21,29.99,30.08,1316400
2025-10-29T18:00:00Z,30.08,30.1,29.84,30.04,866100
2025-10-29T19:00:00Z,30.03,30.05,29.77,29.84,2755700
2025-10-30T13:00:00Z,29.54,30.51,29.47,30.3,807600
2025-10-30T14:00:00Z,30.31,30.69,30.3,30.38,657000
2025-10-30T15:00:00Z,30.37,30.56,30.35,30.43,322100
2025-10-30T16:00:00Z,30.41,30.49,30.35,30.46,174500
2025-10-30T17:00:00Z,30.44,30.54,30.36,30.54,351700
2025-10-30T18:00:00Z,30.54,30.62,30.48,30.62,573800
2025-10-30T19:00:00Z,30.62,30.64,30.58,30.6,375600
2025-10-31T13:00:00Z,30.61,31.03,30.45,30.97,220100
2025-10-31T14:00:00Z,30.98,31.14,30.85,31.07,1152600
2025-10-31T15:00:00Z,31.09,31.17,31.04,31.14,589300
2025-10-31T16:00:00Z,31.13,31.25,31.12,31.23,256100
2025-10-31T17:00:00Z,31.23,31.26,31.19,31.2,431200
2025-10-31T18:00:00Z,31.2,31.29,31.12,31.27,441400
2025-10-31T19:00:00Z,31.26,31.3,31.09,31.17,1971300
2025-11-03T13:00:00Z,31.14,31.49,31.03,31.4,612200
2025-11-03T14:00:00Z,31.4,31.68,31.34,31.61,1017000
2025-11-03T15:00:00Z,31.62,31.72,31.55,31.56,466600
2025-11-03T16:00:00Z,31.56,31.6,31.48,31.56,402400
2025-11-03T17:00:00Z,31.55,31.59,31.37,31.5,733000
2025-11-03T18:00:00Z,31.5,31.55,31.4,31.41,727800
2025-11-03T19:00:00Z,31.41,31.48,31.35,31.43,1420500
2025-11-03T20:00:00Z,31.43,31.51,31.43,31.5,348200
2025-11-04T13:00:00Z,31.55,31.64,31.4,31.64,303900
2025-11-04T14:00:00Z,31.64,32,31.5,31.95,395800
2025-11-04T15:00:00Z,31.94,31.94,31.77,31.84,277900
2025-11-04T16:00:00Z,31.84,31.9,31.66,31.69,1041700
2025-11-04T17:00:00Z,31.69,31.74,31.62,31.69,334600
2025-11-04T18:00:00Z,31.68,31.72,31.56,31.66,622400
2025-11-04T19:00:00Z,31.66,31.69,31.62,31.67,242400
2025-11-04T20:00:00Z,31.67,31.8,31.6,31.71,635300
2025-11-05T13:00:00Z,31.55,31.86,31.55,31.82,135000
2025-11-05T14:00:00Z,31.83,31.95,31.77,31.86,217600
2025-11-05T15:00:00Z,31.84,32,31.81,31.99,578200
2025-11-05T16:00:00Z,31.98,32.27,31.95,32.18,816700
2025-11-05T17:00:00Z,32.18,32.26,32.12,32.2,583300
2025-11-05T18:00:00Z,32.2,32.38,32.18,32.27,516100
2025-11-05T19:00:00Z,32.28,32.4,32.2,32.38,546600
2025-11-05T20:00:00Z,32.38,32.54,32.34,32.53,558500
2025-11-06T13:00:00Z,32.5,32.9,32.46,32.76,477200
2025-11-06T14:00:00Z,32.77,32.8,32.49,32.58,1172000
2025-11-06T15:00:00Z,32.58,32.63,32.4,32.44,614300
2025-11-06T16:00:00Z,32.43,32.48,32.37,32.41,218100
2025-11-06T17:00:00Z,32.43,32.48,32.38,32.45,143500
2025-11-06T18:00:00Z,32.45,32.46,32.35,32.35,338100
2025-11-06T19:00:00Z,32.34,32.42,32.34,32.36,282600
2025-11-06T20:00:00Z,32.37,32.43,32.27,32.29,336800
2025-11-07T13:00:00Z,32.2,32.33,32.07,32.13,173100
2025-11-07T14:00:00Z,32.11,32.12,31.88,32.05,4283000
2025-11-07T15:00:00Z,32.04,32.19,31.98,32.13,893800
2025-11-07T16:00:00Z,32.14,32.31,32.11,32.27,324300
2025-11-07T17:00:00Z,32.27,32.29,32.09,32.14,550300
2025-11-07T18:00:00Z,32.16,32.23,32.11,32.15,247400
2025-11-07T19:00:00Z,32.15,32.18,32.09,32.11,334400
2025-11-07T20:00:00Z,32.11,32.38,32.09,32.32,870100
2025-11-10T13:00:00Z,32.4,32.64,32.4,32.61,477100
2025-11-10T14:00:00Z,32.61,32.92,32.47,32.5,1163000
2025-11-10T15:00:00Z,32.51,32.76,32.48,32.64,385900
2025-11-10T16:00:00Z,32.63,32.7,32.5,32.53,276100
2025-11-10T17:00:00Z,32.52,32.64,32.5,32.59,351900
2025-11-10T18:00:00Z,32.59,32.64,32.54,32.63,278800
2025-11-10T19:00:00Z,32.63,32.69,32.56,32.65,281400
2025-11-10T20:00:00Z,32.65,32.71,32.6,32.71,1083900
2025-11-11T13:00:00Z,32.65,33.26,32.52,33.19,329400
2025-11-11T14:00:00Z,33.18,33.4,33.04,33.08,526000
2025-11-11T15:00:00Z,33.07,33.12,32.88,33,252700
2025-11-11T16:00:00Z,32.99,33.12,32.97,33.04,420700
2025-11-11T17:00:00Z,33.03,33.15,33.03,33.14,404200
2025-11-11T18:00:00Z,33.14,33.17,33.1,33.14,442100
2025-11-11T19:00:00Z,33.14,33.3,33.09,33.29,638000
2025-11-11T20:00:00Z,33.28,33.48,33.26,33.31,709400
2025-11-12T13:00:00Z,33.41,33.53,33.31,33.49,160400
2025-11-12T14:00:00Z,33.49,33.6,33.18,33.27,593700
2025-11-12T15:00:00Z,33.26,33.38,33.22,33.34,1183000
2025-11-12T16:00:00Z,33.33,33.37,33.28,33.31,394900
2025-11-12T17:00:00Z,33.32,33.47,33.31,33.46,187100
2025-11-12T18:00:00Z,33.45,33.58,33.45,33.55,200800
2025-11-12T19:00:00Z,33.55,33.56,33.41,33.46,326800
2025-11-12T20:00:00Z,33.44,33.54,33.44,33.51,300800
2025-11-13T13:00:00Z,33.4,33.76,33.3,33.67,189100
2025-11-13T14:00:00Z,33.68,33.72,33.5,33.67,182700
2025-11-13T15:00:00Z,33.68,33.78,33.56,33.6,252600
2025-11-13T16:00:00Z,33.58,33.65,33.46,33.52,229200
2025-11-13T17:00:00Z,33.53,33.56,33.39,33.43,274100
2025-11-13T18:00:00Z,33.43,33.45,33.39,33.44,365400
2025-11-13T19:00:00Z,33.43,33.56,33.41,33.51,346300
2025-11-13T20:00:00Z,33.5,33.59,33.33,33.42,1992300
2025-11-14T13:00:00Z,33.5,33.63,33.37,33.59,135700
2025-11-14T14:00:00Z,33.56,33.81,33.51,33.73,206900
2025-11-14T15:00:00Z,33.75,33.92,33.68,33.84,138200
2025-11-14T16:00:00Z,33.87,33.87,33.72,33.77,94900
2025-11-14T17:00:00Z,33.77,33.85,33.74,33.76,111700
2025-11-14T18:00:00Z,33.77,33.8,33.69,33.75,110500
2025-11-14T19:00:00Z,33.76,33.83,33.72,33.75,126100
2025-11-14T20:00:00Z,33.75,33.81,33.65,33.8,256000
2025-11-17T13:00:00Z,33.45,33.78,33.45,33.51,94800
2025-11-17T14:00:00Z,33.52,33.71,33.5,33.67,105400
2025-11-17T15:00:00Z,33.68,33.74,33.61,33.68,105500
2025-11-17T16:00:00Z,33.67,33.67,33.55,33.56,266500
2025-11-17T17:00:00Z,33.56,33.61,33.53,33.55,131400
2025-11-17T18:00:00Z,33.54,33.55,33.4,33.41,133200
2025-11-17T19:00:00Z,33.4,33.45,33.34,33.42,344600
2025-11-17T20:00:00Z,33.41,33.49,33.37,33.49,411100
2025-11-18T13:00:00Z,33.46,33.62,33.28,33.56,95900
2025-11-18T14:00:00Z,33.57,33.61,33.4,33.43,147000
2025-11-18T15:00:00Z,33.43,33.51,33.34,33.43,145500
2025-11-18T16:00:00Z,33.44,33.47,33.4,33.42,96100
2025-11-18T17:00:00Z,33.43,33.49,33.41,33.42,87200
2025-11-18T18:00:00Z,33.42,33.48,33.4,33.42,132600
2025-11-18T19:00:00Z,33.41,33.5,33.4,33.48,162300
2025-11-18T20:00:00Z,33.47,33.49,33.39,33.42,365100
2025-11-19T13:00:00Z,33.32,33.41,33.08,33.32,698800
2025-11-19T14:00:00Z,33.31,33.41,33.18,33.29,374000
2025-11-19T15:00:00Z,33.29,33.29,32.98,33.03,196500
2025-11-19T16:00:00Z,33.05,33.14,32.99,33.04,109800
2025-11-19T17:00:00Z,33.04,33.1,32.99,32.99,102100
2025-11-19T18:00:00Z,32.99,33.12,32.99,33.01,117000
2025-11-19T19:00:00Z,33.03,33.04,32.95,32.99,201200
2025-11-19T20:00:00Z,33,33.1,32.98,33.1,285000
2025-11-21T13:00:00Z,33.01,33.05,32.86,32.99,137400
2025-11-21T14:00:00Z,32.99,33.01,32.77,32.82,146400
2025-11-21T15:00:00Z,32.83,32.89,32.77,32.84,211600
2025-11-21T16:00:00Z,32.84,32.98,32.72,32.98,200600
2025-11-21T17:00:00Z,32.98,33,32.9,32.92,254900
2025-11-21T18:00:00Z,32.93,33.18,32.87,33.07,225300
2025-11-21T19:00:00Z,33.08,33.15,33.04,33.13,135200
2025-11-21T20:00:00Z,33.14,33.21,33.12,33.18,192800
2025-11-24T13:00:00Z,33.21,33.32,33,33.17,66600
2025-11-24T14:00:00Z,33.18,33.42,33.16,33.26,152100
2025-11-24T15:00:00Z,33.28,33.33,33.25,33.29,65700
2025-11-24T16:00:00Z,33.3,33.4,33.11,33.13,308000
2025-11-24T17:00:00Z,33.13,33.14,33,33.02,274700
2025-11-24T18:00:00Z,33.01,33.11,33.01,33.09,194600
2025-11-24T19:00:00Z,33.08,33.19,33.07,33.14,228400
2025-11-24T20:00:00Z,33.14,33.19,33.12,33.16,279800
2025-11-25T13:00:00Z,33,33.48,33,33.25,339200
2025-11-25T14:00:00Z,33.25,33.3,32.96,33.11,153700
2025-11-25T15:00:00Z,33.11,33.4,33.09,33.25,185500
2025-11-25T16:00:00Z,33.26,33.31,33.22,33.29,71900
2025-11-25T17:00:00Z,33.29,33.32,33.23,33.3,116500
2025-11-25T18:00:00Z,33.3,33.36,33.29,33.31,100800
2025-11-25T19:00:00Z,33.33,33.49,33.31,33.47,247500
2025-11-25T20:00:00Z,33.47,33.47,33.39,33.46,352500
2025-11-26T13:00:00Z,33.57,33.87,33.46,33.86,126100
2025-11-26T14:00:00Z,33.87,34.05,33.84,34.04,177900
2025-11-26T15:00:00Z,34.02,34.1,33.97,34.04,144800
2025-11-26T16:00:00Z,34.06,34.21,34.05,34.15,133100
2025-11-26T17:00:00Z,34.17,34.26,34.16,34.24,475200
2025-11-26T18:00:00Z,34.23,34.3,34.2,34.3,194200
2025-11-26T19:00:00Z,34.29,34.35,34.22,34.23,379600
2025-11-26T20:00:00Z,34.25,34.3,34.18,34.28,293300
2025-11-27T13:00:00Z,34.19,34.23,34.01,34.06,68700
2025-11-27T14:00:00Z,34.05,34.13,34.03,34.1,37400
2025-11-27T15:00:00Z,34.1,34.13,34.07,34.1,39900
2025-11-27T16:00:00Z,34.1,34.23,34.1,34.19,82200
2025-11-27T17:00:00Z,34.2,34.2,34.15,34.18,40100
2025-11-27T18:00:00Z,34.18,34.31,34.18,34.23,65500
2025-11-27T19:00:00Z,34.23,34.28,34.19,34.25,57000
2025-11-27T20:00:00Z,34.24,34.34,34.24,34.34,141600
2025-11-28T13:00:00Z,34.25,34.66,34.2,34.64,106300
2025-11-28T14:00:00Z,34.64,34.64,34.44,34.48,578900
2025-11-28T15:00:00Z,34.48,34.48,34.34,34.4,179100
2025-11-28T16:00:00Z,34.38,34.42,34.28,34.32,612700
2025-11-28T17:00:00Z,34.32,34.38,34.23,34.3,175900
2025-11-28T18:00:00Z,34.28,34.32,34.21,34.24,248600
2025-11-28T19:00:00Z,34.24,34.28,34.15,34.21,433600
2025-11-28T20:00:00Z,34.2,34.31,34.13,34.29,602100
2025-12-01T13:00:00Z,34.15,34.15,33.75,33.87,136800
2025-12-01T14:00:00Z,33.87,34.1,33.82,34.05,151300
2025-12-01T15:00:00Z,34.05,34.1,33.97,34.02,255100
2025-12-01T16:00:00Z,34.01,34.04,33.96,34,182600
2025-12-01T17:00:00Z,33.99,34.15,33.96,33.97,434700
2025-12-01T18:00:00Z,33.96,34.02,33.91,33.97,364700
2025-12-01T19:00:00Z,33.96,33.97,33.86,33.93,636300
2025-12-01T20:00:00Z,33.93,33.97,33.89,33.9,800600
2025-12-02T13:00:00Z,34.07,34.23,33.99,34.11,207200
2025-12-02T14:00:00Z,34.11,34.38,34.1,34.37,305800
2025-12-02T15:00:00Z,34.37,34.41,34.24,34.26,155900
2025-12-02T16:00:00Z,34.25,34.49,34.24,34.45,235700
2025-12-02T17:00:00Z,34.45,34.64,34.45,34.53,378100
2025-12-02T18:00:00Z,34.53,34.73,34.53,34.68,435600
2025-12-02T19:00:00Z,34.68,34.82,34.65,34.76,468100
2025-12-02T20:00:00Z,34.76,34.89,34.75,34.85,602600
2025-12-03T13:00:00Z,35,35.03,34.7,34.72,110100
2025-12-03T14:00:00Z,34.75,34.75,34.37,34.47,272500
2025-12-03T15:00:00Z,34.46,34.53,34.19,34.22,413000
2025-12-03T16:00:00Z,34.2,34.28,34.13,34.18,344200
2025-12-03T17:00:00Z,34.17,34.26,34.17,34.25,184700
2025-12-03T18:00:00Z,34.26,34.35,34.24,34.3,259100
2025-12-03T19:00:00Z,34.31,34.36,34.26,34.31,545300
2025-12-03T20:00:00Z,34.31,34.38,34.29,34.38,772300
2025-12-04T13:00:00Z,34.45,35.16,34.43,34.91,353600
2025-12-04T14:00:00Z,34.91,34.97,34.59,34.65,253700
2025-12-04T15:00:00Z,34.67,34.78,34.61,34.69,947700
2025-12-04T16:00:00Z,34.69,34.73,34.64,34.69,183700
2025-12-04T17:00:00Z,34.68,34.74,34.58,34.69,191400
2025-12-04T18:00:00Z,34.69,34.73,34.6,34.71,217400
2025-12-04T19:00:00Z,34.7,34.83,34.66,34.7,357100
2025-12-04T20:00:00Z,34.7,34.73,34.61,34.65,552500
2025-12-05T13:00:00Z,34.79,34.79,34.51,34.58,94200
2025-12-05T14:00:00Z,34.58,34.67,34.49,34.58,297800
2025-12-05T15:00:00Z,34.6,34.62,34.15,34.19,355700
2025-12-05T16:00:00Z,34.21,34.39,33.9,34.18,601900
2025-12-05T17:00:00Z,34.16,34.39,33.93,33.99,427800
2025-12-05T18:00:00Z,33.97,34.01,33.27,33.31,656700
2025-12-05T19:00:00Z,33.29,33.38,33.08,33.32,410600
2025-12-05T20:00:00Z,33.33,33.38,33.01,33.06,564200
2025-12-08T13:00:00Z,33.47,33.69,33.35,33.48,149600
2025-12-08T14:00:00Z,33.5,33.59,33.13,33.16,104000
2025-12-08T15:00:00Z,33.16,33.18,33.03,33.12,104800
2025-12-08T16:00:00Z,33.12,33.33,33.07,33.33,83200
2025-12-08T17:00:00Z,33.32,33.49,33.23,33.36,109900
2025-12-08T18:00:00Z,33.34,33.4,33.24,33.26,84300
2025-12-08T19:00:00Z,33.26,33.28,32.85,32.99,567200
2025-12-08T20:00:00Z,32.98,33.03,32.63,32.66,630000
2025-12-09T13:00:00Z,32.85,32.85,31.93,32.08,700900
2025-12-09T14:00:00Z,32.08,32.13,31.85,32.03,191700
2025-12-09T15:00:00Z,32.05,32.35,32,32.29,310900
2025-12-09T16:00:00Z,32.29,32.32,32.06,32.19,649700
2025-12-09T17:00:00Z,32.19,32.27,32.03,32.05,383400
2025-12-09T18:00:00Z,32.06,32.24,32,32.19,275100
2025-12-09T19:00:00Z,32.21,32.26,32.14,32.24,988500
2025-12-09T20:00:00Z,32.24,32.27,32.07,32.15,1239200
2025-12-10T13:00:00Z,32.17,32.36,31.96,32.13,244900
2025-12-10T14:00:00Z,32.11,32.14,31.96,32.01,179900
2025-12-10T15:00:00Z,32.02,32.07,31.87,31.95,343200
2025-12-10T16:00:00Z,31.94,31.98,31.87,31.93,598500
2025-12-10T17:00:00Z,31.93,32.1,31.8,32.08,434900
2025-12-10T18:00:00Z,32.09,32.1,31.94,31.96,152600
2025-12-10T19:00:00Z,31.96,32.05,31.74,31.84,262600
2025-12-10T20:00:00Z,31.85,32.14,31.83,31.89,834100
2025-12-11T13:00:00Z,31.88,32.02,31.72,31.92,136400
2025-12-11T14:00:00Z,31.92,32.16,31.87,32.1,151600
2025-12-11T15:00:00Z,32.09,32.23,32.09,32.11,198200
2025-12-11T16:00:00Z,32.11,32.23,32.1,32.21,166700
2025-12-11T17:00:00Z,32.22,32.24,32.09,32.1,139500
2025-12-11T18:00:00Z,32.1,32.22,32.1,32.18,180000
2025-12-11T19:00:00Z,32.17,32.2,32.05,32.08,214100
2025-12-11T20:00:00Z,32.09,32.1,32.01,32.09,252400
2025-12-12T13:00:00Z,32,32.33,31.95,32.28,193900
2025-12-12T14:00:00Z,32.28,32.33,32.12,32.15,242200
2025-12-12T15:00:00Z,32.13,32.13,31.88,31.91,148500
2025-12-12T16:00:00Z,31.92,32.14,31.87,32.13,178400
2025-12-12T17:00:00Z,32.12,32.24,32.1,32.21,341900
2025-12-12T18:00:00Z,32.21,32.21,32.11,32.15,248600
2025-12-12T19:00:00Z,32.15,32.16,31.98,32,317000
2025-12-12T20:00:00Z,32.01,32.03,31.89,31.95,471700
2025-12-15T13:00:00Z,32.36,32.39,32.07,32.17,270500
2025-12-15T14:00:00Z,32.16,32.3,32.11,32.26,526300
2025-12-15T15:00:00Z,32.26,32.35,32.23,32.3,402000
2025-12-15T16:00:00Z,32.3,32.5,32.3,32.42,555700
2025-12-15T17:00:00Z,32.41,32.64,32.37,32.59,550700
2025-12-15T18:00:00Z,32.58,32.79,32.53,32.72,350000
2025-12-15T19:00:00Z,32.72,32.77,32.68,32.75,391500
2025-12-15T20:00:00Z,32.74,33.03,32.71,33.03,830300
2025-12-16T13:00:00Z,32.59,32.69,32.23,32.43,201100
2025-12-16T14:00:00Z,32.45,32.52,32.25,32.3,101900
2025-12-16T15:00:00Z,32.33,32.34,32.2,32.22,93200
2025-12-16T16:00:00Z,32.22,32.25,32.14,32.19,128500
2025-12-16T17:00:00Z,32.19,32.27,31.96,31.99,336700
2025-12-16T18:00:00Z,32.01,32.07,31.94,32.06,224300
2025-12-16T19:00:00Z,32.06,32.06,31.76,31.94,489200
2025-12-16T20:00:00Z,31.93,32.01,31.81,31.89,329200
2025-12-17T13:00:00Z,31.6,31.75,31.2,31.29,382700
2025-12-17T14:00:00Z,31.31,31.51,31.16,31.42,462000
2025-12-17T15:00:00Z,31.41,31.48,31.31,31.34,283200
2025-12-17T16:00:00Z,31.35,31.51,31.32,31.48,230100
2025-12-17T17:00:00Z,31.5,31.53,31.4,31.46,165700
2025-12-17T18:00:00Z,31.46,31.56,31.41,31.51,289400
2025-12-17T19:00:00Z,31.52,31.54,31.42,31.42,337100
2025-12-17T20:00:00Z,31.42,31.54,31.36,31.5,453500
2025-12-18T13:00:00Z,31.57,31.8,31.4,31.68,110700
2025-12-18T14:00:00Z,31.67,31.87,31.67,31.8,355900
2025-12-18T15:00:00Z,31.82,32.16,31.77,32.1,272200
2025-12-18T16:00:00Z,32.09,32.19,32.01,32.07,145600
2025-12-18T17:00:00Z,32.08,32.11,31.91,32.07,143700
2025-12-18T18:00:00Z,32.09,32.13,32.01,32.04,88400
2025-12-18T19:00:00Z,32.04,32.11,31.99,32.03,208400
2025-12-18T20:00:00Z,32.05,32.21,32.04,32.13,291600
2025-12-19T13:00:00Z,32.05,32.37,31.93,32.34,117300
2025-12-19T14:00:00Z,32.33,32.45,32.22,32.38,119800
2025-12-19T15:00:00Z,32.4,32.49,32.18,32.18,912300
2025-12-19T16:00:00Z,32.2,32.35,32.18,32.25,220300
2025-12-19T17:00:00Z,32.25,32.29,32.15,32.24,497800
2025-12-19T18:00:00Z,32.24,32.35,32.23,32.31,241200
2025-12-19T19:00:00Z,32.3,32.55,32.3,32.54,524200
2025-12-19T20:00:00Z,32.53,32.64,32.38,32.48,620900
2025-12-22T13:00:00Z,32.38,32.49,32.19,32.45,174500
2025-12-22T14:00:00Z,32.45,32.54,32.16,32.24,102800
2025-12-22T15:00:00Z,32.22,32.3,32.19,32.24,92900
2025-12-22T16:00:00Z,32.23,32.39,32.19,32.33,97300
2025-12-22T17:00:00Z,32.33,32.46,32.31,32.4,132600
2025-12-22T18:00:00Z,32.4,32.42,32.32,32.39,169900
2025-12-22T19:00:00Z,32.39,32.68,32.32,32.59,401000
2025-12-22T20:00:00Z,32.59,32.6,32.48,32.56,240200
2025-12-23T13:00:00Z,32.75,33.2,32.56,33.08,115000
2025-12-23T14:00:00Z,33.1,33.52,32.98,33.51,192600
2025-12-23T15:00:00Z,33.51,33.73,33.45,33.57,226500
2025-12-23T16:00:00Z,33.58,33.95,33.51,33.9,571900
2025-12-23T17:00:00Z,33.89,33.9,33.76,33.8,315200
2025-12-23T18:00:00Z,33.8,33.82,33.6,33.62,400000
2025-12-23T19:00:00Z,33.62,33.85,33.6,33.84,514100
2025-12-23T20:00:00Z,33.84,34.21,33.76,34.08,1712300
2025-12-26T13:00:00Z,33.71,33.9,33.63,33.8,111000
2025-12-26T14:00:00Z,33.8,34.12,33.78,34.06,275400
2025-12-26T15:00:00Z,34.05,34.26,33.94,34.03,289800
2025-12-26T16:00:00Z,34.03,34.04,33.93,33.99,122100
2025-12-26T17:00:00Z,33.99,34.13,33.98,34.12,165300
2025-12-26T18:00:00Z,34.13,34.17,34.03,34.08,158300
2025-12-26T19:00:00Z,34.06,34.18,34.03,34.14,113500
2025-12-26T20:00:00Z,34.12,34.19,34.07,34.08,225200
2025-12-29T13:00:00Z,34.45,34.45,34,34.01,193100
2025-12-29T14:00:00Z,34.02,34.1,33.8,33.92,405900
2025-12-29T15:00:00Z,33.9,33.91,33.67,33.8,422700
2025-12-29T16:00:00Z,33.82,33.95,33.73,33.76,149900
2025-12-29T17:00:00Z,33.75,33.77,33.58,33.61,370700
2025-12-29T18:00:00Z,33.61,33.64,33.33,33.39,447600
2025-12-29T19:00:00Z,33.4,33.56,33.35,33.54,321400
2025-12-29T20:00:00Z,33.56,33.61,33.46,33.47,460400
2025-12-30T13:00:00Z,33.53,34.09,33.52,33.91,97700
2025-12-30T14:00:00Z,33.91,34.09,33.81,33.87,223100
2025-12-30T15:00:00Z,33.86,33.88,33.78,33.84,189600
2025-12-30T16:00:00Z,33.84,33.93,33.77,33.9,251100
2025-12-30T17:00:00Z,33.89,33.99,33.86,33.98,186800
2025-12-30T18:00:00Z,33.98,34.01,33.92,33.95,212300
2025-12-30T19:00:00Z,33.95,34.07,33.92,33.96,342600
2025-12-30T20:00:00Z,33.96,33.99,33.8,33.8,331000
2026-01-02T13:00:00Z,34.29,34.29,34,34.08,136300
2026-01-02T14:00:00Z,34.07,34.26,33.97,33.99,155400
2026-01-02T15:00:00Z,33.99,34.09,33.78,33.79,277300
2026-01-02T16:00:00Z,33.79,33.94,33.69,33.74,225500
2026-01-02T17:00:00Z,33.74,33.83,33.72,33.81,340300
2026-01-02T18:00:00Z,33.81,33.85,33.71,33.75,283100
2026-01-02T19:00:00Z,33.75,33.81,33.73,33.76,266500
2026-01-02T20:00:00Z,33.76,33.8,33.66,33.75,378000
2026-01-05T13:00:00Z,33.34,33.76,33.34,33.58,71300
2026-01-05T14:00:00Z,33.59,33.66,33.38,33.41,163000
2026-01-05T15:00:00Z,33.42,33.79,33.38,33.78,225100
2026-01-05T16:00:00Z,33.79,33.81,33.68,33.79,193500
2026-01-05T17:00:00Z,33.78,34.09,33.78,34.04,275100
2026-01-05T18:00:00Z,34.04,34.05,33.87,33.98,506900
2026-01-05T19:00:00Z,33.99,34.01,33.77,33.78,307000
2026-01-05T20:00:00Z,33.77,34,33.74,33.99,550800
2026-01-06T13:00:00Z,34.2,34.5,34.07,34.3,361000
2026-01-06T14:00:00Z,34.29,34.41,34.16,34.29,289000
2026-01-06T15:00:00Z,34.28,34.38,34.23,34.23,267600
2026-01-06T16:00:00Z,34.24,34.39,34.13,34.3,167000
2026-01-06T17:00:00Z,34.3,34.34,34.14,34.18,144500
2026-01-06T18:00:00Z,34.19,34.22,34.11,34.12,122200
2026-01-06T19:00:00Z,34.13,34.13,33.94,33.96,281800
2026-01-06T20:00:00Z,33.96,34.16,33.94,34.08,456200
2026-01-07T13:00:00Z,33.87,33.87,33.37,33.43,2770400
2026-01-07T14:00:00Z,33.44,33.45,33.15,33.25,333500
2026-01-07T15:00:00Z,33.24,33.31,33.12,33.28,143600
2026-01-07T16:00:00Z,33.29,33.31,33.07,33.15,246500
2026-01-07T17:00:00Z,33.14,33.17,33.04,33.1,90700
2026-01-07T18:00:00Z,33.1,33.17,33,33.01,120100
2026-01-07T19:00:00Z,33.02,33.14,32.91,33.08,340300
2026-01-07T20:00:00Z,33.08,33.24,33.04,33.23,640300
2026-01-08T13:00:00Z,33.14,33.74,33.03,33.6,217100
2026-01-08T14:00:00Z,33.59,33.6,33.26,33.35,273800
2026-01-08T15:00:00Z,33.35,33.58,33.32,33.58,200400
2026-01-08T16:00:00Z,33.56,33.61,33.46,33.55,625600
2026-01-08T17:00:00Z,33.54,33.57,33.41,33.51,193000
2026-01-08T18:00:00Z,33.51,33.53,33.36,33.39,155000
2026-01-08T19:00:00Z,33.38,33.57,33.35,33.39,880500
2026-01-08T20:00:00Z,33.39,33.6,33.35,33.53,355500
2026-01-09T13:00:00Z,33.73,34.14,33.61,34.02,495700
2026-01-09T14:00:00Z,34.02,34.07,33.75,33.91,223400
2026-01-09T15:00:00Z,33.94,33.98,33.79,33.84,116300
2026-01-09T16:00:00Z,33.82,34.12,33.75,34.11,381800
2026-01-09T17:00:00Z,34.11,34.25,34.09,34.11,198800
2026-01-09T18:00:00Z,34.12,34.13,34.02,34.07,176500
2026-01-09T19:00:00Z,34.05,34.26,33.97,34.18,437400
2026-01-09T20:00:00Z,34.18,34.26,34.13,34.26,727900
2026-01-12T13:00:00Z,34.13,34.24,33.72,33.77,143300
2026-01-12T14:00:00Z,33.77,34.03,33.69,34,95900
2026-01-12T15:00:00Z,34,34.06,33.86,34,118300
2026-01-12T16:00:00Z,33.99,34.1,33.81,33.82,563900
2026-01-12T17:00:00Z,33.82,33.99,33.81,33.93,173900
2026-01-12T18:00:00Z,33.92,34.01,33.81,33.89,173900
2026-01-12T19:00:00Z,33.89,33.94,33.85,33.89,116000
2026-01-12T20:00:00Z,33.88,33.97,33.76,33.92,363200
2026-01-13T13:00:00Z,33.75,34.03,33.55,33.83,133800
2026-01-13T14:00:00Z,33.85,33.96,33.49,33.53,818500
2026-01-13T15:00:00Z,33.52,33.6,33.4,33.59,340800
2026-01-13T16:00:00Z,33.57,33.65,33.45,33.59,154200
2026-01-13T17:00:00Z,33.57,33.75,33.51,33.7,175200
2026-01-13T18:00:00Z,33.7,33.72,33.61,33.61,160500
2026-01-13T19:00:00Z,33.62,33.7,33.55,33.69,240000
2026-01-13T20:00:00Z,33.69,33.7,33.56,33.59,350000
2026-01-14T13:00:00Z,33.83,33.97,33.71,33.83,185600
2026-01-14T14:00:00Z,33.82,34,33.55,33.85,209100
2026-01-14T15:00:00Z,33.85,33.94,33.76,33.85,178300
2026-01-14T16:00:00Z,33.83,33.91,33.78,33.87,119000
2026-01-14T17:00:00Z,33.86,33.92,33.85,33.9,77700
2026-01-14T18:00:00Z,33.9,33.97,33.86,33.97,169700
2026-01-14T19:00:00Z,33.97,34.09,33.91,34.04,318700
2026-01-14T20:00:00Z,34.04,34.11,34,34.06,451900
2026-01-15T13:00:00Z,34.11,34.21,33.84,33.9,151300
2026-01-15T14:00:00Z,33.89,33.98,33.68,33.77,151100
2026-01-15T15:00:00Z,33.77,33.98,33.77,33.91,201700
2026-01-15T16:00:00Z,33.9,34.04,33.9,33.93,272900
2026-01-15T17:00:00Z,33.94,33.97,33.55,33.56,442200
2026-01-15T18:00:00Z,33.57,33.71,33.52,33.56,623900
2026-01-15T19:00:00Z,33.54,33.56,33.09,33.12,854700
2026-01-15T20:00:00Z,33.12,33.2,33.05,33.13,1175700
2026-01-16T13:00:00Z,33.14,33.52,33.12,33.2,267600
2026-01-16T14:00:00Z,33.2,33.23,32.9,33.11,244600
2026-01-16T15:00:00Z,33.11,33.16,33.06,33.11,167800
2026-01-16T16:00:00Z,33.11,33.22,33.08,33.13,146400
2026-01-16T17:00:00Z,33.12,33.2,33.11,33.14,93400
2026-01-16T18:00:00Z,33.13,33.19,33.11,33.16,135800
2026-01-16T19:00:00Z,33.16,33.2,32.92,32.93,261100
2026-01-16T20:00:00Z,32.94,33.03,32.93,32.96,688300
2026-01-19T13:00:00Z,33.02,33.4,33.02,33.34,229700
2026-01-19T14:00:00Z,33.35,33.7,33.32,33.57,713400
2026-01-19T15:00:00Z,33.57,33.61,33.37,33.43,164500
2026-01-19T16:00:00Z,33.44,33.48,33.35,33.39,145800
2026-01-19T17:00:00Z,33.39,33.41,33.27,33.35,159300
2026-01-19T18:00:00Z,33.34,33.38,33.3,33.33,146200
2026-01-19T19:00:00Z,33.32,33.34,33.18,33.21,233800
2026-01-19T20:00:00Z,33.2,33.3,33.18,33.21,299300
2026-01-20T13:00:00Z,33.33,33.35,32.97,33.12,179500
2026-01-20T14:00:00Z,33.13,33.46,33.07,33.42,300700
2026-01-20T15:00:00Z,33.42,33.66,33.28,33.57,330300
2026-01-20T16:00:00Z,33.57,33.8,33.57,33.77,787200
2026-01-20T17:00:00Z,33.75,33.82,33.68,33.74,342800
2026-01-20T18:00:00Z,33.74,33.78,33.7,33.73,254300
2026-01-20T19:00:00Z,33.73,33.99,33.7,33.93,519400
2026-01-20T20:00:00Z,33.92,33.98,33.89,33.89,533900
2026-01-21T13:00:00Z,33.83,34.16,33.74,34.01,315300
2026-01-21T14:00:00Z,34.01,34.1,33.9,33.92,565800
2026-01-21T15:00:00Z,33.93,34.09,33.86,34.09,224800
2026-01-21T16:00:00Z,34.08,34.1,33.95,33.98,201400
2026-01-21T17:00:00Z,33.98,34.04,33.87,33.96,218300
2026-01-21T18:00:00Z,33.96,34.19,33.93,34.16,256200
2026-01-21T19:00:00Z,34.17,34.26,34.08,34.25,1208300
2026-01-21T20:00:00Z,34.25,34.46,34.17,34.4,674500
2026-01-22T13:00:00Z,34.67,34.74,34.37,34.59,444700
2026-01-22T14:00:00Z,34.59,35.08,34.57,34.97,547000
2026-01-22T15:00:00Z,34.98,35.71,34.92,35.12,660700
2026-01-22T16:00:00Z,35.14,35.49,35.11,35.4,438900
2026-01-22T17:00:00Z,35.39,35.52,35.2,35.32,452600
2026-01-22T18:00:00Z,35.34,35.51,35.22,35.31,317900
2026-01-22T19:00:00Z,35.29,35.37,35.18,35.25,324600
2026-01-22T20:00:00Z,35.24,35.32,35.1,35.21,446300
2026-01-23T13:00:00Z,35.2,35.56,35.2,35.34,78900
2026-01-23T14:00:00Z,35.32,35.44,35.13,35.25,351400
2026-01-23T15:00:00Z,35.25,35.43,35.21,35.4,234200
2026-01-23T16:00:00Z,35.4,35.47,35.21,35.22,544700
2026-01-23T17:00:00Z,35.2,35.2,35.01,35.09,120900
2026-01-23T18:00:00Z,35.11,35.24,35.01,35.18,175800
2026-01-23T19:00:00Z,35.2,35.33,35.17,35.23,934000
2026-01-23T20:00:00Z,35.23,36.17,35.2,35.82,1627000
2026-01-26T13:00:00Z,36.1,36.2,35.29,35.29,103000
2026-01-26T14:00:00Z,35.32,35.77,35.25,35.54,296000
2026-01-26T15:00:00Z,35.54,35.67,35.45,35.65,216400
2026-01-26T16:00:00Z,35.63,35.65,35.53,35.62,103800
2026-01-26T17:00:00Z,35.64,35.82,35.61,35.62,258200
2026-01-26T18:00:00Z,35.64,35.69,35.53,35.62,162500
2026-01-26T19:00:00Z,35.62,35.77,35.52,35.77,185700
2026-01-26T20:00:00Z,35.78,35.84,35.64,35.71,515800
2026-01-27T13:00:00Z,36.17,36.46,35.96,36.46,145300
2026-01-27T14:00:00Z,36.47,36.75,36.43,36.69,622400
2026-01-27T15:00:00Z,36.71,36.86,36.52,36.63,428600
2026-01-27T16:00:00Z,36.63,36.89,36.54,36.82,346900
2026-01-27T17:00:00Z,36.81,36.96,36.77,36.83,519200
2026-01-27T18:00:00Z,36.81,37.02,36.54,36.69,687700
2026-01-27T19:00:00Z,36.68,36.87,36.61,36.63,227900
2026-01-27T20:00:00Z,36.64,36.86,36.63,36.8,481800
2026-01-28T13:00:00Z,36.64,37.19,36.5,37.11,367900
2026-01-28T14:00:00Z,37.12,37.35,36.98,37.15,1026300
2026-01-28T15:00:00Z,37.16,37.19,37,37.08,1001200
2026-01-28T16:00:00Z,37.08,37.15,37,37.1,503000
2026-01-28T17:00:00Z,37.1,37.31,37.05,37.05,574800
2026-01-28T18:00:00Z,37.05,37.23,37,37.09,393100
2026-01-28T19:00:00Z,37.08,37.23,37.03,37.15,641300
2026-01-28T20:00:00Z,37.15,37.59,37.13,37.51,1249000
2026-01-29T13:00:00Z,37.7,37.81,37.48,37.66,450000
2026-01-29T14:00:00Z,37.66,37.83,37.27,37.29,757300
2026-01-29T15:00:00Z,37.29,37.32,36.7,36.77,446000
2026-01-29T16:00:00Z,36.8,37.04,36.77,36.93,98200
2026-01-29T17:00:00Z,36.91,37.09,36.69,36.75,269700
2026-01-29T18:00:00Z,36.76,36.86,36.68,36.79,208900
2026-01-29T19:00:00Z,36.78,36.89,36.73,36.81,376700
2026-01-29T20:00:00Z,36.83,37.09,36.82,36.99,485100
2026-01-30T13:00:00Z,36.46,37.01,36.46,36.86,131000
2026-01-30T14:00:00Z,36.84,37,36.77,36.85,186000
2026-01-30T15:00:00Z,36.82,37.04,36.78,36.93,108200
2026-01-30T16:00:00Z,36.93,36.94,36.79,36.84,94600
2026-01-30T17:00:00Z,36.83,36.87,36.37,36.41,790800
2026-01-30T18:00:00Z,36.39,36.42,36.06,36.33,377500
2026-01-30T19:00:00Z,36.35,36.46,36.22,36.37,360500
2026-01-30T20:00:00Z,36.37,36.43,36.27,36.31,545100
2026-02-02T13:00:00Z,36.32,36.74,36.23,36.65,127600
2026-02-02T14:00:00Z,36.66,36.82,36.36,36.75,282500
2026-02-02T15:00:00Z,36.74,36.84,36.67,36.69,160600
2026-02-02T16:00:00Z,36.68,36.96,36.61,36.91,267900
2026-02-02T17:00:00Z,36.91,36.96,36.79,36.87,316700
2026-02-02T18:00:00Z,36.87,36.87,36.73,36.76,372700
2026-02-02T19:00:00Z,36.74,36.77,36.66,36.68,354500
2026-02-02T20:00:00Z,36.68,36.88,36.66,36.88,327200
2026-02-03T13:00:00Z,37,37.34,36.96,37.26,204200
2026-02-03T14:00:00Z,37.26,37.58,37.24,37.51,442700
2026-02-03T15:00:00Z,37.51,37.58,37.41,37.51,434100
2026-02-03T16:00:00Z,37.52,37.54,37.38,37.39,225000
2026-02-03T17:00:00Z,37.39,37.47,37.23,37.37,671500
2026-02-03T18:00:00Z,37.38,37.38,37.06,37.09,256200
2026-02-03T19:00:00Z,37.1,37.26,36.91,36.98,245400
2026-02-03T20:00:00Z,36.98,36.99,35.55,35.94,3028800
2026-02-04T13:00:00Z,35.36,35.82,34.55,35.46,5217600
2026-02-04T14:00:00Z,35.48,35.93,35.22,35.43,1653800
2026-02-04T15:00:00Z,35.45,35.77,35.35,35.42,1131800
2026-02-04T16:00:00Z,35.41,35.43,34.92,35.06,1633000
2026-02-04T17:00:00Z,35.03,35.36,34.66,34.78,3087500
2026-02-04T18:00:00Z,34.79,34.88,34.68,34.77,637600
2026-02-04T19:00:00Z,34.79,34.92,34.62,34.89,905700
2026-02-04T20:00:00Z,34.9,35,34.78,34.92,1016900
2026-02-05T13:00:00Z,34.98,35.27,34.72,34.75,339200
2026-02-05T14:00:00Z,34.73,35.03,34.44,34.8,671000
2026-02-05T15:00:00Z,34.79,34.91,34.46,34.6,473200
2026-02-05T16:00:00Z,34.61,34.69,34.49,34.59,248200
2026-02-05T17:00:00Z,34.59,34.71,34.46,34.63,373600
2026-02-05T18:00:00Z,34.62,34.71,34.48,34.61,996000
2026-02-05T19:00:00Z,34.62,34.82,34.58,34.65,489500
2026-02-05T20:00:00Z,34.65,34.68,34.32,34.37,619700
2026-02-06T13:00:00Z,34.55,34.55,33.24,33.29,1495100
2026-02-06T14:00:00Z,33.3,33.49,33.13,33.29,3562500
2026-02-06T15:00:00Z,33.27,33.75,33.22,33.46,555500
2026-02-06T16:00:00Z,33.45,33.72,33.4,33.59,1244400
2026-02-06T17:00:00Z,33.58,33.74,33.47,33.54,803100
2026-02-06T18:00:00Z,33.55,33.67,33.26,33.27,693900
2026-02-06T19:00:00Z,33.28,33.7,33.26,33.62,2768700
2026-02-06T20:00:00Z,33.63,33.95,33.6,33.9,1522300
2026-02-09T13:00:00Z,33.9,34.25,33.9,34.15,212100
2026-02-09T14:00:00Z,34.15,34.69,34.11,34.59,843900
2026-02-09T15:00:00Z,34.62,34.63,34.4,34.43,368800
2026-02-09T16:00:00Z,34.43,34.77,34.39,34.71,681500
2026-02-09T17:00:00Z,34.71,35.4,34.67,35.17,999200
2026-02-09T18:00:00Z,35.19,35.29,34.99,35.15,1635900
2026-02-09T19:00:00Z,35.14,35.54,35.09,35.51,1010200
2026-02-09T20:00:00Z,35.51,35.84,35.39,35.83,966200
2026-02-10T13:00:00Z,35.85,36.47,35.8,36.12,830600
2026-02-10T14:00:00Z,36.12,36.44,36.09,36.14,963700
2026-02-10T15:00:00Z,36.14,36.7,36.08,36.65,680700
2026-02-10T16:00:00Z,36.66,36.7,36.42,36.47,339800
2026-02-10T17:00:00Z,36.47,36.52,36.23,36.27,455300
2026-02-10T18:00:00Z,36.27,36.28,36.11,36.14,405300
2026-02-10T19:00:00Z,36.14,36.38,36.04,36.26,476500
2026-02-10T20:00:00Z,36.27,36.41,36.18,36.21,344400
2026-02-11T13:00:00Z,36.7,36.92,36.32,36.59,894800
2026-02-11T14:00:00Z,36.6,37.04,36.48,36.61,531700
2026-02-11T15:00:00Z,36.64,36.72,36.4,36.7,235600
2026-02-11T16:00:00Z,36.7,37.11,36.66,37.02,308100
2026-02-11T17:00:00Z,37.01,37.12,36.88,36.96,247000
2026-02-11T18:00:00Z,36.98,37,36.6,36.65,226900
2026-02-11T19:00:00Z,36.65,36.92,36.62,36.67,808800
2026-02-11T20:00:00Z,36.66,36.86,36.62,36.86,285400
2026-02-12T13:00:00Z,36.58,36.94,36.36,36.41,296700
2026-02-12T14:00:00Z,36.42,36.53,36.25,36.33,196000
2026-02-12T15:00:00Z,36.34,36.67,36.32,36.47,283300
2026-02-12T16:00:00Z,36.47,36.55,36.2,36.31,284600
2026-02-12T17:00:00Z,36.3,36.31,35.85,35.86,813500
2026-02-12T18:00:00Z,35.86,35.91,35.53,35.69,587300
2026-02-12T19:00:00Z,35.69,35.78,35.6,35.66,544600
2026-02-12T20:00:00Z,35.67,35.72,35.38,35.43,899300
2026-02-13T13:00:00Z,35.07,35.07,34.46,34.6,783600
2026-02-13T14:00:00Z,34.6,34.68,34.14,34.16,682700
2026-02-13T15:00:00Z,34.17,34.44,34.1,34.14,510400
2026-02-13T16:00:00Z,34.14,34.49,34.1,34.45,444100
2026-02-13T17:00:00Z,34.44,34.58,34.37,34.55,377000
2026-02-13T18:00:00Z,34.56,34.72,34.43,34.69,445300
2026-02-13T19:00:00Z,34.68,34.71,34.44,34.64,467000
2026-02-13T20:00:00Z,34.65,34.76,34.49,34.57,479400
2026-02-18T16:00:00Z,34.9,35.05,34.69,34.88,448500
2026-02-18T17:00:00Z,34.86,35.05,34.72,34.81,232500
2026-02-18T18:00:00Z,34.83,34.83,34.6,34.75,310500
2026-02-18T19:00:00Z,34.75,34.78,34.59,34.66,428100
2026-02-18T20:00:00Z,34.67,34.86,34.67,34.8,381300
2026-02-19T13:00:00Z,35.1,35.16,34.64,35.11,455600
2026-02-19T14:00:00Z,35.1,35.29,34.97,35.26,164700
2026-02-19T15:00:00Z,35.25,35.72,35.24,35.71,190500
2026-02-19T16:00:00Z,35.71,35.82,35.62,35.77,160000
2026-02-19T17:00:00Z,35.78,35.8,35.51,35.53,188300
2026-02-19T18:00:00Z,35.54,35.61,35.47,35.55,127900
2026-02-19T19:00:00Z,35.57,35.58,35.36,35.48,277500
2026-02-19T20:00:00Z,35.49,35.58,35.48,35.58,220200
2026-02-20T13:00:00Z,35.25,35.51,35.21,35.48,903600
2026-02-20T14:00:00Z,35.48,35.65,35.39,35.61,601600
2026-02-20T15:00:00Z,35.61,35.98,35.61,35.92,346700
2026-02-20T16:00:00Z,35.91,36.05,35.87,36.01,346800
2026-02-20T17:00:00Z,36.01,36.05,35.72,35.95,874700
2026-02-20T18:00:00Z,35.95,36.13,35.94,36.03,331700
2026-02-20T19:00:00Z,36.04,36.74,35.94,36.49,1383700
2026-02-20T20:00:00Z,36.49,36.63,36.4,36.59,892100
2026-02-23T13:00:00Z,36.7,36.7,36.3,36.4,159100
2026-02-23T14:00:00Z,36.39,36.44,36,36.25,366800
2026-02-23T15:00:00Z,36.24,36.25,35.61,35.71,543800
2026-02-23T16:00:00Z,35.71,35.78,35.26,35.33,474900
2026-02-23T17:00:00Z,35.35,35.4,35.19,35.21,501800
2026-02-23T18:00:00Z,35.21,35.3,35.12,35.13,422500
2026-02-23T19:00:00Z,35.13,35.15,35.03,35.15,435100
2026-02-23T20:00:00Z,35.14,35.14,34.89,34.97,688400
2026-02-24T13:00:00Z,34.81,35.16,34.62,34.74,392900
2026-02-24T14:00:00Z,34.76,34.93,34.67,34.74,239400
2026-02-24T15:00:00Z,34.75,35.29,34.71,35.22,337000
2026-02-24T16:00:00Z,35.24,35.48,35.24,35.31,409500
2026-02-24T17:00:00Z,35.31,35.4,35.12,35.3,1329400
2026-02-24T18:00:00Z,35.31,35.37,35.2,35.36,414200
2026-02-24T19:00:00Z,35.37,35.41,35.22,35.34,486700
2026-02-24T20:00:00Z,35.33,35.63,35.3,35.62,420900
2026-02-25T13:00:00Z,35.79,36.15,35.21,35.28,420800
2026-02-25T14:00:00Z,35.27,35.51,35.14,35.24,314700
2026-02-25T15:00:00Z,35.22,35.25,35.02,35.05,488100
2026-02-25T16:00:00Z,35.06,35.08,34.95,35.04,169200
2026-02-25T17:00:00Z,35.04,35.1,34.87,34.89,279500
2026-02-25T18:00:00Z,34.89,34.9,34.7,34.74,412300
2026-02-25T19:00:00Z,34.73,34.75,34.43,34.43,518300
2026-02-25T20:00:00Z,34.45,34.73,34.32,34.69,714800
2026-02-26T13:00:00Z,34.57,34.94,34.41,34.64,413000
2026-02-26T14:00:00Z,34.62,34.64,34.37,34.55,551400
2026-02-26T15:00:00Z,34.58,34.61,34.17,34.24,390400
2026-02-26T16:00:00Z,34.23,34.3,34.16,34.2,166200
2026-02-26T17:00:00Z,34.22,34.24,34.09,34.14,409400
2026-02-26T18:00:00Z,34.15,34.31,34.13,34.29,413200
2026-02-26T19:00:00Z,34.29,34.38,34.23,34.26,519800
2026-02-26T20:00:00Z,34.28,34.41,34.11,34.36,591000
2026-02-27T13:00:00Z,34.2,34.23,33.81,34.03,615300
2026-02-27T14:00:00Z,34.04,34.27,33.89,33.96,280400
2026-02-27T15:00:00Z,33.96,34.15,33.91,33.95,327900
2026-02-27T16:00:00Z,33.96,34.06,33.81,33.82,249200
2026-02-27T17:00:00Z,33.83,33.84,33.57,33.64,423900
2026-02-27T18:00:00Z,33.64,33.73,33.6,33.66,528300
2026-02-27T19:00:00Z,33.67,33.68,33.45,33.49,325700
2026-02-27T20:00:00Z,33.51,33.55,33.4,33.4,471300