view_date,capital_bl_real_brl,capital_selic_brl,ganho_bl_real_pct,ganho_selic_pct,mode,ret_mkv,capital_mkv,capital_mkv_brl,ganho_mkv_pct,ret_bl_real
2025-01-03,98053.81084367746,100055.47647074929,-1.9461891563225309,0.0554764707492827,daily,-0.017971589497802243,0.9820284105021978,98202.84105021978,-1.7971589497802198,
2025-01-06,99463.00139453963,100110.98371788664,-0.5369986054603593,0.1109837178866257,daily,0.011508637898864894,0.9933302198850654,99333.02198850655,-0.6669780114934576,0.014371604109388203
2025-01-07,100110.88222793,100166.5217584857,0.1108822279300092,0.1665217584857048,daily,0.009893091984867985,1.0031573271217376,100315.73271217376,0.3157327121737552,0.006513787280763905
2025-01-08,99055.08841052702,100222.09060962964,-0.9449115894729744,0.2220906096296326,daily,-0.01109011196178864,0.9920322000486689,99203.22000486689,-0.7967799951331123,-0.010546244263427429
2025-01-09,98961.76056060112,100277.690288411,-1.038239439398858,0.2776902884110033,daily,-0.0015683466013838524,0.9904763497192592,99047.63497192593,-0.9523650280740759,-0.0009421812793615203
2025-01-10,98017.75347688251,100333.32081193192,-1.9822465231174924,0.3333208119319142,daily,-0.00881429062246768,0.9817460033181528,98174.60033181528,-1.825399668184724,-0.009539109635590237
2025-01-13,98362.63381463966,100388.98219730392,-1.637366185360345,0.388982197303922,daily,0.0035465280135288163,0.9852277930210904,98522.77930210905,-1.4772206978909574,0.003518549706798657
2025-01-14,99265.00321389902,100444.67446164812,-0.7349967861009721,0.4446744616481091,daily,0.008294065129569917,0.9933993365038698,99339.93365038699,-0.6600663496130199,0.009173904401135191
2025-01-15,101617.659670836,100500.39762209504,1.6176596708359805,0.500397622095039,daily,0.026812657290412427,1.020035012466071,102003.5012466071,2.003501246607109,0.023700764426183518
2025-01-16,100254.39350148696,100556.15169578478,0.2543935014869491,0.556151695784779,daily,-0.006617963247545844,1.0132844582423608,101328.44582423609,1.3284458242360797,-0.01341564225908154
2025-01-17,101470.24832915484,100611.9366998669,1.470248329154833,0.6119366998668996,daily,0.005900211713123314,1.019263051071608,101926.3051071608,1.9263051071608084,0.012127696205651572
2025-01-20,101447.62346182016,100667.7526515005,1.4476234618201689,0.6677526515004972,daily,0.0017824415100781144,1.0210798278435271,102107.98278435272,2.1079827843527132,-0.0002229704539727928
2025-01-21,101972.14220965124,100723.59956785417,1.9721422096512509,0.7235995678541718,daily,0.005034813544423967,1.026220774390692,102622.0774390692,2.6220774390691926,0.005170340417373076
2025-01-22,101461.91686248724,100779.47746610604,1.4619168624872447,0.7794774661060488,daily,-0.008943203519101585,1.017043073149786,101704.30731497859,1.7043073149785926,-0.005003575840497598
2025-01-23,101263.96762085076,100835.38636344385,1.26396762085077,0.8353863634438241,daily,0.0017718099845825514,1.0188450802215432,101884.50802215432,1.8845080221543187,-0.001950970844605271
2025-01-24,100798.82428747715,100891.32627706468,0.7988242874771512,0.8913262770646746,daily,-0.003364451600143004,1.015417225261094,101541.7225261094,1.5417225261094014,-0.004593374566510988
2025-01-27,103843.9987049634,100947.29722417532,3.843998704963414,0.9472972241753252,daily,0.02605831585399372,1.0418772880405336,104187.72880405336,4.187728804053359,0.030210416034233134
2025-01-28,103522.13564502443,101003.2992219921,3.522135645024438,1.003299221992093,daily,-0.005109913518871579,1.03655338520137,103655.338520137,3.655338520136997,-0.0030994863829677533
2025-01-29,102904.0055919383,101059.3322877408,2.904005591938308,1.0593322877407996,daily,-0.005148391644005535,1.0312168024144337,103121.68024144338,3.1216802414433698,-0.005970994022048481
2025-01-30,105701.46551819085,101115.39643865684,5.70146551819084,1.115396438656835,daily,0.02828066453090248,1.0603802988621462,106038.02988621463,6.038029886214624,0.02718514124071869
2025-01-31,105055.45681003985,101171.49169198514,5.055456810039827,1.171491691985138,daily,-0.00513288006518835,1.0549374939645983,105493.74939645984,5.493749396459835,-0.006111634356099072
2025-02-03,104798.59696305046,101227.61806498026,4.79859696305045,1.2276180649802626,daily,-0.0037987942734426516,1.0509300034536857,105093.00034536856,5.09300034536857,-0.002444992909353072
2025-02-04,104964.08682597808,101283.77557490628,4.964086825978065,1.2837755749062874,daily,-0.0015313308195832546,1.0493206819501724,104932.06819501723,4.932068195017236,0.001579122886406381
2025-02-05,105624.58862292884,101339.96423903688,5.624588622928828,1.3399642390368616,daily,0.007728666941067089,1.0574305320153385,105743.05320153385,5.743053201533854,0.0062926455792999825
2025-02-06,106554.15502684833,101396.18407465528,6.554155026848307,1.3961840746552712,daily,0.009172577146431715,1.0671298951472417,106712.98951472416,6.712989514724166,0.008800662952051397
2025-02-07,105510.13344969558,101452.43509905432,5.510133449695576,1.4524350990543278,daily,-0.013217086390713595,1.0530255471329675,105302.55471329675,5.302554713296748,-0.009798037222384037
2025-02-10,106272.80735363971,101508.71732953648,6.272807353639731,1.5087173295364795,daily,0.006927498501112206,1.0603203800323642,106032.03800323642,6.032038003236417,0.00722844222643082
2025-02-11,106412.48083164502,101565.03078341376,6.412480831645029,1.5650307834137678,daily,0.007442997338403102,1.0682123417987996,106821.23417987996,6.821234179879965,0.0013142917881197036
2025-02-12,105014.27510634428,101621.37547800785,5.01427510634429,1.6213754780078249,daily,-0.02001173754552028,1.0468355567718364,104683.55567718364,4.683555677183637,-0.013139489976864982
2025-02-13,105619.74314824512,101677.75143064988,5.6197431482451154,1.6777514306498986,daily,0.00406636097540416,1.0510923680275588,105109.23680275588,5.109236802755879,0.005765578453859721
2025-02-14,108055.3178176481,101734.15865868086,8.055317817648099,1.734158658680851,daily,0.025690245302800334,1.078095188798088,107809.5188798088,7.809518879808808,0.023059842760500437
2025-02-17,108482.01811276788,101790.59717945116,8.482018112767875,1.7905971794511588,daily,0.001966110218131689,1.0802148427649025,108021.48427649026,8.021484276490254,0.003948906020894594
2025-02-18,108698.65987717776,101847.06701032094,8.69865987717775,1.8470670103209352,daily,0.0026469367566793753,1.0830741031373277,108307.41031373276,8.307410313732767,0.0019970292605053785
2025-02-19,107541.6107232046,101903.56816865991,7.541610723204606,1.903568168659908,daily,-0.011824308527669093,1.0702675007835034,107026.75007835033,7.026750078350341,-0.01064455767238115
2025-02-20,106760.78207108803,101960.10067184748,6.760782071088034,1.9601006718474645,daily,0.0016304243623742392,1.0720124909910382,107201.24909910382,7.201249099103824,-0.007260711894359728
2025-02-21,106665.7571365642,102016.66453727263,6.665757136564188,2.016664537272628,daily,0.00031053922163819573,1.072345392915577,107234.53929155771,7.234539291557707,-0.0008900734209735806
2025-02-24,105453.52866217175,102073.25978233403,5.453528662171747,2.073259782334036,daily,-0.00930473325233634,1.0623675050801258,106236.75050801258,6.2367505080125785,-0.011364738852792655
2025-02-25,105669.161997498,102129.88642444005,5.669161997498007,2.12988642444003,daily,0.006602187658847325,1.0693814547113263,106938.14547113262,6.9381454711326285,0.002044818585607011
2025-02-26,104539.9555699904,102186.54448100856,4.539955569990406,2.186544481008568,daily,0.004245429923137612,1.0739214387384062,107392.14387384061,7.3921438738406176,-0.010686243802466522
2025-02-27,106117.02026656708,102243.23396946728,6.117020266567064,2.2432339694672843,daily,0.006937363605659197,1.081371622242847,108137.16222428471,8.137162224284712,0.015085760157233175
2025-02-28,104313.7430933064,102299.95490725349,4.313743093306388,2.2999549072534764,daily,-0.02281676110407039,1.056698224273411,105669.8224273411,5.669822427341109,-0.016993288812019336
2025-03-05,107242.17975839772,102356.70731181413,7.242179758397715,2.3567073118141213,daily,0.013525741606436013,1.070990851410913,107099.0851410913,7.099085141091299,0.028073354270030215
2025-03-06,107710.0986943921,102413.4912006059,7.710098694392098,2.4134912006058995,daily,0.0034359199802444906,1.0746706902759349,107467.06902759349,7.467069027593487,0.004363198669110835
2025-03-07,109100.4544179295,102470.30659109513,9.100454417929503,2.4703065910951283,daily,0.010799521519400659,1.086276619521839,108627.6619521839,8.627661952183896,0.012908313522971282
2025-03-10,107822.18372260765,102527.15350075783,7.822183722607634,2.5271535007578283,daily,-0.00044722419255163796,1.0857908103377856,108579.08103377855,8.579081033778557,-0.011716456197562675
2025-03-11,107036.69995860348,102584.03194707974,7.036699958603476,2.5840319470797457,daily,-0.007591644706365898,1.077547872280264,107754.7872280264,7.754787228026405,-0.0072849921684480234
2025-03-12,106543.5219659,102640.9419475563,6.543521965900001,2.640941947556308,daily,0.0011029260126579085,1.078736327858486,107873.6327858486,7.8736327858486055,-0.004607559770566705
2025-03-13,108433.43207274492,102697.88351969262,8.433432072744917,2.697883519692623,daily,0.016350556120600976,1.0963742667264673,109637.42667264673,9.637426672646733,0.017738385891258535
2025-03-14,111619.77695974732,102754.85668100354,11.61977695974732,2.754856681003548,daily,0.02476109769799733,1.1235216970584514,112352.16970584514,12.352169705845139,0.02938526270075803
2025-03-17,113458.27859586373,102811.86144901364,13.458278595863703,2.8118614490136418,daily,0.020571668870930385,1.1466344133796436,114663.44133796435,14.663441337964356,0.01647111010425517
2025-03-18,113836.8800818782,102868.8978412572,13.8368800818782,2.8688978412571897,daily,0.0033781378447249035,1.1505079024855451,115050.79024855452,15.050790248554513,0.0033369225295851734
2025-03-19,114337.37211515546,102925.9658752782,14.337372115155468,2.9259658752782025,daily,0.0004249214904009441,1.1509967780181873,115099.67780181873,15.099677801818734,0.004396571945025851
2025-03-20,113603.98746318812,102983.06556863042,13.603987463188115,2.9830655686304164,daily,-0.0062133041780399415,1.1438452849284164,114384.52849284164,14.384528492841643,-0.006414216440349119
2025-03-21,114495.26032570229,103040.19693887731,14.495260325702276,3.040196938877316,daily,0.00416229715389356,1.1486063089023684,114860.63089023683,14.860630890236838,0.007845436435961028
2025-03-24,113763.5137673769,103097.36000359213,13.7635137673769,3.097360003592109,daily,-0.0025401426627701187,1.1456886850143986,114568.86850143985,14.568868501439859,-0.006391064191162088
2025-03-25,114689.25528256645,103154.55478035778,14.68925528256644,3.1545547803577767,daily,0.005347983850040503,1.1518158095990298,115181.58095990299,15.181580959902984,0.008137420202073642
2025-03-26,114398.85756190371,103211.78128676704,14.39885756190371,3.211781286767046,daily,-0.0010397230185982846,1.1506182401886043,115061.82401886042,15.061824018860426,-0.002532039465661051
2025-03-27,114804.0108792154,103269.0395404224,14.804010879215411,3.2690395404224137,daily,0.0010604689182492468,1.151838435069095,115183.84350690948,15.18384350690949,0.0035415853440010636
2025-03-28,113984.77598797806,103326.32955893612,13.984775987978072,3.3263295589361253,daily,-0.007503942025945969,1.1431951062290802,114319.51062290801,14.319510622908016,-0.007135943116998389
2025-03-31,112943.11607482152,103383.6513599302,12.943116074821525,3.3836513599301954,daily,-0.010777398698073435,1.130874436779563,113087.4436779563,13.08744367795629,-0.009138588062553299
2025-04-01,113489.31032152828,103441.00496103644,13.489310321528292,3.4410049610364317,daily,0.004656227204256352,1.1361400450966939,113614.00450966938,13.614004509669385,0.004836011841083954
2025-04-02,113346.29342197388,103498.39037989642,13.346293421973886,3.49839037989641,daily,0.0004268703052694504,1.1366250295445732,113662.50295445732,13.662502954457324,-0.0012601794754872886
2025-04-03,114274.8993597464,103555.8076341615,14.274899359746415,3.555807634161501,daily,0.0035579424857908556,1.140669076027603,114066.9076027603,14.066907602760303,0.008192644944422067
2025-04-04,111384.2233332236,103613.25674149283,11.384223333223598,3.613256741492843,daily,-0.022942314065369403,1.114499487840723,111449.9487840723,11.449948784072305,-0.02529580898971273
2025-04-07,109477.0141082584,103670.7377195614,9.477014108258407,3.670737719561412,daily,-0.014734059492881596,1.0980783860820917,109807.83860820917,9.807838608209174,-0.01712279502330849
2025-04-08,106649.9435685119,103728.25058604796,6.649943568511896,3.728250586047976,daily,0.0010572336595945863,1.099239311512731,109923.93115127311,9.923931151273102,-0.025823416566247426
2025-04-09,110409.57950601049,103785.7953586431,10.409579506010491,3.785795358643096,daily,0.01765546964955931,1.1186468978147464,111864.68978147463,11.864689781474635,0.03525211370677761
2025-04-10,110791.94133728054,103843.37205504716,10.79194133728054,3.843372055047145,daily,-0.005352399308046709,1.1126594529329341,111265.94529329341,11.265945293293411,0.0034631218865319724
2025-04-11,110935.26047541756,103900.98069297032,10.935260475417577,3.900980692970335,daily,0.0014075851246031505,1.1142256158276316,111422.56158276316,11.422561582763159,0.0012935881112572378
2025-04-14,112261.50030161676,103958.6212901327,12.261500301616746,3.958621290132691,daily,0.013828031891917081,1.129633163178087,112963.3163178087,12.963316317808694,0.011955079210302921
2025-04-15,111900.79856561813,104016.29386426408,11.90079856561812,4.016293864264076,daily,0.0007206239340360348,1.1304472038721538,113044.72038721538,13.044720387215381,-0.0032130493092424883
2025-04-16,110831.51982603144,104073.99843310416,10.831519826031432,4.0739984331041645,daily,0.0040622308917387506,1.1350393414252031,113503.93414252032,13.503934142520313,-0.00955559525305505
2025-04-17,111392.9526822411,104131.73501440253,11.392952682241098,4.131735014402516,daily,0.0010271913987531672,1.1362052440739616,113620.52440739617,13.62052440739616,0.005065642491332012
2025-04-22,112539.73406321665,104189.5036259185,12.539734063216644,4.1895036259185,daily,0.01116773185669696,1.1488940795739526,114889.40795739526,14.889407957395262,0.010294918604472736
2025-04-23,113658.43377211964,104247.30428542136,13.658433772119638,4.247304285421349,daily,0.01351075314854603,1.1644165038769023,116441.65038769023,16.44165038769023,0.009940486515407798
2025-04-24,114839.34872661647,104305.13701069016,14.839348726616477,4.305137010690174,daily,0.011212447088434507,1.177472462315522,117747.2462315522,17.747246231552193,0.01039003367637914
2025-04-25,113803.28770992732,104363.0018195139,13.803287709927336,4.363001819513901,daily,-0.004164322612662191,1.1725690871149144,117256.90871149144,17.256908711491437,-0.009021829435445272
2025-04-28,114902.36916743332,104420.89872969138,14.902369167433305,4.42089872969138,daily,0.008284549560111952,1.1822832938297732,118228.32938297732,18.228329382977314,0.009657730278473498
2025-04-29,116071.21836233031,104478.8277590313,16.07121836233032,4.478827759031301,daily,0.01131132357344543,1.1956564827217606,119565.64827217605,19.565648272176063,0.010172542162240061
2025-04-30,116093.00137180624,104536.78892535224,16.093001371806224,4.536788925352231,daily,0.009634719674416958,1.207176297759684,120717.62977596841,20.717629775968405,0.00018766934459080176
2025-05-02,114965.3872825906,104594.78224648265,14.96538728259058,4.594782246482643,daily,-0.018055282515642736,1.1853803886574454,118538.03886574454,18.538038865744543,-0.009713023833403
2025-05-05,114605.335676205,104652.80774026088,14.605335676204987,4.652807740260889,daily,-0.01040897366074831,1.1730417954139425,117304.17954139425,17.304179541394248,-0.0031318261512970347
2025-05-06,114880.85438117456,104710.86542453522,14.880854381174547,4.710865424535227,daily,0.0007945847549387982,1.1739738765414844,117397.38765414845,17.397387654148446,0.0024040652500507687
2025-05-07,114647.69574665368,104768.9553171638,14.647695746653678,4.768955317163792,daily,0.0050345638039580014,1.1798843229271123,117988.43229271124,17.98843229271123,-0.002029569119909702
2025-05-08,121199.36625684069,104827.07743601465,21.19936625684067,4.827077436014648,daily,0.02093241301894315,1.2045821488891988,120458.21488891987,20.45821488891988,0.05714611591204388
2025-05-09,123754.1778152135,104885.23179896576,23.75417781521349,4.885231798965761,daily,0.01780631915640702,1.2260313230824305,122603.13230824305,22.603132308243048,0.021079413509133005
2025-05-12,122378.1262070516,104943.41842390502,22.3781262070516,4.943418423905022,daily,-0.011170705643546837,1.2123356880625085,121233.56880625084,21.233568806250847,-0.011119233568151365
2025-05-13,124620.19600033984,105001.63732873024,24.620196000339824,5.001637328730246,daily,0.009780564952273647,1.2241930160035632,122419.30160035632,22.419301600356324,0.01832083774101001
2025-05-14,124963.03799623316,105059.88853134918,24.96303799623316,5.059888531349177,daily,0.0014839508131041673,1.2260096582250581,122600.96582250581,22.600965822505813,0.0027510949821678565
2025-05-15,125428.7147992283,105118.1720496795,25.428714799228302,5.118172049679504,daily,0.012094573846343649,1.2408377225727916,124083.77225727915,24.083772257279158,0.0037265163400490575
2025-05-16,120169.22940032076,105176.4879016488,20.169229400320752,5.176487901648819,daily,0.005667487441595775,1.2478701547825313,124787.01547825313,24.787015478253128,-0.04193206800632776
2025-05-19,118847.93961535404,105234.83610519471,18.847939615354047,5.234836105194707,daily,0.005180333771957696,1.254334538688369,125433.4538688369,25.433453868836907,-0.010995242222658352
2025-05-20,119544.91322455984,105293.21667826464,19.54491322455985,5.293216678264656,daily,0.0017062156124587572,1.2564747038615254,125647.47038615253,25.647470386152538,0.005864414742582147
2025-05-21,118310.44412162462,105351.62963881614,18.310444121624613,5.351629638816147,daily,-0.015574321737605028,1.236905962568424,123690.5962568424,23.6905962568424,-0.010326404274653922
2025-05-22,117852.80280915018,105410.07500481662,17.85280280915018,5.410075004816628,daily,-0.0031290775589232485,1.233035587878453,123303.5587878453,23.30355878784529,-0.0038681395871017488
2025-05-23,117601.5543902149,105468.55279424349,17.60155439021489,5.468552794243475,daily,0.011390477657550047,1.2470804521931464,124708.04521931465,24.708045219314645,-0.0021318832725781833
2025-05-26,118207.82731820791,105527.06302508406,18.207827318207915,5.527063025084056,daily,0.0027684331908222727,1.2505329111086234,125053.29111086234,25.05329111086234,0.0051553138998601256
2025-05-27,117907.14373673756,105585.60571533575,17.907143736737563,5.585605715335751,daily,0.007411889097099601,1.2598017223580336,125980.17223580336,25.980172235803355,-0.002543685881823521
2025-05-28,117094.0219086298,105644.18088300589,17.094021908629784,5.644180883005867,daily,-0.003255126498620536,1.2557009083885782,125570.09083885782,25.570090838857816,-0.006896289761062269
2025-05-29,116378.3278089734,105702.78854611175,16.378327808973392,5.702788546111748,daily,-0.005071638236592296,1.2493324476478709,124933.24476478709,24.933244764787087,-0.006112131840640633
2025-05-30,115544.8841690338,105761.4287226807,15.54488416903379,5.761428722680706,daily,0.0009382938464880756,1.2505046885957167,125050.46885957167,25.050468859571673,-0.007161502108086859
2025-06-02,115467.35763283184,105820.10143075007,15.467357632831844,5.820101430750069,daily,-0.00415603089811812,1.2453075524716715,124530.75524716715,24.530755247167146,-0.000670964679739039
2025-06-03,116133.10227748856,105878.80668836716,16.133102277488543,5.878806688367155,daily,0.007045628559463503,1.2540815269286816,125408.15269286816,25.408152692868157,0.005765652374012831
2025-06-04,114978.4513869752,105937.54451358932,14.9784513869752,5.937544513589321,daily,-0.0004123161242080226,1.2535644488940574,125356.44488940574,25.356444889405736,-0.00994247865483211
2025-06-05,113778.48972619744,105996.31492448392,13.77848972619744,5.996314924483914,daily,-0.0189509513948957,1.229808209952697,122980.8209952697,22.980820995269703,-0.010436404789790799
2025-06-06,113516.61383616722,106055.11793912832,13.516613836167224,6.055117939128318,daily,-9.252112102899903e-05,1.2296944267184615,122969.44267184615,22.969442671846153,-0.002301629162598462
2025-06-09,113269.42056005332,106113.95357560994,13.269420560053335,6.113953575609932,daily,-0.004624686450349951,1.2240074755651458,122400.74755651457,22.400747556514577,-0.002177595576191682
2025-06-10,112800.87633346196,106172.82185202622,12.800876333461964,6.172821852026211,daily,-0.004201948266480914,1.2188642594750352,121886.42594750352,21.88642594750352,-0.0041365465125068335
2025-06-11,112658.784380167,106231.72278648462,12.65878438016701,6.231722786484628,daily,0.013313184924746856,1.2350912247595909,123509.12247595908,23.50912247595909,-0.0012596706507395083
2025-06-12,112714.32728914524,106290.65639710274,12.714327289145256,6.290656397102734,daily,0.004773595804965402,1.240987051048853,124098.7051048853,24.098705104885298,0.0004930188913703226
2025-06-13,111339.12011087316,106349.6227020081,11.339120110873168,6.349622702008095,daily,-0.009932521076512248,1.2286609210086314,122866.09210086314,22.866092100863145,-0.012200819641537408
2025-06-16,113565.46118072546,106408.62171933832,13.565461180725457,6.408621719338337,daily,0.018615922765379964,1.2515335778189687,125153.35778189686,25.15335778189687,0.019996036142869267
2025-06-17,111697.98347654784,106467.65346724118,11.697983476547847,6.467653467241186,daily,-0.0216139179722969,1.2244830337284143,122448.30337284143,22.448303372841426,-0.016444063932481656
2025-06-18,111406.94698630784,106526.71796387438,11.406946986307842,6.526717963874384,daily,-0.0019106990590666284,1.2221434151480264,122214.34151480264,22.214341514802637,-0.0026055661989735635
2025-06-20,110345.65636292251,106585.81522740578,10.34565636292253,6.585815227405778,daily,-0.014072506257947336,1.2049447942902467,120494.47942902466,20.494479429024672,-0.009526251747260961
2025-06-23,110846.4155095588,106644.9452760133,10.846415509558804,6.644945276013292,daily,0.0002998750620002825,1.2053061271851413,120530.61271851412,20.530612718514128,0.004538095681712262
2025-06-24,111341.42654502769,106704.10812788492,11.341426545027677,6.7041081278849335,daily,0.004633022902507783,1.210890338076923,121089.03380769229,21.089033807692292,0.00446573786976634
2025-06-25,109626.65572979016,106763.3038012188,9.626655729790157,6.76330380121879,daily,-0.011559604770487982,1.196892924348351,119689.29243483511,19.689292434835103,-0.015401013517139184
2025-06-26,110923.95247941172,106822.53231422303,10.923952479411714,6.822532314223051,daily,0.020014536958011874,1.220848182017504,122084.81820175039,22.084818201750387,0.011833771093219925
2025-06-27,111666.76573361644,106881.793685116,11.666765733616424,6.881793685115989,daily,0.00281609740573476,1.2242862094156794,122428.62094156795,22.428620941567946,0.006696599224974342
2025-06-30,112680.55913377338,106941.08793212604,12.680559133773372,6.941087932126022,daily,0.009074805266695962,1.235396368356828,123539.6368356828,23.53963683568281,0.009078738812722253
2025-07-01,113449.67529279413,107000.41507349163,13.449675292794105,7.00041507349165,daily,0.002770175577290507,1.2388186332047235,123881.86332047234,23.881863320472352,0.006825633143226151
2025-07-02,115500.49760395818,107059.7751274615,15.500497603958172,7.059775127461498,daily,0.019247800983184026,1.2626631677109081,126266.31677109082,26.266316771090814,0.01807693416372702
2025-07-03,116578.7100901068,107119.16811229434,16.578710090106785,7.119168112294338,daily,-0.0008354056852942445,1.2616083317219908,126160.83317219908,26.160833172199084,0.009335132822074321
2025-07-04,116728.0937265914,107178.59404625902,16.72809372659141,7.178594046259024,daily,-0.0006138290754735985,1.2608339198461203,126083.39198461203,26.083391984612025,0.0012813972325576017
2025-07-07,115084.32543859605,107238.0529476346,15.084325438596036,7.238052947634599,daily,-0.012399841960700809,1.2451997785013376,124519.97785013376,24.519977850133756,-0.01408202803213332
2025-07-08,115046.55392523546,107297.5448347102,15.04655392523546,7.29754483471019,daily,0.0010499583202073226,1.2465071863690953,124650.71863690953,24.65071863690953,-0.00032820727945903627
2025-07-09,113480.7664151975,107357.06972578511,13.48076641519751,7.357069725785115,daily,-0.014240263254052813,1.2287565958871307,122875.65958871307,22.87565958871307,-0.013610033995937965
2025-07-10,112899.34932911112,107416.62763916884,12.89934932911112,7.416627639168838,daily,-0.008601012492930035,1.2181880450551354,121818.80450551354,21.818804505513544,-0.0051234857187968386
2025-07-11,113094.75330513476,107476.21859318097,13.094753305134766,7.47621859318095,daily,-0.0009236655136563737,1.2170628467687694,121706.28467687694,21.70628467687694,0.0017307803559967194
2025-07-14,111695.1437698696,107535.84260615124,11.6951437698696,7.535842606151233,daily,-0.002720802957629071,1.2137514585756604,121375.14585756604,21.375145857566036,-0.012375547886726013
2025-07-15,111116.82598763616,107595.49969641965,11.116825987636169,7.595499696419639,daily,0.0008592204337717953,1.214794338630389,121479.4338630389,21.4794338630389,-0.005177644817083271
2025-07-16,112463.04367578044,107655.18988233629,12.46304367578044,7.655189882336266,daily,0.011624829505763679,1.2289161157015343,122891.61157015343,22.891611570153426,0.012115336054452142
2025-07-17,112634.91196802683,107714.91318226144,12.634911968026842,7.714913182261429,daily,-0.006839897304429888,1.2205104556743769,122051.04556743769,22.05104556743769,0.0015282201746369406
2025-07-18,111384.27327227792,107774.66961456562,11.384273272277913,7.77466961456561,daily,-0.015327331441041297,1.2018032873929994,120180.32873929993,20.180328739299934,-0.011103472927682767
2025-07-21,111157.48648255072,107834.45919762946,11.157486482550706,7.834459197629462,daily,-0.0003187146713923934,1.2014202550531796,120142.02550531796,20.14202550531796,-0.002036075498493495
2025-07-22,111354.6516626828,107894.28194984388,11.354651662682812,7.894281949843873,daily,0.000922298426343666,1.2025283230637926,120252.83230637926,20.252832306379265,0.001773746297897949
2025-07-23,112833.85463549338,107954.13788960992,12.83385463549338,7.954137889609925,daily,0.013168257094087144,1.2183635251848182,121836.35251848181,21.836352518481817,0.013283710655316083
2025-07-24,111752.76854337634,108014.02703533888,11.752768543376346,8.014027035338888,daily,-0.008484261708235897,1.2080266101813812,120802.66101813813,20.802661018138124,-0.009581220951898284
2025-07-25,111643.62616574577,108073.94940545228,11.643626165745768,8.073949405452275,daily,0.00038112764111762837,1.208487022513727,120848.7022513727,20.848702251372696,-0.0009766413758977022
2025-07-28,109371.5053376407,108133.9050183818,9.371505337640706,8.133905018381782,daily,-0.01968342249239936,1.1846998618730076,118469.98618730076,18.46998618730076,-0.020351549892618892
2025-07-29,109532.03634987198,108193.89389256937,9.532036349871987,8.19389389256937,daily,0.003428973507322774,1.188762166313499,118876.2166313499,18.876216631349905,0.0014677590084886116
2025-07-30,109027.10352738971,108253.9160464672,9.027103527389734,8.253916046467191,daily,-0.0009502330911395076,1.1876325651655733,118763.25651655732,18.763256516557327,-0.0046099099341985195
2025-07-31,108049.64641845686,108313.97149853763,8.049646418456868,8.313971498537654,daily,-0.023161907793173474,1.1601247291990382,116012.47291990383,16.01247291990382,-0.008965267142837519
2025-08-01,106376.7202176452,108374.06026725344,6.376720217645193,8.374060267253425,daily,-0.02862870127219367,1.1269118648883143,112691.18648883143,12.69118648883143,-0.015482940076756213
2025-08-04,107468.75513771616,108434.18237109738,7.468755137716165,8.434182371097387,daily,0.013099460518251248,1.1416738023699677,114167.38023699677,14.167380236996774,0.01026573218122051
2025-08-05,107280.99283242864,108494.3378285627,7.280992832428623,8.494337828562703,daily,3.469492965742682e-05,1.1417134126622328,114171.34126622329,14.17134126622328,-0.0017471338999591746
2025-08-06,107723.5762600618,108554.5266581528,7.723576260061793,8.554526658152795,daily,0.008684319089283367,1.1516284162463062,115162.84162463062,15.16284162463062,0.0041254598410034315
2025-08-07,108933.02512259856,108614.74887838132,8.93302512259857,8.614748878381317,daily,0.010925906219386116,1.1642110003217934,116421.10003217934,16.421100032179336,0.011227336712410496
2025-08-08,109316.5974216562,108675.00450777225,9.31659742165618,8.675004507772233,daily,-0.002335529397743196,1.1614919513053659,116149.19513053658,16.149195130536587,0.003521175498669482
2025-08-11,109179.79455181323,108735.29356485976,9.179794551813236,8.73529356485976,daily,0.0033088375789227962,1.1653351395214613,116533.51395214612,16.53351395214613,-0.0012514373212266783
2025-08-12,110592.93157361676,108795.61606818842,10.59293157361676,8.795616068188416,daily,0.006490562807933331,1.172898820436817,117289.88204368169,17.289882043681693,0.012943210120558435
2025-08-13,110349.52027102164,108855.972036313,10.349520271021628,8.855972036312988,daily,-0.004087864821535947,1.1681041686095324,116810.41686095324,16.810416860953236,-0.0022009661841100314
2025-08-14,109972.94799562456,108916.36148779855,9.972947995624558,8.916361487798552,daily,0.005344390653256235,1.1743469736102787,117434.69736102788,17.434697361027872,-0.003412541119093282
2025-08-15,111498.7093803394,108976.78444122052,11.498709380339388,8.97678444122052,daily,0.01428027492574948,1.1911169712516554,119111.69712516553,19.111697125165538,0.013873970031025529
2025-08-18,112061.32632435457,109037.24091516456,12.061326324354573,9.037240915164556,daily,0.010482082798840385,1.203602357967419,120360.23579674191,20.36023579674191,0.005045950281774125
2025-08-19,108749.91332550444,109097.73092822668,8.749913325504433,9.097730928226678,daily,-0.027351828883876987,1.1706816322280633,117068.16322280634,17.068163222806334,-0.029550007192181926
2025-08-20,108711.64653636682,109158.2544990132,8.711646536366825,9.158254499013196,daily,0.0018515376330299647,1.1728491933264305,117284.91933264304,17.284919332643046,-0.00035187880125553406
2025-08-21,108537.07714077174,109218.81164614078,8.537077140771743,9.21881164614078,daily,-0.0035094925851812562,1.1687330877789155,116873.30877789155,16.87330877789155,-0.00160580214868411
2025-08-22,111716.5655517614,109279.40238823635,11.716565551761391,9.279402388236369,daily,0.027356124231368576,1.2007050953215066,120070.50953215067,20.07050953215066,0.029294030157693385
2025-08-25,110567.18043494796,109340.02674393728,10.567180434947954,9.34002674393728,daily,-0.010288403614421033,1.188351756678947,118835.1756678947,18.8351756678947,-0.01028840361442096
2025-08-26,110571.22311184388,109400.68473189112,10.571223111843883,9.400684731891127,daily,0.0074687368227826945,1.1972272432024735,119722.72432024735,19.72272432024735,3.6563082100871114e-05
2025-08-27,111269.0696288755,109461.37637075593,11.269069628875506,9.461376370755923,daily,0.005790945810488478,1.2041603212906997,120416.03212906996,20.416032129069972,0.006311285137234446
2025-08-28,112776.73477559652,109522.1016792,12.776734775596532,9.522101679200002,daily,0.014309551658971098,1.2213913156138922,122139.13156138922,22.139131561389224,0.013549723672082958
2025-08-29,113709.87285282344,109582.86067590206,13.709872852823434,9.582860675902062,daily,0.009224958348974696,1.2326585996282298,123265.85996282297,23.265859962822976,0.008274207256343091
2025-09-01,113833.82242059872,109643.65337955116,13.833822420598718,9.643653379551154,daily,0.0010900510629865746,1.234002260445054,123400.2260445054,23.400226044505402,0.0010900510629865412
2025-09-02,112375.97420202164,109704.4798088467,12.375974202021656,9.7044798088467,daily,-0.010709937994990976,1.2207861727500087,122078.61727500087,22.078617275000866,-0.012806810731441076
2025-09-03,112164.18614488312,109765.33998249852,12.164186144883129,9.76533998249851,daily,-0.0018846382302127088,1.218485432457929,121848.54324579291,21.848543245792907,-0.0018846382302126763
2025-09-04,113160.55240097886,109826.23391922674,13.160552400978863,9.826233919226745,daily,0.00808157583568363,1.2283327148850136,122833.27148850136,22.83327148850136,0.008883105118854262
2025-09-05,115374.12157941997,109887.16163776198,15.374121579419953,9.887161637761976,daily,0.01438704843745552,1.2460047971513755,124600.47971513755,24.600479715137546,0.019561314711485478
2025-09-08,114874.85956533844,109948.12315684516,14.874859565338427,9.948123156845169,daily,-0.0023368614419082443,1.2430930565844798,124309.30565844798,24.309305658447975,-0.004327331010168134
2025-09-09,115638.77777591294,110009.11849522764,15.638777775912938,10.009118495227654,daily,-0.00688546743713543,1.2345337798220382,123453.37798220382,23.453377982203815,0.006650003433867013
2025-09-10,116687.55388711528,110070.1476716712,16.68755388711527,10.070147671671204,daily,0.0005878113014839309,1.2352594527298812,123525.94527298813,23.525945272988125,0.009069415393119007
2025-09-11,117662.38250459464,110131.21070494798,17.662382504594643,10.131210704947978,daily,0.0062138297520448315,1.2429351446687489,124293.51446687488,24.29351446687489,0.008354178187867545
2025-09-12,117307.26753644992,110192.30761384052,17.307267536449935,10.192307613840534,daily,-0.0041645159658585335,1.2377589214142493,123775.89214142492,23.775892141424926,-0.0030180841198831354
2025-09-15,118056.81892432124,110253.43841714188,18.05681892432125,10.25343841714188,daily,0.0029587241968119103,1.2414211086848574,124142.11086848575,24.142110868485744,0.006389641525308187
2025-09-16,118216.85645461443,110314.60313365544,18.21685645461444,10.314603133655442,daily,0.0012566385254339232,1.2429811262763177,124298.11262763178,24.298112627631774,0.0013555975144119436
2025-09-17,119388.11755820064,110375.80178219508,19.388117558200648,10.375801782195085,daily,0.004636198687784098,1.2487438337429004,124874.38337429005,24.874383374290044,0.009907733454542322
2025-09-18,119257.42905305096,110437.03438158508,19.257429053050966,10.437034381585075,daily,-0.0009456791906563228,1.2475629226848692,124756.29226848693,24.756292268486924,-0.001094652531781204
2025-09-19,119390.4181102526,110498.30095066017,19.390418110252597,10.498300950660155,daily,0.011606117963936078,1.2620422851329829,126204.2285132983,26.20422851329829,0.001115142748402631
2025-09-22,119329.46185093145,110559.60150826548,19.32946185093145,10.559601508265493,daily,-0.0041839631920702735,1.2567619466651503,125676.19466651503,25.67619466651503,-0.0005105624076537918
2025-09-23,120487.02260349313,110620.93607325676,20.48702260349313,10.62093607325676,daily,0.005422786203215356,1.2635770980102523,126357.70980102524,26.35770980102523,0.009700544480856887
2025-09-24,120369.12306859816,110682.3046645,20.36912306859817,10.68230466450002,daily,-0.0034072628792477296,1.2592717586691344,125927.17586691344,25.927175866913444,-0.0009785247601558078
2025-09-25,119622.31019786936,110743.70730087186,19.622310197869357,10.743707300871865,daily,-0.0033624142468256044,1.2550375653671602,125503.75653671601,25.503756536716015,-0.006204355832211128
2025-09-26,119550.493601249,110805.1440012593,19.55049360124901,10.805144001259292,daily,-0.0032542110034838867,1.2509534083121567,125095.34083121567,25.095340831215672,-0.0006003612244368517
2025-09-29,119717.11141850844,110866.61478455986,19.71711141850845,10.866614784559856,daily,0.006438904172738791,1.2590081774328397,125900.81774328397,25.900817743283966,0.0013937024619503635
2025-09-30,120042.32354657345,110928.11966968152,20.042323546573428,10.928119669681523,daily,0.006157677783122983,1.266760744115788,126676.0744115788,26.6760744115788,0.0027165049691861842
2025-10-01,118831.64089181431,110989.6586755428,18.831640891814327,10.989658675542804,daily,-0.006695335054451175,1.258279356500107,125827.9356500107,25.82793565001069,-0.010085465017589557
2025-10-02,118281.21358191015,111051.23182107268,18.28121358191015,11.05123182107266,daily,-0.006522357235851352,1.250072409034516,125007.24090345162,25.00724090345161,-0.004631992841075627
2025-10-03,118108.17006130208,111112.8391252106,18.10817006130208,11.112839125210597,daily,0.0011981710606815612,1.251570209618778,125157.0209618778,25.157020961877798,-0.0014629839800235356
2025-10-06,118080.04600623748,111174.48060690658,18.08004600623749,11.174480606906576,daily,-0.00017227626875816293,1.251354593772976,125135.4593772976,25.135459377297597,-0.0002381211651150128
2025-10-07,116589.83866990473,111236.15628512112,16.58983866990471,11.236156285121137,daily,-0.01388615655436476,1.233978087978821,123397.8087978821,23.397808797882092,-0.012620314665646615
2025-10-08,117560.6812968052,111297.86617882526,17.560681296805193,11.297866178825268,daily,0.002067120815062117,1.2365288697698127,123652.88697698127,23.652886976981268,0.008326991768546677
2025-10-09,117519.49900499715,111359.61030700056,17.519499004997165,11.359610307000544,daily,-0.0001017444731077784,1.2364030597914755,123640.30597914755,23.64030597914755,-0.00035030667867663734
2025-10-10,117193.58645859592,111421.38868863902,17.193586458595924,11.421388688639023,daily,-0.008032631030121752,1.226471490207657,122647.1490207657,22.6471490207657,-0.002773263578900842
2025-10-13,118292.87619670514,111483.20134274333,18.292876196705144,11.48320134274332,daily,0.009607826877266239,1.2382552159554747,123825.52159554747,23.82552159554747,0.009380118582663188
2025-10-14,119072.72536102444,111545.0482883266,19.07272536102445,11.545048288326589,daily,0.004772705105487434,1.2441650429465618,124416.50429465619,24.416504294656182,0.006592528556178756
2025-10-15,119559.62370056988,111606.92954441252,19.559623700569876,11.606929544412536,daily,0.008400147656277484,1.2546162130160916,125461.62130160916,25.46162130160916,0.004089083692921047
2025-10-16,119400.71274485745,111668.8451300354,19.40071274485744,11.668845130035413,daily,0.0003621242905248543,1.2550705400221112,125507.05400221111,25.507054002211117,-0.001329135629519973
2025-10-17,121391.9311420403,111730.79506424004,21.3919311420403,11.73079506424004,daily,0.00297595614658952,1.2588055749100935,125880.55749100934,25.88055749100935,0.01667677144807178
2025-10-20,122468.78257290524,111792.77936608178,22.468782572905237,11.792779366081785,daily,0.009148827709064642,1.2703221702341558,127032.21702341558,27.032217023415583,0.008870864980349724
2025-10-21,121556.47971239076,111854.79805462662,21.556479712390765,11.854798054626611,daily,-0.008560998826869205,1.2594469436250353,125944.69436250353,25.94469436250353,-0.0074492686327749524
2025-10-22,122614.37303987892,111916.85114895109,22.61437303987892,11.916851148951068,daily,0.0090327459926423,1.27082320795801,127082.320795801,27.082320795800996,0.008702895394726795
2025-10-23,122425.92450727885,111978.93866814223,22.42592450727885,11.978938668142236,daily,0.0024792251489991865,1.273973864815111,127397.38648151112,27.39738648151111,-0.0015369204109438872
2025-10-24,122318.5418418198,112041.06063129782,22.318541841819805,12.041060631297816,daily,-0.00011189989747369383,1.273831307270254,127383.1307270254,27.383130727025407,-0.0008771235822088164
2025-10-27,122934.67577632908,112103.21705752613,22.934675776329083,12.103217057526129,daily,0.007331351874834403,1.2831702128130325,128317.02128130324,28.317021281303244,0.005037126221681509
2025-10-28,122970.84870537953,112165.40796594604,22.97084870537951,12.165407965946052,daily,0.004839968701036822,1.2893807164811502,128938.07164811502,28.938071648115017,0.00029424512507980616
2025-10-29,124714.67369110562,112227.63337568707,24.714673691105627,12.227633375687086,daily,0.02140117639981338,1.316974980641081,131697.4980641081,31.69749806410811,0.014180799791859933
2025-10-30,125841.34473335816,112289.89330588936,25.841344733358152,12.289893305889365,daily,-0.005119607003726571,1.3102325863064583,131023.25863064584,31.023258630645834,0.009033989416859622
2025-10-31,127642.90387772734,112352.1877757036,27.642903877727345,12.352187775703616,daily,0.012858279532565865,1.3270799231538635,132707.99231538633,32.70799231538635,0.014316114852288564
2025-11-03,128677.44232538543,112414.51680429118,28.67744232538545,12.414516804291177,daily,0.0068031747065004245,1.3361082797205686,133610.82797205687,33.61082797205685,0.00810494290108843
2025-11-04,128440.8020836668,112476.88041082406,28.440802083666817,12.476880410824066,daily,-0.0002027970702552994,1.3358373208758973,133583.73208758974,33.58373208758974,-0.0018390188477653835
2025-11-05,129830.76572726044,112539.27861448488,29.83076572726042,12.539278614484871,daily,0.016938648335884023,1.3584645994881637,135846.45994881637,35.84645994881637,0.01082182313598623
2025-11-06,130102.41779619004,112601.7114344669,30.10241779619003,12.601711434466887,daily,-0.002077730725223978,1.355642075850678,135564.2075850678,35.5642075850678,0.0020923551317586497
2025-11-07,129698.47535045606,112664.17888997402,29.698475350456064,12.66417888997402,daily,-0.002773394157214304,1.3518823460382399,135188.23460382398,35.188234603823986,-0.0031048035276851627
2025-11-10,130865.28734028086,112726.68100022084,30.865287340280865,12.726681000220829,daily,0.009392698741481522,1.3645801696485045,136458.01696485045,36.45801696485045,0.008996343146455477
2025-11-11,133151.4756507426,112789.21778443256,33.15147565074259,12.78921778443256,daily,0.015922795086878917,1.3863081000694362,138630.81000694362,38.63081000694362,0.017469784057533078
2025-11-12,131464.28149084878,112851.78926184509,31.46428149084879,12.851789261845092,daily,0.003638846939617118,1.3913526630567403,139135.26630567404,39.13526630567403,-0.012671238915288763
2025-11-13,131447.809867886,112914.395451705,31.447809867886,12.914395451704983,daily,-0.0009881225084375541,1.3899778361731994,138997.78361731995,38.99778361731994,-0.00012529352289436524
2025-11-14,131521.56395842857,112977.03637326948,31.52156395842858,12.97703637326948,daily,-0.0015738633151745752,1.3877902010479406,138779.02010479406,38.77902010479406,0.0005610902959636288
2025-11-17,131333.41161637334,113039.71204580647,31.33341161637333,13.039712045806496,daily,-0.0015830067003604956,1.385593319860987,138559.33198609872,38.55933198609871,-0.0014305816962053575
2025-11-18,130252.02121484588,113102.42248859466,30.25202121484587,13.102422488594655,daily,-0.007161082834290023,1.3756709713228237,137567.09713228236,37.56709713228237,-0.008233932159519397
2025-11-19,128429.55879516531,113165.16772092326,28.42955879516531,13.165167720923264,daily,-0.010517941070689492,1.361201745113792,136120.1745113792,36.12017451137921,-0.01399181680777517
2025-11-21,129607.6761180594,113227.94776209231,29.607676118059388,13.22794776209233,daily,0.004132040920280868,1.3668262864253602,136682.62864253603,36.68262864253602,0.009173256794980489
2025-11-24,130089.62922675528,113290.76263141258,30.08962922675529,13.290762631412578,daily,0.0031141701474299796,1.3710828160432686,137108.28160432685,37.10828160432686,0.0037185537394934798
2025-11-25,130640.9394070023,113353.61234820542,30.6409394070023,13.353612348205424,daily,0.004686874107817563,1.3775089085934555,137750.89085934556,37.75089085934555,0.004237925678810539
2025-11-26,132767.41272061516,113416.49693180302,32.76741272061516,13.416496931803024,daily,0.013353866150511238,1.3959039781799494,139590.39781799493,39.59039781799494,0.016277235323515216
2025-11-27,132326.1248189175,113479.41640154828,32.32612481891752,13.47941640154826,daily,-0.0010341622752831534,1.3944603869457979,139446.0386945798,39.44603869457979,-0.0033237666732743865
2025-11-28,134686.60009998712,113542.37077679472,34.68660009998712,13.54237077679472,daily,0.012035001811608197,1.4112427202289064,141124.27202289063,41.124272022890636,0.017838316389146902
2025-12-01,134307.57228635912,113605.36007690676,34.307572286359125,13.60536007690676,daily,0.0007418297198371528,1.412289622020676,141228.9622020676,41.2289622020676,-0.0028141464209996414
2025-12-02,136113.92652957237,113668.38432125944,36.11392652957237,13.668384321259431,daily,0.006656532841036807,1.4216905742707122,142169.0574270712,42.16905742707122,0.013449384963655664
2025-12-03,137671.9270505608,113731.4435292386,37.6719270505608,13.731443529238586,daily,0.007045898093813169,1.4317076611779582,143170.76611779584,43.17076611779582,0.011446297676600548
2025-12-04,140023.79714550992,113794.5377202408,40.02379714550992,13.794537720240818,daily,0.005536361345733598,1.4396341121316945,143963.41121316946,43.963411213169444,0.01708314937790756
2025-12-05,134056.66055291702,113857.66691367349,34.05666055291701,13.857666913673471,daily,-0.03470703197996008,1.3896686849624984,138966.86849624984,38.96686849624984,-0.04261516052440695
2025-12-08,135274.13134746614,113920.83112895464,35.27413134746613,13.920831128954658,daily,-4.7932139667816254e-05,1.3896020751689988,138960.20751689989,38.96020751689988,0.009081762812289007
2025-12-09,134982.57639568372,113984.03038551324,34.982576395683715,13.984030385513256,daily,-0.0007379040675524362,1.3885766821454522,138857.6682145452,38.857668214545214,-0.002155289772539981
2025-12-10,135423.12721788388,114047.26470278892,35.4231272178839,14.04726470278892,daily,0.008648803114701236,1.400586208478993,140058.6208478993,40.058620847899306,0.0032637606568477473
2025-12-11,135954.83235089702,114110.53410023214,35.95483235089703,14.11053410023213,daily,0.008905957265088681,1.4130597693977796,141305.97693977796,41.305976939777956,0.003926250589071589
2025-12-12,136737.2167689629,114173.8385973041,36.73721676896291,14.1738385973041,daily,0.009716475494092772,1.4267897300188215,142678.97300188214,42.67897300188215,0.005754737838568058
2025-12-15,138398.2373810887,114237.17821347687,38.3982373810887,14.237178213476875,daily,0.012652649940303629,1.44484240101117,144484.240101117,44.484240101117,0.01214753855149997
2025-12-16,136956.1382488058,114300.55296823329,36.95613824880581,14.300552968233273,daily,-0.009515738161432558,1.431093659038612,143109.3659038612,43.10936590386121,-0.010419924123108437
2025-12-17,136809.89565275033,114363.96288106695,36.80989565275035,14.36396288106696,daily,-0.0016097958581752997,1.4287898903936307,142878.98903936308,42.87898903936307,-0.0010678060722608684
2025-12-18,137232.2463958441,114427.4079714824,37.2322463958441,14.427407971482388,daily,-5.8964249518734125e-05,1.4287056428700236,142870.56428700234,42.87056428700235,0.0030871359200927984
2025-12-19,139749.7158487848,114490.88825899483,39.7497158487848,14.49088825899485,daily,0.027994089323845492,1.4687009562540092,146870.09562540092,46.87009562540092,0.018344591151551404
2025-12-22,140663.8856284797,114554.40376313044,40.66388562847971,14.55440376313044,daily,0.0056607309564787175,1.4770148772228862,147701.4877222886,47.70148772228862,0.006541478629438213
2025-12-23,142801.80950863383,114617.95450342612,42.801809508633816,14.617954503426112,daily,0.013896172704639786,1.4975397310440979,149753.9731044098,49.75397310440979,0.01519881148314628
2025-12-26,143196.26601912375,114681.54049942964,43.19626601912376,14.681540499429625,daily,0.007593728405210474,1.5089116410376588,150891.16410376588,50.89116410376589,0.0027622654912231592
2025-12-29,142498.42450325325,114745.16177069962,42.49842450325325,14.74516177069962,daily,-0.0018808039312191325,1.506073674091333,150607.3674091333,50.607367409133296,-0.004873322016492487
2025-12-30,142837.8832341027,114808.81833680556,42.83788323410269,14.808818336805562,daily,0.0008952263450727647,1.5074219509220002,150742.1950922,50.742195092200014,0.0023821928700811235
2025-01-03,98053.81084367746,100055.47647074929,-1.9461891563225309,0.0554764707492827,monthly,-0.017971589497802243,0.9820284105021978,98202.84105021978,-1.7971589497802198,
2025-01-06,99024.85837508092,100110.98371788664,-0.9751416249190848,0.1109837178866257,monthly,0.011508637898864894,0.9933302198850654,99333.02198850655,-0.6669780114934576,0.009903210523368067
2025-01-07,99627.91259215958,100166.5217584857,-0.3720874078404157,0.1665217584857048,monthly,0.009893091984867985,1.0031573271217376,100315.73271217376,0.3157327121737552,0.006089927589640665
2025-01-08,98462.328758104,100222.09060962964,-1.5376712418960103,0.2220906096296326,monthly,-0.01109011196178864,0.9920322000486689,99203.22000486689,-0.7967799951331123,-0.01169937022395573
2025-01-09,98226.26733332792,100277.690288411,-1.7737326666720898,0.2776902884110033,monthly,-0.0015683466013838524,0.9904763497192592,99047.63497192593,-0.9523650280740759,-0.0023974796021331013
2025-01-10,97544.2613526172,100333.32081193192,-2.455738647382799,0.3333208119319142,monthly,-0.00881429062246768,0.9817460033181528,98174.60033181528,-1.825399668184724,-0.006943213859449071
2025-01-13,97878.16777030544,100388.98219730392,-2.121832229694576,0.388982197303922,monthly,0.0035465280135288163,0.9852277930210904,98522.77930210905,-1.4772206978909574,0.0034231272353499875
2025-01-14,98502.74267235602,100444.67446164812,-1.497257327643986,0.4446744616481091,monthly,0.008294065129569917,0.9933993365038698,99339.93365038699,-0.6600663496130199,0.006381146238007673
2025-01-15,101055.25320138576,100500.39762209504,1.055253201385753,0.500397622095039,monthly,0.026812657290412427,1.020035012466071,102003.5012466071,2.003501246607109,0.025913090943264327
2025-01-16,100490.86068503268,100556.15169578478,0.4908606850326791,0.556151695784779,monthly,-0.006617963247545844,1.0132844582423608,101328.44582423609,1.3284458242360797,-0.005584989384256334
2025-01-17,101719.37347810985,100611.9366998669,1.7193734781098424,0.6119366998668996,monthly,0.005900211713123314,1.019263051071608,101926.3051071608,1.9263051071608084,0.012225119624835079
2025-01-20,101853.17308618304,100667.7526515005,1.853173086183024,0.6677526515004972,monthly,0.0017824415100781144,1.0210798278435271,102107.98278435272,2.1079827843527132,0.0013153797894949193
2025-01-21,102129.92084496142,100723.59956785417,2.1299208449614198,0.7235995678541718,monthly,0.005034813544423967,1.026220774390692,102622.0774390692,2.6220774390691926,0.002717124566597562
2025-01-22,100764.42828361724,100779.47746610604,0.7644282836172467,0.7794774661060488,monthly,-0.008943203519101585,1.017043073149786,101704.30731497859,1.7043073149785926,-0.013370151959846144
2025-01-23,100623.01767390144,100835.38636344385,0.623017673901427,0.8353863634438241,monthly,0.0017718099845825514,1.0188450802215432,101884.50802215432,1.8845080221543187,-0.0014033782766847969
2025-01-24,100621.8156791302,100891.32627706468,0.6218156791301999,0.8913262770646746,monthly,-0.003364451600143004,1.015417225261094,101541.7225261094,1.5417225261094014,-1.1945524980516709e-05
2025-01-27,102961.02741947497,100947.29722417532,2.961027419474971,0.9472972241753252,monthly,0.02605831585399372,1.0418772880405336,104187.72880405336,4.187728804053359,0.023247560427692937
2025-01-28,102119.94698997568,101003.2992219921,2.119946989975685,1.003299221992093,monthly,-0.005109913518871579,1.03655338520137,103655.338520137,3.655338520136997,-0.008168920324314821
2025-01-29,101767.81923625596,101059.3322877408,1.767819236255952,1.0593322877407996,monthly,-0.005148391644005535,1.0312168024144337,103121.68024144338,3.1216802414433698,-0.003448177991654089
2025-01-30,104973.66115312694,101115.39643865684,4.97366115312694,1.115396438656835,monthly,0.02828066453090248,1.0603802988621462,106038.02988621463,6.038029886214624,0.031501529077955004
2025-01-31,104165.5396664531,101171.49169198514,4.1655396664531,1.171491691985138,monthly,-0.00513288006518835,1.0549374939645983,105493.74939645984,5.493749396459835,-0.0076983262067522595
2025-02-03,103794.04997512772,101227.61806498026,3.7940499751277112,1.2276180649802626,monthly,-0.0037987942734426516,1.0509300034536857,105093.00034536856,5.09300034536857,-0.0035663396216725207
2025-02-04,103957.95353491622,101283.77557490628,3.9579535349162143,1.2837755749062874,monthly,-0.0015313308195832546,1.0493206819501724,104932.06819501723,4.932068195017236,0.001579122886405937
2025-02-05,104810.32225918096,101339.96423903688,4.810322259180966,1.3399642390368616,monthly,0.007728666941067089,1.0574305320153385,105743.05320153385,5.743053201533854,0.008199167983606648
2025-02-06,105638.3892912424,101396.18407465528,5.638389291242407,1.3961840746552712,monthly,0.009172577146431715,1.0671298951472417,106712.98951472416,6.712989514724166,0.007900624806913115
2025-02-07,104399.9294334763,101452.43509905432,4.399929433476291,1.4524350990543278,monthly,-0.013217086390713595,1.0530255471329675,105302.55471329675,5.302554713296748,-0.011723577631912785
2025-02-10,105083.81872869527,101508.71732953648,5.083818728695277,1.5087173295364795,monthly,0.006927498501112206,1.0603203800323642,106032.03800323642,6.032038003236417,0.006550668175065777
2025-02-11,105977.3380275896,101565.03078341376,5.977338027589596,1.5650307834137678,monthly,0.007442997338403102,1.0682123417987996,106821.23417987996,6.821234179879965,0.008502919951940635
2025-02-12,103748.57246386244,101621.37547800785,3.748572463862443,1.6213754780078249,monthly,-0.02001173754552028,1.0468355567718364,104683.55567718364,4.683555677183637,-0.021030586399018114
2025-02-13,103957.12048359876,101677.75143064988,3.957120483598753,1.6777514306498986,monthly,0.00406636097540416,1.0510923680275588,105109.23680275588,5.109236802755879,0.002010129053187315
2025-02-14,107213.88009672138,101734.15865868086,7.21388009672137,1.734158658680851,monthly,0.025690245302800334,1.078095188798088,107809.5188798088,7.809518879808808,0.03132791287381265
2025-02-17,107755.47321197228,101790.59717945116,7.755473211972275,1.7905971794511588,monthly,0.001966110218131689,1.0802148427649025,108021.48427649026,8.021484276490254,0.00505152051919322
2025-02-18,108120.93409939476,101847.06701032094,8.120934099394761,1.8470670103209352,monthly,0.0026469367566793753,1.0830741031373277,108307.41031373276,8.307410313732767,0.003391576098446203
2025-02-19,106687.79477458943,101903.56816865991,6.687794774589428,1.903568168659908,monthly,-0.011824308527669093,1.0702675007835034,107026.75007835033,7.026750078350341,-0.013254966179702454
2025-02-20,105906.98317701196,101960.10067184748,5.906983177011971,1.9601006718474645,monthly,0.0016304243623742392,1.0720124909910382,107201.24909910382,7.201249099103824,-0.007318659076487322
2025-02-21,105823.79728956042,102016.66453727263,5.823797289560417,2.016664537272628,monthly,0.00031053922163819573,1.072345392915577,107234.53929155771,7.234539291557707,-0.0007854617793475738
2025-02-24,105025.08824403418,102073.25978233403,5.0250882440341815,2.073259782334036,monthly,-0.00930473325233634,1.0623675050801258,106236.75050801258,6.2367505080125785,-0.007547537189019682
2025-02-25,106034.76499056052,102129.88642444005,6.034764990560526,2.12988642444003,monthly,0.006602187658847325,1.0693814547113263,106938.14547113262,6.9381454711326285,0.009613671965504889
2025-02-26,106045.04435944372,102186.54448100856,6.04504435944373,2.186544481008568,monthly,0.004245429923137612,1.0739214387384062,107392.14387384061,7.3921438738406176,9.694338346588616e-05
2025-02-27,106284.7197893818,102243.23396946728,6.28471978938181,2.2432339694672843,monthly,0.006937363605659197,1.081371622242847,108137.16222428471,8.137162224284712,0.0022601285273236016
2025-02-28,103994.44891270473,102299.95490725349,3.9944489127047063,2.2999549072534764,monthly,-0.019255638542852817,1.0605491211544404,106054.91211544405,6.054912115444044,-0.0215484491205844
2025-03-05,105924.48408131294,102356.70731181413,5.924484081312942,2.3567073118141213,monthly,0.021214795184993605,1.0830484535433569,108304.84535433569,8.304845354335688,0.018559021070714277
2025-03-06,106386.65364928276,102413.4912006059,6.38665364928277,2.4134912006058995,monthly,0.0034359199802444906,1.0867697213644594,108676.97213644594,8.676972136445936,0.004363198669110613
2025-03-07,107689.19951900792,102470.30659109513,7.689199519007928,2.4703065910951283,monthly,0.010052066366930979,1.097694002729186,109769.40027291859,9.769400272918594,0.012243508231955191
2025-03-10,106958.14095298391,102527.15350075783,6.958140952983927,2.5271535007578283,monthly,-0.0028644014121667516,1.0945497664776416,109454.97664776415,9.454976647764157,-0.006788596900053734
2025-03-11,106178.95173378968,102584.03194707974,6.178951733789684,2.5840319470797457,monthly,-0.003713893376438571,1.0904847253497378,109048.47253497379,9.048472534973783,-0.007284992168447912
2025-03-12,106178.66461263614,102640.9419475563,6.178664612636142,2.640941947556308,monthly,-0.0030559422211193068,1.0871522670360558,108715.22670360559,8.715226703605584,-2.7041249592851813e-06
2025-03-13,107994.98942851082,102697.88351969262,7.994989428510824,2.697883519692623,monthly,0.015495356960457885,1.1039980794841506,110399.80794841507,10.399807948415063,0.01710630683198966
2025-03-14,111045.43052150102,102754.85668100354,11.045430521501022,2.754856681003548,monthly,0.026194008088230428,1.1329162141075493,113291.62141075493,13.291621410754928,0.028246135391396976
2025-03-17,112971.1949210977,102811.86144901364,12.971194921097704,2.8118614490136418,monthly,0.02210519261513775,1.1579595452372091,115795.95452372091,15.795954523720912,0.017342130968854175
2025-03-18,113121.8383205177,102868.8978412572,13.121838320517698,2.8688978412571897,monthly,0.004580349255263506,1.1632634043778616,116326.34043778616,16.326340437786158,0.0013334673455938084
2025-03-19,113439.9850266633,102925.9658752782,13.439985026663305,2.9259658752782025,monthly,-0.0010055753874820385,1.1620936553292607,116209.36553292607,16.209365532926068,0.002812425176862643
2025-03-20,112845.23846522588,102983.06556863042,12.845238465225894,2.9830655686304164,monthly,-0.0059090310598319765,1.1552268078254864,115522.68078254863,15.522680782548637,-0.0052428300417849405
2025-03-21,113730.55861070567,103040.19693887731,13.730558610705687,3.040196938877316,monthly,0.0033510083474038053,1.159097982501654,115909.7982501654,15.909798250165409,0.007845436435961028
2025-03-24,113923.69097687295,103097.36000359213,13.92369097687296,3.097360003592109,monthly,-0.0013633353667431847,1.157517743228589,115751.7743228589,15.751774322858903,0.0016981571929877148
2025-03-25,114920.67302392026,103154.55478035778,14.920673023920262,3.1545547803577767,monthly,0.005182739423306382,1.1635168560695965,116351.68560695965,16.351685606959656,0.008751314485146988
2025-03-26,115818.0941648998,103211.78128676704,15.81809416489981,3.211781286767046,monthly,0.002234709020278843,1.1661169776831017,116611.69776831017,16.611697768310172,0.007809048775695437
2025-03-27,115670.21365219432,103269.0395404224,15.67021365219432,3.2690395404224137,monthly,0.0013706841816243718,1.1677153557783355,116771.53557783355,16.771535577833554,-0.0012768342785448583
2025-03-28,114738.42003613028,103326.32955893612,14.738420036130284,3.3263295589361253,monthly,-0.008446857953412028,1.1578518300380578,115785.18300380578,15.78518300380578,-0.008055605558625722
2025-03-31,113362.73548918372,103383.6513599302,13.36273548918372,3.3836513599301954,monthly,-0.013074102799219483,1.142713956185876,114271.39561858759,14.27139561858759,-0.011989746298697201
2025-04-01,113809.7318738108,103441.00496103644,13.809731873810804,3.4410049610364317,monthly,0.004416105073990807,1.1477603010859085,114776.03010859086,14.776030108590854,0.0039430627948258135
2025-04-02,113666.3111855927,103498.39037989642,13.666311185592694,3.49839037989641,monthly,0.0004268703052694504,1.1482502458760093,114825.02458760093,14.825024587600932,-0.0012601794754873996
2025-04-03,113135.89385323912,103555.8076341615,13.13589385323912,3.555807634161501,monthly,0.004344638309597424,1.153238977883247,115323.8977883247,15.323897788324704,-0.004666442737703669
2025-04-04,109900.57449214086,103613.25674149283,9.900574492140857,3.613256741492843,monthly,-0.022725203596224042,1.127031387315749,112703.13873157489,12.703138731574892,-0.028596754318263806
2025-04-07,109158.02986724208,103670.7377195614,9.158029867242078,3.670737719561412,monthly,-0.01188445955619746,1.1136372283746299,111363.72283746299,11.363722837462987,-0.006756512678210647
2025-04-08,107005.7685063664,103728.25058604796,7.0057685063664055,3.728250586047976,monthly,-0.00822451956927253,1.1044780971967922,110447.80971967922,10.447809719679224,-0.019716931163866414
2025-04-09,109863.35877026708,103785.7953586431,9.863358770267094,3.785795358643096,monthly,0.02145162316642092,1.1281709451334236,112817.09451334237,12.817094513342365,0.026705011363295394
2025-04-10,110172.84638973432,103843.37205504716,10.172846389734325,3.843372055047145,monthly,-0.0018175427844496499,1.1261204461724705,112612.04461724705,12.612044617247054,0.0028170230997071055
2025-04-11,111301.13431004864,103900.98069297032,11.30113431004862,3.900980692970335,monthly,0.005666704636546473,1.1325018381261058,113250.18381261059,13.250183812610583,0.010241070801811025
2025-04-14,112769.88111134176,103958.6212901327,12.76988111134174,3.958621290132691,monthly,0.013243062339343505,1.147499630567831,114749.9630567831,14.74996305678311,0.013196153034718217
2025-04-15,112515.6966025081,104016.29386426408,12.515696602508108,4.016293864264076,monthly,-0.0015574627283596954,1.1457124426624152,114571.24426624153,14.571244266241523,-0.0022540106128399184
2025-04-16,111396.36859833216,104073.99843310416,11.396368598332153,4.0739984331041645,monthly,-0.0026054915160247756,1.1427272986132544,114272.72986132544,14.27272986132544,-0.009948194234003394
2025-04-17,111446.15461462636,104131.73501440253,11.44615461462637,4.131735014402516,monthly,0.0001522136803525512,1.1429012373410155,114290.12373410155,14.290123734101545,0.00044692674384849695
2025-04-22,113319.52050801677,104189.5036259185,13.319520508016767,4.1895036259185,monthly,0.013668322141140369,1.1585227796285005,115852.27796285004,15.852277962850048,0.01680960549844346
2025-04-23,114953.62275721449,104247.30428542136,14.95362275721448,4.247304285421349,monthly,0.01214100859114479,1.172588414649007,117258.8414649007,17.25884146490071,0.01442030677390771
2025-04-24,115957.81167972676,104305.13701069016,15.957811679726763,4.305137010690174,monthly,0.005577238552531046,1.1791282199614388,117912.82199614387,17.91282199614388,0.008735600483276151
2025-04-25,115118.59884001658,104363.0018195139,15.118598840016585,4.363001819513901,monthly,-0.0021224773680189666,1.1766255470005782,117662.55470005782,17.662554700057818,-0.007237225569831085
2025-04-28,116102.6804596126,104420.89872969138,16.102680459612586,4.42089872969138,monthly,0.010834384795242083,1.1893735609366947,118937.35609366947,18.937356093669464,0.008548415542857901
2025-04-29,116465.05067561188,104478.8277590313,16.46505067561188,4.478827759031301,monthly,0.006425686587209567,1.1970161026743873,119701.61026743874,19.70161026743873,0.0031211184321049412
2025-04-30,116609.61303827088,104536.78892535224,16.609613038270865,4.536788925352231,monthly,0.00597273147134388,1.204165558422536,120416.5558422536,20.416555842253594,0.0012412510175403568
2025-05-02,116409.8188378638,104594.78224648265,16.40981883786379,4.594782246482643,monthly,-0.0068615760026089195,1.1959030849236956,119590.30849236956,19.59030849236956,-0.001713359603907727
2025-05-05,116045.24352295962,104652.80774026088,16.045243522959616,4.652807740260889,monthly,-0.01040897366074831,1.1834549612119172,118345.49612119171,18.34549612119172,-0.0031318261512971457
2025-05-06,116352.172467741,104710.86542453522,16.35217246774101,4.710865424535227,monthly,0.0005722808442042092,1.1841322298161971,118413.22298161972,18.413222981619715,0.0026449075848649084
2025-05-07,115920.01681415564,104768.9553171638,15.920016814155646,4.768955317163792,monthly,0.0007834198946547449,1.1850599025629371,118505.99025629372,18.505990256293714,-0.003714203563368601
2025-05-08,121522.03565199763,104827.07743601465,21.52203565199764,4.827077436014648,monthly,0.05218203167736247,1.2468987359380483,124689.87359380483,24.689873593804833,0.04832658751959307
2025-05-09,121521.71075984664,104885.23179896576,21.521710759846652,4.885231798965761,monthly,0.01753061914438036,1.2687576427893874,126875.76427893875,26.87576427893874,-2.673524593710397e-06
2025-05-12,122089.37767315276,104943.41842390502,22.089377673152757,4.943418423905022,monthly,-0.011170705643546837,1.254584724628787,125458.4724628787,25.45847246287869,0.0046713209496198616
2025-05-13,123457.01937466137,105001.63732873024,23.45701937466136,5.001637328730246,monthly,0.009780564952273647,1.2668552720161492,126685.52720161492,26.685527201614924,0.011201971273618438
2025-05-14,123136.24176651095,105059.88853134918,23.136241766510967,5.059888531349177,monthly,0.0014839508131041673,1.268735222927143,126873.52229271429,26.87352229271429,-0.0025982938011562817
2025-05-15,124477.70467737188,105118.1720496795,24.477704677371893,5.118172049679504,monthly,0.012094573846343649,1.2840800347722925,128408.00347722924,28.40800347722925,0.010894135565746588
2025-05-16,124960.22768439088,105176.4879016488,24.96022768439088,5.176487901648819,monthly,0.005667487441595775,1.2913575422433685,129135.75422433685,29.13575422433685,0.0038763809813944228
2025-05-19,124970.0445708956,105234.83610519471,24.9700445708956,5.234836105194707,monthly,0.005180333771957696,1.298047205331124,129804.7205331124,29.804720533112405,7.856008817075377e-05
2025-05-20,125248.197426573,105293.21667826464,25.248197426573004,5.293216678264656,monthly,0.0017062156124587572,1.3002619537385685,130026.19537385684,30.026195373856844,0.0022257562332836933
2025-05-21,123616.543727687,105351.62963881614,23.616543727687,5.351629638816147,monthly,-0.015574321737605028,1.280011255727877,128001.12557278771,28.00112557278771,-0.013027362727855207
2025-05-22,123204.8233422621,105410.07500481662,23.204823342262102,5.410075004816628,monthly,-0.0031290775589232485,1.27600600123241,127600.60012324099,27.600600123240994,-0.00333062527886141
2025-05-23,124159.08980622812,105468.55279424349,24.15908980622814,5.468552794243475,monthly,0.011390477657550047,1.2905403190803473,129054.03190803473,29.054031908034727,0.007745366115375907
2025-05-26,124162.6545819847,105527.06302508406,24.1626545819847,5.527063025084056,monthly,0.0027684331908222727,1.2941130937337837,129411.30937337838,29.41130937337837,2.8711355424260177e-05
2025-05-27,124601.26230381774,105585.60571533575,24.60126230381774,5.585605715335751,monthly,0.007411889097099601,1.303704916463643,130370.4916463643,30.370491646364293,0.00353252532582915
2025-05-28,124202.19952730916,105644.18088300589,24.202199527309155,5.644180883005867,monthly,-0.003255126498620536,1.2994611920436803,129946.11920436802,29.946119204368028,-0.003202718569058627
2025-05-29,123949.93240172658,105702.78854611175,23.94993240172658,5.702788546111748,monthly,-0.005071638236592296,1.2928707949751437,129287.07949751437,29.28707949751437,-0.0020311003069403144
2025-05-30,123039.14019432529,105761.4287226807,23.03914019432527,5.761428722680706,monthly,0.0009317141281190936,1.2940753809606547,129407.53809606547,29.407538096065466,-0.007348065382152713
2025-06-02,123142.17125515747,105820.10143075007,23.142171255157496,5.820101430750069,monthly,-0.004707144184099921,1.2879839815573788,128798.39815573789,28.798398155737882,0.0008373844344935488
2025-06-03,123852.16620719586,105878.80668836716,23.852166207195857,5.878806688367155,monthly,0.007045628559463503,1.297058638281971,129705.8638281971,29.70586382819711,0.005765652374012831
2025-06-04,122869.3066741583,105937.54451358932,22.86930667415829,5.937544513589321,monthly,-0.0004123161242080226,1.2965238400913641,129652.38400913641,29.652384009136412,-0.007935747618602829
2025-06-05,121540.64204149932,105996.31492448392,21.540642041499325,5.996314924483914,monthly,-0.0189509513948957,1.2719534798154692,127195.34798154692,27.195347981546924,-0.010813641491300374
2025-06-06,121209.41398119205,106055.11793912832,21.20941398119205,6.055117939128318,monthly,0.005186382244811383,1.2785503167594103,127855.03167594103,27.855031675941035,-0.0027252452738745214
2025-06-09,120803.75926816328,106113.95357560994,20.80375926816327,6.113953575609932,monthly,-0.007006479465137111,1.269592180219891,126959.2180219891,26.959218021989106,-0.003346726130461386
2025-06-10,120004.72569414624,106172.82185202622,20.00472569414624,6.172821852026211,monthly,-0.004201948266480914,1.2642574195590783,126425.74195590783,26.42574195590783,-0.006614310505381971
2025-06-11,120442.85579829873,106231.72278648462,20.44285579829872,6.231722786484628,monthly,0.016433391836280318,1.285033457116617,128503.3457116617,28.50334571166171,0.0036509404243725285
2025-06-12,120280.5450235214,106290.65639710274,20.28054502352139,6.290656397102734,monthly,0.0037566831308740714,1.2898609206275757,128986.09206275757,28.986092062757574,-0.001347616458456824
2025-06-13,119683.95428318396,106349.6227020081,19.683954283183947,6.349622702008095,monthly,-0.01172001560009991,1.2747437305158613,127474.37305158614,27.47437305158613,-0.004959993656669659
2025-06-16,121429.32194444856,106408.62171933832,21.42932194444857,6.408621719338337,monthly,0.01478624178055692,1.293592399523518,129359.2399523518,29.35923995235179,0.014583138330597656
2025-06-17,120331.27302084412,106467.65346724118,20.33127302084412,6.467653467241186,monthly,0.0027436274763288342,1.2971415351740208,129714.15351740207,29.714153517402075,-0.009042699951060995
2025-06-18,120016.8757215349,106526.71796387438,20.0168757215349,6.526717963874384,monthly,-0.004326540330342537,1.291529400007928,129152.9400007928,29.152940000792803,-0.002612764673857959
2025-06-20,118784.12622087318,106585.81522740578,18.784126220873176,6.585815227405778,monthly,-0.003839664908188017,1.2865703598928244,128657.03598928245,28.65703598928244,-0.010271468018564045
2025-06-23,118401.08089930427,106644.9452760133,18.40108089930428,6.644945276013292,monthly,-0.0028367176366209555,1.2829207230621626,128292.07230621626,28.292072306216266,-0.0032247180979102508
2025-06-24,119193.01591767427,106704.10812788492,19.193015917674284,6.7041081278849335,monthly,0.006560476181881314,1.291337293909054,129133.7293909054,29.133729390905394,0.00668857929636224
2025-06-25,117401.70449053434,106763.3038012188,17.401704490534332,6.76330380121879,monthly,-0.017251804672676,1.269059395147993,126905.93951479929,26.905939514799293,-0.015028660977730257
2025-06-26,118964.2888637146,106822.53231422303,18.9642888637146,6.822532314223051,monthly,0.0044962136624855705,1.274765357338963,127476.53573389631,27.476535733896302,0.013309724760480313
2025-06-27,118883.7772633334,106881.793685116,18.88377726333341,6.881793685115989,monthly,-0.003791459273364695,1.269932136403516,126993.2136403516,26.99321364035161,-0.0006767711651135544
2025-06-30,120470.98893319244,106941.08793212604,20.47098893319244,6.941087932126022,monthly,0.015932088460426232,1.290164807539435,129016.4807539435,29.016480753943497,0.013350952555480244
2025-07-01,120641.72031403452,107000.41507349163,20.64172031403453,7.00041507349165,monthly,0.006055602787265946,1.2979775331440033,129797.75331440034,29.79775331440033,0.0014171991311267007
2025-07-02,122822.55274955012,107059.7751274615,22.82255274955012,7.059775127461498,monthly,0.019247800983184026,1.3229607463826032,132296.07463826032,32.29607463826032,0.018076934163727243
2025-07-03,122916.65832698904,107119.16811229434,22.916658326989054,7.119168112294338,monthly,-0.0008354056852942445,1.321855537453654,132185.5537453654,32.185553745365404,0.000766191349489409
2025-07-04,123228.6296559856,107178.59404625902,23.2286296559856,7.178594046259024,monthly,0.003951069799365304,1.327078280946811,132707.82809468108,32.70782809468109,0.002538072001328162
2025-07-07,121698.66001716672,107238.0529476346,21.69866001716672,7.238052947634599,monthly,-0.013282218981217286,1.309451736614058,130945.17366140579,30.94517366140579,-0.012415699526076462
2025-07-08,121693.38998268895,107297.5448347102,21.69338998268895,7.29754483471019,monthly,-0.0004262858653169111,1.3088935358474247,130889.35358474248,30.889353584742473,-4.330396470286768e-05
2025-07-09,120260.6164049868,107357.06972578511,20.2606164049868,7.357069725785115,monthly,-0.013549219073082097,1.2911590505868868,129115.90505868869,29.115905058688686,-0.011773635181877795
2025-07-10,120006.09719140489,107416.62763916884,20.00609719140489,7.416627639168838,monthly,0.0008639167941329367,1.2922745045745856,129227.45045745856,29.22745045745856,-0.0021163970482638295
2025-07-11,120610.47473777235,107476.21859318097,20.61047473777236,7.47621859318095,monthly,0.0053978399706603565,1.2992499955484438,129924.99955484438,29.924999554844376,0.005036223662898687
2025-07-14,119791.96356718287,107535.84260615124,19.79196356718289,7.535842606151233,monthly,-0.012094716896851845,1.2835359346740494,128353.59346740493,28.353593467404934,-0.006786402029915428
2025-07-15,118806.82348731002,107595.49969641965,18.80682348731002,7.595499696419639,monthly,-0.004660982917324103,1.277553395608762,127755.3395608762,27.75533956087619,-0.008223757675700494
2025-07-16,120600.48459787163,107655.18988233629,20.600484597871628,7.655189882336266,monthly,0.013205711206252958,1.294424396801739,129442.4396801739,29.442439680173905,0.015097290356838933
2025-07-17,120229.03729508564,107714.91318226144,20.22903729508565,7.714913182261429,monthly,-0.008526910469756278,1.2833869558603423,128338.69558603423,28.338695586034234,-0.00307998184273095
2025-07-18,119300.26026383528,107774.66961456562,19.300260263835263,7.77466961456561,monthly,-0.0103041718477669,1.2701627161199749,127016.2716119975,27.01627161199749,-0.007725064195355791
2025-07-21,120943.95972775732,107834.45919762946,20.94395972775733,7.834459197629462,monthly,0.003910250290164431,1.275129370249239,127512.9370249239,27.5129370249239,0.013777836362527163
2025-07-22,121595.9144573638,107894.28194984388,21.5959144573638,7.894281949843873,monthly,0.00776799543343992,1.2850345693743803,128503.45693743804,28.50345693743803,0.005390552211735233
2025-07-23,122583.2701664616,107954.13788960992,22.5832701664616,7.954137889609925,monthly,0.010176231661780421,1.2981113788457301,129811.137884573,29.811137884573014,0.008119974371704863
2025-07-24,121309.11221460692,108014.02703533888,21.30911221460692,8.014027035338888,monthly,-0.009392320232152142,1.2859191010786104,128591.91010786104,28.59191010786104,-0.010394223862068896
2025-07-25,120778.06499119934,108073.94940545228,20.77806499119934,8.073949405452275,monthly,-0.0022178871157495952,1.283067077672432,128306.7077672432,28.3067077672432,-0.004377636714281707
2025-07-28,118365.6338924858,108133.9050183818,18.3656338924858,8.133905018381782,monthly,-0.018749480452535293,1.259010236580321,125901.0236580321,25.90102365803211,-0.019974083033117984
2025-07-29,118690.454474375,108193.89389256937,18.690454474374985,8.19389389256937,monthly,0.0018102702956079516,1.2612893854134688,126128.93854134688,26.12893854134688,0.0027442135965261016
2025-07-30,118131.09465366352,108253.9160464672,18.13109465366352,8.253916046467191,monthly,-0.007301628331488197,1.2520799191027285,125207.99191027286,25.207991910272852,-0.004712761638571816
2025-07-31,115669.93243544412,108313.97149853763,15.669932435444125,8.313971498537654,monthly,-0.023999996804694498,1.222030005045041,122203.0005045041,22.2030005045041,-0.020834160772276178
2025-08-01,114687.10309348088,108374.06026725344,14.687103093480868,8.374060267253425,monthly,-0.027132697178861125,1.1888730349746717,118887.30349746716,18.887303497467165,-0.008496843745558147
2025-08-04,115864.45017847855,108434.18237109738,15.864450178478574,8.434182371097387,monthly,0.013099460518251248,1.2044466303575359,120444.66303575359,20.444663035753585,0.010265732181220288
2025-08-05,116173.71323516904,108494.3378285627,16.173713235169053,8.494337828562703,monthly,-0.0021125957721487886,1.2019021214984635,120190.21214984635,20.190212149846353,0.002669179858136861
2025-08-06,116578.78520106927,108554.5266581528,16.57878520106928,8.554526658152795,monthly,0.005406809792774293,1.2084005776589375,120840.05776589375,20.84005776589375,0.003486778158499959
2025-08-07,117873.54356407632,108614.74887838132,17.87354356407631,8.614748878381317,monthly,0.008875224346644273,1.219125403886275,121912.54038862752,21.912540388627512,0.011106294861229715
2025-08-08,119070.47216368084,108675.00450777225,19.07047216368085,8.675004507772233,monthly,-0.00034724710180078326,1.2187020661230439,121870.20661230439,21.870206612304386,0.010154344761459377
2025-08-11,119288.58823690355,108735.29356485976,19.28858823690356,8.73529356485976,monthly,0.0015823524621477402,1.220630482337998,122063.04823379981,22.063048233799808,0.0018318233669458728
2025-08-12,120876.56159435156,108795.61606818842,20.87656159435156,8.795616068188416,monthly,0.005732708559842948,1.2276280011525023,122762.80011525023,22.762800115250226,0.013312030772753669
2025-08-13,120347.52321419174,108855.972036313,20.34752321419173,8.855972036312988,monthly,-0.004087864821535947,1.2226096238326585,122260.96238326585,22.26096238326585,-0.004376682900157358
2025-08-14,119936.83234264229,108916.36148779855,19.93683234264228,8.916361487798552,monthly,0.005344390653256235,1.2291437272788508,122914.37272788509,22.91437272788508,-0.003412541119093171
2025-08-15,120231.51294171296,108976.78444122052,20.23151294171295,8.97678444122052,monthly,0.01428027492574948,1.2466962376276534,124669.62376276533,24.669623762765337,0.002456964998281963
2025-08-18,120954.3716317677,109037.24091516456,20.9543716317677,9.037240915164556,monthly,0.010482082798840385,1.2597642108154692,125976.42108154691,25.976421081546917,0.006012223188151866
2025-08-19,118612.80779550018,109097.73092822668,18.612807795500185,9.097730928226678,monthly,-0.027351828883876987,1.225307355687212,122530.73556872121,22.530735568721205,-0.01935906742913074
2025-08-20,118551.51686571764,109158.2544990132,18.55151686571765,9.158254499013196,monthly,0.0018515376330299647,1.2275760583682953,122757.60583682953,22.75760583682953,-0.0005167311264413499
2025-08-21,118771.40382893098,109218.81164614078,18.77140382893099,9.21881164614078,monthly,-0.0035094925851812562,1.2232678892937057,122326.78892937057,22.326788929370565,0.001854779837717313
2025-08-22,122006.87246197232,109279.40238823635,22.00687246197233,9.279402388236369,monthly,0.027356124231368576,1.2567317576414685,125673.17576414684,25.673175764146848,0.027241141627840415
2025-08-25,121563.37105791672,109340.02674393728,21.56337105791673,9.34002674393728,monthly,-0.010288403614421033,1.2438019940837923,124380.19940837924,24.380199408379234,-0.0036350526417585627
2025-08-26,121887.5586500676,109400.68473189112,21.8875586500676,9.400684731891127,monthly,0.0074687368227826945,1.2530916238372565,125309.16238372565,25.30916238372565,0.0026668196951895595
2025-08-27,122789.46267399393,109461.37637075593,22.78946267399393,9.461376370755923,monthly,0.005790945810488478,1.260348209526475,126034.82095264751,26.034820952647507,0.007399475663596222
2025-08-28,124317.31753498963,109522.1016792,24.317317534989648,9.522101679200002,monthly,0.014309551658971098,1.278383227338986,127838.32273389859,27.83832273389859,0.012442882538318045
2025-08-29,124933.71116949974,109582.86067590206,24.933711169499738,9.582860675902062,monthly,0.009402404437102583,1.2904031034680354,129040.31034680354,29.040310346803544,0.004958228239896112
2025-09-01,125007.39995555812,109643.65337955116,25.00739995555812,9.643653379551154,monthly,-0.006107715018332144,1.2825216890532813,128252.16890532813,28.252168905328134,0.0005898230779233238
2025-09-02,123406.45384429774,109704.4798088467,23.406453844297737,9.7044798088467,monthly,-0.010709937994990976,1.2687859612862895,126878.59612862895,26.87859612862895,-0.012806810731441076
2025-09-03,123259.3532902856,109765.33998249852,23.25935329028559,9.76533998249851,monthly,-0.0018846382302127088,1.2663947587576923,126639.47587576922,26.639475875769225,-0.001192000494542489
2025-09-04,124412.53558697247,109826.23391922674,24.412535586972496,9.826233919226745,monthly,0.00808157583568363,1.2766292240385047,127662.92240385046,27.662922403850466,0.009355738659207802
2025-09-05,126779.73265084348,109887.16163776198,26.77973265084348,9.887161637761976,monthly,0.01438704843745552,1.2949961505214178,129499.61505214179,29.49961505214178,0.019026997984589622
2025-09-08,126382.829724214,109948.12315684516,26.382829724214,9.948123156845169,monthly,-0.0023368614419082443,1.2919699239498448,129196.99239498448,29.196992394984477,-0.003130649657722251
2025-09-09,126122.27154664038,110009.11849522764,26.122271546640373,10.009118495227654,monthly,-0.0068796607496809,1.2830816091742787,128308.16091742787,28.30816091742787,-0.002061658044389403
2025-09-10,126747.84969979784,110070.1476716712,26.747849699797843,10.070147671671204,monthly,0.0005878113014839309,1.2838358190448775,128383.58190448776,28.383581904487755,0.004960092658385928
2025-09-11,127703.51299145418,110131.21070494798,27.70351299145417,10.131210704947978,monthly,0.0062138297520448315,1.2918133562539995,129181.33562539995,29.181335625399953,0.007539877748773183
2025-09-12,126979.78784775644,110192.30761384052,26.97978784775645,10.192307613840534,monthly,-0.0089028771119866,1.2803125006916471,128031.25006916471,28.031250069164713,-0.005667229716273869
2025-09-15,127786.9547988108,110253.43841714188,27.78695479881081,10.25343841714188,monthly,0.012440441459883343,1.2962401534068584,129624.01534068584,29.624015340685837,0.006356656950963879
2025-09-16,127856.64661691053,110314.60313365544,27.85664661691052,10.314603133655442,monthly,-0.00040827209782288727,1.2957109347201448,129571.09347201447,29.571093472014475,0.0005453750596799978
2025-09-17,129675.55064539467,110375.80178219508,29.675550645394665,10.375801782195085,monthly,0.01601130850109309,1.3164569622241886,131645.69622241886,31.645696222418863,0.014226120241789486
2025-09-18,129367.57877802472,110437.03438158508,29.36757877802474,10.437034381585075,monthly,-0.0032825563450489155,1.3121356180698558,131213.56180698558,31.21356180698558,-0.002374941658910834
2025-09-19,130140.2966808769,110498.30095066017,30.1402966808769,10.498300950660155,monthly,0.011377837826317481,1.3270648843383894,132706.48843383894,32.70648843383894,0.005973041392218104
2025-09-22,129914.11895202192,110559.60150826548,29.91411895202192,10.559601508265493,monthly,-0.0040340297811333635,1.321711465073472,132171.1465073472,32.1711465073472,-0.0017379530754382255
2025-09-23,130826.9259345437,110620.93607325676,30.826925934543706,10.62093607325676,monthly,0.005422786203215356,1.3288788237709042,132887.88237709043,32.88788237709041,0.0070262338680746605
2025-09-24,130502.42972510944,110682.3046645,30.502429725109454,10.68230466450002,monthly,-0.0033480130676382725,1.3244297201036113,132442.97201036112,32.442972010361125,-0.0024803472764973744
2025-09-25,129944.70418230994,110743.70730087186,29.944704182309945,10.743707300871865,monthly,-0.0032339831019285127,1.3201465367691043,132014.65367691044,32.014653676910434,-0.004273679378799966
2025-09-26,129699.1306488402,110805.1440012593,29.6991306488402,10.805144001259292,monthly,-0.0034692887143122795,1.3155665672878527,131556.65672878528,31.55665672878527,-0.00188983102478113
2025-09-29,130424.8440400992,110866.61478455986,30.424844040099195,10.866614784559856,monthly,0.006213732207788836,1.3237411456384995,132374.11456384996,32.37411456384996,0.005595360490301626
2025-09-30,131102.21793541271,110928.11966968152,31.102217935412703,10.928119669681523,monthly,0.005969680414097478,1.3316434572289526,133164.34572289526,33.16434572289526,0.0051935955936834866
2025-10-01,130425.29515037342,110989.6586755428,30.425295150373422,10.989658675542804,monthly,-0.006944947777110759,1.3223952629607663,132239.52629607663,32.239526296076626,-0.005163320618822631
2025-10-02,129821.16611694168,111051.23182107268,29.82116611694168,11.05123182107266,monthly,-0.006522357235851352,1.3137701286487384,131377.01286487383,31.377012864873844,-0.00463199284107596
2025-10-03,129781.761977642,111112.8391252106,29.781761977641995,11.112839125210597,monthly,0.0013503798606642387,1.315544217372008,131554.4217372008,31.554421737200798,-0.00030352630836927297
2025-10-06,129780.9030122695,111174.48060690658,29.780903012269498,11.174480606906576,monthly,0.000568354245985247,1.316291912513733,131629.1912513733,31.62919125137329,-6.618536837699196e-06
2025-10-07,127990.44555384714,111236.15628512112,27.99044555384713,11.236156285121137,monthly,-0.01529151480135655,1.2961638152506232,129616.38152506232,29.61638152506232,-0.013796000928218866
2025-10-08,128517.41411791636,111297.86617882526,28.51741411791637,11.297866178825268,monthly,0.008736142638851677,1.307487287223971,130748.72872239709,30.74872872239709,0.004117249235197962
2025-10-09,128564.9250660874,111359.61030700056,28.564925066087387,11.359610307000544,monthly,0.0009685676516770529,1.308753677115355,130875.3677115355,30.875367711535496,0.0003696849061050056
2025-10-10,127317.72389560008,111421.38868863902,27.317723895600075,11.421388688639023,monthly,-0.0071510013712995785,1.2993947777756096,129939.47777756097,29.939477777560963,-0.009700944249344867
2025-10-13,128589.66788885756,111483.20134274333,28.589667888857573,11.48320134274332,monthly,0.008136816876672195,1.309967715132874,130996.77151328739,30.996771513287392,0.009990313636933035
2025-10-14,128706.64857459876,111545.0482883266,28.70664857459877,11.545048288326589,monthly,0.0059109499490191866,1.3177108687318553,131771.08687318553,31.771086873185528,0.0009097207237700466
2025-10-15,129163.81469777982,111606.92954441252,29.16381469777982,11.606929544412536,monthly,0.010096948239494747,1.3310157271680605,133101.57271680605,33.10157271680605,0.00355200083479823
2025-10-16,128900.46811494551,111668.8451300354,28.90046811494551,11.668845130035413,monthly,0.0002190104729766283,1.3313072335520069,133130.7233552007,33.130723355200686,-0.002038857271678518
2025-10-17,129794.3432943064,111730.79506424004,29.79434329430639,11.73079506424004,monthly,0.00304387576700976,1.3353595673786605,133535.95673786604,33.535956737866044,0.006934615462868443
2025-10-20,131164.20603056496,111792.77936608178,31.164206030564976,11.792779366081785,monthly,0.01574039996932656,1.3563786610720676,135637.86610720676,35.63786610720676,0.010554101985418729
2025-10-21,130175.31763949012,111854.79805462662,30.175317639490128,11.854798054626611,monthly,-0.008112347506964844,1.3453752460224193,134537.52460224193,34.53752460224193,-0.007539315953655867
2025-10-22,131544.97497639994,111916.85114895109,31.544974976399946,11.916851148951068,monthly,0.009047738311524797,1.3575478491792334,135754.78491792333,35.754784917923345,0.010521636219110064
2025-10-23,131527.09050509287,111978.93866814223,31.527090505092858,11.978938668142236,monthly,0.002792802787126944,1.3613392125960793,136133.92125960792,36.133921259607924,-0.0001359570847178082
2025-10-24,131343.4751284426,112041.06063129782,31.3434751284426,12.041060631297816,monthly,0.0012512751840920743,1.3630426225699321,136304.2622569932,36.30426225699321,-0.0013960270537813901
2025-10-27,132243.5168770134,112103.21705752613,32.24351687701341,12.103217057526129,monthly,0.0052335462893525475,1.3701761692295122,137017.61692295122,37.01761692295123,0.006852580592150659
2025-10-28,132955.25583792652,112165.40796594604,32.955255837926515,12.165407965946052,monthly,0.004323895677207284,1.3761006680446564,137610.06680446563,37.61006680446564,0.005382032917160329
2025-10-29,135576.10749047925,112227.63337568707,35.57610749047926,12.227633375687086,monthly,0.024122181219487338,1.4092952177354872,140929.5217735487,40.929521773548714,0.019712283174029288
2025-10-30,135890.4919167266,112289.89330588936,35.89049191672662,12.289893305889365,monthly,-0.0107538806558942,1.3941398251550372,139413.9825155037,39.41398251550372,0.002318877802782726
2025-10-31,137576.05788567645,112352.1877757036,37.57605788567644,12.352187775703616,monthly,0.010487520543336175,1.4087608952116337,140876.08952116338,40.87608952116337,0.0124038550834209
2025-11-03,138771.92432540673,112414.51680429118,38.77192432540673,12.414516804291177,monthly,0.009118631456094907,1.421606866624827,142160.68666248268,42.160686662482696,0.008692402283571932
2025-11-04,138516.72014103163,112476.88041082406,38.51672014103163,12.476880410824066,monthly,-0.0002027970702552994,1.4213185689172205,142131.85689172204,42.13185689172205,-0.0018390188477653835
2025-11-05,140081.8664457821,112539.27861448488,40.08186644578209,12.539278614484871,monthly,0.018010721610014546,1.4469175419811329,144691.75419811328,44.69175419811329,0.01129933125154059
2025-11-06,139899.2672642596,112601.7114344669,39.899267264259606,12.601711434466887,monthly,0.0006021806735228739,1.447788847761095,144778.8847761095,44.77888477610949,-0.0013035176226265932
2025-11-07,139485.9228396234,112664.17888997402,39.4859228396234,12.66417888997402,monthly,-0.0030795708548030437,1.443330279421621,144333.0279421621,44.3330279421621,-0.0029545860583773953
2025-11-10,140395.5407848924,112726.68100022084,40.39554078489238,12.726681000220829,monthly,0.007421928542076782,1.4540425736181037,145404.25736181036,45.40425736181037,0.006521216813504704
2025-11-11,142378.89552705752,112789.21778443256,42.37889552705752,12.78921778443256,monthly,0.01569551977636013,1.4768645275879964,147686.45275879963,47.68645275879963,0.014126906959273988
2025-11-12,141382.5843216415,112851.78926184509,41.3825843216415,12.851789261845092,monthly,-0.005587538219298367,1.4686124905953724,146861.24905953722,46.861249059537236,-0.006997604537722246
2025-11-13,141364.8699995759,112914.395451705,41.364869999575895,12.914395451704983,monthly,-0.003706246128703512,1.4631694512375377,146316.94512375377,46.31694512375377,-0.0001252935228946983
2025-11-14,141276.5308351082,112977.03637326948,41.27653083510821,12.97703637326948,monthly,-0.0031114870076158377,1.4586168185000716,145861.68185000715,45.861681850007166,-0.0006249018194405265
2025-11-17,140874.44776384704,113039.71204580647,40.87444776384706,13.039712045806496,monthly,-0.0021624483011165097,1.4554626350389261,145546.2635038926,45.54626350389262,-0.0028460712397477828
2025-11-18,139902.1748592539,113102.42248859466,39.90217485925389,13.102422488594655,monthly,-0.013506696274341905,1.435804143288802,143580.4143288802,43.5804143288802,-0.00690169807247798
2025-11-19,138877.1142827747,113165.16772092326,38.87711428277471,13.165167720923264,monthly,-0.007973631734734015,1.4243555698070118,142435.5569807012,42.435556980701186,-0.007326980995902566
2025-11-21,139587.60445893757,113227.94776209231,39.58760445893756,13.22794776209233,monthly,0.0049334764881720245,1.4313825945214518,143138.25945214517,43.13825945214518,0.00511596298520578
2025-11-24,139411.40380697668,113290.76263141258,39.41140380697669,13.290762631412578,monthly,-0.0023716616888818823,1.4279878392598928,142798.7839259893,42.798783925989284,-0.0012622944038896966
2025-11-25,140067.8448535778,113353.61234820542,40.067844853577775,13.353612348205424,monthly,0.007320649407920166,1.4384416375898879,143844.16375898878,43.844163758988785,0.0047086610469111445
2025-11-26,142464.20615083876,113416.49693180302,42.46420615083875,13.416496931803024,monthly,0.019170124545027215,1.4660167429332391,146601.67429332391,46.60167429332391,0.017108575489014344
2025-11-27,142090.535907286,113479.41640154828,42.090535907285975,13.47941640154826,monthly,-0.002841483012725593,1.461851081261823,146185.1081261823,46.18510812618231,-0.002622906157615068
2025-11-28,144496.6398146131,113542.37077679472,44.49663981461309,13.54237077679472,monthly,0.012897175512327953,1.480704831229743,148070.4831229743,48.07048312297431,0.016933597244626508
2025-12-01,144295.87241751165,113605.36007690676,44.29587241751165,13.60536007690676,monthly,-0.0054470089339672175,1.4726394187854663,147263.94187854664,47.26394187854663,-0.0013894260611113651
2025-12-02,146236.5631543213,113668.38432125944,46.236563154321296,13.668384321259431,monthly,0.006656532841036807,1.4824420914396172,148244.20914396172,48.244209143961726,0.013449384963655664
2025-12-03,146401.59744813398,113731.4435292386,46.40159744813399,13.731443529238586,monthly,0.006352151430217409,1.49185878809097,149185.878809097,49.18587880909699,0.001128543301708529
2025-12-04,147935.95256467405,113794.5377202408,47.93595256467405,13.794537720240818,monthly,0.006716708176825581,1.5018791682116097,150187.91682116096,50.18791682116097,0.010480453378137744
2025-12-05,140799.445203372,113857.66691367349,40.79944520337197,13.857666913673471,monthly,-0.03670932051514841,1.4467462044507053,144674.62044507053,44.67462044507053,-0.048240520560288824
2025-12-08,142094.0751140289,113920.83112895464,42.09407511402892,13.920831128954658,monthly,0.0009934948157013482,1.4481835393044626,144818.35393044626,44.818353930446264,0.009194850936997234
2025-12-09,141795.44506260246,113984.03038551324,41.79544506260247,13.984030385513256,monthly,-0.003394667956968136,1.443267437047777,144326.7437047777,44.32674370477769,-0.0021016361955049634
2025-12-10,142315.31263057978,114047.26470278892,42.31531263057977,14.04726470278892,monthly,0.01089140671115396,1.458986649697629,145898.6649697629,45.89866496976289,0.0036663206476610366
2025-12-11,142773.31258587417,114110.53410023214,42.77331258587418,14.11053410023213,monthly,0.011951111502135424,1.4764231618282921,147642.3161828292,47.64231618282921,0.00321820573505871
2025-12-12,144326.42038314606,114173.8385973041,44.32642038314605,14.1738385973041,monthly,0.009003999200960875,1.4897168747976743,148971.68747976742,48.97168747976743,0.010878138001720217
2025-12-15,146550.48378294293,114237.17821347687,46.55048378294293,14.237178213476875,monthly,0.012196853938318902,1.5078867339290303,150788.67339290303,50.78867339290303,0.0154099533120311
2025-12-16,144160.17208956234,114300.55296823329,44.16017208956235,14.300552968233273,monthly,-0.009906764160511727,1.492948455675231,149294.8455675231,49.294845567523105,-0.016310500188596366
2025-12-17,142911.60449281748,114363.96288106695,42.91160449281748,14.36396288106696,monthly,-0.0013499766797714745,1.4909330100759688,149093.3010075969,49.09330100759688,-0.00866097465511606
2025-12-18,142955.3514658437,114427.4079714824,42.955351465843705,14.427407971482388,monthly,4.7025214853460996e-05,1.4910031215210997,149100.31215210998,49.10031215210997,0.00030611211161946095
2025-12-19,145854.05006231173,114490.88825899483,45.854050062311735,14.49088825899485,monthly,0.0249135434427859,1.528149292562445,152814.9292562445,52.81492925624449,0.020276950577541752
2025-12-22,145096.8445890981,114554.40376313044,45.09684458909808,14.55440376313044,monthly,0.002108266325831642,1.5313710382567978,153137.10382567978,53.13710382567977,-0.005191528606097284
2025-12-23,148164.32612737952,114617.95450342612,48.16432612737951,14.617954503426112,monthly,0.011959972143197653,1.5496861932152486,154968.61932152486,54.968619321524855,0.021140925200463734
2025-12-26,149244.4569309315,114681.54049942964,49.24445693093151,14.681540499429625,monthly,0.006890853622483281,1.560364853933478,156036.4853933478,56.0364853933478,0.007290086836580167
2025-12-29,149262.86707245416,114745.16177069962,49.26286707245416,14.74516177069962,monthly,-0.00030694044010850336,1.5598859148584818,155988.59148584818,55.98859148584818,0.00012335561334220202
2025-12-30,150046.69435044058,114808.81833680556,50.04669435044058,14.808818336805562,monthly,0.000856239066910925,1.5612215501187077,156122.15501187075,56.12215501187077,0.005251321332357506
2025-01-03,98053.81084367746,100055.47647074929,-1.9461891563225309,0.0554764707492827,weekly,-0.017971589497802243,0.9820284105021978,98202.84105021978,-1.7971589497802198,
2025-01-06,99024.85837508092,100110.98371788664,-0.9751416249190848,0.1109837178866257,weekly,0.011508637898864894,0.9933302198850654,99333.02198850655,-0.6669780114934576,0.009903210523368067
2025-01-07,99669.885238044,100166.5217584857,-0.3301147619560129,0.1665217584857048,weekly,0.009893091984867985,1.0031573271217376,100315.73271217376,0.3157327121737552,0.006513787280764127
2025-01-08,98414.007095045,100222.09060962964,-1.5859929049549917,0.2220906096296326,weekly,-0.01109011196178864,0.9920322000486689,99203.22000486689,-0.7967799951331123,-0.012600377134974639
2025-01-09,98112.96921990784,100277.690288411,-1.8870307800921693,0.2776902884110033,weekly,-0.0015683466013838524,0.9904763497192592,99047.63497192593,-0.9523650280740759,-0.0030588925705100634
2025-01-10,97306.94841069978,100333.32081193192,-2.6930515893002105,0.3333208119319142,weekly,-0.00881429062246768,0.9817460033181528,98174.60033181528,-1.825399668184724,-0.008215232049510801
2025-01-13,97692.6309518461,100388.98219730392,-2.3073690481538955,0.388982197303922,weekly,0.0035465280135288163,0.9852277930210904,98522.77930210905,-1.4772206978909574,0.00396356629660688
2025-01-14,98588.85380889372,100444.67446164812,-1.4111461911062828,0.4446744616481091,weekly,0.008294065129569917,0.9933993365038698,99339.93365038699,-0.6600663496130199,0.009173904401135191
2025-01-15,101566.81679053578,100500.39762209504,1.5668167905357857,0.500397622095039,weekly,0.026812657290412427,1.020035012466071,102003.5012466071,2.003501246607109,0.03020587892638038
2025-01-16,101224.18362729982,100556.15169578478,1.224183627299813,0.556151695784779,weekly,-0.006617963247545844,1.0132844582423608,101328.44582423609,1.3284458242360797,-0.0033734754525446276
2025-01-17,102237.30518550891,100611.9366998669,2.237305185508909,0.6119366998668996,weekly,0.005900211713123314,1.019263051071608,101926.3051071608,1.9263051071608084,0.01000869082767153
2025-01-20,102518.92713016574,100667.7526515005,2.518927130165749,0.6677526515004972,weekly,0.0017824415100781144,1.0210798278435271,102107.98278435272,2.1079827843527132,0.0027545908428026067
2025-01-21,103048.98488265256,100723.59956785417,3.04898488265255,0.7235995678541718,weekly,0.005034813544423967,1.026220774390692,102622.0774390692,2.6220774390691926,0.005170340417373076
2025-01-22,101089.51389648645,100779.47746610604,1.089513896486438,0.7794774661060488,weekly,-0.008943203519101585,1.017043073149786,101704.30731497859,1.7043073149785926,-0.01901494700212203
2025-01-23,100748.27064290806,100835.38636344385,0.7482706429080554,0.8353863634438241,weekly,0.0017718099845825514,1.0188450802215432,101884.50802215432,1.8845080221543187,-0.003375654312946952
2025-01-24,100356.7966323288,100891.32627706468,0.356796632328793,0.8913262770646746,weekly,-0.003364451600143004,1.015417225261094,101541.7225261094,1.5417225261094014,-0.0038856648166875063
2025-01-27,102552.2390004374,100947.29722417532,2.552239000437395,0.9472972241753252,weekly,0.02605831585399372,1.0418772880405336,104187.72880405336,4.187728804053359,0.021876369531322437
2025-01-28,102234.37973211266,101003.2992219921,2.234379732112668,1.003299221992093,weekly,-0.005109913518871579,1.03655338520137,103655.338520137,3.655338520136997,-0.0030994863829680863
2025-01-29,101623.9388618844,101059.3322877408,1.6239388618844108,1.0593322877407996,weekly,-0.005148391644005535,1.0312168024144337,103121.68024144338,3.1216802414433698,-0.00597099402204837
2025-01-30,104636.70530246156,101115.39643865684,4.636705302461563,1.115396438656835,weekly,0.02828066453090248,1.0603802988621462,106038.02988621463,6.038029886214624,0.029646227791581437
2025-01-31,104298.27171935256,101171.49169198514,4.298271719352553,1.171491691985138,weekly,-0.00513288006518835,1.0549374939645983,105493.74939645984,5.493749396459835,-0.003234367731005383
2025-02-03,103991.1000675851,101227.61806498026,3.991100067585096,1.2276180649802626,weekly,-0.0037987942734426516,1.0509300034536857,105093.00034536856,5.09300034536857,-0.0029451269585176743
2025-02-04,104155.3147936844,101283.77557490628,4.155314793684384,1.2837755749062874,weekly,-0.0015313308195832546,1.0493206819501724,104932.06819501723,4.932068195017236,0.001579122886406381
2025-02-05,105009.30171606324,101339.96423903688,5.009301716063241,1.3399642390368616,weekly,0.007728666941067089,1.0574305320153385,105743.05320153385,5.743053201533854,0.008199167983606648
2025-02-06,105838.9408101578,101396.18407465528,5.838940810157789,1.3961840746552712,weekly,0.009172577146431715,1.0671298951472417,106712.98951472416,6.712989514724166,0.007900624806913115
2025-02-07,104598.12977109046,101452.43509905432,4.5981297710904645,1.4524350990543278,weekly,-0.013217086390713595,1.0530255471329675,105302.55471329675,5.302554713296748,-0.011723577631913118
2025-02-10,105283.31741095334,101508.71732953648,5.2833174109533365,1.5087173295364795,weekly,0.006927498501112206,1.0603203800323642,106032.03800323642,6.032038003236417,0.006550668175065777
2025-02-11,105421.69041045252,101565.03078341376,5.421690410452529,1.5650307834137678,weekly,0.007442997338403102,1.0682123417987996,106821.23417987996,6.821234179879965,0.0013142917881192595
2025-02-12,104163.30418741664,101621.37547800785,4.163304187416639,1.6213754780078249,weekly,-0.02001173754552028,1.0468355567718364,104683.55567718364,4.683555677183637,-0.011936691757990503
2025-02-13,104577.14235369823,101677.75143064988,4.577142353698238,1.6777514306498986,weekly,0.00406636097540416,1.0510923680275588,105109.23680275588,5.109236802755879,0.003972974643133398
2025-02-14,106451.25003747964,101734.15865868086,6.451250037479639,1.734158658680851,weekly,0.025690245302800334,1.078095188798088,107809.5188798088,7.809518879808808,0.017920815596995876
2025-02-17,106214.3377198887,101790.59717945116,6.214337719888707,1.7905971794511588,weekly,0.001966110218131689,1.0802148427649025,108021.48427649026,8.021484276490254,-0.002225547539437267
2025-02-18,106426.45086020052,101847.06701032094,6.426450860200528,1.8470670103209352,weekly,0.0026469367566793753,1.0830741031373277,108307.41031373276,8.307410313732767,0.0019970292605053785
2025-02-19,105044.14728835812,101903.56816865991,5.044147288358114,1.903568168659908,weekly,-0.011824308527669093,1.0702675007835034,107026.75007835033,7.026750078350341,-0.012988346042453025
2025-02-20,105133.972478426,101960.10067184748,5.133972478425997,1.9601006718474645,weekly,0.0016304243623742392,1.0720124909910382,107201.24909910382,7.201249099103824,0.0008551184657752398
2025-02-21,104979.0512364506,102016.66453727263,4.979051236450593,2.016664537272628,weekly,0.00031053922163819573,1.072345392915577,107234.53929155771,7.234539291557707,-0.0014735602424534866
2025-02-24,103836.27681876656,102073.25978233403,3.8362768187665486,2.073259782334036,weekly,-0.00930473325233634,1.0623675050801258,106236.75050801258,6.2367505080125785,-0.010885737718376753
2025-02-25,104048.6031674658,102129.88642444005,4.048603167465803,2.12988642444003,weekly,0.006602187658847325,1.0693814547113263,106938.14547113262,6.9381454711326285,0.002044818585606789
2025-02-26,105433.89040989491,102186.54448100856,5.433890409894926,2.186544481008568,weekly,0.004245429923137612,1.0739214387384062,107392.14387384061,7.3921438738406176,0.013313847569865978
2025-02-27,106784.49545226172,102243.23396946728,6.784495452261719,2.2432339694672843,weekly,0.006937363605659197,1.081371622242847,108137.16222428471,8.137162224284712,0.012809970656646241
2025-02-28,104853.90666561444,102299.95490725349,4.853906665614427,2.2999549072534764,weekly,-0.019255638542852817,1.0605491211544404,106054.91211544405,6.054912115444044,-0.01807929867038005
2025-03-05,107146.67376031888,102356.70731181413,7.146673760318878,2.3567073118141213,weekly,0.021214795184993605,1.0830484535433569,108304.84535433569,8.304845354335688,0.021866301100408325
2025-03-06,107614.17598466956,102413.4912006059,7.614175984669558,2.4134912006058995,weekly,0.0034359199802444906,1.0867697213644594,108676.97213644594,8.676972136445936,0.004363198669110835
2025-03-07,108931.75103421292,102470.30659109513,8.931751034212931,2.4703065910951283,weekly,0.010052066366930979,1.097694002729186,109769.40027291859,9.769400272918594,0.01224350823195497
2025-03-10,108192.25728682464,102527.15350075783,8.192257286824645,2.5271535007578283,weekly,-0.0028644014121667516,1.0945497664776416,109454.97664776415,9.454976647764157,-0.006788596900053845
2025-03-11,107404.07753980345,102584.03194707974,7.404077539803433,2.5840319470797457,weekly,-0.007591644706365898,1.0862403335371076,108624.03335371077,8.624033353710757,-0.00728499216844769
2025-03-12,107403.78710575662,102640.9419475563,7.403787105756621,2.640941947556308,weekly,0.000485478781925403,1.0867676801711115,108676.76801711114,8.676768017111147,-2.704124959507226e-06
2025-03-13,109241.0692429054,102697.88351969262,9.241069242905397,2.697883519692623,weekly,0.016770705250916625,1.1049935406114837,110499.35406114836,10.49935406114837,0.01710630683198988
2025-03-14,112326.70727504148,102754.85668100354,12.326707275041482,2.754856681003548,weekly,0.024873291491662102,1.1324783670435168,113247.83670435168,13.247836704351679,0.028246135391396976
2025-03-17,114274.69174390544,102811.86144901364,14.274691743905432,2.8118614490136418,weekly,0.020710247276763898,1.155932274060574,115593.2274060574,15.593227406057398,0.01734213096885462
2025-03-18,114656.01753734708,102868.8978412572,14.656017537347063,2.8688978412571897,weekly,0.0033781378447249035,1.1598371726215169,115983.71726215168,15.983717262151686,0.0033369225295851734
2025-03-19,114926.74314313916,102925.9658752782,14.926743143139154,2.9259658752782025,weekly,0.0005374918857199582,1.1604605756905573,116046.05756905573,16.046057569055726,0.00236119840551674
2025-03-20,114357.75216449136,102983.06556863042,14.357752164491355,2.9830655686304164,weekly,-0.006278460257847899,1.1531746700852847,115317.46700852847,15.317467008528475,-0.004950901444576106
2025-03-21,115164.08243629897,103040.19693887731,15.164082436298964,3.040196938877316,weekly,0.00415301026875828,1.1579638163318209,115796.38163318209,15.796381633182088,0.007050945445725265
2025-03-24,115383.26695372917,103097.36000359213,15.38326695372916,3.097360003592109,weekly,-0.0025365539787065056,1.155026578606306,115502.65786063061,15.50265786063061,0.0019032367800215777
2025-03-25,116322.1890812197,103154.55478035778,16.322189081219697,3.1545547803577767,weekly,0.005347983850040503,1.1612036420950602,116120.36420950602,16.120364209506022,0.008137420202073642
2025-03-26,117652.27455433772,103211.78128676704,17.65227455433771,3.211781286767046,weekly,-0.0010918079279235403,1.1599358307526872,115993.58307526872,15.993583075268724,0.011434494859698052
2025-03-27,117676.07289040997,103269.0395404224,17.676072890409955,3.2690395404224137,weekly,0.0010728735697747428,1.1611802952481365,116118.02952481365,16.11802952481365,0.00020227688892870965
2025-03-28,116627.26159588236,103326.32955893612,16.62726159588237,3.3263295589361253,weekly,-0.007264776153586034,1.1527445803292038,115274.45803292037,15.274458032920379,-0.008912697957760285
2025-03-31,114927.18581455576,103383.6513599302,14.927185814555768,3.3836513599301954,weekly,-0.010065195249599826,1.1411419810552723,114114.19810552723,14.114198105527231,-0.014577001620919683
2025-04-01,115482.9750460174,103441.00496103644,15.482975046017412,3.4410049610364317,weekly,0.004656227204256352,1.1464553973913807,114645.53973913807,14.64553973913807,0.004836011841083732
2025-04-02,115338.7873184529,103498.39037989642,15.338787318452908,3.49839037989641,weekly,0.00010152437786471421,1.1465717905623507,114657.17905623507,14.65717905623507,-0.0012485626345098977
2025-04-03,114722.7925056416,103555.8076341615,14.722792505641614,3.555807634161501,weekly,0.002452521078489348,1.149383782046706,114938.3782046706,14.93837820467061,-0.005340742929007325
2025-04-04,111480.22218206116,103613.25674149283,11.480222182061173,3.613256741492843,weekly,-0.02379990329430362,1.1220285591859536,112202.85591859536,12.202855918595358,-0.028264395006083798
2025-04-07,110659.69165430212,103670.7377195614,10.659691654302115,3.670737719561412,weekly,-0.01101778019583603,1.1096662951473921,110966.62951473921,10.966629514739212,-0.007360323756971043
2025-04-08,107802.08033962056,103728.25058604796,7.802080339620576,3.728250586047976,weekly,0.0010572336595945863,1.1108394717055396,111083.94717055396,11.083947170553966,-0.025823416566247648
2025-04-09,112270.47549148572,103785.7953586431,12.270475491485724,3.785795358643096,weekly,0.018366167148123422,1.1312413351176167,113124.13351176167,13.12413351176167,0.04144998999822547
2025-04-10,112720.03430539407,103843.37205504716,12.72003430539408,3.843372055047145,weekly,-0.0054158090006736935,1.1251147481129526,112511.47481129527,12.511474811295265,0.004004247883874434
2025-04-11,113491.4581496516,103900.98069297032,13.491458149651605,3.900980692970335,weekly,0.0014762404219534958,1.126775687983453,112677.5687983453,12.677568798345295,0.006843715485106205
2025-04-14,114895.75558411107,103958.6212901327,14.89575558411107,3.958621290132691,weekly,0.013496287574004229,1.141982976699874,114198.2976699874,14.198297669987392,0.012373595840206253
2025-04-15,114526.58985599664,104016.29386426408,14.52658985599664,4.016293864264076,weekly,0.0007206239340360348,1.1428059169651457,114280.59169651457,14.280591696514566,-0.0032130493092425993
2025-04-16,113658.3631660179,104073.99843310416,13.658363166017896,4.0739984331041645,weekly,0.0040622308917387506,1.1474482584643033,114744.82584643034,14.74482584643033,-0.007581005346185887
2025-04-17,114108.64369435993,104131.73501440253,14.108643694359913,4.131735014402516,weekly,0.0010271913987531672,1.1486269074459121,114862.69074459121,14.862690744591212,0.00396170168036214
2025-04-22,115047.22601630008,104189.5036259185,15.047226016300089,4.1895036259185,weekly,0.01116773185669696,1.1614544647516551,116145.44647516552,16.145446475165514,0.0082253393919407
2025-04-23,116190.8514151502,104247.30428542136,16.1908514151502,4.247304285421349,weekly,0.01351075314854603,1.1771465893181916,117714.65893181915,17.71465893181916,0.00994048651540802
2025-04-24,117392.76200052508,104305.13701069016,17.392762000525085,4.305137010690174,weekly,0.011212447088434507,1.1903452831662529,119034.52831662529,19.034528316625288,0.010344279009372626
2025-04-25,116192.48782130616,104363.0018195139,16.192487821306155,4.363001819513901,weekly,-0.004164322612662191,1.185388301386688,118538.8301386688,18.538830138668793,-0.010224430865793499
2025-04-28,117332.9413754591,104420.89872969138,17.332941375459086,4.42089872969138,weekly,0.010299643140517277,1.1975973778739148,119759.73778739148,19.759737787391487,0.00981520901684152
2025-04-29,118526.5156686206,104478.8277590313,18.526515668620604,4.478827759031301,weekly,0.01131132357344543,1.2111437893257566,121114.37893257567,21.11437893257566,0.010172542162240061
2025-04-30,119872.3453700137,104536.78892535224,19.8723453700137,4.536788925352231,weekly,0.009634719674416958,1.2228128202213213,122281.28202213213,22.28128202213213,0.011354671938182959
2025-05-02,117903.8889931804,104594.78224648265,17.903888993180384,4.594782246482643,weekly,-0.018055282515642736,1.2007345892884755,120073.45892884755,20.073458928847554,-0.01642127190184861
2025-05-05,117663.1685407277,104652.80774026088,17.663168540727693,4.652807740260889,weekly,-0.01040897366074831,1.1882361745750223,118823.61745750223,18.82361745750223,-0.002041666772048756
2025-05-06,117946.03847542733,104710.86542453522,17.94603847542733,4.710865424535227,weekly,0.0007945847549387982,1.1891803289246066,118918.03289246066,18.91803289246066,0.0024040652500507687
2025-05-07,117572.6673316694,104768.9553171638,17.5726673316694,4.768955317163792,weekly,0.0050345638039580014,1.1951673331649892,119516.73331649892,19.516733316498925,-0.0031656098719730075
2025-05-08,122954.35345332048,104827.07743601465,22.954353453320486,4.827077436014648,weekly,0.02093241301894315,1.2201850694095477,122018.50694095477,22.018506940954772,0.04577327574332801
2025-05-09,123170.91388926771,104885.23179896576,23.17091388926771,4.885231798965761,weekly,0.01780631915640702,1.241912074185337,124191.20741853368,24.19120741853369,0.0017613075898890163
2025-05-12,123697.15277572472,104943.41842390502,23.697152775724707,4.943418423905022,weekly,-0.0073066007191927955,1.2328379185309202,123283.79185309201,23.28379185309202,0.004272428204357581
2025-05-13,125963.38824075367,105001.63732873024,25.96338824075368,5.001637328730246,weekly,0.009780564952273647,1.2448957698687377,124489.57698687377,24.48957698687377,0.018320837741009788
2025-05-14,126309.92548607972,105059.88853134918,26.30992548607971,5.059888531349177,weekly,0.0014839508131041673,1.2467431339586643,124674.31339586643,24.67431339586643,0.0027510949821683006
2025-05-15,126720.99484801966,105118.1720496795,26.720994848019664,5.118172049679504,weekly,0.012094573846343649,1.2618219608597492,126182.19608597492,26.18219608597492,0.003254450197464731
2025-05-16,121460.41962217982,105176.4879016488,21.460419622179817,5.176487901648819,weekly,0.005667487441595775,1.2689733209764515,126897.33209764515,26.897332097645155,-0.04151305182025289
2025-05-19,121236.20457997086,105234.83610519471,21.236204579970863,5.234836105194707,weekly,0.005180333771957696,1.275547026326819,127554.70263268189,27.554702632681895,-0.0018459926526387394
2025-05-20,121947.18396544436,105293.21667826464,21.94718396544435,5.293216678264656,weekly,0.0017062156124587572,1.277723384577563,127772.33845775631,27.772338457756305,0.005864414742582369
2025-05-21,120665.1637365934,105351.62963881614,20.665163736593417,5.351629638816147,weekly,-0.015574321737605028,1.2578237094944906,125782.37094944906,25.782370949449064,-0.010512913764488707
2025-05-22,119843.7691426456,105410.07500481662,19.84376914264561,5.410075004816628,weekly,-0.0031290775589232485,1.2538878815520298,125388.78815520297,25.38878815520298,-0.0068072223043667
2025-05-23,119215.45130268352,105468.55279424349,19.21545130268354,5.468552794243475,weekly,0.011390477657550047,1.2681702634519207,126817.02634519208,26.817026345192076,-0.005242807735913346
2025-05-26,119454.72795879656,105527.06302508406,19.454727958796568,5.527063025084056,weekly,0.0027684331908222727,1.2716811081008748,127168.11081008747,27.168110810087477,0.0020070943279451026
2025-05-27,119150.87265377073,105585.60571533575,19.150872653770712,5.585605715335751,weekly,0.007411889097099601,1.2811066674409952,128110.66674409952,28.11066674409952,-0.002543685881823299
2025-05-28,117721.09746944447,105644.18088300589,17.72109746944448,5.644180883005867,weekly,-0.003255126498620536,1.2769365031802484,127693.65031802484,27.693650318024844,-0.011999703841707454
2025-05-29,116940.30019732038,105702.78854611175,16.94030019732038,5.702788546111748,weekly,-0.005071638236592296,1.270460343185019,127046.0343185019,27.0460343185019,-0.006632602727193904
2025-05-30,115354.49292172326,105761.4287226807,15.354492921723262,5.761428722680706,weekly,0.0009317141281190936,1.2716440490359795,127164.40490359796,27.164404903597948,-0.013560827814887544
2025-06-02,115191.75464605194,105820.10143075007,15.191754646051937,5.820101430750069,weekly,-0.004707144184099921,1.2656582371463145,126565.82371463145,26.565823714631453,-0.00141076668579998
2025-06-03,115855.9102596936,105878.80668836716,15.855910259693616,5.878806688367155,weekly,0.007045628559463503,1.274575594968473,127457.5594968473,27.457559496847296,0.005765652374012387
2025-06-04,114936.50699574918,105937.54451358932,14.936506995749175,5.937544513589321,weekly,-0.0004123161242080226,1.2740500668991455,127405.00668991455,27.405006689914547,-0.007935747618602718
2025-06-05,113693.62481483482,105996.31492448392,13.693624814834829,5.996314924483914,weekly,-0.0189509513948957,1.2499056060066762,124990.56060066762,24.99056060066762,-0.010813641491300263
2025-06-06,113383.78180113852,106055.11793912832,13.383781801138529,6.055117939128318,weekly,0.005186382244811383,1.2563880942493595,125638.80942493594,25.63880942493595,-0.0027252452738746324
2025-06-09,113004.3173358141,106113.95357560994,13.004317335814108,6.113953575609932,weekly,-0.007006479465137111,1.2475852368667586,124758.52368667586,24.758523686675858,-0.003346726130461497
2025-06-10,112536.86972104042,106172.82185202622,12.53686972104042,6.172821852026211,weekly,-0.004201948266480914,1.2423429482434192,124234.29482434192,24.234294824341916,-0.0041365465125069445
2025-06-11,112981.37190583724,106231.72278648462,12.981371905837255,6.231722786484628,weekly,0.016433391836280318,1.262758856706943,126275.8856706943,26.2758856706943,0.0039498360483871675
2025-06-12,113270.17587520734,106290.65639710274,13.270175875207336,6.290656397102734,weekly,0.0037566831308740714,1.2675026416022956,126750.26416022956,26.750264160229563,0.0025562087315669224
2025-06-13,112696.336569418,106349.6227020081,12.696336569417998,6.349622702008095,weekly,-0.01172001560009991,1.2526474908695489,125264.74908695488,25.264749086954886,-0.005066111192601586
2025-06-16,114771.27939140114,106408.62171933832,14.771279391401148,6.408621719338337,weekly,0.01478624178055692,1.2711694395353539,127116.94395353539,27.11694395353539,0.01841180365880879
2025-06-17,112883.97313547622,106467.65346724118,12.883973135476223,6.467653467241186,weekly,-0.0216139179722969,1.2436944875403462,124369.44875403462,24.369448754034618,-0.016444063932481767
2025-06-18,112453.81349451344,106526.71796387438,12.453813494513444,6.526717963874384,weekly,-0.002150273163261901,1.2410202046604915,124102.02046604914,24.102020466049147,-0.0038106351948343775
2025-06-20,110491.1514896501,106585.81522740578,10.491151489650097,6.585815227405778,weekly,-0.015508822610221663,1.221773442450711,122177.3442450711,22.177344245071097,-0.01745304977993556
2025-06-23,110422.2040742761,106644.9452760133,10.4222040742761,6.644945276013292,weekly,0.0008200169858004256,1.2227753174263203,122277.53174263203,22.27753174263203,-0.0006240084789094213
2025-06-24,110915.32069267365,106704.10812788492,10.915320692673625,6.7041081278849335,weekly,0.004633022902507783,1.2284404634765775,122844.04634765776,22.844046347657752,0.004465737869766118
2025-06-25,109212.74574818477,106763.3038012188,9.21274574818476,6.76330380121879,weekly,-0.011348056601722752,1.2145000515651987,121450.00515651987,21.450005156519868,-0.01535022334025804
2025-06-26,110556.34955425716,106822.53231422303,10.55634955425715,6.822532314223051,weekly,0.020014536958011874,1.2388077077327575,123880.77077327576,23.88077077327575,0.012302628203949562
2025-06-27,110635.170505135,106881.793685116,10.635170505135005,6.881793685115989,weekly,0.004133365542098333,1.243928152825186,124392.8152825186,24.392815282518598,0.0007129482042020907
2025-06-30,111645.83579308732,106941.08793212604,11.645835793087333,6.941087932126022,weekly,0.008220362518144397,1.254153693187935,125415.36931879348,25.41536931879349,0.009135117552021121
2025-07-01,112407.88931017982,107000.41507349163,12.40788931017982,7.00041507349165,weekly,0.002770175577290507,1.2576279191189728,125762.79191189728,25.762791911897274,0.006825633143226373
2025-07-02,114379.22791831274,107059.7751274615,14.379227918312743,7.059775127461498,weekly,0.019247800983184026,1.2818344910170707,128183.44910170707,28.18344910170707,0.017537368775719875
2025-07-03,114409.18440693727,107119.16811229434,14.409184406937282,7.119168112294338,weekly,-0.0008354056852942445,1.2807636391956687,128076.36391956687,28.076363919566873,0.0002619049732170975
2025-07-04,114662.53758711618,107178.59404625902,14.662537587116176,7.178594046259024,weekly,0.003951069799365304,1.2858240257306197,128582.40257306198,28.58240257306197,0.0022144479177279575
2025-07-07,113266.2901055157,107238.0529476346,13.2662901055157,7.238052947634599,weekly,-0.013282218981217286,1.2687454294495553,126874.54294495552,26.874542944955525,-0.012177015361618637
2025-07-08,113229.11528458574,107297.5448347102,13.229115284585744,7.29754483471019,weekly,0.0010499583202073226,1.2700775592694307,127007.75592694306,27.007755926943066,-0.00032820727945903627
2025-07-09,111381.52702768224,107357.06972578511,11.381527027682248,7.357069725785115,weekly,-0.014242582126990967,1.2519883753238876,125198.83753238876,25.19883753238876,-0.016317254199680442
2025-07-10,111187.56983326474,107416.62763916884,11.187569833264742,7.416627639168838,weekly,-0.008601012492930035,1.2412200076667237,124122.00076667237,24.122000766672368,-0.001741376686003715
2025-07-11,111531.09704854758,107476.21859318097,11.53109704854758,7.47621859318095,weekly,-0.0009236655136563737,1.2400735355507815,124007.35355507815,24.007353555078147,0.003089618882740064
2025-07-14,110158.59149526812,107535.84260615124,10.15859149526812,7.535842606151233,weekly,-0.002720802957629071,1.2366995398075773,123669.95398075772,23.66995398075773,-0.012306034725741433
2025-07-15,109588.22943495546,107595.49969641965,9.588229434955451,7.595499696419639,weekly,0.0008592204337717953,1.2377621373226162,123776.21373226162,23.77621373226162,-0.00517764481708316
2025-07-16,110501.5585179802,107655.18988233629,10.501558517980204,7.655189882336266,weekly,0.011624829505763679,1.2521509111376814,125215.09111376814,25.21509111376814,0.008334189608993015
2025-07-17,110137.67597482404,107714.91318226144,10.137675974824043,7.714913182261429,weekly,-0.006839897304429888,1.2435863274958514,124358.63274958514,24.35863274958514,-0.003293008243833495
2025-07-18,108961.77995609435,107774.66961456562,8.96177995609435,7.77466961456561,weekly,-0.015327331441041297,1.2245254676787751,122452.54676787752,22.452546767877514,-0.010676600975296435
2025-07-21,109561.913425611,107834.45919762946,9.56191342561099,7.834459197629462,weekly,-0.0003187146713923934,1.2241351934467322,122413.51934467322,22.413519344673215,0.00550774289625644
2025-07-22,109756.24846394034,107894.28194984388,9.756248463940342,7.894281949843873,weekly,0.000922298426343666,1.22526421140928,122526.421140928,22.526421140928,0.0017737462978983931
2025-07-23,111086.3650247457,107954.13788960992,11.086365024745692,7.954137889609925,weekly,0.013168257094087144,1.2413988055533014,124139.88055533014,24.13988055533014,0.01211882311413337
2025-07-24,110022.02201670036,108014.02703533888,10.022022016700372,8.014027035338888,weekly,-0.008484261708235897,1.2308664532026958,123086.64532026958,23.086645320269582,-0.009581220951898506
2025-07-25,109985.62747514568,108073.94940545228,9.985627475145687,8.073949405452275,weekly,0.00038112764111762837,1.2313355704305358,123133.55704305357,23.133557043053578,-0.00033079324382123687
2025-07-28,108184.30744825976,108133.9050183818,8.184307448259776,8.133905018381782,weekly,-0.01968342249239936,1.2070986721678318,120709.86721678318,20.709867216783184,-0.016377776517145226
2025-07-29,108343.09594009406,108193.89389256937,8.34309594009406,8.19389389256937,weekly,0.003428973507322774,1.2112377815354198,121123.77815354198,21.123778153541984,0.0014677590084888337
2025-07-30,107468.80731404026,108253.9160464672,7.468807314040249,8.253916046467191,weekly,-0.0009502330911395076,1.2100868233141664,121008.68233141664,21.00868233141664,-0.008069629342484563
2025-07-31,104910.08971956192,108313.97149853763,4.910089719561928,8.313971498537654,weekly,-0.023161907793173474,1.1820589038908293,118205.89038908294,18.205890389082935,-0.023808932642207292
2025-08-01,102445.88847404924,108374.06026725344,2.4458884740492515,8.374060267253425,weekly,-0.02862870127219367,1.1482180926452021,114821.80926452021,14.821809264520214,-0.023488696388496155
2025-08-04,103703.58062247568,108434.18237109738,3.703580622475666,8.434182371097387,weekly,0.013099460518251248,1.1632591302161497,116325.91302161496,16.32591302161497,0.01227664835709863
2025-08-05,103522.39658122296,108494.3378285627,3.522396581222953,8.494337828562703,weekly,3.469492965742682e-05,1.1632994894098458,116329.94894098458,16.329948940984586,-0.0017471338999596187
2025-08-06,103410.80982474938,108554.5266581528,3.4108098247493723,8.554526658152795,weekly,0.008684319089283367,1.1734019533722813,117340.19533722813,17.340195337228124,-0.0010778996638280969
2025-08-07,104317.36234910856,108614.74887838132,4.317362349108556,8.614748878381317,weekly,0.010925906219386116,1.186222433072471,118622.24330724712,18.62224330724711,0.008766516052775453
2025-08-08,105522.09466139042,108675.00450777225,5.52209466139042,8.675004507772233,weekly,-0.002335529397743196,1.183451975707768,118345.1975707768,18.345197570776794,0.0115487229081781
2025-08-11,105694.75053529385,108735.29356485976,5.694750535293824,8.73529356485976,weekly,0.0033088375789227962,1.1873678260778402,118736.78260778401,18.73678260778402,0.0016362059003609541
2025-08-12,107062.77990011216,108795.61606818842,7.062779900112148,8.795616068188416,weekly,0.006490562807933331,1.1950745115291175,119507.45115291174,19.50745115291175,0.012943210120558435
2025-08-13,106830.795940598,108855.972036313,6.830795940598011,8.855972036312988,weekly,-0.005260188173435732,1.1887881947171974,118878.81947171975,18.878819471719744,-0.002166803063871514
2025-08-14,107489.61106425468,108916.36148779855,7.489611064254675,8.916361487798552,weekly,0.007061542281852273,1.1971828728183598,119718.28728183598,19.718287281835977,0.006166902697448906
2025-08-15,108815.4719877089,108976.78444122052,8.81547198770889,8.97678444122052,weekly,0.013651471879405961,1.213526181141146,121352.6181141146,21.3526181141146,0.012334782034532088
2025-08-18,109790.8997450041,109037.24091516456,9.790899745004111,9.037240915164556,weekly,0.010151221330756209,1.225844953996577,122584.4953996577,22.5844953996577,0.008964053911427072
2025-08-19,106546.57786790312,109097.73092822668,6.546577867903114,9.097730928226678,weekly,-0.027351828883876987,1.1923158525766986,119231.58525766985,19.23158525766986,-0.029550007192181815
2025-08-20,106509.0863858051,109158.2544990132,6.509086385805096,9.158254499013196,weekly,0.0018515376330299647,1.1945234702482026,119452.34702482026,19.45234702482026,-0.000351878801255312
2025-08-21,106541.67977451338,109218.81164614078,6.541679774513387,9.21881164614078,weekly,-0.0035094925851812562,1.1903312989865416,119033.12989865415,19.033129898654156,0.0003060150998781541
2025-08-22,109906.9363281714,109279.40238823635,9.90693632817139,9.279402388236369,weekly,0.027356124231368576,1.2228941498781039,122289.41498781038,22.289414987810385,0.031586291494373864
2025-08-25,108986.2510693061,109340.02674393728,8.986251069306107,9.34002674393728,weekly,-0.010288403614421033,1.2103125212864436,121031.25212864437,21.03125212864436,-0.008376953171692625
2025-08-26,108990.23594255184,109400.68473189112,8.990235942551838,9.400684731891127,weekly,0.0074687368227826945,1.2193520269812506,121935.20269812505,21.935202698125057,3.656308210109316e-05
2025-08-27,109850.24005943924,109461.37637075593,9.85024005943924,9.461376370755923,weekly,0.005790945810488478,1.2264132284934084,122641.32284934084,22.64132284934084,0.007890652859405822
2025-08-28,111384.4291727611,109522.1016792,11.384429172761102,9.522101679200002,weekly,0.014309551658971098,1.2439626519417804,124396.26519417804,24.396265194178035,0.01396618808016914
2025-08-29,111718.92905218748,109582.86067590206,11.718929052187477,9.582860675902062,weekly,0.009402404437102583,1.2556588918999876,125565.88918999876,25.565889189998757,0.0030031116728852503
2025-09-01,111840.70838955652,109643.65337955116,11.840708389556532,9.643653379551154,weekly,-0.006107715018332144,1.2479896852280277,124798.96852280277,24.798968522802767,0.0010900510629863192
2025-09-02,110408.3856051412,109704.4798088467,10.408385605141191,9.7044798088467,weekly,-0.010709937994990976,1.2346237930808472,123462.37930808472,23.462379308084724,-0.012806810731440854
2025-09-03,110276.77875489825,109765.33998249852,10.276778754898231,9.76533998249851,weekly,-0.0018846382302127088,1.232296973880477,123229.6973880477,23.229697388047697,-0.0011920004945423779
2025-09-04,111308.49947710836,109826.23391922674,11.30849947710837,9.826233919226745,weekly,0.00808157583568363,1.2422558753269755,124225.58753269755,24.225587532697546,0.009355738659207802
2025-09-05,113426.366072327,109887.16163776198,13.426366072326989,9.887161637761976,weekly,0.01438704843745552,1.2601282707770183,126012.82707770183,26.01282707770183,0.019026997984589622
2025-09-08,113071.26785820596,109948.12315684516,13.071267858205982,9.948123156845169,weekly,-0.0023368614419082443,1.257183525609181,125718.3525609181,25.7183525609181,-0.003130649657722473
2025-09-09,113823.19217773476,110009.11849522764,13.82319217773478,10.009118495227654,weekly,-0.00688546743713543,1.2485272293810958,124852.72293810958,24.852722938109583,0.006650003433867235
2025-09-10,114672.45324991737,110070.1476716712,14.672453249917371,10.070147671671204,weekly,0.0005213221993925488,1.2491781143423182,124917.81143423181,24.91781143423182,0.007461230492081805
2025-09-11,115552.45794314644,110131.21070494798,15.552457943146436,10.131210704947978,weekly,0.006278463603500916,1.2570210336675063,125702.10336675063,25.702103366750627,0.007674072266607768
2025-09-12,115149.15226602642,110192.30761384052,15.149152266026425,10.192307613840534,weekly,-0.00887515259863241,1.2458647801740166,124586.47801740166,24.58647801740166,-0.0034902388430235742
2025-09-15,115557.4334243541,110253.43841714188,15.557433424354096,10.25343841714188,weekly,0.01240063860723627,1.2613142990664383,126131.42990664384,26.13142990664383,0.00354567228931435
2025-09-16,115714.082793876,110314.60313365544,15.714082793875985,10.314603133655442,weekly,0.0012566385254339232,1.262899315207326,126289.9315207326,26.2899315207326,0.0013555975144121657
2025-09-17,117079.92381625569,110375.80178219508,17.079923816255672,10.375801782195085,weekly,0.004636198687784098,1.2687543673552937,126875.43673552937,26.87543673552937,0.011803585090093938
2025-09-18,116951.76198122946,110437.03438158508,16.951761981229453,10.437034381585075,weekly,0.002944144317983566,1.2724897633168597,127248.97633168598,27.24897633168597,-0.001094652531781315
2025-09-19,117082.1798905157,110498.30095066017,17.082179890515704,10.498300950660155,weekly,-0.0004828182149276732,1.2718753820808213,127187.53820808213,27.18753820808213,0.001115142748402409
2025-09-22,117029.48837920577,110559.60150826548,17.02948837920577,10.559601508265493,weekly,-0.006068581833290654,1.264156902242916,126415.6902242916,26.4156902242916,-0.00045003869384063755
2025-09-23,118164.73813680018,110620.93607325676,18.16473813680017,10.62093607325676,weekly,0.005422786203215356,1.2710121548510984,127101.21548510985,27.10121548510984,0.009700544480856887
2025-09-24,118009.1990656057,110682.3046645,18.009199065605696,10.68230466450002,weekly,-0.0033480130676382725,1.2667567895475298,126675.67895475298,26.67567895475298,-0.001316290067976178
2025-09-25,117902.542988373,110743.70730087186,17.902542988372993,10.743707300871865,weekly,-0.0032339831019285127,1.26266011949588,126266.01194958799,26.266011949588,-0.000903794603108965
2025-09-26,117640.25032463863,110805.1440012593,17.64025032463863,10.805144001259292,weekly,-0.0034692887143122795,1.2582795869933008,125827.95869933008,25.82795869933008,-0.002224656543330261
2025-09-29,117711.1252090342,110866.61478455986,17.711125209034194,10.866614784559856,weekly,0.006213732207788836,1.2660981993894043,126609.81993894043,26.609819938940426,0.0006024713837311513
2025-09-30,118030.888065593,110928.11966968152,18.03088806559301,10.928119669681523,weekly,0.006157677783122983,1.2738944241430363,127389.44241430363,27.389442414303634,0.00271650496918574
2025-10-01,117437.63208114484,110989.6586755428,17.437632081144837,10.989658675542804,weekly,-0.006893644666420817,1.2651126486404594,126511.26486404594,26.511264864045934,-0.005026277393748613
2025-10-02,116904.48182521891,111051.23182107268,16.90448182521891,11.05123182107266,weekly,-0.006606806889239503,1.2567542936777576,125675.42936777575,25.67542936777576,-0.004539858701830268
2025-10-03,116802.347284229,111112.8391252106,16.802347284229,11.112839125210597,weekly,0.001763503147112417,1.2589705838298053,125897.05838298053,25.897058382980532,-0.0008736580445445341
2025-10-06,116607.60532467102,111174.48060690658,16.607605324671027,11.174480606906576,weekly,0.0004723562610916337,1.2595652664676074,125956.52664676073,25.956526646760736,-0.001667277790951327
2025-10-07,115135.98065306612,111236.15628512112,15.135980653066117,11.236156285121137,weekly,-0.01388615655436476,1.242074745986998,124207.4745986998,24.207474598699807,-0.012620314665646837
2025-10-08,115648.42092789564,111297.86617882526,15.648420927895646,11.297866178825268,weekly,0.003754654879063779,1.2467383079921799,124673.83079921799,24.67383079921799,0.004450739655170288
2025-10-09,115607.90851366622,111359.61030700056,15.607908513666224,11.359610307000544,weekly,6.236432178936184e-05,1.2468160599812066,124681.60599812066,24.68160599812066,-0.0003503066786764153
2025-10-10,114256.75578016294,111421.38868863902,14.256755780162944,11.421388688639023,weekly,-0.008858333396761746,1.235771347637456,123577.1347637456,23.57713476374561,-0.011687372869854773
2025-10-13,115520.40549290918,111483.20134274333,15.520405492909184,11.48320134274332,weekly,0.009835314699314006,1.247925547737866,124792.55477378659,24.79255477378659,0.011059737379359724
2025-10-14,116281.97706494256,111545.0482883266,16.281977064942545,11.545048288326589,weekly,0.004772705105487434,1.2538815283708225,125388.15283708225,25.388152837082245,0.006592528556178978
2025-10-15,116757.46380113944,111606.92954441252,16.757463801139426,11.606929544412536,weekly,0.00864580444551113,1.2647223428629553,126472.23428629553,26.472234286295524,0.004089083692921047
2025-10-16,117061.94744095214,111668.8451300354,17.06194744095213,11.668845130035413,weekly,-0.0005762262162429636,1.2639935766927295,126399.35766927295,26.39935766927295,0.00260783019688815
2025-10-17,118113.62936675502,111730.79506424004,18.113629366755024,11.73079506424004,weekly,0.0036006163122958568,1.2685447325836066,126854.47325836065,26.854473258360656,0.008983977704055901
2025-10-20,118967.66784370692,111792.77936608178,18.967667843706938,11.792779366081785,weekly,0.01484163838018901,1.287372014773706,128737.2014773706,28.7372014773706,0.0072306513780897586
2025-10-21,118081.44572732442,111854.79805462662,18.081445727324414,11.854798054626611,weekly,-0.008560998826869205,1.276350824465484,127635.0824465484,27.6350824465484,-0.007449268632774841
2025-10-22,119109.09619754743,111916.85114895109,19.10909619754744,11.916851148951068,weekly,0.0088019209873887,1.2875851635746176,128758.51635746176,28.75851635746176,0.008702895394726795
2025-10-23,119148.94833783888,111978.93866814223,19.148948337838867,11.978938668142236,weekly,0.0024792251489991865,1.29077737709363,129077.73770936299,29.077737709362992,0.0003345851959564161
2025-10-24,119055.3649466506,112041.06063129782,19.055364946650588,12.041060631297816,weekly,-0.00011189989747369383,1.2906329392374718,129063.29392374717,29.06329392374718,-0.0007854319529780884
2025-10-27,119688.30617841105,112103.21705752613,19.68830617841104,12.103217057526129,weekly,0.007331351874834403,1.3000950234562734,130009.50234562733,30.009502345627336,0.005316360434862055
2025-10-28,119723.52387903306,112165.40796594604,19.723523879033067,12.165407965946052,weekly,0.004839968701036822,1.3063874426781754,130638.74426781754,30.638744267817543,0.00029424512507936207
2025-10-29,121840.21498668712,112227.63337568707,21.840214986687133,12.227633375687086,weekly,0.02140117639981338,1.3343456707854322,133434.56707854322,33.43456707854322,0.017679826312101632
2025-10-30,122211.71198026986,112289.89330588936,22.21171198026985,12.289893305889365,weekly,-0.005119607003726571,1.327514345343887,132751.43453438868,32.75143453438869,0.003049050706479317
2025-10-31,123674.94217430592,112352.1877757036,23.67494217430593,12.352187775703616,weekly,0.012858279532565865,1.3445838958798098,134458.389587981,34.458389587980975,0.011972912991123907
2025-11-03,124795.20070304912,112414.51680429118,24.79520070304913,12.414516804291177,weekly,0.0068031747065004245,1.3537313350310272,135373.13350310273,35.373133503102714,0.009058088154707322
2025-11-04,124565.69997684554,112476.88041082406,24.565699976845544,12.476880410824066,weekly,-0.0002027970702552994,1.35345680228237,135345.680228237,35.34568022823701,-0.0018390188477654945
2025-11-05,125973.20908346394,112539.27861448488,25.973209083463946,12.539278614484871,weekly,0.018010721610014546,1.3778335359594582,137783.3535959458,37.783353595945826,0.01129933125154059
2025-11-06,125809.00078544483,112601.7114344669,25.80900078544484,12.601711434466887,weekly,0.0006021806735228739,1.3786632406861445,137866.32406861446,37.86632406861445,-0.0013035176226264822
2025-11-07,125437.28726570576,112664.17888997402,25.43728726570576,12.66417888997402,weekly,-0.0030795708548030437,1.3744175495515392,137441.7549551539,37.44175495515392,-0.0029545860583775063
2025-11-10,126255.29101246328,112726.68100022084,26.25529101246329,12.726681000220829,weekly,0.007421928542076782,1.3846183783912869,138461.83783912868,38.46183783912869,0.006521216813504482
2025-11-11,128460.94368257202,112789.21778443256,28.46094368257201,12.78921778443256,weekly,0.015922795086878917,1.406665373103938,140666.5373103938,40.6665373103938,0.017469784057533078
2025-11-12,127866.58786460756,112851.78926184509,27.86658786460756,12.851789261845092,weekly,0.002957664632865559,1.4108258175282442,141082.58175282442,41.082581752824424,-0.004626743358145613
2025-11-13,127996.61536197976,112914.395451705,27.99661536197975,12.914395451704983,weekly,0.00015370938439160847,1.4110426746961402,141104.26746961402,41.10426746961402,0.0010168997198070073
2025-11-14,128145.34542452887,112977.03637326948,28.145345424528863,12.97703637326948,weekly,-0.001147481446404164,1.4094235294068418,140942.35294068418,40.94235294068418,0.001161984339417943
2025-11-17,128022.03557991434,113039.71204580647,28.022035579914338,13.039712045806496,weekly,-0.0014846152720405443,1.407331077710311,140733.1077710311,40.733107771031094,-0.0009622654978690415
2025-11-18,126967.91082402576,113102.42248859466,26.967910824025743,13.102422488594655,weekly,-0.007161082834290023,1.3972530632875566,139725.30632875566,39.725306328755664,-0.008233932159519286
2025-11-19,125191.39907531004,113165.16772092326,25.19139907531005,13.165167720923264,weekly,-0.010479188013005906,1.3826109857356177,138261.09857356176,38.26109857356177,-0.013991816807775392
2025-11-21,125944.39253788527,113227.94776209231,25.944392537885275,13.22794776209233,weekly,0.004009026707661881,1.3881539101037383,138815.39101037383,38.81539101037384,0.0060147379783035415
2025-11-24,126300.92352755164,113290.76263141258,26.300923527551625,13.290762631412578,weekly,0.0020738303574866896,1.3910327058233753,139103.27058233754,39.10327058233754,0.0028308603700566426
2025-11-25,126836.17745462652,113353.61234820542,26.83617745462652,13.353612348205424,weekly,0.004686874107817563,1.3975523009954265,139755.23009954265,39.75523009954265,0.004237925678810317
2025-11-26,128893.27951610411,113416.49693180302,28.89327951610412,13.416496931803024,weekly,0.013554704840130289,1.4164957099340645,141649.57099340644,41.64957099340645,0.016218575037185046
2025-11-27,128589.19353706756,113479.41640154828,28.589193537067548,13.47941640154826,weekly,-0.0008249073729101814,1.4153272321792443,141532.72321792442,41.53272321792443,-0.002359207401488761
2025-11-28,130697.80058525813,113542.37077679472,30.69780058525813,13.54237077679472,weekly,0.011789927308125447,1.432013837363848,143201.3837363848,43.2013837363848,0.016398011296203663
2025-12-01,129958.7492944655,113605.36007690676,29.95874929446549,13.60536007690676,weekly,0.001102959410968456,1.4335932905024054,143359.32905024054,43.35932905024053,-0.005654657442460409
2025-12-02,131706.61454312198,113668.38432125944,31.70661454312198,13.668384321259431,weekly,0.006656532841036807,1.4431360513213247,144313.60513213248,44.31360513213247,0.013449384963655664
2025-12-03,131855.25116075535,113731.4435292386,31.855251160755337,13.731443529238586,weekly,0.006352151430217409,1.4523030700537238,145230.3070053724,45.23030700537238,0.001128543301708751
2025-12-04,133237.15397320827,113794.5377202408,33.23715397320828,13.794537720240818,weekly,0.006716708176825581,1.4620577659595826,146205.77659595825,46.205776595958255,0.010480453378137744
2025-12-05,126809.72430756936,113857.66691367349,26.80972430756936,13.857666913673471,weekly,-0.03670932051514841,1.4083866188173104,140838.66188173104,40.83866188173104,-0.048240520560288824
2025-12-08,127975.7208199392,113920.83112895464,27.9757208199392,13.920831128954658,weekly,0.0009934948157013482,1.4097858436216086,140978.58436216085,40.978584362160866,0.009194850936997456
2025-12-09,127699.89605772257,113984.03038551324,27.69989605772256,13.984030385513256,weekly,-0.0007379040675524362,1.4087455569132223,140874.55569132222,40.874555691322236,-0.00215528977253987
2025-12-10,129059.35665479596,114047.26470278892,29.059356654795955,14.04726470278892,weekly,0.008477234335933935,1.4206878231188813,142068.78231188812,42.06878231188813,0.010645745525578842
2025-12-11,129566.84956707404,114110.53410023214,29.56684956707405,14.11053410023213,weekly,0.009925777669659243,1.4347892545891516,143478.92545891515,43.478925458915164,0.00393224424351879
2025-12-12,130322.2894114083,114173.8385973041,30.32228941140831,14.1738385973041,weekly,0.010073307428177636,1.449242327845274,144924.23278452738,44.9242327845274,0.0058305025309979275
2025-12-15,131845.90316446146,114237.17821347687,31.84590316446145,14.237178213476875,weekly,0.012568201423217667,1.4674566973326861,146745.66973326862,46.74566973326861,0.011691121756181921
2025-12-16,130472.07885754509,114300.55296823329,30.47207885754508,14.300552968233273,weekly,-0.009515738161432558,1.4534927636376276,145349.27636376276,45.349276363762755,-0.010419924123108326
2025-12-17,130292.09007525604,114363.96288106695,30.29209007525604,14.36396288106696,weekly,-0.0016148700502539425,1.4511455617053683,145114.55617053685,45.11455617053684,-0.0013795195406181016
2025-12-18,130458.91905236852,114427.4079714824,30.458919052368504,14.427407971482388,weekly,-0.00012978017939424503,1.4509572317740431,145095.72317740432,45.09572317740431,0.0012804229099105946
2025-12-19,132867.10907411043,114490.88825899483,32.86710907411043,14.49088825899485,weekly,0.027993199302491306,1.491574166742485,149157.41667424852,49.15741667424851,0.01845937433204714
2025-12-22,133879.86835201937,114554.40376313044,33.87986835201937,14.55440376313044,weekly,0.005095081526289261,1.4991738587245451,149917.3858724545,49.91738587245451,0.007622347509224747
2025-12-23,135914.68323249018,114617.95450342612,35.91468323249016,14.617954503426112,weekly,0.013896172704639786,1.5200066375796628,152000.66375796628,52.00066375796628,0.015198811483146502
2025-12-26,137081.773150155,114681.54049942964,37.081773150154994,14.681540499429625,weekly,0.007616302432839794,1.5315834678313933,153158.34678313934,53.15834678313933,0.0085869303441517
2025-12-29,136737.30458442686,114745.16177069962,36.73730458442688,14.74516177069962,weekly,-0.0015801996717644102,1.5291632601382463,152916.32601382464,52.91632601382463,-0.0025128692007129194
2025-12-30,137063.03921648202,114808.81833680556,37.06303921648202,14.808818336805562,weekly,0.0008952263450727647,1.5305322073746395,153053.22073746394,53.053220737463946,0.0023821928700813455
