view_date,ticker,omega,omega_base,view_confidence,model_confidence,news_confidence,pred_abs_error,error_scale,sigma_ii,tau
2025-01-02,ABEV3,0.000326097578715779,0.00015837070129169907,0.32689591419536185,0.46699416313623127,0.0,0.041451917508776706,0.05443895523856565,0.006334828051667962,0.025
2025-01-02,BBAS3,0.0012563636199018956,0.00022031742067812603,0.14919770392094162,0.09165299584725488,0.28346868942621073,0.1289422699895972,0.0539564835082085,0.00881269682712504,0.025
2025-01-02,BBDC4,0.0004976510920137247,0.00011024745824588601,0.1813583174343868,0.25908331062055256,0.0,0.0697144797482209,0.05161720003163155,0.00440989832983544,0.025
2025-01-02,ITUB4,0.0008547637209063636,6.655801599794128e-05,0.07224188177908417,0.10320268825583452,0.0,0.09465261799683569,0.0416777197751394,0.002662320639917651,0.025
2025-01-02,VALE3,6.026664164952296e-05,8.89214763161998e-05,0.5960359144461509,0.7299932965975539,0.28346868942621073,0.019069454594917,0.0605918244161604,0.0035568590526479918,0.025
2025-01-03,ABEV3,0.00043370183796586097,0.00015837070129169907,0.2674853008556871,0.38212185836526735,0.0,0.052371130735628504,0.05443895523856565,0.006334828051667962,0.025
2025-01-03,BBAS3,0.0013101445240131357,0.00022031742067812603,0.14395485065299707,0.08416320546447692,0.28346868942621073,0.1335421587147252,0.0539564835082085,0.00881269682712504,0.025
2025-01-03,BBDC4,0.0007611028451108776,0.00011024745824588601,0.12652484060793004,0.18074977229704292,0.0,0.0882985336608779,0.05161720003163155,0.00440989832983544,0.025
2025-01-03,ITUB4,0.0012646023039608841,6.655801599794128e-05,0.05,0.07105890730024213,0.0,0.11020614654068189,0.0416777197751394,0.002662320639917651,0.025
2025-01-03,VALE3,0.00010310620083219308,8.89214763161998e-05,0.46306593735175017,0.5400361864626957,0.28346868942621073,0.0373317821262844,0.0605918244161604,0.0035568590526479918,0.025
2025-01-06,ABEV3,0.00020405861351892188,0.00015837070129169907,0.4369698995635936,0.3086414871404452,0.7364028618842733,0.0639970699851204,0.05443895523856565,0.006334828051667962,0.025
2025-01-06,BBAS3,0.0012699205039200874,0.00022031742067812603,0.1478404334244321,0.08971403799509843,0.28346868942621073,0.1300959893969953,0.0539564835082085,0.00881269682712504,0.025
2025-01-06,BBDC4,0.00048139067327232716,0.00011024745824588601,0.18634271926148174,0.26620388465925965,0.0,0.0683149915717509,0.05161720003163155,0.00440989832983544,0.025
2025-01-06,ITUB4,0.00048192835127147687,6.655801599794128e-05,0.12134853292579245,0.17335504703684637,0.0,0.0730365984728454,0.0416777197751394,0.002662320639917651,0.025
2025-01-06,VALE3,5.764286337030181e-05,8.89214763161998e-05,0.6067060821643326,0.5511217479986439,0.7364028618842733,0.036100580871430005,0.0605918244161604,0.0035568590526479918,0.025
2025-01-07,ABEV3,0.00035742721921618503,0.00015837070129169907,0.307040208955783,0.2300933495222294,0.486582880967408,0.0799855338298334,0.05443895523856565,0.006334828051667962,0.025
2025-01-07,BBAS3,0.002701327724291443,0.00022031742067812603,0.07540868577330967,0.10772669396187096,0.0,0.1202235634058117,0.0539564835082085,0.00881269682712504,0.025
2025-01-07,BBDC4,0.0003560773469553384,0.00011024745824588601,0.23641774363324505,0.21625305257911692,0.28346868942621073,0.0790417290044594,0.05161720003163155,0.00440989832983544,0.025
2025-01-07,ITUB4,0.000540263941959466,6.655801599794128e-05,0.10968293932866051,0.15668991332665788,0.0,0.0772490909964188,0.0416777197751394,0.002662320639917651,0.025
2025-01-07,VALE3,0.00011007548202384268,8.89214763161998e-05,0.4468484194831378,0.3674460740493865,0.6321205588285577,0.060663244507165,0.0605918244161604,0.0035568590526479918,0.025
2025-01-08,ABEV3,0.000609766668011731,0.00015837070129169907,0.20617497288969858,0.2945356755567123,0.0,0.0665437369598131,0.05443895523856565,0.006334828051667962,0.025
2025-01-08,BBAS3,0.0034925090119550845,0.00022031742067812603,0.05933954217242321,0.08477077453203316,0.0,0.1331540493276285,0.0539564835082085,0.00881269682712504,0.025
2025-01-08,BBDC4,0.000924765402093357,0.00011024745824588601,0.10651795979593001,0.15216851399418574,0.0,0.09718314678781491,0.05161720003163155,0.00440989832983544,0.025
2025-01-08,ITUB4,0.0007062457503058985,6.655801599794128e-05,0.08612537735973322,0.12303625337104745,0.0,0.08732633532304529,0.0416777197751394,0.002662320639917651,0.025
2025-01-08,VALE3,0.00011071341678258117,8.89214763161998e-05,0.445420512095552,0.24930300350696225,0.9030280321355949,0.0841672695992534,0.0605918244161604,0.0035568590526479918,0.025
2025-01-09,ABEV3,0.00020238976916942626,0.00015837070129169907,0.4389912816370072,0.356221591412057,0.6321205588285577,0.0660579224468769,0.0639970699851204,0.006334828051667962,0.025
2025-01-09,BBAS3,0.0005437304554745098,0.00022031742067812603,0.28835551744157023,0.4119364534879575,0.0,0.11538033515230861,0.1300959893969953,0.00881269682712504,0.025
2025-01-09,BBDC4,0.00016825225298196727,0.00011024745824588601,0.39586201996341586,0.4440305901936466,0.28346868942621073,0.064170962130756,0.0790417290044594,0.00440989832983544,0.025
2025-01-09,ITUB4,0.0001807479842874051,6.655801599794128e-05,0.26913223262333047,0.3844746180333293,0.0,0.0834732795409659,0.08732633532304529,0.002662320639917651,0.025
2025-01-09,VALE3,0.00031507904581267994,8.89214763161998e-05,0.22010237968908633,0.10589645056980564,0.486582880967408,0.0838208093847019,0.0373317821262844,0.0035568590526479918,0.025
2025-01-10,ABEV3,0.0003133352221675616,0.00015837070129169907,0.33574032763948725,0.4796290394849818,0.0,0.0477784526712136,0.06502749621599865,0.006334828051667962,0.025
2025-01-10,BBAS3,0.0005702895975021764,0.00022031742067812603,0.27866868825073016,0.3980981260724717,0.0,0.1192944694566033,0.12951912969329626,0.00881269682712504,0.025
2025-01-10,BBDC4,0.00033461633184647937,0.00011024745824588601,0.24782295323023648,0.3540327903289093,0.0,0.0772316755460089,0.07437810437634015,0.00440989832983544,0.025
2025-01-10,ITUB4,0.00026622846173518776,6.655801599794128e-05,0.2000021649056187,0.28571737843659817,0.0,0.1069847918598405,0.08539980743200559,0.002662320639917651,0.025
2025-01-10,VALE3,0.0003674865064587583,8.89214763161998e-05,0.19482892427857573,0.1568404535010179,0.28346868942621073,0.090769177647679,0.0489975133167247,0.0035568590526479918,0.025
2025-01-13,ABEV3,0.0002838348236327404,0.00015837070129169907,0.3581382238920696,0.39013945294886637,0.28346868942621073,0.0602373081753951,0.0639970699851204,0.006334828051667962,0.025
2025-01-13,BBAS3,0.000628242296856231,0.00022031742067812603,0.25963690725067406,0.370909867500963,0.0,0.12788445218711192,0.1289422699895972,0.00881269682712504,0.025
2025-01-13,BBDC4,0.00020834356918062317,0.00011024745824588601,0.34604696540399993,0.2858172873053965,0.486582880967408,0.09672514568723349,0.0772316755460089,0.00440989832983544,0.025
2025-01-13,ITUB4,0.0002532796050525101,6.655801599794128e-05,0.2080993967480842,0.29728485249726316,0.0,0.10593247733948881,0.08732633532304529,0.002662320639917651,0.025
2025-01-13,VALE3,0.0004899338137614611,8.89214763161998e-05,0.15361607268764849,0.21945153241092644,0.0,0.0920033252524256,0.060663244507165,0.0035568590526479918,0.025
2025-01-14,ABEV3,0.00014063910636732756,0.00015837070129169907,0.5296505239463443,0.7566436056376348,0.0,0.0173221816465908,0.06211718908025775,0.006334828051667962,0.025
2025-01-14,BBAS3,0.00030000667015789507,0.00022031742067812603,0.42342344811314636,0.4834040589789759,0.28346868942621073,0.09334398216737219,0.12841336108835455,0.00881269682712504,0.025
2025-01-14,BBDC4,9.31582628421884e-05,0.00011024745824588601,0.5420076566978616,0.565761132010913,0.486582880967408,0.044505362147883004,0.07813670227523414,0.00440989832983544,0.025
2025-01-14,ITUB4,0.00016214828264385418,6.655801599794128e-05,0.29101960196638843,0.4157422885234121,0.0,0.0798605273309696,0.09098947665994049,0.002662320639917651,0.025
2025-01-14,VALE3,8.385278739409248e-05,8.89214763161998e-05,0.5146685299455436,0.33644795044626286,0.9305165487771985,0.0786940939302733,0.07224202694593346,0.0035568590526479918,0.025
2025-01-15,ABEV3,0.00021233018690396604,0.00015837070129169907,0.42721964347737706,0.610313776396253,0.0,0.0297441025131629,0.0602373081753951,0.006334828051667962,0.025
2025-01-15,BBAS3,0.00020950902072847883,0.00022031742067812603,0.5125729816833473,0.6107605355078345,0.28346868942621073,0.0630534699303821,0.12788445218711192,0.00881269682712504,0.025
2025-01-15,BBDC4,5.8101432748211775e-05,0.00011024745824588601,0.6548748708404097,0.8140489485893523,0.28346868942621073,0.0158892418844851,0.0772316755460089,0.00440989832983544,0.025
2025-01-15,ITUB4,8.850606140680418e-05,6.655801599794128e-05,0.429229110390363,0.6131844434148043,0.0,0.0427103938388274,0.08732633532304529,0.002662320639917651,0.025
2025-01-15,VALE3,0.00010730137851621815,8.89214763161998e-05,0.4531657456117548,0.5258930554055595,0.28346868942621073,0.0505733420866809,0.0786940939302733,0.0035568590526479918,0.025
2025-01-16,ABEV3,0.0001187404263519326,0.00015837070129169907,0.5715061052884377,0.8164372932691968,0.0,0.011418786739059,0.0563042194555118,0.006334828051667962,0.025
2025-01-16,BBAS3,0.0005291007324393493,0.00022031742067812603,0.2939846329604323,0.4199780470863319,0.0,0.1076234065182837,0.12405400779646181,0.00881269682712504,0.025
2025-01-16,BBDC4,0.00016435424621196346,0.00011024745824588601,0.40148133262154845,0.5735447608879264,0.0,0.0408451016615753,0.0734730776471149,0.00440989832983544,0.025
2025-01-16,ITUB4,0.00015448571844076879,6.655801599794128e-05,0.30110790593974585,0.43015415134249413,0.0,0.07204427186327679,0.08539980743200559,0.002662320639917651,0.025
2025-01-16,VALE3,6.519907470664007e-05,8.89214763161998e-05,0.5769605398245825,0.39968801227147305,0.9905964374485048,0.0639002872443892,0.06967866921871915,0.0035568590526479918,0.025
2025-01-17,ABEV3,0.00010429632259635606,0.00015837070129169907,0.6029333219962715,0.8613333171375308,0.0,0.0078176335867376,0.052371130735628504,0.006334828051667962,0.025
2025-01-17,BBAS3,0.00041916279273541404,0.00022031742067812603,0.344525782122442,0.370693107563684,0.28346868942621073,0.11930755146644821,0.1202235634058117,0.00881269682712504,0.025
2025-01-17,BBDC4,0.00015197636568547418,0.00011024745824588601,0.4204326540320167,0.4791314960059336,0.28346868942621073,0.051294533664678496,0.0697144797482209,0.00440989832983544,0.025
2025-01-17,ITUB4,0.0001454114963714785,6.655801599794128e-05,0.3139980615794605,0.44856865939922924,0.0,0.0669199875071552,0.0834732795409659,0.002662320639917651,0.025
2025-01-17,VALE3,3.850910516410337e-05,8.89214763161998e-05,0.6978032689111154,0.6812605862083335,0.7364028618842733,0.0245255944071789,0.0639002872443892,0.0035568590526479918,0.025
2025-01-20,ABEV3,6.367812697867079e-05,0.00015837070129169907,0.7132246656076231,0.8103568590248581,0.486582880967408,0.0105297553233668,0.05007479170342105,0.006334828051667962,0.025
2025-01-20,BBAS3,0.0006813451168617115,0.00022031742067812603,0.24434576297165048,0.3490653756737864,0.0,0.12605277630421932,0.11976555743612996,0.00881269682712504,0.025
2025-01-20,BBDC4,9.940974823186615e-05,0.00011024745824588601,0.5258462616098291,0.629722363974237,0.28346868942621073,0.0319176760623175,0.06901473565998589,0.00440989832983544,0.025
2025-01-20,ITUB4,0.00012152787392149624,6.655801599794128e-05,0.35387033033924,0.5055290433417714,0.0,0.055709060823814,0.08166690343596775,0.002662320639917651,0.025
2025-01-20,VALE3,5.430102150128051e-05,8.89214763161998e-05,0.6208624878859426,0.5713451847438008,0.7364028618842733,0.0348629487202413,0.062281765875777106,0.0035568590526479918,0.025
2025-01-21,ABEV3,9.568926808196111e-05,0.00015837070129169907,0.6233595228801057,0.6819780836998333,0.486582880967408,0.0182875733770067,0.0477784526712136,0.006334828051667962,0.025
2025-01-21,BBAS3,0.0003333560406929311,0.00022031742067812603,0.3979194164960621,0.4469697280974271,0.28346868942621073,0.096811756738538,0.1202235634058117,0.00881269682712504,0.025
2025-01-21,BBDC4,8.718442531868951e-05,0.00011024745824588601,0.5584075695141031,0.7977250993058616,0.0,0.015438588833856699,0.0683149915717509,0.00440989832983544,0.025
2025-01-21,ITUB4,6.994978621467303e-05,6.655801599794128e-05,0.48757664337951545,0.5750514807880747,0.28346868942621073,0.044186487201483,0.0798605273309696,0.002662320639917651,0.025
2025-01-21,VALE3,8.397333722348139e-05,8.89214763161998e-05,0.5143096805260233,0.5261925946225728,0.486582880967408,0.038951140355657096,0.060663244507165,0.0035568590526479918,0.025
2025-01-22,ABEV3,6.110755018782764e-05,0.00015837070129169907,0.7215781072799012,0.8222903471281126,0.486582880967408,0.0087294841179783,0.04461518508999515,0.006334828051667962,0.025
2025-01-22,BBAS3,0.00017859180295885438,0.00022031742067812603,0.5522996401773392,0.6675129047849658,0.28346868942621073,0.048408825829142604,0.11976555743612996,0.00881269682712504,0.025
2025-01-22,BBDC4,0.00010943760917449197,0.00011024745824588601,0.5018432046404054,0.7169188637720078,0.0,0.022045172862018597,0.06624297685125345,0.00440989832983544,0.025
2025-01-22,ITUB4,0.00010231070506742082,6.655801599794128e-05,0.39414058197420365,0.5630579742488624,0.0,0.045119736450438,0.0785548091636942,0.002662320639917651,0.025
2025-01-22,VALE3,0.00020923002182496827,8.89214763161998e-05,0.2982425943541544,0.1551520381508387,0.6321205588285577,0.1036363329951587,0.05561829329692295,0.0035568590526479918,0.025
2025-01-23,ABEV3,0.00015991977741308392,0.00015837070129169907,0.4975665685513301,0.7108093836447573,0.0,0.0132312001410883,0.03876127759218825,0.006334828051667962,0.025
2025-01-23,BBAS3,5.807664268485659e-05,0.00022031742067812603,0.7913869211746313,0.7829280028941427,0.8111243971624382,0.029194691603837704,0.11930101046152575,0.00881269682712504,0.025
2025-01-23,BBDC4,0.00010277470220880701,0.00011024745824588601,0.5175398559969735,0.7393426514242479,0.0,0.0174349317171351,0.05773274789771725,0.00440989832983544,0.025
2025-01-23,ITUB4,0.00010469909161428648,6.655801599794128e-05,0.38864381704172285,0.5552054529167469,0.0,0.0442153308997561,0.07514284473463209,0.002662320639917651,0.025
2025-01-23,VALE3,0.00026348970530216053,8.89214763161998e-05,0.25232308438072293,0.15192602870071512,0.486582880967408,0.11736136362898171,0.062281765875777106,0.0035568590526479918,0.025
2025-01-24,ABEV3,0.00039611686940248876,0.00015837070129169907,0.2856163233621769,0.40802331908882417,0.0,0.0215285404621459,0.0240158379450848,0.006334828051667962,0.025
2025-01-24,BBAS3,0.00012292700898970733,0.00022031742067812603,0.641867432171683,0.795466893348314,0.28346868942621073,0.0268498542259117,0.11733740230445595,0.00881269682712504,0.025
2025-01-24,BBDC4,3.1440959591519916e-05,0.00011024745824588601,0.778097884983091,0.9900818259360398,0.28346868942621073,0.0004774516788676013,0.04789994790628075,0.00440989832983544,0.025
2025-01-24,ITUB4,7.154232858168908e-05,6.655801599794128e-05,0.4819540182940174,0.5670191592373631,0.28346868942621073,0.041156699818344404,0.0725404351680611,0.002662320639917651,0.025
2025-01-24,VALE3,0.00023138846722545623,8.89214763161998e-05,0.2776107270757757,0.2751001717827322,0.28346868942621073,0.09201757916146511,0.07129719058733125,0.0035568590526479918,0.025
2025-01-27,ABEV3,0.00012122088205788876,0.00015837070129169907,0.5664358683275525,0.8091940976107894,0.0,0.0042148634921615,0.0199080569195763,0.006334828051667962,0.025
2025-01-27,BBAS3,0.00010706375329966788,0.00022031742067812603,0.6729691203718087,0.9613844576740125,0.0,0.004391042910151698,0.11150187083529615,0.00881269682712504,0.025
2025-01-27,BBDC4,7.44878991441115e-05,0.00011024745824588601,0.5967859093326731,0.8525512990466759,0.0,0.006807633939826002,0.042675231904729154,0.00440989832983544,0.025
2025-01-27,ITUB4,7.470867220821454e-05,6.655801599794128e-05,0.4711515279583156,0.6730736113690223,0.0,0.0275080152582915,0.069482129685216,0.002662320639917651,0.025
2025-01-27,VALE3,0.00010590239762751809,8.89214763161998e-05,0.4564198140413124,0.4434927853587,0.486582880967408,0.0660683005182508,0.0812574516574876,0.0035568590526479918,0.025
2025-01-28,ABEV3,0.003009043324542282,0.00015837070129169907,0.05,0.03443989780214733,0.0,0.059976434381311006,0.017804877511798753,0.006334828051667962,0.025
2025-01-28,BBAS3,2.833580669044157e-05,0.00022031742067812603,0.8860428758946263,0.950174310470492,0.7364028618842733,0.0052243228636095,0.10221758162841085,0.00881269682712504,0.025
2025-01-28,BBDC4,0.00038080776904787696,0.00011024745824588601,0.2245113219819833,0.32073045997426186,0.0,0.0413712490422077,0.036381388861946404,0.00440989832983544,0.025
2025-01-28,ITUB4,7.240443174413395e-05,6.655801599794128e-05,0.4789640444552184,0.6842343492217406,0.0,0.023266090762917,0.061314524165484593,0.002662320639917651,0.025
2025-01-28,VALE3,9.181704116012014e-05,8.89214763161998e-05,0.49198962986874195,0.3552175867428722,0.8111243971624382,0.084103474145119,0.0812574516574876,0.0035568590526479918,0.025
2025-01-29,ABEV3,0.003009043324542282,0.00015837070129169907,0.05,0.0010008823258779995,0.0,0.1229760338460402,0.017804877511798753,0.006334828051667962,0.025
2025-01-29,BBAS3,0.0001099275842510662,0.00022031742067812603,0.6671332416530092,0.9530474880757276,0.0,0.004572346700095098,0.0950778694529551,0.00881269682712504,0.025
2025-01-29,BBDC4,0.0019644988605327564,0.00011024745824588601,0.0531378015943589,0.07591114513479844,0.0,0.09379819718640921,0.036381388861946404,0.00440989832983544,0.025
2025-01-29,ITUB4,8.880927952875394e-05,6.655801599794128e-05,0.4283914177196016,0.6119877395994309,0.0,0.0247556390626414,0.050414398637126004,0.002662320639917651,0.025
2025-01-29,VALE3,8.028711628305534e-05,8.89214763161998e-05,0.5255139526323986,0.40310947640523875,0.8111243971624382,0.07382622208244549,0.0812574516574876,0.0035568590526479918,0.025
2025-01-30,ABEV3,0.0016591199968720716,0.00015837070129169907,0.08713700788218756,0.002994858649034777,0.28346868942621073,0.10346161927598489,0.017804877511798753,0.006334828051667962,0.025
2025-01-30,BBAS3,0.00021975491552085643,0.00022031742067812603,0.5006391053367818,0.7151987219096883,0.0,0.026211809635336702,0.07819872604887715,0.00881269682712504,0.025
2025-01-30,BBDC4,0.002094701706671834,0.00011024745824588601,0.05,0.060387648666362946,0.0,0.102121492096255,0.036381388861946404,0.00440989832983544,0.025
2025-01-30,ITUB4,9.643212009618786e-05,6.655801599794128e-05,0.4083560980616831,0.583365854373833,0.0,0.0240731541857841,0.04466753367509705,0.002662320639917651,0.025
2025-01-30,VALE3,2.3762778805024892e-05,8.89214763161998e-05,0.7891206825704167,0.8564064498883563,0.6321205588285577,0.0118211016504782,0.0762601580063594,0.0035568590526479918,0.025
2025-01-31,ABEV3,0.0017001378587016465,0.00015837070129169907,0.08521386702263353,0.0002475145639575958,0.28346868942621073,0.14785243523336888,0.017804877511798753,0.006334828051667962,0.025
2025-01-31,BBAS3,0.00011343301673599818,0.00022031742067812603,0.6601262379912682,0.8215509016620073,0.28346868942621073,0.0109545914238202,0.055731147879762355,0.00881269682712504,0.025
2025-01-31,BBDC4,0.001329759094831392,0.00011024745824588601,0.07656038648594231,0.1093719806942033,0.0,0.0805120331889589,0.036381388861946404,0.00440989832983544,0.025
2025-01-31,ITUB4,3.4594687134728024e-05,6.655801599794128e-05,0.657995426090052,0.9399934658429315,0.0,0.0027352563440072994,0.04420090905061955,0.002662320639917651,0.025
2025-01-31,VALE3,8.670346643269112e-05,8.89214763161998e-05,0.5063146209439054,0.6018200201657746,0.28346868942621073,0.035518998828398596,0.06994726130034815,0.0035568590526479918,0.025
2025-02-03,ABEV3,0.003009043324542282,0.00015837070129169907,0.05,0.0001276586425937557,0.0,0.1596412151647631,0.017804877511798753,0.006334828051667962,0.025
2025-02-03,BBAS3,0.0001305582527909065,0.00022031742067812603,0.6279073681566321,0.7755239447553841,0.28346868942621073,0.0098640442024057,0.03880175871649015,0.00881269682712504,0.025
2025-02-03,BBDC4,0.0012352062426327175,0.00011024745824588601,0.08194072986227069,0.11705818551752957,0.0,0.0780411408096644,0.036381388861946404,0.00440989832983544,0.025
2025-02-03,ITUB4,3.5476102365386645e-05,6.655801599794128e-05,0.6523113745241405,0.8103868109946818,0.28346868942621073,0.009134756586962299,0.0434484405201552,0.002662320639917651,0.025
2025-02-03,VALE3,0.00016769607210724718,8.89214763161998e-05,0.3465136225581489,0.49501946079735554,0.0,0.0456942392726893,0.06498429388132,0.0035568590526479918,0.025
2025-02-04,ABEV3,0.0017028682241773201,0.00015837070129169907,0.08508886157739838,6.893535647881537e-05,0.28346868942621073,0.1907657971205978,0.0199080569195763,0.006334828051667962,0.025
2025-02-04,BBAS3,9.6225724525629e-05,0.00022031742067812603,0.6960107145467022,0.8728144395983415,0.28346868942621073,0.0038119342528110008,0.0280222729148747,0.00881269682712504,0.025
2025-02-04,BBDC4,0.0009465561436159482,0.00011024745824588601,0.10432161477464351,0.14903087824949074,0.0,0.0692556757936615,0.036381388861946404,0.00440989832983544,0.025
2025-02-04,ITUB4,5.37317829511275e-05,6.655801599794128e-05,0.5533138851293802,0.790448407327686,0.0,0.00986087860584,0.0419335468285859,0.002662320639917651,0.025
2025-02-04,VALE3,0.00029759906586725594,8.89214763161998e-05,0.23005627544109844,0.3286518220587121,0.0,0.0636906307024062,0.057236814665535055,0.0035568590526479918,0.025
2025-02-05,ABEV3,0.003009043324542282,0.00015837070129169907,0.05,4.410232073172373e-05,0.0,0.1996578660681661,0.0199080569195763,0.006334828051667962,0.025
2025-02-05,BBAS3,0.0002245903744188906,0.00022031742067812603,0.49519793338321616,0.7074256191188802,0.0,0.0091829254886977,0.0265308319306242,0.00881269682712504,0.025
2025-02-05,BBDC4,0.001813805863034534,0.00011024745824588601,0.057299585737321704,0.08185655105331673,0.0,0.102885004441683,0.0411081753518915,0.00440989832983544,0.025
2025-02-05,ITUB4,8.331109372349833e-06,6.655801599794128e-05,0.8887540837049911,0.8990780981085357,0.8646647167633873,0.003652460768525499,0.034332357538317954,0.002662320639917651,0.025
2025-02-05,VALE3,8.603382012082701e-05,8.89214763161998e-05,0.50825255437869,0.5175395572692395,0.486582880967408,0.042020111427752194,0.0637954589733977,0.0035568590526479918,0.025
2025-02-06,ABEV3,0.003009043324542282,0.00015837070129169907,0.05,0.013332282501920258,0.0,0.17595159196646779,0.040752487421728455,0.006334828051667962,0.025
2025-02-06,BBAS3,0.00044323714243683335,0.00022031742067812603,0.33202608033298464,0.203414160977739,0.6321205588285577,0.0295939545378436,0.01858320052957845,0.00881269682712504,0.025
2025-02-06,BBDC4,0.0007088932328702846,0.00011024745824588601,0.13458916086278358,0.07078364862131481,0.28346868942621073,0.1226953924716335,0.046332891353443095,0.00440989832983544,0.025
2025-02-06,ITUB4,2.1339840841971405e-05,6.655801599794128e-05,0.757220009575007,0.7661416442996073,0.7364028618842733,0.006961210716361154,0.02613182716046645,0.002662320639917651,0.025
2025-02-06,VALE3,5.3761283045899756e-05,8.89214763161998e-05,0.6232110782952784,0.5426767987807815,0.8111243971624382,0.0334302778124425,0.05469243498754775,0.0035568590526479918,0.025
2025-02-07,ABEV3,0.002155601974925595,0.00015837070129169907,0.06844104207427004,0.09777291724895722,0.0,0.1900055352499385,0.08171902682864796,0.006334828051667962,0.025
2025-02-07,BBAS3,0.0003047516351746521,0.00022031742067812603,0.41959703818444005,0.3908888198488824,0.486582880967408,0.0174557969202194,0.01858320052957845,0.00881269682712504,0.025
2025-02-07,BBDC4,0.00021041661460625318,0.00011024745824588601,0.3438098233621638,0.10414487674497903,0.9030280321355949,0.125117520005801,0.0553134624179346,0.00440989832983544,0.025
2025-02-07,ITUB4,2.9495424876659908e-05,6.655801599794128e-05,0.6929269310074325,0.8684090345422419,0.28346868942621073,0.0034446867265701996,0.02441439662421275,0.002662320639917651,0.025
2025-02-07,VALE3,5.7459786306018635e-05,8.89214763161998e-05,0.6074648812511533,0.5968981622894085,0.6321205588285577,0.028221775699874198,0.05469243498754775,0.0035568590526479918,0.025
2025-02-10,ABEV3,0.0011860652840539978,0.00015837070129169907,0.11779713055729983,0.1682816150818569,0.0,0.20176913017539638,0.11321882656101254,0.006334828051667962,0.025
2025-02-10,BBAS3,0.00011276156177688116,0.00022031742067812603,0.6614569885324026,0.8234519738636278,0.28346868942621073,0.002759359686686901,0.0142051941720198,0.00881269682712504,0.025
2025-02-10,BBDC4,0.00018097513687506667,0.00011024745824588601,0.378567666427453,0.41932437085655677,0.28346868942621073,0.0640086052412362,0.07364840830166294,0.00440989832983544,0.025
2025-02-10,ITUB4,7.060920595738563e-05,6.655801599794128e-05,0.4852326601731288,0.6931895145330412,0.0,0.0086737768837821,0.02366962247435055,0.002662320639917651,0.025
2025-02-10,VALE3,6.36570156569486e-05,8.89214763161998e-05,0.5827916842424206,0.5616507379912189,0.6321205588285577,0.0315507030782228,0.05469243498754775,0.0035568590526479918,0.025
2025-02-11,ABEV3,0.0010510051544521683,0.00015837070129169907,0.13095242520307124,0.18707489314724465,0.0,0.2269876020573015,0.13541423453970453,0.006334828051667962,0.025
2025-02-11,BBAS3,0.00018911735382318322,0.00022031742067812603,0.5381013885458855,0.7687162693512651,0.0,0.002737997611629999,0.01040931781311295,0.00881269682712504,0.025
2025-02-11,BBDC4,0.00018203721771227054,0.00011024745824588601,0.3771920573135658,0.5388457961622369,0.0,0.045538714035961894,0.07364840830166294,0.00440989832983544,0.025
2025-02-11,ITUB4,0.0005227015203414447,6.655801599794128e-05,0.11295195392409733,0.16135993417728192,0.0,0.0302137471311791,0.0165634846843785,0.002662320639917651,0.025
2025-02-11,VALE3,0.0002218074340722905,8.89214763161998e-05,0.2861705922536313,0.2873285506082401,0.28346868942621073,0.0682085186000212,0.05469243498754775,0.0035568590526479918,0.025
2025-02-12,ABEV3,0.0005063454217686965,0.00015837070129169907,0.23825313663605785,0.2188750425831352,0.28346868942621073,0.23358052434511278,0.153746825199066,0.006334828051667962,0.025
2025-02-12,BBAS3,0.004186030992884394,0.00022031742067812603,0.05,0.015219838919676867,0.0,0.039857265076416196,0.0095234848455517,0.00881269682712504,0.025
2025-02-12,BBDC4,3.9238758761530216e-05,0.00011024745824588601,0.7375091861506969,0.9320979704611911,0.28346868942621073,0.0051787609992721,0.07364840830166294,0.00440989832983544,0.025
2025-02-12,ITUB4,0.0012646023039608841,6.655801599794128e-05,0.05,0.0049608954281897665,0.0,0.0878886493727108,0.0165634846843785,0.002662320639917651,0.025
2025-02-12,VALE3,0.00015954750653779745,8.89214763161998e-05,0.35787757206077875,0.1956524478507097,0.7364028618842733,0.0892260817428722,0.05469243498754775,0.0035568590526479918,0.025
2025-02-13,ABEV3,0.0007217545465724396,0.00015837070129169907,0.1799410955156988,0.25705870787956975,0.0,0.2279431561179171,0.16779640356561543,0.006334828051667962,0.025
2025-02-13,BBAS3,0.004186030992884394,0.00022031742067812603,0.05,0.00741044704929148,0.0,0.046711402839567095,0.0095234848455517,0.00881269682712504,0.025
2025-02-13,BBDC4,4.622839431145163e-05,0.00011024745824588601,0.7045653143540975,0.8850352964660491,0.28346868942621073,0.0089945145263658,0.07364840830166294,0.00440989832983544,0.025
2025-02-13,ITUB4,0.0012646023039608841,6.655801599794128e-05,0.05,0.004950819089789856,0.0,0.0879223265602358,0.0165634846843785,0.002662320639917651,0.025
2025-02-13,VALE3,0.00015406805435799636,8.89214763161998e-05,0.36594776766504805,0.175157783594738,0.8111243971624382,0.0952779457962913,0.05469243498754775,0.0035568590526479918,0.025
2025-02-14,ABEV3,0.0006108506727425863,0.00015837070129169907,0.20588442630123832,0.29412060900176906,0.0,0.2239228279614788,0.18297856360820314,0.006334828051667962,0.025
2025-02-14,BBAS3,0.00010462784250586653,0.00022031742067812603,0.678013947701021,0.8471047726759398,0.28346868942621073,0.001580240348944599,0.0095234848455517,0.00881269682712504,0.025
2025-02-14,BBDC4,9.966679773010225e-05,0.00011024745824588601,0.5252023390850454,0.7502890558357793,0.0,0.021158947531808,0.07364840830166294,0.00440989832983544,0.025
2025-02-14,ITUB4,0.0006018300988075299,6.655801599794128e-05,0.09957989156840773,0.020770406772206443,0.28346868942621073,0.0641706839536855,0.0165634846843785,0.002662320639917651,0.025
2025-02-14,VALE3,0.0001377695420705557,8.89214763161998e-05,0.3922584888850412,0.24476804331394184,0.7364028618842733,0.0769765547214334,0.05469243498754775,0.0035568590526479918,0.025
2025-02-17,ABEV3,0.0005629882651806271,0.00015837070129169907,0.21954492652414367,0.3136356093202053,0.0,0.2207566438810268,0.19038566618526814,0.006334828051667962,0.025
2025-02-17,BBAS3,0.0011164244719854416,0.00022031742067812603,0.16481672481972232,0.11396588284551298,0.28346868942621073,0.020683639118517998,0.0095234848455517,0.00881269682712504,0.025
2025-02-17,BBDC4,8.454713929980864e-05,0.00011024745824588601,0.5659677405582273,0.6870387624719487,0.28346868942621073,0.027645002784817803,0.07364840830166294,0.00440989832983544,0.025
2025-02-17,ITUB4,0.0012646023039608841,6.655801599794128e-05,0.05,0.04113692871330178,0.0,0.0528515794039251,0.0165634846843785,0.002662320639917651,0.025
2025-02-17,VALE3,0.00026757578857974267,8.89214763161998e-05,0.24943101973630846,0.23484344701206464,0.28346868942621073,0.0792403780224148,0.05469243498754775,0.0035568590526479918,0.025
2025-02-18,ABEV3,0.0005760449720523544,0.00015837070129169907,0.21564177759249262,0.3080596822749895,0.0,0.2298544631241829,0.19521183159438193,0.006334828051667962,0.025
2025-02-18,BBAS3,0.0037327802076584883,0.00022031742067812603,0.055732855950443916,0.07961836564349131,0.0,0.0263408879050456,0.01040931781311295,0.00881269682712504,0.025
2025-02-18,BBDC4,9.523337797640697e-05,0.00011024745824588601,0.5365340158856384,0.7664771655509122,0.0,0.019586821559571,0.07364840830166294,0.00440989832983544,0.025
2025-02-18,ITUB4,0.0012646023039608841,6.655801599794128e-05,0.05,0.03536299169299127,0.0,0.056705286292333096,0.01696701639581205,0.002662320639917651,0.025
2025-02-18,VALE3,0.0001892809403947892,8.89214763161998e-05,0.31962869829623375,0.24807690572287341,0.486582880967408,0.07624215554908731,0.05469243498754775,0.0035568590526479918,0.025
2025-02-19,ABEV3,0.0005419781519110983,0.00015837070129169907,0.22613116387275684,0.3230445198182241,0.0,0.2267992546006577,0.20071349812178124,0.006334828051667962,0.025
2025-02-19,BBAS3,7.588695998804167e-05,0.00022031742067812603,0.743802033523708,0.6347640922677548,0.9982238964542656,0.0064562871352783,0.0142051941720198,0.00881269682712504,0.025
2025-02-19,BBDC4,8.19779648455049e-05,0.00011024745824588601,0.5735321398849016,0.8193316284070024,0.0,0.013277543993085804,0.06663214051744884,0.00440989832983544,0.025
2025-02-19,ITUB4,0.0006090260324741524,6.655801599794128e-05,0.09851922369758348,0.019255166956743237,0.28346868942621073,0.0670193048560775,0.01696701639581205,0.002662320639917651,0.025
2025-02-19,VALE3,9.537415671532168e-05,8.89214763161998e-05,0.4824936698363921,0.2685548021471605,0.9816843611112658,0.0719041596482695,0.05469243498754775,0.0035568590526479918,0.025
2025-02-20,ABEV3,0.0005016080508518948,0.00015837070129169907,0.23996333333052788,0.34280476190075415,0.0,0.22617682177327192,0.2112628870282116,0.006334828051667962,0.025
2025-02-20,BBAS3,0.00041153604994272465,0.00022031742067812603,0.3486843562980593,0.07009449491208751,0.9987273661986602,0.027667040525634304,0.01040931781311295,0.00881269682712504,0.025
2025-02-20,BBDC4,0.00017352779940437623,0.00011024745824588601,0.38850271570102873,0.5550038795728982,0.0,0.0322496449095243,0.054773659638599044,0.00440989832983544,0.025
2025-02-20,ITUB4,0.0006026915613304289,6.655801599794128e-05,0.09945171166732661,0.02058729262780486,0.28346868942621073,0.0778065140253787,0.02003731286850955,0.002662320639917651,0.025
2025-02-20,VALE3,4.055130746004846e-05,8.89214763161998e-05,0.6867966666251013,0.5529574731639538,0.9990881180344455,0.039073420325804506,0.0659495746512137,0.0035568590526479918,0.025
2025-02-21,ABEV3,0.00040449804281109017,0.00015837070129169907,0.28136346697335524,0.4019478099619361,0.0,0.2026477780342843,0.2223397359212528,0.006334828051667962,0.025
2025-02-21,BBAS3,0.0009853837052009858,0.00022031742067812603,0.18272971298545165,0.052506926707470404,0.486582880967408,0.0402531929790274,0.013659920561312551,0.00881269682712504,0.025
2025-02-21,BBDC4,0.0005561317214829198,0.00011024745824588601,0.1654425312188671,0.23634647316981017,0.0,0.0561031598114301,0.038894179472743096,0.00440989832983544,0.025
2025-02-21,ITUB4,0.0004465329418978072,6.655801599794128e-05,0.1297197211794653,0.18531388739923615,0.0,0.07001178503228771,0.0415326632675521,0.002662320639917651,0.025
2025-02-21,VALE3,6.344886030371049e-05,8.89214763161998e-05,0.5835878445160592,0.5627881098107027,0.6321205588285577,0.0379112502168989,0.0659495746512137,0.0035568590526479918,0.025
2025-02-24,ABEV3,0.0004413160876163061,0.00015837070129169907,0.264089028174329,0.3772700402490414,0.0,0.21673545405867542,0.2223397359212528,0.006334828051667962,0.025
2025-02-24,BBAS3,0.0011420899996274151,0.00022031742067812603,0.16171184727452262,0.10953034349522772,0.28346868942621073,0.0421737046535927,0.0190697180193687,0.00881269682712504,0.025
2025-02-24,BBDC4,0.0007555966215007789,0.00011024745824588601,0.1273294589923662,0.18189922713195172,0.0,0.06628744506779269,0.038894179472743096,0.00440989832983544,0.025
2025-02-24,ITUB4,0.00031964218437880305,6.655801599794128e-05,0.172340708091329,0.24620101155904145,0.0,0.0767778325489542,0.0547784328481291,0.002662320639917651,0.025
2025-02-24,VALE3,8.048194882428274e-05,8.89214763161998e-05,0.5249095538797942,0.4342695647350175,0.7364028618842733,0.055007868902273806,0.0659495746512137,0.0035568590526479918,0.025
2025-02-25,ABEV3,0.0004210172461039806,0.00015837070129169907,0.27334138033690136,0.3904876861955734,0.0,0.2090791369638233,0.2223397359212528,0.006334828051667962,0.025
2025-02-25,BBAS3,0.00046328860071355064,0.00022031742067812603,0.32228712706422125,0.3389236003376544,0.28346868942621073,0.0254398121527074,0.0235122635117818,0.00881269682712504,0.025
2025-02-25,BBDC4,0.0003814373843537603,0.00011024745824588601,0.22422382935984636,0.32031975622835196,0.0,0.0442785163618554,0.038894179472743096,0.00440989832983544,0.025
2025-02-25,ITUB4,0.00016156772084700486,6.655801599794128e-05,0.2917602236313206,0.4168003194733152,0.0,0.0528921831372457,0.0604379851230093,0.002662320639917651,0.025
2025-02-25,VALE3,8.103214939037426e-05,8.89214763161998e-05,0.5232102342419176,0.39981845013312317,0.8111243971624382,0.0564789856877517,0.0616081937511475,0.0035568590526479918,0.025
2025-02-26,ABEV3,8.933402120586264e-05,0.00015837070129169907,0.6393527733136295,0.48533509064861646,0.9987273661986602,0.1607328898463922,0.2223397359212528,0.006334828051667962,0.025
2025-02-26,BBAS3,6.784398595061562e-05,0.00022031742067812603,0.7645625528264313,0.7052202045510755,0.9030280321355949,0.0090420799058459,0.0258903500288765,0.00881269682712504,0.025
2025-02-26,BBDC4,0.0003330116357575722,0.00011024745824588601,0.2487201272062923,0.35531446743756046,0.0,0.03959383617949069,0.03826408063568985,0.00440989832983544,0.025
2025-02-26,ITUB4,0.00013852135540916608,6.655801599794128e-05,0.32454759121440624,0.46363941602058034,0.0,0.0464555454252743,0.0604379851230093,0.002662320639917651,0.025
2025-02-26,VALE3,7.356307504464132e-05,8.89214763161998e-05,0.547261112342462,0.4662003625388286,0.7364028618842733,0.047576996967171395,0.06234375214388645,0.0035568590526479918,0.025
2025-02-27,ABEV3,0.00010434419882207927,0.00015837070129169907,0.602823445579641,0.5902675399015338,0.6321205588285577,0.11721292577829069,0.2223397359212528,0.006334828051667962,0.025
2025-02-27,BBAS3,0.00010480227992175119,0.00022031742067812603,0.6776501709112648,0.7595361523157748,0.486582880967408,0.006343066705306301,0.0230617256356127,0.00881269682712504,0.025
2025-02-27,BBDC4,0.0006137096681703263,0.00011024745824588601,0.1522845127468271,0.21754930392403876,0.0,0.0547925002224313,0.035921740544507495,0.00440989832983544,0.025
2025-02-27,ITUB4,0.00014249407340977116,6.655801599794128e-05,0.3183800563128253,0.45482865187546473,0.0,0.0476151310138657,0.0604379851230093,0.002662320639917651,0.025
2025-02-27,VALE3,0.00011227774713775998,8.89214763161998e-05,0.44195735346139453,0.36045883687546754,0.6321205588285577,0.0636141627138582,0.06234375214388645,0.0035568590526479918,0.025
2025-02-28,ABEV3,0.00017465317732483058,0.00015837070129169907,0.47555359078037696,0.5578756913607339,0.28346868942621073,0.1297617202985962,0.2223397359212528,0.006334828051667962,0.025
2025-02-28,BBAS3,0.00032861387390033806,0.00022031742067812603,0.4013570056108978,0.45188056969004947,0.28346868942621073,0.018318790267968003,0.0230617256356127,0.00881269682712504,0.025
2025-02-28,BBDC4,0.0008844042816429056,0.00011024745824588601,0.11084026079139254,0.15834322970198936,0.0,0.06620341802436669,0.035921740544507495,0.00440989832983544,0.025
2025-02-28,ITUB4,0.0002738746416955032,6.655801599794128e-05,0.19551007958195352,0.27930011368850505,0.0,0.0770867401226087,0.0604379851230093,0.002662320639917651,0.025
2025-02-28,VALE3,0.00010769554615003553,8.89214763161998e-05,0.45225726237142116,0.29845706174669956,0.8111243971624382,0.07969532681308089,0.0659113406569397,0.0035568590526479918,0.025
2025-03-05,ABEV3,0.0001932461925663792,0.00015837070129169907,0.4504069743464078,0.6434385347805827,0.0,0.0980359870721874,0.2223397359212528,0.006334828051667962,0.025
2025-03-05,BBAS3,0.00017646732252015176,0.00022031742067812603,0.555256784578612,0.6717373967867841,0.28346868942621073,0.009175979125702102,0.0230617256356127,0.00881269682712504,0.025
2025-03-05,BBDC4,0.0009049406156093433,0.00011024745824588601,0.10859806284683347,0.15514008978119068,0.0,0.0669375327835213,0.035921740544507495,0.00440989832983544,0.025
2025-03-05,ITUB4,0.00023065128573022942,6.655801599794128e-05,0.22394324676559288,0.319918923950847,0.0,0.0747578068580299,0.06559499440488151,0.002662320639917651,0.025
2025-03-05,VALE3,0.00011450736312296061,8.89214763161998e-05,0.4371134228625121,0.6244477469464459,0.0,0.032988663128172,0.07005633912414536,0.0035568590526479918,0.025
2025-03-06,ABEV3,0.00012178300186666056,0.00015837070129169907,0.5652993321390383,0.6860838933016786,0.28346868942621073,0.0824137475855566,0.21874604896985111,0.006334828051667962,0.025
2025-03-06,BBAS3,0.00013592133907482098,0.00022031742067812603,0.6184543782684316,0.7620196734865264,0.28346868942621073,0.006267782796899497,0.0230617256356127,0.00881269682712504,0.025
2025-03-06,BBDC4,0.0005552307029957081,0.00011024745824588601,0.16566653072460774,0.23666647246372535,0.0,0.05176694308606109,0.035921740544507495,0.00440989832983544,0.025
2025-03-06,ITUB4,0.00012115825149571306,6.655801599794128e-05,0.3545671181651385,0.5065244545216264,0.0,0.0466030866442639,0.0685155449441826,0.002662320639917651,0.025
2025-03-06,VALE3,5.1839290684246763e-05,8.89214763161998e-05,0.631720600925098,0.7809714201389069,0.28346868942621073,0.0167511978308434,0.06775916118106384,0.0035568590526479918,0.025
2025-03-07,ABEV3,9.453715822845948e-05,0.00015837070129169907,0.6261992078544946,0.8945702969349922,0.0,0.0237203831430669,0.21290729551124937,0.006334828051667962,0.025
2025-03-07,BBAS3,0.001493990700399112,0.00022031742067812603,0.12851681560003508,0.18359545085719298,0.0,0.0330549602121387,0.019501214693243,0.00881269682712504,0.025
2025-03-07,BBDC4,0.00016863434851238846,0.00011024745824588601,0.39531965002451686,0.5647423571778812,0.0,0.0239617296234617,0.041936176270673045,0.00440989832983544,0.025
2025-03-07,ITUB4,0.00012003811304842723,6.655801599794128e-05,0.35669558815661084,0.5095651259380155,0.0,0.0442239885379563,0.06559499440488151,0.002662320639917651,0.025
2025-03-07,VALE3,0.00012537674782118612,8.89214763161998e-05,0.41494266541001534,0.47128865511736023,0.28346868942621073,0.0451721080587297,0.06004657420080495,0.0035568590526479918,0.025
2025-03-10,ABEV3,9.925046228564267e-05,0.00015837070129169907,0.6147425898266848,0.878203699752407,0.0,0.0267368681537773,0.2058634574990538,0.006334828051667962,0.025
2025-03-10,BBAS3,0.0004841638126244116,0.00022031742067812603,0.3127371039329181,0.17585848040621543,0.6321205588285577,0.0338945873007584,0.019501214693243,0.00881269682712504,0.025
2025-03-10,BBDC4,8.546941268987662e-05,0.00011024745824588601,0.5633007400883236,0.8047153429833196,0.0,0.009111333593107201,0.041936176270673045,0.00440989832983544,0.025
2025-03-10,ITUB4,0.00010505492521672424,6.655801599794128e-05,0.3878379772926672,0.5540542532752389,0.0,0.035688187019160406,0.0604379851230093,0.002662320639917651,0.025
2025-03-10,VALE3,0.00017143354203652777,8.89214763161998e-05,0.34153932149573346,0.21700450549595166,0.6321205588285577,0.0851668798144798,0.05574342729501275,0.0035568590526479918,0.025
2025-03-11,ABEV3,0.00019055020556603354,0.00015837070129169907,0.45388710787763836,0.648410154110912,0.0,0.07871403568201629,0.18169033394033823,0.006334828051667962,0.025
2025-03-11,BBAS3,0.00037228197665867377,0.00022031742067812603,0.37178137822659674,0.4096296734267622,0.28346868942621073,0.020582630787405697,0.0230617256356127,0.00881269682712504,0.025
2025-03-11,BBDC4,0.0003995516437351042,0.00011024745824588601,0.2162566740849163,0.3089381058355947,0.0,0.0492588334624013,0.041936176270673045,0.00440989832983544,0.025
2025-03-11,ITUB4,0.00023168130763032117,6.655801599794128e-05,0.2231698194195943,0.3188140277422776,0.0,0.0626430273496435,0.054798734714789396,0.002662320639917651,0.025
2025-03-11,VALE3,0.00011684581448163267,8.89214763161998e-05,0.43214582828699266,0.49586460208447064,0.28346868942621073,0.03910135914293231,0.05574342729501275,0.0035568590526479918,0.025
2025-03-12,ABEV3,0.0001312937475223492,0.00015837070129169907,0.5467384828897869,0.6595683943741767,0.28346868942621073,0.060447513695065305,0.1452473050724942,0.006334828051667962,0.025
2025-03-12,BBAS3,0.0007692591336181896,0.00022031742067812603,0.22263807658094018,0.31805439511562883,0.0,0.0263601102738208,0.023011221470056548,0.00881269682712504,0.025
2025-03-12,BBDC4,0.00030680546201496383,0.00011024745824588601,0.2643488461294808,0.3776412087564011,0.0,0.0455438368636444,0.04676867491212835,0.00440989832983544,0.025
2025-03-12,ITUB4,0.0001743669673365007,6.655801599794128e-05,0.2762603324768035,0.394657617824005,0.0,0.055481252461250206,0.0596741568209883,0.002662320639917651,0.025
2025-03-12,VALE3,4.2773893980172874e-05,8.89214763161998e-05,0.6752057882983074,0.8430931163863489,0.28346868942621073,0.0087544831354575,0.051292432934722604,0.0035568590526479918,0.025
2025-03-13,ABEV3,0.00012734980214978354,0.00015837070129169907,0.5542853921371954,0.7918362744817078,0.0,0.0288220193248049,0.12348732303844345,0.006334828051667962,0.025
2025-03-13,BBAS3,0.0010212571719119764,0.00022031742067812603,0.17745000742848027,0.2535000106121147,0.0,0.0315804027731949,0.023011221470056548,0.00881269682712504,0.025
2025-03-13,BBDC4,0.0002669163134152842,0.00011024745824588601,0.2923065960453068,0.41758085149329544,0.0,0.041394500373090705,0.04740133516302285,0.00440989832983544,0.025
2025-03-13,ITUB4,0.00013524210267259017,6.655801599794128e-05,0.3298214908714057,0.47117355838772246,0.0,0.0444459591242426,0.059062139905446856,0.002662320639917651,0.025
2025-03-13,VALE3,3.162091425465761e-05,8.89214763161998e-05,0.7376780557867719,0.8452902735664994,0.486582880967408,0.0077944117990017,0.04637455251295054,0.0035568590526479918,0.025
2025-03-14,ABEV3,0.00011549859954131586,0.00015837070129169907,0.5782710979653091,0.8261015685218702,0.0,0.020560312336558,0.10762445642523905,0.006334828051667962,0.025
2025-03-14,BBAS3,0.0005776939828509162,0.00022031742067812603,0.2760830480665029,0.2729177731980567,0.28346868942621073,0.0336332940418268,0.0258999612132641,0.00881269682712504,0.025
2025-03-14,BBDC4,0.00010741317243114392,0.00011024745824588601,0.506510791147499,0.7235868444964272,0.0,0.015335977048104105,0.04740133516302285,0.00440989832983544,0.025
2025-03-14,ITUB4,9.485604171813128e-05,6.655801599794128e-05,0.41234336674081307,0.5890619524868759,0.0,0.028676907117402697,0.054186717799247955,0.002662320639917651,0.025
2025-03-14,VALE3,8.425087408134513e-05,8.89214763161998e-05,0.5134854156109002,0.5250150733152541,0.486582880967408,0.027149890169851,0.042136733600831006,0.0035568590526479918,0.025
2025-03-17,ABEV3,0.00010833121522763989,0.00015837070129169907,0.5938116356963463,0.8483023367090662,0.0,0.0148436307465699,0.090224867328872,0.006334828051667962,0.025
2025-03-17,BBAS3,0.0011459603182189888,0.00022031742067812603,0.1612537585922833,0.1088759310920287,0.28346868942621073,0.057434362949088394,0.0258999612132641,0.00881269682712504,0.025
2025-03-17,BBDC4,6.986222777379454e-05,0.00011024745824588601,0.6121128778928596,0.874446968418371,0.0,0.0063595351229613,0.04740133516302285,0.00440989832983544,0.025
2025-03-17,ITUB4,5.34523510961743e-05,6.655801599794128e-05,0.554602219871093,0.792288885530133,0.0,0.011700518734637799,0.0502536570755557,0.002662320639917651,0.025
2025-03-17,VALE3,0.0001360133806999787,8.89214763161998e-05,0.3953210164745792,0.2938354983228741,0.6321205588285577,0.051606340759259996,0.042136733600831006,0.0035568590526479918,0.025
2025-03-18,ABEV3,0.00018247247872293045,0.00015837070129169907,0.46464389073268697,0.6637769867609814,0.0,0.033015811832887404,0.08056389163378644,0.006334828051667962,0.025
2025-03-18,BBAS3,0.0038304355983751746,0.00022031742067812603,0.0543892505027661,0.07769892928966586,0.0,0.066172168368798,0.0258999612132641,0.00881269682712504,0.025
2025-03-18,BBDC4,5.7970468249344974e-05,0.00011024745824588601,0.6553847175676104,0.9362638822394435,0.0,0.002957756531341102,0.044911176612749903,0.00440989832983544,0.025
2025-03-18,ITUB4,2.62582354197578e-05,6.655801599794128e-05,0.7170944202261692,0.9029340191404372,0.28346868942621073,0.004810113090669301,0.0471091088290648,0.002662320639917651,0.025
2025-03-18,VALE3,0.0003483356288203055,8.89214763161998e-05,0.20336199291361956,0.16903055155108052,0.28346868942621073,0.08243891983032879,0.04637455251295054,0.0035568590526479918,0.025
2025-03-19,ABEV3,0.00019667605037244852,0.00015837070129169907,0.4460559082695341,0.6372227260993345,0.0,0.0313556044885093,0.06958077468854079,0.006334828051667962,0.025
2025-03-19,BBAS3,0.0012749239588812332,0.00022031742067812603,0.14734572202854135,0.0890073074295402,0.28346868942621073,0.0626529594662272,0.0258999612132641,0.00881269682712504,0.025
2025-03-19,BBDC4,0.00011438260468831681,0.00011024745824588601,0.4907956522194404,0.701136646027772,0.0,0.015209208564873296,0.04283650836747305,0.00440989832983544,0.025
2025-03-19,ITUB4,3.743973801698982e-05,6.655801599794128e-05,0.6399947443902053,0.914278206271722,0.0,0.004169974547438401,0.046529316034769105,0.002662320639917651,0.025
2025-03-19,VALE3,0.0005461232014643002,8.89214763161998e-05,0.1400239690646381,0.20003424152091157,0.0,0.07462902399004939,0.04637455251295054,0.0035568590526479918,0.025
2025-03-20,ABEV3,0.0003589383529658732,0.00015837070129169907,0.30614330058264366,0.4373475722609196,0.0,0.0386483487371095,0.046731662763976355,0.006334828051667962,0.025
2025-03-20,BBAS3,0.0003711848839604485,0.00022031742067812603,0.3724709421254859,0.21650011937171995,0.7364028618842733,0.044329248822585196,0.028970256523507848,0.00881269682712504,0.025
2025-03-20,BBDC4,6.842525502879364e-05,0.00011024745824588601,0.6170357869721206,0.6729441752598547,0.486582880967408,0.016039452621437,0.040494168276290696,0.00440989832983544,0.025
2025-03-20,ITUB4,0.00012924481875657047,6.655801599794128e-05,0.3399236588243911,0.48560522689198726,0.0,0.0328317724847569,0.04545075227475845,0.002662320639917651,0.025
2025-03-20,VALE3,0.00020346144312969987,8.89214763161998e-05,0.3041267817036527,0.31298024982255646,0.28346868942621073,0.053869384630411,0.04637455251295054,0.0035568590526479918,0.025
2025-03-21,ABEV3,0.0003990674088673576,0.00015837070129169907,0.2841045461468545,0.4058636373526493,0.0,0.0323111500024919,0.03583208028499845,0.006334828051667962,0.025
2025-03-21,BBAS3,0.00031646336098149855,0.00022031742067812603,0.41044208027892926,0.4648592477872373,0.28346868942621073,0.0247560101601587,0.0323176814926668,0.00881269682712504,0.025
2025-03-21,BBDC4,0.00033447203682402136,0.00011024745824588601,0.2479033626096282,0.2326610796882357,0.28346868942621073,0.047650327922668996,0.032678114998276206,0.00440989832983544,0.025
2025-03-21,ITUB4,0.00023655220670408748,6.655801599794128e-05,0.21958354094632718,0.3136907727804674,0.0,0.0513996445481944,0.04433497383109945,0.002662320639917651,0.025
2025-03-21,VALE3,0.00016000744329060248,8.89214763161998e-05,0.35721633491462723,0.3888224686953771,0.28346868942621073,0.045710030068836,0.048389224408994846,0.0035568590526479918,0.025
2025-03-24,ABEV3,0.0009635227471846965,0.00015837070129169907,0.1411637633741215,0.20166251910588787,0.0,0.0522994485313001,0.032663480917689655,0.006334828051667962,0.025
2025-03-24,BBAS3,0.001317490027314575,0.00022031742067812603,0.1432672347670745,0.20466747823867787,0.0,0.0512677575419449,0.0323176814926668,0.00881269682712504,0.025
2025-03-24,BBDC4,0.0004984832142107788,0.00011024745824588601,0.18111040437794673,0.2587291491113525,0.0,0.0441799461871335,0.032678114998276206,0.00440989832983544,0.025
2025-03-24,ITUB4,0.0003908480021000256,6.655801599794128e-05,0.1455118939508267,0.20787413421546674,0.0,0.0696423747148263,0.04433497383109945,0.002662320639917651,0.025
2025-03-24,VALE3,7.278714184739279e-05,8.89214763161998e-05,0.5498870581297179,0.5770174197707079,0.486582880967408,0.024987263322657504,0.04544106906378285,0.0035568590526479918,0.025
2025-03-25,ABEV3,0.0007837425797256517,0.00015837070129169907,0.16810154838352434,0.24014506911932051,0.0,0.046594850221047,0.032663480917689655,0.006334828051667962,0.025
2025-03-25,BBAS3,0.0005250105007824048,0.00022031742067812603,0.2955979701476849,0.42228281449669275,0.0,0.0287453055431579,0.033344127126982745,0.00881269682712504,0.025
2025-03-25,BBDC4,0.0008286091493704776,0.00011024745824588601,0.11742736574628809,0.16775337963755443,0.0,0.0583389432303492,0.032678114998276206,0.00440989832983544,0.025
2025-03-25,ITUB4,0.0002839990303008376,6.655801599794128e-05,0.18986358055177716,0.2712336865025388,0.0,0.05784714410490561,0.04433497383109945,0.002662320639917651,0.025
2025-03-25,VALE3,0.0002222959184669341,8.89214763161998e-05,0.28572142112481563,0.2866868775670749,0.28346868942621073,0.0526441465965119,0.042136733600831006,0.0035568590526479918,0.025
2025-03-26,ABEV3,0.0022830850789417267,0.00015837070129169907,0.06486732324783591,0.09266760463976559,0.0,0.0776978087884637,0.032663480917689655,0.006334828051667962,0.025
2025-03-26,BBAS3,0.0004935708886007552,0.00022031742067812603,0.30861609276201046,0.44088013251715785,0.0,0.0273082482198295,0.033344127126982745,0.00881269682712504,0.025
2025-03-26,BBDC4,0.0006084393458154739,0.00011024745824588601,0.1534012557665847,0.21914465109512102,0.0,0.049606138657753596,0.032678114998276206,0.00440989832983544,0.025
2025-03-26,ITUB4,0.0005025063131349227,6.655801599794128e-05,0.11696044294212199,0.16708634706017428,0.0,0.0793261103869994,0.04433497383109945,0.002662320639917651,0.025
2025-03-26,VALE3,0.0001624903137315513,8.89214763161998e-05,0.35368856925648073,0.29673386423751197,0.486582880967408,0.0552072464460439,0.04544106906378285,0.0035568590526479918,0.025
2025-03-27,ABEV3,0.003009043324542282,0.00015837070129169907,0.05,0.07117907902326981,0.0,0.086315088509884,0.032663480917689655,0.006334828051667962,0.025
2025-03-27,BBAS3,0.00017380126781061568,0.00022031742067812603,0.5590128738196579,0.5900542993277651,0.486582880967408,0.0175903846175439,0.033344127126982745,0.00881269682712504,0.025
2025-03-27,BBDC4,0.0011118731056706526,0.00011024745824588601,0.09020996904967803,0.1288713843566829,0.0,0.0669555097696444,0.032678114998276206,0.00440989832983544,0.025
2025-03-27,ITUB4,0.0005957048712079407,6.655801599794128e-05,0.10050089969370418,0.14357271384814885,0.0,0.0860503561209454,0.04433497383109945,0.002662320639917651,0.025
2025-03-27,VALE3,0.0002502116720622512,8.89214763161998e-05,0.26220225519496876,0.25308806909586506,0.28346868942621073,0.0668572105211977,0.048658185414048,0.0035568590526479918,0.025
2025-03-28,ABEV3,0.0028463072213827964,0.00015837070129169907,0.05270804570984821,0.07529720815692602,0.0,0.0926729471497058,0.03583208028499845,0.006334828051667962,0.025
2025-03-28,BBAS3,0.00010433674436750878,0.00022031742067812603,0.6786218826028529,0.8479732511071283,0.28346868942621073,0.0053770710472786,0.03260684840751085,0.00881269682712504,0.025
2025-03-28,BBDC4,0.0012319438630810087,0.00011024745824588601,0.08213989801162998,0.11734271144518568,0.0,0.09167832071558851,0.0427872232801121,0.00440989832983544,0.025
2025-03-28,ITUB4,0.0003556227009392351,6.655801599794128e-05,0.15765290390523828,0.10373185296767869,0.28346868942621073,0.1085904833495945,0.0479228018362185,0.002662320639917651,0.025
2025-03-28,VALE3,0.00019615242903614388,8.89214763161998e-05,0.3119242927769739,0.2370706121239308,0.486582880967408,0.0750289319244943,0.052125243677885943,0.0035568590526479918,0.025
2025-03-31,ABEV3,0.0004043958193406003,0.00015837070129169907,0.28141457511324736,0.28053424040769165,0.28346868942621073,0.0541745885940213,0.042621599479078245,0.006334828051667962,0.025
2025-03-31,BBAS3,4.646702066958929e-05,0.00022031742067812603,0.8258255974941725,0.8641496270412723,0.7364028618842733,0.004404058600863903,0.0301628541581764,0.00881269682712504,0.025
2025-03-31,BBDC4,0.0007720639675836586,0.00011024745824588601,0.12495299847469608,0.17850428353528014,0.0,0.0773034400222609,0.044861891525388956,0.00440989832983544,0.025
2025-03-31,ITUB4,0.0003328831330931967,6.655801599794128e-05,0.1666278402948294,0.1165531906670946,0.28346868942621073,0.11486530284609149,0.05344044850472231,0.002662320639917651,0.025
2025-03-31,VALE3,9.783434050723901e-05,8.89214763161998e-05,0.47613765305241995,0.30962605431914825,0.8646647167633873,0.06111111370731501,0.052125243677885943,0.0035568590526479918,0.025
2025-04-01,ABEV3,0.00047280375217863827,0.00015837070129169907,0.25091430811393234,0.3584490115913319,0.0,0.0437284336643668,0.042621599479078245,0.006334828051667962,0.025
2025-04-01,BBAS3,0.00023917277796896017,0.00022031742067812603,0.4794823074068266,0.6849747248668953,0.0,0.011412819853820998,0.0301628541581764,0.00881269682712504,0.025
2025-04-01,BBDC4,0.00043020642827956105,0.00011024745824588601,0.20399049945715406,0.2914149992245058,0.0,0.0553150224067273,0.044861891525388956,0.00440989832983544,0.025
2025-04-01,ITUB4,0.0002668055143928257,6.655801599794128e-05,0.19965596092626664,0.16373622014057634,0.28346868942621073,0.096700414605484,0.05344044850472231,0.002662320639917651,0.025
2025-04-01,VALE3,0.00010459455419908985,8.89214763161998e-05,0.45950444559772086,0.28586432938386386,0.8646647167633873,0.0666901431816353,0.053256765613461446,0.0035568590526479918,0.025
2025-04-02,ABEV3,0.0006022470658444068,0.00015837070129169907,0.20821325524382608,0.29744750749118015,0.0,0.0499416457444372,0.04118839120073815,0.006334828051667962,0.025
2025-04-02,BBAS3,8.492000676412041e-05,0.00022031742067812603,0.7217903208144814,0.8225935093203699,0.486582880967408,0.005890597705465702,0.0301628541581764,0.00881269682712504,0.025
2025-04-02,BBDC4,0.0002731173641326819,0.00011024745824588601,0.2875784417617171,0.4108263453738816,0.0,0.040845402095954504,0.045915137054901245,0.00440989832983544,0.025
2025-04-02,ITUB4,0.0004383630347237273,6.655801599794128e-05,0.131818659378158,0.18831237054022573,0.0,0.09120212237725149,0.05462339432655,0.002662320639917651,0.025
2025-04-02,VALE3,0.0003025253339357858,8.89214763161998e-05,0.22716107013098022,0.3245158144728289,0.0,0.0613785661094101,0.05453831553822745,0.0035568590526479918,0.025
2025-04-03,ABEV3,0.0004033989496826174,0.00015837070129169907,0.2819139499918261,0.4027342142740373,0.0,0.0410735402283768,0.0451616419427069,0.006334828051667962,0.025
2025-04-03,BBAS3,0.00027198065389733836,0.00022031742067812603,0.44752850367760993,0.6393264338251571,0.0,0.012537501284615801,0.0280267768814937,0.00881269682712504,0.025
2025-04-03,BBDC4,0.00014282522631256544,0.00011024745824588601,0.4356355504674092,0.6223365006677275,0.0,0.021776371078062098,0.045915137054901245,0.00440989832983544,0.025
2025-04-03,ITUB4,0.00029100779174111535,6.655801599794128e-05,0.18614200395389538,0.26591714850556486,0.0,0.0844344272384224,0.06374475940986596,0.002662320639917651,0.025
2025-04-03,VALE3,7.899938391048806e-05,8.89214763161998e-05,0.5295439541946046,0.6350047819524878,0.28346868942621073,0.026411406764154502,0.05815918007667945,0.0035568590526479918,0.025
2025-04-04,ABEV3,0.0006284542046520227,0.00015837070129169907,0.20127820064585836,0.28754028663694053,0.0,0.0562891228237266,0.0451616419427069,0.006334828051667962,0.025
2025-04-04,BBAS3,0.00038833700022241545,0.00022031742067812603,0.3619745673614806,0.39561994361945346,0.28346868942621073,0.0241396263781445,0.026032129189994098,0.00881269682712504,0.025
2025-04-04,BBDC4,0.002094701706671834,0.00011024745824588601,0.05,0.027259930553679913,0.0,0.16540181545143612,0.045915137054901245,0.00440989832983544,0.025
2025-04-04,ITUB4,0.00040138762323704136,6.655801599794128e-05,0.1422345042188087,0.20319214888401246,0.0,0.1186983273834418,0.07448424255091285,0.002662320639917651,0.025
2025-04-04,VALE3,2.355907231204956e-05,8.89214763161998e-05,0.790549809728322,0.8584480601139354,0.6321205588285577,0.0088767833825487,0.05815918007667945,0.0035568590526479918,0.025
2025-04-07,ABEV3,0.0006447803031395693,0.00015837070129169907,0.19718670638262525,0.16020871364966008,0.28346868942621073,0.0883925735583849,0.048268247982742096,0.006334828051667962,0.025
2025-04-07,BBAS3,0.00039156727832368663,0.00022031742067812603,0.3600636215246712,0.3058410817634983,0.486582880967408,0.028963077331521897,0.0244478182691516,0.00881269682712504,0.025
2025-04-07,BBDC4,0.002094701706671834,0.00011024745824588601,0.05,0.03675047518879013,0.0,0.1606484319965948,0.04862823329021129,0.00440989832983544,0.025
2025-04-07,ITUB4,0.0002174381521244958,6.655801599794128e-05,0.23436237340092075,0.12626787015814056,0.486582880967408,0.1694389076594663,0.0818802688127109,0.002662320639917651,0.025
2025-04-07,VALE3,7.532513564215586e-05,8.89214763161998e-05,0.5413900186796281,0.651927731216807,0.28346868942621073,0.0248817514331762,0.05815918007667945,0.0035568590526479918,0.025
2025-04-08,ABEV3,0.0010243343706422172,0.00015837070129169907,0.13390548924656007,0.1912935560665144,0.0,0.0845506289585028,0.05112054713786865,0.006334828051667962,0.025
2025-04-08,BBAS3,0.00013221189325057715,0.00022031742067812603,0.6249619874808023,0.7713162580756274,0.28346868942621073,0.0063480421968471965,0.0244478182691516,0.00881269682712504,0.025
2025-04-08,BBDC4,0.002094701706671834,0.00011024745824588601,0.05,0.051595139110644915,0.0,0.15551035802153929,0.05246058053224045,0.00440989832983544,0.025
2025-04-08,ITUB4,0.00047800427761553746,6.655801599794128e-05,0.12222296104324668,0.17460423006178097,0.0,0.1487678697979102,0.0852423916796839,0.002662320639917651,0.025
2025-04-08,VALE3,0.0001454609795509371,8.89214763161998e-05,0.37938623002826727,0.14318752199301105,0.9305165487771985,0.1060006790883314,0.05453831553822745,0.0035568590526479918,0.025
2025-04-09,ABEV3,0.0004293840996930085,0.00015837070129169907,0.2694502895193188,0.3849289850275983,0.0,0.0508251908299837,0.0532370185626607,0.006334828051667962,0.025
2025-04-09,BBAS3,0.0006282318300763286,0.00022031742067812603,0.25964010984894437,0.1623789222267457,0.486582880967408,0.03792887956386509,0.0208650054978442,0.00881269682712504,0.025
2025-04-09,BBDC4,0.002094701706671834,0.00011024745824588601,0.05,0.06480196965729597,0.0,0.1555024514168286,0.05682698281853825,0.00440989832983544,0.025
2025-04-09,ITUB4,0.00041041809430930983,6.655801599794128e-05,0.13954161342602037,0.19934516203717195,0.0,0.1429290847040353,0.08862623924909845,0.002662320639917651,0.025
2025-04-09,VALE3,0.0001250537096957816,8.89214763161998e-05,0.41556910393909274,0.27806892196258687,0.7364028618842733,0.0698028415348146,0.05453831553822745,0.0035568590526479918,0.025
2025-04-10,ABEV3,0.00030577152204471495,0.00015837070129169907,0.34121157983274175,0.3659585328641122,0.28346868942621073,0.053515727673938696,0.0532370185626607,0.006334828051667962,0.025
2025-04-10,BBAS3,0.0020917613120335025,0.00022031742067812603,0.09528975703164555,0.13612822433092223,0.0,0.04160811787278,0.0208650054978442,0.00881269682712504,0.025
2025-04-10,BBDC4,0.0015309220150541093,0.00011024745824588601,0.06717615702673595,0.0959659386096228,0.0,0.1468301861586153,0.0626472264999968,0.00440989832983544,0.025
2025-04-10,ITUB4,0.0004220210080303396,6.655801599794128e-05,0.13622773947431815,0.19461105639188309,0.0,0.1537749543075986,0.09395126849136774,0.002662320639917651,0.025
2025-04-10,VALE3,0.0001354099278169868,8.89214763161998e-05,0.3963844324863527,0.4447768937978421,0.28346868942621073,0.047119549027990405,0.05815918007667945,0.0035568590526479918,0.025
2025-04-11,ABEV3,0.0007694436863144177,0.00015837070129169907,0.17069222401294762,0.2438460343042109,0.0,0.0759872703608984,0.05384515813398,0.006334828051667962,0.025
2025-04-11,BBAS3,0.00031720284731751155,0.00022031742067812603,0.40987742006393346,0.2699379449980736,0.7364028618842733,0.027324042945048598,0.0208650054978442,0.00881269682712504,0.025
2025-04-11,BBDC4,0.001383551480726069,0.00011024745824588601,0.07380341180437526,0.1054334454348218,0.0,0.1622679034197547,0.07212947489595264,0.00440989832983544,0.025
2025-04-11,ITUB4,0.00039466504862602957,6.655801599794128e-05,0.14430764873436058,0.20615378390622943,0.0,0.162090801911433,0.10264544897753924,0.002662320639917651,0.025
2025-04-11,VALE3,9.088616410238962e-05,8.89214763161998e-05,0.4945366954885342,0.49794547314044546,0.486582880967408,0.0405523432273576,0.05815918007667945,0.0035568590526479918,0.025
2025-04-14,ABEV3,0.0006277766196954169,0.00015837070129169907,0.20145168349978337,0.2877881192854048,0.0,0.0687929755779292,0.05523185570887395,0.006334828051667962,0.025
2025-04-14,BBAS3,0.004186030992884394,0.00022031742067812603,0.05,0.005966163643807381,0.0,0.10686327969207479,0.0208650054978442,0.00881269682712504,0.025
2025-04-14,BBDC4,0.0009554277855225956,0.00011024745824588601,0.10345314756118827,0.14779021080169755,0.0,0.1615433108224863,0.08449088036892471,0.00440989832983544,0.025
2025-04-14,ITUB4,0.0003174678878509035,6.655801599794128e-05,0.17331647508897985,0.24759496441282836,0.0,0.1559677898645086,0.11172789309784299,0.002662320639917651,0.025
2025-04-14,VALE3,8.365856310091974e-05,8.89214763161998e-05,0.5152477460112285,0.6145816274048076,0.28346868942621073,0.0283126753661863,0.05815918007667945,0.0035568590526479918,0.025
2025-04-15,ABEV3,0.0003199035857755271,0.00015837070129169907,0.3311294493016274,0.3515554892482346,0.28346868942621073,0.06537964458292671,0.0625410492008279,0.006334828051667962,0.025
2025-04-15,BBAS3,0.0012703214823560744,0.00022031742067812603,0.14780066468791953,0.0026082862824244983,0.486582880967408,0.1241272086261056,0.0208650054978442,0.00881269682712504,0.025
2025-04-15,BBDC4,0.0006883849871000493,0.00011024745824588601,0.13804530342882734,0.19720757632689623,0.0,0.19360909180015617,0.1192542534371019,0.00440989832983544,0.025
2025-04-15,ITUB4,0.00029249116353918873,6.655801599794128e-05,0.18537297894328814,0.2648185413475545,0.0,0.1551692166153357,0.11678181511476665,0.002662320639917651,0.025
2025-04-15,VALE3,4.8026189493490984e-05,8.89214763161998e-05,0.6493099082080702,0.5405735693819882,0.9030280321355949,0.035775138751879404,0.05815918007667945,0.0035568590526479918,0.025
2025-04-16,ABEV3,0.00022220996759637706,0.00015837070129169907,0.41612912645932065,0.4729835994735107,0.28346868942621073,0.045546372413927394,0.06083438370332665,0.006334828051667962,0.025
2025-04-16,BBAS3,0.004186030992884394,0.00022031742067812603,0.05,0.0036037161470337344,0.0,0.1173821330801458,0.0208650054978442,0.00881269682712504,0.025
2025-04-16,BBDC4,0.0004257194898168397,0.00011024745824588601,0.2056982406179708,0.293854629454244,0.0,0.1851288694715409,0.15116631878772196,0.00440989832983544,0.025
2025-04-16,ITUB4,0.00024532983802514415,6.655801599794128e-05,0.21340368064802795,0.30486240092575423,0.0,0.15539291446430098,0.13081370604373854,0.002662320639917651,0.025
2025-04-16,VALE3,8.024947637419425e-05,8.89214763161998e-05,0.5256308775356857,0.33328476785376865,0.9744384667934926,0.059459653031330204,0.0541153313676527,0.0035568590526479918,0.025
2025-04-17,ABEV3,0.00022799241139595373,0.00015837070129169907,0.4099011942160497,0.5855731345943568,0.0,0.0295581115493461,0.05523185570887395,0.006334828051667962,0.025
2025-04-17,BBAS3,0.0011962936088557158,0.00022031742067812603,0.15552428724956696,0.013642032799063676,0.486582880967408,0.1105079269860102,0.02573183466159655,0.00881269682712504,0.025
2025-04-17,BBDC4,0.000411409562016508,0.00011024745824588601,0.21134088867515177,0.30191555525021685,0.0,0.18623570176006018,0.15550640471918395,0.00440989832983544,0.025
2025-04-17,ITUB4,0.00017051499558382285,6.655801599794128e-05,0.2807490213831703,0.40107003054738616,0.0,0.13324997306766148,0.14584847725097275,0.002662320639917651,0.025
2025-04-17,VALE3,0.00012662782400211085,8.89214763161998e-05,0.41253428419802685,0.46784811052880515,0.28346868942621073,0.0404793983498209,0.05328960102966031,0.0035568590526479918,0.025
2025-04-22,ABEV3,0.00019417667491452277,0.00015837070129169907,0.449218210034445,0.6417403000492072,0.0,0.0238841815559226,0.05384515813398,0.006334828051667962,0.025
2025-04-22,BBAS3,0.0021855037537087435,0.00022031742067812603,0.09157680671518512,0.009337428410459862,0.28346868942621073,0.1315352435927731,0.02814356013828525,0.00881269682712504,0.025
2025-04-22,BBDC4,0.000380434560191738,0.00011024745824588601,0.22468208351494906,0.3209744050213558,0.0,0.17964045928193279,0.15807939500906704,0.00440989832983544,0.025
2025-04-22,ITUB4,0.000131390124318651,6.655801599794128e-05,0.33623966303240027,0.48034237576057187,0.0,0.1069442924035419,0.14584847725097275,0.002662320639917651,0.025
2025-04-22,VALE3,5.0142955090848655e-05,8.89214763161998e-05,0.6394264544606827,0.7049308431006577,0.486582880967408,0.015327482987261,0.043835946127674004,0.0035568590526479918,0.025
2025-04-23,ABEV3,0.00025644579689718165,0.00015837070129169907,0.3817849627079858,0.5454070895828369,0.0,0.0316269223955871,0.0521704592519612,0.006334828051667962,0.025
2025-04-23,BBAS3,0.004186030992884394,0.00022031742067812603,0.05,0.008649918406749441,0.0,0.1588752671237697,0.033445978447693495,0.00881269682712504,0.025
2025-04-23,BBDC4,0.00037683106779050877,0.00011024745824588601,0.226344320992809,0.32334902998972714,0.0,0.1818809361280722,0.16109587140954054,0.00440989832983544,0.025
2025-04-23,ITUB4,0.000119869297593495,6.655801599794128e-05,0.3570185865779631,0.510026552254233,0.0,0.098198684611618,0.14584847725097275,0.002662320639917651,0.025
2025-04-23,VALE3,2.142171158206009e-05,8.89214763161998e-05,0.8058628539732636,0.8803238376067092,0.6321205588285577,0.0051643733750002,0.04051587078858925,0.0035568590526479918,0.025
2025-04-24,ABEV3,0.00021359280629648362,0.00015837070129169907,0.4257694587261455,0.6082420838944936,0.0,0.025938229547019104,0.0521704592519612,0.006334828051667962,0.025
2025-04-24,BBAS3,0.0018260333033037189,0.00022031742067812603,0.10766356817340988,0.03231851620792383,0.28346868942621073,0.1364900592205263,0.03976849871832255,0.00881269682712504,0.025
2025-04-24,BBDC4,0.0003462398151081578,0.00011024745824588601,0.24151266570005764,0.3450180938572252,0.0,0.1722932146362149,0.1619056071211205,0.00440989832983544,0.025
2025-04-24,ITUB4,7.029359945613954e-05,6.655801599794128e-05,0.4863517012722013,0.5733015634919116,0.28346868942621073,0.081141839453086,0.14584847725097275,0.002662320639917651,0.025
2025-04-24,VALE3,2.8588008563332675e-05,8.89214763161998e-05,0.7567174378081878,0.6564835808194805,0.9905964374485048,0.016046150573986902,0.03812726855085015,0.0035568590526479918,0.025
2025-04-25,ABEV3,0.00021382634304624492,0.00015837070129169907,0.4255023077182288,0.6078604395974697,0.0,0.0259709744160012,0.0521704592519612,0.006334828051667962,0.025
2025-04-25,BBAS3,0.0010331481861470045,0.00022031742067812603,0.17576662612719157,0.1296085989990405,0.28346868942621073,0.15168106314737279,0.07423569878242739,0.00881269682712504,0.025
2025-04-25,BBDC4,0.0002472566561167154,0.00011024745824588601,0.30838094952402884,0.31905763242309376,0.28346868942621073,0.1871622445040653,0.1638348594355954,0.00440989832983544,0.025
2025-04-25,ITUB4,0.00011308857557159798,6.655801599794128e-05,0.37049417646299954,0.5292773949471422,0.0,0.092795015608904,0.14584847725097275,0.002662320639917651,0.025
2025-04-25,VALE3,1.5449774477572e-05,8.89214763161998e-05,0.851972891384627,0.7900152922650948,0.9965406226635353,0.0075528442696461,0.03204390705903285,0.0035568590526479918,0.025
2025-04-28,ABEV3,8.641582313799161e-05,0.00015837070129169907,0.6469747534537483,0.9242496477910691,0.0,0.004109626833789,0.0521704592519612,0.006334828051667962,0.025
2025-04-28,BBAS3,0.0004752678309406094,0.00022031742067812603,0.31673676255414124,0.1815722784365342,0.6321205588285577,0.18542866830371152,0.1086856033390425,0.00881269682712504,0.025
2025-04-28,BBDC4,0.0003898822223757615,0.00011024745824588601,0.22043774348455272,0.3149110621207896,0.0,0.1950973977685629,0.1688475150438255,0.00440989832983544,0.025
2025-04-28,ITUB4,9.136157997810734e-05,6.655801599794128e-05,0.42146774494050765,0.6020967784864395,0.0,0.0739943412985488,0.14584847725097275,0.002662320639917651,0.025
2025-04-28,VALE3,2.1168287954229923e-05,8.89214763161998e-05,0.807717928233263,0.8829739436924227,0.6321205588285577,0.003988171459444,0.03204390705903285,0.0035568590526479918,0.025
2025-04-29,ABEV3,0.0001398493296216381,0.00015837070129169907,0.5310531985617077,0.7586474265167253,0.0,0.0133097866466134,0.04818578162195555,0.006334828051667962,0.025
2025-04-29,BBAS3,0.0008855528775267117,0.00022031742067812603,0.19922537121737321,0.16312109198501432,0.28346868942621073,0.206612245277067,0.113945030033078,0.00881269682712504,0.025
2025-04-29,BBDC4,0.0003296046186510794,0.00011024745824588601,0.25064666972508415,0.3580666710358345,0.0,0.1807242900844268,0.17596683695907384,0.00440989832983544,0.025
2025-04-29,ITUB4,7.501187019464516e-05,6.655801599794128e-05,0.4701424701818169,0.6716321002597384,0.0,0.0580541926954303,0.14584847725097275,0.002662320639917651,0.025
2025-04-29,VALE3,1.2185526449716788e-05,8.89214763161998e-05,0.8794789073321778,0.9854896281194437,0.6321205588285577,0.00046837543706779953,0.03204390705903285,0.0035568590526479918,0.025
2025-04-30,ABEV3,0.00021734969469610995,0.00015837070129169907,0.4215121217343701,0.602160173906243,0.0,0.019572374597929397,0.03858664740475724,0.006334828051667962,0.025
2025-04-30,BBAS3,0.0009660174564603676,0.00022031742067812603,0.18571267263889607,0.1438172368729041,0.28346868942621073,0.2341689036215824,0.1207546708531257,0.00881269682712504,0.025
2025-04-30,BBDC4,0.00030418404950829095,0.00011024745824588601,0.2660209375569004,0.3800299107955721,0.0,0.174327405488717,0.1801823746831798,0.00440989832983544,0.025
2025-04-30,ITUB4,4.808276081021742e-05,6.655801599794128e-05,0.5805788991583709,0.7079118461864397,0.28346868942621073,0.047701053636297605,0.13808952888584838,0.002662320639917651,0.025
2025-04-30,VALE3,3.5770370531279444e-05,8.89214763161998e-05,0.7131298361870195,0.8102213884239959,0.486582880967408,0.0067435681295587,0.03204390705903285,0.0035568590526479918,0.025
2025-05-02,ABEV3,9.290323923314725e-05,0.00015837070129169907,0.6302710936156117,0.9003872765937311,0.0,0.0032100820108148,0.0305925169724666,0.006334828051667962,0.025
2025-05-02,BBAS3,0.0006813823103993443,0.00022031742067812603,0.2443356841360722,0.1405154569226426,0.486582880967408,0.2508608279100656,0.12783122610943937,0.00881269682712504,0.025
2025-05-02,BBDC4,0.0003894739578636914,0.00011024745824588601,0.2206178376427863,0.31516833948969475,0.0,0.2080472855594693,0.1801823746831798,0.00440989832983544,0.025
2025-05-02,ITUB4,6.976028234297812e-05,6.655801599794128e-05,0.4882544515886331,0.6975063594123331,0.0,0.04326422919794,0.12009713273560169,0.002662320639917651,0.025
2025-05-02,VALE3,2.2780238585227836e-05,8.89214763161998e-05,0.7960618724132347,0.8663224353780964,0.6321205588285577,0.0031827038973402,0.0221794129700866,0.0035568590526479918,0.025
2025-05-05,ABEV3,0.00022484924341809384,0.00015837070129169907,0.41326320166251,0.5903760023750143,0.0,0.0146317934567837,0.02776454298267365,0.006334828051667962,0.025
2025-05-05,BBAS3,0.0018514140210287725,0.00022031742067812603,0.10634458513435824,0.15192083590622607,0.0,0.2525328654251272,0.1340126514066497,0.00881269682712504,0.025
2025-05-05,BBDC4,0.00046273052401968437,0.00011024745824588601,0.1924113345681532,0.2748733350973617,0.0,0.2341423327085187,0.1813026131062495,0.00440989832983544,0.025
2025-05-05,ITUB4,0.00010073032326045364,6.655801599794128e-05,0.3978640489408842,0.5683772127726917,0.0,0.0579498111632948,0.10257148850757995,0.002662320639917651,0.025
2025-05-05,VALE3,2.70423585647579e-05,8.89214763161998e-05,0.7668035160055017,0.9739470131109123,0.28346868942621073,0.0004141065212334002,0.01568681678062395,0.0035568590526479918,0.025
2025-05-06,ABEV3,0.00014913502308372577,0.00015837070129169907,0.5150170833839466,0.7357386905484952,0.0,0.0079649550902056,0.02595460198151015,0.006334828051667962,0.025
2025-05-06,BBAS3,0.0021351522793825765,0.00022031742067812603,0.09353438962617446,0.13362055660882066,0.0,0.2900083808277001,0.14408556118394955,0.00881269682712504,0.025
2025-05-06,BBDC4,0.0004518600059397428,0.00011024745824588601,0.19613235060952366,0.28018907229931955,0.0,0.2334715712328789,0.18350490279980655,0.00440989832983544,0.025
2025-05-06,ITUB4,0.0001129709636330638,6.655801599794128e-05,0.3707368923654627,0.529624131950661,0.0,0.060696624180719,0.095496850110261,0.002662320639917651,0.025
2025-05-06,VALE3,5.7922712973540184e-05,8.89214763161998e-05,0.6055498467205114,0.7435846284180689,0.28346868942621073,0.0033894081116257998,0.01144016362845355,0.0035568590526479918,0.025
2025-05-07,ABEV3,0.00019738642720089995,0.00015837070129169907,0.4451652225852552,0.6359503179789361,0.0,0.0112756794163986,0.024911205551470854,0.006334828051667962,0.025
2025-05-07,BBAS3,0.002036736764202778,0.00022031742067812603,0.09761281858182388,0.13944688368831984,0.0,0.3059090896188948,0.15527816513557124,0.00881269682712504,0.025
2025-05-07,BBDC4,0.00015670286195591438,0.00011024745824588601,0.4129886720590735,0.31907500630072316,0.6321205588285577,0.21211027345376132,0.18568228561580052,0.00440989832983544,0.025
2025-05-07,ITUB4,7.98432109160186e-05,6.655801599794128e-05,0.45462744678401823,0.6494677811200261,0.0,0.0375357515874547,0.08696842753099501,0.002662320639917651,0.025
2025-05-07,VALE3,0.0001470100498196087,8.89214763161998e-05,0.37689527030403824,0.32988629430545124,0.486582880967408,0.0079274124756054,0.0071482061996023995,0.0035568590526479918,0.025
2025-05-08,ABEV3,1.5290155356911053e-05,0.00015837070129169907,0.9119539333619116,0.9039985267553602,0.9305165487771985,0.0021929818347955,0.021728278076925997,0.006334828051667962,0.025
2025-05-08,BBAS3,0.0006391237548928711,0.00022031742067812603,0.256349622220219,0.15767822561428088,0.486582880967408,0.3179989201053896,0.1721519677137406,0.00881269682712504,0.025
2025-05-08,BBDC4,3.0522119873988764e-05,0.00011024745824588601,0.7831767326318395,0.8032226772379394,0.7364028618842733,0.0409100945075219,0.18669897313206274,0.00440989832983544,0.025
2025-05-08,ITUB4,3.540389668767127e-05,6.655801599794128e-05,0.6527733174559506,0.6616244997248333,0.6321205588285577,0.0320400508459919,0.07756809037581741,0.002662320639917651,0.025
2025-05-08,VALE3,0.00033316303261467163,8.89214763161998e-05,0.2106722100307246,0.17947371886123056,0.28346868942621073,0.012278663179369199,0.0071482061996023995,0.0035568590526479918,0.025
2025-05-09,ABEV3,0.00013544582394617736,0.00015837070129169907,0.5390122327649228,0.7700174753784612,0.0,0.004469494025549999,0.017102084027356548,0.006334828051667962,0.025
2025-05-09,BBAS3,0.00045135412481913225,0.00022031742067812603,0.3280136283203996,0.19768208667404616,0.6321205588285577,0.31776781406571725,0.19602045679038926,0.00881269682712504,0.025
2025-05-09,BBDC4,7.582960234878246e-05,0.00011024745824588601,0.5924828019829804,0.8464040028328292,0.0,0.030964097317337798,0.18568228561580052,0.00440989832983544,0.025
2025-05-09,ITUB4,5.1867118060898456e-05,6.655801599794128e-05,0.5620260979807868,0.6814078445041767,0.28346868942621073,0.0258333407160524,0.0673454827396339,0.002662320639917651,0.025
2025-05-09,VALE3,0.0008292709967684913,8.89214763161998e-05,0.09684404841336353,0.13834864059051932,0.0,0.0141389974520534,0.0071482061996023995,0.0035568590526479918,0.025
2025-05-12,ABEV3,0.00037503567572721953,0.00015837070129169907,0.2969044018123579,0.3026625642635638,0.28346868942621073,0.016697004524219197,0.01397079005169855,0.006334828051667962,0.025
2025-05-12,BBAS3,0.000296216626567376,0.00022031742067812603,0.42653029718564117,0.23875840308089288,0.8646647167633873,0.3156661038960189,0.2203905744493247,0.00881269682712504,0.025
2025-05-12,BBDC4,6.000251879643424e-05,0.00011024745824588601,0.6475622502931734,0.8036023478075861,0.28346868942621073,0.0402444847751135,0.1840583189440662,0.00440989832983544,0.025
2025-05-12,ITUB4,4.048361843413314e-05,6.655801599794128e-05,0.6217955877736256,0.8882794111051796,0.0,0.0070341413041132995,0.05937540843807465,0.002662320639917651,0.025
2025-05-12,VALE3,4.290631638884875e-05,8.89214763161998e-05,0.6745275369599237,0.5765987533132076,0.9030280321355949,0.0039358642077645,0.0071482061996023995,0.0035568590526479918,0.025
2025-05-13,ABEV3,0.00018810984407909291,0.00015837070129169907,0.4570839644754542,0.6529770921077918,0.0,0.005954535572025599,0.01397079005169855,0.006334828051667962,0.025
2025-05-13,BBAS3,0.00033869450246167644,0.00022031742067812603,0.39411935874403015,0.24742642882678306,0.7364028618842733,0.3387064467718273,0.24251486576582398,0.00881269682712504,0.025
2025-05-13,BBDC4,9.89499584383906e-05,0.00011024745824588601,0.5270020060155565,0.7528600085936522,0.0,0.05146745697720201,0.1813026131062495,0.00440989832983544,0.025
2025-05-13,ITUB4,4.674593100076972e-05,6.655801599794128e-05,0.5874289268907682,0.839184181272526,0.0,0.0101692051556103,0.05800200192936255,0.002662320639917651,0.025
2025-05-13,VALE3,0.0004986246071537573,8.89214763161998e-05,0.1513438329654811,0.007669955250369578,0.486582880967408,0.0289984840916425,0.00595397075227945,0.0035568590526479918,0.025
2025-05-14,ABEV3,0.0004665411188920657,0.00015837070129169907,0.25342887776571066,0.3620412539510152,0.0,0.012489381264237,0.012292733031506,0.006334828051667962,0.025
2025-05-14,BBAS3,0.00045541779376803953,0.00022031742067812603,0.3260410527201824,0.25723741204280004,0.486582880967408,0.34174286303039714,0.2516968466675964,0.00881269682712504,0.025
2025-05-14,BBDC4,0.00013465529946861163,0.00011024745824588601,0.4501683005726302,0.6430975722466146,0.0,0.08003763781297239,0.1813026131062495,0.00440989832983544,0.025
2025-05-14,ITUB4,4.669573439734066e-05,6.655801599794128e-05,0.5876892885722399,0.8395561265317714,0.0,0.0092382145010871,0.0528254323997962,0.002662320639917651,0.025
2025-05-14,VALE3,0.001689508050007796,8.89214763161998e-05,0.05,0.00576758863354317,0.0,0.0306957033597887,0.00595397075227945,0.0035568590526479918,0.025
2025-05-15,ABEV3,0.003009043324542282,0.00015837070129169907,0.05,0.04548541272769742,0.0,0.036721339284998704,0.0118825303403178,0.006334828051667962,0.025
2025-05-15,BBAS3,0.0002165540182754981,0.00022031742067812603,0.5043072195468327,0.29971701601921846,0.9816843611112658,0.3268584577538898,0.27127062312641365,0.00881269682712504,0.025
2025-05-15,BBDC4,7.666675849226704e-05,0.00011024745824588601,0.5898291749542571,0.8426131070775102,0.0,0.030400835258124096,0.1775258477865719,0.00440989832983544,0.025
2025-05-15,ITUB4,0.00013729855432273946,6.655801599794128e-05,0.32649433811841744,0.4664204830263106,0.0,0.0346881427755381,0.0454826414171188,0.002662320639917651,0.025
2025-05-15,VALE3,0.0009522264336737385,8.89214763161998e-05,0.08540715057196738,0.0005236339201488071,0.28346868942621073,0.0540026802100905,0.0071482061996023995,0.0035568590526479918,0.025
2025-05-16,ABEV3,0.003009043324542282,0.00015837070129169907,0.05,0.030871231412817078,0.0,0.041326615293630305,0.0118825303403178,0.006334828051667962,0.025
2025-05-16,BBAS3,9.985831634615175e-05,0.00022031742067812603,0.6881140423873535,0.5544586215967092,0.9999766908988571,0.17572506672736551,0.2979587352232974,0.00881269682712504,0.025
2025-05-16,BBDC4,9.661966161557025e-05,0.00011024745824588601,0.5329385274939841,0.7613407535628345,0.0,0.04840672750038311,0.1775258477865719,0.00440989832983544,0.025
2025-05-16,ITUB4,7.015643750319525e-05,6.655801599794128e-05,0.4868396449201179,0.5739986258460781,0.28346868942621073,0.022427177043852,0.04039999039269735,0.002662320639917651,0.025
2025-05-16,VALE3,0.0006873344887984014,8.89214763161998e-05,0.1145517462182362,0.04215877055767571,0.28346868942621073,0.0226334549034288,0.0071482061996023995,0.0035568590526479918,0.025
2025-05-19,ABEV3,0.003009043324542282,0.00015837070129169907,0.05,0.01265820599948558,0.0,0.051920117187123804,0.0118825303403178,0.006334828051667962,0.025
2025-05-19,BBAS3,8.793798996234258e-05,0.00022031742067812603,0.7147236125405487,0.5953499952003919,0.9932620530009145,0.1545231339524164,0.2979587352232974,0.00881269682712504,0.025
2025-05-19,BBDC4,0.0001292625036209099,0.00011024745824588601,0.46030427038020416,0.5360909479319157,0.28346868942621073,0.0792921279611046,0.1271825216508447,0.00440989832983544,0.025
2025-05-19,ITUB4,0.00014148356677230961,6.655801599794128e-05,0.3199265027292361,0.4570378610417659,0.0,0.0282752590223225,0.0361119471814964,0.002662320639917651,0.025
2025-05-19,VALE3,0.0003134229139563981,8.89214763161998e-05,0.2210083661311977,0.0001250108084510208,0.7364028618842733,0.0659248608704818,0.00733549030258205,0.0035568590526479918,0.025
2025-05-20,ABEV3,0.003009043324542282,0.00015837070129169907,0.05,0.023580026276067804,0.0,0.0483393239101908,0.0128995839554252,0.006334828051667962,0.025
2025-05-20,BBAS3,0.00019331559431446667,0.00022031742067812603,0.5326398345694708,0.552378528970355,0.486582880967408,0.1768449830536855,0.2979587352232974,0.00881269682712504,0.025
2025-05-20,BBDC4,0.0002325548669869079,0.00011024745824588601,0.3216065065224338,0.45943786646061974,0.0,0.0619594874380686,0.07966488288703849,0.00440989832983544,0.025
2025-05-20,ITUB4,0.0001885319252039385,6.655801599794128e-05,0.2609197982654551,0.37274256895065017,0.0,0.03292593484479,0.033364096810765,0.002662320639917651,0.025
2025-05-20,VALE3,0.0009478601032530703,8.89214763161998e-05,0.08576683659169769,0.001037471091192115,0.28346868942621073,0.0694176614376138,0.0101030378274873,0.0035568590526479918,0.025
2025-05-21,ABEV3,0.003009043324542282,0.00015837070129169907,0.05,0.0690841944834042,0.0,0.036239711100418,0.01356058736051035,0.006334828051667962,0.025
2025-05-21,BBAS3,0.00012593577999193877,0.00022031742067812603,0.6362899180477481,0.5219735834386711,0.9030280321355949,0.1937143852364471,0.2979587352232974,0.00881269682712504,0.025
2025-05-21,BBDC4,0.00021762660939103948,0.00011024745824588601,0.33624939916861496,0.4803562845265928,0.0,0.051784762590832895,0.0706258076995866,0.00440989832983544,0.025
2025-05-21,ITUB4,9.78550061338539e-05,6.655801599794128e-05,0.40482204593616483,0.5783172084802355,0.0,0.0177887509356001,0.032482992845390954,0.002662320639917651,0.025
2025-05-21,VALE3,0.000514668540274644,8.89214763161998e-05,0.1473209858878052,0.0019230308536897628,0.486582880967408,0.0826060800312104,0.013208830315711299,0.0035568590526479918,0.025
2025-05-22,ABEV3,0.001875250762505656,0.00015837070129169907,0.07787619481354977,0.11125170687649967,0.0,0.029778507628251502,0.01356058736051035,0.006334828051667962,0.025
2025-05-22,BBAS3,0.00013404953756610252,0.00022031742067812603,0.6217211157883518,0.5011610087823903,0.9030280321355949,0.2058381938469954,0.2979587352232974,0.00881269682712504,0.025
2025-05-22,BBDC4,0.00021945398760927432,0.00011024745824588601,0.3343857287611603,0.477693898230229,0.0,0.042016280379847205,0.05687212501445075,0.00440989832983544,0.025
2025-05-22,ITUB4,7.987542940085204e-05,6.655801599794128e-05,0.4545274190379034,0.649324884339862,0.0,0.0130227417438872,0.030157654934157202,0.002662320639917651,0.025
2025-05-22,VALE3,0.0002751271899827488,8.89214763161998e-05,0.24425711325963076,0.03333750670621253,0.7364028618842733,0.0625328825011439,0.0183862261777411,0.0035568590526479918,0.025
2025-05-23,ABEV3,0.003009043324542282,0.00015837070129169907,0.05,0.06281259869940138,0.0,0.0433527845275384,0.015664398990501448,0.006334828051667962,0.025
2025-05-23,BBAS3,0.00023035428380263658,0.00022031742067812603,0.4888645514853496,0.5768913495106949,0.28346868942621073,0.1639074973100109,0.2979587352232974,0.00881269682712504,0.025
2025-05-23,BBDC4,0.0001675412619680638,0.00011024745824588601,0.39687521567101297,0.5669645938157328,0.0,0.029295670790672898,0.05162610978401745,0.00440989832983544,0.025
2025-05-23,ITUB4,5.3579808623605016e-05,6.655801599794128e-05,0.5540138270990828,0.7914483244272612,0.0,0.0063277488623826005,0.027054299869187448,0.002662320639917651,0.025
2025-05-23,VALE3,0.00019141451035107457,8.89214763161998e-05,0.3171960809360486,0.08256666558147487,0.8646647167633873,0.06438888081310269,0.025815969497535653,0.0035568590526479918,0.025
2025-05-26,ABEV3,0.003009043324542282,0.00015837070129169907,0.05,0.045580154355918306,0.0,0.0717647639969608,0.02323775607623535,0.006334828051667962,0.025
2025-05-26,BBAS3,0.00013646733712421465,0.00022031742067812603,0.6175079396193888,0.5665529729344382,0.7364028618842733,0.1692955927182443,0.2979587352232974,0.00881269682712504,0.025
2025-05-26,BBDC4,0.0001085042554619736,0.00011024745824588601,0.5039844322916721,0.7199777604166745,0.0,0.016406080389418,0.04993709223879256,0.00440989832983544,0.025
2025-05-26,ITUB4,0.00021971607787707635,6.655801599794128e-05,0.2324975169670762,0.33213930995296603,0.0,0.0265963903951883,0.024130258879952203,0.002662320639917651,0.025
2025-05-26,VALE3,0.00019323357523853816,8.89214763161998e-05,0.3151511051325235,0.13461463795320214,0.7364028618842733,0.059853544552314494,0.0298470937257156,0.0035568590526479918,0.025
2025-05-27,ABEV3,0.000566409616132338,0.00015837070129169907,0.21850855698533456,0.19066850022495907,0.28346868942621073,0.05470332188311001,0.03300910936433475,0.006334828051667962,0.025
2025-05-27,BBAS3,0.00024302089578995915,0.00022031742067812603,0.47550011049712426,0.5577992909560873,0.28346868942621073,0.1493677927768825,0.2558736417329451,0.00881269682712504,0.025
2025-05-27,BBDC4,8.027063980628491e-05,0.00011024745824588601,0.5786718394369871,0.8266740563385531,0.0,0.008605774196479,0.04521150394011515,0.00440989832983544,0.025
2025-05-27,ITUB4,0.00047344301416763634,6.655801599794128e-05,0.12325535004541185,0.1760790714934455,0.0,0.041909967263046605,0.024130258879952203,0.002662320639917651,0.025
2025-05-27,VALE3,7.005367073128582e-05,8.89214763161998e-05,0.5593419975868247,0.528151185626082,0.6321205588285577,0.0270345678961872,0.0423491917849396,0.0035568590526479918,0.025
2025-05-28,ABEV3,0.0010290214015079297,0.00015837070129169907,0.1333769198214248,0.19053845688774973,0.0,0.060481107637744495,0.03648052519270835,0.006334828051667962,0.025
2025-05-28,BBAS3,0.00020034330635555867,0.00022031742067812603,0.5237413585806026,0.5396664204148288,0.486582880967408,0.1232228285340316,0.19977628954172125,0.00881269682712504,0.025
2025-05-28,BBDC4,5.700655354361988e-05,0.00011024745824588601,0.6591618166064422,0.9416597380092032,0.0,0.0024924053515164996,0.04146318744368455,0.00440989832983544,0.025
2025-05-28,ITUB4,0.0001994198188886366,6.655801599794128e-05,0.25023895704062676,0.2359976431610908,0.28346868942621073,0.034842488209991404,0.024130258879952203,0.002662320639917651,0.025
2025-05-28,VALE3,4.5590832603028774e-05,8.89214763161998e-05,0.6610657197892204,0.9443795996988863,0.0,0.0024235203888416006,0.0423491917849396,0.0035568590526479918,0.025
2025-05-29,ABEV3,0.0005546462830718418,0.00015837070129169907,0.22211350467768343,0.3173050066824049,0.0,0.0447953035923066,0.039023977289314504,0.006334828051667962,0.025
2025-05-29,BBAS3,0.00010756094372632806,0.00022031742067812603,0.6719486388749751,0.6123018853232052,0.8111243971624382,0.09088521408181419,0.1852796841450663,0.00881269682712504,0.025
2025-05-29,BBDC4,0.00015415797595990638,0.00011024745824588601,0.4169636625549763,0.5956623750785376,0.0,0.021308880314753496,0.04113038257748035,0.00440989832983544,0.025
2025-05-29,ITUB4,3.0472654286322704e-05,6.655801599794128e-05,0.6859482244423428,0.709017223991108,0.6321205588285577,0.0082978038574632,0.024130258879952203,0.002662320639917651,0.025
2025-05-29,VALE3,1.0542497748636395e-05,8.89214763161998e-05,0.8940068718572998,0.8901406603094592,0.9030280321355949,0.0049284203725426,0.0423491917849396,0.0035568590526479918,0.025
2025-05-30,ABEV3,0.00039887698579601794,0.00015837070129169907,0.2842016305520704,0.40600232936010056,0.0,0.0381648523167677,0.04233969991058435,0.006334828051667962,0.025
2025-05-30,BBAS3,0.00011977774442526498,0.00022031742067812603,0.6478110931425567,0.6098431922532496,0.7364028618842733,0.08718236137984059,0.1762850248905255,0.00881269682712504,0.025
2025-05-30,BBDC4,0.00013295625870687555,0.00011024745824588601,0.4533132125908249,0.5261037225185168,0.28346868942621073,0.0264162717872724,0.04113038257748035,0.00440989832983544,0.025
2025-05-30,ITUB4,2.672100286264941e-05,6.655801599794128e-05,0.7135368361604978,0.8978517561894781,0.28346868942621073,0.0021666392830211,0.02010796398972605,0.002662320639917651,0.025
2025-05-30,VALE3,6.152528493994354e-05,8.89214763161998e-05,0.591049455460237,0.4737857720446011,0.8646647167633873,0.0316348469901697,0.0423491917849396,0.0035568590526479918,0.025
2025-06-02,ABEV3,0.00012542905323499221,0.00015837070129169907,0.5580367803905354,0.7971954005579078,0.0,0.0095965241661001,0.04233969991058435,0.006334828051667962,0.025
2025-06-02,BBAS3,6.336994602207453e-05,0.00022031742067812603,0.7766204862797307,0.7022237239858428,0.950212931632136,0.06098295886755539,0.1725103297228049,0.00881269682712504,0.025
2025-06-02,BBDC4,0.00010836305505541542,0.00011024745824588601,0.5043099555506587,0.5989562124611364,0.28346868942621073,0.0185593040564708,0.03620855781898565,0.00440989832983544,0.025
2025-06-02,ITUB4,3.12348150409215e-05,6.655801599794128e-05,0.680602200497613,0.8508022766710712,0.28346868942621073,0.0032489547325852,0.02010796398972605,0.002662320639917651,0.025
2025-06-02,VALE3,0.00010123902173668341,8.89214763161998e-05,0.4676127651467916,0.2547356616442391,0.9643260066527476,0.0585558963638705,0.042818763600130094,0.0035568590526479918,0.025
2025-06-03,ABEV3,0.00020528358635271164,0.00015837070129169907,0.43549796241246985,0.5006533651208667,0.28346868942621073,0.029292353169465303,0.04233969991058435,0.006334828051667962,0.025
2025-06-03,BBAS3,8.068811527248909e-05,0.00022031742067812603,0.7319381020097674,0.730024633492122,0.7364028618842733,0.0524256745302316,0.1666015450141276,0.00881269682712504,0.025
2025-06-03,BBDC4,0.00012914833226224868,0.00011024745824588601,0.46052379622832085,0.4493556170544264,0.486582880967408,0.023876831957155398,0.029848253024398495,0.00440989832983544,0.025
2025-06-03,ITUB4,0.00025362709384252043,6.655801599794128e-05,0.20787355174356817,0.29696221677652596,0.0,0.024414091807735402,0.02010796398972605,0.002662320639917651,0.025
2025-06-03,VALE3,0.0001268199132516767,8.89214763161998e-05,0.4121669768341941,0.38027444649138825,0.486582880967408,0.0544143085709817,0.0562792882869805,0.0035568590526479918,0.025
2025-06-04,ABEV3,0.00032152785343412345,0.00015837070129169907,0.3300087064904374,0.47144100927205346,0.0,0.031837815685881996,0.04233969991058435,0.006334828051667962,0.025
2025-06-04,BBAS3,6.512032779063556e-05,0.00022031742067812603,0.7718580386092053,0.89411882045569,0.486582880967408,0.0178188374068429,0.15921531563121366,0.00881269682712504,0.025
2025-06-04,BBDC4,0.00046210544391339225,0.00011024745824588601,0.19262147152563155,0.27517353075090223,0.0,0.0359440461324428,0.02785597128897265,0.00440989832983544,0.025
2025-06-04,ITUB4,0.00023947701927237258,6.655801599794128e-05,0.2174849554043774,0.31069279343482487,0.0,0.0273775660102004,0.0234206344257937,0.002662320639917651,0.025
2025-06-04,VALE3,0.00016615124459638998,8.89214763161998e-05,0.34861225456826517,0.37653092534343147,0.28346868942621073,0.0551721116881698,0.0564851024674261,0.0035568590526479918,0.025
2025-06-05,ABEV3,0.0002570220541419972,0.00015837070129169907,0.38125532816851865,0.5446504688121695,0.0,0.025726068744346197,0.04233969991058435,0.006334828051667962,0.025
2025-06-05,BBAS3,6.728753570699536e-05,0.00022031742067812603,0.7660418076491942,0.8234366285723242,0.6321205588285577,0.0295182455256736,0.15194546336464945,0.00881269682712504,0.025
2025-06-05,BBDC4,0.0005550920945825748,0.00011024745824588601,0.1657010435907607,0.23671577655822962,0.0,0.040137532885818006,0.02785597128897265,0.00440989832983544,0.025
2025-06-05,ITUB4,0.00022563649161834307,6.655801599794128e-05,0.22778667724085555,0.32540953891550795,0.0,0.0262936616893059,0.0234206344257937,0.002662320639917651,0.025
2025-06-05,VALE3,6.402614321817507e-05,8.89214763161998e-05,0.5813851604026747,0.5149490026248469,0.7364028618842733,0.0377399233979413,0.056864004026020154,0.0035568590526479918,0.025
2025-06-06,ABEV3,0.000316754222994024,0.00015837070129169907,0.3333243389194641,0.3546910458451442,0.28346868942621073,0.04224684796093919,0.04075881842215305,0.006334828051667962,0.025
2025-06-06,BBAS3,3.9142221648381167e-05,0.00022031742067812603,0.8491394603900513,0.9421475610592629,0.6321205588285577,0.0081222968926712,0.13629531065545705,0.00881269682712504,0.025
2025-06-06,BBDC4,0.0011885248591803608,0.00011024745824588601,0.08488590091322656,0.12126557273318081,0.0,0.058769757241794895,0.02785597128897265,0.00440989832983544,0.025
2025-06-06,ITUB4,0.0001546698263822483,6.655801599794128e-05,0.3008573210399008,0.42979617291414407,0.0,0.0214099341463687,0.025353876748520653,0.002662320639917651,0.025
2025-06-06,VALE3,0.00016733872194665158,8.89214763161998e-05,0.3469968294685826,0.4957097563836895,0.0,0.0399051502778278,0.056864004026020154,0.0035568590526479918,0.025
2025-06-09,ABEV3,0.000437459032084467,0.00015837070129169907,0.26579858711366905,0.37971226730524155,0.0,0.0389329934082468,0.040205850138853444,0.006334828051667962,0.025
2025-06-09,BBAS3,8.201188490176053e-05,0.00022031742067812603,0.72873326075864,0.7254462888476543,0.7364028618842733,0.0343609410920071,0.1070540213079229,0.00881269682712504,0.025
2025-06-09,BBDC4,0.0010957652016092344,0.00011024745824588601,0.09141484323981322,0.1305926331997332,0.0,0.0567056339082538,0.02785597128897265,0.00440989832983544,0.025
2025-06-09,ITUB4,5.520981372612659e-05,6.655801599794128e-05,0.5465977027657071,0.7808538610938672,0.0,0.0056676819703960005,0.022912012977052053,0.002662320639917651,0.025
2025-06-09,VALE3,0.00010838801335032972,8.89214763161998e-05,0.45067004362783036,0.6438143480397577,0.0,0.024127909203969698,0.05479321012957575,0.0035568590526479918,0.025
2025-06-10,ABEV3,0.00038020717540275864,0.00015837070129169907,0.2940534844537345,0.42007640636247795,0.0,0.033434200288835494,0.038548922862507246,0.006334828051667962,0.025
2025-06-10,BBAS3,7.660374177588354e-05,0.00022031742067812603,0.742006460089389,0.6612164220803278,0.9305165487771985,0.0368309699223307,0.08903378773082739,0.00881269682712504,0.025
2025-06-10,BBDC4,0.0005942802610341311,0.00011024745824588601,0.15648420243642358,0.22354886062346227,0.0,0.0417317345935469,0.02785597128897265,0.00440989832983544,0.025
2025-06-10,ITUB4,0.0002579537613996579,6.655801599794128e-05,0.20510200440704773,0.2930028634386396,0.0,0.0240596217059516,0.019599342540984402,0.002662320639917651,0.025
2025-06-10,VALE3,0.00014248975282222316,8.89214763161998e-05,0.38425739600998254,0.42745255597445625,0.28346868942621073,0.0400816188670885,0.04715972942440475,0.0035568590526479918,0.025
2025-06-11,ABEV3,0.00038595513578236045,0.00015837070129169907,0.2909483447322593,0.4156404924746562,0.0,0.03384343290927,0.038548922862507246,0.006334828051667962,0.025
2025-06-11,BBAS3,0.00013235029599010611,0.00022031742067812603,0.6247167241717987,0.6215436521760449,0.6321205588285577,0.0352299448432801,0.07408266012369799,0.00881269682712504,0.025
2025-06-11,BBDC4,0.00028864768336463593,0.00011024745824588601,0.27638205319013576,0.39483150455733684,0.0,0.0258864475928479,0.02785597128897265,0.00440989832983544,0.025
2025-06-11,ITUB4,0.0005220424963872491,6.655801599794128e-05,0.11307842007854821,0.16154060011221175,0.0,0.04144547228723219,0.02273477792616015,0.002662320639917651,0.025
2025-06-11,VALE3,0.00021232810577743013,8.89214763161998e-05,0.29517543459549944,0.2131436718646815,0.486582880967408,0.061821326940419,0.03999338457245815,0.0035568590526479918,0.025
2025-06-12,ABEV3,0.0002225866866111564,0.00015837070129169907,0.41571762701208925,0.47239574312032295,0.28346868942621073,0.0289093100499539,0.038548922862507246,0.006334828051667962,0.025
2025-06-12,BBAS3,0.0001952773296101196,0.00022031742067812603,0.5301256104060978,0.3585294939613405,0.9305165487771985,0.05816413258011249,0.056704316698893496,0.00881269682712504,0.025
2025-06-12,BBDC4,0.00022164543927511866,0.00011024745824588601,0.33217781720956746,0.4745397388708107,0.0,0.0194934828168163,0.02615135969006015,0.00440989832983544,0.025
2025-06-12,ITUB4,0.0007080981450680241,6.655801599794128e-05,0.08591943024935622,0.12274204321336603,0.0,0.050840935444129404,0.0242368567568435,0.002662320639917651,0.025
2025-06-12,VALE3,0.00026164445215696373,8.89214763161998e-05,0.2536512224775629,0.24087230807099957,0.28346868942621073,0.0569301161335666,0.03999338457245815,0.0035568590526479918,0.025
2025-06-13,ABEV3,0.00022250706031041155,0.00015837070129169907,0.4158045369347221,0.5940064813353173,0.0,0.018753299482574,0.03600414261301885,0.006334828051667962,0.025
2025-06-13,BBAS3,0.00032692446339283287,0.00022031742067812603,0.4025960495552242,0.3666016932357169,0.486582880967408,0.055487292486185405,0.05529490355517205,0.00881269682712504,0.025
2025-06-13,BBDC4,0.000172066668966163,0.00011024745824588601,0.39051343032181324,0.5578763290311618,0.0,0.0145213721884566,0.02488163977500165,0.00440989832983544,0.025
2025-06-13,ITUB4,0.00031631763715352367,6.655801599794128e-05,0.17383715953234308,0.24833879933191869,0.0,0.035316970098891606,0.025353876748520653,0.002662320639917651,0.025
2025-06-13,VALE3,0.0001893047254960779,8.89214763161998e-05,0.31960137376348224,0.3350868099080272,0.28346868942621073,0.0437273927856952,0.03999338457245815,0.0035568590526479918,0.025
2025-06-16,ABEV3,0.00013506361809900301,0.00015837070129169907,0.5397143102434162,0.7710204432048804,0.0,0.0087474510073661,0.03363881659905275,0.006334828051667962,0.025
2025-06-16,BBAS3,0.00027900659410343896,0.00022031742067812603,0.44123137312854144,0.25975994014217896,0.8646647167633873,0.0727331984906319,0.0539564835082085,0.00881269682712504,0.025
2025-06-16,BBDC4,0.00011991268061766723,0.00011024745824588601,0.479003266118311,0.6842903801690158,0.0,0.009439420311872799,0.02488163977500165,0.00440989832983544,0.025
2025-06-16,ITUB4,0.0005788793856368335,6.655801599794128e-05,0.10312079193018876,0.1473154170431268,0.0,0.048557219841030994,0.025353876748520653,0.002662320639917651,0.025
2025-06-16,VALE3,3.543857492469349e-05,8.89214763161998e-05,0.7150324837350965,0.6226821701456243,0.9305165487771985,0.0189456281719697,0.03999338457245815,0.0035568590526479918,0.025
2025-06-17,ABEV3,0.00014368959895853876,0.00015837070129169907,0.5243016085215402,0.7490022978879145,0.0,0.009432238002071899,0.032636007987358745,0.006334828051667962,0.025
2025-06-17,BBAS3,0.0005288912432218669,0.00022031742067812603,0.2940668351741522,0.21155995840561406,0.486582880967408,0.0838077369342863,0.0539564835082085,0.00881269682712504,0.025
2025-06-17,BBDC4,0.0004767048025252356,0.00011024745824588601,0.18783036647826512,0.2683290949689502,0.0,0.032732819398705204,0.02488163977500165,0.00440989832983544,0.025
2025-06-17,ITUB4,0.00038613055931138154,6.655801599794128e-05,0.1470282654084258,0.21004037915489404,0.0,0.039563596039724994,0.025353876748520653,0.002662320639917651,0.025
2025-06-17,VALE3,0.00013124036556203813,8.89214763161998e-05,0.40389140805507273,0.20641713289436647,0.8646647167633873,0.063103811430792,0.03999338457245815,0.0035568590526479918,0.025
2025-06-18,ABEV3,8.72128449165953e-05,0.00015837070129169907,0.644875048580719,0.9212500694010272,0.0,0.0025070631539087004,0.03056508442767365,0.006334828051667962,0.025
2025-06-18,BBAS3,0.00048048382571456874,0.00022031742067812603,0.31437932197208296,0.1335120905811443,0.7364028618842733,0.1086447917027919,0.0539564835082085,0.00881269682712504,0.025
2025-06-18,BBDC4,0.00024986179440619207,0.00011024745824588601,0.3061500292868129,0.1664483737689223,0.6321205588285577,0.046891220744843,0.02615135969006015,0.00440989832983544,0.025
2025-06-18,ITUB4,0.0006719649048479649,6.655801599794128e-05,0.09012315544885938,0.12874736492694197,0.0,0.0519729932372692,0.025353876748520653,0.002662320639917651,0.025
2025-06-18,VALE3,0.0006056953564303522,8.89214763161998e-05,0.12801514752327486,0.18287878217610695,0.0,0.0711928949178464,0.04190450582639185,0.0035568590526479918,0.025
2025-06-20,ABEV3,7.246091280680414e-05,0.00015837070129169907,0.6860875704144981,0.9801251005921402,0.0,0.0005842009929703015,0.029100831609709603,0.006334828051667962,0.025
2025-06-20,BBAS3,0.002184971848185008,0.00022031742067812603,0.09159705800469464,0.13085294000670664,0.0,0.1097302851430652,0.0539564835082085,0.00881269682712504,0.025
2025-06-20,BBDC4,0.0003681246149531767,0.00011024745824588601,0.23046382601019702,0.2077474559747626,0.28346868942621073,0.0464743900195069,0.029574545592988805,0.00440989832983544,0.025
2025-06-20,ITUB4,0.0002861382571793111,6.655801599794128e-05,0.18871199119388377,0.2695885588484054,0.0,0.035177688179700295,0.02683561384975315,0.002662320639917651,0.025
2025-06-20,VALE3,0.0002735790155673373,8.89214763161998e-05,0.24530029146765456,0.07952017688441036,0.6321205588285577,0.12423485593415741,0.049070850678338454,0.0035568590526479918,0.025
2025-06-23,ABEV3,9.526637544444523e-05,0.00015837070129169907,0.6243988589115079,0.8919983698735828,0.0,0.003122165325891999,0.027317689397150048,0.006334828051667962,0.025
2025-06-23,BBAS3,0.00033412929525990096,0.00022031742067812603,0.39736446144403154,0.16887070972981716,0.9305165487771985,0.09596818256879,0.0539564835082085,0.00881269682712504,0.025
2025-06-23,BBDC4,0.0004435846315447817,0.00011024745824588601,0.1990629656139216,0.28437566516274515,0.0,0.0431791764861722,0.034338432765574,0.00440989832983544,0.025
2025-06-23,ITUB4,0.00035545753918240434,6.655801599794128e-05,0.1577146035991449,0.22530657657020703,0.0,0.046612836275686395,0.03127762709495035,0.002662320639917651,0.025
2025-06-23,VALE3,0.0014657440312125726,8.89214763161998e-05,0.05719653255673335,0.0817093322239048,0.0,0.1372343649640769,0.05479321012957575,0.0035568590526479918,0.025
2025-06-24,ABEV3,0.00022844665371525374,0.00015837070129169907,0.4094198443832812,0.5848854919761161,0.0,0.0146515474345803,0.027317689397150048,0.006334828051667962,0.025
2025-06-24,BBAS3,0.0008694904194415785,0.00022031742067812603,0.20216171380628567,0.1673158671120321,0.28346868942621073,0.0964672770836579,0.0539564835082085,0.00881269682712504,0.025
2025-06-24,BBDC4,0.00022708855937876216,0.00011024745824588601,0.3268179277807142,0.46688275397244894,0.0,0.0289747988053368,0.0380407895091304,0.00440989832983544,0.025
2025-06-24,ITUB4,0.00037630472608293574,6.655801599794128e-05,0.15029039400606484,0.21470056286580694,0.0,0.054228401925848296,0.03524732913929595,0.002662320639917651,0.025
2025-06-24,VALE3,0.0014322208216899902,8.89214763161998e-05,0.05845704010252823,0.08351005728932605,0.0,0.1360399359772006,0.05479321012957575,0.0035568590526479918,0.025
2025-06-25,ABEV3,0.00040333630606226994,0.00015837070129169907,0.2819453900668523,0.19424360825232848,0.486582880967408,0.0364428847923578,0.022239684113460098,0.006334828051667962,0.025
2025-06-25,BBAS3,0.00046559343686385855,0.00022031742067812603,0.3212041597761709,0.18795427446800517,0.6321205588285577,0.0949873929393536,0.05682571253314895,0.00881269682712504,0.025
2025-06-25,BBDC4,0.00027121887975593254,0.00011024745824588601,0.2890096641905017,0.4128709488435739,0.0,0.0336516511046385,0.0380407895091304,0.00440989832983544,0.025
2025-06-25,ITUB4,0.00025353194671905556,6.655801599794128e-05,0.20793534240493391,0.2970504891499056,0.0,0.045447005820983696,0.0374402830693083,0.002662320639917651,0.025
2025-06-25,VALE3,0.0001731066981858603,8.89214763161998e-05,0.3393584544302532,0.11422719914462429,0.8646647167633873,0.1216065819774965,0.0560511139108682,0.0035568590526479918,0.025
2025-06-26,ABEV3,0.00043312771558155853,0.00015837070129169907,0.2677449284291723,0.3824927548988176,0.0,0.0213733498361923,0.022239684113460098,0.006334828051667962,0.025
2025-06-26,BBAS3,0.0012159177606465242,0.00022031742067812603,0.15339926464893142,0.21914180664133062,0.0,0.09935344612959551,0.0654486655353722,0.00881269682712504,0.025
2025-06-26,BBDC4,0.0004918850707871352,0.00011024745824588601,0.1830950047208627,0.2615642924583753,0.0,0.049478421063634204,0.03689459199522825,0.00440989832983544,0.025
2025-06-26,ITUB4,0.00015230836782029634,6.655801599794128e-05,0.30410342071177016,0.4344334581596717,0.0,0.0337691361059115,0.040504534163478594,0.002662320639917651,0.025
2025-06-26,VALE3,0.00010855052869019173,8.89214763161998e-05,0.4502991515851662,0.2727139093659286,0.8646647167633873,0.07714877408523191,0.059375721536992804,0.0035568590526479918,0.025
2025-06-27,ABEV3,0.00010841933332544573,0.00015837070129169907,0.5936155056127485,0.848022150875355,0.0,0.0033074094208414,0.02006332465938315,0.006334828051667962,0.025
2025-06-27,BBAS3,0.0007383981674516656,0.00022031742067812603,0.22980477568734317,0.2068059555135428,0.28346868942621073,0.1233522485647945,0.0782704677124591,0.00881269682712504,0.025
2025-06-27,BBDC4,0.0007599960039227544,0.00011024745824588601,0.12668576443096757,0.18097966347281083,0.0,0.0644290720174602,0.0376916928490927,0.00440989832983544,0.025
2025-06-27,ITUB4,0.00029328142694581307,6.655801599794128e-05,0.1849658710380585,0.2642369586257979,0.0,0.053907849377311495,0.040504534163478594,0.002662320639917651,0.025
2025-06-27,VALE3,7.846709550289066e-05,8.89214763161998e-05,0.5312278810306357,0.44329574637907665,0.7364028618842733,0.0508144326432885,0.0624625691856055,0.0035568590526479918,0.025
2025-06-30,ABEV3,7.290235575038526e-05,0.00015837070129169907,0.6847779992931933,0.9782542847045619,0.0,0.00036721343475260015,0.01670242345857715,0.006334828051667962,0.025
2025-06-30,BBAS3,0.0004235722124047518,0.00022031742067812603,0.34216643560988663,0.21790038280188478,0.6321205588285577,0.1362166145069775,0.08939756493681994,0.00881269682712504,0.025
2025-06-30,BBDC4,0.0005162578832809543,0.00011024745824588601,0.1759720962269926,0.12990212771304202,0.28346868942621073,0.07692776420947149,0.0376916928490927,0.00440989832983544,0.025
2025-06-30,ITUB4,0.0001577173072505407,6.655801599794128e-05,0.29676923450111126,0.21542052887269839,0.486582880967408,0.0666970679384394,0.043446239054107945,0.002662320639917651,0.025
2025-06-30,VALE3,0.00013036054111042014,8.89214763161998e-05,0.4055119401022307,0.45781619039195354,0.28346868942621073,0.0488012249251535,0.0624625691856055,0.0035568590526479918,0.025
2025-07-01,ABEV3,0.00025179679690139,0.00015837070129169907,0.386112263866273,0.5515889483803901,0.0,0.007164350189613401,0.012041892718326098,0.006334828051667962,0.025
2025-07-01,BBAS3,0.0006197022108156456,0.00022031742067812603,0.2622765140456834,0.25319415316831456,0.28346868942621073,0.1311481632981119,0.0954777877540718,0.00881269682712504,0.025
2025-07-01,BBDC4,0.00046237082089719634,0.00011024745824588601,0.19253220209957367,0.1535594218167292,0.28346868942621073,0.0706217064716099,0.0376916928490927,0.00440989832983544,0.025
2025-07-01,ITUB4,0.00028169346119600816,6.655801599794128e-05,0.19112055614016404,0.2730293659145201,0.0,0.059754935202479,0.046029921048335046,0.002662320639917651,0.025
2025-07-01,VALE3,3.4629052441645675e-05,8.89214763161998e-05,0.7197174889512828,0.7572590304324508,0.6321205588285577,0.0173677113561056,0.0624625691856055,0.0035568590526479918,0.025
2025-07-02,ABEV3,0.003009043324542282,0.00015837070129169907,0.05,0.00015030296450974342,0.0,0.0800166062126093,0.009089844504718999,0.006334828051667962,0.025
2025-07-02,BBAS3,0.00039700278177829654,0.00022031742067812603,0.35689326187843096,0.23893870604266235,0.6321205588285577,0.137740319866584,0.09621772982622395,0.00881269682712504,0.025
2025-07-02,BBDC4,0.00037974063919914,0.00011024745824588601,0.22500027821238083,0.19994238769216804,0.28346868942621073,0.0618382909815458,0.03841541379540535,0.00440989832983544,0.025
2025-07-02,ITUB4,0.00020011099982213926,6.655801599794128e-05,0.24959036126959513,0.3565576589565645,0.0,0.049072503487405106,0.047585028058358694,0.002662320639917651,0.025
2025-07-02,VALE3,2.733410312592777e-05,8.89214763161998e-05,0.7648792147689154,0.6655957542426497,0.9965406226635353,0.0254268109558668,0.0624625691856055,0.0035568590526479918,0.025
2025-07-03,ABEV3,0.003009043324542282,0.00015837070129169907,0.05,0.00013163965883846026,0.0,0.081221780410856,0.009089844504718999,0.006334828051667962,0.025
2025-07-03,BBAS3,0.0004784192084290776,0.00022031742067812603,0.31530824562558296,0.10281560925264499,0.8111243971624382,0.22272826241846608,0.09791036160662671,0.00881269682712504,0.025
2025-07-03,BBDC4,0.0007169595762187915,0.00011024745824588601,0.13327674167716919,0.19039534525309887,0.0,0.0743520607768164,0.04482678325283955,0.00440989832983544,0.025
2025-07-03,ITUB4,0.00041865983751252525,6.655801599794128e-05,0.13717140768091207,0.19595915382987442,0.0,0.079560855435649,0.04881486166421805,0.002662320639917651,0.025
2025-07-03,VALE3,2.75649635807459e-05,8.89214763161998e-05,0.7633633270522103,0.7749178121241834,0.7364028618842733,0.015304223983150698,0.0600169637821793,0.0035568590526479918,0.025
2025-07-04,ABEV3,0.0016996918730983526,0.00015837070129169907,0.08523432067065212,0.00027673406112701805,0.28346868942621073,0.0744681291640641,0.009089844504718999,0.006334828051667962,0.025
2025-07-04,BBAS3,0.00037506314316635103,0.00022031742067812603,0.37004469755528746,0.14162326844944145,0.9030280321355949,0.20327509559250562,0.1039991189161937,0.00881269682712504,0.025
2025-07-04,BBDC4,0.0004955630335244086,0.00011024745824588601,0.1819834085800029,0.25997629797143273,0.0,0.06288943281895851,0.04668280538217495,0.00440989832983544,0.025
2025-07-04,ITUB4,0.00032872797188280363,6.655801599794128e-05,0.16837939628161416,0.24054199468802023,0.0,0.0695543726205535,0.04881486166421805,0.002662320639917651,0.025
2025-07-04,VALE3,2.589469198887262e-05,8.89214763161998e-05,0.7744682445762421,0.835474395610964,0.6321205588285577,0.010238719847442901,0.05695912203704025,0.0035568590526479918,0.025
2025-07-07,ABEV3,0.0009240901412633447,0.00015837070129169907,0.14630617114784533,0.0004732955108899416,0.486582880967408,0.0695899461674134,0.009089844504718999,0.006334828051667962,0.025
2025-07-07,BBAS3,0.0003305215124461886,0.00022031742067812603,0.39996704559081026,0.16414738014452782,0.950212931632136,0.1973008550533931,0.10918753842292855,0.00881269682712504,0.025
2025-07-07,BBDC4,0.0004160319976110476,0.00011024745824588601,0.2094846322024324,0.29926376028918916,0.0,0.058131611219494506,0.048184820904238604,0.00440989832983544,0.025
2025-07-07,ITUB4,0.00016617863581470664,6.655801599794128e-05,0.28597994978255603,0.40854278540365146,0.0,0.0452258743259092,0.05052274836233715,0.002662320639917651,0.025
2025-07-07,VALE3,2.124729815784775e-05,8.89214763161998e-05,0.8071386537675158,0.9445196992532763,0.486582880967408,0.003251154658334001,0.05695912203704025,0.0035568590526479918,0.025
2025-07-08,ABEV3,0.003009043324542282,0.00015837070129169907,0.05,0.007808129020928509,0.0,0.0584343670518092,0.012041892718326098,0.006334828051667962,0.025
2025-07-08,BBAS3,0.00036008427861640056,0.00022031742067812603,0.3795947202530937,0.1946534301490889,0.8111243971624382,0.1907238135464816,0.11654126685392985,0.00881269682712504,0.025
2025-07-08,BBDC4,0.000346652728175381,0.00011024745824588601,0.24129440416607018,0.34470629166581457,0.0,0.0573057078581777,0.053805016141564355,0.00440989832983544,0.025
2025-07-08,ITUB4,0.00010656541453309446,6.655801599794128e-05,0.3844541192014414,0.5492201702877735,0.0,0.030276053983997,0.05052274836233715,0.002662320639917651,0.025
2025-07-08,VALE3,2.655357997958729e-05,8.89214763161998e-05,0.7700492138183435,0.8915347850401729,0.486582880967408,0.0065395237289499995,0.05695912203704025,0.0035568590526479918,0.025
2025-07-09,ABEV3,0.003009043324542282,0.00015837070129169907,0.05,0.06810999407178545,0.0,0.048392808667549,0.0180124486353863,0.006334828051667962,0.025
2025-07-09,BBAS3,0.00028279422266682877,0.00022031742067812603,0.4379096043441535,0.30998392254124507,0.7364028618842733,0.14903987529898968,0.1272502059314532,0.00881269682712504,0.025
2025-07-09,BBDC4,0.00018754462128902182,0.00011024745824588601,0.37021622072041227,0.5288803153148747,0.0,0.0367663890082039,0.057718659538836106,0.00440989832983544,0.025
2025-07-09,ITUB4,4.5342466224337905e-05,6.655801599794128e-05,0.594796507362054,0.8497092962315058,0.0,0.008228184938488,0.05052274836233715,0.002662320639917651,0.025
2025-07-09,VALE3,2.883919670966056e-05,8.89214763161998e-05,0.7551033297565526,0.8078102315828362,0.6321205588285577,0.010630390758022301,0.049807828784221,0.0035568590526479918,0.025
2025-07-10,ABEV3,0.001468942268220209,0.00015837070129169907,0.09732037061020928,0.13902910087172754,0.0,0.05703779710494811,0.028908117314275047,0.006334828051667962,0.025
2025-07-10,BBAS3,0.0006549654066975858,0.00022031742067812603,0.2517099773780385,0.3595856819686265,0.0,0.1367307208416693,0.1336823889025447,0.00881269682712504,0.025
2025-07-10,BBDC4,9.224539045205388e-05,0.00011024745824588601,0.544451119902723,0.7777873141467472,0.0,0.0145048242363522,0.057718659538836106,0.00440989832983544,0.025
2025-07-10,ITUB4,0.00018360297819979227,6.655801599794128e-05,0.2660607270585603,0.3800867529408005,0.0,0.0462808820494979,0.04784266988154575,0.002662320639917651,0.025
2025-07-10,VALE3,1.9352849987638763e-05,8.89214763161998e-05,0.8212609521731777,0.7556134459073287,0.9744384667934926,0.0104002886118396,0.03711401794051015,0.0035568590526479918,0.025
2025-07-11,ABEV3,0.0003227285274535631,0.00015837070129169907,0.32918510741482604,0.1993556282375125,0.6321205588285577,0.0684057756348796,0.0424178467299534,0.006334828051667962,0.025
2025-07-11,BBAS3,0.0002647504444700368,0.00022031742067812603,0.4541991678026962,0.377947143077327,0.6321205588285577,0.1327890050584276,0.1364736676743234,0.00881269682712504,0.025
2025-07-11,BBDC4,8.472528660950127e-05,0.00011024745824588601,0.5654506137647975,0.807786591092568,0.0,0.0123204735699435,0.057718659538836106,0.00440989832983544,0.025
2025-07-11,ITUB4,0.00027183167840965825,6.655801599794128e-05,0.19669043442490403,0.28098633489272007,0.0,0.0607338409736083,0.04784266988154575,0.002662320639917651,0.025
2025-07-11,VALE3,2.499669398627657e-05,8.89214763161998e-05,0.7805732490268659,0.8441958305404267,0.6321205588285577,0.003624070910142399,0.0213972611559862,0.0035568590526479918,0.025
2025-07-14,ABEV3,0.0007426468573935959,0.00015837070129169907,0.17576871811775022,0.2510981687396432,0.0,0.0728478730470532,0.05271530288624855,0.006334828051667962,0.025
2025-07-14,BBAS3,0.0001653479659435733,0.00022031742067812603,0.5712657353257274,0.4684691659671371,0.8111243971624382,0.103485934251832,0.1364736676743234,0.00881269682712504,0.025
2025-07-14,BBDC4,7.546991392907251e-05,0.00011024745824588601,0.5936302940040813,0.8480432771486877,0.0,0.0095133978364199,0.057718659538836106,0.00440989832983544,0.025
2025-07-14,ITUB4,0.00040919211674973977,6.655801599794128e-05,0.1399012032083678,0.1998588617262397,0.0,0.0829065910683415,0.0514901764323583,0.002662320639917651,0.025
2025-07-14,VALE3,9.958881729358904e-05,8.89214763161998e-05,0.471706210909972,0.3262412739446294,0.8111243971624382,0.0182982125324814,0.01633596766962815,0.0035568590526479918,0.025
2025-07-15,ABEV3,0.0007519119100978099,0.00015837070129169907,0.1739797062034973,0.24854243743356758,0.0,0.0803768059343098,0.05773608207837865,0.006334828051667962,0.025
2025-07-15,BBAS3,0.00022958697600510738,0.00022031742067812603,0.48969830546743043,0.4286601968840902,0.6321205588285577,0.11560558229321499,0.1364736676743234,0.00881269682712504,0.025
2025-07-15,BBDC4,5.9001432358262344e-05,0.00011024745824588601,0.6513925016131468,0.9305607165902098,0.0,0.0041538938031168,0.057718659538836106,0.00440989832983544,0.025
2025-07-15,ITUB4,0.000184674548079569,6.655801599794128e-05,0.2649259113456598,0.2569790064539951,0.28346868942621073,0.0699628376657485,0.0514901764323583,0.002662320639917651,0.025
2025-07-15,VALE3,0.00018856357197664993,8.89214763161998e-05,0.32045501861547016,0.05900007711758661,0.9305165487771985,0.046234325699447604,0.01633596766962815,0.0035568590526479918,0.025
2025-07-16,ABEV3,0.00032220367165346767,0.00015837070129169907,0.329544624531548,0.15517680852323715,0.7364028618842733,0.1181636498303354,0.0634200713433444,0.006334828051667962,0.025
2025-07-16,BBAS3,0.00014995759716118897,0.00022031742067812603,0.5950102223038316,0.5344133767693567,0.7364028618842733,0.0855124384503613,0.1364736676743234,0.00881269682712504,0.025
2025-07-16,BBDC4,7.839973103218886e-05,0.00011024745824588601,0.5844108182464147,0.8348725974948782,0.0,0.0104168410886529,0.057718659538836106,0.00440989832983544,0.025
2025-07-16,ITUB4,0.0002255806702069234,6.655801599794128e-05,0.22783020236925045,0.3254717176703578,0.0,0.063792084735669,0.05683139228989525,0.002662320639917651,0.025
2025-07-16,VALE3,0.00016975405498298885,8.89214763161998e-05,0.34375681329267926,0.22017235092015996,0.6321205588285577,0.0247219488843923,0.01633596766962815,0.0035568590526479918,0.025
2025-07-17,ABEV3,0.0008226118181297635,0.00015837070129169907,0.16144090048118154,0.23062985783025935,0.0,0.1012158049123709,0.0689978609011465,0.006334828051667962,0.025
2025-07-17,BBAS3,6.057407182624655e-05,0.00022031742067812603,0.7843506355917718,0.7499303150896509,0.8646647167633873,0.0392737083478234,0.1364736676743234,0.00881269682712504,0.025
2025-07-17,BBDC4,6.847928756654585e-05,0.00011024745824588601,0.616849245168864,0.8812132073840915,0.0,0.007298852122112899,0.057718659538836106,0.00440989832983544,0.025
2025-07-17,ITUB4,0.0001353966991907911,6.655801599794128e-05,0.32956901222009566,0.4708128746001367,0.0,0.0453817696817278,0.06024438808804365,0.002662320639917651,0.025
2025-07-17,VALE3,0.00014797534425301184,8.89214763161998e-05,0.3753595177113006,0.22062665592288372,0.7364028618842733,0.0246882758753828,0.01633596766962815,0.0035568590526479918,0.025
2025-07-18,ABEV3,0.000623002616517953,0.00015837070129169907,0.20268250486930406,0.28954643552757725,0.0,0.0882715365349583,0.0712189096072333,0.006334828051667962,0.025
2025-07-18,BBAS3,1.9484843152831582e-05,0.00022031742067812603,0.9187462084737994,0.9648698418929542,0.8111243971624382,0.004880580257069195,0.1364736676743234,0.00881269682712504,0.025
2025-07-18,BBDC4,0.00017685278983175818,0.00011024745824588601,0.384003354173593,0.54857622024799,0.0,0.0282418097667484,0.0470360484331908,0.00440989832983544,0.025
2025-07-18,ITUB4,0.00024202593290856226,6.655801599794128e-05,0.21568852247110037,0.30812646067300054,0.0,0.0709224042736948,0.06024438808804365,0.002662320639917651,0.025
2025-07-18,VALE3,0.0001429672682533102,8.89214763161998e-05,0.3834661163968011,0.3392732172951125,0.486582880967408,0.017658356827501803,0.01633596766962815,0.0035568590526479918,0.025
2025-07-21,ABEV3,0.0004158020441932798,0.00015837070129169907,0.27582413574494935,0.2725478984529802,0.28346868942621073,0.0957510487050038,0.07365800110555865,0.006334828051667962,0.025
2025-07-21,BBAS3,5.3812229349233153e-05,0.00022031742067812603,0.8036978876824799,0.7409057259897701,0.950212931632136,0.0404120420155319,0.13475986295004844,0.00881269682712504,0.025
2025-07-21,BBDC4,9.258364996090867e-05,0.00011024745824588601,0.5435431439514898,0.7764902056449855,0.0,0.0082226026501337,0.03250409938747615,0.00440989832983544,0.025
2025-07-21,ITUB4,8.940373138528411e-05,6.655801599794128e-05,0.4267585937877225,0.6096551339824607,0.0,0.029812648486788402,0.06024438808804365,0.002662320639917651,0.025
2025-07-21,VALE3,3.5592721314758425e-05,8.89214763161998e-05,0.714147286076966,0.5931215703970077,0.9965406226635353,0.008533188962031799,0.01633596766962815,0.0035568590526479918,0.025
2025-07-22,ABEV3,0.0005839518497350073,0.00015837070129169907,0.21334486076525164,0.3047783725217881,0.0,0.0917770959930857,0.0772423676883367,0.006334828051667962,0.025
2025-07-22,BBAS3,7.524254582026623e-05,0.00022031742067812603,0.7454237571086085,0.749289855061895,0.7364028618842733,0.0388956558167125,0.13475986295004844,0.00881269682712504,0.025
2025-07-22,BBDC4,0.0001556789547029392,0.00011024745824588601,0.41457881909271643,0.5922554558467378,0.0,0.011195711577683799,0.0213733170015503,0.00440989832983544,0.025
2025-07-22,ITUB4,0.00014529132162887723,6.655801599794128e-05,0.3141761817315002,0.44882311675928604,0.0,0.043984381715167095,0.054903172230506704,0.002662320639917651,0.025
2025-07-22,VALE3,0.0001765552258864875,8.89214763161998e-05,0.3349502068483194,0.05099118928759903,0.9975212478233336,0.038592034849716,0.0129673073705865,0.0035568590526479918,0.025
2025-07-23,ABEV3,0.0007683415040752316,0.00015837070129169907,0.17089523627132155,0.24413605181617365,0.0,0.1091679724725718,0.07742246754918695,0.006334828051667962,0.025
2025-07-23,BBAS3,9.857809926885311e-05,0.00022031742067812603,0.690876499973273,0.5999544147608495,0.9030280321355949,0.06345259630935719,0.1241972936758213,0.00881269682712504,0.025
2025-07-23,BBDC4,0.0011705188022208379,0.00011024745824588601,0.086079296159559,0.1229704230850843,0.0,0.028110382679936298,0.013412648903147851,0.00440989832983544,0.025
2025-07-23,ITUB4,0.00011295306500708033,6.655801599794128e-05,0.37077385766552984,0.5296769395221855,0.0,0.0340032864924146,0.0535073615115531,0.002662320639917651,0.025
2025-07-23,VALE3,0.00014989767596577263,8.89214763161998e-05,0.3723381289420654,0.10896463937592532,0.986876271263059,0.0287450433709755,0.0129673073705865,0.0035568590526479918,0.025
2025-07-24,ABEV3,0.000566622764038135,0.00015837070129169907,0.218444315521725,0.3120633078881786,0.0,0.0901622727902884,0.07742246754918695,0.006334828051667962,0.025
2025-07-24,BBAS3,4.6811210374294356e-05,0.00022031742067812603,0.8247615383275472,0.8626295425175218,0.7364028618842733,0.016187570908403396,0.1095457582725235,0.00881269682712504,0.025
2025-07-24,BBDC4,0.00037595578520566164,0.00011024745824588601,0.22675179512016702,0.3239311358859529,0.0,0.015119064164554104,0.013412648903147851,0.00440989832983544,0.025
2025-07-24,ITUB4,0.0003813497797887426,6.655801599794128e-05,0.1485975833062739,0.2122822618661056,0.0,0.07103115177303561,0.04583132586561285,0.002662320639917651,0.025
2025-07-24,VALE3,7.252115901341197e-05,8.89214763161998e-05,0.5507930178087835,0.4392224266572173,0.8111243971624382,0.011637274026950702,0.014144373792762052,0.0035568590526479918,0.025
2025-07-25,ABEV3,0.0005424150368889501,0.00015837070129169907,0.22599018881699065,0.32284312688141525,0.0,0.0953359592689592,0.08432417123463405,0.006334828051667962,0.025
2025-07-25,BBAS3,0.00010018460033795058,0.00022031742067812603,0.68741351452219,0.5950072926878736,0.9030280321355949,0.0490622403648678,0.09449918635109665,0.00881269682712504,0.025
2025-07-25,BBDC4,0.0009550285940902173,0.00011024745824588601,0.10349191461135188,0.14784559230193126,0.0,0.0256394432010222,0.013412648903147851,0.00440989832983544,0.025
2025-07-25,ITUB4,0.00029858049853155794,6.655801599794128e-05,0.1822815543950626,0.2604022205643752,0.0,0.0616673249499682,0.04583132586561285,0.002662320639917651,0.025
2025-07-25,VALE3,0.0003968655156929516,8.89214763161998e-05,0.18304622762423553,0.1400080297091033,0.28346868942621073,0.028798418126931402,0.014647815427226252,0.0035568590526479918,0.025
2025-07-28,ABEV3,0.00015527194898562227,0.00015837070129169907,0.5049399408902726,0.5128072522857862,0.486582880967408,0.0595839764683411,0.08921690466262336,0.006334828051667962,0.025
2025-07-28,BBAS3,9.57116545962885e-05,0.00022031742067812603,0.6971428830933353,0.7873828840044469,0.486582880967408,0.0178043484792872,0.07448251737985925,0.00881269682712504,0.025
2025-07-28,BBDC4,0.0005692221506719347,0.00011024745824588601,0.16225517197373288,0.11030652163695667,0.28346868942621073,0.0295680802654323,0.013412648903147851,0.00440989832983544,0.025
2025-07-28,ITUB4,0.00019583513741487833,6.655801599794128e-05,0.2536575940806902,0.24088141036118146,0.28346868942621073,0.07616508262632381,0.0535073615115531,0.002662320639917651,0.025
2025-07-28,VALE3,0.0001743002438431429,8.89214763161998e-05,0.3378196763639821,0.05965256426437769,0.986876271263059,0.050684706347267405,0.017978284679991602,0.0035568590526479918,0.025
2025-07-29,ABEV3,0.0003484354884303883,0.00015837070129169907,0.31248770142003074,0.44641100202861533,0.0,0.071954791678809,0.08921690466262336,0.006334828051667962,0.025
2025-07-29,BBAS3,4.916606701547841e-05,0.00022031742067812603,0.8175544355749955,0.8970260970377547,0.6321205588285577,0.006113511858912603,0.056257418337112494,0.00881269682712504,0.025
2025-07-29,BBDC4,0.002094701706671834,0.00011024745824588601,0.05,0.05524013514253254,0.0,0.038843909805435894,0.013412648903147851,0.00440989832983544,0.025
2025-07-29,ITUB4,0.00032755080741062585,6.655801599794128e-05,0.16888232905392608,0.24126047007703727,0.0,0.0870197710944319,0.06120058296178825,0.002662320639917651,0.025
2025-07-29,VALE3,0.00028071385777076884,8.89214763161998e-05,0.2405654116802539,0.0727560629024094,0.6321205588285577,0.0563261207771449,0.021493244203932102,0.0035568590526479918,0.025
2025-07-30,ABEV3,0.0002884738928700802,0.00015837070129169907,0.354420090028797,0.5063144143268529,0.0,0.060720796068669494,0.08921690466262336,0.006334828051667962,0.025
2025-07-30,BBAS3,9.595540493484573e-05,0.00022031742067812603,0.6966055975600385,0.6795496271353665,0.7364028618842733,0.017283076664161796,0.04473714119019985,0.00881269682712504,0.025
2025-07-30,BBDC4,0.00041718595864714966,0.00011024745824588601,0.20902630496058305,0.02770019616002249,0.6321205588285577,0.0481019944696227,0.013412648903147851,0.00440989832983544,0.025
2025-07-30,ITUB4,0.0002150808544617031,6.655801599794128e-05,0.2363239700873544,0.2161190903707017,0.28346868942621073,0.09609724568001181,0.06272970484281859,0.002662320639917651,0.025
2025-07-30,VALE3,0.0003003413684318179,8.89214763161998e-05,0.22843556099930762,0.055427704786771864,0.6321205588285577,0.0714638788357089,0.02470511237988755,0.0035568590526479918,0.025
2025-07-31,ABEV3,8.33530006798417e-06,0.00015837070129169907,0.95,0.9854517260585198,0.9951720500061686,0.0013074860320709987,0.08921690466262336,0.006334828051667962,0.025
2025-07-31,BBAS3,0.00029266079121711557,0.00022031742067812603,0.4294868974339955,0.3426438996934688,0.6321205588285577,0.0426742519090548,0.039842875181677645,0.00881269682712504,0.025
2025-07-31,BBDC4,0.00036607585601160827,0.00011024745824588601,0.2314550956166039,0.01504891007331703,0.7364028618842733,0.057574320095035394,0.013719768867248803,0.00440989832983544,0.025
2025-07-31,ITUB4,0.00020102726396593654,6.655801599794128e-05,0.24873571523413454,0.23385015486610192,0.28346868942621073,0.0971779490488458,0.06687746120070875,0.002662320639917651,0.025
2025-07-31,VALE3,0.00017804000061278697,8.89214763161998e-05,0.3330872953622946,0.047547589937506886,0.9993466080201326,0.0814308755160817,0.0267334961276839,0.0035568590526479918,0.025
2025-08-01,ABEV3,6.661197511953318e-05,0.00015837070129169907,0.7039239812501067,0.8841191063174908,0.28346868942621073,0.0109882653244813,0.08921690466262336,0.006334828051667962,0.025
2025-08-01,BBAS3,0.00039833107326638133,0.00022031742067812603,0.3561269813709244,0.08072681644475195,0.9987273661986602,0.10027194484940428,0.039842875181677645,0.00881269682712504,0.025
2025-08-01,BBDC4,0.0016641581943474331,0.00011024745824588601,0.062132048601602326,0.08876006943086047,0.0,0.04935485152047869,0.020379253682788152,0.00440989832983544,0.025
2025-08-01,ITUB4,0.00022355716328338707,6.655801599794128e-05,0.22941928155161825,0.20625524960536437,0.28346868942621073,0.11120359562452731,0.07044262096972165,0.002662320639917651,0.025
2025-08-01,VALE3,0.00016615688184219973,8.89214763161998e-05,0.34860455021817655,0.06944506135502777,0.9999766908988571,0.0767405162128984,0.02877173074895345,0.0035568590526479918,0.025
2025-08-04,ABEV3,9.520701629486849e-05,0.00015837070129169907,0.624545022326868,0.8922071747526688,0.0,0.010175804882999802,0.08921690466262336,0.006334828051667962,0.025
2025-08-04,BBAS3,0.00022042110664599187,0.00022031742067812603,0.4998823724709349,0.2884339379580866,0.9932620530009145,0.04953621656182271,0.039842875181677645,0.00881269682712504,0.025
2025-08-04,BBDC4,0.0004142859898136221,0.00011024745824588601,0.2101819410253862,0.3002599157505517,0.0,0.032333390335731904,0.02687491294047925,0.00440989832983544,0.025
2025-08-04,ITUB4,0.0002445465277271985,6.655801599794128e-05,0.21394099617119433,0.3056299945302776,0.0,0.0835012794596728,0.07044262096972165,0.002662320639917651,0.025
2025-08-04,VALE3,0.00018667061786395209,8.89214763161998e-05,0.3226561218337152,0.14533609038347609,0.7364028618842733,0.06498819742590341,0.0336952264883237,0.0035568590526479918,0.025
2025-08-05,ABEV3,0.00015042407327512874,0.00015837070129169907,0.5128671672435483,0.7326673817764976,0.0,0.0277521187559763,0.08921690466262336,0.006334828051667962,0.025
2025-08-05,BBAS3,0.0008299469237199828,0.00022031742067812603,0.20977330312435458,0.29967614732050657,0.0,0.0480127721364734,0.039842875181677645,0.00881269682712504,0.025
2025-08-05,BBDC4,0.000343492350450432,0.00011024745824588601,0.2429750622116411,0.3471072317309159,0.0,0.029813733808945402,0.02817609622334235,0.00440989832983544,0.025
2025-08-05,ITUB4,6.504194926295783e-05,6.655801599794128e-05,0.5057601334923524,0.40691324989581484,0.7364028618842733,0.06381914340241811,0.0709767780233652,0.002662320639917651,0.025
2025-08-05,VALE3,0.00029193041173941175,8.89214763161998e-05,0.233480466042,0.12500800250253946,0.486582880967408,0.07006509661609481,0.0336952264883237,0.0035568590526479918,0.025
2025-08-06,ABEV3,0.000117199148554821,0.00015837070129169907,0.5747025713440871,0.821003673348696,0.0,0.0158005347201975,0.08011316410688366,0.006334828051667962,0.025
2025-08-06,BBAS3,0.0004021826283217609,0.00022031742067812603,0.353923539495442,0.2970695360074566,0.486582880967408,0.048360845202144495,0.039842875181677645,0.00881269682712504,0.025
2025-08-06,BBDC4,0.002094701706671834,0.00011024745824588601,0.05,0.0520156638584132,0.0,0.0854490984238293,0.028904945016090353,0.00440989832983544,0.025
2025-08-06,ITUB4,5.617310091282389e-05,6.655801599794128e-05,0.5423075881101449,0.4591238993498041,0.7364028618842733,0.055250820417356794,0.0709767780233652,0.002662320639917651,0.025
2025-08-06,VALE3,0.00024412067448516955,8.89214763161998e-05,0.2669976641161969,0.17288971403710646,0.486582880967408,0.0783448657885125,0.044638370598491704,0.0035568590526479918,0.025
2025-08-07,ABEV3,6.174902944503665e-05,0.00015837070129169907,0.719475263583305,0.8192862847044038,0.486582880967408,0.0132225619974411,0.06633779387373925,0.006334828051667962,0.025
2025-08-07,BBAS3,0.0006253783683951329,0.00022031742067812603,0.2605161613959992,0.16363042443682405,0.486582880967408,0.075199115755928,0.041543146962293345,0.00881269682712504,0.025
2025-08-07,BBDC4,0.002094701706671834,0.00011024745824588601,0.05,0.022018717772821734,0.0,0.11329641517644459,0.02969090703718885,0.00440989832983544,0.025
2025-08-07,ITUB4,0.00012229613905783896,6.655801599794128e-05,0.35243077378034177,0.5034725339719168,0.0,0.04870611888775769,0.0709767780233652,0.002662320639917651,0.025
2025-08-07,VALE3,0.00027957187069941637,8.89214763161998e-05,0.24131094098811898,0.2232433345146511,0.28346868942621073,0.08023098861854751,0.05350541356220615,0.0035568590526479918,0.025
2025-08-08,ABEV3,9.489167793777414e-05,0.00015837070129169907,0.6253226467094202,0.8933180667277432,0.0,0.006785946115196399,0.060152386268505297,0.006334828051667962,0.025
2025-08-08,BBAS3,0.0003912126833060579,0.00022031742067812603,0.36027240399570604,0.24376605192448395,0.6321205588285577,0.06400446740570301,0.0453435120227641,0.00881269682712504,0.025
2025-08-08,BBDC4,0.002094701706671834,0.00011024745824588601,0.05,0.030867134941520928,0.0,0.1080758144526481,0.031073562072338655,0.00440989832983544,0.025
2025-08-08,ITUB4,7.208318359108139e-05,6.655801599794128e-05,0.48007386112671235,0.6858198016095891,0.0,0.025428744814030596,0.06742514758772686,0.002662320639917651,0.025
2025-08-08,VALE3,0.0001693902753947243,8.89214763161998e-05,0.3442409248794517,0.37028616864512637,0.28346868942621073,0.0602616224722448,0.06065715910152415,0.0035568590526479918,0.025
2025-08-11,ABEV3,0.0002511014708606205,0.00015837070129169907,0.3867679223700377,0.5525256033857682,0.0,0.025906309668830597,0.0436680476121587,0.006334828051667962,0.025
2025-08-11,BBAS3,0.0004274346150018794,0.00022031742067812603,0.3401261725821338,0.21498572133366642,0.6321205588285577,0.0740719751771768,0.048186808669308946,0.00881269682712504,0.025
2025-08-11,BBDC4,0.002094701706671834,0.00011024745824588601,0.05,0.0574615937065664,0.0,0.1016639075946831,0.0355886500705839,0.00440989832983544,0.025
2025-08-11,ITUB4,4.463949108125165e-05,6.655801599794128e-05,0.5985567279897724,0.8550810399853893,0.0,0.010556015766539998,0.06742514758772686,0.002662320639917651,0.025
2025-08-11,VALE3,0.00016743751764075872,8.89214763161998e-05,0.346863103742439,0.37403213844939404,0.28346868942621073,0.0615861852354366,0.0626249099490741,0.0035568590526479918,0.025
2025-08-12,ABEV3,0.0007248673763203919,0.00015837070129169907,0.1793069222285657,0.2561527460408082,0.0,0.0365408893445312,0.02682921421240345,0.006334828051667962,0.025
2025-08-12,BBAS3,0.0010252550113295884,0.00022031742067812603,0.1768804567414844,0.1311997855908874,0.28346868942621073,0.0989348013729471,0.048711542783506145,0.00881269682712504,0.025
2025-08-12,BBDC4,0.0003141817999886865,0.00011024745824588601,0.259754614242345,0.24959143916354543,0.28346868942621073,0.060337411908293406,0.043472952137529296,0.00440989832983544,0.025
2025-08-12,ITUB4,1.981339170085757e-05,6.655801599794128e-05,0.7706024223901458,0.8923250829998907,0.486582880967408,0.0076813944291448995,0.06742514758772686,0.002662320639917651,0.025
2025-08-12,VALE3,8.363055643373098e-05,8.89214763161998e-05,0.5153313751166775,0.4205864522162794,0.7364028618842733,0.054813367203836394,0.06328719133067001,0.0035568590526479918,0.025
2025-08-13,ABEV3,0.0018088148573300862,0.00015837070129169907,0.0805062341971715,0.11500890599595928,0.0,0.0580247679452243,0.02682921421240345,0.006334828051667962,0.025
2025-08-13,BBAS3,0.0004981688849838061,0.00022031742067812603,0.3066410854903497,0.12245746703581098,0.7364028618842733,0.10229382663308549,0.048711542783506145,0.00881269682712504,0.025
2025-08-13,BBDC4,0.0007470426542459004,0.00011024745824588601,0.12859994141941336,0.18371420202773336,0.0,0.0825641719490946,0.048728422995050695,0.00440989832983544,0.025
2025-08-13,ITUB4,3.7166028411358874e-05,6.655801599794128e-05,0.6416835785471312,0.9166908264959017,0.0,0.0058649778896076015,0.06742514758772686,0.002662320639917651,0.025
2025-08-13,VALE3,0.00011200546859599253,8.89214763161998e-05,0.442556255235253,0.3613144108381224,0.6321205588285577,0.0644267883144781,0.06328719133067001,0.0035568590526479918,0.025
2025-08-14,ABEV3,0.003009043324542282,0.00015837070129169907,0.05,0.06958952528499984,0.0,0.0715036447445456,0.02682921421240345,0.006334828051667962,0.025
2025-08-14,BBAS3,0.00027757304532916987,0.00022031742067812603,0.4425017864770634,0.20358397029629474,0.9999766908988571,0.07846843469089951,0.04929922846334525,0.00881269682712504,0.025
2025-08-14,BBDC4,0.0004891988966628844,0.00011024745824588601,0.18391547023864135,0.26273638605520194,0.0,0.0714609837329742,0.053464585807757044,0.00440989832983544,0.025
2025-08-14,ITUB4,4.775118427251324e-05,6.655801599794128e-05,0.5822629835609524,0.8318042622299321,0.0,0.011554676524338201,0.06274323417619315,0.002662320639917651,0.025
2025-08-14,VALE3,0.00010530770020270933,8.89214763161998e-05,0.4578172955778499,0.30639996632731203,0.8111243971624382,0.0765401606766126,0.06470749287019076,0.0035568590526479918,0.025
2025-08-15,ABEV3,0.003009043324542282,0.00015837070129169907,0.05,0.06174249215354788,0.0,0.0747135368363671,0.02682921421240345,0.006334828051667962,0.025
2025-08-15,BBAS3,5.01914016412386e-05,0.00022031742067812603,0.8144555833303571,0.7349391808486615,0.9999938557876467,0.0174834220171668,0.05677034198376286,0.00881269682712504,0.025
2025-08-15,BBDC4,0.00041425766237408723,0.00011024745824588601,0.21019329251842536,0.3002761321691791,0.0,0.07092701890964839,0.0589558660016644,0.00440989832983544,0.025
2025-08-15,ITUB4,3.8247669497354096e-05,6.655801599794128e-05,0.6350611198562219,0.7857435900405125,0.28346868942621073,0.0143553582899468,0.05953498190988745,0.002662320639917651,0.025
2025-08-15,VALE3,0.00017381251850668558,8.89214763161998e-05,0.33844678674392203,0.3620088284515126,0.28346868942621073,0.0686129265470494,0.06752664702099911,0.0035568590526479918,0.025
2025-08-18,ABEV3,0.003009043324542282,0.00015837070129169907,0.05,0.05353766960930149,0.0,0.0785390305845574,0.02682921421240345,0.006334828051667962,0.025
2025-08-18,BBAS3,1.9165508264265162e-05,0.00022031742067812603,0.9199712967061818,0.9666199679392148,0.8111243971624382,0.0019273452687181003,0.05677034198376286,0.00881269682712504,0.025
2025-08-18,BBDC4,0.00022082825777820629,0.00011024745824588601,0.33299771898058306,0.47571102711511865,0.0,0.048761106258836506,0.0656322154089709,0.00440989832983544,0.025
2025-08-18,ITUB4,3.838810764668914e-05,6.655801599794128e-05,0.6342112856242378,0.9060161223203398,0.0,0.0051301802521149,0.051978469652557244,0.002662320639917651,0.025
2025-08-18,VALE3,8.056042066272103e-05,8.89214763161998e-05,0.5246665154288386,0.34228947991313974,0.950212931632136,0.0743382480508892,0.0693390115815721,0.0035568590526479918,0.025
2025-08-19,ABEV3,0.0012352594307837128,0.00015837070129169907,0.11363897611473955,0.0408548132669662,0.28346868942621073,0.0857926002478585,0.02682921421240345,0.006334828051667962,0.025
2025-08-19,BBAS3,0.00021673210111344934,0.00022031742067812603,0.504101731481114,0.333133316914908,0.9030280321355949,0.062402670561111796,0.05677034198376286,0.00881269682712504,0.025
2025-08-19,BBDC4,0.0005809302099437222,0.00011024745824588601,0.15950668448917857,0.22786669212739796,0.0,0.097069685919422,0.0656322154089709,0.00440989832983544,0.025
2025-08-19,ITUB4,0.00023012852703334163,6.655801599794128e-05,0.22433783250803976,0.32048261786862825,0.0,0.0421800403647978,0.037067431850894145,0.002662320639917651,0.025
2025-08-19,VALE3,0.00010875270597901925,8.89214763161998e-05,0.4498385944169425,0.2720559705541805,0.8646647167633873,0.09211749213830239,0.07076448772590185,0.0035568590526479918,0.025
2025-08-20,ABEV3,0.0008664988335595594,0.00015837070129169907,0.15452767001673412,0.09926723312695843,0.28346868942621073,0.0619738681281313,0.02682921421240345,0.006334828051667962,0.025
2025-08-20,BBAS3,0.00019825257784247902,0.00022031742067812603,0.526357410843626,0.3312172893003517,0.9816843611112658,0.06983872110669481,0.0632035689834074,0.00881269682712504,0.025
2025-08-20,BBDC4,0.000400478304961345,0.00011024745824588601,0.21586429780545893,0.30837756829351276,0.0,0.0837547857214602,0.07119400132131129,0.00440989832983544,0.025
2025-08-20,ITUB4,0.00016976721562272739,6.655801599794128e-05,0.28163736703652176,0.2808525145837979,0.28346868942621073,0.0429290637637595,0.0338043925894142,0.002662320639917651,0.025
2025-08-20,VALE3,0.0002849030091910352,8.89214763161998e-05,0.2378695879044521,0.33981369700636016,0.0,0.0779314354287938,0.072201672333492,0.0035568590526479918,0.025
2025-08-21,ABEV3,0.001699018932340867,0.00015837070129169907,0.08526520145477909,0.12180743064968441,0.0,0.0676784824110453,0.03214650405025375,0.006334828051667962,0.025
2025-08-21,BBAS3,0.00014634409649820496,0.00022031742067812603,0.6008741314736155,0.4300208345958732,0.9995318241883472,0.0564765801653836,0.06692159425619891,0.00881269682712504,0.025
2025-08-21,BBDC4,0.0005782374256864822,0.00011024745824588601,0.16013054290486925,0.2287579184355275,0.0,0.11360055732677819,0.07701257784103441,0.00440989832983544,0.025
2025-08-21,ITUB4,0.00041717254977159885,6.655801599794128e-05,0.1375931576539056,0.19656165379129373,0.0,0.054992280607911996,0.0338043925894142,0.002662320639917651,0.025
2025-08-21,VALE3,0.0001676907706216775,8.89214763161998e-05,0.3465207813628888,0.28649416724666626,0.486582880967408,0.09025476922056569,0.072201672333492,0.0035568590526479918,0.025
2025-08-22,ABEV3,0.00036952607873339986,0.00015837070129169907,0.30000315835260316,0.42857594050371883,0.0,0.0400621417603302,0.04728282864487775,0.006334828051667962,0.025
2025-08-22,BBAS3,3.773808973632353e-05,0.00022031742067812603,0.853759798906389,0.8020403698119161,0.9744384667934926,0.013942475737247703,0.0632035689834074,0.00881269682712504,0.025
2025-08-22,BBDC4,0.00021182926121591996,0.00011024745824588601,0.34230185413621583,0.4890026487660227,0.0,0.059491241089257595,0.0831594788352774,0.00440989832983544,0.025
2025-08-22,ITUB4,7.501180695683435e-05,6.655801599794128e-05,0.47014268018971234,0.6716324002710177,0.0,0.0134556394143047,0.0338043925894142,0.002662320639917651,0.025
2025-08-22,VALE3,9.041456154480094e-05,8.89214763161998e-05,0.49583718574802466,0.499803316368289,0.486582880967408,0.050074792971562795,0.072201672333492,0.0035568590526479918,0.025
2025-08-25,ABEV3,0.000543424207851034,0.00015837070129169907,0.22566521818340687,0.3223788831191527,0.0,0.0555185528058032,0.04904345485277725,0.006334828051667962,0.025
2025-08-25,BBAS3,0.00020075888641639836,0.00022031742067812603,0.5232244535398867,0.3768929121583864,0.8646647167633873,0.061673675054600995,0.0632035689834074,0.00881269682712504,0.025
2025-08-25,BBDC4,0.00022946757198134303,0.00011024745824588601,0.32452923314032806,0.46361319020046865,0.0,0.0639250835805541,0.0831594788352774,0.00440989832983544,0.025
2025-08-25,ITUB4,0.00023979584531516623,6.655801599794128e-05,0.21725861627027437,0.18888287063201598,0.28346868942621073,0.0331526538365092,0.0198920515519887,0.002662320639917651,0.025
2025-08-25,VALE3,5.095876171921012e-05,8.89214763161998e-05,0.6356972047308771,0.5925376373794217,0.7364028618842733,0.037786087096558896,0.072201672333492,0.0035568590526479918,0.025
2025-08-26,ABEV3,0.0002310014974036934,0.00015837070129169907,0.4067334592000318,0.45956121767452657,0.28346868942621073,0.0441390075992911,0.05677166037551375,0.006334828051667962,0.025
2025-08-26,BBAS3,0.00017311076250812844,0.00022031742067812603,0.5599939966014703,0.4843901971945548,0.7364028618842733,0.0458140237146381,0.0632035689834074,0.00881269682712504,0.025
2025-08-26,BBDC4,0.00023328773284677406,0.00011024745824588601,0.3209204212681358,0.45845774466876543,0.0,0.0648550090665632,0.0831594788352774,0.00440989832983544,0.025
2025-08-26,ITUB4,0.0004527412257154357,6.655801599794128e-05,0.12816890657945046,0.1830984379706435,0.0,0.0337713597018423,0.0198920515519887,0.002662320639917651,0.025
2025-08-26,VALE3,5.164974558596641e-05,8.89214763161998e-05,0.6325724078722653,0.6327660574624258,0.6321205588285577,0.032711124354572504,0.0714755872989693,0.0035568590526479918,0.025
2025-08-27,ABEV3,0.0004175641403472154,0.00015837070129169907,0.2749802405442775,0.39282891506325357,0.0,0.053046366046109,0.05677166037551375,0.006334828051667962,0.025
2025-08-27,BBAS3,7.383094475283474e-05,0.00022031742067812603,0.7490010027944095,0.7223766909223972,0.8111243971624382,0.020554340617199802,0.0632035689834074,0.00881269682712504,0.025
2025-08-27,BBDC4,0.00018952997956161297,0.00011024745824588601,0.36776436229560755,0.5253776604222965,0.0,0.0495682155552713,0.07701257784103441,0.00440989832983544,0.025
2025-08-27,ITUB4,9.494564674510844e-05,6.655801599794128e-05,0.4121145915051737,0.46724854953901507,0.28346868942621073,0.0151357414184433,0.0198920515519887,0.002662320639917651,0.025
2025-08-27,VALE3,7.672244409842791e-05,8.89214763161998e-05,0.5368230605362279,0.5583545660657222,0.486582880967408,0.038765184978194395,0.06651985743076375,0.0035568590526479918,0.025
2025-08-28,ABEV3,0.000340133656543451,0.00015837070129169907,0.317691708813648,0.4538452983052114,0.0,0.0448495487733235,0.05677166037551375,0.006334828051667962,0.025
2025-08-28,BBAS3,4.925461557984403e-05,0.00022031742067812603,0.8172858866833307,0.7969806737918779,0.8646647167633873,0.014078003007743499,0.062038172807856395,0.00881269682712504,0.025
2025-08-28,BBDC4,0.00018701290145602405,0.00011024745824588601,0.3708784392121477,0.5298263417316396,0.0,0.045222855609908505,0.07119400132131129,0.00440989832983544,0.025
2025-08-28,ITUB4,3.314055894983022e-05,6.655801599794128e-05,0.6675924508731307,0.9537035012473296,0.0,0.0006989752070704,0.01474554985419505,0.002662320639917651,0.025
2025-08-28,VALE3,2.1230499960915524e-05,8.89214763161998e-05,0.8072617425627953,0.7399484865242443,0.9643260066527476,0.018975960257314798,0.06300648677495735,0.0035568590526479918,0.025
2025-08-29,ABEV3,0.0002476408715483772,0.00015837070129169907,0.39006450033895873,0.5572350004842268,0.0,0.0331982630175581,0.05677166037551375,0.006334828051667962,0.025
2025-08-29,BBAS3,6.895399689494298e-05,0.00022031742067812603,0.7616287240770152,0.9665544532130743,0.28346868942621073,0.002009596500602194,0.0590751276099923,0.00881269682712504,0.025
2025-08-29,BBDC4,0.0001488395305030265,0.00011024745824588601,0.4255229441596139,0.4864033390453582,0.28346868942621073,0.0489302136000874,0.06789101398810579,0.00440989832983544,0.025
2025-08-29,ITUB4,1.56646974446154e-05,6.655801599794128e-05,0.8094845476541073,0.9478709762341212,0.486582880967408,0.0007444571208439013,0.01390549885212575,0.002662320639917651,0.025
2025-08-29,VALE3,2.843430349773032e-05,8.89214763161998e-05,0.7577085377233788,0.7348160265352105,0.8111243971624382,0.0194145110566099,0.06300648677495735,0.0035568590526479918,0.025
2025-09-01,ABEV3,7.818949662700674e-05,0.00015837070129169907,0.6694731518026686,0.8349036356782935,0.28346868942621073,0.0102438197623664,0.05677166037551375,0.006334828051667962,0.025
2025-09-01,BBAS3,0.00020992268191005235,0.00022031742067812603,0.5120801602471997,0.7315430860674282,0.0,0.015987978387353798,0.05114530194001085,0.00881269682712504,0.025
2025-09-01,BBDC4,0.0001901664140916257,0.00011024745824588601,0.36698524401704125,0.40277805312739723,0.28346868942621073,0.0585543510171466,0.06439004632355866,0.00440989832983544,0.025
2025-09-01,ITUB4,5.276934268112182e-05,6.655801599794128e-05,0.5577766635810015,0.7968238051157166,0.0,0.003158240500538801,0.01390549885212575,0.002662320639917651,0.025
2025-09-01,VALE3,3.471124214301726e-05,8.89214763161998e-05,0.719239028506297,0.6569137335389725,0.8646647167633873,0.025052510059702097,0.059620077759157245,0.0035568590526479918,0.025
2025-09-02,ABEV3,0.000128029714311563,0.00015837070129169907,0.5529695233092227,0.7899564618703181,0.0,0.013385477122372499,0.05677166037551375,0.006334828051667962,0.025
2025-09-02,BBAS3,0.00022073920873134893,0.00022031742067812603,0.4995218436532882,0.2906556603919579,0.986876271263059,0.04100290676569321,0.03318418216591895,0.00881269682712504,0.025
2025-09-02,BBDC4,0.00018933863070469813,0.00011024745824588601,0.36799925734893185,0.5257132247841884,0.0,0.041402762114655794,0.06439004632355866,0.00440989832983544,0.025
2025-09-02,ITUB4,3.480497293529604e-05,6.655801599794128e-05,0.6566303608290367,0.816556791430248,0.28346868942621073,0.002818071909187399,0.01390549885212575,0.002662320639917651,0.025
2025-09-02,VALE3,6.845714831889228e-05,8.89214763161998e-05,0.5650162245500537,0.4595412934304604,0.8111243971624382,0.044514005452029604,0.057250790643020445,0.0035568590526479918,0.025
2025-09-03,ABEV3,9.798282485044099e-05,0.00015837070129169907,0.6177824181902902,0.6740107912858113,0.486582880967408,0.021414927329092698,0.0542824594259561,0.006334828051667962,0.025
2025-09-03,BBAS3,0.0005800579386915834,0.00022031742067812603,0.2752676204969936,0.2717528766701863,0.28346868942621073,0.0401003043695797,0.030778623691446506,0.00881269682712504,0.025
2025-09-03,BBDC4,0.00013292369176052556,0.00011024745824588601,0.4533739230290237,0.6476770328986053,0.0,0.026803749482887503,0.06170816233490585,0.00440989832983544,0.025
2025-09-03,ITUB4,0.0001220942313185361,6.655801599794128e-05,0.352807967806954,0.5040113825813629,0.0,0.0095274419047109,0.01390549885212575,0.002662320639917651,0.025
2025-09-03,VALE3,7.006192397416445e-05,8.89214763161998e-05,0.5593129606851741,0.3917844017079048,0.950212931632136,0.044316913441657,0.0472943992117962,0.0035568590526479918,0.025
2025-09-04,ABEV3,3.556707179618297e-05,0.00015837070129169907,0.8166057533306526,0.9580441272006145,0.486582880967408,0.0020979799531507005,0.04894795740971625,0.006334828051667962,0.025
2025-09-04,BBAS3,0.00014450700929712816,0.00022031742067812603,0.6038998558651075,0.4397671064088427,0.986876271263059,0.024914198574676503,0.030327322493389753,0.00881269682712504,0.025
2025-09-04,BBDC4,9.933538874601548e-05,0.00011024745824588601,0.5260328305882117,0.7514754722688739,0.0,0.016863799025796797,0.0590227960532021,0.00440989832983544,0.025
2025-09-04,ITUB4,3.666094199396132e-05,6.655801599794128e-05,0.6448235604467415,0.7996899337412549,0.28346868942621073,0.0031083129738804,0.01390549885212575,0.002662320639917651,0.025
2025-09-04,VALE3,6.96896900478247e-05,8.89214763161998e-05,0.5606255748231392,0.402100871699971,0.9305165487771985,0.0404648063608015,0.0444154594468433,0.0035568590526479918,0.025
2025-09-05,ABEV3,9.664102937577613e-05,0.00015837070129169907,0.6210330045491435,0.7657034253161148,0.28346868942621073,0.011878208408162297,0.0444942781863073,0.006334828051667962,0.025
2025-09-05,BBAS3,0.00012167275103078468,0.00022031742067812603,0.6442214978787519,0.5726916839000292,0.8111243971624382,0.0181197948949824,0.0325072514721281,0.00881269682712504,0.025
2025-09-05,BBDC4,5.63245652216778e-05,0.00011024745824588601,0.6618605930986619,0.9455151329980884,0.0,0.0030288042489266,0.05406128328620895,0.00440989832983544,0.025
2025-09-05,ITUB4,0.0008233876610074517,6.655801599794128e-05,0.07478885253075727,0.10684121790108182,0.0,0.0256998135860382,0.0114915406595078,0.002662320639917651,0.025
2025-09-05,VALE3,0.00013445968731798773,8.89214763161998e-05,0.39807061110049097,0.29776349064560526,0.6321205588285577,0.051354651531791695,0.04239085990122925,0.0035568590526479918,0.025
2025-09-08,ABEV3,0.0001986951250221762,0.00015837070129169907,0.44353362775323346,0.633619468218905,0.0,0.019210774830646597,0.04210057467981065,0.006334828051667962,0.025
2025-09-08,BBAS3,0.0001815089876595723,0.00022031742067812603,0.5482900479078752,0.5747359765966468,0.486582880967408,0.0180039629181652,0.0325072514721281,0.00881269682712504,0.025
2025-09-08,BBDC4,7.157678591682673e-05,0.00011024745824588601,0.6063408031946864,0.8662011474209806,0.0,0.007765261395622,0.05406128328620895,0.00440989832983544,0.025
2025-09-08,ITUB4,0.0011994458664297339,6.655801599794128e-05,0.05257331112627423,0.07510473018039177,0.0,0.0370097088813357,0.014295690416374001,0.002662320639917651,0.025
2025-09-08,VALE3,0.0001988927584664055,8.89214763161998e-05,0.3089544072876203,0.4413634389823147,0.0,0.034670917049882094,0.04239085990122925,0.0035568590526479918,0.025
2025-09-09,ABEV3,0.0001466453840179249,0.00015837070129169907,0.5192208179150154,0.7417440255928792,0.0,0.010943312316220699,0.03663020238894415,0.006334828051667962,0.025
2025-09-09,BBAS3,0.0004592826465956714,0.00022031742067812603,0.3241868729676928,0.14752287771772968,0.7364028618842733,0.0435082088672982,0.022734269595938154,0.00881269682712504,0.025
2025-09-09,BBDC4,8.197210894383507e-05,0.00011024745824588601,0.5735496123403064,0.8193565890575807,0.0,0.0098122113056009,0.04924921457767935,0.00440989832983544,0.025
2025-09-09,ITUB4,0.0005381645693268647,6.655801599794128e-05,0.11006371783218899,0.15723388261741286,0.0,0.026447325820537902,0.014295690416374001,0.002662320639917651,0.025
2025-09-09,VALE3,8.87845593145698e-05,8.89214763161998e-05,0.5003852345283153,0.34426545642757006,0.8646647167633873,0.0422431433598725,0.03961499566949794,0.0035568590526479918,0.025
2025-09-10,ABEV3,0.00044826558338354985,0.00015837070129169907,0.261063680647589,0.3729481152108414,0.0,0.026932930914656497,0.0273065951733254,0.006334828051667962,0.025
2025-09-10,BBAS3,0.00048767556728928225,0.00022031742067812603,0.3111858795531858,0.04575844988575182,0.9305165487771985,0.0701210993424901,0.022734269595938154,0.00881269682712504,0.025
2025-09-10,BBDC4,7.591424308012225e-05,0.00011024745824588601,0.5922134223130006,0.846019174732858,0.0,0.007871820560184203,0.04707653460499795,0.00440989832983544,0.025
2025-09-10,ITUB4,0.0006489427782065497,6.655801599794128e-05,0.0930229799003115,0.1328899712861593,0.0,0.0288520452597296,0.014295690416374001,0.002662320639917651,0.025
2025-09-10,VALE3,6.110652923687127e-05,8.89214763161998e-05,0.5926991829851702,0.42599124950255784,0.9816843611112658,0.0338049207220374,0.03961499566949794,0.0035568590526479918,0.025
2025-09-11,ABEV3,0.0008980555780568417,0.00015837070129169907,0.14991173959564927,0.21415962799378468,0.0,0.037252837427423593,0.024173929121874597,0.006334828051667962,0.025
2025-09-11,BBAS3,0.0006075083228440246,0.00022031742067812603,0.26613985177694693,0.00962919535418679,0.8646647167633873,0.10555420462387699,0.022734269595938154,0.00881269682712504,0.025
2025-09-11,BBDC4,0.00014304461891378426,0.00011024745824588601,0.43525821842579077,0.6217974548939869,0.0,0.0205796858795421,0.04331280886228215,0.00440989832983544,0.025
2025-09-11,ITUB4,0.0009163713498200004,6.655801599794128e-05,0.06771393582544483,0.09673419403634977,0.0,0.033391706837451504,0.014295690416374001,0.002662320639917651,0.025
2025-09-11,VALE3,4.200923486449942e-05,8.89214763161998e-05,0.6791491126438478,0.5629789045060101,0.950212931632136,0.021989855131045802,0.038275636037376645,0.0035568590526479918,0.025
2025-09-12,ABEV3,0.0013090324770868539,0.00015837070129169907,0.10792582681107117,0.15417975258724453,0.0,0.0451964513544498,0.024173929121874597,0.006334828051667962,0.025
2025-09-12,BBAS3,0.00044654441172978465,0.00022031742067812603,0.33037941290267264,0.05124872081327559,0.9816843611112658,0.0965811447753128,0.0325072514721281,0.00881269682712504,0.025
2025-09-12,BBDC4,8.355192053386921e-05,0.00011024745824588601,0.5688741570796136,0.812677367256591,0.0,0.0070737345053308,0.034103255798771645,0.00440989832983544,0.025
2025-09-12,ITUB4,0.000169991052025935,6.655801599794128e-05,0.2813708654782068,0.40195837925458117,0.0,0.0186088998254643,0.02041777750224075,0.002662320639917651,0.025
2025-09-12,VALE3,8.15044107213568e-05,8.89214763161998e-05,0.5217603843047873,0.3583599638058699,0.9030280321355949,0.0371783160245008,0.036228502073220495,0.0035568590526479918,0.025
2025-09-15,ABEV3,0.0006990201269632051,0.00015837070129169907,0.18471238095005038,0.2638748299286434,0.0,0.0322064523789658,0.024173929121874597,0.006334828051667962,0.025
2025-09-15,BBAS3,0.0004900969812613916,0.00022031742067812603,0.31012521716428143,0.07246543162180744,0.8646647167633873,0.0853200157161615,0.0325072514721281,0.00881269682712504,0.025
2025-09-15,BBDC4,0.00011175698796385994,0.00011024745824588601,0.4966002263834217,0.7094288948334596,0.0,0.008133248365956202,0.0236917176812148,0.00440989832983544,0.025
2025-09-15,ITUB4,0.0006043590059850094,6.655801599794128e-05,0.09920454216711265,0.14172077452444665,0.0,0.0329667687808346,0.0168723206219538,0.002662320639917651,0.025
2025-09-15,VALE3,6.973621414761626e-05,8.89214763161998e-05,0.5604611793872009,0.4530340860549563,0.8111243971624382,0.0284446770877618,0.03592461653719145,0.0035568590526479918,0.025
2025-09-16,ABEV3,0.000978126938084014,0.00015837070129169907,0.13934978464072598,0.19907112091532284,0.0,0.03901897283786861,0.024173929121874597,0.006334828051667962,0.025
2025-09-16,BBAS3,0.000671936225843003,0.00022031742067812603,0.2469224099415421,0.037145073394657314,0.7364028618842733,0.1070439127882922,0.0325072514721281,0.00881269682712504,0.025
2025-09-16,BBDC4,0.0004044435346256344,0.00011024745824588601,0.21420125817784905,0.30600179739692723,0.0,0.0221696191061709,0.01872174245266945,0.00440989832983544,0.025
2025-09-16,ITUB4,0.0005073520010154535,6.655801599794128e-05,0.11597291217237603,0.16567558881768005,0.0,0.0303317704360948,0.0168723206219538,0.002662320639917651,0.025
2025-09-16,VALE3,0.00010081497162792749,8.89214763161998e-05,0.4686578529307399,0.298940625573891,0.8646647167633873,0.0433793445635682,0.03592461653719145,0.0035568590526479918,0.025
2025-09-17,ABEV3,0.0007919043010020471,0.00015837070129169907,0.16665775792210516,0.2380825113172931,0.0,0.0346929237889364,0.024173929121874597,0.006334828051667962,0.025
2025-09-17,BBAS3,0.00043422415793785586,0.00022031742067812603,0.3365980525545586,0.08206155417342724,0.9305165487771985,0.1013905975935398,0.040551605567636456,0.00881269682712504,0.025
2025-09-17,BBDC4,7.349267511318937e-05,0.00011024745824588601,0.600018385914819,0.8571691227354558,0.0,0.0028853956414829005,0.01872174245266945,0.00440989832983544,0.025
2025-09-17,ITUB4,0.0007226755909933642,6.655801599794128e-05,0.08433246558223985,0.12047495083177122,0.0,0.046885562509217604,0.02215435670575125,0.002662320639917651,0.025
2025-09-17,VALE3,6.732882589640056e-05,8.89214763161998e-05,0.5690963476999213,0.4057606688718293,0.950212931632136,0.0324037087706708,0.03592461653719145,0.0035568590526479918,0.025
2025-09-18,ABEV3,9.907830785992431e-05,0.00015837070129169907,0.6151536640734453,0.8787909486763505,0.0,0.0031234707913567993,0.024173929121874597,0.006334828051667962,0.025
2025-09-18,BBAS3,0.00038828826441564886,0.00022031742067812603,0.3620035534899402,0.13013591978465963,0.9030280321355949,0.0861665125169934,0.042255557816495704,0.00881269682712504,0.025
2025-09-18,BBDC4,0.0001331252960647631,0.00011024745824588601,0.4529983586624593,0.3762317014484171,0.6321205588285577,0.0130385682585322,0.013338005165698849,0.00440989832983544,0.025
2025-09-18,ITUB4,0.0004191478204180469,6.655801599794128e-05,0.1370335931910378,0.19576227598719687,0.0,0.0425221915330465,0.02607356970328805,0.002662320639917651,0.025
2025-09-18,VALE3,7.252330224559889e-05,8.89214763161998e-05,0.5507857058515024,0.41626612974640903,0.8646647167633873,0.0314854292135634,0.03592461653719145,0.0035568590526479918,0.025
2025-09-19,ABEV3,0.00014579815290887053,0.00015837070129169907,0.5206670541858605,0.7438100774083721,0.0,0.006011985373767599,0.020312851079869645,0.006334828051667962,0.025
2025-09-19,BBAS3,0.0002449896712342522,0.00022031742067812603,0.4734882070519009,0.28939971058746067,0.9030280321355949,0.0704471295078222,0.05681465410489415,0.00881269682712504,0.025
2025-09-19,BBDC4,0.0001180100051150882,0.00011024745824588601,0.4829960721658283,0.31942379590973163,0.8646647167633873,0.013039072349508199,0.01142538978206655,0.00440989832983544,0.025
2025-09-19,ITUB4,0.00030887647216432665,6.655801599794128e-05,0.17728263677569758,0.253260909679568,0.0,0.037972282497318405,0.02764968554013375,0.002662320639917651,0.025
2025-09-19,VALE3,8.915870685824242e-05,8.89214763161998e-05,0.4993339221192,0.32632216068360226,0.9030280321355949,0.0402309061639409,0.03592461653719145,0.0035568590526479918,0.025
2025-09-22,ABEV3,5.571911731853091e-05,0.00015837070129169907,0.7397395276420284,0.9352841725916647,0.28346868942621073,0.0013590286194844012,0.020312851079869645,0.006334828051667962,0.025
2025-09-22,BBAS3,0.0002395223336453048,0.00022031742067812603,0.47911782008122017,0.33682928704641246,0.8111243971624382,0.0764817004158507,0.07028411442515614,0.00881269682712504,0.025
2025-09-22,BBDC4,0.002094701706671834,0.00011024745824588601,0.05,0.06532451940085243,0.0,0.0311728943732746,0.01142538978206655,0.00440989832983544,0.025
2025-09-22,ITUB4,0.0002233341200567713,6.655801599794128e-05,0.2295957969186839,0.32799399559811987,0.0,0.0329878745080436,0.0295919078479122,0.002662320639917651,0.025
2025-09-22,VALE3,8.508932747732999e-05,8.89214763161998e-05,0.511011238254542,0.38239131300830076,0.8111243971624382,0.0372071612387822,0.03870461109422085,0.0035568590526479918,0.025
2025-09-23,ABEV3,0.0003856114373626751,0.00015837070129169907,0.29113217151477444,0.41590310216396353,0.0,0.017820524649446605,0.020312851079869645,0.006334828051667962,0.025
2025-09-23,BBAS3,0.0003672154535704522,0.00022031742067812603,0.3749873927648725,0.2647874644518645,0.6321205588285577,0.09762155659782669,0.07346441496183645,0.00881269682712504,0.025
2025-09-23,BBDC4,0.0012016792042691216,0.00011024745824588601,0.08403477221397264,0.12004967459138949,0.0,0.0242201087240312,0.01142538978206655,0.00440989832983544,0.025
2025-09-23,ITUB4,0.00017171019275072792,6.655801599794128e-05,0.27934073264531994,0.2775716083106525,0.28346868942621073,0.040564119754340905,0.0316492696084647,0.002662320639917651,0.025
2025-09-23,VALE3,0.00022472487644853006,8.89214763161998e-05,0.28350872099220914,0.19647693814569542,0.486582880967408,0.060520404325155805,0.0371927386316415,0.0035568590526479918,0.025
2025-09-24,ABEV3,0.00012000324652488598,0.00015837070129169907,0.5689135155565862,0.812733593652266,0.0,0.003839255268476501,0.018515649740046602,0.006334828051667962,0.025
2025-09-24,BBAS3,0.00022762468820892342,0.00022031742067812603,0.49184351349669614,0.29539947715293624,0.950212931632136,0.0986526646674967,0.08090085806600611,0.00881269682712504,0.025
2025-09-24,BBDC4,0.0008135645502847344,0.00011024745824588601,0.11933971114019329,0.17048530162884756,0.0,0.0202127278258067,0.01142538978206655,0.00440989832983544,0.025
2025-09-24,ITUB4,0.00010384355266125265,6.655801599794128e-05,0.3905950897145698,0.34945746489192486,0.486582880967408,0.034671479685630405,0.0329773216444391,0.002662320639917651,0.025
2025-09-24,VALE3,0.00029302799029222475,8.89214763161998e-05,0.2328095313387682,0.21109846358700712,0.28346868942621073,0.0578507238503744,0.0371927386316415,0.0035568590526479918,0.025
2025-09-25,ABEV3,0.0002071231518492644,0.00015837070129169907,0.4333060595430007,0.49752207530733933,0.28346868942621073,0.0129260593152448,0.018515649740046602,0.006334828051667962,0.025
2025-09-25,BBAS3,0.0002318279615649729,0.00022031742067812603,0.4872711949088776,0.3484769653716374,0.8111243971624382,0.0903891040399602,0.08574326411657746,0.00881269682712504,0.025
2025-09-25,BBDC4,0.002094701706671834,0.00011024745824588601,0.05,0.06372356506869102,0.0,0.0314563928199244,0.01142538978206655,0.00440989832983544,0.025
2025-09-25,ITUB4,0.00010565315636676302,6.655801599794128e-05,0.3864906967649373,0.4306429856243916,0.28346868942621073,0.0279615978305484,0.03318979067274755,0.002662320639917651,0.025
2025-09-25,VALE3,9.880330044320801e-05,8.89214763161998e-05,0.47368002163168643,0.2694516316314938,0.950212931632136,0.048773306992140296,0.0371927386316415,0.0035568590526479918,0.025
2025-09-26,ABEV3,0.0002667235719220449,0.00015837070129169907,0.37255430447087634,0.5322204349583948,0.0,0.0116777744469427,0.018515649740046602,0.006334828051667962,0.025
2025-09-26,BBAS3,0.0006423972773274355,0.00022031742067812603,0.25537691798628165,0.364824168551831,0.0,0.0890140250248445,0.0882778082784768,0.00881269682712504,0.025
2025-09-26,BBDC4,0.0005069722666865244,0.00011024745824588601,0.17861946692963973,0.046635146627739064,0.486582880967408,0.0399692102255753,0.0130388203040202,0.00440989832983544,0.025
2025-09-26,ITUB4,0.0001324131587429842,6.655801599794128e-05,0.33451084602885073,0.4778726371840725,0.0,0.024507707562624798,0.03318979067274755,0.002662320639917651,0.025
2025-09-26,VALE3,0.00025136761052375477,8.89214763161998e-05,0.2613115722927122,0.16476672571784257,0.486582880967408,0.0670668608307681,0.0371927386316415,0.0035568590526479918,0.025
2025-09-29,ABEV3,0.000275468725656224,0.00015837070129169907,0.3650445106057857,0.4000055768256036,0.28346868942621073,0.0140861906278919,0.015373291982345702,0.006334828051667962,0.025
2025-09-29,BBAS3,0.0003936684138243889,0.00022031742067812603,0.35883143925729055,0.3911297606134677,0.28346868942621073,0.0842042853726769,0.08970156453240236,0.00881269682712504,0.025
2025-09-29,BBDC4,0.0004949600441159932,0.00011024745824588601,0.1821647250168495,0.13874874026998038,0.28346868942621073,0.032837659071647304,0.01662590008765745,0.00440989832983544,0.025
2025-09-29,ITUB4,0.00010167099923883688,6.655801599794128e-05,0.3956393366760337,0.44371247121167207,0.28346868942621073,0.0267966630071926,0.0329773216444391,0.002662320639917651,0.025
2025-09-29,VALE3,0.0002572148412976705,8.89214763161998e-05,0.2568972736787345,0.15846058484073156,0.486582880967408,0.07133011632123959,0.03871903370136155,0.0035568590526479918,0.025
2025-09-30,ABEV3,2.705664063281688e-05,0.00015837070129169907,0.8540849458769078,0.8128872376960958,0.950212931632136,0.0033049434833820005,0.01595335763866925,0.006334828051667962,0.025
2025-09-30,BBAS3,0.00021290629938957873,0.00022031742067812603,0.5085534574230943,0.4555961282493243,0.6321205588285577,0.0705187544934911,0.08970156453240236,0.00881269682712504,0.025
2025-09-30,BBDC4,0.0019651193080447377,0.00011024745824588601,0.05312191562310463,0.07588845089014948,0.0,0.052591431078845605,0.0203962068526744,0.00440989832983544,0.025
2025-09-30,ITUB4,3.0179789104526e-05,6.655801599794128e-05,0.6880248722559008,0.8614060934686253,0.28346868942621073,0.0049198613051882,0.0329773216444391,0.002662320639917651,0.025
2025-09-30,VALE3,0.00017506829180795425,8.89214763161998e-05,0.33683682874549953,0.11062487673783333,0.8646647167633873,0.0852442230114742,0.03871903370136155,0.0035568590526479918,0.025
2025-10-01,ABEV3,0.003009043324542282,0.00015837070129169907,0.05,0.027776744381971204,0.0,0.048399957088341404,0.01350612497156835,0.006334828051667962,0.025
2025-10-01,BBAS3,9.487677608418858e-05,0.00022031742067812603,0.6989894577413988,0.6115443544296004,0.9030280321355949,0.0441123403889239,0.08970156453240236,0.00881269682712504,0.025
2025-10-01,BBDC4,0.0003550996685026753,0.00011024745824588601,0.2369144492546861,0.21696263203831842,0.28346868942621073,0.0326611133022133,0.0213746524928565,0.00440989832983544,0.025
2025-10-01,ITUB4,6.492437932587215e-05,6.655801599794128e-05,0.5062123779691031,0.7231605399558616,0.0,0.010688742538628001,0.0329773216444391,0.002662320639917651,0.025
2025-10-01,VALE3,0.00021515545160205252,8.89214763161998e-05,0.29243085598426377,0.14684955476528072,0.6321205588285577,0.0801967223299833,0.04180512536375455,0.0035568590526479918,0.025
2025-10-02,ABEV3,0.0015815196620974868,0.00015837070129169907,0.09102337976239142,0.008546818477897426,0.28346868942621073,0.0643188166534322,0.01350612497156835,0.006334828051667962,0.025
2025-10-02,BBAS3,8.469460839580674e-05,0.00022031742067812603,0.7223237107960835,0.7609822044964517,0.6321205588285577,0.0239248707451395,0.08759026877091894,0.00881269682712504,0.025
2025-10-02,BBDC4,0.0008103370128784435,0.00011024745824588601,0.11975811205161699,0.17108301721659572,0.0,0.040952999235969206,0.02319486391510105,0.00440989832983544,0.025
2025-10-02,ITUB4,0.00012917660290388252,6.655801599794128e-05,0.3400421262797938,0.48577446611399117,0.0,0.0228511152380368,0.0316492696084647,0.002662320639917651,0.025
2025-10-02,VALE3,0.00019531163108233452,8.89214763161998e-05,0.31284700480552935,0.0763536996807331,0.8646647167633873,0.1185257632275742,0.04607632577785425,0.0035568590526479918,0.025
2025-10-03,ABEV3,0.0016820446109594254,0.00015837070129169907,0.08605161032809829,0.001444290714621536,0.28346868942621073,0.0883319067463722,0.01350612497156835,0.006334828051667962,0.025
2025-10-03,BBAS3,8.276730922833672e-05,0.00022031742067812603,0.726916927639739,0.9169661725883941,0.28346868942621073,0.007432628837383701,0.08574326411657746,0.00881269682712504,0.025
2025-10-03,BBDC4,0.0012893032997231093,0.00011024745824588601,0.07877346185419905,0.11253351693457007,0.0,0.0605031232216727,0.0276965015486529,0.00440989832983544,0.025
2025-10-03,ITUB4,0.00021806603725055122,6.655801599794128e-05,0.23384536632900965,0.33406480904144237,0.0,0.034700900595929896,0.0316492696084647,0.002662320639917651,0.025
2025-10-03,VALE3,0.0002153810011354788,8.89214763161998e-05,0.2922141057176243,0.10184749593191755,0.7364028618842733,0.1217795024779333,0.05331201542125735,0.0035568590526479918,0.025
2025-10-06,ABEV3,0.0004919123387082631,0.00015837070129169907,0.24354118368473562,0.0002912350514344912,0.8111243971624382,0.1099584940995949,0.01350612497156835,0.006334828051667962,0.025
2025-10-06,BBAS3,0.00012967787075341365,0.00022031742067812603,0.6294868133139468,0.8992668761627813,0.0,0.009044596332994804,0.08518539894483515,0.00881269682712504,0.025
2025-10-06,BBDC4,0.0017034324085957889,0.00011024745824588601,0.06078661414369114,0.08683802020527306,0.0,0.0765239306389444,0.031314643596599495,0.00440989832983544,0.025
2025-10-06,ITUB4,0.00030008021873578793,6.655801599794128e-05,0.18153593840609392,0.25933705486584846,0.0,0.0427289415100363,0.0316598224720692,0.002662320639917651,0.025
2025-10-06,VALE3,0.00011172575445810423,8.89214763161998e-05,0.44317320489821366,0.20559547221601943,0.9975212478233336,0.0936223748897642,0.059185564087765104,0.0035568590526479918,0.025
2025-10-07,ABEV3,0.003009043324542282,0.00015837070129169907,0.05,0.0002789199246366928,0.0,0.1105420390038946,0.01350612497156835,0.006334828051667962,0.025
2025-10-07,BBAS3,0.0001427411308470891,0.00022031742067812603,0.6068371609829015,0.6583747095609702,0.486582880967408,0.03358184791337171,0.0803429928942638,0.00881269682712504,0.025
2025-10-07,BBDC4,0.0009877040887536087,0.00011024745824588601,0.10041195219149025,0.021959064805181484,0.28346868942621073,0.12241876096987579,0.032058753061068854,0.00440989832983544,0.025
2025-10-07,ITUB4,0.00045303869635886007,6.655801599794128e-05,0.128095529504114,0.1829936135773057,0.0,0.0574530767859366,0.033829677096837,0.002662320639917651,0.025
2025-10-07,VALE3,0.0001619011174272399,8.89214763161998e-05,0.35451940349183775,0.1358856978040308,0.8646647167633873,0.1273283398121072,0.06379363257796195,0.0035568590526479918,0.025
2025-10-08,ABEV3,0.003009043324542282,0.00015837070129169907,0.05,0.0005841416094955547,0.0,0.1005580588159225,0.01350612497156835,0.006334828051667962,0.025
2025-10-08,BBAS3,0.00021492106752098468,0.00022031742067812603,0.5061993060166506,0.5146063453234689,0.486582880967408,0.0488301001835469,0.0735002274546709,0.00881269682712504,0.025
2025-10-08,BBDC4,0.002094701706671834,0.00011024745824588601,0.05,0.06284746216585475,0.0,0.0906190162622541,0.0327493861869303,0.00440989832983544,0.025
2025-10-08,ITUB4,0.0004773676032703625,6.655801599794128e-05,0.12236602513313499,0.17480860733305,0.0,0.05900110761031191,0.033829677096837,0.002662320639917651,0.025
2025-10-08,VALE3,0.0001897566150172581,8.89214763161998e-05,0.3190831252313947,0.1849242251183249,0.6321205588285577,0.1167938409229381,0.06919848857600384,0.0035568590526479918,0.025
2025-10-09,ABEV3,0.0016911886479725215,0.00015837070129169907,0.08562617974638179,0.0008365327407408116,0.28346868942621073,0.11304939917533399,0.01595335763866925,0.006334828051667962,0.025
2025-10-09,BBAS3,0.00039135733557824293,0.00022031742067812603,0.3601872047598204,0.5145531496568864,0.0,0.0468328437027036,0.07048294200065665,0.00881269682712504,0.025
2025-10-09,BBDC4,0.0018319040435285166,0.00011024745824588601,0.05676563241598862,0.08109376059426947,0.0,0.0914508612515948,0.0364034346486113,0.00440989832983544,0.025
2025-10-09,ITUB4,0.0004241752884618929,6.655801599794128e-05,0.1356297104619867,0.1937567292314096,0.0,0.05551963816168011,0.033829677096837,0.002662320639917651,0.025
2025-10-09,VALE3,0.00025984320803994237,8.89214763161998e-05,0.2549612397836627,0.2427437613654278,0.28346868942621073,0.1072619754471585,0.07576341932561145,0.0035568590526479918,0.025
2025-10-10,ABEV3,0.0013348281696853096,0.00015837070129169907,0.10606135885173568,0.030029645748389244,0.28346868942621073,0.11607027349446469,0.033110240868894004,0.006334828051667962,0.025
2025-10-10,BBAS3,0.0002578250034269537,0.00022031742067812603,0.4607778134109004,0.31062927751738423,0.8111243971624382,0.0697686617514308,0.059674427338519,0.00881269682712504,0.025
2025-10-10,BBDC4,0.002094701706671834,0.00011024745824588601,0.05,0.04042513030621208,0.0,0.1298115099955253,0.04046110473077225,0.00440989832983544,0.025
2025-10-10,ITUB4,0.0006727885822615139,6.655801599794128e-05,0.0900227527314387,0.12860393247348387,0.0,0.06938527288903071,0.033829677096837,0.002662320639917651,0.025
2025-10-10,VALE3,0.00011597015851466577,8.89214763161998e-05,0.43399271224324465,0.24941899602032633,0.8646647167633873,0.1148673922433064,0.08272047267072875,0.0035568590526479918,0.025
2025-10-13,ABEV3,0.0009711397100020765,0.00015837070129169907,0.14021181186837972,0.07881600720073789,0.28346868942621073,0.1431888656380351,0.056359386870886805,0.006334828051667962,0.025
2025-10-13,BBAS3,0.0006696340630997282,0.00022031742067812603,0.24756115888798347,0.23217221722874323,0.28346868942621073,0.0865934549581054,0.05929938096748885,0.00881269682712504,0.025
2025-10-13,BBDC4,0.002094701706671834,0.00011024745824588601,0.05,0.05408954968984592,0.0,0.1364398966650321,0.046772215157407405,0.00440989832983544,0.025
2025-10-13,ITUB4,0.001001565985186502,6.655801599794128e-05,0.06231300478608762,0.08901857826583946,0.0,0.0839027786615112,0.03468619014078015,0.002662320639917651,0.025
2025-10-13,VALE3,7.953870437540477e-05,8.89214763161998e-05,0.527848634324962,0.33645299183844896,0.9744384667934926,0.0974194096707868,0.0894332989506192,0.0035568590526479918,0.025
2025-10-14,ABEV3,0.0010245332512388069,0.00015837070129169907,0.13388297583494196,0.1912613940499171,0.0,0.1262508669983419,0.0763253616999022,0.006334828051667962,0.025
2025-10-14,BBAS3,0.0004815001564860604,0.00022031742067812603,0.31392405640274235,0.3269763565355417,0.28346868942621073,0.06628884570561361,0.05929938096748885,0.00881269682712504,0.025
2025-10-14,BBDC4,0.0006050865218725313,0.00011024745824588601,0.15412025894203363,0.09868521730595774,0.28346868942621073,0.1309533220292563,0.05654727715025915,0.00440989832983544,0.025
2025-10-14,ITUB4,0.00034733198523642845,6.655801599794128e-05,0.16081088163386695,0.22972983090552423,0.0,0.051018228163624196,0.03468619014078015,0.002662320639917651,0.025
2025-10-14,VALE3,8.398871885870167e-05,8.89214763161998e-05,0.5142639288924189,0.3213801812808495,0.9643260066527476,0.1084286773833885,0.0955208922802755,0.0035568590526479918,0.025
2025-10-15,ABEV3,0.0007648999032987858,0.00015837070129169907,0.17153226855082657,0.24504609792975224,0.0,0.1328188228035848,0.09444498278114735,0.006334828051667962,0.025
2025-10-15,BBAS3,0.00022823774778289382,0.00022031742067812603,0.4911712898862115,0.2883906969862675,0.9643260066527476,0.07157170104324741,0.057559472944580255,0.00881269682712504,0.025
2025-10-15,BBDC4,0.0011215559490606248,0.00011024745824588601,0.08950085508121429,0.1278583644017347,0.0,0.14092082529945898,0.06851352693030854,0.00440989832983544,0.025
2025-10-15,ITUB4,0.0003268882939269674,6.655801599794128e-05,0.16916670539023287,0.24166672198604697,0.0,0.0549827637815042,0.038714921052983096,0.002662320639917651,0.025
2025-10-15,VALE3,6.208093903376126e-05,8.89214763161998e-05,0.5888745296564737,0.4205274590329914,0.9816843611112658,0.0886521644769781,0.10234069255897266,0.0035568590526479918,0.025
2025-10-16,ABEV3,0.0005731650004010502,0.00015837070129169907,0.2164907343896334,0.3092724776994763,0.0,0.12352401734761011,0.1052582764577587,0.006334828051667962,0.025
2025-10-16,BBAS3,0.00023859873200791486,0.00022031742067812603,0.48008207902163813,0.3152609485608885,0.8646647167633873,0.0664440409262845,0.057559472944580255,0.00881269682712504,0.025
2025-10-16,BBDC4,0.0006943515348161395,0.00011024745824588601,0.13702162095222406,0.19574517278889153,0.0,0.1363001929997473,0.08357147345059926,0.00440989832983544,0.025
2025-10-16,ITUB4,0.00028533453589878156,6.655801599794128e-05,0.18914300868031847,0.27020429811474067,0.0,0.0613376925136391,0.04687358483683025,0.002662320639917651,0.025
2025-10-16,VALE3,6.809299646498603e-05,8.89214763161998e-05,0.5663266241712641,0.3957554602506284,0.9643260066527476,0.0948656038354769,0.10234069255897266,0.0035568590526479918,0.025
2025-10-17,ABEV3,0.0004567221602482593,0.00015837070129169907,0.25747445823903586,0.3678206546271941,0.0,0.11026788577518601,0.11025026655174475,0.006334828051667962,0.025
2025-10-17,BBAS3,0.00018019046617519992,0.00022031742067812603,0.5500950865389842,0.470248897105289,0.7364028618842733,0.043428228407752706,0.057559472944580255,0.00881269682712504,0.025
2025-10-17,BBDC4,0.00028023512717678537,0.00011024745824588601,0.2823364276963862,0.28185117266931864,0.28346868942621073,0.11528447105706041,0.09103493875692445,0.00440989832983544,0.025
2025-10-17,ITUB4,0.00017974742628294263,6.655801599794128e-05,0.2702255191017634,0.386036455859662,0.0,0.0504471159217951,0.0530004959725642,0.002662320639917651,0.025
2025-10-17,VALE3,7.856545537616999e-05,8.89214763161998e-05,0.5309159073946472,0.38788070337947284,0.8646647167633873,0.0969225155464638,0.10234069255897266,0.0035568590526479918,0.025
2025-10-20,ABEV3,0.0004545577341148765,0.00015837070129169907,0.25838367441159193,0.3691195348737028,0.0,0.1100334214994762,0.11040496238954031,0.006334828051667962,0.025
2025-10-20,BBAS3,0.00019576259260856095,0.00022031742067812603,0.5295073390759656,0.6349524746401464,0.28346868942621073,0.0217252997395788,0.04783147194312525,0.00881269682712504,0.025
2025-10-20,BBDC4,0.0002471103777265855,0.00011024745824588601,0.30850718005349337,0.440724542933562,0.0,0.0846927692712752,0.1033676661543276,0.00440989832983544,0.025
2025-10-20,ITUB4,9.397371978703072e-05,6.655801599794128e-05,0.41460970737333813,0.5922995819619117,0.0,0.0277586240008434,0.0530004959725642,0.002662320639917651,0.025
2025-10-20,VALE3,5.705196808074586e-05,8.89214763161998e-05,0.6091620067167531,0.45261495239815064,0.9744384667934926,0.0811268495789985,0.10234069255897266,0.0035568590526479918,0.025
2025-10-21,ABEV3,0.000384966478259675,0.00015837070129169907,0.29147775497797435,0.41639679282567765,0.0,0.0967276251759005,0.11040496238954031,0.006334828051667962,0.025
2025-10-21,BBAS3,8.095764926351391e-05,0.00022031742067812603,0.7312832778390982,0.6576783831405997,0.9030280321355949,0.0190548007104628,0.04547259204581375,0.00881269682712504,0.025
2025-10-21,BBDC4,0.0002428888568789481,0.00011024745824588601,0.3121951878750091,0.4459931255357273,0.0,0.0834644019661226,0.1033676661543276,0.00440989832983544,0.025
2025-10-21,ITUB4,8.383089537115064e-05,6.655801599794128e-05,0.4425726298037446,0.6322466140053495,0.0,0.0242994420838568,0.0530004959725642,0.002662320639917651,0.025
2025-10-21,VALE3,5.56706209200449e-05,8.89214763161998e-05,0.6149815793245855,0.4501174544470804,0.9996645373720975,0.08169312219789951,0.10234069255897266,0.0035568590526479918,0.025
2025-10-22,ABEV3,0.0003514170465870106,0.00015837070129169907,0.31066007755325487,0.3223135296077024,0.28346868942621073,0.1250038671749971,0.11040496238954031,0.006334828051667962,0.025
2025-10-22,BBAS3,0.00016438647328632455,0.00022031742067812603,0.5726935030672836,0.5025323492885738,0.7364028618842733,0.031054108140668803,0.045130536055228154,0.00881269682712504,0.025
2025-10-22,BBDC4,0.00023886385934510118,0.00011024745824588601,0.31579456949903306,0.451135099284333,0.0,0.08227946623116031,0.1033676661543276,0.00440989832983544,0.025
2025-10-22,ITUB4,8.821545568086952e-05,6.655801599794128e-05,0.43003503944179716,0.6143357706311389,0.0,0.0258225647024919,0.0530004959725642,0.002662320639917651,0.025
2025-10-22,VALE3,4.527777207636753e-05,8.89214763161998e-05,0.66260785646192,0.518018381388796,0.9999832982992097,0.0673140329832468,0.10234069255897266,0.0035568590526479918,0.025
2025-10-23,ABEV3,0.0003689683404557724,0.00015837070129169907,0.30032045563495097,0.3075426411529825,0.28346868942621073,0.1318229753591074,0.1117957190896143,0.006334828051667962,0.025
2025-10-23,BBAS3,0.00015577533432229953,0.00022031742067812603,0.5858060750940994,0.5659570106364745,0.6321205588285577,0.0256899780200299,0.045130536055228154,0.00881269682712504,0.025
2025-10-23,BBDC4,0.0002580751174659237,0.00011024745824588601,0.2993231083726674,0.427604440532382,0.0,0.0878166949060485,0.1033676661543276,0.00440989832983544,0.025
2025-10-23,ITUB4,7.199096162026929e-05,6.655801599794128e-05,0.4803934113563104,0.6862763019375864,0.0,0.0199533595929595,0.0530004959725642,0.002662320639917651,0.025
2025-10-23,VALE3,6.169768740273401e-05,8.89214763161998e-05,0.5903729254673972,0.49576515188380815,0.8111243971624382,0.06818029242209239,0.0971709626086253,0.0035568590526479918,0.025
2025-10-24,ABEV3,0.0005482338445742048,0.00015837070129169907,0.22412918543798038,0.3201845506256863,0.0,0.1304673550111926,0.11455983633489934,0.006334828051667962,0.025
2025-10-24,BBAS3,0.00020100764871223877,0.00022031742067812603,0.522915526951467,0.4314209548374073,0.7364028618842733,0.0379399316203165,0.045130536055228154,0.00881269682712504,0.025
2025-10-24,BBDC4,0.00016163676919669134,0.00011024745824588601,0.40549412992031897,0.45779074727493685,0.28346868942621073,0.0807656109503975,0.1033676661543276,0.00440989832983544,0.025
2025-10-24,ITUB4,7.142876327826622e-05,6.655801599794128e-05,0.48235067407952475,0.6890723915421783,0.0,0.019737858839299696,0.0530004959725642,0.002662320639917651,0.025
2025-10-24,VALE3,7.024485780335022e-05,8.89214763161998e-05,0.5586701283791005,0.45047544175766996,0.8111243971624382,0.0764708825239255,0.09589405969097035,0.0035568590526479918,0.025
2025-10-27,ABEV3,0.00031055174292291915,0.00015837070129169907,0.33773325044602764,0.360989490883092,0.28346868942621073,0.1220620820287132,0.1197971454210374,0.006334828051667962,0.025
2025-10-27,BBAS3,0.00014348457382388764,0.00022031742067812603,0.6055970665573318,0.4781266527380763,0.9030280321355949,0.0333009026910379,0.045130536055228154,0.00881269682712504,0.025
2025-10-27,BBDC4,0.0002769563121350087,0.00011024745824588601,0.2847272332535267,0.40675319036218105,0.0,0.09298424861216781,0.1033676661543276,0.00440989832983544,0.025
2025-10-27,ITUB4,0.00011622412119454674,6.655801599794128e-05,0.3641385149570112,0.5201978785100161,0.0,0.0346382623632642,0.0530004959725642,0.002662320639917651,0.025
2025-10-27,VALE3,8.532704308813011e-05,8.89214763161998e-05,0.5103140997707105,0.3813954008885415,0.8111243971624382,0.0924340720221212,0.09589405969097035,0.0035568590526479918,0.025
2025-10-28,ABEV3,0.0003464039021033715,0.00015837070129169907,0.31374538304128485,0.3267211088763166,0.28346868942621073,0.1373622424308247,0.12279304968816165,0.006334828051667962,0.025
2025-10-28,BBAS3,0.00018373314382649726,0.00022031742067812603,0.5452719041445742,0.5704243426490739,0.486582880967408,0.025335142688588,0.045130536055228154,0.00881269682712504,0.025
2025-10-28,BBDC4,0.0008448096365583554,0.00011024745824588601,0.11543546333058077,0.16490780475797254,0.0,0.1662100364706776,0.0922175549318813,0.00440989832983544,0.025
2025-10-28,ITUB4,0.00010322236655201148,6.655801599794128e-05,0.3920241844098719,0.5600345491569599,0.0,0.0294126117122094,0.05073267204270965,0.002662320639917651,0.025
2025-10-28,VALE3,6.512749216198109e-05,8.89214763161998e-05,0.5772286383650431,0.4258195339026908,0.9305165487771985,0.0799525800249679,0.09364983792879905,0.0035568590526479918,0.025
2025-10-29,ABEV3,0.0006293877370752767,0.00015837070129169907,0.20103967609664927,0.28719953728092756,0.0,0.1550289671380244,0.1242639422613036,0.006334828051667962,0.025
2025-10-29,BBAS3,0.00017952618024270485,0.00022031742067812603,0.5510089949438729,0.5162468961361509,0.6321205588285577,0.026899099165556103,0.040684080014034604,0.00881269682712504,0.025
2025-10-29,BBDC4,0.0002481261822373808,0.00011024745824588601,0.30763272124930097,0.23093979565582654,0.486582880967408,0.1526191331741578,0.10413435983461411,0.00440989832983544,0.025
2025-10-29,ITUB4,0.00014343781263194056,6.655801599794128e-05,0.31694922909754525,0.45278461299649325,0.0,0.0337082204803443,0.04254268914252965,0.002662320639917651,0.025
2025-10-29,VALE3,6.078471913051661e-05,8.89214763161998e-05,0.5939732557551289,0.42558624910887316,0.986876271263059,0.0773498677946867,0.09054311824954965,0.0035568590526479918,0.025
2025-10-30,ABEV3,0.00011490487650610465,0.00015837070129169907,0.5795274593065809,0.39987035635283275,0.9987273661986602,0.1151519157061979,0.1256273670866695,0.006334828051667962,0.025
2025-10-30,BBAS3,7.196977965962626e-05,0.00022031742067812603,0.7537703341902703,0.955328181946296,0.28346868942621073,0.001627865585200599,0.0356204171556772,0.00881269682712504,0.025
2025-10-30,BBDC4,0.0001798138004750281,0.00011024745824588601,0.380083361466627,0.19535148902556507,0.8111243971624382,0.20011533366938328,0.12254799052629285,0.00440989832983544,0.025
2025-10-30,ITUB4,0.00015833175365031983,6.655801599794128e-05,0.29595839820566916,0.42279771172238456,0.0,0.0294184257241369,0.03417324142180425,0.002662320639917651,0.025
2025-10-30,VALE3,6.39158429490078e-05,8.89214763161998e-05,0.5818047368516113,0.4026310854183391,0.9998765901959134,0.0774844969625242,0.0851726433374388,0.0035568590526479918,0.025
2025-10-31,ABEV3,0.00019390918610275956,0.00015837070129169907,0.4495593048557056,0.4336920579506904,0.486582880967408,0.10495168292815679,0.1256273670866695,0.006334828051667962,0.025
2025-10-31,BBAS3,5.792015723578365e-05,0.00022031742067812603,0.7918320103630829,0.9226530658183721,0.486582880967408,0.0025903532779398032,0.032177505415853354,0.00881269682712504,0.025
2025-10-31,BBDC4,0.00040604913175711673,0.00011024745824588601,0.21353512763902785,0.18356360115880663,0.28346868942621073,0.2087104234749943,0.12311889654315836,0.00440989832983544,0.025
2025-10-31,ITUB4,0.00036356853064363134,6.655801599794128e-05,0.1547405444226267,0.22105792060375243,0.0,0.047639487111426404,0.0315633231022406,0.002662320639917651,0.025
2025-10-31,VALE3,5.105794227455256e-05,8.89214763161998e-05,0.6352467899311187,0.4789258724103968,0.99999559747947,0.0599348008077385,0.081409985888449,0.0035568590526479918,0.025
2025-11-03,ABEV3,0.00036305257794771024,0.00015837070129169907,0.30372771526946696,0.43389673609923857,0.0,0.1037540180977356,0.1242639422613036,0.006334828051667962,0.025
2025-11-03,BBAS3,6.781143339268181e-05,0.00022031742067812603,0.7646489324668014,0.7217850249111218,0.8646647167633873,0.009447182219189998,0.028976603653112453,0.00881269682712504,0.025
2025-11-03,BBDC4,0.00027347829908405273,0.00011024745824588601,0.28730794360278505,0.4104399194325501,0.0,0.1096405440246015,0.12311889654315836,0.00440989832983544,0.025
2025-11-03,ITUB4,0.00017430879269933968,6.655801599794128e-05,0.2763270554291718,0.3947529363273883,0.0,0.029337956922702902,0.0315633231022406,0.002662320639917651,0.025
2025-11-03,VALE3,9.34926226658522e-05,8.89214763161998e-05,0.48747041381351186,0.32581571254927955,0.8646647167633873,0.0903191172955871,0.0805397148019832,0.0035568590526479918,0.025
2025-11-04,ABEV3,0.0002634115691375726,0.00015837070129169907,0.3754797496123207,0.5363996423033154,0.0,0.0764848183739831,0.12279304968816165,0.006334828051667962,0.025
2025-11-04,BBAS3,3.2603942839740085e-05,0.00022031742067812603,0.8710905935890347,0.8967903920575762,0.8111243971624382,0.0028643461506418985,0.026294538592793,0.00881269682712504,0.025
2025-11-04,BBDC4,0.0003153361465365696,0.00011024745824588601,0.2590500597461712,0.3700715139231017,0.0,0.111794369037146,0.11246250754083095,0.00440989832983544,0.025
2025-11-04,ITUB4,0.000274229019878951,6.655801599794128e-05,0.19530677223879214,0.1575230934441842,0.28346868942621073,0.0543652677031317,0.02941551871817315,0.002662320639917651,0.025
2025-11-04,VALE3,0.00011179645743762928,8.89214763161998e-05,0.44301709694390207,0.21959899278296827,0.9643260066527476,0.12209435429413049,0.0805397148019832,0.0035568590526479918,0.025
2025-11-05,ABEV3,0.00012575416429994513,0.00015837070129169907,0.5573982444722592,0.6747966252062799,0.28346868942621073,0.0466533430006155,0.11860699886745554,0.006334828051667962,0.025
2025-11-05,BBAS3,0.0004667474144516552,0.00022031742067812603,0.32066467298753515,0.03028214864465072,0.9982238964542656,0.089222446822135,0.02551256035430895,0.00881269682712504,0.025
2025-11-05,BBDC4,0.0001193025151560045,0.00011024745824588601,0.4802765019400261,0.6861092884857516,0.0,0.04170929768263779,0.11071745653087375,0.00440989832983544,0.025
2025-11-05,ITUB4,1.905598236950006e-05,6.655801599794128e-05,0.7774197825954245,0.8396908784955104,0.6321205588285577,0.005139522278999102,0.02941551871817315,0.002662320639917651,0.025
2025-11-05,VALE3,6.732350318929778e-05,8.89214763161998e-05,0.5691157347751519,0.3954059924815773,0.9744384667934926,0.0747281472056588,0.0805397148019832,0.0035568590526479918,0.025
2025-11-06,ABEV3,0.00020000978156314888,0.00015837070129169907,0.44190660169360485,0.6312951452765784,0.0,0.0518445011810968,0.11270990074069195,0.006334828051667962,0.025
2025-11-06,BBAS3,0.004186030992884394,0.00022031742067812603,0.05,0.04409024943498645,0.0,0.0796378812214504,0.02551256035430895,0.00881269682712504,0.025
2025-11-06,BBDC4,0.00010102343273592526,0.00011024745824588601,0.5218298542385446,0.6239846391581163,0.28346868942621073,0.0477819176206781,0.10131239631838465,0.00440989832983544,0.025
2025-11-06,ITUB4,7.099464091091947e-05,6.655801599794128e-05,0.4838729944856034,0.6912471349794335,0.0,0.010847054942659501,0.029375284317456153,0.002662320639917651,0.025
2025-11-06,VALE3,9.179796964412835e-05,8.89214763161998e-05,0.49204155005942196,0.38731527356305717,0.7364028618842733,0.0746658135073606,0.07871853849374605,0.0035568590526479918,0.025
2025-11-07,ABEV3,0.00014602757727326604,0.00015837070129169907,0.5202746284844688,0.6217628880808651,0.28346868942621073,0.0535036384196517,0.11259266860283705,0.006334828051667962,0.025
2025-11-07,BBAS3,0.0018001982249019478,0.00022031742067812603,0.1090401953382918,0.03428512644346941,0.28346868942621073,0.0860549797044985,0.02551256035430895,0.00881269682712504,0.025
2025-11-07,BBDC4,0.00012460987340712974,0.00011024745824588601,0.46942310665765563,0.6706044380823653,0.0,0.036121843254845,0.09040047175910815,0.00440989832983544,0.025
2025-11-07,ITUB4,4.966304136944169e-05,6.655801599794128e-05,0.5726846537589715,0.8181209339413879,0.0,0.005730929774797399,0.02854829046177315,0.002662320639917651,0.025
2025-11-07,VALE3,8.302580145770733e-05,8.89214763161998e-05,0.5171438447145545,0.3254943467410432,0.9643260066527476,0.08689383402728901,0.07741718237860545,0.0035568590526479918,0.025
2025-11-10,ABEV3,9.359721271311838e-05,0.00015837070129169907,0.6285351923367161,0.6893718972092767,0.486582880967408,0.0409364509039503,0.11005179931717735,0.006334828051667962,0.025
2025-11-10,BBAS3,0.0005608598700052727,0.00022031742067812603,0.2820325466519711,0.05527889643319949,0.8111243971624382,0.0761322620932136,0.026294538592793,0.00881269682712504,0.025
2025-11-10,BBDC4,8.922142912207398e-05,0.00011024745824588601,0.5527050343571259,0.6680920393275182,0.28346868942621073,0.0364611618430001,0.09040047175910815,0.00440989832983544,0.025
2025-11-10,ITUB4,4.203211030275209e-05,6.655801599794128e-05,0.6129288017737234,0.8756125739624621,0.0,0.0036635288770091,0.0275802608125974,0.002662320639917651,0.025
2025-11-10,VALE3,0.00010142829059597666,8.89214763161998e-05,0.4671478077366198,0.2803419972799162,0.9030280321355949,0.0984549147806848,0.07741718237860545,0.0035568590526479918,0.025
2025-11-11,ABEV3,0.000136551424401992,0.00015837070129169907,0.5369915903026699,0.7671308432895284,0.0,0.0291745010193631,0.11005179931717735,0.006334828051667962,0.025
2025-11-11,BBAS3,0.000544338442099398,0.00022031742067812603,0.28812624267058967,0.024596904328444538,0.9030280321355949,0.10736221922747749,0.028976603653112453,0.00881269682712504,0.025
2025-11-11,BBDC4,0.00010074998895434182,0.00011024745824588601,0.5225061236938366,0.7464373195626238,0.0,0.026437042231102804,0.09040047175910815,0.00440989832983544,0.025
2025-11-11,ITUB4,1.946060219605139e-05,6.655801599794128e-05,0.7737629061633721,0.983888999050727,0.28346868942621073,0.0004479639504314011,0.0275802608125974,0.002662320639917651,0.025
2025-11-11,VALE3,0.00010761502970101639,8.89214763161998e-05,0.4524425416843956,0.2287300023519256,0.9744384667934926,0.1142068338729601,0.07741718237860545,0.0035568590526479918,0.025
2025-11-12,ABEV3,0.00019061196430056763,0.00015837070129169907,0.45380678442272887,0.6482954063181842,0.0,0.0452274450281722,0.1043528505129462,0.006334828051667962,0.025
2025-11-12,BBAS3,0.0003935895959541924,0.00022031742067812603,0.35887750866036877,0.08411122401130351,0.9999988395081878,0.0745160216423888,0.030100000928297004,0.00881269682712504,0.025
2025-11-12,BBDC4,8.558873203630535e-05,0.00011024745824588601,0.5629575314298356,0.6827384637171036,0.28346868942621073,0.034500744810415505,0.09040047175910815,0.00440989832983544,0.025
2025-11-12,ITUB4,0.0001414425064287482,6.655801599794128e-05,0.3199896578211715,0.24859256218707024,0.486582880967408,0.034305278027372,0.0246456582578312,0.002662320639917651,0.025
2025-11-12,VALE3,0.00010142189328340984,8.89214763161998e-05,0.4671635082600858,0.2601423268149214,0.950212931632136,0.1059965892211848,0.07871853849374605,0.0035568590526479918,0.025
2025-11-13,ABEV3,0.0003020875063222353,0.00015837070129169907,0.3439415318761851,0.49134504553740727,0.0,0.0640396388155543,0.09011941823585935,0.006334828051667962,0.025
2025-11-13,BBAS3,0.0002324139512604499,0.00022031742067812603,0.48664049883430094,0.2666319172828671,0.9999938557876467,0.0470861364038803,0.0356204171556772,0.00881269682712504,0.025
2025-11-13,BBDC4,0.00017606670152506827,0.00011024745824588601,0.3850576525243523,0.5500823607490748,0.0,0.051924039191078,0.08687492978128265,0.00440989832983544,0.025
2025-11-13,ITUB4,0.00017097017082639323,6.655801599794128e-05,0.28021102205930903,0.2788148789020655,0.28346868942621073,0.037518325627105,0.029375284317456153,0.002662320639917651,0.025
2025-11-13,VALE3,0.00015188215927332561,8.89214763161998e-05,0.3692696586515646,0.2566192728614247,0.6321205588285577,0.1134690528434937,0.08342320702612846,0.0035568590526479918,0.025
2025-11-14,ABEV3,0.00030624540536919917,0.00015837070129169907,0.34086356245778304,0.4869479463682615,0.0,0.05056056253928799,0.0702622285947687,0.006334828051667962,0.025
2025-11-14,BBAS3,0.0004013263659570559,0.00022031742067812603,0.3544110395933573,0.23539267420684287,0.6321205588285577,0.0581399342753951,0.0401935195474591,0.00881269682712504,0.025
2025-11-14,BBDC4,5.062256095742688e-05,0.00011024745824588601,0.6853201037202066,0.9790287196002951,0.0,0.0015356149514290998,0.0724541439016229,0.00440989832983544,0.025
2025-11-14,ITUB4,5.898352016313331e-05,6.655801599794128e-05,0.5301672899122789,0.6358952615491653,0.28346868942621073,0.0133170351777038,0.02941551871817315,0.002662320639917651,0.025
2025-11-14,VALE3,9.979645867873164e-05,8.89214763161998e-05,0.47118720496060984,0.24858324818008345,0.9905964374485048,0.1233382193062634,0.08860647566143806,0.0035568590526479918,0.025
2025-11-17,ABEV3,0.0002646268314774994,0.00015837070129169907,0.3744010047881566,0.5348585782687951,0.0,0.0367765236973403,0.058771638617603,0.006334828051667962,0.025
2025-11-17,BBAS3,0.0003139379624322762,0.00022031742067812603,0.41238221952103027,0.2735162299367833,0.7364028618842733,0.0682072400274308,0.052613035339637695,0.00881269682712504,0.025
2025-11-17,BBDC4,5.253233828130332e-05,0.00011024745824588601,0.6772797398568515,0.9675424855097879,0.0,0.0016449460024889964,0.049852978405878046,0.00440989832983544,0.025
2025-11-17,ITUB4,9.305726315059833e-05,6.655801599794128e-05,0.41699025527500855,0.5957003646785837,0.0,0.0152169108199426,0.029375284317456153,0.002662320639917651,0.025
2025-11-17,VALE3,0.0001373727804390127,8.89214763161998e-05,0.3929462355396325,0.21372702341557293,0.8111243971624382,0.13672472464467791,0.08860647566143806,0.0035568590526479918,0.025
2025-11-18,ABEV3,0.0002656224130566841,0.00015837070129169907,0.37352187083295496,0.5336026726185071,0.0,0.0330847821250964,0.05267406980037425,0.006334828051667962,0.025
2025-11-18,BBAS3,0.00013250720763023323,0.00022031742067812603,0.6244388940036649,0.5444308212213336,0.8111243971624382,0.0384104503578993,0.06317358715141294,0.00881269682712504,0.025
2025-11-18,BBDC4,8.324458848796531e-05,0.00011024745824588601,0.5697777252701843,0.6924815977747445,0.28346868942621073,0.0164428301939451,0.04474560765165794,0.00440989832983544,0.025
2025-11-18,ITUB4,0.00021054089174115057,6.655801599794128e-05,0.2401958800234981,0.3431369714621402,0.0,0.023828513076956395,0.02227743387132275,0.002662320639917651,0.025
2025-11-18,VALE3,0.0001691615340147644,8.89214763161998e-05,0.3445460288229256,0.22129980167765478,0.6321205588285577,0.1423579831214298,0.09438701603813596,0.0035568590526479918,0.025
2025-11-19,ABEV3,0.0021607911573448637,0.00015837070129169907,0.06828790353805031,0.09755414791150045,0.0,0.11916609434632999,0.0512025318601924,0.006334828051667962,0.025
2025-11-19,BBAS3,8.387919786997259e-05,0.00022031742067812603,0.7242599267857743,0.6066310241802519,0.9987273661986602,0.031576340915454096,0.06317358715141294,0.00881269682712504,0.025
2025-11-19,BBDC4,0.00037363888530070853,0.00011024745824588601,0.2278375071258237,0.32548215303689104,0.0,0.0438711242272757,0.039085229762818946,0.00440989832983544,0.025
2025-11-19,ITUB4,0.00029315662977095325,6.655801599794128e-05,0.18503004195359543,0.2643286313622792,0.0,0.025976181275703503,0.019522711948449498,0.002662320639917651,0.025
2025-11-19,VALE3,0.00012281586276913716,8.89214763161998e-05,0.4199612439653905,0.22937404133767755,0.8646647167633873,0.1505173239689297,0.1022257520009348,0.0035568590526479918,0.025
2025-11-21,ABEV3,0.0006533734954888258,0.00015837070129169907,0.19509927132194638,0.157226663562976,0.28346868942621073,0.0947281041593522,0.0512025318601924,0.006334828051667962,0.025
2025-11-21,BBAS3,0.0002942986974954543,0.00022031742067812603,0.4281199381396228,0.4030643912134292,0.486582880967408,0.0574032453758712,0.06317358715141294,0.00881269682712504,0.025
2025-11-21,BBDC4,0.00033937730945901215,0.00011024745824588601,0.24519881057407547,0.35028401510582213,0.0,0.041000835248660605,0.039085229762818946,0.00440989832983544,0.025
2025-11-21,ITUB4,0.0002754572011709885,6.655801599794128e-05,0.1946054229659221,0.2780077470941744,0.0,0.024991146527733703,0.019522711948449498,0.002662320639917651,0.025
2025-11-21,VALE3,0.0005614665509462841,8.89214763161998e-05,0.13672065380796566,0.19531521972566523,0.0,0.1792091157602095,0.10973282103233925,0.0035568590526479918,0.025
2025-11-24,ABEV3,0.0018629031816336326,0.00015837070129169907,0.07835192579765277,0.11193132256807539,0.0,0.11212687754479829,0.0512025318601924,0.006334828051667962,0.025
2025-11-24,BBAS3,0.0001290735536641881,0.00022031742067812603,0.6305755925517157,0.6299134641473549,0.6321205588285577,0.0291971153988148,0.06317358715141294,0.00881269682712504,0.025
2025-11-24,BBDC4,0.0004934361738435347,0.00011024745824588601,0.18262456092159807,0.26089222988799726,0.0,0.0520408236695545,0.038730998545830356,0.00440989832983544,0.025
2025-11-24,ITUB4,0.0008879382342584109,6.655801599794128e-05,0.0697310397815241,0.09961577111646301,0.0,0.0450278618843668,0.019522711948449498,0.002662320639917651,0.025
2025-11-24,VALE3,0.0005285976151443554,8.89214763161998e-05,0.14399793876150918,0.2057113410878703,0.0,0.1800098167235334,0.1138379433582269,0.0035568590526479918,0.025
2025-11-25,ABEV3,0.002862303962099715,0.00015837070129169907,0.05242891702673167,0.07489845289533097,0.0,0.1326976102915856,0.0512025318601924,0.006334828051667962,0.025
2025-11-25,BBAS3,0.00016111344967533505,0.00022031742067812603,0.5776077339360712,0.6166183852083554,0.486582880967408,0.030544741901110797,0.06317358715141294,0.00881269682712504,0.025
2025-11-25,BBDC4,0.0003851814631551552,0.00011024745824588601,0.22252931446576285,0.3178990206653755,0.0,0.04438655672881389,0.038730998545830356,0.00440989832983544,0.025
2025-11-25,ITUB4,0.0007978767857487182,6.655801599794128e-05,0.07699599306212046,0.10999427580302924,0.0,0.04309300827357249,0.019522711948449498,0.002662320639917651,0.025
2025-11-25,VALE3,0.00011138297851951064,8.89214763161998e-05,0.44393159597540216,0.22695388069394482,0.950212931632136,0.1752183295037421,0.1181505940835453,0.0035568590526479918,0.025
2025-11-26,ABEV3,0.003009043324542282,0.00015837070129169907,0.05,0.05771963602577833,0.0,0.1460377032338748,0.0512025318601924,0.006334828051667962,0.025
2025-11-26,BBAS3,0.0004507152462938589,0.00022031742067812603,0.3283259243880061,0.46903703484000875,0.0,0.0478270517715403,0.06317358715141294,0.00881269682712504,0.025
2025-11-26,BBDC4,0.0001602751683404392,0.00011024745824588601,0.40753507252638427,0.5821929607519776,0.0,0.020951662967451497,0.038730998545830356,0.00440989832983544,0.025
2025-11-26,ITUB4,0.00013954039232070837,6.655801599794128e-05,0.3229428918977173,0.46134698842531047,0.0,0.015102864311177001,0.019522711948449498,0.002662320639917651,0.025
2025-11-26,VALE3,0.00010760827712345736,8.89214763161998e-05,0.45245808718476005,0.2987439543371837,0.8111243971624382,0.1434972148947548,0.11877252658961175,0.0035568590526479918,0.025
2025-11-27,ABEV3,0.003009043324542282,0.00015837070129169907,0.05,0.06851513381085722,0.0,0.141203411917875,0.05267406980037425,0.006334828051667962,0.025
2025-11-27,BBAS3,0.00016942266557451037,0.00022031742067812603,0.5652932003902529,0.5366529039166937,0.6321205588285577,0.035957254432647495,0.05777158982563315,0.00881269682712504,0.025
2025-11-27,BBDC4,0.00019030085305603205,0.00011024745824588601,0.36682108699368504,0.5240301242766929,0.0,0.023451790587879905,0.03629150254892255,0.00440989832983544,0.025
2025-11-27,ITUB4,8.520602517277827e-05,6.655801599794128e-05,0.43856249138140757,0.2788931031895373,0.8111243971624382,0.0249290724024216,0.019522711948449498,0.002662320639917651,0.025
2025-11-27,VALE3,0.0001260516670211446,8.89214763161998e-05,0.41363993164793,0.32000537714194677,0.6321205588285577,0.1481601320878986,0.13003147197547066,0.0035568590526479918,0.025
2025-11-28,ABEV3,0.00153472491718092,0.00015837070129169907,0.0935391359848707,0.13362733712124386,0.0,0.1182897017085948,0.058771638617603,0.006334828051667962,0.025
2025-11-28,BBAS3,0.0005015349475138693,0.00022031742067812603,0.3052111905235544,0.31452940527955886,0.28346868942621073,0.0608587694955751,0.05261514857370575,0.00881269682712504,0.025
2025-11-28,BBDC4,5.49144245295098e-05,0.00011024745824588601,0.667511512906473,0.8321012943980142,0.28346868942621073,0.0064902545972398,0.03531129403263025,0.00440989832983544,0.025
2025-11-28,ITUB4,2.3082030420304778e-05,6.655801599794128e-05,0.7425031406988821,0.9392321912443128,0.28346868942621073,0.0015283688124857024,0.024378792739688997,0.002662320639917651,0.025
2025-11-28,VALE3,7.409283196958014e-05,8.89214763161998e-05,0.5454826465926648,0.3720268101471771,0.950212931632136,0.1379770055834207,0.13954135388305386,0.0035568590526479918,0.025
2025-12-01,ABEV3,0.0003428409489393636,0.00015837070129169907,0.315975698527137,0.2428583346241637,0.486582880967408,0.1123501667511976,0.07938387148745325,0.006334828051667962,0.025
2025-12-01,BBAS3,0.00021768131691816427,0.00022031742067812603,0.5030092595408249,0.44767584556036794,0.6321205588285577,0.042286051324013696,0.05261514857370575,0.00881269682712504,0.025
2025-12-01,BBDC4,0.0016462473502804502,0.00011024745824588601,0.06276560437908803,0.0896651491129829,0.0,0.0734810112741434,0.030468893520759155,0.00440989832983544,0.025
2025-12-01,ITUB4,0.00010437847927257849,6.655801599794128e-05,0.38937276614106453,0.3477112883583459,0.486582880967408,0.025753336718096903,0.024378792739688997,0.002662320639917651,0.025
2025-12-01,VALE3,0.00017107307044065905,8.89214763161998e-05,0.34201285152090977,0.3671032067043522,0.28346868942621073,0.14046356360263,0.14016749435242526,0.0035568590526479918,0.025
2025-12-02,ABEV3,0.00024352738430633174,0.00015837070129169907,0.39405686905933107,0.35440286395586956,0.486582880967408,0.1072875060811104,0.10342749085207525,0.006334828051667962,0.025
2025-12-02,BBAS3,0.000329711010042631,0.00022031742067812603,0.400556422855128,0.36368794080700806,0.486582880967408,0.0480004032102577,0.0474565940877103,0.00881269682712504,0.025
2025-12-02,BBDC4,0.0004020172159488215,0.00011024745824588601,0.21521581283971553,0.09891564078499024,0.486582880967408,0.07048941665075091,0.030468893520759155,0.00440989832983544,0.025
2025-12-02,ITUB4,0.00013798426604012899,6.655801599794128e-05,0.3253997918413427,0.4648568454876325,0.0,0.0191200873208612,0.02496010946507765,0.002662320639917651,0.025
2025-12-02,VALE3,9.226637628852352e-05,8.89214763161998e-05,0.4907695247660424,0.302306514475547,0.9305165487771985,0.1691716635622576,0.1414107733620299,0.0035568590526479918,0.025
2025-12-03,ABEV3,0.00020680250350674323,0.00015837070129169907,0.4336865334331196,0.4110166702041389,0.486582880967408,0.09754302351611399,0.10970719181295435,0.006334828051667962,0.025
2025-12-03,BBAS3,0.00026690219233809447,0.00022031742067812603,0.45219325083038314,0.2754197654305242,0.8646647167633873,0.0611933288137121,0.0474565940877103,0.00881269682712504,0.025
2025-12-03,BBDC4,0.0007395367847029064,0.00011024745824588601,0.12973582313473123,0.06385030900981147,0.28346868942621073,0.103860496637966,0.03775079002953806,0.00440989832983544,0.025
2025-12-03,ITUB4,2.76637274118963e-05,6.655801599794128e-05,0.7063976274396981,0.8876528865883357,0.28346868942621073,0.0029746087124695,0.02496010946507765,0.002662320639917651,0.025
2025-12-03,VALE3,6.896522219071923e-05,8.89214763161998e-05,0.5631980221076256,0.3770594968008936,0.9975212478233336,0.1394047606448337,0.14292759900809232,0.0035568590526479918,0.025
2025-12-04,ABEV3,0.0002927665449440766,0.00015837070129169907,0.35104771909905785,0.38001016038742097,0.28346868942621073,0.1061479930677435,0.10970719181295435,0.006334828051667962,0.025
2025-12-04,BBAS3,0.0007151591996349033,0.00022031742067812603,0.23551355094732712,0.21496134874209133,0.28346868942621073,0.072954881634146,0.0474565940877103,0.00881269682712504,0.025
2025-12-04,BBDC4,0.000700779416265831,0.00011024745824588601,0.13593564123539195,0.19419377319341707,0.0,0.0695482757399731,0.04243597973796816,0.00440989832983544,0.025
2025-12-04,ITUB4,2.6954419035198772e-05,6.655801599794128e-05,0.7117557785160193,0.8953073881259375,0.28346868942621073,0.0026960060576765007,0.024378792739688997,0.002662320639917651,0.025
2025-12-04,VALE3,5.268557776105385e-05,8.89214763161998e-05,0.627945245352599,0.47634276717031326,0.9816843611112658,0.1059976207776979,0.14292759900809232,0.0035568590526479918,0.025
2025-12-05,ABEV3,0.0003448762973449774,0.00015837070129169907,0.3146977562126231,0.2410327027462867,0.486582880967408,0.156093878328846,0.10970719181295435,0.006334828051667962,0.025
2025-12-05,BBAS3,1.1595653719901382e-05,0.00022031742067812603,0.95,0.9549615856790399,0.950212931632136,0.002208064062618798,0.047913727490899,0.00881269682712504,0.025
2025-12-05,BBDC4,0.002094701706671834,0.00011024745824588601,0.05,0.028219514248608437,0.0,0.15140060794467,0.04243597973796816,0.00440989832983544,0.025
2025-12-05,ITUB4,0.0001745120821975992,6.655801599794128e-05,0.27609403445778546,0.18588452881080442,0.486582880967408,0.0361332933880002,0.021474300198908797,0.002662320639917651,0.025
2025-12-05,VALE3,6.857033428437491e-05,8.89214763161998e-05,0.56461015958296,0.4077931356425722,0.9305165487771985,0.1282053779244508,0.14292759900809232,0.0035568590526479918,0.025
2025-12-08,ABEV3,0.0007480311845403921,0.00015837070129169907,0.1747245937670488,0.24960656252435542,0.0,0.1557724048534343,0.11223852214799795,0.006334828051667962,0.025
2025-12-08,BBAS3,9.839980452915856e-05,0.00022031742067812603,0.6912629856602129,0.67191732442133,0.7364028618842733,0.0179153849073403,0.045056551547777,0.00881269682712504,0.025
2025-12-08,BBDC4,0.002094701706671834,0.00011024745824588601,0.05,0.029711048376380663,0.0,0.1551674309045205,0.0441288404780448,0.00440989832983544,0.025
2025-12-08,ITUB4,9.315034088576248e-05,6.655801599794128e-05,0.41674723412505843,0.38681767119262295,0.486582880967408,0.023155021977825,0.024378792739688997,0.002662320639917651,0.025
2025-12-08,VALE3,6.901784767633252e-05,8.89214763161998e-05,0.563010364159873,0.39706640667176035,0.950212931632136,0.1320153256707384,0.14292759900809232,0.0035568590526479918,0.025
2025-12-09,ABEV3,0.00018033945528629235,0.00015837070129169907,0.4675699804568235,0.2607230013816896,0.950212931632136,0.15502421079148662,0.1153199342298962,0.006334828051667962,0.025
2025-12-09,BBAS3,0.0004666411624897618,0.00022031742067812603,0.3207142702288385,0.33667666200139335,0.28346868942621073,0.0439244078689255,0.0403482508409565,0.00881269682712504,0.025
2025-12-09,BBDC4,0.002094701706671834,0.00011024745824588601,0.05,0.05741774492835798,0.0,0.13776588893679248,0.0482136901991842,0.00440989832983544,0.025
2025-12-09,ITUB4,5.469393499475743e-05,6.655801599794128e-05,0.5489232581663707,0.5132672721682906,0.6321205588285577,0.016259644770932002,0.024378792739688997,0.002662320639917651,0.025
2025-12-09,VALE3,9.458942157604198e-05,8.89214763161998e-05,0.4845569246160781,0.3766229515011373,0.7364028618842733,0.1395703327068357,0.14292759900809232,0.0035568590526479918,0.025
2025-12-10,ABEV3,0.00019481676655371956,0.00015837070129169907,0.4484040791645925,0.22296077018077828,0.9744384667934926,0.1781820139305225,0.11872789802746239,0.006334828051667962,0.025
2025-12-10,BBAS3,0.00033605972426271457,0.00022031742067812603,0.3959857493814781,0.44420734650516425,0.28346868942621073,0.0349783346550705,0.0431052295964696,0.00881269682712504,0.025
2025-12-10,BBDC4,0.0018466523380656315,0.00011024745824588601,0.056337814768894684,0.08048259252699241,0.0,0.1531848998912207,0.060794549704763806,0.00440989832983544,0.025
2025-12-10,ITUB4,0.00014597567730216814,6.655801599794128e-05,0.31316453859368854,0.44737791227669793,0.0,0.019338259129889804,0.0240420471901233,0.002662320639917651,0.025
2025-12-10,VALE3,8.894419814056977e-05,8.89214763161998e-05,0.49993612644924507,0.3069603527994347,0.950212931632136,0.16768404807020498,0.14198038924869238,0.0035568590526479918,0.025
2025-12-11,ABEV3,0.0006172515192569508,0.00015837070129169907,0.20418535866555346,0.29169336952221925,0.0,0.15461472653226221,0.12549365600009021,0.006334828051667962,0.025
2025-12-11,BBAS3,0.00019657344164638,0.00022031742067812603,0.5284774519874986,0.4393665620317381,0.7364028618842733,0.0354506555597184,0.0431052295964696,0.00881269682712504,0.025
2025-12-11,BBDC4,0.0006785272347050277,0.00011024745824588601,0.13977053172615772,0.07818560699756359,0.28346868942621073,0.1784549118748497,0.070018846195362,0.00440989832983544,0.025
2025-12-11,ITUB4,0.0003160445085708267,6.655801599794128e-05,0.17396125671925175,0.2485160810275025,0.0,0.029580586935798396,0.0212466405538574,0.002662320639917651,0.025
2025-12-11,VALE3,8.329253046705669e-05,8.89214763161998e-05,0.5163428804494037,0.3388398797374917,0.9305165487771985,0.1536550979401068,0.14198038924869238,0.0035568590526479918,0.025
2025-12-12,ABEV3,0.00046903727418346906,0.00015837070129169907,0.2524206058613725,0.3606008655162464,0.0,0.1396872709566232,0.1369505111047303,0.006334828051667962,0.025
2025-12-12,BBAS3,0.00023043365129477256,0.00022031742067812603,0.4887784730357172,0.3112429477071982,0.9030280321355949,0.0456620690754447,0.039121652878330596,0.00881269682712504,0.025
2025-12-12,BBDC4,0.0006359821343052658,0.00011024745824588601,0.14773932760959071,0.08956960111675358,0.28346868942621073,0.1736815540131487,0.07198521396244716,0.00440989832983544,0.025
2025-12-12,ITUB4,0.00010421847716583493,6.655801599794128e-05,0.38973757315716473,0.5567679616530925,0.0,0.012442175310520198,0.0212466405538574,0.002662320639917651,0.025
2025-12-12,VALE3,0.00011744111663662813,8.89214763161998e-05,0.4308992004986398,0.34466147550010356,0.6321205588285577,0.1512364562965268,0.14198038924869238,0.0035568590526479918,0.025
2025-12-15,ABEV3,0.00025955310311546185,0.00015837070129169907,0.3789463524729185,0.4198653509215077,0.28346868942621073,0.1218814464468504,0.1404453414372491,0.006334828051667962,0.025
2025-12-15,BBAS3,0.00035263854820044853,0.00022031742067812603,0.3845276646813631,0.23372400873725874,0.7364028618842733,0.0626583785584513,0.0431052295964696,0.00881269682712504,0.025
2025-12-15,BBDC4,0.0007689336800357461,0.00011024745824588601,0.12539788838209803,0.17913984054585433,0.0,0.15247721287196989,0.0886707539560547,0.00440989832983544,0.025
2025-12-15,ITUB4,5.0826060857702996e-05,6.655801599794128e-05,0.567010601274247,0.8100151446774957,0.0,0.0040516316863558,0.0192291732253755,0.002662320639917651,0.025
2025-12-15,VALE3,0.00010930791972714811,8.89214763161998e-05,0.44857865730849955,0.36991784237133174,0.6321205588285577,0.1411958546925363,0.14198038924869238,0.0035568590526479918,0.025
2025-12-16,ABEV3,0.00027387304501979984,0.00015837070129169907,0.3663921170477,0.40193072888548115,0.28346868942621073,0.1280124908170392,0.1404453414372491,0.006334828051667962,0.025
2025-12-16,BBAS3,0.00018640117411103382,0.00022031742067812603,0.541694979036641,0.42622522841129923,0.8111243971624382,0.0381991079067259,0.044793238472185096,0.00881269682712504,0.025
2025-12-16,BBDC4,0.0001861539407164691,0.00011024745824588601,0.37195323177232426,0.531361759674749,0.0,0.0763916568942268,0.12081319278737923,0.00440989832983544,0.025
2025-12-16,ITUB4,0.000185476162910492,6.655801599794128e-05,0.2640832933303166,0.1687263272001346,0.486582880967408,0.031478714048513996,0.0176898660458966,0.002662320639917651,0.025
2025-12-16,VALE3,8.473987586580733e-05,8.89214763161998e-05,0.51203952519617,0.3444730222221307,0.9030280321355949,0.1500877840296841,0.14082970914758314,0.0035568590526479918,0.025
2025-12-17,ABEV3,0.0005645068199984167,0.00015837070129169907,0.21908372667205878,0.3129767523886554,0.0,0.1554835505526504,0.1338498808868312,0.006334828051667962,0.025
2025-12-17,BBAS3,6.715331470621123e-05,0.00022031742067812603,0.7663994750059346,0.8239475819390962,0.6321205588285577,0.0083472572449837,0.0431052295964696,0.00881269682712504,0.025
2025-12-17,BBDC4,0.0003094669382243144,0.00011024745824588601,0.2626725677581411,0.37524652536877295,0.0,0.1184177170187099,0.12081319278737923,0.00440989832983544,0.025
2025-12-17,ITUB4,0.0012646023039608841,6.655801599794128e-05,0.05,0.013125540028822356,0.0,0.083323763548767,0.0192291732253755,0.002662320639917651,0.025
2025-12-17,VALE3,8.944045990869522e-05,8.89214763161998e-05,0.4985451391606306,0.304973228101414,0.950212931632136,0.1672396851806601,0.14082970914758314,0.0035568590526479918,0.025
2025-12-18,ABEV3,0.0003279373155871049,0.00015837070129169907,0.3256592443368411,0.25669197149516965,0.486582880967408,0.1820195708849069,0.1338498808868312,0.006334828051667962,0.025
2025-12-18,BBAS3,0.000333699129429167,0.00022031742067812603,0.39767299485089114,0.2971954674318912,0.6321205588285577,0.0523023862699203,0.0431052295964696,0.00881269682712504,0.025
2025-12-18,BBDC4,0.00010398469585715918,0.00011024745824588601,0.5146167656646781,0.34815479431999935,0.9030280321355949,0.1351506971800616,0.1280918029777512,0.00440989832983544,0.025
2025-12-18,ITUB4,0.00028053102197927207,6.655801599794128e-05,0.191760639822658,0.003034960248701016,0.6321205588285577,0.11148222691752219,0.0192291732253755,0.002662320639917651,0.025
2025-12-18,VALE3,8.966278144846843e-05,8.89214763161998e-05,0.49792449474117284,0.29803813249335515,0.9643260066527476,0.1704791284985455,0.14082970914758314,0.0035568590526479918,0.025
2025-12-19,ABEV3,0.00042279220394894645,0.00015837070129169907,0.27250655515620287,0.38929507879457553,0.0,0.1388248517277129,0.1471509987444427,0.006334828051667962,0.025
2025-12-19,BBAS3,0.002569610076869978,0.00022031742067812603,0.07896886957519486,0.11281267082170694,0.0,0.0940567582789366,0.0431052295964696,0.00881269682712504,0.025
2025-12-19,BBDC4,0.00017214692351739564,0.00011024745824588601,0.39040244907670096,0.34918226398068375,0.486582880967408,0.1435761277523519,0.13645829305842705,0.00440989832983544,0.025
2025-12-19,ITUB4,0.00037923460824696787,6.655801599794128e-05,0.14930264068562896,0.0047539662791522405,0.486582880967408,0.11364352114355489,0.0212466405538574,0.002662320639917651,0.025
2025-12-19,VALE3,0.00010277953168070581,8.89214763161998e-05,0.4638550273957618,0.27563802536440474,0.9030280321355949,0.18768377385633062,0.1456418193611102,0.0035568590526479918,0.025
2025-12-22,ABEV3,0.00033678984409523234,0.00015837070129169907,0.31983707661510885,0.33542352826749383,0.28346868942621073,0.16074205366256888,0.1471509987444427,0.006334828051667962,0.025
2025-12-22,BBAS3,0.0006403397998201268,0.00022031742067812603,0.2559874191848174,0.09478750219464295,0.6321205588285577,0.10553814253327659,0.044793238472185096,0.00881269682712504,0.025
2025-12-22,BBDC4,0.00041914141266225527,0.00011024745824588601,0.2082542046204367,0.2975060066006239,0.0,0.1705383983684573,0.1406710083445722,0.00440989832983544,0.025
2025-12-22,ITUB4,0.0012646023039608841,6.655801599794128e-05,0.05,0.002805928753461226,0.0,0.12484569945363061,0.0212466405538574,0.002662320639917651,0.025
2025-12-22,VALE3,6.579585653891156e-05,8.89214763161998e-05,0.5747350647485139,0.41381597894124733,0.950212931632136,0.1329342959580797,0.15066212016310543,0.0035568590526479918,0.025
2025-12-23,ABEV3,0.00034108870028002746,0.00015837070129169907,0.3170842330594426,0.4529774757992038,0.0,0.1226035308487238,0.1548194686618744,0.006334828051667962,0.025
2025-12-23,BBAS3,0.0005087199259194409,0.00022031742067812603,0.3022032022177632,0.11611763378925884,0.7364028618842733,0.09644662938214402,0.044793238472185096,0.00881269682712504,0.025
2025-12-23,BBDC4,0.0004186533811111919,0.00011024745824588601,0.20844636658149526,0.2977805236878504,0.0,0.1786671966520545,0.14748836784851094,0.00440989832983544,0.025
2025-12-23,ITUB4,0.0012646023039608841,6.655801599794128e-05,0.05,0.006039519525551618,0.0,0.13472447271966279,0.026367804456811698,0.002662320639917651,0.025
2025-12-23,VALE3,0.00010174708046723994,8.89214763161998e-05,0.46636675609390754,0.35063699646946506,0.7364028618842733,0.1526331784924612,0.1456418193611102,0.0035568590526479918,0.025
2025-12-26,ABEV3,0.0002968210984605414,0.00015837070129169907,0.347920813551342,0.4970297336447743,0.0,0.1082351309678544,0.1548194686618744,0.006334828051667962,0.025
2025-12-26,BBAS3,0.000599501218378206,0.00022031742067812603,0.2687392188737336,0.06831194329778797,0.7364028618842733,0.1202102999628002,0.044793238472185096,0.00881269682712504,0.025
2025-12-26,BBDC4,0.00045440985091806856,0.00011024745824588601,0.19524666812357588,0.1574372304224467,0.28346868942621073,0.2808937843820192,0.15193891040831994,0.00440989832983544,0.025
2025-12-26,ITUB4,0.0006798043064959896,6.655801599794128e-05,0.08917654869760992,0.005908488385352434,0.28346868942621073,0.1566587877106773,0.030529650492156196,0.002662320639917651,0.025
2025-12-26,VALE3,0.00011229970113825256,8.89214763161998e-05,0.4419091342228515,0.31569753665367073,0.7364028618842733,0.1737090080772604,0.15066212016310543,0.0035568590526479918,0.025
2025-12-29,ABEV3,0.00013281525203908323,0.00015837070129169907,0.5438816655822427,0.568438287560029,0.486582880967408,0.08745171595475601,0.1548194686618744,0.006334828051667962,0.025
2025-12-29,BBAS3,0.0015653721385347206,0.00022031742067812603,0.12337946399554725,0.054769795953834334,0.28346868942621073,0.1301071753308817,0.044793238472185096,0.00881269682712504,0.025
2025-12-29,BBDC4,0.0004289672462860021,0.00011024745824588601,0.20445929482133807,0.29208470688762583,0.0,0.1880909274436931,0.15283105638159528,0.00440989832983544,0.025
2025-12-29,ITUB4,0.0012646023039608841,6.655801599794128e-05,0.05,0.010017339844504506,0.0,0.1556238321095578,0.033806003718257094,0.002662320639917651,0.025
2025-12-29,VALE3,0.00010230618289855121,8.89214763161998e-05,0.4650032149185066,0.27727829325404024,0.9030280321355949,0.1948918965503717,0.151934817394494,0.0035568590526479918,0.025
2025-12-30,ABEV3,0.00026971321949713475,0.00015837070129169907,0.3699524639932003,0.5285035199902862,0.0,0.0938390473400159,0.1471509987444427,0.006334828051667962,0.025
2025-12-30,BBAS3,0.0007801120269622487,0.00022031742067812603,0.22022284649634155,0.10606854600874169,0.486582880967408,0.1098999417039517,0.048982227672682496,0.00881269682712504,0.025
2025-12-30,BBDC4,0.0003451048797166366,0.00011024745824588601,0.24211461994285363,0.34587802848979093,0.0,0.16368406842971558,0.1541761653978706,0.00440989832983544,0.025
2025-12-30,ITUB4,0.0009331052136374229,6.655801599794128e-05,0.06658043831643072,0.09511491188061531,0.0,0.1350461449096138,0.057401238798640494,0.002662320639917651,0.025
2025-12-30,VALE3,0.00014172546514033122,8.89214763161998e-05,0.38553069793452444,0.34222261949186006,0.486582880967408,0.1642155129017564,0.15314413821628398,0.0035568590526479918,0.025
