view_date,ticker,Q,ret_pred,ret_real,q_source,sentiment_signal,sentiment_component,news_count,ret_scale
2025-01-02,ABEV3,-0.0022245569852493404,-0.0026080133393406,-0.0440599308481173,xgb,0.0,0.0,0,0.05043921376771055
2025-01-02,BBAS3,0.009683307322736983,0.0170529223978519,0.1459951923874491,xgb,-0.6,-0.0330702642872514,1,0.055117107145419
2025-01-02,BBDC4,-0.00791864636699245,-0.0092836171388626,0.0604308626093583,xgb,0.0,0.0,0,0.0538391669530114
2025-01-02,ITUB4,0.005190220412291203,0.0060848807916045,0.1007374987884402,xgb,0.0,0.0,0,0.0487825301039826
2025-01-02,VALE3,-0.022439575339707675,-0.0205452386289834,-0.0014757840340664,xgb,-0.6,-0.03342924839452692,1,0.055715413990878204
2025-01-03,ABEV3,0.0217813759052883,0.025535924360156,-0.0268352063754725,xgb,0.0,0.0,0,0.05043921376771055
2025-01-03,BBAS3,0.010042900739764507,0.0174745004624128,0.151016659177138,xgb,-0.6,-0.0330702642872514,1,0.055117107145419
2025-01-03,BBDC4,-0.011506045609368095,-0.0134893916547298,0.0748091420061481,xgb,0.0,0.0,0,0.0538391669530114
2025-01-03,ITUB4,0.005190220412291203,0.0060848807916045,0.1162910273322864,xgb,0.0,0.0,0,0.0487825301039826
2025-01-03,VALE3,-0.021357345846542194,-0.0192764606326818,0.0180553214936026,xgb,-0.6,-0.03342924839452692,1,0.055715413990878204
2025-01-06,ABEV3,0.020152090683244632,0.0288424454629421,-0.0351546245221783,xgb,-0.6,-0.03026352826062633,1,0.05043921376771055
2025-01-06,BBAS3,0.014905223635563047,0.0174745004624128,0.1475704898594081,xgb,0.0,0.0,0,0.055117107145419
2025-01-06,BBDC4,-0.012542410986536186,-0.014704399742186,0.0536105918295649,xgb,0.0,0.0,0,0.0538391669530114
2025-01-06,ITUB4,0.002453418606320403,0.0028763248119503,0.0759129232847957,xgb,0.0,0.0,0,0.0487825301039826
2025-01-06,VALE3,-0.007422282795790222,-0.0087016932666301,0.0273988876047999,xgb,0.0,0.0,2,0.055715413990878204
2025-01-07,ABEV3,0.013274332689276715,0.0155624859035015,-0.0644230479263319,xgb,0.0,0.0,2,0.05043921376771055
2025-01-07,BBAS3,0.014905223635563047,0.0174745004624128,0.1376980638682245,xgb,0.0,0.0,0,0.055117107145419
2025-01-07,BBDC4,-0.009184656606471869,-0.0163361467421054,0.062705582262354,xgb,0.6,0.03230350017180684,1,0.0538391669530114
2025-01-07,ITUB4,0.002453418606320403,0.0028763248119503,0.0801254158083691,xgb,0.0,0.0,0,0.0487825301039826
2025-01-07,VALE3,-0.008936171300598707,-0.0181596595793962,0.0425035849277688,xgb,0.8,0.04457233119270257,2,0.055715413990878204
2025-01-08,ABEV3,0.013872611751909895,0.0162638928741216,-0.0502798440856915,xgb,0.0,0.0,0,0.05043921376771055
2025-01-08,BBAS3,0.016799184827864865,0.0196949318051338,0.1528489811327623,xgb,0.0,0.0,0,0.055117107145419
2025-01-08,BBDC4,-0.00434651887828421,-0.005095746833831,0.0920873999539839,xgb,0.0,0.0,0,0.0538391669530114
2025-01-08,ITUB4,0.00927975923673624,0.0108793508261442,0.0982056861491895,xgb,0.0,0.0,0,0.0487825301039826
2025-01-08,VALE3,-0.014522149634130014,-0.0170253943651914,0.067141875234062,xgb,0.0,0.0,1,0.055715413990878204
2025-01-09,ABEV3,0.010272710044092501,0.0166097097098827,-0.0494482127369942,xgb,-0.6,-0.02649031845093498,1,0.0441505307515583
2025-01-09,BBAS3,0.016799184827864865,0.0196949318051338,0.1350752669574424,xgb,0.0,0.0,0,0.1470258772849964
2025-01-09,BBDC4,-0.00434651887828421,-0.005095746833831,0.059075215296925,xgb,0.0,0.0,0,0.06872871573228184
2025-01-09,ITUB4,0.004103655137622022,0.0048110196366906,0.0882842991776565,xgb,0.0,0.0,0,0.09425451027261618
2025-01-09,VALE3,-0.01725295959664629,-0.0159085933119058,0.0679122160727961,xgb,-0.8,-0.025052072527087955,2,0.03131509065885994
2025-01-10,ABEV3,0.02610660631881881,0.0306067131459712,-0.0171717395252424,xgb,0.0,0.0,0,0.04503347774913095
2025-01-10,BBAS3,0.016799184827864865,0.0196949318051338,0.1389894012617371,xgb,0.0,0.0,0,0.14503410889707072
2025-01-10,BBDC4,-0.0041608317667199655,-0.0048780520446598,0.0723536235013491,xgb,0.0,0.0,0,0.0671197989930557
2025-01-10,ITUB4,0.005190220412291203,0.0060848807916045,0.113069672651445,xgb,0.0,0.0,0,0.09325947509012289
2025-01-10,VALE3,-0.015489643767431721,-0.0181596595793962,0.0726095180682828,xgb,0.0,0.0,0,0.037414611561182635
2025-01-13,ABEV3,0.029863007301798212,0.0350106209516525,-0.0252266872237426,xgb,0.0,0.0,0,0.04105322943143259
2025-01-13,BBAS3,0.016799184827864865,0.0196949318051338,0.1475793839922457,xgb,0.0,0.0,0,0.14417057923488022
2025-01-13,BBDC4,-0.01014796822738382,-0.0048780520446598,0.0918470936425737,xgb,-0.6,-0.04072049292511571,1,0.06786748820852619
2025-01-13,ITUB4,0.008893525151239177,0.010426539927721,0.1163590172672098,xgb,0.0,0.0,0,0.09608950331316891
2025-01-13,VALE3,-0.020080011430178943,-0.0235412884503602,0.0684620368020654,xgb,0.0,0.0,0,0.04244245534791123
2025-01-14,ABEV3,-0.007581223584993414,-0.0088880313560366,-0.0262102130026274,xgb,0.0,0.0,0,0.03907491165547134
2025-01-14,BBAS3,0.016799184827864865,0.0196949318051338,0.113038913972506,xgb,0.0,0.0,0,0.1445966798295509
2025-01-14,BBDC4,-0.008996704235456158,-0.0178766790777444,0.0266286830701386,xgb,0.6,0.042518963332669274,1,0.07086493888778213
2025-01-14,ITUB4,0.006613978890202602,0.0077540585771203,0.0876145859080899,xgb,0.0,0.0,0,0.09862319255742402
2025-01-14,VALE3,-0.025695360528864196,-0.0235412884503602,0.0551528054799131,xgb,-0.8358009695564685,-0.038191844255995776,4,0.0456949030296805
2025-01-15,ABEV3,-0.005899403093842269,-0.0069163083098828,-0.0366604108230457,xgb,0.0,0.0,0,0.03764550069404424
2025-01-15,BBAS3,0.016799184827864865,0.0196949318051338,0.0827484017355159,xgb,0.0,0.0,1,0.14109026140099035
2025-01-15,BBDC4,-0.008613451778198316,-0.0100981891155242,0.0057910527689609,xgb,0.0,0.0,0,0.0659497993524884
2025-01-15,ITUB4,0.006613978890202602,0.0077540585771203,0.0504644524159477,xgb,0.0,0.0,0,0.09740001404083135
2025-01-15,VALE3,-0.0072544789955506775,-0.0085049644112586,0.0420683776754223,xgb,0.0,0.0,0,0.046745781079706346
2025-01-16,ABEV3,-0.005899403093842269,-0.0069163083098828,0.0045024784291762,xgb,0.0,0.0,0,0.03754699170694438
2025-01-16,BBAS3,0.014545630218535523,0.0170529223978519,0.1246763289161356,xgb,0.0,0.0,0,0.1352560754344429
2025-01-16,BBDC4,-0.0006870791724912145,-0.0008055139333009,0.0400395877282744,xgb,0.0,0.0,0,0.05993392469413565
2025-01-16,ITUB4,0.006613978890202602,0.0077540585771203,0.0797983304403971,xgb,0.0,0.0,0,0.09270645787834297
2025-01-16,VALE3,-0.013786571515300883,-0.0085049644112586,0.0553953228331306,xgb,-0.9600000000000001,-0.04442691910970682,6,0.04627804073927794
2025-01-17,ABEV3,-0.005899403093842269,-0.0069163083098828,0.0009013252768548,xgb,0.0,0.0,0,0.03454294504532909
2025-01-17,BBAS3,0.017666361782741263,0.020711587741971,0.1400191392084192,xgb,0.0,0.0,0,0.134294280296415
2025-01-17,BBDC4,0.002039953421865951,0.0023915888741612,0.0536861225388397,xgb,0.0,0.0,0,0.05812534860633009
2025-01-17,ITUB4,0.006613978890202602,0.0077540585771203,0.0746740460842755,xgb,0.0,0.0,0,0.09153299174762063
2025-01-17,VALE3,-0.0072544789955506775,-0.0085049644112586,0.0160206299959203,xgb,0.0,0.0,0,0.04710688456599182
2025-01-20,ABEV3,-0.009632728792620133,-0.0069163083098828,0.003613447013484,xgb,-0.8,-0.025391581385031656,2,0.031739476731289566
2025-01-20,BBAS3,0.017666361782741263,0.020711587741971,0.1467643640461903,xgb,0.0,0.0,0,0.13477135187241532
2025-01-20,BBDC4,0.014929921225696585,0.0175034552812576,0.0494211313435751,xgb,0.0,0.0,0,0.05775541310070589
2025-01-20,ITUB4,0.006613978890202602,0.0077540585771203,0.0634631194009343,xgb,0.0,0.0,0,0.09012807960900854
2025-01-20,VALE3,-0.0072544789955506775,-0.0085049644112586,0.0263579843089827,xgb,0.0,0.0,3,0.04451636335181919
2025-01-21,ABEV3,-0.005899403093842269,-0.0069163083098828,-0.0252038816868895,xgb,0.0,0.0,0,0.029575935983766063
2025-01-21,BBAS3,0.017666361782741263,0.020711587741971,0.117523344480509,xgb,0.0,0.0,0,0.13569389127039802
2025-01-21,BBDC4,0.012731456779704973,0.0149260321632027,0.0303646209970594,xgb,0.0,0.0,0,0.05711431450400351
2025-01-21,ITUB4,0.006613978890202602,0.0077540585771203,0.0519405457786033,xgb,0.0,0.0,0,0.08807692882377206
2025-01-21,VALE3,-0.0072544789955506775,-0.0085049644112586,0.0304461759443985,xgb,0.0,0.0,0,0.04311956496390869
2025-01-22,ABEV3,-0.005899403093842269,-0.0069163083098828,0.0018131758080955,xgb,0.0,0.0,0,0.02926364639113202
2025-01-22,BBAS3,0.017666361782741263,0.020711587741971,0.0691204135711136,xgb,0.0,0.0,0,0.13439599507112024
2025-01-22,BBDC4,0.01676324661694043,0.0196527987718582,0.0416979716338768,xgb,0.0,0.0,0,0.055203622110650365
2025-01-22,ITUB4,0.006613978890202602,0.0077540585771203,0.0528737950275583,xgb,0.0,0.0,0,0.08549575860626
2025-01-22,VALE3,-0.0098451918549551,-0.0115422494709491,0.0920940835242096,xgb,0.0,0.0,1,0.04221432289108653
2025-01-23,ABEV3,-0.005899403093842269,-0.0069163083098828,0.0063148918312055,xgb,0.0,0.0,0,0.026246021031130464
2025-01-23,BBAS3,0.014400655602768719,0.0168829578906297,0.0460776494944674,xgb,0.0,0.0,0,0.12890493944138198
2025-01-23,BBDC4,0.019521143652258023,0.0228860862553119,0.040321017972447,xgb,0.0,0.0,0,0.05386555846954455
2025-01-23,ITUB4,0.006613978890202602,0.0077540585771203,0.0519693894768764,xgb,0.0,0.0,0,0.08207692262333986
2025-01-23,VALE3,-0.005550115210523756,-0.0115422494709491,0.1058191141580326,xgb,0.6,0.02921223514137234,1,0.0486870585689539
2025-01-24,ABEV3,-0.005899403093842269,-0.0069163083098828,0.0146122321522631,xgb,0.0,0.0,0,0.024780284277968533
2025-01-24,BBAS3,0.014400655602768719,0.0168829578906297,0.0437328121165414,xgb,0.0,0.0,0,0.12140929589261981
2025-01-24,BBDC4,0.025487716009044897,0.0298811420798301,0.0303585937586977,xgb,0.0,0.0,0,0.05140212103856589
2025-01-24,ITUB4,0.013449334556351536,0.0077540585771203,0.0489107583954647,xgb,0.6,0.04648951195162921,1,0.07748251991938201
2025-01-24,VALE3,-0.007533537137964593,-0.008832124993205,0.0831854541682601,xgb,0.0,0.0,1,0.05495590090212748
2025-01-27,ABEV3,-0.005899403093842269,-0.0069163083098828,-0.0027014448177213,xgb,0.0,0.0,0,0.023312970537260308
2025-01-27,BBAS3,0.022169016548460065,0.0142007796093821,0.0185918225195338,xgb,0.6,0.06839539134659188,1,0.11399231891098646
2025-01-27,BBDC4,0.021030389633052367,0.0246554873883724,0.0178478534485464,xgb,0.0,0.0,0,0.04974126403350395
2025-01-27,ITUB4,0.006613978890202602,0.0077540585771203,0.0352620738354118,xgb,0.0,0.0,0,0.07555379385585836
2025-01-27,VALE3,-0.013757301711370427,-0.010032795369625,0.0560355051486258,xgb,-0.6,-0.035364393393996205,1,0.058940655656660346
2025-01-28,ABEV3,-0.008690355724449636,-0.0082331821322441,0.0517432522490669,xgb,-0.6,-0.01134257076055859,1,0.018904284600930982
2025-01-28,BBAS3,0.024520379005921453,0.0142007796093821,0.0194251024729916,xgb,0.8,0.08438778419457826,2,0.10548473024322283
2025-01-28,BBDC4,0.030003932116519635,0.0351758375763893,-0.0061954114658184,xgb,0.0,0.0,0,0.046537140546803406
2025-01-28,ITUB4,0.006613978890202602,0.0077540585771203,0.0310201493400373,xgb,0.0,0.0,0,0.07234926942921856
2025-01-28,VALE3,-0.012028373742307627,-0.0096428645774722,0.0744606095676468,xgb,-0.43179269316669977,-0.02586750046270622,3,0.05990722138672157
2025-01-29,ABEV3,-0.005899403093842269,-0.0069163083098828,0.1160597255361574,xgb,0.0,0.0,0,0.019008813755457793
2025-01-29,BBAS3,0.012112838151366418,0.0142007796093821,0.0187731263094772,xgb,0.0,0.0,0,0.09595445319609637
2025-01-29,BBDC4,0.07837962382540527,0.0918902531266212,-0.001907944059788,xgb,0.0,0.0,0,0.04040199851193444
2025-01-29,ITUB4,0.006613978890202602,0.0077540585771203,0.0325096976397617,xgb,0.0,0.0,0,0.06755030251427911
2025-01-29,VALE3,-0.0037825612863083766,-0.0096428645774722,0.0641833575049733,xgb,0.5,0.030214994062417382,2,0.060429988124834765
2025-01-30,ABEV3,-0.007022656880943872,-0.0082331821322441,0.0952284371437408,xgb,0.0,0.0,0,0.023766778955398023
2025-01-30,BBAS3,0.012112838151366418,0.0142007796093821,-0.0120110300259546,xgb,0.0,0.0,0,0.08764715743552742
2025-01-30,BBDC4,0.02274675378319868,0.026667708531022,-0.075453783565233,xgb,0.0,0.0,0,0.03631862199499609
2025-01-30,ITUB4,0.006613978890202602,0.0077540585771203,-0.0163190956086638,xgb,0.0,0.0,0,0.06356640240442948
2025-01-30,VALE3,-0.0029175554294266354,-0.0096428645774722,0.002178237073006,xgb,0.6,0.0360981846505656,1,0.060163641084276
2025-01-31,ABEV3,-0.005899403093842269,-0.0069163083098828,0.1409361269234861,xgb,0.0,0.0,0,0.029342257356719335
2025-01-31,BBAS3,0.012112838151366418,0.0142007796093821,0.0032461881855619,xgb,0.0,0.0,0,0.07857727377582867
2025-01-31,BBDC4,0.025113080019911613,0.0294419284909963,-0.0510701046979626,xgb,0.0,0.0,0,0.03654006199955922
2025-01-31,ITUB4,0.006613978890202602,0.0077540585771203,0.005018802233113,xgb,0.0,0.0,0,0.05665564690137369
2025-01-31,VALE3,-0.008225073633654352,-0.0096428645774722,0.0258761342509264,xgb,0.0,0.0,0,0.05513283529889908
2025-02-03,ABEV3,-0.005899403093842269,-0.0069163083098828,0.1527249068548803,xgb,0.0,0.0,0,0.03760721733527244
2025-02-03,BBAS3,0.012112838151366418,0.0142007796093821,0.0043367354069764,xgb,0.0,0.0,0,0.06826775978963696
2025-02-03,BBDC4,0.031787239525609474,0.0372665412724018,-0.0407745995372626,xgb,0.0,0.0,0,0.033627419932087
2025-02-03,ITUB4,0.0059880614050564634,0.0070202490314841,0.0161550056184464,xgb,0.0,0.0,0,0.0487027743989382
2025-02-03,VALE3,-0.008225073633654352,-0.0096428645774722,0.0360513746952171,xgb,0.0,0.0,0,0.052090985116674864
2025-02-04,ABEV3,-0.005899403093842269,-0.0069163083098828,0.183849488810715,xgb,0.0,0.0,0,0.04664398118186193
2025-02-04,BBAS3,0.012112838151366418,0.0142007796093821,0.0103888453565711,xgb,0.0,0.0,0,0.0605033184635277
2025-02-04,BBDC4,0.03605981299286811,0.042275596410036,-0.0269800793836255,xgb,0.0,0.0,0,0.03463784253688157
2025-02-04,ITUB4,0.0059880614050564634,0.0070202490314841,0.0168811276373241,xgb,0.0,0.0,0,0.04359851866396366
2025-02-04,VALE3,-0.008225073633654352,-0.0096428645774722,0.054047766124934,xgb,0.0,0.0,0,0.05072659720348229
2025-02-05,ABEV3,-0.005899403093842269,-0.0069163083098828,0.1927415577582833,xgb,0.0,0.0,0,0.05715748675240974
2025-02-05,BBAS3,0.012112838151366418,0.0142007796093821,0.0050178541206844,xgb,0.0,0.0,0,0.05533477872217451
2025-02-05,BBDC4,0.03262402787923242,0.0382475703954696,-0.0646374340462134,xgb,0.0,0.0,0,0.03615134443792904
2025-02-05,ITUB4,0.011051005796627912,0.0070202490314841,0.0106727098000096,xgb,0.8358009695564685,0.034434757355502096,4,0.04119970975120484
2025-02-05,VALE3,-0.008225073633654352,-0.0096428645774722,0.03237724685028,xgb,0.0,0.0,1,0.05158226780701885
2025-02-06,ABEV3,-0.005899403093842269,-0.0069163083098828,0.169035283656585,xgb,0.0,0.0,0,0.0706031352759174
2025-02-06,BBAS3,0.0079853152350505,0.0142007796093821,-0.0153931749284615,xgb,-0.6,-0.02807264688492822,1,0.0467877448082137
2025-02-06,BBDC4,0.03262402787923242,0.0382475703954696,-0.0844478220761639,xgb,0.0,0.0,0,0.037908333460638974
2025-02-06,ITUB4,0.009187038388853628,0.0070202490314841,5.903831512294568e-05,xgb,0.6,0.02175729925184915,1,0.03626216541974858
2025-02-06,VALE3,-0.006600656967187508,-0.007738440297544,0.0256918375148985,xgb,0.0,0.0,0,0.049938119522529516
2025-02-07,ABEV3,-0.005899403093842269,-0.0069163083098828,0.1830892269400557,xgb,0.0,0.0,0,0.0826127037316124
2025-02-07,BBAS3,0.008770619356341911,0.0142007796093821,-0.0032550173108373,xgb,-0.6,-0.02273153413007289,1,0.037885890216788155
2025-02-07,BBDC4,0.07357254175973126,0.0807240158319473,-0.0443935041738537,xgb,0.8,0.03208447817064399,2,0.040105597713304984
2025-02-07,ITUB4,0.0059880614050564634,0.0070202490314841,0.0104649357580543,xgb,0.0,0.0,0,0.030932522007666257
2025-02-07,VALE3,-0.008225073633654352,-0.0096428645774722,0.018578911122402,xgb,0.0,0.0,1,0.05062892005959939
2025-02-10,ABEV3,-0.005899403093842269,-0.0069163083098828,0.1948528218655136,xgb,0.0,0.0,0,0.0954324022977961
2025-02-10,BBAS3,0.012112838151366418,0.0142007796093821,0.0114414199226952,xgb,0.0,0.0,1,0.02763522259283437
2025-02-10,BBDC4,0.0307902067885276,0.0360976457595825,-0.0279109594816537,xgb,0.0,0.0,0,0.039746481486896315
2025-02-10,ITUB4,0.0059880614050564634,0.0070202490314841,0.0156940259152662,xgb,0.0,0.0,0,0.02714693746174626
2025-02-10,VALE3,-0.0038077079662498445,-0.0096428645774722,0.0219078385007506,xgb,0.6,0.030043963184906174,1,0.050073271974843625
2025-02-11,ABEV3,-0.007022656880943872,-0.0082331821322441,0.2187544199250574,xgb,0.0,0.0,0,0.10755018373912639
2025-02-11,BBAS3,0.012112838151366418,0.0142007796093821,0.0169387772210121,xgb,0.0,0.0,0,0.020057942267276245
2025-02-11,BBDC4,0.029801267298415205,0.0349382385611534,-0.0106004754748085,xgb,0.0,0.0,0,0.03957121995008162
2025-02-11,ITUB4,0.0059880614050564634,0.0070202490314841,0.0372339961626632,xgb,0.0,0.0,0,0.02455790032865075
2025-02-11,VALE3,-0.008225073633654352,-0.0096428645774722,0.058565654022549,xgb,0.0,0.0,1,0.04946339072886878
2025-02-12,ABEV3,-0.005899403093842269,-0.0069163083098828,0.22666421603523,xgb,0.0,0.0,0,0.12304598689033795
2025-02-12,BBAS3,0.012112838151366418,0.0142007796093821,0.0540580446857983,xgb,0.0,0.0,0,0.016330682527983278
2025-02-12,BBDC4,0.03562253491354002,0.0456258468329906,0.0508046078322627,xgb,-0.6,-0.022409982134660326,1,0.03734997022443388
2025-02-12,ITUB4,0.0059880614050564634,0.0070202490314841,0.0949088984041949,xgb,0.0,0.0,0,0.0234407718383011
2025-02-12,VALE3,-0.00476483126351012,-0.0096428645774722,0.0795832171654,xgb,0.5,0.023534251453660792,2,0.047068502907321584
2025-02-13,ABEV3,-0.007022656880943872,-0.0082331821322441,0.219709973985673,xgb,0.0,0.0,0,0.13878522433348256
2025-02-13,BBAS3,0.012112838151366418,0.0142007796093821,0.0609121824489492,xgb,0.0,0.0,0,0.016900710755935487
2025-02-13,BBDC4,0.038747771918331904,0.0454268902540206,0.0364323757276548,xgb,0.0,0.0,0,0.03809879807156358
2025-02-13,ITUB4,0.0059880614050564634,0.0070202490314841,0.0949425755917199,xgb,0.0,0.0,0,0.026507879618823855
2025-02-13,VALE3,-0.004238102738282702,-0.0096428645774722,0.0856350812188191,xgb,0.6,0.02711670615899441,1,0.04519451026499068
2025-02-14,ABEV3,-0.007022656880943872,-0.0082331821322441,0.2156896458292347,xgb,0.0,0.0,0,0.15343506303586896
2025-02-14,BBAS3,0.008938069670738168,0.0123536232858896,0.010773382936945,xgb,-0.6,-0.010876685182093055,1,0.018127808636821757
2025-02-14,BBDC4,0.03474599334702303,0.0407353080809116,0.0195763605491036,xgb,0.0,0.0,0,0.038532639640774795
2025-02-14,ITUB4,0.0059880614050564634,0.0070202490314841,0.0711909329851696,xgb,0.0,0.0,0,0.02979586656141351
2025-02-14,VALE3,-0.006600656967187508,-0.007738440297544,0.0692381144238894,xgb,0.0,0.0,0,0.0453694836257449
2025-02-17,ABEV3,-0.007022656880943872,-0.0082331821322441,0.2125234617487827,xgb,0.0,0.0,0,0.16864850596526276
2025-02-17,BBAS3,0.010537269330345102,0.0123536232858896,-0.0083300158326284,xgb,0.0,0.0,0,0.01756934866663684
2025-02-17,BBDC4,0.03474599334702303,0.0407353080809116,0.0130903052960938,xgb,0.0,0.0,0,0.03865610443367174
2025-02-17,ITUB4,0.0059880614050564634,0.0070202490314841,0.0598718284354092,xgb,0.0,0.0,0,0.03236221364353906
2025-02-17,VALE3,-0.006600656967187508,-0.007738440297544,0.0715019377248708,xgb,0.0,0.0,2,0.04631252714540658
2025-02-18,ABEV3,-0.005899403093842269,-0.0069163083098828,0.2229381548143001,xgb,0.0,0.0,0,0.18013280664381393
2025-02-18,BBAS3,0.010537269330345102,0.0123536232858896,-0.013987264619156,xgb,0.0,0.0,0,0.016776842478039473
2025-02-18,BBDC4,0.040232811242112754,0.0471679121255874,0.0275810905660164,xgb,0.0,0.0,0,0.039148596850119975
2025-02-18,ITUB4,0.0059880614050564634,0.0070202490314841,0.0637255353238172,xgb,0.0,0.0,0,0.03442304786463706
2025-02-18,VALE3,-0.002533700263400991,-0.007738440297544,0.0685037152515433,xgb,0.6,0.027660716065410693,1,0.046101193442351154
2025-02-19,ABEV3,-0.005899403093842269,-0.0069163083098828,0.2198829462907749,xgb,0.0,0.0,0,0.18776698016368126
2025-02-19,BBAS3,0.012894770119939884,0.0123536232858896,0.0058973361506113,xgb,0.975609756097561,0.016034141672629367,8,0.0164349952144451
2025-02-19,BBDC4,0.03653324093131591,0.0428306311368942,0.05610817512998,xgb,0.0,0.0,0,0.040982393029136296
2025-02-19,ITUB4,0.0059880614050564634,0.0070202490314841,0.0740395538875616,xgb,0.0,0.0,0,0.03665275055635531
2025-02-19,VALE3,-0.0011417496029417452,-0.007738440297544,0.0641657193507255,xgb,0.8,0.03712783233939922,2,0.04640979042424902
2025-02-20,ABEV3,-0.007022656880943872,-0.0082331821322441,0.2179436396410278,xgb,0.0,0.0,0,0.1966708736741837
2025-02-20,BBAS3,0.012551427074001151,0.0123536232858896,0.0400206638115239,xgb,0.8562753417803016,0.013698952193503049,9,0.015998302794777722
2025-02-20,BBDC4,0.03653324093131591,0.0428306311368942,0.0750802760464185,xgb,0.0,0.0,0,0.03960056385518966
2025-02-20,ITUB4,0.0059880614050564634,0.0070202490314841,0.0848267630568628,xgb,0.0,0.0,0,0.040775640433419434
2025-02-20,VALE3,-0.002004776944763415,-0.007738440297544,0.0313349800282605,xgb,0.6148634005909716,0.03125809828577886,5,0.050837467729800405
2025-02-21,ABEV3,-0.007022656880943872,-0.0082331821322441,0.1944145959020402,xgb,0.0,0.0,0,0.20217141029686525
2025-02-21,BBAS3,0.012180334738971394,0.0123536232858896,0.052606816264917,xgb,0.6,0.011175030632265005,1,0.01862505105377501
2025-02-21,BBDC4,0.03789087596093086,0.0444222874939441,0.1005254473053742,xgb,0.0,0.0,0,0.041315576094365085
2025-02-21,ITUB4,0.010088101250109699,0.0070202490314841,0.0770320340637718,xgb,0.6,0.02788572543821237,1,0.04647620906368728
2025-02-21,VALE3,-0.006600656967187508,-0.007738440297544,0.0301728099193549,xgb,0.0,0.0,1,0.05122738528532427
2025-02-24,ABEV3,-0.007022656880943872,-0.0082331821322441,0.2085022719264313,xgb,0.0,0.0,0,0.20514924522880523
2025-02-24,BBAS3,0.010537269330345102,0.0123536232858896,0.0545273279394823,xgb,0.0,0.0,1,0.022072913972199338
2025-02-24,BBDC4,0.04119921864967296,0.0483009032905101,0.1145883483583028,xgb,0.0,0.0,0,0.04558349379208733
2025-02-24,ITUB4,0.0059880614050564634,0.0070202490314841,0.0837980815804383,xgb,0.0,0.0,0,0.050824568238353386
2025-02-24,VALE3,-0.006600656967187508,-0.007738440297544,0.0472694286047298,xgb,0.0,0.0,4,0.05080748780133411
2025-02-25,ABEV3,-0.007022656880943872,-0.0082331821322441,0.2008459548315792,xgb,0.0,0.0,0,0.20691015830849926
2025-02-25,BBAS3,0.010537269330345102,0.0123536232858896,0.037793435438597,xgb,0.0,0.0,0,0.025225662728121566
2025-02-25,BBDC4,0.03789087596093086,0.0444222874939441,0.0887008038557995,xgb,0.0,0.0,0,0.05184122729027857
2025-02-25,ITUB4,0.0059880614050564634,0.0070202490314841,0.0599124321687298,xgb,0.0,0.0,0,0.05560435066286155
2025-02-25,VALE3,-0.008225073633654352,-0.0096428645774722,0.0468361211102795,xgb,0.0,0.0,2,0.05032332083560524
2025-02-26,ABEV3,0.02254578857985215,-0.0082331821322441,0.1524997077141481,xgb,0.9692307692307692,0.20110476554254283,7,0.20748904381373467
2025-02-26,BBAS3,0.034531361207815345,0.0366822369396686,0.0276401570338227,xgb,0.8,0.02205342054352083,2,0.027566775679401034
2025-02-26,BBDC4,0.047351242978536226,0.0555133782327175,0.0951072144122082,xgb,0.0,0.0,0,0.05356003941953472
2025-02-26,ITUB4,0.0059880614050564634,0.0070202490314841,0.0534757944567584,xgb,0.0,0.0,0,0.0591214736891987
2025-02-26,VALE3,-0.008225073633654352,-0.0096428645774722,0.0379341323896992,xgb,0.0,0.0,3,0.05135609756846236
2025-02-27,ABEV3,-0.007022656880943872,-0.0082331821322441,0.1089797436460466,xgb,0.0,0.0,0,0.20630793124641778
2025-02-27,BBAS3,0.036561467202548575,0.0428637228906154,0.0365206561853091,xgb,0.0,0.0,0,0.02844156011549826
2025-02-27,BBDC4,0.04079806750571572,0.0478306040167808,0.1026231042392121,xgb,0.0,0.0,0,0.05432142458639503
2025-02-27,ITUB4,0.0059880614050564634,0.0070202490314841,0.0546353800453498,xgb,0.0,0.0,0,0.0629369562707441
2025-02-27,VALE3,-0.012832749882920463,-0.0096428645774722,0.053971298136386,xgb,-0.6,-0.03133832832142601,1,0.05223054720237669
2025-02-28,ABEV3,0.010710438236047622,-0.0082331821322441,0.1215285381663521,xgb,0.6,0.12060863803525024,1,0.20101439672541707
2025-02-28,BBAS3,0.0361911542846764,0.0424295775592327,0.0607483678272007,xgb,0.0,0.0,0,0.03081767717796054
2025-02-28,BBDC4,0.05032710796403714,0.0590022057294845,0.1252056237538512,xgb,0.0,0.0,0,0.058480681733920625
2025-02-28,ITUB4,0.002222434771931892,0.0026055253110826,0.0796922654336913,xgb,0.0,0.0,0,0.06609198800555091
2025-02-28,VALE3,-0.008225073633654352,-0.0096428645774722,0.0700524622356087,xgb,0.0,0.0,3,0.054758574846232685
2025-03-05,ABEV3,-0.007022656880943872,-0.0082331821322441,0.0898028049399433,xgb,0.0,0.0,0,0.19577694788976271
2025-03-05,BBAS3,0.03454267395142518,0.0404969416558742,0.0496729207815763,xgb,0.0,0.0,0,0.03433960202828236
2025-03-05,BBDC4,0.04868338443907539,0.0570751465857028,0.1240126793692241,xgb,0.0,0.0,0,0.06543030061050616
2025-03-05,ITUB4,0.006613978890202602,0.0077540585771203,0.0825118654351502,xgb,0.0,0.0,0,0.07066329082829556
2025-03-05,VALE3,-0.006600656967187508,-0.007738440297544,0.025250222830628,xgb,0.0,0.0,0,0.05819747654157969
2025-03-06,ABEV3,-0.007022656880943872,-0.0082331821322441,0.0741805654533125,xgb,0.0,0.0,0,0.18656611824796884
2025-03-06,BBAS3,0.03293932451205197,0.0386172160506248,0.0323494332537253,xgb,0.0,0.0,0,0.03667775513975123
2025-03-06,BBDC4,0.04480610269393976,0.0525295212864875,0.1042964643725486,xgb,0.0,0.0,0,0.07353117231725013
2025-03-06,ITUB4,0.006613978890202602,0.0077540585771203,0.0543571452213842,xgb,0.0,0.0,0,0.07389742434775892
2025-03-06,VALE3,-0.0016595577707382066,-0.0096428645774722,-0.0263940624083156,xgb,0.8,0.04465424230801113,2,0.05581780288501391
2025-03-07,ABEV3,-0.007022656880943872,-0.0082331821322441,0.0154872010108228,xgb,0.0,0.0,0,0.17567442892068905
2025-03-07,BBAS3,0.03650220887403135,0.0427942499518394,0.0097392897397007,xgb,0.0,0.0,0,0.0351271400374603
2025-03-07,BBDC4,0.043875983028975295,0.0514390729367733,0.075400802560235,xgb,0.0,0.0,0,0.07735201921298485
2025-03-07,ITUB4,0.006613978890202602,0.0077540585771203,0.0519780471150766,xgb,0.0,0.0,0,0.07100087054898672
2025-03-07,VALE3,-0.006600656967187508,-0.007738440297544,-0.0529105483562737,xgb,0.0,0.0,0,0.05201857754522216
2025-03-10,ABEV3,-0.007022656880943872,-0.0082331821322441,0.0185036860215332,xgb,0.0,0.0,0,0.16108708799391405
2025-03-10,BBAS3,0.03841654617398597,0.0450385697185993,0.0111439824178409,xgb,0.0,0.0,0,0.03147193341537112
2025-03-10,BBDC4,0.04524570549929371,0.0530449002981185,0.0621562338912257,xgb,0.0,0.0,0,0.08013547827245485
2025-03-10,ITUB4,0.006613978890202602,0.0077540585771203,0.0434422455962807,xgb,0.0,0.0,0,0.06793197565779792
2025-03-10,VALE3,-0.006600656967187508,-0.007738440297544,-0.0929053201120238,xgb,0.0,0.0,2,0.049681110912183205
2025-03-11,ABEV3,-0.007022656880943872,-0.0082331821322441,0.0704808535497722,xgb,0.0,0.0,0,0.14700237657907822
2025-03-11,BBAS3,0.04119527355656547,0.0450385697185993,0.0244559389311936,xgb,0.6,0.01889904288411821,1,0.03149840480686369
2025-03-11,BBDC4,0.047549748369752926,0.0557461008429527,0.105004934305354,xgb,0.0,0.0,0,0.08317689779689215
2025-03-11,ITUB4,0.006613978890202602,0.0077540585771203,0.0703970859267638,xgb,0.0,0.0,0,0.06594992655859157
2025-03-11,VALE3,-0.008225073633654352,-0.0096428645774722,-0.0487442237204045,xgb,0.0,0.0,0,0.051371625604192804
2025-03-12,ABEV3,-0.007022656880943872,-0.0082331821322441,0.0522143315628212,xgb,0.0,0.0,1,0.1368564759934346
2025-03-12,BBAS3,0.03841654617398597,0.0450385697185993,0.0186784594447785,xgb,0.0,0.0,0,0.032650256456761194
2025-03-12,BBDC4,0.04934917872156873,0.0578557066619396,0.103399543525584,xgb,0.0,0.0,0,0.08974222844041073
2025-03-12,ITUB4,0.006613978890202602,0.0077540585771203,0.0632353110383705,xgb,0.0,0.0,0,0.06670173066511689
2025-03-12,VALE3,-0.003836572675424698,-0.0096428645774722,-0.0183973477129297,xgb,0.6,0.029847644762324273,1,0.04974607460387379
2025-03-13,ABEV3,-0.007022656880943872,-0.0082331821322441,0.0205888371925608,xgb,0.0,0.0,0,0.12466191718975753
2025-03-13,BBAS3,0.03650220887403135,0.0427942499518394,0.0112138471786445,xgb,0.0,0.0,0,0.03298534180144853
2025-03-13,BBDC4,0.0496863687472503,0.0582510195672512,0.0996455199403419,xgb,0.0,0.0,0,0.095157832223237
2025-03-13,ITUB4,0.006613978890202602,0.0077540585771203,0.0522000177013629,xgb,0.0,0.0,0,0.06666671464472784
2025-03-13,VALE3,-0.002527890672744471,-0.007738440297544,-0.0155328520965457,xgb,0.6,0.027700229010669403,1,0.04616704835111567
2025-03-14,ABEV3,-0.007022656880943872,-0.0082331821322441,0.0123271302043139,xgb,0.0,0.0,0,0.11042662368274224
2025-03-14,BBAS3,0.034481413759699986,0.0404251217842102,0.0067918277423834,xgb,0.0,0.0,0,0.03336509258916518
2025-03-14,BBDC4,0.044876984539305956,0.0526126213371753,0.0679485983852794,xgb,0.0,0.0,0,0.09826764256683426
2025-03-14,ITUB4,0.006613978890202602,0.0077540585771203,0.036430965694523,xgb,0.0,0.0,0,0.06510674777428509
2025-03-14,VALE3,-0.006600656967187508,-0.007738440297544,-0.034888330467395,xgb,0.0,0.0,0,0.04269327211867426
2025-03-17,ABEV3,-0.007022656880943872,-0.0082331821322441,0.0066104486143258,xgb,0.0,0.0,0,0.09573973015154838
2025-03-17,BBAS3,0.030789085880085266,0.0328910388052463,-0.0245433241438421,xgb,0.6,0.01859496257910737,1,0.030991604298512283
2025-03-17,BBDC4,0.04063914180992559,0.0476442836225032,0.0540038187454645,xgb,0.0,0.0,0,0.09775823701961005
2025-03-17,ITUB4,0.006613978890202602,0.0077540585771203,0.0194545773117581,xgb,0.0,0.0,0,0.06164990510554652
2025-03-17,VALE3,-0.006600656967187508,-0.007738440297544,-0.059344781056804,xgb,0.0,0.0,0,0.042947082864326726
2025-03-18,ABEV3,-0.007022656880943872,-0.0082331821322441,0.0247826297006433,xgb,0.0,0.0,0,0.08232514820242594
2025-03-18,BBAS3,0.03061625440843496,0.0358937084674835,-0.0302784599013145,xgb,0.0,0.0,0,0.028987069147006935
2025-03-18,BBDC4,0.04289375772451125,0.0502875372767448,0.0532452938080859,xgb,0.0,0.0,0,0.09443526355104506
2025-03-18,ITUB4,0.006613978890202602,0.0077540585771203,0.0125641716677896,xgb,0.0,0.0,0,0.05753722962325982
2025-03-18,VALE3,-0.0026281287030170807,-0.007738440297544,-0.0901773601278728,xgb,0.6,0.02701847705305814,1,0.045030795088430234
2025-03-19,ABEV3,-0.007022656880943872,-0.0082331821322441,0.0231224223562652,xgb,0.0,0.0,0,0.06920231661486964
2025-03-19,BBAS3,0.024099284061633322,0.0282533802092075,-0.0343995792570197,xgb,0.0,0.0,0,0.027255007144280665
2025-03-19,BBDC4,0.028863394385470448,0.0338387005031108,0.0490479090679841,xgb,0.0,0.0,0,0.09005361679745814
2025-03-19,ITUB4,0.006613978890202602,0.0077540585771203,0.0119240331245587,xgb,0.0,0.0,0,0.05244909320092778
2025-03-19,VALE3,-0.006600656967187508,-0.007738440297544,-0.0823674642875934,xgb,0.0,0.0,0,0.0480956473400833
2025-03-20,ABEV3,-0.007022656880943872,-0.0082331821322441,0.0304151666048654,xgb,0.0,0.0,0,0.05650777858091864
2025-03-20,BBAS3,0.023501032008265615,0.0275520049035549,-0.0167772439190303,xgb,0.0,0.0,0,0.02701258884559657
2025-03-20,BBDC4,0.03663987697386993,0.0339348278939724,0.0499742805154094,xgb,0.6,0.05233276030185423,1,0.08722126716975705
2025-03-20,ITUB4,0.006613978890202602,0.0077540585771203,0.0405858310618772,xgb,0.0,0.0,0,0.04902135041205841
2025-03-20,VALE3,-0.006600656967187508,-0.007738440297544,-0.061607824927955,xgb,0.0,0.0,0,0.050633600424177146
2025-03-21,ABEV3,-0.007908710134847374,-0.0092719681560993,0.0230391818463926,xgb,0.0,0.0,0,0.04778745421596988
2025-03-21,BBAS3,0.011136222830225782,0.0130558209493756,-0.0117001892107831,xgb,0.0,0.0,0,0.026236666480254255
2025-03-21,BBDC4,0.018009033100539917,0.0211133267730474,0.0687636546957164,xgb,0.0,0.0,0,0.08399748617712857
2025-03-21,ITUB4,0.006613978890202602,0.0077540585771203,0.0591537031253147,xgb,0.0,0.0,0,0.04810063874099547
2025-03-21,VALE3,-0.006600656967187508,-0.007738440297544,-0.05344847036638,xgb,0.0,0.0,1,0.052324578462624
2025-03-24,ABEV3,-0.007022656880943872,-0.0082331821322441,0.044066266399056,xgb,0.0,0.0,0,0.041648842658851735
2025-03-24,BBAS3,0.02364478167440273,0.027720533311367,-0.0235472242305779,xgb,0.0,0.0,0,0.02446377598207383
2025-03-24,BBDC4,0.02567182863930833,0.0300969909876585,0.074276937174792,xgb,0.0,0.0,0,0.08157895406687886
2025-03-24,ITUB4,0.006613978890202602,0.0077540585771203,0.0773964332919466,xgb,0.0,0.0,0,0.048423376103850106
2025-03-24,VALE3,-0.0019879799533702577,-0.007738440297544,-0.0327257036202015,xgb,0.6,0.031372340173145566,1,0.05228723362190928
2025-03-25,ABEV3,-0.009552701369293646,-0.0111993411555886,0.0353955090654584,xgb,0.0,0.0,0,0.03611582324690201
2025-03-25,BBAS3,0.010624668930347659,0.0124560883268713,-0.0162892172162866,xgb,0.0,0.0,0,0.021806551439457915
2025-03-25,BBDC4,0.0008268586751967572,0.0009693878237158,0.059308331054065,xgb,0.0,0.0,0,0.07794119073980321
2025-03-25,ITUB4,0.006613978890202602,0.0077540585771203,0.0656012026820259,xgb,0.0,0.0,0,0.048259388093725486
2025-03-25,VALE3,-0.008659350847362928,-0.010152000002563,-0.0627961465990749,xgb,0.0,0.0,0,0.049621036577951624
2025-03-26,ABEV3,-0.009552701369293646,-0.0111993411555886,0.0664984676328751,xgb,0.0,0.0,0,0.03222958782729595
2025-03-26,BBAS3,0.009564200166887124,0.0112128220498561,-0.0160954261699734,xgb,0.0,0.0,0,0.019422001184794365
2025-03-26,BBDC4,-0.007455141950447139,-0.0087402164936065,0.0408659221641471,xgb,0.0,0.0,0,0.07331945157443472
2025-03-26,ITUB4,0.006613978890202602,0.0077540585771203,0.0870801689641197,xgb,0.0,0.0,0,0.04705148361135946
2025-03-26,VALE3,-0.013273408883978436,-0.010152000002563,-0.0653592464486069,xgb,-0.6,-0.0313817329654187,1,0.05230288827569783
2025-03-27,ABEV3,-0.009552701369293646,-0.0111993411555886,0.0751157473542954,xgb,0.0,0.0,0,0.031680866554407563
2025-03-27,BBAS3,0.011705557176653742,0.010945888236165,-0.0066444963813789,xgb,0.8823529411764706,0.01611264765777537,3,0.018261000678812086
2025-03-27,BBDC4,-0.009453787083894279,-0.0110833765938878,0.0558721331757566,xgb,0.0,0.0,0,0.06878869855954889
2025-03-27,ITUB4,0.006613978890202602,0.0077540585771203,0.0938044146980657,xgb,0.0,0.0,0,0.04938884245012629
2025-03-27,VALE3,-0.0037997619553553534,-0.010152000002563,-0.0770092105237607,xgb,0.6,0.033051669424288325,1,0.055086115707147214
2025-03-28,ABEV3,-0.009552701369293646,-0.0111993411555886,0.0814736059941172,xgb,0.0,0.0,0,0.03594004843608418
2025-03-28,BBAS3,0.013179994091209832,0.0154518857598304,0.0100748147125518,xgb,0.0,0.0,0,0.018039944010360527
2025-03-28,BBDC4,-0.00425742524126137,-0.0049912957474589,0.0866870249681296,xgb,0.0,0.0,0,0.06739379360351472
2025-03-28,ITUB4,0.0019934322531104933,0.0077540585771203,0.1163445419267148,xgb,-0.6,-0.0314258640807753,1,0.05237644013462551
2025-03-28,VALE3,-0.008659350847362928,-0.010152000002563,-0.0851809319270573,xgb,0.0,0.0,0,0.056807448719110566
2025-03-31,ABEV3,-0.0043413580631640565,-0.0092719681560993,0.044902620437922,xgb,0.6,0.024262739917618393,1,0.04043789986269732
2025-03-31,BBAS3,0.015347585328307246,0.0204702802002429,0.0248743388011068,xgb,-0.8,-0.014370859910843331,2,0.017963574888554164
2025-03-31,BBDC4,0.0011634104083831553,0.0013639524113386,0.0786673924335995,xgb,0.0,0.0,0,0.0691459929661507
2025-03-31,ITUB4,0.006613978890202602,0.0077540585771203,0.1226193614232118,xgb,0.0,0.0,0,0.0575837470153708
2025-03-31,VALE3,-0.008659350847362928,-0.010152000002563,-0.071263113709878,xgb,0.0,0.0,2,0.056255706705898675
2025-04-01,ABEV3,-0.009552701369293646,-0.0111993411555886,0.0325290925087782,xgb,0.0,0.0,0,0.038610883211850876
2025-04-01,BBAS3,0.013725314339309753,0.0160912051796913,0.0275040250335123,xgb,0.0,0.0,0,0.017993460593547967
2025-04-01,BBDC4,0.01097120575067423,0.0128623591735959,0.0681773815803232,xgb,0.0,0.0,0,0.0672647399753111
2025-04-01,ITUB4,0.012022971518450633,0.0077540585771203,0.1044544731826043,xgb,0.6,0.03678834573049883,1,0.06131390955083138
2025-04-01,VALE3,-0.008659350847362928,-0.010152000002563,-0.0768421431841983,xgb,0.0,0.0,0,0.057864198848003916
2025-04-02,ABEV3,-0.009552701369293646,-0.0111993411555886,0.0387423045888486,xgb,0.0,0.0,0,0.037204794707990665
2025-04-02,BBAS3,0.011364987337099505,0.0133240185678005,0.0192146162732662,xgb,0.0,0.0,1,0.018623858135600378
2025-04-02,BBDC4,0.017472393948129345,0.020484184846282,0.0613295869422365,xgb,0.0,0.0,0,0.06474887126493532
2025-04-02,ITUB4,0.006613978890202602,0.0077540585771203,0.0989561809543718,xgb,0.0,0.0,0,0.06425813541827664
2025-04-02,VALE3,-0.008659350847362928,-0.010152000002563,-0.0715305661119731,xgb,0.0,0.0,0,0.062038827095951675
2025-04-03,ABEV3,-0.009552701369293646,-0.0111993411555886,0.0298741990727882,xgb,0.0,0.0,0,0.03850147095058265
2025-04-03,BBAS3,0.01291089919020655,0.0151364058256149,0.0276739071102307,xgb,0.0,0.0,0,0.01919534164235907
2025-04-03,BBDC4,0.004494242481206314,0.0052689341828227,0.0270453052608848,xgb,0.0,0.0,0,0.0620120189079278
2025-04-03,ITUB4,0.006613978890202602,0.0077540585771203,0.0921884858155427,xgb,0.0,0.0,0,0.06759786136492013
2025-04-03,VALE3,-0.014485152013063362,-0.010152000002563,-0.0365634067667175,xgb,-0.6,-0.0396231982868036,1,0.06603866381133934
2025-04-04,ABEV3,-0.007908710134847374,-0.0092719681560993,0.0470171546676273,xgb,0.0,0.0,0,0.03975483301261652
2025-04-04,BBAS3,0.021925759494774662,0.0257051959633827,0.0498448223415272,xgb,0.0,0.0,0,0.02068691874006245
2025-04-04,BBDC4,0.01541099119750179,0.0180674493312835,0.1834692647827196,xgb,0.0,0.0,0,0.059090355113328184
2025-04-04,ITUB4,0.006613978890202602,0.0077540585771203,0.1264523859605621,xgb,0.0,0.0,0,0.0715805413735644
2025-04-04,VALE3,-0.0017370267136358943,-0.007738440297544,0.0011383430850047,xgb,0.5,0.03307915605921691,2,0.06615831211843382
2025-04-07,ABEV3,-0.010784364438312766,-0.0082331821322441,0.0801593914261408,xgb,-0.6,-0.025584615781282842,1,0.04264102630213807
2025-04-07,BBAS3,0.03047968920692206,0.0357336029410362,0.0646966802725581,xgb,0.0,0.0,0,0.022494168611325673
2025-04-07,BBDC4,0.03609540802724264,0.0423173271119594,0.2029657591085542,xgb,0.0,0.0,0,0.06833788697313212
2025-04-07,ITUB4,0.006613978890202602,0.0077540585771203,0.1771929662365866,xgb,0.0,0.0,1,0.07922324199133612
2025-04-07,VALE3,-0.006600656967187508,-0.007738440297544,0.0171433111356322,xgb,0.0,0.0,0,0.06200070940616243
2025-04-08,ABEV3,-0.007022656880943872,-0.0082331821322441,0.0763174468262587,xgb,0.0,0.0,0,0.04659650928253074
2025-04-08,BBAS3,0.03571885492259172,0.0444565787911415,0.0508046209879887,xgb,-0.6,-0.014971567754134414,1,0.024952612923557358
2025-04-08,BBDC4,0.05176832872648747,0.0606918558478355,0.2162022138693748,xgb,0.0,0.0,0,0.07903220592316558
2025-04-08,ITUB4,0.006613978890202602,0.0077540585771203,0.1565219283750305,xgb,0.0,0.0,0,0.09098244160339305
2025-04-08,VALE3,-0.013279819859274098,-0.007738440297544,0.0982622387907874,xgb,-0.8,-0.04542719329680192,2,0.056783991621002394
2025-04-09,ABEV3,-0.007908710134847374,-0.0092719681560993,0.0415532226738844,xgb,0.0,0.0,0,0.05039615388753028
2025-04-09,BBAS3,0.02442443748758173,0.0286345817148685,0.0665634612787336,xgb,0.0,0.0,0,0.026124401618626576
2025-04-09,BBDC4,0.038549952880215115,0.0451949723064899,0.2006974237233185,xgb,0.0,0.0,0,0.0909717991232649
2025-04-09,ITUB4,0.006613978890202602,0.0077540585771203,0.1506831432811556,xgb,0.0,0.0,0,0.10131086269271247
2025-04-09,VALE3,-0.006600656967187508,-0.007738440297544,0.0620644012372706,xgb,0.0,0.0,0,0.05791933265694482
2025-04-10,ABEV3,-0.011538690657833802,-0.0082331821322441,0.0452825455416946,xgb,-0.6,-0.030715037592618975,1,0.05119172932103163
2025-04-10,BBAS3,0.030017471702439055,0.035191711038351,0.076799828911131,xgb,0.0,0.0,0,0.029680560001462523
2025-04-10,BBDC4,0.046194963612038856,0.0541577860713005,0.2009879722299158,xgb,0.0,0.0,0,0.10173773792382983
2025-04-10,ITUB4,0.006613978890202602,0.0077540585771203,0.1615290128847189,xgb,0.0,0.0,0,0.10917495642266092
2025-04-10,VALE3,-0.006600656967187508,-0.007738440297544,0.0393811087304464,xgb,0.0,0.0,0,0.05795194525046737
2025-04-11,ABEV3,-0.007908710134847374,-0.0092719681560993,0.0667153022047991,xgb,0.0,0.0,0,0.05278054101355321
2025-04-11,BBAS3,0.02442443748758173,0.0286345817148685,0.0559586246599171,xgb,0.0,0.0,0,0.03433053426577309
2025-04-11,BBDC4,0.029834917665673366,0.0349776893854141,0.1972455928051688,xgb,0.0,0.0,0,0.11118233203341553
2025-04-11,ITUB4,0.006613978890202602,0.0077540585771203,0.1698448604885533,xgb,0.0,0.0,0,0.11648747854833263
2025-04-11,VALE3,-0.006600656967187508,-0.007738440297544,0.0328139029298136,xgb,0.0,0.0,1,0.05694713370504353
2025-04-14,ABEV3,-0.007908710134847374,-0.0092719681560993,0.0595210074218299,xgb,0.0,0.0,0,0.054398329285392
2025-04-14,BBAS3,0.014914119216595988,0.0174849294126033,-0.0893783502794715,xgb,0.0,0.0,0,0.036645634296440174
2025-04-14,BBDC4,0.02582429435430185,0.0302757378667593,0.1918190486892456,xgb,0.0,0.0,0,0.11996580743558528
2025-04-14,ITUB4,0.0029717397173901366,0.003483991138637,0.1594517810031456,xgb,0.0,0.0,0,0.12309093763380455
2025-04-14,VALE3,-0.006600656967187508,-0.007738440297544,0.0205742350686423,xgb,0.0,0.0,1,0.05695343365573012
2025-04-15,ABEV3,-0.007908710134847374,-0.0092719681560993,0.0561076764268274,xgb,0.0,0.0,0,0.05612157916798997
2025-04-15,BBAS3,0.017610050641724675,0.0206455700099468,-0.1034816386161588,xgb,0.0,0.0,0,0.04186628665809623
2025-04-15,BBDC4,0.005522516200185214,0.0064744558185338,0.20008354761869,xgb,0.0,0.0,0,0.12943085869524104
2025-04-15,ITUB4,0.0029717397173901366,0.003483991138637,0.1586532077539727,xgb,0.0,0.0,0,0.12979455037102738
2025-04-15,VALE3,-0.012373042241272572,-0.007738440297544,0.0280366984543354,xgb,-0.7278765028111818,-0.03925989916193761,3,0.05393758283212779
2025-04-16,ABEV3,-0.007022656880943872,-0.0082331821322441,0.0373131902816833,xgb,0.0,0.0,0,0.05537937979612941
2025-04-16,BBAS3,0.03107794126028977,0.0364349782466888,-0.080947154833457,xgb,0.0,0.0,0,0.0481081589756809
2025-04-16,BBDC4,0.02228991747767244,0.0261321254074573,0.2112609948789982,xgb,0.0,0.0,0,0.14080354622770838
2025-04-16,ITUB4,0.0029717397173901366,0.003483991138637,0.158876905602938,xgb,0.0,0.0,0,0.13490691028458832
2025-04-16,VALE3,-0.009855717150259017,-0.007738440297544,0.0517212127337862,xgb,-0.43179269316669977,-0.02213873961725141,3,0.051271686546822674
2025-04-17,ABEV3,-0.007908710134847374,-0.0092719681560993,0.0202861433932468,xgb,0.0,0.0,0,0.05267919714808569
2025-04-17,BBAS3,0.023962223160659366,0.0280926935374736,-0.0824152334485366,xgb,0.0,0.0,0,0.053415491722257916
2025-04-17,BBDC4,0.001972395503534663,0.0023123857099562,0.1885480874700164,xgb,0.0,0.0,0,0.1519027506350828
2025-04-17,ITUB4,0.0029717397173901366,0.003483991138637,0.1367339642062985,xgb,0.0,0.0,0,0.13955494534922205
2025-04-17,VALE3,-0.006600656967187508,-0.007738440297544,0.0327409580522769,xgb,0.0,0.0,0,0.04946540099039593
2025-04-22,ABEV3,-0.007908710134847374,-0.0092719681560993,0.0146122133998233,xgb,0.0,0.0,0,0.04830866410516638
2025-04-22,BBAS3,0.023962223160659366,0.0280926935374736,-0.1034425500552995,xgb,0.0,0.0,0,0.05858266448911398
2025-04-22,BBDC4,0.01315286646157108,0.0154200820252299,0.1950605413071627,xgb,0.0,0.0,0,0.159178540813789
2025-04-22,ITUB4,0.0029717397173901366,0.003483991138637,0.1104282835421789,xgb,0.0,0.0,0,0.1410113326549066
2025-04-22,VALE3,-0.006600656967187508,-0.007738440297544,0.007589042689717,xgb,0.0,0.0,0,0.04571968857076875
2025-04-23,ABEV3,-0.007908710134847374,-0.0092719681560993,0.0223549542394878,xgb,0.0,0.0,0,0.04614506360244504
2025-04-23,BBAS3,0.017610050641724675,0.0206455700099468,-0.1382296971138229,xgb,0.0,0.0,0,0.06419467957869916
2025-04-23,BBDC4,-0.00602044551439658,-0.0070582153275609,0.1748227208005113,xgb,0.0,0.0,0,0.16749233716190065
2025-04-23,ITUB4,0.0029717397173901366,0.003483991138637,0.101682675750255,xgb,0.0,0.0,0,0.14014054137768997
2025-04-23,VALE3,-0.010232729386820886,-0.007738440297544,-0.0025740669225438,xgb,-0.6,-0.02470292438445435,1,0.04117154064075725
2025-04-24,ABEV3,-0.007908710134847374,-0.0092719681560993,0.0166662613909198,xgb,0.0,0.0,0,0.045418339440352874
2025-04-24,BBAS3,0.02397089351528944,0.0206455700099468,-0.1158444892105795,xgb,0.6,0.043262193693518525,1,0.07210365615586421
2025-04-24,BBDC4,-0.007004296141131822,-0.008211656473577,0.1640815581626379,xgb,0.0,0.0,0,0.17510986139191412
2025-04-24,ITUB4,0.0029717397173901366,0.003483991138637,0.084625830591723,xgb,0.0,0.0,0,0.13994255584680787
2025-04-24,VALE3,-0.01125372735713705,-0.007738440297544,-0.0237845908715309,xgb,-0.8823529411764706,-0.031647068868210955,3,0.03586667805063908
2025-04-25,ABEV3,-0.007908710134847374,-0.0092719681560993,0.0166990062599019,xgb,0.0,0.0,0,0.043841479211929386
2025-04-25,BBAS3,0.017610050641724675,0.0206455700099468,-0.131035493137426,xgb,0.0,0.0,0,0.07900578993710086
2025-04-25,BBDC4,-0.0037742521215025243,-0.0044248360209167,0.1827374084831486,xgb,0.0,0.0,0,0.18244928790765705
2025-04-25,ITUB4,0.0029717397173901366,0.003483991138637,0.096279006747541,xgb,0.0,0.0,0,0.13891895939233295
2025-04-25,VALE3,-0.006600656967187508,-0.007738440297544,-0.0001855960278979,xgb,0.0,0.0,4,0.032456251247750346
2025-04-28,ABEV3,-0.007908710134847374,-0.0092719681560993,-0.0051623413223103,xgb,0.0,0.0,0,0.04290039401100894
2025-04-28,BBAS3,0.01892162375219191,0.0221832245588302,-0.1632454437448813,xgb,0.0,0.0,0,0.08638876036761482
2025-04-28,BBDC4,-0.002798483818871944,-0.0032808703836053,0.1918165273849576,xgb,0.0,0.0,0,0.193570152423533
2025-04-28,ITUB4,0.0029717397173901366,0.003483991138637,0.0774783324371858,xgb,0.0,0.0,0,0.13921113945890426
2025-04-28,VALE3,-0.00396665732408563,-0.007738440297544,-0.011726611756988,xgb,0.6,0.017914701716986513,1,0.029857836194977522
2025-04-29,ABEV3,-0.007908710134847374,-0.0092719681560993,-0.0225817548027127,xgb,0.0,0.0,0,0.03991076448634344
2025-04-29,BBAS3,0.027257240451699707,0.0221832245588302,-0.1844290207182368,xgb,0.6,0.05669328285214121,1,0.09448880475356869
2025-04-29,BBDC4,-0.0037742521215025243,-0.0044248360209167,0.1762994540635101,xgb,0.0,0.0,0,0.19416638546655005
2025-04-29,ITUB4,0.0029717397173901366,0.003483991138637,0.0615381838340673,xgb,0.0,0.0,0,0.13571299277866308
2025-04-29,VALE3,-0.006600656967187508,-0.007738440297544,-0.0072700648604762,xgb,0.0,0.0,0,0.030614141100119185
2025-04-30,ABEV3,-0.007908710134847374,-0.0092719681560993,-0.0288443427540287,xgb,0.0,0.0,0,0.03579807615609858
2025-04-30,BBAS3,0.01951604366741864,0.0228801071643829,-0.2112887964571995,xgb,0.0,0.0,0,0.10304111478540287
2025-04-30,BBDC4,-0.00638581533948636,-0.0074865655042231,0.1668408399844939,xgb,0.0,0.0,0,0.19226164939190404
2025-04-30,ITUB4,0.014215299166774038,0.003483991138637,0.0511850447749346,xgb,0.6,0.07647116213566132,1,0.12745193689276887
2025-04-30,VALE3,-0.003962151761875634,-0.007738440297544,-0.0144820084271027,xgb,0.6,0.017945345533993396,1,0.029908909223322327
2025-05-02,ABEV3,-0.007908710134847374,-0.0092719681560993,-0.0060618861452845,xgb,0.0,0.0,0,0.03240714015093928
2025-05-02,BBAS3,0.02952451765381175,0.0346137844026088,-0.2162470435074568,xgb,0.0,0.0,1,0.1145042701760608
2025-05-02,BBDC4,0.001814795529878824,-0.0173923000693321,0.1906549854901372,xgb,0.6,0.1132415021829332,1,0.18873583697155535
2025-05-02,ITUB4,0.013551541102448654,0.003483991138637,0.046748220336577,xgb,0.6,0.07195672426708577,1,0.11992787377847629
2025-05-02,VALE3,-0.006600656967187508,-0.007738440297544,-0.0045557364002038,xgb,0.0,0.0,0,0.023924607054487707
2025-05-05,ABEV3,-0.007908710134847374,-0.0092719681560993,0.0053598253006844,xgb,0.0,0.0,0,0.02987204468461072
2025-05-05,BBAS3,0.029123519032765575,0.0341436639428138,-0.2183892014823134,xgb,0.0,0.0,0,0.1251959546209696
2025-05-05,BBDC4,-0.014821820612464943,-0.0173767209053039,0.2167656118032148,xgb,0.0,0.0,0,0.18801851995489957
2025-05-05,ITUB4,0.0029717397173901366,0.003483991138637,0.0614338023019318,xgb,0.0,0.0,0,0.1125039507110064
2025-05-05,VALE3,-0.006600656967187508,-0.007738440297544,-0.0081525468187774,xgb,0.0,0.0,0,0.019816845280411506
2025-05-06,ABEV3,-0.007022656880943872,-0.0082331821322441,-0.0002682270420385,xgb,0.0,0.0,0,0.02702042181025285
2025-05-06,BBAS3,0.04384681302223024,0.0514048747718334,-0.2386035060558667,xgb,0.0,0.0,0,0.13530948123319692
2025-05-06,BBDC4,-0.012981769119720337,-0.0152194919064641,0.2182520793264148,xgb,0.0,0.0,0,0.1891454942101352
2025-05-06,ITUB4,0.0029717397173901366,0.003483991138637,0.064180615319356,xgb,0.0,0.0,0,0.10535429281223589
2025-05-06,VALE3,-0.006600656967187508,-0.007738440297544,-0.0043490321859182,xgb,0.0,0.0,0,0.017586233715292294
2025-05-07,ABEV3,-0.007022656880943872,-0.0082331821322441,-0.0195088615486427,xgb,0.0,0.0,0,0.02227420215576995
2025-05-07,BBAS3,0.04118520878477767,0.0482844784855842,-0.2576246111333106,xgb,0.0,0.0,0,0.14835554419005045
2025-05-07,BBDC4,0.009780671022481084,-0.0082508660852909,0.2038594073684704,xgb,0.6,0.11438757451984882,1,0.1906459575330814
2025-05-07,ITUB4,0.0029717397173901366,0.003483991138637,0.0410197427260917,xgb,0.0,0.0,0,0.0978068467287218
2025-05-07,VALE3,-0.006600656967187508,-0.007738440297544,0.0001889721780614,xgb,0.0,0.0,0,0.015553028662156906
2025-05-08,ABEV3,-0.005522695775756376,-0.0092719681560993,-0.0114649499908948,xgb,0.8358009695564685,0.01622807187825754,4,0.01941619173625658
2025-05-08,BBAS3,0.0280191578296895,0.0328489392995834,-0.2851499808058062,xgb,0.0,0.0,0,0.16037313425103897
2025-05-08,BBDC4,0.03137373907224272,0.0169753432273864,0.0578854377349083,xgb,0.6,0.11490358989181558,1,0.19150598315302597
2025-05-08,ITUB4,0.0029717397173901366,0.003483991138637,0.0355240419846289,xgb,0.0,0.0,0,0.08934741542321796
2025-05-08,VALE3,-0.006600656967187508,-0.007738440297544,0.0045402228818252,xgb,0.0,0.0,0,0.014096938455686842
2025-05-09,ABEV3,-0.007908710134847374,-0.0092719681560993,-0.0137414621816493,xgb,0.0,0.0,0,0.016227425562261394
2025-05-09,BBAS3,0.025134126592861076,0.0294666029512882,-0.288301211114429,xgb,0.0,0.0,0,0.17334944440744232
2025-05-09,BBDC4,0.030264177310024697,0.0167250055819749,0.0476891028993127,xgb,0.6,0.10880938518251065,1,0.18134897530418442
2025-05-09,ITUB4,0.0029717397173901366,0.003483991138637,-0.0223493495774154,xgb,0.0,0.0,0,0.08055247501112195
2025-05-09,VALE3,-0.006600656967187508,-0.007738440297544,0.0064005571545094,xgb,0.0,0.0,0,0.012418618771936115
2025-05-12,ABEV3,-0.007908710134847374,-0.0092719681560993,-0.0259689726803185,xgb,0.0,0.0,0,0.01454373069797325
2025-05-12,BBAS3,0.0292422612966061,0.0342828743159771,-0.2813832295800418,xgb,0.0,0.0,1,0.18816044842751176
2025-05-12,BBDC4,0.018313410046193933,0.0214701704680919,0.0617146552432054,xgb,0.0,0.0,0,0.1696652687342069
2025-05-12,ITUB4,0.0029717397173901366,0.003483991138637,-0.0035501501654763,xgb,0.0,0.0,0,0.07080050672358464
2025-05-12,VALE3,-0.005520700121810996,-0.007738440297544,-0.0116743045053085,xgb,0.8,0.007345143270161646,2,0.009181429087702057
2025-05-13,ABEV3,-0.007908710134847374,-0.0092719681560993,-0.0152265037281249,xgb,0.0,0.0,0,0.014949647075621228
2025-05-13,BBAS3,0.02619459297315115,0.0307098664343357,-0.3079965803374916,xgb,0.0,0.0,0,0.20237244815119074
2025-05-13,BBDC4,0.016617993964616967,0.0194825083017349,0.0709499652789369,xgb,0.0,0.0,0,0.16060573786086324
2025-05-13,ITUB4,0.0029717397173901366,0.003483991138637,-0.0066852140169733,xgb,0.0,0.0,0,0.061287377149240194
2025-05-13,VALE3,-0.007277877545276645,-0.007738440297544,-0.0367369243891865,xgb,-0.6,-0.004606000872036875,1,0.007676668120061458
2025-05-14,ABEV3,-0.007908710134847374,-0.0092719681560993,-0.0217613494203363,xgb,0.0,0.0,0,0.0149935249562142
2025-05-14,BBAS3,0.02671032377650044,0.0313144959509372,-0.3104283670794599,xgb,0.0,0.0,0,0.21698345031420446
2025-05-14,BBDC4,0.0016919849118701787,0.0019836395513266,0.082021277364299,xgb,0.0,0.0,0,0.15174069671599
2025-05-14,ITUB4,0.0029717397173901366,0.003483991138637,-0.0057542233624501,xgb,0.0,0.0,0,0.0538771578974398
2025-05-14,VALE3,-0.006600656967187508,-0.007738440297544,-0.0384341436573327,xgb,0.0,0.0,0,0.009758659670023564
2025-05-15,ABEV3,-0.007908710134847374,-0.0092719681560993,-0.045993307441098,xgb,0.0,0.0,0,0.014951124611989093
2025-05-15,BBAS3,0.01610619020695442,0.0365058407187461,-0.2903526170351437,xgb,-0.4459064257699939,-0.10223892145561396,10,0.22928335531174993
2025-05-15,BBDC4,0.02576341864741492,0.0302043687552213,0.0606052040133454,xgb,0.0,0.0,0,0.14511202218483196
2025-05-15,ITUB4,0.0029717397173901366,0.003483991138637,-0.0312041516369011,xgb,0.0,0.0,0,0.047025125584025156
2025-05-15,VALE3,-0.006600656967187508,-0.007738440297544,-0.0617411205076345,xgb,0.0,0.0,0,0.012320093722508486
2025-05-16,ABEV3,-0.007908710134847374,-0.0092719681560993,-0.0505985834497296,xgb,0.0,0.0,0,0.01704591361557325
2025-05-16,BBAS3,-0.0014918376655342763,0.0389468260109424,-0.1367782407164231,xgb,-0.9765940905599356,-0.23608988460321953,15,0.2417482215849331
2025-05-16,BBDC4,0.02576341864741492,0.0302043687552213,0.0786110962556044,xgb,0.0,0.0,0,0.1377208540313111
2025-05-16,ITUB4,0.0029717397173901366,0.003483991138637,-0.018943185905215,xgb,0.0,0.0,0,0.04320929137296645
2025-05-16,VALE3,-0.006600656967187508,-0.007738440297544,-0.0303718952009728,xgb,0.0,0.0,0,0.0150312744108016
2025-05-19,ABEV3,-0.007908710134847374,-0.0092719681560993,-0.0611920853432231,xgb,0.0,0.0,0,0.019467311986275226
2025-05-19,BBAS3,0.00910838149131572,0.0389468260109424,-0.115576307941474,xgb,-0.6772190444071822,-0.16399429232514987,8,0.24215841784057576
2025-05-19,BBDC4,0.004419402984053466,0.0051811942830681,0.0844733222441727,xgb,0.0,0.0,0,0.1302832603007722
2025-05-19,ITUB4,0.0029717397173901366,0.003483991138637,-0.0247912678836855,xgb,0.0,0.0,0,0.03768530416994316
2025-05-19,VALE3,-0.006600656967187508,-0.007738440297544,-0.0736633011680258,xgb,0.0,0.0,0,0.017187438637449808
2025-05-20,ABEV3,-0.007908710134847374,-0.0092719681560993,-0.0576112920662901,xgb,0.0,0.0,0,0.02346943655919757
2025-05-20,BBAS3,0.03322047190059166,0.0389468260109424,-0.1378981570427431,xgb,0.0,0.0,2,0.23875347956890383
2025-05-20,BBDC4,0.004419402984053466,0.0051811942830681,0.0671406817211367,xgb,0.0,0.0,0,0.12261588850500185
2025-05-20,ITUB4,0.0029717397173901366,0.003483991138637,-0.029441943706153,xgb,0.0,0.0,0,0.03392194241612172
2025-05-20,VALE3,-0.006600656967187508,-0.007738440297544,-0.0771561017351578,xgb,0.0,0.0,0,0.021611487881095365
2025-05-21,ABEV3,-0.007908710134847374,-0.0092719681560993,-0.0455116792565173,xgb,0.0,0.0,0,0.02597154636373881
2025-05-21,BBAS3,0.037492953218591564,0.043955773115158,-0.1497586121212891,xgb,0.0,0.0,0,0.23542984644922568
2025-05-21,BBDC4,0.02130250480545121,0.0249745082110166,0.0767592708018495,xgb,0.0,0.0,0,0.11481883333768948
2025-05-21,ITUB4,0.0029717397173901366,0.003483991138637,-0.0143047597969631,xgb,0.0,0.0,0,0.03162935383555641
2025-05-21,VALE3,-0.004253761908264878,-0.007738440297544,-0.0903445203287544,xgb,0.6,0.015962008594715,1,0.026603347657858333
2025-05-22,ABEV3,-0.007908710134847374,-0.0092719681560993,-0.0390504757843508,xgb,0.0,0.0,0,0.02716207039963086
2025-05-22,BBAS3,0.024122480809370156,0.0521752499043941,-0.1536629439426013,xgb,-0.6,-0.13862089996942495,1,0.23103483328237492
2025-05-22,BBDC4,0.02072540100697365,0.0242979265749454,0.0663142069547926,xgb,0.0,0.0,0,0.10838443553892915
2025-05-22,ITUB4,0.0029717397173901366,0.003483991138637,-0.0095387506052502,xgb,0.0,0.0,0,0.028995047765701297
2025-05-22,VALE3,-0.0037757303552727805,-0.007738440297544,-0.0702713227986879,xgb,0.6,0.019213259104785788,1,0.03202209850797631
2025-05-23,ABEV3,-0.007908710134847374,-0.0092719681560993,-0.0526247526836377,xgb,0.0,0.0,0,0.029518398230992733
2025-05-23,BBAS3,0.06449099844877293,0.0521752499043941,-0.1117322474056168,xgb,0.6,0.13593872427378828,1,0.22656454045631383
2025-05-23,BBDC4,0.02373237907755562,0.0278232302516698,0.0571189010423427,xgb,0.0,0.0,0,0.09950295135783312
2025-05-23,ITUB4,0.0029717397173901366,0.003483991138637,-0.0028437577237456,xgb,0.0,0.0,0,0.026337228499177957
2025-05-23,VALE3,-0.006600656967187508,-0.007738440297544,-0.0721273211106467,xgb,0.0,0.0,0,0.036716068965010895
2025-05-26,ABEV3,-0.007908710134847374,-0.0092719681560993,-0.0810367321530601,xgb,0.0,0.0,0,0.03289446447263226
2025-05-26,BBAS3,0.006314642365273758,0.0389468260109424,-0.1303487667073019,xgb,-0.8358009695564685,-0.1829954350356998,4,0.21894618659369264
2025-05-26,BBDC4,0.023124330604711387,0.0271103698760271,0.0435164502654451,xgb,0.0,0.0,0,0.08809961487491369
2025-05-26,ITUB4,0.0029717397173901366,0.003483991138637,-0.0231123992565513,xgb,0.0,0.0,0,0.0221522253150218
2025-05-26,VALE3,-0.011456847573421535,-0.007738440297544,-0.0675919848498585,xgb,-0.8,-0.03302855656011553,2,0.04128569570014441
2025-05-27,ABEV3,-0.007908710134847374,-0.0092719681560993,-0.0639752900392093,xgb,0.0,0.0,0,0.0386636434091338
2025-05-27,BBAS3,0.03322047190059166,0.0389468260109424,-0.1104209667659401,xgb,0.0,0.0,1,0.21121370521165228
2025-05-27,BBDC4,0.020355224724209288,0.0238639414310455,0.0324697156275245,xgb,0.0,0.0,0,0.07561849851341584
2025-05-27,ITUB4,0.0029717397173901366,0.003483991138637,-0.0384259761244096,xgb,0.0,0.0,0,0.01921878131053575
2025-05-27,VALE3,-0.006600656967187508,-0.007738440297544,-0.0347730081937312,xgb,0.0,0.0,0,0.04580304946185443
2025-05-28,ABEV3,-0.007908710134847374,-0.0092719681560993,-0.0697530757938438,xgb,0.0,0.0,0,0.0418398168727457
2025-05-28,BBAS3,0.018466067333420745,0.0389468260109424,-0.0842760025230892,xgb,-0.5,-0.10034957959270577,2,0.20069915918541154
2025-05-28,BBDC4,0.02077015218235424,0.0243503917008638,0.0268427970523803,xgb,0.0,0.0,0,0.06337637767477686
2025-05-28,ITUB4,0.004650838771733445,0.003483991138637,-0.0313584970713544,xgb,0.6,0.011420107360535075,1,0.019033512267558457
2025-05-28,VALE3,-0.006600656967187508,-0.007738440297544,-0.0101619606863856,xgb,0.0,0.0,2,0.04827333774868799
2025-05-29,ABEV3,-0.007908710134847374,-0.0092719681560993,-0.0540672717484059,xgb,0.0,0.0,0,0.04600325443009921
2025-05-29,BBAS3,0.03322047190059166,0.0389468260109424,-0.0519383880708718,xgb,0.0,0.0,2,0.18635101787950317
2025-05-29,BBDC4,0.021705505289705346,0.0254469756036996,0.0467558559184531,xgb,0.0,0.0,0,0.06115904619745342
2025-05-29,ITUB4,0.00517554072436225,0.003483991138637,-0.0048138127188262,xgb,0.8,0.014988778676145365,2,0.018735973345181706
2025-05-29,VALE3,-0.008659350847362928,-0.010152000002563,-0.0150804203751056,xgb,0.0,0.0,1,0.048674890449013734
2025-05-30,ABEV3,-0.007908710134847374,-0.0092719681560993,-0.047436820472867,xgb,0.0,0.0,0,0.04888366939915324
2025-05-30,BBAS3,0.018270341527877803,0.0389468260109424,-0.0482355353688982,xgb,-0.6,-0.1016807754544066,1,0.16946795909067766
2025-05-30,BBDC4,0.018566216771317593,0.0217665545642375,0.0481828263515099,xgb,0.0,0.0,1,0.06109238569882059
2025-05-30,ITUB4,0.0029717397173901366,0.003483991138637,0.0013173518556159,xgb,0.0,0.0,0,0.017483434998139622
2025-05-30,VALE3,-0.006600656967187508,-0.007738440297544,0.0238964066926257,xgb,0.0,0.0,2,0.04929488067905632
2025-06-02,ABEV3,-0.007908710134847374,-0.0092719681560993,-0.0188684923221994,xgb,0.0,0.0,0,0.05041708709862099
2025-06-02,BBAS3,0.007862093014147663,0.0223879627883434,-0.038594996079212,xgb,-0.5,-0.07640727618065513,2,0.15281455236131025
2025-06-02,BBDC4,0.007612252464717321,0.0089244088158011,0.0274837128722719,xgb,0.0,0.0,0,0.06012582649227092
2025-06-02,ITUB4,0.004500024494987304,0.003483991138637,0.0002350364060518,xgb,0.6,0.010394369642746898,1,0.017323949404578164
2025-06-02,VALE3,-0.001231703399165695,-0.007738440297544,0.0508174560663265,xgb,0.7278765028111818,0.03651602685495925,3,0.05016788797815041
2025-06-03,ABEV3,-0.007908710134847374,-0.0092719681560993,-0.0385643213255646,xgb,0.0,0.0,0,0.05067722914105488
2025-06-03,BBAS3,0.019096259307823816,0.0223879627883434,-0.0300377117418882,xgb,0.0,0.0,1,0.13357158205714745
2025-06-03,BBDC4,0.00862651314124037,0.0101135019212961,0.0339903338784515,xgb,0.0,0.0,0,0.05702109417750913
2025-06-03,ITUB4,0.0029717397173901366,0.003483991138637,0.0278980829463724,xgb,0.0,0.0,0,0.016863222432369488
2025-06-03,VALE3,-0.006600656967187508,-0.007738440297544,0.0466758682734377,xgb,0.0,0.0,0,0.051173640240803266
2025-06-04,ABEV3,-0.007461312773224783,-0.0087474510073661,-0.0405852666932481,xgb,0.0,0.0,0,0.05187744141999977
2025-06-04,BBAS3,0.018246620898941843,0.0213918685913085,0.0035730311844656,xgb,0.0,0.0,0,0.11354367810446375
2025-06-04,BBDC4,-0.003161109621745029,-0.0037060035392642,0.0322380425931786,xgb,0.0,0.0,0,0.0535903124999486
2025-06-04,ITUB4,0.0029717397173901366,0.003483991138637,0.0308615571488374,xgb,0.0,0.0,0,0.01844492668836394
2025-06-04,VALE3,-0.008659350847362928,-0.010152000002563,0.0450201116856068,xgb,0.0,0.0,1,0.051762334856239337
2025-06-05,ABEV3,-0.007461312773224783,-0.0087474510073661,-0.0344735197517123,xgb,0.0,0.0,0,0.05149115279515335
2025-06-05,BBAS3,0.018246620898941843,0.0213918685913085,-0.0081263769343651,xgb,0.0,0.0,1,0.09305942197227246
2025-06-05,BBDC4,0.010294935050725753,0.0120695168152451,0.0522070497010631,xgb,0.0,0.0,0,0.051564086684222396
2025-06-05,ITUB4,0.0029717397173901366,0.003483991138637,0.0297776528279429,xgb,0.0,0.0,0,0.018420455653502244
2025-06-05,VALE3,-0.008659350847362928,-0.010152000002563,0.0275879233953783,xgb,0.0,0.0,0,0.050567977083237355
2025-06-06,ABEV3,-0.007461312773224783,-0.0087474510073661,-0.0509942989683053,xgb,0.0,0.0,0,0.05033936253100925
2025-06-06,BBAS3,0.010847774014304921,0.0213918685913085,0.0132695716986373,xgb,-0.6,-0.050322001878418135,1,0.0838700031306969
2025-06-06,BBDC4,-0.002999633536340115,-0.0035166931338608,0.0552530641079341,xgb,0.0,0.0,0,0.04967808335889801
2025-06-06,ITUB4,0.0029717397173901366,0.003483991138637,0.0248939252850057,xgb,0.0,0.0,0,0.019194346147982804
2025-06-06,VALE3,-0.008659350847362928,-0.010152000002563,0.0297531502752648,xgb,0.0,0.0,0,0.05036912195426633
2025-06-09,ABEV3,-0.007461312773224783,-0.0087474510073661,-0.0476804444156129,xgb,0.0,0.0,0,0.04961094921851512
2025-06-09,BBAS3,0.011492438246766901,0.0213918685913085,-0.0129690725006986,xgb,-0.6,-0.04593742746801085,1,0.07656237911335141
2025-06-09,BBDC4,-0.004650481549468849,-0.0054521048441529,0.0512535290641009,xgb,0.0,0.0,0,0.0475909220634524
2025-06-09,ITUB4,0.0029717397173901366,0.003483991138637,0.009151673109033,xgb,0.0,0.0,0,0.01920167881950568
2025-06-09,VALE3,-0.008659350847362928,-0.010152000002563,0.0139759092014067,xgb,0.0,0.0,0,0.047232682604783395
2025-06-10,ABEV3,-0.007461312773224783,-0.0087474510073661,-0.0421816512962016,xgb,0.0,0.0,0,0.04890160295775246
2025-06-10,BBAS3,0.018246620898941843,0.0213918685913085,-0.0154391013310222,xgb,0.0,0.0,1,0.06763887307463394
2025-06-10,BBDC4,-0.0028876807266158314,-0.0033854425419121,0.0383462920516348,xgb,0.0,0.0,0,0.0464561254450927
2025-06-10,ITUB4,0.0029717397173901366,0.003483991138637,-0.0205756305673146,xgb,0.0,0.0,0,0.017752373776854253
2025-06-10,VALE3,-0.012428008698569543,-0.010152000002563,0.0299296188645255,xgb,-0.6,-0.025631887025709274,1,0.04271981170951546
2025-06-11,ABEV3,-0.007461312773224783,-0.0087474510073661,-0.0425908839166361,xgb,0.0,0.0,0,0.04866374381772992
2025-06-11,BBAS3,0.019623496058278157,0.0230060815811157,-0.0122238632621644,xgb,0.0,0.0,0,0.058044622303900596
2025-06-11,BBDC4,-0.020143845446028822,-0.0236161258071661,0.0022703217856818,xgb,0.0,0.0,0,0.0437123412486488
2025-06-11,ITUB4,0.0029717397173901366,0.003483991138637,-0.0379614811485952,xgb,0.0,0.0,0,0.018200293117593642
2025-06-11,VALE3,-0.012047316991336723,-0.010152000002563,0.051669326937856,xgb,-0.6,-0.023042676962956605,1,0.03840446160492768
2025-06-12,ABEV3,-0.007461312773224783,-0.0087474510073661,-0.03765676105732,xgb,0.0,0.0,1,0.04891663011289315
2025-06-12,BBAS3,0.02385283017554718,0.0230060815811157,-0.0351580509989968,xgb,0.6,0.028765098496035917,1,0.04794183082672653
2025-06-12,BBDC4,-0.019830075631100435,-0.0232482701539993,-0.003754787337183,xgb,0.0,0.0,0,0.039137778022283735
2025-06-12,ITUB4,0.0029717397173901366,0.003483991138637,-0.0473569443054924,xgb,0.0,0.0,0,0.020230488156404
2025-06-12,VALE3,-0.011930100453850673,-0.010152000002563,0.0467781161310036,xgb,-0.6,-0.022245448568920956,1,0.03707574761486826
2025-06-13,ABEV3,-0.007461312773224783,-0.0087474510073661,-0.0275007504899401,xgb,0.0,0.0,0,0.047847487853870455
2025-06-13,BBAS3,0.019623496058278157,0.0230060815811157,-0.0324812109050697,xgb,0.0,0.0,0,0.04247224536911082
2025-06-13,BBDC4,-0.006227531908142147,-0.0073009980842471,0.0072203741042095,xgb,0.0,0.0,0,0.035326055614772325
2025-06-13,ITUB4,0.0029717397173901366,0.003483991138637,-0.0318329789602546,xgb,0.0,0.0,0,0.023410001483671627
2025-06-13,VALE3,-0.008659350847362928,-0.010152000002563,0.0335753927831322,xgb,0.0,0.0,1,0.035265090116322326
2025-06-16,ABEV3,-0.007461312773224783,-0.0087474510073661,0.0,xgb,0.0,0.0,0,0.0440234891636476
2025-06-16,BBAS3,0.015116494540877597,0.0213918685913085,-0.0513413298993234,xgb,-0.6,-0.021289023401370826,1,0.035481705668951376
2025-06-16,BBDC4,-0.006043982500503504,-0.0070858094841241,-0.0165252297959969,xgb,0.0,0.0,0,0.03273347874611264
2025-06-16,ITUB4,0.0029717397173901366,0.003483991138637,-0.045073228702394,xgb,0.0,0.0,0,0.02403290003393615
2025-06-16,VALE3,-0.0033132592320338746,-0.0084123527631163,0.0105332754088534,xgb,0.8,0.026268266832102066,2,0.03283533354012758
2025-06-17,ABEV3,-0.008678931770463567,-0.0101749561727046,-0.0007427181706327,xgb,0.0,0.0,0,0.03945382558941836
2025-06-17,BBAS3,0.025064804929772817,0.0293853320181369,-0.0544224049161494,xgb,0.0,0.0,1,0.03126173160705018
2025-06-17,BBDC4,-0.0004895210915425595,-0.0005739019252359,-0.0333067213239411,xgb,0.0,0.0,0,0.03159458690100352
2025-06-17,ITUB4,0.0029717397173901366,0.003483991138637,-0.036079604901088,xgb,0.0,0.0,0,0.02450770378950647
2025-06-17,VALE3,-0.00892229550426088,-0.0084123527631163,0.0546914586676757,xgb,-0.3819660112501051,-0.011880641805703028,4,0.031103924055493455
2025-06-18,ABEV3,-0.008678931770463567,-0.0101749561727046,-0.0126820193266133,xgb,0.0,0.0,0,0.034524514330617574
2025-06-18,BBAS3,0.027220089310129626,0.0349248200654983,-0.0737199716372936,xgb,-0.6,-0.01747759906678983,1,0.02912933177798305
2025-06-18,BBDC4,0.0016311116351664463,-0.0014031347818672,-0.0482943555267102,xgb,0.6,0.019233777466526148,1,0.032056295777543584
2025-06-18,ITUB4,0.0029717397173901366,0.003483991138637,-0.0484890020986322,xgb,0.0,0.0,0,0.024844925777344578
2025-06-18,VALE3,-0.007175484043461016,-0.0084123527631163,0.0627805421547301,xgb,0.0,0.0,0,0.034284602482728466
2025-06-20,ABEV3,-0.007461312773224783,-0.0087474510073661,-0.0081632500143958,xgb,0.0,0.0,0,0.0315684248719181
2025-06-20,BBAS3,0.029182337388084883,0.0373862199485302,-0.072344065194535,xgb,-0.6,-0.018411095505350764,1,0.03068515917558461
2025-06-20,BBDC4,0.006146736073555414,0.0072062751278281,-0.0392681148916788,xgb,0.0,0.0,0,0.0321661886067048
2025-06-20,ITUB4,0.0029717397173901366,0.003483991138637,-0.0316936970410633,xgb,0.0,0.0,0,0.027964582161616437
2025-06-20,VALE3,-0.010500576526277018,-0.0084123527631163,0.1158225031710411,xgb,-0.6,-0.022615052423049554,1,0.037691754038415924
2025-06-23,ABEV3,-0.007461312773224783,-0.0087474510073661,-0.0118696163332581,xgb,0.0,0.0,0,0.028763169839170155
2025-06-23,BBAS3,0.029831902164095873,0.0373862199485302,-0.0585819626202598,xgb,-0.43179269316669977,-0.013993190879367507,3,0.032407197020272956
2025-06-23,BBDC4,0.007309836073982834,0.0085698636248707,-0.0346093128613015,xgb,0.0,0.0,0,0.03152942350243116
2025-06-23,ITUB4,0.0029717397173901366,0.003483991138637,-0.0431288451370494,xgb,0.0,0.0,0,0.030134321103434107
2025-06-23,VALE3,-0.007175484043461016,-0.0084123527631163,0.1288220122009606,xgb,0.0,0.0,0,0.04425790378687417
2025-06-24,ABEV3,-0.007461312773224783,-0.0087474510073661,0.0059040964272142,xgb,0.0,0.0,0,0.02826325012567435
2025-06-24,BBAS3,0.028904478956038097,0.0373862199485302,-0.0590810571351277,xgb,-0.6,-0.02030090249249439,1,0.03383483748749065
2025-06-24,BBDC4,0.006146736073555414,0.0072062751278281,-0.0217685236775087,xgb,0.0,0.0,0,0.03203839493021899
2025-06-24,ITUB4,0.0029717397173901366,0.003483991138637,-0.0507444107872113,xgb,0.0,0.0,0,0.033198164584219654
2025-06-24,VALE3,-0.007175484043461016,-0.0084123527631163,0.1276275832140843,xgb,0.0,0.0,0,0.049829657796490893
2025-06-25,ABEV3,-0.006391404867870789,-0.0101749561727046,0.0262679286196532,xgb,0.6,0.015558226151189592,1,0.02593037691864932
2025-06-25,BBAS3,0.03505717521226243,0.0373862199485302,-0.0576011729908234,xgb,0.6,0.021545617295061794,1,0.03590936215843633
2025-06-25,BBDC4,0.006575660686353058,0.0077091353014111,-0.0259425158032274,xgb,0.0,0.0,0,0.0311654084872945
2025-06-25,ITUB4,0.0029717397173901366,0.003483991138637,-0.0419630146823467,xgb,0.0,0.0,0,0.03483004514427957
2025-06-25,VALE3,-0.007175484043461016,-0.0084123527631163,0.1131942292143802,xgb,0.0,0.0,0,0.05561192314939422
2025-06-26,ABEV3,-0.008678931770463567,-0.0101749561727046,0.0111983936634877,xgb,0.0,0.0,0,0.024907709913392546
2025-06-26,BBAS3,0.03278300445790848,0.0343209095299243,-0.0650325365996712,xgb,0.6,0.023861109086762845,1,0.03976851514460474
2025-06-26,BBDC4,0.005756116954364633,0.006748323328793,-0.0427300977348412,xgb,0.0,0.0,0,0.030715728002297986
2025-06-26,ITUB4,0.0029717397173901366,0.003483991138637,-0.0302851449672745,xgb,0.0,0.0,0,0.03562300639667309
2025-06-26,VALE3,-0.007175484043461016,-0.0084123527631163,0.0687364213221156,xgb,0.0,0.0,1,0.060481502972878035
2025-06-27,ABEV3,-0.008678931770463567,-0.0101749561727046,-0.0068675467518632,xgb,0.0,0.0,0,0.023245200907090785
2025-06-27,BBAS3,0.03188932183897453,0.0373862199485302,-0.0859660286162643,xgb,0.0,0.0,0,0.043833240834983744
2025-06-27,BBDC4,0.010874874822081325,0.0127494232729077,-0.0516796487445525,xgb,0.0,0.0,0,0.030038802861853564
2025-06-27,ITUB4,0.0029717397173901366,0.003483991138637,-0.0504238582386745,xgb,0.0,0.0,0,0.03565925583519678
2025-06-27,VALE3,-0.007175484043461016,-0.0084123527631163,0.0424020798801722,xgb,0.0,0.0,0,0.06342068139621641
2025-06-30,ABEV3,-0.008678931770463567,-0.0101749561727046,-0.009807742737952,xgb,0.0,0.0,0,0.02009329003448778
2025-06-30,BBAS3,0.023508085912231108,0.0343209095299243,-0.1018957049770532,xgb,-0.8,-0.03922067592042283,2,0.04902584490052853
2025-06-30,BBDC4,0.006596887585869241,0.0077340211719274,-0.0691937430375441,xgb,0.0,0.0,0,0.029783558907326306
2025-06-30,ITUB4,0.007380620985106194,0.003483991138637,-0.0632130767998024,xgb,0.8,0.02998625797979564,2,0.03748282247474455
2025-06-30,VALE3,-0.007175484043461016,-0.0084123527631163,0.0403888721620372,xgb,0.0,0.0,1,0.0643241763679955
2025-07-01,ABEV3,-0.008678931770463567,-0.0101749561727046,-0.017339306362318,xgb,0.0,0.0,0,0.017388097057511997
2025-07-01,BBAS3,0.02490450567387809,0.0349248200654983,-0.0962233432326136,xgb,-0.6,-0.033226648332160894,1,0.055377747220268156
2025-07-01,BBDC4,0.011039976861579204,0.0086591392755508,-0.0619625671960591,xgb,0.8,0.0248520022100578,2,0.031065002762572246
2025-07-01,ITUB4,0.006619057154700249,0.003483991138637,-0.056270944063842,xgb,0.6,0.024806610785879705,1,0.04134435130979951
2025-07-01,VALE3,-0.007175484043461016,-0.0084123527631163,0.0089553585929893,xgb,0.0,0.0,1,0.06621081657946912
2025-07-02,ABEV3,-0.009552701369293646,-0.0111993411555886,-0.0912159473681979,xgb,0.0,0.0,0,0.015613643847948885
2025-07-02,BBAS3,0.023687936125557883,0.0277711264789104,-0.1099691933876736,xgb,0.0,0.0,0,0.06114805021323897
2025-07-02,BBDC4,0.008335690080528646,0.0097725484520196,-0.0520657425295262,xgb,0.0,0.0,0,0.03275187955860256
2025-07-02,ITUB4,0.0029717397173901366,0.003483991138637,-0.0455885123487681,xgb,0.0,0.0,0,0.04389401655955146
2025-07-02,VALE3,-0.007175484043461016,-0.0084123527631163,-0.0338391637189831,xgb,0.0,0.0,4,0.06471265513150225
2025-07-03,ABEV3,-0.009552701369293646,-0.0111993411555886,-0.0924211215664446,xgb,0.0,0.0,0,0.019086862665917585
2025-07-03,BBAS3,0.028696504743205627,0.0277711264789104,-0.1949571359395557,xgb,0.5,0.0340649297539591,2,0.0681298595079182
2025-07-03,BBDC4,0.0005605671770747283,0.000657194526866,-0.0736948662499504,xgb,0.0,0.0,0,0.03630869532602001
2025-07-03,ITUB4,0.0029717397173901366,0.003483991138637,-0.076076864297012,xgb,0.0,0.0,0,0.04443880450242096
2025-07-03,VALE3,-0.007175484043461016,-0.0084123527631163,-0.023716576746267,xgb,0.0,0.0,3,0.0634390720444399
2025-07-04,ABEV3,-0.009552701369293646,-0.0111993411555886,-0.0856674703196527,xgb,0.0,0.0,0,0.022998602702283627
2025-07-04,BBAS3,0.019164627702717745,0.0224681161344051,-0.1808069794581005,xgb,0.0,0.0,1,0.07954407986081526
2025-07-04,BBDC4,0.0013719402090529179,0.0016084273811429,-0.0612810054378156,xgb,0.0,0.0,0,0.04130441524836054
2025-07-04,ITUB4,0.0029717397173901366,0.003483991138637,-0.0660703814819165,xgb,0.0,0.0,0,0.046490227358958074
2025-07-04,VALE3,-0.0017243311622253746,-0.0084123527631163,-0.0186510726105592,xgb,0.6,0.037075091538746656,1,0.06179181923124443
2025-07-07,ABEV3,-0.0071572845608160775,-0.0111993411555886,-0.080789287323002,xgb,0.6,0.016292021042643573,1,0.027153368404405957
2025-07-07,BBAS3,0.017061381248526908,0.0277711264789104,-0.1695297285744827,xgb,-0.5,-0.04506938880730159,2,0.09013877761460318
2025-07-07,BBDC4,0.007172590874491411,0.0084089608862996,-0.0497226503331949,xgb,0.0,0.0,0,0.04516588891504669
2025-07-07,ITUB4,0.0029717397173901366,0.003483991138637,-0.0417418831872722,xgb,0.0,0.0,0,0.048935756110505345
2025-07-07,VALE3,-0.007175484043461016,-0.0084123527631163,-0.0051611981047823,xgb,0.0,0.0,0,0.06072579636177493
2025-07-08,ABEV3,-0.009552701369293646,-0.0111993411555886,-0.0696337082073978,xgb,0.0,0.0,0,0.03292403178462038
2025-07-08,BBAS3,0.017799221572894854,0.0282047130167484,-0.1625191005297332,xgb,-0.43179269316669977,-0.04256647175674992,3,0.09858080609140027
2025-07-08,BBDC4,0.003316139826778708,0.0038877569604665,-0.0534179508977112,xgb,0.0,0.0,0,0.047537133239132265
2025-07-08,ITUB4,0.0029717397173901366,0.003483991138637,-0.02679206284536,xgb,0.0,0.0,0,0.048697802859425224
2025-07-08,VALE3,-0.007175484043461016,-0.0084123527631163,-0.0149518764920663,xgb,0.0,0.0,0,0.060342076554341276
2025-07-09,ABEV3,-0.009552701369293646,-0.0111993411555886,-0.0595921498231376,xgb,0.0,0.0,0,0.03784481678724646
2025-07-09,BBAS3,0.010245742605624896,0.0230060815811157,-0.126033793717874,xgb,-0.6,-0.0637811991811366,1,0.10630199863522767
2025-07-09,BBDC4,0.002153039826351204,0.0025241684634238,-0.0342422205447801,xgb,0.0,0.0,0,0.0489736496372587
2025-07-09,ITUB4,0.0029717397173901366,0.003483991138637,0.011712176077125,xgb,0.0,0.0,0,0.0480344069983018
2025-07-09,VALE3,-0.007175484043461016,-0.0084123527631163,0.002218037994906,xgb,0.0,0.0,1,0.05750353497036918
2025-07-10,ABEV3,-0.008678931770463567,-0.0101749561727046,-0.0672127532776527,xgb,0.0,0.0,0,0.04119554039414106
2025-07-10,BBAS3,0.009916098134524966,0.0230060815811157,-0.1137246392605536,xgb,-0.6,-0.0660232201274472,1,0.11003870021241201
2025-07-10,BBDC4,0.0038470011809442427,0.0045101251453161,-0.0099946990910361,xgb,0.0,0.0,0,0.04796992570997798
2025-07-10,ITUB4,0.0029717397173901366,0.003483991138637,0.0497648731881349,xgb,0.0,0.0,0,0.045407490853908425
2025-07-10,VALE3,-0.0002766206975869708,-0.0084123527631163,0.0019879358487233,xgb,0.8823529411764706,0.0469214486612612,3,0.05317764181609603
2025-07-11,ABEV3,-0.009552701369293646,-0.0111993411555886,-0.0796051167904682,xgb,0.0,0.0,0,0.045413362055802264
2025-07-11,BBAS3,0.016738641481186263,0.0313103534281253,-0.1014786516303023,xgb,-0.6,-0.06779667330170513,1,0.1129944555028419
2025-07-11,BBDC4,0.003540538961115203,0.0041508367285132,-0.0081696368414303,xgb,0.0,0.0,0,0.045878967438503504
2025-07-11,ITUB4,0.0029717397173901366,0.003483991138637,0.0642178321122453,xgb,0.0,0.0,0,0.04669828915012782
2025-07-11,VALE3,-0.0032015613869737164,-0.0084123527631163,-0.0120364236732587,xgb,0.6,0.027027960775843997,1,0.04504660129307333
2025-07-14,ABEV3,-0.00876180255215319,-0.0102721117436885,-0.0831199847907417,xgb,0.0,0.0,0,0.05025161208846013
2025-07-14,BBAS3,0.026706790329060287,0.0313103534281253,-0.0721755808237067,xgb,0.0,0.0,0,0.11605850471784493
2025-07-14,BBDC4,0.0013557545095041572,0.0015894516836851,0.011102849520105,xgb,0.0,0.0,0,0.04399041915136984
2025-07-14,ITUB4,0.0029717397173901366,0.003483991138637,0.0863905822069785,xgb,0.0,0.0,0,0.04820464536264181
2025-07-14,VALE3,-0.007175484043461016,-0.0084123527631163,0.0098858597693651,xgb,0.0,0.0,0,0.036704773541094624
2025-07-15,ABEV3,-0.00876180255215319,-0.0102721117436885,-0.0906489176779983,xgb,0.0,0.0,0,0.05576703268585494
2025-07-15,BBAS3,0.029789821724962483,0.0349248200654983,-0.0806807622277167,xgb,0.0,0.0,1,0.1169938278384577
2025-07-15,BBDC4,0.00617166085927522,0.0072354963049292,0.0030816025018124,xgb,0.0,0.0,0,0.04322858528298386
2025-07-15,ITUB4,0.0029717397173901366,0.003483991138637,0.0734468288043855,xgb,0.0,0.0,0,0.05075080046405376
2025-07-15,VALE3,-0.007175484043461016,-0.0084123527631163,0.0378219729363313,xgb,0.0,0.0,1,0.028294650437900394
2025-07-16,ABEV3,-0.004227360151030401,-0.0111993411555886,-0.129362990985924,xgb,0.6,0.03621940485687061,1,0.06036567476145103
2025-07-16,BBAS3,0.013687672861762416,0.0349248200654983,-0.050587618384863,xgb,-0.9230769230769231,-0.1095160337785913,4,0.11864236992680724
2025-07-16,BBDC4,0.0072663972311497295,0.0085189370438456,-0.0018979040448073,xgb,0.0,0.0,0,0.04159566290431137
2025-07-16,ITUB4,0.0029717397173901366,0.003483991138637,0.067276075874306,xgb,0.0,0.0,1,0.05299964432991367
2025-07-16,VALE3,-0.008859780840149784,-0.0084123527631163,0.016309596121276,xgb,-0.5,-0.011455458923305595,2,0.02291091784661119
2025-07-17,ABEV3,-0.014831732956178689,-0.0102721117436885,-0.1114879166560594,xgb,-0.6,-0.041283601884975034,1,0.06880600314162506
2025-07-17,BBAS3,0.029789821724962483,0.0349248200654983,-0.0043488882823251,xgb,0.0,0.0,2,0.11761059005432094
2025-07-17,BBDC4,0.0072663972311497295,0.0085189370438456,0.0012200849217327,xgb,0.0,0.0,0,0.03867907764073751
2025-07-17,ITUB4,0.0029717397173901366,0.003483991138637,0.0488657608203648,xgb,0.0,0.0,0,0.055641853680415916
2025-07-17,VALE3,-0.007175484043461016,-0.0084123527631163,0.0162759231122665,xgb,0.0,0.0,0,0.019166144617979785
2025-07-18,ABEV3,-0.00876180255215319,-0.0102721117436885,-0.0985436482786468,xgb,0.0,0.0,0,0.0762788867062105
2025-07-18,BBAS3,0.021057135821948934,0.0343209095299243,0.0392014897869935,xgb,-0.5,-0.05589039715809121,2,0.11178079431618242
2025-07-18,BBDC4,0.013185301411881492,0.0154581079259514,0.0436999176926998,xgb,0.0,0.0,0,0.035074823081964676
2025-07-18,ITUB4,0.0029717397173901366,0.003483991138637,0.0744063954123318,xgb,0.0,0.0,0,0.05553056100767951
2025-07-18,VALE3,-0.005649312867781052,-0.0084123527631163,0.0092460040643855,xgb,0.6,0.010379994337877627,1,0.017299990563129378
2025-07-21,ABEV3,-0.00876180255215319,-0.0102721117436885,-0.1060231604486923,xgb,0.0,0.0,0,0.08261716567340298
2025-07-21,BBAS3,0.019267951542084265,0.0373862199485302,-0.0030258220670017,xgb,-0.8,-0.08584210887065681,2,0.10730263608832101
2025-07-21,BBDC4,0.014017379826234607,0.0164336152374744,0.0082110125873407,xgb,0.0,0.0,0,0.03325383555733293
2025-07-21,ITUB4,0.0029717397173901366,0.003483991138637,0.0332966396254254,xgb,0.0,0.0,0,0.05633008376571733
2025-07-21,VALE3,-0.005402242726617953,-0.0084123527631163,-0.0169455417251481,xgb,0.8,0.012060399987780548,2,0.015075499984725684
2025-07-22,ABEV3,-0.00876180255215319,-0.0102721117436885,-0.1020492077367742,xgb,0.0,0.0,0,0.08895172667957259
2025-07-22,BBAS3,0.023010558559060423,0.0373862199485302,-0.0015094358681823,xgb,-0.6,-0.06038740217446638,1,0.1006456702907773
2025-07-22,BBDC4,0.021974336453174936,0.0257621463388204,0.0145664347611366,xgb,0.0,0.0,0,0.029414438799567337
2025-07-22,ITUB4,0.0029717397173901366,0.003483991138637,0.0474683728538041,xgb,0.0,0.0,0,0.05468906202011614
2025-07-22,VALE3,-0.008325716905562214,-0.0084123527631163,-0.0470043876128323,xgb,-0.5,-0.007823113675654228,2,0.015646227351308457
2025-07-23,ABEV3,-0.00876180255215319,-0.0102721117436885,-0.1194400842162603,xgb,0.0,0.0,0,0.08972553099161373
2025-07-23,BBAS3,0.042816424621549394,0.0373862199485302,-0.026066376360827,xgb,0.8,0.07431883580293662,2,0.09289854475367078
2025-07-23,BBDC4,0.02017024938623006,0.0236470811069011,-0.0044633015730352,xgb,0.0,0.0,0,0.026735916816110934
2025-07-23,ITUB4,0.0029717397173901366,0.003483991138637,0.0374872776310516,xgb,0.0,0.0,0,0.05482333777047586
2025-07-23,VALE3,-0.006122458749138257,-0.0084123527631163,-0.0371573961340918,xgb,0.43179269316669977,0.007161972894581939,3,0.0165866004865834
2025-07-24,ABEV3,-0.00876180255215319,-0.0102721117436885,-0.1004343845339769,xgb,0.0,0.0,0,0.091655456895172
2025-07-24,BBAS3,0.03188932183897453,0.0373862199485302,0.0211986490401268,xgb,0.0,0.0,2,0.08083491906947586
2025-07-24,BBDC4,0.02174501666757809,0.0254932977259159,0.04061236189047,xgb,0.0,0.0,0,0.021790805053474138
2025-07-24,ITUB4,0.0029717397173901366,0.003483991138637,0.0745151429116726,xgb,0.0,0.0,0,0.05206693872290725
2025-07-24,VALE3,-0.005627552261685351,-0.0084123527631163,0.0032249212638344,xgb,0.6,0.010527995408571104,1,0.017546659014285173
2025-07-25,ABEV3,-0.00876180255215319,-0.0102721117436885,-0.1056080710126477,xgb,0.0,0.0,0,0.09271023648190944
2025-07-25,BBAS3,0.02939551658029774,0.03963053971529,-0.0094317006495778,xgb,-0.43179269316669977,-0.029981233775277113,3,0.06943432403962062
2025-07-25,BBDC4,0.021413999053454445,0.025105221197009,0.0507446643980312,xgb,0.0,0.0,0,0.02031447337152088
2025-07-25,ITUB4,0.0029717397173901366,0.003483991138637,0.0651513160886052,xgb,0.0,0.0,0,0.05267013596788983
2025-07-25,VALE3,-0.007175484043461016,-0.0084123527631163,0.0203860653638151,xgb,0.0,0.0,0,0.016444791060947685
2025-07-28,ABEV3,-0.008678931770463567,-0.0101749561727046,-0.0697589326410457,xgb,0.0,0.0,0,0.09448300674545555
2025-07-28,BBAS3,0.026981611377826415,0.03963053971529,0.0218261912360028,xgb,-0.8,-0.046399000493130504,2,0.057998750616413124
2025-07-28,BBDC4,0.022577095876321302,0.0264688059687614,0.0560368862341937,xgb,0.0,0.0,0,0.020387474376152043
2025-07-28,ITUB4,0.007765705207729566,0.003483991138637,0.0796490737649608,xgb,0.6,0.03260534299079103,1,0.05434223831798505
2025-07-28,VALE3,-0.009957616333837946,-0.0116740530356764,0.039010653311591,xgb,0.0,0.0,4,0.01753228157945003
2025-07-29,ABEV3,-0.008678931770463567,-0.0101749561727046,-0.0821297478515136,xgb,0.0,0.0,0,0.09449195134785897
2025-07-29,BBAS3,0.029573669890826278,0.03963053971529,0.0335170278563774,xgb,-0.6,-0.02876955425725942,1,0.04794925709543237
2025-07-29,BBDC4,0.022577095876321302,0.0264688059687614,0.0653127157741973,xgb,0.0,0.0,0,0.020574541185900793
2025-07-29,ITUB4,0.0029717397173901366,0.003483991138637,0.0905037622330689,xgb,0.0,0.0,0,0.05811773909795653
2025-07-29,VALE3,-0.009957616333837946,-0.0116740530356764,0.0446520677414685,xgb,0.0,0.0,0,0.019250765637987506
2025-07-30,ABEV3,-0.008678931770463567,-0.0101749561727046,-0.0708957522413741,xgb,0.0,0.0,0,0.09610177977845727
2025-07-30,BBAS3,0.029531491416387327,0.0388976261019706,0.0561807027661324,xgb,-0.6,-0.02480455000605243,1,0.041340916676754054
2025-07-30,BBDC4,0.02145181307318261,0.0227921083569526,0.0708941028265753,xgb,0.6,0.013676317364229782,1,0.022793862273716305
2025-07-30,ITUB4,0.0029717397173901366,0.003483991138637,0.0995812368186488,xgb,0.0,0.0,0,0.06374570953766681
2025-07-30,VALE3,-0.007175484043461016,-0.0084123527631163,0.0630515260725926,xgb,0.0,0.0,1,0.02228176776274197
2025-07-31,ABEV3,0.0019474655107385858,-0.0101749561727046,-0.0088674701406336,xgb,0.75,0.07227363834975659,6,0.09636485113300879
2025-07-31,BBAS3,0.03654067039831091,0.03963053971529,0.0823047916243448,xgb,0.5,0.018615317749290556,2,0.03723063549858111
2025-07-31,BBDC4,0.0222245348325257,0.0240351594984531,0.0816094795934885,xgb,0.43179269316669977,0.01172050300392556,3,0.02714381968339768
2025-07-31,ITUB4,0.0029717397173901366,0.003483991138637,0.1006619401874828,xgb,0.0,0.0,0,0.06730402122556066
2025-07-31,VALE3,-0.008403218521937459,-0.0084123527631163,0.0730185227529654,xgb,-0.31340636818735434,-0.008350227771353871,6,0.02664345277873264
2025-08-01,ABEV3,-0.008678931770463567,-0.0101749561727046,0.0008133091517767,xgb,0.0,0.0,1,0.09131216208659206
2025-08-01,BBAS3,0.028420149649512085,0.0388976261019706,0.1391695709513749,xgb,-0.9024590962492739,-0.03236315249536518,7,0.035861074069584144
2025-08-01,BBDC4,0.020273062538544117,0.0237676165997982,0.0731224681202769,xgb,0.0,0.0,0,0.032389522737116115
2025-08-01,ITUB4,0.009138813057040271,0.003483991138637,0.1146875867631643,xgb,0.6,0.041944303081418007,1,0.06990717180236335
2025-08-01,VALE3,-0.0035686060395957817,-0.0084123527631163,0.0683281634497821,xgb,0.7913583657612799,0.02453156883981635,5,0.03099931699871169
2025-08-04,ABEV3,-0.008678931770463567,-0.0101749561727046,-0.0203507610557044,xgb,0.0,0.0,0,0.08543311382666596
2025-08-04,BBAS3,0.03446981711687198,0.0373862199485302,0.0869224365103529,xgb,0.43179269316669977,0.017550800854014035,3,0.0406463590787033
2025-08-04,BBDC4,0.018474323306169157,0.0216588210314512,0.0539922113671831,xgb,0.0,0.0,0,0.03681949549427126
2025-08-04,ITUB4,0.0029717397173901366,0.003483991138637,0.0869852705983098,xgb,0.0,0.0,0,0.07192838641351948
2025-08-04,VALE3,-0.007175484043461016,-0.0084123527631163,0.0565758446627871,xgb,0.0,0.0,0,0.03517376726159861
2025-08-05,ABEV3,-0.008678931770463567,-0.0101749561727046,-0.0379270749286809,xgb,0.0,0.0,1,0.08041181692507356
2025-08-05,BBAS3,0.03188932183897453,0.0373862199485302,0.0853989920850036,xgb,0.0,0.0,1,0.04109219295603445
2025-08-05,BBDC4,0.018474323306169157,0.0216588210314512,0.0514725548403966,xgb,0.0,0.0,0,0.040455967556083446
2025-08-05,ITUB4,0.012865109786834375,0.003483991138637,0.0673031345410551,xgb,0.9230769230769231,0.06728807812636463,4,0.07289541797022835
2025-08-05,VALE3,-0.007175484043461016,-0.0084123527631163,0.0616527438529785,xgb,0.0,0.0,0,0.03651332952777403
2025-08-06,ABEV3,-0.008678931770463567,-0.0101749561727046,-0.0259754908929021,xgb,0.0,0.0,0,0.0738806800638419
2025-08-06,BBAS3,0.029959230116930736,0.03963053971529,0.0879913849174345,xgb,-0.6,-0.026147231789340985,1,0.04357871964890164
2025-08-06,BBDC4,-0.01100218935015887,-0.0128986835479736,0.0725504148758557,xgb,0.0,0.0,0,0.043997014041482686
2025-08-06,ITUB4,0.011546221116852717,0.003483991138637,0.0587348115559938,xgb,0.8,0.058317880585711204,2,0.072897350732139
2025-08-06,VALE3,-0.007175484043461016,-0.0084123527631163,0.0699325130253962,xgb,0.0,0.0,0,0.0397521257943242
2025-08-07,ABEV3,-0.008678931770463567,-0.0101749561727046,-0.0233975181701457,xgb,0.0,0.0,0,0.06777264965218781
2025-08-07,BBAS3,0.027703598580116923,0.0367498323321342,0.1119489480880622,xgb,-0.5,-0.024776591847133298,2,0.049553183694266596
2025-08-07,BBDC4,-0.02073199285653714,-0.0243056546896696,0.088990760486775,xgb,0.0,0.0,0,0.04909203760963433
2025-08-07,ITUB4,0.0029717397173901366,0.003483991138637,0.0521901100263947,xgb,0.0,0.0,0,0.07360228292754108
2025-08-07,VALE3,-0.007175484043461016,-0.0084123527631163,0.0718186358554312,xgb,0.0,0.0,0,0.043584739359547764
2025-08-08,ABEV3,-0.021797098475372673,-0.0255543570965528,-0.0187684109813564,xgb,0.0,0.0,0,0.06240506893015202
2025-08-08,BBAS3,0.03188932183897453,0.0373862199485302,0.1013906873542332,xgb,0.0,0.0,0,0.0547494307157715
2025-08-08,BBDC4,-0.02987768763199017,-0.0350278317928314,0.0730479826598167,xgb,0.0,0.0,0,0.052327097809211125
2025-08-08,ITUB4,0.013036841012084273,0.0152840567752718,0.0407128015893024,xgb,0.0,0.0,0,0.07201540539997413
2025-08-08,VALE3,-0.007175484043461016,-0.0084123527631163,0.0518492697091285,xgb,0.0,0.0,0,0.04805421305890816
2025-08-11,ABEV3,-0.020712662166337412,-0.0242829918861389,0.0016233177826917,xgb,0.0,0.0,0,0.05617258682534231
2025-08-11,BBAS3,0.03380365913892906,0.03963053971529,0.1137025148924668,xgb,0.0,0.0,0,0.06177549252200233
2025-08-11,BBDC4,-0.029190737150705106,-0.0342224687337875,0.0674414388608956,xgb,0.0,0.0,0,0.05695830995724512
2025-08-11,ITUB4,0.013036841012084273,0.0152840567752718,0.0258400725418118,xgb,0.0,0.0,0,0.07254513125453678
2025-08-11,VALE3,-0.009957616333837946,-0.0116740530356764,0.0499121321997602,xgb,0.0,0.0,0,0.05054733648633534
2025-08-12,ABEV3,-0.02214935967120584,-0.02596733905375,0.0105735502907812,xgb,0.0,0.0,0,0.04899930897147927
2025-08-12,BBAS3,0.03188932183897453,0.0373862199485302,0.1363210213214773,xgb,0.0,0.0,0,0.0697892838808798
2025-08-12,BBDC4,-0.019607833861846117,-0.0229877196252346,0.0373496922830588,xgb,0.0,0.0,0,0.06073509596437077
2025-08-12,ITUB4,0.018084445449185183,0.0138585688546299,0.006177174425485,xgb,0.6,0.04260015159649382,1,0.07100025266082303
2025-08-12,VALE3,-0.007175484043461016,-0.0084123527631163,0.0464010144407201,xgb,0.0,0.0,0,0.050755032528258755
2025-08-13,ABEV3,-0.021797098475372673,-0.0255543570965528,0.0324704108486715,xgb,0.0,0.0,0,0.041223127976802186
2025-08-13,BBAS3,0.0261909704778956,0.03963053971529,0.1419243663483755,xgb,-0.6666666666666666,-0.05177641044252225,4,0.07766461566378338
2025-08-13,BBDC4,-0.023143499239318018,-0.0271328426897525,0.0554313292593421,xgb,0.0,0.0,0,0.0630841238722296
2025-08-13,ITUB4,0.009953956578362108,0.0116697624325752,0.0175347403221828,xgb,0.0,0.0,0,0.06876381671756829
2025-08-13,VALE3,-0.009957616333837946,-0.0116740530356764,0.0527527352788017,xgb,0.0,0.0,0,0.05141529097873221
2025-08-14,ABEV3,-0.02214935967120584,-0.02596733905375,0.0455363056907956,xgb,0.0,0.0,0,0.036368558427851805
2025-08-14,BBAS3,0.02118842914932734,0.0383624136447906,0.1168308483356901,xgb,-0.9090909090909092,-0.07844352835072832,20,0.08628788118580115
2025-08-14,BBDC4,-0.017380204969840562,-0.0203761048614978,0.0510848788714764,xgb,0.0,0.0,0,0.06414262154143476
2025-08-14,ITUB4,0.013036841012084273,0.0152840567752718,0.0037293802509336,xgb,0.0,0.0,0,0.06469378796117616
2025-08-14,VALE3,-0.01480546131218655,-0.0116740530356764,0.0648661076409362,xgb,-0.6,-0.03297179518788078,1,0.0549529919798013
2025-08-15,ABEV3,-0.022921837374881914,-0.0268729720264673,0.0478405648098998,xgb,0.0,0.0,0,0.032077718047719514
2025-08-15,BBAS3,0.03841315907086795,0.0399171561002731,0.0574005781174399,xgb,0.31596650474626364,0.02968797545646052,18,0.09395924887766631
2025-08-15,BBDC4,-0.007912974421236433,-0.0092769674956798,0.0616500514139686,xgb,0.0,0.0,0,0.06416692257525226
2025-08-15,ITUB4,0.00792027566121448,0.0092855272814631,0.0236408855714099,xgb,0.0,0.0,0,0.0603065068299139
2025-08-15,VALE3,0.005851807604486993,0.006860508583486,0.0754734351305354,xgb,0.0,0.0,1,0.058130137856738526
2025-08-18,ABEV3,-0.022921837374881914,-0.0268729720264673,0.0516660585580901,xgb,0.0,0.0,0,0.030512120345494807
2025-08-18,BBAS3,0.0377459494357459,0.0385341942310333,0.0404615394997514,xgb,0.34376151219352147,0.03317308098087688,5,0.09650027651205469
2025-08-18,BBDC4,-0.00787164706745364,-0.009228516370058,0.0395325898887785,xgb,0.0,0.0,0,0.06456786294523618
2025-08-18,ITUB4,0.007420681305223848,0.0086998157203197,0.0138299959724346,xgb,0.0,0.0,0,0.05630592195894598
2025-08-18,VALE3,0.012995659661490343,0.006860508583486,0.0811987566343752,xgb,0.8,0.048587697817901926,2,0.06073462227237741
2025-08-19,ABEV3,-0.023756909845755216,-0.027851989492774,0.0579406107550845,xgb,0.0,0.0,0,0.0283361425388217
2025-08-19,BBAS3,0.02207903548426751,0.0370313376188278,0.0994340081799396,xgb,-0.6666666666666666,-0.06466420870533997,4,0.09699631305800996
2025-08-19,BBDC4,0.009767258208121752,0.0114508820697665,0.1085205679891885,xgb,0.0,0.0,0,0.06272642538199198
2025-08-19,ITUB4,0.013036841012084273,0.0152840567752718,0.0574640971400696,xgb,0.0,0.0,0,0.05082922436890067
2025-08-19,VALE3,-0.0010265419873877425,-0.0099387429654598,0.0821787491728426,xgb,0.8,0.050676080040353746,2,0.06334510005044218
2025-08-20,ABEV3,-0.023756909845755216,-0.027851989492774,0.0341218786353573,xgb,0.0,0.0,0,0.027410775289801015
2025-08-20,BBAS3,0.020875459368892683,0.0370313376188278,0.1068700587255226,xgb,-0.7278765028111818,-0.07285012746850185,3,0.1000858348732819
2025-08-20,BBDC4,0.009649340521269324,0.0113126384094357,0.0950674241308959,xgb,0.0,0.0,0,0.06541403003646436
2025-08-20,ITUB4,0.013036841012084273,0.0152840567752718,0.0582131205390313,xgb,0.0,0.0,0,0.047820857249002154
2025-08-20,VALE3,0.005851807604486993,0.006860508583486,0.0847919440122798,xgb,0.0,0.0,0,0.06471133027188859
2025-08-21,ABEV3,-0.023756909845755216,-0.027851989492774,0.0398264929182713,xgb,0.0,0.0,0,0.029214661610852708
2025-08-21,BBAS3,0.017211948234665556,0.0370313376188278,0.0935079177842114,xgb,-0.9600000000000001,-0.09776687693671711,6,0.10184049680908032
2025-08-21,BBDC4,0.001951211302489695,0.0022875498980283,0.1158881072248065,xgb,0.0,0.0,0,0.06637531178913632
2025-08-21,ITUB4,0.013036841012084273,0.0152840567752718,0.0702763373831838,xgb,0.0,0.0,0,0.0447887987026842
2025-08-21,VALE3,-0.00847744900492011,-0.0099387429654598,0.0803160262551059,xgb,0.0,0.0,0,0.0655522889332682
2025-08-22,ABEV3,-0.023756909845755216,-0.027851989492774,0.0122101522675562,xgb,0.0,0.0,0,0.032001317594173746
2025-08-22,BBAS3,0.021882426662628986,0.034150630235672,0.0480931059729197,xgb,-0.5,-0.049289475077141466,2,0.09857895015428293
2025-08-22,BBDC4,0.021911123650431793,0.025688037276268,0.0851792783655256,xgb,0.0,0.0,0,0.06943000029660272
2025-08-22,ITUB4,0.012537247450483823,0.014698346145451,0.0281539855597557,xgb,0.0,0.0,0,0.041616566604114155
2025-08-22,VALE3,0.005851807604486993,0.006860508583486,0.0569353015550488,xgb,0.0,0.0,0,0.06640856484793418
2025-08-25,ABEV3,-0.023756909845755216,-0.027851989492774,0.0276665633130292,xgb,0.0,0.0,0,0.03141984553787745
2025-08-25,BBAS3,0.02313485139205836,0.0370313376188278,0.0987050126734288,xgb,-0.6,-0.05748325592667976,1,0.09580542654446626
2025-08-25,BBDC4,0.021312261505419663,0.024985946714878,0.0889110302954321,xgb,0.0,0.0,0,0.07165764793934147
2025-08-25,ITUB4,0.01351091002339271,0.0158398430794477,0.0489924969159569,xgb,0.0,0.0,0,0.03741433195850315
2025-08-25,VALE3,0.009445268838188204,0.0110733900219202,0.0488594771184791,xgb,0.0,0.0,0,0.06643424034023859
2025-08-26,ABEV3,-0.023756909845755216,-0.027851989492774,0.0162870181065171,xgb,0.0,0.0,0,0.030686951851045186
2025-08-26,BBAS3,0.030418641911760178,0.0356620326638221,0.0814760563784602,xgb,0.0,0.0,3,0.09675585658649664
2025-08-26,BBDC4,0.01589232172928012,0.0186317488551139,0.0834867579216771,xgb,0.0,0.0,0,0.07433182475755828
2025-08-26,ITUB4,0.013036841012084273,0.0152840567752718,0.0490554164771141,xgb,0.0,0.0,0,0.03610642927099613
2025-08-26,VALE3,0.009445268838188204,0.0110733900219202,0.0437845143764927,xgb,0.0,0.0,0,0.06552043557348863
2025-08-27,ABEV3,-0.023756909845755216,-0.027851989492774,0.025194376553335,xgb,0.0,0.0,0,0.029994918080589118
2025-08-27,BBAS3,0.019691064854736297,0.034150630235672,0.0547049708528718,xgb,-0.6666666666666666,-0.0641936506510466,4,0.09629047597656991
2025-08-27,BBDC4,0.01590874654026765,0.0186510048806667,0.068219220435938,xgb,0.0,0.0,0,0.07511299211797409
2025-08-27,ITUB4,0.007894751905312568,0.0092556038871407,0.024391345305584,xgb,0.0,0.0,0,0.035415043908219014
2025-08-27,VALE3,0.015060586850980533,0.0110733900219202,0.0498385750001146,xgb,0.6,0.03819163283056874,1,0.06365272138428124
2025-08-28,ABEV3,-0.023756909845755216,-0.027851989492774,0.0169975592805495,xgb,0.0,0.0,0,0.03012326510795978
2025-08-28,BBAS3,0.029897941403558025,0.0350515767931938,0.0491295798009373,xgb,0.0,0.0,2,0.09220162045977058
2025-08-28,BBDC4,0.005485673973256539,0.0064312629401683,0.0516541185500768,xgb,0.0,0.0,0,0.07362931068577146
2025-08-28,ITUB4,0.008075177770834515,0.0094671305269002,0.0087681553198298,xgb,0.0,0.0,0,0.033429417856732535
2025-08-28,VALE3,0.009445268838188204,0.0110733900219202,0.030049350279235,xgb,0.0,0.0,1,0.062082717037472916
2025-08-29,ABEV3,-0.02418317484029082,-0.0283517315983772,0.0048465314191809,xgb,0.0,0.0,0,0.029996775700759284
2025-08-29,BBAS3,0.019106046510232396,0.0315492711961269,0.0335588676967291,xgb,-0.6,-0.05308121052357824,1,0.08846868420596374
2025-08-29,BBDC4,0.008943894253844675,0.010485591366887,0.0594158049669744,xgb,0.0,0.0,0,0.07210117753507575
2025-08-29,ITUB4,0.011322557263121705,0.0100528420880436,0.0107972992088875,xgb,0.6,0.018688594445347838,1,0.031147657408913065
2025-08-29,VALE3,0.014784716576702852,0.0110733900219202,0.0304879010785301,xgb,0.6,0.036315347961202595,1,0.06052557993533766
2025-09-01,ABEV3,-0.023426308492076407,-0.0274644009768962,-0.0172205812145298,xgb,0.0,0.0,0,0.030227005246222797
2025-09-01,BBAS3,0.02587732943029068,0.0303379148244857,0.0463258932118395,xgb,0.0,0.0,0,0.08274413797769677
2025-09-01,BBDC4,0.019763211829554855,0.0157721377909183,0.0743264888080649,xgb,0.6,0.04291675078273454,1,0.07152791797122424
2025-09-01,ITUB4,0.011701839012730912,0.0106086302548646,0.0074503897543258,xgb,0.6,0.018043904159651084,1,0.03007317359941847
2025-09-01,VALE3,0.013695251352067154,0.0099396249279379,0.03499213498764,xgb,0.6,0.03548288091314988,1,0.0591381348552498
2025-09-02,ABEV3,-0.023426308492076407,-0.0274644009768962,-0.0140789238545237,xgb,0.0,0.0,0,0.0307017931693477
2025-09-02,BBAS3,0.015519729381224963,0.0303379148244857,0.0713408215901789,xgb,-0.9230769230769231,-0.07044545957657913,4,0.07631591454129406
2025-09-02,BBDC4,0.023306075952292227,0.027323443442583,0.0687262055572388,xgb,0.0,0.0,0,0.07416911772301038
2025-09-02,ITUB4,0.00792027566121448,0.0092855272814631,0.0064674553722757,xgb,0.0,0.0,0,0.030164117551478527
2025-09-02,VALE3,0.005851807604486993,0.006860508583486,0.0513745140355156,xgb,0.0,0.0,0,0.05832321489431551
2025-09-03,ABEV3,-0.01871113856632553,-0.0188970044255256,0.0025179229035671,xgb,-0.6,-0.01763286931614514,1,0.029388115526908568
2025-09-03,BBAS3,0.019589656657886947,0.0303379148244857,0.0704382191940654,xgb,-0.6,-0.04276453966371086,1,0.07127423277285144
2025-09-03,BBDC4,0.022363579688605247,0.0262184850871562,0.0530222345700437,xgb,0.0,0.0,0,0.07511875174428873
2025-09-03,ITUB4,0.011666040554316118,0.0136769656091928,0.0041495237044819,xgb,0.0,0.0,0,0.029373597197913735
2025-09-03,VALE3,0.01657624723120178,0.0099396249279379,0.0542565383695949,xgb,0.9459459459459459,0.05507748562683317,5,0.05822477051979507
2025-09-04,ABEV3,-0.025473545838646066,-0.0262356549501419,-0.0241376749969912,xgb,-0.8,-0.021052299119399515,2,0.026315373899249393
2025-09-04,BBAS3,0.016284786318850473,0.0303379148244857,0.0552521133991622,xgb,-0.9600000000000001,-0.0652420546065117,6,0.06796047354844968
2025-09-04,BBDC4,0.014449963400117989,0.0169407650828361,0.0338045641086329,xgb,0.0,0.0,0,0.07525713429418639
2025-09-04,ITUB4,0.009085498272154525,0.0106516042724251,0.0075432912985447,xgb,0.0,0.0,0,0.029403607444595758
2025-09-04,VALE3,0.016277618059608964,0.0099396249279379,0.0504044312887394,xgb,0.9230769230769231,0.05304640997840372,4,0.05746694414327069
2025-09-05,ABEV3,-0.018185222483328465,-0.0213198866695165,-0.0331980950776788,xgb,0.0,0.0,0,0.024622310341184495
2025-09-05,BBAS3,0.03313401717459098,0.0303379148244857,0.0122181199295033,xgb,0.7278765028111818,0.04935513060258358,3,0.06780701178285842
2025-09-05,BBDC4,0.0007177851326142927,0.0008415128104388,0.0038703170593654,xgb,0.0,0.0,0,0.07326817091523384
2025-09-05,ITUB4,0.009085498272154525,0.0106516042724251,-0.0150482093136131,xgb,0.0,0.0,0,0.028253779282248242
2025-09-05,VALE3,0.005851807604486993,0.006860508583486,0.0582151601152777,xgb,0.0,0.0,0,0.055676301011713836
2025-09-08,ABEV3,-0.014374127737702174,-0.016851857304573,-0.0360626321352196,xgb,0.0,0.0,0,0.023303170092583685
2025-09-08,BBAS3,0.020073498008254337,0.0303379148244857,0.0123339519063205,xgb,-0.6,-0.03947377480241871,1,0.06578962467069785
2025-09-08,BBDC4,0.00022321171964199775,0.0002616876736283,-0.0075035737219937,xgb,0.0,0.0,0,0.0707208657131329
2025-09-08,ITUB4,0.009085498272154525,0.0106516042724251,-0.0263581046089106,xgb,0.0,0.0,0,0.02834079452090385
2025-09-08,VALE3,0.005851807604486993,0.006860508583486,0.0415314256333681,xgb,0.0,0.0,0,0.054034615546064015
2025-09-09,ABEV3,-0.02237822506563015,-0.0262356549501419,-0.0371789672663626,xgb,0.0,0.0,0,0.02174045733402191
2025-09-09,BBAS3,0.03113231829330189,0.0303379148244857,-0.0131702940428125,xgb,0.6,0.03574091524783503,1,0.059568192079725045
2025-09-09,BBDC4,0.023628280601959716,0.0277011878788471,0.0178889765732462,xgb,0.0,0.0,0,0.06350536612261899
2025-09-09,ITUB4,0.009085498272154525,0.0106516042724251,-0.0157957215481128,xgb,0.0,0.0,0,0.026118937911535352
2025-09-09,VALE3,0.008478201292403379,0.0099396249279379,0.0521827682878104,xgb,0.0,0.0,0,0.051131235293244405
2025-09-10,ABEV3,-0.02237822506563015,-0.0262356549501419,-0.0531685858647984,xgb,0.0,0.0,0,0.021958820807665144
2025-09-10,BBAS3,0.029234200711961363,0.0303379148244857,-0.0397831845180044,xgb,0.43179269316669977,0.022831190532216224,3,0.052875351745245755
2025-09-10,BBDC4,0.03252540910697332,0.0381319522857666,0.0302601317255824,xgb,0.0,0.0,0,0.05799261986850115
2025-09-10,ITUB4,0.009085498272154525,0.0106516042724251,-0.0182004409873045,xgb,0.0,0.0,0,0.023089123697898315
2025-09-10,VALE3,0.014809403200621966,0.0099396249279379,0.0437445456499753,xgb,0.8823529411764706,0.04306059569627851,3,0.04880200845578231
2025-09-11,ABEV3,-0.018021436708527815,-0.0211278684437274,-0.058380705871151,xgb,0.0,0.0,0,0.022911827446702792
2025-09-11,BBAS3,0.03223913032728497,0.0303379148244857,-0.0752162897993913,xgb,0.8823529411764706,0.043268709527346655,3,0.04903787079765954
2025-09-11,BBDC4,0.02374894846755263,0.0278426557779312,0.0072629698983891,xgb,0.0,0.0,0,0.051876335904270855
2025-09-11,ITUB4,0.010464682723691486,0.0122685246169567,-0.0211231822204948,xgb,0.0,0.0,0,0.019369416812478366
2025-09-11,VALE3,0.012552971149870935,0.0099396249279379,0.0319294800589837,xgb,0.6,0.02771385590467807,1,0.04618975984113012
2025-09-12,ABEV3,-0.011720179038239882,-0.0137404361739754,-0.0589368875284252,xgb,0.0,0.0,0,0.02620972413267385
2025-09-12,BBAS3,0.02301453516803118,0.0303379148244857,-0.0662432299508271,xgb,-0.3819660112501051,-0.01947080950439436,4,0.05097524107097894
2025-09-12,BBDC4,0.013774468024967594,0.0161488316953182,0.023222566200649,xgb,0.0,0.0,0,0.0463108852994754
2025-09-12,ITUB4,0.014202061239853852,0.0166501309722661,-0.0019587688531982,xgb,0.0,0.0,0,0.01886721657395973
2025-09-12,VALE3,0.01239540226131233,0.0099396249279379,0.0471179409524387,xgb,0.6,0.026642177840560995,1,0.04440362973426833
2025-09-15,ABEV3,-0.012627225640951999,-0.01480383425951,-0.0470102866384758,xgb,0.0,0.0,0,0.02844331871948785
2025-09-15,BBAS3,0.02587732943029068,0.0303379148244857,-0.0549821008916758,xgb,0.0,0.0,4,0.04865654230507882
2025-09-15,BBDC4,0.014807759906599272,0.0173602364957332,0.0254934848616894,xgb,0.0,0.0,0,0.04161885214984803
2025-09-15,ITUB4,0.016069410361731973,0.0188393630087375,-0.0141274057720971,xgb,0.0,0.0,0,0.015507664569476965
2025-09-15,VALE3,0.004571974244831536,0.0099396249279379,0.0383843020156997,xgb,-0.6,-0.026567540576302128,1,0.04427923429383688
2025-09-16,ABEV3,-0.01645991032239846,-0.0192971751093864,-0.058316147947255,xgb,0.0,0.0,0,0.03063783790034204
2025-09-16,BBAS3,0.02175189092045075,0.0303379148244857,-0.0767059979638065,xgb,-0.6,-0.028058470147899393,1,0.046764116913165656
2025-09-16,BBDC4,0.014725028937578202,0.0172632448375225,0.0394328639436934,xgb,0.0,0.0,0,0.03747647550270605
2025-09-16,ITUB4,0.016069410361731973,0.0188393630087375,-0.0114924074273573,xgb,0.0,0.0,0,0.01301280666197575
2025-09-16,VALE3,0.008478201292403379,0.0099396249279379,0.0533189694915061,xgb,0.0,0.0,0,0.04389350483949451
2025-09-17,ABEV3,-0.014194724252318566,-0.016641529276967,-0.0513344530659034,xgb,0.0,0.0,0,0.03300367871419347
2025-09-17,BBAS3,0.028945988936897104,0.0303379148244857,-0.0710526827690541,xgb,0.43179269316669977,0.020870967038974213,3,0.048335618849660984
2025-09-17,BBDC4,0.01674884273452476,0.0196359120309352,0.0167505163894523,xgb,0.0,0.0,0,0.03542030718183144
2025-09-17,ITUB4,0.016069410361731973,0.0188393630087375,-0.0280461995004801,xgb,0.0,0.0,0,0.012091453956388127
2025-09-17,VALE3,0.008478201292403379,0.0099396249279379,0.0423433336986087,xgb,0.0,0.0,0,0.04414210444602248
2025-09-18,ABEV3,-0.012945216050810542,-0.0151766380295157,-0.0120531672381589,xgb,0.0,0.0,0,0.035456313984575896
2025-09-18,BBAS3,0.02587732943029068,0.0303379148244857,-0.0558285976925077,xgb,0.0,0.0,1,0.04990155477595504
2025-09-18,BBDC4,0.017753847971271528,0.0208141542971134,0.0338527225556456,xgb,0.0,0.0,0,0.03292719274178683
2025-09-18,ITUB4,0.014202061239853852,0.0166501309722661,-0.0258720605607804,xgb,0.0,0.0,0,0.013468457112148863
2025-09-18,VALE3,0.005620023213169111,0.0099396249279379,0.0414250541415013,xgb,-0.43179269316669977,-0.019439413318679377,3,0.045020246118834886
2025-09-19,ABEV3,-0.007884231796398527,-0.0092432703822851,-0.0152552557560527,xgb,0.0,0.0,0,0.035971073685931464
2025-09-19,BBAS3,0.032557542813997406,0.0303379148244857,-0.0401092146833365,xgb,0.8823529411764706,0.045434338037341336,3,0.05149224977565352
2025-09-19,BBDC4,0.02120854130574752,0.0216477140784263,0.0346867864279345,xgb,0.6,0.018660754970300862,1,0.03110125828383477
2025-09-19,ITUB4,0.014202061239853852,0.0166501309722661,-0.0213221515250523,xgb,0.0,0.0,0,0.014545225780141214
2025-09-19,VALE3,0.012518717101017852,0.0099396249279379,0.0501705310918788,xgb,0.6,0.027480882802571122,1,0.04580147133761854
2025-09-22,ABEV3,-0.010875757389551202,-0.0127504579722881,-0.0113914293528037,xgb,0.0,0.0,0,0.03583069329604024
2025-09-22,BBAS3,0.022124519415533957,0.0303379148244857,-0.046143785591365,xgb,-0.5,-0.025524100654665934,2,0.05104820130933187
2025-09-22,BBDC4,-0.009889685647923217,-0.0115944128483533,0.0195784815249213,xgb,0.0,0.0,0,0.028269850970968312
2025-09-22,ITUB4,0.014202061239853852,0.0166501309722661,-0.0163377435357775,xgb,0.0,0.0,0,0.015536065906621679
2025-09-22,VALE3,0.01261436054966934,0.0099396249279379,0.0471467861667201,xgb,0.6,0.028131385492752785,1,0.04688564248792131
2025-09-23,ABEV3,-0.011924527963487556,-0.0139800095930695,-0.0318005342425161,xgb,0.0,0.0,0,0.035638729403060246
2025-09-23,BBAS3,0.02587732943029068,0.0303379148244857,-0.067283641773341,xgb,0.0,0.0,0,0.04924841302370231
2025-09-23,BBDC4,-0.008272171437573195,-0.009698080830276,0.0145220278937552,xgb,0.0,0.0,0,0.024759299254374204
2025-09-23,ITUB4,0.014202061239853852,0.0166501309722661,-0.0239139887820748,xgb,0.0,0.0,0,0.01624108648972895
2025-09-23,VALE3,0.008478201292403379,0.0099396249279379,0.0704600292530937,xgb,0.0,0.0,1,0.046583661925864495
2025-09-24,ABEV3,-0.014829769280424931,-0.0173860397189855,-0.021225294987462,xgb,0.0,0.0,0,0.037730344498699456
2025-09-24,BBAS3,0.03128322984266265,0.0303379148244857,-0.068314749843011,xgb,0.75,0.036767314548809354,6,0.04902308606507914
2025-09-24,BBDC4,0.010923672620946658,0.0128066325560212,0.0330193603818279,xgb,0.0,0.0,0,0.022009284491782168
2025-09-24,ITUB4,0.014202061239853852,0.0166501309722661,-0.0180213487133643,xgb,0.0,0.0,0,0.0176528339952713
2025-09-24,VALE3,0.005851807604486993,0.006860508583486,0.0647112324338604,xgb,0.0,0.0,0,0.0477410541318287
2025-09-25,ABEV3,-0.013277317213114955,-0.0155659848824143,-0.0284920441976591,xgb,0.0,0.0,0,0.037522317355161657
2025-09-25,BBAS3,0.021470297663177318,0.0303379148244857,-0.0600511892154745,xgb,-0.6,-0.02997367891521243,1,0.04995613152535405
2025-09-25,BBDC4,0.012833912456446155,0.0150461485609412,0.0465025413808656,xgb,0.0,0.0,0,0.021953198511296096
2025-09-25,ITUB4,0.015825384829647383,0.0166501309722661,-0.0113114668582823,xgb,0.6,0.011040760000655047,1,0.018401266667758414
2025-09-25,VALE3,0.012063012350185483,0.0099396249279379,0.0587129319200782,xgb,0.5,0.024381484249668666,2,0.04876296849933733
2025-09-26,ABEV3,-0.011529255306728351,-0.0135166021063923,-0.025194376553335,xgb,0.0,0.0,0,0.037186170863731674
2025-09-26,BBAS3,0.02587732943029068,0.0303379148244857,-0.0586761102003588,xgb,0.0,0.0,0,0.05337277933149485
2025-09-26,BBDC4,0.011202269009225817,0.00968599319458,0.0496552034201553,xgb,0.8,0.019998685913122607,2,0.02499835739140326
2025-09-26,ITUB4,0.014202061239853852,0.0166501309722661,-0.0078575765903587,xgb,0.0,0.0,0,0.018134356492377646
2025-09-26,VALE3,0.008478201292403379,0.0099396249279379,0.077006485758706,xgb,0.0,0.0,0,0.048798523628251655
2025-09-29,ABEV3,-0.014511473030354079,-0.0170128773897886,-0.0310990680176805,xgb,0.0,0.0,0,0.03640986689359706
2025-09-29,BBAS3,0.02587732943029068,0.0303379148244857,-0.0538663705481912,xgb,0.0,0.0,0,0.05668293349535473
2025-09-29,BBDC4,0.006162821679943776,0.0072251334786415,0.0400627925502888,xgb,0.0,0.0,0,0.028009188084129083
2025-09-29,ITUB4,0.015685261379046165,0.0166501309722661,-0.0101465320349265,xgb,0.6,0.010087734123202933,1,0.016812890205338223
2025-09-29,VALE3,0.009445268838188204,0.0110733900219202,0.0824035063431598,xgb,0.0,0.0,0,0.05133245649434722
2025-09-30,ABEV3,-0.011945262431301595,-0.0082800732925534,-0.0049751298091714,xgb,-0.9230769230769231,-0.03320823542384682,4,0.035975588375834054
2025-09-30,BBAS3,0.02587732943029068,0.0303379148244857,-0.0401808396690054,xgb,0.0,0.0,2,0.05958979610288178
2025-09-30,BBDC4,0.009341946481780394,0.0109522575512528,0.0635436886300984,xgb,0.0,0.0,0,0.029593032082489274
2025-09-30,ITUB4,0.010456297141142398,0.012258693575859,0.0073388322706708,xgb,0.0,0.0,0,0.016409376668682057
2025-09-30,VALE3,0.008478201292403379,0.0099396249279379,0.0951838479394121,xgb,0.0,0.0,1,0.05349108064115789
2025-10-01,ABEV3,0.00036674531165507265,0.0004299627617001,0.0488299198500415,xgb,0.0,0.0,1,0.03253319865757499
2025-10-01,BBAS3,0.018055173904834507,0.0303379148244857,-0.0137744255644382,xgb,-0.8923627977252511,-0.05320106378503607,5,0.05961820004223899
2025-10-01,BBDC4,0.010025530095337257,0.0084471460431814,0.0411082593453947,xgb,0.6,0.01918225740254425,1,0.031970429004240415
2025-10-01,ITUB4,0.011537889533398066,0.0135267246514558,0.0242154671900838,xgb,0.0,0.0,1,0.015633547474636793
2025-10-01,VALE3,0.013521213194723143,0.0099396249279379,0.0901363472579212,xgb,0.6,0.034299189911384885,1,0.05716531651897481
2025-10-02,ABEV3,-0.00084105363299978,-0.0009860296268016,0.0633327870266306,xgb,0.0,0.0,0,0.031850999656067164
2025-10-02,BBAS3,0.02587732943029068,0.0303379148244857,0.0064130440793462,xgb,0.0,0.0,1,0.055229495454028055
2025-10-02,BBDC4,0.01686702892525189,0.0197744704782962,0.0607274697142654,xgb,0.0,0.0,0,0.03438794967902653
2025-10-02,ITUB4,0.013807285871336073,0.0161873064935207,0.0390384217315575,xgb,0.0,0.0,0,0.01585442497246458
2025-10-02,VALE3,-0.005325795507467721,-0.012586124241352,0.1059396389862222,xgb,0.6,0.03679376993419649,1,0.06132294989032749
2025-10-03,ABEV3,-0.003705194990338222,-0.0043438752181828,0.0839880315281894,xgb,0.0,0.0,0,0.03216499247736755
2025-10-03,BBAS3,0.02587732943029068,0.0303379148244857,0.022905285987102,xgb,0.0,0.0,0,0.05095591074892227
2025-10-03,BBDC4,0.00903546519658746,0.0105929467827081,0.0710960700043808,xgb,0.0,0.0,0,0.037066871358570556
2025-10-03,ITUB4,0.011537889533398066,0.0135267246514558,0.0482276252473857,xgb,0.0,0.0,0,0.0185029716066331
2025-10-03,VALE3,-0.0030283288267679486,-0.012586124241352,0.1091933782365813,xgb,0.8,0.05241959979990676,2,0.06552449974988345
2025-10-06,ABEV3,-0.0012833823317942778,-0.0051044262945652,0.1048540678050297,xgb,0.6,0.02088375598169397,1,0.03480625996948995
2025-10-06,BBAS3,0.02587732943029068,0.0303379148244857,0.0393825111574805,xgb,0.0,0.0,0,0.048664709684309866
2025-10-06,BBDC4,0.003111044770571474,0.0036473087966442,0.0801712394355886,xgb,0.0,0.0,0,0.0403241988687628
2025-10-06,ITUB4,0.012011959339096687,0.0140825118869543,0.0568114533969906,xgb,0.0,0.0,0,0.020938701569153718
2025-10-06,VALE3,-0.004354706450691362,-0.012586124241352,0.0810362506484122,xgb,0.6148634005909716,0.0433984674095125,5,0.07058229090851785
2025-10-07,ABEV3,0.006580975156536202,0.0077153658494353,0.1182574048533299,xgb,0.0,0.0,0,0.03813039710218814
2025-10-07,BBAS3,0.021819410408492612,0.0303379148244857,0.0639197627378574,xgb,-0.6,-0.02759924780460052,1,0.045998746341000867
2025-10-07,BBDC4,-0.003979447072272568,-0.0046654012985527,0.1177533596713231,xgb,0.0,0.0,0,0.0432340828324696
2025-10-07,ITUB4,0.016732608577176167,0.0196168795228004,0.077069956308737,xgb,0.0,0.0,0,0.024175776281270378
2025-10-07,VALE3,-0.012849135355118634,-0.0150639954954385,0.1122643443166687,xgb,0.0,0.0,2,0.07256209670543971
2025-10-08,ABEV3,-0.0036933903525323475,-0.004330035764724,0.0962280230511985,xgb,0.0,0.0,0,0.04291060794414718
2025-10-08,BBAS3,0.029890301867083732,0.0303379148244857,0.0791680150080326,xgb,0.6,0.027293551231834946,1,0.045489252053058246
2025-10-08,BBDC4,0.005841271607769708,0.0068481564521789,0.097467172714433,xgb,0.0,0.0,0,0.050448571638317515
2025-10-08,ITUB4,0.013807285871336073,0.0161873064935207,0.0751884141038326,xgb,0.0,0.0,0,0.027677473196145875
2025-10-08,VALE3,-0.013361979344619619,-0.0156652405858039,0.1011286003371342,xgb,0.0,0.0,0,0.0775564546067297
2025-10-09,ABEV3,-0.00017782940127779873,-0.0002084826119244,0.1128409165634096,xgb,0.0,0.0,0,0.04892309764507858
2025-10-09,BBAS3,0.02587732943029068,0.0303379148244857,0.0771707585271893,xgb,0.0,0.0,0,0.04715635328988145
2025-10-09,BBDC4,0.0015364212738427439,0.0018012607470154,0.0932521219986102,xgb,0.0,0.0,0,0.05499246093537376
2025-10-09,ITUB4,0.019002006503894456,0.0222774632275104,0.0777971013891905,xgb,0.0,0.0,0,0.031200069877792457
2025-10-09,VALE3,-0.013361979344619619,-0.0156652405858039,0.0915967348613546,xgb,0.0,0.0,0,0.0818209936207035
2025-10-10,ABEV3,-0.005387676414104001,-0.0063163731247186,0.1097539003697461,xgb,0.0,0.0,0,0.055893501988461214
2025-10-10,BBAS3,0.021483753128143625,0.0303379148244857,0.1001065765759165,xgb,-0.6,-0.02988216385295113,1,0.04980360642158522
2025-10-10,BBDC4,-0.0038277010747657285,-0.0044874981977045,0.1253240117978208,xgb,0.0,0.0,0,0.05917569919042202
2025-10-10,ITUB4,0.013807285871336073,0.0161873064935207,0.0855725793825514,xgb,0.0,0.0,0,0.035233994868088044
2025-10-10,VALE3,-0.005353199245812109,-0.012586124241352,0.1022812680019544,xgb,0.43179269316669977,0.03660738805686566,3,0.08478000817566604
2025-10-13,ABEV3,-0.005992941343820973,-0.0070259701460599,0.1361628954919752,xgb,0.0,0.0,0,0.06291939277538568
2025-10-13,BBAS3,0.02587732943029068,0.0303379148244857,0.1169313697825911,xgb,0.0,0.0,0,0.05365809149191033
2025-10-13,BBDC4,0.00511709362032744,0.0059991488233208,0.1424390454883529,xgb,0.0,0.0,0,0.06672895135277199
2025-10-13,ITUB4,0.014281355677034608,0.0167430937290191,0.1006458723905303,xgb,0.0,0.0,0,0.040179340285714744
2025-10-13,VALE3,-0.010735585656703232,-0.012586124241352,0.0848332854294348,xgb,0.0,0.0,0,0.08871818544961137
2025-10-14,ABEV3,-0.003221061452873561,-0.0037762895226478,0.1224745774756941,xgb,0.0,0.0,0,0.07037384715034703
2025-10-14,BBAS3,0.02587732943029068,0.0303379148244857,0.0966267605300993,xgb,0.0,0.0,0,0.05720435777828533
2025-10-14,BBDC4,-0.004407800518543846,-0.0051675918512046,0.1257857301780517,xgb,0.0,0.0,0,0.07586588118095752
2025-10-14,ITUB4,0.019002006503894456,0.0222774632275104,0.0732956913911346,xgb,0.0,0.0,0,0.04566018911489015
2025-10-14,VALE3,-0.010735585656703232,-0.012586124241352,0.0958425531420365,xgb,0.0,0.0,3,0.08974484660506431
2025-10-15,ABEV3,-0.003939419737989764,-0.0046184742823243,0.1282003485212605,xgb,0.0,0.0,0,0.07760593875664933
2025-10-15,BBAS3,0.018193714452224608,0.0303379148244857,0.1019096158677331,xgb,-0.8823529411764706,-0.05225880375523632,3,0.0592266442559345
2025-10-15,BBDC4,-0.021040589602731134,-0.0246674455702304,0.1162533797292286,xgb,0.0,0.0,0,0.08249205045211638
2025-10-15,ITUB4,0.019002006503894456,0.0222774632275104,0.0772602270090146,xgb,0.0,0.0,0,0.04960835644901659
2025-10-15,VALE3,-0.0026223041992958964,-0.012586124241352,0.0760660402356261,xgb,0.6,0.0551811074219604,1,0.091968512369934
2025-10-16,ABEV3,-0.003571900690316893,-0.0041876044124364,0.1193364129351737,xgb,0.0,0.0,0,0.08472796049404943
2025-10-16,BBAS3,0.019218933307653705,0.0303379148244857,0.0967819557507702,xgb,-0.7278765028111818,-0.04528595163745332,3,0.06221653187395298
2025-10-16,BBDC4,-0.027307654337280385,-0.0320147909224033,0.104285402077344,xgb,0.0,0.0,0,0.08747425319128517
2025-10-16,ITUB4,0.019002006503894456,0.0222774632275104,0.0836151557411495,xgb,0.0,0.0,0,0.05431898217406889
2025-10-16,VALE3,-0.006509789015861707,-0.0156652405858039,0.079200363249673,xgb,0.5,0.046604010053379434,2,0.09320802010675887
2025-10-17,ABEV3,-0.003221061452873561,-0.0037762895226478,0.1064915962525382,xgb,0.0,0.0,0,0.09145239166418076
2025-10-17,BBAS3,0.02110338267031978,0.0303379148244857,0.0737661432322384,xgb,-0.5,-0.03246918899234832,2,0.06493837798469664
2025-10-17,BBDC4,-0.02178796457729115,-0.0255436487495899,0.0897408223074705,xgb,0.0,0.0,1,0.09137641023822721
2025-10-17,ITUB4,0.019002006503894456,0.0222774632275104,0.0727245791493055,xgb,0.0,0.0,0,0.05973023782769681
2025-10-17,VALE3,-0.013361979344619619,-0.0156652405858039,0.0812572749606599,xgb,0.0,0.0,0,0.09336472564182793
2025-10-20,ABEV3,-0.003571900690316893,-0.0041876044124364,0.1058458170870398,xgb,0.0,0.0,0,0.09683757225238489
2025-10-20,BBAS3,0.020023199115024277,0.0303379148244857,0.0520632145640645,xgb,-0.6,-0.039815874191562864,1,0.06635979031927144
2025-10-20,BBDC4,-0.021683772363656057,-0.0254214964807033,0.0592712727905719,xgb,0.0,0.0,0,0.09492484093516876
2025-10-20,ITUB4,0.019002006503894456,0.0222774632275104,0.0500360872283538,xgb,0.0,0.0,0,0.06420009833586675
2025-10-20,VALE3,-0.006504287749122019,-0.0156652405858039,0.0654616089931946,xgb,0.5,0.04664142598582468,2,0.09328285197164936
2025-10-21,ABEV3,-0.0032420921380197794,-0.0038009453564882,0.0929266798194123,xgb,0.0,0.0,0,0.10404262134366118
2025-10-21,BBAS3,0.03459645381894061,0.0303379148244857,0.0493927155349485,xgb,0.8823529411764706,0.05930164533812138,3,0.06720853138320423
2025-10-21,BBDC4,-0.0177247828240278,-0.0207800790667533,0.0626843228993693,xgb,0.0,0.0,0,0.0946196683752026
2025-10-21,ITUB4,0.024703238247583168,0.0289614405483007,0.0532608826321575,xgb,0.0,0.0,0,0.06724990226141551
2025-10-21,VALE3,-0.004426488766515186,-0.0156652405858039,0.0660278816120956,xgb,0.6666666666666666,0.06077322326937494,4,0.09115983490406242
2025-10-22,ABEV3,-0.003571900690316893,-0.0041876044124364,0.1208162627625607,xgb,0.0,0.0,0,0.10719238991290196
2025-10-22,BBAS3,0.02144897461511302,0.0303379148244857,0.0613920229651545,xgb,-0.43179269316669977,-0.030118704009186644,3,0.06975269495252641
2025-10-22,BBDC4,-0.022652369110502515,-0.0265570543706417,0.0557224118605186,xgb,0.0,0.0,0,0.09616081577191506
2025-10-22,ITUB4,0.019002006503894456,0.0222774632275104,0.0481000279300023,xgb,0.0,0.0,0,0.06932457479299223
2025-10-22,VALE3,-0.000643447993323611,-0.0156652405858039,0.0516487923974429,xgb,0.967185370270792,0.08650293329891567,9,0.08943780164364627
2025-10-23,ABEV3,-0.003571900690316893,-0.0041876044124364,0.127635370946671,xgb,0.0,0.0,0,0.1112983524654684
2025-10-23,BBAS3,0.020460759357143986,0.0303379148244857,0.0560278928445156,xgb,-0.5,-0.03683988243647064,2,0.07367976487294128
2025-10-23,BBDC4,-0.03598319882809366,-0.0421857759356498,0.0456309189703987,xgb,0.0,0.0,0,0.09580331163950458
2025-10-23,ITUB4,0.02147296504639214,0.0251743514090776,0.0451277110020371,xgb,0.0,0.0,0,0.06997183237859542
2025-10-23,VALE3,-0.0032980795349746,-0.0156652405858039,0.0525150518362885,xgb,0.8,0.06844790722412963,2,0.08555988403016204
2025-10-24,ABEV3,-0.003571900690316893,-0.0041876044124364,0.1262797505987562,xgb,0.0,0.0,0,0.11441601956678851
2025-10-24,BBAS3,0.02587732943029068,0.0303379148244857,0.0682778464448022,xgb,0.0,0.0,0,0.07604566536275655
2025-10-24,BBDC4,-0.02792122541053022,-0.0327341258525848,0.0480314850978127,xgb,0.0,0.0,0,0.09398437227993442
2025-10-24,ITUB4,0.024703238247583168,0.0289614405483007,0.0486992993876004,xgb,0.0,0.0,0,0.06975040993249909
2025-10-24,VALE3,-0.00377427482934695,-0.0156652405858039,0.0608056419381216,xgb,0.8,0.0652091457155415,2,0.08151143214442687
2025-10-27,ABEV3,-0.003571900690316893,-0.0041876044124364,0.1178744776162768,xgb,0.0,0.0,0,0.11594642548062613
2025-10-27,BBAS3,0.018815954259188045,0.0303379148244857,0.0636388175155236,xgb,-0.6148634005909716,-0.04802674527057461,5,0.07810961788327951
2025-10-27,BBDC4,-0.020112277969775133,-0.023579116910696,0.0694051317014718,xgb,0.0,0.0,0,0.09168867554152185
2025-10-27,ITUB4,0.024703238247583168,0.0289614405483007,0.0635997029115649,xgb,0.0,0.0,0,0.06917097036039979
2025-10-27,VALE3,-0.020425278834616103,-0.0156652405858039,0.0767688314363173,xgb,-0.6,-0.048039833199072235,1,0.08006638866512039
2025-10-28,ABEV3,-0.005042025338808039,-0.0059111407026648,0.1314511017281599,xgb,0.0,0.0,0,0.11591907353512232
2025-10-28,BBAS3,0.02587732943029068,0.0303379148244857,0.0556730575130737,xgb,0.0,0.0,2,0.07808955036739852
2025-10-28,BBDC4,-0.0847892720613339,-0.0994047597050666,0.066805276765611,xgb,0.0,0.0,0,0.08823523068653248
2025-10-28,ITUB4,0.023345797049167713,0.027370011433959,0.0567826231461684,xgb,0.0,0.0,0,0.06820880940345893
2025-10-28,VALE3,-0.0065223473119892005,-0.0156652405858039,0.064287339439164,xgb,0.6,0.04651859693277146,1,0.07753099488795244
2025-10-29,ABEV3,-0.011451594930110724,-0.0134255550801754,0.141603412057849,xgb,0.0,0.0,0,0.11843500772633386
2025-10-29,BBAS3,0.02587732943029068,0.0303379148244857,0.0572370139900418,xgb,0.0,0.0,1,0.07641133911775862
2025-10-29,BBDC4,-0.08534815971797181,-0.1089591607451438,0.043659972429014,xgb,0.6,0.05162705715696997,1,0.08604509526161662
2025-10-29,ITUB4,0.020094815685236207,0.0235586445778608,0.0572668650582051,xgb,0.0,0.0,0,0.06689411004934005
2025-10-29,VALE3,-0.012849135355118634,-0.0150639954954385,0.0622858722992482,xgb,0.0,0.0,0,0.07489947625238312
2025-10-30,ABEV3,-0.014714924393929664,-0.0082833738997578,0.1068685418064401,xgb,-0.43179269316669977,-0.052026473479353956,3,0.1204894716902224
2025-10-30,BBAS3,0.02587732943029068,0.0303379148244857,0.0287100492392851,xgb,0.0,0.0,0,0.07498750022224808
2025-10-30,BBDC4,-0.12255286285249975,-0.1323007345199585,0.0678145991494248,xgb,-0.8,-0.06600223909103066,2,0.08250279886378832
2025-10-30,ITUB4,0.018206960175718767,0.0213453713804483,0.0507637971045852,xgb,0.0,0.0,0,0.06542766459712682
2025-10-30,VALE3,-0.0031886289428806006,-0.0150639954954385,0.0624205014670857,xgb,0.9024590962492739,0.06570429546697783,7,0.07280584321223267
2025-10-31,ABEV3,-0.007065468949939211,-0.0082833738997578,0.096668309028399,xgb,0.0,0.0,0,0.12028337464998626
2025-10-31,BBAS3,0.03204268926404744,0.0303379148244857,0.0329282681024255,xgb,0.6,0.04193264896177892,1,0.06988774826963154
2025-10-31,BBDC4,-0.11383128030836717,-0.1334528625011444,0.0752575609738499,xgb,0.0,0.0,0,0.07839498367461718
2025-10-31,ITUB4,0.018206960175718767,0.0213453713804483,0.0689848584918747,xgb,0.0,0.0,0,0.06294132300584351
2025-10-31,VALE3,-0.0003123911903608785,-0.0117723755538463,0.0481624252538922,xgb,0.9458554171370951,0.06617076391879266,9,0.06995864560259919
2025-11-03,ABEV3,-0.010271151009278397,-0.0120416330173611,0.0917123850803745,xgb,0.0,0.0,0,0.11746233275973081
2025-11-03,BBAS3,0.017019589487403237,0.0282127521932125,0.0187655699740225,xgb,-0.75,-0.047915645040786214,6,0.06388752672104829
2025-11-03,BBDC4,-0.06257468501393428,-0.0733609497547149,0.0362795942698866,xgb,0.0,0.0,0,0.07359630620929554
2025-11-03,ITUB4,0.0197058345985593,0.0231026131659746,0.0524405700886775,xgb,0.0,0.0,0,0.060679822013082405
2025-11-03,VALE3,-0.002120761689425852,-0.0117723755538463,0.0785467417417408,xgb,0.8,0.05387143875776264,2,0.0673392984472033
2025-11-04,ABEV3,-0.015513170426466601,-0.018187241628766,0.0582975767452171,xgb,0.0,0.0,0,0.11526503330292227
2025-11-04,BBAS3,0.02587732943029068,0.0303379148244857,0.0274735686738438,xgb,0.0,0.0,3,0.05832601310989994
2025-11-04,BBDC4,-0.05511414756550748,-0.0646144077181816,0.0471799613189644,xgb,0.0,0.0,0,0.06720301078728375
2025-11-04,ITUB4,0.02689390536902063,0.0254080053418874,0.0797732730450191,xgb,0.6,0.035514102294886996,1,0.05919017049147833
2025-11-04,VALE3,-0.007670163783125329,-0.0150639954954385,0.107030358798692,xgb,0.5328566909487085,0.03522389653923893,7,0.06610388334718217
2025-11-05,ABEV3,-0.01240995675411119,-0.0145491138100624,0.0321042291905531,xgb,0.0,0.0,0,0.11027197817606202
2025-11-05,BBAS3,0.017829478535534335,0.0282127521932125,-0.0610096946289225,xgb,-0.8,-0.042407322076840566,2,0.053009152596050706
2025-11-05,BBDC4,-0.06571004130102065,-0.0770367607474327,-0.0353274630647949,xgb,0.0,0.0,0,0.06226919518655059
2025-11-05,ITUB4,0.01966412593749881,0.023053715005517,0.0281932372845161,xgb,0.0,0.0,0,0.05936967377976436
2025-11-05,VALE3,0.0006570478367625013,-0.0086503773927688,0.06607776981289,xgb,0.8,0.05465249630992093,2,0.06831562038740116
2025-11-06,ABEV3,-0.009714973830835822,-0.011389585211873,0.0404549159692238,xgb,0.0,0.0,0,0.10404110790858911
2025-11-06,BBAS3,0.02406462958521053,0.0282127521932125,-0.0514251290282379,xgb,0.0,0.0,1,0.05045399108734731
2025-11-06,BBDC4,-0.06115273297925106,-0.0716938897967338,-0.0239119721760557,xgb,0.0,0.0,0,0.05734362811422566
2025-11-06,ITUB4,0.01892031141964442,0.0221816860139369,0.0330287409565964,xgb,0.0,0.0,0,0.05541096531857626
2025-11-06,VALE3,-0.00424218579790343,-0.0119419991970062,0.0627238143103544,xgb,0.6,0.04042697537086428,1,0.06737829228477381
2025-11-07,ABEV3,-0.01248300490144883,-0.0146347535774111,0.0388688848422406,xgb,0.0,0.0,0,0.09932420217406666
2025-11-07,BBAS3,0.02406462958521053,0.0282127521932125,-0.057842227511286,xgb,0.0,0.0,1,0.04885820435849012
2025-11-07,BBDC4,-0.06340974795212563,-0.0743399560451507,-0.0382181127903057,xgb,0.0,0.0,0,0.05264156739055316
2025-11-07,ITUB4,0.02058090779164494,0.0241285264492034,0.0298594562240008,xgb,0.0,0.0,0,0.05257554830481132
2025-11-07,VALE3,-0.002032388980779974,-0.0125432442873716,0.0743505897399174,xgb,0.8923627977252511,0.05894455492365921,5,0.06605447366689485
2025-11-10,ABEV3,0.00017959491746898613,-0.0095672188326716,0.0313692320712787,xgb,0.6,0.05672408135109146,1,0.09454013558515244
2025-11-10,BBAS3,0.018791661685273707,0.0282127521932125,-0.0479195099000011,xgb,-0.7278765028111818,-0.03586319661735784,3,0.04927099099757737
2025-11-10,BBDC4,-0.06446868274818351,-0.0755814239382743,-0.0391202620952742,xgb,0.0,0.0,0,0.05113777024767701
2025-11-10,ITUB4,0.023316992461897112,0.0273362416774034,0.0309997705544125,xgb,0.0,0.0,0,0.05113436037592896
2025-11-10,VALE3,-0.005796337086695315,-0.0125432442873716,0.0859116704933132,xgb,0.5,0.03334470043154466,2,0.06668940086308932
2025-11-11,ABEV3,-0.013042339780784968,-0.0152905033901333,0.0138839976292298,xgb,0.0,0.0,0,0.09014317503171432
2025-11-11,BBAS3,0.028401936507837316,0.0282127521932125,-0.079149467034265,xgb,0.6,0.029499457214191536,1,0.04916576202365256
2025-11-11,BBDC4,-0.06433680762618654,-0.0754268169403076,-0.0489897747092048,xgb,0.0,0.0,0,0.0494546230473845
2025-11-11,ITUB4,0.009115392762727279,0.0106866518035531,0.0111346157539845,xgb,0.0,0.0,0,0.04954428094180432
2025-11-11,VALE3,-0.010699010344868982,-0.0125432442873716,0.1016635895855885,xgb,0.0,0.0,2,0.06810967149746201
2025-11-12,ABEV3,-0.012671976816332592,-0.0148562993854284,0.0303711456427438,xgb,0.0,0.0,0,0.08250515609361926
2025-11-12,BBAS3,0.02260992159579304,0.0303379148244857,-0.0441781068179031,xgb,-0.4406284171217337,-0.02222272007365872,19,0.05043415088573188
2025-11-12,BBDC4,-0.06352086089285117,-0.0744702219963073,-0.0399694771858918,xgb,0.0,0.0,0,0.04897372039371923
2025-11-12,ITUB4,0.0074547963907267605,0.0087398113682866,0.0430450893956586,xgb,0.0,0.0,0,0.04690389435780305
2025-11-12,VALE3,-0.004375351297692404,-0.0125432442873716,0.0934533449338132,xgb,0.6,0.04300929420654059,1,0.07168215701090098
2025-11-13,ABEV3,-0.01488683985843627,-0.017452947795391,0.0465866910201633,xgb,0.0,0.0,0,0.07555771142905301
2025-11-13,BBAS3,0.01954915938943036,0.0303379148244857,-0.0167482215793946,xgb,-0.8679560118997912,-0.043039974964794704,21,0.0495877375981167
2025-11-13,BBDC4,-0.06833266004688765,-0.08011145144701,-0.028187412255932,xgb,0.0,0.0,0,0.04856933169482588
2025-11-13,ITUB4,0.014108302546605266,0.0165402106940746,0.0540585363211796,xgb,0.0,0.0,0,0.046755135671633155
2025-11-13,VALE3,-0.010699010344868982,-0.0125432442873716,0.1009258085561221,xgb,0.0,0.0,0,0.07460632080358132
2025-11-14,ABEV3,-0.014334196921824027,-0.0168050434440374,0.0337555190952506,xgb,0.0,0.0,0,0.06986535003058211
2025-11-14,BBAS3,0.02182749967002285,0.0303379148244857,-0.0278020194509094,xgb,-0.6,-0.027544230064638266,1,0.04590705010773045
2025-11-14,BBDC4,-0.048686428542175864,-0.0570787154138088,-0.0555431004623797,xgb,0.0,0.0,0,0.047151897920405826
2025-11-14,ITUB4,0.009115392762727279,0.0106866518035531,0.0240036869812569,xgb,0.0,0.0,0,0.047137938309745955
2025-11-14,VALE3,-0.015049878078899206,-0.0125432442873716,0.1107949750188918,xgb,-0.3819660112501051,-0.029591688772373063,4,0.07747204699058134
2025-11-17,ABEV3,-0.01540241178375329,-0.0180573910474777,0.0187191326498626,xgb,0.0,0.0,0,0.06385685299336595
2025-11-17,BBAS3,0.02831173363271959,0.0303379148244857,-0.0378693252029451,xgb,0.3819660112501051,0.016557187188428777,4,0.04334727881740085
2025-11-17,BBDC4,-0.04916487702644681,-0.0576396360993385,-0.0559946900968495,xgb,0.0,0.0,0,0.04616175283189925
2025-11-17,ITUB4,0.006194624295685312,0.0072624180465936,0.0224793288665362,xgb,0.0,0.0,0,0.044309651457581097
2025-11-17,VALE3,-0.010699010344868982,-0.0125432442873716,0.1241814803573063,xgb,0.0,0.0,3,0.07990248581790811
2025-11-18,ABEV3,-0.01711855191587398,-0.0200693495571613,0.0130154325679351,xgb,0.0,0.0,0,0.055804569487773285
2025-11-18,BBAS3,0.021753079077162448,0.0303379148244857,-0.0080725355334136,xgb,-0.6666666666666666,-0.02805038910159445,4,0.042075583652391675
2025-11-18,BBDC4,-0.04784064133679884,-0.0560871362686157,-0.0396443060746706,xgb,0.0,0.0,0,0.04538956806984486
2025-11-18,ITUB4,0.007459277545630045,0.00874506495893,0.0325735780358864,xgb,0.0,0.0,0,0.04185941615189309
2025-11-18,VALE3,-0.010699010344868982,-0.0125432442873716,0.1298147388340582,xgb,0.0,0.0,0,0.08418063874063256
2025-11-19,ABEV3,-0.016113192381115072,-0.0188906919211149,0.1002754024252151,xgb,0.0,0.0,0,0.046619713809922296
2025-11-19,BBAS3,0.03124996198941656,0.0303379148244857,-0.0012384260909684,xgb,0.9475470659917884,0.03654104888881617,11,0.03856383519120394
2025-11-19,BBDC4,-0.05482988934509379,-0.0642811506986618,-0.0204100264713861,xgb,0.0,0.0,0,0.04510273475882033
2025-11-19,ITUB4,0.018765305244913152,0.0219999607652425,0.047976142040946,xgb,0.0,0.0,0,0.04009560993601318
2025-11-19,VALE3,-0.0011738129260561447,-0.0125432442873716,0.1379740796815581,xgb,0.7278765028111818,0.0647840143032403,3,0.0890041292074047
2025-11-21,ABEV3,-0.018861416921821365,-0.0221126396209001,0.0726154645384521,xgb,0.0,0.0,0,0.046148775282691935
2025-11-21,BBAS3,0.028568095391236253,0.0303379148244857,-0.0270653305513855,xgb,0.5,0.0183007881974478,2,0.0366015763948956
2025-11-21,BBDC4,-0.05947555291823065,-0.0697276070713996,-0.028726771822739,xgb,0.0,0.0,0,0.041716693853246146
2025-11-21,ITUB4,0.018765305244913152,0.0219999607652425,0.0469911072929762,xgb,0.0,0.0,0,0.039896491717181806
2025-11-21,VALE3,-0.013361979344619619,-0.0156652405858039,0.1635438751744056,xgb,0.0,0.0,0,0.09440081336558129
2025-11-24,ABEV3,-0.020588354405022654,-0.0241372566670179,0.0879896208777804,xgb,0.0,0.0,0,0.04443071496198144
2025-11-24,BBAS3,0.02587732943029068,0.0303379148244857,0.0011407994256709,xgb,0.0,0.0,2,0.03618279514124989
2025-11-24,BBDC4,-0.06143304466934042,-0.0720225200057029,-0.0199816963361484,xgb,0.0,0.0,0,0.038393066056738215
2025-11-24,ITUB4,0.018765305244913152,0.0219999607652425,0.0670278226496093,xgb,0.0,0.0,0,0.038325509488689055
2025-11-24,VALE3,-0.013361979344619619,-0.0156652405858039,0.1643445761377295,xgb,0.0,0.0,0,0.10264234550276083
2025-11-25,ABEV3,-0.020588354405022654,-0.0241372566670179,0.1085603536245677,xgb,0.0,0.0,0,0.04416480323322473
2025-11-25,BBAS3,0.02587732943029068,0.0303379148244857,-0.0002068270766251,xgb,0.0,0.0,2,0.03492388295922478
2025-11-25,BBDC4,-0.06214624815669602,-0.0728586614131927,-0.0284721046843788,xgb,0.0,0.0,0,0.03722893049004263
2025-11-25,ITUB4,0.018765305244913152,0.0219999607652425,0.065092969038815,xgb,0.0,0.0,0,0.03936745610018418
2025-11-25,VALE3,-0.006456503806111958,-0.0156652405858039,0.1595530889179382,xgb,0.43179269316669977,0.04696642036770646,3,0.10877076224533146
2025-11-26,ABEV3,-0.018335578298051956,-0.0214961599558591,0.1245415432780157,xgb,0.0,0.0,0,0.047755001581749765
2025-11-26,BBAS3,0.02587732943029068,0.0303379148244857,-0.0174891369470546,xgb,0.0,0.0,0,0.03297625855942344
2025-11-26,BBDC4,-0.06327340517985806,-0.0741801112890243,-0.0532284483215728,xgb,0.0,0.0,0,0.03589265501614366
2025-11-26,ITUB4,0.020161336328613506,0.0236366316676139,0.0387394959787909,xgb,0.0,0.0,0,0.038318862956883894
2025-11-26,VALE3,-0.010699010344868982,-0.0125432442873716,0.1309539706073832,xgb,0.0,0.0,0,0.11252238582527761
2025-11-27,ABEV3,-0.017941471806050477,-0.0210341196507215,0.1201692922671535,xgb,0.0,0.0,0,0.05435766687371139
2025-11-27,BBAS3,0.02939048297588398,0.0303379148244857,-0.0056193396081618,xgb,0.8,0.023894117837146303,2,0.02986764729643288
2025-11-27,BBDC4,-0.05959933797081888,-0.0698727294802665,-0.0464209388923866,xgb,0.0,0.0,0,0.03717129682019922
2025-11-27,ITUB4,0.025230262527383033,0.0236366316676139,0.0485657040700355,xgb,0.8823529411764706,0.034475441602351845,3,0.03907216714933209
2025-11-27,VALE3,0.0029324242590849214,-0.0156652405858039,0.1324948915020947,xgb,0.9459459459459459,0.11082362178029594,5,0.11715640016774141
2025-11-28,ABEV3,-0.020079078816128953,-0.0235401950776577,0.0947495066309371,xgb,0.0,0.0,0,0.06005155089499207
2025-11-28,BBAS3,0.02587732943029068,0.0303379148244857,-0.0305208546710894,xgb,0.0,0.0,0,0.02659580519499887
2025-11-28,BBDC4,-0.05113752256428497,-0.0599523149430751,-0.0534620603458353,xgb,0.0,0.0,0,0.038779080157079995
2025-11-28,ITUB4,0.019509118173987178,0.0228719878941774,0.0244003567066631,xgb,0.0,0.0,0,0.04018195022886345
2025-11-28,VALE3,0.0033135463989027187,-0.0156652405858039,0.1223117649976168,xgb,0.9285714285714286,0.11341575935725286,8,0.12214004853858
2025-12-01,ABEV3,-0.012920443481064355,-0.0239790901541709,0.0883710765970267,xgb,0.8,0.051234419103919175,2,0.06404302387989896
2025-12-01,BBAS3,0.02805139926298102,0.0303379148244857,-0.011948136499528,xgb,0.6,0.014786567138133753,1,0.024644278563556256
2025-12-01,BBDC4,-0.05985924336642932,-0.0701774358749389,0.0033035753992045,xgb,0.0,0.0,0,0.03986793355390354
2025-12-01,ITUB4,0.021317118161750432,0.0208761692047119,0.0466295059228088,xgb,0.6,0.02387520872943217,1,0.039792014549053616
2025-12-01,VALE3,-0.0010540101393527387,-0.0156652405858039,0.1247983230168261,xgb,0.6666666666666666,0.08371056451418186,4,0.1255658467712728
2025-12-02,ABEV3,-0.01614851414527388,-0.0189321022480726,0.0883554038330378,xgb,0.0,0.0,1,0.06811458420316668
2025-12-02,BBAS3,0.02392992558925876,0.0303379148244857,-0.017662488385772,xgb,-0.6,-0.013244936849542048,1,0.022074894749236747
2025-12-02,BBDC4,-0.06154701741464888,-0.0721561387181282,-0.0016667220673773,xgb,0.0,0.0,0,0.03730959878989857
2025-12-02,ITUB4,0.009810792377774236,0.0115019204095005,0.0306220077303617,xgb,0.0,0.0,0,0.040908424218224784
2025-12-02,VALE3,0.0018045184847843738,-0.0156652405858039,0.1535064229764537,xgb,0.8037211879726562,0.10315236200454832,15,0.1283434648086666
2025-12-03,ABEV3,-0.016927041924422938,-0.0198448281735181,0.0776981953425959,xgb,0.0,0.0,0,0.07343397036058154
2025-12-03,BBAS3,0.02817138335155718,0.0303379148244857,-0.0308554139892264,xgb,0.8823529411764706,0.015602618561396312,3,0.01768296770291582
2025-12-03,BBDC4,-0.07989784702726628,-0.0901610478758812,0.0136994487620848,xgb,-0.6,-0.02035762844643224,1,0.03392938074405374
2025-12-03,ITUB4,0.009810792377774236,0.0115019204095005,0.01447652912197,xgb,0.0,0.0,1,0.04230038078796601
2025-12-03,VALE3,0.007935966959926896,-0.0117470864206552,0.1276576742241785,xgb,0.9248548006043826,0.12212386193581458,6,0.13204652433658554
2025-12-04,ABEV3,-0.02490378603300794,-0.0186038874089717,0.0875441056587718,xgb,-0.8,-0.06145157912845678,2,0.07681447391057097
2025-12-04,BBAS3,0.02587732943029068,0.0303379148244857,-0.0426169668096603,xgb,0.0,0.0,0,0.01673134678658177
2025-12-04,BBDC4,-0.07428553393972268,-0.0870904475450515,-0.0175421718050784,xgb,0.0,0.0,0,0.032052950142353244
2025-12-04,ITUB4,0.0070222430036695005,0.0082326969131827,0.0055366908555062,xgb,0.0,0.0,0,0.040259769339845396
2025-12-04,VALE3,0.009843763126299036,-0.0053334664553403,0.1006641543223576,xgb,0.7278765028111818,0.09789188574140499,3,0.13448969071446876
2025-12-05,ABEV3,-0.02131820831017169,-0.0249929185956716,0.1311009597331744,xgb,0.0,0.0,0,0.07974000352761444
2025-12-05,BBAS3,0.023594181730248052,0.0303379148244857,0.0325459788871045,xgb,-0.8358009695564685,-0.015528441747972358,4,0.01857911430302932
2025-12-05,BBDC4,-0.09069636366035821,-0.1063300818204879,0.0450705261241821,xgb,0.0,0.0,0,0.03129257582443513
2025-12-05,ITUB4,0.012566477830881209,0.0147326150909066,0.0508659084789068,xgb,0.0,0.0,0,0.036793923235154444
2025-12-05,VALE3,0.0015419141865160805,-0.0150639954954385,0.1131413824290123,xgb,0.7278765028111818,0.09787828202936084,3,0.13447100112634275
2025-12-08,ABEV3,-0.021670471094785138,-0.0254059024155139,0.1303665024379204,xgb,0.0,0.0,0,0.08669324928746613
2025-12-08,BBAS3,0.027901925219180154,0.0303379148244857,0.0124225299171454,xgb,0.7278765028111818,0.013769944787353605,3,0.01891796854847183
2025-12-08,BBDC4,-0.10647247564163415,-0.1248255893588066,0.0303418415457139,xgb,0.0,0.0,0,0.030544534800278158
2025-12-08,ITUB4,0.011771431502705524,0.0138005232438445,0.0369555452216695,xgb,0.0,0.0,0,0.03871265334212943
2025-12-08,VALE3,0.003177369377480369,-0.0117470864206552,0.1202682392500832,xgb,0.6666666666666666,0.08975906777042471,4,0.13463860165563707
2025-12-09,ABEV3,-0.00882211667942514,-0.0254059024155139,0.1296183083759727,xgb,0.9230769230769231,0.08738590284478574,4,0.09466806141518455
2025-12-09,BBAS3,0.027385887853254107,0.0303379148244857,-0.0135864930444398,xgb,0.6,0.01026020418826311,1,0.01710034031377185
2025-12-09,BBDC4,-0.09012887674918063,-0.105664774775505,0.0321011141612875,xgb,0.0,0.0,0,0.028712188475197045
2025-12-09,ITUB4,0.017241641864410698,0.0147326150909066,0.0309922598618386,xgb,0.8,0.03179733503685402,2,0.03974666879606753
2025-12-09,VALE3,-0.010019911615944161,-0.0117470864206552,0.1278232462861805,xgb,0.0,0.0,0,0.13435908443369254
2025-12-10,ABEV3,-0.026064318754426927,-0.0249929185956716,0.1531890953348509,xgb,-0.31340636818735434,-0.03227986501341313,6,0.10299683825861582
2025-12-10,BBAS3,0.02587732943029068,0.0303379148244857,-0.0046404198305848,xgb,0.0,0.0,1,0.017494194421702292
2025-12-10,BBDC4,-0.10296767708829305,-0.1207166537642479,0.0324682461269728,xgb,0.0,0.0,0,0.028173389052812532
2025-12-10,ITUB4,0.012566477830881209,0.0147326150909066,0.0340708742207964,xgb,0.0,0.0,0,0.03963371749792126
2025-12-10,VALE3,0.008924641128739525,-0.0117470864206552,0.1559369616495498,xgb,0.9600000000000001,0.12884816156734752,6,0.134216834965987
2025-12-11,ABEV3,-0.022096737678101115,-0.0259056463837623,0.1287090801484999,xgb,0.0,0.0,0,0.10677638775216122
2025-12-11,BBAS3,0.024751256976770167,0.0303379148244857,-0.0051127407352327,xgb,-0.43179269316669977,-0.007658790755483348,3,0.017737193974532037
2025-12-11,BBDC4,-0.1143529442486404,-0.1370673477649688,0.0413875641098809,xgb,0.6,0.017420814274069808,1,0.029034690456783013
2025-12-11,ITUB4,0.011771431502705524,0.0138005232438445,0.0433811101796429,xgb,0.0,0.0,0,0.03864048408219628
2025-12-11,VALE3,-0.0014174966696539424,-0.0117470864206552,0.1419080115194516,xgb,0.43179269316669977,0.058507865865559346,3,0.1354998979637007
2025-12-12,ABEV3,-0.021670471094785138,-0.0254059024155139,0.1142813685411093,xgb,0.0,0.0,0,0.11078307458145034
2025-12-12,BBAS3,0.028159586719686373,0.0303379148244857,-0.015324154250959,xgb,0.9600000000000001,0.015522385771014563,6,0.016169151844806835
2025-12-12,BBDC4,-0.11789457963137435,-0.1382165700197219,0.0354649839934268,xgb,0.0,0.0,0,0.029939032763007436
2025-12-12,ITUB4,0.011771431502705524,0.0138005232438445,0.0262426985543647,xgb,0.0,0.0,0,0.038382627145529626
2025-12-12,VALE3,-0.00017224415830142253,-0.0117470864206552,0.1394893698758716,xgb,0.5,0.06697723956560199,2,0.13395447913120398
2025-12-15,ABEV3,-0.011606522269481638,-0.0252591073513031,0.0966223390955473,xgb,0.6,0.06759663393444146,1,0.11266105655740243
2025-12-15,BBAS3,0.02810642386062744,0.0303379148244857,-0.0323204637339656,xgb,0.8823529411764706,0.015160807604154442,3,0.017182248618041702
2025-12-15,BBDC4,-0.11206210351147718,-0.1313787251710891,0.0210984877008808,xgb,0.0,0.0,0,0.031044981881384465
2025-12-15,ITUB4,0.011771431502705524,0.0138005232438445,0.0097488915574887,xgb,0.0,0.0,0,0.03546940399586929
2025-12-15,VALE3,-0.010019911615944161,-0.0117470864206552,0.1294487682718811,xgb,0.0,0.0,2,0.13217910725535698
2025-12-16,ABEV3,-0.010924882380433484,-0.0243717785924673,0.1036407122245719,xgb,0.6,0.06708500474034057,1,0.11180834123390096
2025-12-16,BBAS3,0.027309114007933497,0.0303379148244857,-0.0078611930822402,xgb,0.5,0.009738039903925869,2,0.019476079807851737
2025-12-16,BBDC4,-0.011292930588683818,-0.0132395410910248,0.063152115803202,xgb,0.0,0.0,0,0.030518294953991748
2025-12-16,ITUB4,0.014455720475036684,0.0136879598721861,0.0451666739207001,xgb,0.6,0.018909753362607595,1,0.03151625560434599
2025-12-16,VALE3,0.006897059847379324,-0.0053622350096702,0.1447255490200139,xgb,0.6,0.07801727918266887,1,0.13002879863778147
2025-12-17,ABEV3,-0.02131820831017169,-0.0249929185956716,0.1304906319569788,xgb,0.0,0.0,0,0.11031542473008356
2025-12-17,BBAS3,0.027888055568073656,0.0303379148244857,0.0386851720694694,xgb,0.7278765028111818,0.01367561270832606,3,0.018788369531793563
2025-12-17,BBDC4,-0.014301618981284413,-0.0167668499052524,0.1016508671134575,xgb,0.0,0.0,0,0.031227128345536696
2025-12-17,ITUB4,0.011675418330177342,0.0136879598721861,0.0970117234209531,xgb,0.0,0.0,0,0.031975339743053784
2025-12-17,VALE3,0.013207195970739962,-0.0053622350096702,0.1618774501709899,xgb,0.9230769230769231,0.12093459951702669,4,0.13101248281011224
2025-12-18,ABEV3,-0.02131820831017169,-0.0249929185956716,0.1570266522892353,xgb,0.0,0.0,0,0.11105266327935678
2025-12-18,BBAS3,0.027065135746423018,0.0303379148244857,0.082640301094406,xgb,0.3819660112501051,0.008078663148945757,4,0.02115021470760125
2025-12-18,BBDC4,-0.005171208644436469,-0.0109128067269921,0.1242378904530695,xgb,0.8,0.028137698574776267,2,0.03517212321847033
2025-12-18,ITUB4,0.015843516965975312,0.0136879598721861,0.1251701867897083,xgb,0.8,0.02834861575735261,2,0.03543576969669076
2025-12-18,VALE3,0.013492039003003432,-0.0053622350096702,0.1651168934888753,xgb,0.9230769230769231,0.1228719110776132,4,0.13311123700074762
2025-12-19,ABEV3,-0.020234825362491077,-0.0237227883189916,0.1151020634087213,xgb,0.0,0.0,0,0.11550103082637808
2025-12-19,BBAS3,0.02587732943029068,0.0303379148244857,0.1243946731034223,xgb,0.0,0.0,0,0.02487303230926672
2025-12-19,BBDC4,-0.000475882360266596,-0.0047184275463223,0.1388577002060296,xgb,0.6,0.024136523792820806,1,0.04022753965470134
2025-12-19,ITUB4,0.016690156624340383,0.0136879598721861,0.127331481015741,xgb,0.8,0.034106891762098045,2,0.04263361470262256
2025-12-19,VALE3,0.011442893701196846,-0.0053622350096702,0.1823215388466604,xgb,0.8,0.10893499694295572,2,0.13616874617869465
2025-12-22,ABEV3,-0.009688636291125291,-0.0235018245875835,0.1372402290749854,xgb,0.6,0.07044623221632804,1,0.1174103870272134
2025-12-22,BBAS3,0.027966348291585143,0.0303379148244857,0.1358760573577623,xgb,0.43179269316669977,0.014208107385002285,3,0.03290492778097345
2025-12-22,BBDC4,-0.011265570202727596,-0.0132074644789099,0.1573309338895474,xgb,0.0,0.0,0,0.04990997714090313
2025-12-22,ITUB4,0.011675418330177342,0.0136879598721861,0.1385336593258167,xgb,0.0,0.0,0,0.048398041494974856
2025-12-22,VALE3,0.016175676037841976,-0.0026135984808206,0.1303206974772591,xgb,0.8923627977252511,0.12517846457504986,5,0.1402775473093971
2025-12-23,ABEV3,-0.020234825362491077,-0.0237227883189916,0.0988807425297322,xgb,0.0,0.0,0,0.12090216025878109
2025-12-23,BBAS3,0.03030246172107083,0.0303379148244857,0.1267845442066297,xgb,0.7278765028111818,0.030096786556195226,3,0.04134875413611562
2025-12-23,BBDC4,-0.00393483809273099,-0.0046131028793752,0.1740540937726793,xgb,0.0,0.0,0,0.06102884941391529
2025-12-23,ITUB4,0.011675418330177342,0.0136879598721861,0.1484124325918489,xgb,0.0,0.0,0,0.05610601660893593
2025-12-23,VALE3,0.012017605849803251,-0.0002477271482348,0.1523854513442264,xgb,0.6,0.08317285443567278,1,0.13862142405945463
2025-12-26,ABEV3,-0.019088175593536295,-0.0223784856498241,0.0858566453180303,xgb,0.0,0.0,0,0.12241519934357654
2025-12-26,BBAS3,0.02587732943029068,0.0303379148244857,0.1505482147872859,xgb,0.0,0.0,1,0.04820083486593014
2025-12-26,BBDC4,-0.07920230698731355,-0.0928547456860542,0.188039038695965,xgb,0.0,0.0,0,0.07248275262895776
2025-12-26,ITUB4,0.011675418330177342,0.0136879598721861,0.1703467475828634,xgb,0.0,0.0,0,0.06567286685678443
2025-12-26,VALE3,0.010109301615321763,-0.0002477271482348,0.1734612809290256,xgb,0.5,0.07019384692687189,2,0.14038769385374378
2025-12-29,ABEV3,-0.02154525931746623,-0.0252591073513031,0.0621926086034529,xgb,0.0,0.0,0,0.122294666462095
2025-12-29,BBAS3,0.02587732943029068,0.0303379148244857,0.1604450901553674,xgb,0.0,0.0,1,0.05591020972147483
2025-12-29,BBDC4,-0.015273669736554795,-0.0179064571857452,0.1701844702579479,xgb,0.0,0.0,0,0.08466110026402107
2025-12-29,ITUB4,0.011675418330177342,0.0136879598721861,0.1693117919817439,xgb,0.0,0.0,0,0.07744501376588135
2025-12-29,VALE3,-0.021988462771436186,-0.0026135984808206,0.1922782980695511,xgb,-0.9230769230769231,-0.13438845102587343,4,0.1455874886113629
2025-12-30,ABEV3,-0.021192998121633062,-0.0248461253941059,0.06899292194591,xgb,0.0,0.0,0,0.1173726413814006
2025-12-30,BBAS3,0.020139111419687404,0.0303379148244857,0.1402378565284374,xgb,-0.6,-0.03902751631581044,1,0.06504586052635074
2025-12-30,BBDC4,-0.0036998213380880253,-0.0043375752866268,0.1593464931430888,xgb,0.0,0.0,0,0.09359781055929006
2025-12-30,ITUB4,0.011675418330177342,0.0136879598721861,0.1487341047817999,xgb,0.0,0.0,0,0.08590543401608401
2025-12-30,VALE3,-0.004867752819480122,-0.0057068280875682,0.1585086848141882,xgb,0.0,0.0,0,0.15124012544282994
